ISO-10303-21;
HEADER;
FILE_DESCRIPTION (( 'STEP AP214' ),
    '1' );
FILE_NAME ('User Library-SOIC-8(2).STEP',
    '2010-02-12T08:28:18',
    ( 'sysAdmin' ),
    ( 'SolidWorks' ),
    'SwSTEP 2.0',
    'SolidWorks 2010',
    '' );
FILE_SCHEMA (( 'AUTOMOTIVE_DESIGN' ));
ENDSEC;

DATA;
#1 = VERTEX_POINT ( 'NONE', #878 ) ;
#2 = EDGE_LOOP ( 'NONE', ( #5728, #5729, #5727, #24 ) ) ;
#3 = EDGE_CURVE ( 'NONE', #20, #7, #928, .T. ) ;
#4 = ORIENTED_EDGE ( 'NONE', *, *, #6, .T. ) ;
#5 = ADVANCED_FACE ( 'NONE', ( #926 ), #873, .T. ) ;
#6 = EDGE_CURVE ( 'NONE', #64, #7, #957, .T. ) ;
#7 = VERTEX_POINT ( 'NONE', #955 ) ;
#8 = EDGE_CURVE ( 'NONE', #7, #324, #908, .T. ) ;
#9 = ADVANCED_FACE ( 'NONE', ( #952 ), #954, .F. ) ;
#10 = ADVANCED_FACE ( 'NONE', ( #944 ), #946, .T. ) ;
#11 = ORIENTED_EDGE ( 'NONE', *, *, #17, .F. ) ;
#12 = ORIENTED_EDGE ( 'NONE', *, *, #33, .T. ) ;
#13 = ORIENTED_EDGE ( 'NONE', *, *, #3, .F. ) ;
#14 = EDGE_CURVE ( 'NONE', #278, #69, #1016, .T. ) ;
#15 = ORIENTED_EDGE ( 'NONE', *, *, #282, .T. ) ;
#16 = EDGE_CURVE ( 'NONE', #287, #32, #1010, .T. ) ;
#17 = EDGE_CURVE ( 'NONE', #32, #69, #1004, .T. ) ;
#18 = EDGE_LOOP ( 'NONE', ( #15, #19, #11, #82 ) ) ;
#19 = ORIENTED_EDGE ( 'NONE', *, *, #14, .T. ) ;
#20 = VERTEX_POINT ( 'NONE', #1012 ) ;
#21 = ORIENTED_EDGE ( 'NONE', *, *, #6, .F. ) ;
#22 = ORIENTED_EDGE ( 'NONE', *, *, #90, .F. ) ;
#23 = VERTEX_POINT ( 'NONE', #980 ) ;
#24 = ORIENTED_EDGE ( 'NONE', *, *, #66, .T. ) ;
#25 = EDGE_LOOP ( 'NONE', ( #253, #241, #218, #221 ) ) ;
#26 = ADVANCED_FACE ( 'NONE', ( #966 ), #1031, .T. ) ;
#27 = ORIENTED_EDGE ( 'NONE', *, *, #291, .T. ) ;
#28 = ORIENTED_EDGE ( 'NONE', *, *, #3, .T. ) ;
#29 = EDGE_CURVE ( 'NONE', #32, #1, #1026, .T. ) ;
#30 = VERTEX_POINT ( 'NONE', #1032 ) ;
#31 = EDGE_CURVE ( 'NONE', #69, #324, #1018, .T. ) ;
#32 = VERTEX_POINT ( 'NONE', #1033 ) ;
#33 = EDGE_CURVE ( 'NONE', #324, #1, #1019, .T. ) ;
#34 = ORIENTED_EDGE ( 'NONE', *, *, #31, .T. ) ;
#35 = EDGE_CURVE ( 'NONE', #54, #53, #1058, .T. ) ;
#36 = ORIENTED_EDGE ( 'NONE', *, *, #8, .F. ) ;
#37 = EDGE_CURVE ( 'NONE', #258, #243, #1054, .T. ) ;
#38 = EDGE_CURVE ( 'NONE', #23, #54, #1046, .T. ) ;
#39 = ADVANCED_FACE ( 'NONE', ( #1055 ), #1034, .T. ) ;
#40 = EDGE_CURVE ( 'NONE', #91, #5692, #1085, .T. ) ;
#41 = ADVANCED_FACE ( 'NONE', ( #1056 ), #1075, .F. ) ;
#42 = ORIENTED_EDGE ( 'NONE', *, *, #17, .T. ) ;
#43 = ORIENTED_EDGE ( 'NONE', *, *, #5694, .T. ) ;
#44 = ORIENTED_EDGE ( 'NONE', *, *, #14, .F. ) ;
#45 = EDGE_LOOP ( 'NONE', ( #386, #672, #1240, #1120 ) ) ;
#46 = VERTEX_POINT ( 'NONE', #1087 ) ;
#47 = EDGE_LOOP ( 'NONE', ( #27, #80, #79, #22 ) ) ;
#48 = ORIENTED_EDGE ( 'NONE', *, *, #272, .T. ) ;
#49 = EDGE_CURVE ( 'NONE', #53, #46, #1081, .T. ) ;
#50 = ORIENTED_EDGE ( 'NONE', *, *, #38, .F. ) ;
#51 = EDGE_CURVE ( 'NONE', #23, #46, #1115, .T. ) ;
#52 = ORIENTED_EDGE ( 'NONE', *, *, #35, .F. ) ;
#53 = VERTEX_POINT ( 'NONE', #1106 ) ;
#54 = VERTEX_POINT ( 'NONE', #1105 ) ;
#55 = MANIFOLD_SOLID_BREP ( 'Imported1', #804 ) ;
#56 =( NAMED_UNIT ( * ) SI_UNIT ( $, .STERADIAN. ) SOLID_ANGLE_UNIT ( ) );
#57 = ADVANCED_FACE ( 'NONE', ( #1139 ), #1113, .T. ) ;
#58 = ORIENTED_EDGE ( 'NONE', *, *, #40, .T. ) ;
#59 = ORIENTED_EDGE ( 'NONE', *, *, #51, .T. ) ;
#60 = ORIENTED_EDGE ( 'NONE', *, *, #68, .T. ) ;
#61 = ORIENTED_EDGE ( 'NONE', *, *, #84, .T. ) ;
#62 = ORIENTED_EDGE ( 'NONE', *, *, #5724, .F. ) ;
#63 = EDGE_CURVE ( 'NONE', #91, #32, #1138, .T. ) ;
#64 = VERTEX_POINT ( 'NONE', #1159 ) ;
#65 = VERTEX_POINT ( 'NONE', #1161 ) ;
#66 = EDGE_CURVE ( 'NONE', #64, #91, #1156, .T. ) ;
#67 = ORIENTED_EDGE ( 'NONE', *, *, #68, .F. ) ;
#68 = EDGE_CURVE ( 'NONE', #69, #20, #1149, .T. ) ;
#69 = VERTEX_POINT ( 'NONE', #1140 ) ;
#70 = ORIENTED_EDGE ( 'NONE', *, *, #90, .T. ) ;
#71 = EDGE_LOOP ( 'NONE', ( #76, #75, #74, #58 ) ) ;
#72 = ADVANCED_FACE ( 'NONE', ( #1155 ), #1166, .T. ) ;
#73 = EDGE_LOOP ( 'NONE', ( #61, #77, #4, #13 ) ) ;
#74 = ORIENTED_EDGE ( 'NONE', *, *, #63, .F. ) ;
#75 = ORIENTED_EDGE ( 'NONE', *, *, #16, .T. ) ;
#76 = ORIENTED_EDGE ( 'NONE', *, *, #205, .T. ) ;
#77 = ORIENTED_EDGE ( 'NONE', *, *, #66, .F. ) ;
#78 = EDGE_CURVE ( 'NONE', #159, #170, #1181, .T. ) ;
#79 = ORIENTED_EDGE ( 'NONE', *, *, #84, .F. ) ;
#80 = ORIENTED_EDGE ( 'NONE', *, *, #40, .F. ) ;
#81 = EDGE_LOOP ( 'NONE', ( #48, #70, #67, #44 ) ) ;
#82 = ORIENTED_EDGE ( 'NONE', *, *, #16, .F. ) ;
#83 = ORIENTED_EDGE ( 'NONE', *, *, #115, .F. ) ;
#84 = EDGE_CURVE ( 'NONE', #20, #91, #1174, .T. ) ;
#85 = ORIENTED_EDGE ( 'NONE', *, *, #223, .F. ) ;
#86 = ORIENTED_EDGE ( 'NONE', *, *, #255, .F. ) ;
#87 = ORIENTED_EDGE ( 'NONE', *, *, #3514, .T. ) ;
#88 = ORIENTED_EDGE ( 'NONE', *, *, #186, .F. ) ;
#89 = ORIENTED_EDGE ( 'NONE', *, *, #133, .F. ) ;
#90 = EDGE_CURVE ( 'NONE', #5705, #20, #1182, .T. ) ;
#91 = VERTEX_POINT ( 'NONE', #1135 ) ;
#92 = ADVANCED_FACE ( 'NONE', ( #1222 ), #1175, .T. ) ;
#93 = ORIENTED_EDGE ( 'NONE', *, *, #234, .T. ) ;
#94 = ORIENTED_EDGE ( 'NONE', *, *, #37, .F. ) ;
#95 = ORIENTED_EDGE ( 'NONE', *, *, #259, .F. ) ;
#96 = VERTEX_POINT ( 'NONE', #1225 ) ;
#97 = EDGE_LOOP ( 'NONE', ( #127, #172, #119, #248 ) ) ;
#98 = VERTEX_POINT ( 'NONE', #1219 ) ;
#99 = ORIENTED_EDGE ( 'NONE', *, *, #3514, .F. ) ;
#100 = EDGE_CURVE ( 'NONE', #227, #238, #1261, .T. ) ;
#101 = ADVANCED_FACE ( 'NONE', ( #1263 ), #1262, .F. ) ;
#102 = ADVANCED_FACE ( 'NONE', ( #1282 ), #1268, .F. ) ;
#103 = VERTEX_POINT ( 'NONE', #1308 ) ;
#104 = ORIENTED_EDGE ( 'NONE', *, *, #118, .F. ) ;
#105 = EDGE_LOOP ( 'NONE', ( #4042, #4035, #4040, #350 ) ) ;
#106 = ADVANCED_FACE ( 'NONE', ( #1271, #1269 ), #1270, .T. ) ;
#107 = ORIENTED_EDGE ( 'NONE', *, *, #134, .F. ) ;
#108 = ORIENTED_EDGE ( 'NONE', *, *, #167, .F. ) ;
#109 = EDGE_CURVE ( 'NONE', #148, #103, #1314, .T. ) ;
#110 = ORIENTED_EDGE ( 'NONE', *, *, #173, .F. ) ;
#111 = VERTEX_POINT ( 'NONE', #1319 ) ;
#112 = EDGE_LOOP ( 'NONE', ( #108, #107, #137, #104 ) ) ;
#113 = ORIENTED_EDGE ( 'NONE', *, *, #150, .F. ) ;
#114 = EDGE_LOOP ( 'NONE', ( #342, #4108, #4106, #4111 ) ) ;
#115 = EDGE_CURVE ( 'NONE', #122, #145, #1313, .T. ) ;
#116 = ORIENTED_EDGE ( 'NONE', *, *, #117, .F. ) ;
#117 = EDGE_CURVE ( 'NONE', #619, #216, #1358, .T. ) ;
#118 = EDGE_CURVE ( 'NONE', #153, #164, #1350, .T. ) ;
#119 = ORIENTED_EDGE ( 'NONE', *, *, #169, .T. ) ;
#120 = ORIENTED_EDGE ( 'NONE', *, *, #118, .T. ) ;
#121 = EDGE_CURVE ( 'NONE', #111, #151, #1326, .T. ) ;
#122 = VERTEX_POINT ( 'NONE', #1328 ) ;
#123 = ORIENTED_EDGE ( 'NONE', *, *, #166, .F. ) ;
#124 = EDGE_LOOP ( 'NONE', ( #89, #83, #88, #212 ) ) ;
#125 = ADVANCED_FACE ( 'NONE', ( #1327 ), #1349, .T. ) ;
#126 = EDGE_LOOP ( 'NONE', ( #199, #183, #187, #193 ) ) ;
#127 = ORIENTED_EDGE ( 'NONE', *, *, #78, .F. ) ;
#128 = ORIENTED_EDGE ( 'NONE', *, *, #235, .T. ) ;
#129 = EDGE_CURVE ( 'NONE', #257, #564, #1318, .T. ) ;
#130 = VERTEX_POINT ( 'NONE', #1374 ) ;
#131 = EDGE_CURVE ( 'NONE', #889, #98, #1370, .T. ) ;
#132 = VERTEX_POINT ( 'NONE', #1344 ) ;
#133 = EDGE_CURVE ( 'NONE', #145, #619, #1373, .T. ) ;
#134 = EDGE_CURVE ( 'NONE', #162, #154, #1365, .T. ) ;
#135 = ORIENTED_EDGE ( 'NONE', *, *, #173, .T. ) ;
#136 = EDGE_LOOP ( 'NONE', ( #149, #120 ) ) ;
#137 = ORIENTED_EDGE ( 'NONE', *, *, #184, .T. ) ;
#138 = EDGE_LOOP ( 'NONE', ( #113, #147, #123, #110 ) ) ;
#139 = ORIENTED_EDGE ( 'NONE', *, *, #768, .F. ) ;
#140 = ORIENTED_EDGE ( 'NONE', *, *, #109, .F. ) ;
#141 = ADVANCED_FACE ( 'NONE', ( #1401 ), #1440, .F. ) ;
#142 = EDGE_LOOP ( 'NONE', ( #168, #176 ) ) ;
#143 = EDGE_CURVE ( 'NONE', #130, #132, #1433, .T. ) ;
#144 = EDGE_CURVE ( 'NONE', #900, #98, #1434, .T. ) ;
#145 = VERTEX_POINT ( 'NONE', #1391 ) ;
#146 = ORIENTED_EDGE ( 'NONE', *, *, #144, .F. ) ;
#147 = ORIENTED_EDGE ( 'NONE', *, *, #121, .F. ) ;
#148 = VERTEX_POINT ( 'NONE', #1363 ) ;
#149 = ORIENTED_EDGE ( 'NONE', *, *, #165, .T. ) ;
#150 = EDGE_CURVE ( 'NONE', #151, #148, #1421, .T. ) ;
#151 = VERTEX_POINT ( 'NONE', #1418 ) ;
#152 = ORIENTED_EDGE ( 'NONE', *, *, #165, .F. ) ;
#153 = VERTEX_POINT ( 'NONE', #1400 ) ;
#154 = VERTEX_POINT ( 'NONE', #1427 ) ;
#155 = VERTEX_POINT ( 'NONE', #1415 ) ;
#156 = ORIENTED_EDGE ( 'NONE', *, *, #179, .F. ) ;
#157 = ORIENTED_EDGE ( 'NONE', *, *, #167, .T. ) ;
#158 = EDGE_LOOP ( 'NONE', ( #206, #251, #250, #242 ) ) ;
#159 = VERTEX_POINT ( 'NONE', #995 ) ;
#160 = ADVANCED_FACE ( 'NONE', ( #996 ), #1444, .F. ) ;
#161 = EDGE_CURVE ( 'NONE', #65, #159, #1442, .T. ) ;
#162 = VERTEX_POINT ( 'NONE', #1451 ) ;
#163 = EDGE_LOOP ( 'NONE', ( #156, #157, #152, #201 ) ) ;
#164 = VERTEX_POINT ( 'NONE', #1450 ) ;
#165 = EDGE_CURVE ( 'NONE', #164, #153, #1477, .T. ) ;
#166 = EDGE_CURVE ( 'NONE', #132, #111, #1449, .T. ) ;
#167 = EDGE_CURVE ( 'NONE', #154, #153, #1448, .T. ) ;
#168 = ORIENTED_EDGE ( 'NONE', *, *, #134, .T. ) ;
#169 = EDGE_CURVE ( 'NONE', #65, #155, #1527, .T. ) ;
#170 = VERTEX_POINT ( 'NONE', #1522 ) ;
#171 = ADVANCED_FACE ( 'NONE', ( #1474 ), #1455, .T. ) ;
#173 = EDGE_CURVE ( 'NONE', #148, #132, #1514, .T. ) ;
#172 = ORIENTED_EDGE ( 'NONE', *, *, #161, .F. ) ;
#174 = ADVANCED_FACE ( 'NONE', ( #1551 ), #1498, .T. ) ;
#175 = ORIENTED_EDGE ( 'NONE', *, *, #143, .F. ) ;
#176 = ORIENTED_EDGE ( 'NONE', *, *, #179, .T. ) ;
#177 = MANIFOLD_SOLID_BREP ( 'Imported1', #5733 ) ;
#178 = EDGE_LOOP ( 'NONE', ( #140, #135, #175, #196, #185, #211 ) ) ;
#179 = EDGE_CURVE ( 'NONE', #154, #162, #1534, .T. ) ;
#180 = EDGE_CURVE ( 'NONE', #204, #195, #1572, .T. ) ;
#181 = EDGE_CURVE ( 'NONE', #194, #103, #1561, .T. ) ;
#182 = EDGE_CURVE ( 'NONE', #130, #202, #1619, .T. ) ;
#183 = ORIENTED_EDGE ( 'NONE', *, *, #150, .T. ) ;
#184 = EDGE_CURVE ( 'NONE', #162, #164, #1620, .T. ) ;
#185 = ORIENTED_EDGE ( 'NONE', *, *, #180, .F. ) ;
#186 = EDGE_CURVE ( 'NONE', #564, #122, #1567, .T. ) ;
#187 = ORIENTED_EDGE ( 'NONE', *, *, #109, .T. ) ;
#188 = EDGE_CURVE ( 'NONE', #202, #194, #1608, .T. ) ;
#189 = EDGE_CURVE ( 'NONE', #155, #96, #1597, .T. ) ;
#190 = ORIENTED_EDGE ( 'NONE', *, *, #121, .T. ) ;
#191 = ORIENTED_EDGE ( 'NONE', *, *, #290, .F. ) ;
#192 = ORIENTED_EDGE ( 'NONE', *, *, #261, .F. ) ;
#193 = ORIENTED_EDGE ( 'NONE', *, *, #181, .F. ) ;
#194 = VERTEX_POINT ( 'NONE', #1609 ) ;
#195 = VERTEX_POINT ( 'NONE', #1593 ) ;
#196 = ORIENTED_EDGE ( 'NONE', *, *, #215, .T. ) ;
#197 = ORIENTED_EDGE ( 'NONE', *, *, #305, .T. ) ;
#198 = ORIENTED_EDGE ( 'NONE', *, *, #205, .F. ) ;
#199 = ORIENTED_EDGE ( 'NONE', *, *, #210, .F. ) ;
#200 = EDGE_LOOP ( 'NONE', ( #228, #331, #308, #309 ) ) ;
#201 = ORIENTED_EDGE ( 'NONE', *, *, #184, .F. ) ;
#202 = VERTEX_POINT ( 'NONE', #1566 ) ;
#203 = ADVANCED_FACE ( 'NONE', ( #1589 ), #1585, .T. ) ;
#204 = VERTEX_POINT ( 'NONE', #1605 ) ;
#205 = EDGE_CURVE ( 'NONE', #5692, #287, #1586, .T. ) ;
#206 = ORIENTED_EDGE ( 'NONE', *, *, #189, .F. ) ;
#207 = EDGE_LOOP ( 'NONE', ( #277, #191, #190, #273 ) ) ;
#208 = ADVANCED_FACE ( 'NONE', ( #1633 ), #1588, .T. ) ;
#209 = EDGE_CURVE ( 'NONE', #204, #103, #1649, .T. ) ;
#210 = EDGE_CURVE ( 'NONE', #151, #194, #1643, .T. ) ;
#211 = ORIENTED_EDGE ( 'NONE', *, *, #209, .T. ) ;
#212 = ORIENTED_EDGE ( 'NONE', *, *, #225, .F. ) ;
#213 = EDGE_LOOP ( 'NONE', ( #192, #5717, #5710, #5709 ) ) ;
#214 = EDGE_CURVE ( 'NONE', #240, #65, #1689, .T. ) ;
#215 = EDGE_CURVE ( 'NONE', #130, #195, #1684, .T. ) ;
#216 = VERTEX_POINT ( 'NONE', #1677 ) ;
#217 = ADVANCED_FACE ( 'NONE', ( #1672 ), #1673, .T. ) ;
#218 = ORIENTED_EDGE ( 'NONE', *, *, #37, .T. ) ;
#219 = EDGE_CURVE ( 'NONE', #30, #3762, #1709, .T. ) ;
#220 = ADVANCED_FACE ( 'NONE', ( #1716 ), #1671, .F. ) ;
#221 = ORIENTED_EDGE ( 'NONE', *, *, #256, .F. ) ;
#222 = EDGE_LOOP ( 'NONE', ( #3730, #2812, #128, #116 ) ) ;
#223 = EDGE_CURVE ( 'NONE', #238, #3535, #1711, .T. ) ;
#224 = ADVANCED_FACE ( 'NONE', ( #1736 ), #1741, .T. ) ;
#225 = EDGE_CURVE ( 'NONE', #619, #564, #1782, .T. ) ;
#226 = ORIENTED_EDGE ( 'NONE', *, *, #3513, .F. ) ;
#227 = VERTEX_POINT ( 'NONE', #1779 ) ;
#228 = ORIENTED_EDGE ( 'NONE', *, *, #252, .T. ) ;
#229 = ORIENTED_EDGE ( 'NONE', *, *, #3281, .F. ) ;
#230 = EDGE_LOOP ( 'NONE', ( #94, #233, #87, #232 ) ) ;
#231 = ORIENTED_EDGE ( 'NONE', *, *, #219, .F. ) ;
#232 = ORIENTED_EDGE ( 'NONE', *, *, #254, .F. ) ;
#233 = ORIENTED_EDGE ( 'NONE', *, *, #247, .F. ) ;
#234 = EDGE_CURVE ( 'NONE', #3762, #227, #1774, .T. ) ;
#235 = EDGE_CURVE ( 'NONE', #257, #216, #1772, .T. ) ;
#236 = VERTEX_POINT ( 'NONE', #1735 ) ;
#237 = VERTEX_POINT ( 'NONE', #1769 ) ;
#238 = VERTEX_POINT ( 'NONE', #1768 ) ;
#239 = EDGE_CURVE ( 'NONE', #344, #246, #1764, .T. ) ;
#240 = VERTEX_POINT ( 'NONE', #1761 ) ;
#241 = ORIENTED_EDGE ( 'NONE', *, *, #244, .F. ) ;
#242 = ORIENTED_EDGE ( 'NONE', *, *, #252, .F. ) ;
#243 = VERTEX_POINT ( 'NONE', #1775 ) ;
#244 = EDGE_CURVE ( 'NONE', #258, #257, #1753, .T. ) ;
#245 = EDGE_CURVE ( 'NONE', #246, #240, #1754, .T. ) ;
#246 = VERTEX_POINT ( 'NONE', #1807 ) ;
#247 = EDGE_CURVE ( 'NONE', #237, #258, #1803, .T. ) ;
#248 = ORIENTED_EDGE ( 'NONE', *, *, #270, .F. ) ;
#249 = ADVANCED_FACE ( 'NONE', ( #1755 ), #1718, .T. ) ;
#250 = ORIENTED_EDGE ( 'NONE', *, *, #214, .F. ) ;
#251 = ORIENTED_EDGE ( 'NONE', *, *, #169, .F. ) ;
#252 = EDGE_CURVE ( 'NONE', #96, #240, #1762, .T. ) ;
#253 = ORIENTED_EDGE ( 'NONE', *, *, #235, .F. ) ;
#254 = EDGE_CURVE ( 'NONE', #243, #236, #1839, .T. ) ;
#255 = EDGE_CURVE ( 'NONE', #30, #238, #1832, .T. ) ;
#256 = EDGE_CURVE ( 'NONE', #216, #243, #1833, .T. ) ;
#257 = VERTEX_POINT ( 'NONE', #1840 ) ;
#258 = VERTEX_POINT ( 'NONE', #1828 ) ;
#259 = EDGE_CURVE ( 'NONE', #236, #227, #1817, .T. ) ;
#260 = ORIENTED_EDGE ( 'NONE', *, *, #261, .T. ) ;
#261 = EDGE_CURVE ( 'NONE', #5718, #5722, #1827, .T. ) ;
#262 = ORIENTED_EDGE ( 'NONE', *, *, #166, .T. ) ;
#263 = ORIENTED_EDGE ( 'NONE', *, *, #281, .F. ) ;
#264 = EDGE_LOOP ( 'NONE', ( #280, #275, #286, #263 ) ) ;
#265 = ADVANCED_FACE ( 'NONE', ( #1841 ), #1846, .T. ) ;
#266 = ADVANCED_FACE ( 'NONE', ( #1822 ), #1821, .T. ) ;
#267 = ORIENTED_EDGE ( 'NONE', *, *, #272, .F. ) ;
#268 = EDGE_LOOP ( 'NONE', ( #269, #285, #288, #262 ) ) ;
#269 = ORIENTED_EDGE ( 'NONE', *, *, #290, .T. ) ;
#270 = EDGE_CURVE ( 'NONE', #170, #155, #1892, .T. ) ;
#271 = ORIENTED_EDGE ( 'NONE', *, *, #296, .T. ) ;
#272 = EDGE_CURVE ( 'NONE', #278, #5705, #1886, .T. ) ;
#273 = ORIENTED_EDGE ( 'NONE', *, *, #210, .T. ) ;
#274 = EDGE_LOOP ( 'NONE', ( #5713, #5702, #5699, #5704, #293 ) ) ;
#275 = ORIENTED_EDGE ( 'NONE', *, *, #279, .T. ) ;
#276 = VERTEX_POINT ( 'NONE', #1882 ) ;
#277 = ORIENTED_EDGE ( 'NONE', *, *, #188, .F. ) ;
#278 = VERTEX_POINT ( 'NONE', #1854 ) ;
#279 = EDGE_CURVE ( 'NONE', #276, #278, #1898, .T. ) ;
#280 = ORIENTED_EDGE ( 'NONE', *, *, #5714, .T. ) ;
#281 = EDGE_CURVE ( 'NONE', #5701, #287, #1896, .T. ) ;
#282 = EDGE_CURVE ( 'NONE', #287, #278, #1880, .T. ) ;
#283 = EDGE_LOOP ( 'NONE', ( #197, #297, #198, #43 ) ) ;
#284 = ADVANCED_FACE ( 'NONE', ( #1927 ), #1907, .T. ) ;
#285 = ORIENTED_EDGE ( 'NONE', *, *, #182, .F. ) ;
#286 = ORIENTED_EDGE ( 'NONE', *, *, #282, .F. ) ;
#287 = VERTEX_POINT ( 'NONE', #1928 ) ;
#288 = ORIENTED_EDGE ( 'NONE', *, *, #143, .T. ) ;
#289 = ADVANCED_FACE ( 'NONE', ( #1924 ), #1929, .T. ) ;
#290 = EDGE_CURVE ( 'NONE', #111, #202, #1933, .T. ) ;
#291 = EDGE_CURVE ( 'NONE', #5705, #5692, #1936, .T. ) ;
#292 = ORIENTED_EDGE ( 'NONE', *, *, #291, .F. ) ;
#293 = ORIENTED_EDGE ( 'NONE', *, *, #5721, .T. ) ;
#294 = EDGE_LOOP ( 'NONE', ( #301, #271, #267, #299 ) ) ;
#295 = ORIENTED_EDGE ( 'NONE', *, *, #5694, .F. ) ;
#296 = EDGE_CURVE ( 'NONE', #5718, #5705, #1942, .T. ) ;
#297 = ORIENTED_EDGE ( 'NONE', *, *, #281, .T. ) ;
#298 = ORIENTED_EDGE ( 'NONE', *, *, #296, .F. ) ;
#299 = ORIENTED_EDGE ( 'NONE', *, *, #279, .F. ) ;
#300 = ORIENTED_EDGE ( 'NONE', *, *, #5697, .T. ) ;
#301 = ORIENTED_EDGE ( 'NONE', *, *, #5720, .T. ) ;
#302 = ADVANCED_FACE ( 'NONE', ( #1923 ), #1955, .T. ) ;
#303 = ORIENTED_EDGE ( 'NONE', *, *, #182, .T. ) ;
#304 = EDGE_CURVE ( 'NONE', #311, #246, #2015, .T. ) ;
#305 = EDGE_CURVE ( 'NONE', #5722, #5701, #2007, .T. ) ;
#306 = EDGE_LOOP ( 'NONE', ( #332, #4125, #4055, #330 ) ) ;
#307 = EDGE_CURVE ( 'NONE', #96, #311, #2002, .T. ) ;
#308 = ORIENTED_EDGE ( 'NONE', *, *, #304, .F. ) ;
#309 = ORIENTED_EDGE ( 'NONE', *, *, #307, .F. ) ;
#310 = EDGE_LOOP ( 'NONE', ( #312, #340, #339, #313 ) ) ;
#311 = VERTEX_POINT ( 'NONE', #2003 ) ;
#312 = ORIENTED_EDGE ( 'NONE', *, *, #335, .F. ) ;
#313 = ORIENTED_EDGE ( 'NONE', *, *, #239, .F. ) ;
#314 = VERTEX_POINT ( 'NONE', #1972 ) ;
#315 = VERTEX_POINT ( 'NONE', #2001 ) ;
#316 = ORIENTED_EDGE ( 'NONE', *, *, #4407, .T. ) ;
#317 = ORIENTED_EDGE ( 'NONE', *, *, #4462, .T. ) ;
#318 = ORIENTED_EDGE ( 'NONE', *, *, #4526, .T. ) ;
#319 = ORIENTED_EDGE ( 'NONE', *, *, #4489, .T. ) ;
#320 = ORIENTED_EDGE ( 'NONE', *, *, #4408, .T. ) ;
#321 = ORIENTED_EDGE ( 'NONE', *, *, #4483, .T. ) ;
#322 = ORIENTED_EDGE ( 'NONE', *, *, #31, .F. ) ;
#323 = ORIENTED_EDGE ( 'NONE', *, *, #8, .T. ) ;
#324 = VERTEX_POINT ( 'NONE', #1992 ) ;
#325 = EDGE_LOOP ( 'NONE', ( #60, #28, #323, #322 ) ) ;
#326 = EDGE_LOOP ( 'NONE', ( #42, #34, #12, #5725 ) ) ;
#327 = ORIENTED_EDGE ( 'NONE', *, *, #4299, .T. ) ;
#328 = ADVANCED_FACE ( 'NONE', ( #1991 ), #2009, .T. ) ;
#329 = EDGE_LOOP ( 'NONE', ( #4097, #4105, #3521, #4070 ) ) ;
#330 = ORIENTED_EDGE ( 'NONE', *, *, #4124, .F. ) ;
#331 = ORIENTED_EDGE ( 'NONE', *, *, #245, .F. ) ;
#332 = ORIENTED_EDGE ( 'NONE', *, *, #346, .F. ) ;
#333 = EDGE_CURVE ( 'NONE', #315, #314, #2036, .T. ) ;
#334 = ADVANCED_FACE ( 'NONE', ( #2032 ), #2026, .T. ) ;
#335 = EDGE_CURVE ( 'NONE', #343, #344, #2066, .T. ) ;
#336 = VERTEX_POINT ( 'NONE', #2034 ) ;
#337 = VERTEX_POINT ( 'NONE', #2061 ) ;
#338 = EDGE_CURVE ( 'NONE', #343, #336, #2057, .T. ) ;
#339 = ORIENTED_EDGE ( 'NONE', *, *, #304, .T. ) ;
#340 = ORIENTED_EDGE ( 'NONE', *, *, #348, .F. ) ;
#341 = ADVANCED_FACE ( 'NONE', ( #2027 ), #2033, .T. ) ;
#342 = ORIENTED_EDGE ( 'NONE', *, *, #333, .F. ) ;
#343 = VERTEX_POINT ( 'NONE', #2089 ) ;
#344 = VERTEX_POINT ( 'NONE', #2087 ) ;
#345 = ADVANCED_FACE ( 'NONE', ( #2086 ), #2084, .T. ) ;
#346 = EDGE_CURVE ( 'NONE', #336, #337, #2083, .T. ) ;
#347 = EDGE_LOOP ( 'NONE', ( #4114, #4094, #4096, #4095 ) ) ;
#348 = EDGE_CURVE ( 'NONE', #311, #343, #2082, .T. ) ;
#349 = VERTEX_POINT ( 'NONE', #2113 ) ;
#350 = ORIENTED_EDGE ( 'NONE', *, *, #356, .F. ) ;
#351 = EDGE_LOOP ( 'NONE', ( #4023, #4021, #4001, #4009 ) ) ;
#352 = VERTEX_POINT ( 'NONE', #2112 ) ;
#353 = EDGE_CURVE ( 'NONE', #3995, #359, #2120, .T. ) ;
#354 = VERTEX_POINT ( 'NONE', #2104 ) ;
#355 = VERTEX_POINT ( 'NONE', #2103 ) ;
#356 = EDGE_CURVE ( 'NONE', #4044, #4038, #2109, .T. ) ;
#357 = EDGE_CURVE ( 'NONE', #4019, #4006, #1857, .T. ) ;
#358 = EDGE_LOOP ( 'NONE', ( #4003, #362, #360, #365 ) ) ;
#359 = VERTEX_POINT ( 'NONE', #2151 ) ;
#360 = ORIENTED_EDGE ( 'NONE', *, *, #373, .T. ) ;
#361 = ORIENTED_EDGE ( 'NONE', *, *, #1570, .F. ) ;
#362 = ORIENTED_EDGE ( 'NONE', *, *, #363, .F. ) ;
#363 = EDGE_CURVE ( 'NONE', #366, #3995, #2152, .T. ) ;
#364 = ADVANCED_FACE ( 'NONE', ( #2142 ), #2141, .T. ) ;
#365 = ORIENTED_EDGE ( 'NONE', *, *, #388, .F. ) ;
#366 = VERTEX_POINT ( 'NONE', #2144 ) ;
#367 = EDGE_CURVE ( 'NONE', #3999, #380, #2137, .T. ) ;
#368 = ADVANCED_FACE ( 'NONE', ( #2150 ), #2170, .T. ) ;
#369 = EDGE_CURVE ( 'NONE', #3999, #354, #2155, .T. ) ;
#370 = ORIENTED_EDGE ( 'NONE', *, *, #369, .F. ) ;
#371 = ORIENTED_EDGE ( 'NONE', *, *, #378, .F. ) ;
#372 = EDGE_CURVE ( 'NONE', #352, #380, #2179, .T. ) ;
#373 = EDGE_CURVE ( 'NONE', #366, #355, #2202, .T. ) ;
#374 = ORIENTED_EDGE ( 'NONE', *, *, #367, .F. ) ;
#375 = EDGE_LOOP ( 'NONE', ( #3987, #3986, #379, #376 ) ) ;
#376 = ORIENTED_EDGE ( 'NONE', *, *, #3993, .F. ) ;
#377 = ADVANCED_FACE ( 'NONE', ( #2173 ), #2206, .T. ) ;
#378 = EDGE_CURVE ( 'NONE', #354, #352, #2236, .T. ) ;
#379 = ORIENTED_EDGE ( 'NONE', *, *, #357, .F. ) ;
#380 = VERTEX_POINT ( 'NONE', #2230 ) ;
#381 = EDGE_LOOP ( 'NONE', ( #4037, #1133, #965, #969 ) ) ;
#382 = ORIENTED_EDGE ( 'NONE', *, *, #4032, .F. ) ;
#383 = ORIENTED_EDGE ( 'NONE', *, *, #2570, .T. ) ;
#384 = VERTEX_POINT ( 'NONE', #2237 ) ;
#385 = EDGE_CURVE ( 'NONE', #46, #384, #2224, .T. ) ;
#386 = ORIENTED_EDGE ( 'NONE', *, *, #385, .F. ) ;
#387 = ADVANCED_FACE ( 'NONE', ( #2240 ), #2207, .F. ) ;
#388 = EDGE_CURVE ( 'NONE', #359, #355, #2261, .T. ) ;
#389 = ORIENTED_EDGE ( 'NONE', *, *, #418, .F. ) ;
#390 = EDGE_CURVE ( 'NONE', #410, #421, #2254, .T. ) ;
#391 = ORIENTED_EDGE ( 'NONE', *, *, #390, .F. ) ;
#392 = EDGE_CURVE ( 'NONE', #416, #410, #2229, .T. ) ;
#393 = ORIENTED_EDGE ( 'NONE', *, *, #868, .T. ) ;
#394 = ORIENTED_EDGE ( 'NONE', *, *, #392, .F. ) ;
#395 = EDGE_LOOP ( 'NONE', ( #472, #474, #464, #453 ) ) ;
#396 = ORIENTED_EDGE ( 'NONE', *, *, #787, .T. ) ;
#397 = ORIENTED_EDGE ( 'NONE', *, *, #1664, .T. ) ;
#398 = EDGE_CURVE ( 'NONE', #4579, #415, #2242, .T. ) ;
#399 = ORIENTED_EDGE ( 'NONE', *, *, #4346, .T. ) ;
#400 = EDGE_LOOP ( 'NONE', ( #389, #391, #394, #419, #396, #393, #462, #403, #465, #397, #467, #463 ) ) ;
#401 = EDGE_CURVE ( 'NONE', #4359, #4490, #2243, .T. ) ;
#402 = ORIENTED_EDGE ( 'NONE', *, *, #401, .F. ) ;
#403 = ORIENTED_EDGE ( 'NONE', *, *, #851, .T. ) ;
#404 = ADVANCED_FACE ( 'NONE', ( #2256 ), #2228, .T. ) ;
#405 = ORIENTED_EDGE ( 'NONE', *, *, #4577, .T. ) ;
#406 = ORIENTED_EDGE ( 'NONE', *, *, #411, .F. ) ;
#407 = ORIENTED_EDGE ( 'NONE', *, *, #4539, .F. ) ;
#408 = VERTEX_POINT ( 'NONE', #2290 ) ;
#409 = ORIENTED_EDGE ( 'NONE', *, *, #398, .F. ) ;
#410 = VERTEX_POINT ( 'NONE', #2288 ) ;
#411 = EDGE_CURVE ( 'NONE', #831, #408, #2267, .T. ) ;
#412 = EDGE_CURVE ( 'NONE', #416, #796, #2274, .T. ) ;
#413 = ORIENTED_EDGE ( 'NONE', *, *, #417, .T. ) ;
#414 = ORIENTED_EDGE ( 'NONE', *, *, #412, .F. ) ;
#415 = VERTEX_POINT ( 'NONE', #2268 ) ;
#416 = VERTEX_POINT ( 'NONE', #2319 ) ;
#417 = EDGE_CURVE ( 'NONE', #416, #415, #2270, .T. ) ;
#418 = EDGE_CURVE ( 'NONE', #421, #54, #2320, .T. ) ;
#419 = ORIENTED_EDGE ( 'NONE', *, *, #412, .T. ) ;
#420 = EDGE_CURVE ( 'NONE', #3292, #145, #2278, .T. ) ;
#421 = VERTEX_POINT ( 'NONE', #2317 ) ;
#422 = EDGE_CURVE ( 'NONE', #423, #3061, #2306, .T. ) ;
#423 = VERTEX_POINT ( 'NONE', #2318 ) ;
#424 = ORIENTED_EDGE ( 'NONE', *, *, #3532, .T. ) ;
#425 = ORIENTED_EDGE ( 'NONE', *, *, #433, .F. ) ;
#426 = EDGE_CURVE ( 'NONE', #408, #430, #2304, .T. ) ;
#427 = VERTEX_POINT ( 'NONE', #2298 ) ;
#428 = ORIENTED_EDGE ( 'NONE', *, *, #422, .F. ) ;
#429 = EDGE_CURVE ( 'NONE', #427, #423, #2311, .T. ) ;
#430 = VERTEX_POINT ( 'NONE', #2352 ) ;
#431 = ORIENTED_EDGE ( 'NONE', *, *, #3988, .T. ) ;
#432 = ORIENTED_EDGE ( 'NONE', *, *, #429, .F. ) ;
#433 = EDGE_CURVE ( 'NONE', #4006, #427, #2354, .T. ) ;
#434 = ORIENTED_EDGE ( 'NONE', *, *, #426, .T. ) ;
#435 = ADVANCED_FACE ( 'NONE', ( #2346 ), #2314, .T. ) ;
#436 = ORIENTED_EDGE ( 'NONE', *, *, #437, .F. ) ;
#437 = EDGE_CURVE ( 'NONE', #438, #835, #2390, .T. ) ;
#438 = VERTEX_POINT ( 'NONE', #2384 ) ;
#439 = VERTEX_POINT ( 'NONE', #2391 ) ;
#440 = ORIENTED_EDGE ( 'NONE', *, *, #846, .T. ) ;
#441 = ORIENTED_EDGE ( 'NONE', *, *, #49, .T. ) ;
#442 = ORIENTED_EDGE ( 'NONE', *, *, #863, .T. ) ;
#443 = ORIENTED_EDGE ( 'NONE', *, *, #2538, .T. ) ;
#444 = ORIENTED_EDGE ( 'NONE', *, *, #446, .F. ) ;
#445 = ORIENTED_EDGE ( 'NONE', *, *, #788, .T. ) ;
#446 = EDGE_CURVE ( 'NONE', #439, #430, #2377, .T. ) ;
#447 = ORIENTED_EDGE ( 'NONE', *, *, #3070, .T. ) ;
#448 = EDGE_LOOP ( 'NONE', ( #436, #4430, #507, #509, #511, #512, #505, #515, #510, #491, #513, #493 ) ) ;
#449 = ADVANCED_FACE ( 'NONE', ( #2387 ), #2371, .T. ) ;
#450 = ORIENTED_EDGE ( 'NONE', *, *, #458, .T. ) ;
#451 = EDGE_LOOP ( 'NONE', ( #444, #518, #450, #434 ) ) ;
#452 = EDGE_CURVE ( 'NONE', #475, #53, #2418, .T. ) ;
#453 = ORIENTED_EDGE ( 'NONE', *, *, #452, .F. ) ;
#454 = ORIENTED_EDGE ( 'NONE', *, *, #411, .T. ) ;
#455 = ADVANCED_FACE ( 'NONE', ( #2415 ), #2416, .T. ) ;
#456 = ORIENTED_EDGE ( 'NONE', *, *, #458, .F. ) ;
#457 = ORIENTED_EDGE ( 'NONE', *, *, #896, .T. ) ;
#458 = EDGE_CURVE ( 'NONE', #471, #408, #2408, .T. ) ;
#459 = ORIENTED_EDGE ( 'NONE', *, *, #452, .T. ) ;
#460 = EDGE_CURVE ( 'NONE', #475, #471, #2388, .T. ) ;
#461 = ORIENTED_EDGE ( 'NONE', *, *, #2764, .T. ) ;
#462 = ORIENTED_EDGE ( 'NONE', *, *, #785, .T. ) ;
#463 = ORIENTED_EDGE ( 'NONE', *, *, #38, .T. ) ;
#464 = ORIENTED_EDGE ( 'NONE', *, *, #35, .T. ) ;
#465 = ORIENTED_EDGE ( 'NONE', *, *, #2821, .T. ) ;
#466 = ORIENTED_EDGE ( 'NONE', *, *, #385, .T. ) ;
#467 = ORIENTED_EDGE ( 'NONE', *, *, #1413, .T. ) ;
#468 = EDGE_CURVE ( 'NONE', #421, #475, #2372, .T. ) ;
#469 = EDGE_LOOP ( 'NONE', ( #457, #454, #456, #473, #459, #441, #466, #461, #443, #440, #445, #442 ) ) ;
#470 = ADVANCED_FACE ( 'NONE', ( #2439 ), #2430, .T. ) ;
#471 = VERTEX_POINT ( 'NONE', #2435 ) ;
#472 = ORIENTED_EDGE ( 'NONE', *, *, #468, .F. ) ;
#473 = ORIENTED_EDGE ( 'NONE', *, *, #460, .F. ) ;
#474 = ORIENTED_EDGE ( 'NONE', *, *, #418, .T. ) ;
#475 = VERTEX_POINT ( 'NONE', #2469 ) ;
#476 = ORIENTED_EDGE ( 'NONE', *, *, #506, .F. ) ;
#477 = EDGE_LOOP ( 'NONE', ( #549, #551, #560, #533, #550, #552, #535, #553, #537, #534, #539, #536 ) ) ;
#478 = VERTEX_POINT ( 'NONE', #2467 ) ;
#479 = EDGE_CURVE ( 'NONE', #478, #423, #2428, .T. ) ;
#480 = ADVANCED_FACE ( 'NONE', ( #2473 ), #2464, .T. ) ;
#481 = ORIENTED_EDGE ( 'NONE', *, *, #482, .F. ) ;
#482 = EDGE_CURVE ( 'NONE', #504, #427, #2465, .T. ) ;
#483 = ORIENTED_EDGE ( 'NONE', *, *, #499, .T. ) ;
#484 = EDGE_CURVE ( 'NONE', #508, #504, #2492, .T. ) ;
#485 = EDGE_LOOP ( 'NONE', ( #555, #557, #544, #476 ) ) ;
#486 = ORIENTED_EDGE ( 'NONE', *, *, #484, .F. ) ;
#487 = ORIENTED_EDGE ( 'NONE', *, *, #144, .T. ) ;
#488 = VERTEX_POINT ( 'NONE', #2493 ) ;
#489 = ORIENTED_EDGE ( 'NONE', *, *, #3981, .T. ) ;
#490 = ORIENTED_EDGE ( 'NONE', *, *, #891, .T. ) ;
#491 = ORIENTED_EDGE ( 'NONE', *, *, #885, .T. ) ;
#492 = EDGE_CURVE ( 'NONE', #438, #508, #2488, .T. ) ;
#493 = ORIENTED_EDGE ( 'NONE', *, *, #832, .T. ) ;
#494 = ORIENTED_EDGE ( 'NONE', *, *, #357, .T. ) ;
#495 = ADVANCED_FACE ( 'NONE', ( #2461 ), #2480, .T. ) ;
#496 = EDGE_LOOP ( 'NONE', ( #494, #501, #481, #486, #483, #490, #517, #487, #556, #489, #559, #554 ) ) ;
#497 = ORIENTED_EDGE ( 'NONE', *, *, #893, .T. ) ;
#498 = ORIENTED_EDGE ( 'NONE', *, *, #437, .T. ) ;
#499 = EDGE_CURVE ( 'NONE', #508, #879, #2481, .T. ) ;
#500 = ORIENTED_EDGE ( 'NONE', *, *, #499, .F. ) ;
#502 = EDGE_CURVE ( 'NONE', #355, #994, #2515, .T. ) ;
#501 = ORIENTED_EDGE ( 'NONE', *, *, #433, .T. ) ;
#503 = EDGE_CURVE ( 'NONE', #439, #438, #2495, .T. ) ;
#504 = VERTEX_POINT ( 'NONE', #2507 ) ;
#505 = ORIENTED_EDGE ( 'NONE', *, *, #372, .T. ) ;
#506 = EDGE_CURVE ( 'NONE', #504, #478, #2559, .T. ) ;
#507 = ORIENTED_EDGE ( 'NONE', *, *, #446, .T. ) ;
#508 = VERTEX_POINT ( 'NONE', #2519 ) ;
#509 = ORIENTED_EDGE ( 'NONE', *, *, #4539, .T. ) ;
#510 = ORIENTED_EDGE ( 'NONE', *, *, #3921, .T. ) ;
#511 = ORIENTED_EDGE ( 'NONE', *, *, #3983, .T. ) ;
#512 = ORIENTED_EDGE ( 'NONE', *, *, #4012, .T. ) ;
#513 = ORIENTED_EDGE ( 'NONE', *, *, #880, .T. ) ;
#514 = EDGE_LOOP ( 'NONE', ( #516, #498, #497, #500 ) ) ;
#515 = ORIENTED_EDGE ( 'NONE', *, *, #4032, .T. ) ;
#516 = ORIENTED_EDGE ( 'NONE', *, *, #492, .F. ) ;
#517 = ORIENTED_EDGE ( 'NONE', *, *, #898, .T. ) ;
#518 = ORIENTED_EDGE ( 'NONE', *, *, #519, .F. ) ;
#519 = EDGE_CURVE ( 'NONE', #471, #439, #2553, .T. ) ;
#520 = ORIENTED_EDGE ( 'NONE', *, *, #3050, .T. ) ;
#521 = ORIENTED_EDGE ( 'NONE', *, *, #2309, .T. ) ;
#522 = ORIENTED_EDGE ( 'NONE', *, *, #2119, .T. ) ;
#523 = ORIENTED_EDGE ( 'NONE', *, *, #353, .T. ) ;
#524 = ORIENTED_EDGE ( 'NONE', *, *, #545, .T. ) ;
#525 = EDGE_CURVE ( 'NONE', #548, #359, #2550, .T. ) ;
#526 = VERTEX_POINT ( 'NONE', #2557 ) ;
#527 = ADVANCED_FACE ( 'NONE', ( #2540 ), #2508, .T. ) ;
#528 = EDGE_CURVE ( 'NONE', #526, #3517, #2599, .T. ) ;
#529 = ORIENTED_EDGE ( 'NONE', *, *, #3048, .T. ) ;
#530 = ORIENTED_EDGE ( 'NONE', *, *, #525, .T. ) ;
#531 = ORIENTED_EDGE ( 'NONE', *, *, #528, .F. ) ;
#532 = EDGE_CURVE ( 'NONE', #548, #526, #2582, .T. ) ;
#533 = ORIENTED_EDGE ( 'NONE', *, *, #422, .T. ) ;
#534 = ORIENTED_EDGE ( 'NONE', *, *, #1180, .T. ) ;
#535 = ORIENTED_EDGE ( 'NONE', *, *, #3034, .T. ) ;
#536 = ORIENTED_EDGE ( 'NONE', *, *, #363, .T. ) ;
#537 = ORIENTED_EDGE ( 'NONE', *, *, #1721, .T. ) ;
#538 = ORIENTED_EDGE ( 'NONE', *, *, #1570, .T. ) ;
#539 = ORIENTED_EDGE ( 'NONE', *, *, #925, .T. ) ;
#540 = EDGE_CURVE ( 'NONE', #488, #548, #2598, .T. ) ;
#541 = EDGE_LOOP ( 'NONE', ( #529, #531, #607, #530, #608, #606, #538, #522, #521, #520, #4555, #447, #1239, #960, #883, #842, #1302, #968, #1256, #935 ) ) ;
#542 = ADVANCED_FACE ( 'NONE', ( #2588 ), #2632, .T. ) ;
#543 = EDGE_LOOP ( 'NONE', ( #558, #524, #523, #546 ) ) ;
#544 = ORIENTED_EDGE ( 'NONE', *, *, #479, .F. ) ;
#545 = EDGE_CURVE ( 'NONE', #488, #3995, #2629, .T. ) ;
#546 = ORIENTED_EDGE ( 'NONE', *, *, #525, .F. ) ;
#547 = ADVANCED_FACE ( 'NONE', ( #2631 ), #2627, .T. ) ;
#548 = VERTEX_POINT ( 'NONE', #2611 ) ;
#549 = ORIENTED_EDGE ( 'NONE', *, *, #545, .F. ) ;
#550 = ORIENTED_EDGE ( 'NONE', *, *, #3190, .T. ) ;
#551 = ORIENTED_EDGE ( 'NONE', *, *, #561, .F. ) ;
#552 = ORIENTED_EDGE ( 'NONE', *, *, #3257, .T. ) ;
#553 = ORIENTED_EDGE ( 'NONE', *, *, #2351, .T. ) ;
#554 = ORIENTED_EDGE ( 'NONE', *, *, #3992, .T. ) ;
#555 = ORIENTED_EDGE ( 'NONE', *, *, #482, .T. ) ;
#556 = ORIENTED_EDGE ( 'NONE', *, *, #4039, .T. ) ;
#557 = ORIENTED_EDGE ( 'NONE', *, *, #429, .T. ) ;
#558 = ORIENTED_EDGE ( 'NONE', *, *, #540, .F. ) ;
#559 = ORIENTED_EDGE ( 'NONE', *, *, #369, .T. ) ;
#560 = ORIENTED_EDGE ( 'NONE', *, *, #479, .T. ) ;
#561 = EDGE_CURVE ( 'NONE', #478, #488, #2628, .T. ) ;
#562 = VERTEX_POINT ( 'NONE', #2660 ) ;
#563 = ADVANCED_FACE ( 'NONE', ( #2653 ), #2648, .T. ) ;
#564 = VERTEX_POINT ( 'NONE', #2661 ) ;
#565 = ORIENTED_EDGE ( 'NONE', *, *, #591, .T. ) ;
#566 = ORIENTED_EDGE ( 'NONE', *, *, #4124, .T. ) ;
#567 = ORIENTED_EDGE ( 'NONE', *, *, #4116, .T. ) ;
#568 = ORIENTED_EDGE ( 'NONE', *, *, #245, .T. ) ;
#569 = EDGE_CURVE ( 'NONE', #573, #579, #2689, .T. ) ;
#570 = ORIENTED_EDGE ( 'NONE', *, *, #129, .T. ) ;
#571 = ORIENTED_EDGE ( 'NONE', *, *, #604, .T. ) ;
#572 = VERTEX_POINT ( 'NONE', #2679 ) ;
#573 = VERTEX_POINT ( 'NONE', #2675 ) ;
#574 = ADVANCED_FACE ( 'NONE', ( #2674 ), #2672, .T. ) ;
#575 = ORIENTED_EDGE ( 'NONE', *, *, #577, .F. ) ;
#576 = ORIENTED_EDGE ( 'NONE', *, *, #591, .F. ) ;
#577 = EDGE_CURVE ( 'NONE', #605, #572, #2715, .T. ) ;
#578 = EDGE_LOOP ( 'NONE', ( #640, #639, #642, #621 ) ) ;
#579 = VERTEX_POINT ( 'NONE', #2711 ) ;
#580 = ORIENTED_EDGE ( 'NONE', *, *, #4545, .T. ) ;
#581 = EDGE_CURVE ( 'NONE', #593, #605, #2709, .T. ) ;
#582 = ORIENTED_EDGE ( 'NONE', *, *, #3513, .T. ) ;
#583 = ORIENTED_EDGE ( 'NONE', *, *, #3744, .T. ) ;
#584 = ORIENTED_EDGE ( 'NONE', *, *, #3279, .T. ) ;
#585 = ORIENTED_EDGE ( 'NONE', *, *, #595, .T. ) ;
#586 = ORIENTED_EDGE ( 'NONE', *, *, #244, .T. ) ;
#587 = EDGE_LOOP ( 'NONE', ( #576, #575, #571, #580 ) ) ;
#588 = ORIENTED_EDGE ( 'NONE', *, *, #219, .T. ) ;
#589 = EDGE_CURVE ( 'NONE', #526, #593, #2702, .T. ) ;
#590 = EDGE_LOOP ( 'NONE', ( #603, #600, #602, #596, #585, #584, #583, #588, #582, #599, #586, #570 ) ) ;
#591 = EDGE_CURVE ( 'NONE', #572, #4572, #2698, .T. ) ;
#592 = ORIENTED_EDGE ( 'NONE', *, *, #595, .F. ) ;
#593 = VERTEX_POINT ( 'NONE', #2673 ) ;
#594 = ORIENTED_EDGE ( 'NONE', *, *, #528, .T. ) ;
#595 = EDGE_CURVE ( 'NONE', #593, #3527, #2706, .T. ) ;
#596 = ORIENTED_EDGE ( 'NONE', *, *, #581, .F. ) ;
#597 = VERTEX_POINT ( 'NONE', #2745 ) ;
#598 = ORIENTED_EDGE ( 'NONE', *, *, #3031, .T. ) ;
#599 = ORIENTED_EDGE ( 'NONE', *, *, #247, .T. ) ;
#600 = ORIENTED_EDGE ( 'NONE', *, *, #4550, .T. ) ;
#601 = ADVANCED_FACE ( 'NONE', ( #2746 ), #2740, .T. ) ;
#602 = ORIENTED_EDGE ( 'NONE', *, *, #604, .F. ) ;
#603 = ORIENTED_EDGE ( 'NONE', *, *, #186, .T. ) ;
#604 = EDGE_CURVE ( 'NONE', #605, #4543, #2697, .T. ) ;
#605 = VERTEX_POINT ( 'NONE', #2725 ) ;
#606 = ORIENTED_EDGE ( 'NONE', *, *, #502, .T. ) ;
#607 = ORIENTED_EDGE ( 'NONE', *, *, #532, .F. ) ;
#608 = ORIENTED_EDGE ( 'NONE', *, *, #388, .T. ) ;
#609 = EDGE_LOOP ( 'NONE', ( #620, #615, #690, #633 ) ) ;
#610 = VERTEX_POINT ( 'NONE', #2747 ) ;
#611 = ORIENTED_EDGE ( 'NONE', *, *, #348, .T. ) ;
#612 = EDGE_LOOP ( 'NONE', ( #614, #2105, #679, #681, #683, #684, #678, #687, #682, #663, #685, #665 ) ) ;
#613 = ORIENTED_EDGE ( 'NONE', *, *, #4121, .T. ) ;
#614 = ORIENTED_EDGE ( 'NONE', *, *, #617, .F. ) ;
#615 = ORIENTED_EDGE ( 'NONE', *, *, #4570, .T. ) ;
#616 = ADVANCED_FACE ( 'NONE', ( #2718 ), #2723, .T. ) ;
#617 = EDGE_CURVE ( 'NONE', #610, #4069, #2759, .T. ) ;
#618 = EDGE_CURVE ( 'NONE', #579, #170, #2757, .T. ) ;
#619 = VERTEX_POINT ( 'NONE', #2750 ) ;
#620 = ORIENTED_EDGE ( 'NONE', *, *, #626, .T. ) ;
#621 = ORIENTED_EDGE ( 'NONE', *, *, #618, .F. ) ;
#622 = ORIENTED_EDGE ( 'NONE', *, *, #338, .T. ) ;
#623 = ADVANCED_FACE ( 'NONE', ( #2758 ), #2772, .T. ) ;
#624 = ORIENTED_EDGE ( 'NONE', *, *, #628, .F. ) ;
#625 = ORIENTED_EDGE ( 'NONE', *, *, #626, .F. ) ;
#626 = EDGE_CURVE ( 'NONE', #634, #4567, #2789, .T. ) ;
#627 = ORIENTED_EDGE ( 'NONE', *, *, #4573, .T. ) ;
#628 = EDGE_CURVE ( 'NONE', #579, #634, #2833, .T. ) ;
#629 = ORIENTED_EDGE ( 'NONE', *, *, #307, .T. ) ;
#630 = ORIENTED_EDGE ( 'NONE', *, *, #270, .T. ) ;
#631 = ORIENTED_EDGE ( 'NONE', *, *, #161, .T. ) ;
#632 = ORIENTED_EDGE ( 'NONE', *, *, #239, .T. ) ;
#633 = ORIENTED_EDGE ( 'NONE', *, *, #691, .F. ) ;
#634 = VERTEX_POINT ( 'NONE', #2790 ) ;
#635 = ORIENTED_EDGE ( 'NONE', *, *, #214, .T. ) ;
#636 = EDGE_LOOP ( 'NONE', ( #637, #627, #625, #624, #693, #630, #695, #629, #611, #622, #694, #613 ) ) ;
#637 = ORIENTED_EDGE ( 'NONE', *, *, #4060, .T. ) ;
#638 = ADVANCED_FACE ( 'NONE', ( #2795 ), #2864, .T. ) ;
#639 = ORIENTED_EDGE ( 'NONE', *, *, #649, .T. ) ;
#640 = ORIENTED_EDGE ( 'NONE', *, *, #569, .F. ) ;
#641 = EDGE_CURVE ( 'NONE', #597, #4598, #2852, .T. ) ;
#642 = ORIENTED_EDGE ( 'NONE', *, *, #78, .T. ) ;
#643 = ADVANCED_FACE ( 'NONE', ( #2866 ), #2858, .T. ) ;
#644 = EDGE_LOOP ( 'NONE', ( #646, #645, #565, #652, #567, #651, #650, #566, #632, #568, #635, #631 ) ) ;
#645 = ORIENTED_EDGE ( 'NONE', *, *, #648, .F. ) ;
#647 = EDGE_CURVE ( 'NONE', #994, #1091, #2848, .T. ) ;
#646 = ORIENTED_EDGE ( 'NONE', *, *, #649, .F. ) ;
#648 = EDGE_CURVE ( 'NONE', #572, #573, #2888, .T. ) ;
#649 = EDGE_CURVE ( 'NONE', #573, #159, #2853, .T. ) ;
#650 = ORIENTED_EDGE ( 'NONE', *, *, #4126, .T. ) ;
#651 = ORIENTED_EDGE ( 'NONE', *, *, #4109, .T. ) ;
#652 = ORIENTED_EDGE ( 'NONE', *, *, #4574, .T. ) ;
#653 = ADVANCED_FACE ( 'NONE', ( #2859 ), #2884, .T. ) ;
#654 = ORIENTED_EDGE ( 'NONE', *, *, #655, .F. ) ;
#655 = EDGE_CURVE ( 'NONE', #677, #4586, #2872, .T. ) ;
#656 = ORIENTED_EDGE ( 'NONE', *, *, #671, .T. ) ;
#657 = EDGE_CURVE ( 'NONE', #680, #677, #2917, .T. ) ;
#658 = EDGE_LOOP ( 'NONE', ( #729, #737, #717, #716 ) ) ;
#659 = ORIENTED_EDGE ( 'NONE', *, *, #657, .F. ) ;
#660 = ORIENTED_EDGE ( 'NONE', *, *, #4162, .T. ) ;
#661 = ORIENTED_EDGE ( 'NONE', *, *, #4249, .T. ) ;
#662 = ORIENTED_EDGE ( 'NONE', *, *, #4170, .T. ) ;
#663 = ORIENTED_EDGE ( 'NONE', *, *, #4196, .T. ) ;
#664 = EDGE_CURVE ( 'NONE', #610, #680, #2912, .T. ) ;
#665 = ORIENTED_EDGE ( 'NONE', *, *, #4082, .T. ) ;
#666 = ORIENTED_EDGE ( 'NONE', *, *, #4217, .T. ) ;
#667 = ADVANCED_FACE ( 'NONE', ( #2926 ), #2903, .T. ) ;
#668 = EDGE_LOOP ( 'NONE', ( #666, #675, #654, #659, #656, #662, #689, #660, #730, #661, #733, #728 ) ) ;
#669 = ORIENTED_EDGE ( 'NONE', *, *, #4067, .T. ) ;
#670 = ORIENTED_EDGE ( 'NONE', *, *, #617, .T. ) ;
#671 = EDGE_CURVE ( 'NONE', #680, #4079, #2908, .T. ) ;
#672 = ORIENTED_EDGE ( 'NONE', *, *, #51, .F. ) ;
#673 = VERTEX_POINT ( 'NONE', #2943 ) ;
#674 = ORIENTED_EDGE ( 'NONE', *, *, #671, .F. ) ;
#675 = ORIENTED_EDGE ( 'NONE', *, *, #4556, .T. ) ;
#676 = EDGE_CURVE ( 'NONE', #597, #610, #2944, .T. ) ;
#677 = VERTEX_POINT ( 'NONE', #2937 ) ;
#678 = ORIENTED_EDGE ( 'NONE', *, *, #4219, .T. ) ;
#679 = ORIENTED_EDGE ( 'NONE', *, *, #641, .T. ) ;
#680 = VERTEX_POINT ( 'NONE', #2945 ) ;
#681 = ORIENTED_EDGE ( 'NONE', *, *, #4558, .T. ) ;
#682 = ORIENTED_EDGE ( 'NONE', *, *, #4143, .T. ) ;
#683 = ORIENTED_EDGE ( 'NONE', *, *, #4214, .T. ) ;
#684 = ORIENTED_EDGE ( 'NONE', *, *, #4226, .T. ) ;
#685 = ORIENTED_EDGE ( 'NONE', *, *, #4178, .T. ) ;
#686 = EDGE_LOOP ( 'NONE', ( #688, #670, #669, #674 ) ) ;
#687 = ORIENTED_EDGE ( 'NONE', *, *, #4146, .T. ) ;
#688 = ORIENTED_EDGE ( 'NONE', *, *, #664, .F. ) ;
#689 = ORIENTED_EDGE ( 'NONE', *, *, #4185, .T. ) ;
#690 = ORIENTED_EDGE ( 'NONE', *, *, #641, .F. ) ;
#691 = EDGE_CURVE ( 'NONE', #634, #597, #2934, .T. ) ;
#692 = ADVANCED_FACE ( 'NONE', ( #2906 ), #2980, .T. ) ;
#693 = ORIENTED_EDGE ( 'NONE', *, *, #618, .T. ) ;
#694 = ORIENTED_EDGE ( 'NONE', *, *, #3962, .T. ) ;
#695 = ORIENTED_EDGE ( 'NONE', *, *, #189, .T. ) ;
#696 = ADVANCED_FACE ( 'NONE', ( #2932 ), #2946, .T. ) ;
#697 = ORIENTED_EDGE ( 'NONE', *, *, #700, .F. ) ;
#698 = ORIENTED_EDGE ( 'NONE', *, *, #734, .F. ) ;
#699 = ORIENTED_EDGE ( 'NONE', *, *, #4210, .T. ) ;
#700 = EDGE_CURVE ( 'NONE', #727, #4243, #2965, .T. ) ;
#701 = ADVANCED_FACE ( 'NONE', ( #2990 ), #3001, .T. ) ;
#702 = ORIENTED_EDGE ( 'NONE', *, *, #4484, .T. ) ;
#703 = ORIENTED_EDGE ( 'NONE', *, *, #401, .T. ) ;
#704 = ORIENTED_EDGE ( 'NONE', *, *, #4469, .T. ) ;
#705 = ORIENTED_EDGE ( 'NONE', *, *, #4344, .T. ) ;
#706 = ORIENTED_EDGE ( 'NONE', *, *, #4396, .T. ) ;
#707 = ORIENTED_EDGE ( 'NONE', *, *, #4351, .T. ) ;
#708 = ORIENTED_EDGE ( 'NONE', *, *, #4316, .T. ) ;
#709 = EDGE_LOOP ( 'NONE', ( #698, #714, #699, #697 ) ) ;
#710 = ORIENTED_EDGE ( 'NONE', *, *, #4379, .T. ) ;
#711 = ORIENTED_EDGE ( 'NONE', *, *, #4274, .T. ) ;
#712 = ORIENTED_EDGE ( 'NONE', *, *, #4515, .T. ) ;
#713 = ORIENTED_EDGE ( 'NONE', *, *, #4199, .T. ) ;
#714 = ORIENTED_EDGE ( 'NONE', *, *, #719, .T. ) ;
#715 = EDGE_LOOP ( 'NONE', ( #704, #705, #703, #319, #702, #321, #712, #318, #320, #316, #317, #139, #774, #778, #777, #771, #782, #769, #779, #757 ) ) ;
#716 = ORIENTED_EDGE ( 'NONE', *, *, #4597, .T. ) ;
#717 = ORIENTED_EDGE ( 'NONE', *, *, #655, .T. ) ;
#718 = VERTEX_POINT ( 'NONE', #2996 ) ;
#720 = VERTEX_POINT ( 'NONE', #3032 ) ;
#719 = EDGE_CURVE ( 'NONE', #735, #4334, #3023, .T. ) ;
#721 = ORIENTED_EDGE ( 'NONE', *, *, #4355, .T. ) ;
#722 = ADVANCED_FACE ( 'NONE', ( #2988 ), #3030, .T. ) ;
#723 = ORIENTED_EDGE ( 'NONE', *, *, #725, .F. ) ;
#724 = ORIENTED_EDGE ( 'NONE', *, *, #719, .F. ) ;
#725 = EDGE_CURVE ( 'NONE', #673, #735, #3024, .T. ) ;
#726 = ORIENTED_EDGE ( 'NONE', *, *, #4381, .T. ) ;
#727 = VERTEX_POINT ( 'NONE', #3059 ) ;
#728 = ORIENTED_EDGE ( 'NONE', *, *, #4239, .T. ) ;
#729 = ORIENTED_EDGE ( 'NONE', *, *, #738, .F. ) ;
#730 = ORIENTED_EDGE ( 'NONE', *, *, #4139, .T. ) ;
#731 = EDGE_LOOP ( 'NONE', ( #724, #723, #740, #739, #721, #707, #726, #710, #706, #711, #708, #713 ) ) ;
#732 = EDGE_CURVE ( 'NONE', #677, #673, #3060, .T. ) ;
#733 = ORIENTED_EDGE ( 'NONE', *, *, #4218, .T. ) ;
#734 = EDGE_CURVE ( 'NONE', #735, #727, #2806, .T. ) ;
#735 = VERTEX_POINT ( 'NONE', #2958 ) ;
#736 = ADVANCED_FACE ( 'NONE', ( #3017 ), #3095, .T. ) ;
#737 = ORIENTED_EDGE ( 'NONE', *, *, #732, .F. ) ;
#738 = EDGE_CURVE ( 'NONE', #673, #4588, #3083, .T. ) ;
#739 = ORIENTED_EDGE ( 'NONE', *, *, #4478, .T. ) ;
#740 = ORIENTED_EDGE ( 'NONE', *, *, #738, .T. ) ;
#741 = EDGE_LOOP ( 'NONE', ( #746, #818, #823, #829, #820, #825, #822, #808, #824, #810, #826, #812, #809, #814, #811, #816, #813, #798, #815, #800, #817, #802, #799, #806, #801, #807, #803, #797 ) ) ;
#742 = ADVANCED_FACE ( 'NONE', ( #3093 ), #3085, .T. ) ;
#743 = ORIENTED_EDGE ( 'NONE', *, *, #392, .T. ) ;
#744 = ORIENTED_EDGE ( 'NONE', *, *, #417, .F. ) ;
#745 = EDGE_CURVE ( 'NONE', #781, #410, #3117, .T. ) ;
#746 = ORIENTED_EDGE ( 'NONE', *, *, #751, .T. ) ;
#747 = ADVANCED_FACE ( 'NONE', ( #3118 ), #3112, .T. ) ;
#748 = ORIENTED_EDGE ( 'NONE', *, *, #750, .F. ) ;
#749 = ORIENTED_EDGE ( 'NONE', *, *, #4583, .T. ) ;
#750 = EDGE_CURVE ( 'NONE', #781, #415, #3153, .T. ) ;
#751 = EDGE_CURVE ( 'NONE', #773, #781, #3142, .T. ) ;
#752 = ORIENTED_EDGE ( 'NONE', *, *, #4432, .T. ) ;
#753 = ORIENTED_EDGE ( 'NONE', *, *, #764, .T. ) ;
#754 = ORIENTED_EDGE ( 'NONE', *, *, #4500, .T. ) ;
#755 = ORIENTED_EDGE ( 'NONE', *, *, #4445, .T. ) ;
#756 = EDGE_CURVE ( 'NONE', #770, #773, #3143, .T. ) ;
#757 = ORIENTED_EDGE ( 'NONE', *, *, #4386, .T. ) ;
#758 = ORIENTED_EDGE ( 'NONE', *, *, #751, .F. ) ;
#759 = ADVANCED_FACE ( 'NONE', ( #3147 ), #3137, .T. ) ;
#760 = EDGE_LOOP ( 'NONE', ( #749, #767, #748, #758, #753, #752, #755, #762, #828, #754, #830, #827 ) ) ;
#761 = ORIENTED_EDGE ( 'NONE', *, *, #768, .T. ) ;
#762 = ORIENTED_EDGE ( 'NONE', *, *, #4517, .T. ) ;
#763 = ORIENTED_EDGE ( 'NONE', *, *, #4449, .T. ) ;
#764 = EDGE_CURVE ( 'NONE', #773, #4471, #3133, .T. ) ;
#765 = ORIENTED_EDGE ( 'NONE', *, *, #750, .T. ) ;
#766 = ORIENTED_EDGE ( 'NONE', *, *, #764, .F. ) ;
#767 = ORIENTED_EDGE ( 'NONE', *, *, #398, .T. ) ;
#768 = EDGE_CURVE ( 'NONE', #770, #4450, #3129, .T. ) ;
#769 = ORIENTED_EDGE ( 'NONE', *, *, #4286, .T. ) ;
#770 = VERTEX_POINT ( 'NONE', #3159 ) ;
#771 = ORIENTED_EDGE ( 'NONE', *, *, #4311, .T. ) ;
#772 = ORIENTED_EDGE ( 'NONE', *, *, #756, .F. ) ;
#773 = VERTEX_POINT ( 'NONE', #3215 ) ;
#774 = ORIENTED_EDGE ( 'NONE', *, *, #776, .F. ) ;
#775 = EDGE_LOOP ( 'NONE', ( #765, #744, #743, #783 ) ) ;
#776 = EDGE_CURVE ( 'NONE', #727, #770, #3171, .T. ) ;
#777 = ORIENTED_EDGE ( 'NONE', *, *, #4312, .T. ) ;
#778 = ORIENTED_EDGE ( 'NONE', *, *, #700, .T. ) ;
#779 = ORIENTED_EDGE ( 'NONE', *, *, #4374, .T. ) ;
#780 = EDGE_LOOP ( 'NONE', ( #772, #761, #763, #766 ) ) ;
#781 = VERTEX_POINT ( 'NONE', #3169 ) ;
#782 = ORIENTED_EDGE ( 'NONE', *, *, #4295, .T. ) ;
#783 = ORIENTED_EDGE ( 'NONE', *, *, #745, .F. ) ;
#784 = EDGE_CURVE ( 'NONE', #859, #869, #3131, .T. ) ;
#785 = EDGE_CURVE ( 'NONE', #790, #855, #3161, .T. ) ;
#786 = ORIENTED_EDGE ( 'NONE', *, *, #868, .F. ) ;
#787 = EDGE_CURVE ( 'NONE', #796, #859, #3208, .T. ) ;
#788 = EDGE_CURVE ( 'NONE', #852, #789, #3214, .T. ) ;
#789 = VERTEX_POINT ( 'NONE', #3210 ) ;
#790 = VERTEX_POINT ( 'NONE', #3202 ) ;
#791 = ORIENTED_EDGE ( 'NONE', *, *, #131, .T. ) ;
#792 = ORIENTED_EDGE ( 'NONE', *, *, #788, .F. ) ;
#793 = ORIENTED_EDGE ( 'NONE', *, *, #787, .F. ) ;
#794 = EDGE_CURVE ( 'NONE', #789, #790, #3209, .T. ) ;
#795 = ORIENTED_EDGE ( 'NONE', *, *, #794, .F. ) ;
#796 = VERTEX_POINT ( 'NONE', #3187 ) ;
#797 = ORIENTED_EDGE ( 'NONE', *, *, #756, .T. ) ;
#798 = ORIENTED_EDGE ( 'NONE', *, *, #569, .T. ) ;
#799 = ORIENTED_EDGE ( 'NONE', *, *, #657, .T. ) ;
#800 = ORIENTED_EDGE ( 'NONE', *, *, #691, .T. ) ;
#801 = ORIENTED_EDGE ( 'NONE', *, *, #725, .T. ) ;
#802 = ORIENTED_EDGE ( 'NONE', *, *, #664, .T. ) ;
#803 = ORIENTED_EDGE ( 'NONE', *, *, #776, .T. ) ;
#804 = CLOSED_SHELL ( 'NONE', ( #57, #9, #1478, #2728, #844, #843, #862, #860, #840, #881, #884, #141, #368, #377, #4016, #3985, #364, #387, #1208, #1472, #2333, #2122, #2811, #3482, #3519, #3516, #217, #3688, #224, #249, #3758, #101, #171, #220, #334, #345, #4123, #341, #4120, #4103, #4078, #4180, #4154, #4136, #4151, #4128, #4230, #4211, #4202, #4322, #4277, #4399, #4367, #4394, #4358, #4343, #4459, #4436, #4420, #4528, #4497, #4480, #4599, #4611, #4595, #404, #470, #455, #449, #435, #495, #480, #563, #547, #542, #527, #2114, #601, #574, #643, #638, #623, #616, #692, #667, #653, #736, #722, #696, #701, #759, #747, #742, #819 ) ) ;
#805 = COLOUR_RGB ( '',0.1960784313725490200, 0.1960784313725490200, 0.1960784313725490200 ) ;
#806 = ORIENTED_EDGE ( 'NONE', *, *, #732, .T. ) ;
#807 = ORIENTED_EDGE ( 'NONE', *, *, #734, .T. ) ;
#808 = ORIENTED_EDGE ( 'NONE', *, *, #492, .T. ) ;
#809 = ORIENTED_EDGE ( 'NONE', *, *, #532, .T. ) ;
#810 = ORIENTED_EDGE ( 'NONE', *, *, #506, .T. ) ;
#811 = ORIENTED_EDGE ( 'NONE', *, *, #581, .T. ) ;
#812 = ORIENTED_EDGE ( 'NONE', *, *, #540, .T. ) ;
#813 = ORIENTED_EDGE ( 'NONE', *, *, #648, .T. ) ;
#814 = ORIENTED_EDGE ( 'NONE', *, *, #589, .T. ) ;
#815 = ORIENTED_EDGE ( 'NONE', *, *, #628, .T. ) ;
#816 = ORIENTED_EDGE ( 'NONE', *, *, #577, .T. ) ;
#817 = ORIENTED_EDGE ( 'NONE', *, *, #676, .T. ) ;
#818 = ORIENTED_EDGE ( 'NONE', *, *, #745, .T. ) ;
#819 = ADVANCED_FACE ( 'NONE', ( #3189 ), #3185, .T. ) ;
#820 = ORIENTED_EDGE ( 'NONE', *, *, #460, .T. ) ;
#821 = ORIENTED_EDGE ( 'NONE', *, *, #1180, .F. ) ;
#822 = ORIENTED_EDGE ( 'NONE', *, *, #503, .T. ) ;
#823 = ORIENTED_EDGE ( 'NONE', *, *, #390, .T. ) ;
#824 = ORIENTED_EDGE ( 'NONE', *, *, #484, .T. ) ;
#825 = ORIENTED_EDGE ( 'NONE', *, *, #519, .T. ) ;
#826 = ORIENTED_EDGE ( 'NONE', *, *, #561, .T. ) ;
#827 = ORIENTED_EDGE ( 'NONE', *, *, #4602, .T. ) ;
#828 = ORIENTED_EDGE ( 'NONE', *, *, #4522, .T. ) ;
#829 = ORIENTED_EDGE ( 'NONE', *, *, #468, .T. ) ;
#830 = ORIENTED_EDGE ( 'NONE', *, *, #4482, .T. ) ;
#831 = VERTEX_POINT ( 'NONE', #3182 ) ;
#832 = EDGE_CURVE ( 'NONE', #895, #835, #3226, .T. ) ;
#833 = ORIENTED_EDGE ( 'NONE', *, *, #885, .F. ) ;
#834 = ORIENTED_EDGE ( 'NONE', *, *, #898, .F. ) ;
#835 = VERTEX_POINT ( 'NONE', #3216 ) ;
#836 = ORIENTED_EDGE ( 'NONE', *, *, #904, .F. ) ;
#837 = EDGE_LOOP ( 'NONE', ( #838, #833, #791, #146 ) ) ;
#838 = ORIENTED_EDGE ( 'NONE', *, *, #888, .T. ) ;
#839 = ORIENTED_EDGE ( 'NONE', *, *, #888, .F. ) ;
#840 = ADVANCED_FACE ( 'NONE', ( #3219 ), #3239, .T. ) ;
#841 = ORIENTED_EDGE ( 'NONE', *, *, #851, .F. ) ;
#842 = ORIENTED_EDGE ( 'NONE', *, *, #256, .T. ) ;
#843 = ADVANCED_FACE ( 'NONE', ( #3223 ), #3260, .T. ) ;
#844 = ADVANCED_FACE ( 'NONE', ( #3259 ), #3338, .T. ) ;
#845 = ORIENTED_EDGE ( 'NONE', *, *, #847, .F. ) ;
#846 = EDGE_CURVE ( 'NONE', #2591, #852, #3330, .T. ) ;
#847 = EDGE_CURVE ( 'NONE', #852, #855, #3326, .T. ) ;
#848 = EDGE_LOOP ( 'NONE', ( #795, #792, #858, #870 ) ) ;
#849 = EDGE_CURVE ( 'NONE', #2591, #2822, #3322, .T. ) ;
#850 = EDGE_LOOP ( 'NONE', ( #845, #853, #854, #841 ) ) ;
#851 = EDGE_CURVE ( 'NONE', #855, #2822, #3318, .T. ) ;
#852 = VERTEX_POINT ( 'NONE', #3316 ) ;
#853 = ORIENTED_EDGE ( 'NONE', *, *, #846, .F. ) ;
#854 = ORIENTED_EDGE ( 'NONE', *, *, #849, .T. ) ;
#855 = VERTEX_POINT ( 'NONE', #3308 ) ;
#856 = EDGE_CURVE ( 'NONE', #831, #796, #3337, .T. ) ;
#857 = ORIENTED_EDGE ( 'NONE', *, *, #856, .F. ) ;
#858 = ORIENTED_EDGE ( 'NONE', *, *, #847, .T. ) ;
#859 = VERTEX_POINT ( 'NONE', #3365 ) ;
#860 = ADVANCED_FACE ( 'NONE', ( #3362 ), #3315, .F. ) ;
#861 = ORIENTED_EDGE ( 'NONE', *, *, #794, .T. ) ;
#862 = ADVANCED_FACE ( 'NONE', ( #3344 ), #3347, .T. ) ;
#863 = EDGE_CURVE ( 'NONE', #789, #869, #3382, .T. ) ;
#864 = ORIENTED_EDGE ( 'NONE', *, *, #784, .T. ) ;
#865 = EDGE_LOOP ( 'NONE', ( #864, #866, #861, #786 ) ) ;
#866 = ORIENTED_EDGE ( 'NONE', *, *, #863, .F. ) ;
#867 = EDGE_LOOP ( 'NONE', ( #793, #857, #894, #897 ) ) ;
#868 = EDGE_CURVE ( 'NONE', #859, #790, #3346, .T. ) ;
#869 = VERTEX_POINT ( 'NONE', #3373 ) ;
#870 = ORIENTED_EDGE ( 'NONE', *, *, #785, .F. ) ;
#871 = DIRECTION ( 'NONE',  ( 1.000000000000000000, 6.898853532133379800E-034, 0.0000000000000000000 ) ) ;
#872 = SURFACE_STYLE_FILL_AREA ( #875 ) ;
#873 = CYLINDRICAL_SURFACE ( 'NONE', #927, 0.01000000000000000500 ) ;
#874 = DIRECTION ( 'NONE',  ( 1.000000000000000000, 6.898853532133379800E-034, 9.915454178714435700E-067 ) ) ;
#875 = FILL_AREA_STYLE ('',( #876 ) ) ;
#876 = FILL_AREA_STYLE_COLOUR ( '', #805 ) ;
#877 = SURFACE_STYLE_FILL_AREA ( #956 ) ;
#878 = CARTESIAN_POINT ( 'NONE',  ( -0.2336014968589119900, 0.01499999999999999900, -0.1836014968589120000 ) ) ;
#879 = VERTEX_POINT ( 'NONE', #3339 ) ;
#880 = EDGE_CURVE ( 'NONE', #890, #895, #3417, .T. ) ;
#881 = ADVANCED_FACE ( 'NONE', ( #3414 ), #3343, .F. ) ;
#882 = ORIENTED_EDGE ( 'NONE', *, *, #832, .F. ) ;
#883 = ORIENTED_EDGE ( 'NONE', *, *, #117, .T. ) ;
#884 = ADVANCED_FACE ( 'NONE', ( #3401 ), #3369, .T. ) ;
#885 = EDGE_CURVE ( 'NONE', #889, #890, #3429, .T. ) ;
#886 = VERTEX_POINT ( 'NONE', #3430 ) ;
#887 = ORIENTED_EDGE ( 'NONE', *, *, #880, .F. ) ;
#888 = EDGE_CURVE ( 'NONE', #900, #890, #3425, .T. ) ;
#889 = VERTEX_POINT ( 'NONE', #3423 ) ;
#890 = VERTEX_POINT ( 'NONE', #3434 ) ;
#891 = EDGE_CURVE ( 'NONE', #879, #886, #3471, .T. ) ;
#892 = ORIENTED_EDGE ( 'NONE', *, *, #893, .F. ) ;
#893 = EDGE_CURVE ( 'NONE', #835, #879, #3472, .T. ) ;
#894 = ORIENTED_EDGE ( 'NONE', *, *, #896, .F. ) ;
#895 = VERTEX_POINT ( 'NONE', #3473 ) ;
#896 = EDGE_CURVE ( 'NONE', #869, #831, #3465, .T. ) ;
#897 = ORIENTED_EDGE ( 'NONE', *, *, #784, .F. ) ;
#898 = EDGE_CURVE ( 'NONE', #886, #900, #3463, .T. ) ;
#899 = EDGE_LOOP ( 'NONE', ( #834, #836, #887, #839 ) ) ;
#900 = VERTEX_POINT ( 'NONE', #3457 ) ;
#901 = EDGE_LOOP ( 'NONE', ( #892, #882, #902, #903 ) ) ;
#902 = ORIENTED_EDGE ( 'NONE', *, *, #904, .T. ) ;
#903 = ORIENTED_EDGE ( 'NONE', *, *, #891, .F. ) ;
#904 = EDGE_CURVE ( 'NONE', #895, #886, #3451, .T. ) ;
#905 = DIRECTION ( 'NONE',  ( 0.0000000000000000000, 1.000000000000000000, 0.0000000000000000000 ) ) ;
#906 = AXIS2_PLACEMENT_3D ( 'NONE', #983, #945, #978 ) ;
#907 = CARTESIAN_POINT ( 'NONE',  ( 0.2336014968589119900, 0.01499999999999999900, 2.316264938183646000E-067 ) ) ;
#908 = LINE ( 'NONE', #907, #948 ) ;
#909 =( GEOMETRIC_REPRESENTATION_CONTEXT ( 3 ) GLOBAL_UNCERTAINTY_ASSIGNED_CONTEXT ( ( #910 ) ) GLOBAL_UNIT_ASSIGNED_CONTEXT ( ( #913, #912, #911 ) ) REPRESENTATION_CONTEXT ( 'NONE', 'WORKASPACE' ) );
#910 = UNCERTAINTY_MEASURE_WITH_UNIT (LENGTH_MEASURE( 1.000000000000000100E-005 ), #913, 'distance_accuracy_value', 'NONE');
#911 =( NAMED_UNIT ( * ) SI_UNIT ( $, .STERADIAN. ) SOLID_ANGLE_UNIT ( ) );
#912 =( NAMED_UNIT ( * ) PLANE_ANGLE_UNIT ( ) SI_UNIT ( $, .RADIAN. ) );
#913 =( LENGTH_UNIT ( ) NAMED_UNIT ( * ) SI_UNIT ( .CENTI., .METRE. ) );
#914 = MECHANICAL_DESIGN_GEOMETRIC_PRESENTATION_REPRESENTATION (  '', ( #916 ), #909 ) ;
#915 = PRESENTATION_LAYER_ASSIGNMENT (  '', '', ( #916 ) ) ;
#916 = STYLED_ITEM ( 'NONE', ( #917 ), #5 ) ;
#917 = PRESENTATION_STYLE_ASSIGNMENT (( #918 ) ) ;
#918 = SURFACE_STYLE_USAGE ( .BOTH. , #919 ) ;
#919 = SURFACE_SIDE_STYLE ('',( #872 ) ) ;
#920 = CARTESIAN_POINT ( 'NONE',  ( 2.050127744336230100E-018, 0.02500000000000000100, 0.1836014968589120000 ) ) ;
#921 = CARTESIAN_POINT ( 'NONE',  ( 0.2336014968589119900, 0.01499999999999999900, 0.1836014968589120000 ) ) ;
#922 = CARTESIAN_POINT ( 'NONE',  ( 0.2389068894936256000, 0.01500000000000000100, 0.1889068894936256100 ) ) ;
#923 = CARTESIAN_POINT ( 'NONE',  ( 0.2428803936584261700, 0.01851545952341731800, 0.1928803936584261600 ) ) ;
#924 = CARTESIAN_POINT ( 'NONE',  ( 0.2435269583753253400, 0.02378130656594847800, 0.1935269583753252100 ) ) ;
#925 = EDGE_CURVE ( 'NONE', #1091, #366, #3445, .T. ) ;
#926 = FACE_OUTER_BOUND ( 'NONE', #73, .T. ) ;
#927 = AXIS2_PLACEMENT_3D ( 'NONE', #920, #871, #905 ) ;
#928 =( BOUNDED_CURVE ( )  B_SPLINE_CURVE ( 3, ( #924, #923, #922, #921 ),
 .UNSPECIFIED., .F., .F. ) 
 B_SPLINE_CURVE_WITH_KNOTS ( ( 4, 4 ),
 ( 3.263765701229400100, 4.712388980384689700 ),
 .UNSPECIFIED. ) 
 CURVE ( )  GEOMETRIC_REPRESENTATION_ITEM ( )  RATIONAL_B_SPLINE_CURVE ( ( 1.000000000000000000, 0.8326371471926690100, 0.8326371471926690100, 1.000000000000000000 ) ) 
 REPRESENTATION_ITEM ( '' )  );
#929 = PRESENTATION_STYLE_ASSIGNMENT (( #930 ) ) ;
#930 = SURFACE_STYLE_USAGE ( .BOTH. , #979 ) ;
#931 =( GEOMETRIC_REPRESENTATION_CONTEXT ( 3 ) GLOBAL_UNCERTAINTY_ASSIGNED_CONTEXT ( ( #932 ) ) GLOBAL_UNIT_ASSIGNED_CONTEXT ( ( #936, #934, #933 ) ) REPRESENTATION_CONTEXT ( 'NONE', 'WORKASPACE' ) );
#932 = UNCERTAINTY_MEASURE_WITH_UNIT (LENGTH_MEASURE( 1.000000000000000100E-005 ), #936, 'distance_accuracy_value', 'NONE');
#933 =( NAMED_UNIT ( * ) SI_UNIT ( $, .STERADIAN. ) SOLID_ANGLE_UNIT ( ) );
#934 =( NAMED_UNIT ( * ) PLANE_ANGLE_UNIT ( ) SI_UNIT ( $, .RADIAN. ) );
#935 = ORIENTED_EDGE ( 'NONE', *, *, #223, .T. ) ;
#936 =( LENGTH_UNIT ( ) NAMED_UNIT ( * ) SI_UNIT ( .CENTI., .METRE. ) );
#937 = MECHANICAL_DESIGN_GEOMETRIC_PRESENTATION_REPRESENTATION (  '', ( #939 ), #931 ) ;
#938 = PRESENTATION_LAYER_ASSIGNMENT (  '', '', ( #939 ) ) ;
#939 = STYLED_ITEM ( 'NONE', ( #940 ), #9 ) ;
#940 = PRESENTATION_STYLE_ASSIGNMENT (( #941 ) ) ;
#941 = SURFACE_STYLE_USAGE ( .BOTH. , #942 ) ;
#942 = SURFACE_SIDE_STYLE ('',( #877 ) ) ;
#943 = SURFACE_STYLE_FILL_AREA ( #950 ) ;
#944 = FACE_OUTER_BOUND ( 'NONE', #18, .T. ) ;
#945 = DIRECTION ( 'NONE',  ( 1.000000000000000000, 0.0000000000000000000, 0.0000000000000000000 ) ) ;
#946 = PLANE ( 'NONE',  #951 ) ;
#947 = DIRECTION ( 'NONE',  ( -0.0000000000000000000, 1.437261152527789900E-033, -1.000000000000000000 ) ) ;
#948 = VECTOR ( 'NONE', #947, 100.0000000000000000 ) ;
#949 = COLOUR_RGB ( '',0.7843137254901960700, 0.7843137254901960700, 0.8627450980392157300 ) ;
#950 = FILL_AREA_STYLE ('',( #981 ) ) ;
#951 = AXIS2_PLACEMENT_3D ( 'NONE', #963, #962, #961 ) ;
#952 = FACE_OUTER_BOUND ( 'NONE', #45, .T. ) ;
#953 = VECTOR ( 'NONE', #874, 100.0000000000000000 ) ;
#954 = CYLINDRICAL_SURFACE ( 'NONE', #906, 0.009999999999999419100 ) ;
#955 = CARTESIAN_POINT ( 'NONE',  ( 0.2336014968589119900, 0.01499999999999999900, 0.1836014968589120000 ) ) ;
#956 = FILL_AREA_STYLE ('',( #959 ) ) ;
#957 = LINE ( 'NONE', #958, #953 ) ;
#958 = CARTESIAN_POINT ( 'NONE',  ( 2.733503659114970200E-018, 0.01499999999999999900, 0.1836014968589120000 ) ) ;
#959 = FILL_AREA_STYLE_COLOUR ( '', #949 ) ;
#960 = ORIENTED_EDGE ( 'NONE', *, *, #133, .T. ) ;
#961 = DIRECTION ( 'NONE',  ( 0.0000000000000000000, 0.9925461516413220900, -0.1218693434051470200 ) ) ;
#962 = DIRECTION ( 'NONE',  ( 8.407587502093783000E-035, -0.1218693434051470200, -0.9925461516413220900 ) ) ;
#963 = CARTESIAN_POINT ( 'NONE',  ( 1.366751829557480300E-018, 0.04574999999999999900, -0.1962243747522360300 ) ) ;
#964 = FILL_AREA_STYLE_COLOUR ( '', #1011 ) ;
#965 = ORIENTED_EDGE ( 'NONE', *, *, #925, .F. ) ;
#966 = FACE_OUTER_BOUND ( 'NONE', #326, .T. ) ;
#967 =( GEOMETRIC_REPRESENTATION_CONTEXT ( 3 ) GLOBAL_UNCERTAINTY_ASSIGNED_CONTEXT ( ( #970 ) ) GLOBAL_UNIT_ASSIGNED_CONTEXT ( ( #973, #972, #971 ) ) REPRESENTATION_CONTEXT ( 'NONE', 'WORKASPACE' ) );
#968 = ORIENTED_EDGE ( 'NONE', *, *, #259, .T. ) ;
#969 = ORIENTED_EDGE ( 'NONE', *, *, #647, .F. ) ;
#970 = UNCERTAINTY_MEASURE_WITH_UNIT (LENGTH_MEASURE( 1.000000000000000100E-005 ), #973, 'distance_accuracy_value', 'NONE');
#971 =( NAMED_UNIT ( * ) SI_UNIT ( $, .STERADIAN. ) SOLID_ANGLE_UNIT ( ) );
#972 =( NAMED_UNIT ( * ) PLANE_ANGLE_UNIT ( ) SI_UNIT ( $, .RADIAN. ) );
#973 =( LENGTH_UNIT ( ) NAMED_UNIT ( * ) SI_UNIT ( .CENTI., .METRE. ) );
#974 = MECHANICAL_DESIGN_GEOMETRIC_PRESENTATION_REPRESENTATION (  '', ( #976 ), #967 ) ;
#975 = PRESENTATION_LAYER_ASSIGNMENT (  '', '', ( #976 ) ) ;
#976 = STYLED_ITEM ( 'NONE', ( #929 ), #10 ) ;
#977 = DIRECTION ( 'NONE',  ( 0.9925461516413222100, -0.1218693434051465700, -1.751580729602863500E-034 ) ) ;
#978 = DIRECTION ( 'NONE',  ( 0.0000000000000000000, 0.0000000000000000000, -1.000000000000000000 ) ) ;
#979 = SURFACE_SIDE_STYLE ('',( #943 ) ) ;
#980 = CARTESIAN_POINT ( 'NONE',  ( 0.08450000000000000600, 0.03277457391382445500, -0.2509055548476031300 ) ) ;
#981 = FILL_AREA_STYLE_COLOUR ( '', #982 ) ;
#982 = COLOUR_RGB ( '',0.1960784313725490200, 0.1960784313725490200, 0.1960784313725490200 ) ;
#983 = CARTESIAN_POINT ( 'NONE',  ( 0.06350000000000000100, 0.03408217201024139900, -0.2608196956181509900 ) ) ;
#984 = DIRECTION ( 'NONE',  ( 0.1218693434051465700, 0.9925461516413222100, 0.0000000000000000000 ) ) ;
#985 =( GEOMETRIC_REPRESENTATION_CONTEXT ( 3 ) GLOBAL_UNCERTAINTY_ASSIGNED_CONTEXT ( ( #986 ) ) GLOBAL_UNIT_ASSIGNED_CONTEXT ( ( #989, #988, #987 ) ) REPRESENTATION_CONTEXT ( 'NONE', 'WORKASPACE' ) );
#986 = UNCERTAINTY_MEASURE_WITH_UNIT (LENGTH_MEASURE( 1.000000000000000100E-005 ), #989, 'distance_accuracy_value', 'NONE');
#987 =( NAMED_UNIT ( * ) SI_UNIT ( $, .STERADIAN. ) SOLID_ANGLE_UNIT ( ) );
#988 =( NAMED_UNIT ( * ) PLANE_ANGLE_UNIT ( ) SI_UNIT ( $, .RADIAN. ) );
#989 =( LENGTH_UNIT ( ) NAMED_UNIT ( * ) SI_UNIT ( .CENTI., .METRE. ) );
#990 = MECHANICAL_DESIGN_GEOMETRIC_PRESENTATION_REPRESENTATION (  '', ( #992 ), #985 ) ;
#991 = PRESENTATION_LAYER_ASSIGNMENT (  '', '', ( #992 ) ) ;
#992 = STYLED_ITEM ( 'NONE', ( #993 ), #26 ) ;
#993 = PRESENTATION_STYLE_ASSIGNMENT (( #997 ) ) ;
#994 = VERTEX_POINT ( 'NONE', #3474 ) ;
#995 = CARTESIAN_POINT ( 'NONE',  ( -0.08450000000000000600, 0.07068431390853430200, 0.2459055548476031800 ) ) ;
#996 = FACE_OUTER_BOUND ( 'NONE', #163, .T. ) ;
#997 = SURFACE_STYLE_USAGE ( .BOTH. , #998 ) ;
#998 = SURFACE_SIDE_STYLE ('',( #999 ) ) ;
#999 = SURFACE_STYLE_FILL_AREA ( #1000 ) ;
#1000 = FILL_AREA_STYLE ('',( #964 ) ) ;
#1001 = DIRECTION ( 'NONE',  ( 1.000000000000000000, 6.898853532133379800E-034, -0.0000000000000000000 ) ) ;
#1002 = VECTOR ( 'NONE', #1001, 100.0000000000000000 ) ;
#1003 = CARTESIAN_POINT ( 'NONE',  ( 2.050127744336230100E-018, 0.02378130656594847100, -0.1935269583753252100 ) ) ;
#1004 = LINE ( 'NONE', #1003, #1002 ) ;
#1005 = CARTESIAN_POINT ( 'NONE',  ( 0.2370651210800817400, 0.1750000000000000700, -0.1870651210800817500 ) ) ;
#1006 = CARTESIAN_POINT ( 'NONE',  ( 0.2317597284453679900, 0.1750000000000000200, -0.1817597284453680000 ) ) ;
#1007 = DIRECTION ( 'NONE',  ( 0.1209742911513539700, -0.9852565360152928400, 0.1209742911513572200 ) ) ;
#1008 = VECTOR ( 'NONE', #1007, 100.0000000000000100 ) ;
#1009 = CARTESIAN_POINT ( 'NONE',  ( -0.2500000000000002800, 0.07649999999999997100, -0.2000000000000000900 ) ) ;
#1010 = LINE ( 'NONE', #1009, #1008 ) ;
#1011 = COLOUR_RGB ( '',0.1960784313725490200, 0.1960784313725490200, 0.1960784313725490200 ) ;
#1012 = CARTESIAN_POINT ( 'NONE',  ( 0.2435269583753253400, 0.02378130656594847800, 0.1935269583753252100 ) ) ;
#1013 = DIRECTION ( 'NONE',  ( -0.1209742911513572300, -0.9852565360152928400, 0.1209742911513540000 ) ) ;
#1014 = VECTOR ( 'NONE', #1013, 100.0000000000000100 ) ;
#1015 = CARTESIAN_POINT ( 'NONE',  ( 0.2500000000000000000, 0.07649999999999995700, -0.2000000000000003200 ) ) ;
#1016 = LINE ( 'NONE', #1015, #1014 ) ;
#1017 = CARTESIAN_POINT ( 'NONE',  ( 0.2462243747522359900, 0.04574999999999999900, 4.419578044022950500E-035 ) ) ;
#1018 =( BOUNDED_CURVE ( )  B_SPLINE_CURVE ( 3, ( #1066, #1065, #1064, #1063 ),
 .UNSPECIFIED., .F., .F. ) 
 B_SPLINE_CURVE_WITH_KNOTS ( ( 4, 4 ),
 ( 3.263765701229398400, 4.712388980384689700 ),
 .UNSPECIFIED. ) 
 CURVE ( )  GEOMETRIC_REPRESENTATION_ITEM ( )  RATIONAL_B_SPLINE_CURVE ( ( 1.000000000000000000, 0.8326371471926684600, 0.8326371471926684600, 1.000000000000000000 ) ) 
 REPRESENTATION_ITEM ( '' )  );
#1019 = LINE ( 'NONE', #1062, #1061 ) ;
#1020 = CARTESIAN_POINT ( 'NONE',  ( -0.1905000000000000000, 0.002126026898095469100, 0.2591449450183779800 ) ) ;
#1021 = CARTESIAN_POINT ( 'NONE',  ( -0.2336014968589119900, 0.01499999999999999900, -0.1836014968589120000 ) ) ;
#1022 = CARTESIAN_POINT ( 'NONE',  ( -0.2389068894936256000, 0.01500000000000000100, -0.1889068894936256100 ) ) ;
#1023 = CARTESIAN_POINT ( 'NONE',  ( -0.2428803936584261700, 0.01851545952341731800, -0.1928803936584261600 ) ) ;
#1024 = CARTESIAN_POINT ( 'NONE',  ( -0.2435269583753253400, 0.02378130656594847800, -0.1935269583753252100 ) ) ;
#1025 = ORIENTED_EDGE ( 'NONE', *, *, #3055, .F. ) ;
#1026 =( BOUNDED_CURVE ( )  B_SPLINE_CURVE ( 3, ( #1024, #1023, #1022, #1021 ),
 .UNSPECIFIED., .F., .T. ) 
 B_SPLINE_CURVE_WITH_KNOTS ( ( 4, 4 ),
 ( 3.263765701229400100, 4.712388980384689700 ),
 .UNSPECIFIED. ) 
 CURVE ( )  GEOMETRIC_REPRESENTATION_ITEM ( )  RATIONAL_B_SPLINE_CURVE ( ( 1.000000000000000000, 0.8326371471926690100, 0.8326371471926690100, 1.000000000000000000 ) ) 
 REPRESENTATION_ITEM ( '' )  );
#1027 = DIRECTION ( 'NONE',  ( 0.0000000000000000000, -1.000000000000000000, 0.0000000000000000000 ) ) ;
#1028 = DIRECTION ( 'NONE',  ( -1.000000000000000000, -6.898853532133379800E-034, 0.0000000000000000000 ) ) ;
#1029 = CARTESIAN_POINT ( 'NONE',  ( 2.050127744336230100E-018, 0.02500000000000000100, -0.1836014968589120000 ) ) ;
#1030 = AXIS2_PLACEMENT_3D ( 'NONE', #1029, #1028, #1027 ) ;
#1031 = CYLINDRICAL_SURFACE ( 'NONE', #1030, 0.01000000000000000500 ) ;
#1032 = CARTESIAN_POINT ( 'NONE',  ( -0.1695000000000000100, 0.02409587666269656000, 0.2602963360557218300 ) ) ;
#1033 = CARTESIAN_POINT ( 'NONE',  ( -0.2435269583753253400, 0.02378130656594847800, -0.1935269583753252100 ) ) ;
#1034 = PLANE ( 'NONE',  #1042 ) ;
#1035 = STYLED_ITEM ( 'NONE', ( #1036 ), #39 ) ;
#1036 = PRESENTATION_STYLE_ASSIGNMENT (( #1037 ) ) ;
#1037 = SURFACE_STYLE_USAGE ( .BOTH. , #1038 ) ;
#1038 = SURFACE_SIDE_STYLE ('',( #1039 ) ) ;
#1039 = SURFACE_STYLE_FILL_AREA ( #1051 ) ;
#1040 = FILL_AREA_STYLE_COLOUR ( '', #1109 ) ;
#1041 = COLOUR_RGB ( '',0.1960784313725490200, 0.1960784313725490200, 0.1960784313725490200 ) ;
#1042 = AXIS2_PLACEMENT_3D ( 'NONE', #1084, #1083, #1082 ) ;
#1043 = DIRECTION ( 'NONE',  ( 0.0000000000000000000, 0.9914140770548246500, 0.1307598096416873200 ) ) ;
#1044 = VECTOR ( 'NONE', #1043, 100.0000000000000000 ) ;
#1045 = CARTESIAN_POINT ( 'NONE',  ( 0.08450000000000000600, 0.03277457391382429500, -0.2509055548476030200 ) ) ;
#1046 = LINE ( 'NONE', #1045, #1044 ) ;
#1047 = AXIS2_PLACEMENT_3D ( 'NONE', #1119, #1118, #1117 ) ;
#1048 = DIRECTION ( 'NONE',  ( -1.000000000000000000, 0.0000000000000000000, 0.0000000000000000000 ) ) ;
#1049 = VECTOR ( 'NONE', #1048, 100.0000000000000000 ) ;
#1050 = COLOUR_RGB ( '',0.1960784313725490200, 0.1960784313725490200, 0.1960784313725490200 ) ;
#1051 = FILL_AREA_STYLE ('',( #1059 ) ) ;
#1052 = DIRECTION ( 'NONE',  ( -1.000000000000000000, 0.0000000000000000000, 0.0000000000000000000 ) ) ;
#1053 = VECTOR ( 'NONE', #1052, 100.0000000000000000 ) ;
#1054 = LINE ( 'NONE', #1020, #1049 ) ;
#1055 = FACE_OUTER_BOUND ( 'NONE', #47, .T. ) ;
#1056 = FACE_OUTER_BOUND ( 'NONE', #5719, .T. ) ;
#1057 = CARTESIAN_POINT ( 'NONE',  ( 0.06350000000000000100, 0.07068431390853464900, -0.2459055548476033500 ) ) ;
#1058 = LINE ( 'NONE', #1057, #1053 ) ;
#1059 = FILL_AREA_STYLE_COLOUR ( '', #1041 ) ;
#1060 = DIRECTION ( 'NONE',  ( -1.000000000000000000, -6.898853532133379800E-034, -9.915454178714435700E-067 ) ) ;
#1061 = VECTOR ( 'NONE', #1060, 100.0000000000000000 ) ;
#1062 = CARTESIAN_POINT ( 'NONE',  ( 2.733503659114970200E-018, 0.01499999999999999900, -0.1836014968589120000 ) ) ;
#1063 = CARTESIAN_POINT ( 'NONE',  ( 0.2336014968589119900, 0.01499999999999999900, -0.1836014968589120000 ) ) ;
#1064 = CARTESIAN_POINT ( 'NONE',  ( 0.2389068894936255100, 0.01500000000000000300, -0.1889068894936256300 ) ) ;
#1065 = CARTESIAN_POINT ( 'NONE',  ( 0.2428803936584261700, 0.01851545952341732800, -0.1928803936584261600 ) ) ;
#1066 = CARTESIAN_POINT ( 'NONE',  ( 0.2435269583753251800, 0.02378130656594849800, -0.1935269583753253500 ) ) ;
#1067 =( LENGTH_UNIT ( ) NAMED_UNIT ( * ) SI_UNIT ( .CENTI., .METRE. ) );
#1068 = MECHANICAL_DESIGN_GEOMETRIC_PRESENTATION_REPRESENTATION (  '', ( #1070 ), #1122 ) ;
#1069 = PRESENTATION_LAYER_ASSIGNMENT (  '', '', ( #1070 ) ) ;
#1070 = STYLED_ITEM ( 'NONE', ( #1071 ), #41 ) ;
#1071 = PRESENTATION_STYLE_ASSIGNMENT (( #1072 ) ) ;
#1072 = SURFACE_STYLE_USAGE ( .BOTH. , #1073 ) ;
#1073 = SURFACE_SIDE_STYLE ('',( #1074 ) ) ;
#1074 = SURFACE_STYLE_FILL_AREA ( #1086 ) ;
#1075 = PLANE ( 'NONE',  #1047 ) ;
#1076 = DIRECTION ( 'NONE',  ( -0.1209742911513539700, 0.9852565360152928400, 0.1209742911513572200 ) ) ;
#1077 = VECTOR ( 'NONE', #1076, 100.0000000000000100 ) ;
#1078 = CARTESIAN_POINT ( 'NONE',  ( -0.2435269583753254500, 0.02378130656594843900, 0.1935269583753251000 ) ) ;
#1079 = FILL_AREA_STYLE_COLOUR ( '', #1050 ) ;
#1080 = CARTESIAN_POINT ( 'NONE',  ( 0.04250000000000000300, 0.07068431390853459300, -0.2459055548476029600 ) ) ;
#1081 = LINE ( 'NONE', #1080, #1116 ) ;
#1082 = DIRECTION ( 'NONE',  ( 0.0000000000000000000, -0.9925461516413220900, -0.1218693434051470200 ) ) ;
#1083 = DIRECTION ( 'NONE',  ( 8.407587502093783000E-035, -0.1218693434051470200, 0.9925461516413220900 ) ) ;
#1084 = CARTESIAN_POINT ( 'NONE',  ( 1.366751829557480300E-018, 0.04574999999999999900, 0.1962243747522360300 ) ) ;
#1085 = LINE ( 'NONE', #1078, #1077 ) ;
#1086 = FILL_AREA_STYLE ('',( #1079 ) ) ;
#1087 = CARTESIAN_POINT ( 'NONE',  ( 0.04250000000000000300, 0.03277457391382445500, -0.2509055548476031300 ) ) ;
#1088 =( GEOMETRIC_REPRESENTATION_CONTEXT ( 3 ) GLOBAL_UNCERTAINTY_ASSIGNED_CONTEXT ( ( #1089 ) ) GLOBAL_UNIT_ASSIGNED_CONTEXT ( ( #1093, #1092, #1090 ) ) REPRESENTATION_CONTEXT ( 'NONE', 'WORKASPACE' ) );
#1089 = UNCERTAINTY_MEASURE_WITH_UNIT (LENGTH_MEASURE( 1.000000000000000100E-005 ), #1093, 'distance_accuracy_value', 'NONE');
#1090 =( NAMED_UNIT ( * ) SI_UNIT ( $, .STERADIAN. ) SOLID_ANGLE_UNIT ( ) );
#1091 = VERTEX_POINT ( 'NONE', #3447 ) ;
#1092 =( NAMED_UNIT ( * ) PLANE_ANGLE_UNIT ( ) SI_UNIT ( $, .RADIAN. ) );
#1093 =( LENGTH_UNIT ( ) NAMED_UNIT ( * ) SI_UNIT ( .CENTI., .METRE. ) );
#1094 = MECHANICAL_DESIGN_GEOMETRIC_PRESENTATION_REPRESENTATION (  '', ( #1035 ), #1088 ) ;
#1095 = PRESENTATION_LAYER_ASSIGNMENT (  '', '', ( #1035 ) ) ;
#1096 = STYLED_ITEM ( 'NONE', ( #1097 ), #55 ) ;
#1097 = PRESENTATION_STYLE_ASSIGNMENT (( #1098 ) ) ;
#1098 = SURFACE_STYLE_USAGE ( .BOTH. , #1099 ) ;
#1099 = SURFACE_SIDE_STYLE ('',( #1100 ) ) ;
#1100 = SURFACE_STYLE_FILL_AREA ( #1101 ) ;
#1101 = FILL_AREA_STYLE ('',( #1121 ) ) ;
#1102 = SURFACE_STYLE_USAGE ( .BOTH. , #1103 ) ;
#1103 = SURFACE_SIDE_STYLE ('',( #1111 ) ) ;
#1104 = COLOUR_RGB ( '',0.7803921568627451000, 0.7803921568627451000, 0.8627450980392157300 ) ;
#1105 = CARTESIAN_POINT ( 'NONE',  ( 0.08450000000000000600, 0.07068431390853430200, -0.2459055548476031800 ) ) ;
#1106 = CARTESIAN_POINT ( 'NONE',  ( 0.04250000000000000300, 0.07068431390853430200, -0.2459055548476031800 ) ) ;
#1107 = DIRECTION ( 'NONE',  ( -1.000000000000000000, -0.0000000000000000000, -0.0000000000000000000 ) ) ;
#1108 = VECTOR ( 'NONE', #1107, 100.0000000000000000 ) ;
#1109 = COLOUR_RGB ( '',0.7843137254901960700, 0.7843137254901960700, 0.8627450980392157300 ) ;
#1110 = DIRECTION ( 'NONE',  ( 0.0000000000000000000, -0.9914140770548246500, -0.1307598096416873200 ) ) ;
#1111 = SURFACE_STYLE_FILL_AREA ( #1112 ) ;
#1112 = FILL_AREA_STYLE ('',( #1040 ) ) ;
#1113 = PLANE ( 'NONE',  #1165 ) ;
#1114 = CARTESIAN_POINT ( 'NONE',  ( 0.06350000000000000100, 0.03277457391382435100, -0.2509055548476033500 ) ) ;
#1115 = LINE ( 'NONE', #1114, #1108 ) ;
#1116 = VECTOR ( 'NONE', #1110, 100.0000000000000000 ) ;
#1117 = DIRECTION ( 'NONE',  ( 0.0000000000000000000, -1.437261152527789900E-033, 1.000000000000000000 ) ) ;
#1118 = DIRECTION ( 'NONE',  ( -6.898853532133379800E-034, 1.000000000000000000, 1.437261152527789900E-033 ) ) ;
#1119 = CARTESIAN_POINT ( 'NONE',  ( 2.733503659114970200E-018, 0.01499999999999999900, 0.0000000000000000000 ) ) ;
#1120 = ORIENTED_EDGE ( 'NONE', *, *, #1842, .F. ) ;
#1121 = FILL_AREA_STYLE_COLOUR ( '', #1104 ) ;
#1122 =( GEOMETRIC_REPRESENTATION_CONTEXT ( 3 ) GLOBAL_UNCERTAINTY_ASSIGNED_CONTEXT ( ( #1123 ) ) GLOBAL_UNIT_ASSIGNED_CONTEXT ( ( #1067, #1125, #1124 ) ) REPRESENTATION_CONTEXT ( 'NONE', 'WORKASPACE' ) );
#1123 = UNCERTAINTY_MEASURE_WITH_UNIT (LENGTH_MEASURE( 1.000000000000000100E-005 ), #1067, 'distance_accuracy_value', 'NONE');
#1124 =( NAMED_UNIT ( * ) SI_UNIT ( $, .STERADIAN. ) SOLID_ANGLE_UNIT ( ) );
#1125 =( NAMED_UNIT ( * ) PLANE_ANGLE_UNIT ( ) SI_UNIT ( $, .RADIAN. ) );
#1126 = UNCERTAINTY_MEASURE_WITH_UNIT (LENGTH_MEASURE( 1.000000000000000100E-005 ), #1129, 'distance_accuracy_value', 'NONE');
#1127 =( NAMED_UNIT ( * ) SI_UNIT ( $, .STERADIAN. ) SOLID_ANGLE_UNIT ( ) );
#1128 =( NAMED_UNIT ( * ) PLANE_ANGLE_UNIT ( ) SI_UNIT ( $, .RADIAN. ) );
#1129 =( LENGTH_UNIT ( ) NAMED_UNIT ( * ) SI_UNIT ( .CENTI., .METRE. ) );
#1130 = MECHANICAL_DESIGN_GEOMETRIC_PRESENTATION_REPRESENTATION (  '', ( #1132 ), #1167 ) ;
#1131 = PRESENTATION_LAYER_ASSIGNMENT (  '', '', ( #1132 ) ) ;
#1132 = STYLED_ITEM ( 'NONE', ( #1134 ), #57 ) ;
#1133 = ORIENTED_EDGE ( 'NONE', *, *, #373, .F. ) ;
#1134 = PRESENTATION_STYLE_ASSIGNMENT (( #1102 ) ) ;
#1135 = CARTESIAN_POINT ( 'NONE',  ( -0.2435269583753253400, 0.02378130656594847800, 0.1935269583753252100 ) ) ;
#1136 = VECTOR ( 'NONE', #1158, 100.0000000000000000 ) ;
#1137 = CARTESIAN_POINT ( 'NONE',  ( -0.2435269583753252300, 0.02378130656594847800, 1.262103079567496000E-035 ) ) ;
#1138 = LINE ( 'NONE', #1137, #1136 ) ;
#1139 = FACE_OUTER_BOUND ( 'NONE', #5730, .T. ) ;
#1140 = CARTESIAN_POINT ( 'NONE',  ( 0.2435269583753251800, 0.02378130656594849800, -0.1935269583753253500 ) ) ;
#1141 =( GEOMETRIC_REPRESENTATION_CONTEXT ( 3 ) GLOBAL_UNCERTAINTY_ASSIGNED_CONTEXT ( ( #1142 ) ) GLOBAL_UNIT_ASSIGNED_CONTEXT ( ( #1145, #1144, #1143 ) ) REPRESENTATION_CONTEXT ( 'NONE', 'WORKASPACE' ) );
#1142 = UNCERTAINTY_MEASURE_WITH_UNIT (LENGTH_MEASURE( 1.000000000000000100E-005 ), #1145, 'distance_accuracy_value', 'NONE');
#1143 =( NAMED_UNIT ( * ) SI_UNIT ( $, .STERADIAN. ) SOLID_ANGLE_UNIT ( ) );
#1144 =( NAMED_UNIT ( * ) PLANE_ANGLE_UNIT ( ) SI_UNIT ( $, .RADIAN. ) );
#1145 =( LENGTH_UNIT ( ) NAMED_UNIT ( * ) SI_UNIT ( .CENTI., .METRE. ) );
#1146 = MECHANICAL_DESIGN_GEOMETRIC_PRESENTATION_REPRESENTATION (  '', ( #1096 ), #1141 ) ;
#1147 = PRESENTATION_LAYER_ASSIGNMENT (  '', '', ( #1096 ) ) ;
#1148 = CARTESIAN_POINT ( 'NONE',  ( 0.2435269583753252300, 0.02378130656594847800, 1.262103079567495500E-035 ) ) ;
#1149 = LINE ( 'NONE', #1148, #1199 ) ;
#1150 = COLOUR_RGB ( '',0.1960784313725490200, 0.1960784313725490200, 0.1960784313725490200 ) ;
#1151 = CARTESIAN_POINT ( 'NONE',  ( -0.2435269583753253400, 0.02378130656594847800, 0.1935269583753252100 ) ) ;
#1152 = CARTESIAN_POINT ( 'NONE',  ( -0.2428803936584261200, 0.01851545952341731800, 0.1928803936584261600 ) ) ;
#1153 = CARTESIAN_POINT ( 'NONE',  ( -0.2389068894936256000, 0.01500000000000000100, 0.1889068894936256100 ) ) ;
#1154 = CARTESIAN_POINT ( 'NONE',  ( -0.2336014968589119900, 0.01499999999999999900, 0.1836014968589120000 ) ) ;
#1155 = FACE_OUTER_BOUND ( 'NONE', #71, .T. ) ;
#1156 =( BOUNDED_CURVE ( )  B_SPLINE_CURVE ( 3, ( #1154, #1153, #1152, #1151 ),
 .UNSPECIFIED., .F., .T. ) 
 B_SPLINE_CURVE_WITH_KNOTS ( ( 4, 4 ),
 ( 4.712388980384689700, 6.161012259539979200 ),
 .UNSPECIFIED. ) 
 CURVE ( )  GEOMETRIC_REPRESENTATION_ITEM ( )  RATIONAL_B_SPLINE_CURVE ( ( 1.000000000000000000, 0.8326371471926690100, 0.8326371471926690100, 1.000000000000000000 ) ) 
 REPRESENTATION_ITEM ( '' )  );
#1157 = FILL_AREA_STYLE_COLOUR ( '', #1150 ) ;
#1158 = DIRECTION ( 'NONE',  ( -2.154269365246049800E-050, 1.437261152527789900E-033, -1.000000000000000000 ) ) ;
#1159 = CARTESIAN_POINT ( 'NONE',  ( -0.2336014968589119900, 0.01499999999999999900, 0.1836014968589120000 ) ) ;
#1160 = AXIS2_PLACEMENT_3D ( 'NONE', #1178, #1177, #1176 ) ;
#1161 = CARTESIAN_POINT ( 'NONE',  ( -0.08450000000000000600, 0.03277457391382445500, 0.2509055548476031300 ) ) ;
#1162 = DIRECTION ( 'NONE',  ( 0.0000000000000000000, 0.9914140770548247600, 0.1307598096416859300 ) ) ;
#1163 = DIRECTION ( 'NONE',  ( 0.0000000000000000000, 0.1307598096416859300, -0.9914140770548247600 ) ) ;
#1164 = CARTESIAN_POINT ( 'NONE',  ( 0.06350000000000000100, 0.07068431390853459300, -0.2459055548476029600 ) ) ;
#1165 = AXIS2_PLACEMENT_3D ( 'NONE', #1164, #1163, #1162 ) ;
#1166 = PLANE ( 'NONE',  #1160 ) ;
#1167 =( GEOMETRIC_REPRESENTATION_CONTEXT ( 3 ) GLOBAL_UNCERTAINTY_ASSIGNED_CONTEXT ( ( #1126 ) ) GLOBAL_UNIT_ASSIGNED_CONTEXT ( ( #1129, #1128, #1127 ) ) REPRESENTATION_CONTEXT ( 'NONE', 'WORKASPACE' ) );
#1168 = CARTESIAN_POINT ( 'NONE',  ( 0.2416851899617816200, 0.1662186934340512100, -0.1916851899617814900 ) ) ;
#1169 = DIRECTION ( 'NONE',  ( 1.000000000000000000, 0.0000000000000000000, 0.0000000000000000000 ) ) ;
#1170 = VECTOR ( 'NONE', #1169, 100.0000000000000000 ) ;
#1171 = CARTESIAN_POINT ( 'NONE',  ( -0.06350000000000000100, 0.07068431390853464900, 0.2459055548476033500 ) ) ;
#1172 = VECTOR ( 'NONE', #1183, 100.0000000000000000 ) ;
#1173 = CARTESIAN_POINT ( 'NONE',  ( 2.050127744336230100E-018, 0.02378130656594846700, 0.1935269583753252100 ) ) ;
#1174 = LINE ( 'NONE', #1173, #1172 ) ;
#1175 = PLANE ( 'NONE',  #1221 ) ;
#1176 = DIRECTION ( 'NONE',  ( 0.1218693434051465700, -0.9925461516413222100, 0.0000000000000000000 ) ) ;
#1177 = DIRECTION ( 'NONE',  ( -0.9925461516413222100, -0.1218693434051465700, -1.751580729602863500E-034 ) ) ;
#1178 = CARTESIAN_POINT ( 'NONE',  ( -0.2462243747522359900, 0.04574999999999999900, 4.419578044022950500E-035 ) ) ;
#1179 = FILL_AREA_STYLE ('',( #1220 ) ) ;
#1180 = EDGE_CURVE ( 'NONE', #720, #1091, #3506, .T. ) ;
#1181 = LINE ( 'NONE', #1171, #1170 ) ;
#1182 = LINE ( 'NONE', #1228, #1227 ) ;
#1183 = DIRECTION ( 'NONE',  ( -1.000000000000000000, -6.898853532133379800E-034, -0.0000000000000000000 ) ) ;
#1184 =( GEOMETRIC_REPRESENTATION_CONTEXT ( 3 ) GLOBAL_UNCERTAINTY_ASSIGNED_CONTEXT ( ( #1185 ) ) GLOBAL_UNIT_ASSIGNED_CONTEXT ( ( #1188, #1187, #1186 ) ) REPRESENTATION_CONTEXT ( 'NONE', 'WORKASPACE' ) );
#1185 = UNCERTAINTY_MEASURE_WITH_UNIT (LENGTH_MEASURE( 1.000000000000000100E-005 ), #1188, 'distance_accuracy_value', 'NONE');
#1186 =( NAMED_UNIT ( * ) SI_UNIT ( $, .STERADIAN. ) SOLID_ANGLE_UNIT ( ) );
#1187 =( NAMED_UNIT ( * ) PLANE_ANGLE_UNIT ( ) SI_UNIT ( $, .RADIAN. ) );
#1188 =( LENGTH_UNIT ( ) NAMED_UNIT ( * ) SI_UNIT ( .CENTI., .METRE. ) );
#1189 = ORIENTED_EDGE ( 'NONE', *, *, #647, .T. ) ;
#1190 = MECHANICAL_DESIGN_GEOMETRIC_PRESENTATION_REPRESENTATION (  '', ( #1192 ), #1184 ) ;
#1191 = PRESENTATION_LAYER_ASSIGNMENT (  '', '', ( #1192 ) ) ;
#1192 = STYLED_ITEM ( 'NONE', ( #1193 ), #72 ) ;
#1193 = PRESENTATION_STYLE_ASSIGNMENT (( #1194 ) ) ;
#1194 = SURFACE_STYLE_USAGE ( .BOTH. , #1195 ) ;
#1195 = SURFACE_SIDE_STYLE ('',( #1196 ) ) ;
#1196 = SURFACE_STYLE_FILL_AREA ( #1197 ) ;
#1197 = FILL_AREA_STYLE ('',( #1157 ) ) ;
#1198 = DIRECTION ( 'NONE',  ( -2.154269365246049800E-050, -1.437261152527789900E-033, 1.000000000000000000 ) ) ;
#1199 = VECTOR ( 'NONE', #1198, 100.0000000000000000 ) ;
#1200 = SURFACE_SIDE_STYLE ('',( #1201 ) ) ;
#1201 = SURFACE_STYLE_FILL_AREA ( #1218 ) ;
#1202 = COLOUR_RGB ( '',0.1960784313725490200, 0.1960784313725490200, 0.1960784313725490200 ) ;
#1203 =( GEOMETRIC_REPRESENTATION_CONTEXT ( 3 ) GLOBAL_UNCERTAINTY_ASSIGNED_CONTEXT ( ( #1204 ) ) GLOBAL_UNIT_ASSIGNED_CONTEXT ( ( #1209, #1207, #1206 ) ) REPRESENTATION_CONTEXT ( 'NONE', 'WORKASPACE' ) );
#1204 = UNCERTAINTY_MEASURE_WITH_UNIT (LENGTH_MEASURE( 1.000000000000000100E-005 ), #1209, 'distance_accuracy_value', 'NONE');
#1205 = EDGE_CURVE ( 'NONE', #720, #718, #3497, .T. ) ;
#1206 =( NAMED_UNIT ( * ) SI_UNIT ( $, .STERADIAN. ) SOLID_ANGLE_UNIT ( ) );
#1207 =( NAMED_UNIT ( * ) PLANE_ANGLE_UNIT ( ) SI_UNIT ( $, .RADIAN. ) );
#1208 = ADVANCED_FACE ( 'NONE', ( #3446 ), #3498, .T. ) ;
#1209 =( LENGTH_UNIT ( ) NAMED_UNIT ( * ) SI_UNIT ( .CENTI., .METRE. ) );
#1210 = MECHANICAL_DESIGN_GEOMETRIC_PRESENTATION_REPRESENTATION (  '', ( #1212 ), #1203 ) ;
#1211 = PRESENTATION_LAYER_ASSIGNMENT (  '', '', ( #1212 ) ) ;
#1212 = STYLED_ITEM ( 'NONE', ( #1213 ), #92 ) ;
#1213 = PRESENTATION_STYLE_ASSIGNMENT (( #1214 ) ) ;
#1214 = SURFACE_STYLE_USAGE ( .BOTH. , #1215 ) ;
#1215 = SURFACE_SIDE_STYLE ('',( #1216 ) ) ;
#1217 = EDGE_LOOP ( 'NONE', ( #1189, #821, #1257, #361 ) ) ;
#1216 = SURFACE_STYLE_FILL_AREA ( #1179 ) ;
#1218 = FILL_AREA_STYLE ('',( #1224 ) ) ;
#1219 = CARTESIAN_POINT ( 'NONE',  ( -0.08449999999999999200, 0.02198492488229960100, -0.3005756955186720300 ) ) ;
#1220 = FILL_AREA_STYLE_COLOUR ( '', #1223 ) ;
#1221 = AXIS2_PLACEMENT_3D ( 'NONE', #1017, #977, #984 ) ;
#1222 = FACE_OUTER_BOUND ( 'NONE', #81, .T. ) ;
#1223 = COLOUR_RGB ( '',0.1960784313725490200, 0.1960784313725490200, 0.1960784313725490200 ) ;
#1224 = FILL_AREA_STYLE_COLOUR ( '', #1202 ) ;
#1225 = CARTESIAN_POINT ( 'NONE',  ( -0.04250000000000000300, 0.02409587666269656000, 0.2602963360557218300 ) ) ;
#1226 = DIRECTION ( 'NONE',  ( -0.1209742911513539700, -0.9852565360152928400, -0.1209742911513572200 ) ) ;
#1227 = VECTOR ( 'NONE', #1226, 100.0000000000000100 ) ;
#1228 = CARTESIAN_POINT ( 'NONE',  ( 0.2500000000000002800, 0.07649999999999997100, 0.2000000000000000900 ) ) ;
#1229 = CARTESIAN_POINT ( 'NONE',  ( 0.2410386252448824000, 0.1714845404765825100, -0.1910386252448823800 ) ) ;
#1230 = DIRECTION ( 'NONE',  ( 0.0000000000000000000, 0.0000000000000000000, -1.000000000000000000 ) ) ;
#1231 = DIRECTION ( 'NONE',  ( 1.000000000000000000, 0.0000000000000000000, 0.0000000000000000000 ) ) ;
#1232 = FILL_AREA_STYLE ('',( #1249 ) ) ;
#1233 = SURFACE_STYLE_FILL_AREA ( #1234 ) ;
#1234 = FILL_AREA_STYLE ('',( #1250 ) ) ;
#1235 =( GEOMETRIC_REPRESENTATION_CONTEXT ( 3 ) GLOBAL_UNCERTAINTY_ASSIGNED_CONTEXT ( ( #1236 ) ) GLOBAL_UNIT_ASSIGNED_CONTEXT ( ( #1241, #1238, #1237 ) ) REPRESENTATION_CONTEXT ( 'NONE', 'WORKASPACE' ) );
#1236 = UNCERTAINTY_MEASURE_WITH_UNIT (LENGTH_MEASURE( 1.000000000000000100E-005 ), #1241, 'distance_accuracy_value', 'NONE');
#1237 =( NAMED_UNIT ( * ) SI_UNIT ( $, .STERADIAN. ) SOLID_ANGLE_UNIT ( ) );
#1239 = ORIENTED_EDGE ( 'NONE', *, *, #420, .T. ) ;
#1238 =( NAMED_UNIT ( * ) PLANE_ANGLE_UNIT ( ) SI_UNIT ( $, .RADIAN. ) );
#1240 = ORIENTED_EDGE ( 'NONE', *, *, #1413, .F. ) ;
#1241 =( LENGTH_UNIT ( ) NAMED_UNIT ( * ) SI_UNIT ( .CENTI., .METRE. ) );
#1242 = MECHANICAL_DESIGN_GEOMETRIC_PRESENTATION_REPRESENTATION (  '', ( #1244 ), #1235 ) ;
#1243 = PRESENTATION_LAYER_ASSIGNMENT (  '', '', ( #1244 ) ) ;
#1244 = STYLED_ITEM ( 'NONE', ( #1245 ), #101 ) ;
#1245 = PRESENTATION_STYLE_ASSIGNMENT (( #1246 ) ) ;
#1246 = SURFACE_STYLE_USAGE ( .BOTH. , #1247 ) ;
#1247 = SURFACE_SIDE_STYLE ('',( #1252 ) ) ;
#1248 = COLOUR_RGB ( '',0.1960784313725490200, 0.1960784313725490200, 0.1960784313725490200 ) ;
#1249 = FILL_AREA_STYLE_COLOUR ( '', #1281 ) ;
#1250 = FILL_AREA_STYLE_COLOUR ( '', #1248 ) ;
#1251 = CARTESIAN_POINT ( 'NONE',  ( -0.1905000000000000000, 0.06650000000000000400, 0.2141803043818490400 ) ) ;
#1252 = SURFACE_STYLE_FILL_AREA ( #1253 ) ;
#1253 = FILL_AREA_STYLE ('',( #1264 ) ) ;
#1254 = COLOUR_RGB ( '',0.7843137254901960700, 0.7843137254901960700, 0.8627450980392157300 ) ;
#1255 = AXIS2_PLACEMENT_3D ( 'NONE', #1251, #1231, #1230 ) ;
#1256 = ORIENTED_EDGE ( 'NONE', *, *, #100, .T. ) ;
#1257 = ORIENTED_EDGE ( 'NONE', *, *, #1205, .T. ) ;
#1258 = DIRECTION ( 'NONE',  ( 0.0000000000000000000, 0.05233595624294479900, -0.9986295347545737200 ) ) ;
#1259 = VECTOR ( 'NONE', #1258, 100.0000000000000100 ) ;
#1260 = CARTESIAN_POINT ( 'NONE',  ( -0.2115000000000000200, 0.02198492488229960100, 0.3005756955186720300 ) ) ;
#1261 = LINE ( 'NONE', #1260, #1259 ) ;
#1262 = CYLINDRICAL_SURFACE ( 'NONE', #1255, 0.009999999999999982900 ) ;
#1263 = FACE_OUTER_BOUND ( 'NONE', #124, .T. ) ;
#1264 = FILL_AREA_STYLE_COLOUR ( '', #1254 ) ;
#1265 = SURFACE_STYLE_USAGE ( .BOTH. , #1266 ) ;
#1266 = SURFACE_SIDE_STYLE ('',( #1267 ) ) ;
#1267 = SURFACE_STYLE_FILL_AREA ( #1232 ) ;
#1268 =( BOUNDED_SURFACE ( )  B_SPLINE_SURFACE ( 3, 3, ( 
 ( #1301, #1300, #1299, #1298 ),
 ( #1297, #1296, #1295, #1294 ),
 ( #1293, #1292, #1291, #1290 ),
 ( #1289, #1288, #1287, #1286 ) ),
 .UNSPECIFIED., .F., .F., .F. ) 
 B_SPLINE_SURFACE_WITH_KNOTS ( ( 4, 4 ),
 ( 4, 4 ),
 ( 0.0000000000000000000, 1.000000000000000000 ),
 ( 0.0000000000000000000, 1.000000000000000000 ),
 .UNSPECIFIED. ) 
 GEOMETRIC_REPRESENTATION_ITEM ( )  RATIONAL_B_SPLINE_SURFACE ( (
 ( 1.000000000000000000, 0.3333333333333333700, 0.3333333333333333700, 1.000000000000000000),
 ( 0.8047378541243654900, 0.2682459513747885200, 0.2682459513747885200, 0.8047378541243654900),
 ( 0.8047378541243654900, 0.2682459513747885200, 0.2682459513747885200, 0.8047378541243654900),
 ( 1.000000000000000000, 0.3333333333333333700, 0.3333333333333333700, 1.000000000000000000) ) ) 
 REPRESENTATION_ITEM ( '' )  SURFACE ( )  );
#1269 = FACE_BOUND ( 'NONE', #142, .T. ) ;
#1270 = PLANE ( 'NONE',  #1283 ) ;
#1271 = FACE_OUTER_BOUND ( 'NONE', #138, .T. ) ;
#1272 =( GEOMETRIC_REPRESENTATION_CONTEXT ( 3 ) GLOBAL_UNCERTAINTY_ASSIGNED_CONTEXT ( ( #1273 ) ) GLOBAL_UNIT_ASSIGNED_CONTEXT ( ( #1276, #1275, #1274 ) ) REPRESENTATION_CONTEXT ( 'NONE', 'WORKASPACE' ) );
#1273 = UNCERTAINTY_MEASURE_WITH_UNIT (LENGTH_MEASURE( 1.000000000000000100E-005 ), #1276, 'distance_accuracy_value', 'NONE');
#1274 =( NAMED_UNIT ( * ) SI_UNIT ( $, .STERADIAN. ) SOLID_ANGLE_UNIT ( ) );
#1275 =( NAMED_UNIT ( * ) PLANE_ANGLE_UNIT ( ) SI_UNIT ( $, .RADIAN. ) );
#1276 =( LENGTH_UNIT ( ) NAMED_UNIT ( * ) SI_UNIT ( .CENTI., .METRE. ) );
#1277 = MECHANICAL_DESIGN_GEOMETRIC_PRESENTATION_REPRESENTATION (  '', ( #1279 ), #1272 ) ;
#1278 = PRESENTATION_LAYER_ASSIGNMENT (  '', '', ( #1279 ) ) ;
#1279 = STYLED_ITEM ( 'NONE', ( #1280 ), #102 ) ;
#1280 = PRESENTATION_STYLE_ASSIGNMENT (( #1284 ) ) ;
#1281 = COLOUR_RGB ( '',0.1960784313725490200, 0.1960784313725490200, 0.1960784313725490200 ) ;
#1282 = FACE_OUTER_BOUND ( 'NONE', #112, .T. ) ;
#1283 = AXIS2_PLACEMENT_3D ( 'NONE', #1317, #1316, #1315 ) ;
#1284 = SURFACE_STYLE_USAGE ( .BOTH. , #1285 ) ;
#1285 = SURFACE_SIDE_STYLE ('',( #1233 ) ) ;
#1286 = CARTESIAN_POINT ( 'NONE',  ( -0.1474999999999999900, 0.1649999999999999800, 0.08000000000000000200 ) ) ;
#1287 = CARTESIAN_POINT ( 'NONE',  ( -0.1474999999999999900, 0.1649999999999999800, 0.1250000000000000300 ) ) ;
#1288 = CARTESIAN_POINT ( 'NONE',  ( -0.1925000000000000000, 0.1649999999999999800, 0.1250000000000000300 ) ) ;
#1289 = CARTESIAN_POINT ( 'NONE',  ( -0.1925000000000000300, 0.1649999999999999800, 0.08000000000000000200 ) ) ;
#1290 = CARTESIAN_POINT ( 'NONE',  ( -0.1416421356237309300, 0.1649999999999999200, 0.08000000000000001600 ) ) ;
#1291 = CARTESIAN_POINT ( 'NONE',  ( -0.1416421356237309300, 0.1649999999999999500, 0.1367157287525381200 ) ) ;
#1292 = CARTESIAN_POINT ( 'NONE',  ( -0.1983578643762690900, 0.1649999999999999500, 0.1367157287525381200 ) ) ;
#1293 = CARTESIAN_POINT ( 'NONE',  ( -0.1983578643762691200, 0.1649999999999999200, 0.08000000000000001600 ) ) ;
#1294 = CARTESIAN_POINT ( 'NONE',  ( -0.1375000000000000400, 0.1691421356237309300, 0.08000000000000001600 ) ) ;
#1295 = CARTESIAN_POINT ( 'NONE',  ( -0.1375000000000000400, 0.1691421356237309300, 0.1449999999999999300 ) ) ;
#1296 = CARTESIAN_POINT ( 'NONE',  ( -0.2025000000000000100, 0.1691421356237309300, 0.1449999999999999300 ) ) ;
#1297 = CARTESIAN_POINT ( 'NONE',  ( -0.2024999999999999900, 0.1691421356237309300, 0.08000000000000001600 ) ) ;
#1298 = CARTESIAN_POINT ( 'NONE',  ( -0.1375000000000000400, 0.1749999999999999900, 0.08000000000000000200 ) ) ;
#1299 = CARTESIAN_POINT ( 'NONE',  ( -0.1375000000000000400, 0.1750000000000000200, 0.1449999999999999600 ) ) ;
#1300 = CARTESIAN_POINT ( 'NONE',  ( -0.2024999999999999900, 0.1750000000000000200, 0.1449999999999999600 ) ) ;
#1301 = CARTESIAN_POINT ( 'NONE',  ( -0.2024999999999999900, 0.1749999999999999900, 0.08000000000000000200 ) ) ;
#1302 = ORIENTED_EDGE ( 'NONE', *, *, #254, .T. ) ;
#1303 =( LENGTH_UNIT ( ) NAMED_UNIT ( * ) SI_UNIT ( .CENTI., .METRE. ) );
#1304 = MECHANICAL_DESIGN_GEOMETRIC_PRESENTATION_REPRESENTATION (  '', ( #1306 ), #1320 ) ;
#1305 = PRESENTATION_LAYER_ASSIGNMENT (  '', '', ( #1306 ) ) ;
#1306 = STYLED_ITEM ( 'NONE', ( #1307 ), #106 ) ;
#1307 = PRESENTATION_STYLE_ASSIGNMENT (( #1265 ) ) ;
#1308 = CARTESIAN_POINT ( 'NONE',  ( 0.2416851899617815900, 0.1662186934340512100, 0.1605324426073421200 ) ) ;
#1309 = CARTESIAN_POINT ( 'NONE',  ( 0.2416851899617815900, 0.1662186934340512100, 0.1605324426073421200 ) ) ;
#1310 = CARTESIAN_POINT ( 'NONE',  ( 0.2410386252448824000, 0.1714845404765825400, 0.1545804852557293400 ) ) ;
#1311 = CARTESIAN_POINT ( 'NONE',  ( 0.2370651210800817900, 0.1750000000000000200, 0.1506069810909285400 ) ) ;
#1312 = CARTESIAN_POINT ( 'NONE',  ( 0.2317597284453679900, 0.1750000000000001000, 0.1506069810909283800 ) ) ;
#1313 = LINE ( 'NONE', #1361, #1360 ) ;
#1314 =( BOUNDED_CURVE ( )  B_SPLINE_CURVE ( 3, ( #1312, #1311, #1310, #1309 ),
 .UNSPECIFIED., .F., .T. ) 
 B_SPLINE_CURVE_WITH_KNOTS ( ( 4, 4 ),
 ( 3.141592653589793100, 4.590215932745122600 ),
 .UNSPECIFIED. ) 
 CURVE ( )  GEOMETRIC_REPRESENTATION_ITEM ( )  RATIONAL_B_SPLINE_CURVE ( ( 1.000000000000000000, 0.8326371471926601300, 0.8326371471926601300, 1.000000000000000000 ) ) 
 REPRESENTATION_ITEM ( '' )  );
#1315 = DIRECTION ( 'NONE',  ( 0.0000000000000000000, -1.437261152527789900E-033, 1.000000000000000000 ) ) ;
#1316 = DIRECTION ( 'NONE',  ( -6.898853532133379800E-034, 1.000000000000000000, 1.437261152527789900E-033 ) ) ;
#1317 = CARTESIAN_POINT ( 'NONE',  ( 2.733503659114970200E-018, 0.1749999999999999900, 0.0000000000000000000 ) ) ;
#1318 = LINE ( 'NONE', #1375, #1372 ) ;
#1319 = CARTESIAN_POINT ( 'NONE',  ( -0.2317597284453679900, 0.1750000000000000200, -0.1817597284453680000 ) ) ;
#1320 =( GEOMETRIC_REPRESENTATION_CONTEXT ( 3 ) GLOBAL_UNCERTAINTY_ASSIGNED_CONTEXT ( ( #1321 ) ) GLOBAL_UNIT_ASSIGNED_CONTEXT ( ( #1303, #1323, #1322 ) ) REPRESENTATION_CONTEXT ( 'NONE', 'WORKASPACE' ) );
#1321 = UNCERTAINTY_MEASURE_WITH_UNIT (LENGTH_MEASURE( 1.000000000000000100E-005 ), #1303, 'distance_accuracy_value', 'NONE');
#1322 =( NAMED_UNIT ( * ) SI_UNIT ( $, .STERADIAN. ) SOLID_ANGLE_UNIT ( ) );
#1323 =( NAMED_UNIT ( * ) PLANE_ANGLE_UNIT ( ) SI_UNIT ( $, .RADIAN. ) );
#1324 = VECTOR ( 'NONE', #1347, 100.0000000000000000 ) ;
#1325 = CARTESIAN_POINT ( 'NONE',  ( 2.050127744336230100E-018, 0.1750000000000000200, -0.1817597284453680000 ) ) ;
#1326 = LINE ( 'NONE', #1325, #1324 ) ;
#1327 = FACE_OUTER_BOUND ( 'NONE', #136, .T. ) ;
#1328 = CARTESIAN_POINT ( 'NONE',  ( -0.1694999999999999800, 0.07650000000000001200, 0.2141803043818490400 ) ) ;
#1329 = CARTESIAN_POINT ( 'NONE',  ( -0.1474999999999999900, 0.1650000000000000100, 0.08000000000000000200 ) ) ;
#1330 = CARTESIAN_POINT ( 'NONE',  ( -0.1474865743688609000, 0.1650000000000000100, 0.08284521006907777400 ) ) ;
#1331 = CARTESIAN_POINT ( 'NONE',  ( -0.1480131621108926900, 0.1650000000000000100, 0.08560592039079180400 ) ) ;
#1332 = CARTESIAN_POINT ( 'NONE',  ( -0.1496130637836966500, 0.1650000000000000100, 0.08962023625231736700 ) ) ;
#1333 = CARTESIAN_POINT ( 'NONE',  ( -0.1503696745565064900, 0.1650000000000000400, 0.09110667739441499800 ) ) ;
#1334 = CARTESIAN_POINT ( 'NONE',  ( -0.1520397859555756000, 0.1650000000000000100, 0.09364926793160005500 ) ) ;
#1335 = CARTESIAN_POINT ( 'NONE',  ( -0.1530015750113295500, 0.1650000000000000400, 0.09482657790283001400 ) ) ;
#1336 = CARTESIAN_POINT ( 'NONE',  ( -0.1584441870711955100, 0.1650000000000000100, 0.1002432012721666800 ) ) ;
#1337 = CARTESIAN_POINT ( 'NONE',  ( -0.1638225204885661000, 0.1650000000000000100, 0.1025145746882678600 ) ) ;
#1338 = CARTESIAN_POINT ( 'NONE',  ( -0.1761774795114339500, 0.1650000000000000100, 0.1024854253117322000 ) ) ;
#1339 = CARTESIAN_POINT ( 'NONE',  ( -0.1815521556341832300, 0.1650000000000000100, 0.1002885577731127100 ) ) ;
#1340 = CARTESIAN_POINT ( 'NONE',  ( -0.1902676495192114100, 0.1650000000000000100, 0.09153124738028192700 ) ) ;
#1341 = CARTESIAN_POINT ( 'NONE',  ( -0.1925145746882678300, 0.1650000000000000100, 0.08617747951143391000 ) ) ;
#1342 = SURFACE_STYLE_FILL_AREA ( #1343 ) ;
#1343 = FILL_AREA_STYLE ('',( #1351 ) ) ;
#1344 = CARTESIAN_POINT ( 'NONE',  ( -0.2317597284453679900, 0.1750000000000001000, 0.1506069810909283800 ) ) ;
#1345 = SURFACE_SIDE_STYLE ('',( #1346 ) ) ;
#1346 = SURFACE_STYLE_FILL_AREA ( #1380 ) ;
#1347 = DIRECTION ( 'NONE',  ( 1.000000000000000000, 6.898853532133379800E-034, 0.0000000000000000000 ) ) ;
#1348 = CARTESIAN_POINT ( 'NONE',  ( -0.1925000000000000000, 0.1650000000000000100, 0.08000000000000000200 ) ) ;
#1349 = PLANE ( 'NONE',  #1352 ) ;
#1350 = B_SPLINE_CURVE_WITH_KNOTS ( 'NONE', 3,
 ( #1348, #1341, #1340, #1339, #1338, #1337, #1336, #1335, #1334, #1333, #1332, #1331, #1330, #1329 ),
 .UNSPECIFIED., .F., .F.,
 ( 4, 2, 2, 2, 2, 2, 4 ),
 ( 0.5000000000000000000, 0.6249999999999997800, 0.7499999999999995600, 0.8749999999999991100, 0.9062499999999993300, 0.9374999999999995600, 1.000000000000000000 ),
 .UNSPECIFIED. ) ;
#1351 = FILL_AREA_STYLE_COLOUR ( '', #1362 ) ;
#1352 = AXIS2_PLACEMENT_3D ( 'NONE', #1378, #1377, #1376 ) ;
#1353 = SURFACE_STYLE_USAGE ( .BOTH. , #1354 ) ;
#1354 = SURFACE_SIDE_STYLE ('',( #1342 ) ) ;
#1355 = DIRECTION ( 'NONE',  ( 0.0000000000000000000, -0.9914140770548247600, 0.1307598096416862100 ) ) ;
#1356 = VECTOR ( 'NONE', #1355, 100.0000000000000100 ) ;
#1357 = CARTESIAN_POINT ( 'NONE',  ( -0.2115000000000000200, 0.06780759809641709300, 0.2240944451523970100 ) ) ;
#1358 = LINE ( 'NONE', #1357, #1356 ) ;
#1359 = DIRECTION ( 'NONE',  ( -1.000000000000000000, -0.0000000000000000000, -0.0000000000000000000 ) ) ;
#1360 = VECTOR ( 'NONE', #1359, 100.0000000000000000 ) ;
#1361 = CARTESIAN_POINT ( 'NONE',  ( 0.06350000000000000100, 0.07650000000000001200, 0.2141803043818490400 ) ) ;
#1362 = COLOUR_RGB ( '',0.1960784313725490200, 0.1960784313725490200, 0.1960784313725490200 ) ;
#1363 = CARTESIAN_POINT ( 'NONE',  ( 0.2317597284453679900, 0.1750000000000001000, 0.1506069810909283800 ) ) ;
#1364 = COLOUR_RGB ( '',0.7843137254901960700, 0.7843137254901960700, 0.8627450980392157300 ) ;
#1365 = CIRCLE ( 'NONE', #1368, 0.03250000000000000800 ) ;
#1366 = DIRECTION ( 'NONE',  ( -1.000000000000000000, -0.0000000000000000000, -0.0000000000000000000 ) ) ;
#1367 = VECTOR ( 'NONE', #1366, 100.0000000000000000 ) ;
#1368 = AXIS2_PLACEMENT_3D ( 'NONE', #1411, #1403, #1402 ) ;
#1369 = CARTESIAN_POINT ( 'NONE',  ( -0.06350000000000000100, 0.02198492488229960400, -0.3005756955186720300 ) ) ;
#1370 = LINE ( 'NONE', #1369, #1367 ) ;
#1371 = DIRECTION ( 'NONE',  ( 0.0000000000000000000, 0.9914140770548247600, -0.1307598096416862100 ) ) ;
#1372 = VECTOR ( 'NONE', #1371, 100.0000000000000100 ) ;
#1373 = CIRCLE ( 'NONE', #1409, 0.009999999999999982900 ) ;
#1374 = CARTESIAN_POINT ( 'NONE',  ( -0.2416851899617815900, 0.1662186934340512100, 0.1605324426073421200 ) ) ;
#1375 = CARTESIAN_POINT ( 'NONE',  ( -0.1695000000000000100, 0.02989785810170679900, 0.2290944451523970200 ) ) ;
#1376 = DIRECTION ( 'NONE',  ( 0.0000000000000000000, -1.437261152527789900E-033, 1.000000000000000000 ) ) ;
#1377 = DIRECTION ( 'NONE',  ( -6.898853532133379800E-034, 1.000000000000000000, 1.437261152527789900E-033 ) ) ;
#1378 = CARTESIAN_POINT ( 'NONE',  ( -0.1700000000000000100, 0.1650000000000000100, 0.08000000000000000200 ) ) ;
#1379 = ORIENTED_EDGE ( 'NONE', *, *, #2764, .F. ) ;
#1380 = FILL_AREA_STYLE ('',( #1410 ) ) ;
#1381 =( GEOMETRIC_REPRESENTATION_CONTEXT ( 3 ) GLOBAL_UNCERTAINTY_ASSIGNED_CONTEXT ( ( #1382 ) ) GLOBAL_UNIT_ASSIGNED_CONTEXT ( ( #1385, #1384, #1383 ) ) REPRESENTATION_CONTEXT ( 'NONE', 'WORKASPACE' ) );
#1382 = UNCERTAINTY_MEASURE_WITH_UNIT (LENGTH_MEASURE( 1.000000000000000100E-005 ), #1385, 'distance_accuracy_value', 'NONE');
#1383 =( NAMED_UNIT ( * ) SI_UNIT ( $, .STERADIAN. ) SOLID_ANGLE_UNIT ( ) );
#1384 =( NAMED_UNIT ( * ) PLANE_ANGLE_UNIT ( ) SI_UNIT ( $, .RADIAN. ) );
#1385 =( LENGTH_UNIT ( ) NAMED_UNIT ( * ) SI_UNIT ( .CENTI., .METRE. ) );
#1386 = MECHANICAL_DESIGN_GEOMETRIC_PRESENTATION_REPRESENTATION (  '', ( #1388 ), #1381 ) ;
#1387 = PRESENTATION_LAYER_ASSIGNMENT (  '', '', ( #1388 ) ) ;
#1388 = STYLED_ITEM ( 'NONE', ( #1389 ), #125 ) ;
#1389 = PRESENTATION_STYLE_ASSIGNMENT (( #1353 ) ) ;
#1390 = PRESENTATION_STYLE_ASSIGNMENT (( #1426 ) ) ;
#1391 = CARTESIAN_POINT ( 'NONE',  ( -0.2115000000000000200, 0.07650000000000001200, 0.2141803043818490400 ) ) ;
#1392 =( GEOMETRIC_REPRESENTATION_CONTEXT ( 3 ) GLOBAL_UNCERTAINTY_ASSIGNED_CONTEXT ( ( #1393 ) ) GLOBAL_UNIT_ASSIGNED_CONTEXT ( ( #1396, #1395, #1394 ) ) REPRESENTATION_CONTEXT ( 'NONE', 'WORKASPACE' ) );
#1393 = UNCERTAINTY_MEASURE_WITH_UNIT (LENGTH_MEASURE( 1.000000000000000100E-005 ), #1396, 'distance_accuracy_value', 'NONE');
#1394 =( NAMED_UNIT ( * ) SI_UNIT ( $, .STERADIAN. ) SOLID_ANGLE_UNIT ( ) );
#1395 =( NAMED_UNIT ( * ) PLANE_ANGLE_UNIT ( ) SI_UNIT ( $, .RADIAN. ) );
#1396 =( LENGTH_UNIT ( ) NAMED_UNIT ( * ) SI_UNIT ( .CENTI., .METRE. ) );
#1397 = MECHANICAL_DESIGN_GEOMETRIC_PRESENTATION_REPRESENTATION (  '', ( #1399 ), #1392 ) ;
#1398 = PRESENTATION_LAYER_ASSIGNMENT (  '', '', ( #1399 ) ) ;
#1399 = STYLED_ITEM ( 'NONE', ( #1404 ), #141 ) ;
#1400 = CARTESIAN_POINT ( 'NONE',  ( -0.1925000000000000000, 0.1650000000000000100, 0.08000000000000000200 ) ) ;
#1401 = FACE_OUTER_BOUND ( 'NONE', #105, .T. ) ;
#1402 = DIRECTION ( 'NONE',  ( 0.0000000000000000000, 0.0000000000000000000, 1.000000000000000000 ) ) ;
#1403 = DIRECTION ( 'NONE',  ( 6.898853532133379800E-034, -1.000000000000000000, -1.437261152527790000E-033 ) ) ;
#1404 = PRESENTATION_STYLE_ASSIGNMENT (( #1405 ) ) ;
#1405 = SURFACE_STYLE_USAGE ( .BOTH. , #1345 ) ;
#1406 = DIRECTION ( 'NONE',  ( 0.0000000000000000000, 0.0000000000000000000, -1.000000000000000000 ) ) ;
#1407 = DIRECTION ( 'NONE',  ( 1.000000000000000000, 0.0000000000000000000, 0.0000000000000000000 ) ) ;
#1408 = CARTESIAN_POINT ( 'NONE',  ( -0.2115000000000000200, 0.06650000000000000400, 0.2141803043818490400 ) ) ;
#1409 = AXIS2_PLACEMENT_3D ( 'NONE', #1408, #1407, #1406 ) ;
#1410 = FILL_AREA_STYLE_COLOUR ( '', #1364 ) ;
#1411 = CARTESIAN_POINT ( 'NONE',  ( -0.1700000000000000100, 0.1749999999999999900, 0.08000000000000000200 ) ) ;
#1412 =( NAMED_UNIT ( * ) PLANE_ANGLE_UNIT ( ) SI_UNIT ( $, .RADIAN. ) );
#1413 = EDGE_CURVE ( 'NONE', #562, #23, #3542, .T. ) ;
#1414 =( LENGTH_UNIT ( ) NAMED_UNIT ( * ) SI_UNIT ( .CENTI., .METRE. ) );
#1415 = CARTESIAN_POINT ( 'NONE',  ( -0.04250000000000000300, 0.03277457391382445500, 0.2509055548476031300 ) ) ;
#1416 = DIRECTION ( 'NONE',  ( 2.154269365246049800E-050, -1.437261152527789900E-033, 1.000000000000000000 ) ) ;
#1417 = VECTOR ( 'NONE', #1416, 100.0000000000000000 ) ;
#1418 = CARTESIAN_POINT ( 'NONE',  ( 0.2317597284453679900, 0.1750000000000000200, -0.1817597284453680000 ) ) ;
#1419 = MECHANICAL_DESIGN_GEOMETRIC_PRESENTATION_REPRESENTATION (  '', ( #1423 ), #1454 ) ;
#1420 = CARTESIAN_POINT ( 'NONE',  ( 0.2317597284453679900, 0.1750000000000000200, 5.749044610111151300E-035 ) ) ;
#1421 = LINE ( 'NONE', #1420, #1417 ) ;
#1422 = VECTOR ( 'NONE', #1628, 100.0000000000000000 ) ;
#1423 = STYLED_ITEM ( 'NONE', ( #1390 ), #160 ) ;
#1424 = DIRECTION ( 'NONE',  ( 0.0000000000000000000, -0.05233595624294479900, -0.9986295347545737200 ) ) ;
#1425 = VECTOR ( 'NONE', #1424, 100.0000000000000100 ) ;
#1426 = SURFACE_STYLE_USAGE ( .BOTH. , #1200 ) ;
#1427 = CARTESIAN_POINT ( 'NONE',  ( -0.2024999999999999900, 0.1749999999999999900, 0.08000000000000000200 ) ) ;
#1428 = PRESENTATION_LAYER_ASSIGNMENT (  '', '', ( #1423 ) ) ;
#1429 = CARTESIAN_POINT ( 'NONE',  ( -0.2317597284453679900, 0.1750000000000001000, 0.1506069810909283800 ) ) ;
#1430 = CARTESIAN_POINT ( 'NONE',  ( -0.2370651210800817900, 0.1750000000000000200, 0.1506069810909285400 ) ) ;
#1431 = CARTESIAN_POINT ( 'NONE',  ( -0.2410386252448824000, 0.1714845404765825400, 0.1545804852557293400 ) ) ;
#1432 = CARTESIAN_POINT ( 'NONE',  ( -0.2416851899617815900, 0.1662186934340512100, 0.1605324426073421200 ) ) ;
#1433 =( BOUNDED_CURVE ( )  B_SPLINE_CURVE ( 3, ( #1432, #1431, #1430, #1429 ),
 .UNSPECIFIED., .F., .F. ) 
 B_SPLINE_CURVE_WITH_KNOTS ( ( 4, 4 ),
 ( 4.834562028024256700, 6.283185307179586200 ),
 .UNSPECIFIED. ) 
 CURVE ( )  GEOMETRIC_REPRESENTATION_ITEM ( )  RATIONAL_B_SPLINE_CURVE ( ( 1.000000000000000000, 0.8326371471926601300, 0.8326371471926601300, 1.000000000000000000 ) ) 
 REPRESENTATION_ITEM ( '' )  );
#1434 = LINE ( 'NONE', #1435, #1425 ) ;
#1435 = CARTESIAN_POINT ( 'NONE',  ( -0.08450000000000000600, 0.02409587666269619900, -0.2602963360557220000 ) ) ;
#1436 = DIRECTION ( 'NONE',  ( 0.0000000000000000000, -0.9986295347545756100, 0.05233595624291157600 ) ) ;
#1437 = DIRECTION ( 'NONE',  ( -0.0000000000000000000, 0.05233595624291157600, 0.9986295347545756100 ) ) ;
#1438 = CARTESIAN_POINT ( 'NONE',  ( -0.06350000000000000100, 0.01099999999999999900, -0.2999999999999999900 ) ) ;
#1439 = AXIS2_PLACEMENT_3D ( 'NONE', #1438, #1437, #1436 ) ;
#1440 = PLANE ( 'NONE',  #1439 ) ;
#1441 = CARTESIAN_POINT ( 'NONE',  ( -0.1375000000000000100, 0.1749999999999999900, 0.08000000000000000200 ) ) ;
#1442 = LINE ( 'NONE', #1447, #1446 ) ;
#1443 = DIRECTION ( 'NONE',  ( 0.0000000000000000000, 0.9914140770548246500, -0.1307598096416873200 ) ) ;
#1444 =( BOUNDED_SURFACE ( )  B_SPLINE_SURFACE ( 3, 3, ( 
 ( #1441, #1497, #1496, #1495 ),
 ( #1494, #1493, #1492, #1491 ),
 ( #1489, #1488, #1487, #1486 ),
 ( #1485, #1484, #1483, #1482 ) ),
 .UNSPECIFIED., .F., .F., .F. ) 
 B_SPLINE_SURFACE_WITH_KNOTS ( ( 4, 4 ),
 ( 4, 4 ),
 ( 0.0000000000000000000, 1.000000000000000000 ),
 ( 0.0000000000000000000, 1.000000000000000000 ),
 .UNSPECIFIED. ) 
 GEOMETRIC_REPRESENTATION_ITEM ( )  RATIONAL_B_SPLINE_SURFACE ( (
 ( 1.000000000000000000, 0.3333333333333333700, 0.3333333333333333700, 1.000000000000000000),
 ( 0.8047378541243654900, 0.2682459513747885200, 0.2682459513747885200, 0.8047378541243654900),
 ( 0.8047378541243654900, 0.2682459513747885200, 0.2682459513747885200, 0.8047378541243654900),
 ( 1.000000000000000000, 0.3333333333333333700, 0.3333333333333333700, 1.000000000000000000) ) ) 
 REPRESENTATION_ITEM ( '' )  SURFACE ( )  );
#1445 = COLOUR_RGB ( '',0.7843137254901960700, 0.7843137254901960700, 0.8627450980392157300 ) ;
#1446 = VECTOR ( 'NONE', #1443, 100.0000000000000000 ) ;
#1447 = CARTESIAN_POINT ( 'NONE',  ( -0.08450000000000000600, 0.03277457391382429500, 0.2509055548476030200 ) ) ;
#1448 = CIRCLE ( 'NONE', #1453, 0.009999999999999982900 ) ;
#1449 = LINE ( 'NONE', #1476, #1480 ) ;
#1450 = CARTESIAN_POINT ( 'NONE',  ( -0.1474999999999999900, 0.1650000000000000100, 0.08000000000000000200 ) ) ;
#1451 = CARTESIAN_POINT ( 'NONE',  ( -0.1375000000000000100, 0.1749999999999999900, 0.08000000000000000200 ) ) ;
#1452 = COLOUR_RGB ( '',0.1960784313725490200, 0.1960784313725490200, 0.1960784313725490200 ) ;
#1453 = AXIS2_PLACEMENT_3D ( 'NONE', #1456, #1524, #1523 ) ;
#1454 =( GEOMETRIC_REPRESENTATION_CONTEXT ( 3 ) GLOBAL_UNCERTAINTY_ASSIGNED_CONTEXT ( ( #4046 ) ) GLOBAL_UNIT_ASSIGNED_CONTEXT ( ( #1414, #1412, #56 ) ) REPRESENTATION_CONTEXT ( 'NONE', 'WORKASPACE' ) );
#1455 = PLANE ( 'NONE',  #1521 ) ;
#1456 = CARTESIAN_POINT ( 'NONE',  ( -0.1925000000000000000, 0.1749999999999999900, 0.08000000000000000200 ) ) ;
#1457 = CARTESIAN_POINT ( 'NONE',  ( -0.1925000000000000000, 0.1650000000000000100, 0.08000000000000000200 ) ) ;
#1458 = CARTESIAN_POINT ( 'NONE',  ( -0.1924854253117321800, 0.1650000000000000100, 0.07382252048856607900 ) ) ;
#1459 = CARTESIAN_POINT ( 'NONE',  ( -0.1902885577731127400, 0.1650000000000000400, 0.06844784436581427500 ) ) ;
#1460 = CARTESIAN_POINT ( 'NONE',  ( -0.1815312473802820300, 0.1650000000000000100, 0.05973235048079110500 ) ) ;
#1461 = CARTESIAN_POINT ( 'NONE',  ( -0.1761774795114314200, 0.1650000000000000100, 0.05748542531173218800 ) ) ;
#1462 = CARTESIAN_POINT ( 'NONE',  ( -0.1638225204885686300, 0.1650000000000000100, 0.05751457468826782400 ) ) ;
#1463 = CARTESIAN_POINT ( 'NONE',  ( -0.1584478443658174400, 0.1650000000000000100, 0.05971144222688726900 ) ) ;
#1464 = CARTESIAN_POINT ( 'NONE',  ( -0.1497323504807880100, 0.1650000000000000400, 0.06846875261971809000 ) ) ;
#1465 = EDGE_LOOP ( 'NONE', ( #1670, #1722, #1466, #1379 ) ) ;
#1466 = ORIENTED_EDGE ( 'NONE', *, *, #1475, .T. ) ;
#1467 = CARTESIAN_POINT ( 'NONE',  ( -0.1475293578368822600, 0.1650000000000000100, 0.07377837717733666500 ) ) ;
#1468 = CARTESIAN_POINT ( 'NONE',  ( -0.1474999999999999900, 0.1650000000000000100, 0.08000000000000000200 ) ) ;
#1469 = SURFACE_SIDE_STYLE ('',( #1470 ) ) ;
#1470 = SURFACE_STYLE_FILL_AREA ( #1471 ) ;
#1471 = FILL_AREA_STYLE ('',( #1473 ) ) ;
#1472 = ADVANCED_FACE ( 'NONE', ( #3500 ), #3250, .F. ) ;
#1473 = FILL_AREA_STYLE_COLOUR ( '', #1445 ) ;
#1474 = FACE_OUTER_BOUND ( 'NONE', #97, .T. ) ;
#1475 = EDGE_CURVE ( 'NONE', #1502, #1723, #3568, .T. ) ;
#1476 = CARTESIAN_POINT ( 'NONE',  ( -0.2317597284453679900, 0.1750000000000000200, 5.749044610111151300E-035 ) ) ;
#1477 = B_SPLINE_CURVE_WITH_KNOTS ( 'NONE', 3,
 ( #1468, #1467, #1464, #1463, #1462, #1461, #1460, #1459, #1458, #1457 ),
 .UNSPECIFIED., .F., .F.,
 ( 4, 2, 2, 2, 4 ),
 ( 0.0000000000000000000, 0.1250000000000000000, 0.2500000000000000000, 0.3750000000000000000, 0.5000000000000000000 ),
 .UNSPECIFIED. ) ;
#1478 = ADVANCED_FACE ( 'NONE', ( #3570 ), #3569, .T. ) ;
#1479 = DIRECTION ( 'NONE',  ( 2.154269365246049800E-050, 1.437261152527789900E-033, -1.000000000000000000 ) ) ;
#1480 = VECTOR ( 'NONE', #1479, 100.0000000000000000 ) ;
#1481 = ORIENTED_EDGE ( 'NONE', *, *, #2119, .F. ) ;
#1482 = CARTESIAN_POINT ( 'NONE',  ( -0.1925000000000000300, 0.1649999999999999800, 0.08000000000000000200 ) ) ;
#1483 = CARTESIAN_POINT ( 'NONE',  ( -0.1925000000000000000, 0.1649999999999999800, 0.03499999999999996900 ) ) ;
#1484 = CARTESIAN_POINT ( 'NONE',  ( -0.1474999999999999900, 0.1649999999999999800, 0.03499999999999996900 ) ) ;
#1485 = CARTESIAN_POINT ( 'NONE',  ( -0.1474999999999999900, 0.1649999999999999800, 0.08000000000000000200 ) ) ;
#1486 = CARTESIAN_POINT ( 'NONE',  ( -0.1983578643762690400, 0.1649999999999999200, 0.08000000000000001600 ) ) ;
#1487 = CARTESIAN_POINT ( 'NONE',  ( -0.1983578643762690400, 0.1649999999999999500, 0.02328427124746193900 ) ) ;
#1488 = CARTESIAN_POINT ( 'NONE',  ( -0.1416421356237309600, 0.1649999999999999500, 0.02328427124746189300 ) ) ;
#1489 = CARTESIAN_POINT ( 'NONE',  ( -0.1416421356237309600, 0.1649999999999999200, 0.08000000000000001600 ) ) ;
#1490 = VERTEX_POINT ( 'NONE', #3571 ) ;
#1491 = CARTESIAN_POINT ( 'NONE',  ( -0.2024999999999999900, 0.1691421356237309300, 0.08000000000000001600 ) ) ;
#1492 = CARTESIAN_POINT ( 'NONE',  ( -0.2025000000000000100, 0.1691421356237309300, 0.01500000000000005100 ) ) ;
#1493 = CARTESIAN_POINT ( 'NONE',  ( -0.1375000000000000100, 0.1691421356237309300, 0.01500000000000000500 ) ) ;
#1494 = CARTESIAN_POINT ( 'NONE',  ( -0.1375000000000000100, 0.1691421356237309300, 0.08000000000000001600 ) ) ;
#1495 = CARTESIAN_POINT ( 'NONE',  ( -0.2024999999999999900, 0.1749999999999999900, 0.08000000000000000200 ) ) ;
#1496 = CARTESIAN_POINT ( 'NONE',  ( -0.2024999999999999900, 0.1750000000000000200, 0.01500000000000005100 ) ) ;
#1497 = CARTESIAN_POINT ( 'NONE',  ( -0.1375000000000000100, 0.1750000000000000200, 0.01500000000000000600 ) ) ;
#1498 = PLANE ( 'NONE',  #1532 ) ;
#1499 = ORIENTED_EDGE ( 'NONE', *, *, #2554, .T. ) ;
#1500 = FILL_AREA_STYLE ('',( #1550 ) ) ;
#1501 =( GEOMETRIC_REPRESENTATION_CONTEXT ( 3 ) GLOBAL_UNCERTAINTY_ASSIGNED_CONTEXT ( ( #1504 ) ) GLOBAL_UNIT_ASSIGNED_CONTEXT ( ( #1507, #1506, #1505 ) ) REPRESENTATION_CONTEXT ( 'NONE', 'WORKASPACE' ) );
#1502 = VERTEX_POINT ( 'NONE', #3609 ) ;
#1503 = ORIENTED_EDGE ( 'NONE', *, *, #3257, .F. ) ;
#1504 = UNCERTAINTY_MEASURE_WITH_UNIT (LENGTH_MEASURE( 1.000000000000000100E-005 ), #1507, 'distance_accuracy_value', 'NONE');
#1505 =( NAMED_UNIT ( * ) SI_UNIT ( $, .STERADIAN. ) SOLID_ANGLE_UNIT ( ) );
#1506 =( NAMED_UNIT ( * ) PLANE_ANGLE_UNIT ( ) SI_UNIT ( $, .RADIAN. ) );
#1507 =( LENGTH_UNIT ( ) NAMED_UNIT ( * ) SI_UNIT ( .CENTI., .METRE. ) );
#1508 = MECHANICAL_DESIGN_GEOMETRIC_PRESENTATION_REPRESENTATION (  '', ( #1510 ), #1501 ) ;
#1509 = PRESENTATION_LAYER_ASSIGNMENT (  '', '', ( #1510 ) ) ;
#1510 = STYLED_ITEM ( 'NONE', ( #1511 ), #171 ) ;
#1511 = PRESENTATION_STYLE_ASSIGNMENT (( #1512 ) ) ;
#1512 = SURFACE_STYLE_USAGE ( .BOTH. , #1469 ) ;
#1513 = CARTESIAN_POINT ( 'NONE',  ( 2.050127744336230100E-018, 0.1750000000000002900, 0.1506069810909282400 ) ) ;
#1514 = LINE ( 'NONE', #1513, #1549 ) ;
#1515 = SURFACE_SIDE_STYLE ('',( #1516 ) ) ;
#1516 = SURFACE_STYLE_FILL_AREA ( #1517 ) ;
#1517 = FILL_AREA_STYLE ('',( #1518 ) ) ;
#1518 = FILL_AREA_STYLE_COLOUR ( '', #1525 ) ;
#1519 = DIRECTION ( 'NONE',  ( 1.000000000000000000, -0.0000000000000000000, -0.0000000000000000000 ) ) ;
#1520 = VECTOR ( 'NONE', #1519, 100.0000000000000000 ) ;
#1521 = AXIS2_PLACEMENT_3D ( 'NONE', #1556, #1555, #1554 ) ;
#1522 = CARTESIAN_POINT ( 'NONE',  ( -0.04250000000000000300, 0.07068431390853430200, 0.2459055548476031800 ) ) ;
#1523 = DIRECTION ( 'NONE',  ( -1.000000000000000000, 0.0000000000000000000, 0.0000000000000000000 ) ) ;
#1524 = DIRECTION ( 'NONE',  ( -1.224646799147353200E-016, -1.437261152527790000E-033, 1.000000000000000000 ) ) ;
#1525 = COLOUR_RGB ( '',0.1921568627450980200, 0.1921568627450980200, 0.1921568627450980200 ) ;
#1526 = CARTESIAN_POINT ( 'NONE',  ( -0.06350000000000000100, 0.03277457391382435100, 0.2509055548476033500 ) ) ;
#1527 = LINE ( 'NONE', #1526, #1520 ) ;
#1528 = AXIS2_PLACEMENT_3D ( 'NONE', #1533, #1569, #1568 ) ;
#1529 = DIRECTION ( 'NONE',  ( 0.0000000000000000000, -0.6626200482157378300, 0.7489557207890018600 ) ) ;
#1530 = DIRECTION ( 'NONE',  ( -5.166935819776709000E-034, 0.7489557207890018600, 0.6626200482157378300 ) ) ;
#1531 = CARTESIAN_POINT ( 'NONE',  ( 2.050127744336230100E-018, 0.1551490769671740000, 0.1730443679590310000 ) ) ;
#1532 = AXIS2_PLACEMENT_3D ( 'NONE', #1531, #1530, #1529 ) ;
#1533 = CARTESIAN_POINT ( 'NONE',  ( -0.1700000000000000100, 0.1749999999999999900, 0.08000000000000000200 ) ) ;
#1534 = CIRCLE ( 'NONE', #1528, 0.03250000000000000800 ) ;
#1535 = DIRECTION ( 'NONE',  ( 0.0000000000000000000, 1.437261152527790000E-033, -1.000000000000000000 ) ) ;
#1536 = PRESENTATION_STYLE_ASSIGNMENT (( #1537 ) ) ;
#1537 = SURFACE_STYLE_USAGE ( .BOTH. , #1515 ) ;
#1538 =( GEOMETRIC_REPRESENTATION_CONTEXT ( 3 ) GLOBAL_UNCERTAINTY_ASSIGNED_CONTEXT ( ( #1539 ) ) GLOBAL_UNIT_ASSIGNED_CONTEXT ( ( #1542, #1541, #1540 ) ) REPRESENTATION_CONTEXT ( 'NONE', 'WORKASPACE' ) );
#1539 = UNCERTAINTY_MEASURE_WITH_UNIT (LENGTH_MEASURE( 1.000000000000000100E-005 ), #1542, 'distance_accuracy_value', 'NONE');
#1540 =( NAMED_UNIT ( * ) SI_UNIT ( $, .STERADIAN. ) SOLID_ANGLE_UNIT ( ) );
#1541 =( NAMED_UNIT ( * ) PLANE_ANGLE_UNIT ( ) SI_UNIT ( $, .RADIAN. ) );
#1542 =( LENGTH_UNIT ( ) NAMED_UNIT ( * ) SI_UNIT ( .CENTI., .METRE. ) );
#1543 = MECHANICAL_DESIGN_GEOMETRIC_PRESENTATION_REPRESENTATION (  '', ( #1545 ), #1538 ) ;
#1544 = PRESENTATION_LAYER_ASSIGNMENT (  '', '', ( #1545 ) ) ;
#1545 = STYLED_ITEM ( 'NONE', ( #1546 ), #174 ) ;
#1546 = PRESENTATION_STYLE_ASSIGNMENT (( #1547 ) ) ;
#1547 = SURFACE_STYLE_USAGE ( .BOTH. , #1552 ) ;
#1548 = DIRECTION ( 'NONE',  ( -1.000000000000000000, -3.869806141171377400E-034, -3.423715262028065700E-034 ) ) ;
#1549 = VECTOR ( 'NONE', #1548, 100.0000000000000000 ) ;
#1550 = FILL_AREA_STYLE_COLOUR ( '', #1452 ) ;
#1551 = FACE_OUTER_BOUND ( 'NONE', #178, .T. ) ;
#1552 = SURFACE_SIDE_STYLE ('',( #1553 ) ) ;
#1553 = SURFACE_STYLE_FILL_AREA ( #1500 ) ;
#1554 = DIRECTION ( 'NONE',  ( 0.0000000000000000000, -0.9914140770548247600, 0.1307598096416859300 ) ) ;
#1555 = DIRECTION ( 'NONE',  ( -0.0000000000000000000, 0.1307598096416859300, 0.9914140770548247600 ) ) ;
#1556 = CARTESIAN_POINT ( 'NONE',  ( -0.06350000000000000100, 0.07068431390853459300, 0.2459055548476029600 ) ) ;
#1557 = CARTESIAN_POINT ( 'NONE',  ( -0.1475000000000000200, 0.1749999999999999900, 0.08000000000000000200 ) ) ;
#1558 = DIRECTION ( 'NONE',  ( -1.738524712456421300E-034, -2.134639934378085000E-035, 1.000000000000000000 ) ) ;
#1559 = VECTOR ( 'NONE', #1558, 100.0000000000000000 ) ;
#1560 = CARTESIAN_POINT ( 'NONE',  ( 0.2416851899617817600, 0.1662186934340509600, 6.000565311803510100E-035 ) ) ;
#1561 = LINE ( 'NONE', #1560, #1559 ) ;
#1562 = AXIS2_PLACEMENT_3D ( 'NONE', #1557, #1535, #1614 ) ;
#1563 = DIRECTION ( 'NONE',  ( -1.000000000000000000, -1.024627168501487000E-035, -8.344918619790840300E-035 ) ) ;
#1564 = VECTOR ( 'NONE', #1563, 100.0000000000000000 ) ;
#1565 = CARTESIAN_POINT ( 'NONE',  ( -0.04250000000000000300, 0.03408217201024139900, 0.2608196956181509900 ) ) ;
#1566 = CARTESIAN_POINT ( 'NONE',  ( -0.2416851899617814800, 0.1662186934340512100, -0.1916851899617816600 ) ) ;
#1567 = CIRCLE ( 'NONE', #1611, 0.009999999999999982900 ) ;
#1568 = DIRECTION ( 'NONE',  ( 6.672013369141564200E-016, 0.0000000000000000000, 1.000000000000000000 ) ) ;
#1569 = DIRECTION ( 'NONE',  ( 6.898853532133379800E-034, -1.000000000000000000, -1.437261152527790000E-033 ) ) ;
#1570 = EDGE_CURVE ( 'NONE', #994, #718, #3610, .T. ) ;
#1571 = CARTESIAN_POINT ( 'NONE',  ( 1.366751829557480300E-018, 0.1352981539343469700, 0.1954817548271338100 ) ) ;
#1572 = LINE ( 'NONE', #1571, #1564 ) ;
#1573 =( GEOMETRIC_REPRESENTATION_CONTEXT ( 3 ) GLOBAL_UNCERTAINTY_ASSIGNED_CONTEXT ( ( #1574 ) ) GLOBAL_UNIT_ASSIGNED_CONTEXT ( ( #1577, #1576, #1575 ) ) REPRESENTATION_CONTEXT ( 'NONE', 'WORKASPACE' ) );
#1574 = UNCERTAINTY_MEASURE_WITH_UNIT (LENGTH_MEASURE( 1.000000000000000100E-005 ), #1577, 'distance_accuracy_value', 'NONE');
#1575 =( NAMED_UNIT ( * ) SI_UNIT ( $, .STERADIAN. ) SOLID_ANGLE_UNIT ( ) );
#1576 =( NAMED_UNIT ( * ) PLANE_ANGLE_UNIT ( ) SI_UNIT ( $, .RADIAN. ) );
#1577 =( LENGTH_UNIT ( ) NAMED_UNIT ( * ) SI_UNIT ( .CENTI., .METRE. ) );
#1578 = MECHANICAL_DESIGN_GEOMETRIC_PRESENTATION_REPRESENTATION (  '', ( #1580 ), #1573 ) ;
#1579 = PRESENTATION_LAYER_ASSIGNMENT (  '', '', ( #1580 ) ) ;
#1580 = STYLED_ITEM ( 'NONE', ( #1536 ), #177 ) ;
#1581 = MECHANICAL_DESIGN_GEOMETRIC_PRESENTATION_REPRESENTATION (  '', ( #1583 ), #1637 ) ;
#1582 = PRESENTATION_LAYER_ASSIGNMENT (  '', '', ( #1583 ) ) ;
#1583 = STYLED_ITEM ( 'NONE', ( #1584 ), #203 ) ;
#1584 = PRESENTATION_STYLE_ASSIGNMENT (( #1612 ) ) ;
#1585 = CYLINDRICAL_SURFACE ( 'NONE', #1592, 0.01000000000000000500 ) ;
#1586 = LINE ( 'NONE', #1632, #1631 ) ;
#1587 = SURFACE_STYLE_FILL_AREA ( #1634 ) ;
#1588 = CYLINDRICAL_SURFACE ( 'NONE', #1629, 0.01000000000000000500 ) ;
#1589 = FACE_OUTER_BOUND ( 'NONE', #207, .T. ) ;
#1590 = DIRECTION ( 'NONE',  ( 0.0000000000000000000, 1.000000000000000000, 0.0000000000000000000 ) ) ;
#1591 = COLOUR_RGB ( '',0.1960784313725490200, 0.1960784313725490200, 0.1960784313725490200 ) ;
#1592 = AXIS2_PLACEMENT_3D ( 'NONE', #1615, #1599, #1590 ) ;
#1593 = CARTESIAN_POINT ( 'NONE',  ( -0.2454817548271338600, 0.1352981539343470500, 0.1954817548271340400 ) ) ;
#1594 = DIRECTION ( 'NONE',  ( 0.0000000000000000000, 0.0000000000000000000, 1.000000000000000000 ) ) ;
#1595 = DIRECTION ( 'NONE',  ( -1.000000000000000000, 0.0000000000000000000, 0.0000000000000000000 ) ) ;
#1596 = AXIS2_PLACEMENT_3D ( 'NONE', #1565, #1595, #1594 ) ;
#1597 = CIRCLE ( 'NONE', #1596, 0.009999999999999419100 ) ;
#1598 = FILL_AREA_STYLE_COLOUR ( '', #1591 ) ;
#1599 = DIRECTION ( 'NONE',  ( 1.000000000000000000, 6.898853532133379800E-034, 0.0000000000000000000 ) ) ;
#1600 = SURFACE_STYLE_FILL_AREA ( #1601 ) ;
#1601 = FILL_AREA_STYLE ('',( #1598 ) ) ;
#1602 = DIRECTION ( 'NONE',  ( 1.000000000000000000, 1.024627168501487000E-035, -8.344918619790840300E-035 ) ) ;
#1603 = VECTOR ( 'NONE', #1602, 100.0000000000000000 ) ;
#1604 = CARTESIAN_POINT ( 'NONE',  ( 1.366751829557480300E-018, 0.1662186934340509600, -0.1916851899617817700 ) ) ;
#1605 = CARTESIAN_POINT ( 'NONE',  ( 0.2454817548271339700, 0.1352981539343470500, 0.1954817548271340400 ) ) ;
#1606 = DIRECTION ( 'NONE',  ( 0.0000000000000000000, -2.168404344971012400E-015, -1.000000000000000000 ) ) ;
#1607 = DIRECTION ( 'NONE',  ( -1.000000000000000000, -0.0000000000000000000, -0.0000000000000000000 ) ) ;
#1608 = LINE ( 'NONE', #1604, #1603 ) ;
#1609 = CARTESIAN_POINT ( 'NONE',  ( 0.2416851899617816200, 0.1662186934340512100, -0.1916851899617814900 ) ) ;
#1610 = CARTESIAN_POINT ( 'NONE',  ( -0.1695000000000000100, 0.06650000000000000400, 0.2141803043818490400 ) ) ;
#1611 = AXIS2_PLACEMENT_3D ( 'NONE', #1610, #1607, #1606 ) ;
#1612 = SURFACE_STYLE_USAGE ( .BOTH. , #1613 ) ;
#1613 = SURFACE_SIDE_STYLE ('',( #1600 ) ) ;
#1614 = DIRECTION ( 'NONE',  ( 1.000000000000000000, 0.0000000000000000000, 0.0000000000000000000 ) ) ;
#1615 = CARTESIAN_POINT ( 'NONE',  ( 2.050127744336230100E-018, 0.1650000000000000100, -0.1817597284453680000 ) ) ;
#1616 = DIRECTION ( 'NONE',  ( -1.738524712456421300E-034, 2.134639934378085000E-035, -1.000000000000000000 ) ) ;
#1617 = VECTOR ( 'NONE', #1616, 100.0000000000000000 ) ;
#1618 = CARTESIAN_POINT ( 'NONE',  ( -0.2416851899617817600, 0.1662186934340509600, 6.000565311803510100E-035 ) ) ;
#1619 = LINE ( 'NONE', #1618, #1617 ) ;
#1620 = CIRCLE ( 'NONE', #1562, 0.01000000000000000500 ) ;
#1621 =( LENGTH_UNIT ( ) NAMED_UNIT ( * ) SI_UNIT ( .CENTI., .METRE. ) );
#1622 = MECHANICAL_DESIGN_GEOMETRIC_PRESENTATION_REPRESENTATION (  '', ( #1624 ), #1655 ) ;
#1623 = PRESENTATION_LAYER_ASSIGNMENT (  '', '', ( #1624 ) ) ;
#1624 = STYLED_ITEM ( 'NONE', ( #1625 ), #208 ) ;
#1625 = PRESENTATION_STYLE_ASSIGNMENT (( #1626 ) ) ;
#1626 = SURFACE_STYLE_USAGE ( .BOTH. , #1627 ) ;
#1627 = SURFACE_SIDE_STYLE ('',( #1587 ) ) ;
#1628 = DIRECTION ( 'NONE',  ( -0.0000000000000000000, -1.000000000000000000, -0.0000000000000000000 ) ) ;
#1629 = AXIS2_PLACEMENT_3D ( 'NONE', #1653, #1652, #1654 ) ;
#1630 = DIRECTION ( 'NONE',  ( 1.738524712456421300E-034, 2.134639934378085000E-035, -1.000000000000000000 ) ) ;
#1631 = VECTOR ( 'NONE', #1630, 100.0000000000000000 ) ;
#1632 = CARTESIAN_POINT ( 'NONE',  ( -0.2500000000000002800, 0.07649999999999997100, 4.419578044022950500E-035 ) ) ;
#1633 = FACE_OUTER_BOUND ( 'NONE', #126, .T. ) ;
#1634 = FILL_AREA_STYLE ('',( #1635 ) ) ;
#1635 = FILL_AREA_STYLE_COLOUR ( '', #1636 ) ;
#1636 = COLOUR_RGB ( '',0.1960784313725490200, 0.1960784313725490200, 0.1960784313725490200 ) ;
#1637 =( GEOMETRIC_REPRESENTATION_CONTEXT ( 3 ) GLOBAL_UNCERTAINTY_ASSIGNED_CONTEXT ( ( #1638 ) ) GLOBAL_UNIT_ASSIGNED_CONTEXT ( ( #1641, #1640, #1639 ) ) REPRESENTATION_CONTEXT ( 'NONE', 'WORKASPACE' ) );
#1638 = UNCERTAINTY_MEASURE_WITH_UNIT (LENGTH_MEASURE( 1.000000000000000100E-005 ), #1641, 'distance_accuracy_value', 'NONE');
#1639 =( NAMED_UNIT ( * ) SI_UNIT ( $, .STERADIAN. ) SOLID_ANGLE_UNIT ( ) );
#1640 =( NAMED_UNIT ( * ) PLANE_ANGLE_UNIT ( ) SI_UNIT ( $, .RADIAN. ) );
#1641 =( LENGTH_UNIT ( ) NAMED_UNIT ( * ) SI_UNIT ( .CENTI., .METRE. ) );
#1642 = DIRECTION ( 'NONE',  ( 1.000000000000000000, 1.024627168501489400E-035, 8.344918619790859500E-035 ) ) ;
#1643 =( BOUNDED_CURVE ( )  B_SPLINE_CURVE ( 3, ( #1006, #1005, #1229, #1168 ),
 .UNSPECIFIED., .F., .T. ) 
 B_SPLINE_CURVE_WITH_KNOTS ( ( 4, 4 ),
 ( 4.712388980384689700, 6.161012259540017400 ),
 .UNSPECIFIED. ) 
 CURVE ( )  GEOMETRIC_REPRESENTATION_ITEM ( )  RATIONAL_B_SPLINE_CURVE ( ( 1.000000000000000000, 0.8326371471926604700, 0.8326371471926604700, 1.000000000000000000 ) ) 
 REPRESENTATION_ITEM ( '' )  );
#1644 = DIRECTION ( 'NONE',  ( 0.0000000000000000000, -2.168404344971012400E-015, 1.000000000000000000 ) ) ;
#1645 = VECTOR ( 'NONE', #1648, 100.0000000000000000 ) ;
#1646 = DIRECTION ( 'NONE',  ( -0.08109156679299493700, 0.6604378123494153400, -0.7464891518395799800 ) ) ;
#1647 = VECTOR ( 'NONE', #1646, 100.0000000000000100 ) ;
#1648 = DIRECTION ( 'NONE',  ( 1.000000000000000000, 0.0000000000000000000, 0.0000000000000000000 ) ) ;
#1649 = LINE ( 'NONE', #1651, #1647 ) ;
#1650 = CARTESIAN_POINT ( 'NONE',  ( -0.06350000000000000100, 1.507511769860651700E-005, -0.2994243044813280100 ) ) ;
#1651 = CARTESIAN_POINT ( 'NONE',  ( 0.2454817548271340000, 0.1352981539343472700, 0.1954817548271342600 ) ) ;
#1652 = DIRECTION ( 'NONE',  ( 2.154269365246049800E-050, -1.437261152527790000E-033, 1.000000000000000000 ) ) ;
#1653 = CARTESIAN_POINT ( 'NONE',  ( 0.2317597284453679900, 0.1650000000000000100, 4.311783457583360800E-035 ) ) ;
#1654 = DIRECTION ( 'NONE',  ( 0.0000000000000000000, -1.000000000000000000, -1.437261152527789500E-033 ) ) ;
#1655 =( GEOMETRIC_REPRESENTATION_CONTEXT ( 3 ) GLOBAL_UNCERTAINTY_ASSIGNED_CONTEXT ( ( #1656 ) ) GLOBAL_UNIT_ASSIGNED_CONTEXT ( ( #1621, #1658, #1657 ) ) REPRESENTATION_CONTEXT ( 'NONE', 'WORKASPACE' ) );
#1656 = UNCERTAINTY_MEASURE_WITH_UNIT (LENGTH_MEASURE( 1.000000000000000100E-005 ), #1621, 'distance_accuracy_value', 'NONE');
#1657 =( NAMED_UNIT ( * ) SI_UNIT ( $, .STERADIAN. ) SOLID_ANGLE_UNIT ( ) );
#1658 =( NAMED_UNIT ( * ) PLANE_ANGLE_UNIT ( ) SI_UNIT ( $, .RADIAN. ) );
#1659 = UNCERTAINTY_MEASURE_WITH_UNIT (LENGTH_MEASURE( 1.000000000000000100E-005 ), #1662, 'distance_accuracy_value', 'NONE');
#1660 =( NAMED_UNIT ( * ) SI_UNIT ( $, .STERADIAN. ) SOLID_ANGLE_UNIT ( ) );
#1661 =( NAMED_UNIT ( * ) PLANE_ANGLE_UNIT ( ) SI_UNIT ( $, .RADIAN. ) );
#1662 =( LENGTH_UNIT ( ) NAMED_UNIT ( * ) SI_UNIT ( .CENTI., .METRE. ) );
#1663 = MECHANICAL_DESIGN_GEOMETRIC_PRESENTATION_REPRESENTATION (  '', ( #1666 ), #1717 ) ;
#1664 = EDGE_CURVE ( 'NONE', #1502, #562, #3548, .T. ) ;
#1665 = PRESENTATION_LAYER_ASSIGNMENT (  '', '', ( #1666 ) ) ;
#1666 = STYLED_ITEM ( 'NONE', ( #1667 ), #217 ) ;
#1667 = PRESENTATION_STYLE_ASSIGNMENT (( #1668 ) ) ;
#1668 = SURFACE_STYLE_USAGE ( .BOTH. , #1691 ) ;
#1669 = EDGE_LOOP ( 'NONE', ( #1481, #1834, #2096, #1835 ) ) ;
#1670 = ORIENTED_EDGE ( 'NONE', *, *, #1842, .T. ) ;
#1671 = CYLINDRICAL_SURFACE ( 'NONE', #1678, 0.009999999999999419100 ) ;
#1672 = FACE_OUTER_BOUND ( 'NONE', #3761, .T. ) ;
#1673 = PLANE ( 'NONE',  #1690 ) ;
#1674 = FILL_AREA_STYLE ('',( #1685 ) ) ;
#1675 = DIRECTION ( 'NONE',  ( -0.08109156679299493700, -0.6604378123494153400, 0.7464891518395799800 ) ) ;
#1676 = VECTOR ( 'NONE', #1675, 100.0000000000000100 ) ;
#1677 = CARTESIAN_POINT ( 'NONE',  ( -0.2115000000000000200, 0.02989785810170713500, 0.2290944451523969600 ) ) ;
#1678 = AXIS2_PLACEMENT_3D ( 'NONE', #1710, #1746, #1745 ) ;
#1679 = DIRECTION ( 'NONE',  ( 0.0000000000000000000, -4.336808689942269400E-015, 1.000000000000000000 ) ) ;
#1680 = DIRECTION ( 'NONE',  ( 1.000000000000000000, -0.0000000000000000000, -0.0000000000000000000 ) ) ;
#1681 = CARTESIAN_POINT ( 'NONE',  ( -0.08450000000000000600, 0.03408217201024139900, 0.2608196956181509900 ) ) ;
#1682 = AXIS2_PLACEMENT_3D ( 'NONE', #1681, #1680, #1679 ) ;
#1683 = CARTESIAN_POINT ( 'NONE',  ( -0.2416851899617820100, 0.1662186934340516600, 0.1605324426073415900 ) ) ;
#1684 = LINE ( 'NONE', #1683, #1676 ) ;
#1685 = FILL_AREA_STYLE_COLOUR ( '', #1705 ) ;
#1686 = FILL_AREA_STYLE ('',( #1688 ) ) ;
#1687 = COLOUR_RGB ( '',0.7843137254901960700, 0.7843137254901960700, 0.8627450980392157300 ) ;
#1688 = FILL_AREA_STYLE_COLOUR ( '', #1687 ) ;
#1689 = CIRCLE ( 'NONE', #1682, 0.009999999999999419100 ) ;
#1690 = AXIS2_PLACEMENT_3D ( 'NONE', #1714, #1713, #1712 ) ;
#1691 = SURFACE_SIDE_STYLE ('',( #1692 ) ) ;
#1692 = SURFACE_STYLE_FILL_AREA ( #1686 ) ;
#1693 =( GEOMETRIC_REPRESENTATION_CONTEXT ( 3 ) GLOBAL_UNCERTAINTY_ASSIGNED_CONTEXT ( ( #1694 ) ) GLOBAL_UNIT_ASSIGNED_CONTEXT ( ( #1697, #1696, #1695 ) ) REPRESENTATION_CONTEXT ( 'NONE', 'WORKASPACE' ) );
#1694 = UNCERTAINTY_MEASURE_WITH_UNIT (LENGTH_MEASURE( 1.000000000000000100E-005 ), #1697, 'distance_accuracy_value', 'NONE');
#1695 =( NAMED_UNIT ( * ) SI_UNIT ( $, .STERADIAN. ) SOLID_ANGLE_UNIT ( ) );
#1696 =( NAMED_UNIT ( * ) PLANE_ANGLE_UNIT ( ) SI_UNIT ( $, .RADIAN. ) );
#1697 =( LENGTH_UNIT ( ) NAMED_UNIT ( * ) SI_UNIT ( .CENTI., .METRE. ) );
#1698 = MECHANICAL_DESIGN_GEOMETRIC_PRESENTATION_REPRESENTATION (  '', ( #1700 ), #1693 ) ;
#1699 = PRESENTATION_LAYER_ASSIGNMENT (  '', '', ( #1700 ) ) ;
#1700 = STYLED_ITEM ( 'NONE', ( #1701 ), #220 ) ;
#1701 = PRESENTATION_STYLE_ASSIGNMENT (( #1702 ) ) ;
#1702 = SURFACE_STYLE_USAGE ( .BOTH. , #1703 ) ;
#1703 = SURFACE_SIDE_STYLE ('',( #1704 ) ) ;
#1704 = SURFACE_STYLE_FILL_AREA ( #1674 ) ;
#1705 = COLOUR_RGB ( '',0.7843137254901960700, 0.7843137254901960700, 0.8627450980392157300 ) ;
#1706 = DIRECTION ( 'NONE',  ( 0.0000000000000000000, -0.05233595624294479900, 0.9986295347545737200 ) ) ;
#1707 = VECTOR ( 'NONE', #1706, 100.0000000000000100 ) ;
#1708 = CARTESIAN_POINT ( 'NONE',  ( -0.1695000000000000100, 0.02409587666269619900, 0.2602963360557220000 ) ) ;
#1709 = LINE ( 'NONE', #1708, #1707 ) ;
#1710 = CARTESIAN_POINT ( 'NONE',  ( -0.06350000000000000100, 0.03408217201024139900, 0.2608196956181509900 ) ) ;
#1711 = CIRCLE ( 'NONE', #1742, 0.009999999999999419100 ) ;
#1712 = DIRECTION ( 'NONE',  ( 0.0000000000000000000, -0.05233595624294488200, 0.9986295347545737200 ) ) ;
#1713 = DIRECTION ( 'NONE',  ( -0.0000000000000000000, 0.9986295347545738300, 0.05233595624294488900 ) ) ;
#1714 = CARTESIAN_POINT ( 'NONE',  ( -0.1905000000000000000, 0.02409587666269690000, 0.2602963360557220000 ) ) ;
#1715 = SURFACE_STYLE_FILL_AREA ( #1744 ) ;
#1716 = FACE_OUTER_BOUND ( 'NONE', #158, .T. ) ;
#1717 =( GEOMETRIC_REPRESENTATION_CONTEXT ( 3 ) GLOBAL_UNCERTAINTY_ASSIGNED_CONTEXT ( ( #1659 ) ) GLOBAL_UNIT_ASSIGNED_CONTEXT ( ( #1662, #1661, #1660 ) ) REPRESENTATION_CONTEXT ( 'NONE', 'WORKASPACE' ) );
#1718 = CYLINDRICAL_SURFACE ( 'NONE', #1797, 0.03199999999999952200 ) ;
#1719 =( GEOMETRIC_REPRESENTATION_CONTEXT ( 3 ) GLOBAL_UNCERTAINTY_ASSIGNED_CONTEXT ( ( #1724 ) ) GLOBAL_UNIT_ASSIGNED_CONTEXT ( ( #1729, #1728, #1725 ) ) REPRESENTATION_CONTEXT ( 'NONE', 'WORKASPACE' ) );
#1720 = EDGE_LOOP ( 'NONE', ( #2115, #2307, #2101, #2359 ) ) ;
#1721 = EDGE_CURVE ( 'NONE', #1726, #720, #3592, .T. ) ;
#1722 = ORIENTED_EDGE ( 'NONE', *, *, #1664, .F. ) ;
#1723 = VERTEX_POINT ( 'NONE', #3594 ) ;
#1724 = UNCERTAINTY_MEASURE_WITH_UNIT (LENGTH_MEASURE( 1.000000000000000100E-005 ), #1729, 'distance_accuracy_value', 'NONE');
#1725 =( NAMED_UNIT ( * ) SI_UNIT ( $, .STERADIAN. ) SOLID_ANGLE_UNIT ( ) );
#1726 = VERTEX_POINT ( 'NONE', #3599 ) ;
#1727 = VERTEX_POINT ( 'NONE', #3588 ) ;
#1728 =( NAMED_UNIT ( * ) PLANE_ANGLE_UNIT ( ) SI_UNIT ( $, .RADIAN. ) );
#1729 =( LENGTH_UNIT ( ) NAMED_UNIT ( * ) SI_UNIT ( .CENTI., .METRE. ) );
#1730 = MECHANICAL_DESIGN_GEOMETRIC_PRESENTATION_REPRESENTATION (  '', ( #1732 ), #1719 ) ;
#1731 = PRESENTATION_LAYER_ASSIGNMENT (  '', '', ( #1732 ) ) ;
#1732 = STYLED_ITEM ( 'NONE', ( #1733 ), #224 ) ;
#1733 = PRESENTATION_STYLE_ASSIGNMENT (( #1734 ) ) ;
#1734 = SURFACE_STYLE_USAGE ( .BOTH. , #1747 ) ;
#1735 = CARTESIAN_POINT ( 'NONE',  ( -0.2114999999999999700, 1.507511769915720100E-005, 0.2994243044813280600 ) ) ;
#1736 = FACE_OUTER_BOUND ( 'NONE', #230, .T. ) ;
#1737 = DIRECTION ( 'NONE',  ( 0.0000000000000000000, -4.336808689942269400E-015, 1.000000000000000000 ) ) ;
#1738 = DIRECTION ( 'NONE',  ( 1.000000000000000000, -0.0000000000000000000, -0.0000000000000000000 ) ) ;
#1739 = CARTESIAN_POINT ( 'NONE',  ( -0.2115000000000000200, 0.03408217201024139900, 0.2608196956181509900 ) ) ;
#1740 = FILL_AREA_STYLE_COLOUR ( '', #1748 ) ;
#1741 = PLANE ( 'NONE',  #1743 ) ;
#1742 = AXIS2_PLACEMENT_3D ( 'NONE', #1739, #1738, #1737 ) ;
#1743 = AXIS2_PLACEMENT_3D ( 'NONE', #1749, #1781, #1780 ) ;
#1744 = FILL_AREA_STYLE ('',( #1740 ) ) ;
#1745 = DIRECTION ( 'NONE',  ( 0.0000000000000000000, 0.0000000000000000000, 1.000000000000000000 ) ) ;
#1746 = DIRECTION ( 'NONE',  ( -1.000000000000000000, 0.0000000000000000000, 0.0000000000000000000 ) ) ;
#1747 = SURFACE_SIDE_STYLE ('',( #1715 ) ) ;
#1748 = COLOUR_RGB ( '',0.7843137254901960700, 0.7843137254901960700, 0.8627450980392157300 ) ;
#1749 = CARTESIAN_POINT ( 'NONE',  ( -0.1905000000000000000, 0.002126026898096240200, 0.2591449450183779800 ) ) ;
#1750 = DIRECTION ( 'NONE',  ( 1.000000000000000000, -0.0000000000000000000, -0.0000000000000000000 ) ) ;
#1751 = CARTESIAN_POINT ( 'NONE',  ( -0.1695000000000000100, 0.03408217201024139900, 0.2608196956181509900 ) ) ;
#1752 = AXIS2_PLACEMENT_3D ( 'NONE', #1751, #1750, #1808 ) ;
#1753 = CIRCLE ( 'NONE', #1752, 0.03199999999999952200 ) ;
#1754 = LINE ( 'NONE', #1760, #1805 ) ;
#1755 = FACE_OUTER_BOUND ( 'NONE', #25, .T. ) ;
#1756 = COLOUR_RGB ( '',0.7843137254901960700, 0.7843137254901960700, 0.8627450980392157300 ) ;
#1757 = DIRECTION ( 'NONE',  ( 0.0000000000000000000, 0.9986295347545756100, 0.05233595624290972300 ) ) ;
#1758 = VECTOR ( 'NONE', #1757, 100.0000000000000100 ) ;
#1759 = DIRECTION ( 'NONE',  ( 0.0000000000000000000, 0.05233595624294479900, -0.9986295347545737200 ) ) ;
#1760 = CARTESIAN_POINT ( 'NONE',  ( -0.08450000000000000600, 0.02198492488229960100, 0.3005756955186720300 ) ) ;
#1761 = CARTESIAN_POINT ( 'NONE',  ( -0.08450000000000000600, 0.02409587666269656000, 0.2602963360557218300 ) ) ;
#1762 = LINE ( 'NONE', #1845, #1844 ) ;
#1763 = CARTESIAN_POINT ( 'NONE',  ( -0.08450000000000000600, 1.507511769891856400E-005, 0.2994243044813280100 ) ) ;
#1764 = LINE ( 'NONE', #1763, #1758 ) ;
#1765 = DIRECTION ( 'NONE',  ( -1.000000000000000000, -0.0000000000000000000, -0.0000000000000000000 ) ) ;
#1766 = VECTOR ( 'NONE', #1765, 100.0000000000000000 ) ;
#1767 = CARTESIAN_POINT ( 'NONE',  ( -0.1905000000000000000, 0.02989785810170679500, 0.2290944451523970200 ) ) ;
#1768 = CARTESIAN_POINT ( 'NONE',  ( -0.2115000000000000200, 0.02409587666269656000, 0.2602963360557218300 ) ) ;
#1769 = CARTESIAN_POINT ( 'NONE',  ( -0.1694999999999999800, 1.507511769915493900E-005, 0.2994243044813280600 ) ) ;
#1770 = DIRECTION ( 'NONE',  ( -1.000000000000000000, -0.0000000000000000000, -0.0000000000000000000 ) ) ;
#1771 = VECTOR ( 'NONE', #1770, 100.0000000000000000 ) ;
#1772 = LINE ( 'NONE', #1767, #1766 ) ;
#1773 = CARTESIAN_POINT ( 'NONE',  ( -0.1905000000000000000, 0.02198492488229960400, 0.3005756955186720300 ) ) ;
#1774 = LINE ( 'NONE', #1773, #1771 ) ;
#1775 = CARTESIAN_POINT ( 'NONE',  ( -0.2115000000000000200, 0.002126026898095526400, 0.2591449450183773700 ) ) ;
#1776 = DIRECTION ( 'NONE',  ( 1.000000000000000000, 0.0000000000000000000, 0.0000000000000000000 ) ) ;
#1777 = VECTOR ( 'NONE', #1776, 100.0000000000000000 ) ;
#1778 = CARTESIAN_POINT ( 'NONE',  ( -0.1905000000000000000, 0.06780759809641713500, 0.2240944451523972600 ) ) ;
#1779 = CARTESIAN_POINT ( 'NONE',  ( -0.2114999999999999700, 0.02198492488229971900, 0.3005756955186720300 ) ) ;
#1780 = DIRECTION ( 'NONE',  ( 0.0000000000000000000, 0.05233595624294488200, -0.9986295347545737200 ) ) ;
#1781 = DIRECTION ( 'NONE',  ( 0.0000000000000000000, -0.9986295347545738300, -0.05233595624294488900 ) ) ;
#1782 = LINE ( 'NONE', #1778, #1777 ) ;
#1783 = CARTESIAN_POINT ( 'NONE',  ( -0.1905000000000000000, 0.03408217201024139900, 0.2608196956181509900 ) ) ;
#1784 = DIRECTION ( 'NONE',  ( -1.000000000000000000, 0.0000000000000000000, 0.0000000000000000000 ) ) ;
#1785 =( GEOMETRIC_REPRESENTATION_CONTEXT ( 3 ) GLOBAL_UNCERTAINTY_ASSIGNED_CONTEXT ( ( #1786 ) ) GLOBAL_UNIT_ASSIGNED_CONTEXT ( ( #1789, #1788, #1787 ) ) REPRESENTATION_CONTEXT ( 'NONE', 'WORKASPACE' ) );
#1786 = UNCERTAINTY_MEASURE_WITH_UNIT (LENGTH_MEASURE( 1.000000000000000100E-005 ), #1789, 'distance_accuracy_value', 'NONE');
#1787 =( NAMED_UNIT ( * ) SI_UNIT ( $, .STERADIAN. ) SOLID_ANGLE_UNIT ( ) );
#1788 =( NAMED_UNIT ( * ) PLANE_ANGLE_UNIT ( ) SI_UNIT ( $, .RADIAN. ) );
#1789 =( LENGTH_UNIT ( ) NAMED_UNIT ( * ) SI_UNIT ( .CENTI., .METRE. ) );
#1790 = MECHANICAL_DESIGN_GEOMETRIC_PRESENTATION_REPRESENTATION (  '', ( #1792 ), #1785 ) ;
#1791 = PRESENTATION_LAYER_ASSIGNMENT (  '', '', ( #1792 ) ) ;
#1792 = STYLED_ITEM ( 'NONE', ( #1793 ), #249 ) ;
#1793 = PRESENTATION_STYLE_ASSIGNMENT (( #1794 ) ) ;
#1794 = SURFACE_STYLE_USAGE ( .BOTH. , #1795 ) ;
#1795 = SURFACE_SIDE_STYLE ('',( #1796 ) ) ;
#1796 = SURFACE_STYLE_FILL_AREA ( #1804 ) ;
#1797 = AXIS2_PLACEMENT_3D ( 'NONE', #1783, #1784, #1847 ) ;
#1798 = CARTESIAN_POINT ( 'NONE',  ( -0.2115000000000000200, 0.03408217201024139900, 0.2608196956181509900 ) ) ;
#1799 = DIRECTION ( 'NONE',  ( 0.0000000000000000000, 0.05233595624294479900, -0.9986295347545737200 ) ) ;
#1800 = VECTOR ( 'NONE', #1799, 100.0000000000000100 ) ;
#1801 = CARTESIAN_POINT ( 'NONE',  ( -0.1695000000000000100, 1.507511769891856400E-005, 0.2994243044813280100 ) ) ;
#1802 = AXIS2_PLACEMENT_3D ( 'NONE', #1798, #1825, #1824 ) ;
#1803 = LINE ( 'NONE', #1801, #1800 ) ;
#1804 = FILL_AREA_STYLE ('',( #1806 ) ) ;
#1805 = VECTOR ( 'NONE', #1759, 100.0000000000000100 ) ;
#1806 = FILL_AREA_STYLE_COLOUR ( '', #1756 ) ;
#1807 = CARTESIAN_POINT ( 'NONE',  ( -0.08449999999999999200, 0.02198492488229971900, 0.3005756955186720300 ) ) ;
#1808 = DIRECTION ( 'NONE',  ( 0.0000000000000000000, 1.694065894508625900E-015, 1.000000000000000000 ) ) ;
#1809 = DIRECTION ( 'NONE',  ( -1.000000000000000000, -0.0000000000000000000, 0.0000000000000000000 ) ) ;
#1810 = VECTOR ( 'NONE', #1809, 100.0000000000000000 ) ;
#1811 = CARTESIAN_POINT ( 'NONE',  ( 0.0000000000000000000, 0.09850000000000000400, 0.2000000000000000100 ) ) ;
#1812 = DIRECTION ( 'NONE',  ( 0.0000000000000000000, 1.000000000000000000, 1.437261152527789500E-033 ) ) ;
#1813 = COLOUR_RGB ( '',0.1960784313725490200, 0.1960784313725490200, 0.1960784313725490200 ) ;
#1814 = DIRECTION ( 'NONE',  ( 0.0000000000000000000, 0.9986295347545756100, 0.05233595624290972300 ) ) ;
#1815 = VECTOR ( 'NONE', #1814, 100.0000000000000100 ) ;
#1816 = CARTESIAN_POINT ( 'NONE',  ( -0.2115000000000000200, 1.507511769891856400E-005, 0.2994243044813280100 ) ) ;
#1817 = LINE ( 'NONE', #1816, #1815 ) ;
#1818 = FILL_AREA_STYLE ('',( #1819 ) ) ;
#1819 = FILL_AREA_STYLE_COLOUR ( '', #1813 ) ;
#1820 = AXIS2_PLACEMENT_3D ( 'NONE', #1895, #1894, #1893 ) ;
#1821 = PLANE ( 'NONE',  #1820 ) ;
#1822 = FACE_OUTER_BOUND ( 'NONE', #294, .T. ) ;
#1823 = EDGE_CURVE ( 'NONE', #1490, #1726, #3604, .T. ) ;
#1824 = DIRECTION ( 'NONE',  ( 0.0000000000000000000, 0.0000000000000000000, 1.000000000000000000 ) ) ;
#1825 = DIRECTION ( 'NONE',  ( -1.000000000000000000, 0.0000000000000000000, 0.0000000000000000000 ) ) ;
#1826 = AXIS2_PLACEMENT_3D ( 'NONE', #1859, #1858, #1812 ) ;
#1827 = LINE ( 'NONE', #1811, #1810 ) ;
#1828 = CARTESIAN_POINT ( 'NONE',  ( -0.1695000000000000100, 0.002126026898095526400, 0.2591449450183773700 ) ) ;
#1829 = DIRECTION ( 'NONE',  ( -1.000000000000000000, -0.0000000000000000000, -0.0000000000000000000 ) ) ;
#1830 = VECTOR ( 'NONE', #1829, 100.0000000000000000 ) ;
#1831 = CARTESIAN_POINT ( 'NONE',  ( -0.1905000000000000000, 0.02409587666269690000, 0.2602963360557220600 ) ) ;
#1832 = LINE ( 'NONE', #1831, #1830 ) ;
#1833 = CIRCLE ( 'NONE', #1802, 0.03199999999999952200 ) ;
#1834 = ORIENTED_EDGE ( 'NONE', *, *, #1205, .F. ) ;
#1835 = ORIENTED_EDGE ( 'NONE', *, *, #1823, .F. ) ;
#1836 = DIRECTION ( 'NONE',  ( 0.0000000000000000000, -0.05233595624294479900, 0.9986295347545737200 ) ) ;
#1837 = VECTOR ( 'NONE', #1836, 100.0000000000000100 ) ;
#1838 = CARTESIAN_POINT ( 'NONE',  ( -0.2115000000000000200, 0.002126026898095518100, 0.2591449450183779800 ) ) ;
#1839 = LINE ( 'NONE', #1838, #1837 ) ;
#1840 = CARTESIAN_POINT ( 'NONE',  ( -0.1695000000000000100, 0.02989785810170713500, 0.2290944451523969600 ) ) ;
#1842 = EDGE_CURVE ( 'NONE', #384, #562, #3585, .T. ) ;
#1841 = FACE_OUTER_BOUND ( 'NONE', #268, .T. ) ;
#1843 = DIRECTION ( 'NONE',  ( -1.000000000000000000, -0.0000000000000000000, -0.0000000000000000000 ) ) ;
#1844 = VECTOR ( 'NONE', #1843, 100.0000000000000000 ) ;
#1845 = CARTESIAN_POINT ( 'NONE',  ( -0.06350000000000000100, 0.02409587666269690000, 0.2602963360557220600 ) ) ;
#1846 = CYLINDRICAL_SURFACE ( 'NONE', #1826, 0.01000000000000000500 ) ;
#1847 = DIRECTION ( 'NONE',  ( 0.0000000000000000000, 0.0000000000000000000, 1.000000000000000000 ) ) ;
#1848 =( LENGTH_UNIT ( ) NAMED_UNIT ( * ) SI_UNIT ( .CENTI., .METRE. ) );
#1849 = MECHANICAL_DESIGN_GEOMETRIC_PRESENTATION_REPRESENTATION (  '', ( #1851 ), #1900 ) ;
#1850 = PRESENTATION_LAYER_ASSIGNMENT (  '', '', ( #1851 ) ) ;
#1851 = STYLED_ITEM ( 'NONE', ( #1852 ), #266 ) ;
#1852 = PRESENTATION_STYLE_ASSIGNMENT (( #1853 ) ) ;
#1853 = SURFACE_STYLE_USAGE ( .BOTH. , #1855 ) ;
#1854 = CARTESIAN_POINT ( 'NONE',  ( 0.2500000000000001100, 0.07649999999999997100, -0.2000000000000002600 ) ) ;
#1855 = SURFACE_SIDE_STYLE ('',( #1856 ) ) ;
#1856 = SURFACE_STYLE_FILL_AREA ( #1860 ) ;
#1857 = CIRCLE ( 'NONE', #1899, 0.009999999999999982900 ) ;
#1858 = DIRECTION ( 'NONE',  ( 2.154269365246049800E-050, 1.437261152527790000E-033, -1.000000000000000000 ) ) ;
#1859 = CARTESIAN_POINT ( 'NONE',  ( -0.2317597284453679900, 0.1650000000000000100, 4.311783457583360800E-035 ) ) ;
#1860 = FILL_AREA_STYLE ('',( #1861 ) ) ;
#1861 = FILL_AREA_STYLE_COLOUR ( '', #1874 ) ;
#1862 =( GEOMETRIC_REPRESENTATION_CONTEXT ( 3 ) GLOBAL_UNCERTAINTY_ASSIGNED_CONTEXT ( ( #1863 ) ) GLOBAL_UNIT_ASSIGNED_CONTEXT ( ( #1866, #1865, #1864 ) ) REPRESENTATION_CONTEXT ( 'NONE', 'WORKASPACE' ) );
#1863 = UNCERTAINTY_MEASURE_WITH_UNIT (LENGTH_MEASURE( 1.000000000000000100E-005 ), #1866, 'distance_accuracy_value', 'NONE');
#1864 =( NAMED_UNIT ( * ) SI_UNIT ( $, .STERADIAN. ) SOLID_ANGLE_UNIT ( ) );
#1865 =( NAMED_UNIT ( * ) PLANE_ANGLE_UNIT ( ) SI_UNIT ( $, .RADIAN. ) );
#1866 =( LENGTH_UNIT ( ) NAMED_UNIT ( * ) SI_UNIT ( .CENTI., .METRE. ) );
#1867 = MECHANICAL_DESIGN_GEOMETRIC_PRESENTATION_REPRESENTATION (  '', ( #1869 ), #1862 ) ;
#1868 = PRESENTATION_LAYER_ASSIGNMENT (  '', '', ( #1869 ) ) ;
#1869 = STYLED_ITEM ( 'NONE', ( #1870 ), #265 ) ;
#1870 = PRESENTATION_STYLE_ASSIGNMENT (( #1871 ) ) ;
#1871 = SURFACE_STYLE_USAGE ( .BOTH. , #1872 ) ;
#1872 = SURFACE_SIDE_STYLE ('',( #1873 ) ) ;
#1873 = SURFACE_STYLE_FILL_AREA ( #1818 ) ;
#1874 = COLOUR_RGB ( '',0.1960784313725490200, 0.1960784313725490200, 0.1960784313725490200 ) ;
#1875 = VECTOR ( 'NONE', #1887, 100.0000000000000000 ) ;
#1876 = DIRECTION ( 'NONE',  ( 1.000000000000000000, -0.0000000000000000000, -0.0000000000000000000 ) ) ;
#1877 = CARTESIAN_POINT ( 'NONE',  ( -0.08450000000000000600, 0.06650000000000000400, -0.2141803043818490400 ) ) ;
#1878 = VECTOR ( 'NONE', #1642, 100.0000000000000000 ) ;
#1879 = CARTESIAN_POINT ( 'NONE',  ( 1.366751829557480300E-018, 0.07649999999999995700, -0.2000000000000003200 ) ) ;
#1880 = LINE ( 'NONE', #1879, #1878 ) ;
#1881 =( LENGTH_UNIT ( ) NAMED_UNIT ( * ) SI_UNIT ( .CENTI., .METRE. ) );
#1882 = CARTESIAN_POINT ( 'NONE',  ( 0.2500000000000000000, 0.09850000000000000400, -0.2000000000000000100 ) ) ;
#1883 = DIRECTION ( 'NONE',  ( 1.738524712456421300E-034, -2.134639934378085000E-035, 1.000000000000000000 ) ) ;
#1884 = VECTOR ( 'NONE', #1883, 100.0000000000000000 ) ;
#1885 = CARTESIAN_POINT ( 'NONE',  ( 0.2500000000000002800, 0.07649999999999997100, 4.419578044022950500E-035 ) ) ;
#1886 = LINE ( 'NONE', #1885, #1884 ) ;
#1887 = DIRECTION ( 'NONE',  ( -0.0000000000000000000, -1.000000000000000000, 0.0000000000000000000 ) ) ;
#1888 = CARTESIAN_POINT ( 'NONE',  ( -0.2500000000000000000, 0.01499999999999999900, -0.2000000000000000100 ) ) ;
#1889 = DIRECTION ( 'NONE',  ( 0.0000000000000000000, -0.9914140770548246500, 0.1307598096416873200 ) ) ;
#1890 = VECTOR ( 'NONE', #1889, 100.0000000000000000 ) ;
#1891 = CARTESIAN_POINT ( 'NONE',  ( -0.04250000000000000300, 0.07068431390853459300, 0.2459055548476029600 ) ) ;
#1892 = LINE ( 'NONE', #1891, #1890 ) ;
#1893 = DIRECTION ( 'NONE',  ( 0.0000000000000000000, 0.0000000000000000000, -1.000000000000000000 ) ) ;
#1894 = DIRECTION ( 'NONE',  ( 1.000000000000000000, 0.0000000000000000000, 0.0000000000000000000 ) ) ;
#1895 = CARTESIAN_POINT ( 'NONE',  ( 0.2500000000000000000, 0.01499999999999999900, 0.0000000000000000000 ) ) ;
#1896 = LINE ( 'NONE', #1888, #1875 ) ;
#1897 = CARTESIAN_POINT ( 'NONE',  ( 0.2500000000000000000, 0.01499999999999999900, -0.2000000000000000100 ) ) ;
#1898 = LINE ( 'NONE', #1897, #1422 ) ;
#1899 = AXIS2_PLACEMENT_3D ( 'NONE', #1877, #1876, #1644 ) ;
#1900 =( GEOMETRIC_REPRESENTATION_CONTEXT ( 3 ) GLOBAL_UNCERTAINTY_ASSIGNED_CONTEXT ( ( #1901 ) ) GLOBAL_UNIT_ASSIGNED_CONTEXT ( ( #1848, #1903, #1902 ) ) REPRESENTATION_CONTEXT ( 'NONE', 'WORKASPACE' ) );
#1901 = UNCERTAINTY_MEASURE_WITH_UNIT (LENGTH_MEASURE( 1.000000000000000100E-005 ), #1848, 'distance_accuracy_value', 'NONE');
#1902 =( NAMED_UNIT ( * ) SI_UNIT ( $, .STERADIAN. ) SOLID_ANGLE_UNIT ( ) );
#1903 =( NAMED_UNIT ( * ) PLANE_ANGLE_UNIT ( ) SI_UNIT ( $, .RADIAN. ) );
#1904 = DIRECTION ( 'NONE',  ( 0.0000000000000000000, 0.0000000000000000000, -1.000000000000000000 ) ) ;
#1905 = CARTESIAN_POINT ( 'NONE',  ( 0.0000000000000000000, 0.01499999999999999900, -0.2000000000000000100 ) ) ;
#1906 = AXIS2_PLACEMENT_3D ( 'NONE', #1905, #1904, #1956 ) ;
#1907 = PLANE ( 'NONE',  #1906 ) ;
#1908 = SURFACE_STYLE_USAGE ( .BOTH. , #1909 ) ;
#1909 = SURFACE_SIDE_STYLE ('',( #1953 ) ) ;
#1910 = COLOUR_RGB ( '',0.1960784313725490200, 0.1960784313725490200, 0.1960784313725490200 ) ;
#1911 = AXIS2_PLACEMENT_3D ( 'NONE', #1939, #1938, #1937 ) ;
#1912 =( GEOMETRIC_REPRESENTATION_CONTEXT ( 3 ) GLOBAL_UNCERTAINTY_ASSIGNED_CONTEXT ( ( #1913 ) ) GLOBAL_UNIT_ASSIGNED_CONTEXT ( ( #1916, #1915, #1914 ) ) REPRESENTATION_CONTEXT ( 'NONE', 'WORKASPACE' ) );
#1913 = UNCERTAINTY_MEASURE_WITH_UNIT (LENGTH_MEASURE( 1.000000000000000100E-005 ), #1916, 'distance_accuracy_value', 'NONE');
#1914 =( NAMED_UNIT ( * ) SI_UNIT ( $, .STERADIAN. ) SOLID_ANGLE_UNIT ( ) );
#1915 =( NAMED_UNIT ( * ) PLANE_ANGLE_UNIT ( ) SI_UNIT ( $, .RADIAN. ) );
#1916 =( LENGTH_UNIT ( ) NAMED_UNIT ( * ) SI_UNIT ( .CENTI., .METRE. ) );
#1917 = MECHANICAL_DESIGN_GEOMETRIC_PRESENTATION_REPRESENTATION (  '', ( #1919 ), #1912 ) ;
#1918 = PRESENTATION_LAYER_ASSIGNMENT (  '', '', ( #1919 ) ) ;
#1919 = STYLED_ITEM ( 'NONE', ( #1920 ), #284 ) ;
#1920 = PRESENTATION_STYLE_ASSIGNMENT (( #1921 ) ) ;
#1921 = SURFACE_STYLE_USAGE ( .BOTH. , #1922 ) ;
#1922 = SURFACE_SIDE_STYLE ('',( #1930 ) ) ;
#1923 = FACE_OUTER_BOUND ( 'NONE', #5706, .T. ) ;
#1924 = FACE_OUTER_BOUND ( 'NONE', #283, .T. ) ;
#1925 = FILL_AREA_STYLE_COLOUR ( '', #1910 ) ;
#1926 = FILL_AREA_STYLE_COLOUR ( '', #1932 ) ;
#1927 = FACE_OUTER_BOUND ( 'NONE', #264, .T. ) ;
#1928 = CARTESIAN_POINT ( 'NONE',  ( -0.2500000000000001700, 0.07649999999999997100, -0.2000000000000001800 ) ) ;
#1929 = PLANE ( 'NONE',  #1911 ) ;
#1930 = SURFACE_STYLE_FILL_AREA ( #1931 ) ;
#1931 = FILL_AREA_STYLE ('',( #1926 ) ) ;
#1932 = COLOUR_RGB ( '',0.1960784313725490200, 0.1960784313725490200, 0.1960784313725490200 ) ;
#1933 =( BOUNDED_CURVE ( )  B_SPLINE_CURVE ( 3, ( #1980, #1979, #1978, #1977 ),
 .UNSPECIFIED., .F., .T. ) 
 B_SPLINE_CURVE_WITH_KNOTS ( ( 4, 4 ),
 ( 4.712388980384689700, 6.161012259540017400 ),
 .UNSPECIFIED. ) 
 CURVE ( )  GEOMETRIC_REPRESENTATION_ITEM ( )  RATIONAL_B_SPLINE_CURVE ( ( 1.000000000000000000, 0.8326371471926604700, 0.8326371471926604700, 1.000000000000000000 ) ) 
 REPRESENTATION_ITEM ( '' )  );
#1934 = DIRECTION ( 'NONE',  ( 0.0000000000000000000, -1.000000000000000000, -0.0000000000000000000 ) ) ;
#1935 = VECTOR ( 'NONE', #1934, 100.0000000000000000 ) ;
#1936 = LINE ( 'NONE', #1976, #1975 ) ;
#1937 = DIRECTION ( 'NONE',  ( 0.0000000000000000000, 0.0000000000000000000, 1.000000000000000000 ) ) ;
#1938 = DIRECTION ( 'NONE',  ( -1.000000000000000000, 0.0000000000000000000, 0.0000000000000000000 ) ) ;
#1939 = CARTESIAN_POINT ( 'NONE',  ( -0.2500000000000000000, 0.01499999999999999900, 0.0000000000000000000 ) ) ;
#1940 = FILL_AREA_STYLE_COLOUR ( '', #1973 ) ;
#1941 = CARTESIAN_POINT ( 'NONE',  ( 0.2500000000000000000, 0.01499999999999999900, 0.2000000000000000100 ) ) ;
#1942 = LINE ( 'NONE', #1941, #1935 ) ;
#1943 =( GEOMETRIC_REPRESENTATION_CONTEXT ( 3 ) GLOBAL_UNCERTAINTY_ASSIGNED_CONTEXT ( ( #1944 ) ) GLOBAL_UNIT_ASSIGNED_CONTEXT ( ( #1947, #1946, #1945 ) ) REPRESENTATION_CONTEXT ( 'NONE', 'WORKASPACE' ) );
#1944 = UNCERTAINTY_MEASURE_WITH_UNIT (LENGTH_MEASURE( 1.000000000000000100E-005 ), #1947, 'distance_accuracy_value', 'NONE');
#1945 =( NAMED_UNIT ( * ) SI_UNIT ( $, .STERADIAN. ) SOLID_ANGLE_UNIT ( ) );
#1946 =( NAMED_UNIT ( * ) PLANE_ANGLE_UNIT ( ) SI_UNIT ( $, .RADIAN. ) );
#1947 =( LENGTH_UNIT ( ) NAMED_UNIT ( * ) SI_UNIT ( .CENTI., .METRE. ) );
#1948 = MECHANICAL_DESIGN_GEOMETRIC_PRESENTATION_REPRESENTATION (  '', ( #1950 ), #1943 ) ;
#1949 = PRESENTATION_LAYER_ASSIGNMENT (  '', '', ( #1950 ) ) ;
#1950 = STYLED_ITEM ( 'NONE', ( #1951 ), #289 ) ;
#1951 = PRESENTATION_STYLE_ASSIGNMENT (( #1908 ) ) ;
#1952 = AXIS2_PLACEMENT_3D ( 'NONE', #2014, #2013, #2012 ) ;
#1953 = SURFACE_STYLE_FILL_AREA ( #1954 ) ;
#1954 = FILL_AREA_STYLE ('',( #1925 ) ) ;
#1955 = PLANE ( 'NONE',  #1952 ) ;
#1956 = DIRECTION ( 'NONE',  ( -1.000000000000000000, 0.0000000000000000000, -0.0000000000000000000 ) ) ;
#1957 = UNCERTAINTY_MEASURE_WITH_UNIT (LENGTH_MEASURE( 1.000000000000000100E-005 ), #1960, 'distance_accuracy_value', 'NONE');
#1958 =( NAMED_UNIT ( * ) SI_UNIT ( $, .STERADIAN. ) SOLID_ANGLE_UNIT ( ) );
#1959 =( NAMED_UNIT ( * ) PLANE_ANGLE_UNIT ( ) SI_UNIT ( $, .RADIAN. ) );
#1960 =( LENGTH_UNIT ( ) NAMED_UNIT ( * ) SI_UNIT ( .CENTI., .METRE. ) );
#1961 = MECHANICAL_DESIGN_GEOMETRIC_PRESENTATION_REPRESENTATION (  '', ( #1963 ), #2016 ) ;
#1962 = PRESENTATION_LAYER_ASSIGNMENT (  '', '', ( #1963 ) ) ;
#1963 = STYLED_ITEM ( 'NONE', ( #1964 ), #302 ) ;
#1964 = PRESENTATION_STYLE_ASSIGNMENT (( #1966 ) ) ;
#1965 = AXIS2_PLACEMENT_3D ( 'NONE', #1988, #2038, #2037 ) ;
#1966 = SURFACE_STYLE_USAGE ( .BOTH. , #1967 ) ;
#1967 = SURFACE_SIDE_STYLE ('',( #1968 ) ) ;
#1968 = SURFACE_STYLE_FILL_AREA ( #1969 ) ;
#1969 = FILL_AREA_STYLE ('',( #1940 ) ) ;
#1970 = DIRECTION ( 'NONE',  ( -1.000000000000000000, -0.0000000000000000000, -0.0000000000000000000 ) ) ;
#1971 = CARTESIAN_POINT ( 'NONE',  ( -0.06350000000000000100, 0.02198492488229960400, 0.3005756955186720300 ) ) ;
#1972 = CARTESIAN_POINT ( 'NONE',  ( -0.08450000000000000600, 0.02989785810170713500, 0.2290944451523969600 ) ) ;
#1973 = COLOUR_RGB ( '',0.1960784313725490200, 0.1960784313725490200, 0.1960784313725490200 ) ;
#1974 = DIRECTION ( 'NONE',  ( -1.000000000000000000, -1.024627168501489400E-035, 8.344918619790859500E-035 ) ) ;
#1975 = VECTOR ( 'NONE', #1974, 100.0000000000000000 ) ;
#1976 = CARTESIAN_POINT ( 'NONE',  ( 1.366751829557480300E-018, 0.07649999999999995700, 0.2000000000000003200 ) ) ;
#1977 = CARTESIAN_POINT ( 'NONE',  ( -0.2416851899617814800, 0.1662186934340512100, -0.1916851899617816600 ) ) ;
#1978 = CARTESIAN_POINT ( 'NONE',  ( -0.2410386252448824000, 0.1714845404765825100, -0.1910386252448823800 ) ) ;
#1979 = CARTESIAN_POINT ( 'NONE',  ( -0.2370651210800817400, 0.1750000000000000700, -0.1870651210800817500 ) ) ;
#1980 = CARTESIAN_POINT ( 'NONE',  ( -0.2317597284453679900, 0.1750000000000000200, -0.1817597284453680000 ) ) ;
#1981 =( LENGTH_UNIT ( ) NAMED_UNIT ( * ) SI_UNIT ( .CENTI., .METRE. ) );
#1982 = MECHANICAL_DESIGN_GEOMETRIC_PRESENTATION_REPRESENTATION (  '', ( #1984 ), #2039 ) ;
#1983 = PRESENTATION_LAYER_ASSIGNMENT (  '', '', ( #1984 ) ) ;
#1984 = STYLED_ITEM ( 'NONE', ( #1985 ), #328 ) ;
#1985 = PRESENTATION_STYLE_ASSIGNMENT (( #1986 ) ) ;
#1986 = SURFACE_STYLE_USAGE ( .BOTH. , #1995 ) ;
#1987 = COLOUR_RGB ( '',0.7843137254901960700, 0.7843137254901960700, 0.8627450980392157300 ) ;
#1988 = CARTESIAN_POINT ( 'NONE',  ( 0.2336014968589119900, 0.02500000000000000100, 1.437261152527790000E-035 ) ) ;
#1989 = FILL_AREA_STYLE_COLOUR ( '', #1997 ) ;
#1990 = FILL_AREA_STYLE ('',( #2030 ) ) ;
#1991 = FACE_OUTER_BOUND ( 'NONE', #325, .T. ) ;
#1992 = CARTESIAN_POINT ( 'NONE',  ( 0.2336014968589119900, 0.01499999999999999900, -0.1836014968589120000 ) ) ;
#1993 = SURFACE_STYLE_FILL_AREA ( #1994 ) ;
#1994 = FILL_AREA_STYLE ('',( #2067 ) ) ;
#1995 = SURFACE_SIDE_STYLE ('',( #1996 ) ) ;
#1996 = SURFACE_STYLE_FILL_AREA ( #2008 ) ;
#1997 = COLOUR_RGB ( '',0.1960784313725490200, 0.1960784313725490200, 0.1960784313725490200 ) ;
#1998 = DIRECTION ( 'NONE',  ( 0.0000000000000000000, -0.05233595624294479900, 0.9986295347545737200 ) ) ;
#1999 = VECTOR ( 'NONE', #1998, 100.0000000000000100 ) ;
#2000 = CARTESIAN_POINT ( 'NONE',  ( -0.04250000000000000300, 0.02409587666269619900, 0.2602963360557220000 ) ) ;
#2001 = CARTESIAN_POINT ( 'NONE',  ( -0.04250000000000000300, 0.02989785810170713500, 0.2290944451523969600 ) ) ;
#2002 = LINE ( 'NONE', #2000, #1999 ) ;
#2003 = CARTESIAN_POINT ( 'NONE',  ( -0.04250000000000000300, 0.02198492488229960100, 0.3005756955186720300 ) ) ;
#2004 = DIRECTION ( 'NONE',  ( -0.0000000000000000000, -0.0000000000000000000, -1.000000000000000000 ) ) ;
#2005 = VECTOR ( 'NONE', #2004, 100.0000000000000000 ) ;
#2006 = CARTESIAN_POINT ( 'NONE',  ( -0.2500000000000000000, 0.09850000000000000400, 0.0000000000000000000 ) ) ;
#2007 = LINE ( 'NONE', #2006, #2005 ) ;
#2008 = FILL_AREA_STYLE ('',( #1989 ) ) ;
#2009 = CYLINDRICAL_SURFACE ( 'NONE', #1965, 0.01000000000000000500 ) ;
#2010 = VECTOR ( 'NONE', #1970, 100.0000000000000000 ) ;
#2011 = AXIS2_PLACEMENT_3D ( 'NONE', #2065, #2064, #2063 ) ;
#2012 = DIRECTION ( 'NONE',  ( 1.000000000000000000, 0.0000000000000000000, -0.0000000000000000000 ) ) ;
#2013 = DIRECTION ( 'NONE',  ( 0.0000000000000000000, 0.0000000000000000000, 1.000000000000000000 ) ) ;
#2014 = CARTESIAN_POINT ( 'NONE',  ( 0.0000000000000000000, 0.01499999999999999900, 0.2000000000000000100 ) ) ;
#2015 = LINE ( 'NONE', #1971, #2010 ) ;
#2016 =( GEOMETRIC_REPRESENTATION_CONTEXT ( 3 ) GLOBAL_UNCERTAINTY_ASSIGNED_CONTEXT ( ( #1957 ) ) GLOBAL_UNIT_ASSIGNED_CONTEXT ( ( #1960, #1959, #1958 ) ) REPRESENTATION_CONTEXT ( 'NONE', 'WORKASPACE' ) );
#2017 =( NAMED_UNIT ( * ) PLANE_ANGLE_UNIT ( ) SI_UNIT ( $, .RADIAN. ) );
#2018 =( LENGTH_UNIT ( ) NAMED_UNIT ( * ) SI_UNIT ( .CENTI., .METRE. ) );
#2019 = MECHANICAL_DESIGN_GEOMETRIC_PRESENTATION_REPRESENTATION (  '', ( #2021 ), #2068 ) ;
#2020 = PRESENTATION_LAYER_ASSIGNMENT (  '', '', ( #2021 ) ) ;
#2021 = STYLED_ITEM ( 'NONE', ( #2022 ), #334 ) ;
#2022 = PRESENTATION_STYLE_ASSIGNMENT (( #2023 ) ) ;
#2023 = SURFACE_STYLE_USAGE ( .BOTH. , #2024 ) ;
#2024 = SURFACE_SIDE_STYLE ('',( #2025 ) ) ;
#2025 = SURFACE_STYLE_FILL_AREA ( #1990 ) ;
#2026 = PLANE ( 'NONE',  #2011 ) ;
#2027 = FACE_OUTER_BOUND ( 'NONE', #114, .T. ) ;
#2028 = DIRECTION ( 'NONE',  ( -1.000000000000000000, -0.0000000000000000000, -0.0000000000000000000 ) ) ;
#2029 = VECTOR ( 'NONE', #2028, 100.0000000000000000 ) ;
#2030 = FILL_AREA_STYLE_COLOUR ( '', #1987 ) ;
#2031 = AXIS2_PLACEMENT_3D ( 'NONE', #2118, #2117, #2116 ) ;
#2032 = FACE_OUTER_BOUND ( 'NONE', #200, .T. ) ;
#2033 = CYLINDRICAL_SURFACE ( 'NONE', #2062, 0.03199999999999952200 ) ;
#2034 = CARTESIAN_POINT ( 'NONE',  ( -0.04250000000000000300, 0.002126026898095526400, 0.2591449450183773700 ) ) ;
#2035 = CARTESIAN_POINT ( 'NONE',  ( -0.06350000000000000100, 0.02989785810170679500, 0.2290944451523970200 ) ) ;
#2036 = LINE ( 'NONE', #2035, #2029 ) ;
#2037 = DIRECTION ( 'NONE',  ( 0.0000000000000000000, 1.000000000000000000, 1.437261152527789700E-033 ) ) ;
#2038 = DIRECTION ( 'NONE',  ( 2.154269365246049800E-050, 1.437261152527790000E-033, -1.000000000000000000 ) ) ;
#2039 =( GEOMETRIC_REPRESENTATION_CONTEXT ( 3 ) GLOBAL_UNCERTAINTY_ASSIGNED_CONTEXT ( ( #2040 ) ) GLOBAL_UNIT_ASSIGNED_CONTEXT ( ( #1981, #2042, #2041 ) ) REPRESENTATION_CONTEXT ( 'NONE', 'WORKASPACE' ) );
#2040 = UNCERTAINTY_MEASURE_WITH_UNIT (LENGTH_MEASURE( 1.000000000000000100E-005 ), #1981, 'distance_accuracy_value', 'NONE');
#2041 =( NAMED_UNIT ( * ) SI_UNIT ( $, .STERADIAN. ) SOLID_ANGLE_UNIT ( ) );
#2042 =( NAMED_UNIT ( * ) PLANE_ANGLE_UNIT ( ) SI_UNIT ( $, .RADIAN. ) );
#2043 =( LENGTH_UNIT ( ) NAMED_UNIT ( * ) SI_UNIT ( .CENTI., .METRE. ) );
#2044 = MECHANICAL_DESIGN_GEOMETRIC_PRESENTATION_REPRESENTATION (  '', ( #2046 ), #2091 ) ;
#2045 = PRESENTATION_LAYER_ASSIGNMENT (  '', '', ( #2046 ) ) ;
#2046 = STYLED_ITEM ( 'NONE', ( #2047 ), #341 ) ;
#2047 = PRESENTATION_STYLE_ASSIGNMENT (( #2048 ) ) ;
#2048 = SURFACE_STYLE_USAGE ( .BOTH. , #2049 ) ;
#2049 = SURFACE_SIDE_STYLE ('',( #1993 ) ) ;
#2050 = CARTESIAN_POINT ( 'NONE',  ( -0.06350000000000000100, 0.03408217201024139900, 0.2608196956181509900 ) ) ;
#2051 = DIRECTION ( 'NONE',  ( 0.0000000000000000000, 0.05233595624294479900, -0.9986295347545737200 ) ) ;
#2052 = VECTOR ( 'NONE', #2051, 100.0000000000000100 ) ;
#2053 = COLOUR_RGB ( '',0.7843137254901960700, 0.7843137254901960700, 0.8627450980392157300 ) ;
#2054 = FILL_AREA_STYLE_COLOUR ( '', #2053 ) ;
#2055 = COLOUR_RGB ( '',0.7843137254901960700, 0.7843137254901960700, 0.8627450980392157300 ) ;
#2056 = CARTESIAN_POINT ( 'NONE',  ( -0.04250000000000000300, 1.507511769891856400E-005, 0.2994243044813280100 ) ) ;
#2057 = LINE ( 'NONE', #2056, #2052 ) ;
#2058 = DIRECTION ( 'NONE',  ( -1.000000000000000000, -0.0000000000000000000, -0.0000000000000000000 ) ) ;
#2059 = VECTOR ( 'NONE', #2058, 100.0000000000000000 ) ;
#2060 = CARTESIAN_POINT ( 'NONE',  ( -0.06350000000000000100, 1.507511769963447700E-005, 0.2994243044813280600 ) ) ;
#2061 = CARTESIAN_POINT ( 'NONE',  ( -0.08450000000000000600, 0.002126026898095526400, 0.2591449450183773700 ) ) ;
#2062 = AXIS2_PLACEMENT_3D ( 'NONE', #2050, #2088, #2090 ) ;
#2063 = DIRECTION ( 'NONE',  ( 0.0000000000000000000, -0.05233595624294488200, 0.9986295347545737200 ) ) ;
#2064 = DIRECTION ( 'NONE',  ( -0.0000000000000000000, 0.9986295347545738300, 0.05233595624294488900 ) ) ;
#2065 = CARTESIAN_POINT ( 'NONE',  ( -0.06350000000000000100, 0.02409587666269690000, 0.2602963360557220000 ) ) ;
#2066 = LINE ( 'NONE', #2060, #2059 ) ;
#2067 = FILL_AREA_STYLE_COLOUR ( '', #2055 ) ;
#2068 =( GEOMETRIC_REPRESENTATION_CONTEXT ( 3 ) GLOBAL_UNCERTAINTY_ASSIGNED_CONTEXT ( ( #2069 ) ) GLOBAL_UNIT_ASSIGNED_CONTEXT ( ( #2018, #2017, #2070 ) ) REPRESENTATION_CONTEXT ( 'NONE', 'WORKASPACE' ) );
#2069 = UNCERTAINTY_MEASURE_WITH_UNIT (LENGTH_MEASURE( 1.000000000000000100E-005 ), #2018, 'distance_accuracy_value', 'NONE');
#2070 =( NAMED_UNIT ( * ) SI_UNIT ( $, .STERADIAN. ) SOLID_ANGLE_UNIT ( ) );
#2071 =( NAMED_UNIT ( * ) SI_UNIT ( $, .STERADIAN. ) SOLID_ANGLE_UNIT ( ) );
#2072 =( NAMED_UNIT ( * ) PLANE_ANGLE_UNIT ( ) SI_UNIT ( $, .RADIAN. ) );
#2073 =( LENGTH_UNIT ( ) NAMED_UNIT ( * ) SI_UNIT ( .CENTI., .METRE. ) );
#2074 = MECHANICAL_DESIGN_GEOMETRIC_PRESENTATION_REPRESENTATION (  '', ( #2076 ), #2121 ) ;
#2075 = PRESENTATION_LAYER_ASSIGNMENT (  '', '', ( #2076 ) ) ;
#2076 = STYLED_ITEM ( 'NONE', ( #2077 ), #345 ) ;
#2077 = PRESENTATION_STYLE_ASSIGNMENT (( #2078 ) ) ;
#2078 = SURFACE_STYLE_USAGE ( .BOTH. , #2079 ) ;
#2079 = SURFACE_SIDE_STYLE ('',( #2080 ) ) ;
#2080 = SURFACE_STYLE_FILL_AREA ( #2081 ) ;
#2081 = FILL_AREA_STYLE ('',( #2054 ) ) ;
#2082 = LINE ( 'NONE', #2108, #2107 ) ;
#2083 = LINE ( 'NONE', #2085, #2111 ) ;
#2084 = PLANE ( 'NONE',  #2031 ) ;
#2085 = CARTESIAN_POINT ( 'NONE',  ( -0.06350000000000000100, 0.002126026898095469100, 0.2591449450183779800 ) ) ;
#2086 = FACE_OUTER_BOUND ( 'NONE', #310, .T. ) ;
#2087 = CARTESIAN_POINT ( 'NONE',  ( -0.08449999999999999200, 1.507511769915720100E-005, 0.2994243044813280600 ) ) ;
#2088 = DIRECTION ( 'NONE',  ( -1.000000000000000000, 0.0000000000000000000, 0.0000000000000000000 ) ) ;
#2089 = CARTESIAN_POINT ( 'NONE',  ( -0.04250000000000000300, 1.507511769915493900E-005, 0.2994243044813280600 ) ) ;
#2090 = DIRECTION ( 'NONE',  ( 0.0000000000000000000, 0.0000000000000000000, 1.000000000000000000 ) ) ;
#2091 =( GEOMETRIC_REPRESENTATION_CONTEXT ( 3 ) GLOBAL_UNCERTAINTY_ASSIGNED_CONTEXT ( ( #2092 ) ) GLOBAL_UNIT_ASSIGNED_CONTEXT ( ( #2043, #2094, #2093 ) ) REPRESENTATION_CONTEXT ( 'NONE', 'WORKASPACE' ) );
#2092 = UNCERTAINTY_MEASURE_WITH_UNIT (LENGTH_MEASURE( 1.000000000000000100E-005 ), #2043, 'distance_accuracy_value', 'NONE');
#2093 =( NAMED_UNIT ( * ) SI_UNIT ( $, .STERADIAN. ) SOLID_ANGLE_UNIT ( ) );
#2094 =( NAMED_UNIT ( * ) PLANE_ANGLE_UNIT ( ) SI_UNIT ( $, .RADIAN. ) );
#2095 =( NAMED_UNIT ( * ) PLANE_ANGLE_UNIT ( ) SI_UNIT ( $, .RADIAN. ) );
#2096 = ORIENTED_EDGE ( 'NONE', *, *, #1721, .F. ) ;
#2097 = VERTEX_POINT ( 'NONE', #3605 ) ;
#2098 = DIRECTION ( 'NONE',  ( -1.000000000000000000, 0.0000000000000000000, 0.0000000000000000000 ) ) ;
#2099 = VECTOR ( 'NONE', #2098, 100.0000000000000000 ) ;
#2100 = CARTESIAN_POINT ( 'NONE',  ( -0.1905000000000000000, 0.07068431390853464900, -0.2459055548476033500 ) ) ;
#2101 = ORIENTED_EDGE ( 'NONE', *, *, #1823, .T. ) ;
#2102 = ORIENTED_EDGE ( 'NONE', *, *, #589, .F. ) ;
#2103 = CARTESIAN_POINT ( 'NONE',  ( -0.2115000000000000200, 0.03277457391382445500, -0.2509055548476031300 ) ) ;
#2104 = CARTESIAN_POINT ( 'NONE',  ( -0.08450000000000000600, 0.02989785810170713500, -0.2290944451523969600 ) ) ;
#2105 = ORIENTED_EDGE ( 'NONE', *, *, #676, .F. ) ;
#2106 = DIRECTION ( 'NONE',  ( 0.0000000000000000000, -0.9986295347545756100, -0.05233595624290972300 ) ) ;
#2107 = VECTOR ( 'NONE', #2106, 100.0000000000000100 ) ;
#2108 = CARTESIAN_POINT ( 'NONE',  ( -0.04250000000000000300, 0.02198492488229960100, 0.3005756955186720300 ) ) ;
#2109 = LINE ( 'NONE', #1650, #1645 ) ;
#2110 = DIRECTION ( 'NONE',  ( -1.000000000000000000, 0.0000000000000000000, 0.0000000000000000000 ) ) ;
#2111 = VECTOR ( 'NONE', #2110, 100.0000000000000000 ) ;
#2112 = CARTESIAN_POINT ( 'NONE',  ( -0.04250000000000000300, 0.02989785810170713500, -0.2290944451523969600 ) ) ;
#2114 = ADVANCED_FACE ( 'NONE', ( #3595 ), #3573, .T. ) ;
#2113 = CARTESIAN_POINT ( 'NONE',  ( -0.04250000000000000300, 0.06780759809641698200, -0.2240944451523971800 ) ) ;
#2115 = ORIENTED_EDGE ( 'NONE', *, *, #2331, .F. ) ;
#2116 = DIRECTION ( 'NONE',  ( 0.0000000000000000000, -0.9986295347545756100, -0.05233595624291157600 ) ) ;
#2117 = DIRECTION ( 'NONE',  ( 0.0000000000000000000, -0.05233595624291157600, 0.9986295347545756100 ) ) ;
#2119 = EDGE_CURVE ( 'NONE', #718, #1490, #3578, .T. ) ;
#2118 = CARTESIAN_POINT ( 'NONE',  ( -0.06350000000000000100, 0.01099999999999999900, 0.2999999999999999900 ) ) ;
#2120 = LINE ( 'NONE', #2100, #2099 ) ;
#2121 =( GEOMETRIC_REPRESENTATION_CONTEXT ( 3 ) GLOBAL_UNCERTAINTY_ASSIGNED_CONTEXT ( ( #2123 ) ) GLOBAL_UNIT_ASSIGNED_CONTEXT ( ( #2073, #2072, #2071 ) ) REPRESENTATION_CONTEXT ( 'NONE', 'WORKASPACE' ) );
#2122 = ADVANCED_FACE ( 'NONE', ( #3580 ), #3624, .T. ) ;
#2123 = UNCERTAINTY_MEASURE_WITH_UNIT (LENGTH_MEASURE( 1.000000000000000100E-005 ), #2073, 'distance_accuracy_value', 'NONE');
#2124 = EDGE_LOOP ( 'NONE', ( #3990, #2581, #3065, #3062 ) ) ;
#2125 =( GEOMETRIC_REPRESENTATION_CONTEXT ( 3 ) GLOBAL_UNCERTAINTY_ASSIGNED_CONTEXT ( ( #2126 ) ) GLOBAL_UNIT_ASSIGNED_CONTEXT ( ( #2129, #2128, #2127 ) ) REPRESENTATION_CONTEXT ( 'NONE', 'WORKASPACE' ) );
#2126 = UNCERTAINTY_MEASURE_WITH_UNIT (LENGTH_MEASURE( 1.000000000000000100E-005 ), #2129, 'distance_accuracy_value', 'NONE');
#2127 =( NAMED_UNIT ( * ) SI_UNIT ( $, .STERADIAN. ) SOLID_ANGLE_UNIT ( ) );
#2128 =( NAMED_UNIT ( * ) PLANE_ANGLE_UNIT ( ) SI_UNIT ( $, .RADIAN. ) );
#2129 =( LENGTH_UNIT ( ) NAMED_UNIT ( * ) SI_UNIT ( .CENTI., .METRE. ) );
#2130 = MECHANICAL_DESIGN_GEOMETRIC_PRESENTATION_REPRESENTATION (  '', ( #2132 ), #2125 ) ;
#2131 = PRESENTATION_LAYER_ASSIGNMENT (  '', '', ( #2132 ) ) ;
#2132 = STYLED_ITEM ( 'NONE', ( #2133 ), #364 ) ;
#2133 = PRESENTATION_STYLE_ASSIGNMENT (( #2134 ) ) ;
#2134 = SURFACE_STYLE_USAGE ( .BOTH. , #2135 ) ;
#2135 = SURFACE_SIDE_STYLE ('',( #2147 ) ) ;
#2136 = CARTESIAN_POINT ( 'NONE',  ( -0.06350000000000000100, 0.002126026898095469100, -0.2591449450183779800 ) ) ;
#2137 = LINE ( 'NONE', #2136, #2172 ) ;
#2138 = DIRECTION ( 'NONE',  ( 0.0000000000000000000, 0.9914140770548246500, 0.1307598096416873200 ) ) ;
#2139 = VECTOR ( 'NONE', #2138, 100.0000000000000000 ) ;
#2140 = CARTESIAN_POINT ( 'NONE',  ( -0.1695000000000000100, 0.03277457391382429500, -0.2509055548476030200 ) ) ;
#2141 = PLANE ( 'NONE',  #2145 ) ;
#2142 = FACE_OUTER_BOUND ( 'NONE', #358, .T. ) ;
#2143 = FILL_AREA_STYLE_COLOUR ( '', #2149 ) ;
#2144 = CARTESIAN_POINT ( 'NONE',  ( -0.1695000000000000100, 0.03277457391382445500, -0.2509055548476031300 ) ) ;
#2145 = AXIS2_PLACEMENT_3D ( 'NONE', #2176, #2175, #2174 ) ;
#2146 = FILL_AREA_STYLE ('',( #2177 ) ) ;
#2147 = SURFACE_STYLE_FILL_AREA ( #2148 ) ;
#2148 = FILL_AREA_STYLE ('',( #2143 ) ) ;
#2149 = COLOUR_RGB ( '',0.7843137254901960700, 0.7843137254901960700, 0.8627450980392157300 ) ;
#2150 = FACE_OUTER_BOUND ( 'NONE', #4028, .T. ) ;
#2151 = CARTESIAN_POINT ( 'NONE',  ( -0.2115000000000000200, 0.07068431390853430200, -0.2459055548476031800 ) ) ;
#2152 = LINE ( 'NONE', #2140, #2139 ) ;
#2153 = FILL_AREA_STYLE ('',( #2154 ) ) ;
#2154 = FILL_AREA_STYLE_COLOUR ( '', #2197 ) ;
#2155 = CIRCLE ( 'NONE', #2205, 0.03199999999999952200 ) ;
#2156 =( GEOMETRIC_REPRESENTATION_CONTEXT ( 3 ) GLOBAL_UNCERTAINTY_ASSIGNED_CONTEXT ( ( #2157 ) ) GLOBAL_UNIT_ASSIGNED_CONTEXT ( ( #2160, #2159, #2158 ) ) REPRESENTATION_CONTEXT ( 'NONE', 'WORKASPACE' ) );
#2157 = UNCERTAINTY_MEASURE_WITH_UNIT (LENGTH_MEASURE( 1.000000000000000100E-005 ), #2160, 'distance_accuracy_value', 'NONE');
#2158 =( NAMED_UNIT ( * ) SI_UNIT ( $, .STERADIAN. ) SOLID_ANGLE_UNIT ( ) );
#2159 =( NAMED_UNIT ( * ) PLANE_ANGLE_UNIT ( ) SI_UNIT ( $, .RADIAN. ) );
#2160 =( LENGTH_UNIT ( ) NAMED_UNIT ( * ) SI_UNIT ( .CENTI., .METRE. ) );
#2161 = MECHANICAL_DESIGN_GEOMETRIC_PRESENTATION_REPRESENTATION (  '', ( #2163 ), #2156 ) ;
#2162 = PRESENTATION_LAYER_ASSIGNMENT (  '', '', ( #2163 ) ) ;
#2163 = STYLED_ITEM ( 'NONE', ( #2164 ), #368 ) ;
#2164 = PRESENTATION_STYLE_ASSIGNMENT (( #2165 ) ) ;
#2165 = SURFACE_STYLE_USAGE ( .BOTH. , #2166 ) ;
#2166 = SURFACE_SIDE_STYLE ('',( #2167 ) ) ;
#2167 = SURFACE_STYLE_FILL_AREA ( #2146 ) ;
#2168 = CARTESIAN_POINT ( 'NONE',  ( -0.06350000000000000100, 0.002126026898095209800, -0.2591449450183779800 ) ) ;
#2169 = AXIS2_PLACEMENT_3D ( 'NONE', #2168, #2209, #2208 ) ;
#2170 = PLANE ( 'NONE',  #2169 ) ;
#2171 = DIRECTION ( 'NONE',  ( 1.000000000000000000, 0.0000000000000000000, 0.0000000000000000000 ) ) ;
#2172 = VECTOR ( 'NONE', #2171, 100.0000000000000000 ) ;
#2173 = FACE_OUTER_BOUND ( 'NONE', #4024, .T. ) ;
#2174 = DIRECTION ( 'NONE',  ( 0.0000000000000000000, 0.9914140770548247600, 0.1307598096416859300 ) ) ;
#2175 = DIRECTION ( 'NONE',  ( 0.0000000000000000000, 0.1307598096416859300, -0.9914140770548247600 ) ) ;
#2176 = CARTESIAN_POINT ( 'NONE',  ( -0.1905000000000000000, 0.07068431390853459300, -0.2459055548476029600 ) ) ;
#2177 = FILL_AREA_STYLE_COLOUR ( '', #2178 ) ;
#2178 = COLOUR_RGB ( '',0.7843137254901960700, 0.7843137254901960700, 0.8627450980392157300 ) ;
#2179 = CIRCLE ( 'NONE', #2201, 0.03199999999999952200 ) ;
#2180 = UNCERTAINTY_MEASURE_WITH_UNIT (LENGTH_MEASURE( 1.000000000000000100E-005 ), #2183, 'distance_accuracy_value', 'NONE');
#2181 =( NAMED_UNIT ( * ) SI_UNIT ( $, .STERADIAN. ) SOLID_ANGLE_UNIT ( ) );
#2182 =( NAMED_UNIT ( * ) PLANE_ANGLE_UNIT ( ) SI_UNIT ( $, .RADIAN. ) );
#2183 =( LENGTH_UNIT ( ) NAMED_UNIT ( * ) SI_UNIT ( .CENTI., .METRE. ) );
#2184 = MECHANICAL_DESIGN_GEOMETRIC_PRESENTATION_REPRESENTATION (  '', ( #2186 ), #2241 ) ;
#2185 = PRESENTATION_LAYER_ASSIGNMENT (  '', '', ( #2186 ) ) ;
#2186 = STYLED_ITEM ( 'NONE', ( #2187 ), #377 ) ;
#2187 = PRESENTATION_STYLE_ASSIGNMENT (( #2188 ) ) ;
#2188 = SURFACE_STYLE_USAGE ( .BOTH. , #2195 ) ;
#2189 = CARTESIAN_POINT ( 'NONE',  ( -0.06350000000000000100, 0.03408217201024139900, -0.2608196956181509900 ) ) ;
#2190 = SURFACE_SIDE_STYLE ('',( #2191 ) ) ;
#2191 = SURFACE_STYLE_FILL_AREA ( #2233 ) ;
#2192 = DIRECTION ( 'NONE',  ( -1.000000000000000000, -0.0000000000000000000, -0.0000000000000000000 ) ) ;
#2193 = VECTOR ( 'NONE', #2192, 100.0000000000000000 ) ;
#2194 = CARTESIAN_POINT ( 'NONE',  ( -0.1905000000000000000, 0.03277457391382435100, -0.2509055548476033500 ) ) ;
#2195 = SURFACE_SIDE_STYLE ('',( #2196 ) ) ;
#2196 = SURFACE_STYLE_FILL_AREA ( #2153 ) ;
#2197 = COLOUR_RGB ( '',0.7843137254901960700, 0.7843137254901960700, 0.8627450980392157300 ) ;
#2198 = DIRECTION ( 'NONE',  ( 0.0000000000000000000, 0.0000000000000000000, -1.000000000000000000 ) ) ;
#2199 = DIRECTION ( 'NONE',  ( 1.000000000000000000, 0.0000000000000000000, 0.0000000000000000000 ) ) ;
#2200 = CARTESIAN_POINT ( 'NONE',  ( -0.04250000000000000300, 0.03408217201024139900, -0.2608196956181509900 ) ) ;
#2201 = AXIS2_PLACEMENT_3D ( 'NONE', #2200, #2199, #2198 ) ;
#2202 = LINE ( 'NONE', #2194, #2193 ) ;
#2203 = DIRECTION ( 'NONE',  ( 0.0000000000000000000, 1.694065894508625900E-015, -1.000000000000000000 ) ) ;
#2204 = DIRECTION ( 'NONE',  ( -1.000000000000000000, -0.0000000000000000000, -0.0000000000000000000 ) ) ;
#2205 = AXIS2_PLACEMENT_3D ( 'NONE', #2210, #2204, #2203 ) ;
#2206 = CYLINDRICAL_SURFACE ( 'NONE', #2239, 0.03199999999999952200 ) ;
#2207 = CYLINDRICAL_SURFACE ( 'NONE', #2227, 0.009999999999999419100 ) ;
#2208 = DIRECTION ( 'NONE',  ( 0.0000000000000000000, -0.05233595624294488200, -0.9986295347545737200 ) ) ;
#2209 = DIRECTION ( 'NONE',  ( 0.0000000000000000000, -0.9986295347545738300, 0.05233595624294488900 ) ) ;
#2210 = CARTESIAN_POINT ( 'NONE',  ( -0.08450000000000000600, 0.03408217201024139900, -0.2608196956181509900 ) ) ;
#2211 =( NAMED_UNIT ( * ) PLANE_ANGLE_UNIT ( ) SI_UNIT ( $, .RADIAN. ) );
#2212 =( LENGTH_UNIT ( ) NAMED_UNIT ( * ) SI_UNIT ( .CENTI., .METRE. ) );
#2213 = MECHANICAL_DESIGN_GEOMETRIC_PRESENTATION_REPRESENTATION (  '', ( #2215 ), #2264 ) ;
#2214 = PRESENTATION_LAYER_ASSIGNMENT (  '', '', ( #2215 ) ) ;
#2215 = STYLED_ITEM ( 'NONE', ( #2216 ), #387 ) ;
#2216 = PRESENTATION_STYLE_ASSIGNMENT (( #2217 ) ) ;
#2217 = SURFACE_STYLE_USAGE ( .BOTH. , #2190 ) ;
#2218 = CARTESIAN_POINT ( 'NONE',  ( -0.1905000000000000000, 0.03408217201024139900, -0.2608196956181509900 ) ) ;
#2219 = DIRECTION ( 'NONE',  ( 1.000000000000000000, 0.0000000000000000000, 0.0000000000000000000 ) ) ;
#2220 = DIRECTION ( 'NONE',  ( 0.0000000000000000000, 0.0000000000000000000, -1.000000000000000000 ) ) ;
#2221 = DIRECTION ( 'NONE',  ( 1.000000000000000000, 0.0000000000000000000, 0.0000000000000000000 ) ) ;
#2222 = CARTESIAN_POINT ( 'NONE',  ( 0.04250000000000000300, 0.03408217201024139900, -0.2608196956181509900 ) ) ;
#2223 = AXIS2_PLACEMENT_3D ( 'NONE', #2222, #2221, #2220 ) ;
#2224 = CIRCLE ( 'NONE', #2223, 0.009999999999999419100 ) ;
#2225 = FILL_AREA_STYLE_COLOUR ( '', #2226 ) ;
#2226 = COLOUR_RGB ( '',0.7843137254901960700, 0.7843137254901960700, 0.8627450980392157300 ) ;
#2227 = AXIS2_PLACEMENT_3D ( 'NONE', #2218, #2219, #2263 ) ;
#2228 = PLANE ( 'NONE',  #2244 ) ;
#2229 = LINE ( 'NONE', #2247, #2246 ) ;
#2230 = CARTESIAN_POINT ( 'NONE',  ( -0.04250000000000000300, 0.002126026898095526400, -0.2591449450183773700 ) ) ;
#2231 = DIRECTION ( 'NONE',  ( 1.000000000000000000, 0.0000000000000000000, 0.0000000000000000000 ) ) ;
#2232 = VECTOR ( 'NONE', #2231, 100.0000000000000000 ) ;
#2233 = FILL_AREA_STYLE ('',( #2225 ) ) ;
#2234 = DIRECTION ( 'NONE',  ( 0.0000000000000000000, 0.0000000000000000000, -1.000000000000000000 ) ) ;
#2235 = DIRECTION ( 'NONE',  ( 1.000000000000000000, 0.0000000000000000000, 0.0000000000000000000 ) ) ;
#2236 = LINE ( 'NONE', #2238, #2232 ) ;
#2237 = CARTESIAN_POINT ( 'NONE',  ( 0.04250000000000000300, 0.02409587666269606000, -0.2602963360557217800 ) ) ;
#2238 = CARTESIAN_POINT ( 'NONE',  ( -0.06350000000000000100, 0.02989785810170679500, -0.2290944451523970200 ) ) ;
#2239 = AXIS2_PLACEMENT_3D ( 'NONE', #2189, #2235, #2234 ) ;
#2240 = FACE_OUTER_BOUND ( 'NONE', #381, .T. ) ;
#2241 =( GEOMETRIC_REPRESENTATION_CONTEXT ( 3 ) GLOBAL_UNCERTAINTY_ASSIGNED_CONTEXT ( ( #2180 ) ) GLOBAL_UNIT_ASSIGNED_CONTEXT ( ( #2183, #2182, #2181 ) ) REPRESENTATION_CONTEXT ( 'NONE', 'WORKASPACE' ) );
#2242 = LINE ( 'NONE', #2255, #2250 ) ;
#2243 = LINE ( 'NONE', #2293, #2292 ) ;
#2244 = AXIS2_PLACEMENT_3D ( 'NONE', #2273, #2272, #2271 ) ;
#2245 = DIRECTION ( 'NONE',  ( 0.0000000000000000000, 1.000000000000000000, 0.0000000000000000000 ) ) ;
#2246 = VECTOR ( 'NONE', #2245, 100.0000000000000000 ) ;
#2247 = CARTESIAN_POINT ( 'NONE',  ( 0.08449999999999997800, 0.08749999999999999400, -0.02100000000000000100 ) ) ;
#2248 = FILL_AREA_STYLE_COLOUR ( '', #2296 ) ;
#2249 = DIRECTION ( 'NONE',  ( 0.0000000000000000000, 0.0000000000000000000, 1.000000000000000000 ) ) ;
#2250 = VECTOR ( 'NONE', #2249, 100.0000000000000000 ) ;
#2251 = DIRECTION ( 'NONE',  ( -0.0000000000000000000, 0.0000000000000000000, -1.000000000000000000 ) ) ;
#2252 = VECTOR ( 'NONE', #2251, 100.0000000000000000 ) ;
#2253 = CARTESIAN_POINT ( 'NONE',  ( 0.08450000000000000600, 0.09850000000000000400, 0.0000000000000000000 ) ) ;
#2254 = LINE ( 'NONE', #2253, #2252 ) ;
#2255 = CARTESIAN_POINT ( 'NONE',  ( 0.1695000000000000100, 0.07650000000000001200, 0.0000000000000000000 ) ) ;
#2256 = FACE_OUTER_BOUND ( 'NONE', #400, .T. ) ;
#2257 = DIRECTION ( 'NONE',  ( 0.0000000000000000000, -0.9914140770548246500, -0.1307598096416873200 ) ) ;
#2258 = VECTOR ( 'NONE', #2257, 100.0000000000000000 ) ;
#2259 = SURFACE_STYLE_FILL_AREA ( #2260 ) ;
#2260 = FILL_AREA_STYLE ('',( #2248 ) ) ;
#2261 = LINE ( 'NONE', #2262, #2258 ) ;
#2262 = CARTESIAN_POINT ( 'NONE',  ( -0.2115000000000000200, 0.07068431390853459300, -0.2459055548476029600 ) ) ;
#2263 = DIRECTION ( 'NONE',  ( 0.0000000000000000000, 0.0000000000000000000, -1.000000000000000000 ) ) ;
#2264 =( GEOMETRIC_REPRESENTATION_CONTEXT ( 3 ) GLOBAL_UNCERTAINTY_ASSIGNED_CONTEXT ( ( #2265 ) ) GLOBAL_UNIT_ASSIGNED_CONTEXT ( ( #2212, #2211, #2266 ) ) REPRESENTATION_CONTEXT ( 'NONE', 'WORKASPACE' ) );
#2265 = UNCERTAINTY_MEASURE_WITH_UNIT (LENGTH_MEASURE( 1.000000000000000100E-005 ), #2212, 'distance_accuracy_value', 'NONE');
#2266 =( NAMED_UNIT ( * ) SI_UNIT ( $, .STERADIAN. ) SOLID_ANGLE_UNIT ( ) );
#2267 = LINE ( 'NONE', #2325, #2324 ) ;
#2268 = CARTESIAN_POINT ( 'NONE',  ( 0.1695000000000000400, 0.07650000000000001200, -0.02100000000000000100 ) ) ;
#2269 = CARTESIAN_POINT ( 'NONE',  ( 0.06350000000000000100, 0.07650000000000001200, -0.02100000000000000100 ) ) ;
#2270 = LINE ( 'NONE', #2269, #2275 ) ;
#2271 = DIRECTION ( 'NONE',  ( 0.0000000000000000000, 0.0000000000000000000, -1.000000000000000000 ) ) ;
#2272 = DIRECTION ( 'NONE',  ( 1.000000000000000000, 0.0000000000000000000, 0.0000000000000000000 ) ) ;
#2273 = CARTESIAN_POINT ( 'NONE',  ( 0.08450000000000000600, 0.08749999999999999400, 0.0000000000000000000 ) ) ;
#2274 = LINE ( 'NONE', #2276, #2322 ) ;
#2275 = VECTOR ( 'NONE', #2315, 100.0000000000000000 ) ;
#2276 = CARTESIAN_POINT ( 'NONE',  ( 0.08450000000000000600, 0.07650000000000001200, 0.0000000000000000000 ) ) ;
#2277 = CARTESIAN_POINT ( 'NONE',  ( -0.2115000000000000200, 0.07650000000000001200, 0.0000000000000000000 ) ) ;
#2278 = LINE ( 'NONE', #2277, #2310 ) ;
#2279 =( GEOMETRIC_REPRESENTATION_CONTEXT ( 3 ) GLOBAL_UNCERTAINTY_ASSIGNED_CONTEXT ( ( #2280 ) ) GLOBAL_UNIT_ASSIGNED_CONTEXT ( ( #2283, #2282, #2281 ) ) REPRESENTATION_CONTEXT ( 'NONE', 'WORKASPACE' ) );
#2280 = UNCERTAINTY_MEASURE_WITH_UNIT (LENGTH_MEASURE( 1.000000000000000100E-005 ), #2283, 'distance_accuracy_value', 'NONE');
#2281 =( NAMED_UNIT ( * ) SI_UNIT ( $, .STERADIAN. ) SOLID_ANGLE_UNIT ( ) );
#2282 =( NAMED_UNIT ( * ) PLANE_ANGLE_UNIT ( ) SI_UNIT ( $, .RADIAN. ) );
#2283 =( LENGTH_UNIT ( ) NAMED_UNIT ( * ) SI_UNIT ( .CENTI., .METRE. ) );
#2284 = MECHANICAL_DESIGN_GEOMETRIC_PRESENTATION_REPRESENTATION (  '', ( #2286 ), #2279 ) ;
#2285 = PRESENTATION_LAYER_ASSIGNMENT (  '', '', ( #2286 ) ) ;
#2286 = STYLED_ITEM ( 'NONE', ( #2287 ), #404 ) ;
#2287 = PRESENTATION_STYLE_ASSIGNMENT (( #2294 ) ) ;
#2288 = CARTESIAN_POINT ( 'NONE',  ( 0.08449999999999999200, 0.09850000000000000400, -0.02100000000000000100 ) ) ;
#2289 = AXIS2_PLACEMENT_3D ( 'NONE', #2316, #2313, #2312 ) ;
#2290 = CARTESIAN_POINT ( 'NONE',  ( 0.04250000000000000300, 0.07650000000000001200, -0.02100000000000000100 ) ) ;
#2291 = DIRECTION ( 'NONE',  ( 0.0000000000000000000, 0.0000000000000000000, -1.000000000000000000 ) ) ;
#2292 = VECTOR ( 'NONE', #2291, 100.0000000000000000 ) ;
#2293 = CARTESIAN_POINT ( 'NONE',  ( 0.2115000000000000200, 0.07650000000000001200, 0.0000000000000000000 ) ) ;
#2294 = SURFACE_STYLE_USAGE ( .BOTH. , #2295 ) ;
#2295 = SURFACE_SIDE_STYLE ('',( #2259 ) ) ;
#2296 = COLOUR_RGB ( '',0.7843137254901960700, 0.7843137254901960700, 0.8627450980392157300 ) ;
#2297 = AXIS2_PLACEMENT_3D ( 'NONE', #2356, #2355, #2326 ) ;
#2298 = CARTESIAN_POINT ( 'NONE',  ( -0.08449999999999999200, 0.07650000000000001200, -0.02100000000000000100 ) ) ;
#2299 = DIRECTION ( 'NONE',  ( 0.0000000000000000000, 0.0000000000000000000, -1.000000000000000000 ) ) ;
#2300 = VECTOR ( 'NONE', #2299, 100.0000000000000000 ) ;
#2301 = DIRECTION ( 'NONE',  ( -1.000000000000000000, 0.0000000000000000000, -0.0000000000000000000 ) ) ;
#2302 = VECTOR ( 'NONE', #2301, 100.0000000000000000 ) ;
#2303 = CARTESIAN_POINT ( 'NONE',  ( -0.1905000000000000000, 0.07650000000000001200, -0.02100000000000000100 ) ) ;
#2304 = LINE ( 'NONE', #2303, #2302 ) ;
#2305 = CARTESIAN_POINT ( 'NONE',  ( -0.1695000000000000100, 0.07650000000000001200, 0.0000000000000000000 ) ) ;
#2306 = LINE ( 'NONE', #2305, #2300 ) ;
#2307 = ORIENTED_EDGE ( 'NONE', *, *, #2309, .F. ) ;
#2309 = EDGE_CURVE ( 'NONE', #1490, #1727, #3652, .T. ) ;
#2308 = DIRECTION ( 'NONE',  ( 0.0000000000000000000, 0.0000000000000000000, 1.000000000000000000 ) ) ;
#2310 = VECTOR ( 'NONE', #2308, 100.0000000000000000 ) ;
#2311 = LINE ( 'NONE', #2349, #2348 ) ;
#2312 = DIRECTION ( 'NONE',  ( 0.0000000000000000000, 0.0000000000000000000, 1.000000000000000000 ) ) ;
#2313 = DIRECTION ( 'NONE',  ( -1.000000000000000000, 0.0000000000000000000, 0.0000000000000000000 ) ) ;
#2314 = PLANE ( 'NONE',  #2297 ) ;
#2315 = DIRECTION ( 'NONE',  ( 1.000000000000000000, 0.0000000000000000000, 0.0000000000000000000 ) ) ;
#2316 = CARTESIAN_POINT ( 'NONE',  ( 0.08450000000000000600, 0.06650000000000000400, -0.2141803043818490400 ) ) ;
#2317 = CARTESIAN_POINT ( 'NONE',  ( 0.08450000000000000600, 0.09850000000000000400, -0.2141803043818490400 ) ) ;
#2318 = CARTESIAN_POINT ( 'NONE',  ( -0.1694999999999999800, 0.07650000000000001200, -0.02100000000000000100 ) ) ;
#2319 = CARTESIAN_POINT ( 'NONE',  ( 0.08449999999999999200, 0.07650000000000001200, -0.02100000000000000100 ) ) ;
#2320 = CIRCLE ( 'NONE', #2289, 0.03200000000000000100 ) ;
#2321 = DIRECTION ( 'NONE',  ( 0.0000000000000000000, 0.0000000000000000000, -1.000000000000000000 ) ) ;
#2322 = VECTOR ( 'NONE', #2321, 100.0000000000000000 ) ;
#2323 = DIRECTION ( 'NONE',  ( 0.0000000000000000000, 0.0000000000000000000, 1.000000000000000000 ) ) ;
#2324 = VECTOR ( 'NONE', #2323, 100.0000000000000000 ) ;
#2325 = CARTESIAN_POINT ( 'NONE',  ( 0.04250000000000000300, 0.07650000000000001200, 0.0000000000000000000 ) ) ;
#2326 = DIRECTION ( 'NONE',  ( 0.0000000000000000000, 0.0000000000000000000, -1.000000000000000000 ) ) ;
#2327 =( GEOMETRIC_REPRESENTATION_CONTEXT ( 3 ) GLOBAL_UNCERTAINTY_ASSIGNED_CONTEXT ( ( #2328 ) ) GLOBAL_UNIT_ASSIGNED_CONTEXT ( ( #2332, #2330, #2329 ) ) REPRESENTATION_CONTEXT ( 'NONE', 'WORKASPACE' ) );
#2328 = UNCERTAINTY_MEASURE_WITH_UNIT (LENGTH_MEASURE( 1.000000000000000100E-005 ), #2332, 'distance_accuracy_value', 'NONE');
#2329 =( NAMED_UNIT ( * ) SI_UNIT ( $, .STERADIAN. ) SOLID_ANGLE_UNIT ( ) );
#2330 =( NAMED_UNIT ( * ) PLANE_ANGLE_UNIT ( ) SI_UNIT ( $, .RADIAN. ) );
#2331 = EDGE_CURVE ( 'NONE', #1727, #2097, #3650, .T. ) ;
#2332 =( LENGTH_UNIT ( ) NAMED_UNIT ( * ) SI_UNIT ( .CENTI., .METRE. ) );
#2333 = ADVANCED_FACE ( 'NONE', ( #3579 ), #3640, .T. ) ;
#2334 = MECHANICAL_DESIGN_GEOMETRIC_PRESENTATION_REPRESENTATION (  '', ( #2336 ), #2327 ) ;
#2335 = PRESENTATION_LAYER_ASSIGNMENT (  '', '', ( #2336 ) ) ;
#2336 = STYLED_ITEM ( 'NONE', ( #2337 ), #435 ) ;
#2337 = PRESENTATION_STYLE_ASSIGNMENT (( #2338 ) ) ;
#2338 = SURFACE_STYLE_USAGE ( .BOTH. , #2339 ) ;
#2339 = SURFACE_SIDE_STYLE ('',( #2340 ) ) ;
#2340 = SURFACE_STYLE_FILL_AREA ( #2344 ) ;
#2341 = DIRECTION ( 'NONE',  ( 0.0000000000000000000, 0.0000000000000000000, 1.000000000000000000 ) ) ;
#2342 = VECTOR ( 'NONE', #2341, 100.0000000000000000 ) ;
#2343 =( NAMED_UNIT ( * ) SI_UNIT ( $, .STERADIAN. ) SOLID_ANGLE_UNIT ( ) );
#2344 = FILL_AREA_STYLE ('',( #2345 ) ) ;
#2345 = FILL_AREA_STYLE_COLOUR ( '', #2357 ) ;
#2346 = FACE_OUTER_BOUND ( 'NONE', #448, .T. ) ;
#2347 = DIRECTION ( 'NONE',  ( -1.000000000000000000, 0.0000000000000000000, -0.0000000000000000000 ) ) ;
#2348 = VECTOR ( 'NONE', #2347, 100.0000000000000000 ) ;
#2349 = CARTESIAN_POINT ( 'NONE',  ( -0.1905000000000000000, 0.07650000000000001200, -0.02100000000000000100 ) ) ;
#2350 = UNCERTAINTY_MEASURE_WITH_UNIT (LENGTH_MEASURE( 1.000000000000000100E-005 ), #1881, 'distance_accuracy_value', 'NONE');
#2351 = EDGE_CURVE ( 'NONE', #2097, #1726, #3674, .T. ) ;
#2352 = CARTESIAN_POINT ( 'NONE',  ( -0.04250000000000000300, 0.07650000000000001200, -0.02100000000000000100 ) ) ;
#2353 = CARTESIAN_POINT ( 'NONE',  ( -0.08450000000000000600, 0.07650000000000001200, 0.0000000000000000000 ) ) ;
#2354 = LINE ( 'NONE', #2353, #2342 ) ;
#2355 = DIRECTION ( 'NONE',  ( 1.000000000000000000, 0.0000000000000000000, 0.0000000000000000000 ) ) ;
#2356 = CARTESIAN_POINT ( 'NONE',  ( -0.04250000000000000300, 0.08749999999999999400, 0.0000000000000000000 ) ) ;
#2357 = COLOUR_RGB ( '',0.7843137254901960700, 0.7843137254901960700, 0.8627450980392157300 ) ;
#2358 = UNCERTAINTY_MEASURE_WITH_UNIT (LENGTH_MEASURE( 1.000000000000000100E-005 ), #2362, 'distance_accuracy_value', 'NONE');
#2359 = ORIENTED_EDGE ( 'NONE', *, *, #2351, .F. ) ;
#2360 =( NAMED_UNIT ( * ) SI_UNIT ( $, .STERADIAN. ) SOLID_ANGLE_UNIT ( ) );
#2361 =( NAMED_UNIT ( * ) PLANE_ANGLE_UNIT ( ) SI_UNIT ( $, .RADIAN. ) );
#2362 =( LENGTH_UNIT ( ) NAMED_UNIT ( * ) SI_UNIT ( .CENTI., .METRE. ) );
#2363 = MECHANICAL_DESIGN_GEOMETRIC_PRESENTATION_REPRESENTATION (  '', ( #2365 ), #2419 ) ;
#2364 = PRESENTATION_LAYER_ASSIGNMENT (  '', '', ( #2365 ) ) ;
#2365 = STYLED_ITEM ( 'NONE', ( #2366 ), #449 ) ;
#2366 = PRESENTATION_STYLE_ASSIGNMENT (( #2367 ) ) ;
#2367 = SURFACE_STYLE_USAGE ( .BOTH. , #2368 ) ;
#2368 = SURFACE_SIDE_STYLE ('',( #2369 ) ) ;
#2369 = SURFACE_STYLE_FILL_AREA ( #2370 ) ;
#2370 = FILL_AREA_STYLE ('',( #2389 ) ) ;
#2371 = PLANE ( 'NONE',  #2378 ) ;
#2372 = LINE ( 'NONE', #2444, #2431 ) ;
#2373 = DIRECTION ( 'NONE',  ( 0.0000000000000000000, -1.000000000000000000, -0.0000000000000000000 ) ) ;
#2374 = VECTOR ( 'NONE', #2373, 100.0000000000000000 ) ;
#2375 = AXIS2_PLACEMENT_3D ( 'NONE', #2447, #2446, #2445 ) ;
#2376 = CARTESIAN_POINT ( 'NONE',  ( -0.04250000000000000300, 0.08749999999999999400, -0.02100000000000000100 ) ) ;
#2377 = LINE ( 'NONE', #2376, #2374 ) ;
#2378 = AXIS2_PLACEMENT_3D ( 'NONE', #2412, #2411, #2410 ) ;
#2379 = DIRECTION ( 'NONE',  ( 0.0000000000000000000, 0.0000000000000000000, 1.000000000000000000 ) ) ;
#2380 = DIRECTION ( 'NONE',  ( -1.000000000000000000, 0.0000000000000000000, 0.0000000000000000000 ) ) ;
#2381 = CARTESIAN_POINT ( 'NONE',  ( -0.04250000000000000300, 0.06650000000000000400, -0.2141803043818490400 ) ) ;
#2382 = AXIS2_PLACEMENT_3D ( 'NONE', #2381, #2380, #2379 ) ;
#2383 = COLOUR_RGB ( '',0.7843137254901960700, 0.7843137254901960700, 0.8627450980392157300 ) ;
#2384 = CARTESIAN_POINT ( 'NONE',  ( -0.04250000000000001000, 0.09850000000000000400, -0.2141803043818490400 ) ) ;
#2385 = FILL_AREA_STYLE_COLOUR ( '', #2442 ) ;
#2386 = FILL_AREA_STYLE_COLOUR ( '', #2404 ) ;
#2387 = FACE_OUTER_BOUND ( 'NONE', #451, .T. ) ;
#2388 = LINE ( 'NONE', #2438, #2437 ) ;
#2389 = FILL_AREA_STYLE_COLOUR ( '', #2383 ) ;
#2390 = CIRCLE ( 'NONE', #2382, 0.03200000000000000100 ) ;
#2391 = CARTESIAN_POINT ( 'NONE',  ( -0.04250000000000001000, 0.09850000000000000400, -0.02100000000000000100 ) ) ;
#2392 = UNCERTAINTY_MEASURE_WITH_UNIT (LENGTH_MEASURE( 1.000000000000000100E-005 ), #2395, 'distance_accuracy_value', 'NONE');
#2393 =( NAMED_UNIT ( * ) SI_UNIT ( $, .STERADIAN. ) SOLID_ANGLE_UNIT ( ) );
#2394 =( NAMED_UNIT ( * ) PLANE_ANGLE_UNIT ( ) SI_UNIT ( $, .RADIAN. ) );
#2395 =( LENGTH_UNIT ( ) NAMED_UNIT ( * ) SI_UNIT ( .CENTI., .METRE. ) );
#2396 = MECHANICAL_DESIGN_GEOMETRIC_PRESENTATION_REPRESENTATION (  '', ( #2398 ), #2449 ) ;
#2397 = PRESENTATION_LAYER_ASSIGNMENT (  '', '', ( #2398 ) ) ;
#2398 = STYLED_ITEM ( 'NONE', ( #2399 ), #455 ) ;
#2399 = PRESENTATION_STYLE_ASSIGNMENT (( #2400 ) ) ;
#2400 = SURFACE_STYLE_USAGE ( .BOTH. , #2401 ) ;
#2401 = SURFACE_SIDE_STYLE ('',( #2413 ) ) ;
#2402 = DIRECTION ( 'NONE',  ( -0.0000000000000000000, -1.000000000000000000, -0.0000000000000000000 ) ) ;
#2403 = CARTESIAN_POINT ( 'NONE',  ( 0.04250000000000000300, 0.08749999999999999400, -0.02100000000000000100 ) ) ;
#2404 = COLOUR_RGB ( '',0.7843137254901960700, 0.7843137254901960700, 0.8627450980392157300 ) ;
#2405 = DIRECTION ( 'NONE',  ( 0.0000000000000000000, 0.0000000000000000000, 1.000000000000000000 ) ) ;
#2406 = DIRECTION ( 'NONE',  ( -1.000000000000000000, 0.0000000000000000000, 0.0000000000000000000 ) ) ;
#2407 = CARTESIAN_POINT ( 'NONE',  ( 0.04250000000000000300, 0.06650000000000000400, -0.2141803043818490400 ) ) ;
#2408 = LINE ( 'NONE', #2403, #2441 ) ;
#2409 = AXIS2_PLACEMENT_3D ( 'NONE', #2440, #2472, #2471 ) ;
#2410 = DIRECTION ( 'NONE',  ( -1.000000000000000000, 0.0000000000000000000, -0.0000000000000000000 ) ) ;
#2411 = DIRECTION ( 'NONE',  ( 0.0000000000000000000, 0.0000000000000000000, -1.000000000000000000 ) ) ;
#2412 = CARTESIAN_POINT ( 'NONE',  ( -0.1905000000000000000, 0.08749999999999999400, -0.02100000000000000100 ) ) ;
#2413 = SURFACE_STYLE_FILL_AREA ( #2414 ) ;
#2414 = FILL_AREA_STYLE ('',( #2386 ) ) ;
#2415 = FACE_OUTER_BOUND ( 'NONE', #469, .T. ) ;
#2416 = PLANE ( 'NONE',  #2375 ) ;
#2417 = AXIS2_PLACEMENT_3D ( 'NONE', #2407, #2406, #2405 ) ;
#2418 = CIRCLE ( 'NONE', #2417, 0.03200000000000000100 ) ;
#2419 =( GEOMETRIC_REPRESENTATION_CONTEXT ( 3 ) GLOBAL_UNCERTAINTY_ASSIGNED_CONTEXT ( ( #2358 ) ) GLOBAL_UNIT_ASSIGNED_CONTEXT ( ( #2362, #2361, #2360 ) ) REPRESENTATION_CONTEXT ( 'NONE', 'WORKASPACE' ) );
#2420 =( NAMED_UNIT ( * ) PLANE_ANGLE_UNIT ( ) SI_UNIT ( $, .RADIAN. ) );
#2421 =( LENGTH_UNIT ( ) NAMED_UNIT ( * ) SI_UNIT ( .CENTI., .METRE. ) );
#2422 = MECHANICAL_DESIGN_GEOMETRIC_PRESENTATION_REPRESENTATION (  '', ( #2424 ), #2475 ) ;
#2423 = PRESENTATION_LAYER_ASSIGNMENT (  '', '', ( #2424 ) ) ;
#2424 = STYLED_ITEM ( 'NONE', ( #2425 ), #470 ) ;
#2425 = PRESENTATION_STYLE_ASSIGNMENT (( #2426 ) ) ;
#2426 = SURFACE_STYLE_USAGE ( .BOTH. , #2432 ) ;
#2427 = CARTESIAN_POINT ( 'NONE',  ( -0.1695000000000000100, 0.08749999999999999400, -0.02100000000000000100 ) ) ;
#2428 = LINE ( 'NONE', #2427, #2463 ) ;
#2429 = FILL_AREA_STYLE_COLOUR ( '', #2498 ) ;
#2430 = CYLINDRICAL_SURFACE ( 'NONE', #2409, 0.03200000000000000100 ) ;
#2431 = VECTOR ( 'NONE', #2443, 100.0000000000000000 ) ;
#2432 = SURFACE_SIDE_STYLE ('',( #2433 ) ) ;
#2433 = SURFACE_STYLE_FILL_AREA ( #2448 ) ;
#2434 = CARTESIAN_POINT ( 'NONE',  ( -0.08450000000000000600, 0.08749999999999999400, -0.02100000000000000100 ) ) ;
#2435 = CARTESIAN_POINT ( 'NONE',  ( 0.04250000000000000300, 0.09850000000000000400, -0.02100000000000000100 ) ) ;
#2436 = DIRECTION ( 'NONE',  ( 0.0000000000000000000, -0.0000000000000000000, 1.000000000000000000 ) ) ;
#2437 = VECTOR ( 'NONE', #2436, 100.0000000000000000 ) ;
#2438 = CARTESIAN_POINT ( 'NONE',  ( 0.04250000000000000300, 0.09850000000000000400, 0.0000000000000000000 ) ) ;
#2439 = FACE_OUTER_BOUND ( 'NONE', #395, .T. ) ;
#2440 = CARTESIAN_POINT ( 'NONE',  ( 0.06350000000000000100, 0.06650000000000000400, -0.2141803043818490400 ) ) ;
#2441 = VECTOR ( 'NONE', #2402, 100.0000000000000000 ) ;
#2442 = COLOUR_RGB ( '',0.7843137254901960700, 0.7843137254901960700, 0.8627450980392157300 ) ;
#2443 = DIRECTION ( 'NONE',  ( -1.000000000000000000, -0.0000000000000000000, -0.0000000000000000000 ) ) ;
#2444 = CARTESIAN_POINT ( 'NONE',  ( 0.06350000000000000100, 0.09850000000000000400, -0.2141803043818490400 ) ) ;
#2445 = DIRECTION ( 'NONE',  ( 0.0000000000000000000, 0.0000000000000000000, 1.000000000000000000 ) ) ;
#2446 = DIRECTION ( 'NONE',  ( -1.000000000000000000, 0.0000000000000000000, 0.0000000000000000000 ) ) ;
#2447 = CARTESIAN_POINT ( 'NONE',  ( 0.04250000000000000300, 0.08749999999999999400, 0.0000000000000000000 ) ) ;
#2448 = FILL_AREA_STYLE ('',( #2385 ) ) ;
#2449 =( GEOMETRIC_REPRESENTATION_CONTEXT ( 3 ) GLOBAL_UNCERTAINTY_ASSIGNED_CONTEXT ( ( #2392 ) ) GLOBAL_UNIT_ASSIGNED_CONTEXT ( ( #2395, #2394, #2393 ) ) REPRESENTATION_CONTEXT ( 'NONE', 'WORKASPACE' ) );
#2450 =( NAMED_UNIT ( * ) PLANE_ANGLE_UNIT ( ) SI_UNIT ( $, .RADIAN. ) );
#2451 =( LENGTH_UNIT ( ) NAMED_UNIT ( * ) SI_UNIT ( .CENTI., .METRE. ) );
#2452 = MECHANICAL_DESIGN_GEOMETRIC_PRESENTATION_REPRESENTATION (  '', ( #2454 ), #2503 ) ;
#2453 = PRESENTATION_LAYER_ASSIGNMENT (  '', '', ( #2454 ) ) ;
#2454 = STYLED_ITEM ( 'NONE', ( #2455 ), #480 ) ;
#2455 = PRESENTATION_STYLE_ASSIGNMENT (( #2456 ) ) ;
#2456 = SURFACE_STYLE_USAGE ( .BOTH. , #2457 ) ;
#2457 = SURFACE_SIDE_STYLE ('',( #2458 ) ) ;
#2458 = SURFACE_STYLE_FILL_AREA ( #2459 ) ;
#2459 = FILL_AREA_STYLE ('',( #2474 ) ) ;
#2460 = VECTOR ( 'NONE', #2497, 100.0000000000000000 ) ;
#2461 = FACE_OUTER_BOUND ( 'NONE', #514, .T. ) ;
#2462 = DIRECTION ( 'NONE',  ( 0.0000000000000000000, -1.000000000000000000, -0.0000000000000000000 ) ) ;
#2463 = VECTOR ( 'NONE', #2462, 100.0000000000000000 ) ;
#2464 = PLANE ( 'NONE',  #2470 ) ;
#2465 = LINE ( 'NONE', #2434, #2460 ) ;
#2466 = COLOUR_RGB ( '',0.7843137254901960700, 0.7843137254901960700, 0.8627450980392157300 ) ;
#2467 = CARTESIAN_POINT ( 'NONE',  ( -0.1694999999999999600, 0.09850000000000000400, -0.02100000000000000100 ) ) ;
#2468 = AXIS2_PLACEMENT_3D ( 'NONE', #2518, #2517, #2516 ) ;
#2469 = CARTESIAN_POINT ( 'NONE',  ( 0.04250000000000000300, 0.09850000000000000400, -0.2141803043818490400 ) ) ;
#2470 = AXIS2_PLACEMENT_3D ( 'NONE', #2501, #2500, #2499 ) ;
#2471 = DIRECTION ( 'NONE',  ( 0.0000000000000000000, 0.0000000000000000000, 1.000000000000000000 ) ) ;
#2472 = DIRECTION ( 'NONE',  ( -1.000000000000000000, 0.0000000000000000000, 0.0000000000000000000 ) ) ;
#2473 = FACE_OUTER_BOUND ( 'NONE', #496, .T. ) ;
#2474 = FILL_AREA_STYLE_COLOUR ( '', #2466 ) ;
#2475 =( GEOMETRIC_REPRESENTATION_CONTEXT ( 3 ) GLOBAL_UNCERTAINTY_ASSIGNED_CONTEXT ( ( #2476 ) ) GLOBAL_UNIT_ASSIGNED_CONTEXT ( ( #2421, #2420, #2477 ) ) REPRESENTATION_CONTEXT ( 'NONE', 'WORKASPACE' ) );
#2476 = UNCERTAINTY_MEASURE_WITH_UNIT (LENGTH_MEASURE( 1.000000000000000100E-005 ), #2421, 'distance_accuracy_value', 'NONE');
#2477 =( NAMED_UNIT ( * ) SI_UNIT ( $, .STERADIAN. ) SOLID_ANGLE_UNIT ( ) );
#2478 = SURFACE_STYLE_USAGE ( .BOTH. , #2479 ) ;
#2479 = SURFACE_SIDE_STYLE ('',( #2484 ) ) ;
#2480 = CYLINDRICAL_SURFACE ( 'NONE', #2468, 0.03200000000000000100 ) ;
#2481 = CIRCLE ( 'NONE', #2513, 0.03200000000000000100 ) ;
#2482 = DIRECTION ( 'NONE',  ( -1.000000000000000000, -0.0000000000000000000, -0.0000000000000000000 ) ) ;
#2483 = CARTESIAN_POINT ( 'NONE',  ( -0.08450000000000000600, 0.06650000000000000400, -0.2141803043818490400 ) ) ;
#2484 = SURFACE_STYLE_FILL_AREA ( #2485 ) ;
#2485 = FILL_AREA_STYLE ('',( #2429 ) ) ;
#2486 = VECTOR ( 'NONE', #2482, 100.0000000000000000 ) ;
#2487 = CARTESIAN_POINT ( 'NONE',  ( 0.06350000000000000100, 0.09850000000000000400, -0.2141803043818490400 ) ) ;
#2488 = LINE ( 'NONE', #2487, #2486 ) ;
#2489 = DIRECTION ( 'NONE',  ( 0.0000000000000000000, -0.0000000000000000000, 1.000000000000000000 ) ) ;
#2490 = VECTOR ( 'NONE', #2489, 100.0000000000000000 ) ;
#2491 = CARTESIAN_POINT ( 'NONE',  ( -0.08449999999999999200, 0.09850000000000000400, 0.0000000000000000000 ) ) ;
#2492 = LINE ( 'NONE', #2491, #2490 ) ;
#2493 = CARTESIAN_POINT ( 'NONE',  ( -0.1694999999999999800, 0.09850000000000000400, -0.2141803043818490400 ) ) ;
#2494 = CARTESIAN_POINT ( 'NONE',  ( -0.04250000000000001700, 0.09850000000000000400, 0.0000000000000000000 ) ) ;
#2495 = LINE ( 'NONE', #2494, #2562 ) ;
#2496 = CARTESIAN_POINT ( 'NONE',  ( -0.2115000000000000200, 0.03408217201024139900, -0.2608196956181509900 ) ) ;
#2497 = DIRECTION ( 'NONE',  ( -0.0000000000000000000, -1.000000000000000000, -0.0000000000000000000 ) ) ;
#2498 = COLOUR_RGB ( '',0.7843137254901960700, 0.7843137254901960700, 0.8627450980392157300 ) ;
#2499 = DIRECTION ( 'NONE',  ( 0.0000000000000000000, 0.0000000000000000000, 1.000000000000000000 ) ) ;
#2500 = DIRECTION ( 'NONE',  ( -1.000000000000000000, 0.0000000000000000000, 0.0000000000000000000 ) ) ;
#2501 = CARTESIAN_POINT ( 'NONE',  ( -0.08450000000000000600, 0.08749999999999999400, 0.0000000000000000000 ) ) ;
#2502 = PRESENTATION_STYLE_ASSIGNMENT (( #2478 ) ) ;
#2503 =( GEOMETRIC_REPRESENTATION_CONTEXT ( 3 ) GLOBAL_UNCERTAINTY_ASSIGNED_CONTEXT ( ( #2504 ) ) GLOBAL_UNIT_ASSIGNED_CONTEXT ( ( #2451, #2450, #2505 ) ) REPRESENTATION_CONTEXT ( 'NONE', 'WORKASPACE' ) );
#2504 = UNCERTAINTY_MEASURE_WITH_UNIT (LENGTH_MEASURE( 1.000000000000000100E-005 ), #2451, 'distance_accuracy_value', 'NONE');
#2505 =( NAMED_UNIT ( * ) SI_UNIT ( $, .STERADIAN. ) SOLID_ANGLE_UNIT ( ) );
#2506 = AXIS2_PLACEMENT_3D ( 'NONE', #2496, #2510, #2509 ) ;
#2507 = CARTESIAN_POINT ( 'NONE',  ( -0.08449999999999999200, 0.09850000000000000400, -0.02100000000000000100 ) ) ;
#2508 = PLANE ( 'NONE',  #2549 ) ;
#2509 = DIRECTION ( 'NONE',  ( 0.0000000000000000000, 0.0000000000000000000, -1.000000000000000000 ) ) ;
#2510 = DIRECTION ( 'NONE',  ( 1.000000000000000000, 0.0000000000000000000, 0.0000000000000000000 ) ) ;
#2511 = DIRECTION ( 'NONE',  ( 0.0000000000000000000, 0.0000000000000000000, 1.000000000000000000 ) ) ;
#2512 = DIRECTION ( 'NONE',  ( -1.000000000000000000, 0.0000000000000000000, 0.0000000000000000000 ) ) ;
#2513 = AXIS2_PLACEMENT_3D ( 'NONE', #2483, #2512, #2511 ) ;
#2514 = AXIS2_PLACEMENT_3D ( 'NONE', #2545, #2555, #2541 ) ;
#2515 = CIRCLE ( 'NONE', #2506, 0.009999999999999419100 ) ;
#2516 = DIRECTION ( 'NONE',  ( 0.0000000000000000000, 0.0000000000000000000, 1.000000000000000000 ) ) ;
#2517 = DIRECTION ( 'NONE',  ( -1.000000000000000000, 0.0000000000000000000, 0.0000000000000000000 ) ) ;
#2518 = CARTESIAN_POINT ( 'NONE',  ( -0.06350000000000000100, 0.06650000000000000400, -0.2141803043818490400 ) ) ;
#2519 = CARTESIAN_POINT ( 'NONE',  ( -0.08450000000000000600, 0.09850000000000000400, -0.2141803043818490400 ) ) ;
#2520 =( GEOMETRIC_REPRESENTATION_CONTEXT ( 3 ) GLOBAL_UNCERTAINTY_ASSIGNED_CONTEXT ( ( #2521 ) ) GLOBAL_UNIT_ASSIGNED_CONTEXT ( ( #2524, #2523, #2522 ) ) REPRESENTATION_CONTEXT ( 'NONE', 'WORKASPACE' ) );
#2521 = UNCERTAINTY_MEASURE_WITH_UNIT (LENGTH_MEASURE( 1.000000000000000100E-005 ), #2524, 'distance_accuracy_value', 'NONE');
#2522 =( NAMED_UNIT ( * ) SI_UNIT ( $, .STERADIAN. ) SOLID_ANGLE_UNIT ( ) );
#2523 =( NAMED_UNIT ( * ) PLANE_ANGLE_UNIT ( ) SI_UNIT ( $, .RADIAN. ) );
#2524 =( LENGTH_UNIT ( ) NAMED_UNIT ( * ) SI_UNIT ( .CENTI., .METRE. ) );
#2525 = MECHANICAL_DESIGN_GEOMETRIC_PRESENTATION_REPRESENTATION (  '', ( #2527 ), #2520 ) ;
#2526 = PRESENTATION_LAYER_ASSIGNMENT (  '', '', ( #2527 ) ) ;
#2527 = STYLED_ITEM ( 'NONE', ( #2502 ), #495 ) ;
#2528 =( NAMED_UNIT ( * ) PLANE_ANGLE_UNIT ( ) SI_UNIT ( $, .RADIAN. ) );
#2529 =( LENGTH_UNIT ( ) NAMED_UNIT ( * ) SI_UNIT ( .CENTI., .METRE. ) );
#2530 = MECHANICAL_DESIGN_GEOMETRIC_PRESENTATION_REPRESENTATION (  '', ( #2532 ), #2601 ) ;
#2531 = PRESENTATION_LAYER_ASSIGNMENT (  '', '', ( #2532 ) ) ;
#2532 = STYLED_ITEM ( 'NONE', ( #2533 ), #527 ) ;
#2533 = PRESENTATION_STYLE_ASSIGNMENT (( #2534 ) ) ;
#2534 = SURFACE_STYLE_USAGE ( .BOTH. , #2535 ) ;
#2535 = SURFACE_SIDE_STYLE ('',( #2536 ) ) ;
#2536 = SURFACE_STYLE_FILL_AREA ( #2544 ) ;
#2537 = ORIENTED_EDGE ( 'NONE', *, *, #2538, .F. ) ;
#2538 = EDGE_CURVE ( 'NONE', #1723, #2591, #3670, .T. ) ;
#2539 = SURFACE_STYLE_USAGE ( .BOTH. , #2546 ) ;
#2540 = FACE_OUTER_BOUND ( 'NONE', #541, .T. ) ;
#2541 = DIRECTION ( 'NONE',  ( 0.0000000000000000000, 0.0000000000000000000, 1.000000000000000000 ) ) ;
#2542 = DIRECTION ( 'NONE',  ( 0.0000000000000000000, -0.0000000000000000000, 1.000000000000000000 ) ) ;
#2543 = CARTESIAN_POINT ( 'NONE',  ( -0.2115000000000000200, 0.09850000000000000400, 0.0000000000000000000 ) ) ;
#2544 = FILL_AREA_STYLE ('',( #2556 ) ) ;
#2545 = CARTESIAN_POINT ( 'NONE',  ( -0.2115000000000000200, 0.06650000000000000400, -0.2141803043818490400 ) ) ;
#2546 = SURFACE_SIDE_STYLE ('',( #3041 ) ) ;
#2547 = DIRECTION ( 'NONE',  ( -1.000000000000000000, -0.0000000000000000000, -0.0000000000000000000 ) ) ;
#2548 = VECTOR ( 'NONE', #2547, 100.0000000000000000 ) ;
#2549 = AXIS2_PLACEMENT_3D ( 'NONE', #2593, #2592, #2589 ) ;
#2550 = CIRCLE ( 'NONE', #2514, 0.03200000000000000100 ) ;
#2551 = DIRECTION ( 'NONE',  ( -1.000000000000000000, -0.0000000000000000000, -0.0000000000000000000 ) ) ;
#2552 = VECTOR ( 'NONE', #2551, 100.0000000000000000 ) ;
#2553 = LINE ( 'NONE', #2560, #2548 ) ;
#2554 = EDGE_CURVE ( 'NONE', #2575, #2590, #3721, .T. ) ;
#2555 = DIRECTION ( 'NONE',  ( -1.000000000000000000, 0.0000000000000000000, 0.0000000000000000000 ) ) ;
#2556 = FILL_AREA_STYLE_COLOUR ( '', #2563 ) ;
#2557 = CARTESIAN_POINT ( 'NONE',  ( -0.2115000000000000200, 0.09850000000000000400, 0.2141803043818490400 ) ) ;
#2558 = CARTESIAN_POINT ( 'NONE',  ( 0.06350000000000000100, 0.09850000000000000400, -0.02100000000000000100 ) ) ;
#2559 = LINE ( 'NONE', #2558, #2552 ) ;
#2560 = CARTESIAN_POINT ( 'NONE',  ( 0.06350000000000000100, 0.09850000000000000400, -0.02100000000000000100 ) ) ;
#2561 = DIRECTION ( 'NONE',  ( -0.0000000000000000000, 0.0000000000000000000, -1.000000000000000000 ) ) ;
#2562 = VECTOR ( 'NONE', #2561, 100.0000000000000000 ) ;
#2563 = COLOUR_RGB ( '',0.7843137254901960700, 0.7843137254901960700, 0.8627450980392157300 ) ;
#2564 = MECHANICAL_DESIGN_GEOMETRIC_PRESENTATION_REPRESENTATION (  '', ( #2566 ), #2634 ) ;
#2565 = PRESENTATION_LAYER_ASSIGNMENT (  '', '', ( #2566 ) ) ;
#2566 = STYLED_ITEM ( 'NONE', ( #2567 ), #542 ) ;
#2567 = PRESENTATION_STYLE_ASSIGNMENT (( #2568 ) ) ;
#2568 = SURFACE_STYLE_USAGE ( .BOTH. , #2569 ) ;
#2569 = SURFACE_SIDE_STYLE ('',( #2579 ) ) ;
#2570 = EDGE_CURVE ( 'NONE', #2580, #4034, #3716, .T. ) ;
#2571 = DIRECTION ( 'NONE',  ( -1.000000000000000000, -0.0000000000000000000, -0.0000000000000000000 ) ) ;
#2572 = FILL_AREA_STYLE_COLOUR ( '', #2573 ) ;
#2573 = COLOUR_RGB ( '',0.7843137254901960700, 0.7843137254901960700, 0.8627450980392157300 ) ;
#2574 = ORIENTED_EDGE ( 'NONE', *, *, #3744, .F. ) ;
#2575 = VERTEX_POINT ( 'NONE', #3717 ) ;
#2576 =( NAMED_UNIT ( * ) PLANE_ANGLE_UNIT ( ) SI_UNIT ( $, .RADIAN. ) );
#2577 = PRESENTATION_STYLE_ASSIGNMENT (( #2539 ) ) ;
#2578 = VECTOR ( 'NONE', #2542, 100.0000000000000000 ) ;
#2579 = SURFACE_STYLE_FILL_AREA ( #2596 ) ;
#2580 = VERTEX_POINT ( 'NONE', #3714 ) ;
#2581 = ORIENTED_EDGE ( 'NONE', *, *, #3050, .F. ) ;
#2582 = LINE ( 'NONE', #2543, #2578 ) ;
#2583 = DIRECTION ( 'NONE',  ( 0.0000000000000000000, 0.0000000000000000000, -1.000000000000000000 ) ) ;
#2584 = DIRECTION ( 'NONE',  ( 1.000000000000000000, 0.0000000000000000000, 0.0000000000000000000 ) ) ;
#2585 = AXIS2_PLACEMENT_3D ( 'NONE', #2594, #2584, #2583 ) ;
#2586 = VECTOR ( 'NONE', #2571, 100.0000000000000000 ) ;
#2587 = STYLED_ITEM ( 'NONE', ( #2577 ), #736 ) ;
#2588 = FACE_OUTER_BOUND ( 'NONE', #543, .T. ) ;
#2590 = VERTEX_POINT ( 'NONE', #3653 ) ;
#2589 = DIRECTION ( 'NONE',  ( 0.0000000000000000000, 0.0000000000000000000, 1.000000000000000000 ) ) ;
#2591 = VERTEX_POINT ( 'NONE', #3641 ) ;
#2592 = DIRECTION ( 'NONE',  ( -1.000000000000000000, 0.0000000000000000000, 0.0000000000000000000 ) ) ;
#2593 = CARTESIAN_POINT ( 'NONE',  ( -0.2115000000000000200, 0.08749999999999999400, 0.0000000000000000000 ) ) ;
#2594 = CARTESIAN_POINT ( 'NONE',  ( -0.2115000000000000200, 0.06650000000000000400, 0.2141803043818490400 ) ) ;
#2595 = EDGE_LOOP ( 'NONE', ( #2537, #2782, #2751, #2779 ) ) ;
#2596 = FILL_AREA_STYLE ('',( #2572 ) ) ;
#2597 = CARTESIAN_POINT ( 'NONE',  ( 0.06350000000000000100, 0.09850000000000000400, -0.2141803043818490400 ) ) ;
#2598 = LINE ( 'NONE', #2597, #2586 ) ;
#2599 = CIRCLE ( 'NONE', #2585, 0.03200000000000000100 ) ;
#2600 = EDGE_LOOP ( 'NONE', ( #2102, #594, #598, #592 ) ) ;
#2601 =( GEOMETRIC_REPRESENTATION_CONTEXT ( 3 ) GLOBAL_UNCERTAINTY_ASSIGNED_CONTEXT ( ( #2602 ) ) GLOBAL_UNIT_ASSIGNED_CONTEXT ( ( #2529, #2528, #2603 ) ) REPRESENTATION_CONTEXT ( 'NONE', 'WORKASPACE' ) );
#2602 = UNCERTAINTY_MEASURE_WITH_UNIT (LENGTH_MEASURE( 1.000000000000000100E-005 ), #2529, 'distance_accuracy_value', 'NONE');
#2603 =( NAMED_UNIT ( * ) SI_UNIT ( $, .STERADIAN. ) SOLID_ANGLE_UNIT ( ) );
#2604 =( NAMED_UNIT ( * ) SI_UNIT ( $, .STERADIAN. ) SOLID_ANGLE_UNIT ( ) );
#2605 =( NAMED_UNIT ( * ) PLANE_ANGLE_UNIT ( ) SI_UNIT ( $, .RADIAN. ) );
#2606 =( LENGTH_UNIT ( ) NAMED_UNIT ( * ) SI_UNIT ( .CENTI., .METRE. ) );
#2607 = MECHANICAL_DESIGN_GEOMETRIC_PRESENTATION_REPRESENTATION (  '', ( #2609 ), #2662 ) ;
#2608 = PRESENTATION_LAYER_ASSIGNMENT (  '', '', ( #2609 ) ) ;
#2609 = STYLED_ITEM ( 'NONE', ( #2610 ), #547 ) ;
#2610 = PRESENTATION_STYLE_ASSIGNMENT (( #2615 ) ) ;
#2611 = CARTESIAN_POINT ( 'NONE',  ( -0.2115000000000000200, 0.09850000000000000400, -0.2141803043818490400 ) ) ;
#2612 = DIRECTION ( 'NONE',  ( 0.0000000000000000000, 0.0000000000000000000, 1.000000000000000000 ) ) ;
#2613 = DIRECTION ( 'NONE',  ( -1.000000000000000000, 0.0000000000000000000, 0.0000000000000000000 ) ) ;
#2614 = AXIS2_PLACEMENT_3D ( 'NONE', #2623, #2613, #2612 ) ;
#2615 = SURFACE_STYLE_USAGE ( .BOTH. , #2616 ) ;
#2616 = SURFACE_SIDE_STYLE ('',( #2625 ) ) ;
#2617 = AXIS2_PLACEMENT_3D ( 'NONE', #2657, #2656, #2655 ) ;
#2618 = COLOUR_RGB ( '',0.7843137254901960700, 0.7843137254901960700, 0.8627450980392157300 ) ;
#2619 = DIRECTION ( 'NONE',  ( 0.0000000000000000000, 0.0000000000000000000, 1.000000000000000000 ) ) ;
#2620 = DIRECTION ( 'NONE',  ( -1.000000000000000000, 0.0000000000000000000, 0.0000000000000000000 ) ) ;
#2621 = CARTESIAN_POINT ( 'NONE',  ( -0.1905000000000000000, 0.06650000000000000400, -0.2141803043818490400 ) ) ;
#2622 = AXIS2_PLACEMENT_3D ( 'NONE', #2621, #2620, #2619 ) ;
#2623 = CARTESIAN_POINT ( 'NONE',  ( -0.1695000000000000100, 0.06650000000000000400, -0.2141803043818490400 ) ) ;
#2624 = FILL_AREA_STYLE_COLOUR ( '', #2618 ) ;
#2625 = SURFACE_STYLE_FILL_AREA ( #2626 ) ;
#2626 = FILL_AREA_STYLE ('',( #2624 ) ) ;
#2627 = PLANE ( 'NONE',  #2617 ) ;
#2628 = LINE ( 'NONE', #2651, #2650 ) ;
#2629 = CIRCLE ( 'NONE', #2614, 0.03200000000000000100 ) ;
#2630 = FILL_AREA_STYLE ('',( #2658 ) ) ;
#2631 = FACE_OUTER_BOUND ( 'NONE', #477, .T. ) ;
#2632 = CYLINDRICAL_SURFACE ( 'NONE', #2622, 0.03200000000000000100 ) ;
#2633 = COLOUR_RGB ( '',0.7843137254901960700, 0.7843137254901960700, 0.8627450980392157300 ) ;
#2634 =( GEOMETRIC_REPRESENTATION_CONTEXT ( 3 ) GLOBAL_UNCERTAINTY_ASSIGNED_CONTEXT ( ( #2350 ) ) GLOBAL_UNIT_ASSIGNED_CONTEXT ( ( #1881, #2095, #2343 ) ) REPRESENTATION_CONTEXT ( 'NONE', 'WORKASPACE' ) );
#2635 = UNCERTAINTY_MEASURE_WITH_UNIT (LENGTH_MEASURE( 1.000000000000000100E-005 ), #2638, 'distance_accuracy_value', 'NONE');
#2636 =( NAMED_UNIT ( * ) SI_UNIT ( $, .STERADIAN. ) SOLID_ANGLE_UNIT ( ) );
#2637 =( NAMED_UNIT ( * ) PLANE_ANGLE_UNIT ( ) SI_UNIT ( $, .RADIAN. ) );
#2638 =( LENGTH_UNIT ( ) NAMED_UNIT ( * ) SI_UNIT ( .CENTI., .METRE. ) );
#2639 = MECHANICAL_DESIGN_GEOMETRIC_PRESENTATION_REPRESENTATION (  '', ( #2641 ), #2690 ) ;
#2640 = PRESENTATION_LAYER_ASSIGNMENT (  '', '', ( #2641 ) ) ;
#2641 = STYLED_ITEM ( 'NONE', ( #2642 ), #563 ) ;
#2642 = PRESENTATION_STYLE_ASSIGNMENT (( #2643 ) ) ;
#2643 = SURFACE_STYLE_USAGE ( .BOTH. , #2644 ) ;
#2644 = SURFACE_SIDE_STYLE ('',( #2645 ) ) ;
#2645 = SURFACE_STYLE_FILL_AREA ( #2630 ) ;
#2646 = DIRECTION ( 'NONE',  ( 1.000000000000000000, 0.0000000000000000000, 0.0000000000000000000 ) ) ;
#2647 = CARTESIAN_POINT ( 'NONE',  ( 0.06350000000000000100, 0.09850000000000000400, 0.02100000000000000100 ) ) ;
#2648 = PLANE ( 'NONE',  #2654 ) ;
#2649 = DIRECTION ( 'NONE',  ( -0.0000000000000000000, 0.0000000000000000000, -1.000000000000000000 ) ) ;
#2650 = VECTOR ( 'NONE', #2649, 100.0000000000000000 ) ;
#2651 = CARTESIAN_POINT ( 'NONE',  ( -0.1694999999999999800, 0.09850000000000000400, 0.0000000000000000000 ) ) ;
#2652 = CARTESIAN_POINT ( 'NONE',  ( -0.1905000000000000000, 0.08749999999999999400, 0.02100000000000000100 ) ) ;
#2653 = FACE_OUTER_BOUND ( 'NONE', #485, .T. ) ;
#2654 = AXIS2_PLACEMENT_3D ( 'NONE', #2687, #2686, #2685 ) ;
#2655 = DIRECTION ( 'NONE',  ( 0.0000000000000000000, 0.0000000000000000000, -1.000000000000000000 ) ) ;
#2656 = DIRECTION ( 'NONE',  ( 1.000000000000000000, 0.0000000000000000000, 0.0000000000000000000 ) ) ;
#2657 = CARTESIAN_POINT ( 'NONE',  ( -0.1695000000000000100, 0.08749999999999999400, 0.0000000000000000000 ) ) ;
#2658 = FILL_AREA_STYLE_COLOUR ( '', #2633 ) ;
#2659 = FILL_AREA_STYLE_COLOUR ( '', #2688 ) ;
#2660 = CARTESIAN_POINT ( 'NONE',  ( 0.08450000000000000600, 0.02409587666269606000, -0.2602963360557217800 ) ) ;
#2661 = CARTESIAN_POINT ( 'NONE',  ( -0.1695000000000000100, 0.06780759809641698200, 0.2240944451523971800 ) ) ;
#2662 =( GEOMETRIC_REPRESENTATION_CONTEXT ( 3 ) GLOBAL_UNCERTAINTY_ASSIGNED_CONTEXT ( ( #2663 ) ) GLOBAL_UNIT_ASSIGNED_CONTEXT ( ( #2606, #2605, #2604 ) ) REPRESENTATION_CONTEXT ( 'NONE', 'WORKASPACE' ) );
#2663 = UNCERTAINTY_MEASURE_WITH_UNIT (LENGTH_MEASURE( 1.000000000000000100E-005 ), #2606, 'distance_accuracy_value', 'NONE');
#2664 = UNCERTAINTY_MEASURE_WITH_UNIT (LENGTH_MEASURE( 1.000000000000000100E-005 ), #2667, 'distance_accuracy_value', 'NONE');
#2665 =( NAMED_UNIT ( * ) SI_UNIT ( $, .STERADIAN. ) SOLID_ANGLE_UNIT ( ) );
#2666 =( NAMED_UNIT ( * ) PLANE_ANGLE_UNIT ( ) SI_UNIT ( $, .RADIAN. ) );
#2667 =( LENGTH_UNIT ( ) NAMED_UNIT ( * ) SI_UNIT ( .CENTI., .METRE. ) );
#2668 = MECHANICAL_DESIGN_GEOMETRIC_PRESENTATION_REPRESENTATION (  '', ( #2670 ), #2716 ) ;
#2669 = PRESENTATION_LAYER_ASSIGNMENT (  '', '', ( #2670 ) ) ;
#2670 = STYLED_ITEM ( 'NONE', ( #2671 ), #574 ) ;
#2671 = PRESENTATION_STYLE_ASSIGNMENT (( #2683 ) ) ;
#2672 = PLANE ( 'NONE',  #2682 ) ;
#2673 = CARTESIAN_POINT ( 'NONE',  ( -0.1694999999999999800, 0.09850000000000000400, 0.2141803043818490400 ) ) ;
#2674 = FACE_OUTER_BOUND ( 'NONE', #587, .T. ) ;
#2675 = CARTESIAN_POINT ( 'NONE',  ( -0.08450000000000000600, 0.09850000000000000400, 0.2141803043818490400 ) ) ;
#2676 = DIRECTION ( 'NONE',  ( 1.000000000000000000, 0.0000000000000000000, 0.0000000000000000000 ) ) ;
#2677 = VECTOR ( 'NONE', #2676, 100.0000000000000000 ) ;
#2678 = CARTESIAN_POINT ( 'NONE',  ( 0.06350000000000000100, 0.09850000000000000400, 0.2141803043818490400 ) ) ;
#2679 = CARTESIAN_POINT ( 'NONE',  ( -0.08449999999999999200, 0.09850000000000000400, 0.02100000000000000100 ) ) ;
#2680 = SURFACE_STYLE_FILL_AREA ( #2681 ) ;
#2681 = FILL_AREA_STYLE ('',( #2659 ) ) ;
#2682 = AXIS2_PLACEMENT_3D ( 'NONE', #2652, #2714, #2713 ) ;
#2683 = SURFACE_STYLE_USAGE ( .BOTH. , #2684 ) ;
#2684 = SURFACE_SIDE_STYLE ('',( #2680 ) ) ;
#2685 = DIRECTION ( 'NONE',  ( -1.000000000000000000, 0.0000000000000000000, -0.0000000000000000000 ) ) ;
#2686 = DIRECTION ( 'NONE',  ( 0.0000000000000000000, 0.0000000000000000000, -1.000000000000000000 ) ) ;
#2687 = CARTESIAN_POINT ( 'NONE',  ( -0.1905000000000000000, 0.08749999999999999400, -0.02100000000000000100 ) ) ;
#2688 = COLOUR_RGB ( '',0.7843137254901960700, 0.7843137254901960700, 0.8627450980392157300 ) ;
#2689 = LINE ( 'NONE', #2678, #2677 ) ;
#2690 =( GEOMETRIC_REPRESENTATION_CONTEXT ( 3 ) GLOBAL_UNCERTAINTY_ASSIGNED_CONTEXT ( ( #2635 ) ) GLOBAL_UNIT_ASSIGNED_CONTEXT ( ( #2638, #2637, #2636 ) ) REPRESENTATION_CONTEXT ( 'NONE', 'WORKASPACE' ) );
#2691 = FILL_AREA_STYLE ('',( #2743 ) ) ;
#2692 = AXIS2_PLACEMENT_3D ( 'NONE', #2721, #2720, #2719 ) ;
#2693 = SURFACE_STYLE_FILL_AREA ( #2691 ) ;
#2694 = DIRECTION ( 'NONE',  ( -0.0000000000000000000, -1.000000000000000000, 0.0000000000000000000 ) ) ;
#2695 = VECTOR ( 'NONE', #2694, 100.0000000000000000 ) ;
#2696 = CARTESIAN_POINT ( 'NONE',  ( -0.08450000000000000600, 0.08749999999999999400, 0.02100000000000000100 ) ) ;
#2697 = LINE ( 'NONE', #2739, #2774 ) ;
#2698 = LINE ( 'NONE', #2696, #2695 ) ;
#2699 = DIRECTION ( 'NONE',  ( 1.000000000000000000, 0.0000000000000000000, 0.0000000000000000000 ) ) ;
#2700 = CARTESIAN_POINT ( 'NONE',  ( -0.1695000000000000100, 0.06650000000000000400, 0.2141803043818490400 ) ) ;
#2701 = CARTESIAN_POINT ( 'NONE',  ( 0.06350000000000000100, 0.09850000000000000400, 0.2141803043818490400 ) ) ;
#2702 = LINE ( 'NONE', #2701, #2712 ) ;
#2703 = DIRECTION ( 'NONE',  ( -0.0000000000000000000, 0.0000000000000000000, -1.000000000000000000 ) ) ;
#2704 = VECTOR ( 'NONE', #2703, 100.0000000000000000 ) ;
#2705 = AXIS2_PLACEMENT_3D ( 'NONE', #2700, #2742, #2741 ) ;
#2706 = CIRCLE ( 'NONE', #2705, 0.03200000000000000100 ) ;
#2707 = SURFACE_STYLE_FILL_AREA ( #2722 ) ;
#2708 = CARTESIAN_POINT ( 'NONE',  ( -0.1694999999999999800, 0.09850000000000000400, 0.0000000000000000000 ) ) ;
#2709 = LINE ( 'NONE', #2708, #2704 ) ;
#2710 = VECTOR ( 'NONE', #2646, 100.0000000000000000 ) ;
#2711 = CARTESIAN_POINT ( 'NONE',  ( -0.04250000000000001000, 0.09850000000000000400, 0.2141803043818490400 ) ) ;
#2712 = VECTOR ( 'NONE', #2699, 100.0000000000000000 ) ;
#2713 = DIRECTION ( 'NONE',  ( 1.000000000000000000, 0.0000000000000000000, -0.0000000000000000000 ) ) ;
#2714 = DIRECTION ( 'NONE',  ( 0.0000000000000000000, 0.0000000000000000000, 1.000000000000000000 ) ) ;
#2715 = LINE ( 'NONE', #2647, #2710 ) ;
#2716 =( GEOMETRIC_REPRESENTATION_CONTEXT ( 3 ) GLOBAL_UNCERTAINTY_ASSIGNED_CONTEXT ( ( #2664 ) ) GLOBAL_UNIT_ASSIGNED_CONTEXT ( ( #2667, #2666, #2665 ) ) REPRESENTATION_CONTEXT ( 'NONE', 'WORKASPACE' ) );
#2717 = AXIS2_PLACEMENT_3D ( 'NONE', #2754, #2753, #2752 ) ;
#2718 = FACE_OUTER_BOUND ( 'NONE', #609, .T. ) ;
#2719 = DIRECTION ( 'NONE',  ( 0.0000000000000000000, 0.0000000000000000000, -1.000000000000000000 ) ) ;
#2720 = DIRECTION ( 'NONE',  ( 1.000000000000000000, 0.0000000000000000000, 0.0000000000000000000 ) ) ;
#2721 = CARTESIAN_POINT ( 'NONE',  ( -0.1695000000000000100, 0.08749999999999999400, 0.0000000000000000000 ) ) ;
#2722 = FILL_AREA_STYLE ('',( #2775 ) ) ;
#2723 = PLANE ( 'NONE',  #2717 ) ;
#2724 = AXIS2_PLACEMENT_3D ( 'NONE', #2777, #2835, #2834 ) ;
#2725 = CARTESIAN_POINT ( 'NONE',  ( -0.1694999999999999600, 0.09850000000000000400, 0.02100000000000000100 ) ) ;
#2726 =( GEOMETRIC_REPRESENTATION_CONTEXT ( 3 ) GLOBAL_UNCERTAINTY_ASSIGNED_CONTEXT ( ( #2727 ) ) GLOBAL_UNIT_ASSIGNED_CONTEXT ( ( #2731, #2730, #2729 ) ) REPRESENTATION_CONTEXT ( 'NONE', 'WORKASPACE' ) );
#2727 = UNCERTAINTY_MEASURE_WITH_UNIT (LENGTH_MEASURE( 1.000000000000000100E-005 ), #2731, 'distance_accuracy_value', 'NONE');
#2728 = ADVANCED_FACE ( 'NONE', ( #3704 ), #3675, .F. ) ;
#2729 =( NAMED_UNIT ( * ) SI_UNIT ( $, .STERADIAN. ) SOLID_ANGLE_UNIT ( ) );
#2730 =( NAMED_UNIT ( * ) PLANE_ANGLE_UNIT ( ) SI_UNIT ( $, .RADIAN. ) );
#2731 =( LENGTH_UNIT ( ) NAMED_UNIT ( * ) SI_UNIT ( .CENTI., .METRE. ) );
#2732 = MECHANICAL_DESIGN_GEOMETRIC_PRESENTATION_REPRESENTATION (  '', ( #2734 ), #2726 ) ;
#2733 = PRESENTATION_LAYER_ASSIGNMENT (  '', '', ( #2734 ) ) ;
#2734 = STYLED_ITEM ( 'NONE', ( #2735 ), #601 ) ;
#2735 = PRESENTATION_STYLE_ASSIGNMENT (( #2736 ) ) ;
#2736 = SURFACE_STYLE_USAGE ( .BOTH. , #2737 ) ;
#2737 = SURFACE_SIDE_STYLE ('',( #2693 ) ) ;
#2738 = DIRECTION ( 'NONE',  ( 0.0000000000000000000, -1.000000000000000000, -0.0000000000000000000 ) ) ;
#2739 = CARTESIAN_POINT ( 'NONE',  ( -0.1695000000000000100, 0.08749999999999999400, 0.02100000000000000100 ) ) ;
#2740 = PLANE ( 'NONE',  #2692 ) ;
#2741 = DIRECTION ( 'NONE',  ( 0.0000000000000000000, 0.0000000000000000000, -1.000000000000000000 ) ) ;
#2742 = DIRECTION ( 'NONE',  ( 1.000000000000000000, 0.0000000000000000000, 0.0000000000000000000 ) ) ;
#2743 = FILL_AREA_STYLE_COLOUR ( '', #2744 ) ;
#2744 = COLOUR_RGB ( '',0.7843137254901960700, 0.7843137254901960700, 0.8627450980392157300 ) ;
#2745 = CARTESIAN_POINT ( 'NONE',  ( 0.04250000000000000300, 0.09850000000000000400, 0.02100000000000000100 ) ) ;
#2746 = FACE_OUTER_BOUND ( 'NONE', #590, .T. ) ;
#2747 = CARTESIAN_POINT ( 'NONE',  ( 0.04250000000000000300, 0.09850000000000000400, 0.2141803043818490400 ) ) ;
#2748 = SURFACE_SIDE_STYLE ('',( #2749 ) ) ;
#2749 = SURFACE_STYLE_FILL_AREA ( #2791 ) ;
#2751 = ORIENTED_EDGE ( 'NONE', *, *, #2821, .F. ) ;
#2750 = CARTESIAN_POINT ( 'NONE',  ( -0.2115000000000000200, 0.06780759809641698200, 0.2240944451523971800 ) ) ;
#2752 = DIRECTION ( 'NONE',  ( 1.000000000000000000, 0.0000000000000000000, -0.0000000000000000000 ) ) ;
#2753 = DIRECTION ( 'NONE',  ( 0.0000000000000000000, 0.0000000000000000000, 1.000000000000000000 ) ) ;
#2754 = CARTESIAN_POINT ( 'NONE',  ( -0.1905000000000000000, 0.08749999999999999400, 0.02100000000000000100 ) ) ;
#2755 = CARTESIAN_POINT ( 'NONE',  ( 0.04250000000000000300, 0.06650000000000000400, 0.2141803043818490400 ) ) ;
#2756 = CARTESIAN_POINT ( 'NONE',  ( -0.04250000000000000300, 0.06650000000000000400, 0.2141803043818490400 ) ) ;
#2757 = CIRCLE ( 'NONE', #2771, 0.03200000000000000100 ) ;
#2758 = FACE_OUTER_BOUND ( 'NONE', #636, .T. ) ;
#2759 = CIRCLE ( 'NONE', #2802, 0.03200000000000000100 ) ;
#2760 =( GEOMETRIC_REPRESENTATION_CONTEXT ( 3 ) GLOBAL_UNCERTAINTY_ASSIGNED_CONTEXT ( ( #2761 ) ) GLOBAL_UNIT_ASSIGNED_CONTEXT ( ( #2765, #2763, #2762 ) ) REPRESENTATION_CONTEXT ( 'NONE', 'WORKASPACE' ) );
#2761 = UNCERTAINTY_MEASURE_WITH_UNIT (LENGTH_MEASURE( 1.000000000000000100E-005 ), #2765, 'distance_accuracy_value', 'NONE');
#2762 =( NAMED_UNIT ( * ) SI_UNIT ( $, .STERADIAN. ) SOLID_ANGLE_UNIT ( ) );
#2763 =( NAMED_UNIT ( * ) PLANE_ANGLE_UNIT ( ) SI_UNIT ( $, .RADIAN. ) );
#2764 = EDGE_CURVE ( 'NONE', #384, #1723, #3746, .T. ) ;
#2765 =( LENGTH_UNIT ( ) NAMED_UNIT ( * ) SI_UNIT ( .CENTI., .METRE. ) );
#2766 = MECHANICAL_DESIGN_GEOMETRIC_PRESENTATION_REPRESENTATION (  '', ( #2768 ), #2760 ) ;
#2767 = PRESENTATION_LAYER_ASSIGNMENT (  '', '', ( #2768 ) ) ;
#2768 = STYLED_ITEM ( 'NONE', ( #2769 ), #616 ) ;
#2769 = PRESENTATION_STYLE_ASSIGNMENT (( #2770 ) ) ;
#2770 = SURFACE_STYLE_USAGE ( .BOTH. , #2773 ) ;
#2771 = AXIS2_PLACEMENT_3D ( 'NONE', #2756, #2799, #2794 ) ;
#2772 = PLANE ( 'NONE',  #2724 ) ;
#2773 = SURFACE_SIDE_STYLE ('',( #2707 ) ) ;
#2774 = VECTOR ( 'NONE', #2738, 100.0000000000000000 ) ;
#2775 = FILL_AREA_STYLE_COLOUR ( '', #2776 ) ;
#2776 = COLOUR_RGB ( '',0.7843137254901960700, 0.7843137254901960700, 0.8627450980392157300 ) ;
#2777 = CARTESIAN_POINT ( 'NONE',  ( -0.04250000000000000300, 0.08749999999999999400, 0.0000000000000000000 ) ) ;
#2778 = PRESENTATION_LAYER_ASSIGNMENT (  '', '', ( #2587 ) ) ;
#2779 = ORIENTED_EDGE ( 'NONE', *, *, #849, .F. ) ;
#2780 =( GEOMETRIC_REPRESENTATION_CONTEXT ( 3 ) GLOBAL_UNCERTAINTY_ASSIGNED_CONTEXT ( ( #2781 ) ) GLOBAL_UNIT_ASSIGNED_CONTEXT ( ( #2785, #2784, #2783 ) ) REPRESENTATION_CONTEXT ( 'NONE', 'WORKASPACE' ) );
#2781 = UNCERTAINTY_MEASURE_WITH_UNIT (LENGTH_MEASURE( 1.000000000000000100E-005 ), #2785, 'distance_accuracy_value', 'NONE');
#2782 = ORIENTED_EDGE ( 'NONE', *, *, #1475, .F. ) ;
#2783 =( NAMED_UNIT ( * ) SI_UNIT ( $, .STERADIAN. ) SOLID_ANGLE_UNIT ( ) );
#2784 =( NAMED_UNIT ( * ) PLANE_ANGLE_UNIT ( ) SI_UNIT ( $, .RADIAN. ) );
#2785 =( LENGTH_UNIT ( ) NAMED_UNIT ( * ) SI_UNIT ( .CENTI., .METRE. ) );
#2786 = MECHANICAL_DESIGN_GEOMETRIC_PRESENTATION_REPRESENTATION (  '', ( #2788 ), #2780 ) ;
#2787 = PRESENTATION_LAYER_ASSIGNMENT (  '', '', ( #2788 ) ) ;
#2788 = STYLED_ITEM ( 'NONE', ( #2796 ), #623 ) ;
#2789 = LINE ( 'NONE', #2831, #2830 ) ;
#2790 = CARTESIAN_POINT ( 'NONE',  ( -0.04250000000000001000, 0.09850000000000000400, 0.02100000000000000100 ) ) ;
#2791 = FILL_AREA_STYLE ('',( #2792 ) ) ;
#2792 = FILL_AREA_STYLE_COLOUR ( '', #2798 ) ;
#2793 = COLOUR_RGB ( '',0.7843137254901960700, 0.7843137254901960700, 0.8627450980392157300 ) ;
#2794 = DIRECTION ( 'NONE',  ( 0.0000000000000000000, 0.0000000000000000000, -1.000000000000000000 ) ) ;
#2795 = FACE_OUTER_BOUND ( 'NONE', #578, .T. ) ;
#2796 = PRESENTATION_STYLE_ASSIGNMENT (( #2797 ) ) ;
#2797 = SURFACE_STYLE_USAGE ( .BOTH. , #2748 ) ;
#2798 = COLOUR_RGB ( '',0.7843137254901960700, 0.7843137254901960700, 0.8627450980392157300 ) ;
#2799 = DIRECTION ( 'NONE',  ( 1.000000000000000000, 0.0000000000000000000, 0.0000000000000000000 ) ) ;
#2800 = DIRECTION ( 'NONE',  ( 0.0000000000000000000, 0.0000000000000000000, -1.000000000000000000 ) ) ;
#2801 = DIRECTION ( 'NONE',  ( 1.000000000000000000, 0.0000000000000000000, 0.0000000000000000000 ) ) ;
#2802 = AXIS2_PLACEMENT_3D ( 'NONE', #2755, #2801, #2800 ) ;
#2803 =( LENGTH_UNIT ( ) NAMED_UNIT ( * ) SI_UNIT ( .CENTI., .METRE. ) );
#2804 = VECTOR ( 'NONE', #2823, 100.0000000000000000 ) ;
#2805 = CARTESIAN_POINT ( 'NONE',  ( 0.06350000000000000100, 0.09850000000000000400, 0.2141803043818490400 ) ) ;
#2806 = LINE ( 'NONE', #2805, #2804 ) ;
#2807 =( GEOMETRIC_REPRESENTATION_CONTEXT ( 3 ) GLOBAL_UNCERTAINTY_ASSIGNED_CONTEXT ( ( #2808 ) ) GLOBAL_UNIT_ASSIGNED_CONTEXT ( ( #2813, #2810, #2809 ) ) REPRESENTATION_CONTEXT ( 'NONE', 'WORKASPACE' ) );
#2808 = UNCERTAINTY_MEASURE_WITH_UNIT (LENGTH_MEASURE( 1.000000000000000100E-005 ), #2813, 'distance_accuracy_value', 'NONE');
#2809 =( NAMED_UNIT ( * ) SI_UNIT ( $, .STERADIAN. ) SOLID_ANGLE_UNIT ( ) );
#2810 =( NAMED_UNIT ( * ) PLANE_ANGLE_UNIT ( ) SI_UNIT ( $, .RADIAN. ) );
#2811 = ADVANCED_FACE ( 'NONE', ( #3747 ), #3702, .T. ) ;
#2812 = ORIENTED_EDGE ( 'NONE', *, *, #129, .F. ) ;
#2813 =( LENGTH_UNIT ( ) NAMED_UNIT ( * ) SI_UNIT ( .CENTI., .METRE. ) );
#2814 = MECHANICAL_DESIGN_GEOMETRIC_PRESENTATION_REPRESENTATION (  '', ( #2816 ), #2807 ) ;
#2815 = PRESENTATION_LAYER_ASSIGNMENT (  '', '', ( #2816 ) ) ;
#2816 = STYLED_ITEM ( 'NONE', ( #2817 ), #638 ) ;
#2817 = PRESENTATION_STYLE_ASSIGNMENT (( #2818 ) ) ;
#2818 = SURFACE_STYLE_USAGE ( .BOTH. , #2819 ) ;
#2819 = SURFACE_SIDE_STYLE ('',( #2820 ) ) ;
#2820 = SURFACE_STYLE_FILL_AREA ( #2828 ) ;
#2821 = EDGE_CURVE ( 'NONE', #2822, #1502, #3738, .T. ) ;
#2822 = VERTEX_POINT ( 'NONE', #3748 ) ;
#2823 = DIRECTION ( 'NONE',  ( 1.000000000000000000, 0.0000000000000000000, 0.0000000000000000000 ) ) ;
#2824 = DIRECTION ( 'NONE',  ( -0.0000000000000000000, 0.0000000000000000000, -1.000000000000000000 ) ) ;
#2825 = VECTOR ( 'NONE', #2824, 100.0000000000000000 ) ;
#2826 = FILL_AREA_STYLE_COLOUR ( '', #2793 ) ;
#2827 = MECHANICAL_DESIGN_GEOMETRIC_PRESENTATION_REPRESENTATION (  '', ( #2587 ), #3097 ) ;
#2828 = FILL_AREA_STYLE ('',( #2826 ) ) ;
#2829 = DIRECTION ( 'NONE',  ( 0.0000000000000000000, -1.000000000000000000, -0.0000000000000000000 ) ) ;
#2830 = VECTOR ( 'NONE', #2829, 100.0000000000000000 ) ;
#2831 = CARTESIAN_POINT ( 'NONE',  ( -0.04250000000000000300, 0.08749999999999999400, 0.02100000000000000100 ) ) ;
#2832 = CARTESIAN_POINT ( 'NONE',  ( -0.04250000000000001700, 0.09850000000000000400, 0.0000000000000000000 ) ) ;
#2833 = LINE ( 'NONE', #2832, #2825 ) ;
#2834 = DIRECTION ( 'NONE',  ( 0.0000000000000000000, 0.0000000000000000000, -1.000000000000000000 ) ) ;
#2835 = DIRECTION ( 'NONE',  ( 1.000000000000000000, 0.0000000000000000000, 0.0000000000000000000 ) ) ;
#2836 = UNCERTAINTY_MEASURE_WITH_UNIT (LENGTH_MEASURE( 1.000000000000000100E-005 ), #2839, 'distance_accuracy_value', 'NONE');
#2837 =( NAMED_UNIT ( * ) SI_UNIT ( $, .STERADIAN. ) SOLID_ANGLE_UNIT ( ) );
#2838 =( NAMED_UNIT ( * ) PLANE_ANGLE_UNIT ( ) SI_UNIT ( $, .RADIAN. ) );
#2839 =( LENGTH_UNIT ( ) NAMED_UNIT ( * ) SI_UNIT ( .CENTI., .METRE. ) );
#2840 = MECHANICAL_DESIGN_GEOMETRIC_PRESENTATION_REPRESENTATION (  '', ( #2842 ), #2898 ) ;
#2841 = PRESENTATION_LAYER_ASSIGNMENT (  '', '', ( #2842 ) ) ;
#2842 = STYLED_ITEM ( 'NONE', ( #2843 ), #643 ) ;
#2843 = PRESENTATION_STYLE_ASSIGNMENT (( #2844 ) ) ;
#2844 = SURFACE_STYLE_USAGE ( .BOTH. , #2845 ) ;
#2845 = SURFACE_SIDE_STYLE ('',( #2846 ) ) ;
#2846 = SURFACE_STYLE_FILL_AREA ( #2854 ) ;
#2847 = CARTESIAN_POINT ( 'NONE',  ( -0.1905000000000000000, 0.02409587666269690000, -0.2602963360557220600 ) ) ;
#2848 = LINE ( 'NONE', #2847, #2892 ) ;
#2849 = DIRECTION ( 'NONE',  ( -0.0000000000000000000, -1.000000000000000000, 0.0000000000000000000 ) ) ;
#2850 = VECTOR ( 'NONE', #2849, 100.0000000000000000 ) ;
#2851 = CARTESIAN_POINT ( 'NONE',  ( 0.04250000000000000300, 0.08749999999999999400, 0.02100000000000000100 ) ) ;
#2852 = LINE ( 'NONE', #2851, #2850 ) ;
#2853 = CIRCLE ( 'NONE', #2897, 0.03200000000000000100 ) ;
#2854 = FILL_AREA_STYLE ('',( #2855 ) ) ;
#2855 = FILL_AREA_STYLE_COLOUR ( '', #2857 ) ;
#2856 = DIRECTION ( 'NONE',  ( 1.000000000000000000, 0.0000000000000000000, 0.0000000000000000000 ) ) ;
#2857 = COLOUR_RGB ( '',0.7843137254901960700, 0.7843137254901960700, 0.8627450980392157300 ) ;
#2858 = PLANE ( 'NONE',  #2865 ) ;
#2859 = FACE_OUTER_BOUND ( 'NONE', #668, .T. ) ;
#2860 = DIRECTION ( 'NONE',  ( 0.0000000000000000000, 0.0000000000000000000, -1.000000000000000000 ) ) ;
#2861 = DIRECTION ( 'NONE',  ( 1.000000000000000000, 0.0000000000000000000, 0.0000000000000000000 ) ) ;
#2862 = CARTESIAN_POINT ( 'NONE',  ( -0.06350000000000000100, 0.06650000000000000400, 0.2141803043818490400 ) ) ;
#2863 = AXIS2_PLACEMENT_3D ( 'NONE', #2862, #2861, #2860 ) ;
#2864 = CYLINDRICAL_SURFACE ( 'NONE', #2863, 0.03200000000000000100 ) ;
#2865 = AXIS2_PLACEMENT_3D ( 'NONE', #2895, #2894, #2893 ) ;
#2866 = FACE_OUTER_BOUND ( 'NONE', #644, .T. ) ;
#2867 =( NAMED_UNIT ( * ) PLANE_ANGLE_UNIT ( ) SI_UNIT ( $, .RADIAN. ) );
#2868 =( LENGTH_UNIT ( ) NAMED_UNIT ( * ) SI_UNIT ( .CENTI., .METRE. ) );
#2869 = MECHANICAL_DESIGN_GEOMETRIC_PRESENTATION_REPRESENTATION (  '', ( #2871 ), #2929 ) ;
#2870 = PRESENTATION_LAYER_ASSIGNMENT (  '', '', ( #2871 ) ) ;
#2871 = STYLED_ITEM ( 'NONE', ( #2873 ), #653 ) ;
#2872 = LINE ( 'NONE', #2928, #2927 ) ;
#2873 = PRESENTATION_STYLE_ASSIGNMENT (( #2874 ) ) ;
#2874 = SURFACE_STYLE_USAGE ( .BOTH. , #2882 ) ;
#2875 = DIRECTION ( 'NONE',  ( 0.0000000000000000000, 0.0000000000000000000, -1.000000000000000000 ) ) ;
#2876 = AXIS2_PLACEMENT_3D ( 'NONE', #2913, #2948, #2950 ) ;
#2877 = FILL_AREA_STYLE_COLOUR ( '', #2880 ) ;
#2878 = SURFACE_STYLE_FILL_AREA ( #2879 ) ;
#2879 = FILL_AREA_STYLE ('',( #2922 ) ) ;
#2880 = COLOUR_RGB ( '',0.7843137254901960700, 0.7843137254901960700, 0.8627450980392157300 ) ;
#2881 = AXIS2_PLACEMENT_3D ( 'NONE', #2925, #2924, #2923 ) ;
#2882 = SURFACE_SIDE_STYLE ('',( #2883 ) ) ;
#2883 = SURFACE_STYLE_FILL_AREA ( #2890 ) ;
#2884 = PLANE ( 'NONE',  #2881 ) ;
#2885 = DIRECTION ( 'NONE',  ( 0.0000000000000000000, -0.0000000000000000000, 1.000000000000000000 ) ) ;
#2886 = VECTOR ( 'NONE', #2885, 100.0000000000000000 ) ;
#2887 = CARTESIAN_POINT ( 'NONE',  ( -0.08449999999999999200, 0.09850000000000000400, 0.0000000000000000000 ) ) ;
#2888 = LINE ( 'NONE', #2887, #2886 ) ;
#2889 = CARTESIAN_POINT ( 'NONE',  ( 0.08450000000000000600, 0.06650000000000000400, 0.2141803043818490400 ) ) ;
#2890 = FILL_AREA_STYLE ('',( #2877 ) ) ;
#2891 = DIRECTION ( 'NONE',  ( 1.000000000000000000, -0.0000000000000000000, 0.0000000000000000000 ) ) ;
#2892 = VECTOR ( 'NONE', #2891, 100.0000000000000000 ) ;
#2893 = DIRECTION ( 'NONE',  ( 0.0000000000000000000, 0.0000000000000000000, 1.000000000000000000 ) ) ;
#2894 = DIRECTION ( 'NONE',  ( -1.000000000000000000, 0.0000000000000000000, 0.0000000000000000000 ) ) ;
#2895 = CARTESIAN_POINT ( 'NONE',  ( -0.08450000000000000600, 0.08749999999999999400, 0.0000000000000000000 ) ) ;
#2896 = CARTESIAN_POINT ( 'NONE',  ( -0.08450000000000000600, 0.06650000000000000400, 0.2141803043818490400 ) ) ;
#2897 = AXIS2_PLACEMENT_3D ( 'NONE', #2896, #2856, #2875 ) ;
#2898 =( GEOMETRIC_REPRESENTATION_CONTEXT ( 3 ) GLOBAL_UNCERTAINTY_ASSIGNED_CONTEXT ( ( #2836 ) ) GLOBAL_UNIT_ASSIGNED_CONTEXT ( ( #2839, #2838, #2837 ) ) REPRESENTATION_CONTEXT ( 'NONE', 'WORKASPACE' ) );
#2899 = MECHANICAL_DESIGN_GEOMETRIC_PRESENTATION_REPRESENTATION (  '', ( #2901 ), #2951 ) ;
#2900 = PRESENTATION_LAYER_ASSIGNMENT (  '', '', ( #2901 ) ) ;
#2901 = STYLED_ITEM ( 'NONE', ( #2902 ), #667 ) ;
#2902 = PRESENTATION_STYLE_ASSIGNMENT (( #2909 ) ) ;
#2903 = CYLINDRICAL_SURFACE ( 'NONE', #2876, 0.03200000000000000100 ) ;
#2904 = SURFACE_STYLE_FILL_AREA ( #2905 ) ;
#2905 = FILL_AREA_STYLE ('',( #2964 ) ) ;
#2906 = FACE_OUTER_BOUND ( 'NONE', #612, .T. ) ;
#2907 = AXIS2_PLACEMENT_3D ( 'NONE', #2889, #2942, #2941 ) ;
#2908 = CIRCLE ( 'NONE', #2907, 0.03200000000000000100 ) ;
#2909 = SURFACE_STYLE_USAGE ( .BOTH. , #2910 ) ;
#2910 = SURFACE_SIDE_STYLE ('',( #2878 ) ) ;
#2911 = COLOUR_RGB ( '',0.7843137254901960700, 0.7843137254901960700, 0.8627450980392157300 ) ;
#2912 = LINE ( 'NONE', #2920, #2919 ) ;
#2913 = CARTESIAN_POINT ( 'NONE',  ( 0.06350000000000000100, 0.06650000000000000400, 0.2141803043818490400 ) ) ;
#2914 = DIRECTION ( 'NONE',  ( -0.0000000000000000000, 0.0000000000000000000, -1.000000000000000000 ) ) ;
#2915 = VECTOR ( 'NONE', #2914, 100.0000000000000000 ) ;
#2916 = CARTESIAN_POINT ( 'NONE',  ( 0.08450000000000000600, 0.09850000000000000400, 0.0000000000000000000 ) ) ;
#2917 = LINE ( 'NONE', #2916, #2915 ) ;
#2918 = DIRECTION ( 'NONE',  ( 1.000000000000000000, 0.0000000000000000000, 0.0000000000000000000 ) ) ;
#2919 = VECTOR ( 'NONE', #2918, 100.0000000000000000 ) ;
#2920 = CARTESIAN_POINT ( 'NONE',  ( 0.06350000000000000100, 0.09850000000000000400, 0.2141803043818490400 ) ) ;
#2921 = DIRECTION ( 'NONE',  ( 0.0000000000000000000, -1.000000000000000000, -0.0000000000000000000 ) ) ;
#2922 = FILL_AREA_STYLE_COLOUR ( '', #2911 ) ;
#2923 = DIRECTION ( 'NONE',  ( 0.0000000000000000000, 0.0000000000000000000, -1.000000000000000000 ) ) ;
#2924 = DIRECTION ( 'NONE',  ( 1.000000000000000000, 0.0000000000000000000, 0.0000000000000000000 ) ) ;
#2925 = CARTESIAN_POINT ( 'NONE',  ( 0.08450000000000000600, 0.08749999999999999400, 0.0000000000000000000 ) ) ;
#2926 = FACE_OUTER_BOUND ( 'NONE', #686, .T. ) ;
#2927 = VECTOR ( 'NONE', #2921, 100.0000000000000000 ) ;
#2928 = CARTESIAN_POINT ( 'NONE',  ( 0.08449999999999997800, 0.08749999999999999400, 0.02100000000000000100 ) ) ;
#2929 =( GEOMETRIC_REPRESENTATION_CONTEXT ( 3 ) GLOBAL_UNCERTAINTY_ASSIGNED_CONTEXT ( ( #2930 ) ) GLOBAL_UNIT_ASSIGNED_CONTEXT ( ( #2868, #2867, #2931 ) ) REPRESENTATION_CONTEXT ( 'NONE', 'WORKASPACE' ) );
#2930 = UNCERTAINTY_MEASURE_WITH_UNIT (LENGTH_MEASURE( 1.000000000000000100E-005 ), #2868, 'distance_accuracy_value', 'NONE');
#2931 =( NAMED_UNIT ( * ) SI_UNIT ( $, .STERADIAN. ) SOLID_ANGLE_UNIT ( ) );
#2932 = FACE_OUTER_BOUND ( 'NONE', #709, .T. ) ;
#2933 = CARTESIAN_POINT ( 'NONE',  ( 0.06350000000000000100, 0.09850000000000000400, 0.02100000000000000100 ) ) ;
#2934 = LINE ( 'NONE', #2933, #2982 ) ;
#2935 = SURFACE_STYLE_FILL_AREA ( #2962 ) ;
#2936 = DIRECTION ( 'NONE',  ( 0.0000000000000000000, -0.0000000000000000000, 1.000000000000000000 ) ) ;
#2937 = CARTESIAN_POINT ( 'NONE',  ( 0.08449999999999999200, 0.09850000000000000400, 0.02100000000000000100 ) ) ;
#2938 = FILL_AREA_STYLE ('',( #2983 ) ) ;
#2939 = VECTOR ( 'NONE', #2936, 100.0000000000000000 ) ;
#2940 = CARTESIAN_POINT ( 'NONE',  ( 0.04250000000000000300, 0.09850000000000000400, 0.0000000000000000000 ) ) ;
#2941 = DIRECTION ( 'NONE',  ( 0.0000000000000000000, 0.0000000000000000000, -1.000000000000000000 ) ) ;
#2942 = DIRECTION ( 'NONE',  ( 1.000000000000000000, 0.0000000000000000000, 0.0000000000000000000 ) ) ;
#2943 = CARTESIAN_POINT ( 'NONE',  ( 0.1695000000000000400, 0.09850000000000000400, 0.02100000000000000100 ) ) ;
#2944 = LINE ( 'NONE', #2940, #2939 ) ;
#2945 = CARTESIAN_POINT ( 'NONE',  ( 0.08450000000000000600, 0.09850000000000000400, 0.2141803043818490400 ) ) ;
#2946 = CYLINDRICAL_SURFACE ( 'NONE', #2966, 0.03200000000000000100 ) ;
#2947 = SURFACE_STYLE_FILL_AREA ( #2938 ) ;
#2948 = DIRECTION ( 'NONE',  ( 1.000000000000000000, 0.0000000000000000000, 0.0000000000000000000 ) ) ;
#2949 = AXIS2_PLACEMENT_3D ( 'NONE', #2961, #2960, #2959 ) ;
#2950 = DIRECTION ( 'NONE',  ( 0.0000000000000000000, 0.0000000000000000000, -1.000000000000000000 ) ) ;
#2951 =( GEOMETRIC_REPRESENTATION_CONTEXT ( 3 ) GLOBAL_UNCERTAINTY_ASSIGNED_CONTEXT ( ( #2952 ) ) GLOBAL_UNIT_ASSIGNED_CONTEXT ( ( #2955, #2954, #2953 ) ) REPRESENTATION_CONTEXT ( 'NONE', 'WORKASPACE' ) );
#2952 = UNCERTAINTY_MEASURE_WITH_UNIT (LENGTH_MEASURE( 1.000000000000000100E-005 ), #2955, 'distance_accuracy_value', 'NONE');
#2953 =( NAMED_UNIT ( * ) SI_UNIT ( $, .STERADIAN. ) SOLID_ANGLE_UNIT ( ) );
#2954 =( NAMED_UNIT ( * ) PLANE_ANGLE_UNIT ( ) SI_UNIT ( $, .RADIAN. ) );
#2955 =( LENGTH_UNIT ( ) NAMED_UNIT ( * ) SI_UNIT ( .CENTI., .METRE. ) );
#2956 = SURFACE_STYLE_USAGE ( .BOTH. , #2957 ) ;
#2957 = SURFACE_SIDE_STYLE ('',( #2904 ) ) ;
#2958 = CARTESIAN_POINT ( 'NONE',  ( 0.1695000000000000400, 0.09850000000000000400, 0.2141803043818490400 ) ) ;
#2959 = DIRECTION ( 'NONE',  ( 0.0000000000000000000, 0.0000000000000000000, 1.000000000000000000 ) ) ;
#2960 = DIRECTION ( 'NONE',  ( -1.000000000000000000, 0.0000000000000000000, 0.0000000000000000000 ) ) ;
#2961 = CARTESIAN_POINT ( 'NONE',  ( 0.04250000000000000300, 0.08749999999999999400, 0.0000000000000000000 ) ) ;
#2962 = FILL_AREA_STYLE ('',( #3000 ) ) ;
#2963 = COLOUR_RGB ( '',0.7843137254901960700, 0.7843137254901960700, 0.8627450980392157300 ) ;
#2964 = FILL_AREA_STYLE_COLOUR ( '', #2963 ) ;
#2965 = CIRCLE ( 'NONE', #2994, 0.03200000000000000100 ) ;
#2966 = AXIS2_PLACEMENT_3D ( 'NONE', #2999, #2998, #3002 ) ;
#2967 =( GEOMETRIC_REPRESENTATION_CONTEXT ( 3 ) GLOBAL_UNCERTAINTY_ASSIGNED_CONTEXT ( ( #2968 ) ) GLOBAL_UNIT_ASSIGNED_CONTEXT ( ( #2971, #2970, #2969 ) ) REPRESENTATION_CONTEXT ( 'NONE', 'WORKASPACE' ) );
#2968 = UNCERTAINTY_MEASURE_WITH_UNIT (LENGTH_MEASURE( 1.000000000000000100E-005 ), #2971, 'distance_accuracy_value', 'NONE');
#2969 =( NAMED_UNIT ( * ) SI_UNIT ( $, .STERADIAN. ) SOLID_ANGLE_UNIT ( ) );
#2970 =( NAMED_UNIT ( * ) PLANE_ANGLE_UNIT ( ) SI_UNIT ( $, .RADIAN. ) );
#2971 =( LENGTH_UNIT ( ) NAMED_UNIT ( * ) SI_UNIT ( .CENTI., .METRE. ) );
#2972 = MECHANICAL_DESIGN_GEOMETRIC_PRESENTATION_REPRESENTATION (  '', ( #2974 ), #2967 ) ;
#2973 = PRESENTATION_LAYER_ASSIGNMENT (  '', '', ( #2974 ) ) ;
#2974 = STYLED_ITEM ( 'NONE', ( #2975 ), #692 ) ;
#2975 = PRESENTATION_STYLE_ASSIGNMENT (( #2976 ) ) ;
#2976 = SURFACE_STYLE_USAGE ( .BOTH. , #2977 ) ;
#2977 = SURFACE_SIDE_STYLE ('',( #2947 ) ) ;
#2978 = AXIS2_PLACEMENT_3D ( 'NONE', #3029, #3028, #3027 ) ;
#2979 = COLOUR_RGB ( '',0.7843137254901960700, 0.7843137254901960700, 0.8627450980392157300 ) ;
#2980 = PLANE ( 'NONE',  #2949 ) ;
#2981 = DIRECTION ( 'NONE',  ( 1.000000000000000000, 0.0000000000000000000, 0.0000000000000000000 ) ) ;
#2982 = VECTOR ( 'NONE', #2981, 100.0000000000000000 ) ;
#2983 = FILL_AREA_STYLE_COLOUR ( '', #2979 ) ;
#2984 = STYLED_ITEM ( 'NONE', ( #2985 ), #701 ) ;
#2985 = PRESENTATION_STYLE_ASSIGNMENT (( #2986 ) ) ;
#2986 = SURFACE_STYLE_USAGE ( .BOTH. , #2987 ) ;
#2987 = SURFACE_SIDE_STYLE ('',( #2935 ) ) ;
#2988 = FACE_OUTER_BOUND ( 'NONE', #731, .T. ) ;
#2989 = COLOUR_RGB ( '',0.7843137254901960700, 0.7843137254901960700, 0.8627450980392157300 ) ;
#2990 = FACE_OUTER_BOUND ( 'NONE', #715, .T. ) ;
#2991 = DIRECTION ( 'NONE',  ( 0.0000000000000000000, 0.0000000000000000000, -1.000000000000000000 ) ) ;
#2992 = DIRECTION ( 'NONE',  ( 1.000000000000000000, 0.0000000000000000000, 0.0000000000000000000 ) ) ;
#2993 = CARTESIAN_POINT ( 'NONE',  ( 0.2115000000000000200, 0.06650000000000000400, 0.2141803043818490400 ) ) ;
#2994 = AXIS2_PLACEMENT_3D ( 'NONE', #2993, #2992, #2991 ) ;
#2995 = AXIS2_PLACEMENT_3D ( 'NONE', #3058, #3057, #3056 ) ;
#2996 = CARTESIAN_POINT ( 'NONE',  ( -0.2114999999999999700, 0.02198492488229960100, -0.3005756955186720300 ) ) ;
#2997 = COLOUR_RGB ( '',0.7843137254901960700, 0.7843137254901960700, 0.8627450980392157300 ) ;
#2998 = DIRECTION ( 'NONE',  ( 1.000000000000000000, 0.0000000000000000000, 0.0000000000000000000 ) ) ;
#2999 = CARTESIAN_POINT ( 'NONE',  ( 0.1905000000000000000, 0.06650000000000000400, 0.2141803043818490400 ) ) ;
#3000 = FILL_AREA_STYLE_COLOUR ( '', #2997 ) ;
#3001 = PLANE ( 'NONE',  #2978 ) ;
#3002 = DIRECTION ( 'NONE',  ( 0.0000000000000000000, 0.0000000000000000000, -1.000000000000000000 ) ) ;
#3003 =( GEOMETRIC_REPRESENTATION_CONTEXT ( 3 ) GLOBAL_UNCERTAINTY_ASSIGNED_CONTEXT ( ( #3004 ) ) GLOBAL_UNIT_ASSIGNED_CONTEXT ( ( #3007, #3006, #3005 ) ) REPRESENTATION_CONTEXT ( 'NONE', 'WORKASPACE' ) );
#3004 = UNCERTAINTY_MEASURE_WITH_UNIT (LENGTH_MEASURE( 1.000000000000000100E-005 ), #3007, 'distance_accuracy_value', 'NONE');
#3005 =( NAMED_UNIT ( * ) SI_UNIT ( $, .STERADIAN. ) SOLID_ANGLE_UNIT ( ) );
#3006 =( NAMED_UNIT ( * ) PLANE_ANGLE_UNIT ( ) SI_UNIT ( $, .RADIAN. ) );
#3007 =( LENGTH_UNIT ( ) NAMED_UNIT ( * ) SI_UNIT ( .CENTI., .METRE. ) );
#3008 = MECHANICAL_DESIGN_GEOMETRIC_PRESENTATION_REPRESENTATION (  '', ( #3010 ), #3003 ) ;
#3009 = PRESENTATION_LAYER_ASSIGNMENT (  '', '', ( #3010 ) ) ;
#3010 = STYLED_ITEM ( 'NONE', ( #3011 ), #696 ) ;
#3011 = PRESENTATION_STYLE_ASSIGNMENT (( #2956 ) ) ;
#3012 = PRESENTATION_LAYER_ASSIGNMENT (  '', '', ( #3013 ) ) ;
#3013 = STYLED_ITEM ( 'NONE', ( #3014 ), #722 ) ;
#3014 = PRESENTATION_STYLE_ASSIGNMENT (( #3015 ) ) ;
#3015 = SURFACE_STYLE_USAGE ( .BOTH. , #3016 ) ;
#3016 = SURFACE_SIDE_STYLE ('',( #3025 ) ) ;
#3017 = FACE_OUTER_BOUND ( 'NONE', #658, .T. ) ;
#3018 = FILL_AREA_STYLE_COLOUR ( '', #2989 ) ;
#3019 = DIRECTION ( 'NONE',  ( 0.0000000000000000000, 0.0000000000000000000, -1.000000000000000000 ) ) ;
#3020 = DIRECTION ( 'NONE',  ( 1.000000000000000000, 0.0000000000000000000, 0.0000000000000000000 ) ) ;
#3021 = CARTESIAN_POINT ( 'NONE',  ( 0.1695000000000000100, 0.06650000000000000400, 0.2141803043818490400 ) ) ;
#3022 = AXIS2_PLACEMENT_3D ( 'NONE', #3021, #3020, #3019 ) ;
#3023 = CIRCLE ( 'NONE', #3022, 0.03200000000000000100 ) ;
#3024 = LINE ( 'NONE', #3054, #3052 ) ;
#3025 = SURFACE_STYLE_FILL_AREA ( #3026 ) ;
#3026 = FILL_AREA_STYLE ('',( #3018 ) ) ;
#3027 = DIRECTION ( 'NONE',  ( 0.0000000000000000000, 0.0000000000000000000, -1.000000000000000000 ) ) ;
#3028 = DIRECTION ( 'NONE',  ( 1.000000000000000000, 0.0000000000000000000, 0.0000000000000000000 ) ) ;
#3029 = CARTESIAN_POINT ( 'NONE',  ( 0.2115000000000000200, 0.08749999999999999400, 0.0000000000000000000 ) ) ;
#3030 = PLANE ( 'NONE',  #2995 ) ;
#3031 = EDGE_CURVE ( 'NONE', #3517, #3527, #3779, .T. ) ;
#3032 = CARTESIAN_POINT ( 'NONE',  ( -0.1694999999999999800, 0.02198492488229971900, -0.3005756955186720300 ) ) ;
#3033 =( GEOMETRIC_REPRESENTATION_CONTEXT ( 3 ) GLOBAL_UNCERTAINTY_ASSIGNED_CONTEXT ( ( #3035 ) ) GLOBAL_UNIT_ASSIGNED_CONTEXT ( ( #3038, #3037, #3036 ) ) REPRESENTATION_CONTEXT ( 'NONE', 'WORKASPACE' ) );
#3034 = EDGE_CURVE ( 'NONE', #2590, #2097, #3723, .T. ) ;
#3035 = UNCERTAINTY_MEASURE_WITH_UNIT (LENGTH_MEASURE( 1.000000000000000100E-005 ), #3038, 'distance_accuracy_value', 'NONE');
#3036 =( NAMED_UNIT ( * ) SI_UNIT ( $, .STERADIAN. ) SOLID_ANGLE_UNIT ( ) );
#3037 =( NAMED_UNIT ( * ) PLANE_ANGLE_UNIT ( ) SI_UNIT ( $, .RADIAN. ) );
#3038 =( LENGTH_UNIT ( ) NAMED_UNIT ( * ) SI_UNIT ( .CENTI., .METRE. ) );
#3039 = MECHANICAL_DESIGN_GEOMETRIC_PRESENTATION_REPRESENTATION (  '', ( #2984 ), #3033 ) ;
#3040 = PRESENTATION_LAYER_ASSIGNMENT (  '', '', ( #2984 ) ) ;
#3041 = SURFACE_STYLE_FILL_AREA ( #3042 ) ;
#3042 = FILL_AREA_STYLE ('',( #3053 ) ) ;
#3043 = COLOUR_RGB ( '',0.7843137254901960700, 0.7843137254901960700, 0.8627450980392157300 ) ;
#3044 = DIRECTION ( 'NONE',  ( 1.000000000000000000, 0.0000000000000000000, 0.0000000000000000000 ) ) ;
#3045 = VECTOR ( 'NONE', #3044, 100.0000000000000000 ) ;
#3046 = ORIENTED_EDGE ( 'NONE', *, *, #3031, .F. ) ;
#3047 = CARTESIAN_POINT ( 'NONE',  ( 0.06350000000000000100, 0.09850000000000000400, 0.02100000000000000100 ) ) ;
#3048 = EDGE_CURVE ( 'NONE', #3535, #3517, #3767, .T. ) ;
#3049 =( GEOMETRIC_REPRESENTATION_CONTEXT ( 3 ) GLOBAL_UNCERTAINTY_ASSIGNED_CONTEXT ( ( #3277 ) ) GLOBAL_UNIT_ASSIGNED_CONTEXT ( ( #3282, #3280, #3278 ) ) REPRESENTATION_CONTEXT ( 'NONE', 'WORKASPACE' ) );
#3050 = EDGE_CURVE ( 'NONE', #1727, #2575, #3773, .T. ) ;
#3051 = DIRECTION ( 'NONE',  ( 0.0000000000000000000, -0.0000000000000000000, 1.000000000000000000 ) ) ;
#3052 = VECTOR ( 'NONE', #3051, 100.0000000000000000 ) ;
#3053 = FILL_AREA_STYLE_COLOUR ( '', #3043 ) ;
#3054 = CARTESIAN_POINT ( 'NONE',  ( 0.1695000000000000400, 0.09850000000000000400, 0.0000000000000000000 ) ) ;
#3055 = EDGE_CURVE ( 'NONE', #2575, #4034, #3769, .T. ) ;
#3056 = DIRECTION ( 'NONE',  ( 0.0000000000000000000, 0.0000000000000000000, 1.000000000000000000 ) ) ;
#3057 = DIRECTION ( 'NONE',  ( -1.000000000000000000, 0.0000000000000000000, 0.0000000000000000000 ) ) ;
#3058 = CARTESIAN_POINT ( 'NONE',  ( 0.1695000000000000100, 0.08749999999999999400, 0.0000000000000000000 ) ) ;
#3059 = CARTESIAN_POINT ( 'NONE',  ( 0.2115000000000000200, 0.09850000000000000400, 0.2141803043818490400 ) ) ;
#3060 = LINE ( 'NONE', #3047, #3045 ) ;
#3061 = VERTEX_POINT ( 'NONE', #3537 ) ;
#3062 = ORIENTED_EDGE ( 'NONE', *, *, #3034, .F. ) ;
#3063 =( GEOMETRIC_REPRESENTATION_CONTEXT ( 3 ) GLOBAL_UNCERTAINTY_ASSIGNED_CONTEXT ( ( #3064 ) ) GLOBAL_UNIT_ASSIGNED_CONTEXT ( ( #3071, #3068, #3067 ) ) REPRESENTATION_CONTEXT ( 'NONE', 'WORKASPACE' ) );
#3065 = ORIENTED_EDGE ( 'NONE', *, *, #2331, .T. ) ;
#3064 = UNCERTAINTY_MEASURE_WITH_UNIT (LENGTH_MEASURE( 1.000000000000000100E-005 ), #3071, 'distance_accuracy_value', 'NONE');
#3066 = VERTEX_POINT ( 'NONE', #3479 ) ;
#3067 =( NAMED_UNIT ( * ) SI_UNIT ( $, .STERADIAN. ) SOLID_ANGLE_UNIT ( ) );
#3069 = ORIENTED_EDGE ( 'NONE', *, *, #3279, .F. ) ;
#3068 =( NAMED_UNIT ( * ) PLANE_ANGLE_UNIT ( ) SI_UNIT ( $, .RADIAN. ) );
#3070 = EDGE_CURVE ( 'NONE', #4034, #3292, #3478, .T. ) ;
#3071 =( LENGTH_UNIT ( ) NAMED_UNIT ( * ) SI_UNIT ( .CENTI., .METRE. ) );
#3072 = MECHANICAL_DESIGN_GEOMETRIC_PRESENTATION_REPRESENTATION (  '', ( #3013 ), #3063 ) ;
#3073 =( LENGTH_UNIT ( ) NAMED_UNIT ( * ) SI_UNIT ( .CENTI., .METRE. ) );
#3074 = MECHANICAL_DESIGN_GEOMETRIC_PRESENTATION_REPRESENTATION (  '', ( #3076 ), #3121 ) ;
#3075 = PRESENTATION_LAYER_ASSIGNMENT (  '', '', ( #3076 ) ) ;
#3076 = STYLED_ITEM ( 'NONE', ( #3077 ), #742 ) ;
#3077 = PRESENTATION_STYLE_ASSIGNMENT (( #3078 ) ) ;
#3078 = SURFACE_STYLE_USAGE ( .BOTH. , #3079 ) ;
#3079 = SURFACE_SIDE_STYLE ('',( #3091 ) ) ;
#3080 = DIRECTION ( 'NONE',  ( -0.0000000000000000000, -1.000000000000000000, 0.0000000000000000000 ) ) ;
#3081 = VECTOR ( 'NONE', #3080, 100.0000000000000000 ) ;
#3082 = CARTESIAN_POINT ( 'NONE',  ( 0.1695000000000000100, 0.08749999999999999400, 0.02100000000000000100 ) ) ;
#3083 = LINE ( 'NONE', #3082, #3081 ) ;
#3084 = COLOUR_RGB ( '',0.7843137254901960700, 0.7843137254901960700, 0.8627450980392157300 ) ;
#3085 = PLANE ( 'NONE',  #3096 ) ;
#3086 = DIRECTION ( 'NONE',  ( 1.000000000000000000, 0.0000000000000000000, -0.0000000000000000000 ) ) ;
#3087 = DIRECTION ( 'NONE',  ( 0.0000000000000000000, 0.0000000000000000000, 1.000000000000000000 ) ) ;
#3088 = CARTESIAN_POINT ( 'NONE',  ( -0.1905000000000000000, 0.08749999999999999400, 0.02100000000000000100 ) ) ;
#3089 = AXIS2_PLACEMENT_3D ( 'NONE', #3088, #3087, #3086 ) ;
#3090 = CARTESIAN_POINT ( 'NONE',  ( 0.06350000000000000100, 0.09850000000000000400, -0.2141803043818490400 ) ) ;
#3091 = SURFACE_STYLE_FILL_AREA ( #3092 ) ;
#3092 = FILL_AREA_STYLE ('',( #3094 ) ) ;
#3093 = FACE_OUTER_BOUND ( 'NONE', #775, .T. ) ;
#3094 = FILL_AREA_STYLE_COLOUR ( '', #3084 ) ;
#3095 = PLANE ( 'NONE',  #3089 ) ;
#3096 = AXIS2_PLACEMENT_3D ( 'NONE', #3115, #3114, #3113 ) ;
#3097 =( GEOMETRIC_REPRESENTATION_CONTEXT ( 3 ) GLOBAL_UNCERTAINTY_ASSIGNED_CONTEXT ( ( #3098 ) ) GLOBAL_UNIT_ASSIGNED_CONTEXT ( ( #2803, #2576, #3099 ) ) REPRESENTATION_CONTEXT ( 'NONE', 'WORKASPACE' ) );
#3098 = UNCERTAINTY_MEASURE_WITH_UNIT (LENGTH_MEASURE( 1.000000000000000100E-005 ), #2803, 'distance_accuracy_value', 'NONE');
#3099 =( NAMED_UNIT ( * ) SI_UNIT ( $, .STERADIAN. ) SOLID_ANGLE_UNIT ( ) );
#3100 =( NAMED_UNIT ( * ) PLANE_ANGLE_UNIT ( ) SI_UNIT ( $, .RADIAN. ) );
#3101 =( LENGTH_UNIT ( ) NAMED_UNIT ( * ) SI_UNIT ( .CENTI., .METRE. ) );
#3102 = MECHANICAL_DESIGN_GEOMETRIC_PRESENTATION_REPRESENTATION (  '', ( #3104 ), #3156 ) ;
#3103 = PRESENTATION_LAYER_ASSIGNMENT (  '', '', ( #3104 ) ) ;
#3104 = STYLED_ITEM ( 'NONE', ( #3105 ), #747 ) ;
#3105 = PRESENTATION_STYLE_ASSIGNMENT (( #3106 ) ) ;
#3106 = SURFACE_STYLE_USAGE ( .BOTH. , #3107 ) ;
#3107 = SURFACE_SIDE_STYLE ('',( #3119 ) ) ;
#3108 = DIRECTION ( 'NONE',  ( -1.000000000000000000, -0.0000000000000000000, -0.0000000000000000000 ) ) ;
#3109 = VECTOR ( 'NONE', #3108, 100.0000000000000000 ) ;
#3110 = FILL_AREA_STYLE_COLOUR ( '', #3120 ) ;
#3111 = FILL_AREA_STYLE ('',( #3110 ) ) ;
#3112 = PLANE ( 'NONE',  #3151 ) ;
#3113 = DIRECTION ( 'NONE',  ( -1.000000000000000000, 0.0000000000000000000, -0.0000000000000000000 ) ) ;
#3114 = DIRECTION ( 'NONE',  ( 0.0000000000000000000, 0.0000000000000000000, -1.000000000000000000 ) ) ;
#3115 = CARTESIAN_POINT ( 'NONE',  ( -0.1905000000000000000, 0.08749999999999999400, -0.02100000000000000100 ) ) ;
#3116 = CARTESIAN_POINT ( 'NONE',  ( 0.06350000000000000100, 0.09850000000000000400, -0.02100000000000000100 ) ) ;
#3117 = LINE ( 'NONE', #3116, #3109 ) ;
#3118 = FACE_OUTER_BOUND ( 'NONE', #760, .T. ) ;
#3119 = SURFACE_STYLE_FILL_AREA ( #3111 ) ;
#3120 = COLOUR_RGB ( '',0.7843137254901960700, 0.7843137254901960700, 0.8627450980392157300 ) ;
#3121 =( GEOMETRIC_REPRESENTATION_CONTEXT ( 3 ) GLOBAL_UNCERTAINTY_ASSIGNED_CONTEXT ( ( #3122 ) ) GLOBAL_UNIT_ASSIGNED_CONTEXT ( ( #3073, #3124, #3123 ) ) REPRESENTATION_CONTEXT ( 'NONE', 'WORKASPACE' ) );
#3122 = UNCERTAINTY_MEASURE_WITH_UNIT (LENGTH_MEASURE( 1.000000000000000100E-005 ), #3073, 'distance_accuracy_value', 'NONE');
#3123 =( NAMED_UNIT ( * ) SI_UNIT ( $, .STERADIAN. ) SOLID_ANGLE_UNIT ( ) );
#3124 =( NAMED_UNIT ( * ) PLANE_ANGLE_UNIT ( ) SI_UNIT ( $, .RADIAN. ) );
#3125 = STYLED_ITEM ( 'NONE', ( #3126 ), #759 ) ;
#3126 = PRESENTATION_STYLE_ASSIGNMENT (( #3127 ) ) ;
#3127 = SURFACE_STYLE_USAGE ( .BOTH. , #3134 ) ;
#3128 = CARTESIAN_POINT ( 'NONE',  ( 0.1905000000000000000, 0.06650000000000000400, -0.2141803043818490400 ) ) ;
#3129 = CIRCLE ( 'NONE', #3168, 0.03200000000000000100 ) ;
#3130 = CARTESIAN_POINT ( 'NONE',  ( 0.06350000000000000100, 0.06780759809641713500, -0.2240944451523972600 ) ) ;
#3131 = LINE ( 'NONE', #3130, #3207 ) ;
#3132 = FILL_AREA_STYLE ('',( #3146 ) ) ;
#3133 = CIRCLE ( 'NONE', #3164, 0.03200000000000000100 ) ;
#3134 = SURFACE_SIDE_STYLE ('',( #3135 ) ) ;
#3135 = SURFACE_STYLE_FILL_AREA ( #3132 ) ;
#3136 = COLOUR_RGB ( '',0.7843137254901960700, 0.7843137254901960700, 0.8627450980392157300 ) ;
#3137 = CYLINDRICAL_SURFACE ( 'NONE', #3141, 0.03200000000000000100 ) ;
#3138 = DIRECTION ( 'NONE',  ( 0.0000000000000000000, -0.0000000000000000000, 1.000000000000000000 ) ) ;
#3139 = VECTOR ( 'NONE', #3138, 100.0000000000000000 ) ;
#3140 = CARTESIAN_POINT ( 'NONE',  ( 0.1695000000000000400, 0.09850000000000000400, 0.0000000000000000000 ) ) ;
#3141 = AXIS2_PLACEMENT_3D ( 'NONE', #3128, #3172, #3174 ) ;
#3142 = LINE ( 'NONE', #3140, #3139 ) ;
#3143 = LINE ( 'NONE', #3090, #3155 ) ;
#3144 = DIRECTION ( 'NONE',  ( -0.0000000000000000000, -1.000000000000000000, -0.0000000000000000000 ) ) ;
#3145 = VECTOR ( 'NONE', #3144, 100.0000000000000000 ) ;
#3146 = FILL_AREA_STYLE_COLOUR ( '', #3136 ) ;
#3147 = FACE_OUTER_BOUND ( 'NONE', #780, .T. ) ;
#3148 = DIRECTION ( 'NONE',  ( 0.0000000000000000000, 0.0000000000000000000, 1.000000000000000000 ) ) ;
#3149 = DIRECTION ( 'NONE',  ( -1.000000000000000000, 0.0000000000000000000, 0.0000000000000000000 ) ) ;
#3150 = CARTESIAN_POINT ( 'NONE',  ( 0.1695000000000000100, 0.08749999999999999400, 0.0000000000000000000 ) ) ;
#3151 = AXIS2_PLACEMENT_3D ( 'NONE', #3150, #3149, #3148 ) ;
#3152 = CARTESIAN_POINT ( 'NONE',  ( 0.1694999999999999800, 0.08749999999999999400, -0.02100000000000000100 ) ) ;
#3153 = LINE ( 'NONE', #3152, #3145 ) ;
#3154 = DIRECTION ( 'NONE',  ( -1.000000000000000000, -0.0000000000000000000, -0.0000000000000000000 ) ) ;
#3155 = VECTOR ( 'NONE', #3154, 100.0000000000000000 ) ;
#3156 =( GEOMETRIC_REPRESENTATION_CONTEXT ( 3 ) GLOBAL_UNCERTAINTY_ASSIGNED_CONTEXT ( ( #3157 ) ) GLOBAL_UNIT_ASSIGNED_CONTEXT ( ( #3101, #3100, #3158 ) ) REPRESENTATION_CONTEXT ( 'NONE', 'WORKASPACE' ) );
#3157 = UNCERTAINTY_MEASURE_WITH_UNIT (LENGTH_MEASURE( 1.000000000000000100E-005 ), #3101, 'distance_accuracy_value', 'NONE');
#3158 =( NAMED_UNIT ( * ) SI_UNIT ( $, .STERADIAN. ) SOLID_ANGLE_UNIT ( ) );
#3159 = CARTESIAN_POINT ( 'NONE',  ( 0.2115000000000000200, 0.09850000000000000400, -0.2141803043818490400 ) ) ;
#3160 = AXIS2_PLACEMENT_3D ( 'NONE', #3213, #3204, #3203 ) ;
#3161 = CIRCLE ( 'NONE', #3160, 0.03199999999999952200 ) ;
#3162 = DIRECTION ( 'NONE',  ( 0.0000000000000000000, 0.0000000000000000000, 1.000000000000000000 ) ) ;
#3163 = DIRECTION ( 'NONE',  ( -1.000000000000000000, 0.0000000000000000000, 0.0000000000000000000 ) ) ;
#3164 = AXIS2_PLACEMENT_3D ( 'NONE', #3173, #3163, #3162 ) ;
#3165 = DIRECTION ( 'NONE',  ( 0.0000000000000000000, 0.0000000000000000000, 1.000000000000000000 ) ) ;
#3166 = DIRECTION ( 'NONE',  ( -1.000000000000000000, 0.0000000000000000000, 0.0000000000000000000 ) ) ;
#3167 = CARTESIAN_POINT ( 'NONE',  ( 0.2115000000000000200, 0.06650000000000000400, -0.2141803043818490400 ) ) ;
#3168 = AXIS2_PLACEMENT_3D ( 'NONE', #3167, #3166, #3165 ) ;
#3169 = CARTESIAN_POINT ( 'NONE',  ( 0.1695000000000000400, 0.09850000000000000400, -0.02100000000000000100 ) ) ;
#3170 = CARTESIAN_POINT ( 'NONE',  ( 0.2115000000000000200, 0.09850000000000000400, 0.0000000000000000000 ) ) ;
#3171 = LINE ( 'NONE', #3170, #3212 ) ;
#3172 = DIRECTION ( 'NONE',  ( -1.000000000000000000, 0.0000000000000000000, 0.0000000000000000000 ) ) ;
#3173 = CARTESIAN_POINT ( 'NONE',  ( 0.1695000000000000100, 0.06650000000000000400, -0.2141803043818490400 ) ) ;
#3174 = DIRECTION ( 'NONE',  ( 0.0000000000000000000, 0.0000000000000000000, 1.000000000000000000 ) ) ;
#3175 =( GEOMETRIC_REPRESENTATION_CONTEXT ( 3 ) GLOBAL_UNCERTAINTY_ASSIGNED_CONTEXT ( ( #3176 ) ) GLOBAL_UNIT_ASSIGNED_CONTEXT ( ( #3179, #3178, #3177 ) ) REPRESENTATION_CONTEXT ( 'NONE', 'WORKASPACE' ) );
#3176 = UNCERTAINTY_MEASURE_WITH_UNIT (LENGTH_MEASURE( 1.000000000000000100E-005 ), #3179, 'distance_accuracy_value', 'NONE');
#3177 =( NAMED_UNIT ( * ) SI_UNIT ( $, .STERADIAN. ) SOLID_ANGLE_UNIT ( ) );
#3178 =( NAMED_UNIT ( * ) PLANE_ANGLE_UNIT ( ) SI_UNIT ( $, .RADIAN. ) );
#3179 =( LENGTH_UNIT ( ) NAMED_UNIT ( * ) SI_UNIT ( .CENTI., .METRE. ) );
#3180 = MECHANICAL_DESIGN_GEOMETRIC_PRESENTATION_REPRESENTATION (  '', ( #3125 ), #3175 ) ;
#3181 = PRESENTATION_LAYER_ASSIGNMENT (  '', '', ( #3125 ) ) ;
#3182 = CARTESIAN_POINT ( 'NONE',  ( 0.04250000000000000300, 0.07650000000000001200, -0.2141803043818490400 ) ) ;
#3183 = FILL_AREA_STYLE_COLOUR ( '', #3184 ) ;
#3184 = COLOUR_RGB ( '',0.7843137254901960700, 0.7843137254901960700, 0.8627450980392157300 ) ;
#3185 = PLANE ( 'NONE',  #3195 ) ;
#3186 = VECTOR ( 'NONE', #3188, 100.0000000000000000 ) ;
#3187 = CARTESIAN_POINT ( 'NONE',  ( 0.08450000000000000600, 0.07650000000000001200, -0.2141803043818490400 ) ) ;
#3188 = DIRECTION ( 'NONE',  ( 1.000000000000000000, 0.0000000000000000000, 0.0000000000000000000 ) ) ;
#3189 = FACE_OUTER_BOUND ( 'NONE', #741, .T. ) ;
#3190 = EDGE_CURVE ( 'NONE', #3061, #2580, #3515, .T. ) ;
#3191 = DIRECTION ( 'NONE',  ( 0.0000000000000000000, 1.694065894508625900E-015, -1.000000000000000000 ) ) ;
#3192 = DIRECTION ( 'NONE',  ( -1.000000000000000000, -0.0000000000000000000, -0.0000000000000000000 ) ) ;
#3193 = CARTESIAN_POINT ( 'NONE',  ( 0.04250000000000000300, 0.03408217201024139900, -0.2608196956181509900 ) ) ;
#3194 = AXIS2_PLACEMENT_3D ( 'NONE', #3193, #3192, #3191 ) ;
#3195 = AXIS2_PLACEMENT_3D ( 'NONE', #3222, #3221, #3220 ) ;
#3196 = SURFACE_SIDE_STYLE ('',( #3197 ) ) ;
#3197 = SURFACE_STYLE_FILL_AREA ( #3224 ) ;
#3198 = DIRECTION ( 'NONE',  ( 0.0000000000000000000, 0.0000000000000000000, 1.000000000000000000 ) ) ;
#3199 = DIRECTION ( 'NONE',  ( -1.000000000000000000, 0.0000000000000000000, 0.0000000000000000000 ) ) ;
#3200 = AXIS2_PLACEMENT_3D ( 'NONE', #3205, #3199, #3198 ) ;
#3201 = CARTESIAN_POINT ( 'NONE',  ( 0.06350000000000000100, 0.02989785810170679500, -0.2290944451523970200 ) ) ;
#3202 = CARTESIAN_POINT ( 'NONE',  ( 0.08450000000000000600, 0.02989785810170713500, -0.2290944451523969600 ) ) ;
#3203 = DIRECTION ( 'NONE',  ( 0.0000000000000000000, 0.0000000000000000000, -1.000000000000000000 ) ) ;
#3204 = DIRECTION ( 'NONE',  ( 1.000000000000000000, 0.0000000000000000000, 0.0000000000000000000 ) ) ;
#3205 = CARTESIAN_POINT ( 'NONE',  ( 0.08450000000000000600, 0.06650000000000000400, -0.2141803043818490400 ) ) ;
#3206 = DIRECTION ( 'NONE',  ( -1.000000000000000000, 0.0000000000000000000, 0.0000000000000000000 ) ) ;
#3207 = VECTOR ( 'NONE', #3206, 100.0000000000000000 ) ;
#3208 = CIRCLE ( 'NONE', #3200, 0.009999999999999982900 ) ;
#3209 = LINE ( 'NONE', #3201, #3186 ) ;
#3210 = CARTESIAN_POINT ( 'NONE',  ( 0.04250000000000000300, 0.02989785810170713500, -0.2290944451523969600 ) ) ;
#3211 = DIRECTION ( 'NONE',  ( -0.0000000000000000000, 0.0000000000000000000, -1.000000000000000000 ) ) ;
#3212 = VECTOR ( 'NONE', #3211, 100.0000000000000000 ) ;
#3213 = CARTESIAN_POINT ( 'NONE',  ( 0.08450000000000000600, 0.03408217201024139900, -0.2608196956181509900 ) ) ;
#3214 = CIRCLE ( 'NONE', #3194, 0.03199999999999952200 ) ;
#3215 = CARTESIAN_POINT ( 'NONE',  ( 0.1695000000000000400, 0.09850000000000000400, -0.2141803043818490400 ) ) ;
#3216 = CARTESIAN_POINT ( 'NONE',  ( -0.04250000000000000300, 0.07068431390853430200, -0.2459055548476031800 ) ) ;
#3217 = FILL_AREA_STYLE_COLOUR ( '', #3273 ) ;
#3218 = AXIS2_PLACEMENT_3D ( 'NONE', #3255, #3300, #3299 ) ;
#3219 = FACE_OUTER_BOUND ( 'NONE', #901, .T. ) ;
#3220 = DIRECTION ( 'NONE',  ( 0.0000000000000000000, -0.0000000000000000000, 1.000000000000000000 ) ) ;
#3221 = DIRECTION ( 'NONE',  ( -0.0000000000000000000, 1.000000000000000000, 0.0000000000000000000 ) ) ;
#3222 = CARTESIAN_POINT ( 'NONE',  ( 0.06350000000000000100, 0.09850000000000000400, 0.0000000000000000000 ) ) ;
#3223 = FACE_OUTER_BOUND ( 'NONE', #848, .T. ) ;
#3224 = FILL_AREA_STYLE ('',( #3217 ) ) ;
#3225 = CARTESIAN_POINT ( 'NONE',  ( -0.04250000000000000300, 0.03277457391382429500, -0.2509055548476030200 ) ) ;
#3226 = LINE ( 'NONE', #3225, #3276 ) ;
#3227 =( GEOMETRIC_REPRESENTATION_CONTEXT ( 3 ) GLOBAL_UNCERTAINTY_ASSIGNED_CONTEXT ( ( #3228 ) ) GLOBAL_UNIT_ASSIGNED_CONTEXT ( ( #3231, #3230, #3229 ) ) REPRESENTATION_CONTEXT ( 'NONE', 'WORKASPACE' ) );
#3228 = UNCERTAINTY_MEASURE_WITH_UNIT (LENGTH_MEASURE( 1.000000000000000100E-005 ), #3231, 'distance_accuracy_value', 'NONE');
#3229 =( NAMED_UNIT ( * ) SI_UNIT ( $, .STERADIAN. ) SOLID_ANGLE_UNIT ( ) );
#3230 =( NAMED_UNIT ( * ) PLANE_ANGLE_UNIT ( ) SI_UNIT ( $, .RADIAN. ) );
#3231 =( LENGTH_UNIT ( ) NAMED_UNIT ( * ) SI_UNIT ( .CENTI., .METRE. ) );
#3232 = MECHANICAL_DESIGN_GEOMETRIC_PRESENTATION_REPRESENTATION (  '', ( #3234 ), #3227 ) ;
#3233 = PRESENTATION_LAYER_ASSIGNMENT (  '', '', ( #3234 ) ) ;
#3234 = STYLED_ITEM ( 'NONE', ( #3235 ), #819 ) ;
#3235 = PRESENTATION_STYLE_ASSIGNMENT (( #3236 ) ) ;
#3236 = SURFACE_STYLE_USAGE ( .BOTH. , #3237 ) ;
#3237 = SURFACE_SIDE_STYLE ('',( #3238 ) ) ;
#3238 = SURFACE_STYLE_FILL_AREA ( #3240 ) ;
#3239 = PLANE ( 'NONE',  #3241 ) ;
#3240 = FILL_AREA_STYLE ('',( #3183 ) ) ;
#3241 = AXIS2_PLACEMENT_3D ( 'NONE', #3254, #3253, #3252 ) ;
#3242 =( LENGTH_UNIT ( ) NAMED_UNIT ( * ) SI_UNIT ( .CENTI., .METRE. ) );
#3243 = MECHANICAL_DESIGN_GEOMETRIC_PRESENTATION_REPRESENTATION (  '', ( #3245 ), #3303 ) ;
#3244 = PRESENTATION_LAYER_ASSIGNMENT (  '', '', ( #3245 ) ) ;
#3245 = STYLED_ITEM ( 'NONE', ( #3246 ), #843 ) ;
#3246 = PRESENTATION_STYLE_ASSIGNMENT (( #3247 ) ) ;
#3247 = SURFACE_STYLE_USAGE ( .BOTH. , #3248 ) ;
#3248 = SURFACE_SIDE_STYLE ('',( #3249 ) ) ;
#3249 = SURFACE_STYLE_FILL_AREA ( #3272 ) ;
#3250 = PLANE ( 'NONE',  #3218 ) ;
#3251 = COLOUR_RGB ( '',0.7843137254901960700, 0.7843137254901960700, 0.8627450980392157300 ) ;
#3252 = DIRECTION ( 'NONE',  ( 0.0000000000000000000, 0.9914140770548247600, 0.1307598096416859300 ) ) ;
#3253 = DIRECTION ( 'NONE',  ( 0.0000000000000000000, 0.1307598096416859300, -0.9914140770548247600 ) ) ;
#3254 = CARTESIAN_POINT ( 'NONE',  ( -0.06350000000000000100, 0.07068431390853459300, -0.2459055548476029600 ) ) ;
#3255 = CARTESIAN_POINT ( 'NONE',  ( -0.1905000000000000000, 0.01099999999999999900, -0.2999999999999999900 ) ) ;
#3256 = FILL_AREA_STYLE_COLOUR ( '', #3251 ) ;
#3257 = EDGE_CURVE ( 'NONE', #2580, #2590, #3814, .T. ) ;
#3258 = CARTESIAN_POINT ( 'NONE',  ( 0.06350000000000000100, 0.03408217201024139900, -0.2608196956181509900 ) ) ;
#3259 = FACE_OUTER_BOUND ( 'NONE', #850, .T. ) ;
#3260 = CYLINDRICAL_SURFACE ( 'NONE', #3274, 0.03199999999999952200 ) ;
#3261 =( GEOMETRIC_REPRESENTATION_CONTEXT ( 3 ) GLOBAL_UNCERTAINTY_ASSIGNED_CONTEXT ( ( #3262 ) ) GLOBAL_UNIT_ASSIGNED_CONTEXT ( ( #3266, #3265, #3264 ) ) REPRESENTATION_CONTEXT ( 'NONE', 'WORKASPACE' ) );
#3262 = UNCERTAINTY_MEASURE_WITH_UNIT (LENGTH_MEASURE( 1.000000000000000100E-005 ), #3266, 'distance_accuracy_value', 'NONE');
#3263 = EDGE_LOOP ( 'NONE', ( #3046, #3525, #3524, #3069 ) ) ;
#3264 =( NAMED_UNIT ( * ) SI_UNIT ( $, .STERADIAN. ) SOLID_ANGLE_UNIT ( ) );
#3265 =( NAMED_UNIT ( * ) PLANE_ANGLE_UNIT ( ) SI_UNIT ( $, .RADIAN. ) );
#3266 =( LENGTH_UNIT ( ) NAMED_UNIT ( * ) SI_UNIT ( .CENTI., .METRE. ) );
#3267 = MECHANICAL_DESIGN_GEOMETRIC_PRESENTATION_REPRESENTATION (  '', ( #3269 ), #3261 ) ;
#3268 = PRESENTATION_LAYER_ASSIGNMENT (  '', '', ( #3269 ) ) ;
#3269 = STYLED_ITEM ( 'NONE', ( #3270 ), #840 ) ;
#3270 = PRESENTATION_STYLE_ASSIGNMENT (( #3271 ) ) ;
#3271 = SURFACE_STYLE_USAGE ( .BOTH. , #3196 ) ;
#3272 = FILL_AREA_STYLE ('',( #3256 ) ) ;
#3273 = COLOUR_RGB ( '',0.7843137254901960700, 0.7843137254901960700, 0.8627450980392157300 ) ;
#3274 = AXIS2_PLACEMENT_3D ( 'NONE', #3258, #3298, #3297 ) ;
#3275 = DIRECTION ( 'NONE',  ( 0.0000000000000000000, 0.9914140770548246500, 0.1307598096416873200 ) ) ;
#3276 = VECTOR ( 'NONE', #3275, 100.0000000000000000 ) ;
#3277 = UNCERTAINTY_MEASURE_WITH_UNIT (LENGTH_MEASURE( 1.000000000000000100E-005 ), #3282, 'distance_accuracy_value', 'NONE');
#3278 =( NAMED_UNIT ( * ) SI_UNIT ( $, .STERADIAN. ) SOLID_ANGLE_UNIT ( ) );
#3279 = EDGE_CURVE ( 'NONE', #3527, #3288, #3815, .T. ) ;
#3280 =( NAMED_UNIT ( * ) PLANE_ANGLE_UNIT ( ) SI_UNIT ( $, .RADIAN. ) );
#3281 = EDGE_CURVE ( 'NONE', #3535, #3288, #3810, .T. ) ;
#3282 =( LENGTH_UNIT ( ) NAMED_UNIT ( * ) SI_UNIT ( .CENTI., .METRE. ) );
#3283 = MECHANICAL_DESIGN_GEOMETRIC_PRESENTATION_REPRESENTATION (  '', ( #3285 ), #3049 ) ;
#3284 = PRESENTATION_LAYER_ASSIGNMENT (  '', '', ( #3285 ) ) ;
#3285 = STYLED_ITEM ( 'NONE', ( #3287 ), #844 ) ;
#3286 = EDGE_LOOP ( 'NONE', ( #2574, #229, #85, #86 ) ) ;
#3287 = PRESENTATION_STYLE_ASSIGNMENT (( #3289 ) ) ;
#3288 = VERTEX_POINT ( 'NONE', #3816 ) ;
#3289 = SURFACE_STYLE_USAGE ( .BOTH. , #3290 ) ;
#3290 = SURFACE_SIDE_STYLE ('',( #3301 ) ) ;
#3291 = CARTESIAN_POINT ( 'NONE',  ( -0.1695000000000000100, 0.06650000000000000400, -0.2141803043818490400 ) ) ;
#3292 = VERTEX_POINT ( 'NONE', #3805 ) ;
#3293 = FILL_AREA_STYLE_COLOUR ( '', #3294 ) ;
#3294 = COLOUR_RGB ( '',0.7843137254901960700, 0.7843137254901960700, 0.8627450980392157300 ) ;
#3295 = ORIENTED_EDGE ( 'NONE', *, *, #3190, .F. ) ;
#3296 =( GEOMETRIC_REPRESENTATION_CONTEXT ( 3 ) GLOBAL_UNCERTAINTY_ASSIGNED_CONTEXT ( ( #3982 ) ) GLOBAL_UNIT_ASSIGNED_CONTEXT ( ( #3994, #3989, #3984 ) ) REPRESENTATION_CONTEXT ( 'NONE', 'WORKASPACE' ) );
#3297 = DIRECTION ( 'NONE',  ( 0.0000000000000000000, 0.0000000000000000000, -1.000000000000000000 ) ) ;
#3298 = DIRECTION ( 'NONE',  ( 1.000000000000000000, 0.0000000000000000000, 0.0000000000000000000 ) ) ;
#3299 = DIRECTION ( 'NONE',  ( 0.0000000000000000000, -0.9986295347545756100, 0.05233595624291157600 ) ) ;
#3300 = DIRECTION ( 'NONE',  ( -0.0000000000000000000, 0.05233595624291157600, 0.9986295347545756100 ) ) ;
#3301 = SURFACE_STYLE_FILL_AREA ( #3302 ) ;
#3302 = FILL_AREA_STYLE ('',( #3293 ) ) ;
#3303 =( GEOMETRIC_REPRESENTATION_CONTEXT ( 3 ) GLOBAL_UNCERTAINTY_ASSIGNED_CONTEXT ( ( #3305 ) ) GLOBAL_UNIT_ASSIGNED_CONTEXT ( ( #3242, #3307, #3306 ) ) REPRESENTATION_CONTEXT ( 'NONE', 'WORKASPACE' ) );
#3304 = EDGE_LOOP ( 'NONE', ( #3295, #3543, #3544, #3536 ) ) ;
#3305 = UNCERTAINTY_MEASURE_WITH_UNIT (LENGTH_MEASURE( 1.000000000000000100E-005 ), #3242, 'distance_accuracy_value', 'NONE');
#3306 =( NAMED_UNIT ( * ) SI_UNIT ( $, .STERADIAN. ) SOLID_ANGLE_UNIT ( ) );
#3307 =( NAMED_UNIT ( * ) PLANE_ANGLE_UNIT ( ) SI_UNIT ( $, .RADIAN. ) );
#3308 = CARTESIAN_POINT ( 'NONE',  ( 0.08450000000000000600, 0.002126026898095526400, -0.2591449450183773700 ) ) ;
#3309 = AXIS2_PLACEMENT_3D ( 'NONE', #3360, #3331, #3366 ) ;
#3310 = AXIS2_PLACEMENT_3D ( 'NONE', #3381, #3380, #3379 ) ;
#3311 = DIRECTION ( 'NONE',  ( 0.0000000000000000000, -0.05233595624294479900, -0.9986295347545737200 ) ) ;
#3312 = VECTOR ( 'NONE', #3311, 100.0000000000000100 ) ;
#3313 = FILL_AREA_STYLE ('',( #3314 ) ) ;
#3314 = FILL_AREA_STYLE_COLOUR ( '', #3367 ) ;
#3315 = CYLINDRICAL_SURFACE ( 'NONE', #3309, 0.009999999999999982900 ) ;
#3316 = CARTESIAN_POINT ( 'NONE',  ( 0.04250000000000000300, 0.002126026898095526400, -0.2591449450183773700 ) ) ;
#3317 = CARTESIAN_POINT ( 'NONE',  ( 0.08450000000000000600, 0.002126026898095518100, -0.2591449450183779800 ) ) ;
#3318 = LINE ( 'NONE', #3317, #3312 ) ;
#3319 = DIRECTION ( 'NONE',  ( 1.000000000000000000, 0.0000000000000000000, 0.0000000000000000000 ) ) ;
#3320 = VECTOR ( 'NONE', #3319, 100.0000000000000000 ) ;
#3321 = CARTESIAN_POINT ( 'NONE',  ( 0.06350000000000000100, 1.507511769860651700E-005, -0.2994243044813280100 ) ) ;
#3322 = LINE ( 'NONE', #3321, #3320 ) ;
#3323 = DIRECTION ( 'NONE',  ( 1.000000000000000000, 0.0000000000000000000, 0.0000000000000000000 ) ) ;
#3324 = VECTOR ( 'NONE', #3323, 100.0000000000000000 ) ;
#3325 = CARTESIAN_POINT ( 'NONE',  ( 0.06350000000000000100, 0.002126026898095469100, -0.2591449450183779800 ) ) ;
#3326 = LINE ( 'NONE', #3325, #3324 ) ;
#3327 = DIRECTION ( 'NONE',  ( 0.0000000000000000000, 0.05233595624294479900, 0.9986295347545737200 ) ) ;
#3328 = VECTOR ( 'NONE', #3327, 100.0000000000000100 ) ;
#3329 = CARTESIAN_POINT ( 'NONE',  ( 0.04250000000000000300, 1.507511769891856400E-005, -0.2994243044813280100 ) ) ;
#3330 = LINE ( 'NONE', #3329, #3328 ) ;
#3331 = DIRECTION ( 'NONE',  ( -1.000000000000000000, 0.0000000000000000000, 0.0000000000000000000 ) ) ;
#3332 = DIRECTION ( 'NONE',  ( 0.0000000000000000000, -0.05233595624294488200, -0.9986295347545737200 ) ) ;
#3333 = DIRECTION ( 'NONE',  ( 0.0000000000000000000, -0.9986295347545738300, 0.05233595624294488900 ) ) ;
#3334 = CARTESIAN_POINT ( 'NONE',  ( 0.06350000000000000100, 0.002126026898095209800, -0.2591449450183779800 ) ) ;
#3335 = AXIS2_PLACEMENT_3D ( 'NONE', #3334, #3333, #3332 ) ;
#3336 = CARTESIAN_POINT ( 'NONE',  ( 0.06350000000000000100, 0.07650000000000001200, -0.2141803043818490400 ) ) ;
#3337 = LINE ( 'NONE', #3336, #3364 ) ;
#3338 = PLANE ( 'NONE',  #3335 ) ;
#3339 = CARTESIAN_POINT ( 'NONE',  ( -0.08450000000000000600, 0.07068431390853430200, -0.2459055548476031800 ) ) ;
#3340 = FILL_AREA_STYLE_COLOUR ( '', #3341 ) ;
#3341 = COLOUR_RGB ( '',0.7843137254901960700, 0.7843137254901960700, 0.8627450980392157300 ) ;
#3342 = VECTOR ( 'NONE', #3374, 100.0000000000000100 ) ;
#3343 = CYLINDRICAL_SURFACE ( 'NONE', #3419, 0.009999999999999419100 ) ;
#3344 = FACE_OUTER_BOUND ( 'NONE', #865, .T. ) ;
#3345 = CARTESIAN_POINT ( 'NONE',  ( 0.08450000000000000600, 0.06780759809641709300, -0.2240944451523970100 ) ) ;
#3346 = LINE ( 'NONE', #3345, #3342 ) ;
#3347 = PLANE ( 'NONE',  #3310 ) ;
#3348 =( GEOMETRIC_REPRESENTATION_CONTEXT ( 3 ) GLOBAL_UNCERTAINTY_ASSIGNED_CONTEXT ( ( #3349 ) ) GLOBAL_UNIT_ASSIGNED_CONTEXT ( ( #3352, #3351, #3350 ) ) REPRESENTATION_CONTEXT ( 'NONE', 'WORKASPACE' ) );
#3349 = UNCERTAINTY_MEASURE_WITH_UNIT (LENGTH_MEASURE( 1.000000000000000100E-005 ), #3352, 'distance_accuracy_value', 'NONE');
#3350 =( NAMED_UNIT ( * ) SI_UNIT ( $, .STERADIAN. ) SOLID_ANGLE_UNIT ( ) );
#3351 =( NAMED_UNIT ( * ) PLANE_ANGLE_UNIT ( ) SI_UNIT ( $, .RADIAN. ) );
#3352 =( LENGTH_UNIT ( ) NAMED_UNIT ( * ) SI_UNIT ( .CENTI., .METRE. ) );
#3353 = MECHANICAL_DESIGN_GEOMETRIC_PRESENTATION_REPRESENTATION (  '', ( #3355 ), #3348 ) ;
#3354 = PRESENTATION_LAYER_ASSIGNMENT (  '', '', ( #3355 ) ) ;
#3355 = STYLED_ITEM ( 'NONE', ( #3356 ), #860 ) ;
#3356 = PRESENTATION_STYLE_ASSIGNMENT (( #3357 ) ) ;
#3357 = SURFACE_STYLE_USAGE ( .BOTH. , #3358 ) ;
#3358 = SURFACE_SIDE_STYLE ('',( #3359 ) ) ;
#3359 = SURFACE_STYLE_FILL_AREA ( #3313 ) ;
#3360 = CARTESIAN_POINT ( 'NONE',  ( 0.06350000000000000100, 0.06650000000000000400, -0.2141803043818490400 ) ) ;
#3361 = FILL_AREA_STYLE ('',( #3340 ) ) ;
#3362 = FACE_OUTER_BOUND ( 'NONE', #867, .T. ) ;
#3363 = DIRECTION ( 'NONE',  ( 1.000000000000000000, 0.0000000000000000000, 0.0000000000000000000 ) ) ;
#3364 = VECTOR ( 'NONE', #3363, 100.0000000000000000 ) ;
#3365 = CARTESIAN_POINT ( 'NONE',  ( 0.08450000000000000600, 0.06780759809641698200, -0.2240944451523971800 ) ) ;
#3366 = DIRECTION ( 'NONE',  ( 0.0000000000000000000, 0.0000000000000000000, 1.000000000000000000 ) ) ;
#3367 = COLOUR_RGB ( '',0.7843137254901960700, 0.7843137254901960700, 0.8627450980392157300 ) ;
#3368 = DIRECTION ( 'NONE',  ( -1.000000000000000000, -0.0000000000000000000, -0.0000000000000000000 ) ) ;
#3369 = PLANE ( 'NONE',  #3403 ) ;
#3370 = SURFACE_STYLE_FILL_AREA ( #3371 ) ;
#3371 = FILL_AREA_STYLE ('',( #3378 ) ) ;
#3372 = COLOUR_RGB ( '',0.7843137254901960700, 0.7843137254901960700, 0.8627450980392157300 ) ;
#3373 = CARTESIAN_POINT ( 'NONE',  ( 0.04250000000000000300, 0.06780759809641698200, -0.2240944451523971800 ) ) ;
#3374 = DIRECTION ( 'NONE',  ( 0.0000000000000000000, -0.9914140770548247600, -0.1307598096416862100 ) ) ;
#3375 = DIRECTION ( 'NONE',  ( 0.0000000000000000000, 0.9914140770548247600, 0.1307598096416862100 ) ) ;
#3376 = VECTOR ( 'NONE', #3375, 100.0000000000000100 ) ;
#3377 = CARTESIAN_POINT ( 'NONE',  ( 0.04250000000000000300, 0.02989785810170679900, -0.2290944451523970200 ) ) ;
#3378 = FILL_AREA_STYLE_COLOUR ( '', #3372 ) ;
#3379 = DIRECTION ( 'NONE',  ( 0.0000000000000000000, -0.9914140770548247600, -0.1307598096416859300 ) ) ;
#3380 = DIRECTION ( 'NONE',  ( 0.0000000000000000000, -0.1307598096416859300, 0.9914140770548247600 ) ) ;
#3381 = CARTESIAN_POINT ( 'NONE',  ( 0.06350000000000000100, 0.06780759809641709300, -0.2240944451523970100 ) ) ;
#3382 = LINE ( 'NONE', #3377, #3376 ) ;
#3383 = STYLED_ITEM ( 'NONE', ( #3384 ), #881 ) ;
#3384 = PRESENTATION_STYLE_ASSIGNMENT (( #3421 ) ) ;
#3385 =( GEOMETRIC_REPRESENTATION_CONTEXT ( 3 ) GLOBAL_UNCERTAINTY_ASSIGNED_CONTEXT ( ( #3386 ) ) GLOBAL_UNIT_ASSIGNED_CONTEXT ( ( #3389, #3388, #3387 ) ) REPRESENTATION_CONTEXT ( 'NONE', 'WORKASPACE' ) );
#3386 = UNCERTAINTY_MEASURE_WITH_UNIT (LENGTH_MEASURE( 1.000000000000000100E-005 ), #3389, 'distance_accuracy_value', 'NONE');
#3387 =( NAMED_UNIT ( * ) SI_UNIT ( $, .STERADIAN. ) SOLID_ANGLE_UNIT ( ) );
#3388 =( NAMED_UNIT ( * ) PLANE_ANGLE_UNIT ( ) SI_UNIT ( $, .RADIAN. ) );
#3389 =( LENGTH_UNIT ( ) NAMED_UNIT ( * ) SI_UNIT ( .CENTI., .METRE. ) );
#3390 = MECHANICAL_DESIGN_GEOMETRIC_PRESENTATION_REPRESENTATION (  '', ( #3392 ), #3385 ) ;
#3391 = PRESENTATION_LAYER_ASSIGNMENT (  '', '', ( #3392 ) ) ;
#3392 = STYLED_ITEM ( 'NONE', ( #3393 ), #862 ) ;
#3393 = PRESENTATION_STYLE_ASSIGNMENT (( #3394 ) ) ;
#3394 = SURFACE_STYLE_USAGE ( .BOTH. , #3395 ) ;
#3395 = SURFACE_SIDE_STYLE ('',( #3396 ) ) ;
#3396 = SURFACE_STYLE_FILL_AREA ( #3361 ) ;
#3397 = CARTESIAN_POINT ( 'NONE',  ( -0.06350000000000000100, 0.03408217201024139900, -0.2608196956181509900 ) ) ;
#3398 = COLOUR_RGB ( '',0.7843137254901960700, 0.7843137254901960700, 0.8627450980392157300 ) ;
#3399 = AXIS2_PLACEMENT_3D ( 'NONE', #3458, #3452, #3511 ) ;
#3400 = FILL_AREA_STYLE_COLOUR ( '', #3398 ) ;
#3401 = FACE_OUTER_BOUND ( 'NONE', #837, .T. ) ;
#3402 = DIRECTION ( 'NONE',  ( 0.0000000000000000000, 0.0000000000000000000, -1.000000000000000000 ) ) ;
#3403 = AXIS2_PLACEMENT_3D ( 'NONE', #3433, #3432, #3431 ) ;
#3404 =( GEOMETRIC_REPRESENTATION_CONTEXT ( 3 ) GLOBAL_UNCERTAINTY_ASSIGNED_CONTEXT ( ( #3405 ) ) GLOBAL_UNIT_ASSIGNED_CONTEXT ( ( #3408, #3407, #3406 ) ) REPRESENTATION_CONTEXT ( 'NONE', 'WORKASPACE' ) );
#3405 = UNCERTAINTY_MEASURE_WITH_UNIT (LENGTH_MEASURE( 1.000000000000000100E-005 ), #3408, 'distance_accuracy_value', 'NONE');
#3406 =( NAMED_UNIT ( * ) SI_UNIT ( $, .STERADIAN. ) SOLID_ANGLE_UNIT ( ) );
#3407 =( NAMED_UNIT ( * ) PLANE_ANGLE_UNIT ( ) SI_UNIT ( $, .RADIAN. ) );
#3408 =( LENGTH_UNIT ( ) NAMED_UNIT ( * ) SI_UNIT ( .CENTI., .METRE. ) );
#3409 = MECHANICAL_DESIGN_GEOMETRIC_PRESENTATION_REPRESENTATION (  '', ( #3383 ), #3404 ) ;
#3410 = PRESENTATION_LAYER_ASSIGNMENT (  '', '', ( #3383 ) ) ;
#3411 = SURFACE_SIDE_STYLE ('',( #3412 ) ) ;
#3412 = SURFACE_STYLE_FILL_AREA ( #3413 ) ;
#3413 = FILL_AREA_STYLE ('',( #3400 ) ) ;
#3414 = FACE_OUTER_BOUND ( 'NONE', #899, .T. ) ;
#3415 = DIRECTION ( 'NONE',  ( 0.0000000000000000000, 1.084202172485567300E-015, -1.000000000000000000 ) ) ;
#3416 = AXIS2_PLACEMENT_3D ( 'NONE', #3420, #3368, #3415 ) ;
#3417 = CIRCLE ( 'NONE', #3416, 0.009999999999999419100 ) ;
#3418 = DIRECTION ( 'NONE',  ( 1.000000000000000000, 0.0000000000000000000, 0.0000000000000000000 ) ) ;
#3419 = AXIS2_PLACEMENT_3D ( 'NONE', #3397, #3418, #3402 ) ;
#3420 = CARTESIAN_POINT ( 'NONE',  ( -0.04250000000000000300, 0.03408217201024139900, -0.2608196956181509900 ) ) ;
#3421 = SURFACE_STYLE_USAGE ( .BOTH. , #3422 ) ;
#3422 = SURFACE_SIDE_STYLE ('',( #3370 ) ) ;
#3423 = CARTESIAN_POINT ( 'NONE',  ( -0.04250000000000000300, 0.02198492488229955200, -0.3005756955186720300 ) ) ;
#3424 = CARTESIAN_POINT ( 'NONE',  ( -0.06350000000000000100, 0.02409587666269590000, -0.2602963360557220000 ) ) ;
#3425 = LINE ( 'NONE', #3424, #3477 ) ;
#3426 = DIRECTION ( 'NONE',  ( 0.0000000000000000000, 0.05233595624294479900, 0.9986295347545737200 ) ) ;
#3427 = VECTOR ( 'NONE', #3426, 100.0000000000000100 ) ;
#3428 = CARTESIAN_POINT ( 'NONE',  ( -0.04250000000000000300, 0.02198492488229960100, -0.3005756955186720300 ) ) ;
#3429 = LINE ( 'NONE', #3428, #3427 ) ;
#3430 = CARTESIAN_POINT ( 'NONE',  ( -0.08450000000000000600, 0.03277457391382445500, -0.2509055548476031300 ) ) ;
#3431 = DIRECTION ( 'NONE',  ( 0.0000000000000000000, 0.05233595624294488200, 0.9986295347545737200 ) ) ;
#3432 = DIRECTION ( 'NONE',  ( 0.0000000000000000000, 0.9986295347545738300, -0.05233595624294488900 ) ) ;
#3433 = CARTESIAN_POINT ( 'NONE',  ( -0.06350000000000000100, 0.02409587666269590000, -0.2602963360557220000 ) ) ;
#3434 = CARTESIAN_POINT ( 'NONE',  ( -0.04250000000000000300, 0.02409587666269606000, -0.2602963360557217800 ) ) ;
#3435 =( GEOMETRIC_REPRESENTATION_CONTEXT ( 3 ) GLOBAL_UNCERTAINTY_ASSIGNED_CONTEXT ( ( #3436 ) ) GLOBAL_UNIT_ASSIGNED_CONTEXT ( ( #3439, #3438, #3437 ) ) REPRESENTATION_CONTEXT ( 'NONE', 'WORKASPACE' ) );
#3436 = UNCERTAINTY_MEASURE_WITH_UNIT (LENGTH_MEASURE( 1.000000000000000100E-005 ), #3439, 'distance_accuracy_value', 'NONE');
#3437 =( NAMED_UNIT ( * ) SI_UNIT ( $, .STERADIAN. ) SOLID_ANGLE_UNIT ( ) );
#3438 =( NAMED_UNIT ( * ) PLANE_ANGLE_UNIT ( ) SI_UNIT ( $, .RADIAN. ) );
#3439 =( LENGTH_UNIT ( ) NAMED_UNIT ( * ) SI_UNIT ( .CENTI., .METRE. ) );
#3440 = MECHANICAL_DESIGN_GEOMETRIC_PRESENTATION_REPRESENTATION (  '', ( #3442 ), #3435 ) ;
#3441 = PRESENTATION_LAYER_ASSIGNMENT (  '', '', ( #3442 ) ) ;
#3442 = STYLED_ITEM ( 'NONE', ( #3443 ), #884 ) ;
#3443 = PRESENTATION_STYLE_ASSIGNMENT (( #3444 ) ) ;
#3444 = SURFACE_STYLE_USAGE ( .BOTH. , #3411 ) ;
#3445 = CIRCLE ( 'NONE', #3399, 0.009999999999999419100 ) ;
#3446 = FACE_OUTER_BOUND ( 'NONE', #1217, .T. ) ;
#3447 = CARTESIAN_POINT ( 'NONE',  ( -0.1695000000000000100, 0.02409587666269656000, -0.2602963360557218300 ) ) ;
#3448 = DIRECTION ( 'NONE',  ( -1.000000000000000000, -0.0000000000000000000, -0.0000000000000000000 ) ) ;
#3449 = VECTOR ( 'NONE', #3448, 100.0000000000000000 ) ;
#3450 = CARTESIAN_POINT ( 'NONE',  ( -0.06350000000000000100, 0.03277457391382435100, -0.2509055548476033500 ) ) ;
#3451 = LINE ( 'NONE', #3450, #3449 ) ;
#3452 = DIRECTION ( 'NONE',  ( -1.000000000000000000, -0.0000000000000000000, -0.0000000000000000000 ) ) ;
#3453 = DIRECTION ( 'NONE',  ( 0.0000000000000000000, 0.0000000000000000000, -1.000000000000000000 ) ) ;
#3454 = DIRECTION ( 'NONE',  ( 1.000000000000000000, 0.0000000000000000000, 0.0000000000000000000 ) ) ;
#3455 = CARTESIAN_POINT ( 'NONE',  ( -0.08450000000000000600, 0.03408217201024139900, -0.2608196956181509900 ) ) ;
#3456 = FILL_AREA_STYLE_COLOUR ( '', #3541 ) ;
#3457 = CARTESIAN_POINT ( 'NONE',  ( -0.08450000000000000600, 0.02409587666269606000, -0.2602963360557217800 ) ) ;
#3458 = CARTESIAN_POINT ( 'NONE',  ( -0.1695000000000000100, 0.03408217201024139900, -0.2608196956181509900 ) ) ;
#3459 = DIRECTION ( 'NONE',  ( 0.0000000000000000000, -2.168404344971012400E-015, 1.000000000000000000 ) ) ;
#3460 = DIRECTION ( 'NONE',  ( 1.000000000000000000, -0.0000000000000000000, -0.0000000000000000000 ) ) ;
#3461 = CARTESIAN_POINT ( 'NONE',  ( 0.04250000000000000300, 0.06650000000000000400, -0.2141803043818490400 ) ) ;
#3462 = AXIS2_PLACEMENT_3D ( 'NONE', #3461, #3460, #3459 ) ;
#3463 = CIRCLE ( 'NONE', #3475, 0.009999999999999419100 ) ;
#3464 = VECTOR ( 'NONE', #3466, 100.0000000000000000 ) ;
#3465 = CIRCLE ( 'NONE', #3462, 0.009999999999999982900 ) ;
#3466 = DIRECTION ( 'NONE',  ( -1.000000000000000000, 0.0000000000000000000, 0.0000000000000000000 ) ) ;
#3467 = CARTESIAN_POINT ( 'NONE',  ( -0.06350000000000000100, 0.07068431390853464900, -0.2459055548476033500 ) ) ;
#3468 = DIRECTION ( 'NONE',  ( 0.0000000000000000000, -0.9914140770548246500, -0.1307598096416873200 ) ) ;
#3469 = VECTOR ( 'NONE', #3468, 100.0000000000000000 ) ;
#3470 = CARTESIAN_POINT ( 'NONE',  ( -0.08450000000000000600, 0.07068431390853459300, -0.2459055548476029600 ) ) ;
#3471 = LINE ( 'NONE', #3470, #3469 ) ;
#3472 = LINE ( 'NONE', #3467, #3464 ) ;
#3473 = CARTESIAN_POINT ( 'NONE',  ( -0.04250000000000000300, 0.03277457391382445500, -0.2509055548476031300 ) ) ;
#3474 = CARTESIAN_POINT ( 'NONE',  ( -0.2115000000000000200, 0.02409587666269656000, -0.2602963360557218300 ) ) ;
#3475 = AXIS2_PLACEMENT_3D ( 'NONE', #3455, #3454, #3453 ) ;
#3476 = DIRECTION ( 'NONE',  ( 1.000000000000000000, -0.0000000000000000000, 0.0000000000000000000 ) ) ;
#3477 = VECTOR ( 'NONE', #3476, 100.0000000000000000 ) ;
#3478 = CIRCLE ( 'NONE', #3759, 0.009999999999999982900 ) ;
#3479 = CARTESIAN_POINT ( 'NONE',  ( -0.04250000000000000300, 0.07650000000000001200, 0.2141803043818490400 ) ) ;
#3480 =( GEOMETRIC_REPRESENTATION_CONTEXT ( 3 ) GLOBAL_UNCERTAINTY_ASSIGNED_CONTEXT ( ( #3481 ) ) GLOBAL_UNIT_ASSIGNED_CONTEXT ( ( #3485, #3484, #3483 ) ) REPRESENTATION_CONTEXT ( 'NONE', 'WORKASPACE' ) );
#3481 = UNCERTAINTY_MEASURE_WITH_UNIT (LENGTH_MEASURE( 1.000000000000000100E-005 ), #3485, 'distance_accuracy_value', 'NONE');
#3482 = ADVANCED_FACE ( 'NONE', ( #3796 ), #3802, .F. ) ;
#3483 =( NAMED_UNIT ( * ) SI_UNIT ( $, .STERADIAN. ) SOLID_ANGLE_UNIT ( ) );
#3484 =( NAMED_UNIT ( * ) PLANE_ANGLE_UNIT ( ) SI_UNIT ( $, .RADIAN. ) );
#3485 =( LENGTH_UNIT ( ) NAMED_UNIT ( * ) SI_UNIT ( .CENTI., .METRE. ) );
#3486 = MECHANICAL_DESIGN_GEOMETRIC_PRESENTATION_REPRESENTATION (  '', ( #3488 ), #3480 ) ;
#3487 = PRESENTATION_LAYER_ASSIGNMENT (  '', '', ( #3488 ) ) ;
#3488 = STYLED_ITEM ( 'NONE', ( #3489 ), #1208 ) ;
#3489 = PRESENTATION_STYLE_ASSIGNMENT (( #3490 ) ) ;
#3490 = SURFACE_STYLE_USAGE ( .BOTH. , #3491 ) ;
#3491 = SURFACE_SIDE_STYLE ('',( #3492 ) ) ;
#3492 = SURFACE_STYLE_FILL_AREA ( #3508 ) ;
#3493 = AXIS2_PLACEMENT_3D ( 'NONE', #3291, #3749, #3772 ) ;
#3494 = DIRECTION ( 'NONE',  ( -1.000000000000000000, -0.0000000000000000000, -0.0000000000000000000 ) ) ;
#3495 = VECTOR ( 'NONE', #3494, 100.0000000000000000 ) ;
#3496 = CARTESIAN_POINT ( 'NONE',  ( -0.1905000000000000000, 0.02198492488229960400, -0.3005756955186720300 ) ) ;
#3497 = LINE ( 'NONE', #3496, #3495 ) ;
#3498 = PLANE ( 'NONE',  #3512 ) ;
#3499 = CARTESIAN_POINT ( 'NONE',  ( 0.08450000000000000600, 0.03408217201024139900, -0.2608196956181509900 ) ) ;
#3500 = FACE_OUTER_BOUND ( 'NONE', #1669, .T. ) ;
#3501 = SURFACE_STYLE_FILL_AREA ( #3502 ) ;
#3502 = FILL_AREA_STYLE ('',( #3456 ) ) ;
#3503 = DIRECTION ( 'NONE',  ( 0.0000000000000000000, 0.05233595624294479900, 0.9986295347545737200 ) ) ;
#3504 = VECTOR ( 'NONE', #3503, 100.0000000000000100 ) ;
#3505 = CARTESIAN_POINT ( 'NONE',  ( -0.1695000000000000100, 0.02198492488229960100, -0.3005756955186720300 ) ) ;
#3506 = LINE ( 'NONE', #3505, #3504 ) ;
#3507 = AXIS2_PLACEMENT_3D ( 'NONE', #3499, #3539, #3538 ) ;
#3508 = FILL_AREA_STYLE ('',( #3509 ) ) ;
#3509 = FILL_AREA_STYLE_COLOUR ( '', #3510 ) ;
#3510 = COLOUR_RGB ( '',0.7843137254901960700, 0.7843137254901960700, 0.8627450980392157300 ) ;
#3511 = DIRECTION ( 'NONE',  ( 0.0000000000000000000, -4.336808689942269400E-015, -1.000000000000000000 ) ) ;
#3512 = AXIS2_PLACEMENT_3D ( 'NONE', #3547, #3546, #3545 ) ;
#3513 = EDGE_CURVE ( 'NONE', #3762, #237, #3841, .T. ) ;
#3514 = EDGE_CURVE ( 'NONE', #237, #236, #3838, .T. ) ;
#3515 = CIRCLE ( 'NONE', #3493, 0.009999999999999982900 ) ;
#3516 = ADVANCED_FACE ( 'NONE', ( #3792 ), #3842, .F. ) ;
#3517 = VERTEX_POINT ( 'NONE', #3832 ) ;
#3518 =( GEOMETRIC_REPRESENTATION_CONTEXT ( 3 ) GLOBAL_UNCERTAINTY_ASSIGNED_CONTEXT ( ( #3520 ) ) GLOBAL_UNIT_ASSIGNED_CONTEXT ( ( #3526, #3523, #3522 ) ) REPRESENTATION_CONTEXT ( 'NONE', 'WORKASPACE' ) );
#3519 = ADVANCED_FACE ( 'NONE', ( #3857 ), #3862, .T. ) ;
#3520 = UNCERTAINTY_MEASURE_WITH_UNIT (LENGTH_MEASURE( 1.000000000000000100E-005 ), #3526, 'distance_accuracy_value', 'NONE');
#3521 = ORIENTED_EDGE ( 'NONE', *, *, #4060, .F. ) ;
#3522 =( NAMED_UNIT ( * ) SI_UNIT ( $, .STERADIAN. ) SOLID_ANGLE_UNIT ( ) );
#3523 =( NAMED_UNIT ( * ) PLANE_ANGLE_UNIT ( ) SI_UNIT ( $, .RADIAN. ) );
#3524 = ORIENTED_EDGE ( 'NONE', *, *, #3281, .T. ) ;
#3525 = ORIENTED_EDGE ( 'NONE', *, *, #3048, .F. ) ;
#3526 =( LENGTH_UNIT ( ) NAMED_UNIT ( * ) SI_UNIT ( .CENTI., .METRE. ) );
#3527 = VERTEX_POINT ( 'NONE', #3893 ) ;
#3528 = MECHANICAL_DESIGN_GEOMETRIC_PRESENTATION_REPRESENTATION (  '', ( #3530 ), #3518 ) ;
#3529 = PRESENTATION_LAYER_ASSIGNMENT (  '', '', ( #3530 ) ) ;
#3530 = STYLED_ITEM ( 'NONE', ( #3531 ), #1472 ) ;
#3531 = PRESENTATION_STYLE_ASSIGNMENT (( #3533 ) ) ;
#3532 = EDGE_CURVE ( 'NONE', #3292, #3061, #3892, .T. ) ;
#3533 = SURFACE_STYLE_USAGE ( .BOTH. , #3534 ) ;
#3534 = SURFACE_SIDE_STYLE ('',( #3501 ) ) ;
#3535 = VERTEX_POINT ( 'NONE', #3886 ) ;
#3536 = ORIENTED_EDGE ( 'NONE', *, *, #2570, .F. ) ;
#3537 = CARTESIAN_POINT ( 'NONE',  ( -0.1694999999999999800, 0.07650000000000001200, -0.2141803043818490400 ) ) ;
#3538 = DIRECTION ( 'NONE',  ( 0.0000000000000000000, 1.084202172485567300E-015, -1.000000000000000000 ) ) ;
#3539 = DIRECTION ( 'NONE',  ( -1.000000000000000000, -0.0000000000000000000, -0.0000000000000000000 ) ) ;
#3540 =( NAMED_UNIT ( * ) SI_UNIT ( $, .STERADIAN. ) SOLID_ANGLE_UNIT ( ) );
#3541 = COLOUR_RGB ( '',0.7843137254901960700, 0.7843137254901960700, 0.8627450980392157300 ) ;
#3542 = CIRCLE ( 'NONE', #3507, 0.009999999999999419100 ) ;
#3543 = ORIENTED_EDGE ( 'NONE', *, *, #3532, .F. ) ;
#3544 = ORIENTED_EDGE ( 'NONE', *, *, #3070, .F. ) ;
#3545 = DIRECTION ( 'NONE',  ( 0.0000000000000000000, 0.05233595624294488200, 0.9986295347545737200 ) ) ;
#3546 = DIRECTION ( 'NONE',  ( 0.0000000000000000000, 0.9986295347545738300, -0.05233595624294488900 ) ) ;
#3547 = CARTESIAN_POINT ( 'NONE',  ( -0.1905000000000000000, 0.02409587666269690000, -0.2602963360557220000 ) ) ;
#3548 = LINE ( 'NONE', #3598, #3597 ) ;
#3549 =( GEOMETRIC_REPRESENTATION_CONTEXT ( 3 ) GLOBAL_UNCERTAINTY_ASSIGNED_CONTEXT ( ( #3550 ) ) GLOBAL_UNIT_ASSIGNED_CONTEXT ( ( #3553, #3552, #3551 ) ) REPRESENTATION_CONTEXT ( 'NONE', 'WORKASPACE' ) );
#3550 = UNCERTAINTY_MEASURE_WITH_UNIT (LENGTH_MEASURE( 1.000000000000000100E-005 ), #3553, 'distance_accuracy_value', 'NONE');
#3551 =( NAMED_UNIT ( * ) SI_UNIT ( $, .STERADIAN. ) SOLID_ANGLE_UNIT ( ) );
#3552 =( NAMED_UNIT ( * ) PLANE_ANGLE_UNIT ( ) SI_UNIT ( $, .RADIAN. ) );
#3553 =( LENGTH_UNIT ( ) NAMED_UNIT ( * ) SI_UNIT ( .CENTI., .METRE. ) );
#3554 = MECHANICAL_DESIGN_GEOMETRIC_PRESENTATION_REPRESENTATION (  '', ( #3556 ), #3549 ) ;
#3555 = PRESENTATION_LAYER_ASSIGNMENT (  '', '', ( #3556 ) ) ;
#3556 = STYLED_ITEM ( 'NONE', ( #3557 ), #1478 ) ;
#3557 = PRESENTATION_STYLE_ASSIGNMENT (( #3558 ) ) ;
#3558 = SURFACE_STYLE_USAGE ( .BOTH. , #3559 ) ;
#3559 = SURFACE_SIDE_STYLE ('',( #3560 ) ) ;
#3560 = SURFACE_STYLE_FILL_AREA ( #3561 ) ;
#3561 = FILL_AREA_STYLE ('',( #3572 ) ) ;
#3562 = VECTOR ( 'NONE', #3581, 100.0000000000000000 ) ;
#3563 = COLOUR_RGB ( '',0.7843137254901960700, 0.7843137254901960700, 0.8627450980392157300 ) ;
#3564 = AXIS2_PLACEMENT_3D ( 'NONE', #3608, #3607, #3606 ) ;
#3565 = DIRECTION ( 'NONE',  ( -1.000000000000000000, -0.0000000000000000000, -0.0000000000000000000 ) ) ;
#3566 = VECTOR ( 'NONE', #3565, 100.0000000000000000 ) ;
#3567 = CARTESIAN_POINT ( 'NONE',  ( 0.06350000000000000100, 0.02198492488229960400, -0.3005756955186720300 ) ) ;
#3568 = LINE ( 'NONE', #3567, #3566 ) ;
#3569 = PLANE ( 'NONE',  #3564 ) ;
#3570 = FACE_OUTER_BOUND ( 'NONE', #1465, .T. ) ;
#3571 = CARTESIAN_POINT ( 'NONE',  ( -0.2114999999999999700, 1.507511769915493900E-005, -0.2994243044813280600 ) ) ;
#3572 = FILL_AREA_STYLE_COLOUR ( '', #3563 ) ;
#3573 = CYLINDRICAL_SURFACE ( 'NONE', #3637, 0.03200000000000000100 ) ;
#3574 = SURFACE_SIDE_STYLE ('',( #3575 ) ) ;
#3575 = SURFACE_STYLE_FILL_AREA ( #3586 ) ;
#3576 = COLOUR_RGB ( '',0.7843137254901960700, 0.7843137254901960700, 0.8627450980392157300 ) ;
#3577 = DIRECTION ( 'NONE',  ( 1.000000000000000000, -0.0000000000000000000, 0.0000000000000000000 ) ) ;
#3578 = LINE ( 'NONE', #3622, #3618 ) ;
#3579 = FACE_OUTER_BOUND ( 'NONE', #1720, .T. ) ;
#3580 = FACE_OUTER_BOUND ( 'NONE', #2124, .T. ) ;
#3581 = DIRECTION ( 'NONE',  ( 1.000000000000000000, 0.0000000000000000000, 0.0000000000000000000 ) ) ;
#3582 = CARTESIAN_POINT ( 'NONE',  ( -0.1905000000000000000, 0.06650000000000000400, 0.2141803043818490400 ) ) ;
#3583 = AXIS2_PLACEMENT_3D ( 'NONE', #3654, #3616, #3651 ) ;
#3584 = CARTESIAN_POINT ( 'NONE',  ( 0.06350000000000000100, 0.02409587666269590000, -0.2602963360557220000 ) ) ;
#3585 = LINE ( 'NONE', #3584, #3593 ) ;
#3586 = FILL_AREA_STYLE ('',( #3587 ) ) ;
#3587 = FILL_AREA_STYLE_COLOUR ( '', #3576 ) ;
#3588 = CARTESIAN_POINT ( 'NONE',  ( -0.2115000000000000200, 0.002126026898095526400, -0.2591449450183773700 ) ) ;
#3589 = DIRECTION ( 'NONE',  ( 0.0000000000000000000, 0.9986295347545756100, -0.05233595624290972300 ) ) ;
#3590 = VECTOR ( 'NONE', #3589, 100.0000000000000100 ) ;
#3591 = CARTESIAN_POINT ( 'NONE',  ( -0.1695000000000000100, 1.507511769891856400E-005, -0.2994243044813280100 ) ) ;
#3592 = LINE ( 'NONE', #3591, #3590 ) ;
#3593 = VECTOR ( 'NONE', #3577, 100.0000000000000000 ) ;
#3594 = CARTESIAN_POINT ( 'NONE',  ( 0.04250000000000000300, 0.02198492488229960100, -0.3005756955186720300 ) ) ;
#3595 = FACE_OUTER_BOUND ( 'NONE', #2600, .T. ) ;
#3596 = DIRECTION ( 'NONE',  ( 0.0000000000000000000, 0.05233595624294479900, 0.9986295347545737200 ) ) ;
#3597 = VECTOR ( 'NONE', #3596, 100.0000000000000100 ) ;
#3598 = CARTESIAN_POINT ( 'NONE',  ( 0.08450000000000000600, 0.02198492488229960100, -0.3005756955186720300 ) ) ;
#3599 = CARTESIAN_POINT ( 'NONE',  ( -0.1694999999999999800, 1.507511769915720100E-005, -0.2994243044813280600 ) ) ;
#3600 = DIRECTION ( 'NONE',  ( 0.0000000000000000000, -0.05233595624294479900, -0.9986295347545737200 ) ) ;
#3601 = VECTOR ( 'NONE', #3600, 100.0000000000000100 ) ;
#3602 = CARTESIAN_POINT ( 'NONE',  ( -0.2115000000000000200, 0.02409587666269619900, -0.2602963360557220000 ) ) ;
#3603 = CARTESIAN_POINT ( 'NONE',  ( -0.1905000000000000000, 1.507511769963447700E-005, -0.2994243044813280600 ) ) ;
#3604 = LINE ( 'NONE', #3603, #3562 ) ;
#3605 = CARTESIAN_POINT ( 'NONE',  ( -0.1695000000000000100, 0.002126026898095526400, -0.2591449450183773700 ) ) ;
#3606 = DIRECTION ( 'NONE',  ( 0.0000000000000000000, 0.05233595624294488200, 0.9986295347545737200 ) ) ;
#3607 = DIRECTION ( 'NONE',  ( 0.0000000000000000000, 0.9986295347545738300, -0.05233595624294488900 ) ) ;
#3608 = CARTESIAN_POINT ( 'NONE',  ( 0.06350000000000000100, 0.02409587666269590000, -0.2602963360557220000 ) ) ;
#3609 = CARTESIAN_POINT ( 'NONE',  ( 0.08449999999999999200, 0.02198492488229955200, -0.3005756955186720300 ) ) ;
#3610 = LINE ( 'NONE', #3602, #3601 ) ;
#3611 = STYLED_ITEM ( 'NONE', ( #3612 ), #2122 ) ;
#3612 = PRESENTATION_STYLE_ASSIGNMENT (( #3613 ) ) ;
#3613 = SURFACE_STYLE_USAGE ( .BOTH. , #3614 ) ;
#3614 = SURFACE_SIDE_STYLE ('',( #3615 ) ) ;
#3615 = SURFACE_STYLE_FILL_AREA ( #3619 ) ;
#3616 = DIRECTION ( 'NONE',  ( 1.000000000000000000, 0.0000000000000000000, 0.0000000000000000000 ) ) ;
#3617 = DIRECTION ( 'NONE',  ( 0.0000000000000000000, -0.9986295347545756100, 0.05233595624290972300 ) ) ;
#3618 = VECTOR ( 'NONE', #3617, 100.0000000000000100 ) ;
#3619 = FILL_AREA_STYLE ('',( #3621 ) ) ;
#3620 = COLOUR_RGB ( '',0.7843137254901960700, 0.7843137254901960700, 0.8627450980392157300 ) ;
#3621 = FILL_AREA_STYLE_COLOUR ( '', #3620 ) ;
#3622 = CARTESIAN_POINT ( 'NONE',  ( -0.2115000000000000200, 0.02198492488229960100, -0.3005756955186720300 ) ) ;
#3623 = AXIS2_PLACEMENT_3D ( 'NONE', #3673, #3672, #3671 ) ;
#3624 = CYLINDRICAL_SURFACE ( 'NONE', #3583, 0.03199999999999952200 ) ;
#3625 = DIRECTION ( 'NONE',  ( 0.0000000000000000000, 0.0000000000000000000, -1.000000000000000000 ) ) ;
#3626 = DIRECTION ( 'NONE',  ( 1.000000000000000000, 0.0000000000000000000, 0.0000000000000000000 ) ) ;
#3627 =( GEOMETRIC_REPRESENTATION_CONTEXT ( 3 ) GLOBAL_UNCERTAINTY_ASSIGNED_CONTEXT ( ( #3628 ) ) GLOBAL_UNIT_ASSIGNED_CONTEXT ( ( #3631, #3630, #3629 ) ) REPRESENTATION_CONTEXT ( 'NONE', 'WORKASPACE' ) );
#3628 = UNCERTAINTY_MEASURE_WITH_UNIT (LENGTH_MEASURE( 1.000000000000000100E-005 ), #3631, 'distance_accuracy_value', 'NONE');
#3629 =( NAMED_UNIT ( * ) SI_UNIT ( $, .STERADIAN. ) SOLID_ANGLE_UNIT ( ) );
#3630 =( NAMED_UNIT ( * ) PLANE_ANGLE_UNIT ( ) SI_UNIT ( $, .RADIAN. ) );
#3631 =( LENGTH_UNIT ( ) NAMED_UNIT ( * ) SI_UNIT ( .CENTI., .METRE. ) );
#3632 = MECHANICAL_DESIGN_GEOMETRIC_PRESENTATION_REPRESENTATION (  '', ( #3634 ), #3627 ) ;
#3633 = PRESENTATION_LAYER_ASSIGNMENT (  '', '', ( #3634 ) ) ;
#3634 = STYLED_ITEM ( 'NONE', ( #3635 ), #2114 ) ;
#3635 = PRESENTATION_STYLE_ASSIGNMENT (( #3636 ) ) ;
#3636 = SURFACE_STYLE_USAGE ( .BOTH. , #3574 ) ;
#3637 = AXIS2_PLACEMENT_3D ( 'NONE', #3582, #3626, #3625 ) ;
#3638 = SURFACE_SIDE_STYLE ('',( #3639 ) ) ;
#3639 = SURFACE_STYLE_FILL_AREA ( #3646 ) ;
#3640 = PLANE ( 'NONE',  #3623 ) ;
#3641 = CARTESIAN_POINT ( 'NONE',  ( 0.04250000000000000300, 1.507511769881228900E-005, -0.2994243044813279500 ) ) ;
#3642 = DIRECTION ( 'NONE',  ( 1.000000000000000000, 0.0000000000000000000, 0.0000000000000000000 ) ) ;
#3643 = VECTOR ( 'NONE', #3642, 100.0000000000000000 ) ;
#3644 = CARTESIAN_POINT ( 'NONE',  ( 0.04250000000000000300, 0.02409587666269619900, -0.2602963360557220000 ) ) ;
#3645 = CARTESIAN_POINT ( 'NONE',  ( -0.1905000000000000000, 0.002126026898095469100, -0.2591449450183779800 ) ) ;
#3646 = FILL_AREA_STYLE ('',( #3655 ) ) ;
#3647 = DIRECTION ( 'NONE',  ( 0.0000000000000000000, 0.05233595624294479900, 0.9986295347545737200 ) ) ;
#3648 = VECTOR ( 'NONE', #3647, 100.0000000000000100 ) ;
#3649 = CARTESIAN_POINT ( 'NONE',  ( -0.2115000000000000200, 1.507511769891856400E-005, -0.2994243044813280100 ) ) ;
#3650 = LINE ( 'NONE', #3645, #3643 ) ;
#3651 = DIRECTION ( 'NONE',  ( 0.0000000000000000000, 0.0000000000000000000, -1.000000000000000000 ) ) ;
#3652 = LINE ( 'NONE', #3649, #3648 ) ;
#3653 = CARTESIAN_POINT ( 'NONE',  ( -0.1695000000000000100, 0.02989785810170713500, -0.2290944451523969600 ) ) ;
#3654 = CARTESIAN_POINT ( 'NONE',  ( -0.1905000000000000000, 0.03408217201024139900, -0.2608196956181509900 ) ) ;
#3655 = FILL_AREA_STYLE_COLOUR ( '', #3656 ) ;
#3656 = COLOUR_RGB ( '',0.7843137254901960700, 0.7843137254901960700, 0.8627450980392157300 ) ;
#3657 =( GEOMETRIC_REPRESENTATION_CONTEXT ( 3 ) GLOBAL_UNCERTAINTY_ASSIGNED_CONTEXT ( ( #3658 ) ) GLOBAL_UNIT_ASSIGNED_CONTEXT ( ( #3661, #3660, #3659 ) ) REPRESENTATION_CONTEXT ( 'NONE', 'WORKASPACE' ) );
#3658 = UNCERTAINTY_MEASURE_WITH_UNIT (LENGTH_MEASURE( 1.000000000000000100E-005 ), #3661, 'distance_accuracy_value', 'NONE');
#3659 =( NAMED_UNIT ( * ) SI_UNIT ( $, .STERADIAN. ) SOLID_ANGLE_UNIT ( ) );
#3660 =( NAMED_UNIT ( * ) PLANE_ANGLE_UNIT ( ) SI_UNIT ( $, .RADIAN. ) );
#3661 =( LENGTH_UNIT ( ) NAMED_UNIT ( * ) SI_UNIT ( .CENTI., .METRE. ) );
#3662 = MECHANICAL_DESIGN_GEOMETRIC_PRESENTATION_REPRESENTATION (  '', ( #3611 ), #3657 ) ;
#3663 = PRESENTATION_LAYER_ASSIGNMENT (  '', '', ( #3611 ) ) ;
#3664 = DIRECTION ( 'NONE',  ( 0.0000000000000000000, -0.9986295347545756100, 0.05233595624290972300 ) ) ;
#3665 = VECTOR ( 'NONE', #3664, 100.0000000000000100 ) ;
#3666 = DIRECTION ( 'NONE',  ( 0.0000000000000000000, -0.05233595624294479900, -0.9986295347545737200 ) ) ;
#3667 = VECTOR ( 'NONE', #3666, 100.0000000000000100 ) ;
#3668 = CARTESIAN_POINT ( 'NONE',  ( -0.1695000000000000100, 0.002126026898095518100, -0.2591449450183779800 ) ) ;
#3669 = CARTESIAN_POINT ( 'NONE',  ( 0.04250000000000000300, 0.02198492488229960100, -0.3005756955186720300 ) ) ;
#3670 = LINE ( 'NONE', #3669, #3665 ) ;
#3671 = DIRECTION ( 'NONE',  ( 0.0000000000000000000, -0.05233595624294488200, -0.9986295347545737200 ) ) ;
#3672 = DIRECTION ( 'NONE',  ( 0.0000000000000000000, -0.9986295347545738300, 0.05233595624294488900 ) ) ;
#3673 = CARTESIAN_POINT ( 'NONE',  ( -0.1905000000000000000, 0.002126026898096240200, -0.2591449450183779800 ) ) ;
#3674 = LINE ( 'NONE', #3668, #3667 ) ;
#3675 = PLANE ( 'NONE',  #3709 ) ;
#3676 =( GEOMETRIC_REPRESENTATION_CONTEXT ( 3 ) GLOBAL_UNCERTAINTY_ASSIGNED_CONTEXT ( ( #3677 ) ) GLOBAL_UNIT_ASSIGNED_CONTEXT ( ( #3680, #3679, #3678 ) ) REPRESENTATION_CONTEXT ( 'NONE', 'WORKASPACE' ) );
#3677 = UNCERTAINTY_MEASURE_WITH_UNIT (LENGTH_MEASURE( 1.000000000000000100E-005 ), #3680, 'distance_accuracy_value', 'NONE');
#3678 =( NAMED_UNIT ( * ) SI_UNIT ( $, .STERADIAN. ) SOLID_ANGLE_UNIT ( ) );
#3679 =( NAMED_UNIT ( * ) PLANE_ANGLE_UNIT ( ) SI_UNIT ( $, .RADIAN. ) );
#3680 =( LENGTH_UNIT ( ) NAMED_UNIT ( * ) SI_UNIT ( .CENTI., .METRE. ) );
#3681 = MECHANICAL_DESIGN_GEOMETRIC_PRESENTATION_REPRESENTATION (  '', ( #3683 ), #3676 ) ;
#3682 = PRESENTATION_LAYER_ASSIGNMENT (  '', '', ( #3683 ) ) ;
#3683 = STYLED_ITEM ( 'NONE', ( #3684 ), #2333 ) ;
#3684 = PRESENTATION_STYLE_ASSIGNMENT (( #3685 ) ) ;
#3685 = SURFACE_STYLE_USAGE ( .BOTH. , #3638 ) ;
#3686 = AXIS2_PLACEMENT_3D ( 'NONE', #3722, #3785, #3784 ) ;
#3687 =( GEOMETRIC_REPRESENTATION_CONTEXT ( 3 ) GLOBAL_UNCERTAINTY_ASSIGNED_CONTEXT ( ( #3689 ) ) GLOBAL_UNIT_ASSIGNED_CONTEXT ( ( #3693, #3692, #3691 ) ) REPRESENTATION_CONTEXT ( 'NONE', 'WORKASPACE' ) );
#3688 = ADVANCED_FACE ( 'NONE', ( #3888 ), #3897, .T. ) ;
#3689 = UNCERTAINTY_MEASURE_WITH_UNIT (LENGTH_MEASURE( 1.000000000000000100E-005 ), #3693, 'distance_accuracy_value', 'NONE');
#3690 = ORIENTED_EDGE ( 'NONE', *, *, #255, .T. ) ;
#3691 =( NAMED_UNIT ( * ) SI_UNIT ( $, .STERADIAN. ) SOLID_ANGLE_UNIT ( ) );
#3692 =( NAMED_UNIT ( * ) PLANE_ANGLE_UNIT ( ) SI_UNIT ( $, .RADIAN. ) );
#3693 =( LENGTH_UNIT ( ) NAMED_UNIT ( * ) SI_UNIT ( .CENTI., .METRE. ) );
#3694 = MECHANICAL_DESIGN_GEOMETRIC_PRESENTATION_REPRESENTATION (  '', ( #3696 ), #3687 ) ;
#3695 = PRESENTATION_LAYER_ASSIGNMENT (  '', '', ( #3696 ) ) ;
#3696 = STYLED_ITEM ( 'NONE', ( #3697 ), #2728 ) ;
#3697 = PRESENTATION_STYLE_ASSIGNMENT (( #3698 ) ) ;
#3698 = SURFACE_STYLE_USAGE ( .BOTH. , #3699 ) ;
#3699 = SURFACE_SIDE_STYLE ('',( #3700 ) ) ;
#3700 = SURFACE_STYLE_FILL_AREA ( #3707 ) ;
#3701 = VECTOR ( 'NONE', #3740, 100.0000000000000100 ) ;
#3702 = PLANE ( 'NONE',  #3686 ) ;
#3703 = FILL_AREA_STYLE_COLOUR ( '', #3710 ) ;
#3704 = FACE_OUTER_BOUND ( 'NONE', #2595, .T. ) ;
#3705 = SURFACE_SIDE_STYLE ('',( #3706 ) ) ;
#3706 = SURFACE_STYLE_FILL_AREA ( #3741 ) ;
#3707 = FILL_AREA_STYLE ('',( #3711 ) ) ;
#3708 = COLOUR_RGB ( '',0.7843137254901960700, 0.7843137254901960700, 0.8627450980392157300 ) ;
#3709 = AXIS2_PLACEMENT_3D ( 'NONE', #3745, #3743, #3742 ) ;
#3710 = COLOUR_RGB ( '',0.7843137254901960700, 0.7843137254901960700, 0.8627450980392157300 ) ;
#3711 = FILL_AREA_STYLE_COLOUR ( '', #3708 ) ;
#3712 = DIRECTION ( 'NONE',  ( -1.000000000000000000, 0.0000000000000000000, 0.0000000000000000000 ) ) ;
#3713 = VECTOR ( 'NONE', #3712, 100.0000000000000000 ) ;
#3714 = CARTESIAN_POINT ( 'NONE',  ( -0.1695000000000000100, 0.06780759809641698200, -0.2240944451523971800 ) ) ;
#3715 = CARTESIAN_POINT ( 'NONE',  ( -0.1905000000000000000, 0.06780759809641713500, -0.2240944451523972600 ) ) ;
#3716 = LINE ( 'NONE', #3715, #3713 ) ;
#3717 = CARTESIAN_POINT ( 'NONE',  ( -0.2115000000000000200, 0.02989785810170713500, -0.2290944451523969600 ) ) ;
#3718 = DIRECTION ( 'NONE',  ( 1.000000000000000000, 0.0000000000000000000, 0.0000000000000000000 ) ) ;
#3719 = VECTOR ( 'NONE', #3718, 100.0000000000000000 ) ;
#3720 = CARTESIAN_POINT ( 'NONE',  ( -0.1905000000000000000, 0.02989785810170679500, -0.2290944451523970200 ) ) ;
#3721 = LINE ( 'NONE', #3720, #3719 ) ;
#3722 = CARTESIAN_POINT ( 'NONE',  ( -0.1905000000000000000, 0.06780759809641709300, -0.2240944451523970100 ) ) ;
#3723 = CIRCLE ( 'NONE', #3780, 0.03199999999999952200 ) ;
#3724 =( GEOMETRIC_REPRESENTATION_CONTEXT ( 3 ) GLOBAL_UNCERTAINTY_ASSIGNED_CONTEXT ( ( #3725 ) ) GLOBAL_UNIT_ASSIGNED_CONTEXT ( ( #3729, #3727, #3726 ) ) REPRESENTATION_CONTEXT ( 'NONE', 'WORKASPACE' ) );
#3725 = UNCERTAINTY_MEASURE_WITH_UNIT (LENGTH_MEASURE( 1.000000000000000100E-005 ), #3729, 'distance_accuracy_value', 'NONE');
#3726 =( NAMED_UNIT ( * ) SI_UNIT ( $, .STERADIAN. ) SOLID_ANGLE_UNIT ( ) );
#3727 =( NAMED_UNIT ( * ) PLANE_ANGLE_UNIT ( ) SI_UNIT ( $, .RADIAN. ) );
#3728 = ORIENTED_EDGE ( 'NONE', *, *, #100, .F. ) ;
#3729 =( LENGTH_UNIT ( ) NAMED_UNIT ( * ) SI_UNIT ( .CENTI., .METRE. ) );
#3730 = ORIENTED_EDGE ( 'NONE', *, *, #225, .T. ) ;
#3731 = MECHANICAL_DESIGN_GEOMETRIC_PRESENTATION_REPRESENTATION (  '', ( #3733 ), #3724 ) ;
#3732 = PRESENTATION_LAYER_ASSIGNMENT (  '', '', ( #3733 ) ) ;
#3733 = STYLED_ITEM ( 'NONE', ( #3734 ), #2811 ) ;
#3734 = PRESENTATION_STYLE_ASSIGNMENT (( #3735 ) ) ;
#3735 = SURFACE_STYLE_USAGE ( .BOTH. , #3705 ) ;
#3736 = DIRECTION ( 'NONE',  ( 0.0000000000000000000, 0.9986295347545756100, -0.05233595624290972300 ) ) ;
#3737 = CARTESIAN_POINT ( 'NONE',  ( 0.08450000000000000600, 1.507511769891856400E-005, -0.2994243044813280100 ) ) ;
#3738 = LINE ( 'NONE', #3737, #3781 ) ;
#3739 = DIRECTION ( 'NONE',  ( 1.000000000000000000, 0.0000000000000000000, 0.0000000000000000000 ) ) ;
#3740 = DIRECTION ( 'NONE',  ( 0.0000000000000000000, -0.05233595624294479900, -0.9986295347545737200 ) ) ;
#3741 = FILL_AREA_STYLE ('',( #3703 ) ) ;
#3742 = DIRECTION ( 'NONE',  ( 0.0000000000000000000, -0.9986295347545756100, 0.05233595624291157600 ) ) ;
#3743 = DIRECTION ( 'NONE',  ( -0.0000000000000000000, 0.05233595624291157600, 0.9986295347545756100 ) ) ;
#3744 = EDGE_CURVE ( 'NONE', #3288, #30, #3887, .T. ) ;
#3745 = CARTESIAN_POINT ( 'NONE',  ( 0.06350000000000000100, 0.01099999999999999900, -0.2999999999999999900 ) ) ;
#3746 = LINE ( 'NONE', #3644, #3701 ) ;
#3747 = FACE_OUTER_BOUND ( 'NONE', #4048, .T. ) ;
#3748 = CARTESIAN_POINT ( 'NONE',  ( 0.08449999999999999200, 1.507511769881454900E-005, -0.2994243044813279500 ) ) ;
#3749 = DIRECTION ( 'NONE',  ( -1.000000000000000000, 0.0000000000000000000, 0.0000000000000000000 ) ) ;
#3750 = DIRECTION ( 'NONE',  ( 0.0000000000000000000, 0.9914140770548247600, 0.1307598096416862100 ) ) ;
#3751 = VECTOR ( 'NONE', #3750, 100.0000000000000100 ) ;
#3752 = CARTESIAN_POINT ( 'NONE',  ( -0.2115000000000000200, 0.02989785810170679900, -0.2290944451523970200 ) ) ;
#3753 = EDGE_LOOP ( 'NONE', ( #99, #226, #93, #95 ) ) ;
#3754 = ORIENTED_EDGE ( 'NONE', *, *, #234, .F. ) ;
#3755 = DIRECTION ( 'NONE',  ( 0.0000000000000000000, -2.168404344971012400E-015, 1.000000000000000000 ) ) ;
#3756 = DIRECTION ( 'NONE',  ( 0.0000000000000000000, 1.694065894508625900E-015, -1.000000000000000000 ) ) ;
#3757 = DIRECTION ( 'NONE',  ( -1.000000000000000000, -0.0000000000000000000, -0.0000000000000000000 ) ) ;
#3758 = ADVANCED_FACE ( 'NONE', ( #3883 ), #3922, .T. ) ;
#3759 = AXIS2_PLACEMENT_3D ( 'NONE', #3770, #3774, #3755 ) ;
#3760 = UNCERTAINTY_MEASURE_WITH_UNIT (LENGTH_MEASURE( 1.000000000000000100E-005 ), #4542, 'distance_accuracy_value', 'NONE');
#3761 = EDGE_LOOP ( 'NONE', ( #3690, #3728, #3754, #231 ) ) ;
#3762 = VERTEX_POINT ( 'NONE', #3910 ) ;
#3763 = DIRECTION ( 'NONE',  ( 0.0000000000000000000, -0.9914140770548247600, -0.1307598096416859300 ) ) ;
#3764 = DIRECTION ( 'NONE',  ( 0.0000000000000000000, 0.9914140770548246500, -0.1307598096416873200 ) ) ;
#3765 = VECTOR ( 'NONE', #3764, 100.0000000000000000 ) ;
#3766 = CARTESIAN_POINT ( 'NONE',  ( -0.2115000000000000200, 0.03277457391382429500, 0.2509055548476030200 ) ) ;
#3767 = LINE ( 'NONE', #3766, #3765 ) ;
#3768 = EDGE_CURVE ( 'NONE', #3066, #4100, #3947, .T. ) ;
#3769 = LINE ( 'NONE', #3752, #3751 ) ;
#3770 = CARTESIAN_POINT ( 'NONE',  ( -0.2115000000000000200, 0.06650000000000000400, -0.2141803043818490400 ) ) ;
#3771 = DIRECTION ( 'NONE',  ( 0.0000000000000000000, 0.0000000000000000000, -1.000000000000000000 ) ) ;
#3772 = DIRECTION ( 'NONE',  ( 0.0000000000000000000, 0.0000000000000000000, 1.000000000000000000 ) ) ;
#3773 = CIRCLE ( 'NONE', #3782, 0.03199999999999952200 ) ;
#3774 = DIRECTION ( 'NONE',  ( 1.000000000000000000, -0.0000000000000000000, -0.0000000000000000000 ) ) ;
#3775 = CARTESIAN_POINT ( 'NONE',  ( -0.2115000000000000200, 0.03408217201024139900, -0.2608196956181509900 ) ) ;
#3776 = DIRECTION ( 'NONE',  ( 1.000000000000000000, 0.0000000000000000000, 0.0000000000000000000 ) ) ;
#3777 = VECTOR ( 'NONE', #3776, 100.0000000000000000 ) ;
#3778 = CARTESIAN_POINT ( 'NONE',  ( -0.1905000000000000000, 0.07068431390853464900, 0.2459055548476033500 ) ) ;
#3779 = LINE ( 'NONE', #3778, #3777 ) ;
#3780 = AXIS2_PLACEMENT_3D ( 'NONE', #3783, #3739, #3771 ) ;
#3781 = VECTOR ( 'NONE', #3736, 100.0000000000000100 ) ;
#3782 = AXIS2_PLACEMENT_3D ( 'NONE', #3775, #3757, #3756 ) ;
#3783 = CARTESIAN_POINT ( 'NONE',  ( -0.1695000000000000100, 0.03408217201024139900, -0.2608196956181509900 ) ) ;
#3784 = DIRECTION ( 'NONE',  ( 0.0000000000000000000, -0.9914140770548247600, -0.1307598096416859300 ) ) ;
#3785 = DIRECTION ( 'NONE',  ( 0.0000000000000000000, -0.1307598096416859300, 0.9914140770548247600 ) ) ;
#3786 =( NAMED_UNIT ( * ) PLANE_ANGLE_UNIT ( ) SI_UNIT ( $, .RADIAN. ) );
#3787 =( LENGTH_UNIT ( ) NAMED_UNIT ( * ) SI_UNIT ( .CENTI., .METRE. ) );
#3788 = MECHANICAL_DESIGN_GEOMETRIC_PRESENTATION_REPRESENTATION (  '', ( #3790 ), #3846 ) ;
#3789 = PRESENTATION_LAYER_ASSIGNMENT (  '', '', ( #3790 ) ) ;
#3790 = STYLED_ITEM ( 'NONE', ( #3791 ), #3482 ) ;
#3791 = PRESENTATION_STYLE_ASSIGNMENT (( #3806 ) ) ;
#3792 = FACE_OUTER_BOUND ( 'NONE', #3286, .T. ) ;
#3793 = CARTESIAN_POINT ( 'NONE',  ( -0.1905000000000000000, 0.06650000000000000400, -0.2141803043818490400 ) ) ;
#3794 = FILL_AREA_STYLE_COLOUR ( '', #3808 ) ;
#3795 = AXIS2_PLACEMENT_3D ( 'NONE', #3865, #3826, #3858 ) ;
#3796 = FACE_OUTER_BOUND ( 'NONE', #3304, .T. ) ;
#3797 = VECTOR ( 'NONE', #3800, 100.0000000000000000 ) ;
#3798 = SURFACE_STYLE_FILL_AREA ( #3799 ) ;
#3799 = FILL_AREA_STYLE ('',( #3794 ) ) ;
#3800 = DIRECTION ( 'NONE',  ( 1.000000000000000000, -0.0000000000000000000, -0.0000000000000000000 ) ) ;
#3801 = CARTESIAN_POINT ( 'NONE',  ( -0.1905000000000000000, 0.03277457391382435100, 0.2509055548476033500 ) ) ;
#3802 = CYLINDRICAL_SURFACE ( 'NONE', #3817, 0.009999999999999982900 ) ;
#3803 = DIRECTION ( 'NONE',  ( 0.0000000000000000000, -0.9914140770548246500, 0.1307598096416873200 ) ) ;
#3804 = VECTOR ( 'NONE', #3803, 100.0000000000000000 ) ;
#3805 = CARTESIAN_POINT ( 'NONE',  ( -0.2115000000000000200, 0.07650000000000001200, -0.2141803043818490400 ) ) ;
#3806 = SURFACE_STYLE_USAGE ( .BOTH. , #3807 ) ;
#3807 = SURFACE_SIDE_STYLE ('',( #3798 ) ) ;
#3808 = COLOUR_RGB ( '',0.7843137254901960700, 0.7843137254901960700, 0.8627450980392157300 ) ;
#3809 = CARTESIAN_POINT ( 'NONE',  ( -0.1695000000000000100, 0.07068431390853459300, 0.2459055548476029600 ) ) ;
#3810 = LINE ( 'NONE', #3801, #3797 ) ;
#3811 = DIRECTION ( 'NONE',  ( 0.0000000000000000000, -0.9914140770548247600, -0.1307598096416862100 ) ) ;
#3812 = VECTOR ( 'NONE', #3811, 100.0000000000000100 ) ;
#3813 = CARTESIAN_POINT ( 'NONE',  ( -0.1695000000000000100, 0.06780759809641709300, -0.2240944451523970100 ) ) ;
#3814 = LINE ( 'NONE', #3813, #3812 ) ;
#3815 = LINE ( 'NONE', #3809, #3804 ) ;
#3816 = CARTESIAN_POINT ( 'NONE',  ( -0.1695000000000000100, 0.03277457391382445500, 0.2509055548476031300 ) ) ;
#3817 = AXIS2_PLACEMENT_3D ( 'NONE', #3793, #3845, #3844 ) ;
#3818 =( LENGTH_UNIT ( ) NAMED_UNIT ( * ) SI_UNIT ( .CENTI., .METRE. ) );
#3819 = MECHANICAL_DESIGN_GEOMETRIC_PRESENTATION_REPRESENTATION (  '', ( #3821 ), #3868 ) ;
#3820 = PRESENTATION_LAYER_ASSIGNMENT (  '', '', ( #3821 ) ) ;
#3821 = STYLED_ITEM ( 'NONE', ( #3822 ), #3516 ) ;
#3822 = PRESENTATION_STYLE_ASSIGNMENT (( #3823 ) ) ;
#3823 = SURFACE_STYLE_USAGE ( .BOTH. , #3824 ) ;
#3824 = SURFACE_SIDE_STYLE ('',( #3825 ) ) ;
#3825 = SURFACE_STYLE_FILL_AREA ( #3839 ) ;
#3826 = DIRECTION ( 'NONE',  ( -1.000000000000000000, 0.0000000000000000000, 0.0000000000000000000 ) ) ;
#3827 = FILL_AREA_STYLE_COLOUR ( '', #3828 ) ;
#3828 = COLOUR_RGB ( '',0.7843137254901960700, 0.7843137254901960700, 0.8627450980392157300 ) ;
#3829 = DIRECTION ( 'NONE',  ( -1.000000000000000000, -0.0000000000000000000, -0.0000000000000000000 ) ) ;
#3830 = VECTOR ( 'NONE', #3829, 100.0000000000000000 ) ;
#3831 = CARTESIAN_POINT ( 'NONE',  ( -0.1905000000000000000, 1.507511769963447700E-005, 0.2994243044813280600 ) ) ;
#3832 = CARTESIAN_POINT ( 'NONE',  ( -0.2115000000000000200, 0.07068431390853430200, 0.2459055548476031800 ) ) ;
#3833 = DIRECTION ( 'NONE',  ( 1.000000000000000000, 0.0000000000000000000, 0.0000000000000000000 ) ) ;
#3834 = CARTESIAN_POINT ( 'NONE',  ( 0.06350000000000000100, 0.07650000000000001200, -0.2141803043818490400 ) ) ;
#3835 = FILL_AREA_STYLE_COLOUR ( '', #3840 ) ;
#3836 = DIRECTION ( 'NONE',  ( 0.0000000000000000000, -0.9986295347545756100, -0.05233595624290972300 ) ) ;
#3837 = VECTOR ( 'NONE', #3836, 100.0000000000000100 ) ;
#3838 = LINE ( 'NONE', #3831, #3830 ) ;
#3839 = FILL_AREA_STYLE ('',( #3835 ) ) ;
#3840 = COLOUR_RGB ( '',0.7843137254901960700, 0.7843137254901960700, 0.8627450980392157300 ) ;
#3841 = LINE ( 'NONE', #3843, #3837 ) ;
#3842 = CYLINDRICAL_SURFACE ( 'NONE', #3795, 0.009999999999999419100 ) ;
#3843 = CARTESIAN_POINT ( 'NONE',  ( -0.1695000000000000100, 0.02198492488229960100, 0.3005756955186720300 ) ) ;
#3844 = DIRECTION ( 'NONE',  ( 0.0000000000000000000, 0.0000000000000000000, 1.000000000000000000 ) ) ;
#3845 = DIRECTION ( 'NONE',  ( -1.000000000000000000, 0.0000000000000000000, 0.0000000000000000000 ) ) ;
#3846 =( GEOMETRIC_REPRESENTATION_CONTEXT ( 3 ) GLOBAL_UNCERTAINTY_ASSIGNED_CONTEXT ( ( #3847 ) ) GLOBAL_UNIT_ASSIGNED_CONTEXT ( ( #3787, #3786, #3848 ) ) REPRESENTATION_CONTEXT ( 'NONE', 'WORKASPACE' ) );
#3847 = UNCERTAINTY_MEASURE_WITH_UNIT (LENGTH_MEASURE( 1.000000000000000100E-005 ), #3787, 'distance_accuracy_value', 'NONE');
#3848 =( NAMED_UNIT ( * ) SI_UNIT ( $, .STERADIAN. ) SOLID_ANGLE_UNIT ( ) );
#3849 = UNCERTAINTY_MEASURE_WITH_UNIT (LENGTH_MEASURE( 1.000000000000000100E-005 ), #3852, 'distance_accuracy_value', 'NONE');
#3850 =( NAMED_UNIT ( * ) SI_UNIT ( $, .STERADIAN. ) SOLID_ANGLE_UNIT ( ) );
#3851 =( NAMED_UNIT ( * ) PLANE_ANGLE_UNIT ( ) SI_UNIT ( $, .RADIAN. ) );
#3852 =( LENGTH_UNIT ( ) NAMED_UNIT ( * ) SI_UNIT ( .CENTI., .METRE. ) );
#3853 = MECHANICAL_DESIGN_GEOMETRIC_PRESENTATION_REPRESENTATION (  '', ( #3855 ), #3898 ) ;
#3854 = PRESENTATION_LAYER_ASSIGNMENT (  '', '', ( #3855 ) ) ;
#3855 = STYLED_ITEM ( 'NONE', ( #3856 ), #3519 ) ;
#3856 = PRESENTATION_STYLE_ASSIGNMENT (( #3859 ) ) ;
#3857 = FACE_OUTER_BOUND ( 'NONE', #3263, .T. ) ;
#3858 = DIRECTION ( 'NONE',  ( 0.0000000000000000000, 0.0000000000000000000, 1.000000000000000000 ) ) ;
#3859 = SURFACE_STYLE_USAGE ( .BOTH. , #3860 ) ;
#3860 = SURFACE_SIDE_STYLE ('',( #3861 ) ) ;
#3861 = SURFACE_STYLE_FILL_AREA ( #3866 ) ;
#3862 = PLANE ( 'NONE',  #3864 ) ;
#3863 = FILL_AREA_STYLE_COLOUR ( '', #3867 ) ;
#3864 = AXIS2_PLACEMENT_3D ( 'NONE', #3891, #3890, #3889 ) ;
#3865 = CARTESIAN_POINT ( 'NONE',  ( -0.1905000000000000000, 0.03408217201024139900, 0.2608196956181509900 ) ) ;
#3866 = FILL_AREA_STYLE ('',( #3863 ) ) ;
#3867 = COLOUR_RGB ( '',0.7843137254901960700, 0.7843137254901960700, 0.8627450980392157300 ) ;
#3868 =( GEOMETRIC_REPRESENTATION_CONTEXT ( 3 ) GLOBAL_UNCERTAINTY_ASSIGNED_CONTEXT ( ( #3869 ) ) GLOBAL_UNIT_ASSIGNED_CONTEXT ( ( #3818, #3871, #3870 ) ) REPRESENTATION_CONTEXT ( 'NONE', 'WORKASPACE' ) );
#3869 = UNCERTAINTY_MEASURE_WITH_UNIT (LENGTH_MEASURE( 1.000000000000000100E-005 ), #3818, 'distance_accuracy_value', 'NONE');
#3870 =( NAMED_UNIT ( * ) SI_UNIT ( $, .STERADIAN. ) SOLID_ANGLE_UNIT ( ) );
#3871 =( NAMED_UNIT ( * ) PLANE_ANGLE_UNIT ( ) SI_UNIT ( $, .RADIAN. ) );
#3872 = UNCERTAINTY_MEASURE_WITH_UNIT (LENGTH_MEASURE( 1.000000000000000100E-005 ), #3875, 'distance_accuracy_value', 'NONE');
#3873 =( NAMED_UNIT ( * ) SI_UNIT ( $, .STERADIAN. ) SOLID_ANGLE_UNIT ( ) );
#3874 =( NAMED_UNIT ( * ) PLANE_ANGLE_UNIT ( ) SI_UNIT ( $, .RADIAN. ) );
#3875 =( LENGTH_UNIT ( ) NAMED_UNIT ( * ) SI_UNIT ( .CENTI., .METRE. ) );
#3876 = MECHANICAL_DESIGN_GEOMETRIC_PRESENTATION_REPRESENTATION (  '', ( #3878 ), #3924 ) ;
#3877 = PRESENTATION_LAYER_ASSIGNMENT (  '', '', ( #3878 ) ) ;
#3878 = STYLED_ITEM ( 'NONE', ( #3879 ), #3688 ) ;
#3879 = PRESENTATION_STYLE_ASSIGNMENT (( #3880 ) ) ;
#3880 = SURFACE_STYLE_USAGE ( .BOTH. , #3881 ) ;
#3881 = SURFACE_SIDE_STYLE ('',( #3882 ) ) ;
#3882 = SURFACE_STYLE_FILL_AREA ( #3895 ) ;
#3883 = FACE_OUTER_BOUND ( 'NONE', #222, .T. ) ;
#3884 = VECTOR ( 'NONE', #3833, 100.0000000000000000 ) ;
#3885 = COLOUR_RGB ( '',0.7843137254901960700, 0.7843137254901960700, 0.8627450980392157300 ) ;
#3886 = CARTESIAN_POINT ( 'NONE',  ( -0.2115000000000000200, 0.03277457391382445500, 0.2509055548476031300 ) ) ;
#3887 = CIRCLE ( 'NONE', #3914, 0.009999999999999419100 ) ;
#3888 = FACE_OUTER_BOUND ( 'NONE', #3753, .T. ) ;
#3889 = DIRECTION ( 'NONE',  ( 0.0000000000000000000, -0.9914140770548247600, 0.1307598096416859300 ) ) ;
#3890 = DIRECTION ( 'NONE',  ( -0.0000000000000000000, 0.1307598096416859300, 0.9914140770548247600 ) ) ;
#3891 = CARTESIAN_POINT ( 'NONE',  ( -0.1905000000000000000, 0.07068431390853459300, 0.2459055548476029600 ) ) ;
#3892 = LINE ( 'NONE', #3834, #3884 ) ;
#3893 = CARTESIAN_POINT ( 'NONE',  ( -0.1695000000000000100, 0.07068431390853430200, 0.2459055548476031800 ) ) ;
#3894 = AXIS2_PLACEMENT_3D ( 'NONE', #3920, #3919, #3918 ) ;
#3895 = FILL_AREA_STYLE ('',( #3896 ) ) ;
#3896 = FILL_AREA_STYLE_COLOUR ( '', #3885 ) ;
#3897 = PLANE ( 'NONE',  #3894 ) ;
#3898 =( GEOMETRIC_REPRESENTATION_CONTEXT ( 3 ) GLOBAL_UNCERTAINTY_ASSIGNED_CONTEXT ( ( #3849 ) ) GLOBAL_UNIT_ASSIGNED_CONTEXT ( ( #3852, #3851, #3850 ) ) REPRESENTATION_CONTEXT ( 'NONE', 'WORKASPACE' ) );
#3899 =( GEOMETRIC_REPRESENTATION_CONTEXT ( 3 ) GLOBAL_UNCERTAINTY_ASSIGNED_CONTEXT ( ( #3900 ) ) GLOBAL_UNIT_ASSIGNED_CONTEXT ( ( #3903, #3902, #3901 ) ) REPRESENTATION_CONTEXT ( 'NONE', 'WORKASPACE' ) );
#3900 = UNCERTAINTY_MEASURE_WITH_UNIT (LENGTH_MEASURE( 1.000000000000000100E-005 ), #3903, 'distance_accuracy_value', 'NONE');
#3901 =( NAMED_UNIT ( * ) SI_UNIT ( $, .STERADIAN. ) SOLID_ANGLE_UNIT ( ) );
#3902 =( NAMED_UNIT ( * ) PLANE_ANGLE_UNIT ( ) SI_UNIT ( $, .RADIAN. ) );
#3903 =( LENGTH_UNIT ( ) NAMED_UNIT ( * ) SI_UNIT ( .CENTI., .METRE. ) );
#3904 = MECHANICAL_DESIGN_GEOMETRIC_PRESENTATION_REPRESENTATION (  '', ( #3906 ), #3899 ) ;
#3905 = PRESENTATION_LAYER_ASSIGNMENT (  '', '', ( #3906 ) ) ;
#3906 = STYLED_ITEM ( 'NONE', ( #3907 ), #3758 ) ;
#3907 = PRESENTATION_STYLE_ASSIGNMENT (( #3908 ) ) ;
#3908 = SURFACE_STYLE_USAGE ( .BOTH. , #3909 ) ;
#3909 = SURFACE_SIDE_STYLE ('',( #3916 ) ) ;
#3910 = CARTESIAN_POINT ( 'NONE',  ( -0.1694999999999999800, 0.02198492488229960100, 0.3005756955186720300 ) ) ;
#3911 = DIRECTION ( 'NONE',  ( 0.0000000000000000000, 0.0000000000000000000, 1.000000000000000000 ) ) ;
#3912 = DIRECTION ( 'NONE',  ( -1.000000000000000000, 0.0000000000000000000, 0.0000000000000000000 ) ) ;
#3913 = CARTESIAN_POINT ( 'NONE',  ( -0.1695000000000000100, 0.03408217201024139900, 0.2608196956181509900 ) ) ;
#3914 = AXIS2_PLACEMENT_3D ( 'NONE', #3913, #3912, #3911 ) ;
#3915 = LINE ( 'NONE', #3943, #3942 ) ;
#3916 = SURFACE_STYLE_FILL_AREA ( #3917 ) ;
#3917 = FILL_AREA_STYLE ('',( #3827 ) ) ;
#3918 = DIRECTION ( 'NONE',  ( 0.0000000000000000000, -0.9986295347545756100, -0.05233595624291157600 ) ) ;
#3919 = DIRECTION ( 'NONE',  ( 0.0000000000000000000, -0.05233595624291157600, 0.9986295347545756100 ) ) ;
#3920 = CARTESIAN_POINT ( 'NONE',  ( -0.1905000000000000000, 0.01099999999999999900, 0.2999999999999999900 ) ) ;
#3921 = EDGE_CURVE ( 'NONE', #4038, #889, #3915, .T. ) ;
#3922 = PLANE ( 'NONE',  #3923 ) ;
#3923 = AXIS2_PLACEMENT_3D ( 'NONE', #3950, #3949, #3948 ) ;
#3924 =( GEOMETRIC_REPRESENTATION_CONTEXT ( 3 ) GLOBAL_UNCERTAINTY_ASSIGNED_CONTEXT ( ( #3872 ) ) GLOBAL_UNIT_ASSIGNED_CONTEXT ( ( #3875, #3874, #3873 ) ) REPRESENTATION_CONTEXT ( 'NONE', 'WORKASPACE' ) );
#3925 = CARTESIAN_POINT ( 'NONE',  ( -0.04250000000000000300, 0.06650000000000000400, -0.2141803043818490400 ) ) ;
#3926 = DIRECTION ( 'NONE',  ( 0.0000000000000000000, 0.05233595624294479900, 0.9986295347545737200 ) ) ;
#3927 = VECTOR ( 'NONE', #3926, 100.0000000000000100 ) ;
#3928 = CARTESIAN_POINT ( 'NONE',  ( -0.08450000000000000600, 1.507511769891856400E-005, -0.2994243044813280100 ) ) ;
#3929 = COLOUR_RGB ( '',0.7843137254901960700, 0.7843137254901960700, 0.8627450980392157300 ) ;
#3930 = DIRECTION ( 'NONE',  ( 0.0000000000000000000, 1.694065894508625900E-015, 1.000000000000000000 ) ) ;
#3931 = DIRECTION ( 'NONE',  ( 1.000000000000000000, -0.0000000000000000000, -0.0000000000000000000 ) ) ;
#3932 = SURFACE_STYLE_FILL_AREA ( #3953 ) ;
#3933 = FILL_AREA_STYLE_COLOUR ( '', #3929 ) ;
#3934 = AXIS2_PLACEMENT_3D ( 'NONE', #3980, #3961, #3960 ) ;
#3935 = DIRECTION ( 'NONE',  ( -1.000000000000000000, 0.0000000000000000000, 0.0000000000000000000 ) ) ;
#3936 = DIRECTION ( 'NONE',  ( 1.000000000000000000, 0.0000000000000000000, 0.0000000000000000000 ) ) ;
#3937 = VECTOR ( 'NONE', #3936, 100.0000000000000000 ) ;
#3938 = CARTESIAN_POINT ( 'NONE',  ( -0.06350000000000000100, 0.06780759809641713500, 0.2240944451523972600 ) ) ;
#3939 = LINE ( 'NONE', #3938, #3937 ) ;
#3940 = AXIS2_PLACEMENT_3D ( 'NONE', #3925, #3935, #3977 ) ;
#3941 = DIRECTION ( 'NONE',  ( 0.0000000000000000000, 0.9986295347545756100, -0.05233595624290972300 ) ) ;
#3942 = VECTOR ( 'NONE', #3941, 100.0000000000000100 ) ;
#3943 = CARTESIAN_POINT ( 'NONE',  ( -0.04250000000000000300, 1.507511769891856400E-005, -0.2994243044813280100 ) ) ;
#3944 = DIRECTION ( 'NONE',  ( -1.000000000000000000, -0.0000000000000000000, -0.0000000000000000000 ) ) ;
#3945 = VECTOR ( 'NONE', #3944, 100.0000000000000000 ) ;
#3946 = CARTESIAN_POINT ( 'NONE',  ( 0.06350000000000000100, 0.07650000000000001200, 0.2141803043818490400 ) ) ;
#3947 = LINE ( 'NONE', #3946, #3945 ) ;
#3948 = DIRECTION ( 'NONE',  ( 0.0000000000000000000, 0.9914140770548247600, -0.1307598096416859300 ) ) ;
#3949 = DIRECTION ( 'NONE',  ( 0.0000000000000000000, -0.1307598096416859300, -0.9914140770548247600 ) ) ;
#3950 = CARTESIAN_POINT ( 'NONE',  ( -0.1905000000000000000, 0.06780759809641709300, 0.2240944451523970100 ) ) ;
#3951 = CARTESIAN_POINT ( 'NONE',  ( -0.04250000000000000300, 0.03408217201024139900, 0.2608196956181509900 ) ) ;
#3952 = LINE ( 'NONE', #3928, #3927 ) ;
#3953 = FILL_AREA_STYLE ('',( #3933 ) ) ;
#3954 = CIRCLE ( 'NONE', #3956, 0.03199999999999952200 ) ;
#3955 = CIRCLE ( 'NONE', #3940, 0.009999999999999982900 ) ;
#3956 = AXIS2_PLACEMENT_3D ( 'NONE', #3951, #3931, #3930 ) ;
#3957 = CARTESIAN_POINT ( 'NONE',  ( -0.06350000000000000100, 0.06780759809641709300, -0.2240944451523970100 ) ) ;
#3958 = EDGE_CURVE ( 'NONE', #4117, #4118, #3939, .T. ) ;
#3959 = CARTESIAN_POINT ( 'NONE',  ( 0.06350000000000000100, 0.07650000000000001200, -0.2141803043818490400 ) ) ;
#3960 = DIRECTION ( 'NONE',  ( 0.0000000000000000000, 0.0000000000000000000, 1.000000000000000000 ) ) ;
#3961 = DIRECTION ( 'NONE',  ( -1.000000000000000000, 0.0000000000000000000, 0.0000000000000000000 ) ) ;
#3962 = EDGE_CURVE ( 'NONE', #336, #315, #3954, .T. ) ;
#3963 =( GEOMETRIC_REPRESENTATION_CONTEXT ( 3 ) GLOBAL_UNCERTAINTY_ASSIGNED_CONTEXT ( ( #3964 ) ) GLOBAL_UNIT_ASSIGNED_CONTEXT ( ( #3967, #3966, #3965 ) ) REPRESENTATION_CONTEXT ( 'NONE', 'WORKASPACE' ) );
#3964 = UNCERTAINTY_MEASURE_WITH_UNIT (LENGTH_MEASURE( 1.000000000000000100E-005 ), #3967, 'distance_accuracy_value', 'NONE');
#3965 =( NAMED_UNIT ( * ) SI_UNIT ( $, .STERADIAN. ) SOLID_ANGLE_UNIT ( ) );
#3966 =( NAMED_UNIT ( * ) PLANE_ANGLE_UNIT ( ) SI_UNIT ( $, .RADIAN. ) );
#3967 =( LENGTH_UNIT ( ) NAMED_UNIT ( * ) SI_UNIT ( .CENTI., .METRE. ) );
#3968 = MECHANICAL_DESIGN_GEOMETRIC_PRESENTATION_REPRESENTATION (  '', ( #3970 ), #3963 ) ;
#3969 = PRESENTATION_LAYER_ASSIGNMENT (  '', '', ( #3970 ) ) ;
#3970 = STYLED_ITEM ( 'NONE', ( #3971 ), #3985 ) ;
#3971 = PRESENTATION_STYLE_ASSIGNMENT (( #3972 ) ) ;
#3972 = SURFACE_STYLE_USAGE ( .BOTH. , #3973 ) ;
#3973 = SURFACE_SIDE_STYLE ('',( #3932 ) ) ;
#3974 = CARTESIAN_POINT ( 'NONE',  ( -0.04250000000000000300, 0.07650000000000001200, -0.2141803043818490400 ) ) ;
#3975 = LINE ( 'NONE', #3959, #4053 ) ;
#3976 = FACE_OUTER_BOUND ( 'NONE', #375, .T. ) ;
#3977 = DIRECTION ( 'NONE',  ( 0.0000000000000000000, 0.0000000000000000000, 1.000000000000000000 ) ) ;
#3978 = CYLINDRICAL_SURFACE ( 'NONE', #3934, 0.009999999999999982900 ) ;
#3979 = CARTESIAN_POINT ( 'NONE',  ( -0.08450000000000000600, 0.07650000000000001200, -0.2141803043818490400 ) ) ;
#3980 = CARTESIAN_POINT ( 'NONE',  ( -0.06350000000000000100, 0.06650000000000000400, -0.2141803043818490400 ) ) ;
#3981 = EDGE_CURVE ( 'NONE', #4044, #3999, #3952, .T. ) ;
#3982 = UNCERTAINTY_MEASURE_WITH_UNIT (LENGTH_MEASURE( 1.000000000000000100E-005 ), #3994, 'distance_accuracy_value', 'NONE');
#3983 = EDGE_CURVE ( 'NONE', #3991, #349, #3955, .T. ) ;
#3984 =( NAMED_UNIT ( * ) SI_UNIT ( $, .STERADIAN. ) SOLID_ANGLE_UNIT ( ) );
#3985 = ADVANCED_FACE ( 'NONE', ( #3976 ), #3978, .F. ) ;
#3986 = ORIENTED_EDGE ( 'NONE', *, *, #3988, .F. ) ;
#3987 = ORIENTED_EDGE ( 'NONE', *, *, #3983, .F. ) ;
#3988 = EDGE_CURVE ( 'NONE', #4006, #3991, #3975, .T. ) ;
#3989 =( NAMED_UNIT ( * ) PLANE_ANGLE_UNIT ( ) SI_UNIT ( $, .RADIAN. ) );
#3990 = ORIENTED_EDGE ( 'NONE', *, *, #2554, .F. ) ;
#3991 = VERTEX_POINT ( 'NONE', #3974 ) ;
#3992 = EDGE_CURVE ( 'NONE', #354, #4019, #4050, .T. ) ;
#3993 = EDGE_CURVE ( 'NONE', #349, #4019, #4045, .T. ) ;
#3994 =( LENGTH_UNIT ( ) NAMED_UNIT ( * ) SI_UNIT ( .CENTI., .METRE. ) );
#3995 = VERTEX_POINT ( 'NONE', #4036 ) ;
#3996 = ORIENTED_EDGE ( 'NONE', *, *, #356, .T. ) ;
#3997 = MECHANICAL_DESIGN_GEOMETRIC_PRESENTATION_REPRESENTATION (  '', ( #4000 ), #3296 ) ;
#3999 = VERTEX_POINT ( 'NONE', #4047 ) ;
#3998 = PRESENTATION_LAYER_ASSIGNMENT (  '', '', ( #4000 ) ) ;
#4000 = STYLED_ITEM ( 'NONE', ( #4002 ), #4016 ) ;
#4001 = ORIENTED_EDGE ( 'NONE', *, *, #378, .T. ) ;
#4002 = PRESENTATION_STYLE_ASSIGNMENT (( #4004 ) ) ;
#4003 = ORIENTED_EDGE ( 'NONE', *, *, #353, .F. ) ;
#4004 = SURFACE_STYLE_USAGE ( .BOTH. , #4005 ) ;
#4005 = SURFACE_SIDE_STYLE ('',( #4007 ) ) ;
#4006 = VERTEX_POINT ( 'NONE', #3979 ) ;
#4007 = SURFACE_STYLE_FILL_AREA ( #4017 ) ;
#4009 = ORIENTED_EDGE ( 'NONE', *, *, #4012, .F. ) ;
#4008 = AXIS2_PLACEMENT_3D ( 'NONE', #3957, #4051, #3763 ) ;
#4010 = ORIENTED_EDGE ( 'NONE', *, *, #372, .F. ) ;
#4011 =( GEOMETRIC_REPRESENTATION_CONTEXT ( 3 ) GLOBAL_UNCERTAINTY_ASSIGNED_CONTEXT ( ( #3760 ) ) GLOBAL_UNIT_ASSIGNED_CONTEXT ( ( #4542, #4538, #3540 ) ) REPRESENTATION_CONTEXT ( 'NONE', 'WORKASPACE' ) );
#4012 = EDGE_CURVE ( 'NONE', #349, #352, #4022, .T. ) ;
#4013 = DIRECTION ( 'NONE',  ( 0.0000000000000000000, -0.9914140770548247600, -0.1307598096416862100 ) ) ;
#4014 = VECTOR ( 'NONE', #4013, 100.0000000000000100 ) ;
#4015 = CARTESIAN_POINT ( 'NONE',  ( -0.04250000000000000300, 0.06780759809641709300, -0.2240944451523970100 ) ) ;
#4016 = ADVANCED_FACE ( 'NONE', ( #4026 ), #4027, .T. ) ;
#4017 = FILL_AREA_STYLE ('',( #4018 ) ) ;
#4018 = FILL_AREA_STYLE_COLOUR ( '', #4020 ) ;
#4019 = VERTEX_POINT ( 'NONE', #4122 ) ;
#4020 = COLOUR_RGB ( '',0.7843137254901960700, 0.7843137254901960700, 0.8627450980392157300 ) ;
#4021 = ORIENTED_EDGE ( 'NONE', *, *, #3992, .F. ) ;
#4022 = LINE ( 'NONE', #4015, #4014 ) ;
#4023 = ORIENTED_EDGE ( 'NONE', *, *, #3993, .T. ) ;
#4024 = EDGE_LOOP ( 'NONE', ( #371, #370, #4029, #4010 ) ) ;
#4025 = ORIENTED_EDGE ( 'NONE', *, *, #3981, .F. ) ;
#4026 = FACE_OUTER_BOUND ( 'NONE', #351, .T. ) ;
#4027 = PLANE ( 'NONE',  #4008 ) ;
#4028 = EDGE_LOOP ( 'NONE', ( #374, #4025, #3996, #382 ) ) ;
#4029 = ORIENTED_EDGE ( 'NONE', *, *, #367, .T. ) ;
#4030 = DIRECTION ( 'NONE',  ( -1.000000000000000000, 0.0000000000000000000, 0.0000000000000000000 ) ) ;
#4032 = EDGE_CURVE ( 'NONE', #380, #4038, #4102, .T. ) ;
#4031 = VECTOR ( 'NONE', #4030, 100.0000000000000000 ) ;
#4033 = CARTESIAN_POINT ( 'NONE',  ( -0.06350000000000000100, 0.06780759809641713500, -0.2240944451523972600 ) ) ;
#4034 = VERTEX_POINT ( 'NONE', #4104 ) ;
#4035 = ORIENTED_EDGE ( 'NONE', *, *, #131, .F. ) ;
#4036 = CARTESIAN_POINT ( 'NONE',  ( -0.1695000000000000100, 0.07068431390853430200, -0.2459055548476031800 ) ) ;
#4037 = ORIENTED_EDGE ( 'NONE', *, *, #502, .F. ) ;
#4038 = VERTEX_POINT ( 'NONE', #4115 ) ;
#4039 = EDGE_CURVE ( 'NONE', #98, #4044, #4088, .T. ) ;
#4040 = ORIENTED_EDGE ( 'NONE', *, *, #3921, .F. ) ;
#4041 = DIRECTION ( 'NONE',  ( 0.0000000000000000000, 0.9914140770548247600, 0.1307598096416862100 ) ) ;
#4042 = ORIENTED_EDGE ( 'NONE', *, *, #4039, .F. ) ;
#4043 = VECTOR ( 'NONE', #4041, 100.0000000000000100 ) ;
#4044 = VERTEX_POINT ( 'NONE', #4113 ) ;
#4045 = LINE ( 'NONE', #4033, #4031 ) ;
#4046 = UNCERTAINTY_MEASURE_WITH_UNIT (LENGTH_MEASURE( 1.000000000000000100E-005 ), #1414, 'distance_accuracy_value', 'NONE');
#4047 = CARTESIAN_POINT ( 'NONE',  ( -0.08450000000000000600, 0.002126026898095526400, -0.2591449450183773700 ) ) ;
#4048 = EDGE_LOOP ( 'NONE', ( #383, #1025, #1499, #1503 ) ) ;
#4049 = CARTESIAN_POINT ( 'NONE',  ( -0.08450000000000000600, 0.02989785810170679900, -0.2290944451523970200 ) ) ;
#4050 = LINE ( 'NONE', #4049, #4043 ) ;
#4051 = DIRECTION ( 'NONE',  ( 0.0000000000000000000, -0.1307598096416859300, 0.9914140770548247600 ) ) ;
#4052 = DIRECTION ( 'NONE',  ( 1.000000000000000000, 0.0000000000000000000, 0.0000000000000000000 ) ) ;
#4053 = VECTOR ( 'NONE', #4052, 100.0000000000000000 ) ;
#4054 = LINE ( 'NONE', #4191, #4190 ) ;
#4055 = ORIENTED_EDGE ( 'NONE', *, *, #335, .T. ) ;
#4056 = COLOUR_RGB ( '',0.7843137254901960700, 0.7843137254901960700, 0.8627450980392157300 ) ;
#4057 = EDGE_LOOP ( 'NONE', ( #4156, #4175, #4161, #4165 ) ) ;
#4058 = DIRECTION ( 'NONE',  ( -1.000000000000000000, 0.0000000000000000000, 0.0000000000000000000 ) ) ;
#4059 = VECTOR ( 'NONE', #4058, 100.0000000000000000 ) ;
#4060 = EDGE_CURVE ( 'NONE', #4118, #3066, #4107, .T. ) ;
#4061 = CARTESIAN_POINT ( 'NONE',  ( 0.06350000000000000100, 0.002126026898095469100, 0.2591449450183779800 ) ) ;
#4063 = EDGE_CURVE ( 'NONE', #4192, #4193, #4062, .T. ) ;
#4062 = LINE ( 'NONE', #4061, #4059 ) ;
#4064 = CARTESIAN_POINT ( 'NONE',  ( 0.08450000000000000600, 0.03277457391382445500, 0.2509055548476031300 ) ) ;
#4065 = VERTEX_POINT ( 'NONE', #4081 ) ;
#4066 = CARTESIAN_POINT ( 'NONE',  ( 0.04250000000000000300, 0.07068431390853430200, 0.2459055548476031800 ) ) ;
#4067 = EDGE_CURVE ( 'NONE', #4069, #4079, #4054, .T. ) ;
#4068 = ORIENTED_EDGE ( 'NONE', *, *, #4140, .F. ) ;
#4069 = VERTEX_POINT ( 'NONE', #4066 ) ;
#4070 = ORIENTED_EDGE ( 'NONE', *, *, #3958, .F. ) ;
#4071 = DIRECTION ( 'NONE',  ( 0.0000000000000000000, -2.168404344971012400E-015, -1.000000000000000000 ) ) ;
#4072 = EDGE_LOOP ( 'NONE', ( #4091, #4189, #4187, #4183 ) ) ;
#4073 = DIRECTION ( 'NONE',  ( -1.000000000000000000, -0.0000000000000000000, -0.0000000000000000000 ) ) ;
#4075 = VERTEX_POINT ( 'NONE', #4064 ) ;
#4074 = CARTESIAN_POINT ( 'NONE',  ( -0.04250000000000000300, 0.06650000000000000400, 0.2141803043818490400 ) ) ;
#4076 = AXIS2_PLACEMENT_3D ( 'NONE', #4074, #4073, #4071 ) ;
#4077 = EDGE_LOOP ( 'NONE', ( #4080, #4087, #4085, #4173 ) ) ;
#4078 = ADVANCED_FACE ( 'NONE', ( #4184 ), #4174, .T. ) ;
#4079 = VERTEX_POINT ( 'NONE', #4194 ) ;
#4080 = ORIENTED_EDGE ( 'NONE', *, *, #4067, .F. ) ;
#4081 = CARTESIAN_POINT ( 'NONE',  ( 0.08450000000000000600, 0.02409587666269656000, 0.2602963360557218300 ) ) ;
#4082 = EDGE_CURVE ( 'NONE', #4093, #4069, #4177, .T. ) ;
#4083 = DIRECTION ( 'NONE',  ( 0.0000000000000000000, -0.9986295347545756100, 0.05233595624290972300 ) ) ;
#4085 = ORIENTED_EDGE ( 'NONE', *, *, #4089, .T. ) ;
#4084 = VECTOR ( 'NONE', #4083, 100.0000000000000100 ) ;
#4086 = CARTESIAN_POINT ( 'NONE',  ( -0.08450000000000000600, 0.02198492488229960100, -0.3005756955186720300 ) ) ;
#4087 = ORIENTED_EDGE ( 'NONE', *, *, #4082, .F. ) ;
#4088 = LINE ( 'NONE', #4086, #4084 ) ;
#4089 = EDGE_CURVE ( 'NONE', #4093, #4075, #4142, .T. ) ;
#4090 = AXIS2_PLACEMENT_3D ( 'NONE', #4119, #4133, #4131 ) ;
#4091 = ORIENTED_EDGE ( 'NONE', *, *, #4185, .F. ) ;
#4092 = VERTEX_POINT ( 'NONE', #4179 ) ;
#4093 = VERTEX_POINT ( 'NONE', #4261 ) ;
#4094 = ORIENTED_EDGE ( 'NONE', *, *, #4121, .F. ) ;
#4095 = ORIENTED_EDGE ( 'NONE', *, *, #4109, .F. ) ;
#4096 = ORIENTED_EDGE ( 'NONE', *, *, #333, .T. ) ;
#4097 = ORIENTED_EDGE ( 'NONE', *, *, #4116, .F. ) ;
#4098 = DIRECTION ( 'NONE',  ( 0.0000000000000000000, -0.05233595624294479900, -0.9986295347545737200 ) ) ;
#4100 = VERTEX_POINT ( 'NONE', #4254 ) ;
#4099 = VECTOR ( 'NONE', #4098, 100.0000000000000100 ) ;
#4101 = CARTESIAN_POINT ( 'NONE',  ( -0.04250000000000000300, 0.002126026898095518100, -0.2591449450183779800 ) ) ;
#4102 = LINE ( 'NONE', #4101, #4099 ) ;
#4103 = ADVANCED_FACE ( 'NONE', ( #4186 ), #4138, .F. ) ;
#4104 = CARTESIAN_POINT ( 'NONE',  ( -0.2115000000000000200, 0.06780759809641698200, -0.2240944451523971800 ) ) ;
#4105 = ORIENTED_EDGE ( 'NONE', *, *, #3768, .F. ) ;
#4106 = ORIENTED_EDGE ( 'NONE', *, *, #346, .T. ) ;
#4107 = CIRCLE ( 'NONE', #4076, 0.009999999999999982900 ) ;
#4108 = ORIENTED_EDGE ( 'NONE', *, *, #3962, .F. ) ;
#4109 = EDGE_CURVE ( 'NONE', #4117, #314, #4197, .T. ) ;
#4110 = SURFACE_SIDE_STYLE ('',( #4112 ) ) ;
#4111 = ORIENTED_EDGE ( 'NONE', *, *, #4126, .F. ) ;
#4112 = SURFACE_STYLE_FILL_AREA ( #4181 ) ;
#4114 = ORIENTED_EDGE ( 'NONE', *, *, #3958, .T. ) ;
#4113 = CARTESIAN_POINT ( 'NONE',  ( -0.08449999999999999200, 1.507511769881228900E-005, -0.2994243044813279500 ) ) ;
#4115 = CARTESIAN_POINT ( 'NONE',  ( -0.04250000000000000300, 1.507511769881454900E-005, -0.2994243044813279500 ) ) ;
#4116 = EDGE_CURVE ( 'NONE', #4100, #4117, #4315, .T. ) ;
#4117 = VERTEX_POINT ( 'NONE', #4198 ) ;
#4118 = VERTEX_POINT ( 'NONE', #4317 ) ;
#4119 = CARTESIAN_POINT ( 'NONE',  ( 0.06350000000000000100, 0.07068431390853459300, 0.2459055548476029600 ) ) ;
#4120 = ADVANCED_FACE ( 'NONE', ( #4298 ), #4246, .T. ) ;
#4121 = EDGE_CURVE ( 'NONE', #315, #4118, #4391, .T. ) ;
#4122 = CARTESIAN_POINT ( 'NONE',  ( -0.08450000000000000600, 0.06780759809641698200, -0.2240944451523971800 ) ) ;
#4123 = ADVANCED_FACE ( 'NONE', ( #4398 ), #4323, .T. ) ;
#4124 = EDGE_CURVE ( 'NONE', #337, #344, #4467, .T. ) ;
#4125 = ORIENTED_EDGE ( 'NONE', *, *, #338, .F. ) ;
#4126 = EDGE_CURVE ( 'NONE', #314, #337, #4339, .T. ) ;
#4127 = FILL_AREA_STYLE ('',( #4129 ) ) ;
#4128 = ADVANCED_FACE ( 'NONE', ( #4440 ), #4446, .T. ) ;
#4129 = FILL_AREA_STYLE_COLOUR ( '', #4135 ) ;
#4130 = ORIENTED_EDGE ( 'NONE', *, *, #4150, .F. ) ;
#4131 = DIRECTION ( 'NONE',  ( 0.0000000000000000000, -0.9914140770548247600, 0.1307598096416859300 ) ) ;
#4132 = VERTEX_POINT ( 'NONE', #4524 ) ;
#4133 = DIRECTION ( 'NONE',  ( -0.0000000000000000000, 0.1307598096416859300, 0.9914140770548247600 ) ) ;
#4134 = VERTEX_POINT ( 'NONE', #4529 ) ;
#4135 = COLOUR_RGB ( '',0.7843137254901960700, 0.7843137254901960700, 0.8627450980392157300 ) ;
#4136 = ADVANCED_FACE ( 'NONE', ( #4521 ), #4453, .T. ) ;
#4137 = VERTEX_POINT ( 'NONE', #4523 ) ;
#4138 = CYLINDRICAL_SURFACE ( 'NONE', #4329, 0.009999999999999982900 ) ;
#4139 = EDGE_CURVE ( 'NONE', #4158, #4168, #4605, .T. ) ;
#4140 = EDGE_CURVE ( 'NONE', #4168, #4137, #4519, .T. ) ;
#4141 = CARTESIAN_POINT ( 'NONE',  ( 0.06350000000000000100, 0.03277457391382435100, 0.2509055548476033500 ) ) ;
#4143 = EDGE_CURVE ( 'NONE', #4137, #4152, #4589, .T. ) ;
#4142 = LINE ( 'NONE', #4141, #4256 ) ;
#4144 = ORIENTED_EDGE ( 'NONE', *, *, #4160, .T. ) ;
#4145 = ORIENTED_EDGE ( 'NONE', *, *, #4139, .F. ) ;
#4146 = EDGE_CURVE ( 'NONE', #4193, #4137, #4400, .T. ) ;
#4147 =( GEOMETRIC_REPRESENTATION_CONTEXT ( 3 ) GLOBAL_UNCERTAINTY_ASSIGNED_CONTEXT ( ( #4153 ) ) GLOBAL_UNIT_ASSIGNED_CONTEXT ( ( #4163, #4159, #4155 ) ) REPRESENTATION_CONTEXT ( 'NONE', 'WORKASPACE' ) );
#4148 = ORIENTED_EDGE ( 'NONE', *, *, #4143, .F. ) ;
#4149 = EDGE_LOOP ( 'NONE', ( #4130, #4221, #4251, #4223 ) ) ;
#4150 = EDGE_CURVE ( 'NONE', #4132, #4134, #4564, .T. ) ;
#4151 = ADVANCED_FACE ( 'NONE', ( #4568 ), #4639, .T. ) ;
#4152 = VERTEX_POINT ( 'NONE', #4627 ) ;
#4153 = UNCERTAINTY_MEASURE_WITH_UNIT (LENGTH_MEASURE( 1.000000000000000100E-005 ), #4163, 'distance_accuracy_value', 'NONE');
#4154 = ADVANCED_FACE ( 'NONE', ( #4626 ), #4637, .T. ) ;
#4155 =( NAMED_UNIT ( * ) SI_UNIT ( $, .STERADIAN. ) SOLID_ANGLE_UNIT ( ) );
#4156 = ORIENTED_EDGE ( 'NONE', *, *, #4195, .T. ) ;
#4157 = EDGE_LOOP ( 'NONE', ( #4068, #4145, #4144, #4148 ) ) ;
#4158 = VERTEX_POINT ( 'NONE', #4625 ) ;
#4159 =( NAMED_UNIT ( * ) PLANE_ANGLE_UNIT ( ) SI_UNIT ( $, .RADIAN. ) );
#4160 = EDGE_CURVE ( 'NONE', #4158, #4152, #4675, .T. ) ;
#4161 = ORIENTED_EDGE ( 'NONE', *, *, #4160, .F. ) ;
#4162 = EDGE_CURVE ( 'NONE', #4065, #4158, #4673, .T. ) ;
#4163 =( LENGTH_UNIT ( ) NAMED_UNIT ( * ) SI_UNIT ( .CENTI., .METRE. ) );
#4164 = EDGE_LOOP ( 'NONE', ( #4247, #4252, #4250, #4255 ) ) ;
#4165 = ORIENTED_EDGE ( 'NONE', *, *, #4162, .F. ) ;
#4166 = MECHANICAL_DESIGN_GEOMETRIC_PRESENTATION_REPRESENTATION (  '', ( #4169 ), #4147 ) ;
#4168 = VERTEX_POINT ( 'NONE', #4624 ) ;
#4167 = PRESENTATION_LAYER_ASSIGNMENT (  '', '', ( #4169 ) ) ;
#4169 = STYLED_ITEM ( 'NONE', ( #4171 ), #4078 ) ;
#4170 = EDGE_CURVE ( 'NONE', #4079, #4075, #4665, .T. ) ;
#4171 = PRESENTATION_STYLE_ASSIGNMENT (( #4172 ) ) ;
#4173 = ORIENTED_EDGE ( 'NONE', *, *, #4170, .F. ) ;
#4172 = SURFACE_STYLE_USAGE ( .BOTH. , #4110 ) ;
#4174 = PLANE ( 'NONE',  #4090 ) ;
#4175 = ORIENTED_EDGE ( 'NONE', *, *, #4196, .F. ) ;
#4176 = CARTESIAN_POINT ( 'NONE',  ( 0.04250000000000000300, 0.03277457391382429500, 0.2509055548476030200 ) ) ;
#4177 = LINE ( 'NONE', #4176, #4258 ) ;
#4178 = EDGE_CURVE ( 'NONE', #4092, #4093, #4656, .T. ) ;
#4179 = CARTESIAN_POINT ( 'NONE',  ( 0.04250000000000000300, 0.02409587666269656000, 0.2602963360557218300 ) ) ;
#4180 = ADVANCED_FACE ( 'NONE', ( #4669 ), #4663, .F. ) ;
#4181 = FILL_AREA_STYLE ('',( #4182 ) ) ;
#4182 = FILL_AREA_STYLE_COLOUR ( '', #4056 ) ;
#4183 = ORIENTED_EDGE ( 'NONE', *, *, #4195, .F. ) ;
#4184 = FACE_OUTER_BOUND ( 'NONE', #4077, .T. ) ;
#4185 = EDGE_CURVE ( 'NONE', #4075, #4065, #4657, .T. ) ;
#4186 = FACE_OUTER_BOUND ( 'NONE', #329, .T. ) ;
#4187 = ORIENTED_EDGE ( 'NONE', *, *, #4178, .F. ) ;
#4188 = DIRECTION ( 'NONE',  ( 1.000000000000000000, 0.0000000000000000000, 0.0000000000000000000 ) ) ;
#4189 = ORIENTED_EDGE ( 'NONE', *, *, #4089, .F. ) ;
#4190 = VECTOR ( 'NONE', #4188, 100.0000000000000000 ) ;
#4192 = VERTEX_POINT ( 'NONE', #4687 ) ;
#4191 = CARTESIAN_POINT ( 'NONE',  ( 0.06350000000000000100, 0.07068431390853464900, 0.2459055548476033500 ) ) ;
#4193 = VERTEX_POINT ( 'NONE', #4686 ) ;
#4194 = CARTESIAN_POINT ( 'NONE',  ( 0.08450000000000000600, 0.07068431390853430200, 0.2459055548476031800 ) ) ;
#4195 = EDGE_CURVE ( 'NONE', #4065, #4092, #4682, .T. ) ;
#4196 = EDGE_CURVE ( 'NONE', #4152, #4092, #4723, .T. ) ;
#4197 = LINE ( 'NONE', #4321, #4320 ) ;
#4198 = CARTESIAN_POINT ( 'NONE',  ( -0.08450000000000000600, 0.06780759809641698200, 0.2240944451523971800 ) ) ;
#4199 = EDGE_CURVE ( 'NONE', #4200, #4334, #4689, .T. ) ;
#4200 = VERTEX_POINT ( 'NONE', #4678 ) ;
#4201 = COLOUR_RGB ( '',0.7843137254901960700, 0.7843137254901960700, 0.8627450980392157300 ) ;
#4202 = ADVANCED_FACE ( 'NONE', ( #4718 ), #4688, .T. ) ;
#4203 = ORIENTED_EDGE ( 'NONE', *, *, #4199, .F. ) ;
#4204 = ORIENTED_EDGE ( 'NONE', *, *, #4407, .F. ) ;
#4205 =( GEOMETRIC_REPRESENTATION_CONTEXT ( 3 ) GLOBAL_UNCERTAINTY_ASSIGNED_CONTEXT ( ( #4212 ) ) GLOBAL_UNIT_ASSIGNED_CONTEXT ( ( #4224, #4220, #4215 ) ) REPRESENTATION_CONTEXT ( 'NONE', 'WORKASPACE' ) );
#4206 = VERTEX_POINT ( 'NONE', #4698 ) ;
#4207 = VERTEX_POINT ( 'NONE', #4697 ) ;
#4208 = ORIENTED_EDGE ( 'NONE', *, *, #4210, .F. ) ;
#4209 = ORIENTED_EDGE ( 'NONE', *, *, #4226, .F. ) ;
#4210 = EDGE_CURVE ( 'NONE', #4334, #4243, #4751, .T. ) ;
#4211 = ADVANCED_FACE ( 'NONE', ( #4699 ), #4679, .F. ) ;
#4212 = UNCERTAINTY_MEASURE_WITH_UNIT (LENGTH_MEASURE( 1.000000000000000100E-005 ), #4224, 'distance_accuracy_value', 'NONE');
#4213 = EDGE_CURVE ( 'NONE', #4206, #4207, #4728, .T. ) ;
#4214 = EDGE_CURVE ( 'NONE', #4207, #4262, #4700, .T. ) ;
#4215 =( NAMED_UNIT ( * ) SI_UNIT ( $, .STERADIAN. ) SOLID_ANGLE_UNIT ( ) );
#4216 = ORIENTED_EDGE ( 'NONE', *, *, #4213, .F. ) ;
#4217 = EDGE_CURVE ( 'NONE', #4263, #4206, #4788, .T. ) ;
#4218 = EDGE_CURVE ( 'NONE', #4192, #4132, #4732, .T. ) ;
#4219 = EDGE_CURVE ( 'NONE', #4134, #4193, #4787, .T. ) ;
#4220 =( NAMED_UNIT ( * ) PLANE_ANGLE_UNIT ( ) SI_UNIT ( $, .RADIAN. ) );
#4221 = ORIENTED_EDGE ( 'NONE', *, *, #4218, .F. ) ;
#4222 = ORIENTED_EDGE ( 'NONE', *, *, #4214, .F. ) ;
#4223 = ORIENTED_EDGE ( 'NONE', *, *, #4219, .F. ) ;
#4224 =( LENGTH_UNIT ( ) NAMED_UNIT ( * ) SI_UNIT ( .CENTI., .METRE. ) );
#4225 = EDGE_LOOP ( 'NONE', ( #4222, #4216, #4260, #4241 ) ) ;
#4226 = EDGE_CURVE ( 'NONE', #4262, #4134, #4785, .T. ) ;
#4227 = MECHANICAL_DESIGN_GEOMETRIC_PRESENTATION_REPRESENTATION (  '', ( #4229 ), #4205 ) ;
#4228 = PRESENTATION_LAYER_ASSIGNMENT (  '', '', ( #4229 ) ) ;
#4229 = STYLED_ITEM ( 'NONE', ( #4231 ), #4103 ) ;
#4230 = ADVANCED_FACE ( 'NONE', ( #4781 ), #4763, .T. ) ;
#4231 = PRESENTATION_STYLE_ASSIGNMENT (( #4232 ) ) ;
#4233 = ORIENTED_EDGE ( 'NONE', *, *, #4150, .T. ) ;
#4232 = SURFACE_STYLE_USAGE ( .BOTH. , #4234 ) ;
#4234 = SURFACE_SIDE_STYLE ('',( #4236 ) ) ;
#4235 = ORIENTED_EDGE ( 'NONE', *, *, #4239, .F. ) ;
#4236 = SURFACE_STYLE_FILL_AREA ( #4127 ) ;
#4237 = CARTESIAN_POINT ( 'NONE',  ( -0.06350000000000000100, 0.06650000000000000400, 0.2141803043818490400 ) ) ;
#4238 = ORIENTED_EDGE ( 'NONE', *, *, #4253, .T. ) ;
#4239 = EDGE_CURVE ( 'NONE', #4132, #4263, #4806, .T. ) ;
#4240 = FILL_AREA_STYLE_COLOUR ( '', #4313 ) ;
#4241 = ORIENTED_EDGE ( 'NONE', *, *, #4253, .F. ) ;
#4242 = CARTESIAN_POINT ( 'NONE',  ( -0.06350000000000000100, 0.06780759809641709300, 0.2240944451523970100 ) ) ;
#4243 = VERTEX_POINT ( 'NONE', #4768 ) ;
#4244 = FILL_AREA_STYLE ('',( #4240 ) ) ;
#4245 = EDGE_LOOP ( 'NONE', ( #4238, #4235, #4233, #4209 ) ) ;
#4246 = PLANE ( 'NONE',  #4310 ) ;
#4247 = ORIENTED_EDGE ( 'NONE', *, *, #4063, .F. ) ;
#4248 = DIRECTION ( 'NONE',  ( 1.000000000000000000, -0.0000000000000000000, -0.0000000000000000000 ) ) ;
#4249 = EDGE_CURVE ( 'NONE', #4168, #4192, #4805, .T. ) ;
#4250 = ORIENTED_EDGE ( 'NONE', *, *, #4140, .T. ) ;
#4251 = ORIENTED_EDGE ( 'NONE', *, *, #4063, .T. ) ;
#4252 = ORIENTED_EDGE ( 'NONE', *, *, #4249, .F. ) ;
#4253 = EDGE_CURVE ( 'NONE', #4262, #4263, #4793, .T. ) ;
#4254 = CARTESIAN_POINT ( 'NONE',  ( -0.08450000000000000600, 0.07650000000000001200, 0.2141803043818490400 ) ) ;
#4255 = ORIENTED_EDGE ( 'NONE', *, *, #4146, .F. ) ;
#4256 = VECTOR ( 'NONE', #4248, 100.0000000000000000 ) ;
#4257 = DIRECTION ( 'NONE',  ( 0.0000000000000000000, 0.9914140770548246500, -0.1307598096416873200 ) ) ;
#4259 = EDGE_LOOP ( 'NONE', ( #4208, #4203, #327, #4309 ) ) ;
#4258 = VECTOR ( 'NONE', #4257, 100.0000000000000000 ) ;
#4260 = ORIENTED_EDGE ( 'NONE', *, *, #4217, .F. ) ;
#4261 = CARTESIAN_POINT ( 'NONE',  ( 0.04250000000000000300, 0.03277457391382445500, 0.2509055548476031300 ) ) ;
#4262 = VERTEX_POINT ( 'NONE', #4795 ) ;
#4263 = VERTEX_POINT ( 'NONE', #4841 ) ;
#4264 =( GEOMETRIC_REPRESENTATION_CONTEXT ( 3 ) GLOBAL_UNCERTAINTY_ASSIGNED_CONTEXT ( ( #4270 ) ) GLOBAL_UNIT_ASSIGNED_CONTEXT ( ( #4280, #4276, #4273 ) ) REPRESENTATION_CONTEXT ( 'NONE', 'WORKASPACE' ) );
#4265 = ORIENTED_EDGE ( 'NONE', *, *, #4286, .F. ) ;
#4266 = EDGE_CURVE ( 'NONE', #4279, #4401, #4799, .T. ) ;
#4267 = ORIENTED_EDGE ( 'NONE', *, *, #4297, .T. ) ;
#4268 = ORIENTED_EDGE ( 'NONE', *, *, #4363, .F. ) ;
#4269 = EDGE_LOOP ( 'NONE', ( #4268, #4350, #4348, #4352 ) ) ;
#4270 = UNCERTAINTY_MEASURE_WITH_UNIT (LENGTH_MEASURE( 1.000000000000000100E-005 ), #4280, 'distance_accuracy_value', 'NONE');
#4271 = VERTEX_POINT ( 'NONE', #4800 ) ;
#4272 = EDGE_CURVE ( 'NONE', #4302, #4318, #4835, .T. ) ;
#4274 = EDGE_CURVE ( 'NONE', #4278, #4318, #4829, .T. ) ;
#4273 =( NAMED_UNIT ( * ) SI_UNIT ( $, .STERADIAN. ) SOLID_ANGLE_UNIT ( ) );
#4275 = EDGE_LOOP ( 'NONE', ( #4360, #4473, #4470, #4336 ) ) ;
#4276 =( NAMED_UNIT ( * ) PLANE_ANGLE_UNIT ( ) SI_UNIT ( $, .RADIAN. ) );
#4277 = ADVANCED_FACE ( 'NONE', ( #4794 ), #4877, .T. ) ;
#4278 = VERTEX_POINT ( 'NONE', #4869 ) ;
#4279 = VERTEX_POINT ( 'NONE', #4868 ) ;
#4281 = EDGE_LOOP ( 'NONE', ( #4300, #4265, #4267, #4362 ) ) ;
#4280 =( LENGTH_UNIT ( ) NAMED_UNIT ( * ) SI_UNIT ( .CENTI., .METRE. ) );
#4282 = VERTEX_POINT ( 'NONE', #4876 ) ;
#4283 = MECHANICAL_DESIGN_GEOMETRIC_PRESENTATION_REPRESENTATION (  '', ( #4287 ), #4264 ) ;
#4284 = ORIENTED_EDGE ( 'NONE', *, *, #4274, .F. ) ;
#4285 = PRESENTATION_LAYER_ASSIGNMENT (  '', '', ( #4287 ) ) ;
#4286 = EDGE_CURVE ( 'NONE', #4282, #4279, #4864, .T. ) ;
#4287 = STYLED_ITEM ( 'NONE', ( #4288 ), #4120 ) ;
#4289 = ORIENTED_EDGE ( 'NONE', *, *, #4295, .F. ) ;
#4288 = PRESENTATION_STYLE_ASSIGNMENT (( #4290 ) ) ;
#4290 = SURFACE_STYLE_USAGE ( .BOTH. , #4292 ) ;
#4291 = VERTEX_POINT ( 'NONE', #4865 ) ;
#4292 = SURFACE_SIDE_STYLE ('',( #4293 ) ) ;
#4293 = SURFACE_STYLE_FILL_AREA ( #4244 ) ;
#4294 = VERTEX_POINT ( 'NONE', #4878 ) ;
#4295 = EDGE_CURVE ( 'NONE', #4302, #4282, #4874, .T. ) ;
#4296 = FILL_AREA_STYLE_COLOUR ( '', #4337 ) ;
#4297 = EDGE_CURVE ( 'NONE', #4282, #4278, #4857, .T. ) ;
#4298 = FACE_OUTER_BOUND ( 'NONE', #347, .T. ) ;
#4299 = EDGE_CURVE ( 'NONE', #4200, #4304, #4849, .T. ) ;
#4300 = ORIENTED_EDGE ( 'NONE', *, *, #4266, .F. ) ;
#4301 = FILL_AREA_STYLE ('',( #4296 ) ) ;
#4302 = VERTEX_POINT ( 'NONE', #4909 ) ;
#4303 = FILL_AREA_STYLE_COLOUR ( '', #4201 ) ;
#4304 = VERTEX_POINT ( 'NONE', #4908 ) ;
#4305 = DIRECTION ( 'NONE',  ( 0.0000000000000000000, 0.0000000000000000000, -1.000000000000000000 ) ) ;
#4306 = ORIENTED_EDGE ( 'NONE', *, *, #4272, .F. ) ;
#4307 = DIRECTION ( 'NONE',  ( 1.000000000000000000, 0.0000000000000000000, 0.0000000000000000000 ) ) ;
#4308 = AXIS2_PLACEMENT_3D ( 'NONE', #4331, #4307, #4305 ) ;
#4309 = ORIENTED_EDGE ( 'NONE', *, *, #4312, .F. ) ;
#4311 = EDGE_CURVE ( 'NONE', #4304, #4302, #4866, .T. ) ;
#4310 = AXIS2_PLACEMENT_3D ( 'NONE', #4242, #4389, #4387 ) ;
#4312 = EDGE_CURVE ( 'NONE', #4243, #4304, #4853, .T. ) ;
#4313 = COLOUR_RGB ( '',0.7843137254901960700, 0.7843137254901960700, 0.8627450980392157300 ) ;
#4314 = EDGE_LOOP ( 'NONE', ( #4333, #4284, #4330, #4289 ) ) ;
#4315 = CIRCLE ( 'NONE', #4308, 0.009999999999999982900 ) ;
#4316 = EDGE_CURVE ( 'NONE', #4318, #4200, #4907, .T. ) ;
#4317 = CARTESIAN_POINT ( 'NONE',  ( -0.04250000000000000300, 0.06780759809641698200, 0.2240944451523971800 ) ) ;
#4318 = VERTEX_POINT ( 'NONE', #4896 ) ;
#4319 = DIRECTION ( 'NONE',  ( 0.0000000000000000000, -0.9914140770548247600, 0.1307598096416862100 ) ) ;
#4320 = VECTOR ( 'NONE', #4319, 100.0000000000000100 ) ;
#4321 = CARTESIAN_POINT ( 'NONE',  ( -0.08450000000000000600, 0.06780759809641709300, 0.2240944451523970100 ) ) ;
#4322 = ADVANCED_FACE ( 'NONE', ( #4890 ), #4930, .F. ) ;
#4324 = EDGE_LOOP ( 'NONE', ( #4328, #4326, #4332, #4306 ) ) ;
#4323 = PLANE ( 'NONE',  #4383 ) ;
#4326 = ORIENTED_EDGE ( 'NONE', *, *, #4299, .F. ) ;
#4325 = DIRECTION ( 'NONE',  ( 0.0000000000000000000, 0.0000000000000000000, -1.000000000000000000 ) ) ;
#4328 = ORIENTED_EDGE ( 'NONE', *, *, #4311, .F. ) ;
#4327 = DIRECTION ( 'NONE',  ( 1.000000000000000000, 0.0000000000000000000, 0.0000000000000000000 ) ) ;
#4330 = ORIENTED_EDGE ( 'NONE', *, *, #4297, .F. ) ;
#4329 = AXIS2_PLACEMENT_3D ( 'NONE', #4237, #4327, #4325 ) ;
#4331 = CARTESIAN_POINT ( 'NONE',  ( -0.08450000000000000600, 0.06650000000000000400, 0.2141803043818490400 ) ) ;
#4332 = ORIENTED_EDGE ( 'NONE', *, *, #4316, .F. ) ;
#4333 = ORIENTED_EDGE ( 'NONE', *, *, #4272, .T. ) ;
#4334 = VERTEX_POINT ( 'NONE', #4926 ) ;
#4335 = ORIENTED_EDGE ( 'NONE', *, *, #420, .F. ) ;
#4336 = ORIENTED_EDGE ( 'NONE', *, *, #4351, .F. ) ;
#4337 = COLOUR_RGB ( '',0.7843137254901960700, 0.7843137254901960700, 0.8627450980392157300 ) ;
#4338 = EDGE_LOOP ( 'NONE', ( #4475, #4461, #4464, #4341 ) ) ;
#4339 = CIRCLE ( 'NONE', #4460, 0.03199999999999952200 ) ;
#4340 = ORIENTED_EDGE ( 'NONE', *, *, #4346, .F. ) ;
#4341 = ORIENTED_EDGE ( 'NONE', *, *, #4432, .F. ) ;
#4342 =( GEOMETRIC_REPRESENTATION_CONTEXT ( 3 ) GLOBAL_UNCERTAINTY_ASSIGNED_CONTEXT ( ( #4349 ) ) GLOBAL_UNIT_ASSIGNED_CONTEXT ( ( #4361, #4356, #4353 ) ) REPRESENTATION_CONTEXT ( 'NONE', 'WORKASPACE' ) );
#4343 = ADVANCED_FACE ( 'NONE', ( #4923 ), #4895, .F. ) ;
#4344 = EDGE_CURVE ( 'NONE', #4392, #4359, #4927, .T. ) ;
#4345 = ORIENTED_EDGE ( 'NONE', *, *, #4355, .F. ) ;
#4346 = EDGE_CURVE ( 'NONE', #4359, #4347, #4963, .T. ) ;
#4347 = VERTEX_POINT ( 'NONE', #4959 ) ;
#4348 = ORIENTED_EDGE ( 'NONE', *, *, #4376, .T. ) ;
#4350 = ORIENTED_EDGE ( 'NONE', *, *, #4386, .F. ) ;
#4349 = UNCERTAINTY_MEASURE_WITH_UNIT (LENGTH_MEASURE( 1.000000000000000100E-005 ), #4361, 'distance_accuracy_value', 'NONE');
#4351 = EDGE_CURVE ( 'NONE', #4390, #4294, #4958, .T. ) ;
#4352 = ORIENTED_EDGE ( 'NONE', *, *, #4381, .F. ) ;
#4353 =( NAMED_UNIT ( * ) SI_UNIT ( $, .STERADIAN. ) SOLID_ANGLE_UNIT ( ) );
#4354 = EDGE_LOOP ( 'NONE', ( #4345, #4340, #4452, #4357 ) ) ;
#4355 = EDGE_CURVE ( 'NONE', #4347, #4390, #4953, .T. ) ;
#4356 =( NAMED_UNIT ( * ) PLANE_ANGLE_UNIT ( ) SI_UNIT ( $, .RADIAN. ) );
#4357 = ORIENTED_EDGE ( 'NONE', *, *, #4388, .F. ) ;
#4358 = ADVANCED_FACE ( 'NONE', ( #4962 ), #4964, .T. ) ;
#4359 = VERTEX_POINT ( 'NONE', #4940 ) ;
#4360 = ORIENTED_EDGE ( 'NONE', *, *, #4388, .T. ) ;
#4361 =( LENGTH_UNIT ( ) NAMED_UNIT ( * ) SI_UNIT ( .CENTI., .METRE. ) );
#4362 = ORIENTED_EDGE ( 'NONE', *, *, #4396, .F. ) ;
#4363 = EDGE_CURVE ( 'NONE', #4291, #4294, #4985, .T. ) ;
#4364 = MECHANICAL_DESIGN_GEOMETRIC_PRESENTATION_REPRESENTATION (  '', ( #4366 ), #4342 ) ;
#4365 = PRESENTATION_LAYER_ASSIGNMENT (  '', '', ( #4366 ) ) ;
#4367 = ADVANCED_FACE ( 'NONE', ( #4945 ), #4980, .T. ) ;
#4366 = STYLED_ITEM ( 'NONE', ( #4368 ), #4123 ) ;
#4368 = PRESENTATION_STYLE_ASSIGNMENT (( #4370 ) ) ;
#4369 = ORIENTED_EDGE ( 'NONE', *, *, #4374, .F. ) ;
#4370 = SURFACE_STYLE_USAGE ( .BOTH. , #4371 ) ;
#4371 = SURFACE_SIDE_STYLE ('',( #4373 ) ) ;
#4372 = ORIENTED_EDGE ( 'NONE', *, *, #4376, .F. ) ;
#4373 = SURFACE_STYLE_FILL_AREA ( #4393 ) ;
#4374 = EDGE_CURVE ( 'NONE', #4279, #4271, #5010, .T. ) ;
#4375 = CARTESIAN_POINT ( 'NONE',  ( -0.08450000000000000600, 0.03408217201024139900, 0.2608196956181509900 ) ) ;
#4376 = EDGE_CURVE ( 'NONE', #4271, #4397, #5004, .T. ) ;
#4377 = DIRECTION ( 'NONE',  ( 0.0000000000000000000, 0.9914140770548247600, -0.1307598096416862100 ) ) ;
#4378 = VECTOR ( 'NONE', #4377, 100.0000000000000100 ) ;
#4379 = EDGE_CURVE ( 'NONE', #4397, #4401, #5005, .T. ) ;
#4380 = CARTESIAN_POINT ( 'NONE',  ( -0.04250000000000000300, 0.02989785810170679900, 0.2290944451523970200 ) ) ;
#4381 = EDGE_CURVE ( 'NONE', #4294, #4397, #5014, .T. ) ;
#4382 = CARTESIAN_POINT ( 'NONE',  ( -0.06350000000000000100, 0.002126026898096240200, 0.2591449450183779800 ) ) ;
#4384 = ORIENTED_EDGE ( 'NONE', *, *, #4379, .F. ) ;
#4383 = AXIS2_PLACEMENT_3D ( 'NONE', #4382, #4465, #4463 ) ;
#4385 = ORIENTED_EDGE ( 'NONE', *, *, #4266, .T. ) ;
#4386 = EDGE_CURVE ( 'NONE', #4271, #4291, #4994, .T. ) ;
#4388 = EDGE_CURVE ( 'NONE', #4390, #4392, #4996, .T. ) ;
#4387 = DIRECTION ( 'NONE',  ( 0.0000000000000000000, 0.9914140770548247600, -0.1307598096416859300 ) ) ;
#4389 = DIRECTION ( 'NONE',  ( 0.0000000000000000000, -0.1307598096416859300, -0.9914140770548247600 ) ) ;
#4390 = VERTEX_POINT ( 'NONE', #4944 ) ;
#4391 = LINE ( 'NONE', #4380, #4378 ) ;
#4392 = VERTEX_POINT ( 'NONE', #5039 ) ;
#4393 = FILL_AREA_STYLE ('',( #4303 ) ) ;
#4394 = ADVANCED_FACE ( 'NONE', ( #5045 ), #5032, .T. ) ;
#4395 = EDGE_LOOP ( 'NONE', ( #4372, #4369, #4385, #4384 ) ) ;
#4396 = EDGE_CURVE ( 'NONE', #4401, #4278, #5068, .T. ) ;
#4397 = VERTEX_POINT ( 'NONE', #5065 ) ;
#4398 = FACE_OUTER_BOUND ( 'NONE', #306, .T. ) ;
#4399 = ADVANCED_FACE ( 'NONE', ( #5061 ), #5104, .T. ) ;
#4400 = LINE ( 'NONE', #4578, #4479 ) ;
#4401 = VERTEX_POINT ( 'NONE', #5098 ) ;
#4402 = AXIS2_PLACEMENT_3D ( 'NONE', #4476, #4474, #4472 ) ;
#4403 = EDGE_CURVE ( 'NONE', #4415, #4527, #5093, .T. ) ;
#4404 = VERTEX_POINT ( 'NONE', #5095 ) ;
#4405 =( GEOMETRIC_REPRESENTATION_CONTEXT ( 3 ) GLOBAL_UNCERTAINTY_ASSIGNED_CONTEXT ( ( #4411 ) ) GLOBAL_UNIT_ASSIGNED_CONTEXT ( ( #4423, #4419, #4414 ) ) REPRESENTATION_CONTEXT ( 'NONE', 'WORKASPACE' ) );
#4406 = EDGE_LOOP ( 'NONE', ( #4509, #4481, #4487, #4486 ) ) ;
#4407 = EDGE_CURVE ( 'NONE', #4410, #4457, #5085, .T. ) ;
#4408 = EDGE_CURVE ( 'NONE', #4409, #4410, #5086, .T. ) ;
#4409 = VERTEX_POINT ( 'NONE', #5105 ) ;
#4410 = VERTEX_POINT ( 'NONE', #5087 ) ;
#4411 = UNCERTAINTY_MEASURE_WITH_UNIT (LENGTH_MEASURE( 1.000000000000000100E-005 ), #4423, 'distance_accuracy_value', 'NONE');
#4412 = EDGE_LOOP ( 'NONE', ( #4421, #4424, #4428, #4422 ) ) ;
#4413 = ORIENTED_EDGE ( 'NONE', *, *, #4417, .F. ) ;
#4415 = VERTEX_POINT ( 'NONE', #5094 ) ;
#4414 =( NAMED_UNIT ( * ) SI_UNIT ( $, .STERADIAN. ) SOLID_ANGLE_UNIT ( ) );
#4416 = VERTEX_POINT ( 'NONE', #5076 ) ;
#4417 = EDGE_CURVE ( 'NONE', #4448, #4410, #5081, .T. ) ;
#4418 = VERTEX_POINT ( 'NONE', #5097 ) ;
#4419 =( NAMED_UNIT ( * ) PLANE_ANGLE_UNIT ( ) SI_UNIT ( $, .RADIAN. ) );
#4420 = ADVANCED_FACE ( 'NONE', ( #5071 ), #5130, .T. ) ;
#4421 = ORIENTED_EDGE ( 'NONE', *, *, #4417, .T. ) ;
#4422 = ORIENTED_EDGE ( 'NONE', *, *, #4517, .F. ) ;
#4423 =( LENGTH_UNIT ( ) NAMED_UNIT ( * ) SI_UNIT ( .CENTI., .METRE. ) );
#4424 = ORIENTED_EDGE ( 'NONE', *, *, #4408, .F. ) ;
#4425 = EDGE_CURVE ( 'NONE', #4409, #4416, #5118, .T. ) ;
#4426 = MECHANICAL_DESIGN_GEOMETRIC_PRESENTATION_REPRESENTATION (  '', ( #4429 ), #4405 ) ;
#4428 = ORIENTED_EDGE ( 'NONE', *, *, #4425, .T. ) ;
#4427 = PRESENTATION_LAYER_ASSIGNMENT (  '', '', ( #4429 ) ) ;
#4429 = STYLED_ITEM ( 'NONE', ( #4431 ), #4128 ) ;
#4430 = ORIENTED_EDGE ( 'NONE', *, *, #503, .F. ) ;
#4431 = PRESENTATION_STYLE_ASSIGNMENT (( #4433 ) ) ;
#4432 = EDGE_CURVE ( 'NONE', #4471, #4455, #5106, .T. ) ;
#4433 = SURFACE_STYLE_USAGE ( .BOTH. , #4434 ) ;
#4434 = SURFACE_SIDE_STYLE ('',( #4435 ) ) ;
#4435 = SURFACE_STYLE_FILL_AREA ( #4301 ) ;
#4436 = ADVANCED_FACE ( 'NONE', ( #5119 ), #5072, .F. ) ;
#4437 = FILL_AREA_STYLE ('',( #4438 ) ) ;
#4438 = FILL_AREA_STYLE_COLOUR ( '', #4439 ) ;
#4439 = COLOUR_RGB ( '',0.7843137254901960700, 0.7843137254901960700, 0.8627450980392157300 ) ;
#4441 = EDGE_LOOP ( 'NONE', ( #4443, #4447, #4204, #4413 ) ) ;
#4440 = FACE_OUTER_BOUND ( 'NONE', #4149, .T. ) ;
#4442 = DIRECTION ( 'NONE',  ( 0.0000000000000000000, 0.0000000000000000000, 1.000000000000000000 ) ) ;
#4443 = ORIENTED_EDGE ( 'NONE', *, *, #4445, .F. ) ;
#4444 = DIRECTION ( 'NONE',  ( -1.000000000000000000, 0.0000000000000000000, 0.0000000000000000000 ) ) ;
#4445 = EDGE_CURVE ( 'NONE', #4455, #4448, #5117, .T. ) ;
#4446 = CYLINDRICAL_SURFACE ( 'NONE', #4468, 0.03199999999999952200 ) ;
#4447 = ORIENTED_EDGE ( 'NONE', *, *, #4466, .F. ) ;
#4448 = VERTEX_POINT ( 'NONE', #5139 ) ;
#4449 = EDGE_CURVE ( 'NONE', #4450, #4471, #5180, .T. ) ;
#4450 = VERTEX_POINT ( 'NONE', #5181 ) ;
#4451 = CARTESIAN_POINT ( 'NONE',  ( 0.06350000000000000100, 0.03408217201024139900, 0.2608196956181509900 ) ) ;
#4452 = ORIENTED_EDGE ( 'NONE', *, *, #4344, .F. ) ;
#4453 = PLANE ( 'NONE',  #4402 ) ;
#4455 = VERTEX_POINT ( 'NONE', #5158 ) ;
#4454 = DIRECTION ( 'NONE',  ( 0.0000000000000000000, -0.05233595624294479900, 0.9986295347545737200 ) ) ;
#4456 = VECTOR ( 'NONE', #4454, 100.0000000000000100 ) ;
#4457 = VERTEX_POINT ( 'NONE', #5176 ) ;
#4458 = CARTESIAN_POINT ( 'NONE',  ( -0.08450000000000000600, 0.002126026898095518100, 0.2591449450183779800 ) ) ;
#4459 = ADVANCED_FACE ( 'NONE', ( #5172 ), #5169, .T. ) ;
#4460 = AXIS2_PLACEMENT_3D ( 'NONE', #4375, #4444, #4442 ) ;
#4461 = ORIENTED_EDGE ( 'NONE', *, *, #4462, .F. ) ;
#4462 = EDGE_CURVE ( 'NONE', #4457, #4450, #5182, .T. ) ;
#4464 = ORIENTED_EDGE ( 'NONE', *, *, #4466, .T. ) ;
#4463 = DIRECTION ( 'NONE',  ( 0.0000000000000000000, 0.05233595624294488200, -0.9986295347545737200 ) ) ;
#4466 = EDGE_CURVE ( 'NONE', #4457, #4455, #5214, .T. ) ;
#4465 = DIRECTION ( 'NONE',  ( 0.0000000000000000000, -0.9986295347545738300, -0.05233595624294488900 ) ) ;
#4467 = LINE ( 'NONE', #4458, #4456 ) ;
#4469 = EDGE_CURVE ( 'NONE', #4291, #4392, #5209, .T. ) ;
#4468 = AXIS2_PLACEMENT_3D ( 'NONE', #4451, #4534, #4532 ) ;
#4470 = ORIENTED_EDGE ( 'NONE', *, *, #4363, .T. ) ;
#4471 = VERTEX_POINT ( 'NONE', #5210 ) ;
#4472 = DIRECTION ( 'NONE',  ( 0.0000000000000000000, -0.9986295347545756100, -0.05233595624291157600 ) ) ;
#4473 = ORIENTED_EDGE ( 'NONE', *, *, #4469, .F. ) ;
#4474 = DIRECTION ( 'NONE',  ( 0.0000000000000000000, -0.05233595624291157600, 0.9986295347545756100 ) ) ;
#4475 = ORIENTED_EDGE ( 'NONE', *, *, #4449, .F. ) ;
#4476 = CARTESIAN_POINT ( 'NONE',  ( 0.06350000000000000100, 0.01099999999999999900, 0.2999999999999999900 ) ) ;
#4477 = ORIENTED_EDGE ( 'NONE', *, *, #4489, .F. ) ;
#4478 = EDGE_CURVE ( 'NONE', #4588, #4347, #5142, .T. ) ;
#4479 = VECTOR ( 'NONE', #4571, 100.0000000000000100 ) ;
#4480 = ADVANCED_FACE ( 'NONE', ( #5201 ), #5173, .T. ) ;
#4481 = ORIENTED_EDGE ( 'NONE', *, *, #4482, .F. ) ;
#4482 = EDGE_CURVE ( 'NONE', #4418, #4537, #5217, .T. ) ;
#4483 = EDGE_CURVE ( 'NONE', #4494, #4404, #5202, .T. ) ;
#4484 = EDGE_CURVE ( 'NONE', #4504, #4494, #5236, .T. ) ;
#4485 =( GEOMETRIC_REPRESENTATION_CONTEXT ( 3 ) GLOBAL_UNCERTAINTY_ASSIGNED_CONTEXT ( ( #4492 ) ) GLOBAL_UNIT_ASSIGNED_CONTEXT ( ( #4503, #4498, #4495 ) ) REPRESENTATION_CONTEXT ( 'NONE', 'WORKASPACE' ) );
#4486 = ORIENTED_EDGE ( 'NONE', *, *, #4483, .F. ) ;
#4487 = ORIENTED_EDGE ( 'NONE', *, *, #4501, .T. ) ;
#4488 = ORIENTED_EDGE ( 'NONE', *, *, #4512, .T. ) ;
#4489 = EDGE_CURVE ( 'NONE', #4490, #4504, #5220, .T. ) ;
#4490 = VERTEX_POINT ( 'NONE', #5231 ) ;
#4491 = EDGE_CURVE ( 'NONE', #4537, #4494, #5261, .T. ) ;
#4492 = UNCERTAINTY_MEASURE_WITH_UNIT (LENGTH_MEASURE( 1.000000000000000100E-005 ), #4503, 'distance_accuracy_value', 'NONE');
#4493 = EDGE_LOOP ( 'NONE', ( #4477, #4612, #4502, #4609 ) ) ;
#4494 = VERTEX_POINT ( 'NONE', #5264 ) ;
#4495 =( NAMED_UNIT ( * ) SI_UNIT ( $, .STERADIAN. ) SOLID_ANGLE_UNIT ( ) );
#4496 = EDGE_LOOP ( 'NONE', ( #4488, #4607, #4604, #4608 ) ) ;
#4497 = ADVANCED_FACE ( 'NONE', ( #5263 ), #5227, .T. ) ;
#4498 =( NAMED_UNIT ( * ) PLANE_ANGLE_UNIT ( ) SI_UNIT ( $, .RADIAN. ) );
#4499 = ORIENTED_EDGE ( 'NONE', *, *, #4500, .F. ) ;
#4500 = EDGE_CURVE ( 'NONE', #4415, #4418, #5245, .T. ) ;
#4501 = EDGE_CURVE ( 'NONE', #4418, #4404, #5294, .T. ) ;
#4502 = ORIENTED_EDGE ( 'NONE', *, *, #4583, .F. ) ;
#4503 =( LENGTH_UNIT ( ) NAMED_UNIT ( * ) SI_UNIT ( .CENTI., .METRE. ) );
#4504 = VERTEX_POINT ( 'NONE', #5290 ) ;
#4505 = ORIENTED_EDGE ( 'NONE', *, *, #4515, .F. ) ;
#4506 = MECHANICAL_DESIGN_GEOMETRIC_PRESENTATION_REPRESENTATION (  '', ( #4510 ), #4485 ) ;
#4507 = ORIENTED_EDGE ( 'NONE', *, *, #4403, .T. ) ;
#4508 = PRESENTATION_LAYER_ASSIGNMENT (  '', '', ( #4510 ) ) ;
#4509 = ORIENTED_EDGE ( 'NONE', *, *, #4491, .F. ) ;
#4510 = STYLED_ITEM ( 'NONE', ( #4511 ), #4136 ) ;
#4512 = EDGE_CURVE ( 'NONE', #4504, #4606, #5289, .T. ) ;
#4511 = PRESENTATION_STYLE_ASSIGNMENT (( #4513 ) ) ;
#4513 = SURFACE_STYLE_USAGE ( .BOTH. , #4514 ) ;
#4515 = EDGE_CURVE ( 'NONE', #4404, #4527, #5257, .T. ) ;
#4514 = SURFACE_SIDE_STYLE ('',( #4516 ) ) ;
#4516 = SURFACE_STYLE_FILL_AREA ( #4437 ) ;
#4517 = EDGE_CURVE ( 'NONE', #4448, #4416, #5283, .T. ) ;
#4518 = CARTESIAN_POINT ( 'NONE',  ( 0.06350000000000000100, 1.507511769963447700E-005, 0.2994243044813280600 ) ) ;
#4520 = EDGE_LOOP ( 'NONE', ( #4533, #4531, #4536, #4535 ) ) ;
#4519 = LINE ( 'NONE', #4518, #4594 ) ;
#4521 = FACE_OUTER_BOUND ( 'NONE', #4157, .T. ) ;
#4522 = EDGE_CURVE ( 'NONE', #4416, #4415, #5279, .T. ) ;
#4523 = CARTESIAN_POINT ( 'NONE',  ( 0.04250000000000000300, 1.507511769915720100E-005, 0.2994243044813280600 ) ) ;
#4524 = CARTESIAN_POINT ( 'NONE',  ( 0.08450000000000000600, 0.02989785810170713500, 0.2290944451523969600 ) ) ;
#4525 = EDGE_LOOP ( 'NONE', ( #4530, #4499, #4507, #4505 ) ) ;
#4526 = EDGE_CURVE ( 'NONE', #4527, #4409, #5275, .T. ) ;
#4527 = VERTEX_POINT ( 'NONE', #5322 ) ;
#4528 = ADVANCED_FACE ( 'NONE', ( #5321 ), #5319, .F. ) ;
#4529 = CARTESIAN_POINT ( 'NONE',  ( 0.04250000000000000300, 0.02989785810170713500, 0.2290944451523969600 ) ) ;
#4530 = ORIENTED_EDGE ( 'NONE', *, *, #4501, .F. ) ;
#4531 = ORIENTED_EDGE ( 'NONE', *, *, #4425, .F. ) ;
#4533 = ORIENTED_EDGE ( 'NONE', *, *, #4522, .F. ) ;
#4532 = DIRECTION ( 'NONE',  ( 0.0000000000000000000, 0.0000000000000000000, 1.000000000000000000 ) ) ;
#4534 = DIRECTION ( 'NONE',  ( -1.000000000000000000, 0.0000000000000000000, 0.0000000000000000000 ) ) ;
#4535 = ORIENTED_EDGE ( 'NONE', *, *, #4403, .F. ) ;
#4536 = ORIENTED_EDGE ( 'NONE', *, *, #4526, .F. ) ;
#4537 = VERTEX_POINT ( 'NONE', #5302 ) ;
#4538 =( NAMED_UNIT ( * ) PLANE_ANGLE_UNIT ( ) SI_UNIT ( $, .RADIAN. ) );
#4539 = EDGE_CURVE ( 'NONE', #430, #3991, #5350, .T. ) ;
#4540 = ORIENTED_EDGE ( 'NONE', *, *, #856, .T. ) ;
#4541 = ORIENTED_EDGE ( 'NONE', *, *, #426, .F. ) ;
#4542 =( LENGTH_UNIT ( ) NAMED_UNIT ( * ) SI_UNIT ( .CENTI., .METRE. ) );
#4543 = VERTEX_POINT ( 'NONE', #5320 ) ;
#4544 = ORIENTED_EDGE ( 'NONE', *, *, #4574, .F. ) ;
#4545 = EDGE_CURVE ( 'NONE', #4543, #4572, #5352, .T. ) ;
#4546 = MECHANICAL_DESIGN_GEOMETRIC_PRESENTATION_REPRESENTATION (  '', ( #4549 ), #4011 ) ;
#4547 = PRESENTATION_LAYER_ASSIGNMENT (  '', '', ( #4549 ) ) ;
#4548 = ORIENTED_EDGE ( 'NONE', *, *, #115, .T. ) ;
#4549 = STYLED_ITEM ( 'NONE', ( #4551 ), #4151 ) ;
#4550 = EDGE_CURVE ( 'NONE', #122, #4543, #5342, .T. ) ;
#4551 = PRESENTATION_STYLE_ASSIGNMENT (( #4552 ) ) ;
#4552 = SURFACE_STYLE_USAGE ( .BOTH. , #4584 ) ;
#4553 = ORIENTED_EDGE ( 'NONE', *, *, #4550, .F. ) ;
#4554 = DIRECTION ( 'NONE',  ( 0.9925461516413222100, 0.1218693434051465700, 1.751580729602863500E-034 ) ) ;
#4555 = ORIENTED_EDGE ( 'NONE', *, *, #3055, .T. ) ;
#4556 = EDGE_CURVE ( 'NONE', #4206, #4586, #5346, .T. ) ;
#4557 =( GEOMETRIC_REPRESENTATION_CONTEXT ( 3 ) GLOBAL_UNCERTAINTY_ASSIGNED_CONTEXT ( ( #4813 ) ) GLOBAL_UNIT_ASSIGNED_CONTEXT ( ( #4816, #4815, #4814 ) ) REPRESENTATION_CONTEXT ( 'NONE', 'WORKASPACE' ) );
#4558 = EDGE_CURVE ( 'NONE', #4598, #4207, #5336, .T. ) ;
#4559 = DIRECTION ( 'NONE',  ( -1.000000000000000000, -0.0000000000000000000, -0.0000000000000000000 ) ) ;
#4560 = ORIENTED_EDGE ( 'NONE', *, *, #3768, .T. ) ;
#4561 = VECTOR ( 'NONE', #4559, 100.0000000000000000 ) ;
#4563 = ORIENTED_EDGE ( 'NONE', *, *, #4556, .F. ) ;
#4562 = CARTESIAN_POINT ( 'NONE',  ( 0.06350000000000000100, 0.02989785810170679500, 0.2290944451523970200 ) ) ;
#4564 = LINE ( 'NONE', #4562, #4561 ) ;
#4565 = ORIENTED_EDGE ( 'NONE', *, *, #4570, .F. ) ;
#4566 = FILL_AREA_STYLE_COLOUR ( '', #4575 ) ;
#4567 = VERTEX_POINT ( 'NONE', #5303 ) ;
#4569 = ORIENTED_EDGE ( 'NONE', *, *, #4558, .F. ) ;
#4568 = FACE_OUTER_BOUND ( 'NONE', #4164, .T. ) ;
#4570 = EDGE_CURVE ( 'NONE', #4567, #4598, #5331, .T. ) ;
#4571 = DIRECTION ( 'NONE',  ( 0.0000000000000000000, -0.05233595624294479900, 0.9986295347545737200 ) ) ;
#4572 = VERTEX_POINT ( 'NONE', #5328 ) ;
#4573 = EDGE_CURVE ( 'NONE', #3066, #4567, #5326, .T. ) ;
#4574 = EDGE_CURVE ( 'NONE', #4572, #4100, #5386, .T. ) ;
#4575 = COLOUR_RGB ( '',0.7843137254901960700, 0.7843137254901960700, 0.8627450980392157300 ) ;
#4576 = ORIENTED_EDGE ( 'NONE', *, *, #4573, .F. ) ;
#4577 = EDGE_CURVE ( 'NONE', #4579, #4490, #5379, .T. ) ;
#4578 = CARTESIAN_POINT ( 'NONE',  ( 0.04250000000000000300, 0.002126026898095518100, 0.2591449450183779800 ) ) ;
#4579 = VERTEX_POINT ( 'NONE', #5324 ) ;
#4580 = DIRECTION ( 'NONE',  ( 0.0000000000000000000, 0.9986295347545756100, 0.05233595624290972300 ) ) ;
#4581 = EDGE_LOOP ( 'NONE', ( #4592, #4596, #4563, #4610, #4569, #4565, #4576, #4560, #4544, #4591, #4553, #4548, #4335, #424, #428, #432, #425, #431, #407, #4541, #406, #4540, #414, #413, #409, #405, #402, #399 ) ) ;
#4582 = VECTOR ( 'NONE', #4580, 100.0000000000000100 ) ;
#4583 = EDGE_CURVE ( 'NONE', #4606, #4579, #5380, .T. ) ;
#4584 = SURFACE_SIDE_STYLE ('',( #4585 ) ) ;
#4585 = SURFACE_STYLE_FILL_AREA ( #4590 ) ;
#4586 = VERTEX_POINT ( 'NONE', #5375 ) ;
#4587 = CARTESIAN_POINT ( 'NONE',  ( 0.04250000000000000300, 1.507511769891856400E-005, 0.2994243044813280100 ) ) ;
#4588 = VERTEX_POINT ( 'NONE', #5329 ) ;
#4589 = LINE ( 'NONE', #4587, #4582 ) ;
#4590 = FILL_AREA_STYLE ('',( #4566 ) ) ;
#4591 = ORIENTED_EDGE ( 'NONE', *, *, #4545, .F. ) ;
#4592 = ORIENTED_EDGE ( 'NONE', *, *, #4478, .F. ) ;
#4593 = DIRECTION ( 'NONE',  ( -1.000000000000000000, -0.0000000000000000000, -0.0000000000000000000 ) ) ;
#4594 = VECTOR ( 'NONE', #4593, 100.0000000000000000 ) ;
#4595 = ADVANCED_FACE ( 'NONE', ( #5332 ), #5373, .T. ) ;
#4596 = ORIENTED_EDGE ( 'NONE', *, *, #4597, .F. ) ;
#4597 = EDGE_CURVE ( 'NONE', #4586, #4588, #5410, .T. ) ;
#4598 = VERTEX_POINT ( 'NONE', #5406 ) ;
#4599 = ADVANCED_FACE ( 'NONE', ( #5414 ), #5401, .T. ) ;
#4600 = DIRECTION ( 'NONE',  ( 0.0000000000000000000, -0.9986295347545756100, -0.05233595624290972300 ) ) ;
#4602 = EDGE_CURVE ( 'NONE', #4537, #4606, #5438, .T. ) ;
#4601 = VECTOR ( 'NONE', #4600, 100.0000000000000100 ) ;
#4603 = CARTESIAN_POINT ( 'NONE',  ( 0.08450000000000000600, 0.02198492488229960100, 0.3005756955186720300 ) ) ;
#4604 = ORIENTED_EDGE ( 'NONE', *, *, #4491, .T. ) ;
#4605 = LINE ( 'NONE', #4603, #4601 ) ;
#4606 = VERTEX_POINT ( 'NONE', #5367 ) ;
#4607 = ORIENTED_EDGE ( 'NONE', *, *, #4602, .F. ) ;
#4608 = ORIENTED_EDGE ( 'NONE', *, *, #4484, .F. ) ;
#4609 = ORIENTED_EDGE ( 'NONE', *, *, #4512, .F. ) ;
#4610 = ORIENTED_EDGE ( 'NONE', *, *, #4213, .T. ) ;
#4611 = ADVANCED_FACE ( 'NONE', ( #5439 ), #5402, .F. ) ;
#4612 = ORIENTED_EDGE ( 'NONE', *, *, #4577, .F. ) ;
#4613 =( GEOMETRIC_REPRESENTATION_CONTEXT ( 3 ) GLOBAL_UNCERTAINTY_ASSIGNED_CONTEXT ( ( #4614 ) ) GLOBAL_UNIT_ASSIGNED_CONTEXT ( ( #4617, #4616, #4615 ) ) REPRESENTATION_CONTEXT ( 'NONE', 'WORKASPACE' ) );
#4614 = UNCERTAINTY_MEASURE_WITH_UNIT (LENGTH_MEASURE( 1.000000000000000100E-005 ), #4617, 'distance_accuracy_value', 'NONE');
#4615 =( NAMED_UNIT ( * ) SI_UNIT ( $, .STERADIAN. ) SOLID_ANGLE_UNIT ( ) );
#4616 =( NAMED_UNIT ( * ) PLANE_ANGLE_UNIT ( ) SI_UNIT ( $, .RADIAN. ) );
#4617 =( LENGTH_UNIT ( ) NAMED_UNIT ( * ) SI_UNIT ( .CENTI., .METRE. ) );
#4618 = MECHANICAL_DESIGN_GEOMETRIC_PRESENTATION_REPRESENTATION (  '', ( #4620 ), #4613 ) ;
#4619 = PRESENTATION_LAYER_ASSIGNMENT (  '', '', ( #4620 ) ) ;
#4620 = STYLED_ITEM ( 'NONE', ( #4621 ), #4154 ) ;
#4621 = PRESENTATION_STYLE_ASSIGNMENT (( #4622 ) ) ;
#4622 = SURFACE_STYLE_USAGE ( .BOTH. , #4623 ) ;
#4623 = SURFACE_SIDE_STYLE ('',( #4632 ) ) ;
#4624 = CARTESIAN_POINT ( 'NONE',  ( 0.08449999999999999200, 1.507511769915493900E-005, 0.2994243044813280600 ) ) ;
#4625 = CARTESIAN_POINT ( 'NONE',  ( 0.08449999999999999200, 0.02198492488229960100, 0.3005756955186720300 ) ) ;
#4626 = FACE_OUTER_BOUND ( 'NONE', #4057, .T. ) ;
#4627 = CARTESIAN_POINT ( 'NONE',  ( 0.04250000000000000300, 0.02198492488229971900, 0.3005756955186720300 ) ) ;
#4628 = DIRECTION ( 'NONE',  ( 0.0000000000000000000, 0.05233595624294488200, -0.9986295347545737200 ) ) ;
#4629 = DIRECTION ( 'NONE',  ( 0.0000000000000000000, -0.9986295347545738300, -0.05233595624294488900 ) ) ;
#4630 = CARTESIAN_POINT ( 'NONE',  ( 0.06350000000000000100, 0.002126026898096240200, 0.2591449450183779800 ) ) ;
#4631 = AXIS2_PLACEMENT_3D ( 'NONE', #4630, #4629, #4628 ) ;
#4632 = SURFACE_STYLE_FILL_AREA ( #4633 ) ;
#4633 = FILL_AREA_STYLE ('',( #4634 ) ) ;
#4634 = FILL_AREA_STYLE_COLOUR ( '', #4635 ) ;
#4635 = COLOUR_RGB ( '',0.7843137254901960700, 0.7843137254901960700, 0.8627450980392157300 ) ;
#4636 = AXIS2_PLACEMENT_3D ( 'NONE', #4640, #4638, #4674 ) ;
#4637 = PLANE ( 'NONE',  #4636 ) ;
#4638 = DIRECTION ( 'NONE',  ( -0.0000000000000000000, 0.9986295347545738300, 0.05233595624294488900 ) ) ;
#4639 = PLANE ( 'NONE',  #4631 ) ;
#4640 = CARTESIAN_POINT ( 'NONE',  ( 0.06350000000000000100, 0.02409587666269690000, 0.2602963360557220000 ) ) ;
#4641 = FILL_AREA_STYLE_COLOUR ( '', #4661 ) ;
#4642 =( LENGTH_UNIT ( ) NAMED_UNIT ( * ) SI_UNIT ( .CENTI., .METRE. ) );
#4643 = MECHANICAL_DESIGN_GEOMETRIC_PRESENTATION_REPRESENTATION (  '', ( #4645 ), #4693 ) ;
#4644 = PRESENTATION_LAYER_ASSIGNMENT (  '', '', ( #4645 ) ) ;
#4645 = STYLED_ITEM ( 'NONE', ( #4646 ), #4180 ) ;
#4646 = PRESENTATION_STYLE_ASSIGNMENT (( #4647 ) ) ;
#4647 = SURFACE_STYLE_USAGE ( .BOTH. , #4648 ) ;
#4648 = SURFACE_SIDE_STYLE ('',( #4652 ) ) ;
#4649 = FILL_AREA_STYLE ('',( #4719 ) ) ;
#4650 = DIRECTION ( 'NONE',  ( 0.0000000000000000000, -4.336808689942269400E-015, 1.000000000000000000 ) ) ;
#4651 = DIRECTION ( 'NONE',  ( 1.000000000000000000, -0.0000000000000000000, -0.0000000000000000000 ) ) ;
#4652 = SURFACE_STYLE_FILL_AREA ( #4653 ) ;
#4653 = FILL_AREA_STYLE ('',( #4641 ) ) ;
#4654 = CARTESIAN_POINT ( 'NONE',  ( 0.08450000000000000600, 0.03408217201024139900, 0.2608196956181509900 ) ) ;
#4655 = AXIS2_PLACEMENT_3D ( 'NONE', #4692, #4691, #4690 ) ;
#4656 = CIRCLE ( 'NONE', #4662, 0.009999999999999419100 ) ;
#4657 = CIRCLE ( 'NONE', #4685, 0.009999999999999419100 ) ;
#4658 = DIRECTION ( 'NONE',  ( 0.0000000000000000000, -0.9914140770548246500, 0.1307598096416873200 ) ) ;
#4659 = VECTOR ( 'NONE', #4658, 100.0000000000000000 ) ;
#4660 = CARTESIAN_POINT ( 'NONE',  ( 0.04250000000000000300, 0.03408217201024139900, 0.2608196956181509900 ) ) ;
#4661 = COLOUR_RGB ( '',0.7843137254901960700, 0.7843137254901960700, 0.8627450980392157300 ) ;
#4662 = AXIS2_PLACEMENT_3D ( 'NONE', #4660, #4651, #4650 ) ;
#4663 = CYLINDRICAL_SURFACE ( 'NONE', #4655, 0.009999999999999419100 ) ;
#4664 = CARTESIAN_POINT ( 'NONE',  ( 0.08450000000000000600, 0.07068431390853459300, 0.2459055548476029600 ) ) ;
#4665 = LINE ( 'NONE', #4664, #4659 ) ;
#4666 = DIRECTION ( 'NONE',  ( 0.0000000000000000000, -0.05233595624294479900, 0.9986295347545737200 ) ) ;
#4667 = VECTOR ( 'NONE', #4666, 100.0000000000000100 ) ;
#4668 = CARTESIAN_POINT ( 'NONE',  ( 0.08450000000000000600, 0.02409587666269619900, 0.2602963360557220000 ) ) ;
#4669 = FACE_OUTER_BOUND ( 'NONE', #4072, .T. ) ;
#4670 = DIRECTION ( 'NONE',  ( -1.000000000000000000, -0.0000000000000000000, -0.0000000000000000000 ) ) ;
#4671 = VECTOR ( 'NONE', #4670, 100.0000000000000000 ) ;
#4672 = CARTESIAN_POINT ( 'NONE',  ( 0.06350000000000000100, 0.02198492488229960400, 0.3005756955186720300 ) ) ;
#4673 = LINE ( 'NONE', #4668, #4667 ) ;
#4674 = DIRECTION ( 'NONE',  ( 0.0000000000000000000, -0.05233595624294488200, 0.9986295347545737200 ) ) ;
#4675 = LINE ( 'NONE', #4672, #4671 ) ;
#4676 = DIRECTION ( 'NONE',  ( -1.000000000000000000, -0.0000000000000000000, -0.0000000000000000000 ) ) ;
#4677 = VECTOR ( 'NONE', #4676, 100.0000000000000000 ) ;
#4678 = CARTESIAN_POINT ( 'NONE',  ( 0.1695000000000000100, 0.03277457391382445500, 0.2509055548476031300 ) ) ;
#4679 = CYLINDRICAL_SURFACE ( 'NONE', #4711, 0.009999999999999982900 ) ;
#4680 = COLOUR_RGB ( '',0.7843137254901960700, 0.7843137254901960700, 0.8627450980392157300 ) ;
#4681 = CARTESIAN_POINT ( 'NONE',  ( 0.06350000000000000100, 0.02409587666269690000, 0.2602963360557220600 ) ) ;
#4682 = LINE ( 'NONE', #4681, #4677 ) ;
#4683 = DIRECTION ( 'NONE',  ( 0.0000000000000000000, 0.0000000000000000000, 1.000000000000000000 ) ) ;
#4684 = DIRECTION ( 'NONE',  ( -1.000000000000000000, 0.0000000000000000000, 0.0000000000000000000 ) ) ;
#4685 = AXIS2_PLACEMENT_3D ( 'NONE', #4654, #4684, #4683 ) ;
#4686 = CARTESIAN_POINT ( 'NONE',  ( 0.04250000000000000300, 0.002126026898095526400, 0.2591449450183773700 ) ) ;
#4687 = CARTESIAN_POINT ( 'NONE',  ( 0.08450000000000000600, 0.002126026898095526400, 0.2591449450183773700 ) ) ;
#4688 = PLANE ( 'NONE',  #4714 ) ;
#4689 = LINE ( 'NONE', #4717, #4716 ) ;
#4690 = DIRECTION ( 'NONE',  ( 0.0000000000000000000, 0.0000000000000000000, 1.000000000000000000 ) ) ;
#4691 = DIRECTION ( 'NONE',  ( -1.000000000000000000, 0.0000000000000000000, 0.0000000000000000000 ) ) ;
#4692 = CARTESIAN_POINT ( 'NONE',  ( 0.06350000000000000100, 0.03408217201024139900, 0.2608196956181509900 ) ) ;
#4693 =( GEOMETRIC_REPRESENTATION_CONTEXT ( 3 ) GLOBAL_UNCERTAINTY_ASSIGNED_CONTEXT ( ( #4694 ) ) GLOBAL_UNIT_ASSIGNED_CONTEXT ( ( #4642, #4696, #4695 ) ) REPRESENTATION_CONTEXT ( 'NONE', 'WORKASPACE' ) );
#4694 = UNCERTAINTY_MEASURE_WITH_UNIT (LENGTH_MEASURE( 1.000000000000000100E-005 ), #4642, 'distance_accuracy_value', 'NONE');
#4695 =( NAMED_UNIT ( * ) SI_UNIT ( $, .STERADIAN. ) SOLID_ANGLE_UNIT ( ) );
#4696 =( NAMED_UNIT ( * ) PLANE_ANGLE_UNIT ( ) SI_UNIT ( $, .RADIAN. ) );
#4697 = CARTESIAN_POINT ( 'NONE',  ( 0.04250000000000000300, 0.07650000000000001200, 0.2141803043818490400 ) ) ;
#4698 = CARTESIAN_POINT ( 'NONE',  ( 0.08450000000000000600, 0.07650000000000001200, 0.2141803043818490400 ) ) ;
#4699 = FACE_OUTER_BOUND ( 'NONE', #4225, .T. ) ;
#4700 = CIRCLE ( 'NONE', #4729, 0.009999999999999982900 ) ;
#4701 =( GEOMETRIC_REPRESENTATION_CONTEXT ( 3 ) GLOBAL_UNCERTAINTY_ASSIGNED_CONTEXT ( ( #4702 ) ) GLOBAL_UNIT_ASSIGNED_CONTEXT ( ( #4705, #4704, #4703 ) ) REPRESENTATION_CONTEXT ( 'NONE', 'WORKASPACE' ) );
#4702 = UNCERTAINTY_MEASURE_WITH_UNIT (LENGTH_MEASURE( 1.000000000000000100E-005 ), #4705, 'distance_accuracy_value', 'NONE');
#4703 =( NAMED_UNIT ( * ) SI_UNIT ( $, .STERADIAN. ) SOLID_ANGLE_UNIT ( ) );
#4704 =( NAMED_UNIT ( * ) PLANE_ANGLE_UNIT ( ) SI_UNIT ( $, .RADIAN. ) );
#4705 =( LENGTH_UNIT ( ) NAMED_UNIT ( * ) SI_UNIT ( .CENTI., .METRE. ) );
#4706 = MECHANICAL_DESIGN_GEOMETRIC_PRESENTATION_REPRESENTATION (  '', ( #4708 ), #4701 ) ;
#4707 = PRESENTATION_LAYER_ASSIGNMENT (  '', '', ( #4708 ) ) ;
#4708 = STYLED_ITEM ( 'NONE', ( #4709 ), #4202 ) ;
#4709 = PRESENTATION_STYLE_ASSIGNMENT (( #4710 ) ) ;
#4710 = SURFACE_STYLE_USAGE ( .BOTH. , #4724 ) ;
#4711 = AXIS2_PLACEMENT_3D ( 'NONE', #4745, #4731, #4727 ) ;
#4712 = DIRECTION ( 'NONE',  ( -1.000000000000000000, -0.0000000000000000000, -0.0000000000000000000 ) ) ;
#4713 = CARTESIAN_POINT ( 'NONE',  ( 0.1905000000000000000, 0.07068431390853459300, 0.2459055548476029600 ) ) ;
#4714 = AXIS2_PLACEMENT_3D ( 'NONE', #4713, #4754, #4753 ) ;
#4715 = DIRECTION ( 'NONE',  ( 0.0000000000000000000, 0.9914140770548246500, -0.1307598096416873200 ) ) ;
#4716 = VECTOR ( 'NONE', #4715, 100.0000000000000000 ) ;
#4717 = CARTESIAN_POINT ( 'NONE',  ( 0.1695000000000000100, 0.03277457391382429500, 0.2509055548476030200 ) ) ;
#4718 = FACE_OUTER_BOUND ( 'NONE', #4259, .T. ) ;
#4719 = FILL_AREA_STYLE_COLOUR ( '', #4680 ) ;
#4720 = DIRECTION ( 'NONE',  ( 0.0000000000000000000, 0.05233595624294479900, -0.9986295347545737200 ) ) ;
#4721 = VECTOR ( 'NONE', #4720, 100.0000000000000100 ) ;
#4722 = CARTESIAN_POINT ( 'NONE',  ( 0.04250000000000000300, 0.02198492488229960100, 0.3005756955186720300 ) ) ;
#4723 = LINE ( 'NONE', #4722, #4721 ) ;
#4724 = SURFACE_SIDE_STYLE ('',( #4725 ) ) ;
#4725 = SURFACE_STYLE_FILL_AREA ( #4649 ) ;
#4726 = CARTESIAN_POINT ( 'NONE',  ( 0.04250000000000000300, 0.06650000000000000400, 0.2141803043818490400 ) ) ;
#4727 = DIRECTION ( 'NONE',  ( 0.0000000000000000000, 0.0000000000000000000, -1.000000000000000000 ) ) ;
#4728 = LINE ( 'NONE', #4730, #4789 ) ;
#4729 = AXIS2_PLACEMENT_3D ( 'NONE', #4726, #4783, #4782 ) ;
#4730 = CARTESIAN_POINT ( 'NONE',  ( 0.06350000000000000100, 0.07650000000000001200, 0.2141803043818490400 ) ) ;
#4731 = DIRECTION ( 'NONE',  ( 1.000000000000000000, 0.0000000000000000000, 0.0000000000000000000 ) ) ;
#4732 = CIRCLE ( 'NONE', #4772, 0.03199999999999952200 ) ;
#4733 =( GEOMETRIC_REPRESENTATION_CONTEXT ( 3 ) GLOBAL_UNCERTAINTY_ASSIGNED_CONTEXT ( ( #4734 ) ) GLOBAL_UNIT_ASSIGNED_CONTEXT ( ( #4737, #4736, #4735 ) ) REPRESENTATION_CONTEXT ( 'NONE', 'WORKASPACE' ) );
#4734 = UNCERTAINTY_MEASURE_WITH_UNIT (LENGTH_MEASURE( 1.000000000000000100E-005 ), #4737, 'distance_accuracy_value', 'NONE');
#4735 =( NAMED_UNIT ( * ) SI_UNIT ( $, .STERADIAN. ) SOLID_ANGLE_UNIT ( ) );
#4736 =( NAMED_UNIT ( * ) PLANE_ANGLE_UNIT ( ) SI_UNIT ( $, .RADIAN. ) );
#4737 =( LENGTH_UNIT ( ) NAMED_UNIT ( * ) SI_UNIT ( .CENTI., .METRE. ) );
#4738 = MECHANICAL_DESIGN_GEOMETRIC_PRESENTATION_REPRESENTATION (  '', ( #4740 ), #4733 ) ;
#4739 = PRESENTATION_LAYER_ASSIGNMENT (  '', '', ( #4740 ) ) ;
#4740 = STYLED_ITEM ( 'NONE', ( #4741 ), #4211 ) ;
#4741 = PRESENTATION_STYLE_ASSIGNMENT (( #4742 ) ) ;
#4742 = SURFACE_STYLE_USAGE ( .BOTH. , #4743 ) ;
#4743 = SURFACE_SIDE_STYLE ('',( #4744 ) ) ;
#4744 = SURFACE_STYLE_FILL_AREA ( #4752 ) ;
#4745 = CARTESIAN_POINT ( 'NONE',  ( 0.06350000000000000100, 0.06650000000000000400, 0.2141803043818490400 ) ) ;
#4746 = DIRECTION ( 'NONE',  ( 1.000000000000000000, 0.0000000000000000000, 0.0000000000000000000 ) ) ;
#4747 = VECTOR ( 'NONE', #4746, 100.0000000000000000 ) ;
#4748 = CARTESIAN_POINT ( 'NONE',  ( 0.1905000000000000000, 0.07068431390853464900, 0.2459055548476033500 ) ) ;
#4749 = FILL_AREA_STYLE_COLOUR ( '', #4750 ) ;
#4750 = COLOUR_RGB ( '',0.7843137254901960700, 0.7843137254901960700, 0.8627450980392157300 ) ;
#4751 = LINE ( 'NONE', #4748, #4747 ) ;
#4752 = FILL_AREA_STYLE ('',( #4749 ) ) ;
#4753 = DIRECTION ( 'NONE',  ( 0.0000000000000000000, -0.9914140770548247600, 0.1307598096416859300 ) ) ;
#4754 = DIRECTION ( 'NONE',  ( -0.0000000000000000000, 0.1307598096416859300, 0.9914140770548247600 ) ) ;
#4755 = PRESENTATION_LAYER_ASSIGNMENT (  '', '', ( #4756 ) ) ;
#4756 = STYLED_ITEM ( 'NONE', ( #4757 ), #4230 ) ;
#4757 = PRESENTATION_STYLE_ASSIGNMENT (( #4758 ) ) ;
#4758 = SURFACE_STYLE_USAGE ( .BOTH. , #4759 ) ;
#4759 = SURFACE_SIDE_STYLE ('',( #4773 ) ) ;
#4760 = COLOUR_RGB ( '',0.7843137254901960700, 0.7843137254901960700, 0.8627450980392157300 ) ;
#4761 = DIRECTION ( 'NONE',  ( 0.0000000000000000000, -0.9914140770548247600, 0.1307598096416862100 ) ) ;
#4762 = VECTOR ( 'NONE', #4761, 100.0000000000000100 ) ;
#4763 = PLANE ( 'NONE',  #4775 ) ;
#4764 = FILL_AREA_STYLE_COLOUR ( '', #4825 ) ;
#4765 = DIRECTION ( 'NONE',  ( 0.0000000000000000000, 0.0000000000000000000, 1.000000000000000000 ) ) ;
#4766 = DIRECTION ( 'NONE',  ( -1.000000000000000000, 0.0000000000000000000, 0.0000000000000000000 ) ) ;
#4767 = CARTESIAN_POINT ( 'NONE',  ( 0.04250000000000000300, 0.03408217201024139900, 0.2608196956181509900 ) ) ;
#4768 = CARTESIAN_POINT ( 'NONE',  ( 0.2115000000000000200, 0.07068431390853430200, 0.2459055548476031800 ) ) ;
#4769 = DIRECTION ( 'NONE',  ( 0.0000000000000000000, 1.694065894508625900E-015, 1.000000000000000000 ) ) ;
#4770 = DIRECTION ( 'NONE',  ( 1.000000000000000000, -0.0000000000000000000, -0.0000000000000000000 ) ) ;
#4771 = CARTESIAN_POINT ( 'NONE',  ( 0.08450000000000000600, 0.03408217201024139900, 0.2608196956181509900 ) ) ;
#4772 = AXIS2_PLACEMENT_3D ( 'NONE', #4771, #4770, #4769 ) ;
#4773 = SURFACE_STYLE_FILL_AREA ( #4790 ) ;
#4774 = AXIS2_PLACEMENT_3D ( 'NONE', #4767, #4766, #4765 ) ;
#4775 = AXIS2_PLACEMENT_3D ( 'NONE', #4803, #4802, #4801 ) ;
#4776 = DIRECTION ( 'NONE',  ( 0.0000000000000000000, -2.168404344971012400E-015, -1.000000000000000000 ) ) ;
#4777 = DIRECTION ( 'NONE',  ( -1.000000000000000000, -0.0000000000000000000, -0.0000000000000000000 ) ) ;
#4778 = AXIS2_PLACEMENT_3D ( 'NONE', #4786, #4777, #4776 ) ;
#4779 = FILL_AREA_STYLE_COLOUR ( '', #4760 ) ;
#4780 = CARTESIAN_POINT ( 'NONE',  ( 0.06350000000000000100, 0.06780759809641713500, 0.2240944451523972600 ) ) ;
#4781 = FACE_OUTER_BOUND ( 'NONE', #4245, .T. ) ;
#4782 = DIRECTION ( 'NONE',  ( 0.0000000000000000000, 0.0000000000000000000, -1.000000000000000000 ) ) ;
#4783 = DIRECTION ( 'NONE',  ( 1.000000000000000000, 0.0000000000000000000, 0.0000000000000000000 ) ) ;
#4784 = CARTESIAN_POINT ( 'NONE',  ( 0.04250000000000000300, 0.06780759809641709300, 0.2240944451523970100 ) ) ;
#4785 = LINE ( 'NONE', #4784, #4762 ) ;
#4786 = CARTESIAN_POINT ( 'NONE',  ( 0.08450000000000000600, 0.06650000000000000400, 0.2141803043818490400 ) ) ;
#4787 = CIRCLE ( 'NONE', #4774, 0.03199999999999952200 ) ;
#4788 = CIRCLE ( 'NONE', #4778, 0.009999999999999982900 ) ;
#4789 = VECTOR ( 'NONE', #4712, 100.0000000000000000 ) ;
#4790 = FILL_AREA_STYLE ('',( #4779 ) ) ;
#4791 = DIRECTION ( 'NONE',  ( 0.0000000000000000000, 0.05233595624294479900, -0.9986295347545737200 ) ) ;
#4792 = VECTOR ( 'NONE', #4791, 100.0000000000000100 ) ;
#4793 = LINE ( 'NONE', #4780, #4843 ) ;
#4794 = FACE_OUTER_BOUND ( 'NONE', #4314, .T. ) ;
#4795 = CARTESIAN_POINT ( 'NONE',  ( 0.04250000000000000300, 0.06780759809641698200, 0.2240944451523971800 ) ) ;
#4796 = DIRECTION ( 'NONE',  ( 0.0000000000000000000, 0.9914140770548247600, -0.1307598096416862100 ) ) ;
#4797 = VECTOR ( 'NONE', #4796, 100.0000000000000100 ) ;
#4798 = CARTESIAN_POINT ( 'NONE',  ( 0.08450000000000000600, 0.02989785810170679900, 0.2290944451523970200 ) ) ;
#4799 = LINE ( 'NONE', #4845, #4844 ) ;
#4800 = CARTESIAN_POINT ( 'NONE',  ( 0.2115000000000000200, 0.002126026898095526400, 0.2591449450183773700 ) ) ;
#4801 = DIRECTION ( 'NONE',  ( 0.0000000000000000000, 0.9914140770548247600, -0.1307598096416859300 ) ) ;
#4802 = DIRECTION ( 'NONE',  ( 0.0000000000000000000, -0.1307598096416859300, -0.9914140770548247600 ) ) ;
#4803 = CARTESIAN_POINT ( 'NONE',  ( 0.06350000000000000100, 0.06780759809641709300, 0.2240944451523970100 ) ) ;
#4804 = CARTESIAN_POINT ( 'NONE',  ( 0.08450000000000000600, 1.507511769891856400E-005, 0.2994243044813280100 ) ) ;
#4805 = LINE ( 'NONE', #4804, #4792 ) ;
#4806 = LINE ( 'NONE', #4798, #4797 ) ;
#4807 =( GEOMETRIC_REPRESENTATION_CONTEXT ( 3 ) GLOBAL_UNCERTAINTY_ASSIGNED_CONTEXT ( ( #4808 ) ) GLOBAL_UNIT_ASSIGNED_CONTEXT ( ( #4811, #4810, #4809 ) ) REPRESENTATION_CONTEXT ( 'NONE', 'WORKASPACE' ) );
#4808 = UNCERTAINTY_MEASURE_WITH_UNIT (LENGTH_MEASURE( 1.000000000000000100E-005 ), #4811, 'distance_accuracy_value', 'NONE');
#4809 =( NAMED_UNIT ( * ) SI_UNIT ( $, .STERADIAN. ) SOLID_ANGLE_UNIT ( ) );
#4810 =( NAMED_UNIT ( * ) PLANE_ANGLE_UNIT ( ) SI_UNIT ( $, .RADIAN. ) );
#4811 =( LENGTH_UNIT ( ) NAMED_UNIT ( * ) SI_UNIT ( .CENTI., .METRE. ) );
#4812 = MECHANICAL_DESIGN_GEOMETRIC_PRESENTATION_REPRESENTATION (  '', ( #4756 ), #4807 ) ;
#4813 = UNCERTAINTY_MEASURE_WITH_UNIT (LENGTH_MEASURE( 1.000000000000000100E-005 ), #4816, 'distance_accuracy_value', 'NONE');
#4814 =( NAMED_UNIT ( * ) SI_UNIT ( $, .STERADIAN. ) SOLID_ANGLE_UNIT ( ) );
#4815 =( NAMED_UNIT ( * ) PLANE_ANGLE_UNIT ( ) SI_UNIT ( $, .RADIAN. ) );
#4816 =( LENGTH_UNIT ( ) NAMED_UNIT ( * ) SI_UNIT ( .CENTI., .METRE. ) );
#4817 = MECHANICAL_DESIGN_GEOMETRIC_PRESENTATION_REPRESENTATION (  '', ( #4819 ), #4557 ) ;
#4818 = PRESENTATION_LAYER_ASSIGNMENT (  '', '', ( #4819 ) ) ;
#4819 = STYLED_ITEM ( 'NONE', ( #4820 ), #4277 ) ;
#4820 = PRESENTATION_STYLE_ASSIGNMENT (( #4821 ) ) ;
#4821 = SURFACE_STYLE_USAGE ( .BOTH. , #4822 ) ;
#4822 = SURFACE_SIDE_STYLE ('',( #4823 ) ) ;
#4823 = SURFACE_STYLE_FILL_AREA ( #4840 ) ;
#4824 = CARTESIAN_POINT ( 'NONE',  ( 0.2453034905454639900, 0.1367500000000000100, 6.000565311803510100E-035 ) ) ;
#4825 = COLOUR_RGB ( '',0.7843137254901960700, 0.7843137254901960700, 0.8627450980392157300 ) ;
#4826 = DIRECTION ( 'NONE',  ( 0.0000000000000000000, 0.05233595624294479900, -0.9986295347545737200 ) ) ;
#4827 = VECTOR ( 'NONE', #4826, 100.0000000000000100 ) ;
#4828 = CARTESIAN_POINT ( 'NONE',  ( 0.1695000000000000100, 0.02198492488229960100, 0.3005756955186720300 ) ) ;
#4829 = LINE ( 'NONE', #4828, #4827 ) ;
#4830 = PLANE ( 'NONE',  #4846 ) ;
#4831 = VECTOR ( 'NONE', #5066, 100.0000000000000000 ) ;
#4832 = DIRECTION ( 'NONE',  ( -1.000000000000000000, -0.0000000000000000000, -0.0000000000000000000 ) ) ;
#4833 = VECTOR ( 'NONE', #4832, 100.0000000000000000 ) ;
#4834 = CARTESIAN_POINT ( 'NONE',  ( 0.1905000000000000000, 0.02409587666269690000, 0.2602963360557220600 ) ) ;
#4835 = LINE ( 'NONE', #4834, #4833 ) ;
#4836 = DIRECTION ( 'NONE',  ( 0.1209742911513531100, 0.9852565360152942800, -0.1209742911513473100 ) ) ;
#4837 = DIRECTION ( 'NONE',  ( -1.000000000000000000, -0.0000000000000000000, -0.0000000000000000000 ) ) ;
#4838 = CARTESIAN_POINT ( 'NONE',  ( 0.0000000000000000000, 0.09850000000000000400, -0.2000000000000000100 ) ) ;
#4839 = LINE ( 'NONE', #4838, #4831 ) ;
#4840 = FILL_AREA_STYLE ('',( #4764 ) ) ;
#4841 = CARTESIAN_POINT ( 'NONE',  ( 0.08450000000000000600, 0.06780759809641698200, 0.2240944451523971800 ) ) ;
#4842 = DIRECTION ( 'NONE',  ( 1.000000000000000000, 0.0000000000000000000, 0.0000000000000000000 ) ) ;
#4843 = VECTOR ( 'NONE', #4842, 100.0000000000000000 ) ;
#4844 = VECTOR ( 'NONE', #4837, 100.0000000000000000 ) ;
#4845 = CARTESIAN_POINT ( 'NONE',  ( 0.1905000000000000000, 1.507511769963447700E-005, 0.2994243044813280600 ) ) ;
#4846 = AXIS2_PLACEMENT_3D ( 'NONE', #4824, #4554, #5040 ) ;
#4847 = DIRECTION ( 'NONE',  ( 1.000000000000000000, -0.0000000000000000000, -0.0000000000000000000 ) ) ;
#4848 = CARTESIAN_POINT ( 'NONE',  ( 0.1905000000000000000, 0.03277457391382435100, 0.2509055548476033500 ) ) ;
#4849 = LINE ( 'NONE', #4848, #4910 ) ;
#4850 = SURFACE_STYLE_FILL_AREA ( #4851 ) ;
#4851 = FILL_AREA_STYLE ('',( #4901 ) ) ;
#4852 = CARTESIAN_POINT ( 'NONE',  ( 0.2115000000000000200, 0.07068431390853459300, 0.2459055548476029600 ) ) ;
#4853 = LINE ( 'NONE', #4852, #4898 ) ;
#4854 = DIRECTION ( 'NONE',  ( -1.000000000000000000, -0.0000000000000000000, -0.0000000000000000000 ) ) ;
#4855 = VECTOR ( 'NONE', #4854, 100.0000000000000000 ) ;
#4856 = CARTESIAN_POINT ( 'NONE',  ( 0.1905000000000000000, 0.02198492488229960400, 0.3005756955186720300 ) ) ;
#4857 = LINE ( 'NONE', #4856, #4855 ) ;
#4858 = DIRECTION ( 'NONE',  ( 0.0000000000000000000, -0.05233595624294479900, 0.9986295347545737200 ) ) ;
#4859 = VECTOR ( 'NONE', #4858, 100.0000000000000100 ) ;
#4860 = CARTESIAN_POINT ( 'NONE',  ( 0.2115000000000000200, 0.02409587666269619900, 0.2602963360557220000 ) ) ;
#4861 = DIRECTION ( 'NONE',  ( 0.0000000000000000000, -0.9986295347545756100, -0.05233595624290972300 ) ) ;
#4862 = VECTOR ( 'NONE', #4861, 100.0000000000000100 ) ;
#4863 = CARTESIAN_POINT ( 'NONE',  ( 0.2115000000000000200, 0.02198492488229960100, 0.3005756955186720300 ) ) ;
#4864 = LINE ( 'NONE', #4863, #4862 ) ;
#4865 = CARTESIAN_POINT ( 'NONE',  ( 0.2115000000000000200, 0.02989785810170713500, 0.2290944451523969600 ) ) ;
#4866 = CIRCLE ( 'NONE', #4906, 0.009999999999999419100 ) ;
#4867 = DIRECTION ( 'NONE',  ( 1.000000000000000000, -0.0000000000000000000, -0.0000000000000000000 ) ) ;
#4868 = CARTESIAN_POINT ( 'NONE',  ( 0.2114999999999999700, 1.507511769915493900E-005, 0.2994243044813280600 ) ) ;
#4869 = CARTESIAN_POINT ( 'NONE',  ( 0.1694999999999999800, 0.02198492488229971900, 0.3005756955186720300 ) ) ;
#4870 = DIRECTION ( 'NONE',  ( 0.0000000000000000000, -0.05233595624294488200, 0.9986295347545737200 ) ) ;
#4871 = DIRECTION ( 'NONE',  ( -0.0000000000000000000, 0.9986295347545738300, 0.05233595624294488900 ) ) ;
#4872 = CARTESIAN_POINT ( 'NONE',  ( 0.1905000000000000000, 0.02409587666269690000, 0.2602963360557220000 ) ) ;
#4873 = AXIS2_PLACEMENT_3D ( 'NONE', #4872, #4871, #4870 ) ;
#4874 = LINE ( 'NONE', #4860, #4859 ) ;
#4875 = AXIS2_PLACEMENT_3D ( 'NONE', #4899, #4867, #4891 ) ;
#4876 = CARTESIAN_POINT ( 'NONE',  ( 0.2114999999999999700, 0.02198492488229960100, 0.3005756955186720300 ) ) ;
#4877 = PLANE ( 'NONE',  #4873 ) ;
#4878 = CARTESIAN_POINT ( 'NONE',  ( 0.1695000000000000100, 0.02989785810170713500, 0.2290944451523969600 ) ) ;
#4879 =( NAMED_UNIT ( * ) SI_UNIT ( $, .STERADIAN. ) SOLID_ANGLE_UNIT ( ) );
#4880 =( NAMED_UNIT ( * ) PLANE_ANGLE_UNIT ( ) SI_UNIT ( $, .RADIAN. ) );
#4881 =( LENGTH_UNIT ( ) NAMED_UNIT ( * ) SI_UNIT ( .CENTI., .METRE. ) );
#4882 = MECHANICAL_DESIGN_GEOMETRIC_PRESENTATION_REPRESENTATION (  '', ( #4884 ), #4932 ) ;
#4883 = PRESENTATION_LAYER_ASSIGNMENT (  '', '', ( #4884 ) ) ;
#4884 = STYLED_ITEM ( 'NONE', ( #4885 ), #4322 ) ;
#4885 = PRESENTATION_STYLE_ASSIGNMENT (( #4886 ) ) ;
#4886 = SURFACE_STYLE_USAGE ( .BOTH. , #4887 ) ;
#4887 = SURFACE_SIDE_STYLE ('',( #4850 ) ) ;
#4888 = FILL_AREA_STYLE ('',( #4928 ) ) ;
#4889 = COLOUR_RGB ( '',0.7843137254901960700, 0.7843137254901960700, 0.8627450980392157300 ) ;
#4890 = FACE_OUTER_BOUND ( 'NONE', #4324, .T. ) ;
#4891 = DIRECTION ( 'NONE',  ( 0.0000000000000000000, -4.336808689942269400E-015, 1.000000000000000000 ) ) ;
#4892 = CARTESIAN_POINT ( 'NONE',  ( 0.1905000000000000000, 0.03408217201024139900, 0.2608196956181509900 ) ) ;
#4893 = SURFACE_SIDE_STYLE ('',( #4894 ) ) ;
#4894 = SURFACE_STYLE_FILL_AREA ( #4888 ) ;
#4895 = CYLINDRICAL_SURFACE ( 'NONE', #4929, 0.009999999999999982900 ) ;
#4896 = CARTESIAN_POINT ( 'NONE',  ( 0.1695000000000000100, 0.02409587666269656000, 0.2602963360557218300 ) ) ;
#4897 = DIRECTION ( 'NONE',  ( 0.0000000000000000000, -0.9914140770548246500, 0.1307598096416873200 ) ) ;
#4898 = VECTOR ( 'NONE', #4897, 100.0000000000000000 ) ;
#4899 = CARTESIAN_POINT ( 'NONE',  ( 0.1695000000000000100, 0.03408217201024139900, 0.2608196956181509900 ) ) ;
#4900 = AXIS2_PLACEMENT_3D ( 'NONE', #4892, #4925, #4924 ) ;
#4901 = FILL_AREA_STYLE_COLOUR ( '', #4902 ) ;
#4902 = COLOUR_RGB ( '',0.7843137254901960700, 0.7843137254901960700, 0.8627450980392157300 ) ;
#4903 = DIRECTION ( 'NONE',  ( 0.0000000000000000000, 0.0000000000000000000, 1.000000000000000000 ) ) ;
#4904 = DIRECTION ( 'NONE',  ( -1.000000000000000000, 0.0000000000000000000, 0.0000000000000000000 ) ) ;
#4905 = CARTESIAN_POINT ( 'NONE',  ( 0.2115000000000000200, 0.03408217201024139900, 0.2608196956181509900 ) ) ;
#4906 = AXIS2_PLACEMENT_3D ( 'NONE', #4905, #4904, #4903 ) ;
#4907 = CIRCLE ( 'NONE', #4875, 0.009999999999999419100 ) ;
#4908 = CARTESIAN_POINT ( 'NONE',  ( 0.2115000000000000200, 0.03277457391382445500, 0.2509055548476031300 ) ) ;
#4909 = CARTESIAN_POINT ( 'NONE',  ( 0.2115000000000000200, 0.02409587666269656000, 0.2602963360557218300 ) ) ;
#4910 = VECTOR ( 'NONE', #4847, 100.0000000000000000 ) ;
#4911 =( GEOMETRIC_REPRESENTATION_CONTEXT ( 3 ) GLOBAL_UNCERTAINTY_ASSIGNED_CONTEXT ( ( #4912 ) ) GLOBAL_UNIT_ASSIGNED_CONTEXT ( ( #4915, #4914, #4913 ) ) REPRESENTATION_CONTEXT ( 'NONE', 'WORKASPACE' ) );
#4912 = UNCERTAINTY_MEASURE_WITH_UNIT (LENGTH_MEASURE( 1.000000000000000100E-005 ), #4915, 'distance_accuracy_value', 'NONE');
#4913 =( NAMED_UNIT ( * ) SI_UNIT ( $, .STERADIAN. ) SOLID_ANGLE_UNIT ( ) );
#4914 =( NAMED_UNIT ( * ) PLANE_ANGLE_UNIT ( ) SI_UNIT ( $, .RADIAN. ) );
#4915 =( LENGTH_UNIT ( ) NAMED_UNIT ( * ) SI_UNIT ( .CENTI., .METRE. ) );
#4916 = MECHANICAL_DESIGN_GEOMETRIC_PRESENTATION_REPRESENTATION (  '', ( #4918 ), #4911 ) ;
#4917 = PRESENTATION_LAYER_ASSIGNMENT (  '', '', ( #4918 ) ) ;
#4918 = STYLED_ITEM ( 'NONE', ( #4919 ), #4343 ) ;
#4919 = PRESENTATION_STYLE_ASSIGNMENT (( #4920 ) ) ;
#4920 = SURFACE_STYLE_USAGE ( .BOTH. , #4893 ) ;
#4921 = CARTESIAN_POINT ( 'NONE',  ( 0.1905000000000000000, 0.06650000000000000400, 0.2141803043818490400 ) ) ;
#4922 = AXIS2_PLACEMENT_3D ( 'NONE', #4943, #4942, #4941 ) ;
#4923 = FACE_OUTER_BOUND ( 'NONE', #4354, .T. ) ;
#4924 = DIRECTION ( 'NONE',  ( 0.0000000000000000000, 0.0000000000000000000, 1.000000000000000000 ) ) ;
#4925 = DIRECTION ( 'NONE',  ( -1.000000000000000000, 0.0000000000000000000, 0.0000000000000000000 ) ) ;
#4926 = CARTESIAN_POINT ( 'NONE',  ( 0.1695000000000000100, 0.07068431390853430200, 0.2459055548476031800 ) ) ;
#4927 = CIRCLE ( 'NONE', #4961, 0.009999999999999982900 ) ;
#4928 = FILL_AREA_STYLE_COLOUR ( '', #4889 ) ;
#4929 = AXIS2_PLACEMENT_3D ( 'NONE', #4921, #4968, #4966 ) ;
#4930 = CYLINDRICAL_SURFACE ( 'NONE', #4900, 0.009999999999999419100 ) ;
#4931 = FILL_AREA_STYLE ('',( #4946 ) ) ;
#4932 =( GEOMETRIC_REPRESENTATION_CONTEXT ( 3 ) GLOBAL_UNCERTAINTY_ASSIGNED_CONTEXT ( ( #4933 ) ) GLOBAL_UNIT_ASSIGNED_CONTEXT ( ( #4881, #4880, #4879 ) ) REPRESENTATION_CONTEXT ( 'NONE', 'WORKASPACE' ) );
#4933 = UNCERTAINTY_MEASURE_WITH_UNIT (LENGTH_MEASURE( 1.000000000000000100E-005 ), #4881, 'distance_accuracy_value', 'NONE');
#4934 = MECHANICAL_DESIGN_GEOMETRIC_PRESENTATION_REPRESENTATION (  '', ( #4936 ), #4989 ) ;
#4935 = PRESENTATION_LAYER_ASSIGNMENT (  '', '', ( #4936 ) ) ;
#4936 = STYLED_ITEM ( 'NONE', ( #4937 ), #4358 ) ;
#4937 = PRESENTATION_STYLE_ASSIGNMENT (( #4938 ) ) ;
#4938 = SURFACE_STYLE_USAGE ( .BOTH. , #4939 ) ;
#4939 = SURFACE_SIDE_STYLE ('',( #4948 ) ) ;
#4940 = CARTESIAN_POINT ( 'NONE',  ( 0.2115000000000000200, 0.07650000000000001200, 0.2141803043818490400 ) ) ;
#4941 = DIRECTION ( 'NONE',  ( 0.0000000000000000000, 0.0000000000000000000, -1.000000000000000000 ) ) ;
#4942 = DIRECTION ( 'NONE',  ( 1.000000000000000000, 0.0000000000000000000, 0.0000000000000000000 ) ) ;
#4943 = CARTESIAN_POINT ( 'NONE',  ( 0.1695000000000000100, 0.06650000000000000400, 0.2141803043818490400 ) ) ;
#4944 = CARTESIAN_POINT ( 'NONE',  ( 0.1695000000000000100, 0.06780759809641698200, 0.2240944451523971800 ) ) ;
#4945 = FACE_OUTER_BOUND ( 'NONE', #4395, .T. ) ;
#4946 = FILL_AREA_STYLE_COLOUR ( '', #4947 ) ;
#4947 = COLOUR_RGB ( '',0.7843137254901960700, 0.7843137254901960700, 0.8627450980392157300 ) ;
#4948 = SURFACE_STYLE_FILL_AREA ( #4931 ) ;
#4949 = DIRECTION ( 'NONE',  ( 0.0000000000000000000, -0.9914140770548247600, 0.1307598096416862100 ) ) ;
#4950 = VECTOR ( 'NONE', #4949, 100.0000000000000100 ) ;
#4951 = DIRECTION ( 'NONE',  ( -1.000000000000000000, 0.0000000000000000000, 0.0000000000000000000 ) ) ;
#4952 = CARTESIAN_POINT ( 'NONE',  ( 0.1905000000000000000, 0.02989785810170679500, 0.2290944451523970200 ) ) ;
#4953 = CIRCLE ( 'NONE', #4922, 0.009999999999999982900 ) ;
#4954 = DIRECTION ( 'NONE',  ( -1.000000000000000000, -0.0000000000000000000, -0.0000000000000000000 ) ) ;
#4955 = VECTOR ( 'NONE', #4954, 100.0000000000000000 ) ;
#4956 = CARTESIAN_POINT ( 'NONE',  ( 0.06350000000000000100, 0.07650000000000001200, 0.2141803043818490400 ) ) ;
#4957 = CARTESIAN_POINT ( 'NONE',  ( 0.1695000000000000100, 0.06780759809641709300, 0.2240944451523970100 ) ) ;
#4958 = LINE ( 'NONE', #4957, #4950 ) ;
#4959 = CARTESIAN_POINT ( 'NONE',  ( 0.1695000000000000400, 0.07650000000000001200, 0.2141803043818490400 ) ) ;
#4960 = DIRECTION ( 'NONE',  ( 0.0000000000000000000, -2.168404344971012400E-015, -1.000000000000000000 ) ) ;
#4961 = AXIS2_PLACEMENT_3D ( 'NONE', #4965, #4967, #4960 ) ;
#4962 = FACE_OUTER_BOUND ( 'NONE', #4275, .T. ) ;
#4963 = LINE ( 'NONE', #4956, #4955 ) ;
#4964 = PLANE ( 'NONE',  #4984 ) ;
#4965 = CARTESIAN_POINT ( 'NONE',  ( 0.2115000000000000200, 0.06650000000000000400, 0.2141803043818490400 ) ) ;
#4966 = DIRECTION ( 'NONE',  ( 0.0000000000000000000, 0.0000000000000000000, -1.000000000000000000 ) ) ;
#4967 = DIRECTION ( 'NONE',  ( -1.000000000000000000, -0.0000000000000000000, -0.0000000000000000000 ) ) ;
#4968 = DIRECTION ( 'NONE',  ( 1.000000000000000000, 0.0000000000000000000, 0.0000000000000000000 ) ) ;
#4969 =( LENGTH_UNIT ( ) NAMED_UNIT ( * ) SI_UNIT ( .CENTI., .METRE. ) );
#4970 = MECHANICAL_DESIGN_GEOMETRIC_PRESENTATION_REPRESENTATION (  '', ( #4972 ), #5015 ) ;
#4971 = PRESENTATION_LAYER_ASSIGNMENT (  '', '', ( #4972 ) ) ;
#4972 = STYLED_ITEM ( 'NONE', ( #4973 ), #4367 ) ;
#4973 = PRESENTATION_STYLE_ASSIGNMENT (( #4974 ) ) ;
#4974 = SURFACE_STYLE_USAGE ( .BOTH. , #4975 ) ;
#4975 = SURFACE_SIDE_STYLE ('',( #4986 ) ) ;
#4976 = DIRECTION ( 'NONE',  ( -1.000000000000000000, -0.0000000000000000000, -0.0000000000000000000 ) ) ;
#4977 = VECTOR ( 'NONE', #4976, 100.0000000000000000 ) ;
#4978 = AXIS2_PLACEMENT_3D ( 'NONE', #5013, #5012, #5011 ) ;
#4979 = FILL_AREA_STYLE_COLOUR ( '', #4988 ) ;
#4980 = PLANE ( 'NONE',  #4978 ) ;
#4981 = DIRECTION ( 'NONE',  ( 0.0000000000000000000, 0.9914140770548247600, -0.1307598096416859300 ) ) ;
#4982 = DIRECTION ( 'NONE',  ( 0.0000000000000000000, -0.1307598096416859300, -0.9914140770548247600 ) ) ;
#4983 = CARTESIAN_POINT ( 'NONE',  ( 0.1905000000000000000, 0.06780759809641709300, 0.2240944451523970100 ) ) ;
#4984 = AXIS2_PLACEMENT_3D ( 'NONE', #4983, #4982, #4981 ) ;
#4985 = LINE ( 'NONE', #4952, #4977 ) ;
#4986 = SURFACE_STYLE_FILL_AREA ( #4987 ) ;
#4987 = FILL_AREA_STYLE ('',( #4979 ) ) ;
#4988 = COLOUR_RGB ( '',0.7843137254901960700, 0.7843137254901960700, 0.8627450980392157300 ) ;
#4989 =( GEOMETRIC_REPRESENTATION_CONTEXT ( 3 ) GLOBAL_UNCERTAINTY_ASSIGNED_CONTEXT ( ( #4990 ) ) GLOBAL_UNIT_ASSIGNED_CONTEXT ( ( #4993, #4992, #4991 ) ) REPRESENTATION_CONTEXT ( 'NONE', 'WORKASPACE' ) );
#4990 = UNCERTAINTY_MEASURE_WITH_UNIT (LENGTH_MEASURE( 1.000000000000000100E-005 ), #4993, 'distance_accuracy_value', 'NONE');
#4991 =( NAMED_UNIT ( * ) SI_UNIT ( $, .STERADIAN. ) SOLID_ANGLE_UNIT ( ) );
#4992 =( NAMED_UNIT ( * ) PLANE_ANGLE_UNIT ( ) SI_UNIT ( $, .RADIAN. ) );
#4993 =( LENGTH_UNIT ( ) NAMED_UNIT ( * ) SI_UNIT ( .CENTI., .METRE. ) );
#4994 = CIRCLE ( 'NONE', #5044, 0.03199999999999952200 ) ;
#4995 = CARTESIAN_POINT ( 'NONE',  ( 0.1905000000000000000, 0.06780759809641713500, 0.2240944451523972600 ) ) ;
#4996 = LINE ( 'NONE', #4995, #5047 ) ;
#4997 = DIRECTION ( 'NONE',  ( 0.0000000000000000000, -0.05233595624294479900, 0.9986295347545737200 ) ) ;
#4998 = VECTOR ( 'NONE', #4997, 100.0000000000000100 ) ;
#4999 = CARTESIAN_POINT ( 'NONE',  ( 0.1695000000000000100, 0.002126026898095518100, 0.2591449450183779800 ) ) ;
#5000 = DIRECTION ( 'NONE',  ( -1.000000000000000000, 0.0000000000000000000, 0.0000000000000000000 ) ) ;
#5001 = VECTOR ( 'NONE', #5000, 100.0000000000000000 ) ;
#5002 = CARTESIAN_POINT ( 'NONE',  ( 0.1695000000000000100, 0.03408217201024139900, 0.2608196956181509900 ) ) ;
#5003 = CARTESIAN_POINT ( 'NONE',  ( 0.1905000000000000000, 0.002126026898095469100, 0.2591449450183779800 ) ) ;
#5004 = LINE ( 'NONE', #5003, #5001 ) ;
#5005 = LINE ( 'NONE', #4999, #4998 ) ;
#5006 = DIRECTION ( 'NONE',  ( 0.0000000000000000000, 0.05233595624294479900, -0.9986295347545737200 ) ) ;
#5007 = VECTOR ( 'NONE', #5006, 100.0000000000000100 ) ;
#5008 = AXIS2_PLACEMENT_3D ( 'NONE', #5002, #4951, #5048 ) ;
#5009 = CARTESIAN_POINT ( 'NONE',  ( 0.2115000000000000200, 1.507511769891856400E-005, 0.2994243044813280100 ) ) ;
#5010 = LINE ( 'NONE', #5009, #5007 ) ;
#5011 = DIRECTION ( 'NONE',  ( 0.0000000000000000000, 0.05233595624294488200, -0.9986295347545737200 ) ) ;
#5012 = DIRECTION ( 'NONE',  ( 0.0000000000000000000, -0.9986295347545738300, -0.05233595624294488900 ) ) ;
#5013 = CARTESIAN_POINT ( 'NONE',  ( 0.1905000000000000000, 0.002126026898096240200, 0.2591449450183779800 ) ) ;
#5014 = CIRCLE ( 'NONE', #5008, 0.03199999999999952200 ) ;
#5015 =( GEOMETRIC_REPRESENTATION_CONTEXT ( 3 ) GLOBAL_UNCERTAINTY_ASSIGNED_CONTEXT ( ( #5016 ) ) GLOBAL_UNIT_ASSIGNED_CONTEXT ( ( #4969, #5018, #5017 ) ) REPRESENTATION_CONTEXT ( 'NONE', 'WORKASPACE' ) );
#5016 = UNCERTAINTY_MEASURE_WITH_UNIT (LENGTH_MEASURE( 1.000000000000000100E-005 ), #4969, 'distance_accuracy_value', 'NONE');
#5017 =( NAMED_UNIT ( * ) SI_UNIT ( $, .STERADIAN. ) SOLID_ANGLE_UNIT ( ) );
#5018 =( NAMED_UNIT ( * ) PLANE_ANGLE_UNIT ( ) SI_UNIT ( $, .RADIAN. ) );
#5019 =( GEOMETRIC_REPRESENTATION_CONTEXT ( 3 ) GLOBAL_UNCERTAINTY_ASSIGNED_CONTEXT ( ( #5020 ) ) GLOBAL_UNIT_ASSIGNED_CONTEXT ( ( #5023, #5022, #5021 ) ) REPRESENTATION_CONTEXT ( 'NONE', 'WORKASPACE' ) );
#5020 = UNCERTAINTY_MEASURE_WITH_UNIT (LENGTH_MEASURE( 1.000000000000000100E-005 ), #5023, 'distance_accuracy_value', 'NONE');
#5021 =( NAMED_UNIT ( * ) SI_UNIT ( $, .STERADIAN. ) SOLID_ANGLE_UNIT ( ) );
#5022 =( NAMED_UNIT ( * ) PLANE_ANGLE_UNIT ( ) SI_UNIT ( $, .RADIAN. ) );
#5023 =( LENGTH_UNIT ( ) NAMED_UNIT ( * ) SI_UNIT ( .CENTI., .METRE. ) );
#5024 = MECHANICAL_DESIGN_GEOMETRIC_PRESENTATION_REPRESENTATION (  '', ( #5026 ), #5019 ) ;
#5025 = PRESENTATION_LAYER_ASSIGNMENT (  '', '', ( #5026 ) ) ;
#5026 = STYLED_ITEM ( 'NONE', ( #5027 ), #4394 ) ;
#5027 = PRESENTATION_STYLE_ASSIGNMENT (( #5028 ) ) ;
#5028 = SURFACE_STYLE_USAGE ( .BOTH. , #5029 ) ;
#5029 = SURFACE_SIDE_STYLE ('',( #5030 ) ) ;
#5030 = SURFACE_STYLE_FILL_AREA ( #5031 ) ;
#5031 = FILL_AREA_STYLE ('',( #5050 ) ) ;
#5032 = CYLINDRICAL_SURFACE ( 'NONE', #5049, 0.03199999999999952200 ) ;
#5033 = SURFACE_SIDE_STYLE ('',( #5034 ) ) ;
#5034 = SURFACE_STYLE_FILL_AREA ( #5067 ) ;
#5035 = DIRECTION ( 'NONE',  ( -1.000000000000000000, 0.0000000000000000000, 0.0000000000000000000 ) ) ;
#5036 = CARTESIAN_POINT ( 'NONE',  ( 0.1905000000000000000, 0.03408217201024139900, 0.2608196956181509900 ) ) ;
#5037 = DIRECTION ( 'NONE',  ( 1.000000000000000000, 0.0000000000000000000, 0.0000000000000000000 ) ) ;
#5038 = FILL_AREA_STYLE_COLOUR ( '', #5064 ) ;
#5039 = CARTESIAN_POINT ( 'NONE',  ( 0.2115000000000000200, 0.06780759809641698200, 0.2240944451523971800 ) ) ;
#5040 = DIRECTION ( 'NONE',  ( -0.1218693434051465700, 0.9925461516413222100, 0.0000000000000000000 ) ) ;
#5041 = DIRECTION ( 'NONE',  ( 0.0000000000000000000, 1.694065894508625900E-015, 1.000000000000000000 ) ) ;
#5042 = DIRECTION ( 'NONE',  ( 1.000000000000000000, -0.0000000000000000000, -0.0000000000000000000 ) ) ;
#5043 = CARTESIAN_POINT ( 'NONE',  ( 0.2115000000000000200, 0.03408217201024139900, 0.2608196956181509900 ) ) ;
#5044 = AXIS2_PLACEMENT_3D ( 'NONE', #5043, #5042, #5041 ) ;
#5045 = FACE_OUTER_BOUND ( 'NONE', #4269, .T. ) ;
#5046 = COLOUR_RGB ( '',0.7843137254901960700, 0.7843137254901960700, 0.8627450980392157300 ) ;
#5047 = VECTOR ( 'NONE', #5037, 100.0000000000000000 ) ;
#5048 = DIRECTION ( 'NONE',  ( 0.0000000000000000000, 0.0000000000000000000, 1.000000000000000000 ) ) ;
#5049 = AXIS2_PLACEMENT_3D ( 'NONE', #5036, #5035, #5070 ) ;
#5050 = FILL_AREA_STYLE_COLOUR ( '', #5046 ) ;
#5051 =( GEOMETRIC_REPRESENTATION_CONTEXT ( 3 ) GLOBAL_UNCERTAINTY_ASSIGNED_CONTEXT ( ( #5052 ) ) GLOBAL_UNIT_ASSIGNED_CONTEXT ( ( #5055, #5054, #5053 ) ) REPRESENTATION_CONTEXT ( 'NONE', 'WORKASPACE' ) );
#5052 = UNCERTAINTY_MEASURE_WITH_UNIT (LENGTH_MEASURE( 1.000000000000000100E-005 ), #5055, 'distance_accuracy_value', 'NONE');
#5053 =( NAMED_UNIT ( * ) SI_UNIT ( $, .STERADIAN. ) SOLID_ANGLE_UNIT ( ) );
#5054 =( NAMED_UNIT ( * ) PLANE_ANGLE_UNIT ( ) SI_UNIT ( $, .RADIAN. ) );
#5055 =( LENGTH_UNIT ( ) NAMED_UNIT ( * ) SI_UNIT ( .CENTI., .METRE. ) );
#5056 = MECHANICAL_DESIGN_GEOMETRIC_PRESENTATION_REPRESENTATION (  '', ( #5058 ), #5051 ) ;
#5057 = PRESENTATION_LAYER_ASSIGNMENT (  '', '', ( #5058 ) ) ;
#5058 = STYLED_ITEM ( 'NONE', ( #5059 ), #4399 ) ;
#5059 = PRESENTATION_STYLE_ASSIGNMENT (( #5060 ) ) ;
#5060 = SURFACE_STYLE_USAGE ( .BOTH. , #5033 ) ;
#5061 = FACE_OUTER_BOUND ( 'NONE', #4281, .T. ) ;
#5062 = DIRECTION ( 'NONE',  ( 0.0000000000000000000, 0.9986295347545756100, 0.05233595624290972300 ) ) ;
#5063 = VECTOR ( 'NONE', #5062, 100.0000000000000100 ) ;
#5064 = COLOUR_RGB ( '',0.7843137254901960700, 0.7843137254901960700, 0.8627450980392157300 ) ;
#5065 = CARTESIAN_POINT ( 'NONE',  ( 0.1695000000000000100, 0.002126026898095526400, 0.2591449450183773700 ) ) ;
#5066 = DIRECTION ( 'NONE',  ( 1.000000000000000000, -0.0000000000000000000, 0.0000000000000000000 ) ) ;
#5067 = FILL_AREA_STYLE ('',( #5038 ) ) ;
#5068 = LINE ( 'NONE', #5069, #5063 ) ;
#5069 = CARTESIAN_POINT ( 'NONE',  ( 0.1695000000000000100, 1.507511769891856400E-005, 0.2994243044813280100 ) ) ;
#5070 = DIRECTION ( 'NONE',  ( 0.0000000000000000000, 0.0000000000000000000, 1.000000000000000000 ) ) ;
#5071 = FACE_OUTER_BOUND ( 'NONE', #4412, .T. ) ;
#5072 = CYLINDRICAL_SURFACE ( 'NONE', #5131, 0.009999999999999419100 ) ;
#5073 = FILL_AREA_STYLE ('',( #5134 ) ) ;
#5074 = COLOUR_RGB ( '',0.7843137254901960700, 0.7843137254901960700, 0.8627450980392157300 ) ;
#5075 = AXIS2_PLACEMENT_3D ( 'NONE', #5115, #5114, #5113 ) ;
#5076 = CARTESIAN_POINT ( 'NONE',  ( 0.1694999999999999800, 0.02198492488229960100, -0.3005756955186720300 ) ) ;
#5077 = VECTOR ( 'NONE', #5088, 100.0000000000000100 ) ;
#5078 = SURFACE_SIDE_STYLE ('',( #5079 ) ) ;
#5079 = SURFACE_STYLE_FILL_AREA ( #5073 ) ;
#5080 = CARTESIAN_POINT ( 'NONE',  ( 0.1905000000000000000, 0.02409587666269590000, -0.2602963360557220000 ) ) ;
#5081 = LINE ( 'NONE', #5080, #5099 ) ;
#5082 = DIRECTION ( 'NONE',  ( 0.0000000000000000000, 1.084202172485567300E-015, -1.000000000000000000 ) ) ;
#5083 = DIRECTION ( 'NONE',  ( -1.000000000000000000, -0.0000000000000000000, -0.0000000000000000000 ) ) ;
#5084 = AXIS2_PLACEMENT_3D ( 'NONE', #5096, #5083, #5082 ) ;
#5085 = CIRCLE ( 'NONE', #5084, 0.009999999999999419100 ) ;
#5086 = LINE ( 'NONE', #5089, #5077 ) ;
#5087 = CARTESIAN_POINT ( 'NONE',  ( 0.2115000000000000200, 0.02409587666269606000, -0.2602963360557217800 ) ) ;
#5088 = DIRECTION ( 'NONE',  ( 0.0000000000000000000, 0.05233595624294479900, 0.9986295347545737200 ) ) ;
#5089 = CARTESIAN_POINT ( 'NONE',  ( 0.2115000000000000200, 0.02198492488229960100, -0.3005756955186720300 ) ) ;
#5090 = DIRECTION ( 'NONE',  ( 1.000000000000000000, 0.0000000000000000000, 0.0000000000000000000 ) ) ;
#5091 = VECTOR ( 'NONE', #5090, 100.0000000000000000 ) ;
#5092 = CARTESIAN_POINT ( 'NONE',  ( 0.1905000000000000000, 1.507511769860651700E-005, -0.2994243044813280100 ) ) ;
#5093 = LINE ( 'NONE', #5092, #5091 ) ;
#5094 = CARTESIAN_POINT ( 'NONE',  ( 0.1694999999999999800, 1.507511769881228900E-005, -0.2994243044813279500 ) ) ;
#5095 = CARTESIAN_POINT ( 'NONE',  ( 0.2115000000000000200, 0.002126026898095526400, -0.2591449450183773700 ) ) ;
#5096 = CARTESIAN_POINT ( 'NONE',  ( 0.2115000000000000200, 0.03408217201024139900, -0.2608196956181509900 ) ) ;
#5097 = CARTESIAN_POINT ( 'NONE',  ( 0.1695000000000000100, 0.002126026898095526400, -0.2591449450183773700 ) ) ;
#5098 = CARTESIAN_POINT ( 'NONE',  ( 0.1694999999999999800, 1.507511769915720100E-005, 0.2994243044813280600 ) ) ;
#5099 = VECTOR ( 'NONE', #5133, 100.0000000000000000 ) ;
#5100 = DIRECTION ( 'NONE',  ( 0.0000000000000000000, -0.9986295347545756100, -0.05233595624291157600 ) ) ;
#5101 = DIRECTION ( 'NONE',  ( 0.0000000000000000000, -0.05233595624291157600, 0.9986295347545756100 ) ) ;
#5102 = CARTESIAN_POINT ( 'NONE',  ( 0.1905000000000000000, 0.01099999999999999900, 0.2999999999999999900 ) ) ;
#5103 = AXIS2_PLACEMENT_3D ( 'NONE', #5102, #5101, #5100 ) ;
#5104 = PLANE ( 'NONE',  #5103 ) ;
#5105 = CARTESIAN_POINT ( 'NONE',  ( 0.2114999999999999700, 0.02198492488229955200, -0.3005756955186720300 ) ) ;
#5106 = LINE ( 'NONE', #5112, #5108 ) ;
#5107 = COLOUR_RGB ( '',0.7843137254901960700, 0.7843137254901960700, 0.8627450980392157300 ) ;
#5108 = VECTOR ( 'NONE', #5156, 100.0000000000000000 ) ;
#5109 = DIRECTION ( 'NONE',  ( -1.000000000000000000, -0.0000000000000000000, -0.0000000000000000000 ) ) ;
#5110 = VECTOR ( 'NONE', #5109, 100.0000000000000000 ) ;
#5111 = CARTESIAN_POINT ( 'NONE',  ( 0.1905000000000000000, 0.02198492488229960400, -0.3005756955186720300 ) ) ;
#5112 = CARTESIAN_POINT ( 'NONE',  ( 0.1695000000000000100, 0.07068431390853459300, -0.2459055548476029600 ) ) ;
#5113 = DIRECTION ( 'NONE',  ( 0.0000000000000000000, 0.05233595624294488200, 0.9986295347545737200 ) ) ;
#5114 = DIRECTION ( 'NONE',  ( 0.0000000000000000000, 0.9986295347545738300, -0.05233595624294488900 ) ) ;
#5115 = CARTESIAN_POINT ( 'NONE',  ( 0.1905000000000000000, 0.02409587666269590000, -0.2602963360557220000 ) ) ;
#5116 = FILL_AREA_STYLE_COLOUR ( '', #5107 ) ;
#5117 = CIRCLE ( 'NONE', #5138, 0.009999999999999419100 ) ;
#5118 = LINE ( 'NONE', #5111, #5110 ) ;
#5119 = FACE_OUTER_BOUND ( 'NONE', #4441, .T. ) ;
#5120 =( GEOMETRIC_REPRESENTATION_CONTEXT ( 3 ) GLOBAL_UNCERTAINTY_ASSIGNED_CONTEXT ( ( #5121 ) ) GLOBAL_UNIT_ASSIGNED_CONTEXT ( ( #5124, #5123, #5122 ) ) REPRESENTATION_CONTEXT ( 'NONE', 'WORKASPACE' ) );
#5121 = UNCERTAINTY_MEASURE_WITH_UNIT (LENGTH_MEASURE( 1.000000000000000100E-005 ), #5124, 'distance_accuracy_value', 'NONE');
#5122 =( NAMED_UNIT ( * ) SI_UNIT ( $, .STERADIAN. ) SOLID_ANGLE_UNIT ( ) );
#5123 =( NAMED_UNIT ( * ) PLANE_ANGLE_UNIT ( ) SI_UNIT ( $, .RADIAN. ) );
#5124 =( LENGTH_UNIT ( ) NAMED_UNIT ( * ) SI_UNIT ( .CENTI., .METRE. ) );
#5125 = MECHANICAL_DESIGN_GEOMETRIC_PRESENTATION_REPRESENTATION (  '', ( #5127 ), #5120 ) ;
#5126 = PRESENTATION_LAYER_ASSIGNMENT (  '', '', ( #5127 ) ) ;
#5127 = STYLED_ITEM ( 'NONE', ( #5128 ), #4420 ) ;
#5128 = PRESENTATION_STYLE_ASSIGNMENT (( #5129 ) ) ;
#5129 = SURFACE_STYLE_USAGE ( .BOTH. , #5078 ) ;
#5130 = PLANE ( 'NONE',  #5075 ) ;
#5131 = AXIS2_PLACEMENT_3D ( 'NONE', #5157, #5141, #5140 ) ;
#5132 = FILL_AREA_STYLE ('',( #5116 ) ) ;
#5133 = DIRECTION ( 'NONE',  ( 1.000000000000000000, -0.0000000000000000000, 0.0000000000000000000 ) ) ;
#5134 = FILL_AREA_STYLE_COLOUR ( '', #5074 ) ;
#5135 = SURFACE_STYLE_USAGE ( .BOTH. , #5136 ) ;
#5136 = SURFACE_SIDE_STYLE ('',( #5187 ) ) ;
#5137 = AXIS2_PLACEMENT_3D ( 'NONE', #5143, #5219, #5218 ) ;
#5138 = AXIS2_PLACEMENT_3D ( 'NONE', #5186, #5185, #5184 ) ;
#5139 = CARTESIAN_POINT ( 'NONE',  ( 0.1695000000000000100, 0.02409587666269606000, -0.2602963360557217800 ) ) ;
#5140 = DIRECTION ( 'NONE',  ( 0.0000000000000000000, 0.0000000000000000000, -1.000000000000000000 ) ) ;
#5141 = DIRECTION ( 'NONE',  ( 1.000000000000000000, 0.0000000000000000000, 0.0000000000000000000 ) ) ;
#5142 = LINE ( 'NONE', #5205, #5215 ) ;
#5143 = CARTESIAN_POINT ( 'NONE',  ( 0.1905000000000000000, 0.07068431390853459300, -0.2459055548476029600 ) ) ;
#5144 =( GEOMETRIC_REPRESENTATION_CONTEXT ( 3 ) GLOBAL_UNCERTAINTY_ASSIGNED_CONTEXT ( ( #5145 ) ) GLOBAL_UNIT_ASSIGNED_CONTEXT ( ( #5148, #5147, #5146 ) ) REPRESENTATION_CONTEXT ( 'NONE', 'WORKASPACE' ) );
#5145 = UNCERTAINTY_MEASURE_WITH_UNIT (LENGTH_MEASURE( 1.000000000000000100E-005 ), #5148, 'distance_accuracy_value', 'NONE');
#5146 =( NAMED_UNIT ( * ) SI_UNIT ( $, .STERADIAN. ) SOLID_ANGLE_UNIT ( ) );
#5147 =( NAMED_UNIT ( * ) PLANE_ANGLE_UNIT ( ) SI_UNIT ( $, .RADIAN. ) );
#5148 =( LENGTH_UNIT ( ) NAMED_UNIT ( * ) SI_UNIT ( .CENTI., .METRE. ) );
#5149 = MECHANICAL_DESIGN_GEOMETRIC_PRESENTATION_REPRESENTATION (  '', ( #5151 ), #5144 ) ;
#5150 = PRESENTATION_LAYER_ASSIGNMENT (  '', '', ( #5151 ) ) ;
#5151 = STYLED_ITEM ( 'NONE', ( #5152 ), #4436 ) ;
#5152 = PRESENTATION_STYLE_ASSIGNMENT (( #5153 ) ) ;
#5153 = SURFACE_STYLE_USAGE ( .BOTH. , #5154 ) ;
#5154 = SURFACE_SIDE_STYLE ('',( #5155 ) ) ;
#5155 = SURFACE_STYLE_FILL_AREA ( #5132 ) ;
#5156 = DIRECTION ( 'NONE',  ( 0.0000000000000000000, -0.9914140770548246500, -0.1307598096416873200 ) ) ;
#5157 = CARTESIAN_POINT ( 'NONE',  ( 0.1905000000000000000, 0.03408217201024139900, -0.2608196956181509900 ) ) ;
#5158 = CARTESIAN_POINT ( 'NONE',  ( 0.1695000000000000100, 0.03277457391382445500, -0.2509055548476031300 ) ) ;
#5159 = AXIS2_PLACEMENT_3D ( 'NONE', #5200, #5240, #5239 ) ;
#5160 =( GEOMETRIC_REPRESENTATION_CONTEXT ( 3 ) GLOBAL_UNCERTAINTY_ASSIGNED_CONTEXT ( ( #5161 ) ) GLOBAL_UNIT_ASSIGNED_CONTEXT ( ( #5164, #5163, #5162 ) ) REPRESENTATION_CONTEXT ( 'NONE', 'WORKASPACE' ) );
#5161 = UNCERTAINTY_MEASURE_WITH_UNIT (LENGTH_MEASURE( 1.000000000000000100E-005 ), #5164, 'distance_accuracy_value', 'NONE');
#5162 =( NAMED_UNIT ( * ) SI_UNIT ( $, .STERADIAN. ) SOLID_ANGLE_UNIT ( ) );
#5163 =( NAMED_UNIT ( * ) PLANE_ANGLE_UNIT ( ) SI_UNIT ( $, .RADIAN. ) );
#5164 =( LENGTH_UNIT ( ) NAMED_UNIT ( * ) SI_UNIT ( .CENTI., .METRE. ) );
#5165 = MECHANICAL_DESIGN_GEOMETRIC_PRESENTATION_REPRESENTATION (  '', ( #5167 ), #5160 ) ;
#5166 = PRESENTATION_LAYER_ASSIGNMENT (  '', '', ( #5167 ) ) ;
#5167 = STYLED_ITEM ( 'NONE', ( #5168 ), #4459 ) ;
#5168 = PRESENTATION_STYLE_ASSIGNMENT (( #5135 ) ) ;
#5169 = PLANE ( 'NONE',  #5137 ) ;
#5170 = DIRECTION ( 'NONE',  ( 0.0000000000000000000, 0.9914140770548246500, 0.1307598096416873200 ) ) ;
#5171 = CARTESIAN_POINT ( 'NONE',  ( 0.2115000000000000200, 0.03277457391382429500, -0.2509055548476030200 ) ) ;
#5172 = FACE_OUTER_BOUND ( 'NONE', #4338, .T. ) ;
#5173 = CYLINDRICAL_SURFACE ( 'NONE', #5159, 0.03199999999999952200 ) ;
#5174 = FILL_AREA_STYLE_COLOUR ( '', #5175 ) ;
#5175 = COLOUR_RGB ( '',0.7843137254901960700, 0.7843137254901960700, 0.8627450980392157300 ) ;
#5176 = CARTESIAN_POINT ( 'NONE',  ( 0.2115000000000000200, 0.03277457391382445500, -0.2509055548476031300 ) ) ;
#5177 = DIRECTION ( 'NONE',  ( -1.000000000000000000, 0.0000000000000000000, 0.0000000000000000000 ) ) ;
#5178 = VECTOR ( 'NONE', #5177, 100.0000000000000000 ) ;
#5179 = CARTESIAN_POINT ( 'NONE',  ( 0.1905000000000000000, 0.07068431390853464900, -0.2459055548476033500 ) ) ;
#5180 = LINE ( 'NONE', #5179, #5178 ) ;
#5181 = CARTESIAN_POINT ( 'NONE',  ( 0.2115000000000000200, 0.07068431390853430200, -0.2459055548476031800 ) ) ;
#5182 = LINE ( 'NONE', #5171, #5216 ) ;
#5183 = FILL_AREA_STYLE_COLOUR ( '', #5199 ) ;
#5184 = DIRECTION ( 'NONE',  ( 0.0000000000000000000, 0.0000000000000000000, -1.000000000000000000 ) ) ;
#5185 = DIRECTION ( 'NONE',  ( 1.000000000000000000, 0.0000000000000000000, 0.0000000000000000000 ) ) ;
#5186 = CARTESIAN_POINT ( 'NONE',  ( 0.1695000000000000100, 0.03408217201024139900, -0.2608196956181509900 ) ) ;
#5187 = SURFACE_STYLE_FILL_AREA ( #5188 ) ;
#5188 = FILL_AREA_STYLE ('',( #5174 ) ) ;
#5189 =( NAMED_UNIT ( * ) SI_UNIT ( $, .STERADIAN. ) SOLID_ANGLE_UNIT ( ) );
#5190 =( NAMED_UNIT ( * ) PLANE_ANGLE_UNIT ( ) SI_UNIT ( $, .RADIAN. ) );
#5191 =( LENGTH_UNIT ( ) NAMED_UNIT ( * ) SI_UNIT ( .CENTI., .METRE. ) );
#5192 = MECHANICAL_DESIGN_GEOMETRIC_PRESENTATION_REPRESENTATION (  '', ( #5194 ), #5242 ) ;
#5193 = PRESENTATION_LAYER_ASSIGNMENT (  '', '', ( #5194 ) ) ;
#5194 = STYLED_ITEM ( 'NONE', ( #5195 ), #4480 ) ;
#5195 = PRESENTATION_STYLE_ASSIGNMENT (( #5196 ) ) ;
#5196 = SURFACE_STYLE_USAGE ( .BOTH. , #5197 ) ;
#5197 = SURFACE_SIDE_STYLE ('',( #5198 ) ) ;
#5198 = SURFACE_STYLE_FILL_AREA ( #5203 ) ;
#5199 = COLOUR_RGB ( '',0.7843137254901960700, 0.7843137254901960700, 0.8627450980392157300 ) ;
#5200 = CARTESIAN_POINT ( 'NONE',  ( 0.1905000000000000000, 0.03408217201024139900, -0.2608196956181509900 ) ) ;
#5201 = FACE_OUTER_BOUND ( 'NONE', #4406, .T. ) ;
#5202 = CIRCLE ( 'NONE', #5237, 0.03199999999999952200 ) ;
#5203 = FILL_AREA_STYLE ('',( #5183 ) ) ;
#5204 = DIRECTION ( 'NONE',  ( 0.0000000000000000000, 0.0000000000000000000, 1.000000000000000000 ) ) ;
#5205 = CARTESIAN_POINT ( 'NONE',  ( 0.1695000000000000100, 0.07650000000000001200, 0.0000000000000000000 ) ) ;
#5206 = DIRECTION ( 'NONE',  ( 0.0000000000000000000, 0.9914140770548247600, -0.1307598096416862100 ) ) ;
#5207 = VECTOR ( 'NONE', #5206, 100.0000000000000100 ) ;
#5208 = CARTESIAN_POINT ( 'NONE',  ( 0.2115000000000000200, 0.02989785810170679900, 0.2290944451523970200 ) ) ;
#5209 = LINE ( 'NONE', #5208, #5207 ) ;
#5210 = CARTESIAN_POINT ( 'NONE',  ( 0.1695000000000000100, 0.07068431390853430200, -0.2459055548476031800 ) ) ;
#5211 = DIRECTION ( 'NONE',  ( -1.000000000000000000, -0.0000000000000000000, -0.0000000000000000000 ) ) ;
#5212 = VECTOR ( 'NONE', #5211, 100.0000000000000000 ) ;
#5213 = CARTESIAN_POINT ( 'NONE',  ( 0.1905000000000000000, 0.03277457391382435100, -0.2509055548476033500 ) ) ;
#5214 = LINE ( 'NONE', #5213, #5212 ) ;
#5215 = VECTOR ( 'NONE', #5204, 100.0000000000000000 ) ;
#5216 = VECTOR ( 'NONE', #5170, 100.0000000000000000 ) ;
#5217 = CIRCLE ( 'NONE', #5238, 0.03199999999999952200 ) ;
#5218 = DIRECTION ( 'NONE',  ( 0.0000000000000000000, 0.9914140770548247600, 0.1307598096416859300 ) ) ;
#5219 = DIRECTION ( 'NONE',  ( 0.0000000000000000000, 0.1307598096416859300, -0.9914140770548247600 ) ) ;
#5220 = CIRCLE ( 'NONE', #5223, 0.009999999999999982900 ) ;
#5221 = AXIS2_PLACEMENT_3D ( 'NONE', #5244, #5299, #5298 ) ;
#5222 = CARTESIAN_POINT ( 'NONE',  ( 0.2115000000000000200, 0.06650000000000000400, -0.2141803043818490400 ) ) ;
#5223 = AXIS2_PLACEMENT_3D ( 'NONE', #5222, #5268, #5267 ) ;
#5224 = DIRECTION ( 'NONE',  ( 0.0000000000000000000, -0.9914140770548247600, -0.1307598096416862100 ) ) ;
#5225 = VECTOR ( 'NONE', #5224, 100.0000000000000100 ) ;
#5226 = FILL_AREA_STYLE ('',( #5230 ) ) ;
#5227 = PLANE ( 'NONE',  #5221 ) ;
#5228 = DIRECTION ( 'NONE',  ( 0.0000000000000000000, 0.0000000000000000000, -1.000000000000000000 ) ) ;
#5229 = DIRECTION ( 'NONE',  ( 1.000000000000000000, 0.0000000000000000000, 0.0000000000000000000 ) ) ;
#5230 = FILL_AREA_STYLE_COLOUR ( '', #5262 ) ;
#5231 = CARTESIAN_POINT ( 'NONE',  ( 0.2115000000000000200, 0.07650000000000001200, -0.2141803043818490400 ) ) ;
#5232 = DIRECTION ( 'NONE',  ( 0.0000000000000000000, 1.694065894508625900E-015, -1.000000000000000000 ) ) ;
#5233 = DIRECTION ( 'NONE',  ( -1.000000000000000000, -0.0000000000000000000, -0.0000000000000000000 ) ) ;
#5234 = CARTESIAN_POINT ( 'NONE',  ( 0.1695000000000000100, 0.03408217201024139900, -0.2608196956181509900 ) ) ;
#5235 = CARTESIAN_POINT ( 'NONE',  ( 0.2115000000000000200, 0.06780759809641709300, -0.2240944451523970100 ) ) ;
#5236 = LINE ( 'NONE', #5235, #5225 ) ;
#5237 = AXIS2_PLACEMENT_3D ( 'NONE', #5241, #5229, #5228 ) ;
#5238 = AXIS2_PLACEMENT_3D ( 'NONE', #5234, #5233, #5232 ) ;
#5239 = DIRECTION ( 'NONE',  ( 0.0000000000000000000, 0.0000000000000000000, -1.000000000000000000 ) ) ;
#5240 = DIRECTION ( 'NONE',  ( 1.000000000000000000, 0.0000000000000000000, 0.0000000000000000000 ) ) ;
#5241 = CARTESIAN_POINT ( 'NONE',  ( 0.2115000000000000200, 0.03408217201024139900, -0.2608196956181509900 ) ) ;
#5242 =( GEOMETRIC_REPRESENTATION_CONTEXT ( 3 ) GLOBAL_UNCERTAINTY_ASSIGNED_CONTEXT ( ( #5243 ) ) GLOBAL_UNIT_ASSIGNED_CONTEXT ( ( #5191, #5190, #5189 ) ) REPRESENTATION_CONTEXT ( 'NONE', 'WORKASPACE' ) );
#5243 = UNCERTAINTY_MEASURE_WITH_UNIT (LENGTH_MEASURE( 1.000000000000000100E-005 ), #5191, 'distance_accuracy_value', 'NONE');
#5244 = CARTESIAN_POINT ( 'NONE',  ( 0.1905000000000000000, 0.002126026898095209800, -0.2591449450183779800 ) ) ;
#5245 = LINE ( 'NONE', #5297, #5296 ) ;
#5246 = CARTESIAN_POINT ( 'NONE',  ( 0.1905000000000000000, 0.06780759809641713500, -0.2240944451523972600 ) ) ;
#5247 =( GEOMETRIC_REPRESENTATION_CONTEXT ( 3 ) GLOBAL_UNCERTAINTY_ASSIGNED_CONTEXT ( ( #5248 ) ) GLOBAL_UNIT_ASSIGNED_CONTEXT ( ( #5251, #5250, #5249 ) ) REPRESENTATION_CONTEXT ( 'NONE', 'WORKASPACE' ) );
#5248 = UNCERTAINTY_MEASURE_WITH_UNIT (LENGTH_MEASURE( 1.000000000000000100E-005 ), #5251, 'distance_accuracy_value', 'NONE');
#5249 =( NAMED_UNIT ( * ) SI_UNIT ( $, .STERADIAN. ) SOLID_ANGLE_UNIT ( ) );
#5250 =( NAMED_UNIT ( * ) PLANE_ANGLE_UNIT ( ) SI_UNIT ( $, .RADIAN. ) );
#5251 =( LENGTH_UNIT ( ) NAMED_UNIT ( * ) SI_UNIT ( .CENTI., .METRE. ) );
#5252 = MECHANICAL_DESIGN_GEOMETRIC_PRESENTATION_REPRESENTATION (  '', ( #5254 ), #5247 ) ;
#5253 = PRESENTATION_LAYER_ASSIGNMENT (  '', '', ( #5254 ) ) ;
#5254 = STYLED_ITEM ( 'NONE', ( #5255 ), #4497 ) ;
#5255 = PRESENTATION_STYLE_ASSIGNMENT (( #5256 ) ) ;
#5256 = SURFACE_STYLE_USAGE ( .BOTH. , #5265 ) ;
#5257 = LINE ( 'NONE', #5286, #5285 ) ;
#5258 = DIRECTION ( 'NONE',  ( 1.000000000000000000, 0.0000000000000000000, 0.0000000000000000000 ) ) ;
#5259 = VECTOR ( 'NONE', #5258, 100.0000000000000000 ) ;
#5260 = CARTESIAN_POINT ( 'NONE',  ( 0.1905000000000000000, 0.02989785810170679500, -0.2290944451523970200 ) ) ;
#5261 = LINE ( 'NONE', #5260, #5259 ) ;
#5262 = COLOUR_RGB ( '',0.7843137254901960700, 0.7843137254901960700, 0.8627450980392157300 ) ;
#5263 = FACE_OUTER_BOUND ( 'NONE', #4525, .T. ) ;
#5264 = CARTESIAN_POINT ( 'NONE',  ( 0.2115000000000000200, 0.02989785810170713500, -0.2290944451523969600 ) ) ;
#5265 = SURFACE_SIDE_STYLE ('',( #5266 ) ) ;
#5266 = SURFACE_STYLE_FILL_AREA ( #5226 ) ;
#5267 = DIRECTION ( 'NONE',  ( 0.0000000000000000000, 0.0000000000000000000, 1.000000000000000000 ) ) ;
#5268 = DIRECTION ( 'NONE',  ( -1.000000000000000000, 0.0000000000000000000, 0.0000000000000000000 ) ) ;
#5269 = VECTOR ( 'NONE', #4836, 100.0000000000000000 ) ;
#5270 = CARTESIAN_POINT ( 'NONE',  ( -0.2500000000000000600, 0.09850000000000000400, 0.2000000000000000900 ) ) ;
#5271 = LINE ( 'NONE', #5270, #5269 ) ;
#5272 = DIRECTION ( 'NONE',  ( 0.0000000000000000000, 0.9986295347545756100, -0.05233595624290972300 ) ) ;
#5273 = VECTOR ( 'NONE', #5272, 100.0000000000000100 ) ;
#5274 = CARTESIAN_POINT ( 'NONE',  ( 0.2115000000000000200, 1.507511769891856400E-005, -0.2994243044813280100 ) ) ;
#5275 = LINE ( 'NONE', #5274, #5273 ) ;
#5276 = DIRECTION ( 'NONE',  ( 0.0000000000000000000, -0.9986295347545756100, 0.05233595624290972300 ) ) ;
#5277 = VECTOR ( 'NONE', #5276, 100.0000000000000100 ) ;
#5278 = CARTESIAN_POINT ( 'NONE',  ( 0.1695000000000000100, 0.02198492488229960100, -0.3005756955186720300 ) ) ;
#5279 = LINE ( 'NONE', #5278, #5277 ) ;
#5280 = DIRECTION ( 'NONE',  ( 0.0000000000000000000, -0.05233595624294479900, -0.9986295347545737200 ) ) ;
#5281 = VECTOR ( 'NONE', #5280, 100.0000000000000100 ) ;
#5282 = CARTESIAN_POINT ( 'NONE',  ( 0.1695000000000000100, 0.02409587666269619900, -0.2602963360557220000 ) ) ;
#5283 = LINE ( 'NONE', #5282, #5281 ) ;
#5284 = DIRECTION ( 'NONE',  ( 0.0000000000000000000, -0.05233595624294479900, -0.9986295347545737200 ) ) ;
#5285 = VECTOR ( 'NONE', #5284, 100.0000000000000100 ) ;
#5286 = CARTESIAN_POINT ( 'NONE',  ( 0.2115000000000000200, 0.002126026898095518100, -0.2591449450183779800 ) ) ;
#5287 = DIRECTION ( 'NONE',  ( -1.000000000000000000, 0.0000000000000000000, 0.0000000000000000000 ) ) ;
#5288 = VECTOR ( 'NONE', #5287, 100.0000000000000000 ) ;
#5289 = LINE ( 'NONE', #5246, #5288 ) ;
#5290 = CARTESIAN_POINT ( 'NONE',  ( 0.2115000000000000200, 0.06780759809641698200, -0.2240944451523971800 ) ) ;
#5291 = DIRECTION ( 'NONE',  ( 1.000000000000000000, 0.0000000000000000000, 0.0000000000000000000 ) ) ;
#5292 = VECTOR ( 'NONE', #5291, 100.0000000000000000 ) ;
#5293 = CARTESIAN_POINT ( 'NONE',  ( 0.1905000000000000000, 0.002126026898095469100, -0.2591449450183779800 ) ) ;
#5294 = LINE ( 'NONE', #5293, #5292 ) ;
#5295 = DIRECTION ( 'NONE',  ( 0.0000000000000000000, 0.05233595624294479900, 0.9986295347545737200 ) ) ;
#5296 = VECTOR ( 'NONE', #5295, 100.0000000000000100 ) ;
#5297 = CARTESIAN_POINT ( 'NONE',  ( 0.1695000000000000100, 1.507511769891856400E-005, -0.2994243044813280100 ) ) ;
#5298 = DIRECTION ( 'NONE',  ( 0.0000000000000000000, -0.05233595624294488200, -0.9986295347545737200 ) ) ;
#5299 = DIRECTION ( 'NONE',  ( 0.0000000000000000000, -0.9986295347545738300, 0.05233595624294488900 ) ) ;
#5300 = CARTESIAN_POINT ( 'NONE',  ( 0.1905000000000000000, 0.01099999999999999900, -0.2999999999999999900 ) ) ;
#5301 = AXIS2_PLACEMENT_3D ( 'NONE', #5300, #5354, #5353 ) ;
#5302 = CARTESIAN_POINT ( 'NONE',  ( 0.1695000000000000100, 0.02989785810170713500, -0.2290944451523969600 ) ) ;
#5303 = CARTESIAN_POINT ( 'NONE',  ( -0.04250000000000000300, 0.07650000000000001200, 0.02100000000000000100 ) ) ;
#5304 =( GEOMETRIC_REPRESENTATION_CONTEXT ( 3 ) GLOBAL_UNCERTAINTY_ASSIGNED_CONTEXT ( ( #5305 ) ) GLOBAL_UNIT_ASSIGNED_CONTEXT ( ( #5308, #5307, #5306 ) ) REPRESENTATION_CONTEXT ( 'NONE', 'WORKASPACE' ) );
#5305 = UNCERTAINTY_MEASURE_WITH_UNIT (LENGTH_MEASURE( 1.000000000000000100E-005 ), #5308, 'distance_accuracy_value', 'NONE');
#5306 =( NAMED_UNIT ( * ) SI_UNIT ( $, .STERADIAN. ) SOLID_ANGLE_UNIT ( ) );
#5307 =( NAMED_UNIT ( * ) PLANE_ANGLE_UNIT ( ) SI_UNIT ( $, .RADIAN. ) );
#5308 =( LENGTH_UNIT ( ) NAMED_UNIT ( * ) SI_UNIT ( .CENTI., .METRE. ) );
#5309 = MECHANICAL_DESIGN_GEOMETRIC_PRESENTATION_REPRESENTATION (  '', ( #5311 ), #5304 ) ;
#5310 = PRESENTATION_LAYER_ASSIGNMENT (  '', '', ( #5311 ) ) ;
#5311 = STYLED_ITEM ( 'NONE', ( #5312 ), #4528 ) ;
#5312 = PRESENTATION_STYLE_ASSIGNMENT (( #5313 ) ) ;
#5313 = SURFACE_STYLE_USAGE ( .BOTH. , #5314 ) ;
#5314 = SURFACE_SIDE_STYLE ('',( #5315 ) ) ;
#5315 = SURFACE_STYLE_FILL_AREA ( #5316 ) ;
#5316 = FILL_AREA_STYLE ('',( #5317 ) ) ;
#5317 = FILL_AREA_STYLE_COLOUR ( '', #5318 ) ;
#5318 = COLOUR_RGB ( '',0.7843137254901960700, 0.7843137254901960700, 0.8627450980392157300 ) ;
#5319 = PLANE ( 'NONE',  #5301 ) ;
#5320 = CARTESIAN_POINT ( 'NONE',  ( -0.1694999999999999800, 0.07650000000000001200, 0.02100000000000000100 ) ) ;
#5321 = FACE_OUTER_BOUND ( 'NONE', #4520, .T. ) ;
#5322 = CARTESIAN_POINT ( 'NONE',  ( 0.2114999999999999700, 1.507511769881454900E-005, -0.2994243044813279500 ) ) ;
#5323 = VECTOR ( 'NONE', #5344, 100.0000000000000000 ) ;
#5324 = CARTESIAN_POINT ( 'NONE',  ( 0.1695000000000000400, 0.07650000000000001200, -0.2141803043818490400 ) ) ;
#5325 = CARTESIAN_POINT ( 'NONE',  ( -0.04250000000000000300, 0.07650000000000001200, 0.0000000000000000000 ) ) ;
#5326 = LINE ( 'NONE', #5325, #5388 ) ;
#5327 = DIRECTION ( 'NONE',  ( 1.000000000000000000, 0.0000000000000000000, -0.0000000000000000000 ) ) ;
#5328 = CARTESIAN_POINT ( 'NONE',  ( -0.08449999999999999200, 0.07650000000000001200, 0.02100000000000000100 ) ) ;
#5329 = CARTESIAN_POINT ( 'NONE',  ( 0.1694999999999999800, 0.07650000000000001200, 0.02100000000000000100 ) ) ;
#5330 = CARTESIAN_POINT ( 'NONE',  ( -0.1905000000000000000, 0.07650000000000001200, 0.02100000000000000100 ) ) ;
#5331 = LINE ( 'NONE', #5330, #5343 ) ;
#5332 = FACE_OUTER_BOUND ( 'NONE', #4581, .T. ) ;
#5333 = DIRECTION ( 'NONE',  ( 0.0000000000000000000, 0.0000000000000000000, 1.000000000000000000 ) ) ;
#5334 = VECTOR ( 'NONE', #5333, 100.0000000000000000 ) ;
#5335 = CARTESIAN_POINT ( 'NONE',  ( 0.04250000000000000300, 0.07650000000000001200, 0.0000000000000000000 ) ) ;
#5336 = LINE ( 'NONE', #5335, #5334 ) ;
#5337 = DIRECTION ( 'NONE',  ( 0.0000000000000000000, 0.0000000000000000000, -1.000000000000000000 ) ) ;
#5338 = VECTOR ( 'NONE', #5337, 100.0000000000000000 ) ;
#5339 = DIRECTION ( 'NONE',  ( 0.0000000000000000000, 0.0000000000000000000, -1.000000000000000000 ) ) ;
#5340 = VECTOR ( 'NONE', #5339, 100.0000000000000000 ) ;
#5341 = CARTESIAN_POINT ( 'NONE',  ( -0.1695000000000000100, 0.07650000000000001200, 0.0000000000000000000 ) ) ;
#5342 = LINE ( 'NONE', #5341, #5340 ) ;
#5343 = VECTOR ( 'NONE', #5327, 100.0000000000000000 ) ;
#5344 = DIRECTION ( 'NONE',  ( 1.000000000000000000, 0.0000000000000000000, -0.0000000000000000000 ) ) ;
#5345 = CARTESIAN_POINT ( 'NONE',  ( 0.08450000000000000600, 0.07650000000000001200, 0.0000000000000000000 ) ) ;
#5346 = LINE ( 'NONE', #5345, #5338 ) ;
#5347 = DIRECTION ( 'NONE',  ( 0.0000000000000000000, 0.0000000000000000000, -1.000000000000000000 ) ) ;
#5348 = VECTOR ( 'NONE', #5347, 100.0000000000000000 ) ;
#5349 = CARTESIAN_POINT ( 'NONE',  ( -0.04250000000000000300, 0.07650000000000001200, 0.0000000000000000000 ) ) ;
#5350 = LINE ( 'NONE', #5349, #5348 ) ;
#5351 = CARTESIAN_POINT ( 'NONE',  ( -0.1905000000000000000, 0.07650000000000001200, 0.02100000000000000100 ) ) ;
#5352 = LINE ( 'NONE', #5351, #5323 ) ;
#5353 = DIRECTION ( 'NONE',  ( 0.0000000000000000000, -0.9986295347545756100, 0.05233595624291157600 ) ) ;
#5354 = DIRECTION ( 'NONE',  ( -0.0000000000000000000, 0.05233595624291157600, 0.9986295347545756100 ) ) ;
#5355 =( NAMED_UNIT ( * ) SI_UNIT ( $, .STERADIAN. ) SOLID_ANGLE_UNIT ( ) );
#5356 =( NAMED_UNIT ( * ) PLANE_ANGLE_UNIT ( ) SI_UNIT ( $, .RADIAN. ) );
#5357 =( LENGTH_UNIT ( ) NAMED_UNIT ( * ) SI_UNIT ( .CENTI., .METRE. ) );
#5358 = MECHANICAL_DESIGN_GEOMETRIC_PRESENTATION_REPRESENTATION (  '', ( #5360 ), #5416 ) ;
#5359 = PRESENTATION_LAYER_ASSIGNMENT (  '', '', ( #5360 ) ) ;
#5360 = STYLED_ITEM ( 'NONE', ( #5361 ), #4595 ) ;
#5361 = PRESENTATION_STYLE_ASSIGNMENT (( #5362 ) ) ;
#5362 = SURFACE_STYLE_USAGE ( .BOTH. , #5363 ) ;
#5363 = SURFACE_SIDE_STYLE ('',( #5364 ) ) ;
#5364 = SURFACE_STYLE_FILL_AREA ( #5365 ) ;
#5365 = FILL_AREA_STYLE ('',( #5374 ) ) ;
#5366 = COLOUR_RGB ( '',0.7843137254901960700, 0.7843137254901960700, 0.8627450980392157300 ) ;
#5367 = CARTESIAN_POINT ( 'NONE',  ( 0.1695000000000000100, 0.06780759809641698200, -0.2240944451523971800 ) ) ;
#5368 = DIRECTION ( 'NONE',  ( 0.0000000000000000000, -2.168404344971012400E-015, 1.000000000000000000 ) ) ;
#5369 = DIRECTION ( 'NONE',  ( 1.000000000000000000, -0.0000000000000000000, -0.0000000000000000000 ) ) ;
#5370 = CARTESIAN_POINT ( 'NONE',  ( 0.1695000000000000100, 0.06650000000000000400, -0.2141803043818490400 ) ) ;
#5371 = FILL_AREA_STYLE_COLOUR ( '', #5430 ) ;
#5372 = FILL_AREA_STYLE ('',( #5413 ) ) ;
#5373 = PLANE ( 'NONE',  #5381 ) ;
#5374 = FILL_AREA_STYLE_COLOUR ( '', #5366 ) ;
#5375 = CARTESIAN_POINT ( 'NONE',  ( 0.08449999999999999200, 0.07650000000000001200, 0.02100000000000000100 ) ) ;
#5376 = DIRECTION ( 'NONE',  ( 1.000000000000000000, 0.0000000000000000000, 0.0000000000000000000 ) ) ;
#5377 = VECTOR ( 'NONE', #5376, 100.0000000000000000 ) ;
#5378 = CARTESIAN_POINT ( 'NONE',  ( 0.06350000000000000100, 0.07650000000000001200, -0.2141803043818490400 ) ) ;
#5379 = LINE ( 'NONE', #5378, #5377 ) ;
#5380 = CIRCLE ( 'NONE', #5385, 0.009999999999999982900 ) ;
#5381 = AXIS2_PLACEMENT_3D ( 'NONE', #5409, #5408, #5407 ) ;
#5382 = DIRECTION ( 'NONE',  ( 0.0000000000000000000, 0.0000000000000000000, 1.000000000000000000 ) ) ;
#5383 = VECTOR ( 'NONE', #5382, 100.0000000000000000 ) ;
#5384 = CARTESIAN_POINT ( 'NONE',  ( -0.08450000000000000600, 0.07650000000000001200, 0.0000000000000000000 ) ) ;
#5385 = AXIS2_PLACEMENT_3D ( 'NONE', #5370, #5369, #5368 ) ;
#5386 = LINE ( 'NONE', #5384, #5383 ) ;
#5387 = DIRECTION ( 'NONE',  ( 0.0000000000000000000, 0.0000000000000000000, -1.000000000000000000 ) ) ;
#5388 = VECTOR ( 'NONE', #5387, 100.0000000000000000 ) ;
#5389 = UNCERTAINTY_MEASURE_WITH_UNIT (LENGTH_MEASURE( 1.000000000000000100E-005 ), #5392, 'distance_accuracy_value', 'NONE');
#5390 =( NAMED_UNIT ( * ) SI_UNIT ( $, .STERADIAN. ) SOLID_ANGLE_UNIT ( ) );
#5391 =( NAMED_UNIT ( * ) PLANE_ANGLE_UNIT ( ) SI_UNIT ( $, .RADIAN. ) );
#5392 =( LENGTH_UNIT ( ) NAMED_UNIT ( * ) SI_UNIT ( .CENTI., .METRE. ) );
#5393 = MECHANICAL_DESIGN_GEOMETRIC_PRESENTATION_REPRESENTATION (  '', ( #5395 ), #5443 ) ;
#5394 = PRESENTATION_LAYER_ASSIGNMENT (  '', '', ( #5395 ) ) ;
#5395 = STYLED_ITEM ( 'NONE', ( #5396 ), #4599 ) ;
#5396 = PRESENTATION_STYLE_ASSIGNMENT (( #5397 ) ) ;
#5397 = SURFACE_STYLE_USAGE ( .BOTH. , #5398 ) ;
#5398 = SURFACE_SIDE_STYLE ('',( #5399 ) ) ;
#5399 = SURFACE_STYLE_FILL_AREA ( #5372 ) ;
#5400 = AXIS2_PLACEMENT_3D ( 'NONE', #5441, #5429, #5464 ) ;
#5401 = PLANE ( 'NONE',  #5411 ) ;
#5402 = CYLINDRICAL_SURFACE ( 'NONE', #5400, 0.009999999999999982900 ) ;
#5403 = DIRECTION ( 'NONE',  ( 1.000000000000000000, 0.0000000000000000000, -0.0000000000000000000 ) ) ;
#5404 = VECTOR ( 'NONE', #5403, 100.0000000000000000 ) ;
#5405 = SURFACE_STYLE_FILL_AREA ( #5440 ) ;
#5406 = CARTESIAN_POINT ( 'NONE',  ( 0.04250000000000000300, 0.07650000000000001200, 0.02100000000000000100 ) ) ;
#5407 = DIRECTION ( 'NONE',  ( 0.0000000000000000000, -0.0000000000000000000, -1.000000000000000000 ) ) ;
#5408 = DIRECTION ( 'NONE',  ( 0.0000000000000000000, -1.000000000000000000, 0.0000000000000000000 ) ) ;
#5409 = CARTESIAN_POINT ( 'NONE',  ( 0.06350000000000000100, 0.07650000000000001200, 0.0000000000000000000 ) ) ;
#5410 = LINE ( 'NONE', #5412, #5404 ) ;
#5411 = AXIS2_PLACEMENT_3D ( 'NONE', #5437, #5436, #5435 ) ;
#5412 = CARTESIAN_POINT ( 'NONE',  ( -0.1905000000000000000, 0.07650000000000001200, 0.02100000000000000100 ) ) ;
#5413 = FILL_AREA_STYLE_COLOUR ( '', #5415 ) ;
#5414 = FACE_OUTER_BOUND ( 'NONE', #4496, .T. ) ;
#5415 = COLOUR_RGB ( '',0.7843137254901960700, 0.7843137254901960700, 0.8627450980392157300 ) ;
#5416 =( GEOMETRIC_REPRESENTATION_CONTEXT ( 3 ) GLOBAL_UNCERTAINTY_ASSIGNED_CONTEXT ( ( #5417 ) ) GLOBAL_UNIT_ASSIGNED_CONTEXT ( ( #5357, #5356, #5355 ) ) REPRESENTATION_CONTEXT ( 'NONE', 'WORKASPACE' ) );
#5417 = UNCERTAINTY_MEASURE_WITH_UNIT (LENGTH_MEASURE( 1.000000000000000100E-005 ), #5357, 'distance_accuracy_value', 'NONE');
#5418 =( GEOMETRIC_REPRESENTATION_CONTEXT ( 3 ) GLOBAL_UNCERTAINTY_ASSIGNED_CONTEXT ( ( #5419 ) ) GLOBAL_UNIT_ASSIGNED_CONTEXT ( ( #5422, #5421, #5420 ) ) REPRESENTATION_CONTEXT ( 'NONE', 'WORKASPACE' ) );
#5419 = UNCERTAINTY_MEASURE_WITH_UNIT (LENGTH_MEASURE( 1.000000000000000100E-005 ), #5422, 'distance_accuracy_value', 'NONE');
#5420 =( NAMED_UNIT ( * ) SI_UNIT ( $, .STERADIAN. ) SOLID_ANGLE_UNIT ( ) );
#5421 =( NAMED_UNIT ( * ) PLANE_ANGLE_UNIT ( ) SI_UNIT ( $, .RADIAN. ) );
#5422 =( LENGTH_UNIT ( ) NAMED_UNIT ( * ) SI_UNIT ( .CENTI., .METRE. ) );
#5423 = MECHANICAL_DESIGN_GEOMETRIC_PRESENTATION_REPRESENTATION (  '', ( #5425 ), #5418 ) ;
#5424 = PRESENTATION_LAYER_ASSIGNMENT (  '', '', ( #5425 ) ) ;
#5425 = STYLED_ITEM ( 'NONE', ( #5426 ), #4611 ) ;
#5426 = PRESENTATION_STYLE_ASSIGNMENT (( #5427 ) ) ;
#5427 = SURFACE_STYLE_USAGE ( .BOTH. , #5428 ) ;
#5428 = SURFACE_SIDE_STYLE ('',( #5405 ) ) ;
#5429 = DIRECTION ( 'NONE',  ( -1.000000000000000000, 0.0000000000000000000, 0.0000000000000000000 ) ) ;
#5430 = COLOUR_RGB ( '',0.7843137254901960700, 0.7843137254901960700, 0.8627450980392157300 ) ;
#5431 = FILL_AREA_STYLE ('',( #5460 ) ) ;
#5432 = DIRECTION ( 'NONE',  ( 0.0000000000000000000, 0.9914140770548247600, 0.1307598096416862100 ) ) ;
#5433 = VECTOR ( 'NONE', #5432, 100.0000000000000100 ) ;
#5434 = CARTESIAN_POINT ( 'NONE',  ( 0.1695000000000000100, 0.02989785810170679900, -0.2290944451523970200 ) ) ;
#5435 = DIRECTION ( 'NONE',  ( 0.0000000000000000000, -0.9914140770548247600, -0.1307598096416859300 ) ) ;
#5436 = DIRECTION ( 'NONE',  ( 0.0000000000000000000, -0.1307598096416859300, 0.9914140770548247600 ) ) ;
#5437 = CARTESIAN_POINT ( 'NONE',  ( 0.1905000000000000000, 0.06780759809641709300, -0.2240944451523970100 ) ) ;
#5438 = LINE ( 'NONE', #5434, #5433 ) ;
#5439 = FACE_OUTER_BOUND ( 'NONE', #4493, .T. ) ;
#5440 = FILL_AREA_STYLE ('',( #5371 ) ) ;
#5441 = CARTESIAN_POINT ( 'NONE',  ( 0.1905000000000000000, 0.06650000000000000400, -0.2141803043818490400 ) ) ;
#5442 = AXIS2_PLACEMENT_3D ( 'NONE', #5444, #5495, #5494 ) ;
#5443 =( GEOMETRIC_REPRESENTATION_CONTEXT ( 3 ) GLOBAL_UNCERTAINTY_ASSIGNED_CONTEXT ( ( #5389 ) ) GLOBAL_UNIT_ASSIGNED_CONTEXT ( ( #5392, #5391, #5390 ) ) REPRESENTATION_CONTEXT ( 'NONE', 'WORKASPACE' ) );
#5444 = CARTESIAN_POINT ( 'NONE',  ( -0.2453034905454639900, 0.1367500000000000100, 6.000565311803510100E-035 ) ) ;
#5445 = COLOUR_RGB ( '',0.1960784313725490200, 0.1960784313725490200, 0.1960784313725490200 ) ;
#5446 = CARTESIAN_POINT ( 'NONE',  ( -0.2500000000000001100, 0.07649999999999995700, 0.2000000000000001200 ) ) ;
#5447 = LINE ( 'NONE', #5490, #5489 ) ;
#5448 =( GEOMETRIC_REPRESENTATION_CONTEXT ( 3 ) GLOBAL_UNCERTAINTY_ASSIGNED_CONTEXT ( ( #5449 ) ) GLOBAL_UNIT_ASSIGNED_CONTEXT ( ( #5452, #5451, #5450 ) ) REPRESENTATION_CONTEXT ( 'NONE', 'WORKASPACE' ) );
#5449 = UNCERTAINTY_MEASURE_WITH_UNIT (LENGTH_MEASURE( 1.000000000000000100E-005 ), #5452, 'distance_accuracy_value', 'NONE');
#5450 =( NAMED_UNIT ( * ) SI_UNIT ( $, .STERADIAN. ) SOLID_ANGLE_UNIT ( ) );
#5451 =( NAMED_UNIT ( * ) PLANE_ANGLE_UNIT ( ) SI_UNIT ( $, .RADIAN. ) );
#5452 =( LENGTH_UNIT ( ) NAMED_UNIT ( * ) SI_UNIT ( .CENTI., .METRE. ) );
#5453 = MECHANICAL_DESIGN_GEOMETRIC_PRESENTATION_REPRESENTATION (  '', ( #5455 ), #5448 ) ;
#5454 = PRESENTATION_LAYER_ASSIGNMENT (  '', '', ( #5455 ) ) ;
#5455 = STYLED_ITEM ( 'NONE', ( #5456 ), #5691 ) ;
#5456 = PRESENTATION_STYLE_ASSIGNMENT (( #5457 ) ) ;
#5457 = SURFACE_STYLE_USAGE ( .BOTH. , #5458 ) ;
#5458 = SURFACE_SIDE_STYLE ('',( #5459 ) ) ;
#5459 = SURFACE_STYLE_FILL_AREA ( #5431 ) ;
#5460 = FILL_AREA_STYLE_COLOUR ( '', #5461 ) ;
#5461 = COLOUR_RGB ( '',0.1960784313725490200, 0.1960784313725490200, 0.1960784313725490200 ) ;
#5462 = LINE ( 'NONE', #5479, #5478 ) ;
#5463 = FACE_OUTER_BOUND ( 'NONE', #5695, .T. ) ;
#5464 = DIRECTION ( 'NONE',  ( 0.0000000000000000000, 0.0000000000000000000, 1.000000000000000000 ) ) ;
#5465 = PLANE ( 'NONE',  #5442 ) ;
#5466 = UNCERTAINTY_MEASURE_WITH_UNIT (LENGTH_MEASURE( 1.000000000000000100E-005 ), #5469, 'distance_accuracy_value', 'NONE');
#5467 =( NAMED_UNIT ( * ) SI_UNIT ( $, .STERADIAN. ) SOLID_ANGLE_UNIT ( ) );
#5468 =( NAMED_UNIT ( * ) PLANE_ANGLE_UNIT ( ) SI_UNIT ( $, .RADIAN. ) );
#5469 =( LENGTH_UNIT ( ) NAMED_UNIT ( * ) SI_UNIT ( .CENTI., .METRE. ) );
#5470 = MECHANICAL_DESIGN_GEOMETRIC_PRESENTATION_REPRESENTATION (  '', ( #5472 ), #5515 ) ;
#5471 = PRESENTATION_LAYER_ASSIGNMENT (  '', '', ( #5472 ) ) ;
#5472 = STYLED_ITEM ( 'NONE', ( #5473 ), #5700 ) ;
#5473 = PRESENTATION_STYLE_ASSIGNMENT (( #5475 ) ) ;
#5474 = CARTESIAN_POINT ( 'NONE',  ( 0.2500000000000001100, 0.07649999999999997100, 0.2000000000000001800 ) ) ;
#5475 = SURFACE_STYLE_USAGE ( .BOTH. , #5476 ) ;
#5476 = SURFACE_SIDE_STYLE ('',( #5492 ) ) ;
#5477 = DIRECTION ( 'NONE',  ( 0.1209742911513493300, -0.9852565360152938400, -0.1209742911513540700 ) ) ;
#5478 = VECTOR ( 'NONE', #5477, 100.0000000000000100 ) ;
#5479 = CARTESIAN_POINT ( 'NONE',  ( 0.2416851899617820100, 0.1662186934340509600, -0.1916851899617817700 ) ) ;
#5480 = FILL_AREA_STYLE_COLOUR ( '', #5509 ) ;
#5481 = PLANE ( 'NONE',  #5486 ) ;
#5482 = DIRECTION ( 'NONE',  ( -0.1209742911513537500, -0.9852565360152938400, -0.1209742911513496500 ) ) ;
#5483 = VECTOR ( 'NONE', #5482, 100.0000000000000100 ) ;
#5484 = CARTESIAN_POINT ( 'NONE',  ( -0.2416851899617817600, 0.1662186934340509600, -0.1916851899617820800 ) ) ;
#5485 = LINE ( 'NONE', #5484, #5483 ) ;
#5486 = AXIS2_PLACEMENT_3D ( 'NONE', #5512, #5511, #5510 ) ;
#5487 = FACE_OUTER_BOUND ( 'NONE', #5723, .T. ) ;
#5488 = DIRECTION ( 'NONE',  ( 0.0000000000000000000, 1.000000000000000000, -0.0000000000000000000 ) ) ;
#5489 = VECTOR ( 'NONE', #5488, 100.0000000000000000 ) ;
#5490 = CARTESIAN_POINT ( 'NONE',  ( -0.2500000000000000000, 0.01499999999999999900, 0.2000000000000000100 ) ) ;
#5491 = FILL_AREA_STYLE_COLOUR ( '', #5445 ) ;
#5492 = SURFACE_STYLE_FILL_AREA ( #5493 ) ;
#5493 = FILL_AREA_STYLE ('',( #5491 ) ) ;
#5494 = DIRECTION ( 'NONE',  ( -0.1218693434051465700, -0.9925461516413222100, 0.0000000000000000000 ) ) ;
#5495 = DIRECTION ( 'NONE',  ( -0.9925461516413222100, 0.1218693434051465700, 1.751580729602863500E-034 ) ) ;
#5496 =( GEOMETRIC_REPRESENTATION_CONTEXT ( 3 ) GLOBAL_UNCERTAINTY_ASSIGNED_CONTEXT ( ( #5497 ) ) GLOBAL_UNIT_ASSIGNED_CONTEXT ( ( #5500, #5499, #5498 ) ) REPRESENTATION_CONTEXT ( 'NONE', 'WORKASPACE' ) );
#5497 = UNCERTAINTY_MEASURE_WITH_UNIT (LENGTH_MEASURE( 1.000000000000000100E-005 ), #5500, 'distance_accuracy_value', 'NONE');
#5498 =( NAMED_UNIT ( * ) SI_UNIT ( $, .STERADIAN. ) SOLID_ANGLE_UNIT ( ) );
#5499 =( NAMED_UNIT ( * ) PLANE_ANGLE_UNIT ( ) SI_UNIT ( $, .RADIAN. ) );
#5500 =( LENGTH_UNIT ( ) NAMED_UNIT ( * ) SI_UNIT ( .CENTI., .METRE. ) );
#5501 = MECHANICAL_DESIGN_GEOMETRIC_PRESENTATION_REPRESENTATION (  '', ( #5503 ), #5496 ) ;
#5502 = PRESENTATION_LAYER_ASSIGNMENT (  '', '', ( #5503 ) ) ;
#5503 = STYLED_ITEM ( 'NONE', ( #5504 ), #5711 ) ;
#5504 = PRESENTATION_STYLE_ASSIGNMENT (( #5505 ) ) ;
#5505 = SURFACE_STYLE_USAGE ( .BOTH. , #5506 ) ;
#5506 = SURFACE_SIDE_STYLE ('',( #5507 ) ) ;
#5507 = SURFACE_STYLE_FILL_AREA ( #5508 ) ;
#5508 = FILL_AREA_STYLE ('',( #5480 ) ) ;
#5509 = COLOUR_RGB ( '',0.1960784313725490200, 0.1960784313725490200, 0.1960784313725490200 ) ;
#5510 = DIRECTION ( 'NONE',  ( 0.0000000000000000000, 0.9925461516413220900, 0.1218693434051470200 ) ) ;
#5511 = DIRECTION ( 'NONE',  ( -8.407587502093762700E-035, 0.1218693434051470200, -0.9925461516413220900 ) ) ;
#5512 = CARTESIAN_POINT ( 'NONE',  ( 1.366751829557480300E-018, 0.1367500000000000100, -0.1953034905454640000 ) ) ;
#5513 = CARTESIAN_POINT ( 'NONE',  ( -0.2500000000000000600, 0.09850000000000000400, -0.2000000000000000100 ) ) ;
#5514 = FACE_OUTER_BOUND ( 'NONE', #274, .T. ) ;
#5515 =( GEOMETRIC_REPRESENTATION_CONTEXT ( 3 ) GLOBAL_UNCERTAINTY_ASSIGNED_CONTEXT ( ( #5466 ) ) GLOBAL_UNIT_ASSIGNED_CONTEXT ( ( #5469, #5468, #5467 ) ) REPRESENTATION_CONTEXT ( 'NONE', 'WORKASPACE' ) );
#5516 = DIRECTION ( 'NONE',  ( -8.407587502093762700E-035, 0.1218693434051470200, 0.9925461516413220900 ) ) ;
#5517 = CARTESIAN_POINT ( 'NONE',  ( 1.366751829557480300E-018, 0.1367500000000000100, 0.1953034905454640000 ) ) ;
#5518 = AXIS2_PLACEMENT_3D ( 'NONE', #5517, #5516, #5569 ) ;
#5519 = LINE ( 'NONE', #5567, #5566 ) ;
#5520 = FILL_AREA_STYLE_COLOUR ( '', #5571 ) ;
#5521 = SURFACE_STYLE_FILL_AREA ( #5557 ) ;
#5522 = CARTESIAN_POINT ( 'NONE',  ( 0.2500000000000000600, 0.09850000000000000400, 0.2000000000000000100 ) ) ;
#5523 =( GEOMETRIC_REPRESENTATION_CONTEXT ( 3 ) GLOBAL_UNCERTAINTY_ASSIGNED_CONTEXT ( ( #5524 ) ) GLOBAL_UNIT_ASSIGNED_CONTEXT ( ( #5527, #5526, #5525 ) ) REPRESENTATION_CONTEXT ( 'NONE', 'WORKASPACE' ) );
#5524 = UNCERTAINTY_MEASURE_WITH_UNIT (LENGTH_MEASURE( 1.000000000000000100E-005 ), #5527, 'distance_accuracy_value', 'NONE');
#5525 =( NAMED_UNIT ( * ) SI_UNIT ( $, .STERADIAN. ) SOLID_ANGLE_UNIT ( ) );
#5526 =( NAMED_UNIT ( * ) PLANE_ANGLE_UNIT ( ) SI_UNIT ( $, .RADIAN. ) );
#5527 =( LENGTH_UNIT ( ) NAMED_UNIT ( * ) SI_UNIT ( .CENTI., .METRE. ) );
#5528 = MECHANICAL_DESIGN_GEOMETRIC_PRESENTATION_REPRESENTATION (  '', ( #5530 ), #5523 ) ;
#5529 = PRESENTATION_LAYER_ASSIGNMENT (  '', '', ( #5530 ) ) ;
#5530 = STYLED_ITEM ( 'NONE', ( #5531 ), #5716 ) ;
#5531 = PRESENTATION_STYLE_ASSIGNMENT (( #5532 ) ) ;
#5532 = SURFACE_STYLE_USAGE ( .BOTH. , #5533 ) ;
#5533 = SURFACE_SIDE_STYLE ('',( #5534 ) ) ;
#5534 = SURFACE_STYLE_FILL_AREA ( #5535 ) ;
#5535 = FILL_AREA_STYLE ('',( #5539 ) ) ;
#5536 = COLOUR_RGB ( '',0.1960784313725490200, 0.1960784313725490200, 0.1960784313725490200 ) ;
#5537 = PLANE ( 'NONE',  #5518 ) ;
#5538 = FACE_OUTER_BOUND ( 'NONE', #213, .T. ) ;
#5539 = FILL_AREA_STYLE_COLOUR ( '', #5536 ) ;
#5540 =( GEOMETRIC_REPRESENTATION_CONTEXT ( 3 ) GLOBAL_UNCERTAINTY_ASSIGNED_CONTEXT ( ( #5541 ) ) GLOBAL_UNIT_ASSIGNED_CONTEXT ( ( #5544, #5543, #5542 ) ) REPRESENTATION_CONTEXT ( 'NONE', 'WORKASPACE' ) );
#5541 = UNCERTAINTY_MEASURE_WITH_UNIT (LENGTH_MEASURE( 1.000000000000000100E-005 ), #5544, 'distance_accuracy_value', 'NONE');
#5542 =( NAMED_UNIT ( * ) SI_UNIT ( $, .STERADIAN. ) SOLID_ANGLE_UNIT ( ) );
#5543 =( NAMED_UNIT ( * ) PLANE_ANGLE_UNIT ( ) SI_UNIT ( $, .RADIAN. ) );
#5544 =( LENGTH_UNIT ( ) NAMED_UNIT ( * ) SI_UNIT ( .CENTI., .METRE. ) );
#5545 = MECHANICAL_DESIGN_GEOMETRIC_PRESENTATION_REPRESENTATION (  '', ( #5547 ), #5540 ) ;
#5546 = PRESENTATION_LAYER_ASSIGNMENT (  '', '', ( #5547 ) ) ;
#5547 = STYLED_ITEM ( 'NONE', ( #5548 ), #5731 ) ;
#5548 = PRESENTATION_STYLE_ASSIGNMENT (( #5549 ) ) ;
#5549 = SURFACE_STYLE_USAGE ( .BOTH. , #5550 ) ;
#5550 = SURFACE_SIDE_STYLE ('',( #5521 ) ) ;
#5551 = COLOUR_RGB ( '',0.1960784313725490200, 0.1960784313725490200, 0.1960784313725490200 ) ;
#5552 = CYLINDRICAL_SURFACE ( 'NONE', #5558, 0.01000000000000000500 ) ;
#5553 = DIRECTION ( 'NONE',  ( 0.0000000000000000000, -1.437261152527789900E-033, 1.000000000000000000 ) ) ;
#5554 = VECTOR ( 'NONE', #5553, 100.0000000000000000 ) ;
#5555 = CARTESIAN_POINT ( 'NONE',  ( -0.2336014968589119900, 0.01499999999999999900, -2.316264938183646000E-067 ) ) ;
#5556 = FILL_AREA_STYLE_COLOUR ( '', #5551 ) ;
#5557 = FILL_AREA_STYLE ('',( #5556 ) ) ;
#5558 = AXIS2_PLACEMENT_3D ( 'NONE', #5589, #5588, #5586 ) ;
#5559 = LINE ( 'NONE', #5555, #5554 ) ;
#5560 = DIRECTION ( 'NONE',  ( 0.1209742911513531100, -0.9852565360152942800, 0.1209742911513473100 ) ) ;
#5561 = VECTOR ( 'NONE', #5560, 100.0000000000000000 ) ;
#5562 = CARTESIAN_POINT ( 'NONE',  ( -0.2500000000000000000, 0.09850000000000000400, 0.2000000000000000100 ) ) ;
#5563 = CARTESIAN_POINT ( 'NONE',  ( 0.2454817548271338300, 0.1352981539343469700, 0.1954817548271340900 ) ) ;
#5564 = LINE ( 'NONE', #5563, #5561 ) ;
#5565 = DIRECTION ( 'NONE',  ( -0.0000000000000000000, -0.0000000000000000000, 1.000000000000000000 ) ) ;
#5566 = VECTOR ( 'NONE', #5565, 100.0000000000000000 ) ;
#5567 = CARTESIAN_POINT ( 'NONE',  ( 0.2500000000000000000, 0.09850000000000000400, 0.0000000000000000000 ) ) ;
#5568 = FACE_OUTER_BOUND ( 'NONE', #2, .T. ) ;
#5569 = DIRECTION ( 'NONE',  ( 0.0000000000000000000, -0.9925461516413220900, 0.1218693434051470200 ) ) ;
#5570 = SHAPE_REPRESENTATION ( 'User Library-SOIC-8(2)', ( #5585, #5635, #5631 ), #5623 ) ;
#5571 = COLOUR_RGB ( '',0.7921568627450980000, 0.8196078431372548800, 0.9333333333333333500 ) ;
#5572 = DIRECTION ( 'NONE',  ( 1.000000000000000000, 0.0000000000000000000, 0.0000000000000000000 ) ) ;
#5573 = DIRECTION ( 'NONE',  ( 0.0000000000000000000, 0.0000000000000000000, 1.000000000000000000 ) ) ;
#5574 = CARTESIAN_POINT ( 'NONE',  ( 0.0000000000000000000, 0.0000000000000000000, 0.0000000000000000000 ) ) ;
#5575 = AXIS2_PLACEMENT_3D ( 'NONE', #5574, #5573, #5572 ) ;
#5576 = ADVANCED_BREP_SHAPE_REPRESENTATION ( '', ( #55, #5575 ), #5577 ) ;
#5577 =( GEOMETRIC_REPRESENTATION_CONTEXT ( 3 ) GLOBAL_UNCERTAINTY_ASSIGNED_CONTEXT ( ( #5578 ) ) GLOBAL_UNIT_ASSIGNED_CONTEXT ( ( #5587, #5581, #5579 ) ) REPRESENTATION_CONTEXT ( 'NONE', 'WORKASPACE' ) );
#5578 = UNCERTAINTY_MEASURE_WITH_UNIT (LENGTH_MEASURE( 1.000000000000000100E-005 ), #5587, 'distance_accuracy_value', 'NONE');
#5579 =( NAMED_UNIT ( * ) SI_UNIT ( $, .STERADIAN. ) SOLID_ANGLE_UNIT ( ) );
#5580 =( LENGTH_UNIT ( ) NAMED_UNIT ( * ) SI_UNIT ( .CENTI., .METRE. ) );
#5581 =( NAMED_UNIT ( * ) PLANE_ANGLE_UNIT ( ) SI_UNIT ( $, .RADIAN. ) );
#5582 = SURFACE_SIDE_STYLE ('',( #5583 ) ) ;
#5583 = SURFACE_STYLE_FILL_AREA ( #5584 ) ;
#5584 = FILL_AREA_STYLE ('',( #5520 ) ) ;
#5585 = AXIS2_PLACEMENT_3D ( 'NONE', #5594, #5593, #5640 ) ;
#5586 = DIRECTION ( 'NONE',  ( 0.0000000000000000000, -1.000000000000000000, -1.437261152527789700E-033 ) ) ;
#5587 =( LENGTH_UNIT ( ) NAMED_UNIT ( * ) SI_UNIT ( .CENTI., .METRE. ) );
#5588 = DIRECTION ( 'NONE',  ( 2.154269365246049800E-050, -1.437261152527790000E-033, 1.000000000000000000 ) ) ;
#5589 = CARTESIAN_POINT ( 'NONE',  ( -0.2336014968589119900, 0.02500000000000000100, 1.437261152527790000E-035 ) ) ;
#5590 = SURFACE_STYLE_FILL_AREA ( #5591 ) ;
#5591 = FILL_AREA_STYLE ('',( #5592 ) ) ;
#5592 = FILL_AREA_STYLE_COLOUR ( '', #5617 ) ;
#5593 = DIRECTION ( 'NONE',  ( 0.0000000000000000000, 0.0000000000000000000, 1.000000000000000000 ) ) ;
#5594 = CARTESIAN_POINT ( 'NONE',  ( 0.0000000000000000000, 0.0000000000000000000, 0.0000000000000000000 ) ) ;
#5595 = SHAPE_REPRESENTATION_RELATIONSHIP ( 'NONE' , 'NONE' ,  #5596, #5576 ) ;
#5596 = SHAPE_REPRESENTATION ( 'User Library-SOIC-8_SOIC-8_Pins_1(2)', ( #5575 ), #5577 ) ;
#5597 =( GEOMETRIC_REPRESENTATION_CONTEXT ( 3 ) GLOBAL_UNCERTAINTY_ASSIGNED_CONTEXT ( ( #5598 ) ) GLOBAL_UNIT_ASSIGNED_CONTEXT ( ( #5601, #5600, #5599 ) ) REPRESENTATION_CONTEXT ( 'NONE', 'WORKASPACE' ) );
#5598 = UNCERTAINTY_MEASURE_WITH_UNIT (LENGTH_MEASURE( 1.000000000000000100E-005 ), #5601, 'distance_accuracy_value', 'NONE');
#5599 =( NAMED_UNIT ( * ) SI_UNIT ( $, .STERADIAN. ) SOLID_ANGLE_UNIT ( ) );
#5600 =( NAMED_UNIT ( * ) PLANE_ANGLE_UNIT ( ) SI_UNIT ( $, .RADIAN. ) );
#5601 =( LENGTH_UNIT ( ) NAMED_UNIT ( * ) SI_UNIT ( .CENTI., .METRE. ) );
#5602 = MECHANICAL_DESIGN_GEOMETRIC_PRESENTATION_REPRESENTATION (  '', ( #5604 ), #5597 ) ;
#5603 = PRESENTATION_LAYER_ASSIGNMENT (  '', '', ( #5604 ) ) ;
#5604 = STYLED_ITEM ( 'NONE', ( #5605 ), #5576 ) ;
#5605 = PRESENTATION_STYLE_ASSIGNMENT (( #5606 ) ) ;
#5606 = SURFACE_STYLE_USAGE ( .BOTH. , #5582 ) ;
#5607 = UNCERTAINTY_MEASURE_WITH_UNIT (LENGTH_MEASURE( 1.000000000000000100E-005 ), #5610, 'distance_accuracy_value', 'NONE');
#5608 =( NAMED_UNIT ( * ) SI_UNIT ( $, .STERADIAN. ) SOLID_ANGLE_UNIT ( ) );
#5609 =( NAMED_UNIT ( * ) PLANE_ANGLE_UNIT ( ) SI_UNIT ( $, .RADIAN. ) );
#5610 =( LENGTH_UNIT ( ) NAMED_UNIT ( * ) SI_UNIT ( .CENTI., .METRE. ) );
#5611 = MECHANICAL_DESIGN_GEOMETRIC_PRESENTATION_REPRESENTATION (  '', ( #5613 ), #5643 ) ;
#5612 = PRESENTATION_LAYER_ASSIGNMENT (  '', '', ( #5613 ) ) ;
#5613 = STYLED_ITEM ( 'NONE', ( #5614 ), #5618 ) ;
#5614 = PRESENTATION_STYLE_ASSIGNMENT (( #5615 ) ) ;
#5615 = SURFACE_STYLE_USAGE ( .BOTH. , #5616 ) ;
#5616 = SURFACE_SIDE_STYLE ('',( #5590 ) ) ;
#5617 = COLOUR_RGB ( '',0.7921568627450980000, 0.8196078431372548800, 0.9333333333333333500 ) ;
#5618 = ADVANCED_BREP_SHAPE_REPRESENTATION ( '', ( #177, #5575 ), #5619 ) ;
#5619 =( GEOMETRIC_REPRESENTATION_CONTEXT ( 3 ) GLOBAL_UNCERTAINTY_ASSIGNED_CONTEXT ( ( #5620 ) ) GLOBAL_UNIT_ASSIGNED_CONTEXT ( ( #5580, #5622, #5621 ) ) REPRESENTATION_CONTEXT ( 'NONE', 'WORKASPACE' ) );
#5620 = UNCERTAINTY_MEASURE_WITH_UNIT (LENGTH_MEASURE( 1.000000000000000100E-005 ), #5580, 'distance_accuracy_value', 'NONE');
#5621 =( NAMED_UNIT ( * ) SI_UNIT ( $, .STERADIAN. ) SOLID_ANGLE_UNIT ( ) );
#5622 =( NAMED_UNIT ( * ) PLANE_ANGLE_UNIT ( ) SI_UNIT ( $, .RADIAN. ) );
#5623 =( GEOMETRIC_REPRESENTATION_CONTEXT ( 3 ) GLOBAL_UNCERTAINTY_ASSIGNED_CONTEXT ( ( #5624 ) ) GLOBAL_UNIT_ASSIGNED_CONTEXT ( ( #5627, #5626, #5625 ) ) REPRESENTATION_CONTEXT ( 'NONE', 'WORKASPACE' ) );
#5624 = UNCERTAINTY_MEASURE_WITH_UNIT (LENGTH_MEASURE( 1.000000000000000100E-005 ), #5627, 'distance_accuracy_value', 'NONE');
#5625 =( NAMED_UNIT ( * ) SI_UNIT ( $, .STERADIAN. ) SOLID_ANGLE_UNIT ( ) );
#5626 =( NAMED_UNIT ( * ) PLANE_ANGLE_UNIT ( ) SI_UNIT ( $, .RADIAN. ) );
#5627 =( LENGTH_UNIT ( ) NAMED_UNIT ( * ) SI_UNIT ( .CENTI., .METRE. ) );
#5628 = DIRECTION ( 'NONE',  ( 1.000000000000000000, 0.0000000000000000000, 0.0000000000000000000 ) ) ;
#5629 = DIRECTION ( 'NONE',  ( 0.0000000000000000000, 0.0000000000000000000, 1.000000000000000000 ) ) ;
#5630 = CARTESIAN_POINT ( 'NONE',  ( 0.0000000000000000000, 0.0000000000000000000, 0.0000000000000000000 ) ) ;
#5631 = AXIS2_PLACEMENT_3D ( 'NONE', #5630, #5629, #5628 ) ;
#5632 = DIRECTION ( 'NONE',  ( 1.000000000000000000, 0.0000000000000000000, 0.0000000000000000000 ) ) ;
#5633 = DIRECTION ( 'NONE',  ( 0.0000000000000000000, 0.0000000000000000000, 1.000000000000000000 ) ) ;
#5634 = CARTESIAN_POINT ( 'NONE',  ( 0.0000000000000000000, 0.0000000000000000000, 0.0000000000000000000 ) ) ;
#5635 = AXIS2_PLACEMENT_3D ( 'NONE', #5634, #5633, #5632 ) ;
#5636 = DIRECTION ( 'NONE',  ( 1.000000000000000000, 0.0000000000000000000, 0.0000000000000000000 ) ) ;
#5637 = DIRECTION ( 'NONE',  ( 0.0000000000000000000, 0.0000000000000000000, 1.000000000000000000 ) ) ;
#5638 = CARTESIAN_POINT ( 'NONE',  ( 0.0000000000000000000, 0.0000000000000000000, 0.0000000000000000000 ) ) ;
#5639 = AXIS2_PLACEMENT_3D ( 'NONE', #5638, #5637, #5636 ) ;
#5640 = DIRECTION ( 'NONE',  ( 1.000000000000000000, 0.0000000000000000000, 0.0000000000000000000 ) ) ;
#5641 = SHAPE_REPRESENTATION_RELATIONSHIP ( 'NONE' , 'NONE' ,  #5642, #5618 ) ;
#5642 = SHAPE_REPRESENTATION ( 'User Library-SOIC-8_SOIC-8_Body_1', ( #5575 ), #5619 ) ;
#5643 =( GEOMETRIC_REPRESENTATION_CONTEXT ( 3 ) GLOBAL_UNCERTAINTY_ASSIGNED_CONTEXT ( ( #5607 ) ) GLOBAL_UNIT_ASSIGNED_CONTEXT ( ( #5610, #5609, #5608 ) ) REPRESENTATION_CONTEXT ( 'NONE', 'WORKASPACE' ) );
#5644 = PRODUCT ( 'User Library-SOIC-8(2)', 'User Library-SOIC-8(2)', '', ( #5645 ) ) ;
#5645 = PRODUCT_CONTEXT ( 'NONE', #5659, 'mechanical' ) ;
#5646 = APPLICATION_PROTOCOL_DEFINITION ( 'draft international standard', 'automotive_design', 1998, #5659 ) ;
#5647 = CONTEXT_DEPENDENT_SHAPE_REPRESENTATION ( #5650, #5649 ) ;
#5648 = NEXT_ASSEMBLY_USAGE_OCCURRENCE ( 'NAUO1', ' ', ' ', #5685, #5665, $ ) ;
#5649 = PRODUCT_DEFINITION_SHAPE ( 'NONE', 'NONE',  #5648 ) ;
#5650 =( REPRESENTATION_RELATIONSHIP ('NONE','NONE', #5570, #5596 ) REPRESENTATION_RELATIONSHIP_WITH_TRANSFORMATION ( #5655 )SHAPE_REPRESENTATION_RELATIONSHIP( ) );
#5651 = NEXT_ASSEMBLY_USAGE_OCCURRENCE ( 'NAUO2', ' ', ' ', #5685, #5673, $ ) ;
#5652 = PRODUCT ( 'User Library-SOIC-8_SOIC-8_Pins_1(2)', 'User Library-SOIC-8_SOIC-8_Pins_1(2)', '', ( #5653 ) ) ;
#5653 = PRODUCT_CONTEXT ( 'NONE', #5657, 'mechanical' ) ;
#5654 = APPLICATION_PROTOCOL_DEFINITION ( 'draft international standard', 'automotive_design', 1998, #5657 ) ;
#5655 = ITEM_DEFINED_TRANSFORMATION ( 'NONE', 'NONE', #5631,  #5575 ) ;
#5656 = CONTEXT_DEPENDENT_SHAPE_REPRESENTATION ( #5661, #5658 ) ;
#5657 = APPLICATION_CONTEXT ( 'automotive_design' ) ;
#5658 = PRODUCT_DEFINITION_SHAPE ( 'NONE', 'NONE',  #5651 ) ;
#5659 = APPLICATION_CONTEXT ( 'automotive_design' ) ;
#5660 = APPLICATION_CONTEXT ( 'automotive_design' ) ;
#5661 =( REPRESENTATION_RELATIONSHIP ('NONE','NONE', #5570, #5642 ) REPRESENTATION_RELATIONSHIP_WITH_TRANSFORMATION ( #5684 )SHAPE_REPRESENTATION_RELATIONSHIP( ) );
#5662 = PRODUCT_DEFINITION_SHAPE ( 'NONE', 'NONE',  #5665 ) ;
#5663 = PRODUCT_RELATED_PRODUCT_CATEGORY ( 'part', '', ( #5652 ) ) ;
#5664 = PRODUCT_DEFINITION_FORMATION_WITH_SPECIFIED_SOURCE ( 'ANY', '', #5652, .NOT_KNOWN. ) ;
#5665 = PRODUCT_DEFINITION ( 'UNKNOWN', '', #5664, #5666 ) ;
#5666 = PRODUCT_DEFINITION_CONTEXT ( 'detailed design', #5668, 'design' ) ;
#5667 = APPLICATION_PROTOCOL_DEFINITION ( 'draft international standard', 'automotive_design', 1998, #5668 ) ;
#5668 = APPLICATION_CONTEXT ( 'automotive_design' ) ;
#5669 = SHAPE_DEFINITION_REPRESENTATION ( #5662, #5596 ) ;
#5670 = PRODUCT_DEFINITION_SHAPE ( 'NONE', 'NONE',  #5673 ) ;
#5671 = PRODUCT_RELATED_PRODUCT_CATEGORY ( 'part', '', ( #5678 ) ) ;
#5672 = PRODUCT_DEFINITION_FORMATION_WITH_SPECIFIED_SOURCE ( 'ANY', '', #5678, .NOT_KNOWN. ) ;
#5673 = PRODUCT_DEFINITION ( 'UNKNOWN', '', #5672, #5674 ) ;
#5674 = PRODUCT_DEFINITION_CONTEXT ( 'detailed design', #5676, 'design' ) ;
#5675 = APPLICATION_PROTOCOL_DEFINITION ( 'draft international standard', 'automotive_design', 1998, #5676 ) ;
#5676 = APPLICATION_CONTEXT ( 'automotive_design' ) ;
#5677 = SHAPE_DEFINITION_REPRESENTATION ( #5670, #5642 ) ;
#5678 = PRODUCT ( 'User Library-SOIC-8_SOIC-8_Body_1', 'User Library-SOIC-8_SOIC-8_Body_1', '', ( #5679 ) ) ;
#5679 = PRODUCT_CONTEXT ( 'NONE', #5660, 'mechanical' ) ;
#5680 = APPLICATION_PROTOCOL_DEFINITION ( 'draft international standard', 'automotive_design', 1998, #5660 ) ;
#5681 = PRODUCT_DEFINITION_SHAPE ( 'NONE', 'NONE',  #5685 ) ;
#5682 = PRODUCT_RELATED_PRODUCT_CATEGORY ( 'part', '', ( #5644 ) ) ;
#5683 = PRODUCT_DEFINITION_FORMATION_WITH_SPECIFIED_SOURCE ( 'ANY', '', #5644, .NOT_KNOWN. ) ;
#5684 = ITEM_DEFINED_TRANSFORMATION ( 'NONE', 'NONE', #5635,  #5575 ) ;
#5685 = PRODUCT_DEFINITION ( 'UNKNOWN', '', #5683, #5686 ) ;
#5686 = PRODUCT_DEFINITION_CONTEXT ( 'detailed design', #5688, 'design' ) ;
#5687 = APPLICATION_PROTOCOL_DEFINITION ( 'draft international standard', 'automotive_design', 1998, #5688 ) ;
#5688 = APPLICATION_CONTEXT ( 'automotive_design' ) ;
#5689 = SHAPE_DEFINITION_REPRESENTATION ( #5681, #5570 ) ;
#5690 = ORIENTED_EDGE ( 'NONE', *, *, #305, .F. ) ;
#5691 = ADVANCED_FACE ( 'NONE', ( #5463 ), #5465, .T. ) ;
#5692 = VERTEX_POINT ( 'NONE', #5446 ) ;
#5693 = ORIENTED_EDGE ( 'NONE', *, *, #5697, .F. ) ;
#5694 = EDGE_CURVE ( 'NONE', #5692, #5722, #5447, .T. ) ;
#5695 = EDGE_LOOP ( 'NONE', ( #5708, #5707, #303, #300, #5690 ) ) ;
#5696 = ORIENTED_EDGE ( 'NONE', *, *, #5698, .T. ) ;
#5697 = EDGE_CURVE ( 'NONE', #202, #5701, #5485, .T. ) ;
#5698 = EDGE_CURVE ( 'NONE', #194, #276, #5462, .T. ) ;
#5699 = ORIENTED_EDGE ( 'NONE', *, *, #181, .T. ) ;
#5700 = ADVANCED_FACE ( 'NONE', ( #5487 ), #5481, .T. ) ;
#5701 = VERTEX_POINT ( 'NONE', #5513 ) ;
#5702 = ORIENTED_EDGE ( 'NONE', *, *, #5698, .F. ) ;
#5703 = ORIENTED_EDGE ( 'NONE', *, *, #5714, .F. ) ;
#5704 = ORIENTED_EDGE ( 'NONE', *, *, #209, .F. ) ;
#5705 = VERTEX_POINT ( 'NONE', #5474 ) ;
#5706 = EDGE_LOOP ( 'NONE', ( #260, #295, #292, #298 ) ) ;
#5707 = ORIENTED_EDGE ( 'NONE', *, *, #215, .F. ) ;
#5708 = ORIENTED_EDGE ( 'NONE', *, *, #5712, .T. ) ;
#5709 = ORIENTED_EDGE ( 'NONE', *, *, #5712, .F. ) ;
#5710 = ORIENTED_EDGE ( 'NONE', *, *, #180, .T. ) ;
#5711 = ADVANCED_FACE ( 'NONE', ( #5514 ), #4830, .T. ) ;
#5712 = EDGE_CURVE ( 'NONE', #5722, #195, #5271, .T. ) ;
#5713 = ORIENTED_EDGE ( 'NONE', *, *, #5720, .F. ) ;
#5714 = EDGE_CURVE ( 'NONE', #5701, #276, #4839, .T. ) ;
#5715 = ORIENTED_EDGE ( 'NONE', *, *, #188, .T. ) ;
#5716 = ADVANCED_FACE ( 'NONE', ( #5538 ), #5537, .T. ) ;
#5717 = ORIENTED_EDGE ( 'NONE', *, *, #5721, .F. ) ;
#5718 = VERTEX_POINT ( 'NONE', #5522 ) ;
#5719 = EDGE_LOOP ( 'NONE', ( #5726, #36, #21, #62 ) ) ;
#5720 = EDGE_CURVE ( 'NONE', #276, #5718, #5519, .T. ) ;
#5721 = EDGE_CURVE ( 'NONE', #204, #5718, #5564, .T. ) ;
#5722 = VERTEX_POINT ( 'NONE', #5562 ) ;
#5723 = EDGE_LOOP ( 'NONE', ( #5703, #5693, #5715, #5696 ) ) ;
#5724 = EDGE_CURVE ( 'NONE', #1, #64, #5559, .T. ) ;
#5725 = ORIENTED_EDGE ( 'NONE', *, *, #29, .F. ) ;
#5726 = ORIENTED_EDGE ( 'NONE', *, *, #33, .F. ) ;
#5727 = ORIENTED_EDGE ( 'NONE', *, *, #5724, .T. ) ;
#5728 = ORIENTED_EDGE ( 'NONE', *, *, #63, .T. ) ;
#5729 = ORIENTED_EDGE ( 'NONE', *, *, #29, .T. ) ;
#5730 = EDGE_LOOP ( 'NONE', ( #52, #50, #59, #5732 ) ) ;
#5731 = ADVANCED_FACE ( 'NONE', ( #5568 ), #5552, .T. ) ;
#5732 = ORIENTED_EDGE ( 'NONE', *, *, #49, .F. ) ;
#5733 = CLOSED_SHELL ( 'NONE', ( #160, #125, #102, #106, #174, #208, #203, #265, #5716, #5711, #5700, #5691, #302, #266, #284, #289, #39, #92, #10, #72, #5, #328, #26, #5731, #41 ) ) ;
ENDSEC;
END-ISO-10303-21;
