ISO-10303-21;
HEADER;
/* Generated by software containing ST-Developer
 * from STEP Tools, Inc. (www.steptools.com) 
 */

FILE_DESCRIPTION(
/* description */ ('Alibre Inc.'),
/* implementation_level */ '2;1');

FILE_NAME(
/* name */ 'export1',
/* time_stamp */ '2015-06-19T10:09:53+08:00',
/* author */ (''),
/* organization */ (''),
/* preprocessor_version */ 'ST-DEVELOPER v14',
/* originating_system */ 'Alibre',
/* authorisation */ '');

FILE_SCHEMA (('AUTOMOTIVE_DESIGN'));
ENDSEC;

DATA;
#10=CONTEXT_DEPENDENT_SHAPE_REPRESENTATION(#73,#141);
#11=CONTEXT_DEPENDENT_SHAPE_REPRESENTATION(#74,#142);
#12=CONTEXT_DEPENDENT_SHAPE_REPRESENTATION(#75,#143);
#13=CONTEXT_DEPENDENT_SHAPE_REPRESENTATION(#76,#144);
#14=CONTEXT_DEPENDENT_SHAPE_REPRESENTATION(#77,#145);
#15=CONTEXT_DEPENDENT_SHAPE_REPRESENTATION(#78,#146);
#16=CONTEXT_DEPENDENT_SHAPE_REPRESENTATION(#79,#147);
#17=CONTEXT_DEPENDENT_SHAPE_REPRESENTATION(#80,#148);
#18=CONTEXT_DEPENDENT_SHAPE_REPRESENTATION(#81,#149);
#19=CONTEXT_DEPENDENT_SHAPE_REPRESENTATION(#82,#150);
#20=CONTEXT_DEPENDENT_SHAPE_REPRESENTATION(#83,#151);
#21=CONTEXT_DEPENDENT_SHAPE_REPRESENTATION(#84,#152);
#22=CONTEXT_DEPENDENT_SHAPE_REPRESENTATION(#85,#153);
#23=CONTEXT_DEPENDENT_SHAPE_REPRESENTATION(#86,#154);
#24=CONTEXT_DEPENDENT_SHAPE_REPRESENTATION(#87,#155);
#25=CONTEXT_DEPENDENT_SHAPE_REPRESENTATION(#88,#156);
#26=CONTEXT_DEPENDENT_SHAPE_REPRESENTATION(#89,#157);
#27=CONTEXT_DEPENDENT_SHAPE_REPRESENTATION(#90,#158);
#28=CONTEXT_DEPENDENT_SHAPE_REPRESENTATION(#91,#159);
#29=CONTEXT_DEPENDENT_SHAPE_REPRESENTATION(#92,#160);
#30=CONTEXT_DEPENDENT_SHAPE_REPRESENTATION(#93,#161);
#31=NEXT_ASSEMBLY_USAGE_OCCURRENCE('NAUO_ID9','NAUO_NAME9',$,#164,#162,$);
#32=NEXT_ASSEMBLY_USAGE_OCCURRENCE('NAUO_ID19','NAUO_NAME19',$,#164,#163,
$);
#33=NEXT_ASSEMBLY_USAGE_OCCURRENCE('NAUO_ID29','NAUO_NAME29',$,#164,#163,
$);
#34=NEXT_ASSEMBLY_USAGE_OCCURRENCE('NAUO_ID39','NAUO_NAME39',$,#164,#163,
$);
#35=NEXT_ASSEMBLY_USAGE_OCCURRENCE('NAUO_ID49','NAUO_NAME49',$,#164,#163,
$);
#36=NEXT_ASSEMBLY_USAGE_OCCURRENCE('NAUO_ID59','NAUO_NAME59',$,#164,#163,
$);
#37=NEXT_ASSEMBLY_USAGE_OCCURRENCE('NAUO_ID69','NAUO_NAME69',$,#164,#163,
$);
#38=NEXT_ASSEMBLY_USAGE_OCCURRENCE('NAUO_ID79','NAUO_NAME79',$,#164,#163,
$);
#39=NEXT_ASSEMBLY_USAGE_OCCURRENCE('NAUO_ID89','NAUO_NAME89',$,#164,#163,
$);
#40=NEXT_ASSEMBLY_USAGE_OCCURRENCE('NAUO_ID99','NAUO_NAME99',$,#164,#163,
$);
#41=NEXT_ASSEMBLY_USAGE_OCCURRENCE('NAUO_ID109','NAUO_NAME109',$,#164,#163,
$);
#42=NEXT_ASSEMBLY_USAGE_OCCURRENCE('NAUO_ID119','NAUO_NAME119',$,#164,#163,
$);
#43=NEXT_ASSEMBLY_USAGE_OCCURRENCE('NAUO_ID129','NAUO_NAME129',$,#164,#163,
$);
#44=NEXT_ASSEMBLY_USAGE_OCCURRENCE('NAUO_ID139','NAUO_NAME139',$,#164,#163,
$);
#45=NEXT_ASSEMBLY_USAGE_OCCURRENCE('NAUO_ID149','NAUO_NAME149',$,#164,#163,
$);
#46=NEXT_ASSEMBLY_USAGE_OCCURRENCE('NAUO_ID159','NAUO_NAME159',$,#164,#163,
$);
#47=NEXT_ASSEMBLY_USAGE_OCCURRENCE('NAUO_ID169','NAUO_NAME169',$,#164,#163,
$);
#48=NEXT_ASSEMBLY_USAGE_OCCURRENCE('NAUO_ID179','NAUO_NAME179',$,#164,#163,
$);
#49=NEXT_ASSEMBLY_USAGE_OCCURRENCE('NAUO_ID189','NAUO_NAME189',$,#164,#163,
$);
#50=NEXT_ASSEMBLY_USAGE_OCCURRENCE('NAUO_ID199','NAUO_NAME199',$,#164,#163,
$);
#51=NEXT_ASSEMBLY_USAGE_OCCURRENCE('NAUO_ID209','NAUO_NAME209',$,#164,#163,
$);
#52=ITEM_DEFINED_TRANSFORMATION('ITD_NAME0',$,#11332,#11331);
#53=ITEM_DEFINED_TRANSFORMATION('ITD_NAME10',$,#11334,#11333);
#54=ITEM_DEFINED_TRANSFORMATION('ITD_NAME20',$,#11336,#11335);
#55=ITEM_DEFINED_TRANSFORMATION('ITD_NAME30',$,#11338,#11337);
#56=ITEM_DEFINED_TRANSFORMATION('ITD_NAME40',$,#11340,#11339);
#57=ITEM_DEFINED_TRANSFORMATION('ITD_NAME50',$,#11342,#11341);
#58=ITEM_DEFINED_TRANSFORMATION('ITD_NAME60',$,#11344,#11343);
#59=ITEM_DEFINED_TRANSFORMATION('ITD_NAME70',$,#11346,#11345);
#60=ITEM_DEFINED_TRANSFORMATION('ITD_NAME80',$,#11348,#11347);
#61=ITEM_DEFINED_TRANSFORMATION('ITD_NAME90',$,#11350,#11349);
#62=ITEM_DEFINED_TRANSFORMATION('ITD_NAME100',$,#11352,#11351);
#63=ITEM_DEFINED_TRANSFORMATION('ITD_NAME110',$,#11354,#11353);
#64=ITEM_DEFINED_TRANSFORMATION('ITD_NAME120',$,#11356,#11355);
#65=ITEM_DEFINED_TRANSFORMATION('ITD_NAME130',$,#11358,#11357);
#66=ITEM_DEFINED_TRANSFORMATION('ITD_NAME140',$,#11360,#11359);
#67=ITEM_DEFINED_TRANSFORMATION('ITD_NAME150',$,#11362,#11361);
#68=ITEM_DEFINED_TRANSFORMATION('ITD_NAME160',$,#11364,#11363);
#69=ITEM_DEFINED_TRANSFORMATION('ITD_NAME170',$,#11366,#11365);
#70=ITEM_DEFINED_TRANSFORMATION('ITD_NAME180',$,#11368,#11367);
#71=ITEM_DEFINED_TRANSFORMATION('ITD_NAME190',$,#11370,#11369);
#72=ITEM_DEFINED_TRANSFORMATION('ITD_NAME200',$,#11372,#11371);
#73=(
REPRESENTATION_RELATIONSHIP('PRPC010DAAN-RC_2',$,#179,#181)
REPRESENTATION_RELATIONSHIP_WITH_TRANSFORMATION(#52)
SHAPE_REPRESENTATION_RELATIONSHIP()
);
#74=(
REPRESENTATION_RELATIONSHIP('PRPC010DAAN-RC_1',$,#180,#181)
REPRESENTATION_RELATIONSHIP_WITH_TRANSFORMATION(#53)
SHAPE_REPRESENTATION_RELATIONSHIP()
);
#75=(
REPRESENTATION_RELATIONSHIP('PRPC010DAAN-RC_1',$,#180,#181)
REPRESENTATION_RELATIONSHIP_WITH_TRANSFORMATION(#54)
SHAPE_REPRESENTATION_RELATIONSHIP()
);
#76=(
REPRESENTATION_RELATIONSHIP('PRPC010DAAN-RC_1',$,#180,#181)
REPRESENTATION_RELATIONSHIP_WITH_TRANSFORMATION(#55)
SHAPE_REPRESENTATION_RELATIONSHIP()
);
#77=(
REPRESENTATION_RELATIONSHIP('PRPC010DAAN-RC_1',$,#180,#181)
REPRESENTATION_RELATIONSHIP_WITH_TRANSFORMATION(#56)
SHAPE_REPRESENTATION_RELATIONSHIP()
);
#78=(
REPRESENTATION_RELATIONSHIP('PRPC010DAAN-RC_1',$,#180,#181)
REPRESENTATION_RELATIONSHIP_WITH_TRANSFORMATION(#57)
SHAPE_REPRESENTATION_RELATIONSHIP()
);
#79=(
REPRESENTATION_RELATIONSHIP('PRPC010DAAN-RC_1',$,#180,#181)
REPRESENTATION_RELATIONSHIP_WITH_TRANSFORMATION(#58)
SHAPE_REPRESENTATION_RELATIONSHIP()
);
#80=(
REPRESENTATION_RELATIONSHIP('PRPC010DAAN-RC_1',$,#180,#181)
REPRESENTATION_RELATIONSHIP_WITH_TRANSFORMATION(#59)
SHAPE_REPRESENTATION_RELATIONSHIP()
);
#81=(
REPRESENTATION_RELATIONSHIP('PRPC010DAAN-RC_1',$,#180,#181)
REPRESENTATION_RELATIONSHIP_WITH_TRANSFORMATION(#60)
SHAPE_REPRESENTATION_RELATIONSHIP()
);
#82=(
REPRESENTATION_RELATIONSHIP('PRPC010DAAN-RC_1',$,#180,#181)
REPRESENTATION_RELATIONSHIP_WITH_TRANSFORMATION(#61)
SHAPE_REPRESENTATION_RELATIONSHIP()
);
#83=(
REPRESENTATION_RELATIONSHIP('PRPC010DAAN-RC_1',$,#180,#181)
REPRESENTATION_RELATIONSHIP_WITH_TRANSFORMATION(#62)
SHAPE_REPRESENTATION_RELATIONSHIP()
);
#84=(
REPRESENTATION_RELATIONSHIP('PRPC010DAAN-RC_1',$,#180,#181)
REPRESENTATION_RELATIONSHIP_WITH_TRANSFORMATION(#63)
SHAPE_REPRESENTATION_RELATIONSHIP()
);
#85=(
REPRESENTATION_RELATIONSHIP('PRPC010DAAN-RC_1',$,#180,#181)
REPRESENTATION_RELATIONSHIP_WITH_TRANSFORMATION(#64)
SHAPE_REPRESENTATION_RELATIONSHIP()
);
#86=(
REPRESENTATION_RELATIONSHIP('PRPC010DAAN-RC_1',$,#180,#181)
REPRESENTATION_RELATIONSHIP_WITH_TRANSFORMATION(#65)
SHAPE_REPRESENTATION_RELATIONSHIP()
);
#87=(
REPRESENTATION_RELATIONSHIP('PRPC010DAAN-RC_1',$,#180,#181)
REPRESENTATION_RELATIONSHIP_WITH_TRANSFORMATION(#66)
SHAPE_REPRESENTATION_RELATIONSHIP()
);
#88=(
REPRESENTATION_RELATIONSHIP('PRPC010DAAN-RC_1',$,#180,#181)
REPRESENTATION_RELATIONSHIP_WITH_TRANSFORMATION(#67)
SHAPE_REPRESENTATION_RELATIONSHIP()
);
#89=(
REPRESENTATION_RELATIONSHIP('PRPC010DAAN-RC_1',$,#180,#181)
REPRESENTATION_RELATIONSHIP_WITH_TRANSFORMATION(#68)
SHAPE_REPRESENTATION_RELATIONSHIP()
);
#90=(
REPRESENTATION_RELATIONSHIP('PRPC010DAAN-RC_1',$,#180,#181)
REPRESENTATION_RELATIONSHIP_WITH_TRANSFORMATION(#69)
SHAPE_REPRESENTATION_RELATIONSHIP()
);
#91=(
REPRESENTATION_RELATIONSHIP('PRPC010DAAN-RC_1',$,#180,#181)
REPRESENTATION_RELATIONSHIP_WITH_TRANSFORMATION(#70)
SHAPE_REPRESENTATION_RELATIONSHIP()
);
#92=(
REPRESENTATION_RELATIONSHIP('PRPC010DAAN-RC_1',$,#180,#181)
REPRESENTATION_RELATIONSHIP_WITH_TRANSFORMATION(#71)
SHAPE_REPRESENTATION_RELATIONSHIP()
);
#93=(
REPRESENTATION_RELATIONSHIP('PRPC010DAAN-RC_1',$,#180,#181)
REPRESENTATION_RELATIONSHIP_WITH_TRANSFORMATION(#72)
SHAPE_REPRESENTATION_RELATIONSHIP()
);
#94=STYLED_ITEM('NAME_0',(#129),#7431);
#95=STYLED_ITEM('NAME_0',(#130),#7432);
#96=STYLED_ITEM('NAME_0',(#131),#7035);
#97=STYLED_ITEM('NAME_0',(#131),#7036);
#98=STYLED_ITEM('NAME_0',(#131),#7037);
#99=STYLED_ITEM('NAME_0',(#131),#7038);
#100=STYLED_ITEM('NAME_0',(#131),#7039);
#101=STYLED_ITEM('NAME_0',(#131),#7040);
#102=STYLED_ITEM('NAME_0',(#131),#7041);
#103=STYLED_ITEM('NAME_0',(#131),#7042);
#104=STYLED_ITEM('NAME_0',(#131),#7043);
#105=STYLED_ITEM('NAME_0',(#131),#7044);
#106=STYLED_ITEM('NAME_0',(#131),#7045);
#107=STYLED_ITEM('NAME_0',(#131),#7046);
#108=STYLED_ITEM('NAME_0',(#131),#7047);
#109=STYLED_ITEM('NAME_0',(#131),#7048);
#110=MECHANICAL_DESIGN_GEOMETRIC_PRESENTATION_REPRESENTATION('NAME_0',(#94,
#95,#96,#97,#98,#99,#100,#101,#102,#103,#104,#105,#106,#107,#108,#109),#202);
#111=COLOUR_RGB('',0.219607843137255,0.219607843137255,0.219607843137255);
#112=COLOUR_RGB('',0.749019607843137,0.749019607843137,0.749019607843137);
#113=COLOUR_RGB('',1.,1.,0.498039215686275);
#114=FILL_AREA_STYLE_COLOUR('NAME_0',#111);
#115=FILL_AREA_STYLE_COLOUR('NAME_0',#112);
#116=FILL_AREA_STYLE_COLOUR('NAME_0',#113);
#117=FILL_AREA_STYLE('NAME_0',(#114));
#118=FILL_AREA_STYLE('NAME_0',(#115));
#119=FILL_AREA_STYLE('NAME_0',(#116));
#120=SURFACE_STYLE_FILL_AREA(#117);
#121=SURFACE_STYLE_FILL_AREA(#118);
#122=SURFACE_STYLE_FILL_AREA(#119);
#123=SURFACE_SIDE_STYLE('NAME_0',(#120));
#124=SURFACE_SIDE_STYLE('NAME_0',(#121));
#125=SURFACE_SIDE_STYLE('NAME_0',(#122));
#126=SURFACE_STYLE_USAGE(.POSITIVE.,#123);
#127=SURFACE_STYLE_USAGE(.POSITIVE.,#124);
#128=SURFACE_STYLE_USAGE(.POSITIVE.,#125);
#129=PRESENTATION_STYLE_ASSIGNMENT((#126));
#130=PRESENTATION_STYLE_ASSIGNMENT((#127));
#131=PRESENTATION_STYLE_ASSIGNMENT((#128));
#132=PRODUCT_DEFINITION_CONTEXT('part definition',#172,'design');
#133=PRODUCT_DEFINITION_CONTEXT('part definition',#172,'design');
#134=PRODUCT_DEFINITION_CONTEXT('part definition',#172,'design');
#135=SHAPE_DEFINITION_REPRESENTATION(#138,#179);
#136=SHAPE_DEFINITION_REPRESENTATION(#139,#180);
#137=SHAPE_DEFINITION_REPRESENTATION(#140,#181);
#138=PRODUCT_DEFINITION_SHAPE('PRODUCT_VERSION_ID',
'PRODUCT_VERSION_DESCR',#162);
#139=PRODUCT_DEFINITION_SHAPE('PRODUCT_VERSION_ID',
'PRODUCT_VERSION_DESCR',#163);
#140=PRODUCT_DEFINITION_SHAPE('PRODUCT_VERSION_ID',
'PRODUCT_VERSION_DESCR',#164);
#141=PRODUCT_DEFINITION_SHAPE('NAME_10',$,#31);
#142=PRODUCT_DEFINITION_SHAPE('NAME_20',$,#32);
#143=PRODUCT_DEFINITION_SHAPE('NAME_30',$,#33);
#144=PRODUCT_DEFINITION_SHAPE('NAME_40',$,#34);
#145=PRODUCT_DEFINITION_SHAPE('NAME_50',$,#35);
#146=PRODUCT_DEFINITION_SHAPE('NAME_60',$,#36);
#147=PRODUCT_DEFINITION_SHAPE('NAME_70',$,#37);
#148=PRODUCT_DEFINITION_SHAPE('NAME_80',$,#38);
#149=PRODUCT_DEFINITION_SHAPE('NAME_90',$,#39);
#150=PRODUCT_DEFINITION_SHAPE('NAME_100',$,#40);
#151=PRODUCT_DEFINITION_SHAPE('NAME_110',$,#41);
#152=PRODUCT_DEFINITION_SHAPE('NAME_120',$,#42);
#153=PRODUCT_DEFINITION_SHAPE('NAME_130',$,#43);
#154=PRODUCT_DEFINITION_SHAPE('NAME_140',$,#44);
#155=PRODUCT_DEFINITION_SHAPE('NAME_150',$,#45);
#156=PRODUCT_DEFINITION_SHAPE('NAME_160',$,#46);
#157=PRODUCT_DEFINITION_SHAPE('NAME_170',$,#47);
#158=PRODUCT_DEFINITION_SHAPE('NAME_180',$,#48);
#159=PRODUCT_DEFINITION_SHAPE('NAME_190',$,#49);
#160=PRODUCT_DEFINITION_SHAPE('NAME_200',$,#50);
#161=PRODUCT_DEFINITION_SHAPE('NAME_210',$,#51);
#162=PRODUCT_DEFINITION('PRPC010DAAN-RC_2','PRODUCT_VERSION_DESCR',#165,
#132);
#163=PRODUCT_DEFINITION('PRPC010DAAN-RC_1','PRODUCT_VERSION_DESCR',#166,
#133);
#164=PRODUCT_DEFINITION('PRODUCT_VERSION_ID','PRODUCT_VERSION_DESCR',#167,
#134);
#165=PRODUCT_DEFINITION_FORMATION_WITH_SPECIFIED_SOURCE(
'PRODUCT_VERSION_ID','PRODUCT_VERSION_DESCR',#176,.MADE.);
#166=PRODUCT_DEFINITION_FORMATION_WITH_SPECIFIED_SOURCE(
'PRODUCT_VERSION_ID','PRODUCT_VERSION_DESCR',#177,.MADE.);
#167=PRODUCT_DEFINITION_FORMATION_WITH_SPECIFIED_SOURCE(
'PRODUCT_VERSION_ID','PRODUCT_VERSION_DESCR',#178,.MADE.);
#168=PRODUCT_RELATED_PRODUCT_CATEGORY('part','part',(#176));
#169=PRODUCT_RELATED_PRODUCT_CATEGORY('part','part',(#177));
#170=PRODUCT_RELATED_PRODUCT_CATEGORY('part','part',(#178));
#171=APPLICATION_PROTOCOL_DEFINITION('Draft International Standard',
'automotive_design',1994,#172);
#172=APPLICATION_CONTEXT('automotive_Design');
#173=PRODUCT_CONTEXT('3D Mechanical Parts',#172,'mechanical');
#174=PRODUCT_CONTEXT('3D Mechanical Parts',#172,'mechanical');
#175=PRODUCT_CONTEXT('3D Mechanical Parts',#172,'mechanical');
#176=PRODUCT('','PRPC010DAAN-RC_2','',(#173));
#177=PRODUCT('','PRPC010DAAN-RC_1','',(#174));
#178=PRODUCT('','PRPC010DAAN-RC','',(#175));
#179=SHAPE_REPRESENTATION('PRPC010DAAN-RC_2',(#11332),#202);
#180=SHAPE_REPRESENTATION('PRPC010DAAN-RC_1',(#11334,#11336,#11338,#11340,
#11342,#11344,#11346,#11348,#11350,#11352,#11354,#11356,#11358,#11360,#11362,
#11364,#11366,#11368,#11370,#11372),#203);
#181=SHAPE_REPRESENTATION('NAME_0',(#11331,#11333,#11335,#11337,#11339,#11341,
#11343,#11345,#11347,#11349,#11351,#11353,#11355,#11357,#11359,#11361,#11363,
#11365,#11367,#11369,#11371),#204);
#182=SHAPE_REPRESENTATION_RELATIONSHIP('NAME_0',$,#179,#11373);
#183=SHAPE_REPRESENTATION_RELATIONSHIP('NAME_0',$,#180,#11374);
#184=(
LENGTH_UNIT()
NAMED_UNIT(*)
SI_UNIT(.CENTI.,.METRE.)
);
#185=(
LENGTH_UNIT()
NAMED_UNIT(*)
SI_UNIT(.CENTI.,.METRE.)
);
#186=(
LENGTH_UNIT()
NAMED_UNIT(*)
SI_UNIT(.CENTI.,.METRE.)
);
#187=DIMENSIONAL_EXPONENTS(1.,0.,0.,0.,0.,0.,0.);
#188=DIMENSIONAL_EXPONENTS(1.,0.,0.,0.,0.,0.,0.);
#189=LENGTH_MEASURE_WITH_UNIT(LENGTH_MEASURE(2.54),#184);
#190=LENGTH_MEASURE_WITH_UNIT(LENGTH_MEASURE(2.54),#185);
#191=(
CONVERSION_BASED_UNIT('INCH',#189)
LENGTH_UNIT()
NAMED_UNIT(#187)
);
#192=(
CONVERSION_BASED_UNIT('INCH',#190)
LENGTH_UNIT()
NAMED_UNIT(#188)
);
#193=(
NAMED_UNIT(*)
PLANE_ANGLE_UNIT()
SI_UNIT($,.RADIAN.)
);
#194=(
NAMED_UNIT(*)
PLANE_ANGLE_UNIT()
SI_UNIT($,.RADIAN.)
);
#195=(
NAMED_UNIT(*)
PLANE_ANGLE_UNIT()
SI_UNIT($,.RADIAN.)
);
#196=(
NAMED_UNIT(*)
SI_UNIT($,.STERADIAN.)
SOLID_ANGLE_UNIT()
);
#197=(
NAMED_UNIT(*)
SI_UNIT($,.STERADIAN.)
SOLID_ANGLE_UNIT()
);
#198=(
NAMED_UNIT(*)
SI_UNIT($,.STERADIAN.)
SOLID_ANGLE_UNIT()
);
#199=UNCERTAINTY_MEASURE_WITH_UNIT(LENGTH_MEASURE(1.E-006),#191,
'DISTANCE_ACCURACY_VALUE',
'Maximum model space distance between geometric entities at asserted co
nnectivities');
#200=UNCERTAINTY_MEASURE_WITH_UNIT(LENGTH_MEASURE(1.E-006),#192,
'DISTANCE_ACCURACY_VALUE',
'Maximum model space distance between geometric entities at asserted co
nnectivities');
#201=UNCERTAINTY_MEASURE_WITH_UNIT(LENGTH_MEASURE(1.E-006),#186,
'DISTANCE_ACCURACY_VALUE',
'Maximum model space distance between geometric entities at asserted co
nnectivities');
#202=(
GEOMETRIC_REPRESENTATION_CONTEXT(3)
GLOBAL_UNCERTAINTY_ASSIGNED_CONTEXT((#199))
GLOBAL_UNIT_ASSIGNED_CONTEXT((#196,#193,#191))
REPRESENTATION_CONTEXT('ID1','3D')
);
#203=(
GEOMETRIC_REPRESENTATION_CONTEXT(3)
GLOBAL_UNCERTAINTY_ASSIGNED_CONTEXT((#200))
GLOBAL_UNIT_ASSIGNED_CONTEXT((#197,#194,#192))
REPRESENTATION_CONTEXT('ID1','3D')
);
#204=(
GEOMETRIC_REPRESENTATION_CONTEXT(3)
GLOBAL_UNCERTAINTY_ASSIGNED_CONTEXT((#201))
GLOBAL_UNIT_ASSIGNED_CONTEXT((#198,#195,#186))
REPRESENTATION_CONTEXT('ID1','3D')
);
#205=VERTEX_POINT('',#8904);
#206=VERTEX_POINT('',#8905);
#207=VERTEX_POINT('',#8907);
#208=VERTEX_POINT('',#8909);
#209=VERTEX_POINT('',#8913);
#210=VERTEX_POINT('',#8914);
#211=VERTEX_POINT('',#8916);
#212=VERTEX_POINT('',#8918);
#213=VERTEX_POINT('',#8922);
#214=VERTEX_POINT('',#8924);
#215=VERTEX_POINT('',#8928);
#216=VERTEX_POINT('',#8932);
#217=VERTEX_POINT('',#8934);
#218=VERTEX_POINT('',#8938);
#219=VERTEX_POINT('',#8942);
#220=VERTEX_POINT('',#8944);
#221=VERTEX_POINT('',#8948);
#222=VERTEX_POINT('',#8949);
#223=VERTEX_POINT('',#8952);
#224=VERTEX_POINT('',#8954);
#225=VERTEX_POINT('',#8956);
#226=VERTEX_POINT('',#8958);
#227=VERTEX_POINT('',#8961);
#228=VERTEX_POINT('',#8962);
#229=VERTEX_POINT('',#8964);
#230=VERTEX_POINT('',#8966);
#231=VERTEX_POINT('',#8969);
#232=VERTEX_POINT('',#8970);
#233=VERTEX_POINT('',#8972);
#234=VERTEX_POINT('',#8974);
#235=VERTEX_POINT('',#8978);
#236=VERTEX_POINT('',#8980);
#237=VERTEX_POINT('',#8982);
#238=VERTEX_POINT('',#8986);
#239=VERTEX_POINT('',#8988);
#240=VERTEX_POINT('',#8992);
#241=VERTEX_POINT('',#8994);
#242=VERTEX_POINT('',#8998);
#243=VERTEX_POINT('',#9000);
#244=VERTEX_POINT('',#9004);
#245=VERTEX_POINT('',#9006);
#246=VERTEX_POINT('',#9010);
#247=VERTEX_POINT('',#9012);
#248=VERTEX_POINT('',#9016);
#249=VERTEX_POINT('',#9018);
#250=VERTEX_POINT('',#9022);
#251=VERTEX_POINT('',#9026);
#252=VERTEX_POINT('',#9030);
#253=VERTEX_POINT('',#9032);
#254=VERTEX_POINT('',#9036);
#255=VERTEX_POINT('',#9040);
#256=VERTEX_POINT('',#9044);
#257=VERTEX_POINT('',#9045);
#258=VERTEX_POINT('',#9048);
#259=VERTEX_POINT('',#9050);
#260=VERTEX_POINT('',#9052);
#261=VERTEX_POINT('',#9054);
#262=VERTEX_POINT('',#9057);
#263=VERTEX_POINT('',#9059);
#264=VERTEX_POINT('',#9062);
#265=VERTEX_POINT('',#9064);
#266=VERTEX_POINT('',#9080);
#267=VERTEX_POINT('',#9082);
#268=VERTEX_POINT('',#9086);
#269=VERTEX_POINT('',#9088);
#270=VERTEX_POINT('',#9092);
#271=VERTEX_POINT('',#9094);
#272=VERTEX_POINT('',#9100);
#273=VERTEX_POINT('',#9101);
#274=VERTEX_POINT('',#9106);
#275=VERTEX_POINT('',#9107);
#276=VERTEX_POINT('',#9111);
#277=VERTEX_POINT('',#9113);
#278=VERTEX_POINT('',#9120);
#279=VERTEX_POINT('',#9122);
#280=VERTEX_POINT('',#9126);
#281=VERTEX_POINT('',#9128);
#282=VERTEX_POINT('',#9144);
#283=VERTEX_POINT('',#9145);
#284=VERTEX_POINT('',#9147);
#285=VERTEX_POINT('',#9149);
#286=VERTEX_POINT('',#9151);
#287=VERTEX_POINT('',#9153);
#288=VERTEX_POINT('',#9155);
#289=VERTEX_POINT('',#9157);
#290=VERTEX_POINT('',#9160);
#291=VERTEX_POINT('',#9161);
#292=VERTEX_POINT('',#9163);
#293=VERTEX_POINT('',#9165);
#294=VERTEX_POINT('',#9168);
#295=VERTEX_POINT('',#9169);
#296=VERTEX_POINT('',#9171);
#297=VERTEX_POINT('',#9173);
#298=VERTEX_POINT('',#9177);
#299=VERTEX_POINT('',#9179);
#300=VERTEX_POINT('',#9183);
#301=VERTEX_POINT('',#9185);
#302=VERTEX_POINT('',#9189);
#303=VERTEX_POINT('',#9191);
#304=VERTEX_POINT('',#9195);
#305=VERTEX_POINT('',#9197);
#306=VERTEX_POINT('',#9201);
#307=VERTEX_POINT('',#9203);
#308=VERTEX_POINT('',#9207);
#309=VERTEX_POINT('',#9209);
#310=VERTEX_POINT('',#9213);
#311=VERTEX_POINT('',#9215);
#312=VERTEX_POINT('',#9219);
#313=VERTEX_POINT('',#9223);
#314=VERTEX_POINT('',#9227);
#315=VERTEX_POINT('',#9229);
#316=VERTEX_POINT('',#9233);
#317=VERTEX_POINT('',#9237);
#318=VERTEX_POINT('',#9241);
#319=VERTEX_POINT('',#9243);
#320=VERTEX_POINT('',#9247);
#321=VERTEX_POINT('',#9249);
#322=VERTEX_POINT('',#9253);
#323=VERTEX_POINT('',#9257);
#324=VERTEX_POINT('',#9258);
#325=VERTEX_POINT('',#9260);
#326=VERTEX_POINT('',#9262);
#327=VERTEX_POINT('',#9264);
#328=VERTEX_POINT('',#9266);
#329=VERTEX_POINT('',#9268);
#330=VERTEX_POINT('',#9270);
#331=VERTEX_POINT('',#9273);
#332=VERTEX_POINT('',#9276);
#333=VERTEX_POINT('',#9278);
#334=VERTEX_POINT('',#9292);
#335=VERTEX_POINT('',#9293);
#336=VERTEX_POINT('',#9295);
#337=VERTEX_POINT('',#9297);
#338=VERTEX_POINT('',#9299);
#339=VERTEX_POINT('',#9301);
#340=VERTEX_POINT('',#9305);
#341=VERTEX_POINT('',#9306);
#342=VERTEX_POINT('',#9308);
#343=VERTEX_POINT('',#9310);
#344=VERTEX_POINT('',#9313);
#345=VERTEX_POINT('',#9314);
#346=VERTEX_POINT('',#9316);
#347=VERTEX_POINT('',#9318);
#348=VERTEX_POINT('',#9322);
#349=VERTEX_POINT('',#9323);
#350=VERTEX_POINT('',#9325);
#351=VERTEX_POINT('',#9327);
#352=VERTEX_POINT('',#9330);
#353=VERTEX_POINT('',#9331);
#354=VERTEX_POINT('',#9333);
#355=VERTEX_POINT('',#9335);
#356=VERTEX_POINT('',#9338);
#357=VERTEX_POINT('',#9339);
#358=VERTEX_POINT('',#9342);
#359=VERTEX_POINT('',#9344);
#360=VERTEX_POINT('',#9346);
#361=VERTEX_POINT('',#9348);
#362=VERTEX_POINT('',#9353);
#363=VERTEX_POINT('',#9355);
#364=VERTEX_POINT('',#9359);
#365=VERTEX_POINT('',#9361);
#366=VERTEX_POINT('',#9365);
#367=VERTEX_POINT('',#9367);
#368=VERTEX_POINT('',#9371);
#369=VERTEX_POINT('',#9373);
#370=VERTEX_POINT('',#9378);
#371=VERTEX_POINT('',#9380);
#372=VERTEX_POINT('',#9384);
#373=VERTEX_POINT('',#9386);
#374=VERTEX_POINT('',#9390);
#375=VERTEX_POINT('',#9392);
#376=VERTEX_POINT('',#9396);
#377=VERTEX_POINT('',#9398);
#378=VERTEX_POINT('',#9402);
#379=VERTEX_POINT('',#9404);
#380=VERTEX_POINT('',#9408);
#381=VERTEX_POINT('',#9410);
#382=VERTEX_POINT('',#9414);
#383=VERTEX_POINT('',#9416);
#384=VERTEX_POINT('',#9420);
#385=VERTEX_POINT('',#9421);
#386=VERTEX_POINT('',#9423);
#387=VERTEX_POINT('',#9426);
#388=VERTEX_POINT('',#9428);
#389=VERTEX_POINT('',#9430);
#390=VERTEX_POINT('',#9434);
#391=VERTEX_POINT('',#9436);
#392=VERTEX_POINT('',#9440);
#393=VERTEX_POINT('',#9442);
#394=VERTEX_POINT('',#9444);
#395=VERTEX_POINT('',#9446);
#396=VERTEX_POINT('',#9448);
#397=VERTEX_POINT('',#9450);
#398=VERTEX_POINT('',#9454);
#399=VERTEX_POINT('',#9456);
#400=VERTEX_POINT('',#9460);
#401=VERTEX_POINT('',#9462);
#402=VERTEX_POINT('',#9466);
#403=VERTEX_POINT('',#9470);
#404=VERTEX_POINT('',#9474);
#405=VERTEX_POINT('',#9476);
#406=VERTEX_POINT('',#9480);
#407=VERTEX_POINT('',#9484);
#408=VERTEX_POINT('',#9488);
#409=VERTEX_POINT('',#9490);
#410=VERTEX_POINT('',#9494);
#411=VERTEX_POINT('',#9498);
#412=VERTEX_POINT('',#9502);
#413=VERTEX_POINT('',#9504);
#414=VERTEX_POINT('',#9508);
#415=VERTEX_POINT('',#9512);
#416=VERTEX_POINT('',#9516);
#417=VERTEX_POINT('',#9518);
#418=VERTEX_POINT('',#9522);
#419=VERTEX_POINT('',#9524);
#420=VERTEX_POINT('',#9528);
#421=VERTEX_POINT('',#9530);
#422=VERTEX_POINT('',#9534);
#423=VERTEX_POINT('',#9536);
#424=VERTEX_POINT('',#9540);
#425=VERTEX_POINT('',#9544);
#426=VERTEX_POINT('',#9545);
#427=VERTEX_POINT('',#9547);
#428=VERTEX_POINT('',#9549);
#429=VERTEX_POINT('',#9551);
#430=VERTEX_POINT('',#9553);
#431=VERTEX_POINT('',#9557);
#432=VERTEX_POINT('',#9560);
#433=VERTEX_POINT('',#9562);
#434=VERTEX_POINT('',#9576);
#435=VERTEX_POINT('',#9580);
#436=VERTEX_POINT('',#9584);
#437=VERTEX_POINT('',#9585);
#438=VERTEX_POINT('',#9588);
#439=VERTEX_POINT('',#9590);
#440=VERTEX_POINT('',#9592);
#441=VERTEX_POINT('',#9594);
#442=VERTEX_POINT('',#9597);
#443=VERTEX_POINT('',#9599);
#444=VERTEX_POINT('',#9612);
#445=VERTEX_POINT('',#9614);
#446=VERTEX_POINT('',#9618);
#447=VERTEX_POINT('',#9619);
#448=VERTEX_POINT('',#9621);
#449=VERTEX_POINT('',#9623);
#450=VERTEX_POINT('',#9626);
#451=VERTEX_POINT('',#9627);
#452=VERTEX_POINT('',#9629);
#453=VERTEX_POINT('',#9631);
#454=VERTEX_POINT('',#9634);
#455=VERTEX_POINT('',#9635);
#456=VERTEX_POINT('',#9638);
#457=VERTEX_POINT('',#9640);
#458=VERTEX_POINT('',#9642);
#459=VERTEX_POINT('',#9644);
#460=VERTEX_POINT('',#9649);
#461=VERTEX_POINT('',#9651);
#462=VERTEX_POINT('',#9655);
#463=VERTEX_POINT('',#9657);
#464=VERTEX_POINT('',#9661);
#465=VERTEX_POINT('',#9663);
#466=VERTEX_POINT('',#9669);
#467=VERTEX_POINT('',#9671);
#468=VERTEX_POINT('',#9675);
#469=VERTEX_POINT('',#9677);
#470=VERTEX_POINT('',#9681);
#471=VERTEX_POINT('',#9683);
#472=VERTEX_POINT('',#9688);
#473=VERTEX_POINT('',#9689);
#474=VERTEX_POINT('',#9691);
#475=VERTEX_POINT('',#9693);
#476=VERTEX_POINT('',#9696);
#477=VERTEX_POINT('',#9697);
#478=VERTEX_POINT('',#9699);
#479=VERTEX_POINT('',#9701);
#480=VERTEX_POINT('',#9704);
#481=VERTEX_POINT('',#9705);
#482=VERTEX_POINT('',#9707);
#483=VERTEX_POINT('',#9709);
#484=VERTEX_POINT('',#9711);
#485=VERTEX_POINT('',#9713);
#486=VERTEX_POINT('',#9718);
#487=VERTEX_POINT('',#9720);
#488=VERTEX_POINT('',#9724);
#489=VERTEX_POINT('',#9726);
#490=VERTEX_POINT('',#9730);
#491=VERTEX_POINT('',#9732);
#492=VERTEX_POINT('',#9736);
#493=VERTEX_POINT('',#9738);
#494=VERTEX_POINT('',#9742);
#495=VERTEX_POINT('',#9744);
#496=VERTEX_POINT('',#9748);
#497=VERTEX_POINT('',#9750);
#498=VERTEX_POINT('',#9752);
#499=VERTEX_POINT('',#9754);
#500=VERTEX_POINT('',#9756);
#501=VERTEX_POINT('',#9758);
#502=VERTEX_POINT('',#9762);
#503=VERTEX_POINT('',#9764);
#504=VERTEX_POINT('',#9768);
#505=VERTEX_POINT('',#9769);
#506=VERTEX_POINT('',#9771);
#507=VERTEX_POINT('',#9774);
#508=VERTEX_POINT('',#9776);
#509=VERTEX_POINT('',#9778);
#510=VERTEX_POINT('',#9782);
#511=VERTEX_POINT('',#9784);
#512=VERTEX_POINT('',#9788);
#513=VERTEX_POINT('',#9790);
#514=VERTEX_POINT('',#9794);
#515=VERTEX_POINT('',#9796);
#516=VERTEX_POINT('',#9800);
#517=VERTEX_POINT('',#9802);
#518=VERTEX_POINT('',#9806);
#519=VERTEX_POINT('',#9808);
#520=VERTEX_POINT('',#9812);
#521=VERTEX_POINT('',#9816);
#522=VERTEX_POINT('',#9820);
#523=VERTEX_POINT('',#9822);
#524=VERTEX_POINT('',#9826);
#525=VERTEX_POINT('',#9830);
#526=VERTEX_POINT('',#9834);
#527=VERTEX_POINT('',#9836);
#528=VERTEX_POINT('',#9840);
#529=VERTEX_POINT('',#9842);
#530=VERTEX_POINT('',#9846);
#531=VERTEX_POINT('',#9848);
#532=VERTEX_POINT('',#9852);
#533=VERTEX_POINT('',#9854);
#534=VERTEX_POINT('',#9858);
#535=VERTEX_POINT('',#9862);
#536=VERTEX_POINT('',#9866);
#537=VERTEX_POINT('',#9868);
#538=VERTEX_POINT('',#9872);
#539=VERTEX_POINT('',#9876);
#540=VERTEX_POINT('',#9880);
#541=VERTEX_POINT('',#9882);
#542=VERTEX_POINT('',#9886);
#543=VERTEX_POINT('',#9890);
#544=VERTEX_POINT('',#9894);
#545=VERTEX_POINT('',#9895);
#546=VERTEX_POINT('',#9897);
#547=VERTEX_POINT('',#9899);
#548=VERTEX_POINT('',#9901);
#549=VERTEX_POINT('',#9903);
#550=VERTEX_POINT('',#9907);
#551=VERTEX_POINT('',#9909);
#552=VERTEX_POINT('',#9922);
#553=VERTEX_POINT('',#9924);
#554=VERTEX_POINT('',#9928);
#555=VERTEX_POINT('',#9929);
#556=VERTEX_POINT('',#9932);
#557=VERTEX_POINT('',#9934);
#558=VERTEX_POINT('',#9936);
#559=VERTEX_POINT('',#9938);
#560=VERTEX_POINT('',#9941);
#561=VERTEX_POINT('',#9943);
#562=VERTEX_POINT('',#9946);
#563=VERTEX_POINT('',#9948);
#564=VERTEX_POINT('',#9964);
#565=VERTEX_POINT('',#9966);
#566=VERTEX_POINT('',#9971);
#567=VERTEX_POINT('',#9973);
#568=VERTEX_POINT('',#9977);
#569=VERTEX_POINT('',#9979);
#570=VERTEX_POINT('',#9983);
#571=VERTEX_POINT('',#9985);
#572=VERTEX_POINT('',#9990);
#573=VERTEX_POINT('',#9991);
#574=VERTEX_POINT('',#9993);
#575=VERTEX_POINT('',#9995);
#576=VERTEX_POINT('',#9998);
#577=VERTEX_POINT('',#9999);
#578=VERTEX_POINT('',#10001);
#579=VERTEX_POINT('',#10003);
#580=VERTEX_POINT('',#10006);
#581=VERTEX_POINT('',#10007);
#582=VERTEX_POINT('',#10009);
#583=VERTEX_POINT('',#10011);
#584=VERTEX_POINT('',#10013);
#585=VERTEX_POINT('',#10015);
#586=VERTEX_POINT('',#10020);
#587=VERTEX_POINT('',#10022);
#588=VERTEX_POINT('',#10026);
#589=VERTEX_POINT('',#10028);
#590=VERTEX_POINT('',#10032);
#591=VERTEX_POINT('',#10034);
#592=VERTEX_POINT('',#10040);
#593=VERTEX_POINT('',#10041);
#594=VERTEX_POINT('',#10044);
#595=VERTEX_POINT('',#10046);
#596=VERTEX_POINT('',#10048);
#597=VERTEX_POINT('',#10050);
#598=VERTEX_POINT('',#10053);
#599=VERTEX_POINT('',#10054);
#600=VERTEX_POINT('',#10056);
#601=VERTEX_POINT('',#10058);
#602=VERTEX_POINT('',#10061);
#603=VERTEX_POINT('',#10062);
#604=VERTEX_POINT('',#10064);
#605=VERTEX_POINT('',#10066);
#606=VERTEX_POINT('',#10070);
#607=VERTEX_POINT('',#10072);
#608=VERTEX_POINT('',#10076);
#609=VERTEX_POINT('',#10078);
#610=VERTEX_POINT('',#10082);
#611=VERTEX_POINT('',#10084);
#612=VERTEX_POINT('',#10086);
#613=VERTEX_POINT('',#10088);
#614=VERTEX_POINT('',#10090);
#615=VERTEX_POINT('',#10092);
#616=VERTEX_POINT('',#10096);
#617=VERTEX_POINT('',#10098);
#618=VERTEX_POINT('',#10102);
#619=VERTEX_POINT('',#10104);
#620=VERTEX_POINT('',#10108);
#621=VERTEX_POINT('',#10110);
#622=VERTEX_POINT('',#10114);
#623=VERTEX_POINT('',#10116);
#624=VERTEX_POINT('',#10120);
#625=VERTEX_POINT('',#10121);
#626=VERTEX_POINT('',#10123);
#627=VERTEX_POINT('',#10126);
#628=VERTEX_POINT('',#10128);
#629=VERTEX_POINT('',#10130);
#630=VERTEX_POINT('',#10134);
#631=VERTEX_POINT('',#10136);
#632=VERTEX_POINT('',#10140);
#633=VERTEX_POINT('',#10142);
#634=VERTEX_POINT('',#10146);
#635=VERTEX_POINT('',#10148);
#636=VERTEX_POINT('',#10152);
#637=VERTEX_POINT('',#10154);
#638=VERTEX_POINT('',#10158);
#639=VERTEX_POINT('',#10160);
#640=VERTEX_POINT('',#10164);
#641=VERTEX_POINT('',#10166);
#642=VERTEX_POINT('',#10170);
#643=VERTEX_POINT('',#10174);
#644=VERTEX_POINT('',#10178);
#645=VERTEX_POINT('',#10180);
#646=VERTEX_POINT('',#10184);
#647=VERTEX_POINT('',#10188);
#648=VERTEX_POINT('',#10192);
#649=VERTEX_POINT('',#10194);
#650=VERTEX_POINT('',#10198);
#651=VERTEX_POINT('',#10200);
#652=VERTEX_POINT('',#10204);
#653=VERTEX_POINT('',#10206);
#654=VERTEX_POINT('',#10210);
#655=VERTEX_POINT('',#10212);
#656=VERTEX_POINT('',#10216);
#657=VERTEX_POINT('',#10220);
#658=VERTEX_POINT('',#10224);
#659=VERTEX_POINT('',#10226);
#660=VERTEX_POINT('',#10230);
#661=VERTEX_POINT('',#10234);
#662=VERTEX_POINT('',#10238);
#663=VERTEX_POINT('',#10239);
#664=VERTEX_POINT('',#10241);
#665=VERTEX_POINT('',#10243);
#666=VERTEX_POINT('',#10245);
#667=VERTEX_POINT('',#10247);
#668=VERTEX_POINT('',#10251);
#669=VERTEX_POINT('',#10253);
#670=VERTEX_POINT('',#10256);
#671=VERTEX_POINT('',#10258);
#672=VERTEX_POINT('',#10274);
#673=VERTEX_POINT('',#10276);
#674=VERTEX_POINT('',#10280);
#675=VERTEX_POINT('',#10281);
#676=VERTEX_POINT('',#10284);
#677=VERTEX_POINT('',#10286);
#678=VERTEX_POINT('',#10288);
#679=VERTEX_POINT('',#10290);
#680=VERTEX_POINT('',#10293);
#681=VERTEX_POINT('',#10295);
#682=VERTEX_POINT('',#10298);
#683=VERTEX_POINT('',#10300);
#684=VERTEX_POINT('',#10304);
#685=VERTEX_POINT('',#10306);
#686=VERTEX_POINT('',#10322);
#687=VERTEX_POINT('',#10324);
#688=VERTEX_POINT('',#10328);
#689=VERTEX_POINT('',#10330);
#690=VERTEX_POINT('',#10334);
#691=VERTEX_POINT('',#10336);
#692=VERTEX_POINT('',#10342);
#693=VERTEX_POINT('',#10343);
#694=VERTEX_POINT('',#10346);
#695=VERTEX_POINT('',#10348);
#696=VERTEX_POINT('',#10350);
#697=VERTEX_POINT('',#10352);
#698=VERTEX_POINT('',#10355);
#699=VERTEX_POINT('',#10356);
#700=VERTEX_POINT('',#10358);
#701=VERTEX_POINT('',#10360);
#702=VERTEX_POINT('',#10363);
#703=VERTEX_POINT('',#10364);
#704=VERTEX_POINT('',#10366);
#705=VERTEX_POINT('',#10368);
#706=VERTEX_POINT('',#10372);
#707=VERTEX_POINT('',#10374);
#708=VERTEX_POINT('',#10378);
#709=VERTEX_POINT('',#10380);
#710=VERTEX_POINT('',#10384);
#711=VERTEX_POINT('',#10386);
#712=VERTEX_POINT('',#10392);
#713=VERTEX_POINT('',#10393);
#714=VERTEX_POINT('',#10395);
#715=VERTEX_POINT('',#10397);
#716=VERTEX_POINT('',#10399);
#717=VERTEX_POINT('',#10401);
#718=VERTEX_POINT('',#10405);
#719=VERTEX_POINT('',#10406);
#720=VERTEX_POINT('',#10408);
#721=VERTEX_POINT('',#10410);
#722=VERTEX_POINT('',#10413);
#723=VERTEX_POINT('',#10414);
#724=VERTEX_POINT('',#10416);
#725=VERTEX_POINT('',#10418);
#726=VERTEX_POINT('',#10422);
#727=VERTEX_POINT('',#10424);
#728=VERTEX_POINT('',#10428);
#729=VERTEX_POINT('',#10430);
#730=VERTEX_POINT('',#10434);
#731=VERTEX_POINT('',#10436);
#732=VERTEX_POINT('',#10438);
#733=VERTEX_POINT('',#10440);
#734=VERTEX_POINT('',#10442);
#735=VERTEX_POINT('',#10444);
#736=VERTEX_POINT('',#10451);
#737=VERTEX_POINT('',#10453);
#738=VERTEX_POINT('',#10457);
#739=VERTEX_POINT('',#10459);
#740=VERTEX_POINT('',#10463);
#741=VERTEX_POINT('',#10465);
#742=VERTEX_POINT('',#10469);
#743=VERTEX_POINT('',#10470);
#744=VERTEX_POINT('',#10472);
#745=VERTEX_POINT('',#10475);
#746=VERTEX_POINT('',#10477);
#747=VERTEX_POINT('',#10479);
#748=VERTEX_POINT('',#10483);
#749=VERTEX_POINT('',#10485);
#750=VERTEX_POINT('',#10492);
#751=VERTEX_POINT('',#10494);
#752=VERTEX_POINT('',#10498);
#753=VERTEX_POINT('',#10500);
#754=VERTEX_POINT('',#10504);
#755=VERTEX_POINT('',#10506);
#756=VERTEX_POINT('',#10510);
#757=VERTEX_POINT('',#10512);
#758=VERTEX_POINT('',#10516);
#759=VERTEX_POINT('',#10520);
#760=VERTEX_POINT('',#10524);
#761=VERTEX_POINT('',#10526);
#762=VERTEX_POINT('',#10530);
#763=VERTEX_POINT('',#10534);
#764=VERTEX_POINT('',#10538);
#765=VERTEX_POINT('',#10540);
#766=VERTEX_POINT('',#10544);
#767=VERTEX_POINT('',#10546);
#768=VERTEX_POINT('',#10550);
#769=VERTEX_POINT('',#10554);
#770=VERTEX_POINT('',#10558);
#771=VERTEX_POINT('',#10560);
#772=VERTEX_POINT('',#10564);
#773=VERTEX_POINT('',#10568);
#774=VERTEX_POINT('',#10572);
#775=VERTEX_POINT('',#10573);
#776=VERTEX_POINT('',#10575);
#777=VERTEX_POINT('',#10577);
#778=VERTEX_POINT('',#10579);
#779=VERTEX_POINT('',#10581);
#780=VERTEX_POINT('',#10585);
#781=VERTEX_POINT('',#10587);
#782=VERTEX_POINT('',#10590);
#783=VERTEX_POINT('',#10592);
#784=VERTEX_POINT('',#10608);
#785=VERTEX_POINT('',#10609);
#786=VERTEX_POINT('',#10612);
#787=VERTEX_POINT('',#10614);
#788=VERTEX_POINT('',#10616);
#789=VERTEX_POINT('',#10618);
#790=VERTEX_POINT('',#10621);
#791=VERTEX_POINT('',#10623);
#792=VERTEX_POINT('',#10626);
#793=VERTEX_POINT('',#10628);
#794=VERTEX_POINT('',#10644);
#795=VERTEX_POINT('',#10646);
#796=VERTEX_POINT('',#10650);
#797=VERTEX_POINT('',#10652);
#798=VERTEX_POINT('',#10661);
#799=VERTEX_POINT('',#10663);
#800=VERTEX_POINT('',#10667);
#801=VERTEX_POINT('',#10669);
#802=VERTEX_POINT('',#10673);
#803=VERTEX_POINT('',#10675);
#804=VERTEX_POINT('',#10681);
#805=VERTEX_POINT('',#10683);
#806=VERTEX_POINT('',#10687);
#807=VERTEX_POINT('',#10689);
#808=VERTEX_POINT('',#10693);
#809=VERTEX_POINT('',#10695);
#810=VERTEX_POINT('',#10700);
#811=VERTEX_POINT('',#10704);
#812=VERTEX_POINT('',#10706);
#813=VERTEX_POINT('',#10851);
#814=VERTEX_POINT('',#10852);
#815=VERTEX_POINT('',#10854);
#816=VERTEX_POINT('',#10856);
#817=VERTEX_POINT('',#10860);
#818=VERTEX_POINT('',#10862);
#819=VERTEX_POINT('',#10866);
#820=VERTEX_POINT('',#10867);
#821=VERTEX_POINT('',#10875);
#822=VERTEX_POINT('',#10877);
#823=VERTEX_POINT('',#10881);
#824=VERTEX_POINT('',#10885);
#825=VERTEX_POINT('',#10892);
#826=VERTEX_POINT('',#10893);
#827=VERTEX_POINT('',#10895);
#828=VERTEX_POINT('',#10897);
#829=VECTOR('',#7436,1.);
#830=VECTOR('',#7437,1.);
#831=VECTOR('',#7438,1.);
#832=VECTOR('',#7439,1.);
#833=VECTOR('',#7441,1.);
#834=VECTOR('',#7442,1.);
#835=VECTOR('',#7443,1.);
#836=VECTOR('',#7444,1.);
#837=VECTOR('',#7446,1.);
#838=VECTOR('',#7447,1.);
#839=VECTOR('',#7448,1.);
#840=VECTOR('',#7450,1.);
#841=VECTOR('',#7451,1.);
#842=VECTOR('',#7453,1.);
#843=VECTOR('',#7454,1.);
#844=VECTOR('',#7455,1.);
#845=VECTOR('',#7457,1.);
#846=VECTOR('',#7458,1.);
#847=VECTOR('',#7460,1.);
#848=VECTOR('',#7461,1.);
#849=VECTOR('',#7462,1.);
#850=VECTOR('',#7464,1.);
#851=VECTOR('',#7465,1.);
#852=VECTOR('',#7466,1.);
#853=VECTOR('',#7467,1.);
#854=VECTOR('',#7468,1.);
#855=VECTOR('',#7469,1.);
#856=VECTOR('',#7470,1.);
#857=VECTOR('',#7471,1.);
#858=VECTOR('',#7472,1.);
#859=VECTOR('',#7473,1.);
#860=VECTOR('',#7474,1.);
#861=VECTOR('',#7475,1.);
#862=VECTOR('',#7476,1.);
#863=VECTOR('',#7477,1.);
#864=VECTOR('',#7478,1.);
#865=VECTOR('',#7480,1.);
#866=VECTOR('',#7481,1.);
#867=VECTOR('',#7482,1.);
#868=VECTOR('',#7483,1.);
#869=VECTOR('',#7485,1.);
#870=VECTOR('',#7486,1.);
#871=VECTOR('',#7487,1.);
#872=VECTOR('',#7489,1.);
#873=VECTOR('',#7490,1.);
#874=VECTOR('',#7491,1.);
#875=VECTOR('',#7493,1.);
#876=VECTOR('',#7494,1.);
#877=VECTOR('',#7495,1.);
#878=VECTOR('',#7497,1.);
#879=VECTOR('',#7498,1.);
#880=VECTOR('',#7499,1.);
#881=VECTOR('',#7501,1.);
#882=VECTOR('',#7502,1.);
#883=VECTOR('',#7503,1.);
#884=VECTOR('',#7505,1.);
#885=VECTOR('',#7506,1.);
#886=VECTOR('',#7507,1.);
#887=VECTOR('',#7509,1.);
#888=VECTOR('',#7510,1.);
#889=VECTOR('',#7512,1.);
#890=VECTOR('',#7513,1.);
#891=VECTOR('',#7515,1.);
#892=VECTOR('',#7516,1.);
#893=VECTOR('',#7517,1.);
#894=VECTOR('',#7519,1.);
#895=VECTOR('',#7520,1.);
#896=VECTOR('',#7522,1.);
#897=VECTOR('',#7523,1.);
#898=VECTOR('',#7525,1.);
#899=VECTOR('',#7526,1.);
#900=VECTOR('',#7527,1.);
#901=VECTOR('',#7528,1.);
#902=VECTOR('',#7529,1.);
#903=VECTOR('',#7530,1.);
#904=VECTOR('',#7531,1.);
#905=VECTOR('',#7532,1.);
#906=VECTOR('',#7533,1.);
#907=VECTOR('',#7534,1.);
#908=VECTOR('',#7535,1.);
#909=VECTOR('',#7536,1.);
#910=VECTOR('',#7537,1.);
#911=VECTOR('',#7539,1.);
#912=VECTOR('',#7541,1.);
#913=VECTOR('',#7543,1.);
#914=VECTOR('',#7545,1.);
#915=VECTOR('',#7547,1.);
#916=VECTOR('',#7549,1.);
#917=VECTOR('',#7551,1.);
#918=VECTOR('',#7552,1.);
#919=VECTOR('',#7553,1.);
#920=VECTOR('',#7555,1.);
#921=VECTOR('',#7556,1.);
#922=VECTOR('',#7557,1.);
#923=VECTOR('',#7559,1.);
#924=VECTOR('',#7560,1.);
#925=VECTOR('',#7561,1.);
#926=VECTOR('',#7565,1.);
#927=VECTOR('',#7566,1.);
#928=VECTOR('',#7567,1.);
#929=VECTOR('',#7569,1.);
#930=VECTOR('',#7570,1.);
#931=VECTOR('',#7571,1.);
#932=VECTOR('',#7572,1.);
#933=VECTOR('',#7573,1.);
#934=VECTOR('',#7574,1.);
#935=VECTOR('',#7576,1.);
#936=VECTOR('',#7577,1.);
#937=VECTOR('',#7579,1.);
#938=VECTOR('',#7580,1.);
#939=VECTOR('',#7581,1.);
#940=VECTOR('',#7583,1.);
#941=VECTOR('',#7584,1.);
#942=VECTOR('',#7585,1.);
#943=VECTOR('',#7587,1.);
#944=VECTOR('',#7589,1.);
#945=VECTOR('',#7591,1.);
#946=VECTOR('',#7593,1.);
#947=VECTOR('',#7596,1.);
#948=VECTOR('',#7599,1.);
#949=VECTOR('',#7600,1.);
#950=VECTOR('',#7601,1.);
#951=VECTOR('',#7602,1.);
#952=VECTOR('',#7603,1.);
#953=VECTOR('',#7604,1.);
#954=VECTOR('',#7605,1.);
#955=VECTOR('',#7606,1.);
#956=VECTOR('',#7607,1.);
#957=VECTOR('',#7608,1.);
#958=VECTOR('',#7609,1.);
#959=VECTOR('',#7610,1.);
#960=VECTOR('',#7611,1.);
#961=VECTOR('',#7612,1.);
#962=VECTOR('',#7613,1.);
#963=VECTOR('',#7614,1.);
#964=VECTOR('',#7616,1.);
#965=VECTOR('',#7617,1.);
#966=VECTOR('',#7618,1.);
#967=VECTOR('',#7620,1.);
#968=VECTOR('',#7621,1.);
#969=VECTOR('',#7622,1.);
#970=VECTOR('',#7624,1.);
#971=VECTOR('',#7625,1.);
#972=VECTOR('',#7626,1.);
#973=VECTOR('',#7628,1.);
#974=VECTOR('',#7629,1.);
#975=VECTOR('',#7630,1.);
#976=VECTOR('',#7632,1.);
#977=VECTOR('',#7633,1.);
#978=VECTOR('',#7634,1.);
#979=VECTOR('',#7636,1.);
#980=VECTOR('',#7637,1.);
#981=VECTOR('',#7638,1.);
#982=VECTOR('',#7640,1.);
#983=VECTOR('',#7641,1.);
#984=VECTOR('',#7642,1.);
#985=VECTOR('',#7644,1.);
#986=VECTOR('',#7645,1.);
#987=VECTOR('',#7647,1.);
#988=VECTOR('',#7648,1.);
#989=VECTOR('',#7650,1.);
#990=VECTOR('',#7651,1.);
#991=VECTOR('',#7652,1.);
#992=VECTOR('',#7654,1.);
#993=VECTOR('',#7655,1.);
#994=VECTOR('',#7657,1.);
#995=VECTOR('',#7658,1.);
#996=VECTOR('',#7660,1.);
#997=VECTOR('',#7661,1.);
#998=VECTOR('',#7662,1.);
#999=VECTOR('',#7664,1.);
#1000=VECTOR('',#7665,1.);
#1001=VECTOR('',#7666,1.);
#1002=VECTOR('',#7668,1.);
#1003=VECTOR('',#7669,1.);
#1004=VECTOR('',#7671,1.);
#1005=VECTOR('',#7672,1.);
#1006=VECTOR('',#7673,1.);
#1007=VECTOR('',#7674,1.);
#1008=VECTOR('',#7675,1.);
#1009=VECTOR('',#7676,1.);
#1010=VECTOR('',#7677,1.);
#1011=VECTOR('',#7678,1.);
#1012=VECTOR('',#7679,1.);
#1013=VECTOR('',#7680,1.);
#1014=VECTOR('',#7681,1.);
#1015=VECTOR('',#7682,1.);
#1016=VECTOR('',#7683,1.);
#1017=VECTOR('',#7685,1.);
#1018=VECTOR('',#7687,1.);
#1019=VECTOR('',#7689,1.);
#1020=VECTOR('',#7691,1.);
#1021=VECTOR('',#7693,1.);
#1022=VECTOR('',#7695,1.);
#1023=VECTOR('',#7696,1.);
#1024=VECTOR('',#7697,1.);
#1025=VECTOR('',#7698,1.);
#1026=VECTOR('',#7699,1.);
#1027=VECTOR('',#7700,1.);
#1028=VECTOR('',#7701,1.);
#1029=VECTOR('',#7702,1.);
#1030=VECTOR('',#7703,1.);
#1031=VECTOR('',#7704,1.);
#1032=VECTOR('',#7705,1.);
#1033=VECTOR('',#7706,1.);
#1034=VECTOR('',#7707,1.);
#1035=VECTOR('',#7708,1.);
#1036=VECTOR('',#7709,1.);
#1037=VECTOR('',#7711,1.);
#1038=VECTOR('',#7712,1.);
#1039=VECTOR('',#7713,1.);
#1040=VECTOR('',#7714,1.);
#1041=VECTOR('',#7715,1.);
#1042=VECTOR('',#7716,1.);
#1043=VECTOR('',#7717,1.);
#1044=VECTOR('',#7718,1.);
#1045=VECTOR('',#7719,1.);
#1046=VECTOR('',#7720,1.);
#1047=VECTOR('',#7721,1.);
#1048=VECTOR('',#7722,1.);
#1049=VECTOR('',#7723,1.);
#1050=VECTOR('',#7724,1.);
#1051=VECTOR('',#7725,1.);
#1052=VECTOR('',#7728,1.);
#1053=VECTOR('',#7729,1.);
#1054=VECTOR('',#7730,1.);
#1055=VECTOR('',#7732,1.);
#1056=VECTOR('',#7733,1.);
#1057=VECTOR('',#7734,1.);
#1058=VECTOR('',#7736,1.);
#1059=VECTOR('',#7737,1.);
#1060=VECTOR('',#7738,1.);
#1061=VECTOR('',#7740,1.);
#1062=VECTOR('',#7741,1.);
#1063=VECTOR('',#7742,1.);
#1064=VECTOR('',#7745,1.);
#1065=VECTOR('',#7746,1.);
#1066=VECTOR('',#7747,1.);
#1067=VECTOR('',#7749,1.);
#1068=VECTOR('',#7750,1.);
#1069=VECTOR('',#7751,1.);
#1070=VECTOR('',#7753,1.);
#1071=VECTOR('',#7754,1.);
#1072=VECTOR('',#7755,1.);
#1073=VECTOR('',#7757,1.);
#1074=VECTOR('',#7758,1.);
#1075=VECTOR('',#7759,1.);
#1076=VECTOR('',#7761,1.);
#1077=VECTOR('',#7762,1.);
#1078=VECTOR('',#7763,1.);
#1079=VECTOR('',#7765,1.);
#1080=VECTOR('',#7766,1.);
#1081=VECTOR('',#7767,1.);
#1082=VECTOR('',#7769,1.);
#1083=VECTOR('',#7770,1.);
#1084=VECTOR('',#7771,1.);
#1085=VECTOR('',#7773,1.);
#1086=VECTOR('',#7774,1.);
#1087=VECTOR('',#7775,1.);
#1088=VECTOR('',#7776,1.);
#1089=VECTOR('',#7777,1.);
#1090=VECTOR('',#7778,1.);
#1091=VECTOR('',#7779,1.);
#1092=VECTOR('',#7781,1.);
#1093=VECTOR('',#7782,1.);
#1094=VECTOR('',#7783,1.);
#1095=VECTOR('',#7785,1.);
#1096=VECTOR('',#7786,1.);
#1097=VECTOR('',#7787,1.);
#1098=VECTOR('',#7788,1.);
#1099=VECTOR('',#7789,1.);
#1100=VECTOR('',#7790,1.);
#1101=VECTOR('',#7791,1.);
#1102=VECTOR('',#7793,1.);
#1103=VECTOR('',#7794,1.);
#1104=VECTOR('',#7795,1.);
#1105=VECTOR('',#7797,1.);
#1106=VECTOR('',#7798,1.);
#1107=VECTOR('',#7799,1.);
#1108=VECTOR('',#7801,1.);
#1109=VECTOR('',#7802,1.);
#1110=VECTOR('',#7804,1.);
#1111=VECTOR('',#7805,1.);
#1112=VECTOR('',#7807,1.);
#1113=VECTOR('',#7808,1.);
#1114=VECTOR('',#7809,1.);
#1115=VECTOR('',#7811,1.);
#1116=VECTOR('',#7812,1.);
#1117=VECTOR('',#7814,1.);
#1118=VECTOR('',#7815,1.);
#1119=VECTOR('',#7817,1.);
#1120=VECTOR('',#7818,1.);
#1121=VECTOR('',#7819,1.);
#1122=VECTOR('',#7821,1.);
#1123=VECTOR('',#7822,1.);
#1124=VECTOR('',#7824,1.);
#1125=VECTOR('',#7825,1.);
#1126=VECTOR('',#7827,1.);
#1127=VECTOR('',#7828,1.);
#1128=VECTOR('',#7829,1.);
#1129=VECTOR('',#7831,1.);
#1130=VECTOR('',#7832,1.);
#1131=VECTOR('',#7834,1.);
#1132=VECTOR('',#7835,1.);
#1133=VECTOR('',#7837,1.);
#1134=VECTOR('',#7838,1.);
#1135=VECTOR('',#7839,1.);
#1136=VECTOR('',#7841,1.);
#1137=VECTOR('',#7842,1.);
#1138=VECTOR('',#7843,1.);
#1139=VECTOR('',#7845,1.);
#1140=VECTOR('',#7846,1.);
#1141=VECTOR('',#7847,1.);
#1142=VECTOR('',#7849,1.);
#1143=VECTOR('',#7850,1.);
#1144=VECTOR('',#7851,1.);
#1145=VECTOR('',#7853,1.);
#1146=VECTOR('',#7854,1.);
#1147=VECTOR('',#7856,1.);
#1148=VECTOR('',#7857,1.);
#1149=VECTOR('',#7858,1.);
#1150=VECTOR('',#7859,1.);
#1151=VECTOR('',#7860,1.);
#1152=VECTOR('',#7861,1.);
#1153=VECTOR('',#7862,1.);
#1154=VECTOR('',#7863,1.);
#1155=VECTOR('',#7864,1.);
#1156=VECTOR('',#7865,1.);
#1157=VECTOR('',#7866,1.);
#1158=VECTOR('',#7867,1.);
#1159=VECTOR('',#7869,1.);
#1160=VECTOR('',#7871,1.);
#1161=VECTOR('',#7873,1.);
#1162=VECTOR('',#7875,1.);
#1163=VECTOR('',#7877,1.);
#1164=VECTOR('',#7879,1.);
#1165=VECTOR('',#7880,1.);
#1166=VECTOR('',#7882,1.);
#1167=VECTOR('',#7883,1.);
#1168=VECTOR('',#7885,1.);
#1169=VECTOR('',#7886,1.);
#1170=VECTOR('',#7887,1.);
#1171=VECTOR('',#7888,1.);
#1172=VECTOR('',#7889,1.);
#1173=VECTOR('',#7890,1.);
#1174=VECTOR('',#7891,1.);
#1175=VECTOR('',#7892,1.);
#1176=VECTOR('',#7893,1.);
#1177=VECTOR('',#7894,1.);
#1178=VECTOR('',#7895,1.);
#1179=VECTOR('',#7897,1.);
#1180=VECTOR('',#7899,1.);
#1181=VECTOR('',#7901,1.);
#1182=VECTOR('',#7903,1.);
#1183=VECTOR('',#7905,1.);
#1184=VECTOR('',#7906,1.);
#1185=VECTOR('',#7907,1.);
#1186=VECTOR('',#7909,1.);
#1187=VECTOR('',#7910,1.);
#1188=VECTOR('',#7911,1.);
#1189=VECTOR('',#7912,1.);
#1190=VECTOR('',#7913,1.);
#1191=VECTOR('',#7914,1.);
#1192=VECTOR('',#7915,1.);
#1193=VECTOR('',#7916,1.);
#1194=VECTOR('',#7917,1.);
#1195=VECTOR('',#7918,1.);
#1196=VECTOR('',#7919,1.);
#1197=VECTOR('',#7920,1.);
#1198=VECTOR('',#7921,1.);
#1199=VECTOR('',#7922,1.);
#1200=VECTOR('',#7923,1.);
#1201=VECTOR('',#7926,1.);
#1202=VECTOR('',#7927,1.);
#1203=VECTOR('',#7928,1.);
#1204=VECTOR('',#7930,1.);
#1205=VECTOR('',#7931,1.);
#1206=VECTOR('',#7932,1.);
#1207=VECTOR('',#7934,1.);
#1208=VECTOR('',#7935,1.);
#1209=VECTOR('',#7936,1.);
#1210=VECTOR('',#7940,1.);
#1211=VECTOR('',#7941,1.);
#1212=VECTOR('',#7942,1.);
#1213=VECTOR('',#7944,1.);
#1214=VECTOR('',#7945,1.);
#1215=VECTOR('',#7946,1.);
#1216=VECTOR('',#7948,1.);
#1217=VECTOR('',#7949,1.);
#1218=VECTOR('',#7950,1.);
#1219=VECTOR('',#7953,1.);
#1220=VECTOR('',#7954,1.);
#1221=VECTOR('',#7955,1.);
#1222=VECTOR('',#7956,1.);
#1223=VECTOR('',#7957,1.);
#1224=VECTOR('',#7958,1.);
#1225=VECTOR('',#7959,1.);
#1226=VECTOR('',#7960,1.);
#1227=VECTOR('',#7961,1.);
#1228=VECTOR('',#7962,1.);
#1229=VECTOR('',#7963,1.);
#1230=VECTOR('',#7964,1.);
#1231=VECTOR('',#7965,1.);
#1232=VECTOR('',#7966,1.);
#1233=VECTOR('',#7967,1.);
#1234=VECTOR('',#7969,1.);
#1235=VECTOR('',#7970,1.);
#1236=VECTOR('',#7971,1.);
#1237=VECTOR('',#7973,1.);
#1238=VECTOR('',#7974,1.);
#1239=VECTOR('',#7975,1.);
#1240=VECTOR('',#7977,1.);
#1241=VECTOR('',#7978,1.);
#1242=VECTOR('',#7979,1.);
#1243=VECTOR('',#7981,1.);
#1244=VECTOR('',#7982,1.);
#1245=VECTOR('',#7983,1.);
#1246=VECTOR('',#7985,1.);
#1247=VECTOR('',#7986,1.);
#1248=VECTOR('',#7987,1.);
#1249=VECTOR('',#7989,1.);
#1250=VECTOR('',#7990,1.);
#1251=VECTOR('',#7991,1.);
#1252=VECTOR('',#7992,1.);
#1253=VECTOR('',#7993,1.);
#1254=VECTOR('',#7994,1.);
#1255=VECTOR('',#7995,1.);
#1256=VECTOR('',#7997,1.);
#1257=VECTOR('',#7998,1.);
#1258=VECTOR('',#7999,1.);
#1259=VECTOR('',#8001,1.);
#1260=VECTOR('',#8002,1.);
#1261=VECTOR('',#8003,1.);
#1262=VECTOR('',#8004,1.);
#1263=VECTOR('',#8005,1.);
#1264=VECTOR('',#8006,1.);
#1265=VECTOR('',#8007,1.);
#1266=VECTOR('',#8009,1.);
#1267=VECTOR('',#8010,1.);
#1268=VECTOR('',#8011,1.);
#1269=VECTOR('',#8013,1.);
#1270=VECTOR('',#8014,1.);
#1271=VECTOR('',#8015,1.);
#1272=VECTOR('',#8017,1.);
#1273=VECTOR('',#8018,1.);
#1274=VECTOR('',#8019,1.);
#1275=VECTOR('',#8021,1.);
#1276=VECTOR('',#8022,1.);
#1277=VECTOR('',#8023,1.);
#1278=VECTOR('',#8025,1.);
#1279=VECTOR('',#8026,1.);
#1280=VECTOR('',#8027,1.);
#1281=VECTOR('',#8029,1.);
#1282=VECTOR('',#8030,1.);
#1283=VECTOR('',#8032,1.);
#1284=VECTOR('',#8033,1.);
#1285=VECTOR('',#8035,1.);
#1286=VECTOR('',#8036,1.);
#1287=VECTOR('',#8037,1.);
#1288=VECTOR('',#8039,1.);
#1289=VECTOR('',#8040,1.);
#1290=VECTOR('',#8042,1.);
#1291=VECTOR('',#8043,1.);
#1292=VECTOR('',#8045,1.);
#1293=VECTOR('',#8046,1.);
#1294=VECTOR('',#8047,1.);
#1295=VECTOR('',#8049,1.);
#1296=VECTOR('',#8050,1.);
#1297=VECTOR('',#8051,1.);
#1298=VECTOR('',#8053,1.);
#1299=VECTOR('',#8054,1.);
#1300=VECTOR('',#8055,1.);
#1301=VECTOR('',#8057,1.);
#1302=VECTOR('',#8058,1.);
#1303=VECTOR('',#8059,1.);
#1304=VECTOR('',#8061,1.);
#1305=VECTOR('',#8062,1.);
#1306=VECTOR('',#8064,1.);
#1307=VECTOR('',#8065,1.);
#1308=VECTOR('',#8067,1.);
#1309=VECTOR('',#8068,1.);
#1310=VECTOR('',#8069,1.);
#1311=VECTOR('',#8071,1.);
#1312=VECTOR('',#8072,1.);
#1313=VECTOR('',#8074,1.);
#1314=VECTOR('',#8075,1.);
#1315=VECTOR('',#8077,1.);
#1316=VECTOR('',#8078,1.);
#1317=VECTOR('',#8079,1.);
#1318=VECTOR('',#8081,1.);
#1319=VECTOR('',#8082,1.);
#1320=VECTOR('',#8084,1.);
#1321=VECTOR('',#8085,1.);
#1322=VECTOR('',#8087,1.);
#1323=VECTOR('',#8088,1.);
#1324=VECTOR('',#8089,1.);
#1325=VECTOR('',#8090,1.);
#1326=VECTOR('',#8091,1.);
#1327=VECTOR('',#8092,1.);
#1328=VECTOR('',#8093,1.);
#1329=VECTOR('',#8094,1.);
#1330=VECTOR('',#8095,1.);
#1331=VECTOR('',#8096,1.);
#1332=VECTOR('',#8097,1.);
#1333=VECTOR('',#8099,1.);
#1334=VECTOR('',#8101,1.);
#1335=VECTOR('',#8103,1.);
#1336=VECTOR('',#8105,1.);
#1337=VECTOR('',#8107,1.);
#1338=VECTOR('',#8108,1.);
#1339=VECTOR('',#8109,1.);
#1340=VECTOR('',#8111,1.);
#1341=VECTOR('',#8112,1.);
#1342=VECTOR('',#8113,1.);
#1343=VECTOR('',#8114,1.);
#1344=VECTOR('',#8115,1.);
#1345=VECTOR('',#8116,1.);
#1346=VECTOR('',#8117,1.);
#1347=VECTOR('',#8118,1.);
#1348=VECTOR('',#8119,1.);
#1349=VECTOR('',#8120,1.);
#1350=VECTOR('',#8121,1.);
#1351=VECTOR('',#8122,1.);
#1352=VECTOR('',#8123,1.);
#1353=VECTOR('',#8125,1.);
#1354=VECTOR('',#8127,1.);
#1355=VECTOR('',#8129,1.);
#1356=VECTOR('',#8131,1.);
#1357=VECTOR('',#8133,1.);
#1358=VECTOR('',#8135,1.);
#1359=VECTOR('',#8137,1.);
#1360=VECTOR('',#8138,1.);
#1361=VECTOR('',#8139,1.);
#1362=VECTOR('',#8142,1.);
#1363=VECTOR('',#8143,1.);
#1364=VECTOR('',#8144,1.);
#1365=VECTOR('',#8146,1.);
#1366=VECTOR('',#8147,1.);
#1367=VECTOR('',#8148,1.);
#1368=VECTOR('',#8150,1.);
#1369=VECTOR('',#8151,1.);
#1370=VECTOR('',#8152,1.);
#1371=VECTOR('',#8155,1.);
#1372=VECTOR('',#8156,1.);
#1373=VECTOR('',#8157,1.);
#1374=VECTOR('',#8158,1.);
#1375=VECTOR('',#8159,1.);
#1376=VECTOR('',#8160,1.);
#1377=VECTOR('',#8161,1.);
#1378=VECTOR('',#8162,1.);
#1379=VECTOR('',#8163,1.);
#1380=VECTOR('',#8164,1.);
#1381=VECTOR('',#8165,1.);
#1382=VECTOR('',#8166,1.);
#1383=VECTOR('',#8167,1.);
#1384=VECTOR('',#8168,1.);
#1385=VECTOR('',#8169,1.);
#1386=VECTOR('',#8171,1.);
#1387=VECTOR('',#8172,1.);
#1388=VECTOR('',#8173,1.);
#1389=VECTOR('',#8175,1.);
#1390=VECTOR('',#8176,1.);
#1391=VECTOR('',#8177,1.);
#1392=VECTOR('',#8179,1.);
#1393=VECTOR('',#8180,1.);
#1394=VECTOR('',#8181,1.);
#1395=VECTOR('',#8185,1.);
#1396=VECTOR('',#8186,1.);
#1397=VECTOR('',#8187,1.);
#1398=VECTOR('',#8188,1.);
#1399=VECTOR('',#8189,1.);
#1400=VECTOR('',#8190,1.);
#1401=VECTOR('',#8191,1.);
#1402=VECTOR('',#8192,1.);
#1403=VECTOR('',#8193,1.);
#1404=VECTOR('',#8194,1.);
#1405=VECTOR('',#8195,1.);
#1406=VECTOR('',#8196,1.);
#1407=VECTOR('',#8197,1.);
#1408=VECTOR('',#8198,1.);
#1409=VECTOR('',#8199,1.);
#1410=VECTOR('',#8201,1.);
#1411=VECTOR('',#8202,1.);
#1412=VECTOR('',#8203,1.);
#1413=VECTOR('',#8205,1.);
#1414=VECTOR('',#8206,1.);
#1415=VECTOR('',#8207,1.);
#1416=VECTOR('',#8209,1.);
#1417=VECTOR('',#8210,1.);
#1418=VECTOR('',#8211,1.);
#1419=VECTOR('',#8212,1.);
#1420=VECTOR('',#8213,1.);
#1421=VECTOR('',#8214,1.);
#1422=VECTOR('',#8215,1.);
#1423=VECTOR('',#8217,1.);
#1424=VECTOR('',#8218,1.);
#1425=VECTOR('',#8219,1.);
#1426=VECTOR('',#8221,1.);
#1427=VECTOR('',#8222,1.);
#1428=VECTOR('',#8223,1.);
#1429=VECTOR('',#8225,1.);
#1430=VECTOR('',#8226,1.);
#1431=VECTOR('',#8227,1.);
#1432=VECTOR('',#8229,1.);
#1433=VECTOR('',#8230,1.);
#1434=VECTOR('',#8231,1.);
#1435=VECTOR('',#8233,1.);
#1436=VECTOR('',#8234,1.);
#1437=VECTOR('',#8235,1.);
#1438=VECTOR('',#8236,1.);
#1439=VECTOR('',#8237,1.);
#1440=VECTOR('',#8238,1.);
#1441=VECTOR('',#8239,1.);
#1442=VECTOR('',#8241,1.);
#1443=VECTOR('',#8242,1.);
#1444=VECTOR('',#8243,1.);
#1445=VECTOR('',#8245,1.);
#1446=VECTOR('',#8246,1.);
#1447=VECTOR('',#8247,1.);
#1448=VECTOR('',#8249,1.);
#1449=VECTOR('',#8250,1.);
#1450=VECTOR('',#8251,1.);
#1451=VECTOR('',#8253,1.);
#1452=VECTOR('',#8254,1.);
#1453=VECTOR('',#8255,1.);
#1454=VECTOR('',#8257,1.);
#1455=VECTOR('',#8258,1.);
#1456=VECTOR('',#8259,1.);
#1457=VECTOR('',#8261,1.);
#1458=VECTOR('',#8262,1.);
#1459=VECTOR('',#8263,1.);
#1460=VECTOR('',#8265,1.);
#1461=VECTOR('',#8266,1.);
#1462=VECTOR('',#8268,1.);
#1463=VECTOR('',#8269,1.);
#1464=VECTOR('',#8271,1.);
#1465=VECTOR('',#8272,1.);
#1466=VECTOR('',#8273,1.);
#1467=VECTOR('',#8275,1.);
#1468=VECTOR('',#8276,1.);
#1469=VECTOR('',#8278,1.);
#1470=VECTOR('',#8279,1.);
#1471=VECTOR('',#8281,1.);
#1472=VECTOR('',#8282,1.);
#1473=VECTOR('',#8283,1.);
#1474=VECTOR('',#8285,1.);
#1475=VECTOR('',#8286,1.);
#1476=VECTOR('',#8287,1.);
#1477=VECTOR('',#8289,1.);
#1478=VECTOR('',#8290,1.);
#1479=VECTOR('',#8291,1.);
#1480=VECTOR('',#8293,1.);
#1481=VECTOR('',#8294,1.);
#1482=VECTOR('',#8295,1.);
#1483=VECTOR('',#8297,1.);
#1484=VECTOR('',#8298,1.);
#1485=VECTOR('',#8300,1.);
#1486=VECTOR('',#8301,1.);
#1487=VECTOR('',#8303,1.);
#1488=VECTOR('',#8304,1.);
#1489=VECTOR('',#8305,1.);
#1490=VECTOR('',#8307,1.);
#1491=VECTOR('',#8308,1.);
#1492=VECTOR('',#8310,1.);
#1493=VECTOR('',#8311,1.);
#1494=VECTOR('',#8313,1.);
#1495=VECTOR('',#8314,1.);
#1496=VECTOR('',#8315,1.);
#1497=VECTOR('',#8316,1.);
#1498=VECTOR('',#8317,1.);
#1499=VECTOR('',#8318,1.);
#1500=VECTOR('',#8319,1.);
#1501=VECTOR('',#8320,1.);
#1502=VECTOR('',#8321,1.);
#1503=VECTOR('',#8322,1.);
#1504=VECTOR('',#8323,1.);
#1505=VECTOR('',#8324,1.);
#1506=VECTOR('',#8325,1.);
#1507=VECTOR('',#8327,1.);
#1508=VECTOR('',#8329,1.);
#1509=VECTOR('',#8331,1.);
#1510=VECTOR('',#8333,1.);
#1511=VECTOR('',#8335,1.);
#1512=VECTOR('',#8337,1.);
#1513=VECTOR('',#8339,1.);
#1514=VECTOR('',#8340,1.);
#1515=VECTOR('',#8341,1.);
#1516=VECTOR('',#8343,1.);
#1517=VECTOR('',#8344,1.);
#1518=VECTOR('',#8345,1.);
#1519=VECTOR('',#8346,1.);
#1520=VECTOR('',#8347,1.);
#1521=VECTOR('',#8348,1.);
#1522=VECTOR('',#8349,1.);
#1523=VECTOR('',#8350,1.);
#1524=VECTOR('',#8351,1.);
#1525=VECTOR('',#8352,1.);
#1526=VECTOR('',#8353,1.);
#1527=VECTOR('',#8354,1.);
#1528=VECTOR('',#8355,1.);
#1529=VECTOR('',#8357,1.);
#1530=VECTOR('',#8358,1.);
#1531=VECTOR('',#8359,1.);
#1532=VECTOR('',#8361,1.);
#1533=VECTOR('',#8363,1.);
#1534=VECTOR('',#8365,1.);
#1535=VECTOR('',#8367,1.);
#1536=VECTOR('',#8369,1.);
#1537=VECTOR('',#8371,1.);
#1538=VECTOR('',#8373,1.);
#1539=VECTOR('',#8374,1.);
#1540=VECTOR('',#8375,1.);
#1541=VECTOR('',#8377,1.);
#1542=VECTOR('',#8378,1.);
#1543=VECTOR('',#8379,1.);
#1544=VECTOR('',#8381,1.);
#1545=VECTOR('',#8382,1.);
#1546=VECTOR('',#8383,1.);
#1547=VECTOR('',#8387,1.);
#1548=VECTOR('',#8388,1.);
#1549=VECTOR('',#8389,1.);
#1550=VECTOR('',#8390,1.);
#1551=VECTOR('',#8391,1.);
#1552=VECTOR('',#8392,1.);
#1553=VECTOR('',#8393,1.);
#1554=VECTOR('',#8394,1.);
#1555=VECTOR('',#8395,1.);
#1556=VECTOR('',#8396,1.);
#1557=VECTOR('',#8397,1.);
#1558=VECTOR('',#8398,1.);
#1559=VECTOR('',#8399,1.);
#1560=VECTOR('',#8400,1.);
#1561=VECTOR('',#8401,1.);
#1562=VECTOR('',#8403,1.);
#1563=VECTOR('',#8404,1.);
#1564=VECTOR('',#8405,1.);
#1565=VECTOR('',#8407,1.);
#1566=VECTOR('',#8408,1.);
#1567=VECTOR('',#8409,1.);
#1568=VECTOR('',#8411,1.);
#1569=VECTOR('',#8412,1.);
#1570=VECTOR('',#8413,1.);
#1571=VECTOR('',#8417,1.);
#1572=VECTOR('',#8418,1.);
#1573=VECTOR('',#8419,1.);
#1574=VECTOR('',#8420,1.);
#1575=VECTOR('',#8421,1.);
#1576=VECTOR('',#8422,1.);
#1577=VECTOR('',#8423,1.);
#1578=VECTOR('',#8424,1.);
#1579=VECTOR('',#8425,1.);
#1580=VECTOR('',#8426,1.);
#1581=VECTOR('',#8427,1.);
#1582=VECTOR('',#8428,1.);
#1583=VECTOR('',#8429,1.);
#1584=VECTOR('',#8430,1.);
#1585=VECTOR('',#8431,1.);
#1586=VECTOR('',#8433,1.);
#1587=VECTOR('',#8434,1.);
#1588=VECTOR('',#8435,1.);
#1589=VECTOR('',#8437,1.);
#1590=VECTOR('',#8438,1.);
#1591=VECTOR('',#8439,1.);
#1592=VECTOR('',#8441,1.);
#1593=VECTOR('',#8442,1.);
#1594=VECTOR('',#8443,1.);
#1595=VECTOR('',#8444,1.);
#1596=VECTOR('',#8445,1.);
#1597=VECTOR('',#8446,1.);
#1598=VECTOR('',#8447,1.);
#1599=VECTOR('',#8449,1.);
#1600=VECTOR('',#8450,1.);
#1601=VECTOR('',#8452,1.);
#1602=VECTOR('',#8453,1.);
#1603=VECTOR('',#8454,1.);
#1604=VECTOR('',#8456,1.);
#1605=VECTOR('',#8457,1.);
#1606=VECTOR('',#8458,1.);
#1607=VECTOR('',#8460,1.);
#1608=VECTOR('',#8461,1.);
#1609=VECTOR('',#8462,1.);
#1610=VECTOR('',#8464,1.);
#1611=VECTOR('',#8465,1.);
#1612=VECTOR('',#8466,1.);
#1613=VECTOR('',#8467,1.);
#1614=VECTOR('',#8468,1.);
#1615=VECTOR('',#8469,1.);
#1616=VECTOR('',#8470,1.);
#1617=VECTOR('',#8472,1.);
#1618=VECTOR('',#8473,1.);
#1619=VECTOR('',#8474,1.);
#1620=VECTOR('',#8476,1.);
#1621=VECTOR('',#8477,1.);
#1622=VECTOR('',#8479,1.);
#1623=VECTOR('',#8480,1.);
#1624=VECTOR('',#8481,1.);
#1625=VECTOR('',#8483,1.);
#1626=VECTOR('',#8484,1.);
#1627=VECTOR('',#8485,1.);
#1628=VECTOR('',#8487,1.);
#1629=VECTOR('',#8488,1.);
#1630=VECTOR('',#8489,1.);
#1631=VECTOR('',#8491,1.);
#1632=VECTOR('',#8492,1.);
#1633=VECTOR('',#8493,1.);
#1634=VECTOR('',#8495,1.);
#1635=VECTOR('',#8496,1.);
#1636=VECTOR('',#8498,1.);
#1637=VECTOR('',#8499,1.);
#1638=VECTOR('',#8501,1.);
#1639=VECTOR('',#8502,1.);
#1640=VECTOR('',#8503,1.);
#1641=VECTOR('',#8505,1.);
#1642=VECTOR('',#8506,1.);
#1643=VECTOR('',#8508,1.);
#1644=VECTOR('',#8509,1.);
#1645=VECTOR('',#8511,1.);
#1646=VECTOR('',#8512,1.);
#1647=VECTOR('',#8513,1.);
#1648=VECTOR('',#8515,1.);
#1649=VECTOR('',#8516,1.);
#1650=VECTOR('',#8517,1.);
#1651=VECTOR('',#8519,1.);
#1652=VECTOR('',#8520,1.);
#1653=VECTOR('',#8522,1.);
#1654=VECTOR('',#8523,1.);
#1655=VECTOR('',#8525,1.);
#1656=VECTOR('',#8526,1.);
#1657=VECTOR('',#8527,1.);
#1658=VECTOR('',#8529,1.);
#1659=VECTOR('',#8530,1.);
#1660=VECTOR('',#8532,1.);
#1661=VECTOR('',#8533,1.);
#1662=VECTOR('',#8535,1.);
#1663=VECTOR('',#8536,1.);
#1664=VECTOR('',#8537,1.);
#1665=VECTOR('',#8538,1.);
#1666=VECTOR('',#8539,1.);
#1667=VECTOR('',#8540,1.);
#1668=VECTOR('',#8541,1.);
#1669=VECTOR('',#8542,1.);
#1670=VECTOR('',#8543,1.);
#1671=VECTOR('',#8544,1.);
#1672=VECTOR('',#8545,1.);
#1673=VECTOR('',#8546,1.);
#1674=VECTOR('',#8547,1.);
#1675=VECTOR('',#8549,1.);
#1676=VECTOR('',#8551,1.);
#1677=VECTOR('',#8553,1.);
#1678=VECTOR('',#8555,1.);
#1679=VECTOR('',#8557,1.);
#1680=VECTOR('',#8559,1.);
#1681=VECTOR('',#8561,1.);
#1682=VECTOR('',#8562,1.);
#1683=VECTOR('',#8563,1.);
#1684=VECTOR('',#8564,1.);
#1685=VECTOR('',#8565,1.);
#1686=VECTOR('',#8566,1.);
#1687=VECTOR('',#8567,1.);
#1688=VECTOR('',#8568,1.);
#1689=VECTOR('',#8569,1.);
#1690=VECTOR('',#8570,1.);
#1691=VECTOR('',#8571,1.);
#1692=VECTOR('',#8572,1.);
#1693=VECTOR('',#8573,1.);
#1694=VECTOR('',#8575,1.);
#1695=VECTOR('',#8577,1.);
#1696=VECTOR('',#8579,1.);
#1697=VECTOR('',#8581,1.);
#1698=VECTOR('',#8583,1.);
#1699=VECTOR('',#8585,1.);
#1700=VECTOR('',#8587,1.);
#1701=VECTOR('',#8588,1.);
#1702=VECTOR('',#8589,1.);
#1703=VECTOR('',#8591,1.);
#1704=VECTOR('',#8592,1.);
#1705=VECTOR('',#8593,1.);
#1706=VECTOR('',#8595,1.);
#1707=VECTOR('',#8596,1.);
#1708=VECTOR('',#8600,1.);
#1709=VECTOR('',#8601,1.);
#1710=VECTOR('',#8602,1.);
#1711=VECTOR('',#8604,1.);
#1712=VECTOR('',#8605,1.);
#1713=VECTOR('',#8606,1.);
#1714=VECTOR('',#8608,1.);
#1715=VECTOR('',#8609,1.);
#1716=VECTOR('',#8610,1.);
#1717=VECTOR('',#8614,1.);
#1718=VECTOR('',#8615,1.);
#1719=VECTOR('',#8616,1.);
#1720=VECTOR('',#8618,1.);
#1721=VECTOR('',#8619,1.);
#1722=VECTOR('',#8620,1.);
#1723=VECTOR('',#8622,1.);
#1724=VECTOR('',#8623,1.);
#1725=VECTOR('',#8624,1.);
#1726=VECTOR('',#8626,1.);
#1727=VECTOR('',#8627,1.);
#1728=VECTOR('',#8628,1.);
#1729=VECTOR('',#8630,1.);
#1730=VECTOR('',#8631,1.);
#1731=VECTOR('',#8632,1.);
#1732=VECTOR('',#8634,1.);
#1733=VECTOR('',#8636,1.);
#1734=VECTOR('',#8638,1.);
#1735=VECTOR('',#8640,1.);
#1736=VECTOR('',#8642,1.);
#1737=VECTOR('',#8644,1.);
#1738=VECTOR('',#8646,1.);
#1739=VECTOR('',#8648,1.);
#1740=VECTOR('',#8650,1.);
#1741=VECTOR('',#8652,1.);
#1742=VECTOR('',#8654,1.);
#1743=VECTOR('',#8656,1.);
#1744=VECTOR('',#8658,1.);
#1745=VECTOR('',#8660,1.);
#1746=VECTOR('',#8662,1.);
#1747=VECTOR('',#8664,1.);
#1748=VECTOR('',#8666,1.);
#1749=VECTOR('',#8668,1.);
#1750=VECTOR('',#8670,1.);
#1751=VECTOR('',#8672,1.);
#1752=VECTOR('',#8674,1.);
#1753=VECTOR('',#8676,1.);
#1754=VECTOR('',#8678,1.);
#1755=VECTOR('',#8680,1.);
#1756=VECTOR('',#8682,1.);
#1757=VECTOR('',#8684,1.);
#1758=VECTOR('',#8686,1.);
#1759=VECTOR('',#8688,1.);
#1760=VECTOR('',#8690,1.);
#1761=VECTOR('',#8692,1.);
#1762=VECTOR('',#8694,1.);
#1763=VECTOR('',#8696,1.);
#1764=VECTOR('',#8698,1.);
#1765=VECTOR('',#8700,1.);
#1766=VECTOR('',#8702,1.);
#1767=VECTOR('',#8704,1.);
#1768=VECTOR('',#8706,1.);
#1769=VECTOR('',#8708,1.);
#1770=VECTOR('',#8710,1.);
#1771=VECTOR('',#8712,1.);
#1772=VECTOR('',#8714,1.);
#1773=VECTOR('',#8716,1.);
#1774=VECTOR('',#8718,1.);
#1775=VECTOR('',#8720,1.);
#1776=VECTOR('',#8722,1.);
#1777=VECTOR('',#8724,1.);
#1778=VECTOR('',#8726,1.);
#1779=VECTOR('',#8728,1.);
#1780=VECTOR('',#8730,1.);
#1781=VECTOR('',#8732,1.);
#1782=VECTOR('',#8734,1.);
#1783=VECTOR('',#8736,1.);
#1784=VECTOR('',#8738,1.);
#1785=VECTOR('',#8740,1.);
#1786=VECTOR('',#8742,1.);
#1787=VECTOR('',#8744,1.);
#1788=VECTOR('',#8746,1.);
#1789=VECTOR('',#8748,1.);
#1790=VECTOR('',#8750,1.);
#1791=VECTOR('',#8752,1.);
#1792=VECTOR('',#8754,1.);
#1793=VECTOR('',#8756,1.);
#1794=VECTOR('',#8758,1.);
#1795=VECTOR('',#8760,1.);
#1796=VECTOR('',#8762,1.);
#1797=VECTOR('',#8764,1.);
#1798=VECTOR('',#8766,1.);
#1799=VECTOR('',#8768,1.);
#1800=VECTOR('',#8770,1.);
#1801=VECTOR('',#8776,1.);
#1802=VECTOR('',#8777,1.);
#1803=VECTOR('',#8778,1.);
#1804=VECTOR('',#8779,1.);
#1805=VECTOR('',#8781,1.);
#1806=VECTOR('',#8782,1.);
#1807=VECTOR('',#8783,1.);
#1808=VECTOR('',#8785,1.);
#1809=VECTOR('',#8786,1.);
#1810=VECTOR('',#8787,1.);
#1811=VECTOR('',#8789,1.);
#1812=VECTOR('',#8790,1.);
#1813=VECTOR('',#8792,0.999999999999999);
#1814=VECTOR('',#8793,1.);
#1815=VECTOR('',#8794,0.999999999999999);
#1816=VECTOR('',#8796,1.);
#1817=VECTOR('',#8797,1.);
#1818=VECTOR('',#8799,1.);
#1819=VECTOR('',#8800,1.);
#1820=VECTOR('',#8802,1.);
#1821=VECTOR('',#8805,1.);
#1822=VECTOR('',#8806,1.);
#1823=VECTOR('',#8807,1.);
#1824=VECTOR('',#8808,1.);
#1825=VECTOR('',#8810,1.);
#1826=VECTOR('',#8811,1.);
#1827=VECTOR('',#8813,1.);
#1828=VECTOR('',#8815,1.);
#1829=LINE('',#8903,#829);
#1830=LINE('',#8906,#830);
#1831=LINE('',#8908,#831);
#1832=LINE('',#8910,#832);
#1833=LINE('',#8912,#833);
#1834=LINE('',#8915,#834);
#1835=LINE('',#8917,#835);
#1836=LINE('',#8919,#836);
#1837=LINE('',#8921,#837);
#1838=LINE('',#8923,#838);
#1839=LINE('',#8925,#839);
#1840=LINE('',#8927,#840);
#1841=LINE('',#8929,#841);
#1842=LINE('',#8931,#842);
#1843=LINE('',#8933,#843);
#1844=LINE('',#8935,#844);
#1845=LINE('',#8937,#845);
#1846=LINE('',#8939,#846);
#1847=LINE('',#8941,#847);
#1848=LINE('',#8943,#848);
#1849=LINE('',#8945,#849);
#1850=LINE('',#8947,#850);
#1851=LINE('',#8950,#851);
#1852=LINE('',#8951,#852);
#1853=LINE('',#8953,#853);
#1854=LINE('',#8955,#854);
#1855=LINE('',#8957,#855);
#1856=LINE('',#8959,#856);
#1857=LINE('',#8960,#857);
#1858=LINE('',#8963,#858);
#1859=LINE('',#8965,#859);
#1860=LINE('',#8967,#860);
#1861=LINE('',#8968,#861);
#1862=LINE('',#8971,#862);
#1863=LINE('',#8973,#863);
#1864=LINE('',#8975,#864);
#1865=LINE('',#8977,#865);
#1866=LINE('',#8979,#866);
#1867=LINE('',#8981,#867);
#1868=LINE('',#8983,#868);
#1869=LINE('',#8985,#869);
#1870=LINE('',#8987,#870);
#1871=LINE('',#8989,#871);
#1872=LINE('',#8991,#872);
#1873=LINE('',#8993,#873);
#1874=LINE('',#8995,#874);
#1875=LINE('',#8997,#875);
#1876=LINE('',#8999,#876);
#1877=LINE('',#9001,#877);
#1878=LINE('',#9003,#878);
#1879=LINE('',#9005,#879);
#1880=LINE('',#9007,#880);
#1881=LINE('',#9009,#881);
#1882=LINE('',#9011,#882);
#1883=LINE('',#9013,#883);
#1884=LINE('',#9015,#884);
#1885=LINE('',#9017,#885);
#1886=LINE('',#9019,#886);
#1887=LINE('',#9021,#887);
#1888=LINE('',#9023,#888);
#1889=LINE('',#9025,#889);
#1890=LINE('',#9027,#890);
#1891=LINE('',#9029,#891);
#1892=LINE('',#9031,#892);
#1893=LINE('',#9033,#893);
#1894=LINE('',#9035,#894);
#1895=LINE('',#9037,#895);
#1896=LINE('',#9039,#896);
#1897=LINE('',#9041,#897);
#1898=LINE('',#9043,#898);
#1899=LINE('',#9046,#899);
#1900=LINE('',#9047,#900);
#1901=LINE('',#9049,#901);
#1902=LINE('',#9051,#902);
#1903=LINE('',#9053,#903);
#1904=LINE('',#9055,#904);
#1905=LINE('',#9056,#905);
#1906=LINE('',#9058,#906);
#1907=LINE('',#9060,#907);
#1908=LINE('',#9061,#908);
#1909=LINE('',#9063,#909);
#1910=LINE('',#9065,#910);
#1911=LINE('',#9067,#911);
#1912=LINE('',#9069,#912);
#1913=LINE('',#9071,#913);
#1914=LINE('',#9073,#914);
#1915=LINE('',#9075,#915);
#1916=LINE('',#9077,#916);
#1917=LINE('',#9079,#917);
#1918=LINE('',#9081,#918);
#1919=LINE('',#9083,#919);
#1920=LINE('',#9085,#920);
#1921=LINE('',#9087,#921);
#1922=LINE('',#9089,#922);
#1923=LINE('',#9091,#923);
#1924=LINE('',#9093,#924);
#1925=LINE('',#9095,#925);
#1926=LINE('',#9099,#926);
#1927=LINE('',#9102,#927);
#1928=LINE('',#9103,#928);
#1929=LINE('',#9105,#929);
#1930=LINE('',#9108,#930);
#1931=LINE('',#9109,#931);
#1932=LINE('',#9110,#932);
#1933=LINE('',#9112,#933);
#1934=LINE('',#9114,#934);
#1935=LINE('',#9116,#935);
#1936=LINE('',#9117,#936);
#1937=LINE('',#9119,#937);
#1938=LINE('',#9121,#938);
#1939=LINE('',#9123,#939);
#1940=LINE('',#9125,#940);
#1941=LINE('',#9127,#941);
#1942=LINE('',#9129,#942);
#1943=LINE('',#9131,#943);
#1944=LINE('',#9133,#944);
#1945=LINE('',#9135,#945);
#1946=LINE('',#9137,#946);
#1947=LINE('',#9140,#947);
#1948=LINE('',#9143,#948);
#1949=LINE('',#9146,#949);
#1950=LINE('',#9148,#950);
#1951=LINE('',#9150,#951);
#1952=LINE('',#9152,#952);
#1953=LINE('',#9154,#953);
#1954=LINE('',#9156,#954);
#1955=LINE('',#9158,#955);
#1956=LINE('',#9159,#956);
#1957=LINE('',#9162,#957);
#1958=LINE('',#9164,#958);
#1959=LINE('',#9166,#959);
#1960=LINE('',#9167,#960);
#1961=LINE('',#9170,#961);
#1962=LINE('',#9172,#962);
#1963=LINE('',#9174,#963);
#1964=LINE('',#9176,#964);
#1965=LINE('',#9178,#965);
#1966=LINE('',#9180,#966);
#1967=LINE('',#9182,#967);
#1968=LINE('',#9184,#968);
#1969=LINE('',#9186,#969);
#1970=LINE('',#9188,#970);
#1971=LINE('',#9190,#971);
#1972=LINE('',#9192,#972);
#1973=LINE('',#9194,#973);
#1974=LINE('',#9196,#974);
#1975=LINE('',#9198,#975);
#1976=LINE('',#9200,#976);
#1977=LINE('',#9202,#977);
#1978=LINE('',#9204,#978);
#1979=LINE('',#9206,#979);
#1980=LINE('',#9208,#980);
#1981=LINE('',#9210,#981);
#1982=LINE('',#9212,#982);
#1983=LINE('',#9214,#983);
#1984=LINE('',#9216,#984);
#1985=LINE('',#9218,#985);
#1986=LINE('',#9220,#986);
#1987=LINE('',#9222,#987);
#1988=LINE('',#9224,#988);
#1989=LINE('',#9226,#989);
#1990=LINE('',#9228,#990);
#1991=LINE('',#9230,#991);
#1992=LINE('',#9232,#992);
#1993=LINE('',#9234,#993);
#1994=LINE('',#9236,#994);
#1995=LINE('',#9238,#995);
#1996=LINE('',#9240,#996);
#1997=LINE('',#9242,#997);
#1998=LINE('',#9244,#998);
#1999=LINE('',#9246,#999);
#2000=LINE('',#9248,#1000);
#2001=LINE('',#9250,#1001);
#2002=LINE('',#9252,#1002);
#2003=LINE('',#9254,#1003);
#2004=LINE('',#9256,#1004);
#2005=LINE('',#9259,#1005);
#2006=LINE('',#9261,#1006);
#2007=LINE('',#9263,#1007);
#2008=LINE('',#9265,#1008);
#2009=LINE('',#9267,#1009);
#2010=LINE('',#9269,#1010);
#2011=LINE('',#9271,#1011);
#2012=LINE('',#9272,#1012);
#2013=LINE('',#9274,#1013);
#2014=LINE('',#9275,#1014);
#2015=LINE('',#9277,#1015);
#2016=LINE('',#9279,#1016);
#2017=LINE('',#9281,#1017);
#2018=LINE('',#9283,#1018);
#2019=LINE('',#9285,#1019);
#2020=LINE('',#9287,#1020);
#2021=LINE('',#9289,#1021);
#2022=LINE('',#9291,#1022);
#2023=LINE('',#9294,#1023);
#2024=LINE('',#9296,#1024);
#2025=LINE('',#9298,#1025);
#2026=LINE('',#9300,#1026);
#2027=LINE('',#9302,#1027);
#2028=LINE('',#9303,#1028);
#2029=LINE('',#9304,#1029);
#2030=LINE('',#9307,#1030);
#2031=LINE('',#9309,#1031);
#2032=LINE('',#9311,#1032);
#2033=LINE('',#9312,#1033);
#2034=LINE('',#9315,#1034);
#2035=LINE('',#9317,#1035);
#2036=LINE('',#9319,#1036);
#2037=LINE('',#9321,#1037);
#2038=LINE('',#9324,#1038);
#2039=LINE('',#9326,#1039);
#2040=LINE('',#9328,#1040);
#2041=LINE('',#9329,#1041);
#2042=LINE('',#9332,#1042);
#2043=LINE('',#9334,#1043);
#2044=LINE('',#9336,#1044);
#2045=LINE('',#9337,#1045);
#2046=LINE('',#9340,#1046);
#2047=LINE('',#9341,#1047);
#2048=LINE('',#9343,#1048);
#2049=LINE('',#9345,#1049);
#2050=LINE('',#9347,#1050);
#2051=LINE('',#9349,#1051);
#2052=LINE('',#9352,#1052);
#2053=LINE('',#9354,#1053);
#2054=LINE('',#9356,#1054);
#2055=LINE('',#9358,#1055);
#2056=LINE('',#9360,#1056);
#2057=LINE('',#9362,#1057);
#2058=LINE('',#9364,#1058);
#2059=LINE('',#9366,#1059);
#2060=LINE('',#9368,#1060);
#2061=LINE('',#9370,#1061);
#2062=LINE('',#9372,#1062);
#2063=LINE('',#9374,#1063);
#2064=LINE('',#9377,#1064);
#2065=LINE('',#9379,#1065);
#2066=LINE('',#9381,#1066);
#2067=LINE('',#9383,#1067);
#2068=LINE('',#9385,#1068);
#2069=LINE('',#9387,#1069);
#2070=LINE('',#9389,#1070);
#2071=LINE('',#9391,#1071);
#2072=LINE('',#9393,#1072);
#2073=LINE('',#9395,#1073);
#2074=LINE('',#9397,#1074);
#2075=LINE('',#9399,#1075);
#2076=LINE('',#9401,#1076);
#2077=LINE('',#9403,#1077);
#2078=LINE('',#9405,#1078);
#2079=LINE('',#9407,#1079);
#2080=LINE('',#9409,#1080);
#2081=LINE('',#9411,#1081);
#2082=LINE('',#9413,#1082);
#2083=LINE('',#9415,#1083);
#2084=LINE('',#9417,#1084);
#2085=LINE('',#9419,#1085);
#2086=LINE('',#9422,#1086);
#2087=LINE('',#9424,#1087);
#2088=LINE('',#9425,#1088);
#2089=LINE('',#9427,#1089);
#2090=LINE('',#9429,#1090);
#2091=LINE('',#9431,#1091);
#2092=LINE('',#9433,#1092);
#2093=LINE('',#9435,#1093);
#2094=LINE('',#9437,#1094);
#2095=LINE('',#9439,#1095);
#2096=LINE('',#9441,#1096);
#2097=LINE('',#9443,#1097);
#2098=LINE('',#9445,#1098);
#2099=LINE('',#9447,#1099);
#2100=LINE('',#9449,#1100);
#2101=LINE('',#9451,#1101);
#2102=LINE('',#9453,#1102);
#2103=LINE('',#9455,#1103);
#2104=LINE('',#9457,#1104);
#2105=LINE('',#9459,#1105);
#2106=LINE('',#9461,#1106);
#2107=LINE('',#9463,#1107);
#2108=LINE('',#9465,#1108);
#2109=LINE('',#9467,#1109);
#2110=LINE('',#9469,#1110);
#2111=LINE('',#9471,#1111);
#2112=LINE('',#9473,#1112);
#2113=LINE('',#9475,#1113);
#2114=LINE('',#9477,#1114);
#2115=LINE('',#9479,#1115);
#2116=LINE('',#9481,#1116);
#2117=LINE('',#9483,#1117);
#2118=LINE('',#9485,#1118);
#2119=LINE('',#9487,#1119);
#2120=LINE('',#9489,#1120);
#2121=LINE('',#9491,#1121);
#2122=LINE('',#9493,#1122);
#2123=LINE('',#9495,#1123);
#2124=LINE('',#9497,#1124);
#2125=LINE('',#9499,#1125);
#2126=LINE('',#9501,#1126);
#2127=LINE('',#9503,#1127);
#2128=LINE('',#9505,#1128);
#2129=LINE('',#9507,#1129);
#2130=LINE('',#9509,#1130);
#2131=LINE('',#9511,#1131);
#2132=LINE('',#9513,#1132);
#2133=LINE('',#9515,#1133);
#2134=LINE('',#9517,#1134);
#2135=LINE('',#9519,#1135);
#2136=LINE('',#9521,#1136);
#2137=LINE('',#9523,#1137);
#2138=LINE('',#9525,#1138);
#2139=LINE('',#9527,#1139);
#2140=LINE('',#9529,#1140);
#2141=LINE('',#9531,#1141);
#2142=LINE('',#9533,#1142);
#2143=LINE('',#9535,#1143);
#2144=LINE('',#9537,#1144);
#2145=LINE('',#9539,#1145);
#2146=LINE('',#9541,#1146);
#2147=LINE('',#9543,#1147);
#2148=LINE('',#9546,#1148);
#2149=LINE('',#9548,#1149);
#2150=LINE('',#9550,#1150);
#2151=LINE('',#9552,#1151);
#2152=LINE('',#9554,#1152);
#2153=LINE('',#9555,#1153);
#2154=LINE('',#9556,#1154);
#2155=LINE('',#9558,#1155);
#2156=LINE('',#9559,#1156);
#2157=LINE('',#9561,#1157);
#2158=LINE('',#9563,#1158);
#2159=LINE('',#9565,#1159);
#2160=LINE('',#9567,#1160);
#2161=LINE('',#9569,#1161);
#2162=LINE('',#9571,#1162);
#2163=LINE('',#9573,#1163);
#2164=LINE('',#9575,#1164);
#2165=LINE('',#9577,#1165);
#2166=LINE('',#9579,#1166);
#2167=LINE('',#9581,#1167);
#2168=LINE('',#9583,#1168);
#2169=LINE('',#9586,#1169);
#2170=LINE('',#9587,#1170);
#2171=LINE('',#9589,#1171);
#2172=LINE('',#9591,#1172);
#2173=LINE('',#9593,#1173);
#2174=LINE('',#9595,#1174);
#2175=LINE('',#9596,#1175);
#2176=LINE('',#9598,#1176);
#2177=LINE('',#9600,#1177);
#2178=LINE('',#9601,#1178);
#2179=LINE('',#9603,#1179);
#2180=LINE('',#9605,#1180);
#2181=LINE('',#9607,#1181);
#2182=LINE('',#9609,#1182);
#2183=LINE('',#9611,#1183);
#2184=LINE('',#9613,#1184);
#2185=LINE('',#9615,#1185);
#2186=LINE('',#9617,#1186);
#2187=LINE('',#9620,#1187);
#2188=LINE('',#9622,#1188);
#2189=LINE('',#9624,#1189);
#2190=LINE('',#9625,#1190);
#2191=LINE('',#9628,#1191);
#2192=LINE('',#9630,#1192);
#2193=LINE('',#9632,#1193);
#2194=LINE('',#9633,#1194);
#2195=LINE('',#9636,#1195);
#2196=LINE('',#9637,#1196);
#2197=LINE('',#9639,#1197);
#2198=LINE('',#9641,#1198);
#2199=LINE('',#9643,#1199);
#2200=LINE('',#9645,#1200);
#2201=LINE('',#9648,#1201);
#2202=LINE('',#9650,#1202);
#2203=LINE('',#9652,#1203);
#2204=LINE('',#9654,#1204);
#2205=LINE('',#9656,#1205);
#2206=LINE('',#9658,#1206);
#2207=LINE('',#9660,#1207);
#2208=LINE('',#9662,#1208);
#2209=LINE('',#9664,#1209);
#2210=LINE('',#9668,#1210);
#2211=LINE('',#9670,#1211);
#2212=LINE('',#9672,#1212);
#2213=LINE('',#9674,#1213);
#2214=LINE('',#9676,#1214);
#2215=LINE('',#9678,#1215);
#2216=LINE('',#9680,#1216);
#2217=LINE('',#9682,#1217);
#2218=LINE('',#9684,#1218);
#2219=LINE('',#9687,#1219);
#2220=LINE('',#9690,#1220);
#2221=LINE('',#9692,#1221);
#2222=LINE('',#9694,#1222);
#2223=LINE('',#9695,#1223);
#2224=LINE('',#9698,#1224);
#2225=LINE('',#9700,#1225);
#2226=LINE('',#9702,#1226);
#2227=LINE('',#9703,#1227);
#2228=LINE('',#9706,#1228);
#2229=LINE('',#9708,#1229);
#2230=LINE('',#9710,#1230);
#2231=LINE('',#9712,#1231);
#2232=LINE('',#9714,#1232);
#2233=LINE('',#9715,#1233);
#2234=LINE('',#9717,#1234);
#2235=LINE('',#9719,#1235);
#2236=LINE('',#9721,#1236);
#2237=LINE('',#9723,#1237);
#2238=LINE('',#9725,#1238);
#2239=LINE('',#9727,#1239);
#2240=LINE('',#9729,#1240);
#2241=LINE('',#9731,#1241);
#2242=LINE('',#9733,#1242);
#2243=LINE('',#9735,#1243);
#2244=LINE('',#9737,#1244);
#2245=LINE('',#9739,#1245);
#2246=LINE('',#9741,#1246);
#2247=LINE('',#9743,#1247);
#2248=LINE('',#9745,#1248);
#2249=LINE('',#9747,#1249);
#2250=LINE('',#9749,#1250);
#2251=LINE('',#9751,#1251);
#2252=LINE('',#9753,#1252);
#2253=LINE('',#9755,#1253);
#2254=LINE('',#9757,#1254);
#2255=LINE('',#9759,#1255);
#2256=LINE('',#9761,#1256);
#2257=LINE('',#9763,#1257);
#2258=LINE('',#9765,#1258);
#2259=LINE('',#9767,#1259);
#2260=LINE('',#9770,#1260);
#2261=LINE('',#9772,#1261);
#2262=LINE('',#9773,#1262);
#2263=LINE('',#9775,#1263);
#2264=LINE('',#9777,#1264);
#2265=LINE('',#9779,#1265);
#2266=LINE('',#9781,#1266);
#2267=LINE('',#9783,#1267);
#2268=LINE('',#9785,#1268);
#2269=LINE('',#9787,#1269);
#2270=LINE('',#9789,#1270);
#2271=LINE('',#9791,#1271);
#2272=LINE('',#9793,#1272);
#2273=LINE('',#9795,#1273);
#2274=LINE('',#9797,#1274);
#2275=LINE('',#9799,#1275);
#2276=LINE('',#9801,#1276);
#2277=LINE('',#9803,#1277);
#2278=LINE('',#9805,#1278);
#2279=LINE('',#9807,#1279);
#2280=LINE('',#9809,#1280);
#2281=LINE('',#9811,#1281);
#2282=LINE('',#9813,#1282);
#2283=LINE('',#9815,#1283);
#2284=LINE('',#9817,#1284);
#2285=LINE('',#9819,#1285);
#2286=LINE('',#9821,#1286);
#2287=LINE('',#9823,#1287);
#2288=LINE('',#9825,#1288);
#2289=LINE('',#9827,#1289);
#2290=LINE('',#9829,#1290);
#2291=LINE('',#9831,#1291);
#2292=LINE('',#9833,#1292);
#2293=LINE('',#9835,#1293);
#2294=LINE('',#9837,#1294);
#2295=LINE('',#9839,#1295);
#2296=LINE('',#9841,#1296);
#2297=LINE('',#9843,#1297);
#2298=LINE('',#9845,#1298);
#2299=LINE('',#9847,#1299);
#2300=LINE('',#9849,#1300);
#2301=LINE('',#9851,#1301);
#2302=LINE('',#9853,#1302);
#2303=LINE('',#9855,#1303);
#2304=LINE('',#9857,#1304);
#2305=LINE('',#9859,#1305);
#2306=LINE('',#9861,#1306);
#2307=LINE('',#9863,#1307);
#2308=LINE('',#9865,#1308);
#2309=LINE('',#9867,#1309);
#2310=LINE('',#9869,#1310);
#2311=LINE('',#9871,#1311);
#2312=LINE('',#9873,#1312);
#2313=LINE('',#9875,#1313);
#2314=LINE('',#9877,#1314);
#2315=LINE('',#9879,#1315);
#2316=LINE('',#9881,#1316);
#2317=LINE('',#9883,#1317);
#2318=LINE('',#9885,#1318);
#2319=LINE('',#9887,#1319);
#2320=LINE('',#9889,#1320);
#2321=LINE('',#9891,#1321);
#2322=LINE('',#9893,#1322);
#2323=LINE('',#9896,#1323);
#2324=LINE('',#9898,#1324);
#2325=LINE('',#9900,#1325);
#2326=LINE('',#9902,#1326);
#2327=LINE('',#9904,#1327);
#2328=LINE('',#9905,#1328);
#2329=LINE('',#9906,#1329);
#2330=LINE('',#9908,#1330);
#2331=LINE('',#9910,#1331);
#2332=LINE('',#9911,#1332);
#2333=LINE('',#9913,#1333);
#2334=LINE('',#9915,#1334);
#2335=LINE('',#9917,#1335);
#2336=LINE('',#9919,#1336);
#2337=LINE('',#9921,#1337);
#2338=LINE('',#9923,#1338);
#2339=LINE('',#9925,#1339);
#2340=LINE('',#9927,#1340);
#2341=LINE('',#9930,#1341);
#2342=LINE('',#9931,#1342);
#2343=LINE('',#9933,#1343);
#2344=LINE('',#9935,#1344);
#2345=LINE('',#9937,#1345);
#2346=LINE('',#9939,#1346);
#2347=LINE('',#9940,#1347);
#2348=LINE('',#9942,#1348);
#2349=LINE('',#9944,#1349);
#2350=LINE('',#9945,#1350);
#2351=LINE('',#9947,#1351);
#2352=LINE('',#9949,#1352);
#2353=LINE('',#9951,#1353);
#2354=LINE('',#9953,#1354);
#2355=LINE('',#9955,#1355);
#2356=LINE('',#9957,#1356);
#2357=LINE('',#9959,#1357);
#2358=LINE('',#9961,#1358);
#2359=LINE('',#9963,#1359);
#2360=LINE('',#9965,#1360);
#2361=LINE('',#9967,#1361);
#2362=LINE('',#9970,#1362);
#2363=LINE('',#9972,#1363);
#2364=LINE('',#9974,#1364);
#2365=LINE('',#9976,#1365);
#2366=LINE('',#9978,#1366);
#2367=LINE('',#9980,#1367);
#2368=LINE('',#9982,#1368);
#2369=LINE('',#9984,#1369);
#2370=LINE('',#9986,#1370);
#2371=LINE('',#9989,#1371);
#2372=LINE('',#9992,#1372);
#2373=LINE('',#9994,#1373);
#2374=LINE('',#9996,#1374);
#2375=LINE('',#9997,#1375);
#2376=LINE('',#10000,#1376);
#2377=LINE('',#10002,#1377);
#2378=LINE('',#10004,#1378);
#2379=LINE('',#10005,#1379);
#2380=LINE('',#10008,#1380);
#2381=LINE('',#10010,#1381);
#2382=LINE('',#10012,#1382);
#2383=LINE('',#10014,#1383);
#2384=LINE('',#10016,#1384);
#2385=LINE('',#10017,#1385);
#2386=LINE('',#10019,#1386);
#2387=LINE('',#10021,#1387);
#2388=LINE('',#10023,#1388);
#2389=LINE('',#10025,#1389);
#2390=LINE('',#10027,#1390);
#2391=LINE('',#10029,#1391);
#2392=LINE('',#10031,#1392);
#2393=LINE('',#10033,#1393);
#2394=LINE('',#10035,#1394);
#2395=LINE('',#10039,#1395);
#2396=LINE('',#10042,#1396);
#2397=LINE('',#10043,#1397);
#2398=LINE('',#10045,#1398);
#2399=LINE('',#10047,#1399);
#2400=LINE('',#10049,#1400);
#2401=LINE('',#10051,#1401);
#2402=LINE('',#10052,#1402);
#2403=LINE('',#10055,#1403);
#2404=LINE('',#10057,#1404);
#2405=LINE('',#10059,#1405);
#2406=LINE('',#10060,#1406);
#2407=LINE('',#10063,#1407);
#2408=LINE('',#10065,#1408);
#2409=LINE('',#10067,#1409);
#2410=LINE('',#10069,#1410);
#2411=LINE('',#10071,#1411);
#2412=LINE('',#10073,#1412);
#2413=LINE('',#10075,#1413);
#2414=LINE('',#10077,#1414);
#2415=LINE('',#10079,#1415);
#2416=LINE('',#10081,#1416);
#2417=LINE('',#10083,#1417);
#2418=LINE('',#10085,#1418);
#2419=LINE('',#10087,#1419);
#2420=LINE('',#10089,#1420);
#2421=LINE('',#10091,#1421);
#2422=LINE('',#10093,#1422);
#2423=LINE('',#10095,#1423);
#2424=LINE('',#10097,#1424);
#2425=LINE('',#10099,#1425);
#2426=LINE('',#10101,#1426);
#2427=LINE('',#10103,#1427);
#2428=LINE('',#10105,#1428);
#2429=LINE('',#10107,#1429);
#2430=LINE('',#10109,#1430);
#2431=LINE('',#10111,#1431);
#2432=LINE('',#10113,#1432);
#2433=LINE('',#10115,#1433);
#2434=LINE('',#10117,#1434);
#2435=LINE('',#10119,#1435);
#2436=LINE('',#10122,#1436);
#2437=LINE('',#10124,#1437);
#2438=LINE('',#10125,#1438);
#2439=LINE('',#10127,#1439);
#2440=LINE('',#10129,#1440);
#2441=LINE('',#10131,#1441);
#2442=LINE('',#10133,#1442);
#2443=LINE('',#10135,#1443);
#2444=LINE('',#10137,#1444);
#2445=LINE('',#10139,#1445);
#2446=LINE('',#10141,#1446);
#2447=LINE('',#10143,#1447);
#2448=LINE('',#10145,#1448);
#2449=LINE('',#10147,#1449);
#2450=LINE('',#10149,#1450);
#2451=LINE('',#10151,#1451);
#2452=LINE('',#10153,#1452);
#2453=LINE('',#10155,#1453);
#2454=LINE('',#10157,#1454);
#2455=LINE('',#10159,#1455);
#2456=LINE('',#10161,#1456);
#2457=LINE('',#10163,#1457);
#2458=LINE('',#10165,#1458);
#2459=LINE('',#10167,#1459);
#2460=LINE('',#10169,#1460);
#2461=LINE('',#10171,#1461);
#2462=LINE('',#10173,#1462);
#2463=LINE('',#10175,#1463);
#2464=LINE('',#10177,#1464);
#2465=LINE('',#10179,#1465);
#2466=LINE('',#10181,#1466);
#2467=LINE('',#10183,#1467);
#2468=LINE('',#10185,#1468);
#2469=LINE('',#10187,#1469);
#2470=LINE('',#10189,#1470);
#2471=LINE('',#10191,#1471);
#2472=LINE('',#10193,#1472);
#2473=LINE('',#10195,#1473);
#2474=LINE('',#10197,#1474);
#2475=LINE('',#10199,#1475);
#2476=LINE('',#10201,#1476);
#2477=LINE('',#10203,#1477);
#2478=LINE('',#10205,#1478);
#2479=LINE('',#10207,#1479);
#2480=LINE('',#10209,#1480);
#2481=LINE('',#10211,#1481);
#2482=LINE('',#10213,#1482);
#2483=LINE('',#10215,#1483);
#2484=LINE('',#10217,#1484);
#2485=LINE('',#10219,#1485);
#2486=LINE('',#10221,#1486);
#2487=LINE('',#10223,#1487);
#2488=LINE('',#10225,#1488);
#2489=LINE('',#10227,#1489);
#2490=LINE('',#10229,#1490);
#2491=LINE('',#10231,#1491);
#2492=LINE('',#10233,#1492);
#2493=LINE('',#10235,#1493);
#2494=LINE('',#10237,#1494);
#2495=LINE('',#10240,#1495);
#2496=LINE('',#10242,#1496);
#2497=LINE('',#10244,#1497);
#2498=LINE('',#10246,#1498);
#2499=LINE('',#10248,#1499);
#2500=LINE('',#10249,#1500);
#2501=LINE('',#10250,#1501);
#2502=LINE('',#10252,#1502);
#2503=LINE('',#10254,#1503);
#2504=LINE('',#10255,#1504);
#2505=LINE('',#10257,#1505);
#2506=LINE('',#10259,#1506);
#2507=LINE('',#10261,#1507);
#2508=LINE('',#10263,#1508);
#2509=LINE('',#10265,#1509);
#2510=LINE('',#10267,#1510);
#2511=LINE('',#10269,#1511);
#2512=LINE('',#10271,#1512);
#2513=LINE('',#10273,#1513);
#2514=LINE('',#10275,#1514);
#2515=LINE('',#10277,#1515);
#2516=LINE('',#10279,#1516);
#2517=LINE('',#10282,#1517);
#2518=LINE('',#10283,#1518);
#2519=LINE('',#10285,#1519);
#2520=LINE('',#10287,#1520);
#2521=LINE('',#10289,#1521);
#2522=LINE('',#10291,#1522);
#2523=LINE('',#10292,#1523);
#2524=LINE('',#10294,#1524);
#2525=LINE('',#10296,#1525);
#2526=LINE('',#10297,#1526);
#2527=LINE('',#10299,#1527);
#2528=LINE('',#10301,#1528);
#2529=LINE('',#10303,#1529);
#2530=LINE('',#10305,#1530);
#2531=LINE('',#10307,#1531);
#2532=LINE('',#10309,#1532);
#2533=LINE('',#10311,#1533);
#2534=LINE('',#10313,#1534);
#2535=LINE('',#10315,#1535);
#2536=LINE('',#10317,#1536);
#2537=LINE('',#10319,#1537);
#2538=LINE('',#10321,#1538);
#2539=LINE('',#10323,#1539);
#2540=LINE('',#10325,#1540);
#2541=LINE('',#10327,#1541);
#2542=LINE('',#10329,#1542);
#2543=LINE('',#10331,#1543);
#2544=LINE('',#10333,#1544);
#2545=LINE('',#10335,#1545);
#2546=LINE('',#10337,#1546);
#2547=LINE('',#10341,#1547);
#2548=LINE('',#10344,#1548);
#2549=LINE('',#10345,#1549);
#2550=LINE('',#10347,#1550);
#2551=LINE('',#10349,#1551);
#2552=LINE('',#10351,#1552);
#2553=LINE('',#10353,#1553);
#2554=LINE('',#10354,#1554);
#2555=LINE('',#10357,#1555);
#2556=LINE('',#10359,#1556);
#2557=LINE('',#10361,#1557);
#2558=LINE('',#10362,#1558);
#2559=LINE('',#10365,#1559);
#2560=LINE('',#10367,#1560);
#2561=LINE('',#10369,#1561);
#2562=LINE('',#10371,#1562);
#2563=LINE('',#10373,#1563);
#2564=LINE('',#10375,#1564);
#2565=LINE('',#10377,#1565);
#2566=LINE('',#10379,#1566);
#2567=LINE('',#10381,#1567);
#2568=LINE('',#10383,#1568);
#2569=LINE('',#10385,#1569);
#2570=LINE('',#10387,#1570);
#2571=LINE('',#10391,#1571);
#2572=LINE('',#10394,#1572);
#2573=LINE('',#10396,#1573);
#2574=LINE('',#10398,#1574);
#2575=LINE('',#10400,#1575);
#2576=LINE('',#10402,#1576);
#2577=LINE('',#10403,#1577);
#2578=LINE('',#10404,#1578);
#2579=LINE('',#10407,#1579);
#2580=LINE('',#10409,#1580);
#2581=LINE('',#10411,#1581);
#2582=LINE('',#10412,#1582);
#2583=LINE('',#10415,#1583);
#2584=LINE('',#10417,#1584);
#2585=LINE('',#10419,#1585);
#2586=LINE('',#10421,#1586);
#2587=LINE('',#10423,#1587);
#2588=LINE('',#10425,#1588);
#2589=LINE('',#10427,#1589);
#2590=LINE('',#10429,#1590);
#2591=LINE('',#10431,#1591);
#2592=LINE('',#10433,#1592);
#2593=LINE('',#10435,#1593);
#2594=LINE('',#10437,#1594);
#2595=LINE('',#10439,#1595);
#2596=LINE('',#10441,#1596);
#2597=LINE('',#10443,#1597);
#2598=LINE('',#10445,#1598);
#2599=LINE('',#10447,#1599);
#2600=LINE('',#10448,#1600);
#2601=LINE('',#10450,#1601);
#2602=LINE('',#10452,#1602);
#2603=LINE('',#10454,#1603);
#2604=LINE('',#10456,#1604);
#2605=LINE('',#10458,#1605);
#2606=LINE('',#10460,#1606);
#2607=LINE('',#10462,#1607);
#2608=LINE('',#10464,#1608);
#2609=LINE('',#10466,#1609);
#2610=LINE('',#10468,#1610);
#2611=LINE('',#10471,#1611);
#2612=LINE('',#10473,#1612);
#2613=LINE('',#10474,#1613);
#2614=LINE('',#10476,#1614);
#2615=LINE('',#10478,#1615);
#2616=LINE('',#10480,#1616);
#2617=LINE('',#10482,#1617);
#2618=LINE('',#10484,#1618);
#2619=LINE('',#10486,#1619);
#2620=LINE('',#10488,#1620);
#2621=LINE('',#10489,#1621);
#2622=LINE('',#10491,#1622);
#2623=LINE('',#10493,#1623);
#2624=LINE('',#10495,#1624);
#2625=LINE('',#10497,#1625);
#2626=LINE('',#10499,#1626);
#2627=LINE('',#10501,#1627);
#2628=LINE('',#10503,#1628);
#2629=LINE('',#10505,#1629);
#2630=LINE('',#10507,#1630);
#2631=LINE('',#10509,#1631);
#2632=LINE('',#10511,#1632);
#2633=LINE('',#10513,#1633);
#2634=LINE('',#10515,#1634);
#2635=LINE('',#10517,#1635);
#2636=LINE('',#10519,#1636);
#2637=LINE('',#10521,#1637);
#2638=LINE('',#10523,#1638);
#2639=LINE('',#10525,#1639);
#2640=LINE('',#10527,#1640);
#2641=LINE('',#10529,#1641);
#2642=LINE('',#10531,#1642);
#2643=LINE('',#10533,#1643);
#2644=LINE('',#10535,#1644);
#2645=LINE('',#10537,#1645);
#2646=LINE('',#10539,#1646);
#2647=LINE('',#10541,#1647);
#2648=LINE('',#10543,#1648);
#2649=LINE('',#10545,#1649);
#2650=LINE('',#10547,#1650);
#2651=LINE('',#10549,#1651);
#2652=LINE('',#10551,#1652);
#2653=LINE('',#10553,#1653);
#2654=LINE('',#10555,#1654);
#2655=LINE('',#10557,#1655);
#2656=LINE('',#10559,#1656);
#2657=LINE('',#10561,#1657);
#2658=LINE('',#10563,#1658);
#2659=LINE('',#10565,#1659);
#2660=LINE('',#10567,#1660);
#2661=LINE('',#10569,#1661);
#2662=LINE('',#10571,#1662);
#2663=LINE('',#10574,#1663);
#2664=LINE('',#10576,#1664);
#2665=LINE('',#10578,#1665);
#2666=LINE('',#10580,#1666);
#2667=LINE('',#10582,#1667);
#2668=LINE('',#10583,#1668);
#2669=LINE('',#10584,#1669);
#2670=LINE('',#10586,#1670);
#2671=LINE('',#10588,#1671);
#2672=LINE('',#10589,#1672);
#2673=LINE('',#10591,#1673);
#2674=LINE('',#10593,#1674);
#2675=LINE('',#10595,#1675);
#2676=LINE('',#10597,#1676);
#2677=LINE('',#10599,#1677);
#2678=LINE('',#10601,#1678);
#2679=LINE('',#10603,#1679);
#2680=LINE('',#10605,#1680);
#2681=LINE('',#10607,#1681);
#2682=LINE('',#10610,#1682);
#2683=LINE('',#10611,#1683);
#2684=LINE('',#10613,#1684);
#2685=LINE('',#10615,#1685);
#2686=LINE('',#10617,#1686);
#2687=LINE('',#10619,#1687);
#2688=LINE('',#10620,#1688);
#2689=LINE('',#10622,#1689);
#2690=LINE('',#10624,#1690);
#2691=LINE('',#10625,#1691);
#2692=LINE('',#10627,#1692);
#2693=LINE('',#10629,#1693);
#2694=LINE('',#10631,#1694);
#2695=LINE('',#10633,#1695);
#2696=LINE('',#10635,#1696);
#2697=LINE('',#10637,#1697);
#2698=LINE('',#10639,#1698);
#2699=LINE('',#10641,#1699);
#2700=LINE('',#10643,#1700);
#2701=LINE('',#10645,#1701);
#2702=LINE('',#10647,#1702);
#2703=LINE('',#10649,#1703);
#2704=LINE('',#10651,#1704);
#2705=LINE('',#10653,#1705);
#2706=LINE('',#10655,#1706);
#2707=LINE('',#10656,#1707);
#2708=LINE('',#10660,#1708);
#2709=LINE('',#10662,#1709);
#2710=LINE('',#10664,#1710);
#2711=LINE('',#10666,#1711);
#2712=LINE('',#10668,#1712);
#2713=LINE('',#10670,#1713);
#2714=LINE('',#10672,#1714);
#2715=LINE('',#10674,#1715);
#2716=LINE('',#10676,#1716);
#2717=LINE('',#10680,#1717);
#2718=LINE('',#10682,#1718);
#2719=LINE('',#10684,#1719);
#2720=LINE('',#10686,#1720);
#2721=LINE('',#10688,#1721);
#2722=LINE('',#10690,#1722);
#2723=LINE('',#10692,#1723);
#2724=LINE('',#10694,#1724);
#2725=LINE('',#10696,#1725);
#2726=LINE('',#10698,#1726);
#2727=LINE('',#10699,#1727);
#2728=LINE('',#10701,#1728);
#2729=LINE('',#10703,#1729);
#2730=LINE('',#10705,#1730);
#2731=LINE('',#10707,#1731);
#2732=LINE('',#10709,#1732);
#2733=LINE('',#10711,#1733);
#2734=LINE('',#10713,#1734);
#2735=LINE('',#10715,#1735);
#2736=LINE('',#10717,#1736);
#2737=LINE('',#10719,#1737);
#2738=LINE('',#10721,#1738);
#2739=LINE('',#10723,#1739);
#2740=LINE('',#10725,#1740);
#2741=LINE('',#10727,#1741);
#2742=LINE('',#10729,#1742);
#2743=LINE('',#10731,#1743);
#2744=LINE('',#10733,#1744);
#2745=LINE('',#10735,#1745);
#2746=LINE('',#10737,#1746);
#2747=LINE('',#10739,#1747);
#2748=LINE('',#10741,#1748);
#2749=LINE('',#10743,#1749);
#2750=LINE('',#10745,#1750);
#2751=LINE('',#10747,#1751);
#2752=LINE('',#10749,#1752);
#2753=LINE('',#10751,#1753);
#2754=LINE('',#10753,#1754);
#2755=LINE('',#10755,#1755);
#2756=LINE('',#10757,#1756);
#2757=LINE('',#10759,#1757);
#2758=LINE('',#10761,#1758);
#2759=LINE('',#10763,#1759);
#2760=LINE('',#10765,#1760);
#2761=LINE('',#10767,#1761);
#2762=LINE('',#10769,#1762);
#2763=LINE('',#10771,#1763);
#2764=LINE('',#10773,#1764);
#2765=LINE('',#10775,#1765);
#2766=LINE('',#10777,#1766);
#2767=LINE('',#10779,#1767);
#2768=LINE('',#10781,#1768);
#2769=LINE('',#10783,#1769);
#2770=LINE('',#10785,#1770);
#2771=LINE('',#10787,#1771);
#2772=LINE('',#10789,#1772);
#2773=LINE('',#10791,#1773);
#2774=LINE('',#10793,#1774);
#2775=LINE('',#10795,#1775);
#2776=LINE('',#10797,#1776);
#2777=LINE('',#10799,#1777);
#2778=LINE('',#10801,#1778);
#2779=LINE('',#10803,#1779);
#2780=LINE('',#10805,#1780);
#2781=LINE('',#10807,#1781);
#2782=LINE('',#10809,#1782);
#2783=LINE('',#10811,#1783);
#2784=LINE('',#10813,#1784);
#2785=LINE('',#10815,#1785);
#2786=LINE('',#10817,#1786);
#2787=LINE('',#10819,#1787);
#2788=LINE('',#10821,#1788);
#2789=LINE('',#10823,#1789);
#2790=LINE('',#10825,#1790);
#2791=LINE('',#10827,#1791);
#2792=LINE('',#10829,#1792);
#2793=LINE('',#10831,#1793);
#2794=LINE('',#10833,#1794);
#2795=LINE('',#10835,#1795);
#2796=LINE('',#10837,#1796);
#2797=LINE('',#10839,#1797);
#2798=LINE('',#10841,#1798);
#2799=LINE('',#10843,#1799);
#2800=LINE('',#10845,#1800);
#2801=LINE('',#10850,#1801);
#2802=LINE('',#10853,#1802);
#2803=LINE('',#10855,#1803);
#2804=LINE('',#10857,#1804);
#2805=LINE('',#10859,#1805);
#2806=LINE('',#10861,#1806);
#2807=LINE('',#10863,#1807);
#2808=LINE('',#10865,#1808);
#2809=LINE('',#10868,#1809);
#2810=LINE('',#10869,#1810);
#2811=LINE('',#10871,#1811);
#2812=LINE('',#10872,#1812);
#2813=LINE('',#10874,#1813);
#2814=LINE('',#10876,#1814);
#2815=LINE('',#10878,#1815);
#2816=LINE('',#10880,#1816);
#2817=LINE('',#10882,#1817);
#2818=LINE('',#10884,#1818);
#2819=LINE('',#10886,#1819);
#2820=LINE('',#10888,#1820);
#2821=LINE('',#10891,#1821);
#2822=LINE('',#10894,#1822);
#2823=LINE('',#10896,#1823);
#2824=LINE('',#10898,#1824);
#2825=LINE('',#10900,#1825);
#2826=LINE('',#10901,#1826);
#2827=LINE('',#10903,#1827);
#2828=LINE('',#10905,#1828);
#2829=EDGE_CURVE('',#205,#206,#1829,.T.);
#2830=EDGE_CURVE('',#207,#205,#1830,.T.);
#2831=EDGE_CURVE('',#208,#207,#1831,.T.);
#2832=EDGE_CURVE('',#206,#208,#1832,.T.);
#2833=EDGE_CURVE('',#209,#210,#1833,.T.);
#2834=EDGE_CURVE('',#211,#209,#1834,.T.);
#2835=EDGE_CURVE('',#212,#211,#1835,.T.);
#2836=EDGE_CURVE('',#210,#212,#1836,.T.);
#2837=EDGE_CURVE('',#208,#213,#1837,.T.);
#2838=EDGE_CURVE('',#214,#213,#1838,.T.);
#2839=EDGE_CURVE('',#214,#206,#1839,.T.);
#2840=EDGE_CURVE('',#215,#207,#1840,.T.);
#2841=EDGE_CURVE('',#215,#213,#1841,.T.);
#2842=EDGE_CURVE('',#212,#216,#1842,.T.);
#2843=EDGE_CURVE('',#216,#217,#1843,.T.);
#2844=EDGE_CURVE('',#217,#210,#1844,.T.);
#2845=EDGE_CURVE('',#218,#211,#1845,.T.);
#2846=EDGE_CURVE('',#218,#216,#1846,.T.);
#2847=EDGE_CURVE('',#219,#215,#1847,.T.);
#2848=EDGE_CURVE('',#220,#219,#1848,.T.);
#2849=EDGE_CURVE('',#213,#220,#1849,.T.);
#2850=EDGE_CURVE('',#221,#222,#1850,.T.);
#2851=EDGE_CURVE('',#220,#221,#1851,.T.);
#2852=EDGE_CURVE('',#223,#219,#1852,.T.);
#2853=EDGE_CURVE('',#224,#223,#1853,.T.);
#2854=EDGE_CURVE('',#225,#224,#1854,.T.);
#2855=EDGE_CURVE('',#225,#226,#1855,.T.);
#2856=EDGE_CURVE('',#222,#226,#1856,.T.);
#2857=EDGE_CURVE('',#227,#228,#1857,.T.);
#2858=EDGE_CURVE('',#228,#229,#1858,.T.);
#2859=EDGE_CURVE('',#229,#230,#1859,.T.);
#2860=EDGE_CURVE('',#230,#227,#1860,.T.);
#2861=EDGE_CURVE('',#231,#232,#1861,.T.);
#2862=EDGE_CURVE('',#232,#233,#1862,.T.);
#2863=EDGE_CURVE('',#233,#234,#1863,.T.);
#2864=EDGE_CURVE('',#234,#231,#1864,.T.);
#2865=EDGE_CURVE('',#235,#214,#1865,.T.);
#2866=EDGE_CURVE('',#236,#235,#1866,.T.);
#2867=EDGE_CURVE('',#237,#236,#1867,.T.);
#2868=EDGE_CURVE('',#205,#237,#1868,.T.);
#2869=EDGE_CURVE('',#226,#238,#1869,.T.);
#2870=EDGE_CURVE('',#239,#225,#1870,.T.);
#2871=EDGE_CURVE('',#238,#239,#1871,.T.);
#2872=EDGE_CURVE('',#229,#240,#1872,.T.);
#2873=EDGE_CURVE('',#241,#228,#1873,.T.);
#2874=EDGE_CURVE('',#240,#241,#1874,.T.);
#2875=EDGE_CURVE('',#233,#242,#1875,.T.);
#2876=EDGE_CURVE('',#243,#232,#1876,.T.);
#2877=EDGE_CURVE('',#242,#243,#1877,.T.);
#2878=EDGE_CURVE('',#236,#244,#1878,.T.);
#2879=EDGE_CURVE('',#245,#235,#1879,.T.);
#2880=EDGE_CURVE('',#244,#245,#1880,.T.);
#2881=EDGE_CURVE('',#246,#239,#1881,.T.);
#2882=EDGE_CURVE('',#246,#247,#1882,.T.);
#2883=EDGE_CURVE('',#238,#247,#1883,.T.);
#2884=EDGE_CURVE('',#241,#248,#1884,.T.);
#2885=EDGE_CURVE('',#248,#249,#1885,.T.);
#2886=EDGE_CURVE('',#249,#240,#1886,.T.);
#2887=EDGE_CURVE('',#250,#240,#1887,.T.);
#2888=EDGE_CURVE('',#230,#250,#1888,.T.);
#2889=EDGE_CURVE('',#251,#227,#1889,.T.);
#2890=EDGE_CURVE('',#241,#251,#1890,.T.);
#2891=EDGE_CURVE('',#252,#242,#1891,.T.);
#2892=EDGE_CURVE('',#243,#253,#1892,.T.);
#2893=EDGE_CURVE('',#253,#252,#1893,.T.);
#2894=EDGE_CURVE('',#234,#254,#1894,.T.);
#2895=EDGE_CURVE('',#254,#242,#1895,.T.);
#2896=EDGE_CURVE('',#255,#231,#1896,.T.);
#2897=EDGE_CURVE('',#243,#255,#1897,.T.);
#2898=EDGE_CURVE('',#256,#257,#1898,.T.);
#2899=EDGE_CURVE('',#244,#257,#1899,.T.);
#2900=EDGE_CURVE('',#258,#245,#1900,.T.);
#2901=EDGE_CURVE('',#258,#259,#1901,.T.);
#2902=EDGE_CURVE('',#260,#259,#1902,.T.);
#2903=EDGE_CURVE('',#260,#261,#1903,.T.);
#2904=EDGE_CURVE('',#256,#261,#1904,.T.);
#2905=EDGE_CURVE('',#253,#262,#1905,.T.);
#2906=EDGE_CURVE('',#262,#263,#1906,.T.);
#2907=EDGE_CURVE('',#263,#252,#1907,.T.);
#2908=EDGE_CURVE('',#248,#264,#1908,.T.);
#2909=EDGE_CURVE('',#264,#265,#1909,.T.);
#2910=EDGE_CURVE('',#265,#249,#1910,.T.);
#2911=EDGE_CURVE('',#251,#264,#1911,.T.);
#2912=EDGE_CURVE('',#265,#250,#1912,.T.);
#2913=EDGE_CURVE('',#251,#250,#1913,.T.);
#2914=EDGE_CURVE('',#263,#254,#1914,.T.);
#2915=EDGE_CURVE('',#255,#262,#1915,.T.);
#2916=EDGE_CURVE('',#255,#254,#1916,.T.);
#2917=EDGE_CURVE('',#266,#256,#1917,.T.);
#2918=EDGE_CURVE('',#266,#267,#1918,.T.);
#2919=EDGE_CURVE('',#257,#267,#1919,.T.);
#2920=EDGE_CURVE('',#261,#268,#1920,.T.);
#2921=EDGE_CURVE('',#269,#260,#1921,.T.);
#2922=EDGE_CURVE('',#268,#269,#1922,.T.);
#2923=EDGE_CURVE('',#259,#270,#1923,.T.);
#2924=EDGE_CURVE('',#271,#258,#1924,.T.);
#2925=EDGE_CURVE('',#271,#270,#1925,.T.);
#2926=EDGE_CURVE('',#272,#273,#1926,.T.);
#2927=EDGE_CURVE('',#273,#238,#1927,.T.);
#2928=EDGE_CURVE('',#272,#247,#1928,.T.);
#2929=EDGE_CURVE('',#274,#275,#1929,.T.);
#2930=EDGE_CURVE('',#268,#274,#1930,.T.);
#2931=EDGE_CURVE('',#273,#269,#1931,.T.);
#2932=EDGE_CURVE('',#276,#272,#1932,.T.);
#2933=EDGE_CURVE('',#276,#277,#1933,.T.);
#2934=EDGE_CURVE('',#275,#277,#1934,.T.);
#2935=EDGE_CURVE('',#246,#275,#1935,.T.);
#2936=EDGE_CURVE('',#239,#274,#1936,.T.);
#2937=EDGE_CURVE('',#266,#278,#1937,.T.);
#2938=EDGE_CURVE('',#279,#278,#1938,.T.);
#2939=EDGE_CURVE('',#267,#279,#1939,.T.);
#2940=EDGE_CURVE('',#280,#270,#1940,.T.);
#2941=EDGE_CURVE('',#281,#271,#1941,.T.);
#2942=EDGE_CURVE('',#280,#281,#1942,.T.);
#2943=EDGE_CURVE('',#280,#222,#1943,.T.);
#2944=EDGE_CURVE('',#224,#278,#1944,.T.);
#2945=EDGE_CURVE('',#281,#221,#1945,.T.);
#2946=EDGE_CURVE('',#223,#279,#1946,.T.);
#2947=EDGE_CURVE('',#215,#237,#1947,.T.);
#2948=EDGE_CURVE('',#282,#283,#1948,.T.);
#2949=EDGE_CURVE('',#284,#282,#1949,.T.);
#2950=EDGE_CURVE('',#284,#285,#1950,.T.);
#2951=EDGE_CURVE('',#286,#285,#1951,.T.);
#2952=EDGE_CURVE('',#287,#286,#1952,.T.);
#2953=EDGE_CURVE('',#288,#287,#1953,.T.);
#2954=EDGE_CURVE('',#288,#289,#1954,.T.);
#2955=EDGE_CURVE('',#283,#289,#1955,.T.);
#2956=EDGE_CURVE('',#290,#291,#1956,.T.);
#2957=EDGE_CURVE('',#291,#292,#1957,.T.);
#2958=EDGE_CURVE('',#292,#293,#1958,.T.);
#2959=EDGE_CURVE('',#293,#290,#1959,.T.);
#2960=EDGE_CURVE('',#294,#295,#1960,.T.);
#2961=EDGE_CURVE('',#295,#296,#1961,.T.);
#2962=EDGE_CURVE('',#296,#297,#1962,.T.);
#2963=EDGE_CURVE('',#297,#294,#1963,.T.);
#2964=EDGE_CURVE('',#289,#298,#1964,.T.);
#2965=EDGE_CURVE('',#299,#288,#1965,.T.);
#2966=EDGE_CURVE('',#298,#299,#1966,.T.);
#2967=EDGE_CURVE('',#285,#300,#1967,.T.);
#2968=EDGE_CURVE('',#301,#284,#1968,.T.);
#2969=EDGE_CURVE('',#300,#301,#1969,.T.);
#2970=EDGE_CURVE('',#292,#302,#1970,.T.);
#2971=EDGE_CURVE('',#303,#291,#1971,.T.);
#2972=EDGE_CURVE('',#302,#303,#1972,.T.);
#2973=EDGE_CURVE('',#296,#304,#1973,.T.);
#2974=EDGE_CURVE('',#305,#295,#1974,.T.);
#2975=EDGE_CURVE('',#304,#305,#1975,.T.);
#2976=EDGE_CURVE('',#298,#306,#1976,.T.);
#2977=EDGE_CURVE('',#307,#299,#1977,.T.);
#2978=EDGE_CURVE('',#307,#306,#1978,.T.);
#2979=EDGE_CURVE('',#308,#301,#1979,.T.);
#2980=EDGE_CURVE('',#308,#309,#1980,.T.);
#2981=EDGE_CURVE('',#300,#309,#1981,.T.);
#2982=EDGE_CURVE('',#310,#302,#1982,.T.);
#2983=EDGE_CURVE('',#303,#311,#1983,.T.);
#2984=EDGE_CURVE('',#311,#310,#1984,.T.);
#2985=EDGE_CURVE('',#293,#312,#1985,.T.);
#2986=EDGE_CURVE('',#312,#302,#1986,.T.);
#2987=EDGE_CURVE('',#313,#290,#1987,.T.);
#2988=EDGE_CURVE('',#303,#313,#1988,.T.);
#2989=EDGE_CURVE('',#305,#314,#1989,.T.);
#2990=EDGE_CURVE('',#314,#315,#1990,.T.);
#2991=EDGE_CURVE('',#315,#304,#1991,.T.);
#2992=EDGE_CURVE('',#316,#304,#1992,.T.);
#2993=EDGE_CURVE('',#297,#316,#1993,.T.);
#2994=EDGE_CURVE('',#317,#294,#1994,.T.);
#2995=EDGE_CURVE('',#305,#317,#1995,.T.);
#2996=EDGE_CURVE('',#318,#307,#1996,.T.);
#2997=EDGE_CURVE('',#319,#318,#1997,.T.);
#2998=EDGE_CURVE('',#306,#319,#1998,.T.);
#2999=EDGE_CURVE('',#320,#308,#1999,.T.);
#3000=EDGE_CURVE('',#321,#320,#2000,.T.);
#3001=EDGE_CURVE('',#309,#321,#2001,.T.);
#3002=EDGE_CURVE('',#322,#312,#2002,.T.);
#3003=EDGE_CURVE('',#310,#322,#2003,.T.);
#3004=EDGE_CURVE('',#323,#324,#2004,.T.);
#3005=EDGE_CURVE('',#325,#324,#2005,.T.);
#3006=EDGE_CURVE('',#325,#326,#2006,.T.);
#3007=EDGE_CURVE('',#327,#326,#2007,.T.);
#3008=EDGE_CURVE('',#327,#328,#2008,.T.);
#3009=EDGE_CURVE('',#329,#328,#2009,.T.);
#3010=EDGE_CURVE('',#329,#330,#2010,.T.);
#3011=EDGE_CURVE('',#323,#330,#2011,.T.);
#3012=EDGE_CURVE('',#311,#331,#2012,.T.);
#3013=EDGE_CURVE('',#331,#322,#2013,.T.);
#3014=EDGE_CURVE('',#314,#332,#2014,.T.);
#3015=EDGE_CURVE('',#332,#333,#2015,.T.);
#3016=EDGE_CURVE('',#333,#315,#2016,.T.);
#3017=EDGE_CURVE('',#313,#331,#2017,.T.);
#3018=EDGE_CURVE('',#313,#312,#2018,.T.);
#3019=EDGE_CURVE('',#317,#332,#2019,.T.);
#3020=EDGE_CURVE('',#333,#316,#2020,.T.);
#3021=EDGE_CURVE('',#317,#316,#2021,.T.);
#3022=EDGE_CURVE('',#334,#335,#2022,.T.);
#3023=EDGE_CURVE('',#336,#334,#2023,.T.);
#3024=EDGE_CURVE('',#336,#337,#2024,.T.);
#3025=EDGE_CURVE('',#338,#337,#2025,.T.);
#3026=EDGE_CURVE('',#339,#338,#2026,.T.);
#3027=EDGE_CURVE('',#319,#339,#2027,.T.);
#3028=EDGE_CURVE('',#335,#318,#2028,.T.);
#3029=EDGE_CURVE('',#340,#341,#2029,.T.);
#3030=EDGE_CURVE('',#341,#342,#2030,.T.);
#3031=EDGE_CURVE('',#342,#343,#2031,.T.);
#3032=EDGE_CURVE('',#343,#340,#2032,.T.);
#3033=EDGE_CURVE('',#344,#345,#2033,.T.);
#3034=EDGE_CURVE('',#345,#346,#2034,.T.);
#3035=EDGE_CURVE('',#346,#347,#2035,.T.);
#3036=EDGE_CURVE('',#347,#344,#2036,.T.);
#3037=EDGE_CURVE('',#348,#349,#2037,.T.);
#3038=EDGE_CURVE('',#349,#350,#2038,.T.);
#3039=EDGE_CURVE('',#350,#351,#2039,.T.);
#3040=EDGE_CURVE('',#351,#348,#2040,.T.);
#3041=EDGE_CURVE('',#352,#353,#2041,.T.);
#3042=EDGE_CURVE('',#353,#354,#2042,.T.);
#3043=EDGE_CURVE('',#354,#355,#2043,.T.);
#3044=EDGE_CURVE('',#355,#352,#2044,.T.);
#3045=EDGE_CURVE('',#356,#357,#2045,.T.);
#3046=EDGE_CURVE('',#321,#356,#2046,.T.);
#3047=EDGE_CURVE('',#358,#320,#2047,.T.);
#3048=EDGE_CURVE('',#359,#358,#2048,.T.);
#3049=EDGE_CURVE('',#360,#359,#2049,.T.);
#3050=EDGE_CURVE('',#360,#361,#2050,.T.);
#3051=EDGE_CURVE('',#357,#361,#2051,.T.);
#3052=EDGE_CURVE('',#362,#323,#2052,.T.);
#3053=EDGE_CURVE('',#362,#363,#2053,.T.);
#3054=EDGE_CURVE('',#324,#363,#2054,.T.);
#3055=EDGE_CURVE('',#330,#364,#2055,.T.);
#3056=EDGE_CURVE('',#365,#329,#2056,.T.);
#3057=EDGE_CURVE('',#364,#365,#2057,.T.);
#3058=EDGE_CURVE('',#328,#366,#2058,.T.);
#3059=EDGE_CURVE('',#367,#327,#2059,.T.);
#3060=EDGE_CURVE('',#367,#366,#2060,.T.);
#3061=EDGE_CURVE('',#368,#325,#2061,.T.);
#3062=EDGE_CURVE('',#369,#368,#2062,.T.);
#3063=EDGE_CURVE('',#326,#369,#2063,.T.);
#3064=EDGE_CURVE('',#337,#370,#2064,.T.);
#3065=EDGE_CURVE('',#371,#336,#2065,.T.);
#3066=EDGE_CURVE('',#370,#371,#2066,.T.);
#3067=EDGE_CURVE('',#342,#372,#2067,.T.);
#3068=EDGE_CURVE('',#373,#341,#2068,.T.);
#3069=EDGE_CURVE('',#372,#373,#2069,.T.);
#3070=EDGE_CURVE('',#346,#374,#2070,.T.);
#3071=EDGE_CURVE('',#375,#345,#2071,.T.);
#3072=EDGE_CURVE('',#374,#375,#2072,.T.);
#3073=EDGE_CURVE('',#350,#376,#2073,.T.);
#3074=EDGE_CURVE('',#377,#349,#2074,.T.);
#3075=EDGE_CURVE('',#376,#377,#2075,.T.);
#3076=EDGE_CURVE('',#354,#378,#2076,.T.);
#3077=EDGE_CURVE('',#379,#353,#2077,.T.);
#3078=EDGE_CURVE('',#378,#379,#2078,.T.);
#3079=EDGE_CURVE('',#361,#380,#2079,.T.);
#3080=EDGE_CURVE('',#381,#360,#2080,.T.);
#3081=EDGE_CURVE('',#380,#381,#2081,.T.);
#3082=EDGE_CURVE('',#382,#362,#2082,.T.);
#3083=EDGE_CURVE('',#383,#382,#2083,.T.);
#3084=EDGE_CURVE('',#363,#383,#2084,.T.);
#3085=EDGE_CURVE('',#384,#385,#2085,.T.);
#3086=EDGE_CURVE('',#386,#384,#2086,.T.);
#3087=EDGE_CURVE('',#364,#386,#2087,.T.);
#3088=EDGE_CURVE('',#387,#365,#2088,.T.);
#3089=EDGE_CURVE('',#388,#387,#2089,.T.);
#3090=EDGE_CURVE('',#389,#388,#2090,.T.);
#3091=EDGE_CURVE('',#385,#389,#2091,.T.);
#3092=EDGE_CURVE('',#366,#390,#2092,.T.);
#3093=EDGE_CURVE('',#391,#367,#2093,.T.);
#3094=EDGE_CURVE('',#390,#391,#2094,.T.);
#3095=EDGE_CURVE('',#392,#368,#2095,.T.);
#3096=EDGE_CURVE('',#393,#392,#2096,.T.);
#3097=EDGE_CURVE('',#394,#393,#2097,.T.);
#3098=EDGE_CURVE('',#395,#394,#2098,.T.);
#3099=EDGE_CURVE('',#396,#395,#2099,.T.);
#3100=EDGE_CURVE('',#397,#396,#2100,.T.);
#3101=EDGE_CURVE('',#369,#397,#2101,.T.);
#3102=EDGE_CURVE('',#370,#398,#2102,.T.);
#3103=EDGE_CURVE('',#399,#371,#2103,.T.);
#3104=EDGE_CURVE('',#399,#398,#2104,.T.);
#3105=EDGE_CURVE('',#400,#372,#2105,.T.);
#3106=EDGE_CURVE('',#373,#401,#2106,.T.);
#3107=EDGE_CURVE('',#401,#400,#2107,.T.);
#3108=EDGE_CURVE('',#343,#402,#2108,.T.);
#3109=EDGE_CURVE('',#402,#372,#2109,.T.);
#3110=EDGE_CURVE('',#403,#340,#2110,.T.);
#3111=EDGE_CURVE('',#373,#403,#2111,.T.);
#3112=EDGE_CURVE('',#375,#404,#2112,.T.);
#3113=EDGE_CURVE('',#404,#405,#2113,.T.);
#3114=EDGE_CURVE('',#405,#374,#2114,.T.);
#3115=EDGE_CURVE('',#406,#374,#2115,.T.);
#3116=EDGE_CURVE('',#347,#406,#2116,.T.);
#3117=EDGE_CURVE('',#407,#344,#2117,.T.);
#3118=EDGE_CURVE('',#375,#407,#2118,.T.);
#3119=EDGE_CURVE('',#377,#408,#2119,.T.);
#3120=EDGE_CURVE('',#408,#409,#2120,.T.);
#3121=EDGE_CURVE('',#409,#376,#2121,.T.);
#3122=EDGE_CURVE('',#410,#376,#2122,.T.);
#3123=EDGE_CURVE('',#351,#410,#2123,.T.);
#3124=EDGE_CURVE('',#411,#348,#2124,.T.);
#3125=EDGE_CURVE('',#377,#411,#2125,.T.);
#3126=EDGE_CURVE('',#412,#378,#2126,.T.);
#3127=EDGE_CURVE('',#379,#413,#2127,.T.);
#3128=EDGE_CURVE('',#413,#412,#2128,.T.);
#3129=EDGE_CURVE('',#355,#414,#2129,.T.);
#3130=EDGE_CURVE('',#414,#378,#2130,.T.);
#3131=EDGE_CURVE('',#415,#352,#2131,.T.);
#3132=EDGE_CURVE('',#379,#415,#2132,.T.);
#3133=EDGE_CURVE('',#416,#381,#2133,.T.);
#3134=EDGE_CURVE('',#416,#417,#2134,.T.);
#3135=EDGE_CURVE('',#380,#417,#2135,.T.);
#3136=EDGE_CURVE('',#385,#418,#2136,.T.);
#3137=EDGE_CURVE('',#419,#389,#2137,.T.);
#3138=EDGE_CURVE('',#418,#419,#2138,.T.);
#3139=EDGE_CURVE('',#420,#394,#2139,.T.);
#3140=EDGE_CURVE('',#421,#420,#2140,.T.);
#3141=EDGE_CURVE('',#395,#421,#2141,.T.);
#3142=EDGE_CURVE('',#422,#399,#2142,.T.);
#3143=EDGE_CURVE('',#423,#422,#2143,.T.);
#3144=EDGE_CURVE('',#398,#423,#2144,.T.);
#3145=EDGE_CURVE('',#424,#402,#2145,.T.);
#3146=EDGE_CURVE('',#400,#424,#2146,.T.);
#3147=EDGE_CURVE('',#425,#426,#2147,.T.);
#3148=EDGE_CURVE('',#427,#426,#2148,.T.);
#3149=EDGE_CURVE('',#427,#428,#2149,.T.);
#3150=EDGE_CURVE('',#429,#428,#2150,.T.);
#3151=EDGE_CURVE('',#429,#430,#2151,.T.);
#3152=EDGE_CURVE('',#421,#430,#2152,.T.);
#3153=EDGE_CURVE('',#425,#420,#2153,.T.);
#3154=EDGE_CURVE('',#401,#431,#2154,.T.);
#3155=EDGE_CURVE('',#431,#424,#2155,.T.);
#3156=EDGE_CURVE('',#404,#432,#2156,.T.);
#3157=EDGE_CURVE('',#432,#433,#2157,.T.);
#3158=EDGE_CURVE('',#433,#405,#2158,.T.);
#3159=EDGE_CURVE('',#403,#431,#2159,.T.);
#3160=EDGE_CURVE('',#403,#402,#2160,.T.);
#3161=EDGE_CURVE('',#407,#432,#2161,.T.);
#3162=EDGE_CURVE('',#433,#406,#2162,.T.);
#3163=EDGE_CURVE('',#407,#406,#2163,.T.);
#3164=EDGE_CURVE('',#434,#408,#2164,.T.);
#3165=EDGE_CURVE('',#411,#434,#2165,.T.);
#3166=EDGE_CURVE('',#409,#435,#2166,.T.);
#3167=EDGE_CURVE('',#435,#410,#2167,.T.);
#3168=EDGE_CURVE('',#436,#437,#2168,.T.);
#3169=EDGE_CURVE('',#418,#437,#2169,.T.);
#3170=EDGE_CURVE('',#438,#419,#2170,.T.);
#3171=EDGE_CURVE('',#438,#439,#2171,.T.);
#3172=EDGE_CURVE('',#440,#439,#2172,.T.);
#3173=EDGE_CURVE('',#440,#441,#2173,.T.);
#3174=EDGE_CURVE('',#436,#441,#2174,.T.);
#3175=EDGE_CURVE('',#413,#442,#2175,.T.);
#3176=EDGE_CURVE('',#442,#443,#2176,.T.);
#3177=EDGE_CURVE('',#443,#412,#2177,.T.);
#3178=EDGE_CURVE('',#434,#435,#2178,.T.);
#3179=EDGE_CURVE('',#411,#410,#2179,.T.);
#3180=EDGE_CURVE('',#443,#414,#2180,.T.);
#3181=EDGE_CURVE('',#415,#442,#2181,.T.);
#3182=EDGE_CURVE('',#415,#414,#2182,.T.);
#3183=EDGE_CURVE('',#444,#416,#2183,.T.);
#3184=EDGE_CURVE('',#445,#444,#2184,.T.);
#3185=EDGE_CURVE('',#417,#445,#2185,.T.);
#3186=EDGE_CURVE('',#446,#447,#2186,.T.);
#3187=EDGE_CURVE('',#447,#448,#2187,.T.);
#3188=EDGE_CURVE('',#448,#449,#2188,.T.);
#3189=EDGE_CURVE('',#449,#446,#2189,.T.);
#3190=EDGE_CURVE('',#450,#451,#2190,.T.);
#3191=EDGE_CURVE('',#451,#452,#2191,.T.);
#3192=EDGE_CURVE('',#452,#453,#2192,.T.);
#3193=EDGE_CURVE('',#453,#450,#2193,.T.);
#3194=EDGE_CURVE('',#454,#455,#2194,.T.);
#3195=EDGE_CURVE('',#423,#454,#2195,.T.);
#3196=EDGE_CURVE('',#456,#422,#2196,.T.);
#3197=EDGE_CURVE('',#457,#456,#2197,.T.);
#3198=EDGE_CURVE('',#458,#457,#2198,.T.);
#3199=EDGE_CURVE('',#458,#459,#2199,.T.);
#3200=EDGE_CURVE('',#455,#459,#2200,.T.);
#3201=EDGE_CURVE('',#460,#425,#2201,.T.);
#3202=EDGE_CURVE('',#460,#461,#2202,.T.);
#3203=EDGE_CURVE('',#426,#461,#2203,.T.);
#3204=EDGE_CURVE('',#430,#462,#2204,.T.);
#3205=EDGE_CURVE('',#463,#429,#2205,.T.);
#3206=EDGE_CURVE('',#463,#462,#2206,.T.);
#3207=EDGE_CURVE('',#464,#427,#2207,.T.);
#3208=EDGE_CURVE('',#465,#464,#2208,.T.);
#3209=EDGE_CURVE('',#428,#465,#2209,.T.);
#3210=EDGE_CURVE('',#466,#436,#2210,.T.);
#3211=EDGE_CURVE('',#466,#467,#2211,.T.);
#3212=EDGE_CURVE('',#437,#467,#2212,.T.);
#3213=EDGE_CURVE('',#441,#468,#2213,.T.);
#3214=EDGE_CURVE('',#469,#440,#2214,.T.);
#3215=EDGE_CURVE('',#468,#469,#2215,.T.);
#3216=EDGE_CURVE('',#439,#470,#2216,.T.);
#3217=EDGE_CURVE('',#471,#438,#2217,.T.);
#3218=EDGE_CURVE('',#471,#470,#2218,.T.);
#3219=EDGE_CURVE('',#472,#473,#2219,.T.);
#3220=EDGE_CURVE('',#473,#474,#2220,.T.);
#3221=EDGE_CURVE('',#474,#475,#2221,.T.);
#3222=EDGE_CURVE('',#475,#472,#2222,.T.);
#3223=EDGE_CURVE('',#476,#477,#2223,.T.);
#3224=EDGE_CURVE('',#477,#478,#2224,.T.);
#3225=EDGE_CURVE('',#478,#479,#2225,.T.);
#3226=EDGE_CURVE('',#479,#476,#2226,.T.);
#3227=EDGE_CURVE('',#480,#481,#2227,.T.);
#3228=EDGE_CURVE('',#482,#480,#2228,.T.);
#3229=EDGE_CURVE('',#482,#483,#2229,.T.);
#3230=EDGE_CURVE('',#484,#483,#2230,.T.);
#3231=EDGE_CURVE('',#485,#484,#2231,.T.);
#3232=EDGE_CURVE('',#445,#485,#2232,.T.);
#3233=EDGE_CURVE('',#481,#444,#2233,.T.);
#3234=EDGE_CURVE('',#448,#486,#2234,.T.);
#3235=EDGE_CURVE('',#487,#447,#2235,.T.);
#3236=EDGE_CURVE('',#486,#487,#2236,.T.);
#3237=EDGE_CURVE('',#452,#488,#2237,.T.);
#3238=EDGE_CURVE('',#489,#451,#2238,.T.);
#3239=EDGE_CURVE('',#488,#489,#2239,.T.);
#3240=EDGE_CURVE('',#459,#490,#2240,.T.);
#3241=EDGE_CURVE('',#491,#458,#2241,.T.);
#3242=EDGE_CURVE('',#490,#491,#2242,.T.);
#3243=EDGE_CURVE('',#492,#460,#2243,.T.);
#3244=EDGE_CURVE('',#493,#492,#2244,.T.);
#3245=EDGE_CURVE('',#461,#493,#2245,.T.);
#3246=EDGE_CURVE('',#462,#494,#2246,.T.);
#3247=EDGE_CURVE('',#495,#463,#2247,.T.);
#3248=EDGE_CURVE('',#494,#495,#2248,.T.);
#3249=EDGE_CURVE('',#496,#464,#2249,.T.);
#3250=EDGE_CURVE('',#497,#496,#2250,.T.);
#3251=EDGE_CURVE('',#498,#497,#2251,.T.);
#3252=EDGE_CURVE('',#499,#498,#2252,.T.);
#3253=EDGE_CURVE('',#500,#499,#2253,.T.);
#3254=EDGE_CURVE('',#501,#500,#2254,.T.);
#3255=EDGE_CURVE('',#465,#501,#2255,.T.);
#3256=EDGE_CURVE('',#502,#466,#2256,.T.);
#3257=EDGE_CURVE('',#503,#502,#2257,.T.);
#3258=EDGE_CURVE('',#467,#503,#2258,.T.);
#3259=EDGE_CURVE('',#504,#505,#2259,.T.);
#3260=EDGE_CURVE('',#506,#504,#2260,.T.);
#3261=EDGE_CURVE('',#468,#506,#2261,.T.);
#3262=EDGE_CURVE('',#507,#469,#2262,.T.);
#3263=EDGE_CURVE('',#508,#507,#2263,.T.);
#3264=EDGE_CURVE('',#509,#508,#2264,.T.);
#3265=EDGE_CURVE('',#505,#509,#2265,.T.);
#3266=EDGE_CURVE('',#470,#510,#2266,.T.);
#3267=EDGE_CURVE('',#511,#471,#2267,.T.);
#3268=EDGE_CURVE('',#510,#511,#2268,.T.);
#3269=EDGE_CURVE('',#474,#512,#2269,.T.);
#3270=EDGE_CURVE('',#513,#473,#2270,.T.);
#3271=EDGE_CURVE('',#512,#513,#2271,.T.);
#3272=EDGE_CURVE('',#478,#514,#2272,.T.);
#3273=EDGE_CURVE('',#515,#477,#2273,.T.);
#3274=EDGE_CURVE('',#514,#515,#2274,.T.);
#3275=EDGE_CURVE('',#483,#516,#2275,.T.);
#3276=EDGE_CURVE('',#517,#482,#2276,.T.);
#3277=EDGE_CURVE('',#516,#517,#2277,.T.);
#3278=EDGE_CURVE('',#487,#518,#2278,.T.);
#3279=EDGE_CURVE('',#518,#519,#2279,.T.);
#3280=EDGE_CURVE('',#519,#486,#2280,.T.);
#3281=EDGE_CURVE('',#520,#486,#2281,.T.);
#3282=EDGE_CURVE('',#449,#520,#2282,.T.);
#3283=EDGE_CURVE('',#521,#446,#2283,.T.);
#3284=EDGE_CURVE('',#487,#521,#2284,.T.);
#3285=EDGE_CURVE('',#522,#488,#2285,.T.);
#3286=EDGE_CURVE('',#489,#523,#2286,.T.);
#3287=EDGE_CURVE('',#523,#522,#2287,.T.);
#3288=EDGE_CURVE('',#453,#524,#2288,.T.);
#3289=EDGE_CURVE('',#524,#488,#2289,.T.);
#3290=EDGE_CURVE('',#525,#450,#2290,.T.);
#3291=EDGE_CURVE('',#489,#525,#2291,.T.);
#3292=EDGE_CURVE('',#490,#526,#2292,.T.);
#3293=EDGE_CURVE('',#527,#491,#2293,.T.);
#3294=EDGE_CURVE('',#527,#526,#2294,.T.);
#3295=EDGE_CURVE('',#528,#498,#2295,.T.);
#3296=EDGE_CURVE('',#529,#528,#2296,.T.);
#3297=EDGE_CURVE('',#499,#529,#2297,.T.);
#3298=EDGE_CURVE('',#505,#530,#2298,.T.);
#3299=EDGE_CURVE('',#531,#509,#2299,.T.);
#3300=EDGE_CURVE('',#530,#531,#2300,.T.);
#3301=EDGE_CURVE('',#513,#532,#2301,.T.);
#3302=EDGE_CURVE('',#532,#533,#2302,.T.);
#3303=EDGE_CURVE('',#533,#512,#2303,.T.);
#3304=EDGE_CURVE('',#534,#512,#2304,.T.);
#3305=EDGE_CURVE('',#475,#534,#2305,.T.);
#3306=EDGE_CURVE('',#535,#472,#2306,.T.);
#3307=EDGE_CURVE('',#513,#535,#2307,.T.);
#3308=EDGE_CURVE('',#536,#514,#2308,.T.);
#3309=EDGE_CURVE('',#515,#537,#2309,.T.);
#3310=EDGE_CURVE('',#537,#536,#2310,.T.);
#3311=EDGE_CURVE('',#479,#538,#2311,.T.);
#3312=EDGE_CURVE('',#538,#514,#2312,.T.);
#3313=EDGE_CURVE('',#539,#476,#2313,.T.);
#3314=EDGE_CURVE('',#515,#539,#2314,.T.);
#3315=EDGE_CURVE('',#540,#517,#2315,.T.);
#3316=EDGE_CURVE('',#540,#541,#2316,.T.);
#3317=EDGE_CURVE('',#516,#541,#2317,.T.);
#3318=EDGE_CURVE('',#542,#518,#2318,.T.);
#3319=EDGE_CURVE('',#521,#542,#2319,.T.);
#3320=EDGE_CURVE('',#519,#543,#2320,.T.);
#3321=EDGE_CURVE('',#543,#520,#2321,.T.);
#3322=EDGE_CURVE('',#544,#545,#2322,.T.);
#3323=EDGE_CURVE('',#546,#545,#2323,.T.);
#3324=EDGE_CURVE('',#546,#547,#2324,.T.);
#3325=EDGE_CURVE('',#548,#547,#2325,.T.);
#3326=EDGE_CURVE('',#548,#549,#2326,.T.);
#3327=EDGE_CURVE('',#529,#549,#2327,.T.);
#3328=EDGE_CURVE('',#544,#528,#2328,.T.);
#3329=EDGE_CURVE('',#523,#550,#2329,.T.);
#3330=EDGE_CURVE('',#550,#551,#2330,.T.);
#3331=EDGE_CURVE('',#551,#522,#2331,.T.);
#3332=EDGE_CURVE('',#542,#543,#2332,.T.);
#3333=EDGE_CURVE('',#521,#520,#2333,.T.);
#3334=EDGE_CURVE('',#551,#524,#2334,.T.);
#3335=EDGE_CURVE('',#525,#550,#2335,.T.);
#3336=EDGE_CURVE('',#525,#524,#2336,.T.);
#3337=EDGE_CURVE('',#552,#527,#2337,.T.);
#3338=EDGE_CURVE('',#553,#552,#2338,.T.);
#3339=EDGE_CURVE('',#526,#553,#2339,.T.);
#3340=EDGE_CURVE('',#554,#555,#2340,.T.);
#3341=EDGE_CURVE('',#530,#555,#2341,.T.);
#3342=EDGE_CURVE('',#556,#531,#2342,.T.);
#3343=EDGE_CURVE('',#556,#557,#2343,.T.);
#3344=EDGE_CURVE('',#558,#557,#2344,.T.);
#3345=EDGE_CURVE('',#558,#559,#2345,.T.);
#3346=EDGE_CURVE('',#554,#559,#2346,.T.);
#3347=EDGE_CURVE('',#537,#560,#2347,.T.);
#3348=EDGE_CURVE('',#560,#561,#2348,.T.);
#3349=EDGE_CURVE('',#561,#536,#2349,.T.);
#3350=EDGE_CURVE('',#532,#562,#2350,.T.);
#3351=EDGE_CURVE('',#562,#563,#2351,.T.);
#3352=EDGE_CURVE('',#563,#533,#2352,.T.);
#3353=EDGE_CURVE('',#535,#562,#2353,.T.);
#3354=EDGE_CURVE('',#563,#534,#2354,.T.);
#3355=EDGE_CURVE('',#535,#534,#2355,.T.);
#3356=EDGE_CURVE('',#561,#538,#2356,.T.);
#3357=EDGE_CURVE('',#539,#560,#2357,.T.);
#3358=EDGE_CURVE('',#539,#538,#2358,.T.);
#3359=EDGE_CURVE('',#564,#540,#2359,.T.);
#3360=EDGE_CURVE('',#565,#564,#2360,.T.);
#3361=EDGE_CURVE('',#541,#565,#2361,.T.);
#3362=EDGE_CURVE('',#566,#544,#2362,.T.);
#3363=EDGE_CURVE('',#566,#567,#2363,.T.);
#3364=EDGE_CURVE('',#545,#567,#2364,.T.);
#3365=EDGE_CURVE('',#549,#568,#2365,.T.);
#3366=EDGE_CURVE('',#569,#548,#2366,.T.);
#3367=EDGE_CURVE('',#569,#568,#2367,.T.);
#3368=EDGE_CURVE('',#570,#546,#2368,.T.);
#3369=EDGE_CURVE('',#571,#570,#2369,.T.);
#3370=EDGE_CURVE('',#547,#571,#2370,.T.);
#3371=EDGE_CURVE('',#572,#573,#2371,.T.);
#3372=EDGE_CURVE('',#573,#574,#2372,.T.);
#3373=EDGE_CURVE('',#574,#575,#2373,.T.);
#3374=EDGE_CURVE('',#575,#572,#2374,.T.);
#3375=EDGE_CURVE('',#576,#577,#2375,.T.);
#3376=EDGE_CURVE('',#577,#578,#2376,.T.);
#3377=EDGE_CURVE('',#578,#579,#2377,.T.);
#3378=EDGE_CURVE('',#579,#576,#2378,.T.);
#3379=EDGE_CURVE('',#580,#581,#2379,.T.);
#3380=EDGE_CURVE('',#582,#580,#2380,.T.);
#3381=EDGE_CURVE('',#582,#583,#2381,.T.);
#3382=EDGE_CURVE('',#584,#583,#2382,.T.);
#3383=EDGE_CURVE('',#585,#584,#2383,.T.);
#3384=EDGE_CURVE('',#553,#585,#2384,.T.);
#3385=EDGE_CURVE('',#581,#552,#2385,.T.);
#3386=EDGE_CURVE('',#586,#554,#2386,.T.);
#3387=EDGE_CURVE('',#586,#587,#2387,.T.);
#3388=EDGE_CURVE('',#555,#587,#2388,.T.);
#3389=EDGE_CURVE('',#559,#588,#2389,.T.);
#3390=EDGE_CURVE('',#589,#558,#2390,.T.);
#3391=EDGE_CURVE('',#588,#589,#2391,.T.);
#3392=EDGE_CURVE('',#557,#590,#2392,.T.);
#3393=EDGE_CURVE('',#591,#556,#2393,.T.);
#3394=EDGE_CURVE('',#591,#590,#2394,.T.);
#3395=EDGE_CURVE('',#592,#593,#2395,.T.);
#3396=EDGE_CURVE('',#565,#592,#2396,.T.);
#3397=EDGE_CURVE('',#594,#564,#2397,.T.);
#3398=EDGE_CURVE('',#595,#594,#2398,.T.);
#3399=EDGE_CURVE('',#596,#595,#2399,.T.);
#3400=EDGE_CURVE('',#596,#597,#2400,.T.);
#3401=EDGE_CURVE('',#593,#597,#2401,.T.);
#3402=EDGE_CURVE('',#598,#599,#2402,.T.);
#3403=EDGE_CURVE('',#599,#600,#2403,.T.);
#3404=EDGE_CURVE('',#600,#601,#2404,.T.);
#3405=EDGE_CURVE('',#601,#598,#2405,.T.);
#3406=EDGE_CURVE('',#602,#603,#2406,.T.);
#3407=EDGE_CURVE('',#603,#604,#2407,.T.);
#3408=EDGE_CURVE('',#604,#605,#2408,.T.);
#3409=EDGE_CURVE('',#605,#602,#2409,.T.);
#3410=EDGE_CURVE('',#606,#566,#2410,.T.);
#3411=EDGE_CURVE('',#607,#606,#2411,.T.);
#3412=EDGE_CURVE('',#567,#607,#2412,.T.);
#3413=EDGE_CURVE('',#568,#608,#2413,.T.);
#3414=EDGE_CURVE('',#609,#569,#2414,.T.);
#3415=EDGE_CURVE('',#608,#609,#2415,.T.);
#3416=EDGE_CURVE('',#610,#570,#2416,.T.);
#3417=EDGE_CURVE('',#611,#610,#2417,.T.);
#3418=EDGE_CURVE('',#612,#611,#2418,.T.);
#3419=EDGE_CURVE('',#613,#612,#2419,.T.);
#3420=EDGE_CURVE('',#614,#613,#2420,.T.);
#3421=EDGE_CURVE('',#615,#614,#2421,.T.);
#3422=EDGE_CURVE('',#571,#615,#2422,.T.);
#3423=EDGE_CURVE('',#574,#616,#2423,.T.);
#3424=EDGE_CURVE('',#617,#573,#2424,.T.);
#3425=EDGE_CURVE('',#616,#617,#2425,.T.);
#3426=EDGE_CURVE('',#578,#618,#2426,.T.);
#3427=EDGE_CURVE('',#619,#577,#2427,.T.);
#3428=EDGE_CURVE('',#618,#619,#2428,.T.);
#3429=EDGE_CURVE('',#583,#620,#2429,.T.);
#3430=EDGE_CURVE('',#621,#582,#2430,.T.);
#3431=EDGE_CURVE('',#620,#621,#2431,.T.);
#3432=EDGE_CURVE('',#622,#586,#2432,.T.);
#3433=EDGE_CURVE('',#623,#622,#2433,.T.);
#3434=EDGE_CURVE('',#587,#623,#2434,.T.);
#3435=EDGE_CURVE('',#624,#625,#2435,.T.);
#3436=EDGE_CURVE('',#626,#624,#2436,.T.);
#3437=EDGE_CURVE('',#588,#626,#2437,.T.);
#3438=EDGE_CURVE('',#627,#589,#2438,.T.);
#3439=EDGE_CURVE('',#628,#627,#2439,.T.);
#3440=EDGE_CURVE('',#629,#628,#2440,.T.);
#3441=EDGE_CURVE('',#625,#629,#2441,.T.);
#3442=EDGE_CURVE('',#590,#630,#2442,.T.);
#3443=EDGE_CURVE('',#631,#591,#2443,.T.);
#3444=EDGE_CURVE('',#630,#631,#2444,.T.);
#3445=EDGE_CURVE('',#597,#632,#2445,.T.);
#3446=EDGE_CURVE('',#633,#596,#2446,.T.);
#3447=EDGE_CURVE('',#632,#633,#2447,.T.);
#3448=EDGE_CURVE('',#600,#634,#2448,.T.);
#3449=EDGE_CURVE('',#635,#599,#2449,.T.);
#3450=EDGE_CURVE('',#634,#635,#2450,.T.);
#3451=EDGE_CURVE('',#604,#636,#2451,.T.);
#3452=EDGE_CURVE('',#637,#603,#2452,.T.);
#3453=EDGE_CURVE('',#636,#637,#2453,.T.);
#3454=EDGE_CURVE('',#638,#612,#2454,.T.);
#3455=EDGE_CURVE('',#639,#638,#2455,.T.);
#3456=EDGE_CURVE('',#613,#639,#2456,.T.);
#3457=EDGE_CURVE('',#617,#640,#2457,.T.);
#3458=EDGE_CURVE('',#640,#641,#2458,.T.);
#3459=EDGE_CURVE('',#641,#616,#2459,.T.);
#3460=EDGE_CURVE('',#642,#616,#2460,.T.);
#3461=EDGE_CURVE('',#575,#642,#2461,.T.);
#3462=EDGE_CURVE('',#643,#572,#2462,.T.);
#3463=EDGE_CURVE('',#617,#643,#2463,.T.);
#3464=EDGE_CURVE('',#644,#618,#2464,.T.);
#3465=EDGE_CURVE('',#619,#645,#2465,.T.);
#3466=EDGE_CURVE('',#645,#644,#2466,.T.);
#3467=EDGE_CURVE('',#579,#646,#2467,.T.);
#3468=EDGE_CURVE('',#646,#618,#2468,.T.);
#3469=EDGE_CURVE('',#647,#576,#2469,.T.);
#3470=EDGE_CURVE('',#619,#647,#2470,.T.);
#3471=EDGE_CURVE('',#620,#648,#2471,.T.);
#3472=EDGE_CURVE('',#649,#621,#2472,.T.);
#3473=EDGE_CURVE('',#649,#648,#2473,.T.);
#3474=EDGE_CURVE('',#625,#650,#2474,.T.);
#3475=EDGE_CURVE('',#651,#629,#2475,.T.);
#3476=EDGE_CURVE('',#650,#651,#2476,.T.);
#3477=EDGE_CURVE('',#652,#633,#2477,.T.);
#3478=EDGE_CURVE('',#652,#653,#2478,.T.);
#3479=EDGE_CURVE('',#632,#653,#2479,.T.);
#3480=EDGE_CURVE('',#654,#634,#2480,.T.);
#3481=EDGE_CURVE('',#635,#655,#2481,.T.);
#3482=EDGE_CURVE('',#655,#654,#2482,.T.);
#3483=EDGE_CURVE('',#601,#656,#2483,.T.);
#3484=EDGE_CURVE('',#656,#634,#2484,.T.);
#3485=EDGE_CURVE('',#657,#598,#2485,.T.);
#3486=EDGE_CURVE('',#635,#657,#2486,.T.);
#3487=EDGE_CURVE('',#637,#658,#2487,.T.);
#3488=EDGE_CURVE('',#658,#659,#2488,.T.);
#3489=EDGE_CURVE('',#659,#636,#2489,.T.);
#3490=EDGE_CURVE('',#660,#636,#2490,.T.);
#3491=EDGE_CURVE('',#605,#660,#2491,.T.);
#3492=EDGE_CURVE('',#661,#602,#2492,.T.);
#3493=EDGE_CURVE('',#637,#661,#2493,.T.);
#3494=EDGE_CURVE('',#662,#663,#2494,.T.);
#3495=EDGE_CURVE('',#664,#663,#2495,.T.);
#3496=EDGE_CURVE('',#664,#665,#2496,.T.);
#3497=EDGE_CURVE('',#666,#665,#2497,.T.);
#3498=EDGE_CURVE('',#666,#667,#2498,.T.);
#3499=EDGE_CURVE('',#639,#667,#2499,.T.);
#3500=EDGE_CURVE('',#662,#638,#2500,.T.);
#3501=EDGE_CURVE('',#645,#668,#2501,.T.);
#3502=EDGE_CURVE('',#668,#669,#2502,.T.);
#3503=EDGE_CURVE('',#669,#644,#2503,.T.);
#3504=EDGE_CURVE('',#640,#670,#2504,.T.);
#3505=EDGE_CURVE('',#670,#671,#2505,.T.);
#3506=EDGE_CURVE('',#671,#641,#2506,.T.);
#3507=EDGE_CURVE('',#643,#670,#2507,.T.);
#3508=EDGE_CURVE('',#671,#642,#2508,.T.);
#3509=EDGE_CURVE('',#643,#642,#2509,.T.);
#3510=EDGE_CURVE('',#669,#646,#2510,.T.);
#3511=EDGE_CURVE('',#647,#668,#2511,.T.);
#3512=EDGE_CURVE('',#647,#646,#2512,.T.);
#3513=EDGE_CURVE('',#672,#649,#2513,.T.);
#3514=EDGE_CURVE('',#673,#672,#2514,.T.);
#3515=EDGE_CURVE('',#648,#673,#2515,.T.);
#3516=EDGE_CURVE('',#674,#675,#2516,.T.);
#3517=EDGE_CURVE('',#650,#675,#2517,.T.);
#3518=EDGE_CURVE('',#676,#651,#2518,.T.);
#3519=EDGE_CURVE('',#676,#677,#2519,.T.);
#3520=EDGE_CURVE('',#678,#677,#2520,.T.);
#3521=EDGE_CURVE('',#678,#679,#2521,.T.);
#3522=EDGE_CURVE('',#674,#679,#2522,.T.);
#3523=EDGE_CURVE('',#655,#680,#2523,.T.);
#3524=EDGE_CURVE('',#680,#681,#2524,.T.);
#3525=EDGE_CURVE('',#681,#654,#2525,.T.);
#3526=EDGE_CURVE('',#658,#682,#2526,.T.);
#3527=EDGE_CURVE('',#682,#683,#2527,.T.);
#3528=EDGE_CURVE('',#683,#659,#2528,.T.);
#3529=EDGE_CURVE('',#684,#652,#2529,.T.);
#3530=EDGE_CURVE('',#685,#684,#2530,.T.);
#3531=EDGE_CURVE('',#653,#685,#2531,.T.);
#3532=EDGE_CURVE('',#681,#656,#2532,.T.);
#3533=EDGE_CURVE('',#657,#680,#2533,.T.);
#3534=EDGE_CURVE('',#657,#656,#2534,.T.);
#3535=EDGE_CURVE('',#661,#682,#2535,.T.);
#3536=EDGE_CURVE('',#683,#660,#2536,.T.);
#3537=EDGE_CURVE('',#661,#660,#2537,.T.);
#3538=EDGE_CURVE('',#686,#662,#2538,.T.);
#3539=EDGE_CURVE('',#686,#687,#2539,.T.);
#3540=EDGE_CURVE('',#663,#687,#2540,.T.);
#3541=EDGE_CURVE('',#667,#688,#2541,.T.);
#3542=EDGE_CURVE('',#689,#666,#2542,.T.);
#3543=EDGE_CURVE('',#689,#688,#2543,.T.);
#3544=EDGE_CURVE('',#690,#664,#2544,.T.);
#3545=EDGE_CURVE('',#691,#690,#2545,.T.);
#3546=EDGE_CURVE('',#665,#691,#2546,.T.);
#3547=EDGE_CURVE('',#692,#693,#2547,.T.);
#3548=EDGE_CURVE('',#673,#692,#2548,.T.);
#3549=EDGE_CURVE('',#694,#672,#2549,.T.);
#3550=EDGE_CURVE('',#695,#694,#2550,.T.);
#3551=EDGE_CURVE('',#696,#695,#2551,.T.);
#3552=EDGE_CURVE('',#696,#697,#2552,.T.);
#3553=EDGE_CURVE('',#693,#697,#2553,.T.);
#3554=EDGE_CURVE('',#698,#699,#2554,.T.);
#3555=EDGE_CURVE('',#699,#700,#2555,.T.);
#3556=EDGE_CURVE('',#700,#701,#2556,.T.);
#3557=EDGE_CURVE('',#701,#698,#2557,.T.);
#3558=EDGE_CURVE('',#702,#703,#2558,.T.);
#3559=EDGE_CURVE('',#703,#704,#2559,.T.);
#3560=EDGE_CURVE('',#704,#705,#2560,.T.);
#3561=EDGE_CURVE('',#705,#702,#2561,.T.);
#3562=EDGE_CURVE('',#706,#674,#2562,.T.);
#3563=EDGE_CURVE('',#706,#707,#2563,.T.);
#3564=EDGE_CURVE('',#675,#707,#2564,.T.);
#3565=EDGE_CURVE('',#679,#708,#2565,.T.);
#3566=EDGE_CURVE('',#709,#678,#2566,.T.);
#3567=EDGE_CURVE('',#708,#709,#2567,.T.);
#3568=EDGE_CURVE('',#677,#710,#2568,.T.);
#3569=EDGE_CURVE('',#711,#676,#2569,.T.);
#3570=EDGE_CURVE('',#711,#710,#2570,.T.);
#3571=EDGE_CURVE('',#712,#713,#2571,.T.);
#3572=EDGE_CURVE('',#714,#712,#2572,.T.);
#3573=EDGE_CURVE('',#714,#715,#2573,.T.);
#3574=EDGE_CURVE('',#716,#715,#2574,.T.);
#3575=EDGE_CURVE('',#717,#716,#2575,.T.);
#3576=EDGE_CURVE('',#685,#717,#2576,.T.);
#3577=EDGE_CURVE('',#713,#684,#2577,.T.);
#3578=EDGE_CURVE('',#718,#719,#2578,.T.);
#3579=EDGE_CURVE('',#719,#720,#2579,.T.);
#3580=EDGE_CURVE('',#720,#721,#2580,.T.);
#3581=EDGE_CURVE('',#721,#718,#2581,.T.);
#3582=EDGE_CURVE('',#722,#723,#2582,.T.);
#3583=EDGE_CURVE('',#723,#724,#2583,.T.);
#3584=EDGE_CURVE('',#724,#725,#2584,.T.);
#3585=EDGE_CURVE('',#725,#722,#2585,.T.);
#3586=EDGE_CURVE('',#726,#686,#2586,.T.);
#3587=EDGE_CURVE('',#727,#726,#2587,.T.);
#3588=EDGE_CURVE('',#687,#727,#2588,.T.);
#3589=EDGE_CURVE('',#688,#728,#2589,.T.);
#3590=EDGE_CURVE('',#729,#689,#2590,.T.);
#3591=EDGE_CURVE('',#728,#729,#2591,.T.);
#3592=EDGE_CURVE('',#730,#690,#2592,.T.);
#3593=EDGE_CURVE('',#731,#730,#2593,.T.);
#3594=EDGE_CURVE('',#732,#731,#2594,.T.);
#3595=EDGE_CURVE('',#733,#732,#2595,.T.);
#3596=EDGE_CURVE('',#734,#733,#2596,.T.);
#3597=EDGE_CURVE('',#735,#734,#2597,.T.);
#3598=EDGE_CURVE('',#691,#735,#2598,.T.);
#3599=EDGE_CURVE('',#697,#246,#2599,.T.);
#3600=EDGE_CURVE('',#247,#696,#2600,.T.);
#3601=EDGE_CURVE('',#700,#736,#2601,.T.);
#3602=EDGE_CURVE('',#737,#699,#2602,.T.);
#3603=EDGE_CURVE('',#736,#737,#2603,.T.);
#3604=EDGE_CURVE('',#704,#738,#2604,.T.);
#3605=EDGE_CURVE('',#739,#703,#2605,.T.);
#3606=EDGE_CURVE('',#738,#739,#2606,.T.);
#3607=EDGE_CURVE('',#740,#706,#2607,.T.);
#3608=EDGE_CURVE('',#741,#740,#2608,.T.);
#3609=EDGE_CURVE('',#707,#741,#2609,.T.);
#3610=EDGE_CURVE('',#742,#743,#2610,.T.);
#3611=EDGE_CURVE('',#744,#742,#2611,.T.);
#3612=EDGE_CURVE('',#708,#744,#2612,.T.);
#3613=EDGE_CURVE('',#745,#709,#2613,.T.);
#3614=EDGE_CURVE('',#746,#745,#2614,.T.);
#3615=EDGE_CURVE('',#747,#746,#2615,.T.);
#3616=EDGE_CURVE('',#743,#747,#2616,.T.);
#3617=EDGE_CURVE('',#710,#748,#2617,.T.);
#3618=EDGE_CURVE('',#749,#711,#2618,.T.);
#3619=EDGE_CURVE('',#748,#749,#2619,.T.);
#3620=EDGE_CURVE('',#715,#218,#2620,.T.);
#3621=EDGE_CURVE('',#216,#714,#2621,.T.);
#3622=EDGE_CURVE('',#720,#750,#2622,.T.);
#3623=EDGE_CURVE('',#751,#719,#2623,.T.);
#3624=EDGE_CURVE('',#750,#751,#2624,.T.);
#3625=EDGE_CURVE('',#724,#752,#2625,.T.);
#3626=EDGE_CURVE('',#753,#723,#2626,.T.);
#3627=EDGE_CURVE('',#752,#753,#2627,.T.);
#3628=EDGE_CURVE('',#754,#732,#2628,.T.);
#3629=EDGE_CURVE('',#755,#754,#2629,.T.);
#3630=EDGE_CURVE('',#733,#755,#2630,.T.);
#3631=EDGE_CURVE('',#756,#736,#2631,.T.);
#3632=EDGE_CURVE('',#737,#757,#2632,.T.);
#3633=EDGE_CURVE('',#757,#756,#2633,.T.);
#3634=EDGE_CURVE('',#701,#758,#2634,.T.);
#3635=EDGE_CURVE('',#758,#736,#2635,.T.);
#3636=EDGE_CURVE('',#759,#698,#2636,.T.);
#3637=EDGE_CURVE('',#737,#759,#2637,.T.);
#3638=EDGE_CURVE('',#739,#760,#2638,.T.);
#3639=EDGE_CURVE('',#760,#761,#2639,.T.);
#3640=EDGE_CURVE('',#761,#738,#2640,.T.);
#3641=EDGE_CURVE('',#762,#738,#2641,.T.);
#3642=EDGE_CURVE('',#705,#762,#2642,.T.);
#3643=EDGE_CURVE('',#763,#702,#2643,.T.);
#3644=EDGE_CURVE('',#739,#763,#2644,.T.);
#3645=EDGE_CURVE('',#743,#764,#2645,.T.);
#3646=EDGE_CURVE('',#765,#747,#2646,.T.);
#3647=EDGE_CURVE('',#764,#765,#2647,.T.);
#3648=EDGE_CURVE('',#766,#750,#2648,.T.);
#3649=EDGE_CURVE('',#751,#767,#2649,.T.);
#3650=EDGE_CURVE('',#767,#766,#2650,.T.);
#3651=EDGE_CURVE('',#721,#768,#2651,.T.);
#3652=EDGE_CURVE('',#768,#750,#2652,.T.);
#3653=EDGE_CURVE('',#769,#718,#2653,.T.);
#3654=EDGE_CURVE('',#751,#769,#2654,.T.);
#3655=EDGE_CURVE('',#753,#770,#2655,.T.);
#3656=EDGE_CURVE('',#770,#771,#2656,.T.);
#3657=EDGE_CURVE('',#771,#752,#2657,.T.);
#3658=EDGE_CURVE('',#772,#752,#2658,.T.);
#3659=EDGE_CURVE('',#725,#772,#2659,.T.);
#3660=EDGE_CURVE('',#773,#722,#2660,.T.);
#3661=EDGE_CURVE('',#753,#773,#2661,.T.);
#3662=EDGE_CURVE('',#774,#775,#2662,.T.);
#3663=EDGE_CURVE('',#776,#775,#2663,.T.);
#3664=EDGE_CURVE('',#776,#777,#2664,.T.);
#3665=EDGE_CURVE('',#778,#777,#2665,.T.);
#3666=EDGE_CURVE('',#778,#779,#2666,.T.);
#3667=EDGE_CURVE('',#755,#779,#2667,.T.);
#3668=EDGE_CURVE('',#774,#754,#2668,.T.);
#3669=EDGE_CURVE('',#757,#780,#2669,.T.);
#3670=EDGE_CURVE('',#780,#781,#2670,.T.);
#3671=EDGE_CURVE('',#781,#756,#2671,.T.);
#3672=EDGE_CURVE('',#760,#782,#2672,.T.);
#3673=EDGE_CURVE('',#782,#783,#2673,.T.);
#3674=EDGE_CURVE('',#783,#761,#2674,.T.);
#3675=EDGE_CURVE('',#781,#758,#2675,.T.);
#3676=EDGE_CURVE('',#759,#780,#2676,.T.);
#3677=EDGE_CURVE('',#759,#758,#2677,.T.);
#3678=EDGE_CURVE('',#763,#782,#2678,.T.);
#3679=EDGE_CURVE('',#783,#762,#2679,.T.);
#3680=EDGE_CURVE('',#763,#762,#2680,.T.);
#3681=EDGE_CURVE('',#784,#785,#2681,.T.);
#3682=EDGE_CURVE('',#764,#785,#2682,.T.);
#3683=EDGE_CURVE('',#786,#765,#2683,.T.);
#3684=EDGE_CURVE('',#786,#787,#2684,.T.);
#3685=EDGE_CURVE('',#788,#787,#2685,.T.);
#3686=EDGE_CURVE('',#788,#789,#2686,.T.);
#3687=EDGE_CURVE('',#784,#789,#2687,.T.);
#3688=EDGE_CURVE('',#767,#790,#2688,.T.);
#3689=EDGE_CURVE('',#790,#791,#2689,.T.);
#3690=EDGE_CURVE('',#791,#766,#2690,.T.);
#3691=EDGE_CURVE('',#770,#792,#2691,.T.);
#3692=EDGE_CURVE('',#792,#793,#2692,.T.);
#3693=EDGE_CURVE('',#793,#771,#2693,.T.);
#3694=EDGE_CURVE('',#791,#768,#2694,.T.);
#3695=EDGE_CURVE('',#769,#790,#2695,.T.);
#3696=EDGE_CURVE('',#769,#768,#2696,.T.);
#3697=EDGE_CURVE('',#773,#792,#2697,.T.);
#3698=EDGE_CURVE('',#793,#772,#2698,.T.);
#3699=EDGE_CURVE('',#773,#772,#2699,.T.);
#3700=EDGE_CURVE('',#794,#774,#2700,.T.);
#3701=EDGE_CURVE('',#794,#795,#2701,.T.);
#3702=EDGE_CURVE('',#775,#795,#2702,.T.);
#3703=EDGE_CURVE('',#779,#796,#2703,.T.);
#3704=EDGE_CURVE('',#797,#778,#2704,.T.);
#3705=EDGE_CURVE('',#797,#796,#2705,.T.);
#3706=EDGE_CURVE('',#277,#776,#2706,.T.);
#3707=EDGE_CURVE('',#777,#276,#2707,.T.);
#3708=EDGE_CURVE('',#798,#784,#2708,.T.);
#3709=EDGE_CURVE('',#798,#799,#2709,.T.);
#3710=EDGE_CURVE('',#785,#799,#2710,.T.);
#3711=EDGE_CURVE('',#789,#800,#2711,.T.);
#3712=EDGE_CURVE('',#801,#788,#2712,.T.);
#3713=EDGE_CURVE('',#800,#801,#2713,.T.);
#3714=EDGE_CURVE('',#787,#802,#2714,.T.);
#3715=EDGE_CURVE('',#803,#786,#2715,.T.);
#3716=EDGE_CURVE('',#803,#802,#2716,.T.);
#3717=EDGE_CURVE('',#804,#794,#2717,.T.);
#3718=EDGE_CURVE('',#805,#804,#2718,.T.);
#3719=EDGE_CURVE('',#795,#805,#2719,.T.);
#3720=EDGE_CURVE('',#796,#806,#2720,.T.);
#3721=EDGE_CURVE('',#807,#797,#2721,.T.);
#3722=EDGE_CURVE('',#806,#807,#2722,.T.);
#3723=EDGE_CURVE('',#808,#798,#2723,.T.);
#3724=EDGE_CURVE('',#809,#808,#2724,.T.);
#3725=EDGE_CURVE('',#799,#809,#2725,.T.);
#3726=EDGE_CURVE('',#800,#217,#2726,.T.);
#3727=EDGE_CURVE('',#810,#801,#2727,.T.);
#3728=EDGE_CURVE('',#209,#810,#2728,.T.);
#3729=EDGE_CURVE('',#802,#811,#2729,.T.);
#3730=EDGE_CURVE('',#812,#803,#2730,.T.);
#3731=EDGE_CURVE('',#811,#812,#2731,.T.);
#3732=EDGE_CURVE('',#810,#218,#2732,.T.);
#3733=EDGE_CURVE('',#811,#716,#2733,.T.);
#3734=EDGE_CURVE('',#712,#808,#2734,.T.);
#3735=EDGE_CURVE('',#812,#717,#2735,.T.);
#3736=EDGE_CURVE('',#713,#809,#2736,.T.);
#3737=EDGE_CURVE('',#746,#653,#2737,.T.);
#3738=EDGE_CURVE('',#652,#742,#2738,.T.);
#3739=EDGE_CURVE('',#745,#632,#2739,.T.);
#3740=EDGE_CURVE('',#633,#744,#2740,.T.);
#3741=EDGE_CURVE('',#748,#593,#2741,.T.);
#3742=EDGE_CURVE('',#595,#740,#2742,.T.);
#3743=EDGE_CURVE('',#749,#592,#2743,.T.);
#3744=EDGE_CURVE('',#594,#741,#2744,.T.);
#3745=EDGE_CURVE('',#628,#541,#2745,.T.);
#3746=EDGE_CURVE('',#540,#624,#2746,.T.);
#3747=EDGE_CURVE('',#627,#516,#2747,.T.);
#3748=EDGE_CURVE('',#517,#626,#2748,.T.);
#3749=EDGE_CURVE('',#630,#484,#2749,.T.);
#3750=EDGE_CURVE('',#480,#622,#2750,.T.);
#3751=EDGE_CURVE('',#631,#485,#2751,.T.);
#3752=EDGE_CURVE('',#481,#623,#2752,.T.);
#3753=EDGE_CURVE('',#508,#417,#2753,.T.);
#3754=EDGE_CURVE('',#416,#504,#2754,.T.);
#3755=EDGE_CURVE('',#507,#380,#2755,.T.);
#3756=EDGE_CURVE('',#381,#506,#2756,.T.);
#3757=EDGE_CURVE('',#510,#357,#2757,.T.);
#3758=EDGE_CURVE('',#359,#502,#2758,.T.);
#3759=EDGE_CURVE('',#511,#356,#2759,.T.);
#3760=EDGE_CURVE('',#358,#503,#2760,.T.);
#3761=EDGE_CURVE('',#388,#309,#2761,.T.);
#3762=EDGE_CURVE('',#308,#384,#2762,.T.);
#3763=EDGE_CURVE('',#387,#300,#2763,.T.);
#3764=EDGE_CURVE('',#301,#386,#2764,.T.);
#3765=EDGE_CURVE('',#390,#286,#2765,.T.);
#3766=EDGE_CURVE('',#282,#382,#2766,.T.);
#3767=EDGE_CURVE('',#391,#287,#2767,.T.);
#3768=EDGE_CURVE('',#283,#383,#2768,.T.);
#3769=EDGE_CURVE('',#397,#299,#2769,.T.);
#3770=EDGE_CURVE('',#298,#392,#2770,.T.);
#3771=EDGE_CURVE('',#396,#307,#2771,.T.);
#3772=EDGE_CURVE('',#306,#393,#2772,.T.);
#3773=EDGE_CURVE('',#494,#335,#2773,.T.);
#3774=EDGE_CURVE('',#339,#492,#2774,.T.);
#3775=EDGE_CURVE('',#495,#334,#2775,.T.);
#3776=EDGE_CURVE('',#338,#493,#2776,.T.);
#3777=EDGE_CURVE('',#501,#371,#2777,.T.);
#3778=EDGE_CURVE('',#370,#496,#2778,.T.);
#3779=EDGE_CURVE('',#500,#399,#2779,.T.);
#3780=EDGE_CURVE('',#398,#497,#2780,.T.);
#3781=EDGE_CURVE('',#608,#456,#2781,.T.);
#3782=EDGE_CURVE('',#454,#606,#2782,.T.);
#3783=EDGE_CURVE('',#609,#457,#2783,.T.);
#3784=EDGE_CURVE('',#455,#607,#2784,.T.);
#3785=EDGE_CURVE('',#615,#491,#2785,.T.);
#3786=EDGE_CURVE('',#490,#610,#2786,.T.);
#3787=EDGE_CURVE('',#614,#527,#2787,.T.);
#3788=EDGE_CURVE('',#526,#611,#2788,.T.);
#3789=EDGE_CURVE('',#728,#581,#2789,.T.);
#3790=EDGE_CURVE('',#585,#726,#2790,.T.);
#3791=EDGE_CURVE('',#729,#580,#2791,.T.);
#3792=EDGE_CURVE('',#584,#727,#2792,.T.);
#3793=EDGE_CURVE('',#735,#621,#2793,.T.);
#3794=EDGE_CURVE('',#620,#730,#2794,.T.);
#3795=EDGE_CURVE('',#734,#649,#2795,.T.);
#3796=EDGE_CURVE('',#648,#731,#2796,.T.);
#3797=EDGE_CURVE('',#806,#694,#2797,.T.);
#3798=EDGE_CURVE('',#692,#804,#2798,.T.);
#3799=EDGE_CURVE('',#807,#695,#2799,.T.);
#3800=EDGE_CURVE('',#693,#805,#2800,.T.);
#3801=EDGE_CURVE('',#813,#814,#2801,.T.);
#3802=EDGE_CURVE('',#813,#815,#2802,.T.);
#3803=EDGE_CURVE('',#816,#815,#2803,.T.);
#3804=EDGE_CURVE('',#816,#814,#2804,.T.);
#3805=EDGE_CURVE('',#815,#817,#2805,.T.);
#3806=EDGE_CURVE('',#818,#817,#2806,.T.);
#3807=EDGE_CURVE('',#818,#816,#2807,.T.);
#3808=EDGE_CURVE('',#819,#820,#2808,.T.);
#3809=EDGE_CURVE('',#819,#813,#2809,.T.);
#3810=EDGE_CURVE('',#814,#820,#2810,.T.);
#3811=EDGE_CURVE('',#817,#819,#2811,.T.);
#3812=EDGE_CURVE('',#820,#818,#2812,.T.);
#3813=EDGE_CURVE('',#820,#821,#2813,.T.);
#3814=EDGE_CURVE('',#821,#822,#2814,.T.);
#3815=EDGE_CURVE('',#822,#818,#2815,.T.);
#3816=EDGE_CURVE('',#814,#823,#2816,.T.);
#3817=EDGE_CURVE('',#823,#821,#2817,.T.);
#3818=EDGE_CURVE('',#824,#816,#2818,.T.);
#3819=EDGE_CURVE('',#822,#824,#2819,.T.);
#3820=EDGE_CURVE('',#824,#823,#2820,.T.);
#3821=EDGE_CURVE('',#825,#826,#2821,.T.);
#3822=EDGE_CURVE('',#827,#825,#2822,.T.);
#3823=EDGE_CURVE('',#828,#827,#2823,.T.);
#3824=EDGE_CURVE('',#826,#828,#2824,.T.);
#3825=EDGE_CURVE('',#827,#813,#2825,.T.);
#3826=EDGE_CURVE('',#815,#825,#2826,.T.);
#3827=EDGE_CURVE('',#817,#826,#2827,.T.);
#3828=EDGE_CURVE('',#828,#819,#2828,.T.);
#3829=ORIENTED_EDGE('',*,*,#2829,.F.);
#3830=ORIENTED_EDGE('',*,*,#2830,.F.);
#3831=ORIENTED_EDGE('',*,*,#2831,.F.);
#3832=ORIENTED_EDGE('',*,*,#2832,.F.);
#3833=ORIENTED_EDGE('',*,*,#2833,.F.);
#3834=ORIENTED_EDGE('',*,*,#2834,.F.);
#3835=ORIENTED_EDGE('',*,*,#2835,.F.);
#3836=ORIENTED_EDGE('',*,*,#2836,.F.);
#3837=ORIENTED_EDGE('',*,*,#2832,.T.);
#3838=ORIENTED_EDGE('',*,*,#2837,.T.);
#3839=ORIENTED_EDGE('',*,*,#2838,.F.);
#3840=ORIENTED_EDGE('',*,*,#2839,.T.);
#3841=ORIENTED_EDGE('',*,*,#2831,.T.);
#3842=ORIENTED_EDGE('',*,*,#2840,.F.);
#3843=ORIENTED_EDGE('',*,*,#2841,.T.);
#3844=ORIENTED_EDGE('',*,*,#2837,.F.);
#3845=ORIENTED_EDGE('',*,*,#2836,.T.);
#3846=ORIENTED_EDGE('',*,*,#2842,.T.);
#3847=ORIENTED_EDGE('',*,*,#2843,.T.);
#3848=ORIENTED_EDGE('',*,*,#2844,.T.);
#3849=ORIENTED_EDGE('',*,*,#2835,.T.);
#3850=ORIENTED_EDGE('',*,*,#2845,.F.);
#3851=ORIENTED_EDGE('',*,*,#2846,.T.);
#3852=ORIENTED_EDGE('',*,*,#2842,.F.);
#3853=ORIENTED_EDGE('',*,*,#2847,.F.);
#3854=ORIENTED_EDGE('',*,*,#2848,.F.);
#3855=ORIENTED_EDGE('',*,*,#2849,.F.);
#3856=ORIENTED_EDGE('',*,*,#2841,.F.);
#3857=ORIENTED_EDGE('',*,*,#2850,.F.);
#3858=ORIENTED_EDGE('',*,*,#2851,.F.);
#3859=ORIENTED_EDGE('',*,*,#2848,.T.);
#3860=ORIENTED_EDGE('',*,*,#2852,.F.);
#3861=ORIENTED_EDGE('',*,*,#2853,.F.);
#3862=ORIENTED_EDGE('',*,*,#2854,.F.);
#3863=ORIENTED_EDGE('',*,*,#2855,.T.);
#3864=ORIENTED_EDGE('',*,*,#2856,.F.);
#3865=ORIENTED_EDGE('',*,*,#2857,.T.);
#3866=ORIENTED_EDGE('',*,*,#2858,.T.);
#3867=ORIENTED_EDGE('',*,*,#2859,.T.);
#3868=ORIENTED_EDGE('',*,*,#2860,.T.);
#3869=ORIENTED_EDGE('',*,*,#2861,.T.);
#3870=ORIENTED_EDGE('',*,*,#2862,.T.);
#3871=ORIENTED_EDGE('',*,*,#2863,.T.);
#3872=ORIENTED_EDGE('',*,*,#2864,.T.);
#3873=ORIENTED_EDGE('',*,*,#2829,.T.);
#3874=ORIENTED_EDGE('',*,*,#2839,.F.);
#3875=ORIENTED_EDGE('',*,*,#2865,.F.);
#3876=ORIENTED_EDGE('',*,*,#2866,.F.);
#3877=ORIENTED_EDGE('',*,*,#2867,.F.);
#3878=ORIENTED_EDGE('',*,*,#2868,.F.);
#3879=ORIENTED_EDGE('',*,*,#2869,.F.);
#3880=ORIENTED_EDGE('',*,*,#2855,.F.);
#3881=ORIENTED_EDGE('',*,*,#2870,.F.);
#3882=ORIENTED_EDGE('',*,*,#2871,.F.);
#3883=ORIENTED_EDGE('',*,*,#2872,.F.);
#3884=ORIENTED_EDGE('',*,*,#2858,.F.);
#3885=ORIENTED_EDGE('',*,*,#2873,.F.);
#3886=ORIENTED_EDGE('',*,*,#2874,.F.);
#3887=ORIENTED_EDGE('',*,*,#2875,.F.);
#3888=ORIENTED_EDGE('',*,*,#2862,.F.);
#3889=ORIENTED_EDGE('',*,*,#2876,.F.);
#3890=ORIENTED_EDGE('',*,*,#2877,.F.);
#3891=ORIENTED_EDGE('',*,*,#2878,.F.);
#3892=ORIENTED_EDGE('',*,*,#2866,.T.);
#3893=ORIENTED_EDGE('',*,*,#2879,.F.);
#3894=ORIENTED_EDGE('',*,*,#2880,.F.);
#3895=ORIENTED_EDGE('',*,*,#2871,.T.);
#3896=ORIENTED_EDGE('',*,*,#2881,.F.);
#3897=ORIENTED_EDGE('',*,*,#2882,.T.);
#3898=ORIENTED_EDGE('',*,*,#2883,.F.);
#3899=ORIENTED_EDGE('',*,*,#2874,.T.);
#3900=ORIENTED_EDGE('',*,*,#2884,.T.);
#3901=ORIENTED_EDGE('',*,*,#2885,.T.);
#3902=ORIENTED_EDGE('',*,*,#2886,.T.);
#3903=ORIENTED_EDGE('',*,*,#2859,.F.);
#3904=ORIENTED_EDGE('',*,*,#2872,.T.);
#3905=ORIENTED_EDGE('',*,*,#2887,.F.);
#3906=ORIENTED_EDGE('',*,*,#2888,.F.);
#3907=ORIENTED_EDGE('',*,*,#2873,.T.);
#3908=ORIENTED_EDGE('',*,*,#2857,.F.);
#3909=ORIENTED_EDGE('',*,*,#2889,.F.);
#3910=ORIENTED_EDGE('',*,*,#2890,.F.);
#3911=ORIENTED_EDGE('',*,*,#2891,.T.);
#3912=ORIENTED_EDGE('',*,*,#2877,.T.);
#3913=ORIENTED_EDGE('',*,*,#2892,.T.);
#3914=ORIENTED_EDGE('',*,*,#2893,.T.);
#3915=ORIENTED_EDGE('',*,*,#2894,.F.);
#3916=ORIENTED_EDGE('',*,*,#2863,.F.);
#3917=ORIENTED_EDGE('',*,*,#2875,.T.);
#3918=ORIENTED_EDGE('',*,*,#2895,.F.);
#3919=ORIENTED_EDGE('',*,*,#2876,.T.);
#3920=ORIENTED_EDGE('',*,*,#2861,.F.);
#3921=ORIENTED_EDGE('',*,*,#2896,.F.);
#3922=ORIENTED_EDGE('',*,*,#2897,.F.);
#3923=ORIENTED_EDGE('',*,*,#2898,.T.);
#3924=ORIENTED_EDGE('',*,*,#2899,.F.);
#3925=ORIENTED_EDGE('',*,*,#2880,.T.);
#3926=ORIENTED_EDGE('',*,*,#2900,.F.);
#3927=ORIENTED_EDGE('',*,*,#2901,.T.);
#3928=ORIENTED_EDGE('',*,*,#2902,.F.);
#3929=ORIENTED_EDGE('',*,*,#2903,.T.);
#3930=ORIENTED_EDGE('',*,*,#2904,.F.);
#3931=ORIENTED_EDGE('',*,*,#2905,.T.);
#3932=ORIENTED_EDGE('',*,*,#2906,.T.);
#3933=ORIENTED_EDGE('',*,*,#2907,.T.);
#3934=ORIENTED_EDGE('',*,*,#2893,.F.);
#3935=ORIENTED_EDGE('',*,*,#2885,.F.);
#3936=ORIENTED_EDGE('',*,*,#2908,.T.);
#3937=ORIENTED_EDGE('',*,*,#2909,.T.);
#3938=ORIENTED_EDGE('',*,*,#2910,.T.);
#3939=ORIENTED_EDGE('',*,*,#2908,.F.);
#3940=ORIENTED_EDGE('',*,*,#2884,.F.);
#3941=ORIENTED_EDGE('',*,*,#2890,.T.);
#3942=ORIENTED_EDGE('',*,*,#2911,.T.);
#3943=ORIENTED_EDGE('',*,*,#2886,.F.);
#3944=ORIENTED_EDGE('',*,*,#2910,.F.);
#3945=ORIENTED_EDGE('',*,*,#2912,.T.);
#3946=ORIENTED_EDGE('',*,*,#2887,.T.);
#3947=ORIENTED_EDGE('',*,*,#2889,.T.);
#3948=ORIENTED_EDGE('',*,*,#2860,.F.);
#3949=ORIENTED_EDGE('',*,*,#2888,.T.);
#3950=ORIENTED_EDGE('',*,*,#2913,.F.);
#3951=ORIENTED_EDGE('',*,*,#2914,.T.);
#3952=ORIENTED_EDGE('',*,*,#2895,.T.);
#3953=ORIENTED_EDGE('',*,*,#2891,.F.);
#3954=ORIENTED_EDGE('',*,*,#2907,.F.);
#3955=ORIENTED_EDGE('',*,*,#2897,.T.);
#3956=ORIENTED_EDGE('',*,*,#2915,.T.);
#3957=ORIENTED_EDGE('',*,*,#2905,.F.);
#3958=ORIENTED_EDGE('',*,*,#2892,.F.);
#3959=ORIENTED_EDGE('',*,*,#2896,.T.);
#3960=ORIENTED_EDGE('',*,*,#2864,.F.);
#3961=ORIENTED_EDGE('',*,*,#2894,.T.);
#3962=ORIENTED_EDGE('',*,*,#2916,.F.);
#3963=ORIENTED_EDGE('',*,*,#2917,.F.);
#3964=ORIENTED_EDGE('',*,*,#2918,.T.);
#3965=ORIENTED_EDGE('',*,*,#2919,.F.);
#3966=ORIENTED_EDGE('',*,*,#2898,.F.);
#3967=ORIENTED_EDGE('',*,*,#2920,.F.);
#3968=ORIENTED_EDGE('',*,*,#2903,.F.);
#3969=ORIENTED_EDGE('',*,*,#2921,.F.);
#3970=ORIENTED_EDGE('',*,*,#2922,.F.);
#3971=ORIENTED_EDGE('',*,*,#2923,.F.);
#3972=ORIENTED_EDGE('',*,*,#2901,.F.);
#3973=ORIENTED_EDGE('',*,*,#2924,.F.);
#3974=ORIENTED_EDGE('',*,*,#2925,.T.);
#3975=ORIENTED_EDGE('',*,*,#2906,.F.);
#3976=ORIENTED_EDGE('',*,*,#2915,.F.);
#3977=ORIENTED_EDGE('',*,*,#2916,.T.);
#3978=ORIENTED_EDGE('',*,*,#2914,.F.);
#3979=ORIENTED_EDGE('',*,*,#2909,.F.);
#3980=ORIENTED_EDGE('',*,*,#2911,.F.);
#3981=ORIENTED_EDGE('',*,*,#2913,.T.);
#3982=ORIENTED_EDGE('',*,*,#2912,.F.);
#3983=ORIENTED_EDGE('',*,*,#2926,.T.);
#3984=ORIENTED_EDGE('',*,*,#2927,.T.);
#3985=ORIENTED_EDGE('',*,*,#2883,.T.);
#3986=ORIENTED_EDGE('',*,*,#2928,.F.);
#3987=ORIENTED_EDGE('',*,*,#2929,.F.);
#3988=ORIENTED_EDGE('',*,*,#2930,.F.);
#3989=ORIENTED_EDGE('',*,*,#2922,.T.);
#3990=ORIENTED_EDGE('',*,*,#2931,.F.);
#3991=ORIENTED_EDGE('',*,*,#2926,.F.);
#3992=ORIENTED_EDGE('',*,*,#2932,.F.);
#3993=ORIENTED_EDGE('',*,*,#2933,.T.);
#3994=ORIENTED_EDGE('',*,*,#2934,.F.);
#3995=ORIENTED_EDGE('',*,*,#2929,.T.);
#3996=ORIENTED_EDGE('',*,*,#2935,.F.);
#3997=ORIENTED_EDGE('',*,*,#2881,.T.);
#3998=ORIENTED_EDGE('',*,*,#2936,.T.);
#3999=ORIENTED_EDGE('',*,*,#2937,.T.);
#4000=ORIENTED_EDGE('',*,*,#2938,.F.);
#4001=ORIENTED_EDGE('',*,*,#2939,.F.);
#4002=ORIENTED_EDGE('',*,*,#2918,.F.);
#4003=ORIENTED_EDGE('',*,*,#2940,.T.);
#4004=ORIENTED_EDGE('',*,*,#2925,.F.);
#4005=ORIENTED_EDGE('',*,*,#2941,.F.);
#4006=ORIENTED_EDGE('',*,*,#2942,.F.);
#4007=ORIENTED_EDGE('',*,*,#2940,.F.);
#4008=ORIENTED_EDGE('',*,*,#2943,.T.);
#4009=ORIENTED_EDGE('',*,*,#2856,.T.);
#4010=ORIENTED_EDGE('',*,*,#2869,.T.);
#4011=ORIENTED_EDGE('',*,*,#2927,.F.);
#4012=ORIENTED_EDGE('',*,*,#2931,.T.);
#4013=ORIENTED_EDGE('',*,*,#2921,.T.);
#4014=ORIENTED_EDGE('',*,*,#2902,.T.);
#4015=ORIENTED_EDGE('',*,*,#2923,.T.);
#4016=ORIENTED_EDGE('',*,*,#2936,.F.);
#4017=ORIENTED_EDGE('',*,*,#2870,.T.);
#4018=ORIENTED_EDGE('',*,*,#2854,.T.);
#4019=ORIENTED_EDGE('',*,*,#2944,.T.);
#4020=ORIENTED_EDGE('',*,*,#2937,.F.);
#4021=ORIENTED_EDGE('',*,*,#2917,.T.);
#4022=ORIENTED_EDGE('',*,*,#2904,.T.);
#4023=ORIENTED_EDGE('',*,*,#2920,.T.);
#4024=ORIENTED_EDGE('',*,*,#2930,.T.);
#4025=ORIENTED_EDGE('',*,*,#2943,.F.);
#4026=ORIENTED_EDGE('',*,*,#2942,.T.);
#4027=ORIENTED_EDGE('',*,*,#2945,.T.);
#4028=ORIENTED_EDGE('',*,*,#2850,.T.);
#4029=ORIENTED_EDGE('',*,*,#2944,.F.);
#4030=ORIENTED_EDGE('',*,*,#2853,.T.);
#4031=ORIENTED_EDGE('',*,*,#2946,.T.);
#4032=ORIENTED_EDGE('',*,*,#2938,.T.);
#4033=ORIENTED_EDGE('',*,*,#2838,.T.);
#4034=ORIENTED_EDGE('',*,*,#2849,.T.);
#4035=ORIENTED_EDGE('',*,*,#2851,.T.);
#4036=ORIENTED_EDGE('',*,*,#2945,.F.);
#4037=ORIENTED_EDGE('',*,*,#2941,.T.);
#4038=ORIENTED_EDGE('',*,*,#2924,.T.);
#4039=ORIENTED_EDGE('',*,*,#2900,.T.);
#4040=ORIENTED_EDGE('',*,*,#2879,.T.);
#4041=ORIENTED_EDGE('',*,*,#2865,.T.);
#4042=ORIENTED_EDGE('',*,*,#2939,.T.);
#4043=ORIENTED_EDGE('',*,*,#2946,.F.);
#4044=ORIENTED_EDGE('',*,*,#2852,.T.);
#4045=ORIENTED_EDGE('',*,*,#2847,.T.);
#4046=ORIENTED_EDGE('',*,*,#2947,.T.);
#4047=ORIENTED_EDGE('',*,*,#2867,.T.);
#4048=ORIENTED_EDGE('',*,*,#2878,.T.);
#4049=ORIENTED_EDGE('',*,*,#2899,.T.);
#4050=ORIENTED_EDGE('',*,*,#2919,.T.);
#4051=ORIENTED_EDGE('',*,*,#2830,.T.);
#4052=ORIENTED_EDGE('',*,*,#2868,.T.);
#4053=ORIENTED_EDGE('',*,*,#2947,.F.);
#4054=ORIENTED_EDGE('',*,*,#2840,.T.);
#4055=ORIENTED_EDGE('',*,*,#2948,.F.);
#4056=ORIENTED_EDGE('',*,*,#2949,.F.);
#4057=ORIENTED_EDGE('',*,*,#2950,.T.);
#4058=ORIENTED_EDGE('',*,*,#2951,.F.);
#4059=ORIENTED_EDGE('',*,*,#2952,.F.);
#4060=ORIENTED_EDGE('',*,*,#2953,.F.);
#4061=ORIENTED_EDGE('',*,*,#2954,.T.);
#4062=ORIENTED_EDGE('',*,*,#2955,.F.);
#4063=ORIENTED_EDGE('',*,*,#2956,.T.);
#4064=ORIENTED_EDGE('',*,*,#2957,.T.);
#4065=ORIENTED_EDGE('',*,*,#2958,.T.);
#4066=ORIENTED_EDGE('',*,*,#2959,.T.);
#4067=ORIENTED_EDGE('',*,*,#2960,.T.);
#4068=ORIENTED_EDGE('',*,*,#2961,.T.);
#4069=ORIENTED_EDGE('',*,*,#2962,.T.);
#4070=ORIENTED_EDGE('',*,*,#2963,.T.);
#4071=ORIENTED_EDGE('',*,*,#2964,.F.);
#4072=ORIENTED_EDGE('',*,*,#2954,.F.);
#4073=ORIENTED_EDGE('',*,*,#2965,.F.);
#4074=ORIENTED_EDGE('',*,*,#2966,.F.);
#4075=ORIENTED_EDGE('',*,*,#2967,.F.);
#4076=ORIENTED_EDGE('',*,*,#2950,.F.);
#4077=ORIENTED_EDGE('',*,*,#2968,.F.);
#4078=ORIENTED_EDGE('',*,*,#2969,.F.);
#4079=ORIENTED_EDGE('',*,*,#2970,.F.);
#4080=ORIENTED_EDGE('',*,*,#2957,.F.);
#4081=ORIENTED_EDGE('',*,*,#2971,.F.);
#4082=ORIENTED_EDGE('',*,*,#2972,.F.);
#4083=ORIENTED_EDGE('',*,*,#2973,.F.);
#4084=ORIENTED_EDGE('',*,*,#2961,.F.);
#4085=ORIENTED_EDGE('',*,*,#2974,.F.);
#4086=ORIENTED_EDGE('',*,*,#2975,.F.);
#4087=ORIENTED_EDGE('',*,*,#2976,.F.);
#4088=ORIENTED_EDGE('',*,*,#2966,.T.);
#4089=ORIENTED_EDGE('',*,*,#2977,.F.);
#4090=ORIENTED_EDGE('',*,*,#2978,.T.);
#4091=ORIENTED_EDGE('',*,*,#2979,.F.);
#4092=ORIENTED_EDGE('',*,*,#2980,.T.);
#4093=ORIENTED_EDGE('',*,*,#2981,.F.);
#4094=ORIENTED_EDGE('',*,*,#2969,.T.);
#4095=ORIENTED_EDGE('',*,*,#2982,.T.);
#4096=ORIENTED_EDGE('',*,*,#2972,.T.);
#4097=ORIENTED_EDGE('',*,*,#2983,.T.);
#4098=ORIENTED_EDGE('',*,*,#2984,.T.);
#4099=ORIENTED_EDGE('',*,*,#2985,.F.);
#4100=ORIENTED_EDGE('',*,*,#2958,.F.);
#4101=ORIENTED_EDGE('',*,*,#2970,.T.);
#4102=ORIENTED_EDGE('',*,*,#2986,.F.);
#4103=ORIENTED_EDGE('',*,*,#2971,.T.);
#4104=ORIENTED_EDGE('',*,*,#2956,.F.);
#4105=ORIENTED_EDGE('',*,*,#2987,.F.);
#4106=ORIENTED_EDGE('',*,*,#2988,.F.);
#4107=ORIENTED_EDGE('',*,*,#2975,.T.);
#4108=ORIENTED_EDGE('',*,*,#2989,.T.);
#4109=ORIENTED_EDGE('',*,*,#2990,.T.);
#4110=ORIENTED_EDGE('',*,*,#2991,.T.);
#4111=ORIENTED_EDGE('',*,*,#2962,.F.);
#4112=ORIENTED_EDGE('',*,*,#2973,.T.);
#4113=ORIENTED_EDGE('',*,*,#2992,.F.);
#4114=ORIENTED_EDGE('',*,*,#2993,.F.);
#4115=ORIENTED_EDGE('',*,*,#2974,.T.);
#4116=ORIENTED_EDGE('',*,*,#2960,.F.);
#4117=ORIENTED_EDGE('',*,*,#2994,.F.);
#4118=ORIENTED_EDGE('',*,*,#2995,.F.);
#4119=ORIENTED_EDGE('',*,*,#2996,.F.);
#4120=ORIENTED_EDGE('',*,*,#2997,.F.);
#4121=ORIENTED_EDGE('',*,*,#2998,.F.);
#4122=ORIENTED_EDGE('',*,*,#2978,.F.);
#4123=ORIENTED_EDGE('',*,*,#2999,.F.);
#4124=ORIENTED_EDGE('',*,*,#3000,.F.);
#4125=ORIENTED_EDGE('',*,*,#3001,.F.);
#4126=ORIENTED_EDGE('',*,*,#2980,.F.);
#4127=ORIENTED_EDGE('',*,*,#3002,.T.);
#4128=ORIENTED_EDGE('',*,*,#2986,.T.);
#4129=ORIENTED_EDGE('',*,*,#2982,.F.);
#4130=ORIENTED_EDGE('',*,*,#3003,.T.);
#4131=ORIENTED_EDGE('',*,*,#3004,.T.);
#4132=ORIENTED_EDGE('',*,*,#3005,.F.);
#4133=ORIENTED_EDGE('',*,*,#3006,.T.);
#4134=ORIENTED_EDGE('',*,*,#3007,.F.);
#4135=ORIENTED_EDGE('',*,*,#3008,.T.);
#4136=ORIENTED_EDGE('',*,*,#3009,.F.);
#4137=ORIENTED_EDGE('',*,*,#3010,.T.);
#4138=ORIENTED_EDGE('',*,*,#3011,.F.);
#4139=ORIENTED_EDGE('',*,*,#3012,.T.);
#4140=ORIENTED_EDGE('',*,*,#3013,.T.);
#4141=ORIENTED_EDGE('',*,*,#3003,.F.);
#4142=ORIENTED_EDGE('',*,*,#2984,.F.);
#4143=ORIENTED_EDGE('',*,*,#2990,.F.);
#4144=ORIENTED_EDGE('',*,*,#3014,.T.);
#4145=ORIENTED_EDGE('',*,*,#3015,.T.);
#4146=ORIENTED_EDGE('',*,*,#3016,.T.);
#4147=ORIENTED_EDGE('',*,*,#2988,.T.);
#4148=ORIENTED_EDGE('',*,*,#3017,.T.);
#4149=ORIENTED_EDGE('',*,*,#3012,.F.);
#4150=ORIENTED_EDGE('',*,*,#2983,.F.);
#4151=ORIENTED_EDGE('',*,*,#2987,.T.);
#4152=ORIENTED_EDGE('',*,*,#2959,.F.);
#4153=ORIENTED_EDGE('',*,*,#2985,.T.);
#4154=ORIENTED_EDGE('',*,*,#3018,.F.);
#4155=ORIENTED_EDGE('',*,*,#3014,.F.);
#4156=ORIENTED_EDGE('',*,*,#2989,.F.);
#4157=ORIENTED_EDGE('',*,*,#2995,.T.);
#4158=ORIENTED_EDGE('',*,*,#3019,.T.);
#4159=ORIENTED_EDGE('',*,*,#2991,.F.);
#4160=ORIENTED_EDGE('',*,*,#3016,.F.);
#4161=ORIENTED_EDGE('',*,*,#3020,.T.);
#4162=ORIENTED_EDGE('',*,*,#2992,.T.);
#4163=ORIENTED_EDGE('',*,*,#2994,.T.);
#4164=ORIENTED_EDGE('',*,*,#2963,.F.);
#4165=ORIENTED_EDGE('',*,*,#2993,.T.);
#4166=ORIENTED_EDGE('',*,*,#3021,.F.);
#4167=ORIENTED_EDGE('',*,*,#3022,.F.);
#4168=ORIENTED_EDGE('',*,*,#3023,.F.);
#4169=ORIENTED_EDGE('',*,*,#3024,.T.);
#4170=ORIENTED_EDGE('',*,*,#3025,.F.);
#4171=ORIENTED_EDGE('',*,*,#3026,.F.);
#4172=ORIENTED_EDGE('',*,*,#3027,.F.);
#4173=ORIENTED_EDGE('',*,*,#2997,.T.);
#4174=ORIENTED_EDGE('',*,*,#3028,.F.);
#4175=ORIENTED_EDGE('',*,*,#3029,.T.);
#4176=ORIENTED_EDGE('',*,*,#3030,.T.);
#4177=ORIENTED_EDGE('',*,*,#3031,.T.);
#4178=ORIENTED_EDGE('',*,*,#3032,.T.);
#4179=ORIENTED_EDGE('',*,*,#3033,.T.);
#4180=ORIENTED_EDGE('',*,*,#3034,.T.);
#4181=ORIENTED_EDGE('',*,*,#3035,.T.);
#4182=ORIENTED_EDGE('',*,*,#3036,.T.);
#4183=ORIENTED_EDGE('',*,*,#3037,.T.);
#4184=ORIENTED_EDGE('',*,*,#3038,.T.);
#4185=ORIENTED_EDGE('',*,*,#3039,.T.);
#4186=ORIENTED_EDGE('',*,*,#3040,.T.);
#4187=ORIENTED_EDGE('',*,*,#3041,.T.);
#4188=ORIENTED_EDGE('',*,*,#3042,.T.);
#4189=ORIENTED_EDGE('',*,*,#3043,.T.);
#4190=ORIENTED_EDGE('',*,*,#3044,.T.);
#4191=ORIENTED_EDGE('',*,*,#3045,.F.);
#4192=ORIENTED_EDGE('',*,*,#3046,.F.);
#4193=ORIENTED_EDGE('',*,*,#3000,.T.);
#4194=ORIENTED_EDGE('',*,*,#3047,.F.);
#4195=ORIENTED_EDGE('',*,*,#3048,.F.);
#4196=ORIENTED_EDGE('',*,*,#3049,.F.);
#4197=ORIENTED_EDGE('',*,*,#3050,.T.);
#4198=ORIENTED_EDGE('',*,*,#3051,.F.);
#4199=ORIENTED_EDGE('',*,*,#3013,.F.);
#4200=ORIENTED_EDGE('',*,*,#3017,.F.);
#4201=ORIENTED_EDGE('',*,*,#3018,.T.);
#4202=ORIENTED_EDGE('',*,*,#3002,.F.);
#4203=ORIENTED_EDGE('',*,*,#3052,.F.);
#4204=ORIENTED_EDGE('',*,*,#3053,.T.);
#4205=ORIENTED_EDGE('',*,*,#3054,.F.);
#4206=ORIENTED_EDGE('',*,*,#3004,.F.);
#4207=ORIENTED_EDGE('',*,*,#3055,.F.);
#4208=ORIENTED_EDGE('',*,*,#3010,.F.);
#4209=ORIENTED_EDGE('',*,*,#3056,.F.);
#4210=ORIENTED_EDGE('',*,*,#3057,.F.);
#4211=ORIENTED_EDGE('',*,*,#3058,.F.);
#4212=ORIENTED_EDGE('',*,*,#3008,.F.);
#4213=ORIENTED_EDGE('',*,*,#3059,.F.);
#4214=ORIENTED_EDGE('',*,*,#3060,.T.);
#4215=ORIENTED_EDGE('',*,*,#3061,.F.);
#4216=ORIENTED_EDGE('',*,*,#3062,.F.);
#4217=ORIENTED_EDGE('',*,*,#3063,.F.);
#4218=ORIENTED_EDGE('',*,*,#3006,.F.);
#4219=ORIENTED_EDGE('',*,*,#3015,.F.);
#4220=ORIENTED_EDGE('',*,*,#3019,.F.);
#4221=ORIENTED_EDGE('',*,*,#3021,.T.);
#4222=ORIENTED_EDGE('',*,*,#3020,.F.);
#4223=ORIENTED_EDGE('',*,*,#3064,.F.);
#4224=ORIENTED_EDGE('',*,*,#3024,.F.);
#4225=ORIENTED_EDGE('',*,*,#3065,.F.);
#4226=ORIENTED_EDGE('',*,*,#3066,.F.);
#4227=ORIENTED_EDGE('',*,*,#3067,.F.);
#4228=ORIENTED_EDGE('',*,*,#3030,.F.);
#4229=ORIENTED_EDGE('',*,*,#3068,.F.);
#4230=ORIENTED_EDGE('',*,*,#3069,.F.);
#4231=ORIENTED_EDGE('',*,*,#3070,.F.);
#4232=ORIENTED_EDGE('',*,*,#3034,.F.);
#4233=ORIENTED_EDGE('',*,*,#3071,.F.);
#4234=ORIENTED_EDGE('',*,*,#3072,.F.);
#4235=ORIENTED_EDGE('',*,*,#3073,.F.);
#4236=ORIENTED_EDGE('',*,*,#3038,.F.);
#4237=ORIENTED_EDGE('',*,*,#3074,.F.);
#4238=ORIENTED_EDGE('',*,*,#3075,.F.);
#4239=ORIENTED_EDGE('',*,*,#3076,.F.);
#4240=ORIENTED_EDGE('',*,*,#3042,.F.);
#4241=ORIENTED_EDGE('',*,*,#3077,.F.);
#4242=ORIENTED_EDGE('',*,*,#3078,.F.);
#4243=ORIENTED_EDGE('',*,*,#3079,.F.);
#4244=ORIENTED_EDGE('',*,*,#3050,.F.);
#4245=ORIENTED_EDGE('',*,*,#3080,.F.);
#4246=ORIENTED_EDGE('',*,*,#3081,.F.);
#4247=ORIENTED_EDGE('',*,*,#3082,.F.);
#4248=ORIENTED_EDGE('',*,*,#3083,.F.);
#4249=ORIENTED_EDGE('',*,*,#3084,.F.);
#4250=ORIENTED_EDGE('',*,*,#3053,.F.);
#4251=ORIENTED_EDGE('',*,*,#3085,.F.);
#4252=ORIENTED_EDGE('',*,*,#3086,.F.);
#4253=ORIENTED_EDGE('',*,*,#3087,.F.);
#4254=ORIENTED_EDGE('',*,*,#3057,.T.);
#4255=ORIENTED_EDGE('',*,*,#3088,.F.);
#4256=ORIENTED_EDGE('',*,*,#3089,.F.);
#4257=ORIENTED_EDGE('',*,*,#3090,.F.);
#4258=ORIENTED_EDGE('',*,*,#3091,.F.);
#4259=ORIENTED_EDGE('',*,*,#3092,.F.);
#4260=ORIENTED_EDGE('',*,*,#3060,.F.);
#4261=ORIENTED_EDGE('',*,*,#3093,.F.);
#4262=ORIENTED_EDGE('',*,*,#3094,.F.);
#4263=ORIENTED_EDGE('',*,*,#3095,.F.);
#4264=ORIENTED_EDGE('',*,*,#3096,.F.);
#4265=ORIENTED_EDGE('',*,*,#3097,.F.);
#4266=ORIENTED_EDGE('',*,*,#3098,.F.);
#4267=ORIENTED_EDGE('',*,*,#3099,.F.);
#4268=ORIENTED_EDGE('',*,*,#3100,.F.);
#4269=ORIENTED_EDGE('',*,*,#3101,.F.);
#4270=ORIENTED_EDGE('',*,*,#3062,.T.);
#4271=ORIENTED_EDGE('',*,*,#3102,.F.);
#4272=ORIENTED_EDGE('',*,*,#3066,.T.);
#4273=ORIENTED_EDGE('',*,*,#3103,.F.);
#4274=ORIENTED_EDGE('',*,*,#3104,.T.);
#4275=ORIENTED_EDGE('',*,*,#3105,.T.);
#4276=ORIENTED_EDGE('',*,*,#3069,.T.);
#4277=ORIENTED_EDGE('',*,*,#3106,.T.);
#4278=ORIENTED_EDGE('',*,*,#3107,.T.);
#4279=ORIENTED_EDGE('',*,*,#3108,.F.);
#4280=ORIENTED_EDGE('',*,*,#3031,.F.);
#4281=ORIENTED_EDGE('',*,*,#3067,.T.);
#4282=ORIENTED_EDGE('',*,*,#3109,.F.);
#4283=ORIENTED_EDGE('',*,*,#3068,.T.);
#4284=ORIENTED_EDGE('',*,*,#3029,.F.);
#4285=ORIENTED_EDGE('',*,*,#3110,.F.);
#4286=ORIENTED_EDGE('',*,*,#3111,.F.);
#4287=ORIENTED_EDGE('',*,*,#3072,.T.);
#4288=ORIENTED_EDGE('',*,*,#3112,.T.);
#4289=ORIENTED_EDGE('',*,*,#3113,.T.);
#4290=ORIENTED_EDGE('',*,*,#3114,.T.);
#4291=ORIENTED_EDGE('',*,*,#3035,.F.);
#4292=ORIENTED_EDGE('',*,*,#3070,.T.);
#4293=ORIENTED_EDGE('',*,*,#3115,.F.);
#4294=ORIENTED_EDGE('',*,*,#3116,.F.);
#4295=ORIENTED_EDGE('',*,*,#3071,.T.);
#4296=ORIENTED_EDGE('',*,*,#3033,.F.);
#4297=ORIENTED_EDGE('',*,*,#3117,.F.);
#4298=ORIENTED_EDGE('',*,*,#3118,.F.);
#4299=ORIENTED_EDGE('',*,*,#3075,.T.);
#4300=ORIENTED_EDGE('',*,*,#3119,.T.);
#4301=ORIENTED_EDGE('',*,*,#3120,.T.);
#4302=ORIENTED_EDGE('',*,*,#3121,.T.);
#4303=ORIENTED_EDGE('',*,*,#3039,.F.);
#4304=ORIENTED_EDGE('',*,*,#3073,.T.);
#4305=ORIENTED_EDGE('',*,*,#3122,.F.);
#4306=ORIENTED_EDGE('',*,*,#3123,.F.);
#4307=ORIENTED_EDGE('',*,*,#3074,.T.);
#4308=ORIENTED_EDGE('',*,*,#3037,.F.);
#4309=ORIENTED_EDGE('',*,*,#3124,.F.);
#4310=ORIENTED_EDGE('',*,*,#3125,.F.);
#4311=ORIENTED_EDGE('',*,*,#3126,.T.);
#4312=ORIENTED_EDGE('',*,*,#3078,.T.);
#4313=ORIENTED_EDGE('',*,*,#3127,.T.);
#4314=ORIENTED_EDGE('',*,*,#3128,.T.);
#4315=ORIENTED_EDGE('',*,*,#3129,.F.);
#4316=ORIENTED_EDGE('',*,*,#3043,.F.);
#4317=ORIENTED_EDGE('',*,*,#3076,.T.);
#4318=ORIENTED_EDGE('',*,*,#3130,.F.);
#4319=ORIENTED_EDGE('',*,*,#3077,.T.);
#4320=ORIENTED_EDGE('',*,*,#3041,.F.);
#4321=ORIENTED_EDGE('',*,*,#3131,.F.);
#4322=ORIENTED_EDGE('',*,*,#3132,.F.);
#4323=ORIENTED_EDGE('',*,*,#3133,.F.);
#4324=ORIENTED_EDGE('',*,*,#3134,.T.);
#4325=ORIENTED_EDGE('',*,*,#3135,.F.);
#4326=ORIENTED_EDGE('',*,*,#3081,.T.);
#4327=ORIENTED_EDGE('',*,*,#3136,.F.);
#4328=ORIENTED_EDGE('',*,*,#3091,.T.);
#4329=ORIENTED_EDGE('',*,*,#3137,.F.);
#4330=ORIENTED_EDGE('',*,*,#3138,.F.);
#4331=ORIENTED_EDGE('',*,*,#3139,.F.);
#4332=ORIENTED_EDGE('',*,*,#3140,.F.);
#4333=ORIENTED_EDGE('',*,*,#3141,.F.);
#4334=ORIENTED_EDGE('',*,*,#3098,.T.);
#4335=ORIENTED_EDGE('',*,*,#3142,.F.);
#4336=ORIENTED_EDGE('',*,*,#3143,.F.);
#4337=ORIENTED_EDGE('',*,*,#3144,.F.);
#4338=ORIENTED_EDGE('',*,*,#3104,.F.);
#4339=ORIENTED_EDGE('',*,*,#3145,.T.);
#4340=ORIENTED_EDGE('',*,*,#3109,.T.);
#4341=ORIENTED_EDGE('',*,*,#3105,.F.);
#4342=ORIENTED_EDGE('',*,*,#3146,.T.);
#4343=ORIENTED_EDGE('',*,*,#3147,.T.);
#4344=ORIENTED_EDGE('',*,*,#3148,.F.);
#4345=ORIENTED_EDGE('',*,*,#3149,.T.);
#4346=ORIENTED_EDGE('',*,*,#3150,.F.);
#4347=ORIENTED_EDGE('',*,*,#3151,.T.);
#4348=ORIENTED_EDGE('',*,*,#3152,.F.);
#4349=ORIENTED_EDGE('',*,*,#3140,.T.);
#4350=ORIENTED_EDGE('',*,*,#3153,.F.);
#4351=ORIENTED_EDGE('',*,*,#3154,.T.);
#4352=ORIENTED_EDGE('',*,*,#3155,.T.);
#4353=ORIENTED_EDGE('',*,*,#3146,.F.);
#4354=ORIENTED_EDGE('',*,*,#3107,.F.);
#4355=ORIENTED_EDGE('',*,*,#3113,.F.);
#4356=ORIENTED_EDGE('',*,*,#3156,.T.);
#4357=ORIENTED_EDGE('',*,*,#3157,.T.);
#4358=ORIENTED_EDGE('',*,*,#3158,.T.);
#4359=ORIENTED_EDGE('',*,*,#3111,.T.);
#4360=ORIENTED_EDGE('',*,*,#3159,.T.);
#4361=ORIENTED_EDGE('',*,*,#3154,.F.);
#4362=ORIENTED_EDGE('',*,*,#3106,.F.);
#4363=ORIENTED_EDGE('',*,*,#3110,.T.);
#4364=ORIENTED_EDGE('',*,*,#3032,.F.);
#4365=ORIENTED_EDGE('',*,*,#3108,.T.);
#4366=ORIENTED_EDGE('',*,*,#3160,.F.);
#4367=ORIENTED_EDGE('',*,*,#3156,.F.);
#4368=ORIENTED_EDGE('',*,*,#3112,.F.);
#4369=ORIENTED_EDGE('',*,*,#3118,.T.);
#4370=ORIENTED_EDGE('',*,*,#3161,.T.);
#4371=ORIENTED_EDGE('',*,*,#3114,.F.);
#4372=ORIENTED_EDGE('',*,*,#3158,.F.);
#4373=ORIENTED_EDGE('',*,*,#3162,.T.);
#4374=ORIENTED_EDGE('',*,*,#3115,.T.);
#4375=ORIENTED_EDGE('',*,*,#3117,.T.);
#4376=ORIENTED_EDGE('',*,*,#3036,.F.);
#4377=ORIENTED_EDGE('',*,*,#3116,.T.);
#4378=ORIENTED_EDGE('',*,*,#3163,.F.);
#4379=ORIENTED_EDGE('',*,*,#3164,.T.);
#4380=ORIENTED_EDGE('',*,*,#3119,.F.);
#4381=ORIENTED_EDGE('',*,*,#3125,.T.);
#4382=ORIENTED_EDGE('',*,*,#3165,.T.);
#4383=ORIENTED_EDGE('',*,*,#3121,.F.);
#4384=ORIENTED_EDGE('',*,*,#3166,.T.);
#4385=ORIENTED_EDGE('',*,*,#3167,.T.);
#4386=ORIENTED_EDGE('',*,*,#3122,.T.);
#4387=ORIENTED_EDGE('',*,*,#3168,.T.);
#4388=ORIENTED_EDGE('',*,*,#3169,.F.);
#4389=ORIENTED_EDGE('',*,*,#3138,.T.);
#4390=ORIENTED_EDGE('',*,*,#3170,.F.);
#4391=ORIENTED_EDGE('',*,*,#3171,.T.);
#4392=ORIENTED_EDGE('',*,*,#3172,.F.);
#4393=ORIENTED_EDGE('',*,*,#3173,.T.);
#4394=ORIENTED_EDGE('',*,*,#3174,.F.);
#4395=ORIENTED_EDGE('',*,*,#3175,.T.);
#4396=ORIENTED_EDGE('',*,*,#3176,.T.);
#4397=ORIENTED_EDGE('',*,*,#3177,.T.);
#4398=ORIENTED_EDGE('',*,*,#3128,.F.);
#4399=ORIENTED_EDGE('',*,*,#3120,.F.);
#4400=ORIENTED_EDGE('',*,*,#3164,.F.);
#4401=ORIENTED_EDGE('',*,*,#3178,.T.);
#4402=ORIENTED_EDGE('',*,*,#3166,.F.);
#4403=ORIENTED_EDGE('',*,*,#3124,.T.);
#4404=ORIENTED_EDGE('',*,*,#3040,.F.);
#4405=ORIENTED_EDGE('',*,*,#3123,.T.);
#4406=ORIENTED_EDGE('',*,*,#3179,.F.);
#4407=ORIENTED_EDGE('',*,*,#3180,.T.);
#4408=ORIENTED_EDGE('',*,*,#3130,.T.);
#4409=ORIENTED_EDGE('',*,*,#3126,.F.);
#4410=ORIENTED_EDGE('',*,*,#3177,.F.);
#4411=ORIENTED_EDGE('',*,*,#3132,.T.);
#4412=ORIENTED_EDGE('',*,*,#3181,.T.);
#4413=ORIENTED_EDGE('',*,*,#3175,.F.);
#4414=ORIENTED_EDGE('',*,*,#3127,.F.);
#4415=ORIENTED_EDGE('',*,*,#3131,.T.);
#4416=ORIENTED_EDGE('',*,*,#3044,.F.);
#4417=ORIENTED_EDGE('',*,*,#3129,.T.);
#4418=ORIENTED_EDGE('',*,*,#3182,.F.);
#4419=ORIENTED_EDGE('',*,*,#3183,.F.);
#4420=ORIENTED_EDGE('',*,*,#3184,.F.);
#4421=ORIENTED_EDGE('',*,*,#3185,.F.);
#4422=ORIENTED_EDGE('',*,*,#3134,.F.);
#4423=ORIENTED_EDGE('',*,*,#3186,.T.);
#4424=ORIENTED_EDGE('',*,*,#3187,.T.);
#4425=ORIENTED_EDGE('',*,*,#3188,.T.);
#4426=ORIENTED_EDGE('',*,*,#3189,.T.);
#4427=ORIENTED_EDGE('',*,*,#3190,.T.);
#4428=ORIENTED_EDGE('',*,*,#3191,.T.);
#4429=ORIENTED_EDGE('',*,*,#3192,.T.);
#4430=ORIENTED_EDGE('',*,*,#3193,.T.);
#4431=ORIENTED_EDGE('',*,*,#3194,.F.);
#4432=ORIENTED_EDGE('',*,*,#3195,.F.);
#4433=ORIENTED_EDGE('',*,*,#3143,.T.);
#4434=ORIENTED_EDGE('',*,*,#3196,.F.);
#4435=ORIENTED_EDGE('',*,*,#3197,.F.);
#4436=ORIENTED_EDGE('',*,*,#3198,.F.);
#4437=ORIENTED_EDGE('',*,*,#3199,.T.);
#4438=ORIENTED_EDGE('',*,*,#3200,.F.);
#4439=ORIENTED_EDGE('',*,*,#3155,.F.);
#4440=ORIENTED_EDGE('',*,*,#3159,.F.);
#4441=ORIENTED_EDGE('',*,*,#3160,.T.);
#4442=ORIENTED_EDGE('',*,*,#3145,.F.);
#4443=ORIENTED_EDGE('',*,*,#3201,.F.);
#4444=ORIENTED_EDGE('',*,*,#3202,.T.);
#4445=ORIENTED_EDGE('',*,*,#3203,.F.);
#4446=ORIENTED_EDGE('',*,*,#3147,.F.);
#4447=ORIENTED_EDGE('',*,*,#3204,.F.);
#4448=ORIENTED_EDGE('',*,*,#3151,.F.);
#4449=ORIENTED_EDGE('',*,*,#3205,.F.);
#4450=ORIENTED_EDGE('',*,*,#3206,.T.);
#4451=ORIENTED_EDGE('',*,*,#3207,.F.);
#4452=ORIENTED_EDGE('',*,*,#3208,.F.);
#4453=ORIENTED_EDGE('',*,*,#3209,.F.);
#4454=ORIENTED_EDGE('',*,*,#3149,.F.);
#4455=ORIENTED_EDGE('',*,*,#3157,.F.);
#4456=ORIENTED_EDGE('',*,*,#3161,.F.);
#4457=ORIENTED_EDGE('',*,*,#3163,.T.);
#4458=ORIENTED_EDGE('',*,*,#3162,.F.);
#4459=ORIENTED_EDGE('',*,*,#3178,.F.);
#4460=ORIENTED_EDGE('',*,*,#3165,.F.);
#4461=ORIENTED_EDGE('',*,*,#3179,.T.);
#4462=ORIENTED_EDGE('',*,*,#3167,.F.);
#4463=ORIENTED_EDGE('',*,*,#3210,.F.);
#4464=ORIENTED_EDGE('',*,*,#3211,.T.);
#4465=ORIENTED_EDGE('',*,*,#3212,.F.);
#4466=ORIENTED_EDGE('',*,*,#3168,.F.);
#4467=ORIENTED_EDGE('',*,*,#3213,.F.);
#4468=ORIENTED_EDGE('',*,*,#3173,.F.);
#4469=ORIENTED_EDGE('',*,*,#3214,.F.);
#4470=ORIENTED_EDGE('',*,*,#3215,.F.);
#4471=ORIENTED_EDGE('',*,*,#3216,.F.);
#4472=ORIENTED_EDGE('',*,*,#3171,.F.);
#4473=ORIENTED_EDGE('',*,*,#3217,.F.);
#4474=ORIENTED_EDGE('',*,*,#3218,.T.);
#4475=ORIENTED_EDGE('',*,*,#3176,.F.);
#4476=ORIENTED_EDGE('',*,*,#3181,.F.);
#4477=ORIENTED_EDGE('',*,*,#3182,.T.);
#4478=ORIENTED_EDGE('',*,*,#3180,.F.);
#4479=ORIENTED_EDGE('',*,*,#3219,.T.);
#4480=ORIENTED_EDGE('',*,*,#3220,.T.);
#4481=ORIENTED_EDGE('',*,*,#3221,.T.);
#4482=ORIENTED_EDGE('',*,*,#3222,.T.);
#4483=ORIENTED_EDGE('',*,*,#3223,.T.);
#4484=ORIENTED_EDGE('',*,*,#3224,.T.);
#4485=ORIENTED_EDGE('',*,*,#3225,.T.);
#4486=ORIENTED_EDGE('',*,*,#3226,.T.);
#4487=ORIENTED_EDGE('',*,*,#3227,.F.);
#4488=ORIENTED_EDGE('',*,*,#3228,.F.);
#4489=ORIENTED_EDGE('',*,*,#3229,.T.);
#4490=ORIENTED_EDGE('',*,*,#3230,.F.);
#4491=ORIENTED_EDGE('',*,*,#3231,.F.);
#4492=ORIENTED_EDGE('',*,*,#3232,.F.);
#4493=ORIENTED_EDGE('',*,*,#3184,.T.);
#4494=ORIENTED_EDGE('',*,*,#3233,.F.);
#4495=ORIENTED_EDGE('',*,*,#3234,.F.);
#4496=ORIENTED_EDGE('',*,*,#3187,.F.);
#4497=ORIENTED_EDGE('',*,*,#3235,.F.);
#4498=ORIENTED_EDGE('',*,*,#3236,.F.);
#4499=ORIENTED_EDGE('',*,*,#3237,.F.);
#4500=ORIENTED_EDGE('',*,*,#3191,.F.);
#4501=ORIENTED_EDGE('',*,*,#3238,.F.);
#4502=ORIENTED_EDGE('',*,*,#3239,.F.);
#4503=ORIENTED_EDGE('',*,*,#3240,.F.);
#4504=ORIENTED_EDGE('',*,*,#3199,.F.);
#4505=ORIENTED_EDGE('',*,*,#3241,.F.);
#4506=ORIENTED_EDGE('',*,*,#3242,.F.);
#4507=ORIENTED_EDGE('',*,*,#3243,.F.);
#4508=ORIENTED_EDGE('',*,*,#3244,.F.);
#4509=ORIENTED_EDGE('',*,*,#3245,.F.);
#4510=ORIENTED_EDGE('',*,*,#3202,.F.);
#4511=ORIENTED_EDGE('',*,*,#3246,.F.);
#4512=ORIENTED_EDGE('',*,*,#3206,.F.);
#4513=ORIENTED_EDGE('',*,*,#3247,.F.);
#4514=ORIENTED_EDGE('',*,*,#3248,.F.);
#4515=ORIENTED_EDGE('',*,*,#3249,.F.);
#4516=ORIENTED_EDGE('',*,*,#3250,.F.);
#4517=ORIENTED_EDGE('',*,*,#3251,.F.);
#4518=ORIENTED_EDGE('',*,*,#3252,.F.);
#4519=ORIENTED_EDGE('',*,*,#3253,.F.);
#4520=ORIENTED_EDGE('',*,*,#3254,.F.);
#4521=ORIENTED_EDGE('',*,*,#3255,.F.);
#4522=ORIENTED_EDGE('',*,*,#3208,.T.);
#4523=ORIENTED_EDGE('',*,*,#3256,.F.);
#4524=ORIENTED_EDGE('',*,*,#3257,.F.);
#4525=ORIENTED_EDGE('',*,*,#3258,.F.);
#4526=ORIENTED_EDGE('',*,*,#3211,.F.);
#4527=ORIENTED_EDGE('',*,*,#3259,.F.);
#4528=ORIENTED_EDGE('',*,*,#3260,.F.);
#4529=ORIENTED_EDGE('',*,*,#3261,.F.);
#4530=ORIENTED_EDGE('',*,*,#3215,.T.);
#4531=ORIENTED_EDGE('',*,*,#3262,.F.);
#4532=ORIENTED_EDGE('',*,*,#3263,.F.);
#4533=ORIENTED_EDGE('',*,*,#3264,.F.);
#4534=ORIENTED_EDGE('',*,*,#3265,.F.);
#4535=ORIENTED_EDGE('',*,*,#3266,.F.);
#4536=ORIENTED_EDGE('',*,*,#3218,.F.);
#4537=ORIENTED_EDGE('',*,*,#3267,.F.);
#4538=ORIENTED_EDGE('',*,*,#3268,.F.);
#4539=ORIENTED_EDGE('',*,*,#3269,.F.);
#4540=ORIENTED_EDGE('',*,*,#3220,.F.);
#4541=ORIENTED_EDGE('',*,*,#3270,.F.);
#4542=ORIENTED_EDGE('',*,*,#3271,.F.);
#4543=ORIENTED_EDGE('',*,*,#3272,.F.);
#4544=ORIENTED_EDGE('',*,*,#3224,.F.);
#4545=ORIENTED_EDGE('',*,*,#3273,.F.);
#4546=ORIENTED_EDGE('',*,*,#3274,.F.);
#4547=ORIENTED_EDGE('',*,*,#3275,.F.);
#4548=ORIENTED_EDGE('',*,*,#3229,.F.);
#4549=ORIENTED_EDGE('',*,*,#3276,.F.);
#4550=ORIENTED_EDGE('',*,*,#3277,.F.);
#4551=ORIENTED_EDGE('',*,*,#3236,.T.);
#4552=ORIENTED_EDGE('',*,*,#3278,.T.);
#4553=ORIENTED_EDGE('',*,*,#3279,.T.);
#4554=ORIENTED_EDGE('',*,*,#3280,.T.);
#4555=ORIENTED_EDGE('',*,*,#3188,.F.);
#4556=ORIENTED_EDGE('',*,*,#3234,.T.);
#4557=ORIENTED_EDGE('',*,*,#3281,.F.);
#4558=ORIENTED_EDGE('',*,*,#3282,.F.);
#4559=ORIENTED_EDGE('',*,*,#3235,.T.);
#4560=ORIENTED_EDGE('',*,*,#3186,.F.);
#4561=ORIENTED_EDGE('',*,*,#3283,.F.);
#4562=ORIENTED_EDGE('',*,*,#3284,.F.);
#4563=ORIENTED_EDGE('',*,*,#3285,.T.);
#4564=ORIENTED_EDGE('',*,*,#3239,.T.);
#4565=ORIENTED_EDGE('',*,*,#3286,.T.);
#4566=ORIENTED_EDGE('',*,*,#3287,.T.);
#4567=ORIENTED_EDGE('',*,*,#3288,.F.);
#4568=ORIENTED_EDGE('',*,*,#3192,.F.);
#4569=ORIENTED_EDGE('',*,*,#3237,.T.);
#4570=ORIENTED_EDGE('',*,*,#3289,.F.);
#4571=ORIENTED_EDGE('',*,*,#3238,.T.);
#4572=ORIENTED_EDGE('',*,*,#3190,.F.);
#4573=ORIENTED_EDGE('',*,*,#3290,.F.);
#4574=ORIENTED_EDGE('',*,*,#3291,.F.);
#4575=ORIENTED_EDGE('',*,*,#3292,.F.);
#4576=ORIENTED_EDGE('',*,*,#3242,.T.);
#4577=ORIENTED_EDGE('',*,*,#3293,.F.);
#4578=ORIENTED_EDGE('',*,*,#3294,.T.);
#4579=ORIENTED_EDGE('',*,*,#3295,.F.);
#4580=ORIENTED_EDGE('',*,*,#3296,.F.);
#4581=ORIENTED_EDGE('',*,*,#3297,.F.);
#4582=ORIENTED_EDGE('',*,*,#3252,.T.);
#4583=ORIENTED_EDGE('',*,*,#3298,.F.);
#4584=ORIENTED_EDGE('',*,*,#3265,.T.);
#4585=ORIENTED_EDGE('',*,*,#3299,.F.);
#4586=ORIENTED_EDGE('',*,*,#3300,.F.);
#4587=ORIENTED_EDGE('',*,*,#3271,.T.);
#4588=ORIENTED_EDGE('',*,*,#3301,.T.);
#4589=ORIENTED_EDGE('',*,*,#3302,.T.);
#4590=ORIENTED_EDGE('',*,*,#3303,.T.);
#4591=ORIENTED_EDGE('',*,*,#3221,.F.);
#4592=ORIENTED_EDGE('',*,*,#3269,.T.);
#4593=ORIENTED_EDGE('',*,*,#3304,.F.);
#4594=ORIENTED_EDGE('',*,*,#3305,.F.);
#4595=ORIENTED_EDGE('',*,*,#3270,.T.);
#4596=ORIENTED_EDGE('',*,*,#3219,.F.);
#4597=ORIENTED_EDGE('',*,*,#3306,.F.);
#4598=ORIENTED_EDGE('',*,*,#3307,.F.);
#4599=ORIENTED_EDGE('',*,*,#3308,.T.);
#4600=ORIENTED_EDGE('',*,*,#3274,.T.);
#4601=ORIENTED_EDGE('',*,*,#3309,.T.);
#4602=ORIENTED_EDGE('',*,*,#3310,.T.);
#4603=ORIENTED_EDGE('',*,*,#3311,.F.);
#4604=ORIENTED_EDGE('',*,*,#3225,.F.);
#4605=ORIENTED_EDGE('',*,*,#3272,.T.);
#4606=ORIENTED_EDGE('',*,*,#3312,.F.);
#4607=ORIENTED_EDGE('',*,*,#3273,.T.);
#4608=ORIENTED_EDGE('',*,*,#3223,.F.);
#4609=ORIENTED_EDGE('',*,*,#3313,.F.);
#4610=ORIENTED_EDGE('',*,*,#3314,.F.);
#4611=ORIENTED_EDGE('',*,*,#3315,.F.);
#4612=ORIENTED_EDGE('',*,*,#3316,.T.);
#4613=ORIENTED_EDGE('',*,*,#3317,.F.);
#4614=ORIENTED_EDGE('',*,*,#3277,.T.);
#4615=ORIENTED_EDGE('',*,*,#3318,.T.);
#4616=ORIENTED_EDGE('',*,*,#3278,.F.);
#4617=ORIENTED_EDGE('',*,*,#3284,.T.);
#4618=ORIENTED_EDGE('',*,*,#3319,.T.);
#4619=ORIENTED_EDGE('',*,*,#3280,.F.);
#4620=ORIENTED_EDGE('',*,*,#3320,.T.);
#4621=ORIENTED_EDGE('',*,*,#3321,.T.);
#4622=ORIENTED_EDGE('',*,*,#3281,.T.);
#4623=ORIENTED_EDGE('',*,*,#3322,.T.);
#4624=ORIENTED_EDGE('',*,*,#3323,.F.);
#4625=ORIENTED_EDGE('',*,*,#3324,.T.);
#4626=ORIENTED_EDGE('',*,*,#3325,.F.);
#4627=ORIENTED_EDGE('',*,*,#3326,.T.);
#4628=ORIENTED_EDGE('',*,*,#3327,.F.);
#4629=ORIENTED_EDGE('',*,*,#3296,.T.);
#4630=ORIENTED_EDGE('',*,*,#3328,.F.);
#4631=ORIENTED_EDGE('',*,*,#3329,.T.);
#4632=ORIENTED_EDGE('',*,*,#3330,.T.);
#4633=ORIENTED_EDGE('',*,*,#3331,.T.);
#4634=ORIENTED_EDGE('',*,*,#3287,.F.);
#4635=ORIENTED_EDGE('',*,*,#3279,.F.);
#4636=ORIENTED_EDGE('',*,*,#3318,.F.);
#4637=ORIENTED_EDGE('',*,*,#3332,.T.);
#4638=ORIENTED_EDGE('',*,*,#3320,.F.);
#4639=ORIENTED_EDGE('',*,*,#3283,.T.);
#4640=ORIENTED_EDGE('',*,*,#3189,.F.);
#4641=ORIENTED_EDGE('',*,*,#3282,.T.);
#4642=ORIENTED_EDGE('',*,*,#3333,.F.);
#4643=ORIENTED_EDGE('',*,*,#3334,.T.);
#4644=ORIENTED_EDGE('',*,*,#3289,.T.);
#4645=ORIENTED_EDGE('',*,*,#3285,.F.);
#4646=ORIENTED_EDGE('',*,*,#3331,.F.);
#4647=ORIENTED_EDGE('',*,*,#3291,.T.);
#4648=ORIENTED_EDGE('',*,*,#3335,.T.);
#4649=ORIENTED_EDGE('',*,*,#3329,.F.);
#4650=ORIENTED_EDGE('',*,*,#3286,.F.);
#4651=ORIENTED_EDGE('',*,*,#3290,.T.);
#4652=ORIENTED_EDGE('',*,*,#3193,.F.);
#4653=ORIENTED_EDGE('',*,*,#3288,.T.);
#4654=ORIENTED_EDGE('',*,*,#3336,.F.);
#4655=ORIENTED_EDGE('',*,*,#3337,.F.);
#4656=ORIENTED_EDGE('',*,*,#3338,.F.);
#4657=ORIENTED_EDGE('',*,*,#3339,.F.);
#4658=ORIENTED_EDGE('',*,*,#3294,.F.);
#4659=ORIENTED_EDGE('',*,*,#3340,.T.);
#4660=ORIENTED_EDGE('',*,*,#3341,.F.);
#4661=ORIENTED_EDGE('',*,*,#3300,.T.);
#4662=ORIENTED_EDGE('',*,*,#3342,.F.);
#4663=ORIENTED_EDGE('',*,*,#3343,.T.);
#4664=ORIENTED_EDGE('',*,*,#3344,.F.);
#4665=ORIENTED_EDGE('',*,*,#3345,.T.);
#4666=ORIENTED_EDGE('',*,*,#3346,.F.);
#4667=ORIENTED_EDGE('',*,*,#3347,.T.);
#4668=ORIENTED_EDGE('',*,*,#3348,.T.);
#4669=ORIENTED_EDGE('',*,*,#3349,.T.);
#4670=ORIENTED_EDGE('',*,*,#3310,.F.);
#4671=ORIENTED_EDGE('',*,*,#3302,.F.);
#4672=ORIENTED_EDGE('',*,*,#3350,.T.);
#4673=ORIENTED_EDGE('',*,*,#3351,.T.);
#4674=ORIENTED_EDGE('',*,*,#3352,.T.);
#4675=ORIENTED_EDGE('',*,*,#3350,.F.);
#4676=ORIENTED_EDGE('',*,*,#3301,.F.);
#4677=ORIENTED_EDGE('',*,*,#3307,.T.);
#4678=ORIENTED_EDGE('',*,*,#3353,.T.);
#4679=ORIENTED_EDGE('',*,*,#3303,.F.);
#4680=ORIENTED_EDGE('',*,*,#3352,.F.);
#4681=ORIENTED_EDGE('',*,*,#3354,.T.);
#4682=ORIENTED_EDGE('',*,*,#3304,.T.);
#4683=ORIENTED_EDGE('',*,*,#3306,.T.);
#4684=ORIENTED_EDGE('',*,*,#3222,.F.);
#4685=ORIENTED_EDGE('',*,*,#3305,.T.);
#4686=ORIENTED_EDGE('',*,*,#3355,.F.);
#4687=ORIENTED_EDGE('',*,*,#3356,.T.);
#4688=ORIENTED_EDGE('',*,*,#3312,.T.);
#4689=ORIENTED_EDGE('',*,*,#3308,.F.);
#4690=ORIENTED_EDGE('',*,*,#3349,.F.);
#4691=ORIENTED_EDGE('',*,*,#3314,.T.);
#4692=ORIENTED_EDGE('',*,*,#3357,.T.);
#4693=ORIENTED_EDGE('',*,*,#3347,.F.);
#4694=ORIENTED_EDGE('',*,*,#3309,.F.);
#4695=ORIENTED_EDGE('',*,*,#3313,.T.);
#4696=ORIENTED_EDGE('',*,*,#3226,.F.);
#4697=ORIENTED_EDGE('',*,*,#3311,.T.);
#4698=ORIENTED_EDGE('',*,*,#3358,.F.);
#4699=ORIENTED_EDGE('',*,*,#3359,.F.);
#4700=ORIENTED_EDGE('',*,*,#3360,.F.);
#4701=ORIENTED_EDGE('',*,*,#3361,.F.);
#4702=ORIENTED_EDGE('',*,*,#3316,.F.);
#4703=ORIENTED_EDGE('',*,*,#3332,.F.);
#4704=ORIENTED_EDGE('',*,*,#3319,.F.);
#4705=ORIENTED_EDGE('',*,*,#3333,.T.);
#4706=ORIENTED_EDGE('',*,*,#3321,.F.);
#4707=ORIENTED_EDGE('',*,*,#3362,.F.);
#4708=ORIENTED_EDGE('',*,*,#3363,.T.);
#4709=ORIENTED_EDGE('',*,*,#3364,.F.);
#4710=ORIENTED_EDGE('',*,*,#3322,.F.);
#4711=ORIENTED_EDGE('',*,*,#3365,.F.);
#4712=ORIENTED_EDGE('',*,*,#3326,.F.);
#4713=ORIENTED_EDGE('',*,*,#3366,.F.);
#4714=ORIENTED_EDGE('',*,*,#3367,.T.);
#4715=ORIENTED_EDGE('',*,*,#3368,.F.);
#4716=ORIENTED_EDGE('',*,*,#3369,.F.);
#4717=ORIENTED_EDGE('',*,*,#3370,.F.);
#4718=ORIENTED_EDGE('',*,*,#3324,.F.);
#4719=ORIENTED_EDGE('',*,*,#3330,.F.);
#4720=ORIENTED_EDGE('',*,*,#3335,.F.);
#4721=ORIENTED_EDGE('',*,*,#3336,.T.);
#4722=ORIENTED_EDGE('',*,*,#3334,.F.);
#4723=ORIENTED_EDGE('',*,*,#3371,.T.);
#4724=ORIENTED_EDGE('',*,*,#3372,.T.);
#4725=ORIENTED_EDGE('',*,*,#3373,.T.);
#4726=ORIENTED_EDGE('',*,*,#3374,.T.);
#4727=ORIENTED_EDGE('',*,*,#3375,.T.);
#4728=ORIENTED_EDGE('',*,*,#3376,.T.);
#4729=ORIENTED_EDGE('',*,*,#3377,.T.);
#4730=ORIENTED_EDGE('',*,*,#3378,.T.);
#4731=ORIENTED_EDGE('',*,*,#3379,.F.);
#4732=ORIENTED_EDGE('',*,*,#3380,.F.);
#4733=ORIENTED_EDGE('',*,*,#3381,.T.);
#4734=ORIENTED_EDGE('',*,*,#3382,.F.);
#4735=ORIENTED_EDGE('',*,*,#3383,.F.);
#4736=ORIENTED_EDGE('',*,*,#3384,.F.);
#4737=ORIENTED_EDGE('',*,*,#3338,.T.);
#4738=ORIENTED_EDGE('',*,*,#3385,.F.);
#4739=ORIENTED_EDGE('',*,*,#3386,.F.);
#4740=ORIENTED_EDGE('',*,*,#3387,.T.);
#4741=ORIENTED_EDGE('',*,*,#3388,.F.);
#4742=ORIENTED_EDGE('',*,*,#3340,.F.);
#4743=ORIENTED_EDGE('',*,*,#3389,.F.);
#4744=ORIENTED_EDGE('',*,*,#3345,.F.);
#4745=ORIENTED_EDGE('',*,*,#3390,.F.);
#4746=ORIENTED_EDGE('',*,*,#3391,.F.);
#4747=ORIENTED_EDGE('',*,*,#3392,.F.);
#4748=ORIENTED_EDGE('',*,*,#3343,.F.);
#4749=ORIENTED_EDGE('',*,*,#3393,.F.);
#4750=ORIENTED_EDGE('',*,*,#3394,.T.);
#4751=ORIENTED_EDGE('',*,*,#3348,.F.);
#4752=ORIENTED_EDGE('',*,*,#3357,.F.);
#4753=ORIENTED_EDGE('',*,*,#3358,.T.);
#4754=ORIENTED_EDGE('',*,*,#3356,.F.);
#4755=ORIENTED_EDGE('',*,*,#3351,.F.);
#4756=ORIENTED_EDGE('',*,*,#3353,.F.);
#4757=ORIENTED_EDGE('',*,*,#3355,.T.);
#4758=ORIENTED_EDGE('',*,*,#3354,.F.);
#4759=ORIENTED_EDGE('',*,*,#3395,.F.);
#4760=ORIENTED_EDGE('',*,*,#3396,.F.);
#4761=ORIENTED_EDGE('',*,*,#3360,.T.);
#4762=ORIENTED_EDGE('',*,*,#3397,.F.);
#4763=ORIENTED_EDGE('',*,*,#3398,.F.);
#4764=ORIENTED_EDGE('',*,*,#3399,.F.);
#4765=ORIENTED_EDGE('',*,*,#3400,.T.);
#4766=ORIENTED_EDGE('',*,*,#3401,.F.);
#4767=ORIENTED_EDGE('',*,*,#3402,.T.);
#4768=ORIENTED_EDGE('',*,*,#3403,.T.);
#4769=ORIENTED_EDGE('',*,*,#3404,.T.);
#4770=ORIENTED_EDGE('',*,*,#3405,.T.);
#4771=ORIENTED_EDGE('',*,*,#3406,.T.);
#4772=ORIENTED_EDGE('',*,*,#3407,.T.);
#4773=ORIENTED_EDGE('',*,*,#3408,.T.);
#4774=ORIENTED_EDGE('',*,*,#3409,.T.);
#4775=ORIENTED_EDGE('',*,*,#3410,.F.);
#4776=ORIENTED_EDGE('',*,*,#3411,.F.);
#4777=ORIENTED_EDGE('',*,*,#3412,.F.);
#4778=ORIENTED_EDGE('',*,*,#3363,.F.);
#4779=ORIENTED_EDGE('',*,*,#3413,.F.);
#4780=ORIENTED_EDGE('',*,*,#3367,.F.);
#4781=ORIENTED_EDGE('',*,*,#3414,.F.);
#4782=ORIENTED_EDGE('',*,*,#3415,.F.);
#4783=ORIENTED_EDGE('',*,*,#3416,.F.);
#4784=ORIENTED_EDGE('',*,*,#3417,.F.);
#4785=ORIENTED_EDGE('',*,*,#3418,.F.);
#4786=ORIENTED_EDGE('',*,*,#3419,.F.);
#4787=ORIENTED_EDGE('',*,*,#3420,.F.);
#4788=ORIENTED_EDGE('',*,*,#3421,.F.);
#4789=ORIENTED_EDGE('',*,*,#3422,.F.);
#4790=ORIENTED_EDGE('',*,*,#3369,.T.);
#4791=ORIENTED_EDGE('',*,*,#3423,.F.);
#4792=ORIENTED_EDGE('',*,*,#3372,.F.);
#4793=ORIENTED_EDGE('',*,*,#3424,.F.);
#4794=ORIENTED_EDGE('',*,*,#3425,.F.);
#4795=ORIENTED_EDGE('',*,*,#3426,.F.);
#4796=ORIENTED_EDGE('',*,*,#3376,.F.);
#4797=ORIENTED_EDGE('',*,*,#3427,.F.);
#4798=ORIENTED_EDGE('',*,*,#3428,.F.);
#4799=ORIENTED_EDGE('',*,*,#3429,.F.);
#4800=ORIENTED_EDGE('',*,*,#3381,.F.);
#4801=ORIENTED_EDGE('',*,*,#3430,.F.);
#4802=ORIENTED_EDGE('',*,*,#3431,.F.);
#4803=ORIENTED_EDGE('',*,*,#3432,.F.);
#4804=ORIENTED_EDGE('',*,*,#3433,.F.);
#4805=ORIENTED_EDGE('',*,*,#3434,.F.);
#4806=ORIENTED_EDGE('',*,*,#3387,.F.);
#4807=ORIENTED_EDGE('',*,*,#3435,.F.);
#4808=ORIENTED_EDGE('',*,*,#3436,.F.);
#4809=ORIENTED_EDGE('',*,*,#3437,.F.);
#4810=ORIENTED_EDGE('',*,*,#3391,.T.);
#4811=ORIENTED_EDGE('',*,*,#3438,.F.);
#4812=ORIENTED_EDGE('',*,*,#3439,.F.);
#4813=ORIENTED_EDGE('',*,*,#3440,.F.);
#4814=ORIENTED_EDGE('',*,*,#3441,.F.);
#4815=ORIENTED_EDGE('',*,*,#3442,.F.);
#4816=ORIENTED_EDGE('',*,*,#3394,.F.);
#4817=ORIENTED_EDGE('',*,*,#3443,.F.);
#4818=ORIENTED_EDGE('',*,*,#3444,.F.);
#4819=ORIENTED_EDGE('',*,*,#3445,.F.);
#4820=ORIENTED_EDGE('',*,*,#3400,.F.);
#4821=ORIENTED_EDGE('',*,*,#3446,.F.);
#4822=ORIENTED_EDGE('',*,*,#3447,.F.);
#4823=ORIENTED_EDGE('',*,*,#3448,.F.);
#4824=ORIENTED_EDGE('',*,*,#3403,.F.);
#4825=ORIENTED_EDGE('',*,*,#3449,.F.);
#4826=ORIENTED_EDGE('',*,*,#3450,.F.);
#4827=ORIENTED_EDGE('',*,*,#3451,.F.);
#4828=ORIENTED_EDGE('',*,*,#3407,.F.);
#4829=ORIENTED_EDGE('',*,*,#3452,.F.);
#4830=ORIENTED_EDGE('',*,*,#3453,.F.);
#4831=ORIENTED_EDGE('',*,*,#3454,.F.);
#4832=ORIENTED_EDGE('',*,*,#3455,.F.);
#4833=ORIENTED_EDGE('',*,*,#3456,.F.);
#4834=ORIENTED_EDGE('',*,*,#3419,.T.);
#4835=ORIENTED_EDGE('',*,*,#3425,.T.);
#4836=ORIENTED_EDGE('',*,*,#3457,.T.);
#4837=ORIENTED_EDGE('',*,*,#3458,.T.);
#4838=ORIENTED_EDGE('',*,*,#3459,.T.);
#4839=ORIENTED_EDGE('',*,*,#3373,.F.);
#4840=ORIENTED_EDGE('',*,*,#3423,.T.);
#4841=ORIENTED_EDGE('',*,*,#3460,.F.);
#4842=ORIENTED_EDGE('',*,*,#3461,.F.);
#4843=ORIENTED_EDGE('',*,*,#3424,.T.);
#4844=ORIENTED_EDGE('',*,*,#3371,.F.);
#4845=ORIENTED_EDGE('',*,*,#3462,.F.);
#4846=ORIENTED_EDGE('',*,*,#3463,.F.);
#4847=ORIENTED_EDGE('',*,*,#3464,.T.);
#4848=ORIENTED_EDGE('',*,*,#3428,.T.);
#4849=ORIENTED_EDGE('',*,*,#3465,.T.);
#4850=ORIENTED_EDGE('',*,*,#3466,.T.);
#4851=ORIENTED_EDGE('',*,*,#3467,.F.);
#4852=ORIENTED_EDGE('',*,*,#3377,.F.);
#4853=ORIENTED_EDGE('',*,*,#3426,.T.);
#4854=ORIENTED_EDGE('',*,*,#3468,.F.);
#4855=ORIENTED_EDGE('',*,*,#3427,.T.);
#4856=ORIENTED_EDGE('',*,*,#3375,.F.);
#4857=ORIENTED_EDGE('',*,*,#3469,.F.);
#4858=ORIENTED_EDGE('',*,*,#3470,.F.);
#4859=ORIENTED_EDGE('',*,*,#3471,.F.);
#4860=ORIENTED_EDGE('',*,*,#3431,.T.);
#4861=ORIENTED_EDGE('',*,*,#3472,.F.);
#4862=ORIENTED_EDGE('',*,*,#3473,.T.);
#4863=ORIENTED_EDGE('',*,*,#3474,.F.);
#4864=ORIENTED_EDGE('',*,*,#3441,.T.);
#4865=ORIENTED_EDGE('',*,*,#3475,.F.);
#4866=ORIENTED_EDGE('',*,*,#3476,.F.);
#4867=ORIENTED_EDGE('',*,*,#3477,.F.);
#4868=ORIENTED_EDGE('',*,*,#3478,.T.);
#4869=ORIENTED_EDGE('',*,*,#3479,.F.);
#4870=ORIENTED_EDGE('',*,*,#3447,.T.);
#4871=ORIENTED_EDGE('',*,*,#3480,.T.);
#4872=ORIENTED_EDGE('',*,*,#3450,.T.);
#4873=ORIENTED_EDGE('',*,*,#3481,.T.);
#4874=ORIENTED_EDGE('',*,*,#3482,.T.);
#4875=ORIENTED_EDGE('',*,*,#3483,.F.);
#4876=ORIENTED_EDGE('',*,*,#3404,.F.);
#4877=ORIENTED_EDGE('',*,*,#3448,.T.);
#4878=ORIENTED_EDGE('',*,*,#3484,.F.);
#4879=ORIENTED_EDGE('',*,*,#3449,.T.);
#4880=ORIENTED_EDGE('',*,*,#3402,.F.);
#4881=ORIENTED_EDGE('',*,*,#3485,.F.);
#4882=ORIENTED_EDGE('',*,*,#3486,.F.);
#4883=ORIENTED_EDGE('',*,*,#3453,.T.);
#4884=ORIENTED_EDGE('',*,*,#3487,.T.);
#4885=ORIENTED_EDGE('',*,*,#3488,.T.);
#4886=ORIENTED_EDGE('',*,*,#3489,.T.);
#4887=ORIENTED_EDGE('',*,*,#3408,.F.);
#4888=ORIENTED_EDGE('',*,*,#3451,.T.);
#4889=ORIENTED_EDGE('',*,*,#3490,.F.);
#4890=ORIENTED_EDGE('',*,*,#3491,.F.);
#4891=ORIENTED_EDGE('',*,*,#3452,.T.);
#4892=ORIENTED_EDGE('',*,*,#3406,.F.);
#4893=ORIENTED_EDGE('',*,*,#3492,.F.);
#4894=ORIENTED_EDGE('',*,*,#3493,.F.);
#4895=ORIENTED_EDGE('',*,*,#3494,.T.);
#4896=ORIENTED_EDGE('',*,*,#3495,.F.);
#4897=ORIENTED_EDGE('',*,*,#3496,.T.);
#4898=ORIENTED_EDGE('',*,*,#3497,.F.);
#4899=ORIENTED_EDGE('',*,*,#3498,.T.);
#4900=ORIENTED_EDGE('',*,*,#3499,.F.);
#4901=ORIENTED_EDGE('',*,*,#3455,.T.);
#4902=ORIENTED_EDGE('',*,*,#3500,.F.);
#4903=ORIENTED_EDGE('',*,*,#3501,.T.);
#4904=ORIENTED_EDGE('',*,*,#3502,.T.);
#4905=ORIENTED_EDGE('',*,*,#3503,.T.);
#4906=ORIENTED_EDGE('',*,*,#3466,.F.);
#4907=ORIENTED_EDGE('',*,*,#3458,.F.);
#4908=ORIENTED_EDGE('',*,*,#3504,.T.);
#4909=ORIENTED_EDGE('',*,*,#3505,.T.);
#4910=ORIENTED_EDGE('',*,*,#3506,.T.);
#4911=ORIENTED_EDGE('',*,*,#3504,.F.);
#4912=ORIENTED_EDGE('',*,*,#3457,.F.);
#4913=ORIENTED_EDGE('',*,*,#3463,.T.);
#4914=ORIENTED_EDGE('',*,*,#3507,.T.);
#4915=ORIENTED_EDGE('',*,*,#3459,.F.);
#4916=ORIENTED_EDGE('',*,*,#3506,.F.);
#4917=ORIENTED_EDGE('',*,*,#3508,.T.);
#4918=ORIENTED_EDGE('',*,*,#3460,.T.);
#4919=ORIENTED_EDGE('',*,*,#3462,.T.);
#4920=ORIENTED_EDGE('',*,*,#3374,.F.);
#4921=ORIENTED_EDGE('',*,*,#3461,.T.);
#4922=ORIENTED_EDGE('',*,*,#3509,.F.);
#4923=ORIENTED_EDGE('',*,*,#3510,.T.);
#4924=ORIENTED_EDGE('',*,*,#3468,.T.);
#4925=ORIENTED_EDGE('',*,*,#3464,.F.);
#4926=ORIENTED_EDGE('',*,*,#3503,.F.);
#4927=ORIENTED_EDGE('',*,*,#3470,.T.);
#4928=ORIENTED_EDGE('',*,*,#3511,.T.);
#4929=ORIENTED_EDGE('',*,*,#3501,.F.);
#4930=ORIENTED_EDGE('',*,*,#3465,.F.);
#4931=ORIENTED_EDGE('',*,*,#3469,.T.);
#4932=ORIENTED_EDGE('',*,*,#3378,.F.);
#4933=ORIENTED_EDGE('',*,*,#3467,.T.);
#4934=ORIENTED_EDGE('',*,*,#3512,.F.);
#4935=ORIENTED_EDGE('',*,*,#3513,.F.);
#4936=ORIENTED_EDGE('',*,*,#3514,.F.);
#4937=ORIENTED_EDGE('',*,*,#3515,.F.);
#4938=ORIENTED_EDGE('',*,*,#3473,.F.);
#4939=ORIENTED_EDGE('',*,*,#3516,.T.);
#4940=ORIENTED_EDGE('',*,*,#3517,.F.);
#4941=ORIENTED_EDGE('',*,*,#3476,.T.);
#4942=ORIENTED_EDGE('',*,*,#3518,.F.);
#4943=ORIENTED_EDGE('',*,*,#3519,.T.);
#4944=ORIENTED_EDGE('',*,*,#3520,.F.);
#4945=ORIENTED_EDGE('',*,*,#3521,.T.);
#4946=ORIENTED_EDGE('',*,*,#3522,.F.);
#4947=ORIENTED_EDGE('',*,*,#3523,.T.);
#4948=ORIENTED_EDGE('',*,*,#3524,.T.);
#4949=ORIENTED_EDGE('',*,*,#3525,.T.);
#4950=ORIENTED_EDGE('',*,*,#3482,.F.);
#4951=ORIENTED_EDGE('',*,*,#3488,.F.);
#4952=ORIENTED_EDGE('',*,*,#3526,.T.);
#4953=ORIENTED_EDGE('',*,*,#3527,.T.);
#4954=ORIENTED_EDGE('',*,*,#3528,.T.);
#4955=ORIENTED_EDGE('',*,*,#3529,.F.);
#4956=ORIENTED_EDGE('',*,*,#3530,.F.);
#4957=ORIENTED_EDGE('',*,*,#3531,.F.);
#4958=ORIENTED_EDGE('',*,*,#3478,.F.);
#4959=ORIENTED_EDGE('',*,*,#3532,.T.);
#4960=ORIENTED_EDGE('',*,*,#3484,.T.);
#4961=ORIENTED_EDGE('',*,*,#3480,.F.);
#4962=ORIENTED_EDGE('',*,*,#3525,.F.);
#4963=ORIENTED_EDGE('',*,*,#3486,.T.);
#4964=ORIENTED_EDGE('',*,*,#3533,.T.);
#4965=ORIENTED_EDGE('',*,*,#3523,.F.);
#4966=ORIENTED_EDGE('',*,*,#3481,.F.);
#4967=ORIENTED_EDGE('',*,*,#3485,.T.);
#4968=ORIENTED_EDGE('',*,*,#3405,.F.);
#4969=ORIENTED_EDGE('',*,*,#3483,.T.);
#4970=ORIENTED_EDGE('',*,*,#3534,.F.);
#4971=ORIENTED_EDGE('',*,*,#3526,.F.);
#4972=ORIENTED_EDGE('',*,*,#3487,.F.);
#4973=ORIENTED_EDGE('',*,*,#3493,.T.);
#4974=ORIENTED_EDGE('',*,*,#3535,.T.);
#4975=ORIENTED_EDGE('',*,*,#3489,.F.);
#4976=ORIENTED_EDGE('',*,*,#3528,.F.);
#4977=ORIENTED_EDGE('',*,*,#3536,.T.);
#4978=ORIENTED_EDGE('',*,*,#3490,.T.);
#4979=ORIENTED_EDGE('',*,*,#3492,.T.);
#4980=ORIENTED_EDGE('',*,*,#3409,.F.);
#4981=ORIENTED_EDGE('',*,*,#3491,.T.);
#4982=ORIENTED_EDGE('',*,*,#3537,.F.);
#4983=ORIENTED_EDGE('',*,*,#3538,.F.);
#4984=ORIENTED_EDGE('',*,*,#3539,.T.);
#4985=ORIENTED_EDGE('',*,*,#3540,.F.);
#4986=ORIENTED_EDGE('',*,*,#3494,.F.);
#4987=ORIENTED_EDGE('',*,*,#3541,.F.);
#4988=ORIENTED_EDGE('',*,*,#3498,.F.);
#4989=ORIENTED_EDGE('',*,*,#3542,.F.);
#4990=ORIENTED_EDGE('',*,*,#3543,.T.);
#4991=ORIENTED_EDGE('',*,*,#3544,.F.);
#4992=ORIENTED_EDGE('',*,*,#3545,.F.);
#4993=ORIENTED_EDGE('',*,*,#3546,.F.);
#4994=ORIENTED_EDGE('',*,*,#3496,.F.);
#4995=ORIENTED_EDGE('',*,*,#3502,.F.);
#4996=ORIENTED_EDGE('',*,*,#3511,.F.);
#4997=ORIENTED_EDGE('',*,*,#3512,.T.);
#4998=ORIENTED_EDGE('',*,*,#3510,.F.);
#4999=ORIENTED_EDGE('',*,*,#3505,.F.);
#5000=ORIENTED_EDGE('',*,*,#3507,.F.);
#5001=ORIENTED_EDGE('',*,*,#3509,.T.);
#5002=ORIENTED_EDGE('',*,*,#3508,.F.);
#5003=ORIENTED_EDGE('',*,*,#3547,.F.);
#5004=ORIENTED_EDGE('',*,*,#3548,.F.);
#5005=ORIENTED_EDGE('',*,*,#3514,.T.);
#5006=ORIENTED_EDGE('',*,*,#3549,.F.);
#5007=ORIENTED_EDGE('',*,*,#3550,.F.);
#5008=ORIENTED_EDGE('',*,*,#3551,.F.);
#5009=ORIENTED_EDGE('',*,*,#3552,.T.);
#5010=ORIENTED_EDGE('',*,*,#3553,.F.);
#5011=ORIENTED_EDGE('',*,*,#3554,.T.);
#5012=ORIENTED_EDGE('',*,*,#3555,.T.);
#5013=ORIENTED_EDGE('',*,*,#3556,.T.);
#5014=ORIENTED_EDGE('',*,*,#3557,.T.);
#5015=ORIENTED_EDGE('',*,*,#3558,.T.);
#5016=ORIENTED_EDGE('',*,*,#3559,.T.);
#5017=ORIENTED_EDGE('',*,*,#3560,.T.);
#5018=ORIENTED_EDGE('',*,*,#3561,.T.);
#5019=ORIENTED_EDGE('',*,*,#3562,.F.);
#5020=ORIENTED_EDGE('',*,*,#3563,.T.);
#5021=ORIENTED_EDGE('',*,*,#3564,.F.);
#5022=ORIENTED_EDGE('',*,*,#3516,.F.);
#5023=ORIENTED_EDGE('',*,*,#3565,.F.);
#5024=ORIENTED_EDGE('',*,*,#3521,.F.);
#5025=ORIENTED_EDGE('',*,*,#3566,.F.);
#5026=ORIENTED_EDGE('',*,*,#3567,.F.);
#5027=ORIENTED_EDGE('',*,*,#3568,.F.);
#5028=ORIENTED_EDGE('',*,*,#3519,.F.);
#5029=ORIENTED_EDGE('',*,*,#3569,.F.);
#5030=ORIENTED_EDGE('',*,*,#3570,.T.);
#5031=ORIENTED_EDGE('',*,*,#3524,.F.);
#5032=ORIENTED_EDGE('',*,*,#3533,.F.);
#5033=ORIENTED_EDGE('',*,*,#3534,.T.);
#5034=ORIENTED_EDGE('',*,*,#3532,.F.);
#5035=ORIENTED_EDGE('',*,*,#3527,.F.);
#5036=ORIENTED_EDGE('',*,*,#3535,.F.);
#5037=ORIENTED_EDGE('',*,*,#3537,.T.);
#5038=ORIENTED_EDGE('',*,*,#3536,.F.);
#5039=ORIENTED_EDGE('',*,*,#3571,.F.);
#5040=ORIENTED_EDGE('',*,*,#3572,.F.);
#5041=ORIENTED_EDGE('',*,*,#3573,.T.);
#5042=ORIENTED_EDGE('',*,*,#3574,.F.);
#5043=ORIENTED_EDGE('',*,*,#3575,.F.);
#5044=ORIENTED_EDGE('',*,*,#3576,.F.);
#5045=ORIENTED_EDGE('',*,*,#3530,.T.);
#5046=ORIENTED_EDGE('',*,*,#3577,.F.);
#5047=ORIENTED_EDGE('',*,*,#3578,.T.);
#5048=ORIENTED_EDGE('',*,*,#3579,.T.);
#5049=ORIENTED_EDGE('',*,*,#3580,.T.);
#5050=ORIENTED_EDGE('',*,*,#3581,.T.);
#5051=ORIENTED_EDGE('',*,*,#3582,.T.);
#5052=ORIENTED_EDGE('',*,*,#3583,.T.);
#5053=ORIENTED_EDGE('',*,*,#3584,.T.);
#5054=ORIENTED_EDGE('',*,*,#3585,.T.);
#5055=ORIENTED_EDGE('',*,*,#3586,.F.);
#5056=ORIENTED_EDGE('',*,*,#3587,.F.);
#5057=ORIENTED_EDGE('',*,*,#3588,.F.);
#5058=ORIENTED_EDGE('',*,*,#3539,.F.);
#5059=ORIENTED_EDGE('',*,*,#3589,.F.);
#5060=ORIENTED_EDGE('',*,*,#3543,.F.);
#5061=ORIENTED_EDGE('',*,*,#3590,.F.);
#5062=ORIENTED_EDGE('',*,*,#3591,.F.);
#5063=ORIENTED_EDGE('',*,*,#3592,.F.);
#5064=ORIENTED_EDGE('',*,*,#3593,.F.);
#5065=ORIENTED_EDGE('',*,*,#3594,.F.);
#5066=ORIENTED_EDGE('',*,*,#3595,.F.);
#5067=ORIENTED_EDGE('',*,*,#3596,.F.);
#5068=ORIENTED_EDGE('',*,*,#3597,.F.);
#5069=ORIENTED_EDGE('',*,*,#3598,.F.);
#5070=ORIENTED_EDGE('',*,*,#3545,.T.);
#5071=ORIENTED_EDGE('',*,*,#3599,.F.);
#5072=ORIENTED_EDGE('',*,*,#3552,.F.);
#5073=ORIENTED_EDGE('',*,*,#3600,.F.);
#5074=ORIENTED_EDGE('',*,*,#2882,.F.);
#5075=ORIENTED_EDGE('',*,*,#3601,.F.);
#5076=ORIENTED_EDGE('',*,*,#3555,.F.);
#5077=ORIENTED_EDGE('',*,*,#3602,.F.);
#5078=ORIENTED_EDGE('',*,*,#3603,.F.);
#5079=ORIENTED_EDGE('',*,*,#3604,.F.);
#5080=ORIENTED_EDGE('',*,*,#3559,.F.);
#5081=ORIENTED_EDGE('',*,*,#3605,.F.);
#5082=ORIENTED_EDGE('',*,*,#3606,.F.);
#5083=ORIENTED_EDGE('',*,*,#3607,.F.);
#5084=ORIENTED_EDGE('',*,*,#3608,.F.);
#5085=ORIENTED_EDGE('',*,*,#3609,.F.);
#5086=ORIENTED_EDGE('',*,*,#3563,.F.);
#5087=ORIENTED_EDGE('',*,*,#3610,.F.);
#5088=ORIENTED_EDGE('',*,*,#3611,.F.);
#5089=ORIENTED_EDGE('',*,*,#3612,.F.);
#5090=ORIENTED_EDGE('',*,*,#3567,.T.);
#5091=ORIENTED_EDGE('',*,*,#3613,.F.);
#5092=ORIENTED_EDGE('',*,*,#3614,.F.);
#5093=ORIENTED_EDGE('',*,*,#3615,.F.);
#5094=ORIENTED_EDGE('',*,*,#3616,.F.);
#5095=ORIENTED_EDGE('',*,*,#3617,.F.);
#5096=ORIENTED_EDGE('',*,*,#3570,.F.);
#5097=ORIENTED_EDGE('',*,*,#3618,.F.);
#5098=ORIENTED_EDGE('',*,*,#3619,.F.);
#5099=ORIENTED_EDGE('',*,*,#3620,.F.);
#5100=ORIENTED_EDGE('',*,*,#3573,.F.);
#5101=ORIENTED_EDGE('',*,*,#3621,.F.);
#5102=ORIENTED_EDGE('',*,*,#2846,.F.);
#5103=ORIENTED_EDGE('',*,*,#3622,.F.);
#5104=ORIENTED_EDGE('',*,*,#3579,.F.);
#5105=ORIENTED_EDGE('',*,*,#3623,.F.);
#5106=ORIENTED_EDGE('',*,*,#3624,.F.);
#5107=ORIENTED_EDGE('',*,*,#3625,.F.);
#5108=ORIENTED_EDGE('',*,*,#3583,.F.);
#5109=ORIENTED_EDGE('',*,*,#3626,.F.);
#5110=ORIENTED_EDGE('',*,*,#3627,.F.);
#5111=ORIENTED_EDGE('',*,*,#3628,.F.);
#5112=ORIENTED_EDGE('',*,*,#3629,.F.);
#5113=ORIENTED_EDGE('',*,*,#3630,.F.);
#5114=ORIENTED_EDGE('',*,*,#3595,.T.);
#5115=ORIENTED_EDGE('',*,*,#3631,.T.);
#5116=ORIENTED_EDGE('',*,*,#3603,.T.);
#5117=ORIENTED_EDGE('',*,*,#3632,.T.);
#5118=ORIENTED_EDGE('',*,*,#3633,.T.);
#5119=ORIENTED_EDGE('',*,*,#3634,.F.);
#5120=ORIENTED_EDGE('',*,*,#3556,.F.);
#5121=ORIENTED_EDGE('',*,*,#3601,.T.);
#5122=ORIENTED_EDGE('',*,*,#3635,.F.);
#5123=ORIENTED_EDGE('',*,*,#3602,.T.);
#5124=ORIENTED_EDGE('',*,*,#3554,.F.);
#5125=ORIENTED_EDGE('',*,*,#3636,.F.);
#5126=ORIENTED_EDGE('',*,*,#3637,.F.);
#5127=ORIENTED_EDGE('',*,*,#3606,.T.);
#5128=ORIENTED_EDGE('',*,*,#3638,.T.);
#5129=ORIENTED_EDGE('',*,*,#3639,.T.);
#5130=ORIENTED_EDGE('',*,*,#3640,.T.);
#5131=ORIENTED_EDGE('',*,*,#3560,.F.);
#5132=ORIENTED_EDGE('',*,*,#3604,.T.);
#5133=ORIENTED_EDGE('',*,*,#3641,.F.);
#5134=ORIENTED_EDGE('',*,*,#3642,.F.);
#5135=ORIENTED_EDGE('',*,*,#3605,.T.);
#5136=ORIENTED_EDGE('',*,*,#3558,.F.);
#5137=ORIENTED_EDGE('',*,*,#3643,.F.);
#5138=ORIENTED_EDGE('',*,*,#3644,.F.);
#5139=ORIENTED_EDGE('',*,*,#3645,.F.);
#5140=ORIENTED_EDGE('',*,*,#3616,.T.);
#5141=ORIENTED_EDGE('',*,*,#3646,.F.);
#5142=ORIENTED_EDGE('',*,*,#3647,.F.);
#5143=ORIENTED_EDGE('',*,*,#3648,.T.);
#5144=ORIENTED_EDGE('',*,*,#3624,.T.);
#5145=ORIENTED_EDGE('',*,*,#3649,.T.);
#5146=ORIENTED_EDGE('',*,*,#3650,.T.);
#5147=ORIENTED_EDGE('',*,*,#3651,.F.);
#5148=ORIENTED_EDGE('',*,*,#3580,.F.);
#5149=ORIENTED_EDGE('',*,*,#3622,.T.);
#5150=ORIENTED_EDGE('',*,*,#3652,.F.);
#5151=ORIENTED_EDGE('',*,*,#3623,.T.);
#5152=ORIENTED_EDGE('',*,*,#3578,.F.);
#5153=ORIENTED_EDGE('',*,*,#3653,.F.);
#5154=ORIENTED_EDGE('',*,*,#3654,.F.);
#5155=ORIENTED_EDGE('',*,*,#3627,.T.);
#5156=ORIENTED_EDGE('',*,*,#3655,.T.);
#5157=ORIENTED_EDGE('',*,*,#3656,.T.);
#5158=ORIENTED_EDGE('',*,*,#3657,.T.);
#5159=ORIENTED_EDGE('',*,*,#3584,.F.);
#5160=ORIENTED_EDGE('',*,*,#3625,.T.);
#5161=ORIENTED_EDGE('',*,*,#3658,.F.);
#5162=ORIENTED_EDGE('',*,*,#3659,.F.);
#5163=ORIENTED_EDGE('',*,*,#3626,.T.);
#5164=ORIENTED_EDGE('',*,*,#3582,.F.);
#5165=ORIENTED_EDGE('',*,*,#3660,.F.);
#5166=ORIENTED_EDGE('',*,*,#3661,.F.);
#5167=ORIENTED_EDGE('',*,*,#3662,.T.);
#5168=ORIENTED_EDGE('',*,*,#3663,.F.);
#5169=ORIENTED_EDGE('',*,*,#3664,.T.);
#5170=ORIENTED_EDGE('',*,*,#3665,.F.);
#5171=ORIENTED_EDGE('',*,*,#3666,.T.);
#5172=ORIENTED_EDGE('',*,*,#3667,.F.);
#5173=ORIENTED_EDGE('',*,*,#3629,.T.);
#5174=ORIENTED_EDGE('',*,*,#3668,.F.);
#5175=ORIENTED_EDGE('',*,*,#3669,.T.);
#5176=ORIENTED_EDGE('',*,*,#3670,.T.);
#5177=ORIENTED_EDGE('',*,*,#3671,.T.);
#5178=ORIENTED_EDGE('',*,*,#3633,.F.);
#5179=ORIENTED_EDGE('',*,*,#3639,.F.);
#5180=ORIENTED_EDGE('',*,*,#3672,.T.);
#5181=ORIENTED_EDGE('',*,*,#3673,.T.);
#5182=ORIENTED_EDGE('',*,*,#3674,.T.);
#5183=ORIENTED_EDGE('',*,*,#3675,.T.);
#5184=ORIENTED_EDGE('',*,*,#3635,.T.);
#5185=ORIENTED_EDGE('',*,*,#3631,.F.);
#5186=ORIENTED_EDGE('',*,*,#3671,.F.);
#5187=ORIENTED_EDGE('',*,*,#3637,.T.);
#5188=ORIENTED_EDGE('',*,*,#3676,.T.);
#5189=ORIENTED_EDGE('',*,*,#3669,.F.);
#5190=ORIENTED_EDGE('',*,*,#3632,.F.);
#5191=ORIENTED_EDGE('',*,*,#3636,.T.);
#5192=ORIENTED_EDGE('',*,*,#3557,.F.);
#5193=ORIENTED_EDGE('',*,*,#3634,.T.);
#5194=ORIENTED_EDGE('',*,*,#3677,.F.);
#5195=ORIENTED_EDGE('',*,*,#3672,.F.);
#5196=ORIENTED_EDGE('',*,*,#3638,.F.);
#5197=ORIENTED_EDGE('',*,*,#3644,.T.);
#5198=ORIENTED_EDGE('',*,*,#3678,.T.);
#5199=ORIENTED_EDGE('',*,*,#3640,.F.);
#5200=ORIENTED_EDGE('',*,*,#3674,.F.);
#5201=ORIENTED_EDGE('',*,*,#3679,.T.);
#5202=ORIENTED_EDGE('',*,*,#3641,.T.);
#5203=ORIENTED_EDGE('',*,*,#3643,.T.);
#5204=ORIENTED_EDGE('',*,*,#3561,.F.);
#5205=ORIENTED_EDGE('',*,*,#3642,.T.);
#5206=ORIENTED_EDGE('',*,*,#3680,.F.);
#5207=ORIENTED_EDGE('',*,*,#3681,.T.);
#5208=ORIENTED_EDGE('',*,*,#3682,.F.);
#5209=ORIENTED_EDGE('',*,*,#3647,.T.);
#5210=ORIENTED_EDGE('',*,*,#3683,.F.);
#5211=ORIENTED_EDGE('',*,*,#3684,.T.);
#5212=ORIENTED_EDGE('',*,*,#3685,.F.);
#5213=ORIENTED_EDGE('',*,*,#3686,.T.);
#5214=ORIENTED_EDGE('',*,*,#3687,.F.);
#5215=ORIENTED_EDGE('',*,*,#3688,.T.);
#5216=ORIENTED_EDGE('',*,*,#3689,.T.);
#5217=ORIENTED_EDGE('',*,*,#3690,.T.);
#5218=ORIENTED_EDGE('',*,*,#3650,.F.);
#5219=ORIENTED_EDGE('',*,*,#3656,.F.);
#5220=ORIENTED_EDGE('',*,*,#3691,.T.);
#5221=ORIENTED_EDGE('',*,*,#3692,.T.);
#5222=ORIENTED_EDGE('',*,*,#3693,.T.);
#5223=ORIENTED_EDGE('',*,*,#3694,.T.);
#5224=ORIENTED_EDGE('',*,*,#3652,.T.);
#5225=ORIENTED_EDGE('',*,*,#3648,.F.);
#5226=ORIENTED_EDGE('',*,*,#3690,.F.);
#5227=ORIENTED_EDGE('',*,*,#3654,.T.);
#5228=ORIENTED_EDGE('',*,*,#3695,.T.);
#5229=ORIENTED_EDGE('',*,*,#3688,.F.);
#5230=ORIENTED_EDGE('',*,*,#3649,.F.);
#5231=ORIENTED_EDGE('',*,*,#3653,.T.);
#5232=ORIENTED_EDGE('',*,*,#3581,.F.);
#5233=ORIENTED_EDGE('',*,*,#3651,.T.);
#5234=ORIENTED_EDGE('',*,*,#3696,.F.);
#5235=ORIENTED_EDGE('',*,*,#3691,.F.);
#5236=ORIENTED_EDGE('',*,*,#3655,.F.);
#5237=ORIENTED_EDGE('',*,*,#3661,.T.);
#5238=ORIENTED_EDGE('',*,*,#3697,.T.);
#5239=ORIENTED_EDGE('',*,*,#3657,.F.);
#5240=ORIENTED_EDGE('',*,*,#3693,.F.);
#5241=ORIENTED_EDGE('',*,*,#3698,.T.);
#5242=ORIENTED_EDGE('',*,*,#3658,.T.);
#5243=ORIENTED_EDGE('',*,*,#3660,.T.);
#5244=ORIENTED_EDGE('',*,*,#3585,.F.);
#5245=ORIENTED_EDGE('',*,*,#3659,.T.);
#5246=ORIENTED_EDGE('',*,*,#3699,.F.);
#5247=ORIENTED_EDGE('',*,*,#3700,.F.);
#5248=ORIENTED_EDGE('',*,*,#3701,.T.);
#5249=ORIENTED_EDGE('',*,*,#3702,.F.);
#5250=ORIENTED_EDGE('',*,*,#3662,.F.);
#5251=ORIENTED_EDGE('',*,*,#3703,.F.);
#5252=ORIENTED_EDGE('',*,*,#3666,.F.);
#5253=ORIENTED_EDGE('',*,*,#3704,.F.);
#5254=ORIENTED_EDGE('',*,*,#3705,.T.);
#5255=ORIENTED_EDGE('',*,*,#3706,.F.);
#5256=ORIENTED_EDGE('',*,*,#2933,.F.);
#5257=ORIENTED_EDGE('',*,*,#3707,.F.);
#5258=ORIENTED_EDGE('',*,*,#3664,.F.);
#5259=ORIENTED_EDGE('',*,*,#3670,.F.);
#5260=ORIENTED_EDGE('',*,*,#3676,.F.);
#5261=ORIENTED_EDGE('',*,*,#3677,.T.);
#5262=ORIENTED_EDGE('',*,*,#3675,.F.);
#5263=ORIENTED_EDGE('',*,*,#3673,.F.);
#5264=ORIENTED_EDGE('',*,*,#3678,.F.);
#5265=ORIENTED_EDGE('',*,*,#3680,.T.);
#5266=ORIENTED_EDGE('',*,*,#3679,.F.);
#5267=ORIENTED_EDGE('',*,*,#3708,.F.);
#5268=ORIENTED_EDGE('',*,*,#3709,.T.);
#5269=ORIENTED_EDGE('',*,*,#3710,.F.);
#5270=ORIENTED_EDGE('',*,*,#3681,.F.);
#5271=ORIENTED_EDGE('',*,*,#3711,.F.);
#5272=ORIENTED_EDGE('',*,*,#3686,.F.);
#5273=ORIENTED_EDGE('',*,*,#3712,.F.);
#5274=ORIENTED_EDGE('',*,*,#3713,.F.);
#5275=ORIENTED_EDGE('',*,*,#3714,.F.);
#5276=ORIENTED_EDGE('',*,*,#3684,.F.);
#5277=ORIENTED_EDGE('',*,*,#3715,.F.);
#5278=ORIENTED_EDGE('',*,*,#3716,.T.);
#5279=ORIENTED_EDGE('',*,*,#3689,.F.);
#5280=ORIENTED_EDGE('',*,*,#3695,.F.);
#5281=ORIENTED_EDGE('',*,*,#3696,.T.);
#5282=ORIENTED_EDGE('',*,*,#3694,.F.);
#5283=ORIENTED_EDGE('',*,*,#3692,.F.);
#5284=ORIENTED_EDGE('',*,*,#3697,.F.);
#5285=ORIENTED_EDGE('',*,*,#3699,.T.);
#5286=ORIENTED_EDGE('',*,*,#3698,.F.);
#5287=ORIENTED_EDGE('',*,*,#3717,.F.);
#5288=ORIENTED_EDGE('',*,*,#3718,.F.);
#5289=ORIENTED_EDGE('',*,*,#3719,.F.);
#5290=ORIENTED_EDGE('',*,*,#3701,.F.);
#5291=ORIENTED_EDGE('',*,*,#3720,.F.);
#5292=ORIENTED_EDGE('',*,*,#3705,.F.);
#5293=ORIENTED_EDGE('',*,*,#3721,.F.);
#5294=ORIENTED_EDGE('',*,*,#3722,.F.);
#5295=ORIENTED_EDGE('',*,*,#3723,.F.);
#5296=ORIENTED_EDGE('',*,*,#3724,.F.);
#5297=ORIENTED_EDGE('',*,*,#3725,.F.);
#5298=ORIENTED_EDGE('',*,*,#3709,.F.);
#5299=ORIENTED_EDGE('',*,*,#2833,.T.);
#5300=ORIENTED_EDGE('',*,*,#2844,.F.);
#5301=ORIENTED_EDGE('',*,*,#3726,.F.);
#5302=ORIENTED_EDGE('',*,*,#3713,.T.);
#5303=ORIENTED_EDGE('',*,*,#3727,.F.);
#5304=ORIENTED_EDGE('',*,*,#3728,.F.);
#5305=ORIENTED_EDGE('',*,*,#3729,.F.);
#5306=ORIENTED_EDGE('',*,*,#3716,.F.);
#5307=ORIENTED_EDGE('',*,*,#3730,.F.);
#5308=ORIENTED_EDGE('',*,*,#3731,.F.);
#5309=ORIENTED_EDGE('',*,*,#2834,.T.);
#5310=ORIENTED_EDGE('',*,*,#3728,.T.);
#5311=ORIENTED_EDGE('',*,*,#3732,.T.);
#5312=ORIENTED_EDGE('',*,*,#2845,.T.);
#5313=ORIENTED_EDGE('',*,*,#3729,.T.);
#5314=ORIENTED_EDGE('',*,*,#3733,.T.);
#5315=ORIENTED_EDGE('',*,*,#3574,.T.);
#5316=ORIENTED_EDGE('',*,*,#3620,.T.);
#5317=ORIENTED_EDGE('',*,*,#3732,.F.);
#5318=ORIENTED_EDGE('',*,*,#3727,.T.);
#5319=ORIENTED_EDGE('',*,*,#3712,.T.);
#5320=ORIENTED_EDGE('',*,*,#3685,.T.);
#5321=ORIENTED_EDGE('',*,*,#3714,.T.);
#5322=ORIENTED_EDGE('',*,*,#2843,.F.);
#5323=ORIENTED_EDGE('',*,*,#3621,.T.);
#5324=ORIENTED_EDGE('',*,*,#3572,.T.);
#5325=ORIENTED_EDGE('',*,*,#3734,.T.);
#5326=ORIENTED_EDGE('',*,*,#3723,.T.);
#5327=ORIENTED_EDGE('',*,*,#3708,.T.);
#5328=ORIENTED_EDGE('',*,*,#3687,.T.);
#5329=ORIENTED_EDGE('',*,*,#3711,.T.);
#5330=ORIENTED_EDGE('',*,*,#3726,.T.);
#5331=ORIENTED_EDGE('',*,*,#3733,.F.);
#5332=ORIENTED_EDGE('',*,*,#3731,.T.);
#5333=ORIENTED_EDGE('',*,*,#3735,.T.);
#5334=ORIENTED_EDGE('',*,*,#3575,.T.);
#5335=ORIENTED_EDGE('',*,*,#3734,.F.);
#5336=ORIENTED_EDGE('',*,*,#3571,.T.);
#5337=ORIENTED_EDGE('',*,*,#3736,.T.);
#5338=ORIENTED_EDGE('',*,*,#3724,.T.);
#5339=ORIENTED_EDGE('',*,*,#3737,.T.);
#5340=ORIENTED_EDGE('',*,*,#3531,.T.);
#5341=ORIENTED_EDGE('',*,*,#3576,.T.);
#5342=ORIENTED_EDGE('',*,*,#3735,.F.);
#5343=ORIENTED_EDGE('',*,*,#3730,.T.);
#5344=ORIENTED_EDGE('',*,*,#3715,.T.);
#5345=ORIENTED_EDGE('',*,*,#3683,.T.);
#5346=ORIENTED_EDGE('',*,*,#3646,.T.);
#5347=ORIENTED_EDGE('',*,*,#3615,.T.);
#5348=ORIENTED_EDGE('',*,*,#3725,.T.);
#5349=ORIENTED_EDGE('',*,*,#3736,.F.);
#5350=ORIENTED_EDGE('',*,*,#3577,.T.);
#5351=ORIENTED_EDGE('',*,*,#3529,.T.);
#5352=ORIENTED_EDGE('',*,*,#3738,.T.);
#5353=ORIENTED_EDGE('',*,*,#3610,.T.);
#5354=ORIENTED_EDGE('',*,*,#3645,.T.);
#5355=ORIENTED_EDGE('',*,*,#3682,.T.);
#5356=ORIENTED_EDGE('',*,*,#3710,.T.);
#5357=ORIENTED_EDGE('',*,*,#3614,.T.);
#5358=ORIENTED_EDGE('',*,*,#3739,.T.);
#5359=ORIENTED_EDGE('',*,*,#3479,.T.);
#5360=ORIENTED_EDGE('',*,*,#3737,.F.);
#5361=ORIENTED_EDGE('',*,*,#3611,.T.);
#5362=ORIENTED_EDGE('',*,*,#3738,.F.);
#5363=ORIENTED_EDGE('',*,*,#3477,.T.);
#5364=ORIENTED_EDGE('',*,*,#3740,.T.);
#5365=ORIENTED_EDGE('',*,*,#3617,.T.);
#5366=ORIENTED_EDGE('',*,*,#3741,.T.);
#5367=ORIENTED_EDGE('',*,*,#3401,.T.);
#5368=ORIENTED_EDGE('',*,*,#3445,.T.);
#5369=ORIENTED_EDGE('',*,*,#3739,.F.);
#5370=ORIENTED_EDGE('',*,*,#3613,.T.);
#5371=ORIENTED_EDGE('',*,*,#3566,.T.);
#5372=ORIENTED_EDGE('',*,*,#3520,.T.);
#5373=ORIENTED_EDGE('',*,*,#3568,.T.);
#5374=ORIENTED_EDGE('',*,*,#3740,.F.);
#5375=ORIENTED_EDGE('',*,*,#3446,.T.);
#5376=ORIENTED_EDGE('',*,*,#3399,.T.);
#5377=ORIENTED_EDGE('',*,*,#3742,.T.);
#5378=ORIENTED_EDGE('',*,*,#3607,.T.);
#5379=ORIENTED_EDGE('',*,*,#3562,.T.);
#5380=ORIENTED_EDGE('',*,*,#3522,.T.);
#5381=ORIENTED_EDGE('',*,*,#3565,.T.);
#5382=ORIENTED_EDGE('',*,*,#3612,.T.);
#5383=ORIENTED_EDGE('',*,*,#3741,.F.);
#5384=ORIENTED_EDGE('',*,*,#3619,.T.);
#5385=ORIENTED_EDGE('',*,*,#3743,.T.);
#5386=ORIENTED_EDGE('',*,*,#3395,.T.);
#5387=ORIENTED_EDGE('',*,*,#3742,.F.);
#5388=ORIENTED_EDGE('',*,*,#3398,.T.);
#5389=ORIENTED_EDGE('',*,*,#3744,.T.);
#5390=ORIENTED_EDGE('',*,*,#3608,.T.);
#5391=ORIENTED_EDGE('',*,*,#3745,.T.);
#5392=ORIENTED_EDGE('',*,*,#3361,.T.);
#5393=ORIENTED_EDGE('',*,*,#3396,.T.);
#5394=ORIENTED_EDGE('',*,*,#3743,.F.);
#5395=ORIENTED_EDGE('',*,*,#3618,.T.);
#5396=ORIENTED_EDGE('',*,*,#3569,.T.);
#5397=ORIENTED_EDGE('',*,*,#3518,.T.);
#5398=ORIENTED_EDGE('',*,*,#3475,.T.);
#5399=ORIENTED_EDGE('',*,*,#3440,.T.);
#5400=ORIENTED_EDGE('',*,*,#3609,.T.);
#5401=ORIENTED_EDGE('',*,*,#3744,.F.);
#5402=ORIENTED_EDGE('',*,*,#3397,.T.);
#5403=ORIENTED_EDGE('',*,*,#3359,.T.);
#5404=ORIENTED_EDGE('',*,*,#3746,.T.);
#5405=ORIENTED_EDGE('',*,*,#3435,.T.);
#5406=ORIENTED_EDGE('',*,*,#3474,.T.);
#5407=ORIENTED_EDGE('',*,*,#3517,.T.);
#5408=ORIENTED_EDGE('',*,*,#3564,.T.);
#5409=ORIENTED_EDGE('',*,*,#3439,.T.);
#5410=ORIENTED_EDGE('',*,*,#3747,.T.);
#5411=ORIENTED_EDGE('',*,*,#3317,.T.);
#5412=ORIENTED_EDGE('',*,*,#3745,.F.);
#5413=ORIENTED_EDGE('',*,*,#3436,.T.);
#5414=ORIENTED_EDGE('',*,*,#3746,.F.);
#5415=ORIENTED_EDGE('',*,*,#3315,.T.);
#5416=ORIENTED_EDGE('',*,*,#3748,.T.);
#5417=ORIENTED_EDGE('',*,*,#3442,.T.);
#5418=ORIENTED_EDGE('',*,*,#3749,.T.);
#5419=ORIENTED_EDGE('',*,*,#3230,.T.);
#5420=ORIENTED_EDGE('',*,*,#3275,.T.);
#5421=ORIENTED_EDGE('',*,*,#3747,.F.);
#5422=ORIENTED_EDGE('',*,*,#3438,.T.);
#5423=ORIENTED_EDGE('',*,*,#3390,.T.);
#5424=ORIENTED_EDGE('',*,*,#3344,.T.);
#5425=ORIENTED_EDGE('',*,*,#3392,.T.);
#5426=ORIENTED_EDGE('',*,*,#3748,.F.);
#5427=ORIENTED_EDGE('',*,*,#3276,.T.);
#5428=ORIENTED_EDGE('',*,*,#3228,.T.);
#5429=ORIENTED_EDGE('',*,*,#3750,.T.);
#5430=ORIENTED_EDGE('',*,*,#3432,.T.);
#5431=ORIENTED_EDGE('',*,*,#3386,.T.);
#5432=ORIENTED_EDGE('',*,*,#3346,.T.);
#5433=ORIENTED_EDGE('',*,*,#3389,.T.);
#5434=ORIENTED_EDGE('',*,*,#3437,.T.);
#5435=ORIENTED_EDGE('',*,*,#3749,.F.);
#5436=ORIENTED_EDGE('',*,*,#3444,.T.);
#5437=ORIENTED_EDGE('',*,*,#3751,.T.);
#5438=ORIENTED_EDGE('',*,*,#3231,.T.);
#5439=ORIENTED_EDGE('',*,*,#3750,.F.);
#5440=ORIENTED_EDGE('',*,*,#3227,.T.);
#5441=ORIENTED_EDGE('',*,*,#3752,.T.);
#5442=ORIENTED_EDGE('',*,*,#3433,.T.);
#5443=ORIENTED_EDGE('',*,*,#3753,.T.);
#5444=ORIENTED_EDGE('',*,*,#3185,.T.);
#5445=ORIENTED_EDGE('',*,*,#3232,.T.);
#5446=ORIENTED_EDGE('',*,*,#3751,.F.);
#5447=ORIENTED_EDGE('',*,*,#3443,.T.);
#5448=ORIENTED_EDGE('',*,*,#3393,.T.);
#5449=ORIENTED_EDGE('',*,*,#3342,.T.);
#5450=ORIENTED_EDGE('',*,*,#3299,.T.);
#5451=ORIENTED_EDGE('',*,*,#3264,.T.);
#5452=ORIENTED_EDGE('',*,*,#3434,.T.);
#5453=ORIENTED_EDGE('',*,*,#3752,.F.);
#5454=ORIENTED_EDGE('',*,*,#3233,.T.);
#5455=ORIENTED_EDGE('',*,*,#3183,.T.);
#5456=ORIENTED_EDGE('',*,*,#3754,.T.);
#5457=ORIENTED_EDGE('',*,*,#3259,.T.);
#5458=ORIENTED_EDGE('',*,*,#3298,.T.);
#5459=ORIENTED_EDGE('',*,*,#3341,.T.);
#5460=ORIENTED_EDGE('',*,*,#3388,.T.);
#5461=ORIENTED_EDGE('',*,*,#3263,.T.);
#5462=ORIENTED_EDGE('',*,*,#3755,.T.);
#5463=ORIENTED_EDGE('',*,*,#3135,.T.);
#5464=ORIENTED_EDGE('',*,*,#3753,.F.);
#5465=ORIENTED_EDGE('',*,*,#3260,.T.);
#5466=ORIENTED_EDGE('',*,*,#3754,.F.);
#5467=ORIENTED_EDGE('',*,*,#3133,.T.);
#5468=ORIENTED_EDGE('',*,*,#3756,.T.);
#5469=ORIENTED_EDGE('',*,*,#3266,.T.);
#5470=ORIENTED_EDGE('',*,*,#3757,.T.);
#5471=ORIENTED_EDGE('',*,*,#3051,.T.);
#5472=ORIENTED_EDGE('',*,*,#3079,.T.);
#5473=ORIENTED_EDGE('',*,*,#3755,.F.);
#5474=ORIENTED_EDGE('',*,*,#3262,.T.);
#5475=ORIENTED_EDGE('',*,*,#3214,.T.);
#5476=ORIENTED_EDGE('',*,*,#3172,.T.);
#5477=ORIENTED_EDGE('',*,*,#3216,.T.);
#5478=ORIENTED_EDGE('',*,*,#3756,.F.);
#5479=ORIENTED_EDGE('',*,*,#3080,.T.);
#5480=ORIENTED_EDGE('',*,*,#3049,.T.);
#5481=ORIENTED_EDGE('',*,*,#3758,.T.);
#5482=ORIENTED_EDGE('',*,*,#3256,.T.);
#5483=ORIENTED_EDGE('',*,*,#3210,.T.);
#5484=ORIENTED_EDGE('',*,*,#3174,.T.);
#5485=ORIENTED_EDGE('',*,*,#3213,.T.);
#5486=ORIENTED_EDGE('',*,*,#3261,.T.);
#5487=ORIENTED_EDGE('',*,*,#3757,.F.);
#5488=ORIENTED_EDGE('',*,*,#3268,.T.);
#5489=ORIENTED_EDGE('',*,*,#3759,.T.);
#5490=ORIENTED_EDGE('',*,*,#3045,.T.);
#5491=ORIENTED_EDGE('',*,*,#3758,.F.);
#5492=ORIENTED_EDGE('',*,*,#3048,.T.);
#5493=ORIENTED_EDGE('',*,*,#3760,.T.);
#5494=ORIENTED_EDGE('',*,*,#3257,.T.);
#5495=ORIENTED_EDGE('',*,*,#3761,.T.);
#5496=ORIENTED_EDGE('',*,*,#3001,.T.);
#5497=ORIENTED_EDGE('',*,*,#3046,.T.);
#5498=ORIENTED_EDGE('',*,*,#3759,.F.);
#5499=ORIENTED_EDGE('',*,*,#3267,.T.);
#5500=ORIENTED_EDGE('',*,*,#3217,.T.);
#5501=ORIENTED_EDGE('',*,*,#3170,.T.);
#5502=ORIENTED_EDGE('',*,*,#3137,.T.);
#5503=ORIENTED_EDGE('',*,*,#3090,.T.);
#5504=ORIENTED_EDGE('',*,*,#3258,.T.);
#5505=ORIENTED_EDGE('',*,*,#3760,.F.);
#5506=ORIENTED_EDGE('',*,*,#3047,.T.);
#5507=ORIENTED_EDGE('',*,*,#2999,.T.);
#5508=ORIENTED_EDGE('',*,*,#3762,.T.);
#5509=ORIENTED_EDGE('',*,*,#3085,.T.);
#5510=ORIENTED_EDGE('',*,*,#3136,.T.);
#5511=ORIENTED_EDGE('',*,*,#3169,.T.);
#5512=ORIENTED_EDGE('',*,*,#3212,.T.);
#5513=ORIENTED_EDGE('',*,*,#3089,.T.);
#5514=ORIENTED_EDGE('',*,*,#3763,.T.);
#5515=ORIENTED_EDGE('',*,*,#2981,.T.);
#5516=ORIENTED_EDGE('',*,*,#3761,.F.);
#5517=ORIENTED_EDGE('',*,*,#3086,.T.);
#5518=ORIENTED_EDGE('',*,*,#3762,.F.);
#5519=ORIENTED_EDGE('',*,*,#2979,.T.);
#5520=ORIENTED_EDGE('',*,*,#3764,.T.);
#5521=ORIENTED_EDGE('',*,*,#3092,.T.);
#5522=ORIENTED_EDGE('',*,*,#3765,.T.);
#5523=ORIENTED_EDGE('',*,*,#2951,.T.);
#5524=ORIENTED_EDGE('',*,*,#2967,.T.);
#5525=ORIENTED_EDGE('',*,*,#3763,.F.);
#5526=ORIENTED_EDGE('',*,*,#3088,.T.);
#5527=ORIENTED_EDGE('',*,*,#3056,.T.);
#5528=ORIENTED_EDGE('',*,*,#3009,.T.);
#5529=ORIENTED_EDGE('',*,*,#3058,.T.);
#5530=ORIENTED_EDGE('',*,*,#3764,.F.);
#5531=ORIENTED_EDGE('',*,*,#2968,.T.);
#5532=ORIENTED_EDGE('',*,*,#2949,.T.);
#5533=ORIENTED_EDGE('',*,*,#3766,.T.);
#5534=ORIENTED_EDGE('',*,*,#3082,.T.);
#5535=ORIENTED_EDGE('',*,*,#3052,.T.);
#5536=ORIENTED_EDGE('',*,*,#3011,.T.);
#5537=ORIENTED_EDGE('',*,*,#3055,.T.);
#5538=ORIENTED_EDGE('',*,*,#3087,.T.);
#5539=ORIENTED_EDGE('',*,*,#3765,.F.);
#5540=ORIENTED_EDGE('',*,*,#3094,.T.);
#5541=ORIENTED_EDGE('',*,*,#3767,.T.);
#5542=ORIENTED_EDGE('',*,*,#2952,.T.);
#5543=ORIENTED_EDGE('',*,*,#3766,.F.);
#5544=ORIENTED_EDGE('',*,*,#2948,.T.);
#5545=ORIENTED_EDGE('',*,*,#3768,.T.);
#5546=ORIENTED_EDGE('',*,*,#3083,.T.);
#5547=ORIENTED_EDGE('',*,*,#3769,.T.);
#5548=ORIENTED_EDGE('',*,*,#2965,.T.);
#5549=ORIENTED_EDGE('',*,*,#2953,.T.);
#5550=ORIENTED_EDGE('',*,*,#3767,.F.);
#5551=ORIENTED_EDGE('',*,*,#3093,.T.);
#5552=ORIENTED_EDGE('',*,*,#3059,.T.);
#5553=ORIENTED_EDGE('',*,*,#3007,.T.);
#5554=ORIENTED_EDGE('',*,*,#3063,.T.);
#5555=ORIENTED_EDGE('',*,*,#3101,.T.);
#5556=ORIENTED_EDGE('',*,*,#3084,.T.);
#5557=ORIENTED_EDGE('',*,*,#3768,.F.);
#5558=ORIENTED_EDGE('',*,*,#2955,.T.);
#5559=ORIENTED_EDGE('',*,*,#2964,.T.);
#5560=ORIENTED_EDGE('',*,*,#3770,.T.);
#5561=ORIENTED_EDGE('',*,*,#3095,.T.);
#5562=ORIENTED_EDGE('',*,*,#3061,.T.);
#5563=ORIENTED_EDGE('',*,*,#3005,.T.);
#5564=ORIENTED_EDGE('',*,*,#3054,.T.);
#5565=ORIENTED_EDGE('',*,*,#3100,.T.);
#5566=ORIENTED_EDGE('',*,*,#3771,.T.);
#5567=ORIENTED_EDGE('',*,*,#2977,.T.);
#5568=ORIENTED_EDGE('',*,*,#3769,.F.);
#5569=ORIENTED_EDGE('',*,*,#3096,.T.);
#5570=ORIENTED_EDGE('',*,*,#3770,.F.);
#5571=ORIENTED_EDGE('',*,*,#2976,.T.);
#5572=ORIENTED_EDGE('',*,*,#3772,.T.);
#5573=ORIENTED_EDGE('',*,*,#3246,.T.);
#5574=ORIENTED_EDGE('',*,*,#3773,.T.);
#5575=ORIENTED_EDGE('',*,*,#3028,.T.);
#5576=ORIENTED_EDGE('',*,*,#2996,.T.);
#5577=ORIENTED_EDGE('',*,*,#3771,.F.);
#5578=ORIENTED_EDGE('',*,*,#3099,.T.);
#5579=ORIENTED_EDGE('',*,*,#3141,.T.);
#5580=ORIENTED_EDGE('',*,*,#3152,.T.);
#5581=ORIENTED_EDGE('',*,*,#3204,.T.);
#5582=ORIENTED_EDGE('',*,*,#3772,.F.);
#5583=ORIENTED_EDGE('',*,*,#2998,.T.);
#5584=ORIENTED_EDGE('',*,*,#3027,.T.);
#5585=ORIENTED_EDGE('',*,*,#3774,.T.);
#5586=ORIENTED_EDGE('',*,*,#3243,.T.);
#5587=ORIENTED_EDGE('',*,*,#3201,.T.);
#5588=ORIENTED_EDGE('',*,*,#3153,.T.);
#5589=ORIENTED_EDGE('',*,*,#3139,.T.);
#5590=ORIENTED_EDGE('',*,*,#3097,.T.);
#5591=ORIENTED_EDGE('',*,*,#3773,.F.);
#5592=ORIENTED_EDGE('',*,*,#3248,.T.);
#5593=ORIENTED_EDGE('',*,*,#3775,.T.);
#5594=ORIENTED_EDGE('',*,*,#3022,.T.);
#5595=ORIENTED_EDGE('',*,*,#3774,.F.);
#5596=ORIENTED_EDGE('',*,*,#3026,.T.);
#5597=ORIENTED_EDGE('',*,*,#3776,.T.);
#5598=ORIENTED_EDGE('',*,*,#3244,.T.);
#5599=ORIENTED_EDGE('',*,*,#3777,.T.);
#5600=ORIENTED_EDGE('',*,*,#3065,.T.);
#5601=ORIENTED_EDGE('',*,*,#3023,.T.);
#5602=ORIENTED_EDGE('',*,*,#3775,.F.);
#5603=ORIENTED_EDGE('',*,*,#3247,.T.);
#5604=ORIENTED_EDGE('',*,*,#3205,.T.);
#5605=ORIENTED_EDGE('',*,*,#3150,.T.);
#5606=ORIENTED_EDGE('',*,*,#3209,.T.);
#5607=ORIENTED_EDGE('',*,*,#3255,.T.);
#5608=ORIENTED_EDGE('',*,*,#3245,.T.);
#5609=ORIENTED_EDGE('',*,*,#3776,.F.);
#5610=ORIENTED_EDGE('',*,*,#3025,.T.);
#5611=ORIENTED_EDGE('',*,*,#3064,.T.);
#5612=ORIENTED_EDGE('',*,*,#3778,.T.);
#5613=ORIENTED_EDGE('',*,*,#3249,.T.);
#5614=ORIENTED_EDGE('',*,*,#3207,.T.);
#5615=ORIENTED_EDGE('',*,*,#3148,.T.);
#5616=ORIENTED_EDGE('',*,*,#3203,.T.);
#5617=ORIENTED_EDGE('',*,*,#3254,.T.);
#5618=ORIENTED_EDGE('',*,*,#3779,.T.);
#5619=ORIENTED_EDGE('',*,*,#3103,.T.);
#5620=ORIENTED_EDGE('',*,*,#3777,.F.);
#5621=ORIENTED_EDGE('',*,*,#3250,.T.);
#5622=ORIENTED_EDGE('',*,*,#3778,.F.);
#5623=ORIENTED_EDGE('',*,*,#3102,.T.);
#5624=ORIENTED_EDGE('',*,*,#3780,.T.);
#5625=ORIENTED_EDGE('',*,*,#3413,.T.);
#5626=ORIENTED_EDGE('',*,*,#3781,.T.);
#5627=ORIENTED_EDGE('',*,*,#3196,.T.);
#5628=ORIENTED_EDGE('',*,*,#3142,.T.);
#5629=ORIENTED_EDGE('',*,*,#3779,.F.);
#5630=ORIENTED_EDGE('',*,*,#3253,.T.);
#5631=ORIENTED_EDGE('',*,*,#3297,.T.);
#5632=ORIENTED_EDGE('',*,*,#3327,.T.);
#5633=ORIENTED_EDGE('',*,*,#3365,.T.);
#5634=ORIENTED_EDGE('',*,*,#3780,.F.);
#5635=ORIENTED_EDGE('',*,*,#3144,.T.);
#5636=ORIENTED_EDGE('',*,*,#3195,.T.);
#5637=ORIENTED_EDGE('',*,*,#3782,.T.);
#5638=ORIENTED_EDGE('',*,*,#3410,.T.);
#5639=ORIENTED_EDGE('',*,*,#3362,.T.);
#5640=ORIENTED_EDGE('',*,*,#3328,.T.);
#5641=ORIENTED_EDGE('',*,*,#3295,.T.);
#5642=ORIENTED_EDGE('',*,*,#3251,.T.);
#5643=ORIENTED_EDGE('',*,*,#3781,.F.);
#5644=ORIENTED_EDGE('',*,*,#3415,.T.);
#5645=ORIENTED_EDGE('',*,*,#3783,.T.);
#5646=ORIENTED_EDGE('',*,*,#3197,.T.);
#5647=ORIENTED_EDGE('',*,*,#3782,.F.);
#5648=ORIENTED_EDGE('',*,*,#3194,.T.);
#5649=ORIENTED_EDGE('',*,*,#3784,.T.);
#5650=ORIENTED_EDGE('',*,*,#3411,.T.);
#5651=ORIENTED_EDGE('',*,*,#3785,.T.);
#5652=ORIENTED_EDGE('',*,*,#3241,.T.);
#5653=ORIENTED_EDGE('',*,*,#3198,.T.);
#5654=ORIENTED_EDGE('',*,*,#3783,.F.);
#5655=ORIENTED_EDGE('',*,*,#3414,.T.);
#5656=ORIENTED_EDGE('',*,*,#3366,.T.);
#5657=ORIENTED_EDGE('',*,*,#3325,.T.);
#5658=ORIENTED_EDGE('',*,*,#3370,.T.);
#5659=ORIENTED_EDGE('',*,*,#3422,.T.);
#5660=ORIENTED_EDGE('',*,*,#3412,.T.);
#5661=ORIENTED_EDGE('',*,*,#3784,.F.);
#5662=ORIENTED_EDGE('',*,*,#3200,.T.);
#5663=ORIENTED_EDGE('',*,*,#3240,.T.);
#5664=ORIENTED_EDGE('',*,*,#3786,.T.);
#5665=ORIENTED_EDGE('',*,*,#3416,.T.);
#5666=ORIENTED_EDGE('',*,*,#3368,.T.);
#5667=ORIENTED_EDGE('',*,*,#3323,.T.);
#5668=ORIENTED_EDGE('',*,*,#3364,.T.);
#5669=ORIENTED_EDGE('',*,*,#3421,.T.);
#5670=ORIENTED_EDGE('',*,*,#3787,.T.);
#5671=ORIENTED_EDGE('',*,*,#3293,.T.);
#5672=ORIENTED_EDGE('',*,*,#3785,.F.);
#5673=ORIENTED_EDGE('',*,*,#3417,.T.);
#5674=ORIENTED_EDGE('',*,*,#3786,.F.);
#5675=ORIENTED_EDGE('',*,*,#3292,.T.);
#5676=ORIENTED_EDGE('',*,*,#3788,.T.);
#5677=ORIENTED_EDGE('',*,*,#3589,.T.);
#5678=ORIENTED_EDGE('',*,*,#3789,.T.);
#5679=ORIENTED_EDGE('',*,*,#3385,.T.);
#5680=ORIENTED_EDGE('',*,*,#3337,.T.);
#5681=ORIENTED_EDGE('',*,*,#3787,.F.);
#5682=ORIENTED_EDGE('',*,*,#3420,.T.);
#5683=ORIENTED_EDGE('',*,*,#3456,.T.);
#5684=ORIENTED_EDGE('',*,*,#3499,.T.);
#5685=ORIENTED_EDGE('',*,*,#3541,.T.);
#5686=ORIENTED_EDGE('',*,*,#3788,.F.);
#5687=ORIENTED_EDGE('',*,*,#3339,.T.);
#5688=ORIENTED_EDGE('',*,*,#3384,.T.);
#5689=ORIENTED_EDGE('',*,*,#3790,.T.);
#5690=ORIENTED_EDGE('',*,*,#3586,.T.);
#5691=ORIENTED_EDGE('',*,*,#3538,.T.);
#5692=ORIENTED_EDGE('',*,*,#3500,.T.);
#5693=ORIENTED_EDGE('',*,*,#3454,.T.);
#5694=ORIENTED_EDGE('',*,*,#3418,.T.);
#5695=ORIENTED_EDGE('',*,*,#3789,.F.);
#5696=ORIENTED_EDGE('',*,*,#3591,.T.);
#5697=ORIENTED_EDGE('',*,*,#3791,.T.);
#5698=ORIENTED_EDGE('',*,*,#3379,.T.);
#5699=ORIENTED_EDGE('',*,*,#3790,.F.);
#5700=ORIENTED_EDGE('',*,*,#3383,.T.);
#5701=ORIENTED_EDGE('',*,*,#3792,.T.);
#5702=ORIENTED_EDGE('',*,*,#3587,.T.);
#5703=ORIENTED_EDGE('',*,*,#3793,.T.);
#5704=ORIENTED_EDGE('',*,*,#3430,.T.);
#5705=ORIENTED_EDGE('',*,*,#3380,.T.);
#5706=ORIENTED_EDGE('',*,*,#3791,.F.);
#5707=ORIENTED_EDGE('',*,*,#3590,.T.);
#5708=ORIENTED_EDGE('',*,*,#3542,.T.);
#5709=ORIENTED_EDGE('',*,*,#3497,.T.);
#5710=ORIENTED_EDGE('',*,*,#3546,.T.);
#5711=ORIENTED_EDGE('',*,*,#3598,.T.);
#5712=ORIENTED_EDGE('',*,*,#3588,.T.);
#5713=ORIENTED_EDGE('',*,*,#3792,.F.);
#5714=ORIENTED_EDGE('',*,*,#3382,.T.);
#5715=ORIENTED_EDGE('',*,*,#3429,.T.);
#5716=ORIENTED_EDGE('',*,*,#3794,.T.);
#5717=ORIENTED_EDGE('',*,*,#3592,.T.);
#5718=ORIENTED_EDGE('',*,*,#3544,.T.);
#5719=ORIENTED_EDGE('',*,*,#3495,.T.);
#5720=ORIENTED_EDGE('',*,*,#3540,.T.);
#5721=ORIENTED_EDGE('',*,*,#3597,.T.);
#5722=ORIENTED_EDGE('',*,*,#3795,.T.);
#5723=ORIENTED_EDGE('',*,*,#3472,.T.);
#5724=ORIENTED_EDGE('',*,*,#3793,.F.);
#5725=ORIENTED_EDGE('',*,*,#3593,.T.);
#5726=ORIENTED_EDGE('',*,*,#3794,.F.);
#5727=ORIENTED_EDGE('',*,*,#3471,.T.);
#5728=ORIENTED_EDGE('',*,*,#3796,.T.);
#5729=ORIENTED_EDGE('',*,*,#3720,.T.);
#5730=ORIENTED_EDGE('',*,*,#3797,.T.);
#5731=ORIENTED_EDGE('',*,*,#3549,.T.);
#5732=ORIENTED_EDGE('',*,*,#3513,.T.);
#5733=ORIENTED_EDGE('',*,*,#3795,.F.);
#5734=ORIENTED_EDGE('',*,*,#3596,.T.);
#5735=ORIENTED_EDGE('',*,*,#3630,.T.);
#5736=ORIENTED_EDGE('',*,*,#3667,.T.);
#5737=ORIENTED_EDGE('',*,*,#3703,.T.);
#5738=ORIENTED_EDGE('',*,*,#3796,.F.);
#5739=ORIENTED_EDGE('',*,*,#3515,.T.);
#5740=ORIENTED_EDGE('',*,*,#3548,.T.);
#5741=ORIENTED_EDGE('',*,*,#3798,.T.);
#5742=ORIENTED_EDGE('',*,*,#3717,.T.);
#5743=ORIENTED_EDGE('',*,*,#3700,.T.);
#5744=ORIENTED_EDGE('',*,*,#3668,.T.);
#5745=ORIENTED_EDGE('',*,*,#3628,.T.);
#5746=ORIENTED_EDGE('',*,*,#3594,.T.);
#5747=ORIENTED_EDGE('',*,*,#3797,.F.);
#5748=ORIENTED_EDGE('',*,*,#3722,.T.);
#5749=ORIENTED_EDGE('',*,*,#3799,.T.);
#5750=ORIENTED_EDGE('',*,*,#3550,.T.);
#5751=ORIENTED_EDGE('',*,*,#3798,.F.);
#5752=ORIENTED_EDGE('',*,*,#3547,.T.);
#5753=ORIENTED_EDGE('',*,*,#3800,.T.);
#5754=ORIENTED_EDGE('',*,*,#3718,.T.);
#5755=ORIENTED_EDGE('',*,*,#2928,.T.);
#5756=ORIENTED_EDGE('',*,*,#3600,.T.);
#5757=ORIENTED_EDGE('',*,*,#3551,.T.);
#5758=ORIENTED_EDGE('',*,*,#3799,.F.);
#5759=ORIENTED_EDGE('',*,*,#3721,.T.);
#5760=ORIENTED_EDGE('',*,*,#3704,.T.);
#5761=ORIENTED_EDGE('',*,*,#3665,.T.);
#5762=ORIENTED_EDGE('',*,*,#3707,.T.);
#5763=ORIENTED_EDGE('',*,*,#2932,.T.);
#5764=ORIENTED_EDGE('',*,*,#3719,.T.);
#5765=ORIENTED_EDGE('',*,*,#3800,.F.);
#5766=ORIENTED_EDGE('',*,*,#3553,.T.);
#5767=ORIENTED_EDGE('',*,*,#3599,.T.);
#5768=ORIENTED_EDGE('',*,*,#2935,.T.);
#5769=ORIENTED_EDGE('',*,*,#2934,.T.);
#5770=ORIENTED_EDGE('',*,*,#3706,.T.);
#5771=ORIENTED_EDGE('',*,*,#3663,.T.);
#5772=ORIENTED_EDGE('',*,*,#3702,.T.);
#5773=ORIENTED_EDGE('',*,*,#3801,.F.);
#5774=ORIENTED_EDGE('',*,*,#3802,.T.);
#5775=ORIENTED_EDGE('',*,*,#3803,.F.);
#5776=ORIENTED_EDGE('',*,*,#3804,.T.);
#5777=ORIENTED_EDGE('',*,*,#3803,.T.);
#5778=ORIENTED_EDGE('',*,*,#3805,.T.);
#5779=ORIENTED_EDGE('',*,*,#3806,.F.);
#5780=ORIENTED_EDGE('',*,*,#3807,.T.);
#5781=ORIENTED_EDGE('',*,*,#3808,.F.);
#5782=ORIENTED_EDGE('',*,*,#3809,.T.);
#5783=ORIENTED_EDGE('',*,*,#3801,.T.);
#5784=ORIENTED_EDGE('',*,*,#3810,.T.);
#5785=ORIENTED_EDGE('',*,*,#3806,.T.);
#5786=ORIENTED_EDGE('',*,*,#3811,.T.);
#5787=ORIENTED_EDGE('',*,*,#3808,.T.);
#5788=ORIENTED_EDGE('',*,*,#3812,.T.);
#5789=ORIENTED_EDGE('',*,*,#3812,.F.);
#5790=ORIENTED_EDGE('',*,*,#3813,.T.);
#5791=ORIENTED_EDGE('',*,*,#3814,.T.);
#5792=ORIENTED_EDGE('',*,*,#3815,.T.);
#5793=ORIENTED_EDGE('',*,*,#3816,.T.);
#5794=ORIENTED_EDGE('',*,*,#3817,.T.);
#5795=ORIENTED_EDGE('',*,*,#3813,.F.);
#5796=ORIENTED_EDGE('',*,*,#3810,.F.);
#5797=ORIENTED_EDGE('',*,*,#3818,.T.);
#5798=ORIENTED_EDGE('',*,*,#3807,.F.);
#5799=ORIENTED_EDGE('',*,*,#3815,.F.);
#5800=ORIENTED_EDGE('',*,*,#3819,.T.);
#5801=ORIENTED_EDGE('',*,*,#3817,.F.);
#5802=ORIENTED_EDGE('',*,*,#3820,.F.);
#5803=ORIENTED_EDGE('',*,*,#3819,.F.);
#5804=ORIENTED_EDGE('',*,*,#3814,.F.);
#5805=ORIENTED_EDGE('',*,*,#3816,.F.);
#5806=ORIENTED_EDGE('',*,*,#3804,.F.);
#5807=ORIENTED_EDGE('',*,*,#3818,.F.);
#5808=ORIENTED_EDGE('',*,*,#3820,.T.);
#5809=ORIENTED_EDGE('',*,*,#3821,.F.);
#5810=ORIENTED_EDGE('',*,*,#3822,.F.);
#5811=ORIENTED_EDGE('',*,*,#3823,.F.);
#5812=ORIENTED_EDGE('',*,*,#3824,.F.);
#5813=ORIENTED_EDGE('',*,*,#3825,.F.);
#5814=ORIENTED_EDGE('',*,*,#3822,.T.);
#5815=ORIENTED_EDGE('',*,*,#3826,.F.);
#5816=ORIENTED_EDGE('',*,*,#3802,.F.);
#5817=ORIENTED_EDGE('',*,*,#3826,.T.);
#5818=ORIENTED_EDGE('',*,*,#3821,.T.);
#5819=ORIENTED_EDGE('',*,*,#3827,.F.);
#5820=ORIENTED_EDGE('',*,*,#3805,.F.);
#5821=ORIENTED_EDGE('',*,*,#3825,.T.);
#5822=ORIENTED_EDGE('',*,*,#3809,.F.);
#5823=ORIENTED_EDGE('',*,*,#3828,.F.);
#5824=ORIENTED_EDGE('',*,*,#3823,.T.);
#5825=ORIENTED_EDGE('',*,*,#3811,.F.);
#5826=ORIENTED_EDGE('',*,*,#3827,.T.);
#5827=ORIENTED_EDGE('',*,*,#3824,.T.);
#5828=ORIENTED_EDGE('',*,*,#3828,.T.);
#5829=EDGE_LOOP('',(#3829,#3830,#3831,#3832));
#5830=EDGE_LOOP('',(#3833,#3834,#3835,#3836));
#5831=EDGE_LOOP('',(#3837,#3838,#3839,#3840));
#5832=EDGE_LOOP('',(#3841,#3842,#3843,#3844));
#5833=EDGE_LOOP('',(#3845,#3846,#3847,#3848));
#5834=EDGE_LOOP('',(#3849,#3850,#3851,#3852));
#5835=EDGE_LOOP('',(#3853,#3854,#3855,#3856));
#5836=EDGE_LOOP('',(#3857,#3858,#3859,#3860,#3861,#3862,#3863,#3864));
#5837=EDGE_LOOP('',(#3865,#3866,#3867,#3868));
#5838=EDGE_LOOP('',(#3869,#3870,#3871,#3872));
#5839=EDGE_LOOP('',(#3873,#3874,#3875,#3876,#3877,#3878));
#5840=EDGE_LOOP('',(#3879,#3880,#3881,#3882));
#5841=EDGE_LOOP('',(#3883,#3884,#3885,#3886));
#5842=EDGE_LOOP('',(#3887,#3888,#3889,#3890));
#5843=EDGE_LOOP('',(#3891,#3892,#3893,#3894));
#5844=EDGE_LOOP('',(#3895,#3896,#3897,#3898));
#5845=EDGE_LOOP('',(#3899,#3900,#3901,#3902));
#5846=EDGE_LOOP('',(#3903,#3904,#3905,#3906));
#5847=EDGE_LOOP('',(#3907,#3908,#3909,#3910));
#5848=EDGE_LOOP('',(#3911,#3912,#3913,#3914));
#5849=EDGE_LOOP('',(#3915,#3916,#3917,#3918));
#5850=EDGE_LOOP('',(#3919,#3920,#3921,#3922));
#5851=EDGE_LOOP('',(#3923,#3924,#3925,#3926,#3927,#3928,#3929,#3930));
#5852=EDGE_LOOP('',(#3931,#3932,#3933,#3934));
#5853=EDGE_LOOP('',(#3935,#3936,#3937,#3938));
#5854=EDGE_LOOP('',(#3939,#3940,#3941,#3942));
#5855=EDGE_LOOP('',(#3943,#3944,#3945,#3946));
#5856=EDGE_LOOP('',(#3947,#3948,#3949,#3950));
#5857=EDGE_LOOP('',(#3951,#3952,#3953,#3954));
#5858=EDGE_LOOP('',(#3955,#3956,#3957,#3958));
#5859=EDGE_LOOP('',(#3959,#3960,#3961,#3962));
#5860=EDGE_LOOP('',(#3963,#3964,#3965,#3966));
#5861=EDGE_LOOP('',(#3967,#3968,#3969,#3970));
#5862=EDGE_LOOP('',(#3971,#3972,#3973,#3974));
#5863=EDGE_LOOP('',(#3975,#3976,#3977,#3978));
#5864=EDGE_LOOP('',(#3979,#3980,#3981,#3982));
#5865=EDGE_LOOP('',(#3983,#3984,#3985,#3986));
#5866=EDGE_LOOP('',(#3987,#3988,#3989,#3990,#3991,#3992,#3993,#3994));
#5867=EDGE_LOOP('',(#3995,#3996,#3997,#3998));
#5868=EDGE_LOOP('',(#3999,#4000,#4001,#4002));
#5869=EDGE_LOOP('',(#4003,#4004,#4005,#4006));
#5870=EDGE_LOOP('',(#4007,#4008,#4009,#4010,#4011,#4012,#4013,#4014,#4015));
#5871=EDGE_LOOP('',(#4016,#4017,#4018,#4019,#4020,#4021,#4022,#4023,#4024));
#5872=EDGE_LOOP('',(#4025,#4026,#4027,#4028));
#5873=EDGE_LOOP('',(#4029,#4030,#4031,#4032));
#5874=EDGE_LOOP('',(#4033,#4034,#4035,#4036,#4037,#4038,#4039,#4040,#4041));
#5875=EDGE_LOOP('',(#4042,#4043,#4044,#4045,#4046,#4047,#4048,#4049,#4050));
#5876=EDGE_LOOP('',(#4051,#4052,#4053,#4054));
#5877=EDGE_LOOP('',(#4055,#4056,#4057,#4058,#4059,#4060,#4061,#4062));
#5878=EDGE_LOOP('',(#4063,#4064,#4065,#4066));
#5879=EDGE_LOOP('',(#4067,#4068,#4069,#4070));
#5880=EDGE_LOOP('',(#4071,#4072,#4073,#4074));
#5881=EDGE_LOOP('',(#4075,#4076,#4077,#4078));
#5882=EDGE_LOOP('',(#4079,#4080,#4081,#4082));
#5883=EDGE_LOOP('',(#4083,#4084,#4085,#4086));
#5884=EDGE_LOOP('',(#4087,#4088,#4089,#4090));
#5885=EDGE_LOOP('',(#4091,#4092,#4093,#4094));
#5886=EDGE_LOOP('',(#4095,#4096,#4097,#4098));
#5887=EDGE_LOOP('',(#4099,#4100,#4101,#4102));
#5888=EDGE_LOOP('',(#4103,#4104,#4105,#4106));
#5889=EDGE_LOOP('',(#4107,#4108,#4109,#4110));
#5890=EDGE_LOOP('',(#4111,#4112,#4113,#4114));
#5891=EDGE_LOOP('',(#4115,#4116,#4117,#4118));
#5892=EDGE_LOOP('',(#4119,#4120,#4121,#4122));
#5893=EDGE_LOOP('',(#4123,#4124,#4125,#4126));
#5894=EDGE_LOOP('',(#4127,#4128,#4129,#4130));
#5895=EDGE_LOOP('',(#4131,#4132,#4133,#4134,#4135,#4136,#4137,#4138));
#5896=EDGE_LOOP('',(#4139,#4140,#4141,#4142));
#5897=EDGE_LOOP('',(#4143,#4144,#4145,#4146));
#5898=EDGE_LOOP('',(#4147,#4148,#4149,#4150));
#5899=EDGE_LOOP('',(#4151,#4152,#4153,#4154));
#5900=EDGE_LOOP('',(#4155,#4156,#4157,#4158));
#5901=EDGE_LOOP('',(#4159,#4160,#4161,#4162));
#5902=EDGE_LOOP('',(#4163,#4164,#4165,#4166));
#5903=EDGE_LOOP('',(#4167,#4168,#4169,#4170,#4171,#4172,#4173,#4174));
#5904=EDGE_LOOP('',(#4175,#4176,#4177,#4178));
#5905=EDGE_LOOP('',(#4179,#4180,#4181,#4182));
#5906=EDGE_LOOP('',(#4183,#4184,#4185,#4186));
#5907=EDGE_LOOP('',(#4187,#4188,#4189,#4190));
#5908=EDGE_LOOP('',(#4191,#4192,#4193,#4194,#4195,#4196,#4197,#4198));
#5909=EDGE_LOOP('',(#4199,#4200,#4201,#4202));
#5910=EDGE_LOOP('',(#4203,#4204,#4205,#4206));
#5911=EDGE_LOOP('',(#4207,#4208,#4209,#4210));
#5912=EDGE_LOOP('',(#4211,#4212,#4213,#4214));
#5913=EDGE_LOOP('',(#4215,#4216,#4217,#4218));
#5914=EDGE_LOOP('',(#4219,#4220,#4221,#4222));
#5915=EDGE_LOOP('',(#4223,#4224,#4225,#4226));
#5916=EDGE_LOOP('',(#4227,#4228,#4229,#4230));
#5917=EDGE_LOOP('',(#4231,#4232,#4233,#4234));
#5918=EDGE_LOOP('',(#4235,#4236,#4237,#4238));
#5919=EDGE_LOOP('',(#4239,#4240,#4241,#4242));
#5920=EDGE_LOOP('',(#4243,#4244,#4245,#4246));
#5921=EDGE_LOOP('',(#4247,#4248,#4249,#4250));
#5922=EDGE_LOOP('',(#4251,#4252,#4253,#4254,#4255,#4256,#4257,#4258));
#5923=EDGE_LOOP('',(#4259,#4260,#4261,#4262));
#5924=EDGE_LOOP('',(#4263,#4264,#4265,#4266,#4267,#4268,#4269,#4270));
#5925=EDGE_LOOP('',(#4271,#4272,#4273,#4274));
#5926=EDGE_LOOP('',(#4275,#4276,#4277,#4278));
#5927=EDGE_LOOP('',(#4279,#4280,#4281,#4282));
#5928=EDGE_LOOP('',(#4283,#4284,#4285,#4286));
#5929=EDGE_LOOP('',(#4287,#4288,#4289,#4290));
#5930=EDGE_LOOP('',(#4291,#4292,#4293,#4294));
#5931=EDGE_LOOP('',(#4295,#4296,#4297,#4298));
#5932=EDGE_LOOP('',(#4299,#4300,#4301,#4302));
#5933=EDGE_LOOP('',(#4303,#4304,#4305,#4306));
#5934=EDGE_LOOP('',(#4307,#4308,#4309,#4310));
#5935=EDGE_LOOP('',(#4311,#4312,#4313,#4314));
#5936=EDGE_LOOP('',(#4315,#4316,#4317,#4318));
#5937=EDGE_LOOP('',(#4319,#4320,#4321,#4322));
#5938=EDGE_LOOP('',(#4323,#4324,#4325,#4326));
#5939=EDGE_LOOP('',(#4327,#4328,#4329,#4330));
#5940=EDGE_LOOP('',(#4331,#4332,#4333,#4334));
#5941=EDGE_LOOP('',(#4335,#4336,#4337,#4338));
#5942=EDGE_LOOP('',(#4339,#4340,#4341,#4342));
#5943=EDGE_LOOP('',(#4343,#4344,#4345,#4346,#4347,#4348,#4349,#4350));
#5944=EDGE_LOOP('',(#4351,#4352,#4353,#4354));
#5945=EDGE_LOOP('',(#4355,#4356,#4357,#4358));
#5946=EDGE_LOOP('',(#4359,#4360,#4361,#4362));
#5947=EDGE_LOOP('',(#4363,#4364,#4365,#4366));
#5948=EDGE_LOOP('',(#4367,#4368,#4369,#4370));
#5949=EDGE_LOOP('',(#4371,#4372,#4373,#4374));
#5950=EDGE_LOOP('',(#4375,#4376,#4377,#4378));
#5951=EDGE_LOOP('',(#4379,#4380,#4381,#4382));
#5952=EDGE_LOOP('',(#4383,#4384,#4385,#4386));
#5953=EDGE_LOOP('',(#4387,#4388,#4389,#4390,#4391,#4392,#4393,#4394));
#5954=EDGE_LOOP('',(#4395,#4396,#4397,#4398));
#5955=EDGE_LOOP('',(#4399,#4400,#4401,#4402));
#5956=EDGE_LOOP('',(#4403,#4404,#4405,#4406));
#5957=EDGE_LOOP('',(#4407,#4408,#4409,#4410));
#5958=EDGE_LOOP('',(#4411,#4412,#4413,#4414));
#5959=EDGE_LOOP('',(#4415,#4416,#4417,#4418));
#5960=EDGE_LOOP('',(#4419,#4420,#4421,#4422));
#5961=EDGE_LOOP('',(#4423,#4424,#4425,#4426));
#5962=EDGE_LOOP('',(#4427,#4428,#4429,#4430));
#5963=EDGE_LOOP('',(#4431,#4432,#4433,#4434,#4435,#4436,#4437,#4438));
#5964=EDGE_LOOP('',(#4439,#4440,#4441,#4442));
#5965=EDGE_LOOP('',(#4443,#4444,#4445,#4446));
#5966=EDGE_LOOP('',(#4447,#4448,#4449,#4450));
#5967=EDGE_LOOP('',(#4451,#4452,#4453,#4454));
#5968=EDGE_LOOP('',(#4455,#4456,#4457,#4458));
#5969=EDGE_LOOP('',(#4459,#4460,#4461,#4462));
#5970=EDGE_LOOP('',(#4463,#4464,#4465,#4466));
#5971=EDGE_LOOP('',(#4467,#4468,#4469,#4470));
#5972=EDGE_LOOP('',(#4471,#4472,#4473,#4474));
#5973=EDGE_LOOP('',(#4475,#4476,#4477,#4478));
#5974=EDGE_LOOP('',(#4479,#4480,#4481,#4482));
#5975=EDGE_LOOP('',(#4483,#4484,#4485,#4486));
#5976=EDGE_LOOP('',(#4487,#4488,#4489,#4490,#4491,#4492,#4493,#4494));
#5977=EDGE_LOOP('',(#4495,#4496,#4497,#4498));
#5978=EDGE_LOOP('',(#4499,#4500,#4501,#4502));
#5979=EDGE_LOOP('',(#4503,#4504,#4505,#4506));
#5980=EDGE_LOOP('',(#4507,#4508,#4509,#4510));
#5981=EDGE_LOOP('',(#4511,#4512,#4513,#4514));
#5982=EDGE_LOOP('',(#4515,#4516,#4517,#4518,#4519,#4520,#4521,#4522));
#5983=EDGE_LOOP('',(#4523,#4524,#4525,#4526));
#5984=EDGE_LOOP('',(#4527,#4528,#4529,#4530,#4531,#4532,#4533,#4534));
#5985=EDGE_LOOP('',(#4535,#4536,#4537,#4538));
#5986=EDGE_LOOP('',(#4539,#4540,#4541,#4542));
#5987=EDGE_LOOP('',(#4543,#4544,#4545,#4546));
#5988=EDGE_LOOP('',(#4547,#4548,#4549,#4550));
#5989=EDGE_LOOP('',(#4551,#4552,#4553,#4554));
#5990=EDGE_LOOP('',(#4555,#4556,#4557,#4558));
#5991=EDGE_LOOP('',(#4559,#4560,#4561,#4562));
#5992=EDGE_LOOP('',(#4563,#4564,#4565,#4566));
#5993=EDGE_LOOP('',(#4567,#4568,#4569,#4570));
#5994=EDGE_LOOP('',(#4571,#4572,#4573,#4574));
#5995=EDGE_LOOP('',(#4575,#4576,#4577,#4578));
#5996=EDGE_LOOP('',(#4579,#4580,#4581,#4582));
#5997=EDGE_LOOP('',(#4583,#4584,#4585,#4586));
#5998=EDGE_LOOP('',(#4587,#4588,#4589,#4590));
#5999=EDGE_LOOP('',(#4591,#4592,#4593,#4594));
#6000=EDGE_LOOP('',(#4595,#4596,#4597,#4598));
#6001=EDGE_LOOP('',(#4599,#4600,#4601,#4602));
#6002=EDGE_LOOP('',(#4603,#4604,#4605,#4606));
#6003=EDGE_LOOP('',(#4607,#4608,#4609,#4610));
#6004=EDGE_LOOP('',(#4611,#4612,#4613,#4614));
#6005=EDGE_LOOP('',(#4615,#4616,#4617,#4618));
#6006=EDGE_LOOP('',(#4619,#4620,#4621,#4622));
#6007=EDGE_LOOP('',(#4623,#4624,#4625,#4626,#4627,#4628,#4629,#4630));
#6008=EDGE_LOOP('',(#4631,#4632,#4633,#4634));
#6009=EDGE_LOOP('',(#4635,#4636,#4637,#4638));
#6010=EDGE_LOOP('',(#4639,#4640,#4641,#4642));
#6011=EDGE_LOOP('',(#4643,#4644,#4645,#4646));
#6012=EDGE_LOOP('',(#4647,#4648,#4649,#4650));
#6013=EDGE_LOOP('',(#4651,#4652,#4653,#4654));
#6014=EDGE_LOOP('',(#4655,#4656,#4657,#4658));
#6015=EDGE_LOOP('',(#4659,#4660,#4661,#4662,#4663,#4664,#4665,#4666));
#6016=EDGE_LOOP('',(#4667,#4668,#4669,#4670));
#6017=EDGE_LOOP('',(#4671,#4672,#4673,#4674));
#6018=EDGE_LOOP('',(#4675,#4676,#4677,#4678));
#6019=EDGE_LOOP('',(#4679,#4680,#4681,#4682));
#6020=EDGE_LOOP('',(#4683,#4684,#4685,#4686));
#6021=EDGE_LOOP('',(#4687,#4688,#4689,#4690));
#6022=EDGE_LOOP('',(#4691,#4692,#4693,#4694));
#6023=EDGE_LOOP('',(#4695,#4696,#4697,#4698));
#6024=EDGE_LOOP('',(#4699,#4700,#4701,#4702));
#6025=EDGE_LOOP('',(#4703,#4704,#4705,#4706));
#6026=EDGE_LOOP('',(#4707,#4708,#4709,#4710));
#6027=EDGE_LOOP('',(#4711,#4712,#4713,#4714));
#6028=EDGE_LOOP('',(#4715,#4716,#4717,#4718));
#6029=EDGE_LOOP('',(#4719,#4720,#4721,#4722));
#6030=EDGE_LOOP('',(#4723,#4724,#4725,#4726));
#6031=EDGE_LOOP('',(#4727,#4728,#4729,#4730));
#6032=EDGE_LOOP('',(#4731,#4732,#4733,#4734,#4735,#4736,#4737,#4738));
#6033=EDGE_LOOP('',(#4739,#4740,#4741,#4742));
#6034=EDGE_LOOP('',(#4743,#4744,#4745,#4746));
#6035=EDGE_LOOP('',(#4747,#4748,#4749,#4750));
#6036=EDGE_LOOP('',(#4751,#4752,#4753,#4754));
#6037=EDGE_LOOP('',(#4755,#4756,#4757,#4758));
#6038=EDGE_LOOP('',(#4759,#4760,#4761,#4762,#4763,#4764,#4765,#4766));
#6039=EDGE_LOOP('',(#4767,#4768,#4769,#4770));
#6040=EDGE_LOOP('',(#4771,#4772,#4773,#4774));
#6041=EDGE_LOOP('',(#4775,#4776,#4777,#4778));
#6042=EDGE_LOOP('',(#4779,#4780,#4781,#4782));
#6043=EDGE_LOOP('',(#4783,#4784,#4785,#4786,#4787,#4788,#4789,#4790));
#6044=EDGE_LOOP('',(#4791,#4792,#4793,#4794));
#6045=EDGE_LOOP('',(#4795,#4796,#4797,#4798));
#6046=EDGE_LOOP('',(#4799,#4800,#4801,#4802));
#6047=EDGE_LOOP('',(#4803,#4804,#4805,#4806));
#6048=EDGE_LOOP('',(#4807,#4808,#4809,#4810,#4811,#4812,#4813,#4814));
#6049=EDGE_LOOP('',(#4815,#4816,#4817,#4818));
#6050=EDGE_LOOP('',(#4819,#4820,#4821,#4822));
#6051=EDGE_LOOP('',(#4823,#4824,#4825,#4826));
#6052=EDGE_LOOP('',(#4827,#4828,#4829,#4830));
#6053=EDGE_LOOP('',(#4831,#4832,#4833,#4834));
#6054=EDGE_LOOP('',(#4835,#4836,#4837,#4838));
#6055=EDGE_LOOP('',(#4839,#4840,#4841,#4842));
#6056=EDGE_LOOP('',(#4843,#4844,#4845,#4846));
#6057=EDGE_LOOP('',(#4847,#4848,#4849,#4850));
#6058=EDGE_LOOP('',(#4851,#4852,#4853,#4854));
#6059=EDGE_LOOP('',(#4855,#4856,#4857,#4858));
#6060=EDGE_LOOP('',(#4859,#4860,#4861,#4862));
#6061=EDGE_LOOP('',(#4863,#4864,#4865,#4866));
#6062=EDGE_LOOP('',(#4867,#4868,#4869,#4870));
#6063=EDGE_LOOP('',(#4871,#4872,#4873,#4874));
#6064=EDGE_LOOP('',(#4875,#4876,#4877,#4878));
#6065=EDGE_LOOP('',(#4879,#4880,#4881,#4882));
#6066=EDGE_LOOP('',(#4883,#4884,#4885,#4886));
#6067=EDGE_LOOP('',(#4887,#4888,#4889,#4890));
#6068=EDGE_LOOP('',(#4891,#4892,#4893,#4894));
#6069=EDGE_LOOP('',(#4895,#4896,#4897,#4898,#4899,#4900,#4901,#4902));
#6070=EDGE_LOOP('',(#4903,#4904,#4905,#4906));
#6071=EDGE_LOOP('',(#4907,#4908,#4909,#4910));
#6072=EDGE_LOOP('',(#4911,#4912,#4913,#4914));
#6073=EDGE_LOOP('',(#4915,#4916,#4917,#4918));
#6074=EDGE_LOOP('',(#4919,#4920,#4921,#4922));
#6075=EDGE_LOOP('',(#4923,#4924,#4925,#4926));
#6076=EDGE_LOOP('',(#4927,#4928,#4929,#4930));
#6077=EDGE_LOOP('',(#4931,#4932,#4933,#4934));
#6078=EDGE_LOOP('',(#4935,#4936,#4937,#4938));
#6079=EDGE_LOOP('',(#4939,#4940,#4941,#4942,#4943,#4944,#4945,#4946));
#6080=EDGE_LOOP('',(#4947,#4948,#4949,#4950));
#6081=EDGE_LOOP('',(#4951,#4952,#4953,#4954));
#6082=EDGE_LOOP('',(#4955,#4956,#4957,#4958));
#6083=EDGE_LOOP('',(#4959,#4960,#4961,#4962));
#6084=EDGE_LOOP('',(#4963,#4964,#4965,#4966));
#6085=EDGE_LOOP('',(#4967,#4968,#4969,#4970));
#6086=EDGE_LOOP('',(#4971,#4972,#4973,#4974));
#6087=EDGE_LOOP('',(#4975,#4976,#4977,#4978));
#6088=EDGE_LOOP('',(#4979,#4980,#4981,#4982));
#6089=EDGE_LOOP('',(#4983,#4984,#4985,#4986));
#6090=EDGE_LOOP('',(#4987,#4988,#4989,#4990));
#6091=EDGE_LOOP('',(#4991,#4992,#4993,#4994));
#6092=EDGE_LOOP('',(#4995,#4996,#4997,#4998));
#6093=EDGE_LOOP('',(#4999,#5000,#5001,#5002));
#6094=EDGE_LOOP('',(#5003,#5004,#5005,#5006,#5007,#5008,#5009,#5010));
#6095=EDGE_LOOP('',(#5011,#5012,#5013,#5014));
#6096=EDGE_LOOP('',(#5015,#5016,#5017,#5018));
#6097=EDGE_LOOP('',(#5019,#5020,#5021,#5022));
#6098=EDGE_LOOP('',(#5023,#5024,#5025,#5026));
#6099=EDGE_LOOP('',(#5027,#5028,#5029,#5030));
#6100=EDGE_LOOP('',(#5031,#5032,#5033,#5034));
#6101=EDGE_LOOP('',(#5035,#5036,#5037,#5038));
#6102=EDGE_LOOP('',(#5039,#5040,#5041,#5042,#5043,#5044,#5045,#5046));
#6103=EDGE_LOOP('',(#5047,#5048,#5049,#5050));
#6104=EDGE_LOOP('',(#5051,#5052,#5053,#5054));
#6105=EDGE_LOOP('',(#5055,#5056,#5057,#5058));
#6106=EDGE_LOOP('',(#5059,#5060,#5061,#5062));
#6107=EDGE_LOOP('',(#5063,#5064,#5065,#5066,#5067,#5068,#5069,#5070));
#6108=EDGE_LOOP('',(#5071,#5072,#5073,#5074));
#6109=EDGE_LOOP('',(#5075,#5076,#5077,#5078));
#6110=EDGE_LOOP('',(#5079,#5080,#5081,#5082));
#6111=EDGE_LOOP('',(#5083,#5084,#5085,#5086));
#6112=EDGE_LOOP('',(#5087,#5088,#5089,#5090,#5091,#5092,#5093,#5094));
#6113=EDGE_LOOP('',(#5095,#5096,#5097,#5098));
#6114=EDGE_LOOP('',(#5099,#5100,#5101,#5102));
#6115=EDGE_LOOP('',(#5103,#5104,#5105,#5106));
#6116=EDGE_LOOP('',(#5107,#5108,#5109,#5110));
#6117=EDGE_LOOP('',(#5111,#5112,#5113,#5114));
#6118=EDGE_LOOP('',(#5115,#5116,#5117,#5118));
#6119=EDGE_LOOP('',(#5119,#5120,#5121,#5122));
#6120=EDGE_LOOP('',(#5123,#5124,#5125,#5126));
#6121=EDGE_LOOP('',(#5127,#5128,#5129,#5130));
#6122=EDGE_LOOP('',(#5131,#5132,#5133,#5134));
#6123=EDGE_LOOP('',(#5135,#5136,#5137,#5138));
#6124=EDGE_LOOP('',(#5139,#5140,#5141,#5142));
#6125=EDGE_LOOP('',(#5143,#5144,#5145,#5146));
#6126=EDGE_LOOP('',(#5147,#5148,#5149,#5150));
#6127=EDGE_LOOP('',(#5151,#5152,#5153,#5154));
#6128=EDGE_LOOP('',(#5155,#5156,#5157,#5158));
#6129=EDGE_LOOP('',(#5159,#5160,#5161,#5162));
#6130=EDGE_LOOP('',(#5163,#5164,#5165,#5166));
#6131=EDGE_LOOP('',(#5167,#5168,#5169,#5170,#5171,#5172,#5173,#5174));
#6132=EDGE_LOOP('',(#5175,#5176,#5177,#5178));
#6133=EDGE_LOOP('',(#5179,#5180,#5181,#5182));
#6134=EDGE_LOOP('',(#5183,#5184,#5185,#5186));
#6135=EDGE_LOOP('',(#5187,#5188,#5189,#5190));
#6136=EDGE_LOOP('',(#5191,#5192,#5193,#5194));
#6137=EDGE_LOOP('',(#5195,#5196,#5197,#5198));
#6138=EDGE_LOOP('',(#5199,#5200,#5201,#5202));
#6139=EDGE_LOOP('',(#5203,#5204,#5205,#5206));
#6140=EDGE_LOOP('',(#5207,#5208,#5209,#5210,#5211,#5212,#5213,#5214));
#6141=EDGE_LOOP('',(#5215,#5216,#5217,#5218));
#6142=EDGE_LOOP('',(#5219,#5220,#5221,#5222));
#6143=EDGE_LOOP('',(#5223,#5224,#5225,#5226));
#6144=EDGE_LOOP('',(#5227,#5228,#5229,#5230));
#6145=EDGE_LOOP('',(#5231,#5232,#5233,#5234));
#6146=EDGE_LOOP('',(#5235,#5236,#5237,#5238));
#6147=EDGE_LOOP('',(#5239,#5240,#5241,#5242));
#6148=EDGE_LOOP('',(#5243,#5244,#5245,#5246));
#6149=EDGE_LOOP('',(#5247,#5248,#5249,#5250));
#6150=EDGE_LOOP('',(#5251,#5252,#5253,#5254));
#6151=EDGE_LOOP('',(#5255,#5256,#5257,#5258));
#6152=EDGE_LOOP('',(#5259,#5260,#5261,#5262));
#6153=EDGE_LOOP('',(#5263,#5264,#5265,#5266));
#6154=EDGE_LOOP('',(#5267,#5268,#5269,#5270));
#6155=EDGE_LOOP('',(#5271,#5272,#5273,#5274));
#6156=EDGE_LOOP('',(#5275,#5276,#5277,#5278));
#6157=EDGE_LOOP('',(#5279,#5280,#5281,#5282));
#6158=EDGE_LOOP('',(#5283,#5284,#5285,#5286));
#6159=EDGE_LOOP('',(#5287,#5288,#5289,#5290));
#6160=EDGE_LOOP('',(#5291,#5292,#5293,#5294));
#6161=EDGE_LOOP('',(#5295,#5296,#5297,#5298));
#6162=EDGE_LOOP('',(#5299,#5300,#5301,#5302,#5303,#5304));
#6163=EDGE_LOOP('',(#5305,#5306,#5307,#5308));
#6164=EDGE_LOOP('',(#5309,#5310,#5311,#5312));
#6165=EDGE_LOOP('',(#5313,#5314,#5315,#5316,#5317,#5318,#5319,#5320,#5321));
#6166=EDGE_LOOP('',(#5322,#5323,#5324,#5325,#5326,#5327,#5328,#5329,#5330));
#6167=EDGE_LOOP('',(#5331,#5332,#5333,#5334));
#6168=EDGE_LOOP('',(#5335,#5336,#5337,#5338));
#6169=EDGE_LOOP('',(#5339,#5340,#5341,#5342,#5343,#5344,#5345,#5346,#5347));
#6170=EDGE_LOOP('',(#5348,#5349,#5350,#5351,#5352,#5353,#5354,#5355,#5356));
#6171=EDGE_LOOP('',(#5357,#5358,#5359,#5360));
#6172=EDGE_LOOP('',(#5361,#5362,#5363,#5364));
#6173=EDGE_LOOP('',(#5365,#5366,#5367,#5368,#5369,#5370,#5371,#5372,#5373));
#6174=EDGE_LOOP('',(#5374,#5375,#5376,#5377,#5378,#5379,#5380,#5381,#5382));
#6175=EDGE_LOOP('',(#5383,#5384,#5385,#5386));
#6176=EDGE_LOOP('',(#5387,#5388,#5389,#5390));
#6177=EDGE_LOOP('',(#5391,#5392,#5393,#5394,#5395,#5396,#5397,#5398,#5399));
#6178=EDGE_LOOP('',(#5400,#5401,#5402,#5403,#5404,#5405,#5406,#5407,#5408));
#6179=EDGE_LOOP('',(#5409,#5410,#5411,#5412));
#6180=EDGE_LOOP('',(#5413,#5414,#5415,#5416));
#6181=EDGE_LOOP('',(#5417,#5418,#5419,#5420,#5421,#5422,#5423,#5424,#5425));
#6182=EDGE_LOOP('',(#5426,#5427,#5428,#5429,#5430,#5431,#5432,#5433,#5434));
#6183=EDGE_LOOP('',(#5435,#5436,#5437,#5438));
#6184=EDGE_LOOP('',(#5439,#5440,#5441,#5442));
#6185=EDGE_LOOP('',(#5443,#5444,#5445,#5446,#5447,#5448,#5449,#5450,#5451));
#6186=EDGE_LOOP('',(#5452,#5453,#5454,#5455,#5456,#5457,#5458,#5459,#5460));
#6187=EDGE_LOOP('',(#5461,#5462,#5463,#5464));
#6188=EDGE_LOOP('',(#5465,#5466,#5467,#5468));
#6189=EDGE_LOOP('',(#5469,#5470,#5471,#5472,#5473,#5474,#5475,#5476,#5477));
#6190=EDGE_LOOP('',(#5478,#5479,#5480,#5481,#5482,#5483,#5484,#5485,#5486));
#6191=EDGE_LOOP('',(#5487,#5488,#5489,#5490));
#6192=EDGE_LOOP('',(#5491,#5492,#5493,#5494));
#6193=EDGE_LOOP('',(#5495,#5496,#5497,#5498,#5499,#5500,#5501,#5502,#5503));
#6194=EDGE_LOOP('',(#5504,#5505,#5506,#5507,#5508,#5509,#5510,#5511,#5512));
#6195=EDGE_LOOP('',(#5513,#5514,#5515,#5516));
#6196=EDGE_LOOP('',(#5517,#5518,#5519,#5520));
#6197=EDGE_LOOP('',(#5521,#5522,#5523,#5524,#5525,#5526,#5527,#5528,#5529));
#6198=EDGE_LOOP('',(#5530,#5531,#5532,#5533,#5534,#5535,#5536,#5537,#5538));
#6199=EDGE_LOOP('',(#5539,#5540,#5541,#5542));
#6200=EDGE_LOOP('',(#5543,#5544,#5545,#5546));
#6201=EDGE_LOOP('',(#5547,#5548,#5549,#5550,#5551,#5552,#5553,#5554,#5555));
#6202=EDGE_LOOP('',(#5556,#5557,#5558,#5559,#5560,#5561,#5562,#5563,#5564));
#6203=EDGE_LOOP('',(#5565,#5566,#5567,#5568));
#6204=EDGE_LOOP('',(#5569,#5570,#5571,#5572));
#6205=EDGE_LOOP('',(#5573,#5574,#5575,#5576,#5577,#5578,#5579,#5580,#5581));
#6206=EDGE_LOOP('',(#5582,#5583,#5584,#5585,#5586,#5587,#5588,#5589,#5590));
#6207=EDGE_LOOP('',(#5591,#5592,#5593,#5594));
#6208=EDGE_LOOP('',(#5595,#5596,#5597,#5598));
#6209=EDGE_LOOP('',(#5599,#5600,#5601,#5602,#5603,#5604,#5605,#5606,#5607));
#6210=EDGE_LOOP('',(#5608,#5609,#5610,#5611,#5612,#5613,#5614,#5615,#5616));
#6211=EDGE_LOOP('',(#5617,#5618,#5619,#5620));
#6212=EDGE_LOOP('',(#5621,#5622,#5623,#5624));
#6213=EDGE_LOOP('',(#5625,#5626,#5627,#5628,#5629,#5630,#5631,#5632,#5633));
#6214=EDGE_LOOP('',(#5634,#5635,#5636,#5637,#5638,#5639,#5640,#5641,#5642));
#6215=EDGE_LOOP('',(#5643,#5644,#5645,#5646));
#6216=EDGE_LOOP('',(#5647,#5648,#5649,#5650));
#6217=EDGE_LOOP('',(#5651,#5652,#5653,#5654,#5655,#5656,#5657,#5658,#5659));
#6218=EDGE_LOOP('',(#5660,#5661,#5662,#5663,#5664,#5665,#5666,#5667,#5668));
#6219=EDGE_LOOP('',(#5669,#5670,#5671,#5672));
#6220=EDGE_LOOP('',(#5673,#5674,#5675,#5676));
#6221=EDGE_LOOP('',(#5677,#5678,#5679,#5680,#5681,#5682,#5683,#5684,#5685));
#6222=EDGE_LOOP('',(#5686,#5687,#5688,#5689,#5690,#5691,#5692,#5693,#5694));
#6223=EDGE_LOOP('',(#5695,#5696,#5697,#5698));
#6224=EDGE_LOOP('',(#5699,#5700,#5701,#5702));
#6225=EDGE_LOOP('',(#5703,#5704,#5705,#5706,#5707,#5708,#5709,#5710,#5711));
#6226=EDGE_LOOP('',(#5712,#5713,#5714,#5715,#5716,#5717,#5718,#5719,#5720));
#6227=EDGE_LOOP('',(#5721,#5722,#5723,#5724));
#6228=EDGE_LOOP('',(#5725,#5726,#5727,#5728));
#6229=EDGE_LOOP('',(#5729,#5730,#5731,#5732,#5733,#5734,#5735,#5736,#5737));
#6230=EDGE_LOOP('',(#5738,#5739,#5740,#5741,#5742,#5743,#5744,#5745,#5746));
#6231=EDGE_LOOP('',(#5747,#5748,#5749,#5750));
#6232=EDGE_LOOP('',(#5751,#5752,#5753,#5754));
#6233=EDGE_LOOP('',(#5755,#5756,#5757,#5758,#5759,#5760,#5761,#5762,#5763));
#6234=EDGE_LOOP('',(#5764,#5765,#5766,#5767,#5768,#5769,#5770,#5771,#5772));
#6235=EDGE_LOOP('',(#5773,#5774,#5775,#5776));
#6236=EDGE_LOOP('',(#5777,#5778,#5779,#5780));
#6237=EDGE_LOOP('',(#5781,#5782,#5783,#5784));
#6238=EDGE_LOOP('',(#5785,#5786,#5787,#5788));
#6239=EDGE_LOOP('',(#5789,#5790,#5791,#5792));
#6240=EDGE_LOOP('',(#5793,#5794,#5795,#5796));
#6241=EDGE_LOOP('',(#5797,#5798,#5799,#5800));
#6242=EDGE_LOOP('',(#5801,#5802,#5803,#5804));
#6243=EDGE_LOOP('',(#5805,#5806,#5807,#5808));
#6244=EDGE_LOOP('',(#5809,#5810,#5811,#5812));
#6245=EDGE_LOOP('',(#5813,#5814,#5815,#5816));
#6246=EDGE_LOOP('',(#5817,#5818,#5819,#5820));
#6247=EDGE_LOOP('',(#5821,#5822,#5823,#5824));
#6248=EDGE_LOOP('',(#5825,#5826,#5827,#5828));
#6249=FACE_BOUND('',#5829,.T.);
#6250=FACE_BOUND('',#5830,.T.);
#6251=FACE_BOUND('',#5831,.T.);
#6252=FACE_BOUND('',#5832,.T.);
#6253=FACE_BOUND('',#5833,.T.);
#6254=FACE_BOUND('',#5834,.T.);
#6255=FACE_BOUND('',#5835,.T.);
#6256=FACE_BOUND('',#5836,.T.);
#6257=FACE_BOUND('',#5837,.T.);
#6258=FACE_BOUND('',#5838,.T.);
#6259=FACE_BOUND('',#5839,.T.);
#6260=FACE_BOUND('',#5840,.T.);
#6261=FACE_BOUND('',#5841,.T.);
#6262=FACE_BOUND('',#5842,.T.);
#6263=FACE_BOUND('',#5843,.T.);
#6264=FACE_BOUND('',#5844,.T.);
#6265=FACE_BOUND('',#5845,.T.);
#6266=FACE_BOUND('',#5846,.T.);
#6267=FACE_BOUND('',#5847,.T.);
#6268=FACE_BOUND('',#5848,.T.);
#6269=FACE_BOUND('',#5849,.T.);
#6270=FACE_BOUND('',#5850,.T.);
#6271=FACE_BOUND('',#5851,.T.);
#6272=FACE_BOUND('',#5852,.T.);
#6273=FACE_BOUND('',#5853,.T.);
#6274=FACE_BOUND('',#5854,.T.);
#6275=FACE_BOUND('',#5855,.T.);
#6276=FACE_BOUND('',#5856,.T.);
#6277=FACE_BOUND('',#5857,.T.);
#6278=FACE_BOUND('',#5858,.T.);
#6279=FACE_BOUND('',#5859,.T.);
#6280=FACE_BOUND('',#5860,.T.);
#6281=FACE_BOUND('',#5861,.T.);
#6282=FACE_BOUND('',#5862,.T.);
#6283=FACE_BOUND('',#5863,.T.);
#6284=FACE_BOUND('',#5864,.T.);
#6285=FACE_BOUND('',#5865,.T.);
#6286=FACE_BOUND('',#5866,.T.);
#6287=FACE_BOUND('',#5867,.T.);
#6288=FACE_BOUND('',#5868,.T.);
#6289=FACE_BOUND('',#5869,.T.);
#6290=FACE_BOUND('',#5870,.T.);
#6291=FACE_BOUND('',#5871,.T.);
#6292=FACE_BOUND('',#5872,.T.);
#6293=FACE_BOUND('',#5873,.T.);
#6294=FACE_BOUND('',#5874,.T.);
#6295=FACE_BOUND('',#5875,.T.);
#6296=FACE_BOUND('',#5876,.T.);
#6297=FACE_BOUND('',#5877,.T.);
#6298=FACE_BOUND('',#5878,.T.);
#6299=FACE_BOUND('',#5879,.T.);
#6300=FACE_BOUND('',#5880,.T.);
#6301=FACE_BOUND('',#5881,.T.);
#6302=FACE_BOUND('',#5882,.T.);
#6303=FACE_BOUND('',#5883,.T.);
#6304=FACE_BOUND('',#5884,.T.);
#6305=FACE_BOUND('',#5885,.T.);
#6306=FACE_BOUND('',#5886,.T.);
#6307=FACE_BOUND('',#5887,.T.);
#6308=FACE_BOUND('',#5888,.T.);
#6309=FACE_BOUND('',#5889,.T.);
#6310=FACE_BOUND('',#5890,.T.);
#6311=FACE_BOUND('',#5891,.T.);
#6312=FACE_BOUND('',#5892,.T.);
#6313=FACE_BOUND('',#5893,.T.);
#6314=FACE_BOUND('',#5894,.T.);
#6315=FACE_BOUND('',#5895,.T.);
#6316=FACE_BOUND('',#5896,.T.);
#6317=FACE_BOUND('',#5897,.T.);
#6318=FACE_BOUND('',#5898,.T.);
#6319=FACE_BOUND('',#5899,.T.);
#6320=FACE_BOUND('',#5900,.T.);
#6321=FACE_BOUND('',#5901,.T.);
#6322=FACE_BOUND('',#5902,.T.);
#6323=FACE_BOUND('',#5903,.T.);
#6324=FACE_BOUND('',#5904,.T.);
#6325=FACE_BOUND('',#5905,.T.);
#6326=FACE_BOUND('',#5906,.T.);
#6327=FACE_BOUND('',#5907,.T.);
#6328=FACE_BOUND('',#5908,.T.);
#6329=FACE_BOUND('',#5909,.T.);
#6330=FACE_BOUND('',#5910,.T.);
#6331=FACE_BOUND('',#5911,.T.);
#6332=FACE_BOUND('',#5912,.T.);
#6333=FACE_BOUND('',#5913,.T.);
#6334=FACE_BOUND('',#5914,.T.);
#6335=FACE_BOUND('',#5915,.T.);
#6336=FACE_BOUND('',#5916,.T.);
#6337=FACE_BOUND('',#5917,.T.);
#6338=FACE_BOUND('',#5918,.T.);
#6339=FACE_BOUND('',#5919,.T.);
#6340=FACE_BOUND('',#5920,.T.);
#6341=FACE_BOUND('',#5921,.T.);
#6342=FACE_BOUND('',#5922,.T.);
#6343=FACE_BOUND('',#5923,.T.);
#6344=FACE_BOUND('',#5924,.T.);
#6345=FACE_BOUND('',#5925,.T.);
#6346=FACE_BOUND('',#5926,.T.);
#6347=FACE_BOUND('',#5927,.T.);
#6348=FACE_BOUND('',#5928,.T.);
#6349=FACE_BOUND('',#5929,.T.);
#6350=FACE_BOUND('',#5930,.T.);
#6351=FACE_BOUND('',#5931,.T.);
#6352=FACE_BOUND('',#5932,.T.);
#6353=FACE_BOUND('',#5933,.T.);
#6354=FACE_BOUND('',#5934,.T.);
#6355=FACE_BOUND('',#5935,.T.);
#6356=FACE_BOUND('',#5936,.T.);
#6357=FACE_BOUND('',#5937,.T.);
#6358=FACE_BOUND('',#5938,.T.);
#6359=FACE_BOUND('',#5939,.T.);
#6360=FACE_BOUND('',#5940,.T.);
#6361=FACE_BOUND('',#5941,.T.);
#6362=FACE_BOUND('',#5942,.T.);
#6363=FACE_BOUND('',#5943,.T.);
#6364=FACE_BOUND('',#5944,.T.);
#6365=FACE_BOUND('',#5945,.T.);
#6366=FACE_BOUND('',#5946,.T.);
#6367=FACE_BOUND('',#5947,.T.);
#6368=FACE_BOUND('',#5948,.T.);
#6369=FACE_BOUND('',#5949,.T.);
#6370=FACE_BOUND('',#5950,.T.);
#6371=FACE_BOUND('',#5951,.T.);
#6372=FACE_BOUND('',#5952,.T.);
#6373=FACE_BOUND('',#5953,.T.);
#6374=FACE_BOUND('',#5954,.T.);
#6375=FACE_BOUND('',#5955,.T.);
#6376=FACE_BOUND('',#5956,.T.);
#6377=FACE_BOUND('',#5957,.T.);
#6378=FACE_BOUND('',#5958,.T.);
#6379=FACE_BOUND('',#5959,.T.);
#6380=FACE_BOUND('',#5960,.T.);
#6381=FACE_BOUND('',#5961,.T.);
#6382=FACE_BOUND('',#5962,.T.);
#6383=FACE_BOUND('',#5963,.T.);
#6384=FACE_BOUND('',#5964,.T.);
#6385=FACE_BOUND('',#5965,.T.);
#6386=FACE_BOUND('',#5966,.T.);
#6387=FACE_BOUND('',#5967,.T.);
#6388=FACE_BOUND('',#5968,.T.);
#6389=FACE_BOUND('',#5969,.T.);
#6390=FACE_BOUND('',#5970,.T.);
#6391=FACE_BOUND('',#5971,.T.);
#6392=FACE_BOUND('',#5972,.T.);
#6393=FACE_BOUND('',#5973,.T.);
#6394=FACE_BOUND('',#5974,.T.);
#6395=FACE_BOUND('',#5975,.T.);
#6396=FACE_BOUND('',#5976,.T.);
#6397=FACE_BOUND('',#5977,.T.);
#6398=FACE_BOUND('',#5978,.T.);
#6399=FACE_BOUND('',#5979,.T.);
#6400=FACE_BOUND('',#5980,.T.);
#6401=FACE_BOUND('',#5981,.T.);
#6402=FACE_BOUND('',#5982,.T.);
#6403=FACE_BOUND('',#5983,.T.);
#6404=FACE_BOUND('',#5984,.T.);
#6405=FACE_BOUND('',#5985,.T.);
#6406=FACE_BOUND('',#5986,.T.);
#6407=FACE_BOUND('',#5987,.T.);
#6408=FACE_BOUND('',#5988,.T.);
#6409=FACE_BOUND('',#5989,.T.);
#6410=FACE_BOUND('',#5990,.T.);
#6411=FACE_BOUND('',#5991,.T.);
#6412=FACE_BOUND('',#5992,.T.);
#6413=FACE_BOUND('',#5993,.T.);
#6414=FACE_BOUND('',#5994,.T.);
#6415=FACE_BOUND('',#5995,.T.);
#6416=FACE_BOUND('',#5996,.T.);
#6417=FACE_BOUND('',#5997,.T.);
#6418=FACE_BOUND('',#5998,.T.);
#6419=FACE_BOUND('',#5999,.T.);
#6420=FACE_BOUND('',#6000,.T.);
#6421=FACE_BOUND('',#6001,.T.);
#6422=FACE_BOUND('',#6002,.T.);
#6423=FACE_BOUND('',#6003,.T.);
#6424=FACE_BOUND('',#6004,.T.);
#6425=FACE_BOUND('',#6005,.T.);
#6426=FACE_BOUND('',#6006,.T.);
#6427=FACE_BOUND('',#6007,.T.);
#6428=FACE_BOUND('',#6008,.T.);
#6429=FACE_BOUND('',#6009,.T.);
#6430=FACE_BOUND('',#6010,.T.);
#6431=FACE_BOUND('',#6011,.T.);
#6432=FACE_BOUND('',#6012,.T.);
#6433=FACE_BOUND('',#6013,.T.);
#6434=FACE_BOUND('',#6014,.T.);
#6435=FACE_BOUND('',#6015,.T.);
#6436=FACE_BOUND('',#6016,.T.);
#6437=FACE_BOUND('',#6017,.T.);
#6438=FACE_BOUND('',#6018,.T.);
#6439=FACE_BOUND('',#6019,.T.);
#6440=FACE_BOUND('',#6020,.T.);
#6441=FACE_BOUND('',#6021,.T.);
#6442=FACE_BOUND('',#6022,.T.);
#6443=FACE_BOUND('',#6023,.T.);
#6444=FACE_BOUND('',#6024,.T.);
#6445=FACE_BOUND('',#6025,.T.);
#6446=FACE_BOUND('',#6026,.T.);
#6447=FACE_BOUND('',#6027,.T.);
#6448=FACE_BOUND('',#6028,.T.);
#6449=FACE_BOUND('',#6029,.T.);
#6450=FACE_BOUND('',#6030,.T.);
#6451=FACE_BOUND('',#6031,.T.);
#6452=FACE_BOUND('',#6032,.T.);
#6453=FACE_BOUND('',#6033,.T.);
#6454=FACE_BOUND('',#6034,.T.);
#6455=FACE_BOUND('',#6035,.T.);
#6456=FACE_BOUND('',#6036,.T.);
#6457=FACE_BOUND('',#6037,.T.);
#6458=FACE_BOUND('',#6038,.T.);
#6459=FACE_BOUND('',#6039,.T.);
#6460=FACE_BOUND('',#6040,.T.);
#6461=FACE_BOUND('',#6041,.T.);
#6462=FACE_BOUND('',#6042,.T.);
#6463=FACE_BOUND('',#6043,.T.);
#6464=FACE_BOUND('',#6044,.T.);
#6465=FACE_BOUND('',#6045,.T.);
#6466=FACE_BOUND('',#6046,.T.);
#6467=FACE_BOUND('',#6047,.T.);
#6468=FACE_BOUND('',#6048,.T.);
#6469=FACE_BOUND('',#6049,.T.);
#6470=FACE_BOUND('',#6050,.T.);
#6471=FACE_BOUND('',#6051,.T.);
#6472=FACE_BOUND('',#6052,.T.);
#6473=FACE_BOUND('',#6053,.T.);
#6474=FACE_BOUND('',#6054,.T.);
#6475=FACE_BOUND('',#6055,.T.);
#6476=FACE_BOUND('',#6056,.T.);
#6477=FACE_BOUND('',#6057,.T.);
#6478=FACE_BOUND('',#6058,.T.);
#6479=FACE_BOUND('',#6059,.T.);
#6480=FACE_BOUND('',#6060,.T.);
#6481=FACE_BOUND('',#6061,.T.);
#6482=FACE_BOUND('',#6062,.T.);
#6483=FACE_BOUND('',#6063,.T.);
#6484=FACE_BOUND('',#6064,.T.);
#6485=FACE_BOUND('',#6065,.T.);
#6486=FACE_BOUND('',#6066,.T.);
#6487=FACE_BOUND('',#6067,.T.);
#6488=FACE_BOUND('',#6068,.T.);
#6489=FACE_BOUND('',#6069,.T.);
#6490=FACE_BOUND('',#6070,.T.);
#6491=FACE_BOUND('',#6071,.T.);
#6492=FACE_BOUND('',#6072,.T.);
#6493=FACE_BOUND('',#6073,.T.);
#6494=FACE_BOUND('',#6074,.T.);
#6495=FACE_BOUND('',#6075,.T.);
#6496=FACE_BOUND('',#6076,.T.);
#6497=FACE_BOUND('',#6077,.T.);
#6498=FACE_BOUND('',#6078,.T.);
#6499=FACE_BOUND('',#6079,.T.);
#6500=FACE_BOUND('',#6080,.T.);
#6501=FACE_BOUND('',#6081,.T.);
#6502=FACE_BOUND('',#6082,.T.);
#6503=FACE_BOUND('',#6083,.T.);
#6504=FACE_BOUND('',#6084,.T.);
#6505=FACE_BOUND('',#6085,.T.);
#6506=FACE_BOUND('',#6086,.T.);
#6507=FACE_BOUND('',#6087,.T.);
#6508=FACE_BOUND('',#6088,.T.);
#6509=FACE_BOUND('',#6089,.T.);
#6510=FACE_BOUND('',#6090,.T.);
#6511=FACE_BOUND('',#6091,.T.);
#6512=FACE_BOUND('',#6092,.T.);
#6513=FACE_BOUND('',#6093,.T.);
#6514=FACE_BOUND('',#6094,.T.);
#6515=FACE_BOUND('',#6095,.T.);
#6516=FACE_BOUND('',#6096,.T.);
#6517=FACE_BOUND('',#6097,.T.);
#6518=FACE_BOUND('',#6098,.T.);
#6519=FACE_BOUND('',#6099,.T.);
#6520=FACE_BOUND('',#6100,.T.);
#6521=FACE_BOUND('',#6101,.T.);
#6522=FACE_BOUND('',#6102,.T.);
#6523=FACE_BOUND('',#6103,.T.);
#6524=FACE_BOUND('',#6104,.T.);
#6525=FACE_BOUND('',#6105,.T.);
#6526=FACE_BOUND('',#6106,.T.);
#6527=FACE_BOUND('',#6107,.T.);
#6528=FACE_BOUND('',#6108,.T.);
#6529=FACE_BOUND('',#6109,.T.);
#6530=FACE_BOUND('',#6110,.T.);
#6531=FACE_BOUND('',#6111,.T.);
#6532=FACE_BOUND('',#6112,.T.);
#6533=FACE_BOUND('',#6113,.T.);
#6534=FACE_BOUND('',#6114,.T.);
#6535=FACE_BOUND('',#6115,.T.);
#6536=FACE_BOUND('',#6116,.T.);
#6537=FACE_BOUND('',#6117,.T.);
#6538=FACE_BOUND('',#6118,.T.);
#6539=FACE_BOUND('',#6119,.T.);
#6540=FACE_BOUND('',#6120,.T.);
#6541=FACE_BOUND('',#6121,.T.);
#6542=FACE_BOUND('',#6122,.T.);
#6543=FACE_BOUND('',#6123,.T.);
#6544=FACE_BOUND('',#6124,.T.);
#6545=FACE_BOUND('',#6125,.T.);
#6546=FACE_BOUND('',#6126,.T.);
#6547=FACE_BOUND('',#6127,.T.);
#6548=FACE_BOUND('',#6128,.T.);
#6549=FACE_BOUND('',#6129,.T.);
#6550=FACE_BOUND('',#6130,.T.);
#6551=FACE_BOUND('',#6131,.T.);
#6552=FACE_BOUND('',#6132,.T.);
#6553=FACE_BOUND('',#6133,.T.);
#6554=FACE_BOUND('',#6134,.T.);
#6555=FACE_BOUND('',#6135,.T.);
#6556=FACE_BOUND('',#6136,.T.);
#6557=FACE_BOUND('',#6137,.T.);
#6558=FACE_BOUND('',#6138,.T.);
#6559=FACE_BOUND('',#6139,.T.);
#6560=FACE_BOUND('',#6140,.T.);
#6561=FACE_BOUND('',#6141,.T.);
#6562=FACE_BOUND('',#6142,.T.);
#6563=FACE_BOUND('',#6143,.T.);
#6564=FACE_BOUND('',#6144,.T.);
#6565=FACE_BOUND('',#6145,.T.);
#6566=FACE_BOUND('',#6146,.T.);
#6567=FACE_BOUND('',#6147,.T.);
#6568=FACE_BOUND('',#6148,.T.);
#6569=FACE_BOUND('',#6149,.T.);
#6570=FACE_BOUND('',#6150,.T.);
#6571=FACE_BOUND('',#6151,.T.);
#6572=FACE_BOUND('',#6152,.T.);
#6573=FACE_BOUND('',#6153,.T.);
#6574=FACE_BOUND('',#6154,.T.);
#6575=FACE_BOUND('',#6155,.T.);
#6576=FACE_BOUND('',#6156,.T.);
#6577=FACE_BOUND('',#6157,.T.);
#6578=FACE_BOUND('',#6158,.T.);
#6579=FACE_BOUND('',#6159,.T.);
#6580=FACE_BOUND('',#6160,.T.);
#6581=FACE_BOUND('',#6161,.T.);
#6582=FACE_BOUND('',#6162,.T.);
#6583=FACE_BOUND('',#6163,.T.);
#6584=FACE_BOUND('',#6164,.T.);
#6585=FACE_BOUND('',#6165,.T.);
#6586=FACE_BOUND('',#6166,.T.);
#6587=FACE_BOUND('',#6167,.T.);
#6588=FACE_BOUND('',#6168,.T.);
#6589=FACE_BOUND('',#6169,.T.);
#6590=FACE_BOUND('',#6170,.T.);
#6591=FACE_BOUND('',#6171,.T.);
#6592=FACE_BOUND('',#6172,.T.);
#6593=FACE_BOUND('',#6173,.T.);
#6594=FACE_BOUND('',#6174,.T.);
#6595=FACE_BOUND('',#6175,.T.);
#6596=FACE_BOUND('',#6176,.T.);
#6597=FACE_BOUND('',#6177,.T.);
#6598=FACE_BOUND('',#6178,.T.);
#6599=FACE_BOUND('',#6179,.T.);
#6600=FACE_BOUND('',#6180,.T.);
#6601=FACE_BOUND('',#6181,.T.);
#6602=FACE_BOUND('',#6182,.T.);
#6603=FACE_BOUND('',#6183,.T.);
#6604=FACE_BOUND('',#6184,.T.);
#6605=FACE_BOUND('',#6185,.T.);
#6606=FACE_BOUND('',#6186,.T.);
#6607=FACE_BOUND('',#6187,.T.);
#6608=FACE_BOUND('',#6188,.T.);
#6609=FACE_BOUND('',#6189,.T.);
#6610=FACE_BOUND('',#6190,.T.);
#6611=FACE_BOUND('',#6191,.T.);
#6612=FACE_BOUND('',#6192,.T.);
#6613=FACE_BOUND('',#6193,.T.);
#6614=FACE_BOUND('',#6194,.T.);
#6615=FACE_BOUND('',#6195,.T.);
#6616=FACE_BOUND('',#6196,.T.);
#6617=FACE_BOUND('',#6197,.T.);
#6618=FACE_BOUND('',#6198,.T.);
#6619=FACE_BOUND('',#6199,.T.);
#6620=FACE_BOUND('',#6200,.T.);
#6621=FACE_BOUND('',#6201,.T.);
#6622=FACE_BOUND('',#6202,.T.);
#6623=FACE_BOUND('',#6203,.T.);
#6624=FACE_BOUND('',#6204,.T.);
#6625=FACE_BOUND('',#6205,.T.);
#6626=FACE_BOUND('',#6206,.T.);
#6627=FACE_BOUND('',#6207,.T.);
#6628=FACE_BOUND('',#6208,.T.);
#6629=FACE_BOUND('',#6209,.T.);
#6630=FACE_BOUND('',#6210,.T.);
#6631=FACE_BOUND('',#6211,.T.);
#6632=FACE_BOUND('',#6212,.T.);
#6633=FACE_BOUND('',#6213,.T.);
#6634=FACE_BOUND('',#6214,.T.);
#6635=FACE_BOUND('',#6215,.T.);
#6636=FACE_BOUND('',#6216,.T.);
#6637=FACE_BOUND('',#6217,.T.);
#6638=FACE_BOUND('',#6218,.T.);
#6639=FACE_BOUND('',#6219,.T.);
#6640=FACE_BOUND('',#6220,.T.);
#6641=FACE_BOUND('',#6221,.T.);
#6642=FACE_BOUND('',#6222,.T.);
#6643=FACE_BOUND('',#6223,.T.);
#6644=FACE_BOUND('',#6224,.T.);
#6645=FACE_BOUND('',#6225,.T.);
#6646=FACE_BOUND('',#6226,.T.);
#6647=FACE_BOUND('',#6227,.T.);
#6648=FACE_BOUND('',#6228,.T.);
#6649=FACE_BOUND('',#6229,.T.);
#6650=FACE_BOUND('',#6230,.T.);
#6651=FACE_BOUND('',#6231,.T.);
#6652=FACE_BOUND('',#6232,.T.);
#6653=FACE_BOUND('',#6233,.T.);
#6654=FACE_BOUND('',#6234,.T.);
#6655=FACE_BOUND('',#6235,.T.);
#6656=FACE_BOUND('',#6236,.T.);
#6657=FACE_BOUND('',#6237,.T.);
#6658=FACE_BOUND('',#6238,.T.);
#6659=FACE_BOUND('',#6239,.T.);
#6660=FACE_BOUND('',#6240,.T.);
#6661=FACE_BOUND('',#6241,.T.);
#6662=FACE_BOUND('',#6242,.T.);
#6663=FACE_BOUND('',#6243,.T.);
#6664=FACE_BOUND('',#6244,.T.);
#6665=FACE_BOUND('',#6245,.T.);
#6666=FACE_BOUND('',#6246,.T.);
#6667=FACE_BOUND('',#6247,.T.);
#6668=FACE_BOUND('',#6248,.T.);
#6669=ADVANCED_FACE('',(#6249),#7049,.F.);
#6670=ADVANCED_FACE('',(#6250),#7050,.F.);
#6671=ADVANCED_FACE('',(#6251),#7051,.T.);
#6672=ADVANCED_FACE('',(#6252),#7052,.T.);
#6673=ADVANCED_FACE('',(#6253),#7053,.T.);
#6674=ADVANCED_FACE('',(#6254),#7054,.T.);
#6675=ADVANCED_FACE('',(#6255),#7055,.F.);
#6676=ADVANCED_FACE('',(#6256,#6257,#6258),#7056,.T.);
#6677=ADVANCED_FACE('',(#6259),#7057,.F.);
#6678=ADVANCED_FACE('',(#6260),#7058,.F.);
#6679=ADVANCED_FACE('',(#6261),#7059,.F.);
#6680=ADVANCED_FACE('',(#6262),#7060,.F.);
#6681=ADVANCED_FACE('',(#6263),#7061,.F.);
#6682=ADVANCED_FACE('',(#6264),#7062,.T.);
#6683=ADVANCED_FACE('',(#6265),#7063,.T.);
#6684=ADVANCED_FACE('',(#6266),#7064,.F.);
#6685=ADVANCED_FACE('',(#6267),#7065,.F.);
#6686=ADVANCED_FACE('',(#6268),#7066,.T.);
#6687=ADVANCED_FACE('',(#6269),#7067,.F.);
#6688=ADVANCED_FACE('',(#6270),#7068,.F.);
#6689=ADVANCED_FACE('',(#6271,#6272,#6273),#7069,.T.);
#6690=ADVANCED_FACE('',(#6274),#7070,.T.);
#6691=ADVANCED_FACE('',(#6275),#7071,.T.);
#6692=ADVANCED_FACE('',(#6276),#7072,.F.);
#6693=ADVANCED_FACE('',(#6277),#7073,.T.);
#6694=ADVANCED_FACE('',(#6278),#7074,.T.);
#6695=ADVANCED_FACE('',(#6279),#7075,.F.);
#6696=ADVANCED_FACE('',(#6280),#7076,.T.);
#6697=ADVANCED_FACE('',(#6281),#7077,.F.);
#6698=ADVANCED_FACE('',(#6282),#7078,.T.);
#6699=ADVANCED_FACE('',(#6283),#7079,.T.);
#6700=ADVANCED_FACE('',(#6284),#7080,.T.);
#6701=ADVANCED_FACE('',(#6285),#7081,.T.);
#6702=ADVANCED_FACE('',(#6286),#7082,.F.);
#6703=ADVANCED_FACE('',(#6287),#7083,.T.);
#6704=ADVANCED_FACE('',(#6288),#7084,.T.);
#6705=ADVANCED_FACE('',(#6289),#7085,.T.);
#6706=ADVANCED_FACE('',(#6290),#7086,.T.);
#6707=ADVANCED_FACE('',(#6291),#7087,.T.);
#6708=ADVANCED_FACE('',(#6292),#7088,.T.);
#6709=ADVANCED_FACE('',(#6293),#7089,.T.);
#6710=ADVANCED_FACE('',(#6294),#7090,.T.);
#6711=ADVANCED_FACE('',(#6295),#7091,.T.);
#6712=ADVANCED_FACE('',(#6296),#7092,.T.);
#6713=ADVANCED_FACE('',(#6297,#6298,#6299),#7093,.T.);
#6714=ADVANCED_FACE('',(#6300),#7094,.F.);
#6715=ADVANCED_FACE('',(#6301),#7095,.F.);
#6716=ADVANCED_FACE('',(#6302),#7096,.F.);
#6717=ADVANCED_FACE('',(#6303),#7097,.F.);
#6718=ADVANCED_FACE('',(#6304),#7098,.T.);
#6719=ADVANCED_FACE('',(#6305),#7099,.T.);
#6720=ADVANCED_FACE('',(#6306),#7100,.T.);
#6721=ADVANCED_FACE('',(#6307),#7101,.F.);
#6722=ADVANCED_FACE('',(#6308),#7102,.F.);
#6723=ADVANCED_FACE('',(#6309),#7103,.T.);
#6724=ADVANCED_FACE('',(#6310),#7104,.F.);
#6725=ADVANCED_FACE('',(#6311),#7105,.F.);
#6726=ADVANCED_FACE('',(#6312),#7106,.F.);
#6727=ADVANCED_FACE('',(#6313),#7107,.F.);
#6728=ADVANCED_FACE('',(#6314),#7108,.T.);
#6729=ADVANCED_FACE('',(#6315,#6316,#6317),#7109,.T.);
#6730=ADVANCED_FACE('',(#6318),#7110,.T.);
#6731=ADVANCED_FACE('',(#6319),#7111,.F.);
#6732=ADVANCED_FACE('',(#6320),#7112,.T.);
#6733=ADVANCED_FACE('',(#6321),#7113,.T.);
#6734=ADVANCED_FACE('',(#6322),#7114,.F.);
#6735=ADVANCED_FACE('',(#6323,#6324,#6325),#7115,.T.);
#6736=ADVANCED_FACE('',(#6326,#6327,#6328),#7116,.T.);
#6737=ADVANCED_FACE('',(#6329),#7117,.T.);
#6738=ADVANCED_FACE('',(#6330),#7118,.T.);
#6739=ADVANCED_FACE('',(#6331),#7119,.F.);
#6740=ADVANCED_FACE('',(#6332),#7120,.T.);
#6741=ADVANCED_FACE('',(#6333),#7121,.F.);
#6742=ADVANCED_FACE('',(#6334),#7122,.T.);
#6743=ADVANCED_FACE('',(#6335),#7123,.F.);
#6744=ADVANCED_FACE('',(#6336),#7124,.F.);
#6745=ADVANCED_FACE('',(#6337),#7125,.F.);
#6746=ADVANCED_FACE('',(#6338),#7126,.F.);
#6747=ADVANCED_FACE('',(#6339),#7127,.F.);
#6748=ADVANCED_FACE('',(#6340),#7128,.F.);
#6749=ADVANCED_FACE('',(#6341),#7129,.T.);
#6750=ADVANCED_FACE('',(#6342),#7130,.F.);
#6751=ADVANCED_FACE('',(#6343),#7131,.T.);
#6752=ADVANCED_FACE('',(#6344),#7132,.F.);
#6753=ADVANCED_FACE('',(#6345),#7133,.T.);
#6754=ADVANCED_FACE('',(#6346),#7134,.T.);
#6755=ADVANCED_FACE('',(#6347),#7135,.F.);
#6756=ADVANCED_FACE('',(#6348),#7136,.F.);
#6757=ADVANCED_FACE('',(#6349),#7137,.T.);
#6758=ADVANCED_FACE('',(#6350),#7138,.F.);
#6759=ADVANCED_FACE('',(#6351),#7139,.F.);
#6760=ADVANCED_FACE('',(#6352),#7140,.T.);
#6761=ADVANCED_FACE('',(#6353),#7141,.F.);
#6762=ADVANCED_FACE('',(#6354),#7142,.F.);
#6763=ADVANCED_FACE('',(#6355),#7143,.T.);
#6764=ADVANCED_FACE('',(#6356),#7144,.F.);
#6765=ADVANCED_FACE('',(#6357),#7145,.F.);
#6766=ADVANCED_FACE('',(#6358),#7146,.T.);
#6767=ADVANCED_FACE('',(#6359),#7147,.F.);
#6768=ADVANCED_FACE('',(#6360),#7148,.F.);
#6769=ADVANCED_FACE('',(#6361),#7149,.F.);
#6770=ADVANCED_FACE('',(#6362),#7150,.T.);
#6771=ADVANCED_FACE('',(#6363,#6364,#6365),#7151,.T.);
#6772=ADVANCED_FACE('',(#6366),#7152,.T.);
#6773=ADVANCED_FACE('',(#6367),#7153,.F.);
#6774=ADVANCED_FACE('',(#6368),#7154,.T.);
#6775=ADVANCED_FACE('',(#6369),#7155,.T.);
#6776=ADVANCED_FACE('',(#6370),#7156,.F.);
#6777=ADVANCED_FACE('',(#6371),#7157,.T.);
#6778=ADVANCED_FACE('',(#6372),#7158,.T.);
#6779=ADVANCED_FACE('',(#6373,#6374,#6375),#7159,.T.);
#6780=ADVANCED_FACE('',(#6376),#7160,.F.);
#6781=ADVANCED_FACE('',(#6377),#7161,.T.);
#6782=ADVANCED_FACE('',(#6378),#7162,.T.);
#6783=ADVANCED_FACE('',(#6379),#7163,.F.);
#6784=ADVANCED_FACE('',(#6380),#7164,.F.);
#6785=ADVANCED_FACE('',(#6381,#6382,#6383),#7165,.T.);
#6786=ADVANCED_FACE('',(#6384),#7166,.T.);
#6787=ADVANCED_FACE('',(#6385),#7167,.T.);
#6788=ADVANCED_FACE('',(#6386),#7168,.T.);
#6789=ADVANCED_FACE('',(#6387),#7169,.F.);
#6790=ADVANCED_FACE('',(#6388),#7170,.T.);
#6791=ADVANCED_FACE('',(#6389),#7171,.T.);
#6792=ADVANCED_FACE('',(#6390),#7172,.T.);
#6793=ADVANCED_FACE('',(#6391),#7173,.F.);
#6794=ADVANCED_FACE('',(#6392),#7174,.T.);
#6795=ADVANCED_FACE('',(#6393),#7175,.T.);
#6796=ADVANCED_FACE('',(#6394,#6395,#6396),#7176,.T.);
#6797=ADVANCED_FACE('',(#6397),#7177,.F.);
#6798=ADVANCED_FACE('',(#6398),#7178,.F.);
#6799=ADVANCED_FACE('',(#6399),#7179,.F.);
#6800=ADVANCED_FACE('',(#6400),#7180,.T.);
#6801=ADVANCED_FACE('',(#6401),#7181,.T.);
#6802=ADVANCED_FACE('',(#6402),#7182,.F.);
#6803=ADVANCED_FACE('',(#6403),#7183,.T.);
#6804=ADVANCED_FACE('',(#6404),#7184,.F.);
#6805=ADVANCED_FACE('',(#6405),#7185,.T.);
#6806=ADVANCED_FACE('',(#6406),#7186,.F.);
#6807=ADVANCED_FACE('',(#6407),#7187,.F.);
#6808=ADVANCED_FACE('',(#6408),#7188,.F.);
#6809=ADVANCED_FACE('',(#6409),#7189,.T.);
#6810=ADVANCED_FACE('',(#6410),#7190,.F.);
#6811=ADVANCED_FACE('',(#6411),#7191,.F.);
#6812=ADVANCED_FACE('',(#6412),#7192,.T.);
#6813=ADVANCED_FACE('',(#6413),#7193,.F.);
#6814=ADVANCED_FACE('',(#6414),#7194,.F.);
#6815=ADVANCED_FACE('',(#6415),#7195,.T.);
#6816=ADVANCED_FACE('',(#6416),#7196,.F.);
#6817=ADVANCED_FACE('',(#6417),#7197,.F.);
#6818=ADVANCED_FACE('',(#6418),#7198,.T.);
#6819=ADVANCED_FACE('',(#6419),#7199,.F.);
#6820=ADVANCED_FACE('',(#6420),#7200,.F.);
#6821=ADVANCED_FACE('',(#6421),#7201,.T.);
#6822=ADVANCED_FACE('',(#6422),#7202,.F.);
#6823=ADVANCED_FACE('',(#6423),#7203,.F.);
#6824=ADVANCED_FACE('',(#6424),#7204,.T.);
#6825=ADVANCED_FACE('',(#6425),#7205,.T.);
#6826=ADVANCED_FACE('',(#6426),#7206,.T.);
#6827=ADVANCED_FACE('',(#6427,#6428,#6429),#7207,.T.);
#6828=ADVANCED_FACE('',(#6430),#7208,.F.);
#6829=ADVANCED_FACE('',(#6431),#7209,.T.);
#6830=ADVANCED_FACE('',(#6432),#7210,.T.);
#6831=ADVANCED_FACE('',(#6433),#7211,.F.);
#6832=ADVANCED_FACE('',(#6434),#7212,.F.);
#6833=ADVANCED_FACE('',(#6435,#6436,#6437),#7213,.T.);
#6834=ADVANCED_FACE('',(#6438),#7214,.T.);
#6835=ADVANCED_FACE('',(#6439),#7215,.T.);
#6836=ADVANCED_FACE('',(#6440),#7216,.F.);
#6837=ADVANCED_FACE('',(#6441),#7217,.T.);
#6838=ADVANCED_FACE('',(#6442),#7218,.T.);
#6839=ADVANCED_FACE('',(#6443),#7219,.F.);
#6840=ADVANCED_FACE('',(#6444),#7220,.F.);
#6841=ADVANCED_FACE('',(#6445),#7221,.T.);
#6842=ADVANCED_FACE('',(#6446),#7222,.T.);
#6843=ADVANCED_FACE('',(#6447),#7223,.T.);
#6844=ADVANCED_FACE('',(#6448),#7224,.F.);
#6845=ADVANCED_FACE('',(#6449),#7225,.T.);
#6846=ADVANCED_FACE('',(#6450,#6451,#6452),#7226,.T.);
#6847=ADVANCED_FACE('',(#6453),#7227,.T.);
#6848=ADVANCED_FACE('',(#6454),#7228,.F.);
#6849=ADVANCED_FACE('',(#6455),#7229,.T.);
#6850=ADVANCED_FACE('',(#6456),#7230,.T.);
#6851=ADVANCED_FACE('',(#6457),#7231,.T.);
#6852=ADVANCED_FACE('',(#6458,#6459,#6460),#7232,.T.);
#6853=ADVANCED_FACE('',(#6461),#7233,.T.);
#6854=ADVANCED_FACE('',(#6462),#7234,.T.);
#6855=ADVANCED_FACE('',(#6463),#7235,.F.);
#6856=ADVANCED_FACE('',(#6464),#7236,.F.);
#6857=ADVANCED_FACE('',(#6465),#7237,.F.);
#6858=ADVANCED_FACE('',(#6466),#7238,.F.);
#6859=ADVANCED_FACE('',(#6467),#7239,.T.);
#6860=ADVANCED_FACE('',(#6468),#7240,.F.);
#6861=ADVANCED_FACE('',(#6469),#7241,.T.);
#6862=ADVANCED_FACE('',(#6470),#7242,.F.);
#6863=ADVANCED_FACE('',(#6471),#7243,.F.);
#6864=ADVANCED_FACE('',(#6472),#7244,.F.);
#6865=ADVANCED_FACE('',(#6473),#7245,.F.);
#6866=ADVANCED_FACE('',(#6474),#7246,.T.);
#6867=ADVANCED_FACE('',(#6475),#7247,.F.);
#6868=ADVANCED_FACE('',(#6476),#7248,.F.);
#6869=ADVANCED_FACE('',(#6477),#7249,.T.);
#6870=ADVANCED_FACE('',(#6478),#7250,.F.);
#6871=ADVANCED_FACE('',(#6479),#7251,.F.);
#6872=ADVANCED_FACE('',(#6480),#7252,.T.);
#6873=ADVANCED_FACE('',(#6481),#7253,.F.);
#6874=ADVANCED_FACE('',(#6482),#7254,.T.);
#6875=ADVANCED_FACE('',(#6483),#7255,.T.);
#6876=ADVANCED_FACE('',(#6484),#7256,.F.);
#6877=ADVANCED_FACE('',(#6485),#7257,.F.);
#6878=ADVANCED_FACE('',(#6486),#7258,.T.);
#6879=ADVANCED_FACE('',(#6487),#7259,.F.);
#6880=ADVANCED_FACE('',(#6488),#7260,.F.);
#6881=ADVANCED_FACE('',(#6489,#6490,#6491),#7261,.T.);
#6882=ADVANCED_FACE('',(#6492),#7262,.T.);
#6883=ADVANCED_FACE('',(#6493),#7263,.T.);
#6884=ADVANCED_FACE('',(#6494),#7264,.F.);
#6885=ADVANCED_FACE('',(#6495),#7265,.T.);
#6886=ADVANCED_FACE('',(#6496),#7266,.T.);
#6887=ADVANCED_FACE('',(#6497),#7267,.F.);
#6888=ADVANCED_FACE('',(#6498),#7268,.F.);
#6889=ADVANCED_FACE('',(#6499,#6500,#6501),#7269,.T.);
#6890=ADVANCED_FACE('',(#6502),#7270,.F.);
#6891=ADVANCED_FACE('',(#6503),#7271,.T.);
#6892=ADVANCED_FACE('',(#6504),#7272,.T.);
#6893=ADVANCED_FACE('',(#6505),#7273,.F.);
#6894=ADVANCED_FACE('',(#6506),#7274,.T.);
#6895=ADVANCED_FACE('',(#6507),#7275,.T.);
#6896=ADVANCED_FACE('',(#6508),#7276,.F.);
#6897=ADVANCED_FACE('',(#6509),#7277,.T.);
#6898=ADVANCED_FACE('',(#6510),#7278,.T.);
#6899=ADVANCED_FACE('',(#6511),#7279,.F.);
#6900=ADVANCED_FACE('',(#6512),#7280,.T.);
#6901=ADVANCED_FACE('',(#6513),#7281,.T.);
#6902=ADVANCED_FACE('',(#6514,#6515,#6516),#7282,.T.);
#6903=ADVANCED_FACE('',(#6517),#7283,.T.);
#6904=ADVANCED_FACE('',(#6518),#7284,.F.);
#6905=ADVANCED_FACE('',(#6519),#7285,.T.);
#6906=ADVANCED_FACE('',(#6520),#7286,.T.);
#6907=ADVANCED_FACE('',(#6521),#7287,.T.);
#6908=ADVANCED_FACE('',(#6522,#6523,#6524),#7288,.T.);
#6909=ADVANCED_FACE('',(#6525),#7289,.T.);
#6910=ADVANCED_FACE('',(#6526),#7290,.T.);
#6911=ADVANCED_FACE('',(#6527),#7291,.F.);
#6912=ADVANCED_FACE('',(#6528),#7292,.F.);
#6913=ADVANCED_FACE('',(#6529),#7293,.F.);
#6914=ADVANCED_FACE('',(#6530),#7294,.F.);
#6915=ADVANCED_FACE('',(#6531),#7295,.T.);
#6916=ADVANCED_FACE('',(#6532),#7296,.F.);
#6917=ADVANCED_FACE('',(#6533),#7297,.T.);
#6918=ADVANCED_FACE('',(#6534),#7298,.F.);
#6919=ADVANCED_FACE('',(#6535),#7299,.F.);
#6920=ADVANCED_FACE('',(#6536),#7300,.F.);
#6921=ADVANCED_FACE('',(#6537),#7301,.F.);
#6922=ADVANCED_FACE('',(#6538),#7302,.T.);
#6923=ADVANCED_FACE('',(#6539),#7303,.F.);
#6924=ADVANCED_FACE('',(#6540),#7304,.F.);
#6925=ADVANCED_FACE('',(#6541),#7305,.T.);
#6926=ADVANCED_FACE('',(#6542),#7306,.F.);
#6927=ADVANCED_FACE('',(#6543),#7307,.F.);
#6928=ADVANCED_FACE('',(#6544),#7308,.F.);
#6929=ADVANCED_FACE('',(#6545),#7309,.T.);
#6930=ADVANCED_FACE('',(#6546),#7310,.F.);
#6931=ADVANCED_FACE('',(#6547),#7311,.F.);
#6932=ADVANCED_FACE('',(#6548),#7312,.T.);
#6933=ADVANCED_FACE('',(#6549),#7313,.F.);
#6934=ADVANCED_FACE('',(#6550),#7314,.F.);
#6935=ADVANCED_FACE('',(#6551,#6552,#6553),#7315,.T.);
#6936=ADVANCED_FACE('',(#6554),#7316,.T.);
#6937=ADVANCED_FACE('',(#6555),#7317,.T.);
#6938=ADVANCED_FACE('',(#6556),#7318,.F.);
#6939=ADVANCED_FACE('',(#6557),#7319,.T.);
#6940=ADVANCED_FACE('',(#6558),#7320,.T.);
#6941=ADVANCED_FACE('',(#6559),#7321,.F.);
#6942=ADVANCED_FACE('',(#6560,#6561,#6562),#7322,.T.);
#6943=ADVANCED_FACE('',(#6563),#7323,.T.);
#6944=ADVANCED_FACE('',(#6564),#7324,.T.);
#6945=ADVANCED_FACE('',(#6565),#7325,.F.);
#6946=ADVANCED_FACE('',(#6566),#7326,.T.);
#6947=ADVANCED_FACE('',(#6567),#7327,.T.);
#6948=ADVANCED_FACE('',(#6568),#7328,.F.);
#6949=ADVANCED_FACE('',(#6569),#7329,.T.);
#6950=ADVANCED_FACE('',(#6570),#7330,.T.);
#6951=ADVANCED_FACE('',(#6571),#7331,.F.);
#6952=ADVANCED_FACE('',(#6572),#7332,.T.);
#6953=ADVANCED_FACE('',(#6573),#7333,.T.);
#6954=ADVANCED_FACE('',(#6574),#7334,.T.);
#6955=ADVANCED_FACE('',(#6575),#7335,.F.);
#6956=ADVANCED_FACE('',(#6576),#7336,.T.);
#6957=ADVANCED_FACE('',(#6577),#7337,.T.);
#6958=ADVANCED_FACE('',(#6578),#7338,.T.);
#6959=ADVANCED_FACE('',(#6579),#7339,.T.);
#6960=ADVANCED_FACE('',(#6580),#7340,.T.);
#6961=ADVANCED_FACE('',(#6581),#7341,.T.);
#6962=ADVANCED_FACE('',(#6582),#7342,.F.);
#6963=ADVANCED_FACE('',(#6583),#7343,.T.);
#6964=ADVANCED_FACE('',(#6584),#7344,.T.);
#6965=ADVANCED_FACE('',(#6585),#7345,.T.);
#6966=ADVANCED_FACE('',(#6586),#7346,.T.);
#6967=ADVANCED_FACE('',(#6587),#7347,.T.);
#6968=ADVANCED_FACE('',(#6588),#7348,.T.);
#6969=ADVANCED_FACE('',(#6589),#7349,.T.);
#6970=ADVANCED_FACE('',(#6590),#7350,.T.);
#6971=ADVANCED_FACE('',(#6591),#7351,.T.);
#6972=ADVANCED_FACE('',(#6592),#7352,.T.);
#6973=ADVANCED_FACE('',(#6593),#7353,.T.);
#6974=ADVANCED_FACE('',(#6594),#7354,.T.);
#6975=ADVANCED_FACE('',(#6595),#7355,.T.);
#6976=ADVANCED_FACE('',(#6596),#7356,.T.);
#6977=ADVANCED_FACE('',(#6597),#7357,.T.);
#6978=ADVANCED_FACE('',(#6598),#7358,.T.);
#6979=ADVANCED_FACE('',(#6599),#7359,.T.);
#6980=ADVANCED_FACE('',(#6600),#7360,.T.);
#6981=ADVANCED_FACE('',(#6601),#7361,.T.);
#6982=ADVANCED_FACE('',(#6602),#7362,.T.);
#6983=ADVANCED_FACE('',(#6603),#7363,.T.);
#6984=ADVANCED_FACE('',(#6604),#7364,.T.);
#6985=ADVANCED_FACE('',(#6605),#7365,.T.);
#6986=ADVANCED_FACE('',(#6606),#7366,.T.);
#6987=ADVANCED_FACE('',(#6607),#7367,.T.);
#6988=ADVANCED_FACE('',(#6608),#7368,.T.);
#6989=ADVANCED_FACE('',(#6609),#7369,.T.);
#6990=ADVANCED_FACE('',(#6610),#7370,.T.);
#6991=ADVANCED_FACE('',(#6611),#7371,.T.);
#6992=ADVANCED_FACE('',(#6612),#7372,.T.);
#6993=ADVANCED_FACE('',(#6613),#7373,.T.);
#6994=ADVANCED_FACE('',(#6614),#7374,.T.);
#6995=ADVANCED_FACE('',(#6615),#7375,.T.);
#6996=ADVANCED_FACE('',(#6616),#7376,.T.);
#6997=ADVANCED_FACE('',(#6617),#7377,.T.);
#6998=ADVANCED_FACE('',(#6618),#7378,.T.);
#6999=ADVANCED_FACE('',(#6619),#7379,.T.);
#7000=ADVANCED_FACE('',(#6620),#7380,.T.);
#7001=ADVANCED_FACE('',(#6621),#7381,.T.);
#7002=ADVANCED_FACE('',(#6622),#7382,.T.);
#7003=ADVANCED_FACE('',(#6623),#7383,.T.);
#7004=ADVANCED_FACE('',(#6624),#7384,.T.);
#7005=ADVANCED_FACE('',(#6625),#7385,.T.);
#7006=ADVANCED_FACE('',(#6626),#7386,.T.);
#7007=ADVANCED_FACE('',(#6627),#7387,.T.);
#7008=ADVANCED_FACE('',(#6628),#7388,.T.);
#7009=ADVANCED_FACE('',(#6629),#7389,.T.);
#7010=ADVANCED_FACE('',(#6630),#7390,.T.);
#7011=ADVANCED_FACE('',(#6631),#7391,.T.);
#7012=ADVANCED_FACE('',(#6632),#7392,.T.);
#7013=ADVANCED_FACE('',(#6633),#7393,.T.);
#7014=ADVANCED_FACE('',(#6634),#7394,.T.);
#7015=ADVANCED_FACE('',(#6635),#7395,.T.);
#7016=ADVANCED_FACE('',(#6636),#7396,.T.);
#7017=ADVANCED_FACE('',(#6637),#7397,.T.);
#7018=ADVANCED_FACE('',(#6638),#7398,.T.);
#7019=ADVANCED_FACE('',(#6639),#7399,.T.);
#7020=ADVANCED_FACE('',(#6640),#7400,.T.);
#7021=ADVANCED_FACE('',(#6641),#7401,.T.);
#7022=ADVANCED_FACE('',(#6642),#7402,.T.);
#7023=ADVANCED_FACE('',(#6643),#7403,.T.);
#7024=ADVANCED_FACE('',(#6644),#7404,.T.);
#7025=ADVANCED_FACE('',(#6645),#7405,.T.);
#7026=ADVANCED_FACE('',(#6646),#7406,.T.);
#7027=ADVANCED_FACE('',(#6647),#7407,.T.);
#7028=ADVANCED_FACE('',(#6648),#7408,.T.);
#7029=ADVANCED_FACE('',(#6649),#7409,.T.);
#7030=ADVANCED_FACE('',(#6650),#7410,.T.);
#7031=ADVANCED_FACE('',(#6651),#7411,.T.);
#7032=ADVANCED_FACE('',(#6652),#7412,.T.);
#7033=ADVANCED_FACE('',(#6653),#7413,.T.);
#7034=ADVANCED_FACE('',(#6654),#7414,.T.);
#7035=ADVANCED_FACE('',(#6655),#7415,.T.);
#7036=ADVANCED_FACE('',(#6656),#7416,.T.);
#7037=ADVANCED_FACE('',(#6657),#7417,.T.);
#7038=ADVANCED_FACE('',(#6658),#7418,.T.);
#7039=ADVANCED_FACE('',(#6659),#7419,.T.);
#7040=ADVANCED_FACE('',(#6660),#7420,.T.);
#7041=ADVANCED_FACE('',(#6661),#7421,.T.);
#7042=ADVANCED_FACE('',(#6662),#7422,.F.);
#7043=ADVANCED_FACE('',(#6663),#7423,.T.);
#7044=ADVANCED_FACE('',(#6664),#7424,.F.);
#7045=ADVANCED_FACE('',(#6665),#7425,.T.);
#7046=ADVANCED_FACE('',(#6666),#7426,.T.);
#7047=ADVANCED_FACE('',(#6667),#7427,.T.);
#7048=ADVANCED_FACE('',(#6668),#7428,.T.);
#7049=PLANE('',#10950);
#7050=PLANE('',#10951);
#7051=PLANE('',#10952);
#7052=PLANE('',#10953);
#7053=PLANE('',#10954);
#7054=PLANE('',#10955);
#7055=PLANE('',#10956);
#7056=PLANE('',#10957);
#7057=PLANE('',#10958);
#7058=PLANE('',#10959);
#7059=PLANE('',#10960);
#7060=PLANE('',#10961);
#7061=PLANE('',#10962);
#7062=PLANE('',#10963);
#7063=PLANE('',#10964);
#7064=PLANE('',#10965);
#7065=PLANE('',#10966);
#7066=PLANE('',#10967);
#7067=PLANE('',#10968);
#7068=PLANE('',#10969);
#7069=PLANE('',#10970);
#7070=PLANE('',#10971);
#7071=PLANE('',#10972);
#7072=PLANE('',#10973);
#7073=PLANE('',#10974);
#7074=PLANE('',#10975);
#7075=PLANE('',#10976);
#7076=PLANE('',#10977);
#7077=PLANE('',#10978);
#7078=PLANE('',#10979);
#7079=PLANE('',#10980);
#7080=PLANE('',#10981);
#7081=PLANE('',#10982);
#7082=PLANE('',#10983);
#7083=PLANE('',#10984);
#7084=PLANE('',#10985);
#7085=PLANE('',#10986);
#7086=PLANE('',#10987);
#7087=PLANE('',#10988);
#7088=PLANE('',#10989);
#7089=PLANE('',#10990);
#7090=PLANE('',#10991);
#7091=PLANE('',#10992);
#7092=PLANE('',#10993);
#7093=PLANE('',#10994);
#7094=PLANE('',#10995);
#7095=PLANE('',#10996);
#7096=PLANE('',#10997);
#7097=PLANE('',#10998);
#7098=PLANE('',#10999);
#7099=PLANE('',#11000);
#7100=PLANE('',#11001);
#7101=PLANE('',#11002);
#7102=PLANE('',#11003);
#7103=PLANE('',#11004);
#7104=PLANE('',#11005);
#7105=PLANE('',#11006);
#7106=PLANE('',#11007);
#7107=PLANE('',#11008);
#7108=PLANE('',#11009);
#7109=PLANE('',#11010);
#7110=PLANE('',#11011);
#7111=PLANE('',#11012);
#7112=PLANE('',#11013);
#7113=PLANE('',#11014);
#7114=PLANE('',#11015);
#7115=PLANE('',#11016);
#7116=PLANE('',#11017);
#7117=PLANE('',#11018);
#7118=PLANE('',#11019);
#7119=PLANE('',#11020);
#7120=PLANE('',#11021);
#7121=PLANE('',#11022);
#7122=PLANE('',#11023);
#7123=PLANE('',#11024);
#7124=PLANE('',#11025);
#7125=PLANE('',#11026);
#7126=PLANE('',#11027);
#7127=PLANE('',#11028);
#7128=PLANE('',#11029);
#7129=PLANE('',#11030);
#7130=PLANE('',#11031);
#7131=PLANE('',#11032);
#7132=PLANE('',#11033);
#7133=PLANE('',#11034);
#7134=PLANE('',#11035);
#7135=PLANE('',#11036);
#7136=PLANE('',#11037);
#7137=PLANE('',#11038);
#7138=PLANE('',#11039);
#7139=PLANE('',#11040);
#7140=PLANE('',#11041);
#7141=PLANE('',#11042);
#7142=PLANE('',#11043);
#7143=PLANE('',#11044);
#7144=PLANE('',#11045);
#7145=PLANE('',#11046);
#7146=PLANE('',#11047);
#7147=PLANE('',#11048);
#7148=PLANE('',#11049);
#7149=PLANE('',#11050);
#7150=PLANE('',#11051);
#7151=PLANE('',#11052);
#7152=PLANE('',#11053);
#7153=PLANE('',#11054);
#7154=PLANE('',#11055);
#7155=PLANE('',#11056);
#7156=PLANE('',#11057);
#7157=PLANE('',#11058);
#7158=PLANE('',#11059);
#7159=PLANE('',#11060);
#7160=PLANE('',#11061);
#7161=PLANE('',#11062);
#7162=PLANE('',#11063);
#7163=PLANE('',#11064);
#7164=PLANE('',#11065);
#7165=PLANE('',#11066);
#7166=PLANE('',#11067);
#7167=PLANE('',#11068);
#7168=PLANE('',#11069);
#7169=PLANE('',#11070);
#7170=PLANE('',#11071);
#7171=PLANE('',#11072);
#7172=PLANE('',#11073);
#7173=PLANE('',#11074);
#7174=PLANE('',#11075);
#7175=PLANE('',#11076);
#7176=PLANE('',#11077);
#7177=PLANE('',#11078);
#7178=PLANE('',#11079);
#7179=PLANE('',#11080);
#7180=PLANE('',#11081);
#7181=PLANE('',#11082);
#7182=PLANE('',#11083);
#7183=PLANE('',#11084);
#7184=PLANE('',#11085);
#7185=PLANE('',#11086);
#7186=PLANE('',#11087);
#7187=PLANE('',#11088);
#7188=PLANE('',#11089);
#7189=PLANE('',#11090);
#7190=PLANE('',#11091);
#7191=PLANE('',#11092);
#7192=PLANE('',#11093);
#7193=PLANE('',#11094);
#7194=PLANE('',#11095);
#7195=PLANE('',#11096);
#7196=PLANE('',#11097);
#7197=PLANE('',#11098);
#7198=PLANE('',#11099);
#7199=PLANE('',#11100);
#7200=PLANE('',#11101);
#7201=PLANE('',#11102);
#7202=PLANE('',#11103);
#7203=PLANE('',#11104);
#7204=PLANE('',#11105);
#7205=PLANE('',#11106);
#7206=PLANE('',#11107);
#7207=PLANE('',#11108);
#7208=PLANE('',#11109);
#7209=PLANE('',#11110);
#7210=PLANE('',#11111);
#7211=PLANE('',#11112);
#7212=PLANE('',#11113);
#7213=PLANE('',#11114);
#7214=PLANE('',#11115);
#7215=PLANE('',#11116);
#7216=PLANE('',#11117);
#7217=PLANE('',#11118);
#7218=PLANE('',#11119);
#7219=PLANE('',#11120);
#7220=PLANE('',#11121);
#7221=PLANE('',#11122);
#7222=PLANE('',#11123);
#7223=PLANE('',#11124);
#7224=PLANE('',#11125);
#7225=PLANE('',#11126);
#7226=PLANE('',#11127);
#7227=PLANE('',#11128);
#7228=PLANE('',#11129);
#7229=PLANE('',#11130);
#7230=PLANE('',#11131);
#7231=PLANE('',#11132);
#7232=PLANE('',#11133);
#7233=PLANE('',#11134);
#7234=PLANE('',#11135);
#7235=PLANE('',#11136);
#7236=PLANE('',#11137);
#7237=PLANE('',#11138);
#7238=PLANE('',#11139);
#7239=PLANE('',#11140);
#7240=PLANE('',#11141);
#7241=PLANE('',#11142);
#7242=PLANE('',#11143);
#7243=PLANE('',#11144);
#7244=PLANE('',#11145);
#7245=PLANE('',#11146);
#7246=PLANE('',#11147);
#7247=PLANE('',#11148);
#7248=PLANE('',#11149);
#7249=PLANE('',#11150);
#7250=PLANE('',#11151);
#7251=PLANE('',#11152);
#7252=PLANE('',#11153);
#7253=PLANE('',#11154);
#7254=PLANE('',#11155);
#7255=PLANE('',#11156);
#7256=PLANE('',#11157);
#7257=PLANE('',#11158);
#7258=PLANE('',#11159);
#7259=PLANE('',#11160);
#7260=PLANE('',#11161);
#7261=PLANE('',#11162);
#7262=PLANE('',#11163);
#7263=PLANE('',#11164);
#7264=PLANE('',#11165);
#7265=PLANE('',#11166);
#7266=PLANE('',#11167);
#7267=PLANE('',#11168);
#7268=PLANE('',#11169);
#7269=PLANE('',#11170);
#7270=PLANE('',#11171);
#7271=PLANE('',#11172);
#7272=PLANE('',#11173);
#7273=PLANE('',#11174);
#7274=PLANE('',#11175);
#7275=PLANE('',#11176);
#7276=PLANE('',#11177);
#7277=PLANE('',#11178);
#7278=PLANE('',#11179);
#7279=PLANE('',#11180);
#7280=PLANE('',#11181);
#7281=PLANE('',#11182);
#7282=PLANE('',#11183);
#7283=PLANE('',#11184);
#7284=PLANE('',#11185);
#7285=PLANE('',#11186);
#7286=PLANE('',#11187);
#7287=PLANE('',#11188);
#7288=PLANE('',#11189);
#7289=PLANE('',#11190);
#7290=PLANE('',#11191);
#7291=PLANE('',#11192);
#7292=PLANE('',#11193);
#7293=PLANE('',#11194);
#7294=PLANE('',#11195);
#7295=PLANE('',#11196);
#7296=PLANE('',#11197);
#7297=PLANE('',#11198);
#7298=PLANE('',#11199);
#7299=PLANE('',#11200);
#7300=PLANE('',#11201);
#7301=PLANE('',#11202);
#7302=PLANE('',#11203);
#7303=PLANE('',#11204);
#7304=PLANE('',#11205);
#7305=PLANE('',#11206);
#7306=PLANE('',#11207);
#7307=PLANE('',#11208);
#7308=PLANE('',#11209);
#7309=PLANE('',#11210);
#7310=PLANE('',#11211);
#7311=PLANE('',#11212);
#7312=PLANE('',#11213);
#7313=PLANE('',#11214);
#7314=PLANE('',#11215);
#7315=PLANE('',#11216);
#7316=PLANE('',#11217);
#7317=PLANE('',#11218);
#7318=PLANE('',#11219);
#7319=PLANE('',#11220);
#7320=PLANE('',#11221);
#7321=PLANE('',#11222);
#7322=PLANE('',#11223);
#7323=PLANE('',#11224);
#7324=PLANE('',#11225);
#7325=PLANE('',#11226);
#7326=PLANE('',#11227);
#7327=PLANE('',#11228);
#7328=PLANE('',#11229);
#7329=PLANE('',#11230);
#7330=PLANE('',#11231);
#7331=PLANE('',#11232);
#7332=PLANE('',#11233);
#7333=PLANE('',#11234);
#7334=PLANE('',#11235);
#7335=PLANE('',#11236);
#7336=PLANE('',#11237);
#7337=PLANE('',#11238);
#7338=PLANE('',#11239);
#7339=PLANE('',#11240);
#7340=PLANE('',#11241);
#7341=PLANE('',#11242);
#7342=PLANE('',#11243);
#7343=PLANE('',#11244);
#7344=PLANE('',#11245);
#7345=PLANE('',#11246);
#7346=PLANE('',#11247);
#7347=PLANE('',#11248);
#7348=PLANE('',#11249);
#7349=PLANE('',#11250);
#7350=PLANE('',#11251);
#7351=PLANE('',#11252);
#7352=PLANE('',#11253);
#7353=PLANE('',#11254);
#7354=PLANE('',#11255);
#7355=PLANE('',#11256);
#7356=PLANE('',#11257);
#7357=PLANE('',#11258);
#7358=PLANE('',#11259);
#7359=PLANE('',#11260);
#7360=PLANE('',#11261);
#7361=PLANE('',#11262);
#7362=PLANE('',#11263);
#7363=PLANE('',#11264);
#7364=PLANE('',#11265);
#7365=PLANE('',#11266);
#7366=PLANE('',#11267);
#7367=PLANE('',#11268);
#7368=PLANE('',#11269);
#7369=PLANE('',#11270);
#7370=PLANE('',#11271);
#7371=PLANE('',#11272);
#7372=PLANE('',#11273);
#7373=PLANE('',#11274);
#7374=PLANE('',#11275);
#7375=PLANE('',#11276);
#7376=PLANE('',#11277);
#7377=PLANE('',#11278);
#7378=PLANE('',#11279);
#7379=PLANE('',#11280);
#7380=PLANE('',#11281);
#7381=PLANE('',#11282);
#7382=PLANE('',#11283);
#7383=PLANE('',#11284);
#7384=PLANE('',#11285);
#7385=PLANE('',#11286);
#7386=PLANE('',#11287);
#7387=PLANE('',#11288);
#7388=PLANE('',#11289);
#7389=PLANE('',#11290);
#7390=PLANE('',#11291);
#7391=PLANE('',#11292);
#7392=PLANE('',#11293);
#7393=PLANE('',#11294);
#7394=PLANE('',#11295);
#7395=PLANE('',#11296);
#7396=PLANE('',#11297);
#7397=PLANE('',#11298);
#7398=PLANE('',#11299);
#7399=PLANE('',#11300);
#7400=PLANE('',#11301);
#7401=PLANE('',#11302);
#7402=PLANE('',#11303);
#7403=PLANE('',#11304);
#7404=PLANE('',#11305);
#7405=PLANE('',#11306);
#7406=PLANE('',#11307);
#7407=PLANE('',#11308);
#7408=PLANE('',#11309);
#7409=PLANE('',#11310);
#7410=PLANE('',#11311);
#7411=PLANE('',#11312);
#7412=PLANE('',#11313);
#7413=PLANE('',#11314);
#7414=PLANE('',#11315);
#7415=PLANE('',#11317);
#7416=PLANE('',#11318);
#7417=PLANE('',#11319);
#7418=PLANE('',#11320);
#7419=PLANE('',#11321);
#7420=PLANE('',#11322);
#7421=PLANE('',#11323);
#7422=PLANE('',#11324);
#7423=PLANE('',#11325);
#7424=PLANE('',#11326);
#7425=PLANE('',#11327);
#7426=PLANE('',#11328);
#7427=PLANE('',#11329);
#7428=PLANE('',#11330);
#7429=CLOSED_SHELL('',(#6669,#6670,#6671,#6672,#6673,#6674,#6675,#6676,#6677,
#6678,#6679,#6680,#6681,#6682,#6683,#6684,#6685,#6686,#6687,#6688,#6689,
#6690,#6691,#6692,#6693,#6694,#6695,#6696,#6697,#6698,#6699,#6700,#6701,
#6702,#6703,#6704,#6705,#6706,#6707,#6708,#6709,#6710,#6711,#6712,#6713,
#6714,#6715,#6716,#6717,#6718,#6719,#6720,#6721,#6722,#6723,#6724,#6725,
#6726,#6727,#6728,#6729,#6730,#6731,#6732,#6733,#6734,#6735,#6736,#6737,
#6738,#6739,#6740,#6741,#6742,#6743,#6744,#6745,#6746,#6747,#6748,#6749,
#6750,#6751,#6752,#6753,#6754,#6755,#6756,#6757,#6758,#6759,#6760,#6761,
#6762,#6763,#6764,#6765,#6766,#6767,#6768,#6769,#6770,#6771,#6772,#6773,
#6774,#6775,#6776,#6777,#6778,#6779,#6780,#6781,#6782,#6783,#6784,#6785,
#6786,#6787,#6788,#6789,#6790,#6791,#6792,#6793,#6794,#6795,#6796,#6797,
#6798,#6799,#6800,#6801,#6802,#6803,#6804,#6805,#6806,#6807,#6808,#6809,
#6810,#6811,#6812,#6813,#6814,#6815,#6816,#6817,#6818,#6819,#6820,#6821,
#6822,#6823,#6824,#6825,#6826,#6827,#6828,#6829,#6830,#6831,#6832,#6833,
#6834,#6835,#6836,#6837,#6838,#6839,#6840,#6841,#6842,#6843,#6844,#6845,
#6846,#6847,#6848,#6849,#6850,#6851,#6852,#6853,#6854,#6855,#6856,#6857,
#6858,#6859,#6860,#6861,#6862,#6863,#6864,#6865,#6866,#6867,#6868,#6869,
#6870,#6871,#6872,#6873,#6874,#6875,#6876,#6877,#6878,#6879,#6880,#6881,
#6882,#6883,#6884,#6885,#6886,#6887,#6888,#6889,#6890,#6891,#6892,#6893,
#6894,#6895,#6896,#6897,#6898,#6899,#6900,#6901,#6902,#6903,#6904,#6905,
#6906,#6907,#6908,#6909,#6910,#6911,#6912,#6913,#6914,#6915,#6916,#6917,
#6918,#6919,#6920,#6921,#6922,#6923,#6924,#6925,#6926,#6927,#6928,#6929,
#6930,#6931,#6932,#6933,#6934,#6935,#6936,#6937,#6938,#6939,#6940,#6941,
#6942,#6943,#6944,#6945,#6946,#6947,#6948,#6949,#6950,#6951,#6952,#6953,
#6954,#6955,#6956,#6957,#6958,#6959,#6960,#6961,#6962,#6963,#6964,#6965,
#6966,#6967,#6968,#6969,#6970,#6971,#6972,#6973,#6974,#6975,#6976,#6977,
#6978,#6979,#6980,#6981,#6982,#6983,#6984,#6985,#6986,#6987,#6988,#6989,
#6990,#6991,#6992,#6993,#6994,#6995,#6996,#6997,#6998,#6999,#7000,#7001,
#7002,#7003,#7004,#7005,#7006,#7007,#7008,#7009,#7010,#7011,#7012,#7013,
#7014,#7015,#7016,#7017,#7018,#7019,#7020,#7021,#7022,#7023,#7024,#7025,
#7026,#7027,#7028,#7029,#7030,#7031,#7032,#7033,#7034));
#7430=CLOSED_SHELL('',(#7035,#7036,#7037,#7038,#7039,#7040,#7041,#7042,#7043,
#7044,#7045,#7046,#7047,#7048));
#7431=MANIFOLD_SOLID_BREP('',#7429);
#7432=MANIFOLD_SOLID_BREP('',#7430);
#7433=DIRECTION('',(1.,0.,0.));
#7434=DIRECTION('',(0.,0.,1.));
#7435=DIRECTION('',(-1.,0.,0.));
#7436=DIRECTION('',(0.,-1.,1.22460635382358E-016));
#7437=DIRECTION('',(0.,2.70999555881141E-024,-1.));
#7438=DIRECTION('',(0.,1.,4.56295106051484E-029));
#7439=DIRECTION('',(0.,0.,1.));
#7440=DIRECTION('',(1.,0.,0.));
#7441=DIRECTION('',(0.,1.,-1.22460635382358E-016));
#7442=DIRECTION('',(0.,0.,-1.));
#7443=DIRECTION('',(0.,-1.,-4.56295106051484E-029));
#7444=DIRECTION('',(0.,-2.70999555881141E-024,1.));
#7445=DIRECTION('',(1.64620641439991E-012,-1.,0.));
#7446=DIRECTION('',(-1.,-1.64620641439991E-012,0.));
#7447=DIRECTION('',(0.,0.,1.));
#7448=DIRECTION('',(1.,1.64620641439991E-012,0.));
#7449=DIRECTION('',(-4.81002709739179E-055,-4.56295106051484E-029,1.));
#7450=DIRECTION('',(1.,-4.46121207191062E-036,-1.20898649017936E-059));
#7451=DIRECTION('',(0.,-1.,-4.56295106051484E-029));
#7452=DIRECTION('',(4.46121207191062E-036,1.,2.70999555881141E-024));
#7453=DIRECTION('',(1.,-4.46121207191062E-036,-1.20898649017936E-059));
#7454=DIRECTION('',(0.,2.70999555881141E-024,-1.));
#7455=DIRECTION('',(-1.,4.46121207191062E-036,1.20898649017936E-059));
#7456=DIRECTION('',(-4.81002709739179E-055,-4.56295106051484E-029,1.));
#7457=DIRECTION('',(-1.,-1.64620641439991E-012,0.));
#7458=DIRECTION('',(0.,1.,0.));
#7459=DIRECTION('',(-1.,0.,0.));
#7460=DIRECTION('',(0.,0.,-1.));
#7461=DIRECTION('',(0.,1.,0.));
#7462=DIRECTION('',(0.,0.,1.));
#7463=DIRECTION('',(-2.1256529481055E-079,3.56173474553146E-053,1.));
#7464=DIRECTION('',(-1.,1.49966072182214E-032,-1.83649404852124E-048));
#7465=DIRECTION('',(-0.499999999999948,-0.866025403784469,0.));
#7466=DIRECTION('',(0.499999999999948,-0.866025403784469,0.));
#7467=DIRECTION('',(1.,1.83649404852124E-048,2.24898228057609E-064));
#7468=DIRECTION('',(0.499999999999948,0.866025403784469,0.));
#7469=DIRECTION('',(0.,-1.,3.56173474553146E-053));
#7470=DIRECTION('',(-0.499999999999948,0.866025403784469,0.));
#7471=DIRECTION('',(-1.,-1.49966072182214E-032,-1.83649404852124E-048));
#7472=DIRECTION('',(0.,1.,-3.56173474553146E-053));
#7473=DIRECTION('',(1.,1.83649404852124E-048,2.24898228057609E-064));
#7474=DIRECTION('',(1.49966072182214E-032,-1.,0.));
#7475=DIRECTION('',(1.49966072182214E-032,-1.,0.));
#7476=DIRECTION('',(-1.,-7.57101196220873E-132,-2.1256529481055E-079));
#7477=DIRECTION('',(0.,1.,0.));
#7478=DIRECTION('',(1.,1.83649404852124E-048,-2.24898228057609E-064));
#7479=DIRECTION('',(-1.49966072188267E-032,1.22460635382358E-016,1.));
#7480=DIRECTION('',(0.499999999999948,0.866025403784469,0.));
#7481=DIRECTION('',(0.,-1.,1.22460635382358E-016));
#7482=DIRECTION('',(-0.499999999999948,0.866025403784469,0.));
#7483=DIRECTION('',(-1.,4.46121207191062E-036,1.20898649017936E-059));
#7484=DIRECTION('',(1.,0.,0.));
#7485=DIRECTION('',(0.,0.,-1.));
#7486=DIRECTION('',(0.,0.,1.));
#7487=DIRECTION('',(0.,1.,0.));
#7488=DIRECTION('',(-1.,0.,-1.22460635382238E-016));
#7489=DIRECTION('',(1.22460635382238E-016,0.,-1.));
#7490=DIRECTION('',(-1.22460635382238E-016,0.,1.));
#7491=DIRECTION('',(0.,-1.,0.));
#7492=DIRECTION('',(-1.49966072182214E-032,-1.,1.22460635382238E-016));
#7493=DIRECTION('',(0.,-1.22460635382238E-016,-1.));
#7494=DIRECTION('',(0.,1.22460635382238E-016,1.));
#7495=DIRECTION('',(1.,-1.49966072182214E-032,1.83649404852124E-048));
#7496=DIRECTION('',(-1.,0.,-1.22460635382238E-016));
#7497=DIRECTION('',(0.,0.,-1.));
#7498=DIRECTION('',(0.,0.,1.));
#7499=DIRECTION('',(0.,-1.,0.));
#7500=DIRECTION('',(-4.81002709739179E-055,-4.56295106051484E-029,1.));
#7501=DIRECTION('',(1.,4.46121207191062E-036,1.20898649017936E-059));
#7502=DIRECTION('',(0.,-1.,0.));
#7503=DIRECTION('',(-1.,1.64620641439991E-012,0.));
#7504=DIRECTION('',(0.707106781186569,8.6592745707191E-017,-0.707106781186526));
#7505=DIRECTION('',(-0.577350269189638,-0.577350269189638,-0.577350269189601));
#7506=DIRECTION('',(-6.12303176911189E-017,1.,6.12303176911152E-017));
#7507=DIRECTION('',(0.577350269189518,-0.577350269189839,0.577350269189521));
#7508=DIRECTION('',(-1.83649404852124E-048,1.,1.22460635382238E-016));
#7509=DIRECTION('',(-1.,-1.83649404852124E-048,-2.24898228057609E-064));
#7510=DIRECTION('',(0.,1.22460635382238E-016,-1.));
#7511=DIRECTION('',(1.49966072182214E-032,-1.,-1.22460635382238E-016));
#7512=DIRECTION('',(0.,-1.22460635382238E-016,1.));
#7513=DIRECTION('',(1.,1.49966072182214E-032,1.83649404852124E-048));
#7514=DIRECTION('',(8.65927457072157E-017,0.707106781186367,-0.707106781186728));
#7515=DIRECTION('',(0.57735026918932,0.577350269189961,0.577350269189596));
#7516=DIRECTION('',(0.577350269189534,-0.577350269189854,-0.577350269189489));
#7517=DIRECTION('',(-1.,6.12303176911189E-017,-6.12303176911501E-017));
#7518=DIRECTION('',(-1.,0.,-1.22460635382238E-016));
#7519=DIRECTION('',(1.22460635382238E-016,0.,-1.));
#7520=DIRECTION('',(0.,-1.,0.));
#7521=DIRECTION('',(1.,1.49966072182214E-032,1.83649404852124E-048));
#7522=DIRECTION('',(-1.83649404852124E-048,-2.75411799042743E-080,1.));
#7523=DIRECTION('',(-1.49966072182214E-032,1.,0.));
#7524=DIRECTION('',(1.22460635382238E-016,-1.22460635382238E-016,-1.));
#7525=DIRECTION('',(1.,0.,1.22460635382238E-016));
#7526=DIRECTION('',(-0.499999999999948,0.866025403784469,0.));
#7527=DIRECTION('',(0.499999999999948,0.866025403784469,0.));
#7528=DIRECTION('',(-1.,0.,-1.22460635382238E-016));
#7529=DIRECTION('',(0.499999999999948,-0.866025403784469,0.));
#7530=DIRECTION('',(1.49966072182214E-032,1.,-1.22460635382238E-016));
#7531=DIRECTION('',(-0.499999999999948,-0.866025403784469,0.));
#7532=DIRECTION('',(1.49966072182214E-032,1.,-1.22460635382238E-016));
#7533=DIRECTION('',(-1.,0.,-1.22460635382238E-016));
#7534=DIRECTION('',(-1.49966072182214E-032,-1.,1.22460635382238E-016));
#7535=DIRECTION('',(1.,0.,1.22460635382238E-016));
#7536=DIRECTION('',(1.49966072182214E-032,1.,-1.22460635382238E-016));
#7537=DIRECTION('',(-1.,0.,-1.22460635382238E-016));
#7538=DIRECTION('',(8.65927457072033E-017,0.707106781186468,-0.707106781186627));
#7539=DIRECTION('',(0.577350269189666,-0.577350269189666,-0.577350269189546));
#7540=DIRECTION('',(8.65927457072157E-017,-0.707106781186367,-0.707106781186728));
#7541=DIRECTION('',(-0.577350269189614,-0.577350269189774,0.577350269189489));
#7542=DIRECTION('',(1.,1.49966072182214E-032,1.83649404852124E-048));
#7543=DIRECTION('',(-1.49966072182214E-032,1.,0.));
#7544=DIRECTION('',(0.707106781186569,-8.6592745707191E-017,-0.707106781186526));
#7545=DIRECTION('',(0.577350269189638,-0.577350269189638,0.577350269189601));
#7546=DIRECTION('',(-0.707106781186569,-8.6592745707191E-017,-0.707106781186526));
#7547=DIRECTION('',(0.577350269189625,0.577350269189625,-0.577350269189627));
#7548=DIRECTION('',(-1.83649404852124E-048,1.,-1.22460635382238E-016));
#7549=DIRECTION('',(-1.,-1.83649404852124E-048,2.24898228057609E-064));
#7550=DIRECTION('',(1.49966072182214E-032,-1.,-1.22460635382238E-016));
#7551=DIRECTION('',(0.,0.,1.));
#7552=DIRECTION('',(1.,1.49966072182214E-032,1.83649404852124E-048));
#7553=DIRECTION('',(0.,0.,-1.));
#7554=DIRECTION('',(1.,1.49966072182214E-032,1.83649404852124E-048));
#7555=DIRECTION('',(0.,0.,1.));
#7556=DIRECTION('',(0.,0.,-1.));
#7557=DIRECTION('',(1.49966072182214E-032,-1.,0.));
#7558=DIRECTION('',(-1.83649404852124E-048,1.,-1.22460635382238E-016));
#7559=DIRECTION('',(0.,0.,-1.));
#7560=DIRECTION('',(0.,0.,1.));
#7561=DIRECTION('',(-1.,-1.83649404852124E-048,2.24898228057609E-064));
#7562=DIRECTION('',(8.65927457072032E-017,-0.707106781186468,-0.707106781186627));
#7563=DIRECTION('',(-0.707106781186569,8.6592745707191E-017,-0.707106781186526));
#7564=DIRECTION('',(-1.64620641439991E-012,-1.,0.));
#7565=DIRECTION('',(1.,-1.64620641439991E-012,0.));
#7566=DIRECTION('',(0.,0.,1.));
#7567=DIRECTION('',(0.,0.,1.));
#7568=DIRECTION('',(-1.49966072188267E-032,1.22460635382358E-016,1.));
#7569=DIRECTION('',(-1.,-1.83649404859718E-048,-1.49966072188267E-032));
#7570=DIRECTION('',(-0.499999999999948,-0.866025403784469,0.));
#7571=DIRECTION('',(0.499999999999938,-0.866025403784474,1.93814816869399E-015));
#7572=DIRECTION('',(0.499999999999948,0.866025403784469,0.));
#7573=DIRECTION('',(0.,1.,0.));
#7574=DIRECTION('',(-0.499999999999948,0.866025403784469,0.));
#7575=DIRECTION('',(-4.46121207191062E-036,1.,2.70999555881141E-024));
#7576=DIRECTION('',(0.,0.,-1.));
#7577=DIRECTION('',(0.,2.70999555881141E-024,-1.));
#7578=DIRECTION('',(1.22460635382238E-016,1.22460635382238E-016,-1.));
#7579=DIRECTION('',(0.500000000000022,0.866025403784426,0.));
#7580=DIRECTION('',(-1.,-1.83649404852124E-048,-2.24898228057609E-064));
#7581=DIRECTION('',(-0.499999999999948,0.866025403784469,0.));
#7582=DIRECTION('',(1.22460635382238E-016,-1.22460635382238E-016,-1.));
#7583=DIRECTION('',(-0.500000000000056,0.866025403784406,0.));
#7584=DIRECTION('',(0.499999999999948,0.866025403784469,0.));
#7585=DIRECTION('',(1.,-1.49966072182214E-032,1.83649404852124E-048));
#7586=DIRECTION('',(-0.866025403784469,-0.499999999999948,0.));
#7587=DIRECTION('',(0.,0.,1.));
#7588=DIRECTION('',(-0.866025403784469,0.499999999999948,0.));
#7589=DIRECTION('',(0.,0.,-1.));
#7590=DIRECTION('',(-1.49966072182214E-032,-1.,1.22460635382238E-016));
#7591=DIRECTION('',(0.,1.22460635382238E-016,1.));
#7592=DIRECTION('',(-1.83649404852124E-048,1.,1.22460635382238E-016));
#7593=DIRECTION('',(0.,1.22460635382238E-016,-1.));
#7594=DIRECTION('',(0.866025403784469,-0.499999999999948,0.));
#7595=DIRECTION('',(0.866025403784469,0.499999999999948,0.));
#7596=DIRECTION('',(0.,0.,-1.));
#7597=DIRECTION('',(4.46121207191062E-036,1.,2.70999555881141E-024));
#7598=DIRECTION('',(-2.1256529481055E-079,3.56173474553146E-053,1.));
#7599=DIRECTION('',(1.,1.83649404852124E-048,2.24898228057609E-064));
#7600=DIRECTION('',(0.499999999999948,0.866025403784469,0.));
#7601=DIRECTION('',(0.,-1.,3.56173474553146E-053));
#7602=DIRECTION('',(-0.499999999999948,0.866025403784469,0.));
#7603=DIRECTION('',(-1.,1.49966072182214E-032,-1.83649404852124E-048));
#7604=DIRECTION('',(-0.499999999999948,-0.866025403784469,0.));
#7605=DIRECTION('',(0.,1.,-3.56173474553146E-053));
#7606=DIRECTION('',(0.499999999999948,-0.866025403784469,0.));
#7607=DIRECTION('',(1.49966072182214E-032,-1.,0.));
#7608=DIRECTION('',(-1.,-7.57101196220873E-132,-2.1256529481055E-079));
#7609=DIRECTION('',(0.,1.,0.));
#7610=DIRECTION('',(1.,1.83649404852124E-048,-2.24898228057609E-064));
#7611=DIRECTION('',(-1.,-1.49966072182214E-032,-1.83649404852124E-048));
#7612=DIRECTION('',(0.,1.,-3.56173474553146E-053));
#7613=DIRECTION('',(1.,1.83649404852124E-048,2.24898228057609E-064));
#7614=DIRECTION('',(1.49966072182214E-032,-1.,0.));
#7615=DIRECTION('',(-1.,0.,0.));
#7616=DIRECTION('',(0.,0.,-1.));
#7617=DIRECTION('',(0.,0.,1.));
#7618=DIRECTION('',(0.,-1.,0.));
#7619=DIRECTION('',(1.,0.,0.));
#7620=DIRECTION('',(0.,0.,-1.));
#7621=DIRECTION('',(0.,0.,1.));
#7622=DIRECTION('',(0.,1.,0.));
#7623=DIRECTION('',(-1.49966072182214E-032,-1.,1.22460635382238E-016));
#7624=DIRECTION('',(0.,-1.22460635382238E-016,-1.));
#7625=DIRECTION('',(0.,1.22460635382238E-016,1.));
#7626=DIRECTION('',(1.,-1.49966072182214E-032,1.83649404852124E-048));
#7627=DIRECTION('',(-1.,0.,-1.22460635382238E-016));
#7628=DIRECTION('',(1.22460635382238E-016,0.,-1.));
#7629=DIRECTION('',(-1.22460635382238E-016,0.,1.));
#7630=DIRECTION('',(0.,-1.,0.));
#7631=DIRECTION('',(-4.81002709739179E-055,-4.56295106051484E-029,1.));
#7632=DIRECTION('',(1.,-4.46121207191062E-036,-1.20898649017936E-059));
#7633=DIRECTION('',(-1.,-1.64620641439991E-012,0.));
#7634=DIRECTION('',(0.,1.,4.56295106051484E-029));
#7635=DIRECTION('',(-4.81002709739179E-055,-4.56295106051484E-029,1.));
#7636=DIRECTION('',(1.,-4.46121207191062E-036,-1.20898649017936E-059));
#7637=DIRECTION('',(0.,-1.,-4.56295106051484E-029));
#7638=DIRECTION('',(-1.,-1.64620641439991E-012,0.));
#7639=DIRECTION('',(8.65927457072157E-017,0.707106781186367,-0.707106781186728));
#7640=DIRECTION('',(0.57735026918932,0.577350269189961,0.577350269189596));
#7641=DIRECTION('',(0.577350269189427,-0.577350269189908,-0.577350269189542));
#7642=DIRECTION('',(-1.,6.12303176911189E-017,-6.12303176911501E-017));
#7643=DIRECTION('',(-1.,0.,-1.22460635382238E-016));
#7644=DIRECTION('',(1.22460635382238E-016,0.,-1.));
#7645=DIRECTION('',(0.,-1.,0.));
#7646=DIRECTION('',(1.,1.49966072182214E-032,1.83649404852124E-048));
#7647=DIRECTION('',(-1.83649404852124E-048,-2.75411799042743E-080,1.));
#7648=DIRECTION('',(-1.49966072182214E-032,1.,0.));
#7649=DIRECTION('',(0.707106781186569,8.6592745707191E-017,-0.707106781186526));
#7650=DIRECTION('',(-0.577350269189638,-0.577350269189638,-0.577350269189601));
#7651=DIRECTION('',(-6.12303176911189E-017,1.,6.12303176911152E-017));
#7652=DIRECTION('',(0.577350269189518,-0.577350269189839,0.577350269189521));
#7653=DIRECTION('',(-1.83649404852124E-048,1.,1.22460635382238E-016));
#7654=DIRECTION('',(-1.,-1.83649404852124E-048,-2.24898228057609E-064));
#7655=DIRECTION('',(0.,1.22460635382238E-016,-1.));
#7656=DIRECTION('',(1.49966072182214E-032,-1.,-1.22460635382238E-016));
#7657=DIRECTION('',(0.,-1.22460635382238E-016,1.));
#7658=DIRECTION('',(1.,1.49966072182214E-032,1.83649404852124E-048));
#7659=DIRECTION('',(1.,0.,0.));
#7660=DIRECTION('',(0.,0.,-1.));
#7661=DIRECTION('',(0.,-1.,0.));
#7662=DIRECTION('',(0.,0.,1.));
#7663=DIRECTION('',(-1.,0.,0.));
#7664=DIRECTION('',(0.,0.,-1.));
#7665=DIRECTION('',(0.,1.,0.));
#7666=DIRECTION('',(0.,0.,1.));
#7667=DIRECTION('',(0.707106781186569,-8.6592745707191E-017,-0.707106781186526));
#7668=DIRECTION('',(0.577350269189638,-0.577350269189638,0.577350269189601));
#7669=DIRECTION('',(6.12303176911189E-017,1.,-6.12303176911152E-017));
#7670=DIRECTION('',(1.22460635382238E-016,-1.22460635382238E-016,-1.));
#7671=DIRECTION('',(1.,0.,1.22460635382238E-016));
#7672=DIRECTION('',(-0.499999999999948,0.866025403784469,0.));
#7673=DIRECTION('',(-1.49966072182214E-032,-1.,1.22460635382238E-016));
#7674=DIRECTION('',(0.499999999999948,0.866025403784469,0.));
#7675=DIRECTION('',(-1.,0.,-1.22460635382238E-016));
#7676=DIRECTION('',(0.499999999999948,-0.866025403784469,0.));
#7677=DIRECTION('',(1.49966072182214E-032,1.,-1.22460635382238E-016));
#7678=DIRECTION('',(-0.499999999999948,-0.866025403784469,0.));
#7679=DIRECTION('',(1.49966072182214E-032,1.,-1.22460635382238E-016));
#7680=DIRECTION('',(-1.,0.,-1.22460635382238E-016));
#7681=DIRECTION('',(1.,0.,1.22460635382238E-016));
#7682=DIRECTION('',(1.49966072182214E-032,1.,-1.22460635382238E-016));
#7683=DIRECTION('',(-1.,0.,-1.22460635382238E-016));
#7684=DIRECTION('',(-0.707106781186569,-8.6592745707191E-017,-0.707106781186526));
#7685=DIRECTION('',(0.577350269189638,0.577350269189638,-0.577350269189601));
#7686=DIRECTION('',(-1.83649404852124E-048,1.,-1.22460635382238E-016));
#7687=DIRECTION('',(-1.,-1.83649404852124E-048,2.24898228057609E-064));
#7688=DIRECTION('',(8.65927457072033E-017,0.707106781186468,-0.707106781186627));
#7689=DIRECTION('',(0.577350269189559,-0.577350269189719,-0.577350269189599));
#7690=DIRECTION('',(8.65927457072157E-017,-0.707106781186367,-0.707106781186728));
#7691=DIRECTION('',(-0.577350269189507,-0.577350269189828,0.577350269189542));
#7692=DIRECTION('',(1.,1.49966072182214E-032,1.83649404852124E-048));
#7693=DIRECTION('',(-1.49966072182214E-032,1.,0.));
#7694=DIRECTION('',(-2.1256529481055E-079,3.56173474553146E-053,1.));
#7695=DIRECTION('',(-1.,1.49966072182214E-032,-1.83649404852124E-048));
#7696=DIRECTION('',(-0.499999999999948,-0.866025403784469,0.));
#7697=DIRECTION('',(0.,1.,-3.56173474553146E-053));
#7698=DIRECTION('',(0.499999999999948,-0.866025403784469,0.));
#7699=DIRECTION('',(1.,1.83649404852124E-048,2.24898228057609E-064));
#7700=DIRECTION('',(0.499999999999948,0.866025403784469,0.));
#7701=DIRECTION('',(-0.499999999999948,0.866025403784469,0.));
#7702=DIRECTION('',(1.49966072182214E-032,-1.,0.));
#7703=DIRECTION('',(-1.,-7.57101196220873E-132,-2.1256529481055E-079));
#7704=DIRECTION('',(0.,1.,0.));
#7705=DIRECTION('',(1.,1.83649404852124E-048,-2.24898228057609E-064));
#7706=DIRECTION('',(-1.,-1.49966072182214E-032,-1.83649404852124E-048));
#7707=DIRECTION('',(0.,1.,-3.56173474553146E-053));
#7708=DIRECTION('',(1.,1.83649404852124E-048,2.24898228057609E-064));
#7709=DIRECTION('',(1.49966072182214E-032,-1.,0.));
#7710=DIRECTION('',(-2.1256529481055E-079,3.56173474553146E-053,1.));
#7711=DIRECTION('',(-1.,-1.49966072182214E-032,-1.83649404852124E-048));
#7712=DIRECTION('',(0.,1.,-3.56173474553146E-053));
#7713=DIRECTION('',(1.,1.83649404852124E-048,2.24898228057609E-064));
#7714=DIRECTION('',(1.49966072182214E-032,-1.,0.));
#7715=DIRECTION('',(1.49966072182214E-032,-1.,0.));
#7716=DIRECTION('',(-1.,-7.57101196220873E-132,-2.1256529481055E-079));
#7717=DIRECTION('',(0.,1.,0.));
#7718=DIRECTION('',(1.,1.83649404852124E-048,-2.24898228057609E-064));
#7719=DIRECTION('',(-1.,1.49966072182214E-032,-1.83649404852124E-048));
#7720=DIRECTION('',(-0.499999999999948,-0.866025403784469,0.));
#7721=DIRECTION('',(0.499999999999948,-0.866025403784469,0.));
#7722=DIRECTION('',(1.,1.83649404852124E-048,2.24898228057609E-064));
#7723=DIRECTION('',(0.499999999999948,0.866025403784469,0.));
#7724=DIRECTION('',(0.,-1.,3.56173474553146E-053));
#7725=DIRECTION('',(-0.499999999999948,0.866025403784469,0.));
#7726=DIRECTION('',(8.65927457072032E-017,-0.707106781186468,-0.707106781186627));
#7727=DIRECTION('',(1.49966072182214E-032,-1.,-1.22460635382238E-016));
#7728=DIRECTION('',(0.,0.,1.));
#7729=DIRECTION('',(1.,1.49966072182214E-032,1.83649404852124E-048));
#7730=DIRECTION('',(0.,0.,-1.));
#7731=DIRECTION('',(1.,1.49966072182214E-032,1.83649404852124E-048));
#7732=DIRECTION('',(0.,0.,1.));
#7733=DIRECTION('',(0.,0.,-1.));
#7734=DIRECTION('',(1.49966072182214E-032,-1.,0.));
#7735=DIRECTION('',(-1.83649404852124E-048,1.,-1.22460635382238E-016));
#7736=DIRECTION('',(0.,0.,-1.));
#7737=DIRECTION('',(0.,0.,1.));
#7738=DIRECTION('',(-1.,-1.83649404852124E-048,2.24898228057609E-064));
#7739=DIRECTION('',(-1.,0.,-1.22460635382238E-016));
#7740=DIRECTION('',(0.,0.,-1.));
#7741=DIRECTION('',(0.,1.,0.));
#7742=DIRECTION('',(0.,0.,1.));
#7743=DIRECTION('',(-0.707106781186569,8.6592745707191E-017,-0.707106781186526));
#7744=DIRECTION('',(-1.,0.,0.));
#7745=DIRECTION('',(0.,0.,-1.));
#7746=DIRECTION('',(0.,0.,1.));
#7747=DIRECTION('',(0.,-1.,0.));
#7748=DIRECTION('',(-1.49966072182214E-032,-1.,1.22460635382238E-016));
#7749=DIRECTION('',(0.,-1.22460635382238E-016,-1.));
#7750=DIRECTION('',(0.,1.22460635382238E-016,1.));
#7751=DIRECTION('',(1.,-1.49966072182214E-032,1.83649404852124E-048));
#7752=DIRECTION('',(-1.,0.,-1.22460635382238E-016));
#7753=DIRECTION('',(1.22460635382238E-016,0.,-1.));
#7754=DIRECTION('',(-1.22460635382238E-016,0.,1.));
#7755=DIRECTION('',(0.,-1.,0.));
#7756=DIRECTION('',(-1.,0.,-1.22460635382238E-016));
#7757=DIRECTION('',(1.22460635382238E-016,0.,-1.));
#7758=DIRECTION('',(-1.22460635382238E-016,0.,1.));
#7759=DIRECTION('',(0.,-1.,0.));
#7760=DIRECTION('',(-1.49966072182214E-032,-1.,1.22460635382238E-016));
#7761=DIRECTION('',(0.,-1.22460635382238E-016,-1.));
#7762=DIRECTION('',(0.,1.22460635382238E-016,1.));
#7763=DIRECTION('',(1.,-1.49966072182214E-032,1.83649404852124E-048));
#7764=DIRECTION('',(1.,0.,0.));
#7765=DIRECTION('',(0.,0.,-1.));
#7766=DIRECTION('',(0.,0.,1.));
#7767=DIRECTION('',(0.,1.,0.));
#7768=DIRECTION('',(1.22460635382238E-016,1.22460635382238E-016,-1.));
#7769=DIRECTION('',(-0.499999999999948,-0.866025403784469,0.));
#7770=DIRECTION('',(-1.,-1.83649404852124E-048,-2.24898228057609E-064));
#7771=DIRECTION('',(-0.499999999999948,0.866025403784469,0.));
#7772=DIRECTION('',(-1.49966072188267E-032,1.22460635382358E-016,1.));
#7773=DIRECTION('',(-0.499999999999948,0.866025403784469,0.));
#7774=DIRECTION('',(-1.,4.46121207191062E-036,1.20898649017936E-059));
#7775=DIRECTION('',(-0.499999999999948,-0.866025403784469,0.));
#7776=DIRECTION('',(0.499999999999948,-0.866025403784469,0.));
#7777=DIRECTION('',(1.,1.64620641439991E-012,0.));
#7778=DIRECTION('',(0.499999999999948,0.866025403784469,0.));
#7779=DIRECTION('',(0.,-1.,1.22460635382358E-016));
#7780=DIRECTION('',(1.22460635382238E-016,-1.22460635382238E-016,-1.));
#7781=DIRECTION('',(0.499999999999948,-0.866025403784469,0.));
#7782=DIRECTION('',(0.499999999999948,0.866025403784469,0.));
#7783=DIRECTION('',(1.,-1.49966072182214E-032,1.83649404852124E-048));
#7784=DIRECTION('',(-1.49966072188267E-032,1.22460635382358E-016,1.));
#7785=DIRECTION('',(-0.499999999999948,0.866025403784469,0.));
#7786=DIRECTION('',(-1.,4.46121207191062E-036,1.20898649017936E-059));
#7787=DIRECTION('',(-0.499999999999948,-0.866025403784469,0.));
#7788=DIRECTION('',(0.,1.,-1.22460635382358E-016));
#7789=DIRECTION('',(0.499999999999948,-0.866025403784469,0.));
#7790=DIRECTION('',(1.,1.64620641439991E-012,0.));
#7791=DIRECTION('',(0.499999999999948,0.866025403784469,0.));
#7792=DIRECTION('',(-4.81002709739179E-055,-4.56295106051484E-029,1.));
#7793=DIRECTION('',(1.,-4.46121207191062E-036,-1.20898649017936E-059));
#7794=DIRECTION('',(-1.,-1.64620641439991E-012,0.));
#7795=DIRECTION('',(0.,1.,4.56295106051484E-029));
#7796=DIRECTION('',(8.65927457072157E-017,0.707106781186367,-0.707106781186728));
#7797=DIRECTION('',(0.57735026918932,0.577350269189961,0.577350269189596));
#7798=DIRECTION('',(0.577350269189427,-0.577350269189908,-0.577350269189542));
#7799=DIRECTION('',(-1.,6.12303176911189E-017,-6.12303176911501E-017));
#7800=DIRECTION('',(-1.,0.,-1.22460635382238E-016));
#7801=DIRECTION('',(1.22460635382238E-016,0.,-1.));
#7802=DIRECTION('',(0.,-1.,0.));
#7803=DIRECTION('',(1.,1.49966072182214E-032,1.83649404852124E-048));
#7804=DIRECTION('',(-1.83649404852124E-048,-2.75411799042743E-080,1.));
#7805=DIRECTION('',(-1.49966072182214E-032,1.,0.));
#7806=DIRECTION('',(0.707106781186569,8.6592745707191E-017,-0.707106781186526));
#7807=DIRECTION('',(-0.577350269189558,-0.577350269189718,-0.577350269189601));
#7808=DIRECTION('',(-6.12303176911189E-017,1.,6.12303176911152E-017));
#7809=DIRECTION('',(0.577350269189518,-0.577350269189839,0.577350269189521));
#7810=DIRECTION('',(-1.83649404852124E-048,1.,1.22460635382238E-016));
#7811=DIRECTION('',(-1.,-1.83649404852124E-048,-2.24898228057609E-064));
#7812=DIRECTION('',(0.,1.22460635382238E-016,-1.));
#7813=DIRECTION('',(1.49966072182214E-032,-1.,-1.22460635382238E-016));
#7814=DIRECTION('',(0.,-1.22460635382238E-016,1.));
#7815=DIRECTION('',(1.,1.49966072182214E-032,1.83649404852124E-048));
#7816=DIRECTION('',(0.707106781186569,8.6592745707191E-017,-0.707106781186526));
#7817=DIRECTION('',(-0.577350269189558,-0.577350269189718,-0.577350269189601));
#7818=DIRECTION('',(-6.12303176911189E-017,1.,6.12303176911152E-017));
#7819=DIRECTION('',(0.577350269189518,-0.577350269189839,0.577350269189521));
#7820=DIRECTION('',(-1.83649404852124E-048,1.,1.22460635382238E-016));
#7821=DIRECTION('',(-1.,-1.83649404852124E-048,-2.24898228057609E-064));
#7822=DIRECTION('',(0.,1.22460635382238E-016,-1.));
#7823=DIRECTION('',(1.49966072182214E-032,-1.,-1.22460635382238E-016));
#7824=DIRECTION('',(0.,-1.22460635382238E-016,1.));
#7825=DIRECTION('',(1.,1.49966072182214E-032,1.83649404852124E-048));
#7826=DIRECTION('',(8.65927457072157E-017,0.707106781186367,-0.707106781186728));
#7827=DIRECTION('',(0.57735026918932,0.577350269189961,0.577350269189596));
#7828=DIRECTION('',(0.577350269189427,-0.577350269189908,-0.577350269189542));
#7829=DIRECTION('',(-1.,6.12303176911189E-017,-6.12303176911501E-017));
#7830=DIRECTION('',(-1.,0.,-1.22460635382238E-016));
#7831=DIRECTION('',(1.22460635382238E-016,0.,-1.));
#7832=DIRECTION('',(0.,-1.,0.));
#7833=DIRECTION('',(1.,1.49966072182214E-032,1.83649404852124E-048));
#7834=DIRECTION('',(-1.83649404852124E-048,-2.75411799042743E-080,1.));
#7835=DIRECTION('',(-1.49966072182214E-032,1.,0.));
#7836=DIRECTION('',(-4.81002709739179E-055,-4.56295106051484E-029,1.));
#7837=DIRECTION('',(1.,-4.46121207191062E-036,-1.20898649017936E-059));
#7838=DIRECTION('',(0.,-1.,-4.56295106051484E-029));
#7839=DIRECTION('',(-1.,-1.64620641439991E-012,0.));
#7840=DIRECTION('',(-1.,0.,-1.22460635382238E-016));
#7841=DIRECTION('',(0.,0.,-1.));
#7842=DIRECTION('',(0.,0.,1.));
#7843=DIRECTION('',(0.,-1.,0.));
#7844=DIRECTION('',(1.,1.49966072182214E-032,1.83649404852124E-048));
#7845=DIRECTION('',(0.,0.,1.));
#7846=DIRECTION('',(-1.49966072182214E-032,1.,0.));
#7847=DIRECTION('',(0.,0.,-1.));
#7848=DIRECTION('',(1.,0.,0.));
#7849=DIRECTION('',(0.,0.,-1.));
#7850=DIRECTION('',(0.,-1.,0.));
#7851=DIRECTION('',(0.,0.,1.));
#7852=DIRECTION('',(0.707106781186569,-8.6592745707191E-017,-0.707106781186526));
#7853=DIRECTION('',(0.577350269189558,-0.577350269189718,0.577350269189601));
#7854=DIRECTION('',(6.12303176911189E-017,1.,-6.12303176911152E-017));
#7855=DIRECTION('',(1.22460635382238E-016,-1.22460635382238E-016,-1.));
#7856=DIRECTION('',(1.,0.,1.22460635382238E-016));
#7857=DIRECTION('',(-0.499999999999948,0.866025403784469,0.));
#7858=DIRECTION('',(-1.49966072182214E-032,-1.,1.22460635382238E-016));
#7859=DIRECTION('',(0.499999999999948,0.866025403784469,0.));
#7860=DIRECTION('',(-1.,0.,-1.22460635382238E-016));
#7861=DIRECTION('',(0.499999999999948,-0.866025403784469,0.));
#7862=DIRECTION('',(-0.499999999999948,-0.866025403784469,0.));
#7863=DIRECTION('',(1.49966072182214E-032,1.,-1.22460635382238E-016));
#7864=DIRECTION('',(-1.,0.,-1.22460635382238E-016));
#7865=DIRECTION('',(1.,0.,1.22460635382238E-016));
#7866=DIRECTION('',(1.49966072182214E-032,1.,-1.22460635382238E-016));
#7867=DIRECTION('',(-1.,0.,-1.22460635382238E-016));
#7868=DIRECTION('',(-0.707106781186569,-8.6592745707191E-017,-0.707106781186526));
#7869=DIRECTION('',(0.577350269189558,0.577350269189718,-0.577350269189601));
#7870=DIRECTION('',(-1.83649404852124E-048,1.,-1.22460635382238E-016));
#7871=DIRECTION('',(-1.,-1.83649404852124E-048,2.24898228057609E-064));
#7872=DIRECTION('',(8.65927457072033E-017,0.707106781186468,-0.707106781186627));
#7873=DIRECTION('',(0.577350269189559,-0.577350269189719,-0.577350269189599));
#7874=DIRECTION('',(8.65927457072157E-017,-0.707106781186367,-0.707106781186728));
#7875=DIRECTION('',(-0.577350269189507,-0.577350269189828,0.577350269189542));
#7876=DIRECTION('',(1.,1.49966072182214E-032,1.83649404852124E-048));
#7877=DIRECTION('',(-1.49966072182214E-032,1.,0.));
#7878=DIRECTION('',(8.65927457072033E-017,0.707106781186468,-0.707106781186627));
#7879=DIRECTION('',(-1.,6.12303176911189E-017,-6.12303176911326E-017));
#7880=DIRECTION('',(0.577350269189559,-0.577350269189719,-0.577350269189599));
#7881=DIRECTION('',(8.65927457072157E-017,-0.707106781186367,-0.707106781186728));
#7882=DIRECTION('',(1.,6.12303176911189E-017,6.12303176911501E-017));
#7883=DIRECTION('',(-0.577350269189507,-0.577350269189828,0.577350269189542));
#7884=DIRECTION('',(1.22460635382238E-016,-1.22460635382238E-016,-1.));
#7885=DIRECTION('',(1.,0.,1.22460635382238E-016));
#7886=DIRECTION('',(-0.499999999999948,0.866025403784469,0.));
#7887=DIRECTION('',(0.499999999999948,0.866025403784469,0.));
#7888=DIRECTION('',(-1.,0.,-1.22460635382238E-016));
#7889=DIRECTION('',(0.499999999999948,-0.866025403784469,0.));
#7890=DIRECTION('',(1.49966072182214E-032,1.,-1.22460635382238E-016));
#7891=DIRECTION('',(-0.499999999999948,-0.866025403784469,0.));
#7892=DIRECTION('',(1.49966072182214E-032,1.,-1.22460635382238E-016));
#7893=DIRECTION('',(-1.,0.,-1.22460635382238E-016));
#7894=DIRECTION('',(-1.49966072182214E-032,-1.,1.22460635382238E-016));
#7895=DIRECTION('',(1.49966072182214E-032,1.,-1.22460635382238E-016));
#7896=DIRECTION('',(1.,1.49966072182214E-032,1.83649404852124E-048));
#7897=DIRECTION('',(-1.49966072182214E-032,1.,0.));
#7898=DIRECTION('',(0.707106781186569,-8.6592745707191E-017,-0.707106781186526));
#7899=DIRECTION('',(0.577350269189558,-0.577350269189718,0.577350269189601));
#7900=DIRECTION('',(-0.707106781186569,-8.6592745707191E-017,-0.707106781186526));
#7901=DIRECTION('',(0.577350269189558,0.577350269189718,-0.577350269189601));
#7902=DIRECTION('',(-1.83649404852124E-048,1.,-1.22460635382238E-016));
#7903=DIRECTION('',(-1.,-1.83649404852124E-048,2.24898228057609E-064));
#7904=DIRECTION('',(-1.,0.,0.));
#7905=DIRECTION('',(0.,0.,-1.));
#7906=DIRECTION('',(0.,1.,0.));
#7907=DIRECTION('',(0.,0.,1.));
#7908=DIRECTION('',(-2.1256529481055E-079,3.56173474553146E-053,1.));
#7909=DIRECTION('',(-1.,-1.49966072182214E-032,-1.83649404852124E-048));
#7910=DIRECTION('',(0.,1.,-3.56173474553146E-053));
#7911=DIRECTION('',(1.,1.83649404852124E-048,2.24898228057609E-064));
#7912=DIRECTION('',(1.49966072182214E-032,-1.,0.));
#7913=DIRECTION('',(1.49966072182214E-032,-1.,0.));
#7914=DIRECTION('',(-1.,-7.57101196220873E-132,-2.1256529481055E-079));
#7915=DIRECTION('',(0.,1.,0.));
#7916=DIRECTION('',(1.,1.83649404852124E-048,-2.24898228057609E-064));
#7917=DIRECTION('',(1.,1.83649404852124E-048,2.24898228057609E-064));
#7918=DIRECTION('',(0.499999999999948,0.866025403784469,0.));
#7919=DIRECTION('',(-0.499999999999948,0.866025403784469,0.));
#7920=DIRECTION('',(-1.,1.49966072182214E-032,-1.83649404852124E-048));
#7921=DIRECTION('',(-0.499999999999948,-0.866025403784469,0.));
#7922=DIRECTION('',(0.,1.,-3.56173474553146E-053));
#7923=DIRECTION('',(0.499999999999948,-0.866025403784469,0.));
#7924=DIRECTION('',(8.65927457072032E-017,-0.707106781186468,-0.707106781186627));
#7925=DIRECTION('',(1.49966072182214E-032,-1.,-1.22460635382238E-016));
#7926=DIRECTION('',(0.,0.,1.));
#7927=DIRECTION('',(1.,1.49966072182214E-032,1.83649404852124E-048));
#7928=DIRECTION('',(0.,0.,-1.));
#7929=DIRECTION('',(-1.83649404852124E-048,1.,-1.22460635382238E-016));
#7930=DIRECTION('',(0.,0.,-1.));
#7931=DIRECTION('',(0.,0.,1.));
#7932=DIRECTION('',(-1.,-1.83649404852124E-048,2.24898228057609E-064));
#7933=DIRECTION('',(-1.,0.,-1.22460635382238E-016));
#7934=DIRECTION('',(0.,0.,-1.));
#7935=DIRECTION('',(0.,1.,0.));
#7936=DIRECTION('',(0.,0.,1.));
#7937=DIRECTION('',(-0.707106781186569,8.6592745707191E-017,-0.707106781186526));
#7938=DIRECTION('',(-0.707106781186569,8.6592745707191E-017,-0.707106781186526));
#7939=DIRECTION('',(1.49966072182214E-032,-1.,-1.22460635382238E-016));
#7940=DIRECTION('',(0.,0.,1.));
#7941=DIRECTION('',(1.,1.49966072182214E-032,1.83649404852124E-048));
#7942=DIRECTION('',(0.,0.,-1.));
#7943=DIRECTION('',(1.,1.49966072182214E-032,1.83649404852124E-048));
#7944=DIRECTION('',(0.,0.,1.));
#7945=DIRECTION('',(0.,0.,-1.));
#7946=DIRECTION('',(1.49966072182214E-032,-1.,0.));
#7947=DIRECTION('',(-1.83649404852124E-048,1.,-1.22460635382238E-016));
#7948=DIRECTION('',(0.,0.,-1.));
#7949=DIRECTION('',(0.,0.,1.));
#7950=DIRECTION('',(-1.,-1.83649404852124E-048,2.24898228057609E-064));
#7951=DIRECTION('',(8.65927457072032E-017,-0.707106781186468,-0.707106781186627));
#7952=DIRECTION('',(-2.1256529481055E-079,3.56173474553146E-053,1.));
#7953=DIRECTION('',(-1.,-1.49966072182214E-032,-1.83649404852124E-048));
#7954=DIRECTION('',(0.,1.,-3.56173474553146E-053));
#7955=DIRECTION('',(1.,1.83649404852124E-048,2.24898228057609E-064));
#7956=DIRECTION('',(1.49966072182214E-032,-1.,0.));
#7957=DIRECTION('',(1.49966072182214E-032,-1.,0.));
#7958=DIRECTION('',(-1.,-7.57101196220873E-132,-2.1256529481055E-079));
#7959=DIRECTION('',(0.,1.,0.));
#7960=DIRECTION('',(1.,1.83649404852124E-048,-2.24898228057609E-064));
#7961=DIRECTION('',(1.,1.83649404852124E-048,2.24898228057609E-064));
#7962=DIRECTION('',(0.499999999999948,0.866025403784469,0.));
#7963=DIRECTION('',(0.,-1.,3.56173474553146E-053));
#7964=DIRECTION('',(-0.499999999999948,0.866025403784469,0.));
#7965=DIRECTION('',(-1.,1.49966072182214E-032,-1.83649404852124E-048));
#7966=DIRECTION('',(-0.499999999999948,-0.866025403784469,0.));
#7967=DIRECTION('',(0.499999999999948,-0.866025403784469,0.));
#7968=DIRECTION('',(-1.,0.,-1.22460635382238E-016));
#7969=DIRECTION('',(1.22460635382238E-016,0.,-1.));
#7970=DIRECTION('',(-1.22460635382238E-016,0.,1.));
#7971=DIRECTION('',(0.,-1.,0.));
#7972=DIRECTION('',(-1.49966072182214E-032,-1.,1.22460635382238E-016));
#7973=DIRECTION('',(0.,-1.22460635382238E-016,-1.));
#7974=DIRECTION('',(0.,1.22460635382238E-016,1.));
#7975=DIRECTION('',(1.,-1.49966072182214E-032,1.83649404852124E-048));
#7976=DIRECTION('',(-1.,0.,0.));
#7977=DIRECTION('',(0.,0.,-1.));
#7978=DIRECTION('',(0.,0.,1.));
#7979=DIRECTION('',(0.,-1.,0.));
#7980=DIRECTION('',(1.22460635382238E-016,1.22460635382238E-016,-1.));
#7981=DIRECTION('',(-0.499999999999948,-0.866025403784469,0.));
#7982=DIRECTION('',(-1.,-1.83649404852124E-048,-2.24898228057609E-064));
#7983=DIRECTION('',(-0.499999999999948,0.866025403784469,0.));
#7984=DIRECTION('',(1.22460635382238E-016,-1.22460635382238E-016,-1.));
#7985=DIRECTION('',(0.499999999999948,-0.866025403784469,0.));
#7986=DIRECTION('',(0.499999999999948,0.866025403784469,0.));
#7987=DIRECTION('',(1.,-1.49966072182214E-032,1.83649404852124E-048));
#7988=DIRECTION('',(-1.49966072188267E-032,1.22460635382358E-016,1.));
#7989=DIRECTION('',(-0.499999999999948,0.866025403784469,0.));
#7990=DIRECTION('',(-1.,4.46121207191062E-036,1.20898649017936E-059));
#7991=DIRECTION('',(-0.499999999999948,-0.866025403784469,0.));
#7992=DIRECTION('',(0.,1.,-1.22460635382358E-016));
#7993=DIRECTION('',(0.499999999999948,-0.866025403784469,0.));
#7994=DIRECTION('',(1.,1.64620641439991E-012,0.));
#7995=DIRECTION('',(0.499999999999948,0.866025403784469,0.));
#7996=DIRECTION('',(1.22460635382238E-016,1.22460635382238E-016,-1.));
#7997=DIRECTION('',(-0.499999999999948,-0.866025403784469,0.));
#7998=DIRECTION('',(-1.,-1.83649404852124E-048,-2.24898228057609E-064));
#7999=DIRECTION('',(-0.499999999999948,0.866025403784469,0.));
#8000=DIRECTION('',(-1.49966072188267E-032,1.22460635382358E-016,1.));
#8001=DIRECTION('',(-0.499999999999948,0.866025403784469,0.));
#8002=DIRECTION('',(-1.,4.46121207191062E-036,1.20898649017936E-059));
#8003=DIRECTION('',(-0.499999999999948,-0.866025403784469,0.));
#8004=DIRECTION('',(0.499999999999948,-0.866025403784469,0.));
#8005=DIRECTION('',(1.,1.64620641439991E-012,0.));
#8006=DIRECTION('',(0.499999999999948,0.866025403784469,0.));
#8007=DIRECTION('',(0.,-1.,1.22460635382358E-016));
#8008=DIRECTION('',(1.22460635382238E-016,-1.22460635382238E-016,-1.));
#8009=DIRECTION('',(0.499999999999948,-0.866025403784469,0.));
#8010=DIRECTION('',(0.499999999999948,0.866025403784469,0.));
#8011=DIRECTION('',(1.,-1.49966072182214E-032,1.83649404852124E-048));
#8012=DIRECTION('',(-1.,0.,-1.22460635382238E-016));
#8013=DIRECTION('',(1.22460635382238E-016,0.,-1.));
#8014=DIRECTION('',(-1.22460635382238E-016,0.,1.));
#8015=DIRECTION('',(0.,-1.,0.));
#8016=DIRECTION('',(-1.49966072182214E-032,-1.,1.22460635382238E-016));
#8017=DIRECTION('',(0.,-1.22460635382238E-016,-1.));
#8018=DIRECTION('',(0.,1.22460635382238E-016,1.));
#8019=DIRECTION('',(1.,-1.49966072182214E-032,1.83649404852124E-048));
#8020=DIRECTION('',(1.,0.,0.));
#8021=DIRECTION('',(0.,0.,-1.));
#8022=DIRECTION('',(0.,0.,1.));
#8023=DIRECTION('',(0.,1.,0.));
#8024=DIRECTION('',(0.707106781186569,8.6592745707191E-017,-0.707106781186526));
#8025=DIRECTION('',(-0.577350269189625,-0.577350269189625,-0.577350269189627));
#8026=DIRECTION('',(-6.12303176911189E-017,1.,6.12303176911152E-017));
#8027=DIRECTION('',(0.577350269189505,-0.577350269189825,0.577350269189547));
#8028=DIRECTION('',(-1.83649404852124E-048,1.,1.22460635382238E-016));
#8029=DIRECTION('',(-1.,-1.83649404852124E-048,-2.24898228057609E-064));
#8030=DIRECTION('',(0.,1.22460635382238E-016,-1.));
#8031=DIRECTION('',(1.49966072182214E-032,-1.,-1.22460635382238E-016));
#8032=DIRECTION('',(0.,-1.22460635382238E-016,1.));
#8033=DIRECTION('',(1.,1.49966072182214E-032,1.83649404852124E-048));
#8034=DIRECTION('',(8.65927457072157E-017,0.707106781186367,-0.707106781186728));
#8035=DIRECTION('',(0.577350269189427,0.577350269189908,0.577350269189542));
#8036=DIRECTION('',(0.577350269189427,-0.577350269189908,-0.577350269189542));
#8037=DIRECTION('',(-1.,6.12303176911189E-017,-6.12303176911501E-017));
#8038=DIRECTION('',(-1.,0.,-1.22460635382238E-016));
#8039=DIRECTION('',(1.22460635382238E-016,0.,-1.));
#8040=DIRECTION('',(0.,-1.,0.));
#8041=DIRECTION('',(1.,1.49966072182214E-032,1.83649404852124E-048));
#8042=DIRECTION('',(-1.83649404852124E-048,-2.75411799042743E-080,1.));
#8043=DIRECTION('',(-1.49966072182214E-032,1.,0.));
#8044=DIRECTION('',(-4.81002709739179E-055,-4.56295106051484E-029,1.));
#8045=DIRECTION('',(1.,-4.46121207191062E-036,-1.20898649017936E-059));
#8046=DIRECTION('',(-1.,-1.64620641439991E-012,0.));
#8047=DIRECTION('',(0.,1.,4.56295106051484E-029));
#8048=DIRECTION('',(1.,1.49966072182214E-032,1.83649404852124E-048));
#8049=DIRECTION('',(0.,0.,1.));
#8050=DIRECTION('',(-1.49966072182214E-032,1.,0.));
#8051=DIRECTION('',(0.,0.,-1.));
#8052=DIRECTION('',(-1.,0.,-1.22460635382238E-016));
#8053=DIRECTION('',(0.,0.,-1.));
#8054=DIRECTION('',(0.,0.,1.));
#8055=DIRECTION('',(0.,-1.,0.));
#8056=DIRECTION('',(0.707106781186569,8.6592745707191E-017,-0.707106781186526));
#8057=DIRECTION('',(-0.577350269189638,-0.577350269189638,-0.577350269189601));
#8058=DIRECTION('',(-6.12303176911189E-017,1.,6.12303176911152E-017));
#8059=DIRECTION('',(0.577350269189518,-0.577350269189839,0.577350269189521));
#8060=DIRECTION('',(-1.83649404852124E-048,1.,1.22460635382238E-016));
#8061=DIRECTION('',(-1.,-1.83649404852124E-048,-2.24898228057609E-064));
#8062=DIRECTION('',(0.,1.22460635382238E-016,-1.));
#8063=DIRECTION('',(1.49966072182214E-032,-1.,-1.22460635382238E-016));
#8064=DIRECTION('',(0.,-1.22460635382238E-016,1.));
#8065=DIRECTION('',(1.,1.49966072182214E-032,1.83649404852124E-048));
#8066=DIRECTION('',(8.65927457072157E-017,0.707106781186367,-0.707106781186728));
#8067=DIRECTION('',(0.57735026918932,0.577350269189961,0.577350269189596));
#8068=DIRECTION('',(0.577350269189534,-0.577350269189854,-0.577350269189489));
#8069=DIRECTION('',(-1.,6.12303176911189E-017,-6.12303176911501E-017));
#8070=DIRECTION('',(-1.,0.,-1.22460635382238E-016));
#8071=DIRECTION('',(1.22460635382238E-016,0.,-1.));
#8072=DIRECTION('',(0.,-1.,0.));
#8073=DIRECTION('',(1.,1.49966072182214E-032,1.83649404852124E-048));
#8074=DIRECTION('',(-1.83649404852124E-048,-2.75411799042743E-080,1.));
#8075=DIRECTION('',(-1.49966072182214E-032,1.,0.));
#8076=DIRECTION('',(-4.81002709739179E-055,-4.56295106051484E-029,1.));
#8077=DIRECTION('',(1.,-4.46121207191062E-036,-1.20898649017936E-059));
#8078=DIRECTION('',(0.,-1.,-4.56295106051484E-029));
#8079=DIRECTION('',(-1.,-1.64620641439991E-012,0.));
#8080=DIRECTION('',(8.65927457072033E-017,0.707106781186468,-0.707106781186627));
#8081=DIRECTION('',(-1.,6.12303176911189E-017,-6.12303176911326E-017));
#8082=DIRECTION('',(0.577350269189559,-0.577350269189719,-0.577350269189599));
#8083=DIRECTION('',(8.65927457072157E-017,-0.707106781186367,-0.707106781186728));
#8084=DIRECTION('',(1.,6.12303176911189E-017,6.12303176911501E-017));
#8085=DIRECTION('',(-0.577350269189507,-0.577350269189828,0.577350269189542));
#8086=DIRECTION('',(1.22460635382238E-016,-1.22460635382238E-016,-1.));
#8087=DIRECTION('',(1.,0.,1.22460635382238E-016));
#8088=DIRECTION('',(-0.499999999999948,0.866025403784469,0.));
#8089=DIRECTION('',(-1.49966072182214E-032,-1.,1.22460635382238E-016));
#8090=DIRECTION('',(0.499999999999948,0.866025403784469,0.));
#8091=DIRECTION('',(-1.,0.,-1.22460635382238E-016));
#8092=DIRECTION('',(0.499999999999948,-0.866025403784469,0.));
#8093=DIRECTION('',(-0.499999999999948,-0.866025403784469,0.));
#8094=DIRECTION('',(1.49966072182214E-032,1.,-1.22460635382238E-016));
#8095=DIRECTION('',(-1.,0.,-1.22460635382238E-016));
#8096=DIRECTION('',(-1.49966072182214E-032,-1.,1.22460635382238E-016));
#8097=DIRECTION('',(1.49966072182214E-032,1.,-1.22460635382238E-016));
#8098=DIRECTION('',(1.,1.49966072182214E-032,1.83649404852124E-048));
#8099=DIRECTION('',(-1.49966072182214E-032,1.,0.));
#8100=DIRECTION('',(0.707106781186569,-8.6592745707191E-017,-0.707106781186526));
#8101=DIRECTION('',(0.577350269189625,-0.577350269189625,0.577350269189627));
#8102=DIRECTION('',(-0.707106781186569,-8.6592745707191E-017,-0.707106781186526));
#8103=DIRECTION('',(0.577350269189638,0.577350269189638,-0.577350269189601));
#8104=DIRECTION('',(-1.83649404852124E-048,1.,-1.22460635382238E-016));
#8105=DIRECTION('',(-1.,-1.83649404852124E-048,2.24898228057609E-064));
#8106=DIRECTION('',(1.,0.,0.));
#8107=DIRECTION('',(0.,0.,-1.));
#8108=DIRECTION('',(0.,-1.,0.));
#8109=DIRECTION('',(0.,0.,1.));
#8110=DIRECTION('',(1.22460635382238E-016,-1.22460635382238E-016,-1.));
#8111=DIRECTION('',(1.,0.,1.22460635382238E-016));
#8112=DIRECTION('',(-0.499999999999948,0.866025403784469,0.));
#8113=DIRECTION('',(0.499999999999948,0.866025403784469,0.));
#8114=DIRECTION('',(-1.,0.,-1.22460635382238E-016));
#8115=DIRECTION('',(0.499999999999948,-0.866025403784469,0.));
#8116=DIRECTION('',(1.49966072182214E-032,1.,-1.22460635382238E-016));
#8117=DIRECTION('',(-0.499999999999948,-0.866025403784469,0.));
#8118=DIRECTION('',(1.49966072182214E-032,1.,-1.22460635382238E-016));
#8119=DIRECTION('',(-1.,0.,-1.22460635382238E-016));
#8120=DIRECTION('',(-1.49966072182214E-032,-1.,1.22460635382238E-016));
#8121=DIRECTION('',(1.,0.,1.22460635382238E-016));
#8122=DIRECTION('',(1.49966072182214E-032,1.,-1.22460635382238E-016));
#8123=DIRECTION('',(-1.,0.,-1.22460635382238E-016));
#8124=DIRECTION('',(8.65927457072033E-017,0.707106781186468,-0.707106781186627));
#8125=DIRECTION('',(0.577350269189666,-0.577350269189666,-0.577350269189546));
#8126=DIRECTION('',(8.65927457072157E-017,-0.707106781186367,-0.707106781186728));
#8127=DIRECTION('',(-0.577350269189614,-0.577350269189774,0.577350269189489));
#8128=DIRECTION('',(1.,1.49966072182214E-032,1.83649404852124E-048));
#8129=DIRECTION('',(-1.49966072182214E-032,1.,0.));
#8130=DIRECTION('',(0.707106781186569,-8.6592745707191E-017,-0.707106781186526));
#8131=DIRECTION('',(0.577350269189638,-0.577350269189638,0.577350269189601));
#8132=DIRECTION('',(-0.707106781186569,-8.6592745707191E-017,-0.707106781186526));
#8133=DIRECTION('',(0.577350269189625,0.577350269189625,-0.577350269189627));
#8134=DIRECTION('',(-1.83649404852124E-048,1.,-1.22460635382238E-016));
#8135=DIRECTION('',(-1.,-1.83649404852124E-048,2.24898228057609E-064));
#8136=DIRECTION('',(-1.,0.,0.));
#8137=DIRECTION('',(0.,0.,-1.));
#8138=DIRECTION('',(0.,1.,0.));
#8139=DIRECTION('',(0.,0.,1.));
#8140=DIRECTION('',(-0.707106781186569,8.6592745707191E-017,-0.707106781186526));
#8141=DIRECTION('',(1.49966072182214E-032,-1.,-1.22460635382238E-016));
#8142=DIRECTION('',(0.,0.,1.));
#8143=DIRECTION('',(1.,1.49966072182214E-032,1.83649404852124E-048));
#8144=DIRECTION('',(0.,0.,-1.));
#8145=DIRECTION('',(-1.83649404852124E-048,1.,-1.22460635382238E-016));
#8146=DIRECTION('',(0.,0.,-1.));
#8147=DIRECTION('',(0.,0.,1.));
#8148=DIRECTION('',(-1.,-1.83649404852124E-048,2.24898228057609E-064));
#8149=DIRECTION('',(-1.,0.,-1.22460635382238E-016));
#8150=DIRECTION('',(0.,0.,-1.));
#8151=DIRECTION('',(0.,1.,0.));
#8152=DIRECTION('',(0.,0.,1.));
#8153=DIRECTION('',(8.65927457072032E-017,-0.707106781186468,-0.707106781186627));
#8154=DIRECTION('',(-2.1256529481055E-079,3.56173474553146E-053,1.));
#8155=DIRECTION('',(-1.,-1.49966072182214E-032,-1.83649404852124E-048));
#8156=DIRECTION('',(0.,1.,-3.56173474553146E-053));
#8157=DIRECTION('',(1.,1.83649404852124E-048,2.24898228057609E-064));
#8158=DIRECTION('',(1.49966072182214E-032,-1.,0.));
#8159=DIRECTION('',(1.49966072182214E-032,-1.,0.));
#8160=DIRECTION('',(-1.,-7.57101196220873E-132,-2.1256529481055E-079));
#8161=DIRECTION('',(0.,1.,0.));
#8162=DIRECTION('',(1.,1.83649404852124E-048,-2.24898228057609E-064));
#8163=DIRECTION('',(-1.,1.49966072182214E-032,-1.83649404852124E-048));
#8164=DIRECTION('',(-0.499999999999948,-0.866025403784469,0.));
#8165=DIRECTION('',(0.,1.,-3.56173474553146E-053));
#8166=DIRECTION('',(0.499999999999948,-0.866025403784469,0.));
#8167=DIRECTION('',(1.,1.83649404852124E-048,2.24898228057609E-064));
#8168=DIRECTION('',(0.499999999999948,0.866025403784469,0.));
#8169=DIRECTION('',(-0.499999999999948,0.866025403784469,0.));
#8170=DIRECTION('',(1.49966072182214E-032,-1.,-1.22460635382238E-016));
#8171=DIRECTION('',(0.,0.,1.));
#8172=DIRECTION('',(1.,1.49966072182214E-032,1.83649404852124E-048));
#8173=DIRECTION('',(0.,0.,-1.));
#8174=DIRECTION('',(1.,1.49966072182214E-032,1.83649404852124E-048));
#8175=DIRECTION('',(0.,0.,1.));
#8176=DIRECTION('',(0.,0.,-1.));
#8177=DIRECTION('',(1.49966072182214E-032,-1.,0.));
#8178=DIRECTION('',(-1.83649404852124E-048,1.,-1.22460635382238E-016));
#8179=DIRECTION('',(0.,0.,-1.));
#8180=DIRECTION('',(0.,0.,1.));
#8181=DIRECTION('',(-1.,-1.83649404852124E-048,2.24898228057609E-064));
#8182=DIRECTION('',(8.65927457072032E-017,-0.707106781186468,-0.707106781186627));
#8183=DIRECTION('',(-0.707106781186569,8.6592745707191E-017,-0.707106781186526));
#8184=DIRECTION('',(-2.1256529481055E-079,3.56173474553146E-053,1.));
#8185=DIRECTION('',(-1.,1.49966072182214E-032,-1.83649404852124E-048));
#8186=DIRECTION('',(-0.499999999999948,-0.866025403784469,0.));
#8187=DIRECTION('',(0.499999999999948,-0.866025403784469,0.));
#8188=DIRECTION('',(1.,1.83649404852124E-048,2.24898228057609E-064));
#8189=DIRECTION('',(0.499999999999948,0.866025403784469,0.));
#8190=DIRECTION('',(0.,-1.,3.56173474553146E-053));
#8191=DIRECTION('',(-0.499999999999948,0.866025403784469,0.));
#8192=DIRECTION('',(1.49966072182214E-032,-1.,0.));
#8193=DIRECTION('',(-1.,-7.57101196220873E-132,-2.1256529481055E-079));
#8194=DIRECTION('',(0.,1.,0.));
#8195=DIRECTION('',(1.,1.83649404852124E-048,-2.24898228057609E-064));
#8196=DIRECTION('',(-1.,-1.49966072182214E-032,-1.83649404852124E-048));
#8197=DIRECTION('',(0.,1.,-3.56173474553146E-053));
#8198=DIRECTION('',(1.,1.83649404852124E-048,2.24898228057609E-064));
#8199=DIRECTION('',(1.49966072182214E-032,-1.,0.));
#8200=DIRECTION('',(1.22460635382238E-016,1.22460635382238E-016,-1.));
#8201=DIRECTION('',(-0.499999999999948,-0.866025403784469,0.));
#8202=DIRECTION('',(-1.,-1.83649404852124E-048,-2.24898228057609E-064));
#8203=DIRECTION('',(-0.499999999999948,0.866025403784469,0.));
#8204=DIRECTION('',(1.22460635382238E-016,-1.22460635382238E-016,-1.));
#8205=DIRECTION('',(0.499999999999948,-0.866025403784469,0.));
#8206=DIRECTION('',(0.499999999999948,0.866025403784469,0.));
#8207=DIRECTION('',(1.,-1.49966072182214E-032,1.83649404852124E-048));
#8208=DIRECTION('',(-1.49966072188267E-032,1.22460635382358E-016,1.));
#8209=DIRECTION('',(-0.499999999999948,0.866025403784469,0.));
#8210=DIRECTION('',(-1.,4.46121207191062E-036,1.20898649017936E-059));
#8211=DIRECTION('',(-0.499999999999948,-0.866025403784469,0.));
#8212=DIRECTION('',(0.,1.,-1.22460635382358E-016));
#8213=DIRECTION('',(0.499999999999948,-0.866025403784469,0.));
#8214=DIRECTION('',(1.,1.64620641439991E-012,0.));
#8215=DIRECTION('',(0.499999999999948,0.866025403784469,0.));
#8216=DIRECTION('',(-1.,0.,-1.22460635382238E-016));
#8217=DIRECTION('',(1.22460635382238E-016,0.,-1.));
#8218=DIRECTION('',(-1.22460635382238E-016,0.,1.));
#8219=DIRECTION('',(0.,-1.,0.));
#8220=DIRECTION('',(-1.49966072182214E-032,-1.,1.22460635382238E-016));
#8221=DIRECTION('',(0.,-1.22460635382238E-016,-1.));
#8222=DIRECTION('',(0.,1.22460635382238E-016,1.));
#8223=DIRECTION('',(1.,-1.49966072182214E-032,1.83649404852124E-048));
#8224=DIRECTION('',(-1.,0.,0.));
#8225=DIRECTION('',(0.,0.,-1.));
#8226=DIRECTION('',(0.,0.,1.));
#8227=DIRECTION('',(0.,-1.,0.));
#8228=DIRECTION('',(1.22460635382238E-016,1.22460635382238E-016,-1.));
#8229=DIRECTION('',(-0.499999999999948,-0.866025403784469,0.));
#8230=DIRECTION('',(-1.,-1.83649404852124E-048,-2.24898228057609E-064));
#8231=DIRECTION('',(-0.499999999999948,0.866025403784469,0.));
#8232=DIRECTION('',(-1.49966072188267E-032,1.22460635382358E-016,1.));
#8233=DIRECTION('',(-0.499999999999948,0.866025403784469,0.));
#8234=DIRECTION('',(-1.,4.46121207191062E-036,1.20898649017936E-059));
#8235=DIRECTION('',(-0.499999999999948,-0.866025403784469,0.));
#8236=DIRECTION('',(0.499999999999948,-0.866025403784469,0.));
#8237=DIRECTION('',(1.,1.64620641439991E-012,0.));
#8238=DIRECTION('',(0.499999999999948,0.866025403784469,0.));
#8239=DIRECTION('',(0.,-1.,1.22460635382358E-016));
#8240=DIRECTION('',(1.22460635382238E-016,-1.22460635382238E-016,-1.));
#8241=DIRECTION('',(0.499999999999948,-0.866025403784469,0.));
#8242=DIRECTION('',(0.499999999999948,0.866025403784469,0.));
#8243=DIRECTION('',(1.,-1.49966072182214E-032,1.83649404852124E-048));
#8244=DIRECTION('',(1.,0.,0.));
#8245=DIRECTION('',(0.,0.,-1.));
#8246=DIRECTION('',(0.,0.,1.));
#8247=DIRECTION('',(0.,1.,0.));
#8248=DIRECTION('',(-1.49966072182214E-032,-1.,1.22460635382238E-016));
#8249=DIRECTION('',(0.,-1.22460635382238E-016,-1.));
#8250=DIRECTION('',(0.,1.22460635382238E-016,1.));
#8251=DIRECTION('',(1.,-1.49966072182214E-032,1.83649404852124E-048));
#8252=DIRECTION('',(-1.,0.,-1.22460635382238E-016));
#8253=DIRECTION('',(1.22460635382238E-016,0.,-1.));
#8254=DIRECTION('',(-1.22460635382238E-016,0.,1.));
#8255=DIRECTION('',(0.,-1.,0.));
#8256=DIRECTION('',(1.,1.49966072182214E-032,1.83649404852124E-048));
#8257=DIRECTION('',(0.,0.,1.));
#8258=DIRECTION('',(-1.49966072182214E-032,1.,0.));
#8259=DIRECTION('',(0.,0.,-1.));
#8260=DIRECTION('',(0.707106781186569,8.6592745707191E-017,-0.707106781186526));
#8261=DIRECTION('',(-0.577350269189638,-0.577350269189638,-0.577350269189601));
#8262=DIRECTION('',(-6.12303176911189E-017,1.,6.12303176911152E-017));
#8263=DIRECTION('',(0.577350269189518,-0.577350269189839,0.577350269189521));
#8264=DIRECTION('',(-1.83649404852124E-048,1.,1.22460635382238E-016));
#8265=DIRECTION('',(-1.,-1.83649404852124E-048,-2.24898228057609E-064));
#8266=DIRECTION('',(0.,1.22460635382238E-016,-1.));
#8267=DIRECTION('',(1.49966072182214E-032,-1.,-1.22460635382238E-016));
#8268=DIRECTION('',(0.,-1.22460635382238E-016,1.));
#8269=DIRECTION('',(1.,1.49966072182214E-032,1.83649404852124E-048));
#8270=DIRECTION('',(8.65927457072157E-017,0.707106781186367,-0.707106781186728));
#8271=DIRECTION('',(0.57735026918932,0.577350269189961,0.577350269189596));
#8272=DIRECTION('',(0.577350269189534,-0.577350269189854,-0.577350269189489));
#8273=DIRECTION('',(-1.,6.12303176911189E-017,-6.12303176911501E-017));
#8274=DIRECTION('',(-1.,0.,-1.22460635382238E-016));
#8275=DIRECTION('',(1.22460635382238E-016,0.,-1.));
#8276=DIRECTION('',(0.,-1.,0.));
#8277=DIRECTION('',(1.,1.49966072182214E-032,1.83649404852124E-048));
#8278=DIRECTION('',(-1.83649404852124E-048,-2.75411799042743E-080,1.));
#8279=DIRECTION('',(-1.49966072182214E-032,1.,0.));
#8280=DIRECTION('',(-4.81002709739179E-055,-4.56295106051484E-029,1.));
#8281=DIRECTION('',(1.,-4.46121207191062E-036,-1.20898649017936E-059));
#8282=DIRECTION('',(-1.,-1.64620641439991E-012,0.));
#8283=DIRECTION('',(0.,1.,4.56295106051484E-029));
#8284=DIRECTION('',(-1.,0.,-1.22460635382238E-016));
#8285=DIRECTION('',(0.,0.,-1.));
#8286=DIRECTION('',(0.,0.,1.));
#8287=DIRECTION('',(0.,-1.,0.));
#8288=DIRECTION('',(-4.81002709739179E-055,-4.56295106051484E-029,1.));
#8289=DIRECTION('',(1.,-4.46121207191062E-036,-1.20898649017936E-059));
#8290=DIRECTION('',(0.,-1.,-4.56295106051484E-029));
#8291=DIRECTION('',(-1.,-1.64620641439991E-012,0.));
#8292=DIRECTION('',(8.65927457072157E-017,0.707106781186367,-0.707106781186728));
#8293=DIRECTION('',(0.577350269189427,0.577350269189908,0.577350269189542));
#8294=DIRECTION('',(0.57735026918932,-0.577350269189961,-0.577350269189596));
#8295=DIRECTION('',(-1.,6.12303176911189E-017,-6.12303176911501E-017));
#8296=DIRECTION('',(-1.,0.,-1.22460635382238E-016));
#8297=DIRECTION('',(1.22460635382238E-016,0.,-1.));
#8298=DIRECTION('',(0.,-1.,0.));
#8299=DIRECTION('',(1.,1.49966072182214E-032,1.83649404852124E-048));
#8300=DIRECTION('',(-1.83649404852124E-048,-2.75411799042743E-080,1.));
#8301=DIRECTION('',(-1.49966072182214E-032,1.,0.));
#8302=DIRECTION('',(0.707106781186569,8.6592745707191E-017,-0.707106781186526));
#8303=DIRECTION('',(-0.577350269189692,-0.577350269189531,-0.577350269189654));
#8304=DIRECTION('',(-6.12303176911189E-017,1.,6.12303176911152E-017));
#8305=DIRECTION('',(0.577350269189585,-0.577350269189745,0.577350269189547));
#8306=DIRECTION('',(-1.83649404852124E-048,1.,1.22460635382238E-016));
#8307=DIRECTION('',(-1.,-1.83649404852124E-048,-2.24898228057609E-064));
#8308=DIRECTION('',(0.,1.22460635382238E-016,-1.));
#8309=DIRECTION('',(1.49966072182214E-032,-1.,-1.22460635382238E-016));
#8310=DIRECTION('',(0.,-1.22460635382238E-016,1.));
#8311=DIRECTION('',(1.,1.49966072182214E-032,1.83649404852124E-048));
#8312=DIRECTION('',(1.22460635382238E-016,-1.22460635382238E-016,-1.));
#8313=DIRECTION('',(1.,0.,1.22460635382238E-016));
#8314=DIRECTION('',(-0.499999999999948,0.866025403784469,0.));
#8315=DIRECTION('',(-1.49966072182214E-032,-1.,1.22460635382238E-016));
#8316=DIRECTION('',(0.499999999999948,0.866025403784469,0.));
#8317=DIRECTION('',(-1.,0.,-1.22460635382238E-016));
#8318=DIRECTION('',(0.499999999999948,-0.866025403784469,0.));
#8319=DIRECTION('',(-0.499999999999948,-0.866025403784469,0.));
#8320=DIRECTION('',(1.49966072182214E-032,1.,-1.22460635382238E-016));
#8321=DIRECTION('',(-1.,0.,-1.22460635382238E-016));
#8322=DIRECTION('',(-1.49966072182214E-032,-1.,1.22460635382238E-016));
#8323=DIRECTION('',(1.,0.,1.22460635382238E-016));
#8324=DIRECTION('',(1.49966072182214E-032,1.,-1.22460635382238E-016));
#8325=DIRECTION('',(-1.,0.,-1.22460635382238E-016));
#8326=DIRECTION('',(8.65927457072033E-017,0.707106781186468,-0.707106781186627));
#8327=DIRECTION('',(0.577350269189666,-0.577350269189666,-0.577350269189546));
#8328=DIRECTION('',(8.65927457072157E-017,-0.707106781186367,-0.707106781186728));
#8329=DIRECTION('',(-0.577350269189614,-0.577350269189774,0.577350269189489));
#8330=DIRECTION('',(1.,1.49966072182214E-032,1.83649404852124E-048));
#8331=DIRECTION('',(-1.49966072182214E-032,1.,0.));
#8332=DIRECTION('',(0.707106781186569,-8.6592745707191E-017,-0.707106781186526));
#8333=DIRECTION('',(0.577350269189638,-0.577350269189638,0.577350269189601));
#8334=DIRECTION('',(-0.707106781186569,-8.6592745707191E-017,-0.707106781186526));
#8335=DIRECTION('',(0.577350269189625,0.577350269189625,-0.577350269189627));
#8336=DIRECTION('',(-1.83649404852124E-048,1.,-1.22460635382238E-016));
#8337=DIRECTION('',(-1.,-1.83649404852124E-048,2.24898228057609E-064));
#8338=DIRECTION('',(1.,0.,0.));
#8339=DIRECTION('',(0.,0.,-1.));
#8340=DIRECTION('',(0.,-1.,0.));
#8341=DIRECTION('',(0.,0.,1.));
#8342=DIRECTION('',(1.22460635382238E-016,-1.22460635382238E-016,-1.));
#8343=DIRECTION('',(1.,0.,1.22460635382238E-016));
#8344=DIRECTION('',(-0.499999999999948,0.866025403784469,0.));
#8345=DIRECTION('',(0.499999999999948,0.866025403784469,0.));
#8346=DIRECTION('',(-1.,0.,-1.22460635382238E-016));
#8347=DIRECTION('',(0.499999999999948,-0.866025403784469,0.));
#8348=DIRECTION('',(1.49966072182214E-032,1.,-1.22460635382238E-016));
#8349=DIRECTION('',(-0.499999999999948,-0.866025403784469,0.));
#8350=DIRECTION('',(1.49966072182214E-032,1.,-1.22460635382238E-016));
#8351=DIRECTION('',(-1.,0.,-1.22460635382238E-016));
#8352=DIRECTION('',(-1.49966072182214E-032,-1.,1.22460635382238E-016));
#8353=DIRECTION('',(1.,0.,1.22460635382238E-016));
#8354=DIRECTION('',(1.49966072182214E-032,1.,-1.22460635382238E-016));
#8355=DIRECTION('',(-1.,0.,-1.22460635382238E-016));
#8356=DIRECTION('',(-1.,0.,0.));
#8357=DIRECTION('',(0.,0.,-1.));
#8358=DIRECTION('',(0.,1.,0.));
#8359=DIRECTION('',(0.,0.,1.));
#8360=DIRECTION('',(0.707106781186569,-8.6592745707191E-017,-0.707106781186526));
#8361=DIRECTION('',(0.577350269189692,-0.577350269189531,0.577350269189654));
#8362=DIRECTION('',(-0.707106781186569,-8.6592745707191E-017,-0.707106781186526));
#8363=DIRECTION('',(0.577350269189571,0.577350269189732,-0.577350269189574));
#8364=DIRECTION('',(-1.83649404852124E-048,1.,-1.22460635382238E-016));
#8365=DIRECTION('',(-1.,-1.83649404852124E-048,2.24898228057609E-064));
#8366=DIRECTION('',(8.65927457072033E-017,0.707106781186468,-0.707106781186627));
#8367=DIRECTION('',(0.577350269189452,-0.577350269189773,-0.577350269189652));
#8368=DIRECTION('',(8.65927457072157E-017,-0.707106781186367,-0.707106781186728));
#8369=DIRECTION('',(-0.5773502691894,-0.577350269189881,0.577350269189596));
#8370=DIRECTION('',(1.,1.49966072182214E-032,1.83649404852124E-048));
#8371=DIRECTION('',(-1.49966072182214E-032,1.,0.));
#8372=DIRECTION('',(1.49966072182214E-032,-1.,-1.22460635382238E-016));
#8373=DIRECTION('',(0.,0.,1.));
#8374=DIRECTION('',(1.,1.49966072182214E-032,1.83649404852124E-048));
#8375=DIRECTION('',(0.,0.,-1.));
#8376=DIRECTION('',(-1.83649404852124E-048,1.,-1.22460635382238E-016));
#8377=DIRECTION('',(0.,0.,-1.));
#8378=DIRECTION('',(0.,0.,1.));
#8379=DIRECTION('',(-1.,-1.83649404852124E-048,2.24898228057609E-064));
#8380=DIRECTION('',(-1.,0.,-1.22460635382238E-016));
#8381=DIRECTION('',(0.,0.,-1.));
#8382=DIRECTION('',(0.,1.,0.));
#8383=DIRECTION('',(0.,0.,1.));
#8384=DIRECTION('',(8.65927457072032E-017,-0.707106781186468,-0.707106781186627));
#8385=DIRECTION('',(-0.707106781186569,8.6592745707191E-017,-0.707106781186526));
#8386=DIRECTION('',(-2.1256529481055E-079,3.56173474553146E-053,1.));
#8387=DIRECTION('',(1.,1.83649404852124E-048,2.24898228057609E-064));
#8388=DIRECTION('',(0.499999999999948,0.866025403784469,0.));
#8389=DIRECTION('',(-0.499999999999948,0.866025403784469,0.));
#8390=DIRECTION('',(-1.,1.49966072182214E-032,-1.83649404852124E-048));
#8391=DIRECTION('',(-0.499999999999948,-0.866025403784469,0.));
#8392=DIRECTION('',(0.,1.,-3.56173474553146E-053));
#8393=DIRECTION('',(0.499999999999948,-0.866025403784469,0.));
#8394=DIRECTION('',(1.49966072182214E-032,-1.,0.));
#8395=DIRECTION('',(-1.,-7.57101196220873E-132,-2.1256529481055E-079));
#8396=DIRECTION('',(0.,1.,0.));
#8397=DIRECTION('',(1.,1.83649404852124E-048,-2.24898228057609E-064));
#8398=DIRECTION('',(-1.,-1.49966072182214E-032,-1.83649404852124E-048));
#8399=DIRECTION('',(0.,1.,-3.56173474553146E-053));
#8400=DIRECTION('',(1.,1.83649404852124E-048,2.24898228057609E-064));
#8401=DIRECTION('',(1.49966072182214E-032,-1.,0.));
#8402=DIRECTION('',(1.49966072182214E-032,-1.,-1.22460635382238E-016));
#8403=DIRECTION('',(0.,0.,1.));
#8404=DIRECTION('',(1.,1.49966072182214E-032,1.83649404852124E-048));
#8405=DIRECTION('',(0.,0.,-1.));
#8406=DIRECTION('',(1.,1.49966072182214E-032,1.83649404852124E-048));
#8407=DIRECTION('',(0.,0.,1.));
#8408=DIRECTION('',(0.,0.,-1.));
#8409=DIRECTION('',(1.49966072182214E-032,-1.,0.));
#8410=DIRECTION('',(-1.83649404852124E-048,1.,-1.22460635382238E-016));
#8411=DIRECTION('',(0.,0.,-1.));
#8412=DIRECTION('',(0.,0.,1.));
#8413=DIRECTION('',(-1.,-1.83649404852124E-048,2.24898228057609E-064));
#8414=DIRECTION('',(8.65927457072032E-017,-0.707106781186468,-0.707106781186627));
#8415=DIRECTION('',(-0.707106781186569,8.6592745707191E-017,-0.707106781186526));
#8416=DIRECTION('',(-2.1256529481055E-079,3.56173474553146E-053,1.));
#8417=DIRECTION('',(1.,1.83649404852124E-048,2.24898228057609E-064));
#8418=DIRECTION('',(0.499999999999948,0.866025403784469,0.));
#8419=DIRECTION('',(0.,-1.,3.56173474553146E-053));
#8420=DIRECTION('',(-0.499999999999948,0.866025403784469,0.));
#8421=DIRECTION('',(-1.,1.49966072182214E-032,-1.83649404852124E-048));
#8422=DIRECTION('',(-0.499999999999948,-0.866025403784469,0.));
#8423=DIRECTION('',(0.499999999999948,-0.866025403784469,0.));
#8424=DIRECTION('',(1.49966072182214E-032,-1.,0.));
#8425=DIRECTION('',(-1.,-7.57101196220873E-132,-2.1256529481055E-079));
#8426=DIRECTION('',(0.,1.,0.));
#8427=DIRECTION('',(1.,1.83649404852124E-048,-2.24898228057609E-064));
#8428=DIRECTION('',(-1.,-1.49966072182214E-032,-1.83649404852124E-048));
#8429=DIRECTION('',(0.,1.,-3.56173474553146E-053));
#8430=DIRECTION('',(1.,1.83649404852124E-048,2.24898228057609E-064));
#8431=DIRECTION('',(1.49966072182214E-032,-1.,0.));
#8432=DIRECTION('',(1.22460635382238E-016,1.22460635382238E-016,-1.));
#8433=DIRECTION('',(-0.499999999999948,-0.866025403784469,0.));
#8434=DIRECTION('',(-1.,-1.83649404852124E-048,-2.24898228057609E-064));
#8435=DIRECTION('',(-0.499999999999948,0.866025403784469,0.));
#8436=DIRECTION('',(1.22460635382238E-016,-1.22460635382238E-016,-1.));
#8437=DIRECTION('',(0.499999999999948,-0.866025403784469,0.));
#8438=DIRECTION('',(0.499999999999948,0.866025403784469,0.));
#8439=DIRECTION('',(1.,-1.49966072182214E-032,1.83649404852124E-048));
#8440=DIRECTION('',(-1.49966072188267E-032,1.22460635382358E-016,1.));
#8441=DIRECTION('',(-0.499999999999948,0.866025403784469,0.));
#8442=DIRECTION('',(-1.,4.46121207191062E-036,1.20898649017936E-059));
#8443=DIRECTION('',(-0.499999999999948,-0.866025403784469,0.));
#8444=DIRECTION('',(0.,1.,-1.22460635382358E-016));
#8445=DIRECTION('',(0.499999999999948,-0.866025403784469,0.));
#8446=DIRECTION('',(1.,1.64620641439991E-012,0.));
#8447=DIRECTION('',(0.499999999999948,0.866025403784469,0.));
#8448=DIRECTION('',(-1.,0.,0.));
#8449=DIRECTION('',(0.,0.,-1.));
#8450=DIRECTION('',(0.,0.,1.));
#8451=DIRECTION('',(-1.49966072182214E-032,-1.,1.22460635382238E-016));
#8452=DIRECTION('',(0.,-1.22460635382238E-016,-1.));
#8453=DIRECTION('',(0.,1.22460635382238E-016,1.));
#8454=DIRECTION('',(1.,-1.49966072182214E-032,1.83649404852124E-048));
#8455=DIRECTION('',(-1.,0.,-1.22460635382238E-016));
#8456=DIRECTION('',(1.22460635382238E-016,0.,-1.));
#8457=DIRECTION('',(-1.22460635382238E-016,0.,1.));
#8458=DIRECTION('',(0.,-1.,0.));
#8459=DIRECTION('',(1.22460635382238E-016,1.22460635382238E-016,-1.));
#8460=DIRECTION('',(-0.499999999999948,-0.866025403784469,0.));
#8461=DIRECTION('',(-1.,-1.83649404852124E-048,-2.24898228057609E-064));
#8462=DIRECTION('',(-0.499999999999948,0.866025403784469,0.));
#8463=DIRECTION('',(-1.49966072188267E-032,1.22460635382358E-016,1.));
#8464=DIRECTION('',(-0.499999999999948,0.866025403784469,0.));
#8465=DIRECTION('',(-1.,4.46121207191062E-036,1.20898649017936E-059));
#8466=DIRECTION('',(-0.499999999999948,-0.866025403784469,0.));
#8467=DIRECTION('',(0.499999999999948,-0.866025403784469,0.));
#8468=DIRECTION('',(1.,1.64620641439991E-012,0.));
#8469=DIRECTION('',(0.499999999999948,0.866025403784469,0.));
#8470=DIRECTION('',(0.,-1.,1.22460635382358E-016));
#8471=DIRECTION('',(1.22460635382238E-016,-1.22460635382238E-016,-1.));
#8472=DIRECTION('',(0.499999999999948,-0.866025403784469,0.));
#8473=DIRECTION('',(0.499999999999948,0.866025403784469,0.));
#8474=DIRECTION('',(1.,-1.49966072182214E-032,1.83649404852124E-048));
#8475=DIRECTION('',(1.,0.,0.));
#8476=DIRECTION('',(0.,0.,-1.));
#8477=DIRECTION('',(0.,0.,1.));
#8478=DIRECTION('',(-1.49966072182214E-032,-1.,1.22460635382238E-016));
#8479=DIRECTION('',(0.,-1.22460635382238E-016,-1.));
#8480=DIRECTION('',(0.,1.22460635382238E-016,1.));
#8481=DIRECTION('',(1.,-1.49966072182214E-032,1.83649404852124E-048));
#8482=DIRECTION('',(-1.,0.,-1.22460635382238E-016));
#8483=DIRECTION('',(1.22460635382238E-016,0.,-1.));
#8484=DIRECTION('',(-1.22460635382238E-016,0.,1.));
#8485=DIRECTION('',(0.,-1.,0.));
#8486=DIRECTION('',(1.,1.49966072182214E-032,1.83649404852124E-048));
#8487=DIRECTION('',(0.,0.,1.));
#8488=DIRECTION('',(-1.49966072182214E-032,1.,0.));
#8489=DIRECTION('',(0.,0.,-1.));
#8490=DIRECTION('',(8.65927457072157E-017,0.707106781186367,-0.707106781186728));
#8491=DIRECTION('',(0.57735026918932,0.577350269189961,0.577350269189596));
#8492=DIRECTION('',(0.577350269189427,-0.577350269189908,-0.577350269189542));
#8493=DIRECTION('',(-1.,6.12303176911189E-017,-6.12303176911501E-017));
#8494=DIRECTION('',(-1.,0.,-1.22460635382238E-016));
#8495=DIRECTION('',(1.22460635382238E-016,0.,-1.));
#8496=DIRECTION('',(0.,-1.,0.));
#8497=DIRECTION('',(1.,1.49966072182214E-032,1.83649404852124E-048));
#8498=DIRECTION('',(-1.83649404852124E-048,-2.75411799042743E-080,1.));
#8499=DIRECTION('',(-1.49966072182214E-032,1.,0.));
#8500=DIRECTION('',(0.707106781186569,8.6592745707191E-017,-0.707106781186526));
#8501=DIRECTION('',(-0.577350269189558,-0.577350269189718,-0.577350269189601));
#8502=DIRECTION('',(-6.12303176911189E-017,1.,6.12303176911152E-017));
#8503=DIRECTION('',(0.577350269189518,-0.577350269189839,0.577350269189521));
#8504=DIRECTION('',(-1.83649404852124E-048,1.,1.22460635382238E-016));
#8505=DIRECTION('',(-1.,-1.83649404852124E-048,-2.24898228057609E-064));
#8506=DIRECTION('',(0.,1.22460635382238E-016,-1.));
#8507=DIRECTION('',(1.49966072182214E-032,-1.,-1.22460635382238E-016));
#8508=DIRECTION('',(0.,-1.22460635382238E-016,1.));
#8509=DIRECTION('',(1.,1.49966072182214E-032,1.83649404852124E-048));
#8510=DIRECTION('',(-1.,0.,-1.22460635382238E-016));
#8511=DIRECTION('',(0.,0.,-1.));
#8512=DIRECTION('',(0.,0.,1.));
#8513=DIRECTION('',(0.,-1.,0.));
#8514=DIRECTION('',(8.65927457072157E-017,0.707106781186367,-0.707106781186728));
#8515=DIRECTION('',(0.57735026918932,0.577350269189961,0.577350269189596));
#8516=DIRECTION('',(0.577350269189427,-0.577350269189908,-0.577350269189542));
#8517=DIRECTION('',(-1.,6.12303176911189E-017,-6.12303176911501E-017));
#8518=DIRECTION('',(-1.,0.,-1.22460635382238E-016));
#8519=DIRECTION('',(1.22460635382238E-016,0.,-1.));
#8520=DIRECTION('',(0.,-1.,0.));
#8521=DIRECTION('',(1.,1.49966072182214E-032,1.83649404852124E-048));
#8522=DIRECTION('',(-1.83649404852124E-048,-2.75411799042743E-080,1.));
#8523=DIRECTION('',(-1.49966072182214E-032,1.,0.));
#8524=DIRECTION('',(0.707106781186569,8.6592745707191E-017,-0.707106781186526));
#8525=DIRECTION('',(-0.577350269189558,-0.577350269189718,-0.577350269189601));
#8526=DIRECTION('',(-6.12303176911189E-017,1.,6.12303176911152E-017));
#8527=DIRECTION('',(0.577350269189518,-0.577350269189839,0.577350269189521));
#8528=DIRECTION('',(-1.83649404852124E-048,1.,1.22460635382238E-016));
#8529=DIRECTION('',(-1.,-1.83649404852124E-048,-2.24898228057609E-064));
#8530=DIRECTION('',(0.,1.22460635382238E-016,-1.));
#8531=DIRECTION('',(1.49966072182214E-032,-1.,-1.22460635382238E-016));
#8532=DIRECTION('',(0.,-1.22460635382238E-016,1.));
#8533=DIRECTION('',(1.,1.49966072182214E-032,1.83649404852124E-048));
#8534=DIRECTION('',(1.22460635382238E-016,-1.22460635382238E-016,-1.));
#8535=DIRECTION('',(1.,0.,1.22460635382238E-016));
#8536=DIRECTION('',(-0.499999999999948,0.866025403784469,0.));
#8537=DIRECTION('',(-1.49966072182214E-032,-1.,1.22460635382238E-016));
#8538=DIRECTION('',(0.499999999999948,0.866025403784469,0.));
#8539=DIRECTION('',(-1.,0.,-1.22460635382238E-016));
#8540=DIRECTION('',(0.499999999999948,-0.866025403784469,0.));
#8541=DIRECTION('',(-0.499999999999948,-0.866025403784469,0.));
#8542=DIRECTION('',(1.49966072182214E-032,1.,-1.22460635382238E-016));
#8543=DIRECTION('',(-1.,0.,-1.22460635382238E-016));
#8544=DIRECTION('',(-1.49966072182214E-032,-1.,1.22460635382238E-016));
#8545=DIRECTION('',(1.,0.,1.22460635382238E-016));
#8546=DIRECTION('',(1.49966072182214E-032,1.,-1.22460635382238E-016));
#8547=DIRECTION('',(-1.,0.,-1.22460635382238E-016));
#8548=DIRECTION('',(0.707106781186569,-8.6592745707191E-017,-0.707106781186526));
#8549=DIRECTION('',(0.577350269189558,-0.577350269189718,0.577350269189601));
#8550=DIRECTION('',(-0.707106781186569,-8.6592745707191E-017,-0.707106781186526));
#8551=DIRECTION('',(0.577350269189558,0.577350269189718,-0.577350269189601));
#8552=DIRECTION('',(-1.83649404852124E-048,1.,-1.22460635382238E-016));
#8553=DIRECTION('',(-1.,-1.83649404852124E-048,2.24898228057609E-064));
#8554=DIRECTION('',(8.65927457072033E-017,0.707106781186468,-0.707106781186627));
#8555=DIRECTION('',(0.577350269189559,-0.577350269189719,-0.577350269189599));
#8556=DIRECTION('',(8.65927457072157E-017,-0.707106781186367,-0.707106781186728));
#8557=DIRECTION('',(-0.577350269189507,-0.577350269189828,0.577350269189542));
#8558=DIRECTION('',(1.,1.49966072182214E-032,1.83649404852124E-048));
#8559=DIRECTION('',(-1.49966072182214E-032,1.,0.));
#8560=DIRECTION('',(1.22460635382238E-016,-1.22460635382238E-016,-1.));
#8561=DIRECTION('',(1.,0.,1.22460635382238E-016));
#8562=DIRECTION('',(-0.499999999999948,0.866025403784469,0.));
#8563=DIRECTION('',(0.499999999999948,0.866025403784469,0.));
#8564=DIRECTION('',(-1.,0.,-1.22460635382238E-016));
#8565=DIRECTION('',(0.499999999999948,-0.866025403784469,0.));
#8566=DIRECTION('',(1.49966072182214E-032,1.,-1.22460635382238E-016));
#8567=DIRECTION('',(-0.499999999999948,-0.866025403784469,0.));
#8568=DIRECTION('',(1.49966072182214E-032,1.,-1.22460635382238E-016));
#8569=DIRECTION('',(-1.,0.,-1.22460635382238E-016));
#8570=DIRECTION('',(-1.49966072182214E-032,-1.,1.22460635382238E-016));
#8571=DIRECTION('',(1.,0.,1.22460635382238E-016));
#8572=DIRECTION('',(1.49966072182214E-032,1.,-1.22460635382238E-016));
#8573=DIRECTION('',(-1.,0.,-1.22460635382238E-016));
#8574=DIRECTION('',(0.707106781186569,-8.6592745707191E-017,-0.707106781186526));
#8575=DIRECTION('',(0.577350269189558,-0.577350269189718,0.577350269189601));
#8576=DIRECTION('',(-0.707106781186569,-8.6592745707191E-017,-0.707106781186526));
#8577=DIRECTION('',(0.577350269189558,0.577350269189718,-0.577350269189601));
#8578=DIRECTION('',(-1.83649404852124E-048,1.,-1.22460635382238E-016));
#8579=DIRECTION('',(-1.,-1.83649404852124E-048,2.24898228057609E-064));
#8580=DIRECTION('',(8.65927457072033E-017,0.707106781186468,-0.707106781186627));
#8581=DIRECTION('',(0.577350269189559,-0.577350269189719,-0.577350269189599));
#8582=DIRECTION('',(8.65927457072157E-017,-0.707106781186367,-0.707106781186728));
#8583=DIRECTION('',(-0.577350269189507,-0.577350269189828,0.577350269189542));
#8584=DIRECTION('',(1.,1.49966072182214E-032,1.83649404852124E-048));
#8585=DIRECTION('',(-1.49966072182214E-032,1.,0.));
#8586=DIRECTION('',(1.49966072182214E-032,-1.,-1.22460635382238E-016));
#8587=DIRECTION('',(0.,0.,1.));
#8588=DIRECTION('',(1.,1.49966072182214E-032,1.83649404852124E-048));
#8589=DIRECTION('',(0.,0.,-1.));
#8590=DIRECTION('',(-1.83649404852124E-048,1.,-1.22460635382238E-016));
#8591=DIRECTION('',(0.,0.,-1.));
#8592=DIRECTION('',(0.,0.,1.));
#8593=DIRECTION('',(-1.,-1.83649404852124E-048,2.24898228057609E-064));
#8594=DIRECTION('',(-1.,0.,-1.22460635382238E-016));
#8595=DIRECTION('',(0.,0.,-1.));
#8596=DIRECTION('',(0.,0.,1.));
#8597=DIRECTION('',(8.65927457072032E-017,-0.707106781186468,-0.707106781186627));
#8598=DIRECTION('',(-0.707106781186569,8.6592745707191E-017,-0.707106781186526));
#8599=DIRECTION('',(1.49966072182214E-032,-1.,-1.22460635382238E-016));
#8600=DIRECTION('',(0.,0.,1.));
#8601=DIRECTION('',(1.,1.49966072182214E-032,1.83649404852124E-048));
#8602=DIRECTION('',(0.,0.,-1.));
#8603=DIRECTION('',(1.,1.49966072182214E-032,1.83649404852124E-048));
#8604=DIRECTION('',(0.,0.,1.));
#8605=DIRECTION('',(0.,0.,-1.));
#8606=DIRECTION('',(1.49966072182214E-032,-1.,0.));
#8607=DIRECTION('',(-1.83649404852124E-048,1.,-1.22460635382238E-016));
#8608=DIRECTION('',(0.,0.,-1.));
#8609=DIRECTION('',(0.,0.,1.));
#8610=DIRECTION('',(-1.,-1.83649404852124E-048,2.24898228057609E-064));
#8611=DIRECTION('',(8.65927457072032E-017,-0.707106781186468,-0.707106781186627));
#8612=DIRECTION('',(-0.707106781186569,8.6592745707191E-017,-0.707106781186526));
#8613=DIRECTION('',(1.22460635382238E-016,1.22460635382238E-016,-1.));
#8614=DIRECTION('',(-0.499999999999948,-0.866025403784469,0.));
#8615=DIRECTION('',(-1.,-1.83649404852124E-048,-2.24898228057609E-064));
#8616=DIRECTION('',(-0.499999999999948,0.866025403784469,0.));
#8617=DIRECTION('',(1.22460635382238E-016,-1.22460635382238E-016,-1.));
#8618=DIRECTION('',(0.499999999999948,-0.866025403784469,0.));
#8619=DIRECTION('',(0.499999999999948,0.866025403784469,0.));
#8620=DIRECTION('',(1.,-1.49966072182214E-032,1.83649404852124E-048));
#8621=DIRECTION('',(1.22460635382238E-016,1.22460635382238E-016,-1.));
#8622=DIRECTION('',(-0.499999999999948,-0.866025403784469,0.));
#8623=DIRECTION('',(-1.,-1.83649404852124E-048,-2.24898228057609E-064));
#8624=DIRECTION('',(-0.499999999999948,0.866025403784469,0.));
#8625=DIRECTION('',(-1.49966072188267E-032,1.22460635382358E-016,1.));
#8626=DIRECTION('',(-0.499999999999948,-0.866025403784469,0.));
#8627=DIRECTION('',(0.499999999999948,-0.866025403784469,0.));
#8628=DIRECTION('',(1.,1.64620641439991E-012,0.));
#8629=DIRECTION('',(1.22460635382238E-016,-1.22460635382238E-016,-1.));
#8630=DIRECTION('',(0.499999999999948,-0.866025403784469,0.));
#8631=DIRECTION('',(0.499999999999948,0.866025403784469,0.));
#8632=DIRECTION('',(1.,-1.49966072182214E-032,1.83649404852124E-048));
#8633=DIRECTION('',(1.64620641439991E-012,-1.,0.));
#8634=DIRECTION('',(0.,0.,1.));
#8635=DIRECTION('',(-0.866025403784469,-0.499999999999948,0.));
#8636=DIRECTION('',(0.,0.,1.));
#8637=DIRECTION('',(-0.866025403784469,0.499999999999948,0.));
#8638=DIRECTION('',(0.,0.,-1.));
#8639=DIRECTION('',(-1.49966072182214E-032,-1.,1.22460635382238E-016));
#8640=DIRECTION('',(0.,1.22460635382238E-016,1.));
#8641=DIRECTION('',(-1.83649404852124E-048,1.,1.22460635382238E-016));
#8642=DIRECTION('',(0.,1.22460635382238E-016,-1.));
#8643=DIRECTION('',(0.866025403784469,-0.499999999999948,0.));
#8644=DIRECTION('',(0.,0.,1.));
#8645=DIRECTION('',(0.866025403784469,0.499999999999948,0.));
#8646=DIRECTION('',(0.,0.,-1.));
#8647=DIRECTION('',(1.64620641439991E-012,-1.,0.));
#8648=DIRECTION('',(0.,0.,1.));
#8649=DIRECTION('',(4.46121207191062E-036,1.,2.70999555881141E-024));
#8650=DIRECTION('',(0.,2.70999555881141E-024,-1.));
#8651=DIRECTION('',(-0.866025403784469,-0.499999999999948,0.));
#8652=DIRECTION('',(0.,0.,1.));
#8653=DIRECTION('',(-0.866025403784469,0.499999999999948,0.));
#8654=DIRECTION('',(0.,0.,-1.));
#8655=DIRECTION('',(-1.49966072182214E-032,-1.,1.22460635382238E-016));
#8656=DIRECTION('',(0.,1.22460635382238E-016,1.));
#8657=DIRECTION('',(-1.83649404852124E-048,1.,1.22460635382238E-016));
#8658=DIRECTION('',(0.,1.22460635382238E-016,-1.));
#8659=DIRECTION('',(0.866025403784469,-0.499999999999948,0.));
#8660=DIRECTION('',(0.,0.,1.));
#8661=DIRECTION('',(0.866025403784469,0.499999999999948,0.));
#8662=DIRECTION('',(0.,0.,-1.));
#8663=DIRECTION('',(1.64620641439991E-012,-1.,0.));
#8664=DIRECTION('',(0.,0.,1.));
#8665=DIRECTION('',(4.46121207191062E-036,1.,2.70999555881141E-024));
#8666=DIRECTION('',(0.,2.70999555881141E-024,-1.));
#8667=DIRECTION('',(-0.866025403784469,-0.499999999999948,0.));
#8668=DIRECTION('',(0.,0.,1.));
#8669=DIRECTION('',(-0.866025403784469,0.499999999999948,0.));
#8670=DIRECTION('',(0.,0.,-1.));
#8671=DIRECTION('',(-1.49966072182214E-032,-1.,1.22460635382238E-016));
#8672=DIRECTION('',(0.,1.22460635382238E-016,1.));
#8673=DIRECTION('',(-1.83649404852124E-048,1.,1.22460635382238E-016));
#8674=DIRECTION('',(0.,1.22460635382238E-016,-1.));
#8675=DIRECTION('',(0.866025403784469,-0.499999999999948,0.));
#8676=DIRECTION('',(0.,0.,1.));
#8677=DIRECTION('',(0.866025403784469,0.499999999999948,0.));
#8678=DIRECTION('',(0.,0.,-1.));
#8679=DIRECTION('',(1.64620641439991E-012,-1.,0.));
#8680=DIRECTION('',(0.,0.,1.));
#8681=DIRECTION('',(4.46121207191062E-036,1.,2.70999555881141E-024));
#8682=DIRECTION('',(0.,2.70999555881141E-024,-1.));
#8683=DIRECTION('',(-0.866025403784469,-0.499999999999948,0.));
#8684=DIRECTION('',(0.,0.,1.));
#8685=DIRECTION('',(-0.866025403784469,0.499999999999948,0.));
#8686=DIRECTION('',(0.,0.,-1.));
#8687=DIRECTION('',(-1.49966072182214E-032,-1.,1.22460635382238E-016));
#8688=DIRECTION('',(0.,1.22460635382238E-016,1.));
#8689=DIRECTION('',(-1.83649404852124E-048,1.,1.22460635382238E-016));
#8690=DIRECTION('',(0.,1.22460635382238E-016,-1.));
#8691=DIRECTION('',(0.866025403784469,-0.499999999999948,0.));
#8692=DIRECTION('',(0.,0.,1.));
#8693=DIRECTION('',(0.866025403784469,0.499999999999948,0.));
#8694=DIRECTION('',(0.,0.,-1.));
#8695=DIRECTION('',(1.64620641439991E-012,-1.,0.));
#8696=DIRECTION('',(0.,0.,1.));
#8697=DIRECTION('',(4.46121207191062E-036,1.,2.70999555881141E-024));
#8698=DIRECTION('',(0.,2.70999555881141E-024,-1.));
#8699=DIRECTION('',(-0.866025403784469,-0.499999999999948,0.));
#8700=DIRECTION('',(0.,0.,1.));
#8701=DIRECTION('',(-0.866025403784469,0.499999999999948,0.));
#8702=DIRECTION('',(0.,0.,-1.));
#8703=DIRECTION('',(-1.49966072182214E-032,-1.,1.22460635382238E-016));
#8704=DIRECTION('',(0.,1.22460635382238E-016,1.));
#8705=DIRECTION('',(-1.83649404852124E-048,1.,1.22460635382238E-016));
#8706=DIRECTION('',(0.,1.22460635382238E-016,-1.));
#8707=DIRECTION('',(0.866025403784469,-0.499999999999948,0.));
#8708=DIRECTION('',(0.,0.,1.));
#8709=DIRECTION('',(0.866025403784469,0.499999999999948,0.));
#8710=DIRECTION('',(0.,0.,-1.));
#8711=DIRECTION('',(1.64620641439991E-012,-1.,0.));
#8712=DIRECTION('',(0.,0.,1.));
#8713=DIRECTION('',(4.46121207191062E-036,1.,2.70999555881141E-024));
#8714=DIRECTION('',(0.,2.70999555881141E-024,-1.));
#8715=DIRECTION('',(-0.866025403784469,-0.499999999999948,0.));
#8716=DIRECTION('',(0.,0.,1.));
#8717=DIRECTION('',(-0.866025403784469,0.499999999999948,0.));
#8718=DIRECTION('',(0.,0.,-1.));
#8719=DIRECTION('',(-1.49966072182214E-032,-1.,1.22460635382238E-016));
#8720=DIRECTION('',(0.,1.22460635382238E-016,1.));
#8721=DIRECTION('',(-1.83649404852124E-048,1.,1.22460635382238E-016));
#8722=DIRECTION('',(0.,1.22460635382238E-016,-1.));
#8723=DIRECTION('',(0.866025403784469,-0.499999999999948,0.));
#8724=DIRECTION('',(0.,0.,1.));
#8725=DIRECTION('',(0.866025403784469,0.499999999999948,0.));
#8726=DIRECTION('',(0.,0.,-1.));
#8727=DIRECTION('',(1.64620641439991E-012,-1.,0.));
#8728=DIRECTION('',(0.,0.,1.));
#8729=DIRECTION('',(4.46121207191062E-036,1.,2.70999555881141E-024));
#8730=DIRECTION('',(0.,2.70999555881141E-024,-1.));
#8731=DIRECTION('',(-0.866025403784469,-0.499999999999948,0.));
#8732=DIRECTION('',(0.,0.,1.));
#8733=DIRECTION('',(-0.866025403784469,0.499999999999948,0.));
#8734=DIRECTION('',(0.,0.,-1.));
#8735=DIRECTION('',(-1.49966072182214E-032,-1.,1.22460635382238E-016));
#8736=DIRECTION('',(0.,1.22460635382238E-016,1.));
#8737=DIRECTION('',(-1.83649404852124E-048,1.,1.22460635382238E-016));
#8738=DIRECTION('',(0.,1.22460635382238E-016,-1.));
#8739=DIRECTION('',(0.866025403784469,-0.499999999999948,0.));
#8740=DIRECTION('',(0.,0.,1.));
#8741=DIRECTION('',(0.866025403784469,0.499999999999948,0.));
#8742=DIRECTION('',(0.,0.,-1.));
#8743=DIRECTION('',(1.64620641439991E-012,-1.,0.));
#8744=DIRECTION('',(0.,0.,1.));
#8745=DIRECTION('',(4.46121207191062E-036,1.,2.70999555881141E-024));
#8746=DIRECTION('',(0.,2.70999555881141E-024,-1.));
#8747=DIRECTION('',(-0.866025403784469,-0.499999999999948,0.));
#8748=DIRECTION('',(0.,0.,1.));
#8749=DIRECTION('',(-0.866025403784469,0.499999999999948,0.));
#8750=DIRECTION('',(0.,0.,-1.));
#8751=DIRECTION('',(-1.49966072182214E-032,-1.,1.22460635382238E-016));
#8752=DIRECTION('',(0.,1.22460635382238E-016,1.));
#8753=DIRECTION('',(-1.83649404852124E-048,1.,1.22460635382238E-016));
#8754=DIRECTION('',(0.,1.22460635382238E-016,-1.));
#8755=DIRECTION('',(0.866025403784469,-0.499999999999948,0.));
#8756=DIRECTION('',(0.,0.,1.));
#8757=DIRECTION('',(0.866025403784469,0.499999999999948,0.));
#8758=DIRECTION('',(0.,0.,-1.));
#8759=DIRECTION('',(1.64620641439991E-012,-1.,0.));
#8760=DIRECTION('',(0.,0.,1.));
#8761=DIRECTION('',(4.46121207191062E-036,1.,2.70999555881141E-024));
#8762=DIRECTION('',(0.,2.70999555881141E-024,-1.));
#8763=DIRECTION('',(-0.866025403784469,-0.499999999999948,0.));
#8764=DIRECTION('',(0.,0.,1.));
#8765=DIRECTION('',(-0.866025403784469,0.499999999999948,0.));
#8766=DIRECTION('',(0.,0.,-1.));
#8767=DIRECTION('',(-1.49966072182214E-032,-1.,1.22460635382238E-016));
#8768=DIRECTION('',(0.,1.22460635382238E-016,1.));
#8769=DIRECTION('',(-1.83649404852124E-048,1.,1.22460635382238E-016));
#8770=DIRECTION('',(0.,1.22460635382238E-016,-1.));
#8771=DIRECTION('',(0.866025403784469,-0.499999999999948,0.));
#8772=DIRECTION('',(0.866025403784469,0.499999999999948,0.));
#8773=DIRECTION('',(1.,0.,0.));
#8774=DIRECTION('',(0.,0.,1.));
#8775=DIRECTION('',(-1.,7.34763812293426E-016,-8.99796433093283E-032));
#8776=DIRECTION('',(0.,3.67381906146713E-016,1.));
#8777=DIRECTION('',(-7.34763812293426E-016,-1.,0.));
#8778=DIRECTION('',(-2.69938929927985E-031,-3.67381906146713E-016,-1.));
#8779=DIRECTION('',(7.34763812293426E-016,1.,0.));
#8780=DIRECTION('',(-7.34763812293426E-016,-1.,3.67381906146713E-016));
#8781=DIRECTION('',(1.,-7.34763812293426E-016,0.));
#8782=DIRECTION('',(-6.61137857467647E-047,4.85780172604436E-062,-1.));
#8783=DIRECTION('',(-1.,7.34763812293426E-016,0.));
#8784=DIRECTION('',(-2.69938929927984E-031,1.,-3.67381906146713E-016));
#8785=DIRECTION('',(6.61137857467647E-047,-4.85780172604436E-062,1.));
#8786=DIRECTION('',(-1.,-2.69938929927984E-031,9.91706786201468E-047));
#8787=DIRECTION('',(1.,2.69938929927984E-031,-9.91706786201468E-047));
#8788=DIRECTION('',(1.,-7.34763812293426E-016,-6.61137857467647E-047));
#8789=DIRECTION('',(7.34763812293426E-016,1.,0.));
#8790=DIRECTION('',(-7.34763812293426E-016,-1.,0.));
#8791=DIRECTION('',(0.894427190999943,-4.92894549508539E-016,0.447213595499904));
#8792=DIRECTION('',(-0.408248290463773,-0.408248290464075,0.816496580927665));
#8793=DIRECTION('',(-4.40858287376105E-016,-1.,-2.20429143688019E-016));
#8794=DIRECTION('',(0.408248290463773,-0.408248290464075,-0.816496580927665));
#8795=DIRECTION('',(6.57192732677994E-016,0.894427190999909,0.447213595499971));
#8796=DIRECTION('',(0.408248290463763,-0.408248290463914,0.81649658092775));
#8797=DIRECTION('',(1.,-5.87811049834732E-016,-2.93905524917377E-016));
#8798=DIRECTION('',(-6.57192732677994E-016,-0.894427190999909,0.447213595499972));
#8799=DIRECTION('',(-0.408248290463763,-0.408248290463914,-0.81649658092775));
#8800=DIRECTION('',(-1.,5.87811049834732E-016,-2.93905524917377E-016));
#8801=DIRECTION('',(-1.82218619087032E-031,-3.67381906146713E-016,-1.));
#8802=DIRECTION('',(0.,1.,-3.67381906146713E-016));
#8803=DIRECTION('',(-0.894427190999943,8.21490915847499E-016,0.447213595499904));
#8804=DIRECTION('',(-2.23146078718718E-047,1.22460635382238E-016,1.));
#8805=DIRECTION('',(1.,-5.87811049834732E-016,-2.93905524917377E-016));
#8806=DIRECTION('',(0.,-1.,1.22460635382238E-016));
#8807=DIRECTION('',(-1.,5.87811049834732E-016,-2.93905524917377E-016));
#8808=DIRECTION('',(6.36795303987667E-016,1.,-3.18397651993785E-016));
#8809=DIRECTION('',(-0.894427190999943,6.02426671621525E-016,-0.447213595499904));
#8810=DIRECTION('',(-0.408248290463765,0.408248290463916,0.816496580927749));
#8811=DIRECTION('',(0.408248290463765,0.408248290463916,-0.816496580927749));
#8812=DIRECTION('',(-6.57192732677994E-016,-0.894427190999909,-0.447213595499972));
#8813=DIRECTION('',(-0.408248290463774,0.408248290464076,-0.816496580927664));
#8814=DIRECTION('',(6.57192732677994E-016,0.894427190999909,-0.447213595499972));
#8815=DIRECTION('',(0.408248290463774,0.408248290464076,0.816496580927664));
#8816=DIRECTION('',(0.894427190999943,-7.11958793734512E-016,-0.447213595499904));
#8817=DIRECTION('DIRECTION2',(0.,0.,1.));
#8818=DIRECTION('DIRECTION3',(1.,0.,0.));
#8819=DIRECTION('DIRECTION6',(0.,0.,1.));
#8820=DIRECTION('DIRECTION7',(1.,0.,0.));
#8821=DIRECTION('DIRECTION12',(0.,0.,1.));
#8822=DIRECTION('DIRECTION13',(1.,0.,0.));
#8823=DIRECTION('DIRECTION16',(0.,0.,1.));
#8824=DIRECTION('DIRECTION17',(1.,0.,0.));
#8825=DIRECTION('DIRECTION22',(0.,0.,1.));
#8826=DIRECTION('DIRECTION23',(1.,0.,0.));
#8827=DIRECTION('DIRECTION26',(0.,0.,1.));
#8828=DIRECTION('DIRECTION27',(1.,0.,0.));
#8829=DIRECTION('DIRECTION32',(0.,0.,1.));
#8830=DIRECTION('DIRECTION33',(1.,0.,0.));
#8831=DIRECTION('DIRECTION36',(0.,0.,1.));
#8832=DIRECTION('DIRECTION37',(1.,0.,0.));
#8833=DIRECTION('DIRECTION42',(0.,0.,1.));
#8834=DIRECTION('DIRECTION43',(1.,0.,0.));
#8835=DIRECTION('DIRECTION46',(0.,0.,1.));
#8836=DIRECTION('DIRECTION47',(1.,0.,0.));
#8837=DIRECTION('DIRECTION52',(0.,0.,1.));
#8838=DIRECTION('DIRECTION53',(1.,0.,0.));
#8839=DIRECTION('DIRECTION56',(0.,0.,1.));
#8840=DIRECTION('DIRECTION57',(1.,0.,0.));
#8841=DIRECTION('DIRECTION62',(0.,0.,1.));
#8842=DIRECTION('DIRECTION63',(1.,0.,0.));
#8843=DIRECTION('DIRECTION66',(0.,0.,1.));
#8844=DIRECTION('DIRECTION67',(1.,0.,0.));
#8845=DIRECTION('DIRECTION72',(0.,0.,1.));
#8846=DIRECTION('DIRECTION73',(1.,0.,0.));
#8847=DIRECTION('DIRECTION76',(0.,0.,1.));
#8848=DIRECTION('DIRECTION77',(1.,0.,0.));
#8849=DIRECTION('DIRECTION82',(0.,0.,1.));
#8850=DIRECTION('DIRECTION83',(1.,0.,0.));
#8851=DIRECTION('DIRECTION86',(0.,0.,1.));
#8852=DIRECTION('DIRECTION87',(1.,0.,0.));
#8853=DIRECTION('DIRECTION92',(0.,0.,1.));
#8854=DIRECTION('DIRECTION93',(1.,0.,0.));
#8855=DIRECTION('DIRECTION96',(0.,0.,1.));
#8856=DIRECTION('DIRECTION97',(1.,0.,0.));
#8857=DIRECTION('DIRECTION102',(0.,0.,1.));
#8858=DIRECTION('DIRECTION103',(1.,0.,0.));
#8859=DIRECTION('DIRECTION106',(0.,0.,1.));
#8860=DIRECTION('DIRECTION107',(1.,0.,0.));
#8861=DIRECTION('DIRECTION112',(0.,0.,1.));
#8862=DIRECTION('DIRECTION113',(1.,0.,0.));
#8863=DIRECTION('DIRECTION116',(0.,0.,1.));
#8864=DIRECTION('DIRECTION117',(1.,0.,0.));
#8865=DIRECTION('DIRECTION122',(0.,0.,1.));
#8866=DIRECTION('DIRECTION123',(1.,0.,0.));
#8867=DIRECTION('DIRECTION126',(0.,0.,1.));
#8868=DIRECTION('DIRECTION127',(1.,0.,0.));
#8869=DIRECTION('DIRECTION132',(0.,0.,1.));
#8870=DIRECTION('DIRECTION133',(1.,0.,0.));
#8871=DIRECTION('DIRECTION136',(0.,0.,1.));
#8872=DIRECTION('DIRECTION137',(1.,0.,0.));
#8873=DIRECTION('DIRECTION142',(0.,0.,1.));
#8874=DIRECTION('DIRECTION143',(1.,0.,0.));
#8875=DIRECTION('DIRECTION146',(0.,0.,1.));
#8876=DIRECTION('DIRECTION147',(1.,0.,0.));
#8877=DIRECTION('DIRECTION152',(0.,0.,1.));
#8878=DIRECTION('DIRECTION153',(1.,0.,0.));
#8879=DIRECTION('DIRECTION156',(0.,0.,1.));
#8880=DIRECTION('DIRECTION157',(1.,0.,0.));
#8881=DIRECTION('DIRECTION162',(0.,0.,1.));
#8882=DIRECTION('DIRECTION163',(1.,0.,0.));
#8883=DIRECTION('DIRECTION166',(0.,0.,1.));
#8884=DIRECTION('DIRECTION167',(1.,0.,0.));
#8885=DIRECTION('DIRECTION172',(0.,0.,1.));
#8886=DIRECTION('DIRECTION173',(1.,0.,0.));
#8887=DIRECTION('DIRECTION176',(0.,0.,1.));
#8888=DIRECTION('DIRECTION177',(1.,0.,0.));
#8889=DIRECTION('DIRECTION182',(0.,0.,1.));
#8890=DIRECTION('DIRECTION183',(1.,0.,0.));
#8891=DIRECTION('DIRECTION186',(0.,0.,1.));
#8892=DIRECTION('DIRECTION187',(1.,0.,0.));
#8893=DIRECTION('DIRECTION192',(0.,0.,1.));
#8894=DIRECTION('DIRECTION193',(1.,0.,0.));
#8895=DIRECTION('DIRECTION196',(0.,0.,1.));
#8896=DIRECTION('DIRECTION197',(1.,0.,0.));
#8897=DIRECTION('DIRECTION202',(0.,0.,1.));
#8898=DIRECTION('DIRECTION203',(1.,0.,0.));
#8899=DIRECTION('DIRECTION206',(0.,0.,1.));
#8900=DIRECTION('DIRECTION207',(1.,0.,0.));
#8901=CARTESIAN_POINT('',(0.,0.,0.));
#8902=CARTESIAN_POINT('',(11.5816917884398,15.873433382585,-1.04201401504371));
#8903=CARTESIAN_POINT('',(11.5816917884398,15.8734333825851,-0.127165354330712));
#8904=CARTESIAN_POINT('',(11.5816917884398,15.9403625164433,-0.127165354330712));
#8905=CARTESIAN_POINT('',(11.5816917884398,15.8065042487268,-0.127165354330712));
#8906=CARTESIAN_POINT('',(11.5816917884398,15.9403625164433,-0.555062125632094));
#8907=CARTESIAN_POINT('',(11.5816917884398,15.9403625164433,-0.0681102362204754));
#8908=CARTESIAN_POINT('',(11.5816917884398,15.873433382585,-0.0681102362204754));
#8909=CARTESIAN_POINT('',(11.5816917884398,15.8065042487268,-0.0681102362204754));
#8910=CARTESIAN_POINT('',(11.5816917884398,15.8065042487268,-0.555062125632094));
#8911=CARTESIAN_POINT('',(10.5816917884398,15.873433382585,-1.04201401504371));
#8912=CARTESIAN_POINT('',(10.5816917884398,15.8734333825851,-0.127165354330712));
#8913=CARTESIAN_POINT('',(10.5816917884398,15.8065042487268,-0.127165354330712));
#8914=CARTESIAN_POINT('',(10.5816917884398,15.9403625164433,-0.127165354330712));
#8915=CARTESIAN_POINT('',(10.5816917884398,15.8065042487268,-0.555062125632094));
#8916=CARTESIAN_POINT('',(10.5816917884398,15.8065042487268,-0.0681102362204754));
#8917=CARTESIAN_POINT('',(10.5816917884398,15.873433382585,-0.0681102362204754));
#8918=CARTESIAN_POINT('',(10.5816917884398,15.9403625164433,-0.0681102362204754));
#8919=CARTESIAN_POINT('',(10.5816917884398,15.9403625164433,-0.555062125632094));
#8920=CARTESIAN_POINT('',(11.5816917884397,15.8065042487268,-0.0681102362204754));
#8921=CARTESIAN_POINT('',(11.5816917884397,15.8065042487268,-0.0681102362204754));
#8922=CARTESIAN_POINT('',(11.5762540016426,15.8065042487268,-0.0681102362204754));
#8923=CARTESIAN_POINT('',(11.5762540016426,15.8065042487268,-0.0681102362204754));
#8924=CARTESIAN_POINT('',(11.5762540016426,15.8065042487268,-0.127165354330712));
#8925=CARTESIAN_POINT('',(11.5816917884397,15.8065042487268,-0.127165354330712));
#8926=CARTESIAN_POINT('',(11.5816917884397,15.873433382585,-0.0681102362204754));
#8927=CARTESIAN_POINT('',(11.5816917884397,15.9403625164433,-0.0681102362204754));
#8928=CARTESIAN_POINT('',(11.5762540016426,15.9403625164433,-0.0681102362204754));
#8929=CARTESIAN_POINT('',(11.5762540016426,15.873433382585,-0.0681102362204754));
#8930=CARTESIAN_POINT('',(10.5816917884398,15.9403625164433,-0.0681102362204754));
#8931=CARTESIAN_POINT('',(10.5816917884398,15.9403625164433,-0.0681102362204754));
#8932=CARTESIAN_POINT('',(10.5871295752369,15.9403625164433,-0.0681102362204754));
#8933=CARTESIAN_POINT('',(10.5871295752369,15.9403625164433,-0.0681102362204754));
#8934=CARTESIAN_POINT('',(10.5871295752369,15.9403625164433,-0.127165354330712));
#8935=CARTESIAN_POINT('',(10.5816917884398,15.9403625164433,-0.127165354330712));
#8936=CARTESIAN_POINT('',(10.5816917884398,15.873433382585,-0.0681102362204754));
#8937=CARTESIAN_POINT('',(10.5816917884398,15.8065042487268,-0.0681102362204754));
#8938=CARTESIAN_POINT('',(10.5871295752369,15.8065042487268,-0.0681102362204754));
#8939=CARTESIAN_POINT('',(10.5871295752369,15.9403625164433,-0.0681102362204754));
#8940=CARTESIAN_POINT('',(11.5762540016426,15.8065042487268,-0.0602362204724439));
#8941=CARTESIAN_POINT('',(11.5762540016426,15.9403625164433,-0.0681102362204754));
#8942=CARTESIAN_POINT('',(11.5762540016426,15.9403625164433,-0.0602362204724439));
#8943=CARTESIAN_POINT('',(11.5762540016426,15.8065042487268,-0.0602362204724439));
#8944=CARTESIAN_POINT('',(11.5762540016426,15.8065042487268,-0.0602362204724439));
#8945=CARTESIAN_POINT('',(11.5762540016426,15.8065042487268,-0.0681102362204754));
#8946=CARTESIAN_POINT('',(12.4816917884397,15.873433382585,-0.0602362204724439));
#8947=CARTESIAN_POINT('',(11.4816917884397,15.7750081857347,-0.0602362204724439));
#8948=CARTESIAN_POINT('',(11.5580697411957,15.7750081857347,-0.0602362204724439));
#8949=CARTESIAN_POINT('',(11.5053138356838,15.7750081857347,-0.0602362204724439));
#8950=CARTESIAN_POINT('',(11.5762540016426,15.8065042487268,-0.0602362204724439));
#8951=CARTESIAN_POINT('',(11.5762540016426,15.9403625164433,-0.0602362204724439));
#8952=CARTESIAN_POINT('',(11.5580697411957,15.9718585794354,-0.0602362204724439));
#8953=CARTESIAN_POINT('',(11.4816917884397,15.9718585794354,-0.0602362204724439));
#8954=CARTESIAN_POINT('',(11.5053138356838,15.9718585794354,-0.0602362204724439));
#8955=CARTESIAN_POINT('',(11.4871295752369,15.9403625164433,-0.0602362204724439));
#8956=CARTESIAN_POINT('',(11.4871295752369,15.9403625164433,-0.0602362204724439));
#8957=CARTESIAN_POINT('',(11.4871295752369,15.873433382585,-0.0602362204724439));
#8958=CARTESIAN_POINT('',(11.4871295752369,15.8065042487268,-0.0602362204724439));
#8959=CARTESIAN_POINT('',(11.4871295752369,15.8065042487268,-0.0602362204724439));
#8960=CARTESIAN_POINT('',(11.5442902136366,15.9108349573882,-0.0602362204724439));
#8961=CARTESIAN_POINT('',(11.5442902136366,15.9108349573882,-0.0602362204724439));
#8962=CARTESIAN_POINT('',(11.5190933632429,15.9108349573882,-0.0602362204724439));
#8963=CARTESIAN_POINT('',(11.5190933632429,15.873433382585,-0.0602362204724439));
#8964=CARTESIAN_POINT('',(11.5190933632429,15.9360318077819,-0.0602362204724439));
#8965=CARTESIAN_POINT('',(11.5190933632429,15.9360318077819,-0.0602362204724439));
#8966=CARTESIAN_POINT('',(11.5442902136366,15.9360318077819,-0.0602362204724439));
#8967=CARTESIAN_POINT('',(11.5442902136366,15.9360318077819,-0.0602362204724439));
#8968=CARTESIAN_POINT('',(11.5442902136366,15.8108349573882,-0.0602362204724439));
#8969=CARTESIAN_POINT('',(11.5442902136366,15.8360318077819,-0.0602362204724439));
#8970=CARTESIAN_POINT('',(11.5442902136366,15.8108349573882,-0.0602362204724439));
#8971=CARTESIAN_POINT('',(12.4816917884397,15.8108349573882,-0.0602362204724439));
#8972=CARTESIAN_POINT('',(11.5190933632429,15.8108349573882,-0.0602362204724439));
#8973=CARTESIAN_POINT('',(11.5190933632429,15.8360318077819,-0.0602362204724439));
#8974=CARTESIAN_POINT('',(11.5190933632429,15.8360318077819,-0.0602362204724439));
#8975=CARTESIAN_POINT('',(11.5442902136366,15.8360318077819,-0.0602362204724439));
#8976=CARTESIAN_POINT('',(11.5816917884397,15.8734333825851,-0.127165354330712));
#8977=CARTESIAN_POINT('',(11.5762540016426,15.8065042487268,-0.127165354330712));
#8978=CARTESIAN_POINT('',(11.5718492687547,15.7988750275712,-0.127165354330712));
#8979=CARTESIAN_POINT('',(11.5718492687547,15.8734333825851,-0.127165354330712));
#8980=CARTESIAN_POINT('',(11.5718492687547,15.9479917375989,-0.127165354330712));
#8981=CARTESIAN_POINT('',(11.5762540016426,15.9403625164433,-0.127165354330712));
#8982=CARTESIAN_POINT('',(11.5762540016426,15.9403625164433,-0.127165354330712));
#8983=CARTESIAN_POINT('',(11.5816917884397,15.9403625164433,-0.127165354330712));
#8984=CARTESIAN_POINT('',(11.4871295752369,15.9403625164433,-0.0602362204724439));
#8985=CARTESIAN_POINT('',(11.4871295752369,15.8065042487268,-0.0681102362204754));
#8986=CARTESIAN_POINT('',(11.4871295752369,15.8065042487268,-0.0681102362204754));
#8987=CARTESIAN_POINT('',(11.4871295752369,15.9403625164433,-0.0681102362204754));
#8988=CARTESIAN_POINT('',(11.4871295752369,15.9403625164433,-0.0681102362204754));
#8989=CARTESIAN_POINT('',(11.4871295752369,15.9403625164433,-0.0681102362204754));
#8990=CARTESIAN_POINT('',(11.5190933632429,15.9108349573882,-0.0602362204724439));
#8991=CARTESIAN_POINT('',(11.5190933632429,15.9360318077819,-0.0602362204724439));
#8992=CARTESIAN_POINT('',(11.5190933632429,15.9360318077819,-0.127165354330712));
#8993=CARTESIAN_POINT('',(11.5190933632429,15.9108349573882,-0.0602362204724439));
#8994=CARTESIAN_POINT('',(11.5190933632429,15.9108349573882,-0.127165354330712));
#8995=CARTESIAN_POINT('',(11.5190933632429,15.9108349573882,-0.127165354330712));
#8996=CARTESIAN_POINT('',(11.5190933632429,15.8108349573882,-0.0602362204724439));
#8997=CARTESIAN_POINT('',(11.5190933632429,15.8108349573882,-0.0602362204724439));
#8998=CARTESIAN_POINT('',(11.5190933632429,15.8108349573882,-0.127165354330712));
#8999=CARTESIAN_POINT('',(11.5442902136366,15.8108349573882,-0.0602362204724439));
#9000=CARTESIAN_POINT('',(11.5442902136366,15.8108349573882,-0.127165354330712));
#9001=CARTESIAN_POINT('',(11.5190933632429,15.8108349573882,-0.127165354330712));
#9002=CARTESIAN_POINT('',(11.5718492687547,15.9718585794354,-0.150787401574806));
#9003=CARTESIAN_POINT('',(11.5718492687547,15.9479917375989,-0.0681102362204754));
#9004=CARTESIAN_POINT('',(11.5718492687547,15.9479917375989,-0.135039370078743));
#9005=CARTESIAN_POINT('',(11.5718492687547,15.7988750275712,-0.0681102362204754));
#9006=CARTESIAN_POINT('',(11.5718492687547,15.7988750275712,-0.135039370078743));
#9007=CARTESIAN_POINT('',(11.5718492687547,15.9718585794354,-0.135039370078743));
#9008=CARTESIAN_POINT('',(11.4816917884397,15.873433382585,-0.0681102362204754));
#9009=CARTESIAN_POINT('',(11.4816917884398,15.9403625164433,-0.0681102362204754));
#9010=CARTESIAN_POINT('',(11.4762540016426,15.9403625164433,-0.0681102362204754));
#9011=CARTESIAN_POINT('',(11.4762540016426,15.8065042487268,-0.0681102362204754));
#9012=CARTESIAN_POINT('',(11.4762540016426,15.8065042487268,-0.0681102362204754));
#9013=CARTESIAN_POINT('',(11.4816917884398,15.8065042487268,-0.0681102362204754));
#9014=CARTESIAN_POINT('',(11.5151563553689,15.9295357447898,-0.131102362204727));
#9015=CARTESIAN_POINT('',(11.5190933632429,15.9108349573882,-0.127165354330712));
#9016=CARTESIAN_POINT('',(11.5112193474949,15.9029609416402,-0.135039370078744));
#9017=CARTESIAN_POINT('',(11.5112193474949,15.9295357447898,-0.135039370078745));
#9018=CARTESIAN_POINT('',(11.5112193474949,15.9439058235299,-0.135039370078744));
#9019=CARTESIAN_POINT('',(11.5112193474949,15.9439058235299,-0.135039370078743));
#9020=CARTESIAN_POINT('',(11.5190933632429,15.9360318077819,-0.0602362204724439));
#9021=CARTESIAN_POINT('',(11.5190933632429,15.9360318077819,-0.127165354330712));
#9022=CARTESIAN_POINT('',(11.5442902136366,15.9360318077819,-0.127165354330712));
#9023=CARTESIAN_POINT('',(11.5442902136366,15.9360318077819,-0.0602362204724439));
#9024=CARTESIAN_POINT('',(11.5442902136366,15.9108349573882,-0.0602362204724439));
#9025=CARTESIAN_POINT('',(11.5442902136366,15.9108349573882,-0.0602362204724439));
#9026=CARTESIAN_POINT('',(11.5442902136366,15.9108349573882,-0.127165354330712));
#9027=CARTESIAN_POINT('',(11.5442902136366,15.9108349573882,-0.127165354330712));
#9028=CARTESIAN_POINT('',(11.5003925758413,15.8068979495142,-0.131102362204727));
#9029=CARTESIAN_POINT('',(11.5112193474949,15.8029609416402,-0.135039370078742));
#9030=CARTESIAN_POINT('',(11.5112193474949,15.8029609416402,-0.135039370078743));
#9031=CARTESIAN_POINT('',(11.5442902136366,15.8108349573882,-0.12716535433071));
#9032=CARTESIAN_POINT('',(11.5521642293846,15.8029609416402,-0.135039370078744));
#9033=CARTESIAN_POINT('',(11.5003925758413,15.8029609416402,-0.135039370078742));
#9034=CARTESIAN_POINT('',(11.5190933632429,15.8360318077819,-0.0602362204724439));
#9035=CARTESIAN_POINT('',(11.5190933632429,15.8360318077819,-0.0602362204724439));
#9036=CARTESIAN_POINT('',(11.5190933632429,15.8360318077819,-0.127165354330711));
#9037=CARTESIAN_POINT('',(11.5190933632429,15.8360318077819,-0.127165354330712));
#9038=CARTESIAN_POINT('',(11.5442902136366,15.8108349573882,-0.0602362204724439));
#9039=CARTESIAN_POINT('',(11.5442902136366,15.8360318077819,-0.0602362204724439));
#9040=CARTESIAN_POINT('',(11.5442902136366,15.8360318077819,-0.127165354330711));
#9041=CARTESIAN_POINT('',(11.5442902136366,15.8108349573882,-0.127165354330712));
#9042=CARTESIAN_POINT('',(11.4816917884397,15.7986302329787,-0.135039370078743));
#9043=CARTESIAN_POINT('',(11.4816917884397,15.9482365321913,-0.135039370078743));
#9044=CARTESIAN_POINT('',(11.4916756403487,15.9482365321913,-0.135039370078743));
#9045=CARTESIAN_POINT('',(11.5717079365308,15.9482365321913,-0.135039370078743));
#9046=CARTESIAN_POINT('',(11.5762540016426,15.9403625164433,-0.135039370078743));
#9047=CARTESIAN_POINT('',(11.5762540016426,15.8065042487268,-0.135039370078743));
#9048=CARTESIAN_POINT('',(11.5717079365308,15.7986302329787,-0.135039370078743));
#9049=CARTESIAN_POINT('',(11.4816917884397,15.7986302329787,-0.135039370078743));
#9050=CARTESIAN_POINT('',(11.4916756403487,15.7986302329787,-0.135039370078743));
#9051=CARTESIAN_POINT('',(11.4871295752369,15.8065042487268,-0.135039370078743));
#9052=CARTESIAN_POINT('',(11.4915343081248,15.7988750275712,-0.135039370078743));
#9053=CARTESIAN_POINT('',(11.4915343081248,15.7986302329787,-0.135039370078743));
#9054=CARTESIAN_POINT('',(11.4915343081248,15.9479917375989,-0.135039370078743));
#9055=CARTESIAN_POINT('',(11.4871295752369,15.9403625164433,-0.135039370078743));
#9056=CARTESIAN_POINT('',(11.5521642293846,15.7986302329787,-0.135039370078743));
#9057=CARTESIAN_POINT('',(11.5521642293846,15.8439058235299,-0.135039370078744));
#9058=CARTESIAN_POINT('',(11.4816917884397,15.8439058235299,-0.135039370078743));
#9059=CARTESIAN_POINT('',(11.5112193474949,15.8439058235299,-0.135039370078743));
#9060=CARTESIAN_POINT('',(11.5112193474949,15.7986302329787,-0.135039370078743));
#9061=CARTESIAN_POINT('',(11.4816917884397,15.9029609416402,-0.135039370078743));
#9062=CARTESIAN_POINT('',(11.5521642293846,15.9029609416402,-0.135039370078744));
#9063=CARTESIAN_POINT('',(11.5521642293846,15.7986302329787,-0.135039370078743));
#9064=CARTESIAN_POINT('',(11.5521642293846,15.9439058235299,-0.135039370078744));
#9065=CARTESIAN_POINT('',(11.4816917884397,15.9439058235299,-0.135039370078743));
#9066=CARTESIAN_POINT('',(11.5129910010382,15.9068979495142,-0.131102362204727));
#9067=CARTESIAN_POINT('',(11.5442902136366,15.9108349573882,-0.127165354330713));
#9068=CARTESIAN_POINT('',(11.5003925758413,15.9399688156559,-0.131102362204727));
#9069=CARTESIAN_POINT('',(11.5521642293846,15.9439058235299,-0.135039370078743));
#9070=CARTESIAN_POINT('',(11.5442902136366,15.9360318077819,-0.0602362204724439));
#9071=CARTESIAN_POINT('',(11.5442902136366,15.9360318077819,-0.127165354330712));
#9072=CARTESIAN_POINT('',(11.5151563553689,15.8173310203803,-0.131102362204727));
#9073=CARTESIAN_POINT('',(11.5112193474949,15.8439058235299,-0.135039370078745));
#9074=CARTESIAN_POINT('',(11.5482272215106,15.8047325951835,-0.131102362204727));
#9075=CARTESIAN_POINT('',(11.5442902136366,15.8360318077819,-0.127165354330712));
#9076=CARTESIAN_POINT('',(11.5442902136366,15.8360318077819,-0.0602362204724439));
#9077=CARTESIAN_POINT('',(11.5442902136366,15.8360318077819,-0.127165354330712));
#9078=CARTESIAN_POINT('',(11.4816917884397,15.9482365321913,-0.158661417322838));
#9079=CARTESIAN_POINT('',(11.4916756403487,15.9482365321913,-0.0681102362204754));
#9080=CARTESIAN_POINT('',(11.4916756403487,15.9482365321913,-0.158661417322838));
#9081=CARTESIAN_POINT('',(11.4816917884397,15.9482365321913,-0.158661417322838));
#9082=CARTESIAN_POINT('',(11.5717079365308,15.9482365321913,-0.158661417322838));
#9083=CARTESIAN_POINT('',(11.5717079365308,15.9482365321913,-0.0681102362204754));
#9084=CARTESIAN_POINT('',(11.4915343081248,15.7750081857347,-0.150787401574806));
#9085=CARTESIAN_POINT('',(11.4915343081248,15.9479917375989,-0.0681102362204754));
#9086=CARTESIAN_POINT('',(11.4915343081248,15.9479917375989,-0.127165354330712));
#9087=CARTESIAN_POINT('',(11.4915343081248,15.7988750275712,-0.0681102362204754));
#9088=CARTESIAN_POINT('',(11.4915343081248,15.7988750275712,-0.127165354330712));
#9089=CARTESIAN_POINT('',(11.4915343081248,15.7750081857347,-0.127165354330712));
#9090=CARTESIAN_POINT('',(11.4816917884397,15.7986302329787,-0.158661417322838));
#9091=CARTESIAN_POINT('',(11.4916756403487,15.7986302329787,-0.0681102362204754));
#9092=CARTESIAN_POINT('',(11.4916756403487,15.7986302329787,-0.158661417322838));
#9093=CARTESIAN_POINT('',(11.5717079365308,15.7986302329787,-0.0681102362204754));
#9094=CARTESIAN_POINT('',(11.5717079365308,15.7986302329787,-0.158661417322838));
#9095=CARTESIAN_POINT('',(11.4816917884397,15.7986302329787,-0.158661417322838));
#9096=CARTESIAN_POINT('',(11.5129910010382,15.8399688156559,-0.131102362204727));
#9097=CARTESIAN_POINT('',(11.5482272215106,15.9421341699866,-0.131102362204727));
#9098=CARTESIAN_POINT('',(11.4816917884398,15.8065042487268,-0.0681102362204754));
#9099=CARTESIAN_POINT('',(11.4816917884398,15.8065042487268,-0.127165354330712));
#9100=CARTESIAN_POINT('',(11.4762540016426,15.8065042487268,-0.127165354330712));
#9101=CARTESIAN_POINT('',(11.4871295752369,15.8065042487268,-0.127165354330712));
#9102=CARTESIAN_POINT('',(11.4871295752369,15.8065042487268,-0.0681102362204754));
#9103=CARTESIAN_POINT('',(11.4762540016426,15.8065042487268,-0.0681102362204754));
#9104=CARTESIAN_POINT('',(11.4816917884397,15.8734333825851,-0.127165354330712));
#9105=CARTESIAN_POINT('',(11.4816917884397,15.9403625164433,-0.127165354330712));
#9106=CARTESIAN_POINT('',(11.4871295752369,15.9403625164433,-0.127165354330712));
#9107=CARTESIAN_POINT('',(11.4762540016426,15.9403625164433,-0.127165354330712));
#9108=CARTESIAN_POINT('',(11.4871295752369,15.9403625164433,-0.127165354330712));
#9109=CARTESIAN_POINT('',(11.4871295752369,15.8065042487268,-0.127165354330712));
#9110=CARTESIAN_POINT('',(11.4762540016426,15.8065042487268,-0.127165354330712));
#9111=CARTESIAN_POINT('',(11.4718492687547,15.7988750275712,-0.127165354330712));
#9112=CARTESIAN_POINT('',(11.4718492687547,15.9718585794354,-0.127165354330712));
#9113=CARTESIAN_POINT('',(11.4718492687547,15.9479917375989,-0.127165354330712));
#9114=CARTESIAN_POINT('',(11.4762540016426,15.9403625164433,-0.127165354330712));
#9115=CARTESIAN_POINT('',(11.4816917884398,15.9403625164433,-0.0681102362204754));
#9116=CARTESIAN_POINT('',(11.4762540016426,15.9403625164433,-0.0681102362204754));
#9117=CARTESIAN_POINT('',(11.4871295752369,15.9403625164433,-0.0681102362204754));
#9118=CARTESIAN_POINT('',(11.4816917884397,15.9718585794354,-0.158661417322838));
#9119=CARTESIAN_POINT('',(11.4916756403487,15.9482365321913,-0.158661417322838));
#9120=CARTESIAN_POINT('',(11.5053138356838,15.9718585794354,-0.158661417322838));
#9121=CARTESIAN_POINT('',(11.4816917884397,15.9718585794354,-0.158661417322838));
#9122=CARTESIAN_POINT('',(11.5580697411957,15.9718585794354,-0.158661417322838));
#9123=CARTESIAN_POINT('',(11.5762540016426,15.9403625164433,-0.158661417322838));
#9124=CARTESIAN_POINT('',(11.4816917884397,15.7750081857347,-0.158661417322838));
#9125=CARTESIAN_POINT('',(11.5053138356838,15.7750081857347,-0.158661417322838));
#9126=CARTESIAN_POINT('',(11.5053138356838,15.7750081857347,-0.158661417322838));
#9127=CARTESIAN_POINT('',(11.5762540016426,15.8065042487268,-0.158661417322838));
#9128=CARTESIAN_POINT('',(11.5580697411957,15.7750081857347,-0.158661417322838));
#9129=CARTESIAN_POINT('',(11.4816917884397,15.7750081857347,-0.158661417322838));
#9130=CARTESIAN_POINT('',(11.4871295752369,15.8065042487268,-0.0681102362204754));
#9131=CARTESIAN_POINT('',(11.5053138356838,15.7750081857347,-0.0681102362204754));
#9132=CARTESIAN_POINT('',(11.4871295752369,15.9403625164433,-0.0681102362204754));
#9133=CARTESIAN_POINT('',(11.5053138356838,15.9718585794354,-0.0681102362204754));
#9134=CARTESIAN_POINT('',(11.4816917884397,15.7750081857347,-0.0602362204724439));
#9135=CARTESIAN_POINT('',(11.5580697411957,15.7750081857347,-0.0602362204724439));
#9136=CARTESIAN_POINT('',(11.4816917884397,15.9718585794354,-0.0602362204724439));
#9137=CARTESIAN_POINT('',(11.5580697411957,15.9718585794354,-0.0602362204724439));
#9138=CARTESIAN_POINT('',(11.5762540016426,15.8065042487268,-0.0681102362204754));
#9139=CARTESIAN_POINT('',(11.5762540016426,15.9403625164433,-0.0681102362204754));
#9140=CARTESIAN_POINT('',(11.5762540016426,15.9403625164433,-0.0681102362204754));
#9141=CARTESIAN_POINT('',(11.5816917884397,15.9403625164433,-0.0681102362204754));
#9142=CARTESIAN_POINT('',(11.2816917884398,15.8734333825851,-0.0602362204724439));
#9143=CARTESIAN_POINT('',(10.9816917884398,15.9718585794354,-0.0602362204724439));
#9144=CARTESIAN_POINT('',(11.0053138356838,15.9718585794354,-0.0602362204724439));
#9145=CARTESIAN_POINT('',(11.0580697411957,15.9718585794354,-0.0602362204724439));
#9146=CARTESIAN_POINT('',(10.9871295752369,15.9403625164433,-0.0602362204724439));
#9147=CARTESIAN_POINT('',(10.9871295752369,15.9403625164433,-0.0602362204724439));
#9148=CARTESIAN_POINT('',(10.9871295752369,15.8734333825851,-0.0602362204724439));
#9149=CARTESIAN_POINT('',(10.9871295752369,15.8065042487268,-0.0602362204724439));
#9150=CARTESIAN_POINT('',(10.9871295752369,15.8065042487268,-0.0602362204724439));
#9151=CARTESIAN_POINT('',(11.0053138356838,15.7750081857347,-0.0602362204724439));
#9152=CARTESIAN_POINT('',(10.9816917884398,15.7750081857347,-0.0602362204724439));
#9153=CARTESIAN_POINT('',(11.0580697411957,15.7750081857347,-0.0602362204724439));
#9154=CARTESIAN_POINT('',(11.0762540016426,15.8065042487268,-0.0602362204724439));
#9155=CARTESIAN_POINT('',(11.0762540016426,15.8065042487268,-0.0602362204724439));
#9156=CARTESIAN_POINT('',(11.0762540016426,15.8734333825851,-0.0602362204724439));
#9157=CARTESIAN_POINT('',(11.0762540016426,15.9403625164433,-0.0602362204724439));
#9158=CARTESIAN_POINT('',(11.0762540016426,15.9403625164433,-0.0602362204724439));
#9159=CARTESIAN_POINT('',(11.0442902136366,15.8108349573882,-0.0602362204724439));
#9160=CARTESIAN_POINT('',(11.0442902136366,15.8360318077819,-0.0602362204724439));
#9161=CARTESIAN_POINT('',(11.0442902136366,15.8108349573882,-0.0602362204724439));
#9162=CARTESIAN_POINT('',(11.2816917884398,15.8108349573882,-0.0602362204724439));
#9163=CARTESIAN_POINT('',(11.0190933632429,15.8108349573882,-0.0602362204724439));
#9164=CARTESIAN_POINT('',(11.0190933632429,15.8360318077819,-0.0602362204724439));
#9165=CARTESIAN_POINT('',(11.0190933632429,15.8360318077819,-0.0602362204724439));
#9166=CARTESIAN_POINT('',(11.0442902136366,15.8360318077819,-0.0602362204724439));
#9167=CARTESIAN_POINT('',(11.0442902136366,15.9108349573882,-0.0602362204724439));
#9168=CARTESIAN_POINT('',(11.0442902136366,15.9108349573882,-0.0602362204724439));
#9169=CARTESIAN_POINT('',(11.0190933632429,15.9108349573882,-0.0602362204724439));
#9170=CARTESIAN_POINT('',(11.0190933632429,15.8734333825851,-0.0602362204724439));
#9171=CARTESIAN_POINT('',(11.0190933632429,15.9360318077819,-0.0602362204724439));
#9172=CARTESIAN_POINT('',(11.0190933632429,15.9360318077819,-0.0602362204724439));
#9173=CARTESIAN_POINT('',(11.0442902136366,15.9360318077819,-0.0602362204724439));
#9174=CARTESIAN_POINT('',(11.0442902136366,15.9360318077819,-0.0602362204724439));
#9175=CARTESIAN_POINT('',(11.0762540016426,15.8065042487268,-0.0602362204724439));
#9176=CARTESIAN_POINT('',(11.0762540016426,15.9403625164433,-0.0681102362204754));
#9177=CARTESIAN_POINT('',(11.0762540016426,15.9403625164433,-0.0681102362204754));
#9178=CARTESIAN_POINT('',(11.0762540016426,15.8065042487268,-0.0681102362204754));
#9179=CARTESIAN_POINT('',(11.0762540016426,15.8065042487268,-0.0681102362204754));
#9180=CARTESIAN_POINT('',(11.0762540016426,15.8065042487268,-0.0681102362204754));
#9181=CARTESIAN_POINT('',(10.9871295752369,15.9403625164433,-0.0602362204724439));
#9182=CARTESIAN_POINT('',(10.9871295752369,15.8065042487268,-0.0681102362204754));
#9183=CARTESIAN_POINT('',(10.9871295752369,15.8065042487268,-0.0681102362204754));
#9184=CARTESIAN_POINT('',(10.9871295752369,15.9403625164433,-0.0681102362204754));
#9185=CARTESIAN_POINT('',(10.9871295752369,15.9403625164433,-0.0681102362204754));
#9186=CARTESIAN_POINT('',(10.9871295752369,15.9403625164433,-0.0681102362204754));
#9187=CARTESIAN_POINT('',(11.0190933632429,15.8108349573882,-0.0602362204724439));
#9188=CARTESIAN_POINT('',(11.0190933632429,15.8108349573882,-0.0602362204724439));
#9189=CARTESIAN_POINT('',(11.0190933632429,15.8108349573882,-0.127165354330712));
#9190=CARTESIAN_POINT('',(11.0442902136366,15.8108349573882,-0.0602362204724439));
#9191=CARTESIAN_POINT('',(11.0442902136366,15.8108349573882,-0.127165354330712));
#9192=CARTESIAN_POINT('',(11.0190933632429,15.8108349573882,-0.127165354330712));
#9193=CARTESIAN_POINT('',(11.0190933632429,15.9108349573882,-0.0602362204724439));
#9194=CARTESIAN_POINT('',(11.0190933632429,15.9360318077819,-0.0602362204724439));
#9195=CARTESIAN_POINT('',(11.0190933632429,15.9360318077819,-0.127165354330712));
#9196=CARTESIAN_POINT('',(11.0190933632429,15.9108349573882,-0.0602362204724439));
#9197=CARTESIAN_POINT('',(11.0190933632429,15.9108349573882,-0.127165354330712));
#9198=CARTESIAN_POINT('',(11.0190933632429,15.9108349573882,-0.127165354330712));
#9199=CARTESIAN_POINT('',(11.0816917884398,15.873433382585,-0.0681102362204754));
#9200=CARTESIAN_POINT('',(11.0816917884398,15.9403625164433,-0.0681102362204754));
#9201=CARTESIAN_POINT('',(11.0871295752369,15.9403625164433,-0.0681102362204754));
#9202=CARTESIAN_POINT('',(11.0816917884398,15.8065042487268,-0.0681102362204754));
#9203=CARTESIAN_POINT('',(11.0871295752369,15.8065042487268,-0.0681102362204754));
#9204=CARTESIAN_POINT('',(11.0871295752369,15.873433382585,-0.0681102362204754));
#9205=CARTESIAN_POINT('',(10.9816917884398,15.873433382585,-0.0681102362204754));
#9206=CARTESIAN_POINT('',(10.9816917884398,15.9403625164433,-0.0681102362204754));
#9207=CARTESIAN_POINT('',(10.9762540016426,15.9403625164433,-0.0681102362204754));
#9208=CARTESIAN_POINT('',(10.9762540016426,15.873433382585,-0.0681102362204754));
#9209=CARTESIAN_POINT('',(10.9762540016426,15.8065042487268,-0.0681102362204754));
#9210=CARTESIAN_POINT('',(10.9816917884398,15.8065042487268,-0.0681102362204754));
#9211=CARTESIAN_POINT('',(11.0003925758413,15.8068979495142,-0.131102362204727));
#9212=CARTESIAN_POINT('',(11.0112193474949,15.8029609416402,-0.135039370078742));
#9213=CARTESIAN_POINT('',(11.0112193474949,15.8029609416402,-0.135039370078743));
#9214=CARTESIAN_POINT('',(11.0442902136366,15.8108349573882,-0.12716535433071));
#9215=CARTESIAN_POINT('',(11.0521642293846,15.8029609416402,-0.135039370078744));
#9216=CARTESIAN_POINT('',(11.0003925758413,15.8029609416402,-0.135039370078742));
#9217=CARTESIAN_POINT('',(11.0190933632429,15.8360318077819,-0.0602362204724439));
#9218=CARTESIAN_POINT('',(11.0190933632429,15.8360318077819,-0.0602362204724439));
#9219=CARTESIAN_POINT('',(11.0190933632429,15.8360318077819,-0.127165354330711));
#9220=CARTESIAN_POINT('',(11.0190933632429,15.8360318077819,-0.127165354330712));
#9221=CARTESIAN_POINT('',(11.0442902136366,15.8108349573882,-0.0602362204724439));
#9222=CARTESIAN_POINT('',(11.0442902136366,15.8360318077819,-0.0602362204724439));
#9223=CARTESIAN_POINT('',(11.0442902136366,15.8360318077819,-0.127165354330711));
#9224=CARTESIAN_POINT('',(11.0442902136366,15.8108349573882,-0.127165354330712));
#9225=CARTESIAN_POINT('',(11.0151563553689,15.9295357447898,-0.131102362204727));
#9226=CARTESIAN_POINT('',(11.0190933632429,15.9108349573882,-0.127165354330712));
#9227=CARTESIAN_POINT('',(11.0112193474949,15.9029609416402,-0.135039370078744));
#9228=CARTESIAN_POINT('',(11.0112193474949,15.9295357447898,-0.135039370078745));
#9229=CARTESIAN_POINT('',(11.0112193474949,15.9439058235299,-0.135039370078744));
#9230=CARTESIAN_POINT('',(11.0112193474949,15.9439058235299,-0.135039370078743));
#9231=CARTESIAN_POINT('',(11.0190933632429,15.9360318077819,-0.0602362204724439));
#9232=CARTESIAN_POINT('',(11.0190933632429,15.9360318077819,-0.127165354330712));
#9233=CARTESIAN_POINT('',(11.0442902136366,15.9360318077819,-0.127165354330712));
#9234=CARTESIAN_POINT('',(11.0442902136366,15.9360318077819,-0.0602362204724439));
#9235=CARTESIAN_POINT('',(11.0442902136366,15.9108349573882,-0.0602362204724439));
#9236=CARTESIAN_POINT('',(11.0442902136366,15.9108349573882,-0.0602362204724439));
#9237=CARTESIAN_POINT('',(11.0442902136366,15.9108349573882,-0.127165354330712));
#9238=CARTESIAN_POINT('',(11.0442902136366,15.9108349573882,-0.127165354330712));
#9239=CARTESIAN_POINT('',(11.0871295752369,15.9403625164433,-0.0602362204724439));
#9240=CARTESIAN_POINT('',(11.0871295752369,15.8065042487268,-0.0681102362204754));
#9241=CARTESIAN_POINT('',(11.0871295752369,15.8065042487268,-0.0602362204724439));
#9242=CARTESIAN_POINT('',(11.0871295752369,15.9403625164433,-0.0602362204724439));
#9243=CARTESIAN_POINT('',(11.0871295752369,15.9403625164433,-0.0602362204724439));
#9244=CARTESIAN_POINT('',(11.0871295752369,15.9403625164433,-0.0681102362204754));
#9245=CARTESIAN_POINT('',(10.9762540016426,15.8065042487268,-0.0602362204724439));
#9246=CARTESIAN_POINT('',(10.9762540016426,15.9403625164433,-0.0681102362204754));
#9247=CARTESIAN_POINT('',(10.9762540016426,15.9403625164433,-0.0602362204724439));
#9248=CARTESIAN_POINT('',(10.9762540016426,15.8065042487268,-0.0602362204724439));
#9249=CARTESIAN_POINT('',(10.9762540016426,15.8065042487268,-0.0602362204724439));
#9250=CARTESIAN_POINT('',(10.9762540016426,15.8065042487268,-0.0681102362204754));
#9251=CARTESIAN_POINT('',(11.0151563553689,15.8173310203803,-0.131102362204727));
#9252=CARTESIAN_POINT('',(11.0112193474949,15.8439058235299,-0.135039370078745));
#9253=CARTESIAN_POINT('',(11.0112193474949,15.8439058235299,-0.135039370078743));
#9254=CARTESIAN_POINT('',(11.0112193474949,15.8173310203803,-0.135039370078743));
#9255=CARTESIAN_POINT('',(10.9816917884398,15.7986302329788,-0.135039370078743));
#9256=CARTESIAN_POINT('',(10.9816917884398,15.9482365321914,-0.135039370078743));
#9257=CARTESIAN_POINT('',(10.9916756403487,15.9482365321914,-0.135039370078743));
#9258=CARTESIAN_POINT('',(11.0717079365309,15.9482365321914,-0.135039370078743));
#9259=CARTESIAN_POINT('',(11.0762540016426,15.9403625164433,-0.135039370078743));
#9260=CARTESIAN_POINT('',(11.0718492687547,15.9479917375989,-0.135039370078743));
#9261=CARTESIAN_POINT('',(11.0718492687547,15.7986302329788,-0.135039370078743));
#9262=CARTESIAN_POINT('',(11.0718492687547,15.7988750275712,-0.135039370078743));
#9263=CARTESIAN_POINT('',(11.0762540016426,15.8065042487268,-0.135039370078743));
#9264=CARTESIAN_POINT('',(11.0717079365309,15.7986302329788,-0.135039370078743));
#9265=CARTESIAN_POINT('',(10.9816917884398,15.7986302329788,-0.135039370078743));
#9266=CARTESIAN_POINT('',(10.9916756403487,15.7986302329788,-0.135039370078743));
#9267=CARTESIAN_POINT('',(10.9871295752369,15.8065042487268,-0.135039370078743));
#9268=CARTESIAN_POINT('',(10.9915343081248,15.7988750275712,-0.135039370078743));
#9269=CARTESIAN_POINT('',(10.9915343081248,15.7986302329788,-0.135039370078743));
#9270=CARTESIAN_POINT('',(10.9915343081248,15.9479917375989,-0.135039370078743));
#9271=CARTESIAN_POINT('',(10.9871295752369,15.9403625164433,-0.135039370078743));
#9272=CARTESIAN_POINT('',(11.0521642293846,15.7986302329788,-0.135039370078743));
#9273=CARTESIAN_POINT('',(11.0521642293846,15.8439058235299,-0.135039370078744));
#9274=CARTESIAN_POINT('',(10.9816917884398,15.8439058235299,-0.135039370078743));
#9275=CARTESIAN_POINT('',(10.9816917884398,15.9029609416402,-0.135039370078743));
#9276=CARTESIAN_POINT('',(11.0521642293846,15.9029609416402,-0.135039370078744));
#9277=CARTESIAN_POINT('',(11.0521642293846,15.7986302329788,-0.135039370078743));
#9278=CARTESIAN_POINT('',(11.0521642293846,15.9439058235299,-0.135039370078744));
#9279=CARTESIAN_POINT('',(10.9816917884398,15.9439058235299,-0.135039370078743));
#9280=CARTESIAN_POINT('',(11.0482272215106,15.8047325951835,-0.131102362204727));
#9281=CARTESIAN_POINT('',(11.0442902136366,15.8360318077819,-0.127165354330712));
#9282=CARTESIAN_POINT('',(11.0442902136366,15.8360318077819,-0.0602362204724439));
#9283=CARTESIAN_POINT('',(11.0442902136366,15.8360318077819,-0.127165354330712));
#9284=CARTESIAN_POINT('',(11.0129910010382,15.9068979495142,-0.131102362204727));
#9285=CARTESIAN_POINT('',(11.0442902136366,15.9108349573882,-0.127165354330713));
#9286=CARTESIAN_POINT('',(11.0003925758413,15.9399688156559,-0.131102362204727));
#9287=CARTESIAN_POINT('',(11.0521642293846,15.9439058235299,-0.135039370078743));
#9288=CARTESIAN_POINT('',(11.0442902136366,15.9360318077819,-0.0602362204724439));
#9289=CARTESIAN_POINT('',(11.0442902136366,15.9360318077819,-0.127165354330712));
#9290=CARTESIAN_POINT('',(11.2816917884398,15.8734333825851,-0.0602362204724439));
#9291=CARTESIAN_POINT('',(11.0816917884398,15.7750081857347,-0.0602362204724439));
#9292=CARTESIAN_POINT('',(11.1580697411957,15.7750081857347,-0.0602362204724439));
#9293=CARTESIAN_POINT('',(11.1053138356838,15.7750081857347,-0.0602362204724439));
#9294=CARTESIAN_POINT('',(11.1762540016426,15.8065042487268,-0.0602362204724439));
#9295=CARTESIAN_POINT('',(11.1762540016426,15.8065042487268,-0.0602362204724439));
#9296=CARTESIAN_POINT('',(11.1762540016426,15.8734333825851,-0.0602362204724439));
#9297=CARTESIAN_POINT('',(11.1762540016426,15.9403625164433,-0.0602362204724439));
#9298=CARTESIAN_POINT('',(11.1762540016426,15.9403625164433,-0.0602362204724439));
#9299=CARTESIAN_POINT('',(11.1580697411957,15.9718585794354,-0.0602362204724439));
#9300=CARTESIAN_POINT('',(11.0816917884398,15.9718585794354,-0.0602362204724439));
#9301=CARTESIAN_POINT('',(11.1053138356838,15.9718585794354,-0.0602362204724439));
#9302=CARTESIAN_POINT('',(11.0871295752369,15.9403625164433,-0.0602362204724439));
#9303=CARTESIAN_POINT('',(11.0871295752369,15.8065042487268,-0.0602362204724439));
#9304=CARTESIAN_POINT('',(11.1442902136366,15.8108349573882,-0.0602362204724439));
#9305=CARTESIAN_POINT('',(11.1442902136366,15.8360318077819,-0.0602362204724439));
#9306=CARTESIAN_POINT('',(11.1442902136366,15.8108349573882,-0.0602362204724439));
#9307=CARTESIAN_POINT('',(11.2816917884398,15.8108349573882,-0.0602362204724439));
#9308=CARTESIAN_POINT('',(11.1190933632429,15.8108349573882,-0.0602362204724439));
#9309=CARTESIAN_POINT('',(11.1190933632429,15.8360318077819,-0.0602362204724439));
#9310=CARTESIAN_POINT('',(11.1190933632429,15.8360318077819,-0.0602362204724439));
#9311=CARTESIAN_POINT('',(11.1442902136366,15.8360318077819,-0.0602362204724439));
#9312=CARTESIAN_POINT('',(11.1442902136366,15.9108349573882,-0.0602362204724439));
#9313=CARTESIAN_POINT('',(11.1442902136366,15.9108349573882,-0.0602362204724439));
#9314=CARTESIAN_POINT('',(11.1190933632429,15.9108349573882,-0.0602362204724439));
#9315=CARTESIAN_POINT('',(11.1190933632429,15.8734333825851,-0.0602362204724439));
#9316=CARTESIAN_POINT('',(11.1190933632429,15.9360318077819,-0.0602362204724439));
#9317=CARTESIAN_POINT('',(11.1190933632429,15.9360318077819,-0.0602362204724439));
#9318=CARTESIAN_POINT('',(11.1442902136366,15.9360318077819,-0.0602362204724439));
#9319=CARTESIAN_POINT('',(11.1442902136366,15.9360318077819,-0.0602362204724439));
#9320=CARTESIAN_POINT('',(11.2816917884398,15.8734333825851,-0.0602362204724439));
#9321=CARTESIAN_POINT('',(10.9442902136366,15.9108349573882,-0.0602362204724439));
#9322=CARTESIAN_POINT('',(10.9442902136366,15.9108349573882,-0.0602362204724439));
#9323=CARTESIAN_POINT('',(10.9190933632429,15.9108349573882,-0.0602362204724439));
#9324=CARTESIAN_POINT('',(10.9190933632429,15.8734333825851,-0.0602362204724439));
#9325=CARTESIAN_POINT('',(10.9190933632429,15.9360318077819,-0.0602362204724439));
#9326=CARTESIAN_POINT('',(10.9190933632429,15.9360318077819,-0.0602362204724439));
#9327=CARTESIAN_POINT('',(10.9442902136366,15.9360318077819,-0.0602362204724439));
#9328=CARTESIAN_POINT('',(10.9442902136366,15.9360318077819,-0.0602362204724439));
#9329=CARTESIAN_POINT('',(10.9442902136366,15.8108349573882,-0.0602362204724439));
#9330=CARTESIAN_POINT('',(10.9442902136366,15.8360318077819,-0.0602362204724439));
#9331=CARTESIAN_POINT('',(10.9442902136366,15.8108349573882,-0.0602362204724439));
#9332=CARTESIAN_POINT('',(11.2816917884398,15.8108349573882,-0.0602362204724439));
#9333=CARTESIAN_POINT('',(10.9190933632429,15.8108349573882,-0.0602362204724439));
#9334=CARTESIAN_POINT('',(10.9190933632429,15.8360318077819,-0.0602362204724439));
#9335=CARTESIAN_POINT('',(10.9190933632429,15.8360318077819,-0.0602362204724439));
#9336=CARTESIAN_POINT('',(10.9442902136366,15.8360318077819,-0.0602362204724439));
#9337=CARTESIAN_POINT('',(10.8816917884398,15.7750081857347,-0.0602362204724439));
#9338=CARTESIAN_POINT('',(10.9580697411957,15.7750081857347,-0.0602362204724439));
#9339=CARTESIAN_POINT('',(10.9053138356838,15.7750081857347,-0.0602362204724439));
#9340=CARTESIAN_POINT('',(10.9762540016426,15.8065042487268,-0.0602362204724439));
#9341=CARTESIAN_POINT('',(10.9762540016426,15.9403625164433,-0.0602362204724439));
#9342=CARTESIAN_POINT('',(10.9580697411957,15.9718585794354,-0.0602362204724439));
#9343=CARTESIAN_POINT('',(10.8816917884398,15.9718585794354,-0.0602362204724439));
#9344=CARTESIAN_POINT('',(10.9053138356838,15.9718585794354,-0.0602362204724439));
#9345=CARTESIAN_POINT('',(10.8871295752369,15.9403625164433,-0.0602362204724439));
#9346=CARTESIAN_POINT('',(10.8871295752369,15.9403625164433,-0.0602362204724439));
#9347=CARTESIAN_POINT('',(10.8871295752369,15.8734333825851,-0.0602362204724439));
#9348=CARTESIAN_POINT('',(10.8871295752369,15.8065042487268,-0.0602362204724439));
#9349=CARTESIAN_POINT('',(10.8871295752369,15.8065042487268,-0.0602362204724439));
#9350=CARTESIAN_POINT('',(11.0129910010382,15.8399688156559,-0.131102362204727));
#9351=CARTESIAN_POINT('',(10.9816917884398,15.9482365321914,-0.158661417322838));
#9352=CARTESIAN_POINT('',(10.9916756403487,15.9482365321914,-0.0681102362204754));
#9353=CARTESIAN_POINT('',(10.9916756403487,15.9482365321914,-0.158661417322838));
#9354=CARTESIAN_POINT('',(10.9816917884398,15.9482365321914,-0.158661417322838));
#9355=CARTESIAN_POINT('',(11.0717079365309,15.9482365321914,-0.158661417322838));
#9356=CARTESIAN_POINT('',(11.0717079365309,15.9482365321914,-0.0681102362204754));
#9357=CARTESIAN_POINT('',(10.9915343081248,15.7750081857347,-0.150787401574806));
#9358=CARTESIAN_POINT('',(10.9915343081248,15.9479917375989,-0.0681102362204754));
#9359=CARTESIAN_POINT('',(10.9915343081248,15.9479917375989,-0.127165354330712));
#9360=CARTESIAN_POINT('',(10.9915343081248,15.7988750275712,-0.0681102362204754));
#9361=CARTESIAN_POINT('',(10.9915343081248,15.7988750275712,-0.127165354330712));
#9362=CARTESIAN_POINT('',(10.9915343081248,15.7750081857347,-0.127165354330712));
#9363=CARTESIAN_POINT('',(10.9816917884398,15.7986302329788,-0.158661417322838));
#9364=CARTESIAN_POINT('',(10.9916756403487,15.7986302329788,-0.0681102362204754));
#9365=CARTESIAN_POINT('',(10.9916756403487,15.7986302329788,-0.158661417322838));
#9366=CARTESIAN_POINT('',(11.0717079365309,15.7986302329788,-0.0681102362204754));
#9367=CARTESIAN_POINT('',(11.0717079365309,15.7986302329788,-0.158661417322838));
#9368=CARTESIAN_POINT('',(10.9816917884398,15.7986302329788,-0.158661417322838));
#9369=CARTESIAN_POINT('',(11.0718492687547,15.9718585794354,-0.150787401574806));
#9370=CARTESIAN_POINT('',(11.0718492687547,15.9479917375989,-0.0681102362204754));
#9371=CARTESIAN_POINT('',(11.0718492687547,15.9479917375989,-0.127165354330712));
#9372=CARTESIAN_POINT('',(11.0718492687547,15.9718585794354,-0.127165354330712));
#9373=CARTESIAN_POINT('',(11.0718492687547,15.7988750275712,-0.127165354330712));
#9374=CARTESIAN_POINT('',(11.0718492687547,15.7988750275712,-0.0681102362204754));
#9375=CARTESIAN_POINT('',(11.0482272215106,15.9421341699866,-0.131102362204727));
#9376=CARTESIAN_POINT('',(11.1762540016426,15.8065042487268,-0.0602362204724439));
#9377=CARTESIAN_POINT('',(11.1762540016426,15.9403625164433,-0.0681102362204754));
#9378=CARTESIAN_POINT('',(11.1762540016426,15.9403625164433,-0.0681102362204754));
#9379=CARTESIAN_POINT('',(11.1762540016426,15.8065042487268,-0.0681102362204754));
#9380=CARTESIAN_POINT('',(11.1762540016426,15.8065042487268,-0.0681102362204754));
#9381=CARTESIAN_POINT('',(11.1762540016426,15.8065042487268,-0.0681102362204754));
#9382=CARTESIAN_POINT('',(11.1190933632429,15.8108349573882,-0.0602362204724439));
#9383=CARTESIAN_POINT('',(11.1190933632429,15.8108349573882,-0.0602362204724439));
#9384=CARTESIAN_POINT('',(11.1190933632429,15.8108349573882,-0.127165354330712));
#9385=CARTESIAN_POINT('',(11.1442902136366,15.8108349573882,-0.0602362204724439));
#9386=CARTESIAN_POINT('',(11.1442902136366,15.8108349573882,-0.127165354330712));
#9387=CARTESIAN_POINT('',(11.1190933632429,15.8108349573882,-0.127165354330712));
#9388=CARTESIAN_POINT('',(11.1190933632429,15.9108349573882,-0.0602362204724439));
#9389=CARTESIAN_POINT('',(11.1190933632429,15.9360318077819,-0.0602362204724439));
#9390=CARTESIAN_POINT('',(11.1190933632429,15.9360318077819,-0.127165354330712));
#9391=CARTESIAN_POINT('',(11.1190933632429,15.9108349573882,-0.0602362204724439));
#9392=CARTESIAN_POINT('',(11.1190933632429,15.9108349573882,-0.127165354330712));
#9393=CARTESIAN_POINT('',(11.1190933632429,15.9108349573882,-0.127165354330712));
#9394=CARTESIAN_POINT('',(10.9190933632429,15.9108349573882,-0.0602362204724439));
#9395=CARTESIAN_POINT('',(10.9190933632429,15.9360318077819,-0.0602362204724439));
#9396=CARTESIAN_POINT('',(10.9190933632429,15.9360318077819,-0.127165354330712));
#9397=CARTESIAN_POINT('',(10.9190933632429,15.9108349573882,-0.0602362204724439));
#9398=CARTESIAN_POINT('',(10.9190933632429,15.9108349573882,-0.127165354330712));
#9399=CARTESIAN_POINT('',(10.9190933632429,15.9108349573882,-0.127165354330712));
#9400=CARTESIAN_POINT('',(10.9190933632429,15.8108349573882,-0.0602362204724439));
#9401=CARTESIAN_POINT('',(10.9190933632429,15.8108349573882,-0.0602362204724439));
#9402=CARTESIAN_POINT('',(10.9190933632429,15.8108349573882,-0.127165354330712));
#9403=CARTESIAN_POINT('',(10.9442902136366,15.8108349573882,-0.0602362204724439));
#9404=CARTESIAN_POINT('',(10.9442902136366,15.8108349573882,-0.127165354330712));
#9405=CARTESIAN_POINT('',(10.9190933632429,15.8108349573882,-0.127165354330712));
#9406=CARTESIAN_POINT('',(10.8871295752369,15.9403625164433,-0.0602362204724439));
#9407=CARTESIAN_POINT('',(10.8871295752369,15.8065042487268,-0.0681102362204754));
#9408=CARTESIAN_POINT('',(10.8871295752369,15.8065042487268,-0.0681102362204754));
#9409=CARTESIAN_POINT('',(10.8871295752369,15.9403625164433,-0.0681102362204754));
#9410=CARTESIAN_POINT('',(10.8871295752369,15.9403625164433,-0.0681102362204754));
#9411=CARTESIAN_POINT('',(10.8871295752369,15.9403625164433,-0.0681102362204754));
#9412=CARTESIAN_POINT('',(10.9816917884398,15.9718585794354,-0.158661417322838));
#9413=CARTESIAN_POINT('',(10.9871295752369,15.9403625164433,-0.158661417322838));
#9414=CARTESIAN_POINT('',(11.0053138356838,15.9718585794354,-0.158661417322838));
#9415=CARTESIAN_POINT('',(10.9816917884398,15.9718585794354,-0.158661417322838));
#9416=CARTESIAN_POINT('',(11.0580697411957,15.9718585794354,-0.158661417322838));
#9417=CARTESIAN_POINT('',(11.0762540016426,15.9403625164433,-0.158661417322838));
#9418=CARTESIAN_POINT('',(10.9816917884398,15.8734333825851,-0.127165354330712));
#9419=CARTESIAN_POINT('',(10.9762540016426,15.9403625164433,-0.127165354330712));
#9420=CARTESIAN_POINT('',(10.9762540016426,15.9403625164433,-0.127165354330712));
#9421=CARTESIAN_POINT('',(10.9718492687547,15.9479917375989,-0.127165354330712));
#9422=CARTESIAN_POINT('',(10.9816917884398,15.9403625164433,-0.127165354330712));
#9423=CARTESIAN_POINT('',(10.9871295752369,15.9403625164433,-0.127165354330712));
#9424=CARTESIAN_POINT('',(10.9871295752369,15.9403625164433,-0.127165354330712));
#9425=CARTESIAN_POINT('',(10.9871295752369,15.8065042487268,-0.127165354330712));
#9426=CARTESIAN_POINT('',(10.9871295752369,15.8065042487268,-0.127165354330712));
#9427=CARTESIAN_POINT('',(10.9816917884398,15.8065042487268,-0.127165354330712));
#9428=CARTESIAN_POINT('',(10.9762540016426,15.8065042487268,-0.127165354330712));
#9429=CARTESIAN_POINT('',(10.9762540016426,15.8065042487268,-0.127165354330712));
#9430=CARTESIAN_POINT('',(10.9718492687547,15.7988750275712,-0.127165354330712));
#9431=CARTESIAN_POINT('',(10.9718492687547,15.8734333825851,-0.127165354330712));
#9432=CARTESIAN_POINT('',(10.9816917884398,15.7750081857347,-0.158661417322838));
#9433=CARTESIAN_POINT('',(10.9871295752369,15.8065042487268,-0.158661417322838));
#9434=CARTESIAN_POINT('',(11.0053138356838,15.7750081857347,-0.158661417322838));
#9435=CARTESIAN_POINT('',(11.0762540016426,15.8065042487268,-0.158661417322838));
#9436=CARTESIAN_POINT('',(11.0580697411957,15.7750081857347,-0.158661417322838));
#9437=CARTESIAN_POINT('',(10.9816917884398,15.7750081857347,-0.158661417322838));
#9438=CARTESIAN_POINT('',(11.0816917884398,15.8734333825851,-0.127165354330712));
#9439=CARTESIAN_POINT('',(11.0762540016426,15.9403625164433,-0.127165354330712));
#9440=CARTESIAN_POINT('',(11.0762540016426,15.9403625164433,-0.127165354330712));
#9441=CARTESIAN_POINT('',(11.0816917884398,15.9403625164433,-0.127165354330712));
#9442=CARTESIAN_POINT('',(11.0871295752369,15.9403625164433,-0.127165354330712));
#9443=CARTESIAN_POINT('',(11.0871295752369,15.9403625164433,-0.127165354330712));
#9444=CARTESIAN_POINT('',(11.0915343081248,15.9479917375989,-0.127165354330712));
#9445=CARTESIAN_POINT('',(11.0915343081248,15.8734333825851,-0.127165354330712));
#9446=CARTESIAN_POINT('',(11.0915343081248,15.7988750275712,-0.127165354330712));
#9447=CARTESIAN_POINT('',(11.0871295752369,15.8065042487268,-0.127165354330712));
#9448=CARTESIAN_POINT('',(11.0871295752369,15.8065042487268,-0.127165354330712));
#9449=CARTESIAN_POINT('',(11.0816917884398,15.8065042487268,-0.127165354330712));
#9450=CARTESIAN_POINT('',(11.0762540016426,15.8065042487268,-0.127165354330712));
#9451=CARTESIAN_POINT('',(11.0762540016426,15.8065042487268,-0.127165354330712));
#9452=CARTESIAN_POINT('',(11.1816917884398,15.873433382585,-0.0681102362204754));
#9453=CARTESIAN_POINT('',(11.1816917884398,15.9403625164433,-0.0681102362204754));
#9454=CARTESIAN_POINT('',(11.1871295752369,15.9403625164433,-0.0681102362204754));
#9455=CARTESIAN_POINT('',(11.1816917884398,15.8065042487268,-0.0681102362204754));
#9456=CARTESIAN_POINT('',(11.1871295752369,15.8065042487268,-0.0681102362204754));
#9457=CARTESIAN_POINT('',(11.1871295752369,15.873433382585,-0.0681102362204754));
#9458=CARTESIAN_POINT('',(11.1003925758413,15.8068979495142,-0.131102362204727));
#9459=CARTESIAN_POINT('',(11.1112193474949,15.8029609416402,-0.135039370078742));
#9460=CARTESIAN_POINT('',(11.1112193474949,15.8029609416402,-0.135039370078743));
#9461=CARTESIAN_POINT('',(11.1442902136366,15.8108349573882,-0.12716535433071));
#9462=CARTESIAN_POINT('',(11.1521642293846,15.8029609416402,-0.135039370078743));
#9463=CARTESIAN_POINT('',(11.1003925758413,15.8029609416402,-0.135039370078742));
#9464=CARTESIAN_POINT('',(11.1190933632429,15.8360318077819,-0.0602362204724439));
#9465=CARTESIAN_POINT('',(11.1190933632429,15.8360318077819,-0.0602362204724439));
#9466=CARTESIAN_POINT('',(11.1190933632429,15.8360318077819,-0.127165354330711));
#9467=CARTESIAN_POINT('',(11.1190933632429,15.8360318077819,-0.127165354330712));
#9468=CARTESIAN_POINT('',(11.1442902136366,15.8108349573882,-0.0602362204724439));
#9469=CARTESIAN_POINT('',(11.1442902136366,15.8360318077819,-0.0602362204724439));
#9470=CARTESIAN_POINT('',(11.1442902136366,15.8360318077819,-0.127165354330711));
#9471=CARTESIAN_POINT('',(11.1442902136366,15.8108349573882,-0.127165354330712));
#9472=CARTESIAN_POINT('',(11.1151563553689,15.9295357447898,-0.131102362204727));
#9473=CARTESIAN_POINT('',(11.1190933632429,15.9108349573882,-0.127165354330712));
#9474=CARTESIAN_POINT('',(11.1112193474949,15.9029609416402,-0.135039370078743));
#9475=CARTESIAN_POINT('',(11.1112193474949,15.9295357447898,-0.135039370078743));
#9476=CARTESIAN_POINT('',(11.1112193474949,15.9439058235299,-0.135039370078743));
#9477=CARTESIAN_POINT('',(11.1112193474949,15.9439058235299,-0.135039370078742));
#9478=CARTESIAN_POINT('',(11.1190933632429,15.9360318077819,-0.0602362204724439));
#9479=CARTESIAN_POINT('',(11.1190933632429,15.9360318077819,-0.127165354330712));
#9480=CARTESIAN_POINT('',(11.1442902136366,15.9360318077819,-0.127165354330712));
#9481=CARTESIAN_POINT('',(11.1442902136366,15.9360318077819,-0.0602362204724439));
#9482=CARTESIAN_POINT('',(11.1442902136366,15.9108349573882,-0.0602362204724439));
#9483=CARTESIAN_POINT('',(11.1442902136366,15.9108349573882,-0.0602362204724439));
#9484=CARTESIAN_POINT('',(11.1442902136366,15.9108349573882,-0.127165354330712));
#9485=CARTESIAN_POINT('',(11.1442902136366,15.9108349573882,-0.127165354330712));
#9486=CARTESIAN_POINT('',(10.9151563553689,15.9295357447898,-0.131102362204727));
#9487=CARTESIAN_POINT('',(10.9190933632429,15.9108349573882,-0.127165354330712));
#9488=CARTESIAN_POINT('',(10.9112193474949,15.9029609416402,-0.135039370078743));
#9489=CARTESIAN_POINT('',(10.9112193474949,15.9295357447898,-0.135039370078743));
#9490=CARTESIAN_POINT('',(10.9112193474949,15.9439058235299,-0.135039370078743));
#9491=CARTESIAN_POINT('',(10.9112193474949,15.9439058235299,-0.135039370078742));
#9492=CARTESIAN_POINT('',(10.9190933632429,15.9360318077819,-0.0602362204724439));
#9493=CARTESIAN_POINT('',(10.9190933632429,15.9360318077819,-0.127165354330712));
#9494=CARTESIAN_POINT('',(10.9442902136366,15.9360318077819,-0.127165354330712));
#9495=CARTESIAN_POINT('',(10.9442902136366,15.9360318077819,-0.0602362204724439));
#9496=CARTESIAN_POINT('',(10.9442902136366,15.9108349573882,-0.0602362204724439));
#9497=CARTESIAN_POINT('',(10.9442902136366,15.9108349573882,-0.0602362204724439));
#9498=CARTESIAN_POINT('',(10.9442902136366,15.9108349573882,-0.127165354330712));
#9499=CARTESIAN_POINT('',(10.9442902136366,15.9108349573882,-0.127165354330712));
#9500=CARTESIAN_POINT('',(10.9003925758413,15.8068979495142,-0.131102362204727));
#9501=CARTESIAN_POINT('',(10.9112193474949,15.8029609416402,-0.135039370078742));
#9502=CARTESIAN_POINT('',(10.9112193474949,15.8029609416402,-0.135039370078743));
#9503=CARTESIAN_POINT('',(10.9442902136366,15.8108349573882,-0.12716535433071));
#9504=CARTESIAN_POINT('',(10.9521642293846,15.8029609416402,-0.135039370078743));
#9505=CARTESIAN_POINT('',(10.9003925758413,15.8029609416402,-0.135039370078742));
#9506=CARTESIAN_POINT('',(10.9190933632429,15.8360318077819,-0.0602362204724439));
#9507=CARTESIAN_POINT('',(10.9190933632429,15.8360318077819,-0.0602362204724439));
#9508=CARTESIAN_POINT('',(10.9190933632429,15.8360318077819,-0.127165354330711));
#9509=CARTESIAN_POINT('',(10.9190933632429,15.8360318077819,-0.127165354330712));
#9510=CARTESIAN_POINT('',(10.9442902136366,15.8108349573882,-0.0602362204724439));
#9511=CARTESIAN_POINT('',(10.9442902136366,15.8360318077819,-0.0602362204724439));
#9512=CARTESIAN_POINT('',(10.9442902136366,15.8360318077819,-0.127165354330711));
#9513=CARTESIAN_POINT('',(10.9442902136366,15.8108349573882,-0.127165354330712));
#9514=CARTESIAN_POINT('',(10.8816917884398,15.873433382585,-0.0681102362204754));
#9515=CARTESIAN_POINT('',(10.8816917884398,15.9403625164433,-0.0681102362204754));
#9516=CARTESIAN_POINT('',(10.8762540016426,15.9403625164433,-0.0681102362204754));
#9517=CARTESIAN_POINT('',(10.8762540016426,15.873433382585,-0.0681102362204754));
#9518=CARTESIAN_POINT('',(10.8762540016426,15.8065042487268,-0.0681102362204754));
#9519=CARTESIAN_POINT('',(10.8816917884398,15.8065042487268,-0.0681102362204754));
#9520=CARTESIAN_POINT('',(10.9718492687547,15.9718585794354,-0.150787401574806));
#9521=CARTESIAN_POINT('',(10.9718492687547,15.9479917375989,-0.0681102362204754));
#9522=CARTESIAN_POINT('',(10.9718492687547,15.9479917375989,-0.135039370078743));
#9523=CARTESIAN_POINT('',(10.9718492687547,15.7988750275712,-0.0681102362204754));
#9524=CARTESIAN_POINT('',(10.9718492687547,15.7988750275712,-0.135039370078743));
#9525=CARTESIAN_POINT('',(10.9718492687547,15.9718585794354,-0.135039370078743));
#9526=CARTESIAN_POINT('',(11.0915343081248,15.7750081857347,-0.150787401574806));
#9527=CARTESIAN_POINT('',(11.0915343081248,15.9479917375989,-0.0681102362204754));
#9528=CARTESIAN_POINT('',(11.0915343081248,15.9479917375989,-0.135039370078743));
#9529=CARTESIAN_POINT('',(11.0915343081248,15.7750081857347,-0.135039370078743));
#9530=CARTESIAN_POINT('',(11.0915343081248,15.7988750275712,-0.135039370078743));
#9531=CARTESIAN_POINT('',(11.0915343081248,15.7988750275712,-0.0681102362204754));
#9532=CARTESIAN_POINT('',(11.1871295752369,15.9403625164433,-0.0602362204724439));
#9533=CARTESIAN_POINT('',(11.1871295752369,15.8065042487268,-0.0681102362204754));
#9534=CARTESIAN_POINT('',(11.1871295752369,15.8065042487268,-0.0602362204724439));
#9535=CARTESIAN_POINT('',(11.1871295752369,15.9403625164433,-0.0602362204724439));
#9536=CARTESIAN_POINT('',(11.1871295752369,15.9403625164433,-0.0602362204724439));
#9537=CARTESIAN_POINT('',(11.1871295752369,15.9403625164433,-0.0681102362204754));
#9538=CARTESIAN_POINT('',(11.1151563553689,15.8173310203803,-0.131102362204727));
#9539=CARTESIAN_POINT('',(11.1112193474949,15.8439058235299,-0.135039370078743));
#9540=CARTESIAN_POINT('',(11.1112193474949,15.8439058235299,-0.135039370078743));
#9541=CARTESIAN_POINT('',(11.1112193474949,15.8173310203803,-0.135039370078742));
#9542=CARTESIAN_POINT('',(11.0816917884398,15.7986302329788,-0.135039370078743));
#9543=CARTESIAN_POINT('',(11.0816917884398,15.9482365321914,-0.135039370078743));
#9544=CARTESIAN_POINT('',(11.0916756403487,15.9482365321914,-0.135039370078743));
#9545=CARTESIAN_POINT('',(11.1717079365309,15.9482365321914,-0.135039370078743));
#9546=CARTESIAN_POINT('',(11.1762540016426,15.9403625164433,-0.135039370078743));
#9547=CARTESIAN_POINT('',(11.1718492687547,15.9479917375989,-0.135039370078743));
#9548=CARTESIAN_POINT('',(11.1718492687547,15.7986302329788,-0.135039370078743));
#9549=CARTESIAN_POINT('',(11.1718492687547,15.7988750275712,-0.135039370078743));
#9550=CARTESIAN_POINT('',(11.1762540016426,15.8065042487268,-0.135039370078743));
#9551=CARTESIAN_POINT('',(11.1717079365309,15.7986302329788,-0.135039370078743));
#9552=CARTESIAN_POINT('',(11.0816917884398,15.7986302329788,-0.135039370078743));
#9553=CARTESIAN_POINT('',(11.0916756403487,15.7986302329788,-0.135039370078743));
#9554=CARTESIAN_POINT('',(11.0871295752369,15.8065042487268,-0.135039370078743));
#9555=CARTESIAN_POINT('',(11.0871295752369,15.9403625164433,-0.135039370078743));
#9556=CARTESIAN_POINT('',(11.1521642293846,15.7986302329788,-0.135039370078743));
#9557=CARTESIAN_POINT('',(11.1521642293846,15.8439058235299,-0.135039370078743));
#9558=CARTESIAN_POINT('',(11.0816917884398,15.8439058235299,-0.135039370078743));
#9559=CARTESIAN_POINT('',(11.0816917884398,15.9029609416402,-0.135039370078743));
#9560=CARTESIAN_POINT('',(11.1521642293846,15.9029609416402,-0.135039370078743));
#9561=CARTESIAN_POINT('',(11.1521642293846,15.7986302329788,-0.135039370078743));
#9562=CARTESIAN_POINT('',(11.1521642293846,15.9439058235299,-0.135039370078743));
#9563=CARTESIAN_POINT('',(11.0816917884398,15.9439058235299,-0.135039370078743));
#9564=CARTESIAN_POINT('',(11.1482272215106,15.8047325951835,-0.131102362204727));
#9565=CARTESIAN_POINT('',(11.1442902136366,15.8360318077819,-0.127165354330712));
#9566=CARTESIAN_POINT('',(11.1442902136366,15.8360318077819,-0.0602362204724439));
#9567=CARTESIAN_POINT('',(11.1442902136366,15.8360318077819,-0.127165354330712));
#9568=CARTESIAN_POINT('',(11.1129910010382,15.9068979495142,-0.131102362204727));
#9569=CARTESIAN_POINT('',(11.1442902136366,15.9108349573882,-0.127165354330713));
#9570=CARTESIAN_POINT('',(11.1003925758413,15.9399688156559,-0.131102362204727));
#9571=CARTESIAN_POINT('',(11.1521642293846,15.9439058235299,-0.135039370078743));
#9572=CARTESIAN_POINT('',(11.1442902136366,15.9360318077819,-0.0602362204724439));
#9573=CARTESIAN_POINT('',(11.1442902136366,15.9360318077819,-0.127165354330712));
#9574=CARTESIAN_POINT('',(10.9129910010382,15.9068979495142,-0.131102362204727));
#9575=CARTESIAN_POINT('',(10.9129910010382,15.9029609416402,-0.135039370078744));
#9576=CARTESIAN_POINT('',(10.9521642293846,15.9029609416402,-0.135039370078743));
#9577=CARTESIAN_POINT('',(10.9442902136366,15.9108349573882,-0.127165354330713));
#9578=CARTESIAN_POINT('',(10.9003925758413,15.9399688156559,-0.131102362204727));
#9579=CARTESIAN_POINT('',(10.9003925758413,15.9439058235299,-0.135039370078743));
#9580=CARTESIAN_POINT('',(10.9521642293846,15.9439058235299,-0.135039370078743));
#9581=CARTESIAN_POINT('',(10.9521642293846,15.9439058235299,-0.135039370078743));
#9582=CARTESIAN_POINT('',(10.8816917884398,15.7986302329788,-0.135039370078743));
#9583=CARTESIAN_POINT('',(10.8816917884398,15.9482365321914,-0.135039370078743));
#9584=CARTESIAN_POINT('',(10.8916756403487,15.9482365321914,-0.135039370078743));
#9585=CARTESIAN_POINT('',(10.9717079365309,15.9482365321914,-0.135039370078743));
#9586=CARTESIAN_POINT('',(10.9762540016426,15.9403625164433,-0.135039370078743));
#9587=CARTESIAN_POINT('',(10.9762540016426,15.8065042487268,-0.135039370078743));
#9588=CARTESIAN_POINT('',(10.9717079365309,15.7986302329788,-0.135039370078743));
#9589=CARTESIAN_POINT('',(10.8816917884398,15.7986302329788,-0.135039370078743));
#9590=CARTESIAN_POINT('',(10.8916756403487,15.7986302329788,-0.135039370078743));
#9591=CARTESIAN_POINT('',(10.8871295752369,15.8065042487268,-0.135039370078743));
#9592=CARTESIAN_POINT('',(10.8915343081248,15.7988750275712,-0.135039370078743));
#9593=CARTESIAN_POINT('',(10.8915343081248,15.7986302329788,-0.135039370078743));
#9594=CARTESIAN_POINT('',(10.8915343081248,15.9479917375989,-0.135039370078743));
#9595=CARTESIAN_POINT('',(10.8871295752369,15.9403625164433,-0.135039370078743));
#9596=CARTESIAN_POINT('',(10.9521642293846,15.7986302329788,-0.135039370078743));
#9597=CARTESIAN_POINT('',(10.9521642293846,15.8439058235299,-0.135039370078743));
#9598=CARTESIAN_POINT('',(10.8816917884398,15.8439058235299,-0.135039370078743));
#9599=CARTESIAN_POINT('',(10.9112193474949,15.8439058235299,-0.135039370078743));
#9600=CARTESIAN_POINT('',(10.9112193474949,15.7986302329788,-0.135039370078743));
#9601=CARTESIAN_POINT('',(10.9521642293846,15.7986302329788,-0.135039370078743));
#9602=CARTESIAN_POINT('',(10.9442902136366,15.9360318077819,-0.0602362204724439));
#9603=CARTESIAN_POINT('',(10.9442902136366,15.9360318077819,-0.127165354330712));
#9604=CARTESIAN_POINT('',(10.9151563553689,15.8173310203803,-0.131102362204727));
#9605=CARTESIAN_POINT('',(10.9112193474949,15.8439058235299,-0.135039370078743));
#9606=CARTESIAN_POINT('',(10.9482272215106,15.8047325951835,-0.131102362204727));
#9607=CARTESIAN_POINT('',(10.9442902136366,15.8360318077819,-0.127165354330712));
#9608=CARTESIAN_POINT('',(10.9442902136366,15.8360318077819,-0.0602362204724439));
#9609=CARTESIAN_POINT('',(10.9442902136366,15.8360318077819,-0.127165354330712));
#9610=CARTESIAN_POINT('',(10.8762540016426,15.8065042487268,-0.0602362204724439));
#9611=CARTESIAN_POINT('',(10.8762540016426,15.9403625164433,-0.0681102362204754));
#9612=CARTESIAN_POINT('',(10.8762540016426,15.9403625164433,-0.0602362204724439));
#9613=CARTESIAN_POINT('',(10.8762540016426,15.8065042487268,-0.0602362204724439));
#9614=CARTESIAN_POINT('',(10.8762540016426,15.8065042487268,-0.0602362204724439));
#9615=CARTESIAN_POINT('',(10.8762540016426,15.8065042487268,-0.0681102362204754));
#9616=CARTESIAN_POINT('',(11.2816917884398,15.8734333825851,-0.0602362204724439));
#9617=CARTESIAN_POINT('',(11.2442902136366,15.9108349573882,-0.0602362204724439));
#9618=CARTESIAN_POINT('',(11.2442902136366,15.9108349573882,-0.0602362204724439));
#9619=CARTESIAN_POINT('',(11.2190933632429,15.9108349573882,-0.0602362204724439));
#9620=CARTESIAN_POINT('',(11.2190933632429,15.8734333825851,-0.0602362204724439));
#9621=CARTESIAN_POINT('',(11.2190933632429,15.9360318077819,-0.0602362204724439));
#9622=CARTESIAN_POINT('',(11.2190933632429,15.9360318077819,-0.0602362204724439));
#9623=CARTESIAN_POINT('',(11.2442902136366,15.9360318077819,-0.0602362204724439));
#9624=CARTESIAN_POINT('',(11.2442902136366,15.9360318077819,-0.0602362204724439));
#9625=CARTESIAN_POINT('',(11.2442902136366,15.8108349573882,-0.0602362204724439));
#9626=CARTESIAN_POINT('',(11.2442902136366,15.8360318077819,-0.0602362204724439));
#9627=CARTESIAN_POINT('',(11.2442902136366,15.8108349573882,-0.0602362204724439));
#9628=CARTESIAN_POINT('',(11.2816917884398,15.8108349573882,-0.0602362204724439));
#9629=CARTESIAN_POINT('',(11.2190933632429,15.8108349573882,-0.0602362204724439));
#9630=CARTESIAN_POINT('',(11.2190933632429,15.8360318077819,-0.0602362204724439));
#9631=CARTESIAN_POINT('',(11.2190933632429,15.8360318077819,-0.0602362204724439));
#9632=CARTESIAN_POINT('',(11.2442902136366,15.8360318077819,-0.0602362204724439));
#9633=CARTESIAN_POINT('',(11.1816917884398,15.9718585794354,-0.0602362204724439));
#9634=CARTESIAN_POINT('',(11.2053138356838,15.9718585794354,-0.0602362204724439));
#9635=CARTESIAN_POINT('',(11.2580697411957,15.9718585794354,-0.0602362204724439));
#9636=CARTESIAN_POINT('',(11.1871295752369,15.9403625164433,-0.0602362204724439));
#9637=CARTESIAN_POINT('',(11.1871295752369,15.8065042487268,-0.0602362204724439));
#9638=CARTESIAN_POINT('',(11.2053138356838,15.7750081857347,-0.0602362204724439));
#9639=CARTESIAN_POINT('',(11.1816917884398,15.7750081857347,-0.0602362204724439));
#9640=CARTESIAN_POINT('',(11.2580697411957,15.7750081857347,-0.0602362204724439));
#9641=CARTESIAN_POINT('',(11.2762540016426,15.8065042487268,-0.0602362204724439));
#9642=CARTESIAN_POINT('',(11.2762540016426,15.8065042487268,-0.0602362204724439));
#9643=CARTESIAN_POINT('',(11.2762540016426,15.8734333825851,-0.0602362204724439));
#9644=CARTESIAN_POINT('',(11.2762540016426,15.9403625164433,-0.0602362204724439));
#9645=CARTESIAN_POINT('',(11.2762540016426,15.9403625164433,-0.0602362204724439));
#9646=CARTESIAN_POINT('',(11.1129910010382,15.8399688156559,-0.131102362204727));
#9647=CARTESIAN_POINT('',(11.0816917884398,15.9482365321914,-0.158661417322838));
#9648=CARTESIAN_POINT('',(11.0916756403487,15.9482365321914,-0.0681102362204754));
#9649=CARTESIAN_POINT('',(11.0916756403487,15.9482365321914,-0.158661417322838));
#9650=CARTESIAN_POINT('',(11.0816917884398,15.9482365321914,-0.158661417322838));
#9651=CARTESIAN_POINT('',(11.1717079365309,15.9482365321914,-0.158661417322838));
#9652=CARTESIAN_POINT('',(11.1717079365309,15.9482365321914,-0.0681102362204754));
#9653=CARTESIAN_POINT('',(11.0816917884398,15.7986302329788,-0.158661417322838));
#9654=CARTESIAN_POINT('',(11.0916756403487,15.7986302329788,-0.0681102362204754));
#9655=CARTESIAN_POINT('',(11.0916756403487,15.7986302329788,-0.158661417322838));
#9656=CARTESIAN_POINT('',(11.1717079365309,15.7986302329788,-0.0681102362204754));
#9657=CARTESIAN_POINT('',(11.1717079365309,15.7986302329788,-0.158661417322838));
#9658=CARTESIAN_POINT('',(11.0816917884398,15.7986302329788,-0.158661417322838));
#9659=CARTESIAN_POINT('',(11.1718492687547,15.9718585794354,-0.150787401574806));
#9660=CARTESIAN_POINT('',(11.1718492687547,15.9479917375989,-0.0681102362204754));
#9661=CARTESIAN_POINT('',(11.1718492687547,15.9479917375989,-0.127165354330712));
#9662=CARTESIAN_POINT('',(11.1718492687547,15.9718585794354,-0.127165354330712));
#9663=CARTESIAN_POINT('',(11.1718492687547,15.7988750275712,-0.127165354330712));
#9664=CARTESIAN_POINT('',(11.1718492687547,15.7988750275712,-0.0681102362204754));
#9665=CARTESIAN_POINT('',(11.1482272215106,15.9421341699866,-0.131102362204727));
#9666=CARTESIAN_POINT('',(10.9482272215106,15.9421341699866,-0.131102362204727));
#9667=CARTESIAN_POINT('',(10.8816917884398,15.9482365321914,-0.158661417322838));
#9668=CARTESIAN_POINT('',(10.8916756403487,15.9482365321914,-0.0681102362204754));
#9669=CARTESIAN_POINT('',(10.8916756403487,15.9482365321914,-0.158661417322838));
#9670=CARTESIAN_POINT('',(10.8816917884398,15.9482365321914,-0.158661417322838));
#9671=CARTESIAN_POINT('',(10.9717079365309,15.9482365321914,-0.158661417322838));
#9672=CARTESIAN_POINT('',(10.9717079365309,15.9482365321914,-0.0681102362204754));
#9673=CARTESIAN_POINT('',(10.8915343081248,15.7750081857347,-0.150787401574806));
#9674=CARTESIAN_POINT('',(10.8915343081248,15.9479917375989,-0.0681102362204754));
#9675=CARTESIAN_POINT('',(10.8915343081248,15.9479917375989,-0.127165354330712));
#9676=CARTESIAN_POINT('',(10.8915343081248,15.7988750275712,-0.0681102362204754));
#9677=CARTESIAN_POINT('',(10.8915343081248,15.7988750275712,-0.127165354330712));
#9678=CARTESIAN_POINT('',(10.8915343081248,15.7750081857347,-0.127165354330712));
#9679=CARTESIAN_POINT('',(10.8816917884398,15.7986302329788,-0.158661417322838));
#9680=CARTESIAN_POINT('',(10.8916756403487,15.7986302329788,-0.0681102362204754));
#9681=CARTESIAN_POINT('',(10.8916756403487,15.7986302329788,-0.158661417322838));
#9682=CARTESIAN_POINT('',(10.9717079365309,15.7986302329788,-0.0681102362204754));
#9683=CARTESIAN_POINT('',(10.9717079365309,15.7986302329788,-0.158661417322838));
#9684=CARTESIAN_POINT('',(10.8816917884398,15.7986302329788,-0.158661417322838));
#9685=CARTESIAN_POINT('',(10.9129910010382,15.8399688156559,-0.131102362204727));
#9686=CARTESIAN_POINT('',(11.2816917884398,15.8734333825851,-0.0602362204724439));
#9687=CARTESIAN_POINT('',(10.8442902136366,15.9108349573882,-0.0602362204724439));
#9688=CARTESIAN_POINT('',(10.8442902136366,15.9108349573882,-0.0602362204724439));
#9689=CARTESIAN_POINT('',(10.8190933632429,15.9108349573882,-0.0602362204724439));
#9690=CARTESIAN_POINT('',(10.8190933632429,15.8734333825851,-0.0602362204724439));
#9691=CARTESIAN_POINT('',(10.8190933632429,15.9360318077819,-0.0602362204724439));
#9692=CARTESIAN_POINT('',(10.8190933632429,15.9360318077819,-0.0602362204724439));
#9693=CARTESIAN_POINT('',(10.8442902136366,15.9360318077819,-0.0602362204724439));
#9694=CARTESIAN_POINT('',(10.8442902136366,15.9360318077819,-0.0602362204724439));
#9695=CARTESIAN_POINT('',(10.8442902136366,15.8108349573882,-0.0602362204724439));
#9696=CARTESIAN_POINT('',(10.8442902136366,15.8360318077819,-0.0602362204724439));
#9697=CARTESIAN_POINT('',(10.8442902136366,15.8108349573882,-0.0602362204724439));
#9698=CARTESIAN_POINT('',(11.2816917884398,15.8108349573882,-0.0602362204724439));
#9699=CARTESIAN_POINT('',(10.8190933632429,15.8108349573882,-0.0602362204724439));
#9700=CARTESIAN_POINT('',(10.8190933632429,15.8360318077819,-0.0602362204724439));
#9701=CARTESIAN_POINT('',(10.8190933632429,15.8360318077819,-0.0602362204724439));
#9702=CARTESIAN_POINT('',(10.8442902136366,15.8360318077819,-0.0602362204724439));
#9703=CARTESIAN_POINT('',(10.7816917884397,15.9718585794354,-0.0602362204724439));
#9704=CARTESIAN_POINT('',(10.8053138356838,15.9718585794354,-0.0602362204724439));
#9705=CARTESIAN_POINT('',(10.8580697411957,15.9718585794354,-0.0602362204724439));
#9706=CARTESIAN_POINT('',(10.7871295752369,15.9403625164433,-0.0602362204724439));
#9707=CARTESIAN_POINT('',(10.7871295752369,15.9403625164433,-0.0602362204724439));
#9708=CARTESIAN_POINT('',(10.7871295752369,15.8734333825851,-0.0602362204724439));
#9709=CARTESIAN_POINT('',(10.7871295752369,15.8065042487268,-0.0602362204724439));
#9710=CARTESIAN_POINT('',(10.7871295752369,15.8065042487268,-0.0602362204724439));
#9711=CARTESIAN_POINT('',(10.8053138356838,15.7750081857347,-0.0602362204724439));
#9712=CARTESIAN_POINT('',(10.7816917884397,15.7750081857347,-0.0602362204724439));
#9713=CARTESIAN_POINT('',(10.8580697411957,15.7750081857347,-0.0602362204724439));
#9714=CARTESIAN_POINT('',(10.8762540016426,15.8065042487268,-0.0602362204724439));
#9715=CARTESIAN_POINT('',(10.8762540016426,15.9403625164433,-0.0602362204724439));
#9716=CARTESIAN_POINT('',(11.2190933632429,15.9108349573882,-0.0602362204724439));
#9717=CARTESIAN_POINT('',(11.2190933632429,15.9360318077819,-0.0602362204724439));
#9718=CARTESIAN_POINT('',(11.2190933632429,15.9360318077819,-0.127165354330712));
#9719=CARTESIAN_POINT('',(11.2190933632429,15.9108349573882,-0.0602362204724439));
#9720=CARTESIAN_POINT('',(11.2190933632429,15.9108349573882,-0.127165354330712));
#9721=CARTESIAN_POINT('',(11.2190933632429,15.9108349573882,-0.127165354330712));
#9722=CARTESIAN_POINT('',(11.2190933632429,15.8108349573882,-0.0602362204724439));
#9723=CARTESIAN_POINT('',(11.2190933632429,15.8108349573882,-0.0602362204724439));
#9724=CARTESIAN_POINT('',(11.2190933632429,15.8108349573882,-0.127165354330712));
#9725=CARTESIAN_POINT('',(11.2442902136366,15.8108349573882,-0.0602362204724439));
#9726=CARTESIAN_POINT('',(11.2442902136366,15.8108349573882,-0.127165354330712));
#9727=CARTESIAN_POINT('',(11.2190933632429,15.8108349573882,-0.127165354330712));
#9728=CARTESIAN_POINT('',(11.2762540016426,15.8065042487268,-0.0602362204724439));
#9729=CARTESIAN_POINT('',(11.2762540016426,15.9403625164433,-0.0681102362204754));
#9730=CARTESIAN_POINT('',(11.2762540016426,15.9403625164433,-0.0681102362204754));
#9731=CARTESIAN_POINT('',(11.2762540016426,15.8065042487268,-0.0681102362204754));
#9732=CARTESIAN_POINT('',(11.2762540016426,15.8065042487268,-0.0681102362204754));
#9733=CARTESIAN_POINT('',(11.2762540016426,15.8065042487268,-0.0681102362204754));
#9734=CARTESIAN_POINT('',(11.0816917884398,15.9718585794354,-0.158661417322838));
#9735=CARTESIAN_POINT('',(11.0871295752369,15.9403625164433,-0.158661417322838));
#9736=CARTESIAN_POINT('',(11.1053138356838,15.9718585794354,-0.158661417322838));
#9737=CARTESIAN_POINT('',(11.0816917884398,15.9718585794354,-0.158661417322838));
#9738=CARTESIAN_POINT('',(11.1580697411957,15.9718585794354,-0.158661417322838));
#9739=CARTESIAN_POINT('',(11.1762540016426,15.9403625164433,-0.158661417322838));
#9740=CARTESIAN_POINT('',(11.0816917884398,15.7750081857347,-0.158661417322838));
#9741=CARTESIAN_POINT('',(11.0871295752369,15.8065042487268,-0.158661417322838));
#9742=CARTESIAN_POINT('',(11.1053138356838,15.7750081857347,-0.158661417322838));
#9743=CARTESIAN_POINT('',(11.1762540016426,15.8065042487268,-0.158661417322838));
#9744=CARTESIAN_POINT('',(11.1580697411957,15.7750081857347,-0.158661417322838));
#9745=CARTESIAN_POINT('',(11.0816917884398,15.7750081857347,-0.158661417322838));
#9746=CARTESIAN_POINT('',(11.1816917884398,15.8734333825851,-0.127165354330712));
#9747=CARTESIAN_POINT('',(11.1762540016426,15.9403625164433,-0.127165354330712));
#9748=CARTESIAN_POINT('',(11.1762540016426,15.9403625164433,-0.127165354330712));
#9749=CARTESIAN_POINT('',(11.1816917884398,15.9403625164433,-0.127165354330712));
#9750=CARTESIAN_POINT('',(11.1871295752369,15.9403625164433,-0.127165354330712));
#9751=CARTESIAN_POINT('',(11.1871295752369,15.9403625164433,-0.127165354330712));
#9752=CARTESIAN_POINT('',(11.1915343081248,15.9479917375989,-0.127165354330712));
#9753=CARTESIAN_POINT('',(11.1915343081248,15.8734333825851,-0.127165354330712));
#9754=CARTESIAN_POINT('',(11.1915343081248,15.7988750275712,-0.127165354330712));
#9755=CARTESIAN_POINT('',(11.1871295752369,15.8065042487268,-0.127165354330712));
#9756=CARTESIAN_POINT('',(11.1871295752369,15.8065042487268,-0.127165354330712));
#9757=CARTESIAN_POINT('',(11.1816917884398,15.8065042487268,-0.127165354330712));
#9758=CARTESIAN_POINT('',(11.1762540016426,15.8065042487268,-0.127165354330712));
#9759=CARTESIAN_POINT('',(11.1762540016426,15.8065042487268,-0.127165354330712));
#9760=CARTESIAN_POINT('',(10.8816917884398,15.9718585794354,-0.158661417322838));
#9761=CARTESIAN_POINT('',(10.8871295752369,15.9403625164433,-0.158661417322838));
#9762=CARTESIAN_POINT('',(10.9053138356838,15.9718585794354,-0.158661417322838));
#9763=CARTESIAN_POINT('',(10.8816917884398,15.9718585794354,-0.158661417322838));
#9764=CARTESIAN_POINT('',(10.9580697411957,15.9718585794354,-0.158661417322838));
#9765=CARTESIAN_POINT('',(10.9762540016426,15.9403625164433,-0.158661417322838));
#9766=CARTESIAN_POINT('',(10.8816917884398,15.8734333825851,-0.127165354330712));
#9767=CARTESIAN_POINT('',(10.8762540016426,15.9403625164433,-0.127165354330712));
#9768=CARTESIAN_POINT('',(10.8762540016426,15.9403625164433,-0.127165354330712));
#9769=CARTESIAN_POINT('',(10.8718492687547,15.9479917375989,-0.127165354330712));
#9770=CARTESIAN_POINT('',(10.8816917884398,15.9403625164433,-0.127165354330712));
#9771=CARTESIAN_POINT('',(10.8871295752369,15.9403625164433,-0.127165354330712));
#9772=CARTESIAN_POINT('',(10.8871295752369,15.9403625164433,-0.127165354330712));
#9773=CARTESIAN_POINT('',(10.8871295752369,15.8065042487268,-0.127165354330712));
#9774=CARTESIAN_POINT('',(10.8871295752369,15.8065042487268,-0.127165354330712));
#9775=CARTESIAN_POINT('',(10.8816917884398,15.8065042487268,-0.127165354330712));
#9776=CARTESIAN_POINT('',(10.8762540016426,15.8065042487268,-0.127165354330712));
#9777=CARTESIAN_POINT('',(10.8762540016426,15.8065042487268,-0.127165354330712));
#9778=CARTESIAN_POINT('',(10.8718492687547,15.7988750275712,-0.127165354330712));
#9779=CARTESIAN_POINT('',(10.8718492687547,15.8734333825851,-0.127165354330712));
#9780=CARTESIAN_POINT('',(10.8816917884398,15.7750081857347,-0.158661417322838));
#9781=CARTESIAN_POINT('',(10.8871295752369,15.8065042487268,-0.158661417322838));
#9782=CARTESIAN_POINT('',(10.9053138356838,15.7750081857347,-0.158661417322838));
#9783=CARTESIAN_POINT('',(10.9762540016426,15.8065042487268,-0.158661417322838));
#9784=CARTESIAN_POINT('',(10.9580697411957,15.7750081857347,-0.158661417322838));
#9785=CARTESIAN_POINT('',(10.8816917884398,15.7750081857347,-0.158661417322838));
#9786=CARTESIAN_POINT('',(10.8190933632429,15.9108349573882,-0.0602362204724439));
#9787=CARTESIAN_POINT('',(10.8190933632429,15.9360318077819,-0.0602362204724439));
#9788=CARTESIAN_POINT('',(10.8190933632429,15.9360318077819,-0.127165354330712));
#9789=CARTESIAN_POINT('',(10.8190933632429,15.9108349573882,-0.0602362204724439));
#9790=CARTESIAN_POINT('',(10.8190933632429,15.9108349573882,-0.127165354330712));
#9791=CARTESIAN_POINT('',(10.8190933632429,15.9108349573882,-0.127165354330712));
#9792=CARTESIAN_POINT('',(10.8190933632429,15.8108349573882,-0.0602362204724439));
#9793=CARTESIAN_POINT('',(10.8190933632429,15.8108349573882,-0.0602362204724439));
#9794=CARTESIAN_POINT('',(10.8190933632429,15.8108349573882,-0.127165354330712));
#9795=CARTESIAN_POINT('',(10.8442902136366,15.8108349573882,-0.0602362204724439));
#9796=CARTESIAN_POINT('',(10.8442902136366,15.8108349573882,-0.127165354330712));
#9797=CARTESIAN_POINT('',(10.8190933632429,15.8108349573882,-0.127165354330712));
#9798=CARTESIAN_POINT('',(10.7871295752369,15.9403625164433,-0.0602362204724439));
#9799=CARTESIAN_POINT('',(10.7871295752369,15.8065042487268,-0.0681102362204754));
#9800=CARTESIAN_POINT('',(10.7871295752369,15.8065042487268,-0.0681102362204754));
#9801=CARTESIAN_POINT('',(10.7871295752369,15.9403625164433,-0.0681102362204754));
#9802=CARTESIAN_POINT('',(10.7871295752369,15.9403625164433,-0.0681102362204754));
#9803=CARTESIAN_POINT('',(10.7871295752369,15.9403625164433,-0.0681102362204754));
#9804=CARTESIAN_POINT('',(11.2151563553689,15.9295357447898,-0.131102362204727));
#9805=CARTESIAN_POINT('',(11.2190933632429,15.9108349573882,-0.127165354330712));
#9806=CARTESIAN_POINT('',(11.2112193474949,15.9029609416402,-0.135039370078744));
#9807=CARTESIAN_POINT('',(11.2112193474949,15.9295357447898,-0.135039370078745));
#9808=CARTESIAN_POINT('',(11.2112193474949,15.9439058235299,-0.135039370078744));
#9809=CARTESIAN_POINT('',(11.2112193474949,15.9439058235299,-0.135039370078743));
#9810=CARTESIAN_POINT('',(11.2190933632429,15.9360318077819,-0.0602362204724439));
#9811=CARTESIAN_POINT('',(11.2190933632429,15.9360318077819,-0.127165354330712));
#9812=CARTESIAN_POINT('',(11.2442902136366,15.9360318077819,-0.127165354330712));
#9813=CARTESIAN_POINT('',(11.2442902136366,15.9360318077819,-0.0602362204724439));
#9814=CARTESIAN_POINT('',(11.2442902136366,15.9108349573882,-0.0602362204724439));
#9815=CARTESIAN_POINT('',(11.2442902136366,15.9108349573882,-0.0602362204724439));
#9816=CARTESIAN_POINT('',(11.2442902136366,15.9108349573882,-0.127165354330712));
#9817=CARTESIAN_POINT('',(11.2442902136366,15.9108349573882,-0.127165354330712));
#9818=CARTESIAN_POINT('',(11.2003925758413,15.8068979495142,-0.131102362204727));
#9819=CARTESIAN_POINT('',(11.2112193474949,15.8029609416402,-0.135039370078742));
#9820=CARTESIAN_POINT('',(11.2112193474949,15.8029609416402,-0.135039370078743));
#9821=CARTESIAN_POINT('',(11.2442902136366,15.8108349573882,-0.12716535433071));
#9822=CARTESIAN_POINT('',(11.2521642293846,15.8029609416402,-0.135039370078744));
#9823=CARTESIAN_POINT('',(11.2003925758413,15.8029609416402,-0.135039370078742));
#9824=CARTESIAN_POINT('',(11.2190933632429,15.8360318077819,-0.0602362204724439));
#9825=CARTESIAN_POINT('',(11.2190933632429,15.8360318077819,-0.0602362204724439));
#9826=CARTESIAN_POINT('',(11.2190933632429,15.8360318077819,-0.127165354330711));
#9827=CARTESIAN_POINT('',(11.2190933632429,15.8360318077819,-0.127165354330712));
#9828=CARTESIAN_POINT('',(11.2442902136366,15.8108349573882,-0.0602362204724439));
#9829=CARTESIAN_POINT('',(11.2442902136366,15.8360318077819,-0.0602362204724439));
#9830=CARTESIAN_POINT('',(11.2442902136366,15.8360318077819,-0.127165354330711));
#9831=CARTESIAN_POINT('',(11.2442902136366,15.8108349573882,-0.127165354330712));
#9832=CARTESIAN_POINT('',(11.2816917884398,15.873433382585,-0.0681102362204754));
#9833=CARTESIAN_POINT('',(11.2816917884398,15.9403625164433,-0.0681102362204754));
#9834=CARTESIAN_POINT('',(11.2871295752369,15.9403625164433,-0.0681102362204754));
#9835=CARTESIAN_POINT('',(11.2816917884398,15.8065042487268,-0.0681102362204754));
#9836=CARTESIAN_POINT('',(11.2871295752369,15.8065042487268,-0.0681102362204754));
#9837=CARTESIAN_POINT('',(11.2871295752369,15.873433382585,-0.0681102362204754));
#9838=CARTESIAN_POINT('',(11.1915343081248,15.7750081857347,-0.150787401574806));
#9839=CARTESIAN_POINT('',(11.1915343081248,15.9479917375989,-0.0681102362204754));
#9840=CARTESIAN_POINT('',(11.1915343081248,15.9479917375989,-0.135039370078743));
#9841=CARTESIAN_POINT('',(11.1915343081248,15.7750081857347,-0.135039370078743));
#9842=CARTESIAN_POINT('',(11.1915343081248,15.7988750275712,-0.135039370078743));
#9843=CARTESIAN_POINT('',(11.1915343081248,15.7988750275712,-0.0681102362204754));
#9844=CARTESIAN_POINT('',(10.8718492687547,15.9718585794354,-0.150787401574806));
#9845=CARTESIAN_POINT('',(10.8718492687547,15.9479917375989,-0.0681102362204754));
#9846=CARTESIAN_POINT('',(10.8718492687547,15.9479917375989,-0.135039370078743));
#9847=CARTESIAN_POINT('',(10.8718492687547,15.7988750275712,-0.0681102362204754));
#9848=CARTESIAN_POINT('',(10.8718492687547,15.7988750275712,-0.135039370078743));
#9849=CARTESIAN_POINT('',(10.8718492687547,15.9718585794354,-0.135039370078743));
#9850=CARTESIAN_POINT('',(10.8151563553689,15.9295357447898,-0.131102362204727));
#9851=CARTESIAN_POINT('',(10.8190933632429,15.9108349573882,-0.127165354330712));
#9852=CARTESIAN_POINT('',(10.8112193474949,15.9029609416402,-0.135039370078744));
#9853=CARTESIAN_POINT('',(10.8112193474949,15.9295357447898,-0.135039370078745));
#9854=CARTESIAN_POINT('',(10.8112193474949,15.9439058235299,-0.135039370078744));
#9855=CARTESIAN_POINT('',(10.8112193474949,15.9439058235299,-0.135039370078743));
#9856=CARTESIAN_POINT('',(10.8190933632429,15.9360318077819,-0.0602362204724439));
#9857=CARTESIAN_POINT('',(10.8190933632429,15.9360318077819,-0.127165354330712));
#9858=CARTESIAN_POINT('',(10.8442902136366,15.9360318077819,-0.127165354330712));
#9859=CARTESIAN_POINT('',(10.8442902136366,15.9360318077819,-0.0602362204724439));
#9860=CARTESIAN_POINT('',(10.8442902136366,15.9108349573882,-0.0602362204724439));
#9861=CARTESIAN_POINT('',(10.8442902136366,15.9108349573882,-0.0602362204724439));
#9862=CARTESIAN_POINT('',(10.8442902136366,15.9108349573882,-0.127165354330712));
#9863=CARTESIAN_POINT('',(10.8442902136366,15.9108349573882,-0.127165354330712));
#9864=CARTESIAN_POINT('',(10.8003925758413,15.8068979495142,-0.131102362204727));
#9865=CARTESIAN_POINT('',(10.8112193474949,15.8029609416402,-0.135039370078742));
#9866=CARTESIAN_POINT('',(10.8112193474949,15.8029609416402,-0.135039370078743));
#9867=CARTESIAN_POINT('',(10.8442902136366,15.8108349573882,-0.12716535433071));
#9868=CARTESIAN_POINT('',(10.8521642293846,15.8029609416402,-0.135039370078744));
#9869=CARTESIAN_POINT('',(10.8003925758413,15.8029609416402,-0.135039370078742));
#9870=CARTESIAN_POINT('',(10.8190933632429,15.8360318077819,-0.0602362204724439));
#9871=CARTESIAN_POINT('',(10.8190933632429,15.8360318077819,-0.0602362204724439));
#9872=CARTESIAN_POINT('',(10.8190933632429,15.8360318077819,-0.127165354330711));
#9873=CARTESIAN_POINT('',(10.8190933632429,15.8360318077819,-0.127165354330712));
#9874=CARTESIAN_POINT('',(10.8442902136366,15.8108349573882,-0.0602362204724439));
#9875=CARTESIAN_POINT('',(10.8442902136366,15.8360318077819,-0.0602362204724439));
#9876=CARTESIAN_POINT('',(10.8442902136366,15.8360318077819,-0.127165354330711));
#9877=CARTESIAN_POINT('',(10.8442902136366,15.8108349573882,-0.127165354330712));
#9878=CARTESIAN_POINT('',(10.7816917884397,15.873433382585,-0.0681102362204754));
#9879=CARTESIAN_POINT('',(10.7816917884397,15.9403625164433,-0.0681102362204754));
#9880=CARTESIAN_POINT('',(10.7762540016426,15.9403625164433,-0.0681102362204754));
#9881=CARTESIAN_POINT('',(10.7762540016426,15.873433382585,-0.0681102362204754));
#9882=CARTESIAN_POINT('',(10.7762540016426,15.8065042487268,-0.0681102362204754));
#9883=CARTESIAN_POINT('',(10.7816917884397,15.8065042487268,-0.0681102362204754));
#9884=CARTESIAN_POINT('',(11.2129910010382,15.9068979495142,-0.131102362204727));
#9885=CARTESIAN_POINT('',(11.2129910010382,15.9029609416402,-0.135039370078744));
#9886=CARTESIAN_POINT('',(11.2521642293846,15.9029609416402,-0.135039370078744));
#9887=CARTESIAN_POINT('',(11.2442902136366,15.9108349573882,-0.127165354330713));
#9888=CARTESIAN_POINT('',(11.2003925758413,15.9399688156559,-0.131102362204727));
#9889=CARTESIAN_POINT('',(11.2003925758413,15.9439058235299,-0.135039370078743));
#9890=CARTESIAN_POINT('',(11.2521642293846,15.9439058235299,-0.135039370078744));
#9891=CARTESIAN_POINT('',(11.2521642293846,15.9439058235299,-0.135039370078743));
#9892=CARTESIAN_POINT('',(11.1816917884398,15.7986302329788,-0.135039370078743));
#9893=CARTESIAN_POINT('',(11.1816917884398,15.9482365321914,-0.135039370078743));
#9894=CARTESIAN_POINT('',(11.1916756403487,15.9482365321914,-0.135039370078743));
#9895=CARTESIAN_POINT('',(11.2717079365309,15.9482365321914,-0.135039370078743));
#9896=CARTESIAN_POINT('',(11.2762540016426,15.9403625164433,-0.135039370078743));
#9897=CARTESIAN_POINT('',(11.2718492687547,15.9479917375989,-0.135039370078743));
#9898=CARTESIAN_POINT('',(11.2718492687547,15.7986302329788,-0.135039370078743));
#9899=CARTESIAN_POINT('',(11.2718492687547,15.7988750275712,-0.135039370078743));
#9900=CARTESIAN_POINT('',(11.2762540016426,15.8065042487268,-0.135039370078743));
#9901=CARTESIAN_POINT('',(11.2717079365309,15.7986302329788,-0.135039370078743));
#9902=CARTESIAN_POINT('',(11.1816917884398,15.7986302329788,-0.135039370078743));
#9903=CARTESIAN_POINT('',(11.1916756403487,15.7986302329788,-0.135039370078743));
#9904=CARTESIAN_POINT('',(11.1871295752369,15.8065042487268,-0.135039370078743));
#9905=CARTESIAN_POINT('',(11.1871295752369,15.9403625164433,-0.135039370078743));
#9906=CARTESIAN_POINT('',(11.2521642293846,15.7986302329788,-0.135039370078743));
#9907=CARTESIAN_POINT('',(11.2521642293846,15.8439058235299,-0.135039370078744));
#9908=CARTESIAN_POINT('',(11.1816917884398,15.8439058235299,-0.135039370078743));
#9909=CARTESIAN_POINT('',(11.2112193474949,15.8439058235299,-0.135039370078743));
#9910=CARTESIAN_POINT('',(11.2112193474949,15.7986302329788,-0.135039370078743));
#9911=CARTESIAN_POINT('',(11.2521642293846,15.7986302329788,-0.135039370078743));
#9912=CARTESIAN_POINT('',(11.2442902136366,15.9360318077819,-0.0602362204724439));
#9913=CARTESIAN_POINT('',(11.2442902136366,15.9360318077819,-0.127165354330712));
#9914=CARTESIAN_POINT('',(11.2151563553689,15.8173310203803,-0.131102362204727));
#9915=CARTESIAN_POINT('',(11.2112193474949,15.8439058235299,-0.135039370078745));
#9916=CARTESIAN_POINT('',(11.2482272215106,15.8047325951835,-0.131102362204727));
#9917=CARTESIAN_POINT('',(11.2442902136366,15.8360318077819,-0.127165354330712));
#9918=CARTESIAN_POINT('',(11.2442902136366,15.8360318077819,-0.0602362204724439));
#9919=CARTESIAN_POINT('',(11.2442902136366,15.8360318077819,-0.127165354330712));
#9920=CARTESIAN_POINT('',(11.2871295752369,15.9403625164433,-0.0602362204724439));
#9921=CARTESIAN_POINT('',(11.2871295752369,15.8065042487268,-0.0681102362204754));
#9922=CARTESIAN_POINT('',(11.2871295752369,15.8065042487268,-0.0602362204724439));
#9923=CARTESIAN_POINT('',(11.2871295752369,15.9403625164433,-0.0602362204724439));
#9924=CARTESIAN_POINT('',(11.2871295752369,15.9403625164433,-0.0602362204724439));
#9925=CARTESIAN_POINT('',(11.2871295752369,15.9403625164433,-0.0681102362204754));
#9926=CARTESIAN_POINT('',(10.7816917884397,15.7986302329788,-0.135039370078743));
#9927=CARTESIAN_POINT('',(10.7816917884397,15.9482365321914,-0.135039370078743));
#9928=CARTESIAN_POINT('',(10.7916756403487,15.9482365321914,-0.135039370078743));
#9929=CARTESIAN_POINT('',(10.8717079365309,15.9482365321914,-0.135039370078743));
#9930=CARTESIAN_POINT('',(10.8762540016426,15.9403625164433,-0.135039370078743));
#9931=CARTESIAN_POINT('',(10.8762540016426,15.8065042487268,-0.135039370078743));
#9932=CARTESIAN_POINT('',(10.8717079365309,15.7986302329788,-0.135039370078743));
#9933=CARTESIAN_POINT('',(10.7816917884397,15.7986302329788,-0.135039370078743));
#9934=CARTESIAN_POINT('',(10.7916756403487,15.7986302329788,-0.135039370078743));
#9935=CARTESIAN_POINT('',(10.7871295752369,15.8065042487268,-0.135039370078743));
#9936=CARTESIAN_POINT('',(10.7915343081248,15.7988750275712,-0.135039370078743));
#9937=CARTESIAN_POINT('',(10.7915343081248,15.7986302329788,-0.135039370078743));
#9938=CARTESIAN_POINT('',(10.7915343081248,15.9479917375989,-0.135039370078743));
#9939=CARTESIAN_POINT('',(10.7871295752369,15.9403625164433,-0.135039370078743));
#9940=CARTESIAN_POINT('',(10.8521642293846,15.7986302329788,-0.135039370078743));
#9941=CARTESIAN_POINT('',(10.8521642293846,15.8439058235299,-0.135039370078744));
#9942=CARTESIAN_POINT('',(10.7816917884397,15.8439058235299,-0.135039370078743));
#9943=CARTESIAN_POINT('',(10.8112193474949,15.8439058235299,-0.135039370078743));
#9944=CARTESIAN_POINT('',(10.8112193474949,15.7986302329788,-0.135039370078743));
#9945=CARTESIAN_POINT('',(10.7816917884397,15.9029609416402,-0.135039370078743));
#9946=CARTESIAN_POINT('',(10.8521642293846,15.9029609416402,-0.135039370078744));
#9947=CARTESIAN_POINT('',(10.8521642293846,15.7986302329788,-0.135039370078743));
#9948=CARTESIAN_POINT('',(10.8521642293846,15.9439058235299,-0.135039370078744));
#9949=CARTESIAN_POINT('',(10.7816917884397,15.9439058235299,-0.135039370078743));
#9950=CARTESIAN_POINT('',(10.8129910010382,15.9068979495142,-0.131102362204727));
#9951=CARTESIAN_POINT('',(10.8442902136366,15.9108349573882,-0.127165354330713));
#9952=CARTESIAN_POINT('',(10.8003925758413,15.9399688156559,-0.131102362204727));
#9953=CARTESIAN_POINT('',(10.8521642293846,15.9439058235299,-0.135039370078743));
#9954=CARTESIAN_POINT('',(10.8442902136366,15.9360318077819,-0.0602362204724439));
#9955=CARTESIAN_POINT('',(10.8442902136366,15.9360318077819,-0.127165354330712));
#9956=CARTESIAN_POINT('',(10.8151563553689,15.8173310203803,-0.131102362204727));
#9957=CARTESIAN_POINT('',(10.8112193474949,15.8439058235299,-0.135039370078745));
#9958=CARTESIAN_POINT('',(10.8482272215106,15.8047325951835,-0.131102362204727));
#9959=CARTESIAN_POINT('',(10.8442902136366,15.8360318077819,-0.127165354330712));
#9960=CARTESIAN_POINT('',(10.8442902136366,15.8360318077819,-0.0602362204724439));
#9961=CARTESIAN_POINT('',(10.8442902136366,15.8360318077819,-0.127165354330712));
#9962=CARTESIAN_POINT('',(10.7762540016426,15.8065042487268,-0.0602362204724439));
#9963=CARTESIAN_POINT('',(10.7762540016426,15.9403625164433,-0.0681102362204754));
#9964=CARTESIAN_POINT('',(10.7762540016426,15.9403625164433,-0.0602362204724439));
#9965=CARTESIAN_POINT('',(10.7762540016426,15.8065042487268,-0.0602362204724439));
#9966=CARTESIAN_POINT('',(10.7762540016426,15.8065042487268,-0.0602362204724439));
#9967=CARTESIAN_POINT('',(10.7762540016426,15.8065042487268,-0.0681102362204754));
#9968=CARTESIAN_POINT('',(11.2482272215106,15.9421341699866,-0.131102362204727));
#9969=CARTESIAN_POINT('',(11.1816917884398,15.9482365321914,-0.158661417322838));
#9970=CARTESIAN_POINT('',(11.1916756403487,15.9482365321914,-0.0681102362204754));
#9971=CARTESIAN_POINT('',(11.1916756403487,15.9482365321914,-0.158661417322838));
#9972=CARTESIAN_POINT('',(11.1816917884398,15.9482365321914,-0.158661417322838));
#9973=CARTESIAN_POINT('',(11.2717079365309,15.9482365321914,-0.158661417322838));
#9974=CARTESIAN_POINT('',(11.2717079365309,15.9482365321914,-0.0681102362204754));
#9975=CARTESIAN_POINT('',(11.1816917884398,15.7986302329788,-0.158661417322838));
#9976=CARTESIAN_POINT('',(11.1916756403487,15.7986302329788,-0.0681102362204754));
#9977=CARTESIAN_POINT('',(11.1916756403487,15.7986302329788,-0.158661417322838));
#9978=CARTESIAN_POINT('',(11.2717079365309,15.7986302329788,-0.0681102362204754));
#9979=CARTESIAN_POINT('',(11.2717079365309,15.7986302329788,-0.158661417322838));
#9980=CARTESIAN_POINT('',(11.1816917884398,15.7986302329788,-0.158661417322838));
#9981=CARTESIAN_POINT('',(11.2718492687547,15.9718585794354,-0.150787401574806));
#9982=CARTESIAN_POINT('',(11.2718492687547,15.9479917375989,-0.0681102362204754));
#9983=CARTESIAN_POINT('',(11.2718492687547,15.9479917375989,-0.127165354330712));
#9984=CARTESIAN_POINT('',(11.2718492687547,15.9718585794354,-0.127165354330712));
#9985=CARTESIAN_POINT('',(11.2718492687547,15.7988750275712,-0.127165354330712));
#9986=CARTESIAN_POINT('',(11.2718492687547,15.7988750275712,-0.0681102362204754));
#9987=CARTESIAN_POINT('',(11.2129910010382,15.8399688156559,-0.131102362204727));
#9988=CARTESIAN_POINT('',(11.2816917884398,15.8734333825851,-0.0602362204724439));
#9989=CARTESIAN_POINT('',(11.3442902136366,15.9108349573882,-0.0602362204724439));
#9990=CARTESIAN_POINT('',(11.3442902136366,15.9108349573882,-0.0602362204724439));
#9991=CARTESIAN_POINT('',(11.3190933632429,15.9108349573882,-0.0602362204724439));
#9992=CARTESIAN_POINT('',(11.3190933632429,15.8734333825851,-0.0602362204724439));
#9993=CARTESIAN_POINT('',(11.3190933632429,15.9360318077819,-0.0602362204724439));
#9994=CARTESIAN_POINT('',(11.3190933632429,15.9360318077819,-0.0602362204724439));
#9995=CARTESIAN_POINT('',(11.3442902136366,15.9360318077819,-0.0602362204724439));
#9996=CARTESIAN_POINT('',(11.3442902136366,15.9360318077819,-0.0602362204724439));
#9997=CARTESIAN_POINT('',(11.3442902136366,15.8108349573882,-0.0602362204724439));
#9998=CARTESIAN_POINT('',(11.3442902136366,15.8360318077819,-0.0602362204724439));
#9999=CARTESIAN_POINT('',(11.3442902136366,15.8108349573882,-0.0602362204724439));
#10000=CARTESIAN_POINT('',(11.2816917884398,15.8108349573882,-0.0602362204724439));
#10001=CARTESIAN_POINT('',(11.3190933632429,15.8108349573882,-0.0602362204724439));
#10002=CARTESIAN_POINT('',(11.3190933632429,15.8360318077819,-0.0602362204724439));
#10003=CARTESIAN_POINT('',(11.3190933632429,15.8360318077819,-0.0602362204724439));
#10004=CARTESIAN_POINT('',(11.3442902136366,15.8360318077819,-0.0602362204724439));
#10005=CARTESIAN_POINT('',(11.2816917884397,15.7750081857347,-0.0602362204724439));
#10006=CARTESIAN_POINT('',(11.3580697411957,15.7750081857347,-0.0602362204724439));
#10007=CARTESIAN_POINT('',(11.3053138356838,15.7750081857347,-0.0602362204724439));
#10008=CARTESIAN_POINT('',(11.3762540016426,15.8065042487268,-0.0602362204724439));
#10009=CARTESIAN_POINT('',(11.3762540016426,15.8065042487268,-0.0602362204724439));
#10010=CARTESIAN_POINT('',(11.3762540016426,15.8734333825851,-0.0602362204724439));
#10011=CARTESIAN_POINT('',(11.3762540016426,15.9403625164433,-0.0602362204724439));
#10012=CARTESIAN_POINT('',(11.3762540016426,15.9403625164433,-0.0602362204724439));
#10013=CARTESIAN_POINT('',(11.3580697411957,15.9718585794354,-0.0602362204724439));
#10014=CARTESIAN_POINT('',(11.2816917884397,15.9718585794354,-0.0602362204724439));
#10015=CARTESIAN_POINT('',(11.3053138356838,15.9718585794354,-0.0602362204724439));
#10016=CARTESIAN_POINT('',(11.2871295752369,15.9403625164433,-0.0602362204724439));
#10017=CARTESIAN_POINT('',(11.2871295752369,15.8065042487268,-0.0602362204724439));
#10018=CARTESIAN_POINT('',(10.7816917884397,15.9482365321914,-0.158661417322838));
#10019=CARTESIAN_POINT('',(10.7916756403487,15.9482365321914,-0.0681102362204754));
#10020=CARTESIAN_POINT('',(10.7916756403487,15.9482365321914,-0.158661417322838));
#10021=CARTESIAN_POINT('',(10.7816917884397,15.9482365321914,-0.158661417322838));
#10022=CARTESIAN_POINT('',(10.8717079365309,15.9482365321914,-0.158661417322838));
#10023=CARTESIAN_POINT('',(10.8717079365309,15.9482365321914,-0.0681102362204754));
#10024=CARTESIAN_POINT('',(10.7915343081248,15.7750081857347,-0.150787401574806));
#10025=CARTESIAN_POINT('',(10.7915343081248,15.9479917375989,-0.0681102362204754));
#10026=CARTESIAN_POINT('',(10.7915343081248,15.9479917375989,-0.127165354330712));
#10027=CARTESIAN_POINT('',(10.7915343081248,15.7988750275712,-0.0681102362204754));
#10028=CARTESIAN_POINT('',(10.7915343081248,15.7988750275712,-0.127165354330712));
#10029=CARTESIAN_POINT('',(10.7915343081248,15.7750081857347,-0.127165354330712));
#10030=CARTESIAN_POINT('',(10.7816917884397,15.7986302329788,-0.158661417322838));
#10031=CARTESIAN_POINT('',(10.7916756403487,15.7986302329788,-0.0681102362204754));
#10032=CARTESIAN_POINT('',(10.7916756403487,15.7986302329788,-0.158661417322838));
#10033=CARTESIAN_POINT('',(10.8717079365309,15.7986302329788,-0.0681102362204754));
#10034=CARTESIAN_POINT('',(10.8717079365309,15.7986302329788,-0.158661417322838));
#10035=CARTESIAN_POINT('',(10.7816917884397,15.7986302329788,-0.158661417322838));
#10036=CARTESIAN_POINT('',(10.8129910010382,15.8399688156559,-0.131102362204727));
#10037=CARTESIAN_POINT('',(10.8482272215106,15.9421341699866,-0.131102362204727));
#10038=CARTESIAN_POINT('',(11.2816917884398,15.8734333825851,-0.0602362204724439));
#10039=CARTESIAN_POINT('',(10.6816917884398,15.7750081857347,-0.0602362204724439));
#10040=CARTESIAN_POINT('',(10.7580697411957,15.7750081857347,-0.0602362204724439));
#10041=CARTESIAN_POINT('',(10.7053138356838,15.7750081857347,-0.0602362204724439));
#10042=CARTESIAN_POINT('',(10.7762540016426,15.8065042487268,-0.0602362204724439));
#10043=CARTESIAN_POINT('',(10.7762540016426,15.9403625164433,-0.0602362204724439));
#10044=CARTESIAN_POINT('',(10.7580697411957,15.9718585794354,-0.0602362204724439));
#10045=CARTESIAN_POINT('',(10.6816917884398,15.9718585794354,-0.0602362204724439));
#10046=CARTESIAN_POINT('',(10.7053138356838,15.9718585794354,-0.0602362204724439));
#10047=CARTESIAN_POINT('',(10.6871295752369,15.9403625164433,-0.0602362204724439));
#10048=CARTESIAN_POINT('',(10.6871295752369,15.9403625164433,-0.0602362204724439));
#10049=CARTESIAN_POINT('',(10.6871295752369,15.8734333825851,-0.0602362204724439));
#10050=CARTESIAN_POINT('',(10.6871295752369,15.8065042487268,-0.0602362204724439));
#10051=CARTESIAN_POINT('',(10.6871295752369,15.8065042487268,-0.0602362204724439));
#10052=CARTESIAN_POINT('',(10.7442902136366,15.8108349573882,-0.0602362204724439));
#10053=CARTESIAN_POINT('',(10.7442902136366,15.8360318077819,-0.0602362204724439));
#10054=CARTESIAN_POINT('',(10.7442902136366,15.8108349573882,-0.0602362204724439));
#10055=CARTESIAN_POINT('',(11.2816917884398,15.8108349573882,-0.0602362204724439));
#10056=CARTESIAN_POINT('',(10.7190933632429,15.8108349573882,-0.0602362204724439));
#10057=CARTESIAN_POINT('',(10.7190933632429,15.8360318077819,-0.0602362204724439));
#10058=CARTESIAN_POINT('',(10.7190933632429,15.8360318077819,-0.0602362204724439));
#10059=CARTESIAN_POINT('',(10.7442902136366,15.8360318077819,-0.0602362204724439));
#10060=CARTESIAN_POINT('',(10.7442902136366,15.9108349573882,-0.0602362204724439));
#10061=CARTESIAN_POINT('',(10.7442902136366,15.9108349573882,-0.0602362204724439));
#10062=CARTESIAN_POINT('',(10.7190933632429,15.9108349573882,-0.0602362204724439));
#10063=CARTESIAN_POINT('',(10.7190933632429,15.8734333825851,-0.0602362204724439));
#10064=CARTESIAN_POINT('',(10.7190933632429,15.9360318077819,-0.0602362204724439));
#10065=CARTESIAN_POINT('',(10.7190933632429,15.9360318077819,-0.0602362204724439));
#10066=CARTESIAN_POINT('',(10.7442902136366,15.9360318077819,-0.0602362204724439));
#10067=CARTESIAN_POINT('',(10.7442902136366,15.9360318077819,-0.0602362204724439));
#10068=CARTESIAN_POINT('',(11.1816917884398,15.9718585794354,-0.158661417322838));
#10069=CARTESIAN_POINT('',(11.1871295752369,15.9403625164433,-0.158661417322838));
#10070=CARTESIAN_POINT('',(11.2053138356838,15.9718585794354,-0.158661417322838));
#10071=CARTESIAN_POINT('',(11.1816917884398,15.9718585794354,-0.158661417322838));
#10072=CARTESIAN_POINT('',(11.2580697411957,15.9718585794354,-0.158661417322838));
#10073=CARTESIAN_POINT('',(11.2762540016426,15.9403625164433,-0.158661417322838));
#10074=CARTESIAN_POINT('',(11.1816917884398,15.7750081857347,-0.158661417322838));
#10075=CARTESIAN_POINT('',(11.1871295752369,15.8065042487268,-0.158661417322838));
#10076=CARTESIAN_POINT('',(11.2053138356838,15.7750081857347,-0.158661417322838));
#10077=CARTESIAN_POINT('',(11.2762540016426,15.8065042487268,-0.158661417322838));
#10078=CARTESIAN_POINT('',(11.2580697411957,15.7750081857347,-0.158661417322838));
#10079=CARTESIAN_POINT('',(11.1816917884398,15.7750081857347,-0.158661417322838));
#10080=CARTESIAN_POINT('',(11.2816917884398,15.8734333825851,-0.127165354330712));
#10081=CARTESIAN_POINT('',(11.2762540016426,15.9403625164433,-0.127165354330712));
#10082=CARTESIAN_POINT('',(11.2762540016426,15.9403625164433,-0.127165354330712));
#10083=CARTESIAN_POINT('',(11.2816917884398,15.9403625164433,-0.127165354330712));
#10084=CARTESIAN_POINT('',(11.2871295752369,15.9403625164433,-0.127165354330712));
#10085=CARTESIAN_POINT('',(11.2871295752369,15.9403625164433,-0.127165354330712));
#10086=CARTESIAN_POINT('',(11.2915343081248,15.9479917375989,-0.127165354330712));
#10087=CARTESIAN_POINT('',(11.2915343081248,15.8734333825851,-0.127165354330712));
#10088=CARTESIAN_POINT('',(11.2915343081248,15.7988750275712,-0.127165354330712));
#10089=CARTESIAN_POINT('',(11.2871295752369,15.8065042487268,-0.127165354330712));
#10090=CARTESIAN_POINT('',(11.2871295752369,15.8065042487268,-0.127165354330712));
#10091=CARTESIAN_POINT('',(11.2816917884398,15.8065042487268,-0.127165354330712));
#10092=CARTESIAN_POINT('',(11.2762540016426,15.8065042487268,-0.127165354330712));
#10093=CARTESIAN_POINT('',(11.2762540016426,15.8065042487268,-0.127165354330712));
#10094=CARTESIAN_POINT('',(11.3190933632429,15.9108349573882,-0.0602362204724439));
#10095=CARTESIAN_POINT('',(11.3190933632429,15.9360318077819,-0.0602362204724439));
#10096=CARTESIAN_POINT('',(11.3190933632429,15.9360318077819,-0.127165354330712));
#10097=CARTESIAN_POINT('',(11.3190933632429,15.9108349573882,-0.0602362204724439));
#10098=CARTESIAN_POINT('',(11.3190933632429,15.9108349573882,-0.127165354330712));
#10099=CARTESIAN_POINT('',(11.3190933632429,15.9108349573882,-0.127165354330712));
#10100=CARTESIAN_POINT('',(11.3190933632429,15.8108349573882,-0.0602362204724439));
#10101=CARTESIAN_POINT('',(11.3190933632429,15.8108349573882,-0.0602362204724439));
#10102=CARTESIAN_POINT('',(11.3190933632429,15.8108349573882,-0.127165354330712));
#10103=CARTESIAN_POINT('',(11.3442902136366,15.8108349573882,-0.0602362204724439));
#10104=CARTESIAN_POINT('',(11.3442902136366,15.8108349573882,-0.127165354330712));
#10105=CARTESIAN_POINT('',(11.3190933632429,15.8108349573882,-0.127165354330712));
#10106=CARTESIAN_POINT('',(11.3762540016426,15.8065042487268,-0.0602362204724439));
#10107=CARTESIAN_POINT('',(11.3762540016426,15.9403625164433,-0.0681102362204754));
#10108=CARTESIAN_POINT('',(11.3762540016426,15.9403625164433,-0.0681102362204754));
#10109=CARTESIAN_POINT('',(11.3762540016426,15.8065042487268,-0.0681102362204754));
#10110=CARTESIAN_POINT('',(11.3762540016426,15.8065042487268,-0.0681102362204754));
#10111=CARTESIAN_POINT('',(11.3762540016426,15.8065042487268,-0.0681102362204754));
#10112=CARTESIAN_POINT('',(10.7816917884397,15.9718585794354,-0.158661417322838));
#10113=CARTESIAN_POINT('',(10.7871295752369,15.9403625164433,-0.158661417322838));
#10114=CARTESIAN_POINT('',(10.8053138356838,15.9718585794354,-0.158661417322838));
#10115=CARTESIAN_POINT('',(10.7816917884397,15.9718585794354,-0.158661417322838));
#10116=CARTESIAN_POINT('',(10.8580697411957,15.9718585794354,-0.158661417322838));
#10117=CARTESIAN_POINT('',(10.8762540016426,15.9403625164433,-0.158661417322838));
#10118=CARTESIAN_POINT('',(10.7816917884398,15.8734333825851,-0.127165354330712));
#10119=CARTESIAN_POINT('',(10.7762540016426,15.9403625164433,-0.127165354330712));
#10120=CARTESIAN_POINT('',(10.7762540016426,15.9403625164433,-0.127165354330712));
#10121=CARTESIAN_POINT('',(10.7718492687547,15.9479917375989,-0.127165354330712));
#10122=CARTESIAN_POINT('',(10.7816917884397,15.9403625164433,-0.127165354330712));
#10123=CARTESIAN_POINT('',(10.7871295752369,15.9403625164433,-0.127165354330712));
#10124=CARTESIAN_POINT('',(10.7871295752369,15.9403625164433,-0.127165354330712));
#10125=CARTESIAN_POINT('',(10.7871295752369,15.8065042487268,-0.127165354330712));
#10126=CARTESIAN_POINT('',(10.7871295752369,15.8065042487268,-0.127165354330712));
#10127=CARTESIAN_POINT('',(10.7816917884397,15.8065042487268,-0.127165354330712));
#10128=CARTESIAN_POINT('',(10.7762540016426,15.8065042487268,-0.127165354330712));
#10129=CARTESIAN_POINT('',(10.7762540016426,15.8065042487268,-0.127165354330712));
#10130=CARTESIAN_POINT('',(10.7718492687547,15.7988750275712,-0.127165354330712));
#10131=CARTESIAN_POINT('',(10.7718492687547,15.8734333825851,-0.127165354330712));
#10132=CARTESIAN_POINT('',(10.7816917884397,15.7750081857347,-0.158661417322838));
#10133=CARTESIAN_POINT('',(10.7871295752369,15.8065042487268,-0.158661417322838));
#10134=CARTESIAN_POINT('',(10.8053138356838,15.7750081857347,-0.158661417322838));
#10135=CARTESIAN_POINT('',(10.8762540016426,15.8065042487268,-0.158661417322838));
#10136=CARTESIAN_POINT('',(10.8580697411957,15.7750081857347,-0.158661417322838));
#10137=CARTESIAN_POINT('',(10.7816917884397,15.7750081857347,-0.158661417322838));
#10138=CARTESIAN_POINT('',(10.6871295752369,15.9403625164433,-0.0602362204724439));
#10139=CARTESIAN_POINT('',(10.6871295752369,15.8065042487268,-0.0681102362204754));
#10140=CARTESIAN_POINT('',(10.6871295752369,15.8065042487268,-0.0681102362204754));
#10141=CARTESIAN_POINT('',(10.6871295752369,15.9403625164433,-0.0681102362204754));
#10142=CARTESIAN_POINT('',(10.6871295752369,15.9403625164433,-0.0681102362204754));
#10143=CARTESIAN_POINT('',(10.6871295752369,15.9403625164433,-0.0681102362204754));
#10144=CARTESIAN_POINT('',(10.7190933632429,15.8108349573882,-0.0602362204724439));
#10145=CARTESIAN_POINT('',(10.7190933632429,15.8108349573882,-0.0602362204724439));
#10146=CARTESIAN_POINT('',(10.7190933632429,15.8108349573882,-0.127165354330711));
#10147=CARTESIAN_POINT('',(10.7442902136366,15.8108349573882,-0.0602362204724439));
#10148=CARTESIAN_POINT('',(10.7442902136366,15.8108349573882,-0.127165354330713));
#10149=CARTESIAN_POINT('',(10.7190933632429,15.8108349573882,-0.127165354330712));
#10150=CARTESIAN_POINT('',(10.7190933632429,15.9108349573882,-0.0602362204724439));
#10151=CARTESIAN_POINT('',(10.7190933632429,15.9360318077819,-0.0602362204724439));
#10152=CARTESIAN_POINT('',(10.7190933632429,15.9360318077819,-0.127165354330712));
#10153=CARTESIAN_POINT('',(10.7190933632429,15.9108349573882,-0.0602362204724439));
#10154=CARTESIAN_POINT('',(10.7190933632429,15.9108349573882,-0.127165354330712));
#10155=CARTESIAN_POINT('',(10.7190933632429,15.9108349573882,-0.127165354330712));
#10156=CARTESIAN_POINT('',(11.2915343081248,15.7750081857347,-0.150787401574806));
#10157=CARTESIAN_POINT('',(11.2915343081248,15.9479917375989,-0.0681102362204754));
#10158=CARTESIAN_POINT('',(11.2915343081248,15.9479917375989,-0.135039370078743));
#10159=CARTESIAN_POINT('',(11.2915343081248,15.7750081857347,-0.135039370078743));
#10160=CARTESIAN_POINT('',(11.2915343081248,15.7988750275712,-0.135039370078743));
#10161=CARTESIAN_POINT('',(11.2915343081248,15.7988750275712,-0.0681102362204754));
#10162=CARTESIAN_POINT('',(11.3151563553689,15.9295357447898,-0.131102362204727));
#10163=CARTESIAN_POINT('',(11.3190933632429,15.9108349573882,-0.127165354330712));
#10164=CARTESIAN_POINT('',(11.3112193474949,15.9029609416402,-0.135039370078744));
#10165=CARTESIAN_POINT('',(11.3112193474949,15.9295357447898,-0.135039370078745));
#10166=CARTESIAN_POINT('',(11.3112193474949,15.9439058235299,-0.135039370078744));
#10167=CARTESIAN_POINT('',(11.3112193474949,15.9439058235299,-0.135039370078743));
#10168=CARTESIAN_POINT('',(11.3190933632429,15.9360318077819,-0.0602362204724439));
#10169=CARTESIAN_POINT('',(11.3190933632429,15.9360318077819,-0.127165354330712));
#10170=CARTESIAN_POINT('',(11.3442902136366,15.9360318077819,-0.127165354330712));
#10171=CARTESIAN_POINT('',(11.3442902136366,15.9360318077819,-0.0602362204724439));
#10172=CARTESIAN_POINT('',(11.3442902136366,15.9108349573882,-0.0602362204724439));
#10173=CARTESIAN_POINT('',(11.3442902136366,15.9108349573882,-0.0602362204724439));
#10174=CARTESIAN_POINT('',(11.3442902136366,15.9108349573882,-0.127165354330712));
#10175=CARTESIAN_POINT('',(11.3442902136366,15.9108349573882,-0.127165354330712));
#10176=CARTESIAN_POINT('',(11.3003925758413,15.8068979495142,-0.131102362204727));
#10177=CARTESIAN_POINT('',(11.3112193474949,15.8029609416402,-0.135039370078742));
#10178=CARTESIAN_POINT('',(11.3112193474949,15.8029609416402,-0.135039370078743));
#10179=CARTESIAN_POINT('',(11.3442902136366,15.8108349573882,-0.12716535433071));
#10180=CARTESIAN_POINT('',(11.3521642293846,15.8029609416402,-0.135039370078744));
#10181=CARTESIAN_POINT('',(11.3003925758413,15.8029609416402,-0.135039370078742));
#10182=CARTESIAN_POINT('',(11.3190933632429,15.8360318077819,-0.0602362204724439));
#10183=CARTESIAN_POINT('',(11.3190933632429,15.8360318077819,-0.0602362204724439));
#10184=CARTESIAN_POINT('',(11.3190933632429,15.8360318077819,-0.127165354330711));
#10185=CARTESIAN_POINT('',(11.3190933632429,15.8360318077819,-0.127165354330712));
#10186=CARTESIAN_POINT('',(11.3442902136366,15.8108349573882,-0.0602362204724439));
#10187=CARTESIAN_POINT('',(11.3442902136366,15.8360318077819,-0.0602362204724439));
#10188=CARTESIAN_POINT('',(11.3442902136366,15.8360318077819,-0.127165354330711));
#10189=CARTESIAN_POINT('',(11.3442902136366,15.8108349573882,-0.127165354330712));
#10190=CARTESIAN_POINT('',(11.3816917884398,15.873433382585,-0.0681102362204754));
#10191=CARTESIAN_POINT('',(11.3816917884398,15.9403625164433,-0.0681102362204754));
#10192=CARTESIAN_POINT('',(11.3871295752369,15.9403625164433,-0.0681102362204754));
#10193=CARTESIAN_POINT('',(11.3816917884398,15.8065042487268,-0.0681102362204754));
#10194=CARTESIAN_POINT('',(11.3871295752369,15.8065042487268,-0.0681102362204754));
#10195=CARTESIAN_POINT('',(11.3871295752369,15.873433382585,-0.0681102362204754));
#10196=CARTESIAN_POINT('',(10.7718492687547,15.9718585794354,-0.150787401574806));
#10197=CARTESIAN_POINT('',(10.7718492687547,15.9479917375989,-0.0681102362204754));
#10198=CARTESIAN_POINT('',(10.7718492687547,15.9479917375989,-0.135039370078743));
#10199=CARTESIAN_POINT('',(10.7718492687547,15.7988750275712,-0.0681102362204754));
#10200=CARTESIAN_POINT('',(10.7718492687547,15.7988750275712,-0.135039370078743));
#10201=CARTESIAN_POINT('',(10.7718492687547,15.9718585794354,-0.135039370078743));
#10202=CARTESIAN_POINT('',(10.6816917884398,15.873433382585,-0.0681102362204754));
#10203=CARTESIAN_POINT('',(10.6816917884398,15.9403625164433,-0.0681102362204754));
#10204=CARTESIAN_POINT('',(10.6762540016426,15.9403625164433,-0.0681102362204754));
#10205=CARTESIAN_POINT('',(10.6762540016426,15.873433382585,-0.0681102362204754));
#10206=CARTESIAN_POINT('',(10.6762540016426,15.8065042487268,-0.0681102362204754));
#10207=CARTESIAN_POINT('',(10.6816917884398,15.8065042487268,-0.0681102362204754));
#10208=CARTESIAN_POINT('',(10.7003925758413,15.8068979495142,-0.131102362204727));
#10209=CARTESIAN_POINT('',(10.7112193474949,15.8029609416402,-0.135039370078742));
#10210=CARTESIAN_POINT('',(10.7112193474949,15.8029609416402,-0.135039370078743));
#10211=CARTESIAN_POINT('',(10.7442902136366,15.8108349573882,-0.12716535433071));
#10212=CARTESIAN_POINT('',(10.7521642293846,15.8029609416402,-0.135039370078744));
#10213=CARTESIAN_POINT('',(10.7003925758413,15.8029609416402,-0.135039370078742));
#10214=CARTESIAN_POINT('',(10.7190933632429,15.8360318077819,-0.0602362204724439));
#10215=CARTESIAN_POINT('',(10.7190933632429,15.8360318077819,-0.0602362204724439));
#10216=CARTESIAN_POINT('',(10.7190933632429,15.8360318077819,-0.127165354330711));
#10217=CARTESIAN_POINT('',(10.7190933632429,15.8360318077819,-0.127165354330712));
#10218=CARTESIAN_POINT('',(10.7442902136366,15.8108349573882,-0.0602362204724439));
#10219=CARTESIAN_POINT('',(10.7442902136366,15.8360318077819,-0.0602362204724439));
#10220=CARTESIAN_POINT('',(10.7442902136366,15.8360318077819,-0.127165354330712));
#10221=CARTESIAN_POINT('',(10.7442902136366,15.8108349573882,-0.127165354330712));
#10222=CARTESIAN_POINT('',(10.7151563553689,15.9295357447898,-0.131102362204727));
#10223=CARTESIAN_POINT('',(10.7190933632429,15.9108349573882,-0.12716535433071));
#10224=CARTESIAN_POINT('',(10.7112193474949,15.9029609416402,-0.135039370078744));
#10225=CARTESIAN_POINT('',(10.7112193474949,15.9295357447898,-0.135039370078745));
#10226=CARTESIAN_POINT('',(10.7112193474949,15.9439058235299,-0.135039370078743));
#10227=CARTESIAN_POINT('',(10.7112193474949,15.9439058235299,-0.135039370078742));
#10228=CARTESIAN_POINT('',(10.7190933632429,15.9360318077819,-0.0602362204724439));
#10229=CARTESIAN_POINT('',(10.7190933632429,15.9360318077819,-0.127165354330712));
#10230=CARTESIAN_POINT('',(10.7442902136366,15.9360318077819,-0.127165354330713));
#10231=CARTESIAN_POINT('',(10.7442902136366,15.9360318077819,-0.0602362204724439));
#10232=CARTESIAN_POINT('',(10.7442902136366,15.9108349573882,-0.0602362204724439));
#10233=CARTESIAN_POINT('',(10.7442902136366,15.9108349573882,-0.0602362204724439));
#10234=CARTESIAN_POINT('',(10.7442902136366,15.9108349573882,-0.127165354330713));
#10235=CARTESIAN_POINT('',(10.7442902136366,15.9108349573882,-0.127165354330712));
#10236=CARTESIAN_POINT('',(11.2816917884397,15.7986302329788,-0.135039370078743));
#10237=CARTESIAN_POINT('',(11.2816917884397,15.9482365321914,-0.135039370078743));
#10238=CARTESIAN_POINT('',(11.2916756403487,15.9482365321914,-0.135039370078743));
#10239=CARTESIAN_POINT('',(11.3717079365309,15.9482365321914,-0.135039370078743));
#10240=CARTESIAN_POINT('',(11.3762540016426,15.9403625164433,-0.135039370078743));
#10241=CARTESIAN_POINT('',(11.3718492687547,15.9479917375989,-0.135039370078743));
#10242=CARTESIAN_POINT('',(11.3718492687547,15.7986302329788,-0.135039370078743));
#10243=CARTESIAN_POINT('',(11.3718492687547,15.7988750275712,-0.135039370078743));
#10244=CARTESIAN_POINT('',(11.3762540016426,15.8065042487268,-0.135039370078743));
#10245=CARTESIAN_POINT('',(11.3717079365309,15.7986302329788,-0.135039370078743));
#10246=CARTESIAN_POINT('',(11.2816917884397,15.7986302329788,-0.135039370078743));
#10247=CARTESIAN_POINT('',(11.2916756403487,15.7986302329788,-0.135039370078743));
#10248=CARTESIAN_POINT('',(11.2871295752369,15.8065042487268,-0.135039370078743));
#10249=CARTESIAN_POINT('',(11.2871295752369,15.9403625164433,-0.135039370078743));
#10250=CARTESIAN_POINT('',(11.3521642293846,15.7986302329788,-0.135039370078743));
#10251=CARTESIAN_POINT('',(11.3521642293846,15.8439058235299,-0.135039370078744));
#10252=CARTESIAN_POINT('',(11.2816917884397,15.8439058235299,-0.135039370078743));
#10253=CARTESIAN_POINT('',(11.3112193474949,15.8439058235299,-0.135039370078743));
#10254=CARTESIAN_POINT('',(11.3112193474949,15.7986302329788,-0.135039370078743));
#10255=CARTESIAN_POINT('',(11.2816917884397,15.9029609416402,-0.135039370078743));
#10256=CARTESIAN_POINT('',(11.3521642293846,15.9029609416402,-0.135039370078744));
#10257=CARTESIAN_POINT('',(11.3521642293846,15.7986302329788,-0.135039370078743));
#10258=CARTESIAN_POINT('',(11.3521642293846,15.9439058235299,-0.135039370078744));
#10259=CARTESIAN_POINT('',(11.2816917884397,15.9439058235299,-0.135039370078743));
#10260=CARTESIAN_POINT('',(11.3129910010382,15.9068979495142,-0.131102362204727));
#10261=CARTESIAN_POINT('',(11.3442902136366,15.9108349573882,-0.127165354330713));
#10262=CARTESIAN_POINT('',(11.3003925758413,15.9399688156559,-0.131102362204727));
#10263=CARTESIAN_POINT('',(11.3521642293846,15.9439058235299,-0.135039370078743));
#10264=CARTESIAN_POINT('',(11.3442902136366,15.9360318077819,-0.0602362204724439));
#10265=CARTESIAN_POINT('',(11.3442902136366,15.9360318077819,-0.127165354330712));
#10266=CARTESIAN_POINT('',(11.3151563553689,15.8173310203803,-0.131102362204727));
#10267=CARTESIAN_POINT('',(11.3112193474949,15.8439058235299,-0.135039370078745));
#10268=CARTESIAN_POINT('',(11.3482272215106,15.8047325951835,-0.131102362204727));
#10269=CARTESIAN_POINT('',(11.3442902136366,15.8360318077819,-0.127165354330712));
#10270=CARTESIAN_POINT('',(11.3442902136366,15.8360318077819,-0.0602362204724439));
#10271=CARTESIAN_POINT('',(11.3442902136366,15.8360318077819,-0.127165354330712));
#10272=CARTESIAN_POINT('',(11.3871295752369,15.9403625164433,-0.0602362204724439));
#10273=CARTESIAN_POINT('',(11.3871295752369,15.8065042487268,-0.0681102362204754));
#10274=CARTESIAN_POINT('',(11.3871295752369,15.8065042487268,-0.0602362204724439));
#10275=CARTESIAN_POINT('',(11.3871295752369,15.9403625164433,-0.0602362204724439));
#10276=CARTESIAN_POINT('',(11.3871295752369,15.9403625164433,-0.0602362204724439));
#10277=CARTESIAN_POINT('',(11.3871295752369,15.9403625164433,-0.0681102362204754));
#10278=CARTESIAN_POINT('',(10.6816917884398,15.7986302329788,-0.135039370078743));
#10279=CARTESIAN_POINT('',(10.6816917884398,15.9482365321914,-0.135039370078743));
#10280=CARTESIAN_POINT('',(10.6916756403487,15.9482365321914,-0.135039370078743));
#10281=CARTESIAN_POINT('',(10.7717079365309,15.9482365321914,-0.135039370078743));
#10282=CARTESIAN_POINT('',(10.7762540016426,15.9403625164433,-0.135039370078743));
#10283=CARTESIAN_POINT('',(10.7762540016426,15.8065042487268,-0.135039370078743));
#10284=CARTESIAN_POINT('',(10.7717079365309,15.7986302329788,-0.135039370078743));
#10285=CARTESIAN_POINT('',(10.6816917884398,15.7986302329788,-0.135039370078743));
#10286=CARTESIAN_POINT('',(10.6916756403487,15.7986302329788,-0.135039370078743));
#10287=CARTESIAN_POINT('',(10.6871295752369,15.8065042487268,-0.135039370078743));
#10288=CARTESIAN_POINT('',(10.6915343081248,15.7988750275712,-0.135039370078743));
#10289=CARTESIAN_POINT('',(10.6915343081248,15.7986302329788,-0.135039370078743));
#10290=CARTESIAN_POINT('',(10.6915343081248,15.9479917375989,-0.135039370078743));
#10291=CARTESIAN_POINT('',(10.6871295752369,15.9403625164433,-0.135039370078743));
#10292=CARTESIAN_POINT('',(10.7521642293846,15.7986302329788,-0.135039370078743));
#10293=CARTESIAN_POINT('',(10.7521642293846,15.8439058235299,-0.135039370078744));
#10294=CARTESIAN_POINT('',(10.6816917884398,15.8439058235299,-0.135039370078743));
#10295=CARTESIAN_POINT('',(10.7112193474949,15.8439058235299,-0.135039370078743));
#10296=CARTESIAN_POINT('',(10.7112193474949,15.7986302329788,-0.135039370078743));
#10297=CARTESIAN_POINT('',(10.6816917884398,15.9029609416402,-0.135039370078743));
#10298=CARTESIAN_POINT('',(10.7521642293846,15.9029609416402,-0.135039370078744));
#10299=CARTESIAN_POINT('',(10.7521642293846,15.7986302329788,-0.135039370078743));
#10300=CARTESIAN_POINT('',(10.7521642293846,15.9439058235299,-0.135039370078744));
#10301=CARTESIAN_POINT('',(10.6816917884398,15.9439058235299,-0.135039370078743));
#10302=CARTESIAN_POINT('',(10.6762540016426,15.8065042487268,-0.0602362204724439));
#10303=CARTESIAN_POINT('',(10.6762540016426,15.9403625164433,-0.0681102362204754));
#10304=CARTESIAN_POINT('',(10.6762540016426,15.9403625164433,-0.0602362204724439));
#10305=CARTESIAN_POINT('',(10.6762540016426,15.8065042487268,-0.0602362204724439));
#10306=CARTESIAN_POINT('',(10.6762540016426,15.8065042487268,-0.0602362204724439));
#10307=CARTESIAN_POINT('',(10.6762540016426,15.8065042487268,-0.0681102362204754));
#10308=CARTESIAN_POINT('',(10.7151563553689,15.8173310203803,-0.131102362204727));
#10309=CARTESIAN_POINT('',(10.7112193474949,15.8439058235299,-0.135039370078745));
#10310=CARTESIAN_POINT('',(10.7482272215106,15.8047325951835,-0.131102362204727));
#10311=CARTESIAN_POINT('',(10.7442902136366,15.8360318077819,-0.127165354330714));
#10312=CARTESIAN_POINT('',(10.7442902136366,15.8360318077819,-0.0602362204724439));
#10313=CARTESIAN_POINT('',(10.7442902136366,15.8360318077819,-0.127165354330712));
#10314=CARTESIAN_POINT('',(10.7129910010382,15.9068979495142,-0.131102362204727));
#10315=CARTESIAN_POINT('',(10.7442902136366,15.9108349573882,-0.127165354330713));
#10316=CARTESIAN_POINT('',(10.7003925758413,15.9399688156559,-0.131102362204727));
#10317=CARTESIAN_POINT('',(10.7521642293846,15.9439058235299,-0.135039370078743));
#10318=CARTESIAN_POINT('',(10.7442902136366,15.9360318077819,-0.0602362204724439));
#10319=CARTESIAN_POINT('',(10.7442902136366,15.9360318077819,-0.127165354330712));
#10320=CARTESIAN_POINT('',(11.2816917884397,15.9482365321914,-0.158661417322838));
#10321=CARTESIAN_POINT('',(11.2916756403487,15.9482365321914,-0.0681102362204754));
#10322=CARTESIAN_POINT('',(11.2916756403487,15.9482365321914,-0.158661417322838));
#10323=CARTESIAN_POINT('',(11.2816917884397,15.9482365321914,-0.158661417322838));
#10324=CARTESIAN_POINT('',(11.3717079365309,15.9482365321914,-0.158661417322838));
#10325=CARTESIAN_POINT('',(11.3717079365309,15.9482365321914,-0.0681102362204754));
#10326=CARTESIAN_POINT('',(11.2816917884397,15.7986302329788,-0.158661417322838));
#10327=CARTESIAN_POINT('',(11.2916756403487,15.7986302329788,-0.0681102362204754));
#10328=CARTESIAN_POINT('',(11.2916756403487,15.7986302329788,-0.158661417322838));
#10329=CARTESIAN_POINT('',(11.3717079365309,15.7986302329788,-0.0681102362204754));
#10330=CARTESIAN_POINT('',(11.3717079365309,15.7986302329788,-0.158661417322838));
#10331=CARTESIAN_POINT('',(11.2816917884397,15.7986302329788,-0.158661417322838));
#10332=CARTESIAN_POINT('',(11.3718492687547,15.9718585794354,-0.150787401574806));
#10333=CARTESIAN_POINT('',(11.3718492687547,15.9479917375989,-0.0681102362204754));
#10334=CARTESIAN_POINT('',(11.3718492687547,15.9479917375989,-0.127165354330712));
#10335=CARTESIAN_POINT('',(11.3718492687547,15.9718585794354,-0.127165354330712));
#10336=CARTESIAN_POINT('',(11.3718492687547,15.7988750275712,-0.127165354330712));
#10337=CARTESIAN_POINT('',(11.3718492687547,15.7988750275712,-0.0681102362204754));
#10338=CARTESIAN_POINT('',(11.3129910010382,15.8399688156559,-0.131102362204727));
#10339=CARTESIAN_POINT('',(11.3482272215106,15.9421341699866,-0.131102362204727));
#10340=CARTESIAN_POINT('',(11.2816917884398,15.8734333825851,-0.0602362204724439));
#10341=CARTESIAN_POINT('',(11.3816917884398,15.9718585794354,-0.0602362204724439));
#10342=CARTESIAN_POINT('',(11.4053138356838,15.9718585794354,-0.0602362204724439));
#10343=CARTESIAN_POINT('',(11.4580697411957,15.9718585794354,-0.0602362204724439));
#10344=CARTESIAN_POINT('',(11.3871295752369,15.9403625164433,-0.0602362204724439));
#10345=CARTESIAN_POINT('',(11.3871295752369,15.8065042487268,-0.0602362204724439));
#10346=CARTESIAN_POINT('',(11.4053138356838,15.7750081857347,-0.0602362204724439));
#10347=CARTESIAN_POINT('',(11.3816917884398,15.7750081857347,-0.0602362204724439));
#10348=CARTESIAN_POINT('',(11.4580697411957,15.7750081857347,-0.0602362204724439));
#10349=CARTESIAN_POINT('',(11.4762540016426,15.8065042487268,-0.0602362204724439));
#10350=CARTESIAN_POINT('',(11.4762540016426,15.8065042487268,-0.0602362204724439));
#10351=CARTESIAN_POINT('',(11.4762540016426,15.8734333825851,-0.0602362204724439));
#10352=CARTESIAN_POINT('',(11.4762540016426,15.9403625164433,-0.0602362204724439));
#10353=CARTESIAN_POINT('',(11.4762540016426,15.9403625164433,-0.0602362204724439));
#10354=CARTESIAN_POINT('',(11.4442902136366,15.8108349573882,-0.0602362204724439));
#10355=CARTESIAN_POINT('',(11.4442902136366,15.8360318077819,-0.0602362204724439));
#10356=CARTESIAN_POINT('',(11.4442902136366,15.8108349573882,-0.0602362204724439));
#10357=CARTESIAN_POINT('',(11.2816917884398,15.8108349573882,-0.0602362204724439));
#10358=CARTESIAN_POINT('',(11.4190933632429,15.8108349573882,-0.0602362204724439));
#10359=CARTESIAN_POINT('',(11.4190933632429,15.8360318077819,-0.0602362204724439));
#10360=CARTESIAN_POINT('',(11.4190933632429,15.8360318077819,-0.0602362204724439));
#10361=CARTESIAN_POINT('',(11.4442902136366,15.8360318077819,-0.0602362204724439));
#10362=CARTESIAN_POINT('',(11.4442902136366,15.9108349573882,-0.0602362204724439));
#10363=CARTESIAN_POINT('',(11.4442902136366,15.9108349573882,-0.0602362204724439));
#10364=CARTESIAN_POINT('',(11.4190933632429,15.9108349573882,-0.0602362204724439));
#10365=CARTESIAN_POINT('',(11.4190933632429,15.8734333825851,-0.0602362204724439));
#10366=CARTESIAN_POINT('',(11.4190933632429,15.9360318077819,-0.0602362204724439));
#10367=CARTESIAN_POINT('',(11.4190933632429,15.9360318077819,-0.0602362204724439));
#10368=CARTESIAN_POINT('',(11.4442902136366,15.9360318077819,-0.0602362204724439));
#10369=CARTESIAN_POINT('',(11.4442902136366,15.9360318077819,-0.0602362204724439));
#10370=CARTESIAN_POINT('',(10.6816917884398,15.9482365321914,-0.158661417322838));
#10371=CARTESIAN_POINT('',(10.6916756403487,15.9482365321914,-0.0681102362204754));
#10372=CARTESIAN_POINT('',(10.6916756403487,15.9482365321914,-0.158661417322838));
#10373=CARTESIAN_POINT('',(10.6816917884398,15.9482365321914,-0.158661417322838));
#10374=CARTESIAN_POINT('',(10.7717079365309,15.9482365321914,-0.158661417322838));
#10375=CARTESIAN_POINT('',(10.7717079365309,15.9482365321914,-0.0681102362204754));
#10376=CARTESIAN_POINT('',(10.6915343081248,15.7750081857347,-0.150787401574806));
#10377=CARTESIAN_POINT('',(10.6915343081248,15.9479917375989,-0.0681102362204754));
#10378=CARTESIAN_POINT('',(10.6915343081248,15.9479917375989,-0.127165354330712));
#10379=CARTESIAN_POINT('',(10.6915343081248,15.7988750275712,-0.0681102362204754));
#10380=CARTESIAN_POINT('',(10.6915343081248,15.7988750275712,-0.127165354330712));
#10381=CARTESIAN_POINT('',(10.6915343081248,15.7750081857347,-0.127165354330712));
#10382=CARTESIAN_POINT('',(10.6816917884398,15.7986302329788,-0.158661417322838));
#10383=CARTESIAN_POINT('',(10.6916756403487,15.7986302329788,-0.0681102362204754));
#10384=CARTESIAN_POINT('',(10.6916756403487,15.7986302329788,-0.158661417322838));
#10385=CARTESIAN_POINT('',(10.7717079365309,15.7986302329788,-0.0681102362204754));
#10386=CARTESIAN_POINT('',(10.7717079365309,15.7986302329788,-0.158661417322838));
#10387=CARTESIAN_POINT('',(10.6816917884398,15.7986302329788,-0.158661417322838));
#10388=CARTESIAN_POINT('',(10.7129910010382,15.8399688156559,-0.131102362204727));
#10389=CARTESIAN_POINT('',(10.7482272215106,15.9421341699866,-0.131102362204727));
#10390=CARTESIAN_POINT('',(11.2816917884398,15.8734333825851,-0.0602362204724439));
#10391=CARTESIAN_POINT('',(10.5816917884398,15.9718585794354,-0.0602362204724439));
#10392=CARTESIAN_POINT('',(10.6053138356838,15.9718585794354,-0.0602362204724439));
#10393=CARTESIAN_POINT('',(10.6580697411957,15.9718585794354,-0.0602362204724439));
#10394=CARTESIAN_POINT('',(10.5871295752369,15.9403625164433,-0.0602362204724439));
#10395=CARTESIAN_POINT('',(10.5871295752369,15.9403625164433,-0.0602362204724439));
#10396=CARTESIAN_POINT('',(10.5871295752369,15.8734333825851,-0.0602362204724439));
#10397=CARTESIAN_POINT('',(10.5871295752369,15.8065042487268,-0.0602362204724439));
#10398=CARTESIAN_POINT('',(10.5871295752369,15.8065042487268,-0.0602362204724439));
#10399=CARTESIAN_POINT('',(10.6053138356838,15.7750081857347,-0.0602362204724439));
#10400=CARTESIAN_POINT('',(10.5816917884398,15.7750081857347,-0.0602362204724439));
#10401=CARTESIAN_POINT('',(10.6580697411957,15.7750081857347,-0.0602362204724439));
#10402=CARTESIAN_POINT('',(10.6762540016426,15.8065042487268,-0.0602362204724439));
#10403=CARTESIAN_POINT('',(10.6762540016426,15.9403625164433,-0.0602362204724439));
#10404=CARTESIAN_POINT('',(10.6442902136366,15.8108349573882,-0.0602362204724439));
#10405=CARTESIAN_POINT('',(10.6442902136366,15.8360318077819,-0.0602362204724439));
#10406=CARTESIAN_POINT('',(10.6442902136366,15.8108349573882,-0.0602362204724439));
#10407=CARTESIAN_POINT('',(11.2816917884398,15.8108349573882,-0.0602362204724439));
#10408=CARTESIAN_POINT('',(10.6190933632429,15.8108349573882,-0.0602362204724439));
#10409=CARTESIAN_POINT('',(10.6190933632429,15.8360318077819,-0.0602362204724439));
#10410=CARTESIAN_POINT('',(10.6190933632429,15.8360318077819,-0.0602362204724439));
#10411=CARTESIAN_POINT('',(10.6442902136366,15.8360318077819,-0.0602362204724439));
#10412=CARTESIAN_POINT('',(10.6442902136366,15.9108349573882,-0.0602362204724439));
#10413=CARTESIAN_POINT('',(10.6442902136366,15.9108349573882,-0.0602362204724439));
#10414=CARTESIAN_POINT('',(10.6190933632429,15.9108349573882,-0.0602362204724439));
#10415=CARTESIAN_POINT('',(10.6190933632429,15.8734333825851,-0.0602362204724439));
#10416=CARTESIAN_POINT('',(10.6190933632429,15.9360318077819,-0.0602362204724439));
#10417=CARTESIAN_POINT('',(10.6190933632429,15.9360318077819,-0.0602362204724439));
#10418=CARTESIAN_POINT('',(10.6442902136366,15.9360318077819,-0.0602362204724439));
#10419=CARTESIAN_POINT('',(10.6442902136366,15.9360318077819,-0.0602362204724439));
#10420=CARTESIAN_POINT('',(11.2816917884397,15.9718585794354,-0.158661417322838));
#10421=CARTESIAN_POINT('',(11.2871295752369,15.9403625164433,-0.158661417322838));
#10422=CARTESIAN_POINT('',(11.3053138356838,15.9718585794354,-0.158661417322838));
#10423=CARTESIAN_POINT('',(11.2816917884397,15.9718585794354,-0.158661417322838));
#10424=CARTESIAN_POINT('',(11.3580697411957,15.9718585794354,-0.158661417322838));
#10425=CARTESIAN_POINT('',(11.3762540016426,15.9403625164433,-0.158661417322838));
#10426=CARTESIAN_POINT('',(11.2816917884397,15.7750081857347,-0.158661417322838));
#10427=CARTESIAN_POINT('',(11.2871295752369,15.8065042487268,-0.158661417322838));
#10428=CARTESIAN_POINT('',(11.3053138356838,15.7750081857347,-0.158661417322838));
#10429=CARTESIAN_POINT('',(11.3762540016426,15.8065042487268,-0.158661417322838));
#10430=CARTESIAN_POINT('',(11.3580697411957,15.7750081857347,-0.158661417322838));
#10431=CARTESIAN_POINT('',(11.2816917884397,15.7750081857347,-0.158661417322838));
#10432=CARTESIAN_POINT('',(11.3816917884398,15.8734333825851,-0.127165354330712));
#10433=CARTESIAN_POINT('',(11.3762540016426,15.9403625164433,-0.127165354330712));
#10434=CARTESIAN_POINT('',(11.3762540016426,15.9403625164433,-0.127165354330712));
#10435=CARTESIAN_POINT('',(11.3816917884398,15.9403625164433,-0.127165354330712));
#10436=CARTESIAN_POINT('',(11.3871295752369,15.9403625164433,-0.127165354330712));
#10437=CARTESIAN_POINT('',(11.3871295752369,15.9403625164433,-0.127165354330712));
#10438=CARTESIAN_POINT('',(11.3915343081248,15.9479917375989,-0.127165354330712));
#10439=CARTESIAN_POINT('',(11.3915343081248,15.8734333825851,-0.127165354330712));
#10440=CARTESIAN_POINT('',(11.3915343081248,15.7988750275712,-0.127165354330712));
#10441=CARTESIAN_POINT('',(11.3871295752369,15.8065042487268,-0.127165354330712));
#10442=CARTESIAN_POINT('',(11.3871295752369,15.8065042487268,-0.127165354330712));
#10443=CARTESIAN_POINT('',(11.3816917884398,15.8065042487268,-0.127165354330712));
#10444=CARTESIAN_POINT('',(11.3762540016426,15.8065042487268,-0.127165354330712));
#10445=CARTESIAN_POINT('',(11.3762540016426,15.8065042487268,-0.127165354330712));
#10446=CARTESIAN_POINT('',(11.4762540016426,15.8065042487268,-0.0602362204724439));
#10447=CARTESIAN_POINT('',(11.4762540016426,15.9403625164433,-0.0681102362204754));
#10448=CARTESIAN_POINT('',(11.4762540016426,15.8065042487268,-0.0681102362204754));
#10449=CARTESIAN_POINT('',(11.4190933632429,15.8108349573882,-0.0602362204724439));
#10450=CARTESIAN_POINT('',(11.4190933632429,15.8108349573882,-0.0602362204724439));
#10451=CARTESIAN_POINT('',(11.4190933632429,15.8108349573882,-0.127165354330712));
#10452=CARTESIAN_POINT('',(11.4442902136366,15.8108349573882,-0.0602362204724439));
#10453=CARTESIAN_POINT('',(11.4442902136366,15.8108349573882,-0.127165354330712));
#10454=CARTESIAN_POINT('',(11.4190933632429,15.8108349573882,-0.127165354330712));
#10455=CARTESIAN_POINT('',(11.4190933632429,15.9108349573882,-0.0602362204724439));
#10456=CARTESIAN_POINT('',(11.4190933632429,15.9360318077819,-0.0602362204724439));
#10457=CARTESIAN_POINT('',(11.4190933632429,15.9360318077819,-0.127165354330712));
#10458=CARTESIAN_POINT('',(11.4190933632429,15.9108349573882,-0.0602362204724439));
#10459=CARTESIAN_POINT('',(11.4190933632429,15.9108349573882,-0.127165354330712));
#10460=CARTESIAN_POINT('',(11.4190933632429,15.9108349573882,-0.127165354330712));
#10461=CARTESIAN_POINT('',(10.6816917884398,15.9718585794354,-0.158661417322838));
#10462=CARTESIAN_POINT('',(10.6871295752369,15.9403625164433,-0.158661417322838));
#10463=CARTESIAN_POINT('',(10.7053138356838,15.9718585794354,-0.158661417322838));
#10464=CARTESIAN_POINT('',(10.6816917884398,15.9718585794354,-0.158661417322838));
#10465=CARTESIAN_POINT('',(10.7580697411957,15.9718585794354,-0.158661417322838));
#10466=CARTESIAN_POINT('',(10.7762540016426,15.9403625164433,-0.158661417322838));
#10467=CARTESIAN_POINT('',(10.6816917884398,15.8734333825851,-0.127165354330712));
#10468=CARTESIAN_POINT('',(10.6762540016426,15.9403625164433,-0.127165354330712));
#10469=CARTESIAN_POINT('',(10.6762540016426,15.9403625164433,-0.127165354330712));
#10470=CARTESIAN_POINT('',(10.6718492687547,15.9479917375989,-0.127165354330712));
#10471=CARTESIAN_POINT('',(10.6816917884398,15.9403625164433,-0.127165354330712));
#10472=CARTESIAN_POINT('',(10.6871295752369,15.9403625164433,-0.127165354330712));
#10473=CARTESIAN_POINT('',(10.6871295752369,15.9403625164433,-0.127165354330712));
#10474=CARTESIAN_POINT('',(10.6871295752369,15.8065042487268,-0.127165354330712));
#10475=CARTESIAN_POINT('',(10.6871295752369,15.8065042487268,-0.127165354330712));
#10476=CARTESIAN_POINT('',(10.6816917884398,15.8065042487268,-0.127165354330712));
#10477=CARTESIAN_POINT('',(10.6762540016426,15.8065042487268,-0.127165354330712));
#10478=CARTESIAN_POINT('',(10.6762540016426,15.8065042487268,-0.127165354330712));
#10479=CARTESIAN_POINT('',(10.6718492687547,15.7988750275712,-0.127165354330712));
#10480=CARTESIAN_POINT('',(10.6718492687547,15.8734333825851,-0.127165354330712));
#10481=CARTESIAN_POINT('',(10.6816917884398,15.7750081857347,-0.158661417322838));
#10482=CARTESIAN_POINT('',(10.6871295752369,15.8065042487268,-0.158661417322838));
#10483=CARTESIAN_POINT('',(10.7053138356838,15.7750081857347,-0.158661417322838));
#10484=CARTESIAN_POINT('',(10.7762540016426,15.8065042487268,-0.158661417322838));
#10485=CARTESIAN_POINT('',(10.7580697411957,15.7750081857347,-0.158661417322838));
#10486=CARTESIAN_POINT('',(10.6816917884398,15.7750081857347,-0.158661417322838));
#10487=CARTESIAN_POINT('',(10.5871295752369,15.9403625164433,-0.0602362204724439));
#10488=CARTESIAN_POINT('',(10.5871295752369,15.8065042487268,-0.0681102362204754));
#10489=CARTESIAN_POINT('',(10.5871295752369,15.9403625164433,-0.0681102362204754));
#10490=CARTESIAN_POINT('',(10.6190933632429,15.8108349573882,-0.0602362204724439));
#10491=CARTESIAN_POINT('',(10.6190933632429,15.8108349573882,-0.0602362204724439));
#10492=CARTESIAN_POINT('',(10.6190933632429,15.8108349573882,-0.127165354330712));
#10493=CARTESIAN_POINT('',(10.6442902136366,15.8108349573882,-0.0602362204724439));
#10494=CARTESIAN_POINT('',(10.6442902136366,15.8108349573882,-0.127165354330712));
#10495=CARTESIAN_POINT('',(10.6190933632429,15.8108349573882,-0.127165354330712));
#10496=CARTESIAN_POINT('',(10.6190933632429,15.9108349573882,-0.0602362204724439));
#10497=CARTESIAN_POINT('',(10.6190933632429,15.9360318077819,-0.0602362204724439));
#10498=CARTESIAN_POINT('',(10.6190933632429,15.9360318077819,-0.127165354330712));
#10499=CARTESIAN_POINT('',(10.6190933632429,15.9108349573882,-0.0602362204724439));
#10500=CARTESIAN_POINT('',(10.6190933632429,15.9108349573882,-0.127165354330712));
#10501=CARTESIAN_POINT('',(10.6190933632429,15.9108349573882,-0.127165354330712));
#10502=CARTESIAN_POINT('',(11.3915343081248,15.7750081857347,-0.150787401574806));
#10503=CARTESIAN_POINT('',(11.3915343081248,15.9479917375989,-0.0681102362204754));
#10504=CARTESIAN_POINT('',(11.3915343081248,15.9479917375989,-0.135039370078743));
#10505=CARTESIAN_POINT('',(11.3915343081248,15.7750081857347,-0.135039370078743));
#10506=CARTESIAN_POINT('',(11.3915343081248,15.7988750275712,-0.135039370078743));
#10507=CARTESIAN_POINT('',(11.3915343081248,15.7988750275712,-0.0681102362204754));
#10508=CARTESIAN_POINT('',(11.4003925758413,15.8068979495142,-0.131102362204727));
#10509=CARTESIAN_POINT('',(11.4112193474949,15.8029609416402,-0.135039370078742));
#10510=CARTESIAN_POINT('',(11.4112193474949,15.8029609416402,-0.135039370078743));
#10511=CARTESIAN_POINT('',(11.4442902136366,15.8108349573882,-0.12716535433071));
#10512=CARTESIAN_POINT('',(11.4521642293846,15.8029609416402,-0.135039370078743));
#10513=CARTESIAN_POINT('',(11.4003925758413,15.8029609416402,-0.135039370078742));
#10514=CARTESIAN_POINT('',(11.4190933632429,15.8360318077819,-0.0602362204724439));
#10515=CARTESIAN_POINT('',(11.4190933632429,15.8360318077819,-0.0602362204724439));
#10516=CARTESIAN_POINT('',(11.4190933632429,15.8360318077819,-0.127165354330711));
#10517=CARTESIAN_POINT('',(11.4190933632429,15.8360318077819,-0.127165354330712));
#10518=CARTESIAN_POINT('',(11.4442902136366,15.8108349573882,-0.0602362204724439));
#10519=CARTESIAN_POINT('',(11.4442902136366,15.8360318077819,-0.0602362204724439));
#10520=CARTESIAN_POINT('',(11.4442902136366,15.8360318077819,-0.127165354330711));
#10521=CARTESIAN_POINT('',(11.4442902136366,15.8108349573882,-0.127165354330712));
#10522=CARTESIAN_POINT('',(11.4151563553689,15.9295357447898,-0.131102362204727));
#10523=CARTESIAN_POINT('',(11.4190933632429,15.9108349573882,-0.127165354330712));
#10524=CARTESIAN_POINT('',(11.4112193474949,15.9029609416402,-0.135039370078743));
#10525=CARTESIAN_POINT('',(11.4112193474949,15.9295357447898,-0.135039370078743));
#10526=CARTESIAN_POINT('',(11.4112193474949,15.9439058235299,-0.135039370078743));
#10527=CARTESIAN_POINT('',(11.4112193474949,15.9439058235299,-0.135039370078742));
#10528=CARTESIAN_POINT('',(11.4190933632429,15.9360318077819,-0.0602362204724439));
#10529=CARTESIAN_POINT('',(11.4190933632429,15.9360318077819,-0.127165354330712));
#10530=CARTESIAN_POINT('',(11.4442902136366,15.9360318077819,-0.127165354330712));
#10531=CARTESIAN_POINT('',(11.4442902136366,15.9360318077819,-0.0602362204724439));
#10532=CARTESIAN_POINT('',(11.4442902136366,15.9108349573882,-0.0602362204724439));
#10533=CARTESIAN_POINT('',(11.4442902136366,15.9108349573882,-0.0602362204724439));
#10534=CARTESIAN_POINT('',(11.4442902136366,15.9108349573882,-0.127165354330712));
#10535=CARTESIAN_POINT('',(11.4442902136366,15.9108349573882,-0.127165354330712));
#10536=CARTESIAN_POINT('',(10.6718492687547,15.9718585794354,-0.150787401574806));
#10537=CARTESIAN_POINT('',(10.6718492687547,15.9479917375989,-0.0681102362204754));
#10538=CARTESIAN_POINT('',(10.6718492687547,15.9479917375989,-0.135039370078743));
#10539=CARTESIAN_POINT('',(10.6718492687547,15.7988750275712,-0.0681102362204754));
#10540=CARTESIAN_POINT('',(10.6718492687547,15.7988750275712,-0.135039370078743));
#10541=CARTESIAN_POINT('',(10.6718492687547,15.9718585794354,-0.135039370078743));
#10542=CARTESIAN_POINT('',(10.6003925758413,15.8068979495142,-0.131102362204727));
#10543=CARTESIAN_POINT('',(10.6112193474949,15.8029609416402,-0.135039370078742));
#10544=CARTESIAN_POINT('',(10.6112193474949,15.8029609416402,-0.135039370078743));
#10545=CARTESIAN_POINT('',(10.6442902136366,15.8108349573882,-0.12716535433071));
#10546=CARTESIAN_POINT('',(10.6521642293846,15.8029609416402,-0.135039370078743));
#10547=CARTESIAN_POINT('',(10.6003925758413,15.8029609416402,-0.135039370078742));
#10548=CARTESIAN_POINT('',(10.6190933632429,15.8360318077819,-0.0602362204724439));
#10549=CARTESIAN_POINT('',(10.6190933632429,15.8360318077819,-0.0602362204724439));
#10550=CARTESIAN_POINT('',(10.6190933632429,15.8360318077819,-0.127165354330711));
#10551=CARTESIAN_POINT('',(10.6190933632429,15.8360318077819,-0.127165354330712));
#10552=CARTESIAN_POINT('',(10.6442902136366,15.8108349573882,-0.0602362204724439));
#10553=CARTESIAN_POINT('',(10.6442902136366,15.8360318077819,-0.0602362204724439));
#10554=CARTESIAN_POINT('',(10.6442902136366,15.8360318077819,-0.127165354330711));
#10555=CARTESIAN_POINT('',(10.6442902136366,15.8108349573882,-0.127165354330712));
#10556=CARTESIAN_POINT('',(10.6151563553689,15.9295357447898,-0.131102362204727));
#10557=CARTESIAN_POINT('',(10.6190933632429,15.9108349573882,-0.127165354330712));
#10558=CARTESIAN_POINT('',(10.6112193474949,15.9029609416402,-0.135039370078743));
#10559=CARTESIAN_POINT('',(10.6112193474949,15.9295357447898,-0.135039370078743));
#10560=CARTESIAN_POINT('',(10.6112193474949,15.9439058235299,-0.135039370078743));
#10561=CARTESIAN_POINT('',(10.6112193474949,15.9439058235299,-0.135039370078742));
#10562=CARTESIAN_POINT('',(10.6190933632429,15.9360318077819,-0.0602362204724439));
#10563=CARTESIAN_POINT('',(10.6190933632429,15.9360318077819,-0.127165354330712));
#10564=CARTESIAN_POINT('',(10.6442902136366,15.9360318077819,-0.127165354330712));
#10565=CARTESIAN_POINT('',(10.6442902136366,15.9360318077819,-0.0602362204724439));
#10566=CARTESIAN_POINT('',(10.6442902136366,15.9108349573882,-0.0602362204724439));
#10567=CARTESIAN_POINT('',(10.6442902136366,15.9108349573882,-0.0602362204724439));
#10568=CARTESIAN_POINT('',(10.6442902136366,15.9108349573882,-0.127165354330712));
#10569=CARTESIAN_POINT('',(10.6442902136366,15.9108349573882,-0.127165354330712));
#10570=CARTESIAN_POINT('',(11.3816917884398,15.7986302329788,-0.135039370078743));
#10571=CARTESIAN_POINT('',(11.3816917884398,15.9482365321914,-0.135039370078743));
#10572=CARTESIAN_POINT('',(11.3916756403487,15.9482365321914,-0.135039370078743));
#10573=CARTESIAN_POINT('',(11.4717079365309,15.9482365321914,-0.135039370078743));
#10574=CARTESIAN_POINT('',(11.4762540016426,15.9403625164433,-0.135039370078743));
#10575=CARTESIAN_POINT('',(11.4718492687547,15.9479917375989,-0.135039370078743));
#10576=CARTESIAN_POINT('',(11.4718492687547,15.7986302329788,-0.135039370078743));
#10577=CARTESIAN_POINT('',(11.4718492687547,15.7988750275712,-0.135039370078743));
#10578=CARTESIAN_POINT('',(11.4762540016426,15.8065042487268,-0.135039370078743));
#10579=CARTESIAN_POINT('',(11.4717079365309,15.7986302329788,-0.135039370078743));
#10580=CARTESIAN_POINT('',(11.3816917884398,15.7986302329788,-0.135039370078743));
#10581=CARTESIAN_POINT('',(11.3916756403487,15.7986302329788,-0.135039370078743));
#10582=CARTESIAN_POINT('',(11.3871295752369,15.8065042487268,-0.135039370078743));
#10583=CARTESIAN_POINT('',(11.3871295752369,15.9403625164433,-0.135039370078743));
#10584=CARTESIAN_POINT('',(11.4521642293846,15.7986302329788,-0.135039370078743));
#10585=CARTESIAN_POINT('',(11.4521642293846,15.8439058235299,-0.135039370078743));
#10586=CARTESIAN_POINT('',(11.3816917884398,15.8439058235299,-0.135039370078743));
#10587=CARTESIAN_POINT('',(11.4112193474949,15.8439058235299,-0.135039370078743));
#10588=CARTESIAN_POINT('',(11.4112193474949,15.7986302329788,-0.135039370078743));
#10589=CARTESIAN_POINT('',(11.3816917884398,15.9029609416402,-0.135039370078743));
#10590=CARTESIAN_POINT('',(11.4521642293846,15.9029609416402,-0.135039370078743));
#10591=CARTESIAN_POINT('',(11.4521642293846,15.7986302329788,-0.135039370078743));
#10592=CARTESIAN_POINT('',(11.4521642293846,15.9439058235299,-0.135039370078743));
#10593=CARTESIAN_POINT('',(11.3816917884398,15.9439058235299,-0.135039370078743));
#10594=CARTESIAN_POINT('',(11.4151563553689,15.8173310203803,-0.131102362204727));
#10595=CARTESIAN_POINT('',(11.4112193474949,15.8439058235299,-0.135039370078743));
#10596=CARTESIAN_POINT('',(11.4482272215106,15.8047325951835,-0.131102362204727));
#10597=CARTESIAN_POINT('',(11.4442902136366,15.8360318077819,-0.127165354330712));
#10598=CARTESIAN_POINT('',(11.4442902136366,15.8360318077819,-0.0602362204724439));
#10599=CARTESIAN_POINT('',(11.4442902136366,15.8360318077819,-0.127165354330712));
#10600=CARTESIAN_POINT('',(11.4129910010382,15.9068979495142,-0.131102362204727));
#10601=CARTESIAN_POINT('',(11.4442902136366,15.9108349573882,-0.127165354330713));
#10602=CARTESIAN_POINT('',(11.4003925758413,15.9399688156559,-0.131102362204727));
#10603=CARTESIAN_POINT('',(11.4521642293846,15.9439058235299,-0.135039370078743));
#10604=CARTESIAN_POINT('',(11.4442902136366,15.9360318077819,-0.0602362204724439));
#10605=CARTESIAN_POINT('',(11.4442902136366,15.9360318077819,-0.127165354330712));
#10606=CARTESIAN_POINT('',(10.5816917884398,15.7986302329788,-0.135039370078743));
#10607=CARTESIAN_POINT('',(10.5816917884398,15.9482365321914,-0.135039370078743));
#10608=CARTESIAN_POINT('',(10.5916756403487,15.9482365321914,-0.135039370078743));
#10609=CARTESIAN_POINT('',(10.6717079365309,15.9482365321914,-0.135039370078743));
#10610=CARTESIAN_POINT('',(10.6762540016426,15.9403625164433,-0.135039370078743));
#10611=CARTESIAN_POINT('',(10.6762540016426,15.8065042487268,-0.135039370078743));
#10612=CARTESIAN_POINT('',(10.6717079365309,15.7986302329788,-0.135039370078743));
#10613=CARTESIAN_POINT('',(10.5816917884398,15.7986302329788,-0.135039370078743));
#10614=CARTESIAN_POINT('',(10.5916756403487,15.7986302329788,-0.135039370078743));
#10615=CARTESIAN_POINT('',(10.5871295752369,15.8065042487268,-0.135039370078743));
#10616=CARTESIAN_POINT('',(10.5915343081248,15.7988750275712,-0.135039370078743));
#10617=CARTESIAN_POINT('',(10.5915343081248,15.7986302329788,-0.135039370078743));
#10618=CARTESIAN_POINT('',(10.5915343081248,15.9479917375989,-0.135039370078743));
#10619=CARTESIAN_POINT('',(10.5871295752369,15.9403625164433,-0.135039370078743));
#10620=CARTESIAN_POINT('',(10.6521642293846,15.7986302329788,-0.135039370078743));
#10621=CARTESIAN_POINT('',(10.6521642293846,15.8439058235299,-0.135039370078743));
#10622=CARTESIAN_POINT('',(10.5816917884398,15.8439058235299,-0.135039370078743));
#10623=CARTESIAN_POINT('',(10.6112193474949,15.8439058235299,-0.135039370078743));
#10624=CARTESIAN_POINT('',(10.6112193474949,15.7986302329788,-0.135039370078743));
#10625=CARTESIAN_POINT('',(10.5816917884398,15.9029609416402,-0.135039370078743));
#10626=CARTESIAN_POINT('',(10.6521642293846,15.9029609416402,-0.135039370078743));
#10627=CARTESIAN_POINT('',(10.6521642293846,15.7986302329788,-0.135039370078743));
#10628=CARTESIAN_POINT('',(10.6521642293846,15.9439058235299,-0.135039370078743));
#10629=CARTESIAN_POINT('',(10.5816917884398,15.9439058235299,-0.135039370078743));
#10630=CARTESIAN_POINT('',(10.6151563553689,15.8173310203803,-0.131102362204727));
#10631=CARTESIAN_POINT('',(10.6112193474949,15.8439058235299,-0.135039370078743));
#10632=CARTESIAN_POINT('',(10.6482272215106,15.8047325951835,-0.131102362204727));
#10633=CARTESIAN_POINT('',(10.6442902136366,15.8360318077819,-0.127165354330712));
#10634=CARTESIAN_POINT('',(10.6442902136366,15.8360318077819,-0.0602362204724439));
#10635=CARTESIAN_POINT('',(10.6442902136366,15.8360318077819,-0.127165354330712));
#10636=CARTESIAN_POINT('',(10.6129910010382,15.9068979495142,-0.131102362204727));
#10637=CARTESIAN_POINT('',(10.6442902136366,15.9108349573882,-0.127165354330713));
#10638=CARTESIAN_POINT('',(10.6003925758413,15.9399688156559,-0.131102362204727));
#10639=CARTESIAN_POINT('',(10.6521642293846,15.9439058235299,-0.135039370078743));
#10640=CARTESIAN_POINT('',(10.6442902136366,15.9360318077819,-0.0602362204724439));
#10641=CARTESIAN_POINT('',(10.6442902136366,15.9360318077819,-0.127165354330712));
#10642=CARTESIAN_POINT('',(11.3816917884398,15.9482365321914,-0.158661417322838));
#10643=CARTESIAN_POINT('',(11.3916756403487,15.9482365321914,-0.0681102362204754));
#10644=CARTESIAN_POINT('',(11.3916756403487,15.9482365321914,-0.158661417322838));
#10645=CARTESIAN_POINT('',(11.3816917884398,15.9482365321914,-0.158661417322838));
#10646=CARTESIAN_POINT('',(11.4717079365309,15.9482365321914,-0.158661417322838));
#10647=CARTESIAN_POINT('',(11.4717079365309,15.9482365321914,-0.0681102362204754));
#10648=CARTESIAN_POINT('',(11.3816917884398,15.7986302329788,-0.158661417322838));
#10649=CARTESIAN_POINT('',(11.3916756403487,15.7986302329788,-0.0681102362204754));
#10650=CARTESIAN_POINT('',(11.3916756403487,15.7986302329788,-0.158661417322838));
#10651=CARTESIAN_POINT('',(11.4717079365309,15.7986302329788,-0.0681102362204754));
#10652=CARTESIAN_POINT('',(11.4717079365309,15.7986302329788,-0.158661417322838));
#10653=CARTESIAN_POINT('',(11.3816917884398,15.7986302329788,-0.158661417322838));
#10654=CARTESIAN_POINT('',(11.4718492687547,15.9718585794354,-0.150787401574806));
#10655=CARTESIAN_POINT('',(11.4718492687547,15.9479917375989,-0.0681102362204754));
#10656=CARTESIAN_POINT('',(11.4718492687547,15.7988750275712,-0.0681102362204754));
#10657=CARTESIAN_POINT('',(11.4129910010382,15.8399688156559,-0.131102362204727));
#10658=CARTESIAN_POINT('',(11.4482272215106,15.9421341699866,-0.131102362204727));
#10659=CARTESIAN_POINT('',(10.5816917884398,15.9482365321914,-0.158661417322838));
#10660=CARTESIAN_POINT('',(10.5916756403487,15.9482365321914,-0.0681102362204754));
#10661=CARTESIAN_POINT('',(10.5916756403487,15.9482365321914,-0.158661417322838));
#10662=CARTESIAN_POINT('',(10.5816917884398,15.9482365321914,-0.158661417322838));
#10663=CARTESIAN_POINT('',(10.6717079365309,15.9482365321914,-0.158661417322838));
#10664=CARTESIAN_POINT('',(10.6717079365309,15.9482365321914,-0.0681102362204754));
#10665=CARTESIAN_POINT('',(10.5915343081248,15.7750081857347,-0.150787401574806));
#10666=CARTESIAN_POINT('',(10.5915343081248,15.9479917375989,-0.0681102362204754));
#10667=CARTESIAN_POINT('',(10.5915343081248,15.9479917375989,-0.127165354330712));
#10668=CARTESIAN_POINT('',(10.5915343081248,15.7988750275712,-0.0681102362204754));
#10669=CARTESIAN_POINT('',(10.5915343081248,15.7988750275712,-0.127165354330712));
#10670=CARTESIAN_POINT('',(10.5915343081248,15.7750081857347,-0.127165354330712));
#10671=CARTESIAN_POINT('',(10.5816917884398,15.7986302329788,-0.158661417322838));
#10672=CARTESIAN_POINT('',(10.5916756403487,15.7986302329788,-0.0681102362204754));
#10673=CARTESIAN_POINT('',(10.5916756403487,15.7986302329788,-0.158661417322838));
#10674=CARTESIAN_POINT('',(10.6717079365309,15.7986302329788,-0.0681102362204754));
#10675=CARTESIAN_POINT('',(10.6717079365309,15.7986302329788,-0.158661417322838));
#10676=CARTESIAN_POINT('',(10.5816917884398,15.7986302329788,-0.158661417322838));
#10677=CARTESIAN_POINT('',(10.6129910010382,15.8399688156559,-0.131102362204727));
#10678=CARTESIAN_POINT('',(10.6482272215106,15.9421341699866,-0.131102362204727));
#10679=CARTESIAN_POINT('',(11.3816917884398,15.9718585794354,-0.158661417322838));
#10680=CARTESIAN_POINT('',(11.3871295752369,15.9403625164433,-0.158661417322838));
#10681=CARTESIAN_POINT('',(11.4053138356838,15.9718585794354,-0.158661417322838));
#10682=CARTESIAN_POINT('',(11.3816917884398,15.9718585794354,-0.158661417322838));
#10683=CARTESIAN_POINT('',(11.4580697411957,15.9718585794354,-0.158661417322838));
#10684=CARTESIAN_POINT('',(11.4762540016426,15.9403625164433,-0.158661417322838));
#10685=CARTESIAN_POINT('',(11.3816917884398,15.7750081857347,-0.158661417322838));
#10686=CARTESIAN_POINT('',(11.3871295752369,15.8065042487268,-0.158661417322838));
#10687=CARTESIAN_POINT('',(11.4053138356838,15.7750081857347,-0.158661417322838));
#10688=CARTESIAN_POINT('',(11.4762540016426,15.8065042487268,-0.158661417322838));
#10689=CARTESIAN_POINT('',(11.4580697411957,15.7750081857347,-0.158661417322838));
#10690=CARTESIAN_POINT('',(11.3816917884398,15.7750081857347,-0.158661417322838));
#10691=CARTESIAN_POINT('',(10.5816917884398,15.9718585794354,-0.158661417322838));
#10692=CARTESIAN_POINT('',(10.5871295752369,15.9403625164433,-0.158661417322838));
#10693=CARTESIAN_POINT('',(10.6053138356838,15.9718585794354,-0.158661417322838));
#10694=CARTESIAN_POINT('',(10.5816917884398,15.9718585794354,-0.158661417322838));
#10695=CARTESIAN_POINT('',(10.6580697411957,15.9718585794354,-0.158661417322838));
#10696=CARTESIAN_POINT('',(10.6762540016426,15.9403625164433,-0.158661417322838));
#10697=CARTESIAN_POINT('',(10.5816917884398,15.8734333825851,-0.127165354330712));
#10698=CARTESIAN_POINT('',(10.5871295752369,15.9403625164433,-0.127165354330712));
#10699=CARTESIAN_POINT('',(10.5871295752369,15.8065042487268,-0.127165354330712));
#10700=CARTESIAN_POINT('',(10.5871295752369,15.8065042487268,-0.127165354330712));
#10701=CARTESIAN_POINT('',(10.5816917884398,15.8065042487268,-0.127165354330712));
#10702=CARTESIAN_POINT('',(10.5816917884398,15.7750081857347,-0.158661417322838));
#10703=CARTESIAN_POINT('',(10.5871295752369,15.8065042487268,-0.158661417322838));
#10704=CARTESIAN_POINT('',(10.6053138356838,15.7750081857347,-0.158661417322838));
#10705=CARTESIAN_POINT('',(10.6762540016426,15.8065042487268,-0.158661417322838));
#10706=CARTESIAN_POINT('',(10.6580697411957,15.7750081857347,-0.158661417322838));
#10707=CARTESIAN_POINT('',(10.5816917884398,15.7750081857347,-0.158661417322838));
#10708=CARTESIAN_POINT('',(10.5816917884398,15.8065042487268,-0.0681102362204754));
#10709=CARTESIAN_POINT('',(10.5871295752369,15.8065042487268,-0.0681102362204754));
#10710=CARTESIAN_POINT('',(10.5871295752369,15.8065042487268,-0.0681102362204754));
#10711=CARTESIAN_POINT('',(10.6053138356838,15.7750081857347,-0.0681102362204754));
#10712=CARTESIAN_POINT('',(10.5871295752369,15.9403625164433,-0.0681102362204754));
#10713=CARTESIAN_POINT('',(10.6053138356838,15.9718585794354,-0.0681102362204754));
#10714=CARTESIAN_POINT('',(10.5816917884398,15.7750081857347,-0.0602362204724439));
#10715=CARTESIAN_POINT('',(10.6580697411957,15.7750081857347,-0.0602362204724439));
#10716=CARTESIAN_POINT('',(10.5816917884398,15.9718585794354,-0.0602362204724439));
#10717=CARTESIAN_POINT('',(10.6580697411957,15.9718585794354,-0.0602362204724439));
#10718=CARTESIAN_POINT('',(10.6762540016426,15.8065042487268,-0.0681102362204754));
#10719=CARTESIAN_POINT('',(10.6762540016426,15.8065042487268,-0.0681102362204754));
#10720=CARTESIAN_POINT('',(10.6762540016426,15.9403625164433,-0.0681102362204754));
#10721=CARTESIAN_POINT('',(10.6762540016426,15.9403625164433,-0.0681102362204754));
#10722=CARTESIAN_POINT('',(10.6816917884398,15.8065042487268,-0.0681102362204754));
#10723=CARTESIAN_POINT('',(10.6871295752369,15.8065042487268,-0.0681102362204754));
#10724=CARTESIAN_POINT('',(10.6816917884398,15.9403625164433,-0.0681102362204754));
#10725=CARTESIAN_POINT('',(10.6871295752369,15.9403625164433,-0.0681102362204754));
#10726=CARTESIAN_POINT('',(10.6871295752369,15.8065042487268,-0.0681102362204754));
#10727=CARTESIAN_POINT('',(10.7053138356838,15.7750081857347,-0.0681102362204754));
#10728=CARTESIAN_POINT('',(10.6871295752369,15.9403625164433,-0.0681102362204754));
#10729=CARTESIAN_POINT('',(10.7053138356838,15.9718585794354,-0.0681102362204754));
#10730=CARTESIAN_POINT('',(10.6816917884398,15.7750081857347,-0.0602362204724439));
#10731=CARTESIAN_POINT('',(10.7580697411957,15.7750081857347,-0.0602362204724439));
#10732=CARTESIAN_POINT('',(10.6816917884398,15.9718585794354,-0.0602362204724439));
#10733=CARTESIAN_POINT('',(10.7580697411957,15.9718585794354,-0.0602362204724439));
#10734=CARTESIAN_POINT('',(10.7762540016426,15.8065042487268,-0.0681102362204754));
#10735=CARTESIAN_POINT('',(10.7762540016426,15.8065042487268,-0.0681102362204754));
#10736=CARTESIAN_POINT('',(10.7762540016426,15.9403625164433,-0.0681102362204754));
#10737=CARTESIAN_POINT('',(10.7762540016426,15.9403625164433,-0.0681102362204754));
#10738=CARTESIAN_POINT('',(10.7816917884397,15.8065042487268,-0.0681102362204754));
#10739=CARTESIAN_POINT('',(10.7871295752369,15.8065042487268,-0.0681102362204754));
#10740=CARTESIAN_POINT('',(10.7816917884397,15.9403625164433,-0.0681102362204754));
#10741=CARTESIAN_POINT('',(10.7871295752369,15.9403625164433,-0.0681102362204754));
#10742=CARTESIAN_POINT('',(10.7871295752369,15.8065042487268,-0.0681102362204754));
#10743=CARTESIAN_POINT('',(10.8053138356838,15.7750081857347,-0.0681102362204754));
#10744=CARTESIAN_POINT('',(10.7871295752369,15.9403625164433,-0.0681102362204754));
#10745=CARTESIAN_POINT('',(10.8053138356838,15.9718585794354,-0.0681102362204754));
#10746=CARTESIAN_POINT('',(10.7816917884397,15.7750081857347,-0.0602362204724439));
#10747=CARTESIAN_POINT('',(10.8580697411957,15.7750081857347,-0.0602362204724439));
#10748=CARTESIAN_POINT('',(10.7816917884397,15.9718585794354,-0.0602362204724439));
#10749=CARTESIAN_POINT('',(10.8580697411957,15.9718585794354,-0.0602362204724439));
#10750=CARTESIAN_POINT('',(10.8762540016426,15.8065042487268,-0.0681102362204754));
#10751=CARTESIAN_POINT('',(10.8762540016426,15.8065042487268,-0.0681102362204754));
#10752=CARTESIAN_POINT('',(10.8762540016426,15.9403625164433,-0.0681102362204754));
#10753=CARTESIAN_POINT('',(10.8762540016426,15.9403625164433,-0.0681102362204754));
#10754=CARTESIAN_POINT('',(10.8816917884398,15.8065042487268,-0.0681102362204754));
#10755=CARTESIAN_POINT('',(10.8871295752369,15.8065042487268,-0.0681102362204754));
#10756=CARTESIAN_POINT('',(10.8816917884398,15.9403625164433,-0.0681102362204754));
#10757=CARTESIAN_POINT('',(10.8871295752369,15.9403625164433,-0.0681102362204754));
#10758=CARTESIAN_POINT('',(10.8871295752369,15.8065042487268,-0.0681102362204754));
#10759=CARTESIAN_POINT('',(10.9053138356838,15.7750081857347,-0.0681102362204754));
#10760=CARTESIAN_POINT('',(10.8871295752369,15.9403625164433,-0.0681102362204754));
#10761=CARTESIAN_POINT('',(10.9053138356838,15.9718585794354,-0.0681102362204754));
#10762=CARTESIAN_POINT('',(10.8816917884398,15.7750081857347,-0.0602362204724439));
#10763=CARTESIAN_POINT('',(10.9580697411957,15.7750081857347,-0.0602362204724439));
#10764=CARTESIAN_POINT('',(10.8816917884398,15.9718585794354,-0.0602362204724439));
#10765=CARTESIAN_POINT('',(10.9580697411957,15.9718585794354,-0.0602362204724439));
#10766=CARTESIAN_POINT('',(10.9762540016426,15.8065042487268,-0.0681102362204754));
#10767=CARTESIAN_POINT('',(10.9762540016426,15.8065042487268,-0.0681102362204754));
#10768=CARTESIAN_POINT('',(10.9762540016426,15.9403625164433,-0.0681102362204754));
#10769=CARTESIAN_POINT('',(10.9762540016426,15.9403625164433,-0.0681102362204754));
#10770=CARTESIAN_POINT('',(10.9816917884398,15.8065042487268,-0.0681102362204754));
#10771=CARTESIAN_POINT('',(10.9871295752369,15.8065042487268,-0.0681102362204754));
#10772=CARTESIAN_POINT('',(10.9816917884398,15.9403625164433,-0.0681102362204754));
#10773=CARTESIAN_POINT('',(10.9871295752369,15.9403625164433,-0.0681102362204754));
#10774=CARTESIAN_POINT('',(10.9871295752369,15.8065042487268,-0.0681102362204754));
#10775=CARTESIAN_POINT('',(11.0053138356838,15.7750081857347,-0.0681102362204754));
#10776=CARTESIAN_POINT('',(10.9871295752369,15.9403625164433,-0.0681102362204754));
#10777=CARTESIAN_POINT('',(11.0053138356838,15.9718585794354,-0.0681102362204754));
#10778=CARTESIAN_POINT('',(10.9816917884398,15.7750081857347,-0.0602362204724439));
#10779=CARTESIAN_POINT('',(11.0580697411957,15.7750081857347,-0.0602362204724439));
#10780=CARTESIAN_POINT('',(10.9816917884398,15.9718585794354,-0.0602362204724439));
#10781=CARTESIAN_POINT('',(11.0580697411957,15.9718585794354,-0.0602362204724439));
#10782=CARTESIAN_POINT('',(11.0762540016426,15.8065042487268,-0.0681102362204754));
#10783=CARTESIAN_POINT('',(11.0762540016426,15.8065042487268,-0.0681102362204754));
#10784=CARTESIAN_POINT('',(11.0762540016426,15.9403625164433,-0.0681102362204754));
#10785=CARTESIAN_POINT('',(11.0762540016426,15.9403625164433,-0.0681102362204754));
#10786=CARTESIAN_POINT('',(11.0816917884398,15.8065042487268,-0.0681102362204754));
#10787=CARTESIAN_POINT('',(11.0871295752369,15.8065042487268,-0.0681102362204754));
#10788=CARTESIAN_POINT('',(11.0816917884398,15.9403625164433,-0.0681102362204754));
#10789=CARTESIAN_POINT('',(11.0871295752369,15.9403625164433,-0.0681102362204754));
#10790=CARTESIAN_POINT('',(11.0871295752369,15.8065042487268,-0.0681102362204754));
#10791=CARTESIAN_POINT('',(11.1053138356838,15.7750081857347,-0.0681102362204754));
#10792=CARTESIAN_POINT('',(11.0871295752369,15.9403625164433,-0.0681102362204754));
#10793=CARTESIAN_POINT('',(11.1053138356838,15.9718585794354,-0.0681102362204754));
#10794=CARTESIAN_POINT('',(11.0816917884398,15.7750081857347,-0.0602362204724439));
#10795=CARTESIAN_POINT('',(11.1580697411957,15.7750081857347,-0.0602362204724439));
#10796=CARTESIAN_POINT('',(11.0816917884398,15.9718585794354,-0.0602362204724439));
#10797=CARTESIAN_POINT('',(11.1580697411957,15.9718585794354,-0.0602362204724439));
#10798=CARTESIAN_POINT('',(11.1762540016426,15.8065042487268,-0.0681102362204754));
#10799=CARTESIAN_POINT('',(11.1762540016426,15.8065042487268,-0.0681102362204754));
#10800=CARTESIAN_POINT('',(11.1762540016426,15.9403625164433,-0.0681102362204754));
#10801=CARTESIAN_POINT('',(11.1762540016426,15.9403625164433,-0.0681102362204754));
#10802=CARTESIAN_POINT('',(11.1816917884398,15.8065042487268,-0.0681102362204754));
#10803=CARTESIAN_POINT('',(11.1871295752369,15.8065042487268,-0.0681102362204754));
#10804=CARTESIAN_POINT('',(11.1816917884398,15.9403625164433,-0.0681102362204754));
#10805=CARTESIAN_POINT('',(11.1871295752369,15.9403625164433,-0.0681102362204754));
#10806=CARTESIAN_POINT('',(11.1871295752369,15.8065042487268,-0.0681102362204754));
#10807=CARTESIAN_POINT('',(11.2053138356838,15.7750081857347,-0.0681102362204754));
#10808=CARTESIAN_POINT('',(11.1871295752369,15.9403625164433,-0.0681102362204754));
#10809=CARTESIAN_POINT('',(11.2053138356838,15.9718585794354,-0.0681102362204754));
#10810=CARTESIAN_POINT('',(11.1816917884398,15.7750081857347,-0.0602362204724439));
#10811=CARTESIAN_POINT('',(11.2580697411957,15.7750081857347,-0.0602362204724439));
#10812=CARTESIAN_POINT('',(11.1816917884398,15.9718585794354,-0.0602362204724439));
#10813=CARTESIAN_POINT('',(11.2580697411957,15.9718585794354,-0.0602362204724439));
#10814=CARTESIAN_POINT('',(11.2762540016426,15.8065042487268,-0.0681102362204754));
#10815=CARTESIAN_POINT('',(11.2762540016426,15.8065042487268,-0.0681102362204754));
#10816=CARTESIAN_POINT('',(11.2762540016426,15.9403625164433,-0.0681102362204754));
#10817=CARTESIAN_POINT('',(11.2762540016426,15.9403625164433,-0.0681102362204754));
#10818=CARTESIAN_POINT('',(11.2816917884398,15.8065042487268,-0.0681102362204754));
#10819=CARTESIAN_POINT('',(11.2871295752369,15.8065042487268,-0.0681102362204754));
#10820=CARTESIAN_POINT('',(11.2816917884398,15.9403625164433,-0.0681102362204754));
#10821=CARTESIAN_POINT('',(11.2871295752369,15.9403625164433,-0.0681102362204754));
#10822=CARTESIAN_POINT('',(11.2871295752369,15.8065042487268,-0.0681102362204754));
#10823=CARTESIAN_POINT('',(11.3053138356838,15.7750081857347,-0.0681102362204754));
#10824=CARTESIAN_POINT('',(11.2871295752369,15.9403625164433,-0.0681102362204754));
#10825=CARTESIAN_POINT('',(11.3053138356838,15.9718585794354,-0.0681102362204754));
#10826=CARTESIAN_POINT('',(11.2816917884397,15.7750081857347,-0.0602362204724439));
#10827=CARTESIAN_POINT('',(11.3580697411957,15.7750081857347,-0.0602362204724439));
#10828=CARTESIAN_POINT('',(11.2816917884397,15.9718585794354,-0.0602362204724439));
#10829=CARTESIAN_POINT('',(11.3580697411957,15.9718585794354,-0.0602362204724439));
#10830=CARTESIAN_POINT('',(11.3762540016426,15.8065042487268,-0.0681102362204754));
#10831=CARTESIAN_POINT('',(11.3762540016426,15.8065042487268,-0.0681102362204754));
#10832=CARTESIAN_POINT('',(11.3762540016426,15.9403625164433,-0.0681102362204754));
#10833=CARTESIAN_POINT('',(11.3762540016426,15.9403625164433,-0.0681102362204754));
#10834=CARTESIAN_POINT('',(11.3816917884398,15.8065042487268,-0.0681102362204754));
#10835=CARTESIAN_POINT('',(11.3871295752369,15.8065042487268,-0.0681102362204754));
#10836=CARTESIAN_POINT('',(11.3816917884398,15.9403625164433,-0.0681102362204754));
#10837=CARTESIAN_POINT('',(11.3871295752369,15.9403625164433,-0.0681102362204754));
#10838=CARTESIAN_POINT('',(11.3871295752369,15.8065042487268,-0.0681102362204754));
#10839=CARTESIAN_POINT('',(11.4053138356838,15.7750081857347,-0.0681102362204754));
#10840=CARTESIAN_POINT('',(11.3871295752369,15.9403625164433,-0.0681102362204754));
#10841=CARTESIAN_POINT('',(11.4053138356838,15.9718585794354,-0.0681102362204754));
#10842=CARTESIAN_POINT('',(11.3816917884398,15.7750081857347,-0.0602362204724439));
#10843=CARTESIAN_POINT('',(11.4580697411957,15.7750081857347,-0.0602362204724439));
#10844=CARTESIAN_POINT('',(11.3816917884398,15.9718585794354,-0.0602362204724439));
#10845=CARTESIAN_POINT('',(11.4580697411957,15.9718585794354,-0.0602362204724439));
#10846=CARTESIAN_POINT('',(11.4762540016426,15.8065042487268,-0.0681102362204754));
#10847=CARTESIAN_POINT('',(11.4762540016426,15.9403625164433,-0.0681102362204754));
#10848=CARTESIAN_POINT('',(0.,0.,0.));
#10849=CARTESIAN_POINT('',(12.6190933632429,15.8108349573882,-0.219330708661419));
#10850=CARTESIAN_POINT('',(12.6190933632429,15.8360318077819,-0.219330708661419));
#10851=CARTESIAN_POINT('',(12.6190933632429,15.8360318077819,-0.26692913385827));
#10852=CARTESIAN_POINT('',(12.6190933632429,15.8360318077819,0.157834645669289));
#10853=CARTESIAN_POINT('',(12.6190933632429,15.8108349573882,-0.26692913385827));
#10854=CARTESIAN_POINT('',(12.6190933632429,15.8108349573882,-0.26692913385827));
#10855=CARTESIAN_POINT('',(12.6190933632429,15.8108349573882,-0.219330708661419));
#10856=CARTESIAN_POINT('',(12.6190933632429,15.8108349573882,0.157834645669289));
#10857=CARTESIAN_POINT('',(12.6190933632429,15.8108349573882,0.15783464566929));
#10858=CARTESIAN_POINT('',(12.6442902136366,15.8108349573882,-0.219330708661419));
#10859=CARTESIAN_POINT('',(12.6442902136366,15.8108349573882,-0.26692913385827));
#10860=CARTESIAN_POINT('',(12.6442902136366,15.8108349573882,-0.26692913385827));
#10861=CARTESIAN_POINT('',(12.6442902136366,15.8108349573882,-0.219330708661419));
#10862=CARTESIAN_POINT('',(12.6442902136366,15.8108349573882,0.157834645669289));
#10863=CARTESIAN_POINT('',(12.6442902136366,15.8108349573882,0.15783464566929));
#10864=CARTESIAN_POINT('',(12.6190933632429,15.8360318077819,-0.219330708661419));
#10865=CARTESIAN_POINT('',(12.6442902136366,15.8360318077819,-0.219330708661419));
#10866=CARTESIAN_POINT('',(12.6442902136366,15.8360318077819,-0.26692913385827));
#10867=CARTESIAN_POINT('',(12.6442902136366,15.8360318077819,0.157834645669289));
#10868=CARTESIAN_POINT('',(12.6190933632429,15.8360318077819,-0.26692913385827));
#10869=CARTESIAN_POINT('',(12.6190933632429,15.8360318077819,0.15783464566929));
#10870=CARTESIAN_POINT('',(12.6442902136366,15.8360318077819,-0.219330708661419));
#10871=CARTESIAN_POINT('',(12.6442902136366,15.8360318077819,-0.26692913385827));
#10872=CARTESIAN_POINT('',(12.6442902136366,15.8360318077819,0.15783464566929));
#10873=CARTESIAN_POINT('',(12.6413374577311,15.8297325951835,0.163740157480315));
#10874=CARTESIAN_POINT('',(12.6442902136366,15.8360318077819,0.157834645669291));
#10875=CARTESIAN_POINT('',(12.6383847018256,15.8301262959709,0.169645669291338));
#10876=CARTESIAN_POINT('',(12.6383847018256,15.8297325951835,0.169645669291338));
#10877=CARTESIAN_POINT('',(12.6383847018256,15.8167404691992,0.169645669291338));
#10878=CARTESIAN_POINT('',(12.6383847018256,15.8167404691992,0.169645669291338));
#10879=CARTESIAN_POINT('',(12.6253925758413,15.8330790518764,0.163740157480315));
#10880=CARTESIAN_POINT('',(12.6190933632429,15.8360318077819,0.157834645669289));
#10881=CARTESIAN_POINT('',(12.6249988750539,15.8301262959709,0.169645669291337));
#10882=CARTESIAN_POINT('',(12.6253925758413,15.8301262959709,0.169645669291338));
#10883=CARTESIAN_POINT('',(12.6379910010382,15.8137877132937,0.163740157480315));
#10884=CARTESIAN_POINT('',(12.6249988750539,15.8167404691992,0.169645669291338));
#10885=CARTESIAN_POINT('',(12.6249988750539,15.8167404691992,0.169645669291337));
#10886=CARTESIAN_POINT('',(12.6379910010382,15.8167404691992,0.169645669291338));
#10887=CARTESIAN_POINT('',(12.6316917884398,15.8234333825851,0.169645669291337));
#10888=CARTESIAN_POINT('',(12.6249988750539,15.8234333825851,0.169645669291337));
#10889=CARTESIAN_POINT('',(12.6220461191484,15.8171341699866,0.163740157480315));
#10890=CARTESIAN_POINT('',(12.6316917884398,15.8234333825851,-0.278740157480317));
#10891=CARTESIAN_POINT('',(12.6379910010382,15.8167404691992,-0.278740157480318));
#10892=CARTESIAN_POINT('',(12.6249988750539,15.8167404691992,-0.278740157480317));
#10893=CARTESIAN_POINT('',(12.6383847018256,15.8167404691992,-0.278740157480318));
#10894=CARTESIAN_POINT('',(12.6249988750539,15.8234333825851,-0.278740157480317));
#10895=CARTESIAN_POINT('',(12.6249988750539,15.8301262959709,-0.278740157480318));
#10896=CARTESIAN_POINT('',(12.6253925758413,15.8301262959709,-0.278740157480318));
#10897=CARTESIAN_POINT('',(12.6383847018256,15.8301262959709,-0.278740157480318));
#10898=CARTESIAN_POINT('',(12.6383847018256,15.8297325951835,-0.278740157480318));
#10899=CARTESIAN_POINT('',(12.6220461191484,15.8171341699866,-0.272834645669295));
#10900=CARTESIAN_POINT('',(12.6249988750539,15.8301262959709,-0.278740157480318));
#10901=CARTESIAN_POINT('',(12.6190933632429,15.8108349573882,-0.266929133858269));
#10902=CARTESIAN_POINT('',(12.6379910010382,15.8137877132937,-0.272834645669295));
#10903=CARTESIAN_POINT('',(12.6442902136366,15.8108349573882,-0.266929133858271));
#10904=CARTESIAN_POINT('',(12.6253925758413,15.8330790518764,-0.272834645669295));
#10905=CARTESIAN_POINT('',(12.6383847018256,15.8301262959709,-0.278740157480318));
#10906=CARTESIAN_POINT('',(12.6413374577311,15.8297325951835,-0.272834645669295));
#10907=CARTESIAN_POINT('CARTESIAN_POINT4',(0.,0.,0.));
#10908=CARTESIAN_POINT('CARTESIAN_POINT8',(0.,0.,0.));
#10909=CARTESIAN_POINT('CARTESIAN_POINT14',(-5.07999999999997,0.,-6.22100027741765E-016));
#10910=CARTESIAN_POINT('CARTESIAN_POINT18',(0.,0.,0.));
#10911=CARTESIAN_POINT('CARTESIAN_POINT24',(-4.82599999999997,0.,-6.22100027741765E-016));
#10912=CARTESIAN_POINT('CARTESIAN_POINT28',(0.,0.,0.));
#10913=CARTESIAN_POINT('CARTESIAN_POINT34',(-4.57199999999997,0.,-6.22100027741765E-016));
#10914=CARTESIAN_POINT('CARTESIAN_POINT38',(0.,0.,0.));
#10915=CARTESIAN_POINT('CARTESIAN_POINT44',(-4.31799999999997,0.,-6.22100027741765E-016));
#10916=CARTESIAN_POINT('CARTESIAN_POINT48',(0.,0.,0.));
#10917=CARTESIAN_POINT('CARTESIAN_POINT54',(-4.06399999999997,0.,-6.22100027741765E-016));
#10918=CARTESIAN_POINT('CARTESIAN_POINT58',(0.,0.,0.));
#10919=CARTESIAN_POINT('CARTESIAN_POINT64',(-3.80999999999997,0.,-6.22100027741765E-016));
#10920=CARTESIAN_POINT('CARTESIAN_POINT68',(0.,0.,0.));
#10921=CARTESIAN_POINT('CARTESIAN_POINT74',(-3.55599999999997,0.,-6.22100027741765E-016));
#10922=CARTESIAN_POINT('CARTESIAN_POINT78',(0.,0.,0.));
#10923=CARTESIAN_POINT('CARTESIAN_POINT84',(-3.30199999999997,0.,-6.22100027741765E-016));
#10924=CARTESIAN_POINT('CARTESIAN_POINT88',(0.,0.,0.));
#10925=CARTESIAN_POINT('CARTESIAN_POINT94',(-3.04799999999997,0.,-6.22100027741765E-016));
#10926=CARTESIAN_POINT('CARTESIAN_POINT98',(0.,0.,0.));
#10927=CARTESIAN_POINT('CARTESIAN_POINT104',(-2.79399999999997,0.,-6.22100027741765E-016));
#10928=CARTESIAN_POINT('CARTESIAN_POINT108',(0.,0.,0.));
#10929=CARTESIAN_POINT('CARTESIAN_POINT114',(-5.08,0.253999999999998,-5.90995026354677E-016));
#10930=CARTESIAN_POINT('CARTESIAN_POINT118',(0.,0.,0.));
#10931=CARTESIAN_POINT('CARTESIAN_POINT124',(-4.826,0.253999999999998,-5.90995026354677E-016));
#10932=CARTESIAN_POINT('CARTESIAN_POINT128',(0.,0.,0.));
#10933=CARTESIAN_POINT('CARTESIAN_POINT134',(-4.572,0.253999999999998,-5.90995026354677E-016));
#10934=CARTESIAN_POINT('CARTESIAN_POINT138',(0.,0.,0.));
#10935=CARTESIAN_POINT('CARTESIAN_POINT144',(-4.318,0.253999999999998,-5.90995026354677E-016));
#10936=CARTESIAN_POINT('CARTESIAN_POINT148',(0.,0.,0.));
#10937=CARTESIAN_POINT('CARTESIAN_POINT154',(-4.064,0.253999999999998,-5.90995026354677E-016));
#10938=CARTESIAN_POINT('CARTESIAN_POINT158',(0.,0.,0.));
#10939=CARTESIAN_POINT('CARTESIAN_POINT164',(-3.81,0.253999999999998,-5.90995026354677E-016));
#10940=CARTESIAN_POINT('CARTESIAN_POINT168',(0.,0.,0.));
#10941=CARTESIAN_POINT('CARTESIAN_POINT174',(-3.556,0.253999999999998,-5.90995026354677E-016));
#10942=CARTESIAN_POINT('CARTESIAN_POINT178',(0.,0.,0.));
#10943=CARTESIAN_POINT('CARTESIAN_POINT184',(-3.302,0.253999999999998,-5.90995026354677E-016));
#10944=CARTESIAN_POINT('CARTESIAN_POINT188',(0.,0.,0.));
#10945=CARTESIAN_POINT('CARTESIAN_POINT194',(-3.048,0.253999999999998,-5.90995026354677E-016));
#10946=CARTESIAN_POINT('CARTESIAN_POINT198',(0.,0.,0.));
#10947=CARTESIAN_POINT('CARTESIAN_POINT204',(-2.794,0.253999999999998,-5.90995026354677E-016));
#10948=CARTESIAN_POINT('CARTESIAN_POINT208',(0.,0.,0.));
#10949=AXIS2_PLACEMENT_3D('',#8901,#7434,#7433);
#10950=AXIS2_PLACEMENT_3D('',#8902,#7435,$);
#10951=AXIS2_PLACEMENT_3D('',#8911,#7440,$);
#10952=AXIS2_PLACEMENT_3D('',#8920,#7445,$);
#10953=AXIS2_PLACEMENT_3D('',#8926,#7449,$);
#10954=AXIS2_PLACEMENT_3D('',#8930,#7452,$);
#10955=AXIS2_PLACEMENT_3D('',#8936,#7456,$);
#10956=AXIS2_PLACEMENT_3D('',#8940,#7459,$);
#10957=AXIS2_PLACEMENT_3D('',#8946,#7463,$);
#10958=AXIS2_PLACEMENT_3D('',#8976,#7479,$);
#10959=AXIS2_PLACEMENT_3D('',#8984,#7484,$);
#10960=AXIS2_PLACEMENT_3D('',#8990,#7488,$);
#10961=AXIS2_PLACEMENT_3D('',#8996,#7492,$);
#10962=AXIS2_PLACEMENT_3D('',#9002,#7496,$);
#10963=AXIS2_PLACEMENT_3D('',#9008,#7500,$);
#10964=AXIS2_PLACEMENT_3D('',#9014,#7504,$);
#10965=AXIS2_PLACEMENT_3D('',#9020,#7508,$);
#10966=AXIS2_PLACEMENT_3D('',#9024,#7511,$);
#10967=AXIS2_PLACEMENT_3D('',#9028,#7514,$);
#10968=AXIS2_PLACEMENT_3D('',#9034,#7518,$);
#10969=AXIS2_PLACEMENT_3D('',#9038,#7521,$);
#10970=AXIS2_PLACEMENT_3D('',#9042,#7524,$);
#10971=AXIS2_PLACEMENT_3D('',#9066,#7538,$);
#10972=AXIS2_PLACEMENT_3D('',#9068,#7540,$);
#10973=AXIS2_PLACEMENT_3D('',#9070,#7542,$);
#10974=AXIS2_PLACEMENT_3D('',#9072,#7544,$);
#10975=AXIS2_PLACEMENT_3D('',#9074,#7546,$);
#10976=AXIS2_PLACEMENT_3D('',#9076,#7548,$);
#10977=AXIS2_PLACEMENT_3D('',#9078,#7550,$);
#10978=AXIS2_PLACEMENT_3D('',#9084,#7554,$);
#10979=AXIS2_PLACEMENT_3D('',#9090,#7558,$);
#10980=AXIS2_PLACEMENT_3D('',#9096,#7562,$);
#10981=AXIS2_PLACEMENT_3D('',#9097,#7563,$);
#10982=AXIS2_PLACEMENT_3D('',#9098,#7564,$);
#10983=AXIS2_PLACEMENT_3D('',#9104,#7568,$);
#10984=AXIS2_PLACEMENT_3D('',#9115,#7575,$);
#10985=AXIS2_PLACEMENT_3D('',#9118,#7578,$);
#10986=AXIS2_PLACEMENT_3D('',#9124,#7582,$);
#10987=AXIS2_PLACEMENT_3D('',#9130,#7586,$);
#10988=AXIS2_PLACEMENT_3D('',#9132,#7588,$);
#10989=AXIS2_PLACEMENT_3D('',#9134,#7590,$);
#10990=AXIS2_PLACEMENT_3D('',#9136,#7592,$);
#10991=AXIS2_PLACEMENT_3D('',#9138,#7594,$);
#10992=AXIS2_PLACEMENT_3D('',#9139,#7595,$);
#10993=AXIS2_PLACEMENT_3D('',#9141,#7597,$);
#10994=AXIS2_PLACEMENT_3D('',#9142,#7598,$);
#10995=AXIS2_PLACEMENT_3D('',#9175,#7615,$);
#10996=AXIS2_PLACEMENT_3D('',#9181,#7619,$);
#10997=AXIS2_PLACEMENT_3D('',#9187,#7623,$);
#10998=AXIS2_PLACEMENT_3D('',#9193,#7627,$);
#10999=AXIS2_PLACEMENT_3D('',#9199,#7631,$);
#11000=AXIS2_PLACEMENT_3D('',#9205,#7635,$);
#11001=AXIS2_PLACEMENT_3D('',#9211,#7639,$);
#11002=AXIS2_PLACEMENT_3D('',#9217,#7643,$);
#11003=AXIS2_PLACEMENT_3D('',#9221,#7646,$);
#11004=AXIS2_PLACEMENT_3D('',#9225,#7649,$);
#11005=AXIS2_PLACEMENT_3D('',#9231,#7653,$);
#11006=AXIS2_PLACEMENT_3D('',#9235,#7656,$);
#11007=AXIS2_PLACEMENT_3D('',#9239,#7659,$);
#11008=AXIS2_PLACEMENT_3D('',#9245,#7663,$);
#11009=AXIS2_PLACEMENT_3D('',#9251,#7667,$);
#11010=AXIS2_PLACEMENT_3D('',#9255,#7670,$);
#11011=AXIS2_PLACEMENT_3D('',#9280,#7684,$);
#11012=AXIS2_PLACEMENT_3D('',#9282,#7686,$);
#11013=AXIS2_PLACEMENT_3D('',#9284,#7688,$);
#11014=AXIS2_PLACEMENT_3D('',#9286,#7690,$);
#11015=AXIS2_PLACEMENT_3D('',#9288,#7692,$);
#11016=AXIS2_PLACEMENT_3D('',#9290,#7694,$);
#11017=AXIS2_PLACEMENT_3D('',#9320,#7710,$);
#11018=AXIS2_PLACEMENT_3D('',#9350,#7726,$);
#11019=AXIS2_PLACEMENT_3D('',#9351,#7727,$);
#11020=AXIS2_PLACEMENT_3D('',#9357,#7731,$);
#11021=AXIS2_PLACEMENT_3D('',#9363,#7735,$);
#11022=AXIS2_PLACEMENT_3D('',#9369,#7739,$);
#11023=AXIS2_PLACEMENT_3D('',#9375,#7743,$);
#11024=AXIS2_PLACEMENT_3D('',#9376,#7744,$);
#11025=AXIS2_PLACEMENT_3D('',#9382,#7748,$);
#11026=AXIS2_PLACEMENT_3D('',#9388,#7752,$);
#11027=AXIS2_PLACEMENT_3D('',#9394,#7756,$);
#11028=AXIS2_PLACEMENT_3D('',#9400,#7760,$);
#11029=AXIS2_PLACEMENT_3D('',#9406,#7764,$);
#11030=AXIS2_PLACEMENT_3D('',#9412,#7768,$);
#11031=AXIS2_PLACEMENT_3D('',#9418,#7772,$);
#11032=AXIS2_PLACEMENT_3D('',#9432,#7780,$);
#11033=AXIS2_PLACEMENT_3D('',#9438,#7784,$);
#11034=AXIS2_PLACEMENT_3D('',#9452,#7792,$);
#11035=AXIS2_PLACEMENT_3D('',#9458,#7796,$);
#11036=AXIS2_PLACEMENT_3D('',#9464,#7800,$);
#11037=AXIS2_PLACEMENT_3D('',#9468,#7803,$);
#11038=AXIS2_PLACEMENT_3D('',#9472,#7806,$);
#11039=AXIS2_PLACEMENT_3D('',#9478,#7810,$);
#11040=AXIS2_PLACEMENT_3D('',#9482,#7813,$);
#11041=AXIS2_PLACEMENT_3D('',#9486,#7816,$);
#11042=AXIS2_PLACEMENT_3D('',#9492,#7820,$);
#11043=AXIS2_PLACEMENT_3D('',#9496,#7823,$);
#11044=AXIS2_PLACEMENT_3D('',#9500,#7826,$);
#11045=AXIS2_PLACEMENT_3D('',#9506,#7830,$);
#11046=AXIS2_PLACEMENT_3D('',#9510,#7833,$);
#11047=AXIS2_PLACEMENT_3D('',#9514,#7836,$);
#11048=AXIS2_PLACEMENT_3D('',#9520,#7840,$);
#11049=AXIS2_PLACEMENT_3D('',#9526,#7844,$);
#11050=AXIS2_PLACEMENT_3D('',#9532,#7848,$);
#11051=AXIS2_PLACEMENT_3D('',#9538,#7852,$);
#11052=AXIS2_PLACEMENT_3D('',#9542,#7855,$);
#11053=AXIS2_PLACEMENT_3D('',#9564,#7868,$);
#11054=AXIS2_PLACEMENT_3D('',#9566,#7870,$);
#11055=AXIS2_PLACEMENT_3D('',#9568,#7872,$);
#11056=AXIS2_PLACEMENT_3D('',#9570,#7874,$);
#11057=AXIS2_PLACEMENT_3D('',#9572,#7876,$);
#11058=AXIS2_PLACEMENT_3D('',#9574,#7878,$);
#11059=AXIS2_PLACEMENT_3D('',#9578,#7881,$);
#11060=AXIS2_PLACEMENT_3D('',#9582,#7884,$);
#11061=AXIS2_PLACEMENT_3D('',#9602,#7896,$);
#11062=AXIS2_PLACEMENT_3D('',#9604,#7898,$);
#11063=AXIS2_PLACEMENT_3D('',#9606,#7900,$);
#11064=AXIS2_PLACEMENT_3D('',#9608,#7902,$);
#11065=AXIS2_PLACEMENT_3D('',#9610,#7904,$);
#11066=AXIS2_PLACEMENT_3D('',#9616,#7908,$);
#11067=AXIS2_PLACEMENT_3D('',#9646,#7924,$);
#11068=AXIS2_PLACEMENT_3D('',#9647,#7925,$);
#11069=AXIS2_PLACEMENT_3D('',#9653,#7929,$);
#11070=AXIS2_PLACEMENT_3D('',#9659,#7933,$);
#11071=AXIS2_PLACEMENT_3D('',#9665,#7937,$);
#11072=AXIS2_PLACEMENT_3D('',#9666,#7938,$);
#11073=AXIS2_PLACEMENT_3D('',#9667,#7939,$);
#11074=AXIS2_PLACEMENT_3D('',#9673,#7943,$);
#11075=AXIS2_PLACEMENT_3D('',#9679,#7947,$);
#11076=AXIS2_PLACEMENT_3D('',#9685,#7951,$);
#11077=AXIS2_PLACEMENT_3D('',#9686,#7952,$);
#11078=AXIS2_PLACEMENT_3D('',#9716,#7968,$);
#11079=AXIS2_PLACEMENT_3D('',#9722,#7972,$);
#11080=AXIS2_PLACEMENT_3D('',#9728,#7976,$);
#11081=AXIS2_PLACEMENT_3D('',#9734,#7980,$);
#11082=AXIS2_PLACEMENT_3D('',#9740,#7984,$);
#11083=AXIS2_PLACEMENT_3D('',#9746,#7988,$);
#11084=AXIS2_PLACEMENT_3D('',#9760,#7996,$);
#11085=AXIS2_PLACEMENT_3D('',#9766,#8000,$);
#11086=AXIS2_PLACEMENT_3D('',#9780,#8008,$);
#11087=AXIS2_PLACEMENT_3D('',#9786,#8012,$);
#11088=AXIS2_PLACEMENT_3D('',#9792,#8016,$);
#11089=AXIS2_PLACEMENT_3D('',#9798,#8020,$);
#11090=AXIS2_PLACEMENT_3D('',#9804,#8024,$);
#11091=AXIS2_PLACEMENT_3D('',#9810,#8028,$);
#11092=AXIS2_PLACEMENT_3D('',#9814,#8031,$);
#11093=AXIS2_PLACEMENT_3D('',#9818,#8034,$);
#11094=AXIS2_PLACEMENT_3D('',#9824,#8038,$);
#11095=AXIS2_PLACEMENT_3D('',#9828,#8041,$);
#11096=AXIS2_PLACEMENT_3D('',#9832,#8044,$);
#11097=AXIS2_PLACEMENT_3D('',#9838,#8048,$);
#11098=AXIS2_PLACEMENT_3D('',#9844,#8052,$);
#11099=AXIS2_PLACEMENT_3D('',#9850,#8056,$);
#11100=AXIS2_PLACEMENT_3D('',#9856,#8060,$);
#11101=AXIS2_PLACEMENT_3D('',#9860,#8063,$);
#11102=AXIS2_PLACEMENT_3D('',#9864,#8066,$);
#11103=AXIS2_PLACEMENT_3D('',#9870,#8070,$);
#11104=AXIS2_PLACEMENT_3D('',#9874,#8073,$);
#11105=AXIS2_PLACEMENT_3D('',#9878,#8076,$);
#11106=AXIS2_PLACEMENT_3D('',#9884,#8080,$);
#11107=AXIS2_PLACEMENT_3D('',#9888,#8083,$);
#11108=AXIS2_PLACEMENT_3D('',#9892,#8086,$);
#11109=AXIS2_PLACEMENT_3D('',#9912,#8098,$);
#11110=AXIS2_PLACEMENT_3D('',#9914,#8100,$);
#11111=AXIS2_PLACEMENT_3D('',#9916,#8102,$);
#11112=AXIS2_PLACEMENT_3D('',#9918,#8104,$);
#11113=AXIS2_PLACEMENT_3D('',#9920,#8106,$);
#11114=AXIS2_PLACEMENT_3D('',#9926,#8110,$);
#11115=AXIS2_PLACEMENT_3D('',#9950,#8124,$);
#11116=AXIS2_PLACEMENT_3D('',#9952,#8126,$);
#11117=AXIS2_PLACEMENT_3D('',#9954,#8128,$);
#11118=AXIS2_PLACEMENT_3D('',#9956,#8130,$);
#11119=AXIS2_PLACEMENT_3D('',#9958,#8132,$);
#11120=AXIS2_PLACEMENT_3D('',#9960,#8134,$);
#11121=AXIS2_PLACEMENT_3D('',#9962,#8136,$);
#11122=AXIS2_PLACEMENT_3D('',#9968,#8140,$);
#11123=AXIS2_PLACEMENT_3D('',#9969,#8141,$);
#11124=AXIS2_PLACEMENT_3D('',#9975,#8145,$);
#11125=AXIS2_PLACEMENT_3D('',#9981,#8149,$);
#11126=AXIS2_PLACEMENT_3D('',#9987,#8153,$);
#11127=AXIS2_PLACEMENT_3D('',#9988,#8154,$);
#11128=AXIS2_PLACEMENT_3D('',#10018,#8170,$);
#11129=AXIS2_PLACEMENT_3D('',#10024,#8174,$);
#11130=AXIS2_PLACEMENT_3D('',#10030,#8178,$);
#11131=AXIS2_PLACEMENT_3D('',#10036,#8182,$);
#11132=AXIS2_PLACEMENT_3D('',#10037,#8183,$);
#11133=AXIS2_PLACEMENT_3D('',#10038,#8184,$);
#11134=AXIS2_PLACEMENT_3D('',#10068,#8200,$);
#11135=AXIS2_PLACEMENT_3D('',#10074,#8204,$);
#11136=AXIS2_PLACEMENT_3D('',#10080,#8208,$);
#11137=AXIS2_PLACEMENT_3D('',#10094,#8216,$);
#11138=AXIS2_PLACEMENT_3D('',#10100,#8220,$);
#11139=AXIS2_PLACEMENT_3D('',#10106,#8224,$);
#11140=AXIS2_PLACEMENT_3D('',#10112,#8228,$);
#11141=AXIS2_PLACEMENT_3D('',#10118,#8232,$);
#11142=AXIS2_PLACEMENT_3D('',#10132,#8240,$);
#11143=AXIS2_PLACEMENT_3D('',#10138,#8244,$);
#11144=AXIS2_PLACEMENT_3D('',#10144,#8248,$);
#11145=AXIS2_PLACEMENT_3D('',#10150,#8252,$);
#11146=AXIS2_PLACEMENT_3D('',#10156,#8256,$);
#11147=AXIS2_PLACEMENT_3D('',#10162,#8260,$);
#11148=AXIS2_PLACEMENT_3D('',#10168,#8264,$);
#11149=AXIS2_PLACEMENT_3D('',#10172,#8267,$);
#11150=AXIS2_PLACEMENT_3D('',#10176,#8270,$);
#11151=AXIS2_PLACEMENT_3D('',#10182,#8274,$);
#11152=AXIS2_PLACEMENT_3D('',#10186,#8277,$);
#11153=AXIS2_PLACEMENT_3D('',#10190,#8280,$);
#11154=AXIS2_PLACEMENT_3D('',#10196,#8284,$);
#11155=AXIS2_PLACEMENT_3D('',#10202,#8288,$);
#11156=AXIS2_PLACEMENT_3D('',#10208,#8292,$);
#11157=AXIS2_PLACEMENT_3D('',#10214,#8296,$);
#11158=AXIS2_PLACEMENT_3D('',#10218,#8299,$);
#11159=AXIS2_PLACEMENT_3D('',#10222,#8302,$);
#11160=AXIS2_PLACEMENT_3D('',#10228,#8306,$);
#11161=AXIS2_PLACEMENT_3D('',#10232,#8309,$);
#11162=AXIS2_PLACEMENT_3D('',#10236,#8312,$);
#11163=AXIS2_PLACEMENT_3D('',#10260,#8326,$);
#11164=AXIS2_PLACEMENT_3D('',#10262,#8328,$);
#11165=AXIS2_PLACEMENT_3D('',#10264,#8330,$);
#11166=AXIS2_PLACEMENT_3D('',#10266,#8332,$);
#11167=AXIS2_PLACEMENT_3D('',#10268,#8334,$);
#11168=AXIS2_PLACEMENT_3D('',#10270,#8336,$);
#11169=AXIS2_PLACEMENT_3D('',#10272,#8338,$);
#11170=AXIS2_PLACEMENT_3D('',#10278,#8342,$);
#11171=AXIS2_PLACEMENT_3D('',#10302,#8356,$);
#11172=AXIS2_PLACEMENT_3D('',#10308,#8360,$);
#11173=AXIS2_PLACEMENT_3D('',#10310,#8362,$);
#11174=AXIS2_PLACEMENT_3D('',#10312,#8364,$);
#11175=AXIS2_PLACEMENT_3D('',#10314,#8366,$);
#11176=AXIS2_PLACEMENT_3D('',#10316,#8368,$);
#11177=AXIS2_PLACEMENT_3D('',#10318,#8370,$);
#11178=AXIS2_PLACEMENT_3D('',#10320,#8372,$);
#11179=AXIS2_PLACEMENT_3D('',#10326,#8376,$);
#11180=AXIS2_PLACEMENT_3D('',#10332,#8380,$);
#11181=AXIS2_PLACEMENT_3D('',#10338,#8384,$);
#11182=AXIS2_PLACEMENT_3D('',#10339,#8385,$);
#11183=AXIS2_PLACEMENT_3D('',#10340,#8386,$);
#11184=AXIS2_PLACEMENT_3D('',#10370,#8402,$);
#11185=AXIS2_PLACEMENT_3D('',#10376,#8406,$);
#11186=AXIS2_PLACEMENT_3D('',#10382,#8410,$);
#11187=AXIS2_PLACEMENT_3D('',#10388,#8414,$);
#11188=AXIS2_PLACEMENT_3D('',#10389,#8415,$);
#11189=AXIS2_PLACEMENT_3D('',#10390,#8416,$);
#11190=AXIS2_PLACEMENT_3D('',#10420,#8432,$);
#11191=AXIS2_PLACEMENT_3D('',#10426,#8436,$);
#11192=AXIS2_PLACEMENT_3D('',#10432,#8440,$);
#11193=AXIS2_PLACEMENT_3D('',#10446,#8448,$);
#11194=AXIS2_PLACEMENT_3D('',#10449,#8451,$);
#11195=AXIS2_PLACEMENT_3D('',#10455,#8455,$);
#11196=AXIS2_PLACEMENT_3D('',#10461,#8459,$);
#11197=AXIS2_PLACEMENT_3D('',#10467,#8463,$);
#11198=AXIS2_PLACEMENT_3D('',#10481,#8471,$);
#11199=AXIS2_PLACEMENT_3D('',#10487,#8475,$);
#11200=AXIS2_PLACEMENT_3D('',#10490,#8478,$);
#11201=AXIS2_PLACEMENT_3D('',#10496,#8482,$);
#11202=AXIS2_PLACEMENT_3D('',#10502,#8486,$);
#11203=AXIS2_PLACEMENT_3D('',#10508,#8490,$);
#11204=AXIS2_PLACEMENT_3D('',#10514,#8494,$);
#11205=AXIS2_PLACEMENT_3D('',#10518,#8497,$);
#11206=AXIS2_PLACEMENT_3D('',#10522,#8500,$);
#11207=AXIS2_PLACEMENT_3D('',#10528,#8504,$);
#11208=AXIS2_PLACEMENT_3D('',#10532,#8507,$);
#11209=AXIS2_PLACEMENT_3D('',#10536,#8510,$);
#11210=AXIS2_PLACEMENT_3D('',#10542,#8514,$);
#11211=AXIS2_PLACEMENT_3D('',#10548,#8518,$);
#11212=AXIS2_PLACEMENT_3D('',#10552,#8521,$);
#11213=AXIS2_PLACEMENT_3D('',#10556,#8524,$);
#11214=AXIS2_PLACEMENT_3D('',#10562,#8528,$);
#11215=AXIS2_PLACEMENT_3D('',#10566,#8531,$);
#11216=AXIS2_PLACEMENT_3D('',#10570,#8534,$);
#11217=AXIS2_PLACEMENT_3D('',#10594,#8548,$);
#11218=AXIS2_PLACEMENT_3D('',#10596,#8550,$);
#11219=AXIS2_PLACEMENT_3D('',#10598,#8552,$);
#11220=AXIS2_PLACEMENT_3D('',#10600,#8554,$);
#11221=AXIS2_PLACEMENT_3D('',#10602,#8556,$);
#11222=AXIS2_PLACEMENT_3D('',#10604,#8558,$);
#11223=AXIS2_PLACEMENT_3D('',#10606,#8560,$);
#11224=AXIS2_PLACEMENT_3D('',#10630,#8574,$);
#11225=AXIS2_PLACEMENT_3D('',#10632,#8576,$);
#11226=AXIS2_PLACEMENT_3D('',#10634,#8578,$);
#11227=AXIS2_PLACEMENT_3D('',#10636,#8580,$);
#11228=AXIS2_PLACEMENT_3D('',#10638,#8582,$);
#11229=AXIS2_PLACEMENT_3D('',#10640,#8584,$);
#11230=AXIS2_PLACEMENT_3D('',#10642,#8586,$);
#11231=AXIS2_PLACEMENT_3D('',#10648,#8590,$);
#11232=AXIS2_PLACEMENT_3D('',#10654,#8594,$);
#11233=AXIS2_PLACEMENT_3D('',#10657,#8597,$);
#11234=AXIS2_PLACEMENT_3D('',#10658,#8598,$);
#11235=AXIS2_PLACEMENT_3D('',#10659,#8599,$);
#11236=AXIS2_PLACEMENT_3D('',#10665,#8603,$);
#11237=AXIS2_PLACEMENT_3D('',#10671,#8607,$);
#11238=AXIS2_PLACEMENT_3D('',#10677,#8611,$);
#11239=AXIS2_PLACEMENT_3D('',#10678,#8612,$);
#11240=AXIS2_PLACEMENT_3D('',#10679,#8613,$);
#11241=AXIS2_PLACEMENT_3D('',#10685,#8617,$);
#11242=AXIS2_PLACEMENT_3D('',#10691,#8621,$);
#11243=AXIS2_PLACEMENT_3D('',#10697,#8625,$);
#11244=AXIS2_PLACEMENT_3D('',#10702,#8629,$);
#11245=AXIS2_PLACEMENT_3D('',#10708,#8633,$);
#11246=AXIS2_PLACEMENT_3D('',#10710,#8635,$);
#11247=AXIS2_PLACEMENT_3D('',#10712,#8637,$);
#11248=AXIS2_PLACEMENT_3D('',#10714,#8639,$);
#11249=AXIS2_PLACEMENT_3D('',#10716,#8641,$);
#11250=AXIS2_PLACEMENT_3D('',#10718,#8643,$);
#11251=AXIS2_PLACEMENT_3D('',#10720,#8645,$);
#11252=AXIS2_PLACEMENT_3D('',#10722,#8647,$);
#11253=AXIS2_PLACEMENT_3D('',#10724,#8649,$);
#11254=AXIS2_PLACEMENT_3D('',#10726,#8651,$);
#11255=AXIS2_PLACEMENT_3D('',#10728,#8653,$);
#11256=AXIS2_PLACEMENT_3D('',#10730,#8655,$);
#11257=AXIS2_PLACEMENT_3D('',#10732,#8657,$);
#11258=AXIS2_PLACEMENT_3D('',#10734,#8659,$);
#11259=AXIS2_PLACEMENT_3D('',#10736,#8661,$);
#11260=AXIS2_PLACEMENT_3D('',#10738,#8663,$);
#11261=AXIS2_PLACEMENT_3D('',#10740,#8665,$);
#11262=AXIS2_PLACEMENT_3D('',#10742,#8667,$);
#11263=AXIS2_PLACEMENT_3D('',#10744,#8669,$);
#11264=AXIS2_PLACEMENT_3D('',#10746,#8671,$);
#11265=AXIS2_PLACEMENT_3D('',#10748,#8673,$);
#11266=AXIS2_PLACEMENT_3D('',#10750,#8675,$);
#11267=AXIS2_PLACEMENT_3D('',#10752,#8677,$);
#11268=AXIS2_PLACEMENT_3D('',#10754,#8679,$);
#11269=AXIS2_PLACEMENT_3D('',#10756,#8681,$);
#11270=AXIS2_PLACEMENT_3D('',#10758,#8683,$);
#11271=AXIS2_PLACEMENT_3D('',#10760,#8685,$);
#11272=AXIS2_PLACEMENT_3D('',#10762,#8687,$);
#11273=AXIS2_PLACEMENT_3D('',#10764,#8689,$);
#11274=AXIS2_PLACEMENT_3D('',#10766,#8691,$);
#11275=AXIS2_PLACEMENT_3D('',#10768,#8693,$);
#11276=AXIS2_PLACEMENT_3D('',#10770,#8695,$);
#11277=AXIS2_PLACEMENT_3D('',#10772,#8697,$);
#11278=AXIS2_PLACEMENT_3D('',#10774,#8699,$);
#11279=AXIS2_PLACEMENT_3D('',#10776,#8701,$);
#11280=AXIS2_PLACEMENT_3D('',#10778,#8703,$);
#11281=AXIS2_PLACEMENT_3D('',#10780,#8705,$);
#11282=AXIS2_PLACEMENT_3D('',#10782,#8707,$);
#11283=AXIS2_PLACEMENT_3D('',#10784,#8709,$);
#11284=AXIS2_PLACEMENT_3D('',#10786,#8711,$);
#11285=AXIS2_PLACEMENT_3D('',#10788,#8713,$);
#11286=AXIS2_PLACEMENT_3D('',#10790,#8715,$);
#11287=AXIS2_PLACEMENT_3D('',#10792,#8717,$);
#11288=AXIS2_PLACEMENT_3D('',#10794,#8719,$);
#11289=AXIS2_PLACEMENT_3D('',#10796,#8721,$);
#11290=AXIS2_PLACEMENT_3D('',#10798,#8723,$);
#11291=AXIS2_PLACEMENT_3D('',#10800,#8725,$);
#11292=AXIS2_PLACEMENT_3D('',#10802,#8727,$);
#11293=AXIS2_PLACEMENT_3D('',#10804,#8729,$);
#11294=AXIS2_PLACEMENT_3D('',#10806,#8731,$);
#11295=AXIS2_PLACEMENT_3D('',#10808,#8733,$);
#11296=AXIS2_PLACEMENT_3D('',#10810,#8735,$);
#11297=AXIS2_PLACEMENT_3D('',#10812,#8737,$);
#11298=AXIS2_PLACEMENT_3D('',#10814,#8739,$);
#11299=AXIS2_PLACEMENT_3D('',#10816,#8741,$);
#11300=AXIS2_PLACEMENT_3D('',#10818,#8743,$);
#11301=AXIS2_PLACEMENT_3D('',#10820,#8745,$);
#11302=AXIS2_PLACEMENT_3D('',#10822,#8747,$);
#11303=AXIS2_PLACEMENT_3D('',#10824,#8749,$);
#11304=AXIS2_PLACEMENT_3D('',#10826,#8751,$);
#11305=AXIS2_PLACEMENT_3D('',#10828,#8753,$);
#11306=AXIS2_PLACEMENT_3D('',#10830,#8755,$);
#11307=AXIS2_PLACEMENT_3D('',#10832,#8757,$);
#11308=AXIS2_PLACEMENT_3D('',#10834,#8759,$);
#11309=AXIS2_PLACEMENT_3D('',#10836,#8761,$);
#11310=AXIS2_PLACEMENT_3D('',#10838,#8763,$);
#11311=AXIS2_PLACEMENT_3D('',#10840,#8765,$);
#11312=AXIS2_PLACEMENT_3D('',#10842,#8767,$);
#11313=AXIS2_PLACEMENT_3D('',#10844,#8769,$);
#11314=AXIS2_PLACEMENT_3D('',#10846,#8771,$);
#11315=AXIS2_PLACEMENT_3D('',#10847,#8772,$);
#11316=AXIS2_PLACEMENT_3D('',#10848,#8774,#8773);
#11317=AXIS2_PLACEMENT_3D('',#10849,#8775,$);
#11318=AXIS2_PLACEMENT_3D('',#10858,#8780,$);
#11319=AXIS2_PLACEMENT_3D('',#10864,#8784,$);
#11320=AXIS2_PLACEMENT_3D('',#10870,#8788,$);
#11321=AXIS2_PLACEMENT_3D('',#10873,#8791,$);
#11322=AXIS2_PLACEMENT_3D('',#10879,#8795,$);
#11323=AXIS2_PLACEMENT_3D('',#10883,#8798,$);
#11324=AXIS2_PLACEMENT_3D('',#10887,#8801,$);
#11325=AXIS2_PLACEMENT_3D('',#10889,#8803,$);
#11326=AXIS2_PLACEMENT_3D('',#10890,#8804,$);
#11327=AXIS2_PLACEMENT_3D('',#10899,#8809,$);
#11328=AXIS2_PLACEMENT_3D('',#10902,#8812,$);
#11329=AXIS2_PLACEMENT_3D('',#10904,#8814,$);
#11330=AXIS2_PLACEMENT_3D('',#10906,#8816,$);
#11331=AXIS2_PLACEMENT_3D('AXIS_PLACEMENT_1',#10907,#8817,#8818);
#11332=AXIS2_PLACEMENT_3D('AXIS_PLACEMENT_5',#10908,#8819,#8820);
#11333=AXIS2_PLACEMENT_3D('AXIS_PLACEMENT_11',#10909,#8821,#8822);
#11334=AXIS2_PLACEMENT_3D('AXIS_PLACEMENT_15',#10910,#8823,#8824);
#11335=AXIS2_PLACEMENT_3D('AXIS_PLACEMENT_21',#10911,#8825,#8826);
#11336=AXIS2_PLACEMENT_3D('AXIS_PLACEMENT_25',#10912,#8827,#8828);
#11337=AXIS2_PLACEMENT_3D('AXIS_PLACEMENT_31',#10913,#8829,#8830);
#11338=AXIS2_PLACEMENT_3D('AXIS_PLACEMENT_35',#10914,#8831,#8832);
#11339=AXIS2_PLACEMENT_3D('AXIS_PLACEMENT_41',#10915,#8833,#8834);
#11340=AXIS2_PLACEMENT_3D('AXIS_PLACEMENT_45',#10916,#8835,#8836);
#11341=AXIS2_PLACEMENT_3D('AXIS_PLACEMENT_51',#10917,#8837,#8838);
#11342=AXIS2_PLACEMENT_3D('AXIS_PLACEMENT_55',#10918,#8839,#8840);
#11343=AXIS2_PLACEMENT_3D('AXIS_PLACEMENT_61',#10919,#8841,#8842);
#11344=AXIS2_PLACEMENT_3D('AXIS_PLACEMENT_65',#10920,#8843,#8844);
#11345=AXIS2_PLACEMENT_3D('AXIS_PLACEMENT_71',#10921,#8845,#8846);
#11346=AXIS2_PLACEMENT_3D('AXIS_PLACEMENT_75',#10922,#8847,#8848);
#11347=AXIS2_PLACEMENT_3D('AXIS_PLACEMENT_81',#10923,#8849,#8850);
#11348=AXIS2_PLACEMENT_3D('AXIS_PLACEMENT_85',#10924,#8851,#8852);
#11349=AXIS2_PLACEMENT_3D('AXIS_PLACEMENT_91',#10925,#8853,#8854);
#11350=AXIS2_PLACEMENT_3D('AXIS_PLACEMENT_95',#10926,#8855,#8856);
#11351=AXIS2_PLACEMENT_3D('AXIS_PLACEMENT_101',#10927,#8857,#8858);
#11352=AXIS2_PLACEMENT_3D('AXIS_PLACEMENT_105',#10928,#8859,#8860);
#11353=AXIS2_PLACEMENT_3D('AXIS_PLACEMENT_111',#10929,#8861,#8862);
#11354=AXIS2_PLACEMENT_3D('AXIS_PLACEMENT_115',#10930,#8863,#8864);
#11355=AXIS2_PLACEMENT_3D('AXIS_PLACEMENT_121',#10931,#8865,#8866);
#11356=AXIS2_PLACEMENT_3D('AXIS_PLACEMENT_125',#10932,#8867,#8868);
#11357=AXIS2_PLACEMENT_3D('AXIS_PLACEMENT_131',#10933,#8869,#8870);
#11358=AXIS2_PLACEMENT_3D('AXIS_PLACEMENT_135',#10934,#8871,#8872);
#11359=AXIS2_PLACEMENT_3D('AXIS_PLACEMENT_141',#10935,#8873,#8874);
#11360=AXIS2_PLACEMENT_3D('AXIS_PLACEMENT_145',#10936,#8875,#8876);
#11361=AXIS2_PLACEMENT_3D('AXIS_PLACEMENT_151',#10937,#8877,#8878);
#11362=AXIS2_PLACEMENT_3D('AXIS_PLACEMENT_155',#10938,#8879,#8880);
#11363=AXIS2_PLACEMENT_3D('AXIS_PLACEMENT_161',#10939,#8881,#8882);
#11364=AXIS2_PLACEMENT_3D('AXIS_PLACEMENT_165',#10940,#8883,#8884);
#11365=AXIS2_PLACEMENT_3D('AXIS_PLACEMENT_171',#10941,#8885,#8886);
#11366=AXIS2_PLACEMENT_3D('AXIS_PLACEMENT_175',#10942,#8887,#8888);
#11367=AXIS2_PLACEMENT_3D('AXIS_PLACEMENT_181',#10943,#8889,#8890);
#11368=AXIS2_PLACEMENT_3D('AXIS_PLACEMENT_185',#10944,#8891,#8892);
#11369=AXIS2_PLACEMENT_3D('AXIS_PLACEMENT_191',#10945,#8893,#8894);
#11370=AXIS2_PLACEMENT_3D('AXIS_PLACEMENT_195',#10946,#8895,#8896);
#11371=AXIS2_PLACEMENT_3D('AXIS_PLACEMENT_201',#10947,#8897,#8898);
#11372=AXIS2_PLACEMENT_3D('AXIS_PLACEMENT_205',#10948,#8899,#8900);
#11373=ADVANCED_BREP_SHAPE_REPRESENTATION('PRPC010DAAN-RC_2',(#7431,#10949),
#202);
#11374=ADVANCED_BREP_SHAPE_REPRESENTATION('PRPC010DAAN-RC_1',(#7432,#11316),
#203);
ENDSEC;
END-ISO-10303-21;
