ISO-10303-21;
HEADER;
/* Generated by software containing ST-Developer
 * from STEP Tools, Inc. (www.steptools.com) 
 */

FILE_DESCRIPTION(
/* description */ ('Alibre Inc.'),
/* implementation_level */ '2;1');

FILE_NAME(
/* name */ 'export0',
/* time_stamp */ '2012-08-28T13:52:22-07:00',
/* author */ (''),
/* organization */ (''),
/* preprocessor_version */ 'ST-DEVELOPER v14',
/* originating_system */ 'Alibre',
/* authorisation */ '');

FILE_SCHEMA (('AUTOMOTIVE_DESIGN'));
ENDSEC;

DATA;
#10=STYLED_ITEM('NAME_0',(#141),#2739);
#11=STYLED_ITEM('NAME_0',(#142),#2597);
#12=STYLED_ITEM('NAME_0',(#142),#2598);
#13=STYLED_ITEM('NAME_0',(#142),#2599);
#14=STYLED_ITEM('NAME_0',(#142),#2600);
#15=STYLED_ITEM('NAME_0',(#142),#2601);
#16=STYLED_ITEM('NAME_0',(#142),#2602);
#17=STYLED_ITEM('NAME_0',(#142),#2603);
#18=STYLED_ITEM('NAME_0',(#142),#2604);
#19=STYLED_ITEM('NAME_0',(#142),#2605);
#20=STYLED_ITEM('NAME_0',(#142),#2606);
#21=STYLED_ITEM('NAME_0',(#142),#2607);
#22=STYLED_ITEM('NAME_0',(#142),#2608);
#23=STYLED_ITEM('NAME_0',(#142),#2609);
#24=STYLED_ITEM('NAME_0',(#142),#2614);
#25=STYLED_ITEM('NAME_0',(#142),#2727);
#26=STYLED_ITEM('NAME_0',(#142),#2732);
#27=STYLED_ITEM('NAME_0',(#142),#2733);
#28=STYLED_ITEM('NAME_0',(#142),#2734);
#29=STYLED_ITEM('NAME_0',(#143),#2610);
#30=STYLED_ITEM('NAME_0',(#143),#2611);
#31=STYLED_ITEM('NAME_0',(#143),#2612);
#32=STYLED_ITEM('NAME_0',(#143),#2613);
#33=STYLED_ITEM('NAME_0',(#143),#2615);
#34=STYLED_ITEM('NAME_0',(#143),#2621);
#35=STYLED_ITEM('NAME_0',(#143),#2622);
#36=STYLED_ITEM('NAME_0',(#143),#2623);
#37=STYLED_ITEM('NAME_0',(#143),#2624);
#38=STYLED_ITEM('NAME_0',(#143),#2625);
#39=STYLED_ITEM('NAME_0',(#143),#2626);
#40=STYLED_ITEM('NAME_0',(#143),#2627);
#41=STYLED_ITEM('NAME_0',(#143),#2628);
#42=STYLED_ITEM('NAME_0',(#143),#2629);
#43=STYLED_ITEM('NAME_0',(#143),#2630);
#44=STYLED_ITEM('NAME_0',(#143),#2631);
#45=STYLED_ITEM('NAME_0',(#143),#2632);
#46=STYLED_ITEM('NAME_0',(#143),#2633);
#47=STYLED_ITEM('NAME_0',(#143),#2634);
#48=STYLED_ITEM('NAME_0',(#143),#2635);
#49=STYLED_ITEM('NAME_0',(#143),#2636);
#50=STYLED_ITEM('NAME_0',(#143),#2637);
#51=STYLED_ITEM('NAME_0',(#143),#2638);
#52=STYLED_ITEM('NAME_0',(#143),#2639);
#53=STYLED_ITEM('NAME_0',(#143),#2640);
#54=STYLED_ITEM('NAME_0',(#143),#2641);
#55=STYLED_ITEM('NAME_0',(#143),#2642);
#56=STYLED_ITEM('NAME_0',(#143),#2643);
#57=STYLED_ITEM('NAME_0',(#143),#2644);
#58=STYLED_ITEM('NAME_0',(#143),#2645);
#59=STYLED_ITEM('NAME_0',(#143),#2646);
#60=STYLED_ITEM('NAME_0',(#143),#2647);
#61=STYLED_ITEM('NAME_0',(#143),#2648);
#62=STYLED_ITEM('NAME_0',(#143),#2649);
#63=STYLED_ITEM('NAME_0',(#143),#2650);
#64=STYLED_ITEM('NAME_0',(#143),#2651);
#65=STYLED_ITEM('NAME_0',(#143),#2652);
#66=STYLED_ITEM('NAME_0',(#143),#2653);
#67=STYLED_ITEM('NAME_0',(#143),#2654);
#68=STYLED_ITEM('NAME_0',(#143),#2655);
#69=STYLED_ITEM('NAME_0',(#143),#2656);
#70=STYLED_ITEM('NAME_0',(#143),#2657);
#71=STYLED_ITEM('NAME_0',(#143),#2658);
#72=STYLED_ITEM('NAME_0',(#143),#2659);
#73=STYLED_ITEM('NAME_0',(#143),#2660);
#74=STYLED_ITEM('NAME_0',(#143),#2661);
#75=STYLED_ITEM('NAME_0',(#143),#2662);
#76=STYLED_ITEM('NAME_0',(#143),#2663);
#77=STYLED_ITEM('NAME_0',(#143),#2664);
#78=STYLED_ITEM('NAME_0',(#143),#2665);
#79=STYLED_ITEM('NAME_0',(#143),#2666);
#80=STYLED_ITEM('NAME_0',(#143),#2667);
#81=STYLED_ITEM('NAME_0',(#143),#2668);
#82=STYLED_ITEM('NAME_0',(#143),#2669);
#83=STYLED_ITEM('NAME_0',(#143),#2670);
#84=STYLED_ITEM('NAME_0',(#143),#2671);
#85=STYLED_ITEM('NAME_0',(#143),#2672);
#86=STYLED_ITEM('NAME_0',(#143),#2673);
#87=STYLED_ITEM('NAME_0',(#143),#2674);
#88=STYLED_ITEM('NAME_0',(#143),#2676);
#89=STYLED_ITEM('NAME_0',(#143),#2677);
#90=STYLED_ITEM('NAME_0',(#143),#2678);
#91=STYLED_ITEM('NAME_0',(#143),#2679);
#92=STYLED_ITEM('NAME_0',(#143),#2680);
#93=STYLED_ITEM('NAME_0',(#143),#2681);
#94=STYLED_ITEM('NAME_0',(#143),#2682);
#95=STYLED_ITEM('NAME_0',(#143),#2683);
#96=STYLED_ITEM('NAME_0',(#143),#2686);
#97=STYLED_ITEM('NAME_0',(#143),#2687);
#98=STYLED_ITEM('NAME_0',(#143),#2688);
#99=STYLED_ITEM('NAME_0',(#143),#2689);
#100=STYLED_ITEM('NAME_0',(#143),#2690);
#101=STYLED_ITEM('NAME_0',(#143),#2692);
#102=STYLED_ITEM('NAME_0',(#143),#2693);
#103=STYLED_ITEM('NAME_0',(#143),#2694);
#104=STYLED_ITEM('NAME_0',(#143),#2695);
#105=STYLED_ITEM('NAME_0',(#143),#2696);
#106=STYLED_ITEM('NAME_0',(#143),#2697);
#107=STYLED_ITEM('NAME_0',(#143),#2699);
#108=STYLED_ITEM('NAME_0',(#143),#2700);
#109=STYLED_ITEM('NAME_0',(#143),#2701);
#110=STYLED_ITEM('NAME_0',(#143),#2702);
#111=STYLED_ITEM('NAME_0',(#143),#2703);
#112=STYLED_ITEM('NAME_0',(#143),#2705);
#113=STYLED_ITEM('NAME_0',(#143),#2706);
#114=STYLED_ITEM('NAME_0',(#143),#2707);
#115=STYLED_ITEM('NAME_0',(#143),#2708);
#116=STYLED_ITEM('NAME_0',(#143),#2709);
#117=STYLED_ITEM('NAME_0',(#143),#2711);
#118=STYLED_ITEM('NAME_0',(#143),#2712);
#119=STYLED_ITEM('NAME_0',(#143),#2713);
#120=STYLED_ITEM('NAME_0',(#143),#2714);
#121=STYLED_ITEM('NAME_0',(#143),#2715);
#122=MECHANICAL_DESIGN_GEOMETRIC_PRESENTATION_REPRESENTATION('NAME_0',(#10,
#11,#12,#13,#14,#15,#16,#17,#18,#19,#20,#21,#22,#23,#24,#25,#26,#27,#28,
#29,#30,#31,#32,#33,#34,#35,#36,#37,#38,#39,#40,#41,#42,#43,#44,#45,#46,
#47,#48,#49,#50,#51,#52,#53,#54,#55,#56,#57,#58,#59,#60,#61,#62,#63,#64,
#65,#66,#67,#68,#69,#70,#71,#72,#73,#74,#75,#76,#77,#78,#79,#80,#81,#82,
#83,#84,#85,#86,#87,#88,#89,#90,#91,#92,#93,#94,#95,#96,#97,#98,#99,#100,
#101,#102,#103,#104,#105,#106,#107,#108,#109,#110,#111,#112,#113,#114,#115,
#116,#117,#118,#119,#120,#121),#161);
#123=COLOUR_RGB('',0.250980392156863,0.250980392156863,0.250980392156863);
#124=COLOUR_RGB('',0.250980392156863,0.250980392156863,0.250980392156863);
#125=COLOUR_RGB('',0.909803921568627,0.443137254901961,0.0313725490196078);
#126=FILL_AREA_STYLE_COLOUR('NAME_0',#123);
#127=FILL_AREA_STYLE_COLOUR('NAME_0',#124);
#128=FILL_AREA_STYLE_COLOUR('NAME_0',#125);
#129=FILL_AREA_STYLE('NAME_0',(#126));
#130=FILL_AREA_STYLE('NAME_0',(#127));
#131=FILL_AREA_STYLE('NAME_0',(#128));
#132=SURFACE_STYLE_FILL_AREA(#129);
#133=SURFACE_STYLE_FILL_AREA(#130);
#134=SURFACE_STYLE_FILL_AREA(#131);
#135=SURFACE_SIDE_STYLE('NAME_0',(#132));
#136=SURFACE_SIDE_STYLE('NAME_0',(#133));
#137=SURFACE_SIDE_STYLE('NAME_0',(#134));
#138=SURFACE_STYLE_USAGE(.POSITIVE.,#135);
#139=SURFACE_STYLE_USAGE(.POSITIVE.,#136);
#140=SURFACE_STYLE_USAGE(.POSITIVE.,#137);
#141=PRESENTATION_STYLE_ASSIGNMENT((#138));
#142=PRESENTATION_STYLE_ASSIGNMENT((#139));
#143=PRESENTATION_STYLE_ASSIGNMENT((#140));
#144=PRODUCT_DEFINITION_CONTEXT('part definition',#151,'design');
#145=SHAPE_DEFINITION_REPRESENTATION(#146,#4211);
#146=PRODUCT_DEFINITION_SHAPE('PRODUCT_VERSION_ID',
'PRODUCT_VERSION_DESCR',#147);
#147=PRODUCT_DEFINITION('PRODUCT_VERSION_ID','PRODUCT_VERSION_DESCR',#148,
#144);
#148=PRODUCT_DEFINITION_FORMATION_WITH_SPECIFIED_SOURCE(
'PRODUCT_VERSION_ID','PRODUCT_VERSION_DESCR',#153,.MADE.);
#149=PRODUCT_RELATED_PRODUCT_CATEGORY('part','part',(#153));
#150=APPLICATION_PROTOCOL_DEFINITION('Draft International Standard',
'automotive_design',1994,#151);
#151=APPLICATION_CONTEXT('automotive_Design');
#152=PRODUCT_CONTEXT('3D Mechanical Parts',#151,'mechanical');
#153=PRODUCT('','PPAK1212-SINGLE','',(#152));
#154=(
LENGTH_UNIT()
NAMED_UNIT(*)
SI_UNIT(.CENTI.,.METRE.)
);
#155=DIMENSIONAL_EXPONENTS(1.,0.,0.,0.,0.,0.,0.);
#156=LENGTH_MEASURE_WITH_UNIT(LENGTH_MEASURE(2.54),#154);
#157=(
CONVERSION_BASED_UNIT('INCH',#156)
LENGTH_UNIT()
NAMED_UNIT(#155)
);
#158=(
NAMED_UNIT(*)
PLANE_ANGLE_UNIT()
SI_UNIT($,.RADIAN.)
);
#159=(
NAMED_UNIT(*)
SI_UNIT($,.STERADIAN.)
SOLID_ANGLE_UNIT()
);
#160=UNCERTAINTY_MEASURE_WITH_UNIT(LENGTH_MEASURE(1.E-006),#157,
'DISTANCE_ACCURACY_VALUE',
'Maximum model space distance between geometric entities at asserted co
nnectivities');
#161=(
GEOMETRIC_REPRESENTATION_CONTEXT(3)
GLOBAL_UNCERTAINTY_ASSIGNED_CONTEXT((#160))
GLOBAL_UNIT_ASSIGNED_CONTEXT((#159,#158,#157))
REPRESENTATION_CONTEXT('ID1','3D')
);
#162=SPHERICAL_SURFACE('',#4186,0.0015);
#163=SPHERICAL_SURFACE('',#4198,0.0015);
#164=SPHERICAL_SURFACE('',#4200,0.0015);
#165=SPHERICAL_SURFACE('',#4206,0.0015);
#166=(
BOUNDED_CURVE()
B_SPLINE_CURVE(3,(#3586,#3587,#3588,#3589),.UNSPECIFIED.,.F.,.U.)
B_SPLINE_CURVE_WITH_KNOTS((4,4),(0.,0.0150791304964809),.UNSPECIFIED.)
CURVE()
GEOMETRIC_REPRESENTATION_ITEM()
RATIONAL_B_SPLINE_CURVE((1.,0.999981051741716,0.999981051741716,1.))
REPRESENTATION_ITEM('')
);
#167=(
BOUNDED_CURVE()
B_SPLINE_CURVE(3,(#3597,#3598,#3599,#3600),.UNSPECIFIED.,.F.,.U.)
B_SPLINE_CURVE_WITH_KNOTS((4,4),(6.26810617668311,6.28318530717957),
 .UNSPECIFIED.)
CURVE()
GEOMETRIC_REPRESENTATION_ITEM()
RATIONAL_B_SPLINE_CURVE((1.,0.999981051741716,0.999981051741716,1.))
REPRESENTATION_ITEM('')
);
#168=(
BOUNDED_CURVE()
B_SPLINE_CURVE(3,(#3606,#3607,#3608,#3609),.UNSPECIFIED.,.F.,.U.)
B_SPLINE_CURVE_WITH_KNOTS((4,4),(6.26810617668311,6.28318530717959),
 .UNSPECIFIED.)
CURVE()
GEOMETRIC_REPRESENTATION_ITEM()
RATIONAL_B_SPLINE_CURVE((1.,0.999981051741716,0.999981051741716,1.))
REPRESENTATION_ITEM('')
);
#169=(
BOUNDED_CURVE()
B_SPLINE_CURVE(3,(#3614,#3615,#3616,#3617),.UNSPECIFIED.,.F.,.U.)
B_SPLINE_CURVE_WITH_KNOTS((4,4),(1.42283749670014E-016,0.0150791304964812),
 .UNSPECIFIED.)
CURVE()
GEOMETRIC_REPRESENTATION_ITEM()
RATIONAL_B_SPLINE_CURVE((1.,0.999981051741716,0.999981051741716,1.))
REPRESENTATION_ITEM('')
);
#170=(
BOUNDED_CURVE()
B_SPLINE_CURVE(3,(#3626,#3627,#3628,#3629),.UNSPECIFIED.,.F.,.U.)
B_SPLINE_CURVE_WITH_KNOTS((4,4),(6.26810617668311,6.28318530717959),
 .UNSPECIFIED.)
CURVE()
GEOMETRIC_REPRESENTATION_ITEM()
RATIONAL_B_SPLINE_CURVE((1.,0.999981051741716,0.999981051741716,1.))
REPRESENTATION_ITEM('')
);
#171=(
BOUNDED_CURVE()
B_SPLINE_CURVE(3,(#3631,#3632,#3633,#3634),.UNSPECIFIED.,.F.,.U.)
B_SPLINE_CURVE_WITH_KNOTS((4,4),(0.,0.0150791304964924),.UNSPECIFIED.)
CURVE()
GEOMETRIC_REPRESENTATION_ITEM()
RATIONAL_B_SPLINE_CURVE((1.,0.999981051741715,0.999981051741715,1.))
REPRESENTATION_ITEM('')
);
#172=(
BOUNDED_CURVE()
B_SPLINE_CURVE(3,(#3640,#3641,#3642,#3643),.UNSPECIFIED.,.F.,.U.)
B_SPLINE_CURVE_WITH_KNOTS((4,4),(0.,0.0150791304964866),.UNSPECIFIED.)
CURVE()
GEOMETRIC_REPRESENTATION_ITEM()
RATIONAL_B_SPLINE_CURVE((1.,0.999981051741716,0.999981051741716,1.))
REPRESENTATION_ITEM('')
);
#173=(
BOUNDED_CURVE()
B_SPLINE_CURVE(3,(#3651,#3652,#3653,#3654),.UNSPECIFIED.,.F.,.U.)
B_SPLINE_CURVE_WITH_KNOTS((4,4),(6.26810617668311,6.28318530717959),
 .UNSPECIFIED.)
CURVE()
GEOMETRIC_REPRESENTATION_ITEM()
RATIONAL_B_SPLINE_CURVE((1.,0.999981051741716,0.999981051741716,1.))
REPRESENTATION_ITEM('')
);
#174=(
BOUNDED_CURVE()
B_SPLINE_CURVE(3,(#4001,#4002,#4003,#4004),.UNSPECIFIED.,.F.,.U.)
B_SPLINE_CURVE_WITH_KNOTS((4,4),(5.51286627427863,7.05350434008056),
 .UNSPECIFIED.)
CURVE()
GEOMETRIC_REPRESENTATION_ITEM()
RATIONAL_B_SPLINE_CURVE((1.,0.811792362023253,0.811792362023253,1.))
REPRESENTATION_ITEM('')
);
#175=(
BOUNDED_CURVE()
B_SPLINE_CURVE(3,(#4008,#4009,#4010,#4011),.UNSPECIFIED.,.F.,.U.)
B_SPLINE_CURVE_WITH_KNOTS((4,4),(5.51286627427863,7.05350434008056),
 .UNSPECIFIED.)
CURVE()
GEOMETRIC_REPRESENTATION_ITEM()
RATIONAL_B_SPLINE_CURVE((1.,0.811792362023253,0.811792362023253,1.))
REPRESENTATION_ITEM('')
);
#176=(
BOUNDED_CURVE()
B_SPLINE_CURVE(3,(#4016,#4017,#4018,#4019),.UNSPECIFIED.,.F.,.U.)
B_SPLINE_CURVE_WITH_KNOTS((4,4),(5.51286627427862,7.05350434008056),
 .UNSPECIFIED.)
CURVE()
GEOMETRIC_REPRESENTATION_ITEM()
RATIONAL_B_SPLINE_CURVE((1.,0.81179236202325,0.81179236202325,1.))
REPRESENTATION_ITEM('')
);
#177=(
BOUNDED_CURVE()
B_SPLINE_CURVE(3,(#4039,#4040,#4041,#4042),.UNSPECIFIED.,.F.,.U.)
B_SPLINE_CURVE_WITH_KNOTS((4,4),(2.37127362068883,3.91191168649076),
 .UNSPECIFIED.)
CURVE()
GEOMETRIC_REPRESENTATION_ITEM()
RATIONAL_B_SPLINE_CURVE((1.,0.811792362023253,0.811792362023253,1.))
REPRESENTATION_ITEM('')
);
#178=PLANE('',#4054);
#179=PLANE('',#4055);
#180=PLANE('',#4056);
#181=PLANE('',#4057);
#182=PLANE('',#4058);
#183=PLANE('',#4059);
#184=PLANE('',#4060);
#185=PLANE('',#4061);
#186=PLANE('',#4062);
#187=PLANE('',#4063);
#188=PLANE('',#4064);
#189=PLANE('',#4065);
#190=PLANE('',#4066);
#191=PLANE('',#4067);
#192=PLANE('',#4068);
#193=PLANE('',#4069);
#194=PLANE('',#4070);
#195=PLANE('',#4071);
#196=PLANE('',#4072);
#197=PLANE('',#4073);
#198=PLANE('',#4074);
#199=PLANE('',#4075);
#200=PLANE('',#4076);
#201=PLANE('',#4077);
#202=PLANE('',#4079);
#203=PLANE('',#4080);
#204=PLANE('',#4081);
#205=PLANE('',#4082);
#206=PLANE('',#4083);
#207=PLANE('',#4084);
#208=PLANE('',#4085);
#209=PLANE('',#4086);
#210=PLANE('',#4087);
#211=PLANE('',#4088);
#212=PLANE('',#4089);
#213=PLANE('',#4090);
#214=PLANE('',#4091);
#215=PLANE('',#4092);
#216=PLANE('',#4093);
#217=PLANE('',#4094);
#218=PLANE('',#4095);
#219=PLANE('',#4096);
#220=PLANE('',#4097);
#221=PLANE('',#4098);
#222=PLANE('',#4099);
#223=PLANE('',#4100);
#224=PLANE('',#4101);
#225=PLANE('',#4102);
#226=PLANE('',#4103);
#227=PLANE('',#4104);
#228=PLANE('',#4105);
#229=PLANE('',#4106);
#230=PLANE('',#4107);
#231=PLANE('',#4108);
#232=PLANE('',#4109);
#233=PLANE('',#4110);
#234=PLANE('',#4111);
#235=PLANE('',#4112);
#236=PLANE('',#4113);
#237=PLANE('',#4114);
#238=PLANE('',#4115);
#239=PLANE('',#4116);
#240=PLANE('',#4117);
#241=PLANE('',#4118);
#242=PLANE('',#4119);
#243=PLANE('',#4120);
#244=PLANE('',#4121);
#245=PLANE('',#4122);
#246=PLANE('',#4123);
#247=PLANE('',#4124);
#248=PLANE('',#4125);
#249=PLANE('',#4126);
#250=PLANE('',#4127);
#251=PLANE('',#4128);
#252=PLANE('',#4129);
#253=PLANE('',#4130);
#254=PLANE('',#4131);
#255=PLANE('',#4132);
#256=PLANE('',#4133);
#257=PLANE('',#4134);
#258=PLANE('',#4135);
#259=PLANE('',#4136);
#260=PLANE('',#4137);
#261=PLANE('',#4138);
#262=PLANE('',#4139);
#263=PLANE('',#4140);
#264=PLANE('',#4141);
#265=PLANE('',#4142);
#266=PLANE('',#4145);
#267=PLANE('',#4146);
#268=PLANE('',#4147);
#269=PLANE('',#4148);
#270=PLANE('',#4149);
#271=PLANE('',#4150);
#272=PLANE('',#4151);
#273=PLANE('',#4153);
#274=PLANE('',#4154);
#275=PLANE('',#4155);
#276=PLANE('',#4156);
#277=PLANE('',#4157);
#278=PLANE('',#4158);
#279=PLANE('',#4159);
#280=PLANE('',#4161);
#281=PLANE('',#4162);
#282=PLANE('',#4163);
#283=PLANE('',#4164);
#284=PLANE('',#4165);
#285=PLANE('',#4166);
#286=PLANE('',#4167);
#287=PLANE('',#4168);
#288=PLANE('',#4169);
#289=PLANE('',#4170);
#290=PLANE('',#4171);
#291=PLANE('',#4172);
#292=PLANE('',#4173);
#293=PLANE('',#4174);
#294=PLANE('',#4175);
#295=PLANE('',#4176);
#296=PLANE('',#4177);
#297=PLANE('',#4178);
#298=PLANE('',#4181);
#299=VECTOR('',#2755,1.);
#300=VECTOR('',#2758,1.);
#301=VECTOR('',#2760,1.);
#302=VECTOR('',#2761,1.);
#303=VECTOR('',#2762,1.);
#304=VECTOR('',#2763,1.);
#305=VECTOR('',#2765,1.);
#306=VECTOR('',#2766,1.);
#307=VECTOR('',#2767,1.);
#308=VECTOR('',#2768,1.);
#309=VECTOR('',#2770,1.);
#310=VECTOR('',#2771,1.);
#311=VECTOR('',#2772,1.);
#312=VECTOR('',#2773,1.);
#313=VECTOR('',#2775,1.);
#314=VECTOR('',#2776,1.);
#315=VECTOR('',#2777,1.);
#316=VECTOR('',#2778,1.);
#317=VECTOR('',#2780,1.);
#318=VECTOR('',#2781,1.);
#319=VECTOR('',#2782,1.);
#320=VECTOR('',#2783,1.);
#321=VECTOR('',#2785,1.);
#322=VECTOR('',#2786,1.);
#323=VECTOR('',#2787,1.);
#324=VECTOR('',#2788,1.);
#325=VECTOR('',#2790,1.);
#326=VECTOR('',#2791,1.);
#327=VECTOR('',#2792,1.);
#328=VECTOR('',#2793,1.);
#329=VECTOR('',#2795,1.);
#330=VECTOR('',#2796,1.);
#331=VECTOR('',#2797,1.);
#332=VECTOR('',#2798,1.);
#333=VECTOR('',#2800,1.);
#334=VECTOR('',#2801,1.);
#335=VECTOR('',#2802,1.);
#336=VECTOR('',#2803,1.);
#337=VECTOR('',#2805,1.);
#338=VECTOR('',#2806,1.);
#339=VECTOR('',#2807,1.);
#340=VECTOR('',#2808,1.);
#341=VECTOR('',#2810,1.);
#342=VECTOR('',#2811,1.);
#343=VECTOR('',#2812,1.);
#344=VECTOR('',#2813,1.);
#345=VECTOR('',#2815,1.);
#346=VECTOR('',#2816,1.);
#347=VECTOR('',#2817,1.);
#348=VECTOR('',#2818,1.);
#349=VECTOR('',#2820,1.);
#350=VECTOR('',#2821,1.);
#351=VECTOR('',#2822,1.);
#352=VECTOR('',#2823,1.);
#353=VECTOR('',#2825,1.);
#354=VECTOR('',#2826,1.);
#355=VECTOR('',#2827,1.);
#356=VECTOR('',#2828,1.);
#357=VECTOR('',#2829,1.);
#358=VECTOR('',#2830,1.);
#359=VECTOR('',#2831,1.);
#360=VECTOR('',#2832,1.);
#361=VECTOR('',#2834,1.);
#362=VECTOR('',#2835,1.);
#363=VECTOR('',#2836,1.);
#364=VECTOR('',#2837,1.);
#365=VECTOR('',#2838,1.);
#366=VECTOR('',#2839,1.);
#367=VECTOR('',#2840,1.);
#368=VECTOR('',#2841,1.);
#369=VECTOR('',#2843,1.);
#370=VECTOR('',#2844,1.);
#371=VECTOR('',#2845,1.);
#372=VECTOR('',#2846,1.);
#373=VECTOR('',#2847,1.);
#374=VECTOR('',#2848,1.);
#375=VECTOR('',#2849,1.);
#376=VECTOR('',#2850,1.);
#377=VECTOR('',#2852,1.);
#378=VECTOR('',#2853,1.);
#379=VECTOR('',#2854,1.);
#380=VECTOR('',#2855,1.);
#381=VECTOR('',#2856,1.);
#382=VECTOR('',#2857,1.);
#383=VECTOR('',#2858,1.);
#384=VECTOR('',#2859,1.);
#385=VECTOR('',#2861,1.);
#386=VECTOR('',#2862,1.);
#387=VECTOR('',#2863,1.);
#388=VECTOR('',#2864,1.);
#389=VECTOR('',#2866,1.);
#390=VECTOR('',#2867,1.);
#391=VECTOR('',#2868,1.);
#392=VECTOR('',#2869,1.);
#393=VECTOR('',#2870,1.);
#394=VECTOR('',#2871,1.);
#395=VECTOR('',#2872,1.);
#396=VECTOR('',#2873,1.);
#397=VECTOR('',#2874,1.);
#398=VECTOR('',#2875,1.);
#399=VECTOR('',#2876,1.);
#400=VECTOR('',#2877,1.);
#401=VECTOR('',#2878,1.);
#402=VECTOR('',#2879,1.);
#403=VECTOR('',#2880,1.);
#404=VECTOR('',#2881,1.);
#405=VECTOR('',#2882,1.);
#406=VECTOR('',#2883,1.);
#407=VECTOR('',#2884,1.);
#408=VECTOR('',#2885,1.);
#409=VECTOR('',#2886,1.);
#410=VECTOR('',#2887,1.);
#411=VECTOR('',#2888,1.);
#412=VECTOR('',#2889,1.);
#413=VECTOR('',#2890,1.);
#414=VECTOR('',#2891,1.);
#415=VECTOR('',#2892,1.);
#416=VECTOR('',#2893,1.);
#417=VECTOR('',#2894,1.);
#418=VECTOR('',#2895,1.);
#419=VECTOR('',#2896,1.);
#420=VECTOR('',#2897,1.);
#421=VECTOR('',#2898,1.);
#422=VECTOR('',#2899,1.);
#423=VECTOR('',#2900,1.);
#424=VECTOR('',#2901,1.);
#425=VECTOR('',#2902,1.);
#426=VECTOR('',#2903,1.);
#427=VECTOR('',#2904,1.);
#428=VECTOR('',#2905,1.);
#429=VECTOR('',#2906,1.);
#430=VECTOR('',#2907,1.);
#431=VECTOR('',#2908,1.);
#432=VECTOR('',#2909,1.);
#433=VECTOR('',#2910,1.);
#434=VECTOR('',#2911,1.);
#435=VECTOR('',#2912,1.);
#436=VECTOR('',#2913,1.);
#437=VECTOR('',#2915,1.);
#438=VECTOR('',#2916,1.);
#439=VECTOR('',#2917,1.);
#440=VECTOR('',#2918,1.);
#441=VECTOR('',#2920,1.);
#442=VECTOR('',#2921,1.);
#443=VECTOR('',#2922,1.);
#444=VECTOR('',#2923,1.);
#445=VECTOR('',#2924,1.);
#446=VECTOR('',#2925,1.);
#447=VECTOR('',#2926,1.);
#448=VECTOR('',#2928,1.);
#449=VECTOR('',#2929,1.);
#450=VECTOR('',#2930,1.);
#451=VECTOR('',#2931,1.);
#452=VECTOR('',#2933,1.);
#453=VECTOR('',#2934,1.);
#454=VECTOR('',#2935,1.);
#455=VECTOR('',#2936,1.);
#456=VECTOR('',#2937,1.);
#457=VECTOR('',#2938,1.);
#458=VECTOR('',#2939,1.);
#459=VECTOR('',#2943,1.);
#460=VECTOR('',#2944,1.);
#461=VECTOR('',#2945,1.);
#462=VECTOR('',#2946,1.);
#463=VECTOR('',#2948,1.);
#464=VECTOR('',#2949,1.);
#465=VECTOR('',#2950,1.);
#466=VECTOR('',#2952,1.);
#467=VECTOR('',#2953,1.);
#468=VECTOR('',#2955,1.);
#469=VECTOR('',#2956,1.);
#470=VECTOR('',#2959,1.);
#471=VECTOR('',#2960,1.);
#472=VECTOR('',#2961,1.);
#473=VECTOR('',#2963,1.);
#474=VECTOR('',#2964,1.);
#475=VECTOR('',#2966,1.);
#476=VECTOR('',#2967,1.);
#477=VECTOR('',#2970,1.);
#478=VECTOR('',#2971,1.);
#479=VECTOR('',#2972,1.);
#480=VECTOR('',#2974,1.);
#481=VECTOR('',#2975,1.);
#482=VECTOR('',#2977,1.);
#483=VECTOR('',#2978,1.);
#484=VECTOR('',#2981,1.);
#485=VECTOR('',#2982,1.);
#486=VECTOR('',#2983,1.);
#487=VECTOR('',#2985,1.);
#488=VECTOR('',#2986,1.);
#489=VECTOR('',#2988,1.);
#490=VECTOR('',#2989,1.);
#491=VECTOR('',#2992,1.);
#492=VECTOR('',#2993,1.);
#493=VECTOR('',#2994,1.);
#494=VECTOR('',#2996,1.);
#495=VECTOR('',#2997,1.);
#496=VECTOR('',#2999,1.);
#497=VECTOR('',#3000,1.);
#498=VECTOR('',#3003,1.);
#499=VECTOR('',#3004,1.);
#500=VECTOR('',#3005,1.);
#501=VECTOR('',#3007,1.);
#502=VECTOR('',#3008,1.);
#503=VECTOR('',#3010,1.);
#504=VECTOR('',#3011,1.);
#505=VECTOR('',#3014,1.);
#506=VECTOR('',#3015,1.);
#507=VECTOR('',#3016,1.);
#508=VECTOR('',#3018,1.);
#509=VECTOR('',#3019,1.);
#510=VECTOR('',#3021,1.);
#511=VECTOR('',#3022,1.);
#512=VECTOR('',#3025,1.);
#513=VECTOR('',#3026,1.);
#514=VECTOR('',#3027,1.);
#515=VECTOR('',#3029,1.);
#516=VECTOR('',#3030,1.);
#517=VECTOR('',#3032,1.);
#518=VECTOR('',#3033,1.);
#519=VECTOR('',#3036,1.);
#520=VECTOR('',#3037,1.);
#521=VECTOR('',#3038,1.);
#522=VECTOR('',#3039,1.);
#523=VECTOR('',#3041,1.);
#524=VECTOR('',#3042,1.);
#525=VECTOR('',#3043,1.);
#526=VECTOR('',#3044,1.);
#527=VECTOR('',#3046,1.);
#528=VECTOR('',#3049,1.);
#529=VECTOR('',#3050,1.);
#530=VECTOR('',#3051,1.);
#531=VECTOR('',#3052,1.);
#532=VECTOR('',#3054,1.);
#533=VECTOR('',#3055,1.);
#534=VECTOR('',#3057,1.);
#535=VECTOR('',#3058,1.);
#536=VECTOR('',#3059,1.);
#537=VECTOR('',#3062,1.);
#538=VECTOR('',#3063,1.);
#539=VECTOR('',#3064,1.);
#540=VECTOR('',#3066,1.);
#541=VECTOR('',#3068,1.);
#542=VECTOR('',#3069,1.);
#543=VECTOR('',#3071,1.);
#544=VECTOR('',#3072,1.);
#545=VECTOR('',#3074,1.);
#546=VECTOR('',#3075,1.);
#547=VECTOR('',#3077,1.);
#548=VECTOR('',#3078,1.);
#549=VECTOR('',#3080,1.);
#550=VECTOR('',#3082,1.);
#551=VECTOR('',#3083,1.);
#552=VECTOR('',#3085,1.);
#553=VECTOR('',#3086,1.);
#554=VECTOR('',#3088,1.);
#555=VECTOR('',#3089,1.);
#556=VECTOR('',#3091,1.);
#557=VECTOR('',#3092,1.);
#558=VECTOR('',#3094,1.);
#559=VECTOR('',#3096,1.);
#560=VECTOR('',#3097,1.);
#561=VECTOR('',#3099,1.);
#562=VECTOR('',#3100,1.);
#563=VECTOR('',#3102,1.);
#564=VECTOR('',#3103,1.);
#565=VECTOR('',#3105,1.);
#566=VECTOR('',#3106,1.);
#567=VECTOR('',#3108,1.);
#568=VECTOR('',#3110,1.);
#569=VECTOR('',#3111,1.);
#570=VECTOR('',#3113,1.);
#571=VECTOR('',#3114,1.);
#572=VECTOR('',#3116,1.);
#573=VECTOR('',#3117,1.);
#574=VECTOR('',#3119,1.);
#575=VECTOR('',#3120,1.);
#576=VECTOR('',#3122,1.);
#577=VECTOR('',#3124,1.);
#578=VECTOR('',#3131,1.);
#579=VECTOR('',#3132,1.);
#580=VECTOR('',#3133,1.);
#581=VECTOR('',#3135,1.);
#582=VECTOR('',#3137,1.);
#583=VECTOR('',#3138,1.);
#584=VECTOR('',#3140,1.);
#585=VECTOR('',#3141,1.);
#586=VECTOR('',#3143,1.);
#587=VECTOR('',#3144,1.);
#588=VECTOR('',#3146,1.);
#589=VECTOR('',#3151,1.);
#590=VECTOR('',#3152,1.);
#591=VECTOR('',#3154,1.);
#592=VECTOR('',#3155,1.);
#593=VECTOR('',#3157,1.);
#594=VECTOR('',#3158,1.);
#595=VECTOR('',#3160,1.);
#596=VECTOR('',#3161,1.);
#597=VECTOR('',#3163,1.);
#598=VECTOR('',#3164,1.);
#599=VECTOR('',#3166,1.);
#600=VECTOR('',#3171,1.);
#601=VECTOR('',#3172,1.);
#602=VECTOR('',#3173,1.);
#603=VECTOR('',#3175,1.);
#604=VECTOR('',#3177,1.);
#605=VECTOR('',#3178,1.);
#606=VECTOR('',#3180,1.);
#607=VECTOR('',#3181,1.);
#608=VECTOR('',#3183,1.);
#609=VECTOR('',#3186,1.);
#610=VECTOR('',#3187,1.);
#611=VECTOR('',#3188,1.);
#612=VECTOR('',#3190,1.);
#613=VECTOR('',#3191,1.);
#614=VECTOR('',#3193,1.);
#615=VECTOR('',#3194,1.);
#616=VECTOR('',#3196,1.);
#617=VECTOR('',#3198,1.);
#618=VECTOR('',#3201,1.);
#619=VECTOR('',#3202,1.);
#620=VECTOR('',#3204,1.);
#621=VECTOR('',#3205,1.);
#622=VECTOR('',#3207,1.);
#623=VECTOR('',#3208,1.);
#624=VECTOR('',#3210,1.);
#625=VECTOR('',#3211,1.);
#626=VECTOR('',#3213,1.);
#627=LINE('',#3291,#299);
#628=LINE('',#3293,#300);
#629=LINE('',#3295,#301);
#630=LINE('',#3298,#302);
#631=LINE('',#3300,#303);
#632=LINE('',#3302,#304);
#633=LINE('',#3304,#305);
#634=LINE('',#3307,#306);
#635=LINE('',#3309,#307);
#636=LINE('',#3311,#308);
#637=LINE('',#3313,#309);
#638=LINE('',#3316,#310);
#639=LINE('',#3318,#311);
#640=LINE('',#3320,#312);
#641=LINE('',#3322,#313);
#642=LINE('',#3325,#314);
#643=LINE('',#3327,#315);
#644=LINE('',#3329,#316);
#645=LINE('',#3331,#317);
#646=LINE('',#3334,#318);
#647=LINE('',#3336,#319);
#648=LINE('',#3338,#320);
#649=LINE('',#3340,#321);
#650=LINE('',#3343,#322);
#651=LINE('',#3345,#323);
#652=LINE('',#3347,#324);
#653=LINE('',#3349,#325);
#654=LINE('',#3352,#326);
#655=LINE('',#3354,#327);
#656=LINE('',#3356,#328);
#657=LINE('',#3358,#329);
#658=LINE('',#3361,#330);
#659=LINE('',#3363,#331);
#660=LINE('',#3365,#332);
#661=LINE('',#3367,#333);
#662=LINE('',#3370,#334);
#663=LINE('',#3372,#335);
#664=LINE('',#3374,#336);
#665=LINE('',#3376,#337);
#666=LINE('',#3379,#338);
#667=LINE('',#3381,#339);
#668=LINE('',#3383,#340);
#669=LINE('',#3385,#341);
#670=LINE('',#3388,#342);
#671=LINE('',#3390,#343);
#672=LINE('',#3392,#344);
#673=LINE('',#3394,#345);
#674=LINE('',#3397,#346);
#675=LINE('',#3399,#347);
#676=LINE('',#3401,#348);
#677=LINE('',#3403,#349);
#678=LINE('',#3406,#350);
#679=LINE('',#3408,#351);
#680=LINE('',#3410,#352);
#681=LINE('',#3412,#353);
#682=LINE('',#3415,#354);
#683=LINE('',#3417,#355);
#684=LINE('',#3419,#356);
#685=LINE('',#3421,#357);
#686=LINE('',#3423,#358);
#687=LINE('',#3425,#359);
#688=LINE('',#3427,#360);
#689=LINE('',#3429,#361);
#690=LINE('',#3432,#362);
#691=LINE('',#3434,#363);
#692=LINE('',#3436,#364);
#693=LINE('',#3438,#365);
#694=LINE('',#3440,#366);
#695=LINE('',#3442,#367);
#696=LINE('',#3444,#368);
#697=LINE('',#3446,#369);
#698=LINE('',#3449,#370);
#699=LINE('',#3451,#371);
#700=LINE('',#3453,#372);
#701=LINE('',#3455,#373);
#702=LINE('',#3457,#374);
#703=LINE('',#3459,#375);
#704=LINE('',#3461,#376);
#705=LINE('',#3463,#377);
#706=LINE('',#3466,#378);
#707=LINE('',#3468,#379);
#708=LINE('',#3470,#380);
#709=LINE('',#3472,#381);
#710=LINE('',#3474,#382);
#711=LINE('',#3476,#383);
#712=LINE('',#3478,#384);
#713=LINE('',#3480,#385);
#714=LINE('',#3483,#386);
#715=LINE('',#3485,#387);
#716=LINE('',#3487,#388);
#717=LINE('',#3489,#389);
#718=LINE('',#3492,#390);
#719=LINE('',#3494,#391);
#720=LINE('',#3496,#392);
#721=LINE('',#3498,#393);
#722=LINE('',#3500,#394);
#723=LINE('',#3502,#395);
#724=LINE('',#3504,#396);
#725=LINE('',#3506,#397);
#726=LINE('',#3508,#398);
#727=LINE('',#3510,#399);
#728=LINE('',#3512,#400);
#729=LINE('',#3514,#401);
#730=LINE('',#3516,#402);
#731=LINE('',#3518,#403);
#732=LINE('',#3520,#404);
#733=LINE('',#3522,#405);
#734=LINE('',#3524,#406);
#735=LINE('',#3526,#407);
#736=LINE('',#3528,#408);
#737=LINE('',#3530,#409);
#738=LINE('',#3532,#410);
#739=LINE('',#3534,#411);
#740=LINE('',#3536,#412);
#741=LINE('',#3538,#413);
#742=LINE('',#3540,#414);
#743=LINE('',#3542,#415);
#744=LINE('',#3544,#416);
#745=LINE('',#3546,#417);
#746=LINE('',#3548,#418);
#747=LINE('',#3550,#419);
#748=LINE('',#3552,#420);
#749=LINE('',#3554,#421);
#750=LINE('',#3556,#422);
#751=LINE('',#3558,#423);
#752=LINE('',#3560,#424);
#753=LINE('',#3562,#425);
#754=LINE('',#3564,#426);
#755=LINE('',#3566,#427);
#756=LINE('',#3568,#428);
#757=LINE('',#3570,#429);
#758=LINE('',#3572,#430);
#759=LINE('',#3574,#431);
#760=LINE('',#3576,#432);
#761=LINE('',#3578,#433);
#762=LINE('',#3580,#434);
#763=LINE('',#3582,#435);
#764=LINE('',#3584,#436);
#765=LINE('',#3591,#437);
#766=LINE('',#3593,#438);
#767=LINE('',#3595,#439);
#768=LINE('',#3601,#440);
#769=LINE('',#3603,#441);
#770=LINE('',#3610,#442);
#771=LINE('',#3611,#443);
#772=LINE('',#3612,#444);
#773=LINE('',#3613,#445);
#774=LINE('',#3619,#446);
#775=LINE('',#3621,#447);
#776=LINE('',#3623,#448);
#777=LINE('',#3630,#449);
#778=LINE('',#3636,#450);
#779=LINE('',#3638,#451);
#780=LINE('',#3645,#452);
#781=LINE('',#3647,#453);
#782=LINE('',#3649,#454);
#783=LINE('',#3655,#455);
#784=LINE('',#3656,#456);
#785=LINE('',#3657,#457);
#786=LINE('',#3658,#458);
#787=LINE('',#3661,#459);
#788=LINE('',#3664,#460);
#789=LINE('',#3666,#461);
#790=LINE('',#3668,#462);
#791=LINE('',#3670,#463);
#792=LINE('',#3672,#464);
#793=LINE('',#3673,#465);
#794=LINE('',#3675,#466);
#795=LINE('',#3677,#467);
#796=LINE('',#3679,#468);
#797=LINE('',#3680,#469);
#798=LINE('',#3683,#470);
#799=LINE('',#3685,#471);
#800=LINE('',#3686,#472);
#801=LINE('',#3688,#473);
#802=LINE('',#3690,#474);
#803=LINE('',#3692,#475);
#804=LINE('',#3693,#476);
#805=LINE('',#3696,#477);
#806=LINE('',#3698,#478);
#807=LINE('',#3699,#479);
#808=LINE('',#3701,#480);
#809=LINE('',#3703,#481);
#810=LINE('',#3705,#482);
#811=LINE('',#3706,#483);
#812=LINE('',#3709,#484);
#813=LINE('',#3711,#485);
#814=LINE('',#3712,#486);
#815=LINE('',#3714,#487);
#816=LINE('',#3716,#488);
#817=LINE('',#3718,#489);
#818=LINE('',#3719,#490);
#819=LINE('',#3722,#491);
#820=LINE('',#3724,#492);
#821=LINE('',#3725,#493);
#822=LINE('',#3727,#494);
#823=LINE('',#3729,#495);
#824=LINE('',#3731,#496);
#825=LINE('',#3732,#497);
#826=LINE('',#3735,#498);
#827=LINE('',#3737,#499);
#828=LINE('',#3738,#500);
#829=LINE('',#3740,#501);
#830=LINE('',#3742,#502);
#831=LINE('',#3744,#503);
#832=LINE('',#3745,#504);
#833=LINE('',#3748,#505);
#834=LINE('',#3750,#506);
#835=LINE('',#3751,#507);
#836=LINE('',#3753,#508);
#837=LINE('',#3755,#509);
#838=LINE('',#3757,#510);
#839=LINE('',#3758,#511);
#840=LINE('',#3761,#512);
#841=LINE('',#3763,#513);
#842=LINE('',#3764,#514);
#843=LINE('',#3766,#515);
#844=LINE('',#3768,#516);
#845=LINE('',#3770,#517);
#846=LINE('',#3771,#518);
#847=LINE('',#3774,#519);
#848=LINE('',#3776,#520);
#849=LINE('',#3777,#521);
#850=LINE('',#3779,#522);
#851=LINE('',#3781,#523);
#852=LINE('',#3783,#524);
#853=LINE('',#3784,#525);
#854=LINE('',#3786,#526);
#855=LINE('',#3788,#527);
#856=LINE('',#3791,#528);
#857=LINE('',#3793,#529);
#858=LINE('',#3794,#530);
#859=LINE('',#3796,#531);
#860=LINE('',#3798,#532);
#861=LINE('',#3800,#533);
#862=LINE('',#3802,#534);
#863=LINE('',#3804,#535);
#864=LINE('',#3805,#536);
#865=LINE('',#3808,#537);
#866=LINE('',#3810,#538);
#867=LINE('',#3812,#539);
#868=LINE('',#3814,#540);
#869=LINE('',#3816,#541);
#870=LINE('',#3818,#542);
#871=LINE('',#3820,#543);
#872=LINE('',#3822,#544);
#873=LINE('',#3824,#545);
#874=LINE('',#3826,#546);
#875=LINE('',#3828,#547);
#876=LINE('',#3830,#548);
#877=LINE('',#3832,#549);
#878=LINE('',#3834,#550);
#879=LINE('',#3836,#551);
#880=LINE('',#3838,#552);
#881=LINE('',#3840,#553);
#882=LINE('',#3842,#554);
#883=LINE('',#3844,#555);
#884=LINE('',#3846,#556);
#885=LINE('',#3848,#557);
#886=LINE('',#3850,#558);
#887=LINE('',#3852,#559);
#888=LINE('',#3854,#560);
#889=LINE('',#3856,#561);
#890=LINE('',#3858,#562);
#891=LINE('',#3860,#563);
#892=LINE('',#3862,#564);
#893=LINE('',#3864,#565);
#894=LINE('',#3866,#566);
#895=LINE('',#3868,#567);
#896=LINE('',#3870,#568);
#897=LINE('',#3872,#569);
#898=LINE('',#3874,#570);
#899=LINE('',#3876,#571);
#900=LINE('',#3878,#572);
#901=LINE('',#3880,#573);
#902=LINE('',#3882,#574);
#903=LINE('',#3884,#575);
#904=LINE('',#3886,#576);
#905=LINE('',#3888,#577);
#906=LINE('',#3893,#578);
#907=LINE('',#3895,#579);
#908=LINE('',#3897,#580);
#909=LINE('',#3899,#581);
#910=LINE('',#3901,#582);
#911=LINE('',#3903,#583);
#912=LINE('',#3905,#584);
#913=LINE('',#3907,#585);
#914=LINE('',#3909,#586);
#915=LINE('',#3911,#587);
#916=LINE('',#3913,#588);
#917=LINE('',#3917,#589);
#918=LINE('',#3919,#590);
#919=LINE('',#3921,#591);
#920=LINE('',#3923,#592);
#921=LINE('',#3925,#593);
#922=LINE('',#3927,#594);
#923=LINE('',#3929,#595);
#924=LINE('',#3931,#596);
#925=LINE('',#3933,#597);
#926=LINE('',#3935,#598);
#927=LINE('',#3937,#599);
#928=LINE('',#3941,#600);
#929=LINE('',#3943,#601);
#930=LINE('',#3945,#602);
#931=LINE('',#3947,#603);
#932=LINE('',#3949,#604);
#933=LINE('',#3951,#605);
#934=LINE('',#3953,#606);
#935=LINE('',#3955,#607);
#936=LINE('',#3957,#608);
#937=LINE('',#3960,#609);
#938=LINE('',#3962,#610);
#939=LINE('',#3964,#611);
#940=LINE('',#3966,#612);
#941=LINE('',#3968,#613);
#942=LINE('',#3970,#614);
#943=LINE('',#3972,#615);
#944=LINE('',#3974,#616);
#945=LINE('',#3976,#617);
#946=LINE('',#3979,#618);
#947=LINE('',#3981,#619);
#948=LINE('',#3983,#620);
#949=LINE('',#3985,#621);
#950=LINE('',#3987,#622);
#951=LINE('',#3989,#623);
#952=LINE('',#3991,#624);
#953=LINE('',#3993,#625);
#954=LINE('',#3995,#626);
#955=CYLINDRICAL_SURFACE('',#4051,0.006);
#956=CYLINDRICAL_SURFACE('',#4179,0.006);
#957=CYLINDRICAL_SURFACE('',#4182,0.0015);
#958=CYLINDRICAL_SURFACE('',#4183,0.0015);
#959=CYLINDRICAL_SURFACE('',#4185,0.0015);
#960=CYLINDRICAL_SURFACE('',#4189,0.0015);
#961=CYLINDRICAL_SURFACE('',#4190,0.0015);
#962=CYLINDRICAL_SURFACE('',#4192,0.0015);
#963=CYLINDRICAL_SURFACE('',#4194,0.0015);
#964=CYLINDRICAL_SURFACE('',#4196,0.0015);
#965=CYLINDRICAL_SURFACE('',#4202,0.0015);
#966=CYLINDRICAL_SURFACE('',#4204,0.0015);
#967=CYLINDRICAL_SURFACE('',#4208,0.0015);
#968=CYLINDRICAL_SURFACE('',#4209,0.0015);
#969=VERTEX_POINT('',#3280);
#970=VERTEX_POINT('',#3281);
#971=VERTEX_POINT('',#3283);
#972=VERTEX_POINT('',#3285);
#973=VERTEX_POINT('',#3289);
#974=VERTEX_POINT('',#3290);
#975=VERTEX_POINT('',#3296);
#976=VERTEX_POINT('',#3297);
#977=VERTEX_POINT('',#3299);
#978=VERTEX_POINT('',#3301);
#979=VERTEX_POINT('',#3305);
#980=VERTEX_POINT('',#3306);
#981=VERTEX_POINT('',#3308);
#982=VERTEX_POINT('',#3310);
#983=VERTEX_POINT('',#3314);
#984=VERTEX_POINT('',#3315);
#985=VERTEX_POINT('',#3317);
#986=VERTEX_POINT('',#3319);
#987=VERTEX_POINT('',#3323);
#988=VERTEX_POINT('',#3324);
#989=VERTEX_POINT('',#3326);
#990=VERTEX_POINT('',#3328);
#991=VERTEX_POINT('',#3332);
#992=VERTEX_POINT('',#3333);
#993=VERTEX_POINT('',#3335);
#994=VERTEX_POINT('',#3337);
#995=VERTEX_POINT('',#3341);
#996=VERTEX_POINT('',#3342);
#997=VERTEX_POINT('',#3344);
#998=VERTEX_POINT('',#3346);
#999=VERTEX_POINT('',#3350);
#1000=VERTEX_POINT('',#3351);
#1001=VERTEX_POINT('',#3353);
#1002=VERTEX_POINT('',#3355);
#1003=VERTEX_POINT('',#3359);
#1004=VERTEX_POINT('',#3360);
#1005=VERTEX_POINT('',#3362);
#1006=VERTEX_POINT('',#3364);
#1007=VERTEX_POINT('',#3368);
#1008=VERTEX_POINT('',#3369);
#1009=VERTEX_POINT('',#3371);
#1010=VERTEX_POINT('',#3373);
#1011=VERTEX_POINT('',#3377);
#1012=VERTEX_POINT('',#3378);
#1013=VERTEX_POINT('',#3380);
#1014=VERTEX_POINT('',#3382);
#1015=VERTEX_POINT('',#3386);
#1016=VERTEX_POINT('',#3387);
#1017=VERTEX_POINT('',#3389);
#1018=VERTEX_POINT('',#3391);
#1019=VERTEX_POINT('',#3395);
#1020=VERTEX_POINT('',#3396);
#1021=VERTEX_POINT('',#3398);
#1022=VERTEX_POINT('',#3400);
#1023=VERTEX_POINT('',#3404);
#1024=VERTEX_POINT('',#3405);
#1025=VERTEX_POINT('',#3407);
#1026=VERTEX_POINT('',#3409);
#1027=VERTEX_POINT('',#3413);
#1028=VERTEX_POINT('',#3414);
#1029=VERTEX_POINT('',#3416);
#1030=VERTEX_POINT('',#3418);
#1031=VERTEX_POINT('',#3420);
#1032=VERTEX_POINT('',#3422);
#1033=VERTEX_POINT('',#3424);
#1034=VERTEX_POINT('',#3426);
#1035=VERTEX_POINT('',#3430);
#1036=VERTEX_POINT('',#3431);
#1037=VERTEX_POINT('',#3433);
#1038=VERTEX_POINT('',#3435);
#1039=VERTEX_POINT('',#3437);
#1040=VERTEX_POINT('',#3439);
#1041=VERTEX_POINT('',#3441);
#1042=VERTEX_POINT('',#3443);
#1043=VERTEX_POINT('',#3447);
#1044=VERTEX_POINT('',#3448);
#1045=VERTEX_POINT('',#3450);
#1046=VERTEX_POINT('',#3452);
#1047=VERTEX_POINT('',#3454);
#1048=VERTEX_POINT('',#3456);
#1049=VERTEX_POINT('',#3458);
#1050=VERTEX_POINT('',#3460);
#1051=VERTEX_POINT('',#3464);
#1052=VERTEX_POINT('',#3465);
#1053=VERTEX_POINT('',#3467);
#1054=VERTEX_POINT('',#3469);
#1055=VERTEX_POINT('',#3471);
#1056=VERTEX_POINT('',#3473);
#1057=VERTEX_POINT('',#3475);
#1058=VERTEX_POINT('',#3477);
#1059=VERTEX_POINT('',#3481);
#1060=VERTEX_POINT('',#3482);
#1061=VERTEX_POINT('',#3484);
#1062=VERTEX_POINT('',#3486);
#1063=VERTEX_POINT('',#3490);
#1064=VERTEX_POINT('',#3491);
#1065=VERTEX_POINT('',#3493);
#1066=VERTEX_POINT('',#3495);
#1067=VERTEX_POINT('',#3497);
#1068=VERTEX_POINT('',#3499);
#1069=VERTEX_POINT('',#3501);
#1070=VERTEX_POINT('',#3503);
#1071=VERTEX_POINT('',#3505);
#1072=VERTEX_POINT('',#3507);
#1073=VERTEX_POINT('',#3509);
#1074=VERTEX_POINT('',#3511);
#1075=VERTEX_POINT('',#3513);
#1076=VERTEX_POINT('',#3515);
#1077=VERTEX_POINT('',#3517);
#1078=VERTEX_POINT('',#3519);
#1079=VERTEX_POINT('',#3521);
#1080=VERTEX_POINT('',#3523);
#1081=VERTEX_POINT('',#3525);
#1082=VERTEX_POINT('',#3527);
#1083=VERTEX_POINT('',#3529);
#1084=VERTEX_POINT('',#3531);
#1085=VERTEX_POINT('',#3533);
#1086=VERTEX_POINT('',#3535);
#1087=VERTEX_POINT('',#3537);
#1088=VERTEX_POINT('',#3539);
#1089=VERTEX_POINT('',#3541);
#1090=VERTEX_POINT('',#3543);
#1091=VERTEX_POINT('',#3545);
#1092=VERTEX_POINT('',#3547);
#1093=VERTEX_POINT('',#3549);
#1094=VERTEX_POINT('',#3551);
#1095=VERTEX_POINT('',#3553);
#1096=VERTEX_POINT('',#3555);
#1097=VERTEX_POINT('',#3557);
#1098=VERTEX_POINT('',#3559);
#1099=VERTEX_POINT('',#3561);
#1100=VERTEX_POINT('',#3563);
#1101=VERTEX_POINT('',#3565);
#1102=VERTEX_POINT('',#3567);
#1103=VERTEX_POINT('',#3569);
#1104=VERTEX_POINT('',#3571);
#1105=VERTEX_POINT('',#3573);
#1106=VERTEX_POINT('',#3575);
#1107=VERTEX_POINT('',#3577);
#1108=VERTEX_POINT('',#3579);
#1109=VERTEX_POINT('',#3581);
#1110=VERTEX_POINT('',#3583);
#1111=VERTEX_POINT('',#3590);
#1112=VERTEX_POINT('',#3592);
#1113=VERTEX_POINT('',#3594);
#1114=VERTEX_POINT('',#3596);
#1115=VERTEX_POINT('',#3604);
#1116=VERTEX_POINT('',#3605);
#1117=VERTEX_POINT('',#3618);
#1118=VERTEX_POINT('',#3620);
#1119=VERTEX_POINT('',#3624);
#1120=VERTEX_POINT('',#3625);
#1121=VERTEX_POINT('',#3635);
#1122=VERTEX_POINT('',#3637);
#1123=VERTEX_POINT('',#3644);
#1124=VERTEX_POINT('',#3646);
#1125=VERTEX_POINT('',#3648);
#1126=VERTEX_POINT('',#3650);
#1127=VERTEX_POINT('',#3662);
#1128=VERTEX_POINT('',#3663);
#1129=VERTEX_POINT('',#3665);
#1130=VERTEX_POINT('',#3667);
#1131=VERTEX_POINT('',#3671);
#1132=VERTEX_POINT('',#3676);
#1133=VERTEX_POINT('',#3684);
#1134=VERTEX_POINT('',#3689);
#1135=VERTEX_POINT('',#3697);
#1136=VERTEX_POINT('',#3702);
#1137=VERTEX_POINT('',#3710);
#1138=VERTEX_POINT('',#3715);
#1139=VERTEX_POINT('',#3723);
#1140=VERTEX_POINT('',#3728);
#1141=VERTEX_POINT('',#3736);
#1142=VERTEX_POINT('',#3741);
#1143=VERTEX_POINT('',#3749);
#1144=VERTEX_POINT('',#3754);
#1145=VERTEX_POINT('',#3762);
#1146=VERTEX_POINT('',#3767);
#1147=VERTEX_POINT('',#3775);
#1148=VERTEX_POINT('',#3778);
#1149=VERTEX_POINT('',#3782);
#1150=VERTEX_POINT('',#3785);
#1151=VERTEX_POINT('',#3792);
#1152=VERTEX_POINT('',#3795);
#1153=VERTEX_POINT('',#3799);
#1154=VERTEX_POINT('',#3803);
#1155=VERTEX_POINT('',#3809);
#1156=VERTEX_POINT('',#3811);
#1157=VERTEX_POINT('',#3817);
#1158=VERTEX_POINT('',#3821);
#1159=VERTEX_POINT('',#3825);
#1160=VERTEX_POINT('',#3829);
#1161=VERTEX_POINT('',#3835);
#1162=VERTEX_POINT('',#3839);
#1163=VERTEX_POINT('',#3843);
#1164=VERTEX_POINT('',#3847);
#1165=VERTEX_POINT('',#3853);
#1166=VERTEX_POINT('',#3857);
#1167=VERTEX_POINT('',#3861);
#1168=VERTEX_POINT('',#3865);
#1169=VERTEX_POINT('',#3871);
#1170=VERTEX_POINT('',#3875);
#1171=VERTEX_POINT('',#3879);
#1172=VERTEX_POINT('',#3883);
#1173=VERTEX_POINT('',#3894);
#1174=VERTEX_POINT('',#3896);
#1175=VERTEX_POINT('',#3902);
#1176=VERTEX_POINT('',#3906);
#1177=VERTEX_POINT('',#3910);
#1178=VERTEX_POINT('',#3918);
#1179=VERTEX_POINT('',#3922);
#1180=VERTEX_POINT('',#3926);
#1181=VERTEX_POINT('',#3930);
#1182=VERTEX_POINT('',#3934);
#1183=VERTEX_POINT('',#3942);
#1184=VERTEX_POINT('',#3944);
#1185=VERTEX_POINT('',#3950);
#1186=VERTEX_POINT('',#3954);
#1187=VERTEX_POINT('',#3961);
#1188=VERTEX_POINT('',#3963);
#1189=VERTEX_POINT('',#3967);
#1190=VERTEX_POINT('',#3971);
#1191=VERTEX_POINT('',#3980);
#1192=VERTEX_POINT('',#3984);
#1193=VERTEX_POINT('',#3988);
#1194=VERTEX_POINT('',#3992);
#1195=CIRCLE('',#4047,0.006);
#1196=CIRCLE('',#4048,0.000500000000000002);
#1197=CIRCLE('',#4049,0.0065);
#1198=CIRCLE('',#4050,0.000500000000000002);
#1199=CIRCLE('',#4052,0.006);
#1200=CIRCLE('',#4053,0.006);
#1201=CIRCLE('',#4078,0.0065);
#1202=CIRCLE('',#4143,0.0015);
#1203=CIRCLE('',#4144,0.0015);
#1204=CIRCLE('',#4152,0.0015);
#1205=CIRCLE('',#4160,0.0015);
#1206=CIRCLE('',#4180,0.006);
#1207=CIRCLE('',#4184,0.0015);
#1208=CIRCLE('',#4187,0.0015);
#1209=CIRCLE('',#4188,0.0015);
#1210=CIRCLE('',#4191,0.0015);
#1211=CIRCLE('',#4193,0.0015);
#1212=CIRCLE('',#4195,0.0015);
#1213=CIRCLE('',#4197,0.0015);
#1214=CIRCLE('',#4199,0.0015);
#1215=CIRCLE('',#4201,0.0015);
#1216=CIRCLE('',#4203,0.0015);
#1217=CIRCLE('',#4205,0.0015);
#1218=CIRCLE('',#4207,0.0015);
#1219=EDGE_CURVE('',#969,#970,#1195,.T.);
#1220=EDGE_CURVE('',#969,#971,#1196,.T.);
#1221=EDGE_CURVE('',#972,#971,#1197,.T.);
#1222=EDGE_CURVE('',#970,#972,#1198,.T.);
#1223=EDGE_CURVE('',#973,#974,#1199,.T.);
#1224=EDGE_CURVE('',#973,#970,#627,.T.);
#1225=EDGE_CURVE('',#970,#969,#1200,.T.);
#1226=EDGE_CURVE('',#974,#969,#628,.T.);
#1227=EDGE_CURVE('',#975,#976,#629,.T.);
#1228=EDGE_CURVE('',#977,#975,#630,.T.);
#1229=EDGE_CURVE('',#978,#977,#631,.T.);
#1230=EDGE_CURVE('',#978,#976,#632,.T.);
#1231=EDGE_CURVE('',#979,#980,#633,.T.);
#1232=EDGE_CURVE('',#981,#979,#634,.T.);
#1233=EDGE_CURVE('',#982,#981,#635,.T.);
#1234=EDGE_CURVE('',#982,#980,#636,.T.);
#1235=EDGE_CURVE('',#983,#984,#637,.T.);
#1236=EDGE_CURVE('',#983,#985,#638,.T.);
#1237=EDGE_CURVE('',#986,#985,#639,.T.);
#1238=EDGE_CURVE('',#984,#986,#640,.T.);
#1239=EDGE_CURVE('',#987,#988,#641,.T.);
#1240=EDGE_CURVE('',#987,#989,#642,.T.);
#1241=EDGE_CURVE('',#990,#989,#643,.T.);
#1242=EDGE_CURVE('',#990,#988,#644,.T.);
#1243=EDGE_CURVE('',#991,#992,#645,.T.);
#1244=EDGE_CURVE('',#991,#993,#646,.T.);
#1245=EDGE_CURVE('',#994,#993,#647,.T.);
#1246=EDGE_CURVE('',#992,#994,#648,.T.);
#1247=EDGE_CURVE('',#995,#996,#649,.T.);
#1248=EDGE_CURVE('',#995,#997,#650,.T.);
#1249=EDGE_CURVE('',#998,#997,#651,.T.);
#1250=EDGE_CURVE('',#998,#996,#652,.T.);
#1251=EDGE_CURVE('',#999,#1000,#653,.T.);
#1252=EDGE_CURVE('',#999,#1001,#654,.T.);
#1253=EDGE_CURVE('',#1002,#1001,#655,.T.);
#1254=EDGE_CURVE('',#1000,#1002,#656,.T.);
#1255=EDGE_CURVE('',#1003,#1004,#657,.T.);
#1256=EDGE_CURVE('',#1003,#1005,#658,.T.);
#1257=EDGE_CURVE('',#1006,#1005,#659,.T.);
#1258=EDGE_CURVE('',#1004,#1006,#660,.T.);
#1259=EDGE_CURVE('',#1007,#1008,#661,.T.);
#1260=EDGE_CURVE('',#1009,#1007,#662,.T.);
#1261=EDGE_CURVE('',#1010,#1009,#663,.T.);
#1262=EDGE_CURVE('',#1010,#1008,#664,.T.);
#1263=EDGE_CURVE('',#1011,#1012,#665,.T.);
#1264=EDGE_CURVE('',#1013,#1011,#666,.T.);
#1265=EDGE_CURVE('',#1014,#1013,#667,.T.);
#1266=EDGE_CURVE('',#1014,#1012,#668,.T.);
#1267=EDGE_CURVE('',#1015,#1016,#669,.T.);
#1268=EDGE_CURVE('',#1017,#1015,#670,.T.);
#1269=EDGE_CURVE('',#1018,#1017,#671,.T.);
#1270=EDGE_CURVE('',#1018,#1016,#672,.T.);
#1271=EDGE_CURVE('',#1019,#1020,#673,.T.);
#1272=EDGE_CURVE('',#1019,#1021,#674,.T.);
#1273=EDGE_CURVE('',#1022,#1021,#675,.T.);
#1274=EDGE_CURVE('',#1022,#1020,#676,.T.);
#1275=EDGE_CURVE('',#1023,#1024,#677,.T.);
#1276=EDGE_CURVE('',#1023,#1025,#678,.T.);
#1277=EDGE_CURVE('',#1026,#1025,#679,.T.);
#1278=EDGE_CURVE('',#1026,#1024,#680,.T.);
#1279=EDGE_CURVE('',#1027,#1028,#681,.T.);
#1280=EDGE_CURVE('',#1029,#1027,#682,.T.);
#1281=EDGE_CURVE('',#1030,#1029,#683,.T.);
#1282=EDGE_CURVE('',#1031,#1030,#684,.T.);
#1283=EDGE_CURVE('',#1032,#1031,#685,.T.);
#1284=EDGE_CURVE('',#1032,#1033,#686,.T.);
#1285=EDGE_CURVE('',#1033,#1034,#687,.T.);
#1286=EDGE_CURVE('',#1034,#1028,#688,.T.);
#1287=EDGE_CURVE('',#1035,#1036,#689,.T.);
#1288=EDGE_CURVE('',#1037,#1035,#690,.T.);
#1289=EDGE_CURVE('',#1038,#1037,#691,.T.);
#1290=EDGE_CURVE('',#1039,#1038,#692,.T.);
#1291=EDGE_CURVE('',#1040,#1039,#693,.T.);
#1292=EDGE_CURVE('',#1040,#1041,#694,.T.);
#1293=EDGE_CURVE('',#1041,#1042,#695,.T.);
#1294=EDGE_CURVE('',#1042,#1036,#696,.T.);
#1295=EDGE_CURVE('',#1043,#1044,#697,.T.);
#1296=EDGE_CURVE('',#1045,#1043,#698,.T.);
#1297=EDGE_CURVE('',#1046,#1045,#699,.T.);
#1298=EDGE_CURVE('',#1047,#1046,#700,.T.);
#1299=EDGE_CURVE('',#1048,#1047,#701,.T.);
#1300=EDGE_CURVE('',#1048,#1049,#702,.T.);
#1301=EDGE_CURVE('',#1049,#1050,#703,.T.);
#1302=EDGE_CURVE('',#1050,#1044,#704,.T.);
#1303=EDGE_CURVE('',#1051,#1052,#705,.T.);
#1304=EDGE_CURVE('',#1053,#1051,#706,.T.);
#1305=EDGE_CURVE('',#1054,#1053,#707,.T.);
#1306=EDGE_CURVE('',#1055,#1054,#708,.T.);
#1307=EDGE_CURVE('',#1056,#1055,#709,.T.);
#1308=EDGE_CURVE('',#1056,#1057,#710,.T.);
#1309=EDGE_CURVE('',#1057,#1058,#711,.T.);
#1310=EDGE_CURVE('',#1058,#1052,#712,.T.);
#1311=EDGE_CURVE('',#1059,#1060,#713,.T.);
#1312=EDGE_CURVE('',#1061,#1060,#714,.T.);
#1313=EDGE_CURVE('',#1062,#1061,#715,.T.);
#1314=EDGE_CURVE('',#1059,#1062,#716,.T.);
#1315=EDGE_CURVE('',#1063,#1064,#717,.T.);
#1316=EDGE_CURVE('',#1065,#1063,#718,.T.);
#1317=EDGE_CURVE('',#1066,#1065,#719,.T.);
#1318=EDGE_CURVE('',#1067,#1066,#720,.T.);
#1319=EDGE_CURVE('',#1068,#1067,#721,.T.);
#1320=EDGE_CURVE('',#1068,#1069,#722,.T.);
#1321=EDGE_CURVE('',#1069,#1070,#723,.T.);
#1322=EDGE_CURVE('',#1070,#1071,#724,.T.);
#1323=EDGE_CURVE('',#1072,#1071,#725,.T.);
#1324=EDGE_CURVE('',#1073,#1072,#726,.T.);
#1325=EDGE_CURVE('',#1074,#1073,#727,.T.);
#1326=EDGE_CURVE('',#1075,#1074,#728,.T.);
#1327=EDGE_CURVE('',#1076,#1075,#729,.T.);
#1328=EDGE_CURVE('',#1076,#1077,#730,.T.);
#1329=EDGE_CURVE('',#1077,#1078,#731,.T.);
#1330=EDGE_CURVE('',#1078,#1079,#732,.T.);
#1331=EDGE_CURVE('',#1080,#1079,#733,.T.);
#1332=EDGE_CURVE('',#1081,#1080,#734,.T.);
#1333=EDGE_CURVE('',#1082,#1081,#735,.T.);
#1334=EDGE_CURVE('',#1083,#1082,#736,.T.);
#1335=EDGE_CURVE('',#1084,#1083,#737,.T.);
#1336=EDGE_CURVE('',#1084,#1085,#738,.T.);
#1337=EDGE_CURVE('',#1085,#1086,#739,.T.);
#1338=EDGE_CURVE('',#1086,#1087,#740,.T.);
#1339=EDGE_CURVE('',#1088,#1087,#741,.T.);
#1340=EDGE_CURVE('',#1089,#1088,#742,.T.);
#1341=EDGE_CURVE('',#1090,#1089,#743,.T.);
#1342=EDGE_CURVE('',#1091,#1090,#744,.T.);
#1343=EDGE_CURVE('',#1092,#1091,#745,.T.);
#1344=EDGE_CURVE('',#1093,#1092,#746,.T.);
#1345=EDGE_CURVE('',#1093,#1094,#747,.T.);
#1346=EDGE_CURVE('',#1094,#1095,#748,.T.);
#1347=EDGE_CURVE('',#1095,#1096,#749,.T.);
#1348=EDGE_CURVE('',#1097,#1096,#750,.T.);
#1349=EDGE_CURVE('',#1098,#1097,#751,.T.);
#1350=EDGE_CURVE('',#1099,#1098,#752,.T.);
#1351=EDGE_CURVE('',#1099,#1100,#753,.T.);
#1352=EDGE_CURVE('',#1100,#1101,#754,.T.);
#1353=EDGE_CURVE('',#1101,#1102,#755,.T.);
#1354=EDGE_CURVE('',#1103,#1102,#756,.T.);
#1355=EDGE_CURVE('',#1104,#1103,#757,.T.);
#1356=EDGE_CURVE('',#1105,#1104,#758,.T.);
#1357=EDGE_CURVE('',#1106,#1105,#759,.T.);
#1358=EDGE_CURVE('',#1107,#1106,#760,.T.);
#1359=EDGE_CURVE('',#1108,#1107,#761,.T.);
#1360=EDGE_CURVE('',#1108,#1109,#762,.T.);
#1361=EDGE_CURVE('',#1109,#1110,#763,.T.);
#1362=EDGE_CURVE('',#1110,#1064,#764,.T.);
#1363=EDGE_CURVE('',#1025,#1111,#166,.T.);
#1364=EDGE_CURVE('',#1111,#1112,#765,.T.);
#1365=EDGE_CURVE('',#1112,#1113,#766,.T.);
#1366=EDGE_CURVE('',#1113,#1114,#767,.T.);
#1367=EDGE_CURVE('',#1114,#983,#167,.T.);
#1368=EDGE_CURVE('',#984,#1026,#768,.T.);
#1369=EDGE_CURVE('',#1115,#1116,#769,.T.);
#1370=EDGE_CURVE('',#1116,#1003,#168,.T.);
#1371=EDGE_CURVE('',#1004,#1010,#770,.T.);
#1372=EDGE_CURVE('',#1009,#1014,#771,.T.);
#1373=EDGE_CURVE('',#1013,#1018,#772,.T.);
#1374=EDGE_CURVE('',#1017,#1022,#773,.T.);
#1375=EDGE_CURVE('',#1021,#1117,#169,.T.);
#1376=EDGE_CURVE('',#1117,#1118,#774,.T.);
#1377=EDGE_CURVE('',#1118,#1115,#775,.T.);
#1378=EDGE_CURVE('',#1119,#1120,#776,.T.);
#1379=EDGE_CURVE('',#1120,#999,#170,.T.);
#1380=EDGE_CURVE('',#1000,#998,#777,.T.);
#1381=EDGE_CURVE('',#997,#1121,#171,.T.);
#1382=EDGE_CURVE('',#1121,#1122,#778,.T.);
#1383=EDGE_CURVE('',#1122,#1119,#779,.T.);
#1384=EDGE_CURVE('',#989,#1123,#172,.T.);
#1385=EDGE_CURVE('',#1123,#1124,#780,.T.);
#1386=EDGE_CURVE('',#1124,#1125,#781,.T.);
#1387=EDGE_CURVE('',#1125,#1126,#782,.T.);
#1388=EDGE_CURVE('',#1126,#991,#173,.T.);
#1389=EDGE_CURVE('',#992,#982,#783,.T.);
#1390=EDGE_CURVE('',#981,#1059,#784,.T.);
#1391=EDGE_CURVE('',#1062,#978,#785,.T.);
#1392=EDGE_CURVE('',#977,#990,#786,.T.);
#1393=EDGE_CURVE('',#971,#972,#1201,.T.);
#1394=EDGE_CURVE('',#1127,#1128,#787,.T.);
#1395=EDGE_CURVE('',#1128,#1129,#788,.T.);
#1396=EDGE_CURVE('',#1129,#1130,#789,.T.);
#1397=EDGE_CURVE('',#1130,#1127,#790,.T.);
#1398=EDGE_CURVE('',#1131,#1058,#791,.T.);
#1399=EDGE_CURVE('',#1131,#1017,#792,.T.);
#1400=EDGE_CURVE('',#1015,#1052,#793,.T.);
#1401=EDGE_CURVE('',#1132,#1057,#794,.T.);
#1402=EDGE_CURVE('',#1132,#1131,#795,.T.);
#1403=EDGE_CURVE('',#1020,#1056,#796,.T.);
#1404=EDGE_CURVE('',#1022,#1132,#797,.T.);
#1405=EDGE_CURVE('',#1133,#1050,#798,.T.);
#1406=EDGE_CURVE('',#1133,#1013,#799,.T.);
#1407=EDGE_CURVE('',#1011,#1044,#800,.T.);
#1408=EDGE_CURVE('',#1134,#1049,#801,.T.);
#1409=EDGE_CURVE('',#1134,#1133,#802,.T.);
#1410=EDGE_CURVE('',#1016,#1048,#803,.T.);
#1411=EDGE_CURVE('',#1018,#1134,#804,.T.);
#1412=EDGE_CURVE('',#1135,#1078,#805,.T.);
#1413=EDGE_CURVE('',#1135,#981,#806,.T.);
#1414=EDGE_CURVE('',#979,#1079,#807,.T.);
#1415=EDGE_CURVE('',#1136,#1077,#808,.T.);
#1416=EDGE_CURVE('',#1136,#1135,#809,.T.);
#1417=EDGE_CURVE('',#1060,#1076,#810,.T.);
#1418=EDGE_CURVE('',#1059,#1136,#811,.T.);
#1419=EDGE_CURVE('',#1137,#1086,#812,.T.);
#1420=EDGE_CURVE('',#1137,#992,#813,.T.);
#1421=EDGE_CURVE('',#994,#1087,#814,.T.);
#1422=EDGE_CURVE('',#1138,#1085,#815,.T.);
#1423=EDGE_CURVE('',#1138,#1137,#816,.T.);
#1424=EDGE_CURVE('',#980,#1084,#817,.T.);
#1425=EDGE_CURVE('',#982,#1138,#818,.T.);
#1426=EDGE_CURVE('',#1139,#1110,#819,.T.);
#1427=EDGE_CURVE('',#1139,#977,#820,.T.);
#1428=EDGE_CURVE('',#975,#1064,#821,.T.);
#1429=EDGE_CURVE('',#1140,#1109,#822,.T.);
#1430=EDGE_CURVE('',#1140,#1139,#823,.T.);
#1431=EDGE_CURVE('',#988,#1108,#824,.T.);
#1432=EDGE_CURVE('',#990,#1140,#825,.T.);
#1433=EDGE_CURVE('',#1141,#1070,#826,.T.);
#1434=EDGE_CURVE('',#1141,#1062,#827,.T.);
#1435=EDGE_CURVE('',#1061,#1071,#828,.T.);
#1436=EDGE_CURVE('',#1142,#1069,#829,.T.);
#1437=EDGE_CURVE('',#1142,#1141,#830,.T.);
#1438=EDGE_CURVE('',#976,#1068,#831,.T.);
#1439=EDGE_CURVE('',#978,#1142,#832,.T.);
#1440=EDGE_CURVE('',#1143,#1042,#833,.T.);
#1441=EDGE_CURVE('',#1143,#1009,#834,.T.);
#1442=EDGE_CURVE('',#1007,#1036,#835,.T.);
#1443=EDGE_CURVE('',#1144,#1041,#836,.T.);
#1444=EDGE_CURVE('',#1144,#1143,#837,.T.);
#1445=EDGE_CURVE('',#1012,#1040,#838,.T.);
#1446=EDGE_CURVE('',#1014,#1144,#839,.T.);
#1447=EDGE_CURVE('',#1145,#1034,#840,.T.);
#1448=EDGE_CURVE('',#1145,#1004,#841,.T.);
#1449=EDGE_CURVE('',#1006,#1028,#842,.T.);
#1450=EDGE_CURVE('',#1146,#1033,#843,.T.);
#1451=EDGE_CURVE('',#1146,#1145,#844,.T.);
#1452=EDGE_CURVE('',#1008,#1032,#845,.T.);
#1453=EDGE_CURVE('',#1010,#1146,#846,.T.);
#1454=EDGE_CURVE('',#1147,#1099,#847,.T.);
#1455=EDGE_CURVE('',#1024,#1147,#848,.T.);
#1456=EDGE_CURVE('',#1026,#1148,#849,.T.);
#1457=EDGE_CURVE('',#1148,#1100,#850,.T.);
#1458=EDGE_CURVE('',#1149,#1101,#851,.T.);
#1459=EDGE_CURVE('',#1149,#984,#852,.T.);
#1460=EDGE_CURVE('',#1150,#986,#853,.T.);
#1461=EDGE_CURVE('',#1150,#1102,#854,.T.);
#1462=EDGE_CURVE('',#1148,#1149,#855,.T.);
#1463=EDGE_CURVE('',#1151,#1095,#856,.T.);
#1464=EDGE_CURVE('',#1151,#1000,#857,.T.);
#1465=EDGE_CURVE('',#1152,#1002,#858,.T.);
#1466=EDGE_CURVE('',#1152,#1096,#859,.T.);
#1467=EDGE_CURVE('',#1153,#1094,#860,.T.);
#1468=EDGE_CURVE('',#1153,#1151,#861,.T.);
#1469=EDGE_CURVE('',#1154,#1093,#862,.T.);
#1470=EDGE_CURVE('',#996,#1154,#863,.T.);
#1471=EDGE_CURVE('',#998,#1153,#864,.T.);
#1472=EDGE_CURVE('',#1155,#1097,#865,.T.);
#1473=EDGE_CURVE('',#1156,#1155,#866,.T.);
#1474=EDGE_CURVE('',#1156,#1098,#867,.T.);
#1475=EDGE_CURVE('',#1147,#1156,#868,.T.);
#1476=EDGE_CURVE('',#1157,#1006,#869,.T.);
#1477=EDGE_CURVE('',#1157,#1027,#870,.T.);
#1478=EDGE_CURVE('',#1158,#1157,#871,.T.);
#1479=EDGE_CURVE('',#1158,#1029,#872,.T.);
#1480=EDGE_CURVE('',#1159,#1158,#873,.T.);
#1481=EDGE_CURVE('',#1159,#1030,#874,.T.);
#1482=EDGE_CURVE('',#1160,#1159,#875,.T.);
#1483=EDGE_CURVE('',#1160,#1031,#876,.T.);
#1484=EDGE_CURVE('',#1008,#1160,#877,.T.);
#1485=EDGE_CURVE('',#1161,#1007,#878,.T.);
#1486=EDGE_CURVE('',#1161,#1035,#879,.T.);
#1487=EDGE_CURVE('',#1162,#1161,#880,.T.);
#1488=EDGE_CURVE('',#1162,#1037,#881,.T.);
#1489=EDGE_CURVE('',#1163,#1162,#882,.T.);
#1490=EDGE_CURVE('',#1163,#1038,#883,.T.);
#1491=EDGE_CURVE('',#1164,#1163,#884,.T.);
#1492=EDGE_CURVE('',#1164,#1039,#885,.T.);
#1493=EDGE_CURVE('',#1012,#1164,#886,.T.);
#1494=EDGE_CURVE('',#1165,#1011,#887,.T.);
#1495=EDGE_CURVE('',#1165,#1043,#888,.T.);
#1496=EDGE_CURVE('',#1166,#1165,#889,.T.);
#1497=EDGE_CURVE('',#1166,#1045,#890,.T.);
#1498=EDGE_CURVE('',#1167,#1166,#891,.T.);
#1499=EDGE_CURVE('',#1167,#1046,#892,.T.);
#1500=EDGE_CURVE('',#1168,#1167,#893,.T.);
#1501=EDGE_CURVE('',#1168,#1047,#894,.T.);
#1502=EDGE_CURVE('',#1016,#1168,#895,.T.);
#1503=EDGE_CURVE('',#1169,#1015,#896,.T.);
#1504=EDGE_CURVE('',#1169,#1051,#897,.T.);
#1505=EDGE_CURVE('',#1170,#1169,#898,.T.);
#1506=EDGE_CURVE('',#1170,#1053,#899,.T.);
#1507=EDGE_CURVE('',#1171,#1170,#900,.T.);
#1508=EDGE_CURVE('',#1171,#1054,#901,.T.);
#1509=EDGE_CURVE('',#1172,#1171,#902,.T.);
#1510=EDGE_CURVE('',#1172,#1055,#903,.T.);
#1511=EDGE_CURVE('',#1020,#1172,#904,.T.);
#1512=EDGE_CURVE('',#1155,#1152,#905,.T.);
#1513=EDGE_CURVE('',#1005,#1023,#1202,.T.);
#1514=EDGE_CURVE('',#1001,#1019,#1203,.T.);
#1515=EDGE_CURVE('',#1173,#1091,#906,.T.);
#1516=EDGE_CURVE('',#1174,#1173,#907,.T.);
#1517=EDGE_CURVE('',#1174,#1092,#908,.T.);
#1518=EDGE_CURVE('',#1154,#1174,#909,.T.);
#1519=EDGE_CURVE('',#1175,#994,#910,.T.);
#1520=EDGE_CURVE('',#1175,#1088,#911,.T.);
#1521=EDGE_CURVE('',#1176,#1175,#912,.T.);
#1522=EDGE_CURVE('',#1176,#1089,#913,.T.);
#1523=EDGE_CURVE('',#1177,#1176,#914,.T.);
#1524=EDGE_CURVE('',#1177,#1090,#915,.T.);
#1525=EDGE_CURVE('',#1173,#1177,#916,.T.);
#1526=EDGE_CURVE('',#993,#995,#1204,.T.);
#1527=EDGE_CURVE('',#1178,#1150,#917,.T.);
#1528=EDGE_CURVE('',#1178,#1103,#918,.T.);
#1529=EDGE_CURVE('',#1179,#1178,#919,.T.);
#1530=EDGE_CURVE('',#1179,#1104,#920,.T.);
#1531=EDGE_CURVE('',#1180,#1179,#921,.T.);
#1532=EDGE_CURVE('',#1180,#1105,#922,.T.);
#1533=EDGE_CURVE('',#1181,#1180,#923,.T.);
#1534=EDGE_CURVE('',#1181,#1106,#924,.T.);
#1535=EDGE_CURVE('',#1182,#1181,#925,.T.);
#1536=EDGE_CURVE('',#1182,#1107,#926,.T.);
#1537=EDGE_CURVE('',#988,#1182,#927,.T.);
#1538=EDGE_CURVE('',#985,#987,#1205,.T.);
#1539=EDGE_CURVE('',#1183,#1082,#928,.T.);
#1540=EDGE_CURVE('',#1184,#1183,#929,.T.);
#1541=EDGE_CURVE('',#1184,#1083,#930,.T.);
#1542=EDGE_CURVE('',#980,#1184,#931,.T.);
#1543=EDGE_CURVE('',#1185,#979,#932,.T.);
#1544=EDGE_CURVE('',#1185,#1080,#933,.T.);
#1545=EDGE_CURVE('',#1186,#1185,#934,.T.);
#1546=EDGE_CURVE('',#1186,#1081,#935,.T.);
#1547=EDGE_CURVE('',#1183,#1186,#936,.T.);
#1548=EDGE_CURVE('',#1187,#1072,#937,.T.);
#1549=EDGE_CURVE('',#1188,#1187,#938,.T.);
#1550=EDGE_CURVE('',#1188,#1073,#939,.T.);
#1551=EDGE_CURVE('',#1189,#1188,#940,.T.);
#1552=EDGE_CURVE('',#1189,#1074,#941,.T.);
#1553=EDGE_CURVE('',#1190,#1189,#942,.T.);
#1554=EDGE_CURVE('',#1190,#1075,#943,.T.);
#1555=EDGE_CURVE('',#1060,#1190,#944,.T.);
#1556=EDGE_CURVE('',#1187,#1061,#945,.T.);
#1557=EDGE_CURVE('',#1191,#975,#946,.T.);
#1558=EDGE_CURVE('',#1191,#1063,#947,.T.);
#1559=EDGE_CURVE('',#1192,#1191,#948,.T.);
#1560=EDGE_CURVE('',#1192,#1065,#949,.T.);
#1561=EDGE_CURVE('',#1193,#1192,#950,.T.);
#1562=EDGE_CURVE('',#1193,#1066,#951,.T.);
#1563=EDGE_CURVE('',#1194,#1193,#952,.T.);
#1564=EDGE_CURVE('',#1194,#1067,#953,.T.);
#1565=EDGE_CURVE('',#976,#1194,#954,.T.);
#1566=EDGE_CURVE('',#974,#973,#1206,.T.);
#1567=EDGE_CURVE('',#1121,#1126,#174,.T.);
#1568=EDGE_CURVE('',#1122,#1125,#1207,.T.);
#1569=EDGE_CURVE('',#1123,#1114,#175,.T.);
#1570=EDGE_CURVE('',#1122,#1127,#1208,.T.);
#1571=EDGE_CURVE('',#1127,#1125,#1209,.T.);
#1572=EDGE_CURVE('',#1117,#1120,#176,.T.);
#1573=EDGE_CURVE('',#1124,#1113,#1210,.T.);
#1574=EDGE_CURVE('',#1128,#1124,#1211,.T.);
#1575=EDGE_CURVE('',#1119,#1130,#1212,.T.);
#1576=EDGE_CURVE('',#1118,#1119,#1213,.T.);
#1577=EDGE_CURVE('',#1128,#1113,#1214,.T.);
#1578=EDGE_CURVE('',#1118,#1130,#1215,.T.);
#1579=EDGE_CURVE('',#1129,#1112,#1216,.T.);
#1580=EDGE_CURVE('',#1115,#1129,#1217,.T.);
#1581=EDGE_CURVE('',#1115,#1112,#1218,.T.);
#1582=EDGE_CURVE('',#1111,#1116,#177,.T.);
#1583=ORIENTED_EDGE('',*,*,#1219,.F.);
#1584=ORIENTED_EDGE('',*,*,#1220,.T.);
#1585=ORIENTED_EDGE('',*,*,#1221,.F.);
#1586=ORIENTED_EDGE('',*,*,#1222,.F.);
#1587=ORIENTED_EDGE('',*,*,#1223,.F.);
#1588=ORIENTED_EDGE('',*,*,#1224,.T.);
#1589=ORIENTED_EDGE('',*,*,#1225,.T.);
#1590=ORIENTED_EDGE('',*,*,#1226,.F.);
#1591=ORIENTED_EDGE('',*,*,#1227,.F.);
#1592=ORIENTED_EDGE('',*,*,#1228,.F.);
#1593=ORIENTED_EDGE('',*,*,#1229,.F.);
#1594=ORIENTED_EDGE('',*,*,#1230,.T.);
#1595=ORIENTED_EDGE('',*,*,#1231,.F.);
#1596=ORIENTED_EDGE('',*,*,#1232,.F.);
#1597=ORIENTED_EDGE('',*,*,#1233,.F.);
#1598=ORIENTED_EDGE('',*,*,#1234,.T.);
#1599=ORIENTED_EDGE('',*,*,#1235,.F.);
#1600=ORIENTED_EDGE('',*,*,#1236,.T.);
#1601=ORIENTED_EDGE('',*,*,#1237,.F.);
#1602=ORIENTED_EDGE('',*,*,#1238,.F.);
#1603=ORIENTED_EDGE('',*,*,#1239,.F.);
#1604=ORIENTED_EDGE('',*,*,#1240,.T.);
#1605=ORIENTED_EDGE('',*,*,#1241,.F.);
#1606=ORIENTED_EDGE('',*,*,#1242,.T.);
#1607=ORIENTED_EDGE('',*,*,#1243,.F.);
#1608=ORIENTED_EDGE('',*,*,#1244,.T.);
#1609=ORIENTED_EDGE('',*,*,#1245,.F.);
#1610=ORIENTED_EDGE('',*,*,#1246,.F.);
#1611=ORIENTED_EDGE('',*,*,#1247,.F.);
#1612=ORIENTED_EDGE('',*,*,#1248,.T.);
#1613=ORIENTED_EDGE('',*,*,#1249,.F.);
#1614=ORIENTED_EDGE('',*,*,#1250,.T.);
#1615=ORIENTED_EDGE('',*,*,#1251,.F.);
#1616=ORIENTED_EDGE('',*,*,#1252,.T.);
#1617=ORIENTED_EDGE('',*,*,#1253,.F.);
#1618=ORIENTED_EDGE('',*,*,#1254,.F.);
#1619=ORIENTED_EDGE('',*,*,#1255,.F.);
#1620=ORIENTED_EDGE('',*,*,#1256,.T.);
#1621=ORIENTED_EDGE('',*,*,#1257,.F.);
#1622=ORIENTED_EDGE('',*,*,#1258,.F.);
#1623=ORIENTED_EDGE('',*,*,#1259,.F.);
#1624=ORIENTED_EDGE('',*,*,#1260,.F.);
#1625=ORIENTED_EDGE('',*,*,#1261,.F.);
#1626=ORIENTED_EDGE('',*,*,#1262,.T.);
#1627=ORIENTED_EDGE('',*,*,#1263,.F.);
#1628=ORIENTED_EDGE('',*,*,#1264,.F.);
#1629=ORIENTED_EDGE('',*,*,#1265,.F.);
#1630=ORIENTED_EDGE('',*,*,#1266,.T.);
#1631=ORIENTED_EDGE('',*,*,#1267,.F.);
#1632=ORIENTED_EDGE('',*,*,#1268,.F.);
#1633=ORIENTED_EDGE('',*,*,#1269,.F.);
#1634=ORIENTED_EDGE('',*,*,#1270,.T.);
#1635=ORIENTED_EDGE('',*,*,#1271,.F.);
#1636=ORIENTED_EDGE('',*,*,#1272,.T.);
#1637=ORIENTED_EDGE('',*,*,#1273,.F.);
#1638=ORIENTED_EDGE('',*,*,#1274,.T.);
#1639=ORIENTED_EDGE('',*,*,#1275,.F.);
#1640=ORIENTED_EDGE('',*,*,#1276,.T.);
#1641=ORIENTED_EDGE('',*,*,#1277,.F.);
#1642=ORIENTED_EDGE('',*,*,#1278,.T.);
#1643=ORIENTED_EDGE('',*,*,#1279,.F.);
#1644=ORIENTED_EDGE('',*,*,#1280,.F.);
#1645=ORIENTED_EDGE('',*,*,#1281,.F.);
#1646=ORIENTED_EDGE('',*,*,#1282,.F.);
#1647=ORIENTED_EDGE('',*,*,#1283,.F.);
#1648=ORIENTED_EDGE('',*,*,#1284,.T.);
#1649=ORIENTED_EDGE('',*,*,#1285,.T.);
#1650=ORIENTED_EDGE('',*,*,#1286,.T.);
#1651=ORIENTED_EDGE('',*,*,#1287,.F.);
#1652=ORIENTED_EDGE('',*,*,#1288,.F.);
#1653=ORIENTED_EDGE('',*,*,#1289,.F.);
#1654=ORIENTED_EDGE('',*,*,#1290,.F.);
#1655=ORIENTED_EDGE('',*,*,#1291,.F.);
#1656=ORIENTED_EDGE('',*,*,#1292,.T.);
#1657=ORIENTED_EDGE('',*,*,#1293,.T.);
#1658=ORIENTED_EDGE('',*,*,#1294,.T.);
#1659=ORIENTED_EDGE('',*,*,#1295,.F.);
#1660=ORIENTED_EDGE('',*,*,#1296,.F.);
#1661=ORIENTED_EDGE('',*,*,#1297,.F.);
#1662=ORIENTED_EDGE('',*,*,#1298,.F.);
#1663=ORIENTED_EDGE('',*,*,#1299,.F.);
#1664=ORIENTED_EDGE('',*,*,#1300,.T.);
#1665=ORIENTED_EDGE('',*,*,#1301,.T.);
#1666=ORIENTED_EDGE('',*,*,#1302,.T.);
#1667=ORIENTED_EDGE('',*,*,#1303,.F.);
#1668=ORIENTED_EDGE('',*,*,#1304,.F.);
#1669=ORIENTED_EDGE('',*,*,#1305,.F.);
#1670=ORIENTED_EDGE('',*,*,#1306,.F.);
#1671=ORIENTED_EDGE('',*,*,#1307,.F.);
#1672=ORIENTED_EDGE('',*,*,#1308,.T.);
#1673=ORIENTED_EDGE('',*,*,#1309,.T.);
#1674=ORIENTED_EDGE('',*,*,#1310,.T.);
#1675=ORIENTED_EDGE('',*,*,#1311,.T.);
#1676=ORIENTED_EDGE('',*,*,#1312,.F.);
#1677=ORIENTED_EDGE('',*,*,#1313,.F.);
#1678=ORIENTED_EDGE('',*,*,#1314,.F.);
#1679=ORIENTED_EDGE('',*,*,#1315,.F.);
#1680=ORIENTED_EDGE('',*,*,#1316,.F.);
#1681=ORIENTED_EDGE('',*,*,#1317,.F.);
#1682=ORIENTED_EDGE('',*,*,#1318,.F.);
#1683=ORIENTED_EDGE('',*,*,#1319,.F.);
#1684=ORIENTED_EDGE('',*,*,#1320,.T.);
#1685=ORIENTED_EDGE('',*,*,#1321,.T.);
#1686=ORIENTED_EDGE('',*,*,#1322,.T.);
#1687=ORIENTED_EDGE('',*,*,#1323,.F.);
#1688=ORIENTED_EDGE('',*,*,#1324,.F.);
#1689=ORIENTED_EDGE('',*,*,#1325,.F.);
#1690=ORIENTED_EDGE('',*,*,#1326,.F.);
#1691=ORIENTED_EDGE('',*,*,#1327,.F.);
#1692=ORIENTED_EDGE('',*,*,#1328,.T.);
#1693=ORIENTED_EDGE('',*,*,#1329,.T.);
#1694=ORIENTED_EDGE('',*,*,#1330,.T.);
#1695=ORIENTED_EDGE('',*,*,#1331,.F.);
#1696=ORIENTED_EDGE('',*,*,#1332,.F.);
#1697=ORIENTED_EDGE('',*,*,#1333,.F.);
#1698=ORIENTED_EDGE('',*,*,#1334,.F.);
#1699=ORIENTED_EDGE('',*,*,#1335,.F.);
#1700=ORIENTED_EDGE('',*,*,#1336,.T.);
#1701=ORIENTED_EDGE('',*,*,#1337,.T.);
#1702=ORIENTED_EDGE('',*,*,#1338,.T.);
#1703=ORIENTED_EDGE('',*,*,#1339,.F.);
#1704=ORIENTED_EDGE('',*,*,#1340,.F.);
#1705=ORIENTED_EDGE('',*,*,#1341,.F.);
#1706=ORIENTED_EDGE('',*,*,#1342,.F.);
#1707=ORIENTED_EDGE('',*,*,#1343,.F.);
#1708=ORIENTED_EDGE('',*,*,#1344,.F.);
#1709=ORIENTED_EDGE('',*,*,#1345,.T.);
#1710=ORIENTED_EDGE('',*,*,#1346,.T.);
#1711=ORIENTED_EDGE('',*,*,#1347,.T.);
#1712=ORIENTED_EDGE('',*,*,#1348,.F.);
#1713=ORIENTED_EDGE('',*,*,#1349,.F.);
#1714=ORIENTED_EDGE('',*,*,#1350,.F.);
#1715=ORIENTED_EDGE('',*,*,#1351,.T.);
#1716=ORIENTED_EDGE('',*,*,#1352,.T.);
#1717=ORIENTED_EDGE('',*,*,#1353,.T.);
#1718=ORIENTED_EDGE('',*,*,#1354,.F.);
#1719=ORIENTED_EDGE('',*,*,#1355,.F.);
#1720=ORIENTED_EDGE('',*,*,#1356,.F.);
#1721=ORIENTED_EDGE('',*,*,#1357,.F.);
#1722=ORIENTED_EDGE('',*,*,#1358,.F.);
#1723=ORIENTED_EDGE('',*,*,#1359,.F.);
#1724=ORIENTED_EDGE('',*,*,#1360,.T.);
#1725=ORIENTED_EDGE('',*,*,#1361,.T.);
#1726=ORIENTED_EDGE('',*,*,#1362,.T.);
#1727=ORIENTED_EDGE('',*,*,#1277,.T.);
#1728=ORIENTED_EDGE('',*,*,#1363,.T.);
#1729=ORIENTED_EDGE('',*,*,#1364,.T.);
#1730=ORIENTED_EDGE('',*,*,#1365,.T.);
#1731=ORIENTED_EDGE('',*,*,#1366,.T.);
#1732=ORIENTED_EDGE('',*,*,#1367,.T.);
#1733=ORIENTED_EDGE('',*,*,#1235,.T.);
#1734=ORIENTED_EDGE('',*,*,#1368,.T.);
#1735=ORIENTED_EDGE('',*,*,#1369,.T.);
#1736=ORIENTED_EDGE('',*,*,#1370,.T.);
#1737=ORIENTED_EDGE('',*,*,#1255,.T.);
#1738=ORIENTED_EDGE('',*,*,#1371,.T.);
#1739=ORIENTED_EDGE('',*,*,#1261,.T.);
#1740=ORIENTED_EDGE('',*,*,#1372,.T.);
#1741=ORIENTED_EDGE('',*,*,#1265,.T.);
#1742=ORIENTED_EDGE('',*,*,#1373,.T.);
#1743=ORIENTED_EDGE('',*,*,#1269,.T.);
#1744=ORIENTED_EDGE('',*,*,#1374,.T.);
#1745=ORIENTED_EDGE('',*,*,#1273,.T.);
#1746=ORIENTED_EDGE('',*,*,#1375,.T.);
#1747=ORIENTED_EDGE('',*,*,#1376,.T.);
#1748=ORIENTED_EDGE('',*,*,#1377,.T.);
#1749=ORIENTED_EDGE('',*,*,#1378,.T.);
#1750=ORIENTED_EDGE('',*,*,#1379,.T.);
#1751=ORIENTED_EDGE('',*,*,#1251,.T.);
#1752=ORIENTED_EDGE('',*,*,#1380,.T.);
#1753=ORIENTED_EDGE('',*,*,#1249,.T.);
#1754=ORIENTED_EDGE('',*,*,#1381,.T.);
#1755=ORIENTED_EDGE('',*,*,#1382,.T.);
#1756=ORIENTED_EDGE('',*,*,#1383,.T.);
#1757=ORIENTED_EDGE('',*,*,#1241,.T.);
#1758=ORIENTED_EDGE('',*,*,#1384,.T.);
#1759=ORIENTED_EDGE('',*,*,#1385,.T.);
#1760=ORIENTED_EDGE('',*,*,#1386,.T.);
#1761=ORIENTED_EDGE('',*,*,#1387,.T.);
#1762=ORIENTED_EDGE('',*,*,#1388,.T.);
#1763=ORIENTED_EDGE('',*,*,#1243,.T.);
#1764=ORIENTED_EDGE('',*,*,#1389,.T.);
#1765=ORIENTED_EDGE('',*,*,#1233,.T.);
#1766=ORIENTED_EDGE('',*,*,#1390,.T.);
#1767=ORIENTED_EDGE('',*,*,#1314,.T.);
#1768=ORIENTED_EDGE('',*,*,#1391,.T.);
#1769=ORIENTED_EDGE('',*,*,#1229,.T.);
#1770=ORIENTED_EDGE('',*,*,#1392,.T.);
#1771=ORIENTED_EDGE('',*,*,#1221,.T.);
#1772=ORIENTED_EDGE('',*,*,#1393,.T.);
#1773=ORIENTED_EDGE('',*,*,#1394,.T.);
#1774=ORIENTED_EDGE('',*,*,#1395,.T.);
#1775=ORIENTED_EDGE('',*,*,#1396,.T.);
#1776=ORIENTED_EDGE('',*,*,#1397,.T.);
#1777=ORIENTED_EDGE('',*,*,#1310,.F.);
#1778=ORIENTED_EDGE('',*,*,#1398,.F.);
#1779=ORIENTED_EDGE('',*,*,#1399,.T.);
#1780=ORIENTED_EDGE('',*,*,#1268,.T.);
#1781=ORIENTED_EDGE('',*,*,#1400,.T.);
#1782=ORIENTED_EDGE('',*,*,#1309,.F.);
#1783=ORIENTED_EDGE('',*,*,#1401,.F.);
#1784=ORIENTED_EDGE('',*,*,#1402,.T.);
#1785=ORIENTED_EDGE('',*,*,#1398,.T.);
#1786=ORIENTED_EDGE('',*,*,#1308,.F.);
#1787=ORIENTED_EDGE('',*,*,#1403,.F.);
#1788=ORIENTED_EDGE('',*,*,#1274,.F.);
#1789=ORIENTED_EDGE('',*,*,#1404,.T.);
#1790=ORIENTED_EDGE('',*,*,#1401,.T.);
#1791=ORIENTED_EDGE('',*,*,#1374,.F.);
#1792=ORIENTED_EDGE('',*,*,#1399,.F.);
#1793=ORIENTED_EDGE('',*,*,#1402,.F.);
#1794=ORIENTED_EDGE('',*,*,#1404,.F.);
#1795=ORIENTED_EDGE('',*,*,#1302,.F.);
#1796=ORIENTED_EDGE('',*,*,#1405,.F.);
#1797=ORIENTED_EDGE('',*,*,#1406,.T.);
#1798=ORIENTED_EDGE('',*,*,#1264,.T.);
#1799=ORIENTED_EDGE('',*,*,#1407,.T.);
#1800=ORIENTED_EDGE('',*,*,#1301,.F.);
#1801=ORIENTED_EDGE('',*,*,#1408,.F.);
#1802=ORIENTED_EDGE('',*,*,#1409,.T.);
#1803=ORIENTED_EDGE('',*,*,#1405,.T.);
#1804=ORIENTED_EDGE('',*,*,#1300,.F.);
#1805=ORIENTED_EDGE('',*,*,#1410,.F.);
#1806=ORIENTED_EDGE('',*,*,#1270,.F.);
#1807=ORIENTED_EDGE('',*,*,#1411,.T.);
#1808=ORIENTED_EDGE('',*,*,#1408,.T.);
#1809=ORIENTED_EDGE('',*,*,#1373,.F.);
#1810=ORIENTED_EDGE('',*,*,#1406,.F.);
#1811=ORIENTED_EDGE('',*,*,#1409,.F.);
#1812=ORIENTED_EDGE('',*,*,#1411,.F.);
#1813=ORIENTED_EDGE('',*,*,#1330,.F.);
#1814=ORIENTED_EDGE('',*,*,#1412,.F.);
#1815=ORIENTED_EDGE('',*,*,#1413,.T.);
#1816=ORIENTED_EDGE('',*,*,#1232,.T.);
#1817=ORIENTED_EDGE('',*,*,#1414,.T.);
#1818=ORIENTED_EDGE('',*,*,#1329,.F.);
#1819=ORIENTED_EDGE('',*,*,#1415,.F.);
#1820=ORIENTED_EDGE('',*,*,#1416,.T.);
#1821=ORIENTED_EDGE('',*,*,#1412,.T.);
#1822=ORIENTED_EDGE('',*,*,#1328,.F.);
#1823=ORIENTED_EDGE('',*,*,#1417,.F.);
#1824=ORIENTED_EDGE('',*,*,#1311,.F.);
#1825=ORIENTED_EDGE('',*,*,#1418,.T.);
#1826=ORIENTED_EDGE('',*,*,#1415,.T.);
#1827=ORIENTED_EDGE('',*,*,#1413,.F.);
#1828=ORIENTED_EDGE('',*,*,#1416,.F.);
#1829=ORIENTED_EDGE('',*,*,#1418,.F.);
#1830=ORIENTED_EDGE('',*,*,#1390,.F.);
#1831=ORIENTED_EDGE('',*,*,#1338,.F.);
#1832=ORIENTED_EDGE('',*,*,#1419,.F.);
#1833=ORIENTED_EDGE('',*,*,#1420,.T.);
#1834=ORIENTED_EDGE('',*,*,#1246,.T.);
#1835=ORIENTED_EDGE('',*,*,#1421,.T.);
#1836=ORIENTED_EDGE('',*,*,#1337,.F.);
#1837=ORIENTED_EDGE('',*,*,#1422,.F.);
#1838=ORIENTED_EDGE('',*,*,#1423,.T.);
#1839=ORIENTED_EDGE('',*,*,#1419,.T.);
#1840=ORIENTED_EDGE('',*,*,#1336,.F.);
#1841=ORIENTED_EDGE('',*,*,#1424,.F.);
#1842=ORIENTED_EDGE('',*,*,#1234,.F.);
#1843=ORIENTED_EDGE('',*,*,#1425,.T.);
#1844=ORIENTED_EDGE('',*,*,#1422,.T.);
#1845=ORIENTED_EDGE('',*,*,#1420,.F.);
#1846=ORIENTED_EDGE('',*,*,#1423,.F.);
#1847=ORIENTED_EDGE('',*,*,#1425,.F.);
#1848=ORIENTED_EDGE('',*,*,#1389,.F.);
#1849=ORIENTED_EDGE('',*,*,#1362,.F.);
#1850=ORIENTED_EDGE('',*,*,#1426,.F.);
#1851=ORIENTED_EDGE('',*,*,#1427,.T.);
#1852=ORIENTED_EDGE('',*,*,#1228,.T.);
#1853=ORIENTED_EDGE('',*,*,#1428,.T.);
#1854=ORIENTED_EDGE('',*,*,#1361,.F.);
#1855=ORIENTED_EDGE('',*,*,#1429,.F.);
#1856=ORIENTED_EDGE('',*,*,#1430,.T.);
#1857=ORIENTED_EDGE('',*,*,#1426,.T.);
#1858=ORIENTED_EDGE('',*,*,#1360,.F.);
#1859=ORIENTED_EDGE('',*,*,#1431,.F.);
#1860=ORIENTED_EDGE('',*,*,#1242,.F.);
#1861=ORIENTED_EDGE('',*,*,#1432,.T.);
#1862=ORIENTED_EDGE('',*,*,#1429,.T.);
#1863=ORIENTED_EDGE('',*,*,#1392,.F.);
#1864=ORIENTED_EDGE('',*,*,#1427,.F.);
#1865=ORIENTED_EDGE('',*,*,#1430,.F.);
#1866=ORIENTED_EDGE('',*,*,#1432,.F.);
#1867=ORIENTED_EDGE('',*,*,#1322,.F.);
#1868=ORIENTED_EDGE('',*,*,#1433,.F.);
#1869=ORIENTED_EDGE('',*,*,#1434,.T.);
#1870=ORIENTED_EDGE('',*,*,#1313,.T.);
#1871=ORIENTED_EDGE('',*,*,#1435,.T.);
#1872=ORIENTED_EDGE('',*,*,#1321,.F.);
#1873=ORIENTED_EDGE('',*,*,#1436,.F.);
#1874=ORIENTED_EDGE('',*,*,#1437,.T.);
#1875=ORIENTED_EDGE('',*,*,#1433,.T.);
#1876=ORIENTED_EDGE('',*,*,#1320,.F.);
#1877=ORIENTED_EDGE('',*,*,#1438,.F.);
#1878=ORIENTED_EDGE('',*,*,#1230,.F.);
#1879=ORIENTED_EDGE('',*,*,#1439,.T.);
#1880=ORIENTED_EDGE('',*,*,#1436,.T.);
#1881=ORIENTED_EDGE('',*,*,#1391,.F.);
#1882=ORIENTED_EDGE('',*,*,#1434,.F.);
#1883=ORIENTED_EDGE('',*,*,#1437,.F.);
#1884=ORIENTED_EDGE('',*,*,#1439,.F.);
#1885=ORIENTED_EDGE('',*,*,#1294,.F.);
#1886=ORIENTED_EDGE('',*,*,#1440,.F.);
#1887=ORIENTED_EDGE('',*,*,#1441,.T.);
#1888=ORIENTED_EDGE('',*,*,#1260,.T.);
#1889=ORIENTED_EDGE('',*,*,#1442,.T.);
#1890=ORIENTED_EDGE('',*,*,#1293,.F.);
#1891=ORIENTED_EDGE('',*,*,#1443,.F.);
#1892=ORIENTED_EDGE('',*,*,#1444,.T.);
#1893=ORIENTED_EDGE('',*,*,#1440,.T.);
#1894=ORIENTED_EDGE('',*,*,#1292,.F.);
#1895=ORIENTED_EDGE('',*,*,#1445,.F.);
#1896=ORIENTED_EDGE('',*,*,#1266,.F.);
#1897=ORIENTED_EDGE('',*,*,#1446,.T.);
#1898=ORIENTED_EDGE('',*,*,#1443,.T.);
#1899=ORIENTED_EDGE('',*,*,#1441,.F.);
#1900=ORIENTED_EDGE('',*,*,#1444,.F.);
#1901=ORIENTED_EDGE('',*,*,#1446,.F.);
#1902=ORIENTED_EDGE('',*,*,#1372,.F.);
#1903=ORIENTED_EDGE('',*,*,#1286,.F.);
#1904=ORIENTED_EDGE('',*,*,#1447,.F.);
#1905=ORIENTED_EDGE('',*,*,#1448,.T.);
#1906=ORIENTED_EDGE('',*,*,#1258,.T.);
#1907=ORIENTED_EDGE('',*,*,#1449,.T.);
#1908=ORIENTED_EDGE('',*,*,#1285,.F.);
#1909=ORIENTED_EDGE('',*,*,#1450,.F.);
#1910=ORIENTED_EDGE('',*,*,#1451,.T.);
#1911=ORIENTED_EDGE('',*,*,#1447,.T.);
#1912=ORIENTED_EDGE('',*,*,#1284,.F.);
#1913=ORIENTED_EDGE('',*,*,#1452,.F.);
#1914=ORIENTED_EDGE('',*,*,#1262,.F.);
#1915=ORIENTED_EDGE('',*,*,#1453,.T.);
#1916=ORIENTED_EDGE('',*,*,#1450,.T.);
#1917=ORIENTED_EDGE('',*,*,#1448,.F.);
#1918=ORIENTED_EDGE('',*,*,#1451,.F.);
#1919=ORIENTED_EDGE('',*,*,#1453,.F.);
#1920=ORIENTED_EDGE('',*,*,#1371,.F.);
#1921=ORIENTED_EDGE('',*,*,#1351,.F.);
#1922=ORIENTED_EDGE('',*,*,#1454,.F.);
#1923=ORIENTED_EDGE('',*,*,#1455,.F.);
#1924=ORIENTED_EDGE('',*,*,#1278,.F.);
#1925=ORIENTED_EDGE('',*,*,#1456,.T.);
#1926=ORIENTED_EDGE('',*,*,#1457,.T.);
#1927=ORIENTED_EDGE('',*,*,#1353,.F.);
#1928=ORIENTED_EDGE('',*,*,#1458,.F.);
#1929=ORIENTED_EDGE('',*,*,#1459,.T.);
#1930=ORIENTED_EDGE('',*,*,#1238,.T.);
#1931=ORIENTED_EDGE('',*,*,#1460,.F.);
#1932=ORIENTED_EDGE('',*,*,#1461,.T.);
#1933=ORIENTED_EDGE('',*,*,#1352,.F.);
#1934=ORIENTED_EDGE('',*,*,#1457,.F.);
#1935=ORIENTED_EDGE('',*,*,#1462,.T.);
#1936=ORIENTED_EDGE('',*,*,#1458,.T.);
#1937=ORIENTED_EDGE('',*,*,#1456,.F.);
#1938=ORIENTED_EDGE('',*,*,#1368,.F.);
#1939=ORIENTED_EDGE('',*,*,#1459,.F.);
#1940=ORIENTED_EDGE('',*,*,#1462,.F.);
#1941=ORIENTED_EDGE('',*,*,#1347,.F.);
#1942=ORIENTED_EDGE('',*,*,#1463,.F.);
#1943=ORIENTED_EDGE('',*,*,#1464,.T.);
#1944=ORIENTED_EDGE('',*,*,#1254,.T.);
#1945=ORIENTED_EDGE('',*,*,#1465,.F.);
#1946=ORIENTED_EDGE('',*,*,#1466,.T.);
#1947=ORIENTED_EDGE('',*,*,#1346,.F.);
#1948=ORIENTED_EDGE('',*,*,#1467,.F.);
#1949=ORIENTED_EDGE('',*,*,#1468,.T.);
#1950=ORIENTED_EDGE('',*,*,#1463,.T.);
#1951=ORIENTED_EDGE('',*,*,#1345,.F.);
#1952=ORIENTED_EDGE('',*,*,#1469,.F.);
#1953=ORIENTED_EDGE('',*,*,#1470,.F.);
#1954=ORIENTED_EDGE('',*,*,#1250,.F.);
#1955=ORIENTED_EDGE('',*,*,#1471,.T.);
#1956=ORIENTED_EDGE('',*,*,#1467,.T.);
#1957=ORIENTED_EDGE('',*,*,#1464,.F.);
#1958=ORIENTED_EDGE('',*,*,#1468,.F.);
#1959=ORIENTED_EDGE('',*,*,#1471,.F.);
#1960=ORIENTED_EDGE('',*,*,#1380,.F.);
#1961=ORIENTED_EDGE('',*,*,#1349,.T.);
#1962=ORIENTED_EDGE('',*,*,#1472,.F.);
#1963=ORIENTED_EDGE('',*,*,#1473,.F.);
#1964=ORIENTED_EDGE('',*,*,#1474,.T.);
#1965=ORIENTED_EDGE('',*,*,#1350,.T.);
#1966=ORIENTED_EDGE('',*,*,#1474,.F.);
#1967=ORIENTED_EDGE('',*,*,#1475,.F.);
#1968=ORIENTED_EDGE('',*,*,#1454,.T.);
#1969=ORIENTED_EDGE('',*,*,#1279,.T.);
#1970=ORIENTED_EDGE('',*,*,#1449,.F.);
#1971=ORIENTED_EDGE('',*,*,#1476,.F.);
#1972=ORIENTED_EDGE('',*,*,#1477,.T.);
#1973=ORIENTED_EDGE('',*,*,#1280,.T.);
#1974=ORIENTED_EDGE('',*,*,#1477,.F.);
#1975=ORIENTED_EDGE('',*,*,#1478,.F.);
#1976=ORIENTED_EDGE('',*,*,#1479,.T.);
#1977=ORIENTED_EDGE('',*,*,#1281,.T.);
#1978=ORIENTED_EDGE('',*,*,#1479,.F.);
#1979=ORIENTED_EDGE('',*,*,#1480,.F.);
#1980=ORIENTED_EDGE('',*,*,#1481,.T.);
#1981=ORIENTED_EDGE('',*,*,#1282,.T.);
#1982=ORIENTED_EDGE('',*,*,#1481,.F.);
#1983=ORIENTED_EDGE('',*,*,#1482,.F.);
#1984=ORIENTED_EDGE('',*,*,#1483,.T.);
#1985=ORIENTED_EDGE('',*,*,#1283,.T.);
#1986=ORIENTED_EDGE('',*,*,#1483,.F.);
#1987=ORIENTED_EDGE('',*,*,#1484,.F.);
#1988=ORIENTED_EDGE('',*,*,#1452,.T.);
#1989=ORIENTED_EDGE('',*,*,#1287,.T.);
#1990=ORIENTED_EDGE('',*,*,#1442,.F.);
#1991=ORIENTED_EDGE('',*,*,#1485,.F.);
#1992=ORIENTED_EDGE('',*,*,#1486,.T.);
#1993=ORIENTED_EDGE('',*,*,#1288,.T.);
#1994=ORIENTED_EDGE('',*,*,#1486,.F.);
#1995=ORIENTED_EDGE('',*,*,#1487,.F.);
#1996=ORIENTED_EDGE('',*,*,#1488,.T.);
#1997=ORIENTED_EDGE('',*,*,#1289,.T.);
#1998=ORIENTED_EDGE('',*,*,#1488,.F.);
#1999=ORIENTED_EDGE('',*,*,#1489,.F.);
#2000=ORIENTED_EDGE('',*,*,#1490,.T.);
#2001=ORIENTED_EDGE('',*,*,#1290,.T.);
#2002=ORIENTED_EDGE('',*,*,#1490,.F.);
#2003=ORIENTED_EDGE('',*,*,#1491,.F.);
#2004=ORIENTED_EDGE('',*,*,#1492,.T.);
#2005=ORIENTED_EDGE('',*,*,#1291,.T.);
#2006=ORIENTED_EDGE('',*,*,#1492,.F.);
#2007=ORIENTED_EDGE('',*,*,#1493,.F.);
#2008=ORIENTED_EDGE('',*,*,#1445,.T.);
#2009=ORIENTED_EDGE('',*,*,#1295,.T.);
#2010=ORIENTED_EDGE('',*,*,#1407,.F.);
#2011=ORIENTED_EDGE('',*,*,#1494,.F.);
#2012=ORIENTED_EDGE('',*,*,#1495,.T.);
#2013=ORIENTED_EDGE('',*,*,#1296,.T.);
#2014=ORIENTED_EDGE('',*,*,#1495,.F.);
#2015=ORIENTED_EDGE('',*,*,#1496,.F.);
#2016=ORIENTED_EDGE('',*,*,#1497,.T.);
#2017=ORIENTED_EDGE('',*,*,#1297,.T.);
#2018=ORIENTED_EDGE('',*,*,#1497,.F.);
#2019=ORIENTED_EDGE('',*,*,#1498,.F.);
#2020=ORIENTED_EDGE('',*,*,#1499,.T.);
#2021=ORIENTED_EDGE('',*,*,#1298,.T.);
#2022=ORIENTED_EDGE('',*,*,#1499,.F.);
#2023=ORIENTED_EDGE('',*,*,#1500,.F.);
#2024=ORIENTED_EDGE('',*,*,#1501,.T.);
#2025=ORIENTED_EDGE('',*,*,#1299,.T.);
#2026=ORIENTED_EDGE('',*,*,#1501,.F.);
#2027=ORIENTED_EDGE('',*,*,#1502,.F.);
#2028=ORIENTED_EDGE('',*,*,#1410,.T.);
#2029=ORIENTED_EDGE('',*,*,#1303,.T.);
#2030=ORIENTED_EDGE('',*,*,#1400,.F.);
#2031=ORIENTED_EDGE('',*,*,#1503,.F.);
#2032=ORIENTED_EDGE('',*,*,#1504,.T.);
#2033=ORIENTED_EDGE('',*,*,#1304,.T.);
#2034=ORIENTED_EDGE('',*,*,#1504,.F.);
#2035=ORIENTED_EDGE('',*,*,#1505,.F.);
#2036=ORIENTED_EDGE('',*,*,#1506,.T.);
#2037=ORIENTED_EDGE('',*,*,#1305,.T.);
#2038=ORIENTED_EDGE('',*,*,#1506,.F.);
#2039=ORIENTED_EDGE('',*,*,#1507,.F.);
#2040=ORIENTED_EDGE('',*,*,#1508,.T.);
#2041=ORIENTED_EDGE('',*,*,#1306,.T.);
#2042=ORIENTED_EDGE('',*,*,#1508,.F.);
#2043=ORIENTED_EDGE('',*,*,#1509,.F.);
#2044=ORIENTED_EDGE('',*,*,#1510,.T.);
#2045=ORIENTED_EDGE('',*,*,#1307,.T.);
#2046=ORIENTED_EDGE('',*,*,#1510,.F.);
#2047=ORIENTED_EDGE('',*,*,#1511,.F.);
#2048=ORIENTED_EDGE('',*,*,#1403,.T.);
#2049=ORIENTED_EDGE('',*,*,#1348,.T.);
#2050=ORIENTED_EDGE('',*,*,#1466,.F.);
#2051=ORIENTED_EDGE('',*,*,#1512,.F.);
#2052=ORIENTED_EDGE('',*,*,#1472,.T.);
#2053=ORIENTED_EDGE('',*,*,#1257,.T.);
#2054=ORIENTED_EDGE('',*,*,#1513,.T.);
#2055=ORIENTED_EDGE('',*,*,#1275,.T.);
#2056=ORIENTED_EDGE('',*,*,#1455,.T.);
#2057=ORIENTED_EDGE('',*,*,#1475,.T.);
#2058=ORIENTED_EDGE('',*,*,#1473,.T.);
#2059=ORIENTED_EDGE('',*,*,#1512,.T.);
#2060=ORIENTED_EDGE('',*,*,#1465,.T.);
#2061=ORIENTED_EDGE('',*,*,#1253,.T.);
#2062=ORIENTED_EDGE('',*,*,#1514,.T.);
#2063=ORIENTED_EDGE('',*,*,#1271,.T.);
#2064=ORIENTED_EDGE('',*,*,#1511,.T.);
#2065=ORIENTED_EDGE('',*,*,#1509,.T.);
#2066=ORIENTED_EDGE('',*,*,#1507,.T.);
#2067=ORIENTED_EDGE('',*,*,#1505,.T.);
#2068=ORIENTED_EDGE('',*,*,#1503,.T.);
#2069=ORIENTED_EDGE('',*,*,#1267,.T.);
#2070=ORIENTED_EDGE('',*,*,#1502,.T.);
#2071=ORIENTED_EDGE('',*,*,#1500,.T.);
#2072=ORIENTED_EDGE('',*,*,#1498,.T.);
#2073=ORIENTED_EDGE('',*,*,#1496,.T.);
#2074=ORIENTED_EDGE('',*,*,#1494,.T.);
#2075=ORIENTED_EDGE('',*,*,#1263,.T.);
#2076=ORIENTED_EDGE('',*,*,#1493,.T.);
#2077=ORIENTED_EDGE('',*,*,#1491,.T.);
#2078=ORIENTED_EDGE('',*,*,#1489,.T.);
#2079=ORIENTED_EDGE('',*,*,#1487,.T.);
#2080=ORIENTED_EDGE('',*,*,#1485,.T.);
#2081=ORIENTED_EDGE('',*,*,#1259,.T.);
#2082=ORIENTED_EDGE('',*,*,#1484,.T.);
#2083=ORIENTED_EDGE('',*,*,#1482,.T.);
#2084=ORIENTED_EDGE('',*,*,#1480,.T.);
#2085=ORIENTED_EDGE('',*,*,#1478,.T.);
#2086=ORIENTED_EDGE('',*,*,#1476,.T.);
#2087=ORIENTED_EDGE('',*,*,#1343,.T.);
#2088=ORIENTED_EDGE('',*,*,#1515,.F.);
#2089=ORIENTED_EDGE('',*,*,#1516,.F.);
#2090=ORIENTED_EDGE('',*,*,#1517,.T.);
#2091=ORIENTED_EDGE('',*,*,#1344,.T.);
#2092=ORIENTED_EDGE('',*,*,#1517,.F.);
#2093=ORIENTED_EDGE('',*,*,#1518,.F.);
#2094=ORIENTED_EDGE('',*,*,#1469,.T.);
#2095=ORIENTED_EDGE('',*,*,#1339,.T.);
#2096=ORIENTED_EDGE('',*,*,#1421,.F.);
#2097=ORIENTED_EDGE('',*,*,#1519,.F.);
#2098=ORIENTED_EDGE('',*,*,#1520,.T.);
#2099=ORIENTED_EDGE('',*,*,#1340,.T.);
#2100=ORIENTED_EDGE('',*,*,#1520,.F.);
#2101=ORIENTED_EDGE('',*,*,#1521,.F.);
#2102=ORIENTED_EDGE('',*,*,#1522,.T.);
#2103=ORIENTED_EDGE('',*,*,#1341,.T.);
#2104=ORIENTED_EDGE('',*,*,#1522,.F.);
#2105=ORIENTED_EDGE('',*,*,#1523,.F.);
#2106=ORIENTED_EDGE('',*,*,#1524,.T.);
#2107=ORIENTED_EDGE('',*,*,#1342,.T.);
#2108=ORIENTED_EDGE('',*,*,#1524,.F.);
#2109=ORIENTED_EDGE('',*,*,#1525,.F.);
#2110=ORIENTED_EDGE('',*,*,#1515,.T.);
#2111=ORIENTED_EDGE('',*,*,#1245,.T.);
#2112=ORIENTED_EDGE('',*,*,#1526,.T.);
#2113=ORIENTED_EDGE('',*,*,#1247,.T.);
#2114=ORIENTED_EDGE('',*,*,#1470,.T.);
#2115=ORIENTED_EDGE('',*,*,#1518,.T.);
#2116=ORIENTED_EDGE('',*,*,#1516,.T.);
#2117=ORIENTED_EDGE('',*,*,#1525,.T.);
#2118=ORIENTED_EDGE('',*,*,#1523,.T.);
#2119=ORIENTED_EDGE('',*,*,#1521,.T.);
#2120=ORIENTED_EDGE('',*,*,#1519,.T.);
#2121=ORIENTED_EDGE('',*,*,#1354,.T.);
#2122=ORIENTED_EDGE('',*,*,#1461,.F.);
#2123=ORIENTED_EDGE('',*,*,#1527,.F.);
#2124=ORIENTED_EDGE('',*,*,#1528,.T.);
#2125=ORIENTED_EDGE('',*,*,#1355,.T.);
#2126=ORIENTED_EDGE('',*,*,#1528,.F.);
#2127=ORIENTED_EDGE('',*,*,#1529,.F.);
#2128=ORIENTED_EDGE('',*,*,#1530,.T.);
#2129=ORIENTED_EDGE('',*,*,#1356,.T.);
#2130=ORIENTED_EDGE('',*,*,#1530,.F.);
#2131=ORIENTED_EDGE('',*,*,#1531,.F.);
#2132=ORIENTED_EDGE('',*,*,#1532,.T.);
#2133=ORIENTED_EDGE('',*,*,#1357,.T.);
#2134=ORIENTED_EDGE('',*,*,#1532,.F.);
#2135=ORIENTED_EDGE('',*,*,#1533,.F.);
#2136=ORIENTED_EDGE('',*,*,#1534,.T.);
#2137=ORIENTED_EDGE('',*,*,#1358,.T.);
#2138=ORIENTED_EDGE('',*,*,#1534,.F.);
#2139=ORIENTED_EDGE('',*,*,#1535,.F.);
#2140=ORIENTED_EDGE('',*,*,#1536,.T.);
#2141=ORIENTED_EDGE('',*,*,#1359,.T.);
#2142=ORIENTED_EDGE('',*,*,#1536,.F.);
#2143=ORIENTED_EDGE('',*,*,#1537,.F.);
#2144=ORIENTED_EDGE('',*,*,#1431,.T.);
#2145=ORIENTED_EDGE('',*,*,#1237,.T.);
#2146=ORIENTED_EDGE('',*,*,#1538,.T.);
#2147=ORIENTED_EDGE('',*,*,#1239,.T.);
#2148=ORIENTED_EDGE('',*,*,#1537,.T.);
#2149=ORIENTED_EDGE('',*,*,#1535,.T.);
#2150=ORIENTED_EDGE('',*,*,#1533,.T.);
#2151=ORIENTED_EDGE('',*,*,#1531,.T.);
#2152=ORIENTED_EDGE('',*,*,#1529,.T.);
#2153=ORIENTED_EDGE('',*,*,#1527,.T.);
#2154=ORIENTED_EDGE('',*,*,#1460,.T.);
#2155=ORIENTED_EDGE('',*,*,#1334,.T.);
#2156=ORIENTED_EDGE('',*,*,#1539,.F.);
#2157=ORIENTED_EDGE('',*,*,#1540,.F.);
#2158=ORIENTED_EDGE('',*,*,#1541,.T.);
#2159=ORIENTED_EDGE('',*,*,#1335,.T.);
#2160=ORIENTED_EDGE('',*,*,#1541,.F.);
#2161=ORIENTED_EDGE('',*,*,#1542,.F.);
#2162=ORIENTED_EDGE('',*,*,#1424,.T.);
#2163=ORIENTED_EDGE('',*,*,#1331,.T.);
#2164=ORIENTED_EDGE('',*,*,#1414,.F.);
#2165=ORIENTED_EDGE('',*,*,#1543,.F.);
#2166=ORIENTED_EDGE('',*,*,#1544,.T.);
#2167=ORIENTED_EDGE('',*,*,#1332,.T.);
#2168=ORIENTED_EDGE('',*,*,#1544,.F.);
#2169=ORIENTED_EDGE('',*,*,#1545,.F.);
#2170=ORIENTED_EDGE('',*,*,#1546,.T.);
#2171=ORIENTED_EDGE('',*,*,#1333,.T.);
#2172=ORIENTED_EDGE('',*,*,#1546,.F.);
#2173=ORIENTED_EDGE('',*,*,#1547,.F.);
#2174=ORIENTED_EDGE('',*,*,#1539,.T.);
#2175=ORIENTED_EDGE('',*,*,#1540,.T.);
#2176=ORIENTED_EDGE('',*,*,#1547,.T.);
#2177=ORIENTED_EDGE('',*,*,#1545,.T.);
#2178=ORIENTED_EDGE('',*,*,#1543,.T.);
#2179=ORIENTED_EDGE('',*,*,#1231,.T.);
#2180=ORIENTED_EDGE('',*,*,#1542,.T.);
#2181=ORIENTED_EDGE('',*,*,#1324,.T.);
#2182=ORIENTED_EDGE('',*,*,#1548,.F.);
#2183=ORIENTED_EDGE('',*,*,#1549,.F.);
#2184=ORIENTED_EDGE('',*,*,#1550,.T.);
#2185=ORIENTED_EDGE('',*,*,#1325,.T.);
#2186=ORIENTED_EDGE('',*,*,#1550,.F.);
#2187=ORIENTED_EDGE('',*,*,#1551,.F.);
#2188=ORIENTED_EDGE('',*,*,#1552,.T.);
#2189=ORIENTED_EDGE('',*,*,#1326,.T.);
#2190=ORIENTED_EDGE('',*,*,#1552,.F.);
#2191=ORIENTED_EDGE('',*,*,#1553,.F.);
#2192=ORIENTED_EDGE('',*,*,#1554,.T.);
#2193=ORIENTED_EDGE('',*,*,#1327,.T.);
#2194=ORIENTED_EDGE('',*,*,#1554,.F.);
#2195=ORIENTED_EDGE('',*,*,#1555,.F.);
#2196=ORIENTED_EDGE('',*,*,#1417,.T.);
#2197=ORIENTED_EDGE('',*,*,#1323,.T.);
#2198=ORIENTED_EDGE('',*,*,#1435,.F.);
#2199=ORIENTED_EDGE('',*,*,#1556,.F.);
#2200=ORIENTED_EDGE('',*,*,#1548,.T.);
#2201=ORIENTED_EDGE('',*,*,#1549,.T.);
#2202=ORIENTED_EDGE('',*,*,#1556,.T.);
#2203=ORIENTED_EDGE('',*,*,#1312,.T.);
#2204=ORIENTED_EDGE('',*,*,#1555,.T.);
#2205=ORIENTED_EDGE('',*,*,#1553,.T.);
#2206=ORIENTED_EDGE('',*,*,#1551,.T.);
#2207=ORIENTED_EDGE('',*,*,#1315,.T.);
#2208=ORIENTED_EDGE('',*,*,#1428,.F.);
#2209=ORIENTED_EDGE('',*,*,#1557,.F.);
#2210=ORIENTED_EDGE('',*,*,#1558,.T.);
#2211=ORIENTED_EDGE('',*,*,#1316,.T.);
#2212=ORIENTED_EDGE('',*,*,#1558,.F.);
#2213=ORIENTED_EDGE('',*,*,#1559,.F.);
#2214=ORIENTED_EDGE('',*,*,#1560,.T.);
#2215=ORIENTED_EDGE('',*,*,#1317,.T.);
#2216=ORIENTED_EDGE('',*,*,#1560,.F.);
#2217=ORIENTED_EDGE('',*,*,#1561,.F.);
#2218=ORIENTED_EDGE('',*,*,#1562,.T.);
#2219=ORIENTED_EDGE('',*,*,#1318,.T.);
#2220=ORIENTED_EDGE('',*,*,#1562,.F.);
#2221=ORIENTED_EDGE('',*,*,#1563,.F.);
#2222=ORIENTED_EDGE('',*,*,#1564,.T.);
#2223=ORIENTED_EDGE('',*,*,#1319,.T.);
#2224=ORIENTED_EDGE('',*,*,#1564,.F.);
#2225=ORIENTED_EDGE('',*,*,#1565,.F.);
#2226=ORIENTED_EDGE('',*,*,#1438,.T.);
#2227=ORIENTED_EDGE('',*,*,#1557,.T.);
#2228=ORIENTED_EDGE('',*,*,#1227,.T.);
#2229=ORIENTED_EDGE('',*,*,#1565,.T.);
#2230=ORIENTED_EDGE('',*,*,#1563,.T.);
#2231=ORIENTED_EDGE('',*,*,#1561,.T.);
#2232=ORIENTED_EDGE('',*,*,#1559,.T.);
#2233=ORIENTED_EDGE('',*,*,#1224,.F.);
#2234=ORIENTED_EDGE('',*,*,#1566,.F.);
#2235=ORIENTED_EDGE('',*,*,#1226,.T.);
#2236=ORIENTED_EDGE('',*,*,#1219,.T.);
#2237=ORIENTED_EDGE('',*,*,#1566,.T.);
#2238=ORIENTED_EDGE('',*,*,#1223,.T.);
#2239=ORIENTED_EDGE('',*,*,#1244,.F.);
#2240=ORIENTED_EDGE('',*,*,#1388,.F.);
#2241=ORIENTED_EDGE('',*,*,#1567,.F.);
#2242=ORIENTED_EDGE('',*,*,#1381,.F.);
#2243=ORIENTED_EDGE('',*,*,#1248,.F.);
#2244=ORIENTED_EDGE('',*,*,#1526,.F.);
#2245=ORIENTED_EDGE('',*,*,#1567,.T.);
#2246=ORIENTED_EDGE('',*,*,#1387,.F.);
#2247=ORIENTED_EDGE('',*,*,#1568,.F.);
#2248=ORIENTED_EDGE('',*,*,#1382,.F.);
#2249=ORIENTED_EDGE('',*,*,#1236,.F.);
#2250=ORIENTED_EDGE('',*,*,#1367,.F.);
#2251=ORIENTED_EDGE('',*,*,#1569,.F.);
#2252=ORIENTED_EDGE('',*,*,#1384,.F.);
#2253=ORIENTED_EDGE('',*,*,#1240,.F.);
#2254=ORIENTED_EDGE('',*,*,#1538,.F.);
#2255=ORIENTED_EDGE('',*,*,#1570,.F.);
#2256=ORIENTED_EDGE('',*,*,#1568,.T.);
#2257=ORIENTED_EDGE('',*,*,#1571,.F.);
#2258=ORIENTED_EDGE('',*,*,#1252,.F.);
#2259=ORIENTED_EDGE('',*,*,#1379,.F.);
#2260=ORIENTED_EDGE('',*,*,#1572,.F.);
#2261=ORIENTED_EDGE('',*,*,#1375,.F.);
#2262=ORIENTED_EDGE('',*,*,#1272,.F.);
#2263=ORIENTED_EDGE('',*,*,#1514,.F.);
#2264=ORIENTED_EDGE('',*,*,#1569,.T.);
#2265=ORIENTED_EDGE('',*,*,#1366,.F.);
#2266=ORIENTED_EDGE('',*,*,#1573,.F.);
#2267=ORIENTED_EDGE('',*,*,#1385,.F.);
#2268=ORIENTED_EDGE('',*,*,#1571,.T.);
#2269=ORIENTED_EDGE('',*,*,#1386,.F.);
#2270=ORIENTED_EDGE('',*,*,#1574,.F.);
#2271=ORIENTED_EDGE('',*,*,#1394,.F.);
#2272=ORIENTED_EDGE('',*,*,#1570,.T.);
#2273=ORIENTED_EDGE('',*,*,#1397,.F.);
#2274=ORIENTED_EDGE('',*,*,#1575,.F.);
#2275=ORIENTED_EDGE('',*,*,#1383,.F.);
#2276=ORIENTED_EDGE('',*,*,#1572,.T.);
#2277=ORIENTED_EDGE('',*,*,#1378,.F.);
#2278=ORIENTED_EDGE('',*,*,#1576,.F.);
#2279=ORIENTED_EDGE('',*,*,#1376,.F.);
#2280=ORIENTED_EDGE('',*,*,#1574,.T.);
#2281=ORIENTED_EDGE('',*,*,#1573,.T.);
#2282=ORIENTED_EDGE('',*,*,#1577,.F.);
#2283=ORIENTED_EDGE('',*,*,#1576,.T.);
#2284=ORIENTED_EDGE('',*,*,#1575,.T.);
#2285=ORIENTED_EDGE('',*,*,#1578,.F.);
#2286=ORIENTED_EDGE('',*,*,#1577,.T.);
#2287=ORIENTED_EDGE('',*,*,#1365,.F.);
#2288=ORIENTED_EDGE('',*,*,#1579,.F.);
#2289=ORIENTED_EDGE('',*,*,#1395,.F.);
#2290=ORIENTED_EDGE('',*,*,#1578,.T.);
#2291=ORIENTED_EDGE('',*,*,#1396,.F.);
#2292=ORIENTED_EDGE('',*,*,#1580,.F.);
#2293=ORIENTED_EDGE('',*,*,#1377,.F.);
#2294=ORIENTED_EDGE('',*,*,#1580,.T.);
#2295=ORIENTED_EDGE('',*,*,#1579,.T.);
#2296=ORIENTED_EDGE('',*,*,#1581,.F.);
#2297=ORIENTED_EDGE('',*,*,#1256,.F.);
#2298=ORIENTED_EDGE('',*,*,#1370,.F.);
#2299=ORIENTED_EDGE('',*,*,#1582,.F.);
#2300=ORIENTED_EDGE('',*,*,#1363,.F.);
#2301=ORIENTED_EDGE('',*,*,#1276,.F.);
#2302=ORIENTED_EDGE('',*,*,#1513,.F.);
#2303=ORIENTED_EDGE('',*,*,#1581,.T.);
#2304=ORIENTED_EDGE('',*,*,#1364,.F.);
#2305=ORIENTED_EDGE('',*,*,#1582,.T.);
#2306=ORIENTED_EDGE('',*,*,#1369,.F.);
#2307=ORIENTED_EDGE('',*,*,#1220,.F.);
#2308=ORIENTED_EDGE('',*,*,#1225,.F.);
#2309=ORIENTED_EDGE('',*,*,#1222,.T.);
#2310=ORIENTED_EDGE('',*,*,#1393,.F.);
#2311=EDGE_LOOP('',(#1583,#1584,#1585,#1586));
#2312=EDGE_LOOP('',(#1587,#1588,#1589,#1590));
#2313=EDGE_LOOP('',(#1591,#1592,#1593,#1594));
#2314=EDGE_LOOP('',(#1595,#1596,#1597,#1598));
#2315=EDGE_LOOP('',(#1599,#1600,#1601,#1602));
#2316=EDGE_LOOP('',(#1603,#1604,#1605,#1606));
#2317=EDGE_LOOP('',(#1607,#1608,#1609,#1610));
#2318=EDGE_LOOP('',(#1611,#1612,#1613,#1614));
#2319=EDGE_LOOP('',(#1615,#1616,#1617,#1618));
#2320=EDGE_LOOP('',(#1619,#1620,#1621,#1622));
#2321=EDGE_LOOP('',(#1623,#1624,#1625,#1626));
#2322=EDGE_LOOP('',(#1627,#1628,#1629,#1630));
#2323=EDGE_LOOP('',(#1631,#1632,#1633,#1634));
#2324=EDGE_LOOP('',(#1635,#1636,#1637,#1638));
#2325=EDGE_LOOP('',(#1639,#1640,#1641,#1642));
#2326=EDGE_LOOP('',(#1643,#1644,#1645,#1646,#1647,#1648,#1649,#1650));
#2327=EDGE_LOOP('',(#1651,#1652,#1653,#1654,#1655,#1656,#1657,#1658));
#2328=EDGE_LOOP('',(#1659,#1660,#1661,#1662,#1663,#1664,#1665,#1666));
#2329=EDGE_LOOP('',(#1667,#1668,#1669,#1670,#1671,#1672,#1673,#1674));
#2330=EDGE_LOOP('',(#1675,#1676,#1677,#1678));
#2331=EDGE_LOOP('',(#1679,#1680,#1681,#1682,#1683,#1684,#1685,#1686,#1687,
#1688,#1689,#1690,#1691,#1692,#1693,#1694,#1695,#1696,#1697,#1698,#1699,
#1700,#1701,#1702,#1703,#1704,#1705,#1706,#1707,#1708,#1709,#1710,#1711,
#1712,#1713,#1714,#1715,#1716,#1717,#1718,#1719,#1720,#1721,#1722,#1723,
#1724,#1725,#1726));
#2332=EDGE_LOOP('',(#1727,#1728,#1729,#1730,#1731,#1732,#1733,#1734));
#2333=EDGE_LOOP('',(#1735,#1736,#1737,#1738,#1739,#1740,#1741,#1742,#1743,
#1744,#1745,#1746,#1747,#1748));
#2334=EDGE_LOOP('',(#1749,#1750,#1751,#1752,#1753,#1754,#1755,#1756));
#2335=EDGE_LOOP('',(#1757,#1758,#1759,#1760,#1761,#1762,#1763,#1764,#1765,
#1766,#1767,#1768,#1769,#1770));
#2336=EDGE_LOOP('',(#1771,#1772));
#2337=EDGE_LOOP('',(#1773,#1774,#1775,#1776));
#2338=EDGE_LOOP('',(#1777,#1778,#1779,#1780,#1781));
#2339=EDGE_LOOP('',(#1782,#1783,#1784,#1785));
#2340=EDGE_LOOP('',(#1786,#1787,#1788,#1789,#1790));
#2341=EDGE_LOOP('',(#1791,#1792,#1793,#1794));
#2342=EDGE_LOOP('',(#1795,#1796,#1797,#1798,#1799));
#2343=EDGE_LOOP('',(#1800,#1801,#1802,#1803));
#2344=EDGE_LOOP('',(#1804,#1805,#1806,#1807,#1808));
#2345=EDGE_LOOP('',(#1809,#1810,#1811,#1812));
#2346=EDGE_LOOP('',(#1813,#1814,#1815,#1816,#1817));
#2347=EDGE_LOOP('',(#1818,#1819,#1820,#1821));
#2348=EDGE_LOOP('',(#1822,#1823,#1824,#1825,#1826));
#2349=EDGE_LOOP('',(#1827,#1828,#1829,#1830));
#2350=EDGE_LOOP('',(#1831,#1832,#1833,#1834,#1835));
#2351=EDGE_LOOP('',(#1836,#1837,#1838,#1839));
#2352=EDGE_LOOP('',(#1840,#1841,#1842,#1843,#1844));
#2353=EDGE_LOOP('',(#1845,#1846,#1847,#1848));
#2354=EDGE_LOOP('',(#1849,#1850,#1851,#1852,#1853));
#2355=EDGE_LOOP('',(#1854,#1855,#1856,#1857));
#2356=EDGE_LOOP('',(#1858,#1859,#1860,#1861,#1862));
#2357=EDGE_LOOP('',(#1863,#1864,#1865,#1866));
#2358=EDGE_LOOP('',(#1867,#1868,#1869,#1870,#1871));
#2359=EDGE_LOOP('',(#1872,#1873,#1874,#1875));
#2360=EDGE_LOOP('',(#1876,#1877,#1878,#1879,#1880));
#2361=EDGE_LOOP('',(#1881,#1882,#1883,#1884));
#2362=EDGE_LOOP('',(#1885,#1886,#1887,#1888,#1889));
#2363=EDGE_LOOP('',(#1890,#1891,#1892,#1893));
#2364=EDGE_LOOP('',(#1894,#1895,#1896,#1897,#1898));
#2365=EDGE_LOOP('',(#1899,#1900,#1901,#1902));
#2366=EDGE_LOOP('',(#1903,#1904,#1905,#1906,#1907));
#2367=EDGE_LOOP('',(#1908,#1909,#1910,#1911));
#2368=EDGE_LOOP('',(#1912,#1913,#1914,#1915,#1916));
#2369=EDGE_LOOP('',(#1917,#1918,#1919,#1920));
#2370=EDGE_LOOP('',(#1921,#1922,#1923,#1924,#1925,#1926));
#2371=EDGE_LOOP('',(#1927,#1928,#1929,#1930,#1931,#1932));
#2372=EDGE_LOOP('',(#1933,#1934,#1935,#1936));
#2373=EDGE_LOOP('',(#1937,#1938,#1939,#1940));
#2374=EDGE_LOOP('',(#1941,#1942,#1943,#1944,#1945,#1946));
#2375=EDGE_LOOP('',(#1947,#1948,#1949,#1950));
#2376=EDGE_LOOP('',(#1951,#1952,#1953,#1954,#1955,#1956));
#2377=EDGE_LOOP('',(#1957,#1958,#1959,#1960));
#2378=EDGE_LOOP('',(#1961,#1962,#1963,#1964));
#2379=EDGE_LOOP('',(#1965,#1966,#1967,#1968));
#2380=EDGE_LOOP('',(#1969,#1970,#1971,#1972));
#2381=EDGE_LOOP('',(#1973,#1974,#1975,#1976));
#2382=EDGE_LOOP('',(#1977,#1978,#1979,#1980));
#2383=EDGE_LOOP('',(#1981,#1982,#1983,#1984));
#2384=EDGE_LOOP('',(#1985,#1986,#1987,#1988));
#2385=EDGE_LOOP('',(#1989,#1990,#1991,#1992));
#2386=EDGE_LOOP('',(#1993,#1994,#1995,#1996));
#2387=EDGE_LOOP('',(#1997,#1998,#1999,#2000));
#2388=EDGE_LOOP('',(#2001,#2002,#2003,#2004));
#2389=EDGE_LOOP('',(#2005,#2006,#2007,#2008));
#2390=EDGE_LOOP('',(#2009,#2010,#2011,#2012));
#2391=EDGE_LOOP('',(#2013,#2014,#2015,#2016));
#2392=EDGE_LOOP('',(#2017,#2018,#2019,#2020));
#2393=EDGE_LOOP('',(#2021,#2022,#2023,#2024));
#2394=EDGE_LOOP('',(#2025,#2026,#2027,#2028));
#2395=EDGE_LOOP('',(#2029,#2030,#2031,#2032));
#2396=EDGE_LOOP('',(#2033,#2034,#2035,#2036));
#2397=EDGE_LOOP('',(#2037,#2038,#2039,#2040));
#2398=EDGE_LOOP('',(#2041,#2042,#2043,#2044));
#2399=EDGE_LOOP('',(#2045,#2046,#2047,#2048));
#2400=EDGE_LOOP('',(#2049,#2050,#2051,#2052));
#2401=EDGE_LOOP('',(#2053,#2054,#2055,#2056,#2057,#2058,#2059,#2060,#2061,
#2062,#2063,#2064,#2065,#2066,#2067,#2068,#2069,#2070,#2071,#2072,#2073,
#2074,#2075,#2076,#2077,#2078,#2079,#2080,#2081,#2082,#2083,#2084,#2085,
#2086));
#2402=EDGE_LOOP('',(#2087,#2088,#2089,#2090));
#2403=EDGE_LOOP('',(#2091,#2092,#2093,#2094));
#2404=EDGE_LOOP('',(#2095,#2096,#2097,#2098));
#2405=EDGE_LOOP('',(#2099,#2100,#2101,#2102));
#2406=EDGE_LOOP('',(#2103,#2104,#2105,#2106));
#2407=EDGE_LOOP('',(#2107,#2108,#2109,#2110));
#2408=EDGE_LOOP('',(#2111,#2112,#2113,#2114,#2115,#2116,#2117,#2118,#2119,
#2120));
#2409=EDGE_LOOP('',(#2121,#2122,#2123,#2124));
#2410=EDGE_LOOP('',(#2125,#2126,#2127,#2128));
#2411=EDGE_LOOP('',(#2129,#2130,#2131,#2132));
#2412=EDGE_LOOP('',(#2133,#2134,#2135,#2136));
#2413=EDGE_LOOP('',(#2137,#2138,#2139,#2140));
#2414=EDGE_LOOP('',(#2141,#2142,#2143,#2144));
#2415=EDGE_LOOP('',(#2145,#2146,#2147,#2148,#2149,#2150,#2151,#2152,#2153,
#2154));
#2416=EDGE_LOOP('',(#2155,#2156,#2157,#2158));
#2417=EDGE_LOOP('',(#2159,#2160,#2161,#2162));
#2418=EDGE_LOOP('',(#2163,#2164,#2165,#2166));
#2419=EDGE_LOOP('',(#2167,#2168,#2169,#2170));
#2420=EDGE_LOOP('',(#2171,#2172,#2173,#2174));
#2421=EDGE_LOOP('',(#2175,#2176,#2177,#2178,#2179,#2180));
#2422=EDGE_LOOP('',(#2181,#2182,#2183,#2184));
#2423=EDGE_LOOP('',(#2185,#2186,#2187,#2188));
#2424=EDGE_LOOP('',(#2189,#2190,#2191,#2192));
#2425=EDGE_LOOP('',(#2193,#2194,#2195,#2196));
#2426=EDGE_LOOP('',(#2197,#2198,#2199,#2200));
#2427=EDGE_LOOP('',(#2201,#2202,#2203,#2204,#2205,#2206));
#2428=EDGE_LOOP('',(#2207,#2208,#2209,#2210));
#2429=EDGE_LOOP('',(#2211,#2212,#2213,#2214));
#2430=EDGE_LOOP('',(#2215,#2216,#2217,#2218));
#2431=EDGE_LOOP('',(#2219,#2220,#2221,#2222));
#2432=EDGE_LOOP('',(#2223,#2224,#2225,#2226));
#2433=EDGE_LOOP('',(#2227,#2228,#2229,#2230,#2231,#2232));
#2434=EDGE_LOOP('',(#2233,#2234,#2235,#2236));
#2435=EDGE_LOOP('',(#2237,#2238));
#2436=EDGE_LOOP('',(#2239,#2240,#2241,#2242,#2243,#2244));
#2437=EDGE_LOOP('',(#2245,#2246,#2247,#2248));
#2438=EDGE_LOOP('',(#2249,#2250,#2251,#2252,#2253,#2254));
#2439=EDGE_LOOP('',(#2255,#2256,#2257));
#2440=EDGE_LOOP('',(#2258,#2259,#2260,#2261,#2262,#2263));
#2441=EDGE_LOOP('',(#2264,#2265,#2266,#2267));
#2442=EDGE_LOOP('',(#2268,#2269,#2270,#2271));
#2443=EDGE_LOOP('',(#2272,#2273,#2274,#2275));
#2444=EDGE_LOOP('',(#2276,#2277,#2278,#2279));
#2445=EDGE_LOOP('',(#2280,#2281,#2282));
#2446=EDGE_LOOP('',(#2283,#2284,#2285));
#2447=EDGE_LOOP('',(#2286,#2287,#2288,#2289));
#2448=EDGE_LOOP('',(#2290,#2291,#2292,#2293));
#2449=EDGE_LOOP('',(#2294,#2295,#2296));
#2450=EDGE_LOOP('',(#2297,#2298,#2299,#2300,#2301,#2302));
#2451=EDGE_LOOP('',(#2303,#2304,#2305,#2306));
#2452=EDGE_LOOP('',(#2307,#2308,#2309,#2310));
#2453=FACE_BOUND('',#2311,.T.);
#2454=FACE_BOUND('',#2312,.T.);
#2455=FACE_BOUND('',#2313,.T.);
#2456=FACE_BOUND('',#2314,.T.);
#2457=FACE_BOUND('',#2315,.T.);
#2458=FACE_BOUND('',#2316,.T.);
#2459=FACE_BOUND('',#2317,.T.);
#2460=FACE_BOUND('',#2318,.T.);
#2461=FACE_BOUND('',#2319,.T.);
#2462=FACE_BOUND('',#2320,.T.);
#2463=FACE_BOUND('',#2321,.T.);
#2464=FACE_BOUND('',#2322,.T.);
#2465=FACE_BOUND('',#2323,.T.);
#2466=FACE_BOUND('',#2324,.T.);
#2467=FACE_BOUND('',#2325,.T.);
#2468=FACE_BOUND('',#2326,.T.);
#2469=FACE_BOUND('',#2327,.T.);
#2470=FACE_BOUND('',#2328,.T.);
#2471=FACE_BOUND('',#2329,.T.);
#2472=FACE_BOUND('',#2330,.T.);
#2473=FACE_BOUND('',#2331,.T.);
#2474=FACE_BOUND('',#2332,.T.);
#2475=FACE_BOUND('',#2333,.T.);
#2476=FACE_BOUND('',#2334,.T.);
#2477=FACE_BOUND('',#2335,.T.);
#2478=FACE_BOUND('',#2336,.T.);
#2479=FACE_BOUND('',#2337,.T.);
#2480=FACE_BOUND('',#2338,.T.);
#2481=FACE_BOUND('',#2339,.T.);
#2482=FACE_BOUND('',#2340,.T.);
#2483=FACE_BOUND('',#2341,.T.);
#2484=FACE_BOUND('',#2342,.T.);
#2485=FACE_BOUND('',#2343,.T.);
#2486=FACE_BOUND('',#2344,.T.);
#2487=FACE_BOUND('',#2345,.T.);
#2488=FACE_BOUND('',#2346,.T.);
#2489=FACE_BOUND('',#2347,.T.);
#2490=FACE_BOUND('',#2348,.T.);
#2491=FACE_BOUND('',#2349,.T.);
#2492=FACE_BOUND('',#2350,.T.);
#2493=FACE_BOUND('',#2351,.T.);
#2494=FACE_BOUND('',#2352,.T.);
#2495=FACE_BOUND('',#2353,.T.);
#2496=FACE_BOUND('',#2354,.T.);
#2497=FACE_BOUND('',#2355,.T.);
#2498=FACE_BOUND('',#2356,.T.);
#2499=FACE_BOUND('',#2357,.T.);
#2500=FACE_BOUND('',#2358,.T.);
#2501=FACE_BOUND('',#2359,.T.);
#2502=FACE_BOUND('',#2360,.T.);
#2503=FACE_BOUND('',#2361,.T.);
#2504=FACE_BOUND('',#2362,.T.);
#2505=FACE_BOUND('',#2363,.T.);
#2506=FACE_BOUND('',#2364,.T.);
#2507=FACE_BOUND('',#2365,.T.);
#2508=FACE_BOUND('',#2366,.T.);
#2509=FACE_BOUND('',#2367,.T.);
#2510=FACE_BOUND('',#2368,.T.);
#2511=FACE_BOUND('',#2369,.T.);
#2512=FACE_BOUND('',#2370,.T.);
#2513=FACE_BOUND('',#2371,.T.);
#2514=FACE_BOUND('',#2372,.T.);
#2515=FACE_BOUND('',#2373,.T.);
#2516=FACE_BOUND('',#2374,.T.);
#2517=FACE_BOUND('',#2375,.T.);
#2518=FACE_BOUND('',#2376,.T.);
#2519=FACE_BOUND('',#2377,.T.);
#2520=FACE_BOUND('',#2378,.T.);
#2521=FACE_BOUND('',#2379,.T.);
#2522=FACE_BOUND('',#2380,.T.);
#2523=FACE_BOUND('',#2381,.T.);
#2524=FACE_BOUND('',#2382,.T.);
#2525=FACE_BOUND('',#2383,.T.);
#2526=FACE_BOUND('',#2384,.T.);
#2527=FACE_BOUND('',#2385,.T.);
#2528=FACE_BOUND('',#2386,.T.);
#2529=FACE_BOUND('',#2387,.T.);
#2530=FACE_BOUND('',#2388,.T.);
#2531=FACE_BOUND('',#2389,.T.);
#2532=FACE_BOUND('',#2390,.T.);
#2533=FACE_BOUND('',#2391,.T.);
#2534=FACE_BOUND('',#2392,.T.);
#2535=FACE_BOUND('',#2393,.T.);
#2536=FACE_BOUND('',#2394,.T.);
#2537=FACE_BOUND('',#2395,.T.);
#2538=FACE_BOUND('',#2396,.T.);
#2539=FACE_BOUND('',#2397,.T.);
#2540=FACE_BOUND('',#2398,.T.);
#2541=FACE_BOUND('',#2399,.T.);
#2542=FACE_BOUND('',#2400,.T.);
#2543=FACE_BOUND('',#2401,.T.);
#2544=FACE_BOUND('',#2402,.T.);
#2545=FACE_BOUND('',#2403,.T.);
#2546=FACE_BOUND('',#2404,.T.);
#2547=FACE_BOUND('',#2405,.T.);
#2548=FACE_BOUND('',#2406,.T.);
#2549=FACE_BOUND('',#2407,.T.);
#2550=FACE_BOUND('',#2408,.T.);
#2551=FACE_BOUND('',#2409,.T.);
#2552=FACE_BOUND('',#2410,.T.);
#2553=FACE_BOUND('',#2411,.T.);
#2554=FACE_BOUND('',#2412,.T.);
#2555=FACE_BOUND('',#2413,.T.);
#2556=FACE_BOUND('',#2414,.T.);
#2557=FACE_BOUND('',#2415,.T.);
#2558=FACE_BOUND('',#2416,.T.);
#2559=FACE_BOUND('',#2417,.T.);
#2560=FACE_BOUND('',#2418,.T.);
#2561=FACE_BOUND('',#2419,.T.);
#2562=FACE_BOUND('',#2420,.T.);
#2563=FACE_BOUND('',#2421,.T.);
#2564=FACE_BOUND('',#2422,.T.);
#2565=FACE_BOUND('',#2423,.T.);
#2566=FACE_BOUND('',#2424,.T.);
#2567=FACE_BOUND('',#2425,.T.);
#2568=FACE_BOUND('',#2426,.T.);
#2569=FACE_BOUND('',#2427,.T.);
#2570=FACE_BOUND('',#2428,.T.);
#2571=FACE_BOUND('',#2429,.T.);
#2572=FACE_BOUND('',#2430,.T.);
#2573=FACE_BOUND('',#2431,.T.);
#2574=FACE_BOUND('',#2432,.T.);
#2575=FACE_BOUND('',#2433,.T.);
#2576=FACE_BOUND('',#2434,.T.);
#2577=FACE_BOUND('',#2435,.T.);
#2578=FACE_BOUND('',#2436,.T.);
#2579=FACE_BOUND('',#2437,.T.);
#2580=FACE_BOUND('',#2438,.T.);
#2581=FACE_BOUND('',#2439,.T.);
#2582=FACE_BOUND('',#2440,.T.);
#2583=FACE_BOUND('',#2441,.T.);
#2584=FACE_BOUND('',#2442,.T.);
#2585=FACE_BOUND('',#2443,.T.);
#2586=FACE_BOUND('',#2444,.T.);
#2587=FACE_BOUND('',#2445,.T.);
#2588=FACE_BOUND('',#2446,.T.);
#2589=FACE_BOUND('',#2447,.T.);
#2590=FACE_BOUND('',#2448,.T.);
#2591=FACE_BOUND('',#2449,.T.);
#2592=FACE_BOUND('',#2450,.T.);
#2593=FACE_BOUND('',#2451,.T.);
#2594=FACE_BOUND('',#2452,.T.);
#2595=ADVANCED_FACE('',(#2453),#2736,.T.);
#2596=ADVANCED_FACE('',(#2454),#955,.F.);
#2597=ADVANCED_FACE('',(#2455),#178,.F.);
#2598=ADVANCED_FACE('',(#2456),#179,.F.);
#2599=ADVANCED_FACE('',(#2457),#180,.F.);
#2600=ADVANCED_FACE('',(#2458),#181,.F.);
#2601=ADVANCED_FACE('',(#2459),#182,.F.);
#2602=ADVANCED_FACE('',(#2460),#183,.F.);
#2603=ADVANCED_FACE('',(#2461),#184,.F.);
#2604=ADVANCED_FACE('',(#2462),#185,.F.);
#2605=ADVANCED_FACE('',(#2463),#186,.F.);
#2606=ADVANCED_FACE('',(#2464),#187,.F.);
#2607=ADVANCED_FACE('',(#2465),#188,.F.);
#2608=ADVANCED_FACE('',(#2466),#189,.F.);
#2609=ADVANCED_FACE('',(#2467),#190,.F.);
#2610=ADVANCED_FACE('',(#2468),#191,.T.);
#2611=ADVANCED_FACE('',(#2469),#192,.T.);
#2612=ADVANCED_FACE('',(#2470),#193,.T.);
#2613=ADVANCED_FACE('',(#2471),#194,.T.);
#2614=ADVANCED_FACE('',(#2472),#195,.F.);
#2615=ADVANCED_FACE('',(#2473),#196,.T.);
#2616=ADVANCED_FACE('',(#2474),#197,.T.);
#2617=ADVANCED_FACE('',(#2475),#198,.T.);
#2618=ADVANCED_FACE('',(#2476),#199,.T.);
#2619=ADVANCED_FACE('',(#2477),#200,.T.);
#2620=ADVANCED_FACE('',(#2478,#2479),#201,.F.);
#2621=ADVANCED_FACE('',(#2480),#202,.T.);
#2622=ADVANCED_FACE('',(#2481),#203,.T.);
#2623=ADVANCED_FACE('',(#2482),#204,.T.);
#2624=ADVANCED_FACE('',(#2483),#205,.T.);
#2625=ADVANCED_FACE('',(#2484),#206,.T.);
#2626=ADVANCED_FACE('',(#2485),#207,.T.);
#2627=ADVANCED_FACE('',(#2486),#208,.T.);
#2628=ADVANCED_FACE('',(#2487),#209,.T.);
#2629=ADVANCED_FACE('',(#2488),#210,.T.);
#2630=ADVANCED_FACE('',(#2489),#211,.T.);
#2631=ADVANCED_FACE('',(#2490),#212,.T.);
#2632=ADVANCED_FACE('',(#2491),#213,.T.);
#2633=ADVANCED_FACE('',(#2492),#214,.T.);
#2634=ADVANCED_FACE('',(#2493),#215,.T.);
#2635=ADVANCED_FACE('',(#2494),#216,.T.);
#2636=ADVANCED_FACE('',(#2495),#217,.T.);
#2637=ADVANCED_FACE('',(#2496),#218,.T.);
#2638=ADVANCED_FACE('',(#2497),#219,.T.);
#2639=ADVANCED_FACE('',(#2498),#220,.T.);
#2640=ADVANCED_FACE('',(#2499),#221,.T.);
#2641=ADVANCED_FACE('',(#2500),#222,.T.);
#2642=ADVANCED_FACE('',(#2501),#223,.T.);
#2643=ADVANCED_FACE('',(#2502),#224,.T.);
#2644=ADVANCED_FACE('',(#2503),#225,.T.);
#2645=ADVANCED_FACE('',(#2504),#226,.T.);
#2646=ADVANCED_FACE('',(#2505),#227,.T.);
#2647=ADVANCED_FACE('',(#2506),#228,.T.);
#2648=ADVANCED_FACE('',(#2507),#229,.T.);
#2649=ADVANCED_FACE('',(#2508),#230,.T.);
#2650=ADVANCED_FACE('',(#2509),#231,.T.);
#2651=ADVANCED_FACE('',(#2510),#232,.T.);
#2652=ADVANCED_FACE('',(#2511),#233,.T.);
#2653=ADVANCED_FACE('',(#2512),#234,.T.);
#2654=ADVANCED_FACE('',(#2513),#235,.T.);
#2655=ADVANCED_FACE('',(#2514),#236,.T.);
#2656=ADVANCED_FACE('',(#2515),#237,.F.);
#2657=ADVANCED_FACE('',(#2516),#238,.T.);
#2658=ADVANCED_FACE('',(#2517),#239,.T.);
#2659=ADVANCED_FACE('',(#2518),#240,.T.);
#2660=ADVANCED_FACE('',(#2519),#241,.T.);
#2661=ADVANCED_FACE('',(#2520),#242,.F.);
#2662=ADVANCED_FACE('',(#2521),#243,.F.);
#2663=ADVANCED_FACE('',(#2522),#244,.F.);
#2664=ADVANCED_FACE('',(#2523),#245,.F.);
#2665=ADVANCED_FACE('',(#2524),#246,.F.);
#2666=ADVANCED_FACE('',(#2525),#247,.F.);
#2667=ADVANCED_FACE('',(#2526),#248,.F.);
#2668=ADVANCED_FACE('',(#2527),#249,.F.);
#2669=ADVANCED_FACE('',(#2528),#250,.F.);
#2670=ADVANCED_FACE('',(#2529),#251,.F.);
#2671=ADVANCED_FACE('',(#2530),#252,.F.);
#2672=ADVANCED_FACE('',(#2531),#253,.F.);
#2673=ADVANCED_FACE('',(#2532),#254,.F.);
#2674=ADVANCED_FACE('',(#2533),#255,.F.);
#2675=ADVANCED_FACE('',(#2534),#256,.F.);
#2676=ADVANCED_FACE('',(#2535),#257,.F.);
#2677=ADVANCED_FACE('',(#2536),#258,.F.);
#2678=ADVANCED_FACE('',(#2537),#259,.F.);
#2679=ADVANCED_FACE('',(#2538),#260,.F.);
#2680=ADVANCED_FACE('',(#2539),#261,.F.);
#2681=ADVANCED_FACE('',(#2540),#262,.F.);
#2682=ADVANCED_FACE('',(#2541),#263,.F.);
#2683=ADVANCED_FACE('',(#2542),#264,.F.);
#2684=ADVANCED_FACE('',(#2543),#265,.T.);
#2685=ADVANCED_FACE('',(#2544),#266,.F.);
#2686=ADVANCED_FACE('',(#2545),#267,.F.);
#2687=ADVANCED_FACE('',(#2546),#268,.F.);
#2688=ADVANCED_FACE('',(#2547),#269,.F.);
#2689=ADVANCED_FACE('',(#2548),#270,.F.);
#2690=ADVANCED_FACE('',(#2549),#271,.F.);
#2691=ADVANCED_FACE('',(#2550),#272,.T.);
#2692=ADVANCED_FACE('',(#2551),#273,.F.);
#2693=ADVANCED_FACE('',(#2552),#274,.F.);
#2694=ADVANCED_FACE('',(#2553),#275,.F.);
#2695=ADVANCED_FACE('',(#2554),#276,.F.);
#2696=ADVANCED_FACE('',(#2555),#277,.F.);
#2697=ADVANCED_FACE('',(#2556),#278,.F.);
#2698=ADVANCED_FACE('',(#2557),#279,.T.);
#2699=ADVANCED_FACE('',(#2558),#280,.F.);
#2700=ADVANCED_FACE('',(#2559),#281,.F.);
#2701=ADVANCED_FACE('',(#2560),#282,.F.);
#2702=ADVANCED_FACE('',(#2561),#283,.F.);
#2703=ADVANCED_FACE('',(#2562),#284,.F.);
#2704=ADVANCED_FACE('',(#2563),#285,.T.);
#2705=ADVANCED_FACE('',(#2564),#286,.F.);
#2706=ADVANCED_FACE('',(#2565),#287,.F.);
#2707=ADVANCED_FACE('',(#2566),#288,.F.);
#2708=ADVANCED_FACE('',(#2567),#289,.F.);
#2709=ADVANCED_FACE('',(#2568),#290,.F.);
#2710=ADVANCED_FACE('',(#2569),#291,.F.);
#2711=ADVANCED_FACE('',(#2570),#292,.F.);
#2712=ADVANCED_FACE('',(#2571),#293,.F.);
#2713=ADVANCED_FACE('',(#2572),#294,.F.);
#2714=ADVANCED_FACE('',(#2573),#295,.F.);
#2715=ADVANCED_FACE('',(#2574),#296,.F.);
#2716=ADVANCED_FACE('',(#2575),#297,.T.);
#2717=ADVANCED_FACE('',(#2576),#956,.F.);
#2718=ADVANCED_FACE('',(#2577),#298,.T.);
#2719=ADVANCED_FACE('',(#2578),#957,.T.);
#2720=ADVANCED_FACE('',(#2579),#958,.T.);
#2721=ADVANCED_FACE('',(#2580),#959,.T.);
#2722=ADVANCED_FACE('',(#2581),#162,.T.);
#2723=ADVANCED_FACE('',(#2582),#960,.T.);
#2724=ADVANCED_FACE('',(#2583),#961,.T.);
#2725=ADVANCED_FACE('',(#2584),#962,.T.);
#2726=ADVANCED_FACE('',(#2585),#963,.T.);
#2727=ADVANCED_FACE('',(#2586),#964,.T.);
#2728=ADVANCED_FACE('',(#2587),#163,.T.);
#2729=ADVANCED_FACE('',(#2588),#164,.T.);
#2730=ADVANCED_FACE('',(#2589),#965,.T.);
#2731=ADVANCED_FACE('',(#2590),#966,.T.);
#2732=ADVANCED_FACE('',(#2591),#165,.T.);
#2733=ADVANCED_FACE('',(#2592),#967,.T.);
#2734=ADVANCED_FACE('',(#2593),#968,.T.);
#2735=ADVANCED_FACE('',(#2594),#2737,.T.);
#2736=TOROIDAL_SURFACE('',#4046,0.0065,0.0005);
#2737=TOROIDAL_SURFACE('',#4210,0.0065,0.0005);
#2738=CLOSED_SHELL('',(#2595,#2596,#2597,#2598,#2599,#2600,#2601,#2602,#2603,
#2604,#2605,#2606,#2607,#2608,#2609,#2610,#2611,#2612,#2613,#2614,#2615,
#2616,#2617,#2618,#2619,#2620,#2621,#2622,#2623,#2624,#2625,#2626,#2627,
#2628,#2629,#2630,#2631,#2632,#2633,#2634,#2635,#2636,#2637,#2638,#2639,
#2640,#2641,#2642,#2643,#2644,#2645,#2646,#2647,#2648,#2649,#2650,#2651,
#2652,#2653,#2654,#2655,#2656,#2657,#2658,#2659,#2660,#2661,#2662,#2663,
#2664,#2665,#2666,#2667,#2668,#2669,#2670,#2671,#2672,#2673,#2674,#2675,
#2676,#2677,#2678,#2679,#2680,#2681,#2682,#2683,#2684,#2685,#2686,#2687,
#2688,#2689,#2690,#2691,#2692,#2693,#2694,#2695,#2696,#2697,#2698,#2699,
#2700,#2701,#2702,#2703,#2704,#2705,#2706,#2707,#2708,#2709,#2710,#2711,
#2712,#2713,#2714,#2715,#2716,#2717,#2718,#2719,#2720,#2721,#2722,#2723,
#2724,#2725,#2726,#2727,#2728,#2729,#2730,#2731,#2732,#2733,#2734,#2735));
#2739=MANIFOLD_SOLID_BREP('',#2738);
#2740=DIRECTION('',(1.,0.,0.));
#2741=DIRECTION('',(0.,0.,1.));
#2742=DIRECTION('',(0.,-1.,0.));
#2743=DIRECTION('',(0.,1.,0.));
#2744=DIRECTION('',(0.,0.,-0.006));
#2745=DIRECTION('',(1.,0.,-1.22460635382238E-016));
#2746=DIRECTION('',(-6.12303176911191E-020,0.,-0.000500000000000002));
#2747=DIRECTION('',(0.,-1.,0.));
#2748=DIRECTION('',(0.,0.,-0.0065));
#2749=DIRECTION('',(-1.,0.,0.));
#2750=DIRECTION('',(0.,0.,0.000500000000000002));
#2751=DIRECTION('',(0.,1.,0.));
#2752=DIRECTION('',(0.,0.,0.006));
#2753=DIRECTION('',(0.,1.,0.));
#2754=DIRECTION('',(0.,0.,0.006));
#2755=DIRECTION('',(0.,1.,0.));
#2756=DIRECTION('',(0.,1.,0.));
#2757=DIRECTION('',(0.,0.,-0.006));
#2758=DIRECTION('',(0.,1.,0.));
#2759=DIRECTION('',(-1.,0.,1.42283749670014E-016));
#2760=DIRECTION('',(4.74279165566711E-016,0.,1.));
#2761=DIRECTION('',(0.,-1.,0.));
#2762=DIRECTION('',(-1.42283749670014E-016,0.,-1.));
#2763=DIRECTION('',(0.,-1.,0.));
#2764=DIRECTION('',(-1.,0.,1.42283749670014E-016));
#2765=DIRECTION('',(-4.74279165566711E-016,0.,1.));
#2766=DIRECTION('',(0.,-1.,0.));
#2767=DIRECTION('',(-1.42283749670014E-016,0.,-1.));
#2768=DIRECTION('',(0.,-1.,0.));
#2769=DIRECTION('',(1.42283749670014E-016,0.,1.));
#2770=DIRECTION('',(-1.,0.,1.42283749670014E-016));
#2771=DIRECTION('',(0.,-1.,0.));
#2772=DIRECTION('',(1.,0.,0.));
#2773=DIRECTION('',(0.,-1.,0.));
#2774=DIRECTION('',(-1.,0.,1.42283749670014E-016));
#2775=DIRECTION('',(0.,0.,1.));
#2776=DIRECTION('',(0.,1.,0.));
#2777=DIRECTION('',(-1.42283749670014E-016,0.,-1.));
#2778=DIRECTION('',(0.,-1.,0.));
#2779=DIRECTION('',(-1.,0.,1.42283749670014E-016));
#2780=DIRECTION('',(-1.42283749670014E-016,0.,-1.));
#2781=DIRECTION('',(0.,-1.,0.));
#2782=DIRECTION('',(1.00435588002363E-015,0.,1.));
#2783=DIRECTION('',(0.,-1.,0.));
#2784=DIRECTION('',(0.,0.,-1.));
#2785=DIRECTION('',(-1.,0.,0.));
#2786=DIRECTION('',(0.,1.,0.));
#2787=DIRECTION('',(1.,0.,0.));
#2788=DIRECTION('',(0.,-1.,0.));
#2789=DIRECTION('',(0.,0.,-1.));
#2790=DIRECTION('',(1.,0.,0.));
#2791=DIRECTION('',(0.,-1.,0.));
#2792=DIRECTION('',(-1.,0.,0.));
#2793=DIRECTION('',(0.,-1.,0.));
#2794=DIRECTION('',(1.,0.,1.42283749670014E-016));
#2795=DIRECTION('',(-1.42283749670014E-016,0.,1.));
#2796=DIRECTION('',(0.,-1.,0.));
#2797=DIRECTION('',(-1.00435588002363E-015,0.,-1.));
#2798=DIRECTION('',(0.,-1.,0.));
#2799=DIRECTION('',(1.,0.,1.42283749670014E-016));
#2800=DIRECTION('',(0.,0.,-1.));
#2801=DIRECTION('',(0.,-1.,0.));
#2802=DIRECTION('',(-1.42283749670014E-016,0.,1.));
#2803=DIRECTION('',(0.,-1.,0.));
#2804=DIRECTION('',(1.,0.,1.42283749670014E-016));
#2805=DIRECTION('',(-4.74279165566712E-016,0.,-1.));
#2806=DIRECTION('',(0.,-1.,0.));
#2807=DIRECTION('',(-1.42283749670014E-016,0.,1.));
#2808=DIRECTION('',(0.,-1.,0.));
#2809=DIRECTION('',(1.,0.,1.42283749670014E-016));
#2810=DIRECTION('',(0.,0.,-1.));
#2811=DIRECTION('',(0.,-1.,0.));
#2812=DIRECTION('',(-1.42283749670014E-016,0.,1.));
#2813=DIRECTION('',(0.,-1.,0.));
#2814=DIRECTION('',(1.,0.,1.42283749670014E-016));
#2815=DIRECTION('',(1.00435588002363E-015,0.,-1.));
#2816=DIRECTION('',(0.,1.,0.));
#2817=DIRECTION('',(-1.42283749670014E-016,0.,1.));
#2818=DIRECTION('',(0.,-1.,0.));
#2819=DIRECTION('',(1.42283749670014E-016,0.,1.));
#2820=DIRECTION('',(1.,0.,-3.55709374175034E-016));
#2821=DIRECTION('',(0.,1.,0.));
#2822=DIRECTION('',(-1.,0.,1.42283749670014E-016));
#2823=DIRECTION('',(0.,-1.,0.));
#2824=DIRECTION('',(0.,-1.,0.));
#2825=DIRECTION('',(-0.707106781186547,0.,0.707106781186547));
#2826=DIRECTION('',(-1.,0.,8.53702498020087E-016));
#2827=DIRECTION('',(0.,0.,-1.));
#2828=DIRECTION('',(1.,0.,0.));
#2829=DIRECTION('',(0.707106781186547,0.,0.707106781186547));
#2830=DIRECTION('',(-1.,0.,-1.70740499604015E-015));
#2831=DIRECTION('',(0.,0.,-1.));
#2832=DIRECTION('',(1.,0.,0.));
#2833=DIRECTION('',(0.,-1.,0.));
#2834=DIRECTION('',(-0.707106781186547,0.,0.707106781186547));
#2835=DIRECTION('',(-1.,0.,0.));
#2836=DIRECTION('',(0.,0.,-1.));
#2837=DIRECTION('',(1.,0.,1.28055374703013E-015));
#2838=DIRECTION('',(0.707106781186552,0.,0.707106781186543));
#2839=DIRECTION('',(-1.,0.,-6.40276873515062E-016));
#2840=DIRECTION('',(0.,0.,-1.));
#2841=DIRECTION('',(1.,0.,0.));
#2842=DIRECTION('',(0.,-1.,0.));
#2843=DIRECTION('',(-0.707106781186556,0.,0.707106781186539));
#2844=DIRECTION('',(-1.,0.,2.45439468180775E-015));
#2845=DIRECTION('',(0.,0.,-1.));
#2846=DIRECTION('',(1.,0.,-1.06712812252511E-015));
#2847=DIRECTION('',(0.707106781186547,0.,0.707106781186548));
#2848=DIRECTION('',(-1.,0.,-4.26851249010041E-016));
#2849=DIRECTION('',(0.,0.,-1.));
#2850=DIRECTION('',(1.,0.,0.));
#2851=DIRECTION('',(0.,-1.,0.));
#2852=DIRECTION('',(-0.707106781186548,0.,0.707106781186547));
#2853=DIRECTION('',(-1.,0.,-8.53702498020087E-016));
#2854=DIRECTION('',(0.,0.,-1.));
#2855=DIRECTION('',(1.,0.,0.));
#2856=DIRECTION('',(0.707106781186547,0.,0.707106781186547));
#2857=DIRECTION('',(-1.,0.,0.));
#2858=DIRECTION('',(0.,0.,-1.));
#2859=DIRECTION('',(1.,0.,0.));
#2860=DIRECTION('',(-1.,0.,1.42283749670014E-016));
#2861=DIRECTION('',(0.,-1.,0.));
#2862=DIRECTION('',(0.,0.,1.));
#2863=DIRECTION('',(0.,-1.,0.));
#2864=DIRECTION('',(-1.42283749670014E-016,0.,-1.));
#2865=DIRECTION('',(0.,-1.,0.));
#2866=DIRECTION('',(0.707106781186547,0.,-0.707106781186547));
#2867=DIRECTION('',(1.,0.,0.));
#2868=DIRECTION('',(0.,0.,-1.));
#2869=DIRECTION('',(-1.,0.,4.74279165566716E-016));
#2870=DIRECTION('',(-0.707106781186555,0.,-0.70710678118654));
#2871=DIRECTION('',(1.,0.,0.));
#2872=DIRECTION('',(0.,0.,1.));
#2873=DIRECTION('',(-1.,0.,4.26851249010041E-016));
#2874=DIRECTION('',(0.707106781186557,0.,-0.707106781186538));
#2875=DIRECTION('',(1.,0.,4.74279165566716E-016));
#2876=DIRECTION('',(0.,0.,-1.));
#2877=DIRECTION('',(-1.,0.,4.74279165566716E-016));
#2878=DIRECTION('',(-0.707106781186557,0.,-0.707106781186538));
#2879=DIRECTION('',(1.,0.,4.26851249010041E-016));
#2880=DIRECTION('',(0.,0.,1.));
#2881=DIRECTION('',(-1.,0.,0.));
#2882=DIRECTION('',(0.707106781186555,0.,-0.70710678118654));
#2883=DIRECTION('',(1.,0.,4.74279165566716E-016));
#2884=DIRECTION('',(0.,0.,-1.));
#2885=DIRECTION('',(-1.,0.,0.));
#2886=DIRECTION('',(-0.707106781186547,0.,-0.707106781186547));
#2887=DIRECTION('',(1.,0.,8.53702498020077E-016));
#2888=DIRECTION('',(0.,0.,1.));
#2889=DIRECTION('',(-1.,0.,0.));
#2890=DIRECTION('',(0.707106781186547,0.,-0.707106781186547));
#2891=DIRECTION('',(1.,0.,0.));
#2892=DIRECTION('',(0.,0.,1.));
#2893=DIRECTION('',(1.,0.,-1.67392646670604E-016));
#2894=DIRECTION('',(-6.09787498585774E-016,0.,-1.));
#2895=DIRECTION('',(0.707106781186545,0.,-0.70710678118655));
#2896=DIRECTION('',(-3.41480999208032E-015,0.,1.));
#2897=DIRECTION('',(-1.,0.,0.));
#2898=DIRECTION('',(-3.41480999208032E-015,0.,-1.));
#2899=DIRECTION('',(0.707106781186544,0.,0.70710678118655));
#2900=DIRECTION('',(3.52042267224776E-016,0.,1.));
#2901=DIRECTION('',(-0.707106781186551,0.,0.707106781186544));
#2902=DIRECTION('',(0.,0.,-1.));
#2903=DIRECTION('',(1.,0.,0.));
#2904=DIRECTION('',(-2.13425624505021E-016,0.,1.));
#2905=DIRECTION('',(-0.707106781186545,0.,-0.70710678118655));
#2906=DIRECTION('',(-4.26851249010041E-015,0.,-1.));
#2907=DIRECTION('',(-1.,0.,-1.67392646670604E-016));
#2908=DIRECTION('',(0.,0.,1.));
#2909=DIRECTION('',(-1.,0.,0.));
#2910=DIRECTION('',(-0.707106781186547,0.,-0.707106781186547));
#2911=DIRECTION('',(1.,0.,0.));
#2912=DIRECTION('',(0.,0.,1.));
#2913=DIRECTION('',(-1.,0.,8.53702498020077E-016));
#2914=DIRECTION('',(-1.40122139802678E-016,0.173648177666931,-0.984807753012208));
#2915=DIRECTION('',(0.171087869746036,0.970287525247814,0.171087869746036));
#2916=DIRECTION('',(1.,-4.32757280744392E-033,-1.42283749670014E-016));
#2917=DIRECTION('',(0.171087869746036,-0.970287525247814,-0.171087869746036));
#2918=DIRECTION('',(-1.,0.,0.));
#2919=DIRECTION('',(-0.984807753012208,0.173648177666931,-1.40122139802678E-016));
#2920=DIRECTION('',(-0.171087869746036,-0.970287525247814,-0.171087869746036));
#2921=DIRECTION('',(0.,0.,1.));
#2922=DIRECTION('',(0.,0.,1.));
#2923=DIRECTION('',(0.,0.,1.));
#2924=DIRECTION('',(0.,0.,1.));
#2925=DIRECTION('',(0.171087869746036,0.970287525247814,-0.171087869746036));
#2926=DIRECTION('',(1.42283749670014E-016,7.36224599302939E-033,-1.));
#2927=DIRECTION('',(0.,0.173648177666931,0.984807753012208));
#2928=DIRECTION('',(-0.171087869746036,-0.970287525247814,0.171087869746036));
#2929=DIRECTION('',(1.,0.,0.));
#2930=DIRECTION('',(-0.171087869746036,0.970287525247814,-0.171087869746036));
#2931=DIRECTION('',(-1.,0.,0.));
#2932=DIRECTION('',(0.984807753012208,0.173648177666931,-1.40122139802678E-016));
#2933=DIRECTION('',(-0.171087869746036,0.970287525247814,0.171087869746036));
#2934=DIRECTION('',(1.42283749670014E-016,-1.24608489642434E-033,1.));
#2935=DIRECTION('',(0.171087869746036,-0.970287525247814,0.171087869746036));
#2936=DIRECTION('',(0.,0.,-1.));
#2937=DIRECTION('',(0.,0.,-1.));
#2938=DIRECTION('',(0.,0.,-1.));
#2939=DIRECTION('',(0.,0.,-1.));
#2940=DIRECTION('',(0.,-1.,0.));
#2941=DIRECTION('',(0.,-1.,0.));
#2942=DIRECTION('',(0.,0.,-0.0065));
#2943=DIRECTION('',(-1.42283749670014E-016,0.,-1.));
#2944=DIRECTION('',(-1.,0.,1.42283749670014E-016));
#2945=DIRECTION('',(-1.42283749670014E-016,0.,1.));
#2946=DIRECTION('',(1.,0.,0.));
#2947=DIRECTION('',(0.,0.,-1.));
#2948=DIRECTION('',(0.,-1.,0.));
#2949=DIRECTION('',(1.,0.,0.));
#2950=DIRECTION('',(0.,-1.,0.));
#2951=DIRECTION('',(-1.,0.,0.));
#2952=DIRECTION('',(0.,-1.,0.));
#2953=DIRECTION('',(0.,0.,-1.));
#2954=DIRECTION('',(0.,0.,1.));
#2955=DIRECTION('',(0.,-1.,0.));
#2956=DIRECTION('',(-1.,0.,0.));
#2957=DIRECTION('',(0.,1.,0.));
#2958=DIRECTION('',(0.,0.,-1.));
#2959=DIRECTION('',(0.,-1.,0.));
#2960=DIRECTION('',(1.,0.,0.));
#2961=DIRECTION('',(0.,-1.,0.));
#2962=DIRECTION('',(-1.,0.,0.));
#2963=DIRECTION('',(0.,-1.,0.));
#2964=DIRECTION('',(0.,0.,-1.));
#2965=DIRECTION('',(-4.26851249010041E-016,0.,1.));
#2966=DIRECTION('',(0.,-1.,0.));
#2967=DIRECTION('',(-1.,0.,-4.26851249010041E-016));
#2968=DIRECTION('',(0.,1.,0.));
#2969=DIRECTION('',(0.,0.,1.));
#2970=DIRECTION('',(0.,-1.,0.));
#2971=DIRECTION('',(-1.,0.,0.));
#2972=DIRECTION('',(0.,-1.,0.));
#2973=DIRECTION('',(1.,0.,0.));
#2974=DIRECTION('',(0.,-1.,0.));
#2975=DIRECTION('',(0.,0.,1.));
#2976=DIRECTION('',(4.26851249010041E-016,0.,-1.));
#2977=DIRECTION('',(0.,-1.,0.));
#2978=DIRECTION('',(1.,0.,4.26851249010041E-016));
#2979=DIRECTION('',(0.,1.,0.));
#2980=DIRECTION('',(0.,0.,1.));
#2981=DIRECTION('',(0.,-1.,0.));
#2982=DIRECTION('',(-1.,0.,0.));
#2983=DIRECTION('',(0.,-1.,0.));
#2984=DIRECTION('',(1.,0.,0.));
#2985=DIRECTION('',(0.,-1.,0.));
#2986=DIRECTION('',(0.,0.,1.));
#2987=DIRECTION('',(8.53702498020077E-016,0.,-1.));
#2988=DIRECTION('',(0.,-1.,0.));
#2989=DIRECTION('',(1.,0.,8.53702498020077E-016));
#2990=DIRECTION('',(0.,1.,0.));
#2991=DIRECTION('',(8.53702498020077E-016,0.,1.));
#2992=DIRECTION('',(0.,-1.,0.));
#2993=DIRECTION('',(-1.,0.,8.53702498020077E-016));
#2994=DIRECTION('',(0.,-1.,0.));
#2995=DIRECTION('',(1.,0.,0.));
#2996=DIRECTION('',(0.,-1.,0.));
#2997=DIRECTION('',(0.,0.,1.));
#2998=DIRECTION('',(0.,0.,-1.));
#2999=DIRECTION('',(0.,-1.,0.));
#3000=DIRECTION('',(1.,0.,0.));
#3001=DIRECTION('',(0.,1.,0.));
#3002=DIRECTION('',(4.26851249010041E-016,0.,1.));
#3003=DIRECTION('',(0.,-1.,0.));
#3004=DIRECTION('',(-1.,0.,4.26851249010041E-016));
#3005=DIRECTION('',(0.,-1.,0.));
#3006=DIRECTION('',(1.,0.,0.));
#3007=DIRECTION('',(0.,-1.,0.));
#3008=DIRECTION('',(0.,0.,1.));
#3009=DIRECTION('',(0.,0.,-1.));
#3010=DIRECTION('',(0.,-1.,0.));
#3011=DIRECTION('',(1.,0.,0.));
#3012=DIRECTION('',(0.,1.,0.));
#3013=DIRECTION('',(0.,0.,-1.));
#3014=DIRECTION('',(0.,-1.,0.));
#3015=DIRECTION('',(1.,0.,0.));
#3016=DIRECTION('',(0.,-1.,0.));
#3017=DIRECTION('',(-1.,0.,0.));
#3018=DIRECTION('',(0.,-1.,0.));
#3019=DIRECTION('',(0.,0.,-1.));
#3020=DIRECTION('',(-6.40276873515062E-016,0.,1.));
#3021=DIRECTION('',(0.,-1.,0.));
#3022=DIRECTION('',(-1.,0.,-6.40276873515062E-016));
#3023=DIRECTION('',(0.,1.,0.));
#3024=DIRECTION('',(0.,0.,-1.));
#3025=DIRECTION('',(0.,-1.,0.));
#3026=DIRECTION('',(1.,0.,0.));
#3027=DIRECTION('',(0.,-1.,0.));
#3028=DIRECTION('',(-1.,0.,0.));
#3029=DIRECTION('',(0.,-1.,0.));
#3030=DIRECTION('',(0.,0.,-1.));
#3031=DIRECTION('',(-1.70740499604015E-015,0.,1.));
#3032=DIRECTION('',(0.,-1.,0.));
#3033=DIRECTION('',(-1.,0.,-1.70740499604015E-015));
#3034=DIRECTION('',(0.,1.,0.));
#3035=DIRECTION('',(-1.,0.,0.));
#3036=DIRECTION('',(0.,-1.,0.));
#3037=DIRECTION('',(0.,0.,1.));
#3038=DIRECTION('',(0.,0.,-1.));
#3039=DIRECTION('',(0.,-1.,0.));
#3040=DIRECTION('',(1.,0.,2.13425624505021E-016));
#3041=DIRECTION('',(0.,-1.,0.));
#3042=DIRECTION('',(-2.13425624505021E-016,0.,1.));
#3043=DIRECTION('',(3.4822075577135E-015,0.,-1.));
#3044=DIRECTION('',(0.,-1.,0.));
#3045=DIRECTION('',(0.,0.,-1.));
#3046=DIRECTION('',(1.,0.,0.));
#3047=DIRECTION('',(0.,-1.,0.));
#3048=DIRECTION('',(-1.,0.,3.41480999208032E-015));
#3049=DIRECTION('',(0.,-1.,0.));
#3050=DIRECTION('',(-3.41480999208032E-015,0.,-1.));
#3051=DIRECTION('',(1.34795131266329E-015,0.,1.));
#3052=DIRECTION('',(0.,-1.,0.));
#3053=DIRECTION('',(0.,0.,1.));
#3054=DIRECTION('',(0.,-1.,0.));
#3055=DIRECTION('',(-1.,0.,0.));
#3056=DIRECTION('',(1.,0.,3.41480999208032E-015));
#3057=DIRECTION('',(0.,-1.,0.));
#3058=DIRECTION('',(1.46028058871857E-015,0.,-1.));
#3059=DIRECTION('',(-3.41480999208032E-015,0.,1.));
#3060=DIRECTION('',(0.,1.,0.));
#3061=DIRECTION('',(1.,0.,-3.52042267224776E-016));
#3062=DIRECTION('',(0.,-1.,0.));
#3063=DIRECTION('',(3.52042267224776E-016,0.,1.));
#3064=DIRECTION('',(0.,-1.,0.));
#3065=DIRECTION('',(0.707106781186544,0.,0.707106781186551));
#3066=DIRECTION('',(-0.707106781186551,0.,0.707106781186544));
#3067=DIRECTION('',(0.707106781186548,0.,0.707106781186548));
#3068=DIRECTION('',(-0.707106781186547,0.,0.707106781186547));
#3069=DIRECTION('',(0.,-1.,0.));
#3070=DIRECTION('',(8.53702498020087E-016,0.,1.));
#3071=DIRECTION('',(-1.,0.,8.53702498020087E-016));
#3072=DIRECTION('',(0.,-1.,0.));
#3073=DIRECTION('',(-1.,0.,0.));
#3074=DIRECTION('',(0.,0.,-1.));
#3075=DIRECTION('',(0.,-1.,0.));
#3076=DIRECTION('',(0.,0.,-1.));
#3077=DIRECTION('',(1.,0.,0.));
#3078=DIRECTION('',(0.,-1.,0.));
#3079=DIRECTION('',(0.707106781186548,0.,-0.707106781186548));
#3080=DIRECTION('',(0.707106781186547,0.,0.707106781186547));
#3081=DIRECTION('',(0.707106781186548,0.,0.707106781186548));
#3082=DIRECTION('',(-0.707106781186547,0.,0.707106781186547));
#3083=DIRECTION('',(0.,-1.,0.));
#3084=DIRECTION('',(0.,0.,1.));
#3085=DIRECTION('',(-1.,0.,0.));
#3086=DIRECTION('',(0.,-1.,0.));
#3087=DIRECTION('',(-1.,0.,0.));
#3088=DIRECTION('',(0.,0.,-1.));
#3089=DIRECTION('',(0.,-1.,0.));
#3090=DIRECTION('',(1.28055374703013E-015,0.,-1.));
#3091=DIRECTION('',(1.,0.,1.28055374703013E-015));
#3092=DIRECTION('',(0.,-1.,0.));
#3093=DIRECTION('',(0.707106781186543,0.,-0.707106781186552));
#3094=DIRECTION('',(0.707106781186552,0.,0.707106781186543));
#3095=DIRECTION('',(0.707106781186539,0.,0.707106781186556));
#3096=DIRECTION('',(-0.707106781186556,0.,0.707106781186539));
#3097=DIRECTION('',(0.,-1.,0.));
#3098=DIRECTION('',(2.45439468180775E-015,0.,1.));
#3099=DIRECTION('',(-1.,0.,2.45439468180775E-015));
#3100=DIRECTION('',(0.,-1.,0.));
#3101=DIRECTION('',(-1.,0.,0.));
#3102=DIRECTION('',(0.,0.,-1.));
#3103=DIRECTION('',(0.,-1.,0.));
#3104=DIRECTION('',(-1.06712812252511E-015,0.,-1.));
#3105=DIRECTION('',(1.,0.,-1.06712812252511E-015));
#3106=DIRECTION('',(0.,-1.,0.));
#3107=DIRECTION('',(0.707106781186548,0.,-0.707106781186547));
#3108=DIRECTION('',(0.707106781186547,0.,0.707106781186548));
#3109=DIRECTION('',(0.707106781186547,0.,0.707106781186548));
#3110=DIRECTION('',(-0.707106781186548,0.,0.707106781186547));
#3111=DIRECTION('',(0.,-1.,0.));
#3112=DIRECTION('',(-8.53702498020087E-016,0.,1.));
#3113=DIRECTION('',(-1.,0.,-8.53702498020087E-016));
#3114=DIRECTION('',(0.,-1.,0.));
#3115=DIRECTION('',(-1.,0.,0.));
#3116=DIRECTION('',(0.,0.,-1.));
#3117=DIRECTION('',(0.,-1.,0.));
#3118=DIRECTION('',(0.,0.,-1.));
#3119=DIRECTION('',(1.,0.,0.));
#3120=DIRECTION('',(0.,-1.,0.));
#3121=DIRECTION('',(0.707106781186548,0.,-0.707106781186548));
#3122=DIRECTION('',(0.707106781186547,0.,0.707106781186547));
#3123=DIRECTION('',(0.707106781186551,0.,-0.707106781186545));
#3124=DIRECTION('',(0.707106781186544,0.,0.70710678118655));
#3125=DIRECTION('',(0.,-1.,0.));
#3126=DIRECTION('',(0.,-1.,0.));
#3127=DIRECTION('',(0.,0.,-0.0015));
#3128=DIRECTION('',(0.,-1.,0.));
#3129=DIRECTION('',(0.,0.,-0.0015));
#3130=DIRECTION('',(-1.,0.,6.09787498585774E-016));
#3131=DIRECTION('',(0.,-1.,0.));
#3132=DIRECTION('',(-6.09787498585774E-016,0.,-1.));
#3133=DIRECTION('',(0.,-1.,0.));
#3134=DIRECTION('',(-0.70710678118655,0.,-0.707106781186545));
#3135=DIRECTION('',(0.707106781186545,0.,-0.70710678118655));
#3136=DIRECTION('',(-0.707106781186548,0.,-0.707106781186548));
#3137=DIRECTION('',(0.707106781186547,0.,-0.707106781186547));
#3138=DIRECTION('',(0.,-1.,0.));
#3139=DIRECTION('',(0.,0.,-1.));
#3140=DIRECTION('',(1.,0.,0.));
#3141=DIRECTION('',(0.,-1.,0.));
#3142=DIRECTION('',(1.,0.,0.));
#3143=DIRECTION('',(0.,0.,1.));
#3144=DIRECTION('',(0.,-1.,0.));
#3145=DIRECTION('',(-1.67392646670604E-016,0.,-1.));
#3146=DIRECTION('',(1.,0.,-1.67392646670604E-016));
#3147=DIRECTION('',(0.,-1.,0.));
#3148=DIRECTION('',(0.,-1.,0.));
#3149=DIRECTION('',(0.,0.,-0.0015));
#3150=DIRECTION('',(-0.70710678118655,0.,0.707106781186545));
#3151=DIRECTION('',(-0.707106781186545,0.,-0.70710678118655));
#3152=DIRECTION('',(0.,-1.,0.));
#3153=DIRECTION('',(-1.,0.,4.26851249010041E-015));
#3154=DIRECTION('',(-4.26851249010041E-015,0.,-1.));
#3155=DIRECTION('',(0.,-1.,0.));
#3156=DIRECTION('',(-1.67392646670604E-016,0.,1.));
#3157=DIRECTION('',(-1.,0.,-1.67392646670604E-016));
#3158=DIRECTION('',(0.,-1.,0.));
#3159=DIRECTION('',(1.,0.,0.));
#3160=DIRECTION('',(0.,0.,1.));
#3161=DIRECTION('',(0.,-1.,0.));
#3162=DIRECTION('',(0.,0.,1.));
#3163=DIRECTION('',(-1.,0.,0.));
#3164=DIRECTION('',(0.,-1.,0.));
#3165=DIRECTION('',(-0.707106781186548,0.,0.707106781186548));
#3166=DIRECTION('',(-0.707106781186547,0.,-0.707106781186547));
#3167=DIRECTION('',(0.,-1.,0.));
#3168=DIRECTION('',(0.,-1.,0.));
#3169=DIRECTION('',(0.,0.,-0.0015));
#3170=DIRECTION('',(0.,0.,1.));
#3171=DIRECTION('',(0.,-1.,0.));
#3172=DIRECTION('',(-1.,0.,0.));
#3173=DIRECTION('',(0.,-1.,0.));
#3174=DIRECTION('',(-0.707106781186548,0.,0.707106781186548));
#3175=DIRECTION('',(-0.707106781186547,0.,-0.707106781186547));
#3176=DIRECTION('',(-0.70710678118654,0.,-0.707106781186555));
#3177=DIRECTION('',(0.707106781186555,0.,-0.70710678118654));
#3178=DIRECTION('',(0.,-1.,0.));
#3179=DIRECTION('',(4.74279165566716E-016,0.,-1.));
#3180=DIRECTION('',(1.,0.,4.74279165566716E-016));
#3181=DIRECTION('',(0.,-1.,0.));
#3182=DIRECTION('',(-1.,0.,0.));
#3183=DIRECTION('',(0.,0.,-1.));
#3184=DIRECTION('',(0.,-1.,0.));
#3185=DIRECTION('',(4.74279165566716E-016,0.,-1.));
#3186=DIRECTION('',(0.,-1.,0.));
#3187=DIRECTION('',(1.,0.,4.74279165566716E-016));
#3188=DIRECTION('',(0.,-1.,0.));
#3189=DIRECTION('',(-1.,0.,0.));
#3190=DIRECTION('',(0.,0.,-1.));
#3191=DIRECTION('',(0.,-1.,0.));
#3192=DIRECTION('',(4.74279165566716E-016,0.,1.));
#3193=DIRECTION('',(-1.,0.,4.74279165566716E-016));
#3194=DIRECTION('',(0.,-1.,0.));
#3195=DIRECTION('',(-0.707106781186538,0.,0.707106781186557));
#3196=DIRECTION('',(-0.707106781186557,0.,-0.707106781186538));
#3197=DIRECTION('',(-0.707106781186538,0.,-0.707106781186557));
#3198=DIRECTION('',(0.707106781186557,0.,-0.707106781186538));
#3199=DIRECTION('',(0.,1.,0.));
#3200=DIRECTION('',(-0.707106781186548,0.,-0.707106781186548));
#3201=DIRECTION('',(0.707106781186547,0.,-0.707106781186547));
#3202=DIRECTION('',(0.,-1.,0.));
#3203=DIRECTION('',(0.,0.,-1.));
#3204=DIRECTION('',(1.,0.,0.));
#3205=DIRECTION('',(0.,-1.,0.));
#3206=DIRECTION('',(-1.,0.,0.));
#3207=DIRECTION('',(0.,0.,-1.));
#3208=DIRECTION('',(0.,-1.,0.));
#3209=DIRECTION('',(4.74279165566716E-016,0.,1.));
#3210=DIRECTION('',(-1.,0.,4.74279165566716E-016));
#3211=DIRECTION('',(0.,-1.,0.));
#3212=DIRECTION('',(-0.70710678118654,0.,0.707106781186555));
#3213=DIRECTION('',(-0.707106781186555,0.,-0.70710678118654));
#3214=DIRECTION('',(0.,-1.,0.));
#3215=DIRECTION('',(0.,1.,0.));
#3216=DIRECTION('',(0.,0.,0.006));
#3217=DIRECTION('',(0.,1.,0.));
#3218=DIRECTION('',(0.,0.,0.006));
#3219=DIRECTION('',(0.,1.,0.));
#3220=DIRECTION('',(0.,-1.,0.));
#3221=DIRECTION('',(0.,0.,-0.0015));
#3222=DIRECTION('',(0.171087869746036,-0.970287525247814,0.171087869746036));
#3223=DIRECTION('',(0.00147721162951832,0.000260472266500397,-1.63828159545028E-019));
#3224=DIRECTION('',(-0.171087869746034,0.970287525247815,-0.171087869746033));
#3225=DIRECTION('',(-0.00147721162951832,-0.000260472266500394,2.56426684505257E-019));
#3226=DIRECTION('',(0.,-1.,0.));
#3227=DIRECTION('',(0.,0.,-0.0015));
#3228=DIRECTION('',(0.,0.,1.));
#3229=DIRECTION('',(1.,0.,0.));
#3230=DIRECTION('',(-1.,0.,0.));
#3231=DIRECTION('',(0.,0.,-0.0015));
#3232=DIRECTION('',(-1.00353855932769E-015,5.69134998680056E-015,-1.));
#3233=DIRECTION('',(-1.18747850450315E-048,-0.0015,-8.53702498020082E-018));
#3234=DIRECTION('',(0.,-1.,0.));
#3235=DIRECTION('',(0.,0.,-0.0015));
#3236=DIRECTION('',(0.171087869746036,-0.970287525247814,-0.171087869746036));
#3237=DIRECTION('',(-1.56705196086548E-019,0.000260472266500397,-0.00147721162951832));
#3238=DIRECTION('',(-0.171087869746033,0.970287525247815,0.171087869746033));
#3239=DIRECTION('',(0.,-0.000260472266500393,0.00147721162951832));
#3240=DIRECTION('',(1.42283749670014E-016,0.,1.));
#3241=DIRECTION('',(0.0015,0.,-2.1342562450502E-019));
#3242=DIRECTION('',(0.,0.,-1.));
#3243=DIRECTION('',(-0.0015,0.,0.));
#3244=DIRECTION('',(-1.,0.,0.));
#3245=DIRECTION('',(0.,0.,0.0015));
#3246=DIRECTION('',(-1.,-5.69134998680056E-015,1.00353855932769E-015));
#3247=DIRECTION('',(8.53702498020082E-018,-0.0015,-1.18747850450315E-048));
#3248=DIRECTION('',(-0.171087869746036,-0.970287525247814,0.171087869746036));
#3249=DIRECTION('',(-1.56705196086548E-019,-0.000260472266500397,-0.00147721162951832));
#3250=DIRECTION('',(0.171087869746033,0.970287525247815,-0.171087869746034));
#3251=DIRECTION('',(2.56426684505257E-019,0.000260472266500394,0.00147721162951832));
#3252=DIRECTION('',(0.,0.,1.));
#3253=DIRECTION('',(1.,0.,0.));
#3254=DIRECTION('',(-1.,0.,0.));
#3255=DIRECTION('',(0.,0.,-0.0015));
#3256=DIRECTION('',(0.,0.,1.));
#3257=DIRECTION('',(1.,0.,0.));
#3258=DIRECTION('',(0.,0.,-1.));
#3259=DIRECTION('',(0.0015,0.,0.));
#3260=DIRECTION('',(1.,0.,-1.42283749670014E-016));
#3261=DIRECTION('',(-2.1342562450502E-019,0.,-0.0015));
#3262=DIRECTION('',(-1.,0.,0.));
#3263=DIRECTION('',(0.,0.,0.0015));
#3264=DIRECTION('',(1.42283749670014E-016,0.,-1.));
#3265=DIRECTION('',(-0.0015,0.,-2.1342562450502E-019));
#3266=DIRECTION('',(0.,0.,-1.));
#3267=DIRECTION('',(-0.0015,0.,0.));
#3268=DIRECTION('',(0.,0.,1.));
#3269=DIRECTION('',(1.,0.,0.));
#3270=DIRECTION('',(-0.171087869746033,-0.970287525247815,-0.171087869746033));
#3271=DIRECTION('',(0.,-0.000260472266500393,0.00147721162951832));
#3272=DIRECTION('',(0.,-1.,0.));
#3273=DIRECTION('',(0.,0.,-0.0015));
#3274=DIRECTION('',(-0.171087869746036,-0.970287525247814,-0.171087869746036));
#3275=DIRECTION('',(1.49582232628069E-019,0.000260472266500397,-0.00147721162951832));
#3276=DIRECTION('',(0.,-1.,0.));
#3277=CARTESIAN_POINT('',(0.,0.,0.));
#3278=CARTESIAN_POINT('',(-0.04,0.0415,-0.04));
#3279=CARTESIAN_POINT('',(-0.04,0.0415,-0.04));
#3280=CARTESIAN_POINT('',(-0.04,0.0415,-0.034));
#3281=CARTESIAN_POINT('',(-0.04,0.0415,-0.046));
#3282=CARTESIAN_POINT('',(-0.04,0.0415,-0.0335));
#3283=CARTESIAN_POINT('',(-0.04,0.042,-0.0335));
#3284=CARTESIAN_POINT('',(-0.04,0.042,-0.04));
#3285=CARTESIAN_POINT('',(-0.04,0.042,-0.0465));
#3286=CARTESIAN_POINT('',(-0.04,0.0415,-0.0465));
#3287=CARTESIAN_POINT('',(-0.04,0.0405,-0.04));
#3288=CARTESIAN_POINT('',(-0.04,0.0405,-0.04));
#3289=CARTESIAN_POINT('',(-0.04,0.0405,-0.046));
#3290=CARTESIAN_POINT('',(-0.04,0.0405,-0.034));
#3291=CARTESIAN_POINT('',(-0.04,0.0405,-0.046));
#3292=CARTESIAN_POINT('',(-0.04,0.0415,-0.04));
#3293=CARTESIAN_POINT('',(-0.04,0.0405,-0.034));
#3294=CARTESIAN_POINT('',(0.06,0.01,0.06));
#3295=CARTESIAN_POINT('',(0.06,0.001,-0.0350000000000001));
#3296=CARTESIAN_POINT('',(0.06,0.001,-0.0350000000000001));
#3297=CARTESIAN_POINT('',(0.06,0.000999999999999999,-0.017));
#3298=CARTESIAN_POINT('',(0.06,0.01,-0.035));
#3299=CARTESIAN_POINT('',(0.06,0.01,-0.035));
#3300=CARTESIAN_POINT('',(0.06,0.01,0.06));
#3301=CARTESIAN_POINT('',(0.06,0.01,-0.017));
#3302=CARTESIAN_POINT('',(0.06,0.01,-0.017));
#3303=CARTESIAN_POINT('',(0.06,0.01,0.06));
#3304=CARTESIAN_POINT('',(0.06,0.001,0.0350000000000001));
#3305=CARTESIAN_POINT('',(0.06,0.001,0.017));
#3306=CARTESIAN_POINT('',(0.06,0.000999999999999999,0.035));
#3307=CARTESIAN_POINT('',(0.06,0.01,0.017));
#3308=CARTESIAN_POINT('',(0.06,0.01,0.017));
#3309=CARTESIAN_POINT('',(0.06,0.01,0.06));
#3310=CARTESIAN_POINT('',(0.06,0.01,0.035));
#3311=CARTESIAN_POINT('',(0.06,0.01,0.035));
#3312=CARTESIAN_POINT('',(-0.06,0.01,-0.06));
#3313=CARTESIAN_POINT('',(-0.06,0.01,-0.06));
#3314=CARTESIAN_POINT('',(0.0585,0.01,-0.06));
#3315=CARTESIAN_POINT('',(-0.00399999999999999,0.01,-0.06));
#3316=CARTESIAN_POINT('',(0.0585,0.01,-0.06));
#3317=CARTESIAN_POINT('',(0.0585,0.001,-0.06));
#3318=CARTESIAN_POINT('',(0.06,0.001,-0.06));
#3319=CARTESIAN_POINT('',(-0.00399999999999999,0.001,-0.06));
#3320=CARTESIAN_POINT('',(-0.00399999999999999,0.01,-0.06));
#3321=CARTESIAN_POINT('',(0.06,0.01,0.06));
#3322=CARTESIAN_POINT('',(0.06,0.001,-0.043));
#3323=CARTESIAN_POINT('',(0.06,0.001,-0.0585));
#3324=CARTESIAN_POINT('',(0.06,0.001,-0.043));
#3325=CARTESIAN_POINT('',(0.06,0.01,-0.0585));
#3326=CARTESIAN_POINT('',(0.06,0.01,-0.0585));
#3327=CARTESIAN_POINT('',(0.06,0.01,0.06));
#3328=CARTESIAN_POINT('',(0.06,0.01,-0.043));
#3329=CARTESIAN_POINT('',(0.06,0.01,-0.043));
#3330=CARTESIAN_POINT('',(0.06,0.01,0.06));
#3331=CARTESIAN_POINT('',(0.06,0.01,0.06));
#3332=CARTESIAN_POINT('',(0.06,0.01,0.0585));
#3333=CARTESIAN_POINT('',(0.06,0.01,0.043));
#3334=CARTESIAN_POINT('',(0.06,0.01,0.0585));
#3335=CARTESIAN_POINT('',(0.06,0.001,0.0585));
#3336=CARTESIAN_POINT('',(0.06,0.001,0.043));
#3337=CARTESIAN_POINT('',(0.06,0.001,0.043));
#3338=CARTESIAN_POINT('',(0.06,0.01,0.043));
#3339=CARTESIAN_POINT('',(-0.06,0.01,0.06));
#3340=CARTESIAN_POINT('',(-0.004,0.001,0.06));
#3341=CARTESIAN_POINT('',(0.0585,0.001,0.06));
#3342=CARTESIAN_POINT('',(-0.004,0.001,0.06));
#3343=CARTESIAN_POINT('',(0.0585,0.01,0.06));
#3344=CARTESIAN_POINT('',(0.0585,0.01,0.06));
#3345=CARTESIAN_POINT('',(-0.06,0.01,0.06));
#3346=CARTESIAN_POINT('',(-0.004,0.01,0.06));
#3347=CARTESIAN_POINT('',(-0.004,0.01,0.06));
#3348=CARTESIAN_POINT('',(-0.06,0.01,0.06));
#3349=CARTESIAN_POINT('',(-0.06,0.01,0.06));
#3350=CARTESIAN_POINT('',(-0.0585,0.01,0.06));
#3351=CARTESIAN_POINT('',(-0.012,0.01,0.06));
#3352=CARTESIAN_POINT('',(-0.0585,0.01,0.06));
#3353=CARTESIAN_POINT('',(-0.0585,0.001,0.06));
#3354=CARTESIAN_POINT('',(-0.06,0.001,0.06));
#3355=CARTESIAN_POINT('',(-0.012,0.001,0.06));
#3356=CARTESIAN_POINT('',(-0.012,0.01,0.06));
#3357=CARTESIAN_POINT('',(-0.06,0.01,0.06));
#3358=CARTESIAN_POINT('',(-0.06,0.01,0.06));
#3359=CARTESIAN_POINT('',(-0.06,0.01,-0.0585));
#3360=CARTESIAN_POINT('',(-0.06,0.01,-0.043));
#3361=CARTESIAN_POINT('',(-0.06,0.01,-0.0585));
#3362=CARTESIAN_POINT('',(-0.06,0.001,-0.0585));
#3363=CARTESIAN_POINT('',(-0.06,0.001,-0.043));
#3364=CARTESIAN_POINT('',(-0.06,0.001,-0.043));
#3365=CARTESIAN_POINT('',(-0.06,0.01,-0.043));
#3366=CARTESIAN_POINT('',(-0.06,0.01,0.06));
#3367=CARTESIAN_POINT('',(-0.06,0.001,-0.0350000000000001));
#3368=CARTESIAN_POINT('',(-0.06,0.001,-0.017));
#3369=CARTESIAN_POINT('',(-0.06,0.001,-0.0350000000000001));
#3370=CARTESIAN_POINT('',(-0.06,0.01,-0.017));
#3371=CARTESIAN_POINT('',(-0.06,0.01,-0.017));
#3372=CARTESIAN_POINT('',(-0.06,0.01,0.06));
#3373=CARTESIAN_POINT('',(-0.06,0.01,-0.035));
#3374=CARTESIAN_POINT('',(-0.06,0.01,-0.035));
#3375=CARTESIAN_POINT('',(-0.06,0.01,0.06));
#3376=CARTESIAN_POINT('',(-0.06,0.001,-0.00900000000000003));
#3377=CARTESIAN_POINT('',(-0.06,0.001,0.00899999999999999));
#3378=CARTESIAN_POINT('',(-0.06,0.001,-0.00900000000000003));
#3379=CARTESIAN_POINT('',(-0.06,0.01,0.00899999999999999));
#3380=CARTESIAN_POINT('',(-0.06,0.01,0.00899999999999999));
#3381=CARTESIAN_POINT('',(-0.06,0.01,0.06));
#3382=CARTESIAN_POINT('',(-0.06,0.01,-0.00900000000000003));
#3383=CARTESIAN_POINT('',(-0.06,0.01,-0.00900000000000003));
#3384=CARTESIAN_POINT('',(-0.06,0.01,0.06));
#3385=CARTESIAN_POINT('',(-0.06,0.001,0.035));
#3386=CARTESIAN_POINT('',(-0.06,0.001,0.035));
#3387=CARTESIAN_POINT('',(-0.06,0.001,0.0169999999999999));
#3388=CARTESIAN_POINT('',(-0.06,0.01,0.035));
#3389=CARTESIAN_POINT('',(-0.06,0.01,0.035));
#3390=CARTESIAN_POINT('',(-0.06,0.01,0.06));
#3391=CARTESIAN_POINT('',(-0.06,0.01,0.017));
#3392=CARTESIAN_POINT('',(-0.06,0.01,0.017));
#3393=CARTESIAN_POINT('',(-0.06,0.01,0.06));
#3394=CARTESIAN_POINT('',(-0.06,0.001,0.043));
#3395=CARTESIAN_POINT('',(-0.06,0.001,0.0585));
#3396=CARTESIAN_POINT('',(-0.06,0.001,0.043));
#3397=CARTESIAN_POINT('',(-0.06,0.01,0.0585));
#3398=CARTESIAN_POINT('',(-0.06,0.01,0.0585));
#3399=CARTESIAN_POINT('',(-0.06,0.01,0.06));
#3400=CARTESIAN_POINT('',(-0.06,0.01,0.043));
#3401=CARTESIAN_POINT('',(-0.06,0.01,0.043));
#3402=CARTESIAN_POINT('',(-0.06,0.01,-0.06));
#3403=CARTESIAN_POINT('',(-0.012,0.001,-0.06));
#3404=CARTESIAN_POINT('',(-0.0585,0.001,-0.06));
#3405=CARTESIAN_POINT('',(-0.012,0.001,-0.06));
#3406=CARTESIAN_POINT('',(-0.0585,0.01,-0.06));
#3407=CARTESIAN_POINT('',(-0.0585,0.01,-0.06));
#3408=CARTESIAN_POINT('',(-0.06,0.01,-0.06));
#3409=CARTESIAN_POINT('',(-0.012,0.01,-0.06));
#3410=CARTESIAN_POINT('',(-0.012,0.01,-0.06));
#3411=CARTESIAN_POINT('',(-0.06,0.,0.06));
#3412=CARTESIAN_POINT('',(-0.06,0.,-0.043));
#3413=CARTESIAN_POINT('',(-0.0579999999999999,0.,-0.045));
#3414=CARTESIAN_POINT('',(-0.06,0.,-0.043));
#3415=CARTESIAN_POINT('',(-0.0579999999999999,0.,-0.045));
#3416=CARTESIAN_POINT('',(-0.048,0.,-0.045));
#3417=CARTESIAN_POINT('',(-0.048,0.,-0.033));
#3418=CARTESIAN_POINT('',(-0.048,0.,-0.033));
#3419=CARTESIAN_POINT('',(-0.058,0.,-0.033));
#3420=CARTESIAN_POINT('',(-0.058,0.,-0.033));
#3421=CARTESIAN_POINT('',(-0.06,0.,-0.0350000000000001));
#3422=CARTESIAN_POINT('',(-0.06,0.,-0.0350000000000001));
#3423=CARTESIAN_POINT('',(-0.06,0.,-0.035));
#3424=CARTESIAN_POINT('',(-0.065,0.,-0.035));
#3425=CARTESIAN_POINT('',(-0.065,0.,-0.043));
#3426=CARTESIAN_POINT('',(-0.065,0.,-0.043));
#3427=CARTESIAN_POINT('',(-0.06,0.,-0.043));
#3428=CARTESIAN_POINT('',(-0.06,0.,0.06));
#3429=CARTESIAN_POINT('',(-0.06,0.,-0.017));
#3430=CARTESIAN_POINT('',(-0.0579999999999999,0.,-0.019));
#3431=CARTESIAN_POINT('',(-0.06,0.,-0.017));
#3432=CARTESIAN_POINT('',(-0.0579999999999999,0.,-0.019));
#3433=CARTESIAN_POINT('',(-0.048,0.,-0.019));
#3434=CARTESIAN_POINT('',(-0.048,0.,-0.019));
#3435=CARTESIAN_POINT('',(-0.048,0.,-0.00699999999999998));
#3436=CARTESIAN_POINT('',(-0.0579999999999999,0.,-0.00699999999999999));
#3437=CARTESIAN_POINT('',(-0.0579999999999999,0.,-0.00699999999999999));
#3438=CARTESIAN_POINT('',(-0.06,0.,-0.00900000000000003));
#3439=CARTESIAN_POINT('',(-0.06,0.,-0.00900000000000003));
#3440=CARTESIAN_POINT('',(-0.06,0.,-0.00900000000000003));
#3441=CARTESIAN_POINT('',(-0.065,0.,-0.00900000000000003));
#3442=CARTESIAN_POINT('',(-0.065,0.,-0.017));
#3443=CARTESIAN_POINT('',(-0.065,0.,-0.017));
#3444=CARTESIAN_POINT('',(-0.06,0.,-0.017));
#3445=CARTESIAN_POINT('',(-0.06,0.,0.06));
#3446=CARTESIAN_POINT('',(-0.06,0.,0.00899999999999999));
#3447=CARTESIAN_POINT('',(-0.0579999999999999,0.,0.00699999999999999));
#3448=CARTESIAN_POINT('',(-0.06,0.,0.00899999999999999));
#3449=CARTESIAN_POINT('',(-0.0579999999999999,0.,0.00699999999999999));
#3450=CARTESIAN_POINT('',(-0.048,0.,0.00699999999999997));
#3451=CARTESIAN_POINT('',(-0.048,0.,0.00699999999999997));
#3452=CARTESIAN_POINT('',(-0.048,0.,0.019));
#3453=CARTESIAN_POINT('',(-0.058,0.,0.019));
#3454=CARTESIAN_POINT('',(-0.058,0.,0.019));
#3455=CARTESIAN_POINT('',(-0.06,0.,0.0169999999999999));
#3456=CARTESIAN_POINT('',(-0.06,0.,0.0169999999999999));
#3457=CARTESIAN_POINT('',(-0.06,0.,0.017));
#3458=CARTESIAN_POINT('',(-0.065,0.,0.017));
#3459=CARTESIAN_POINT('',(-0.065,0.,0.017));
#3460=CARTESIAN_POINT('',(-0.065,0.,0.00899999999999999));
#3461=CARTESIAN_POINT('',(-0.06,0.,0.00899999999999999));
#3462=CARTESIAN_POINT('',(-0.06,0.,0.06));
#3463=CARTESIAN_POINT('',(-0.06,0.,0.035));
#3464=CARTESIAN_POINT('',(-0.058,0.,0.0329999999999999));
#3465=CARTESIAN_POINT('',(-0.06,0.,0.035));
#3466=CARTESIAN_POINT('',(-0.058,0.,0.0329999999999999));
#3467=CARTESIAN_POINT('',(-0.048,0.,0.0329999999999999));
#3468=CARTESIAN_POINT('',(-0.048,0.,0.0329999999999999));
#3469=CARTESIAN_POINT('',(-0.048,0.,0.045));
#3470=CARTESIAN_POINT('',(-0.0579999999999999,0.,0.045));
#3471=CARTESIAN_POINT('',(-0.0579999999999999,0.,0.045));
#3472=CARTESIAN_POINT('',(-0.06,0.,0.043));
#3473=CARTESIAN_POINT('',(-0.06,0.,0.043));
#3474=CARTESIAN_POINT('',(-0.06,0.,0.043));
#3475=CARTESIAN_POINT('',(-0.065,0.,0.043));
#3476=CARTESIAN_POINT('',(-0.065,0.,0.043));
#3477=CARTESIAN_POINT('',(-0.065,0.,0.035));
#3478=CARTESIAN_POINT('',(-0.06,0.,0.035));
#3479=CARTESIAN_POINT('',(0.06,0.01,0.06));
#3480=CARTESIAN_POINT('',(0.06,0.01,0.00900000000000001));
#3481=CARTESIAN_POINT('',(0.06,0.01,0.00900000000000001));
#3482=CARTESIAN_POINT('',(0.06,0.001,0.00900000000000001));
#3483=CARTESIAN_POINT('',(0.06,0.001,-0.00900000000000001));
#3484=CARTESIAN_POINT('',(0.06,0.001,-0.00900000000000001));
#3485=CARTESIAN_POINT('',(0.06,0.01,-0.00900000000000001));
#3486=CARTESIAN_POINT('',(0.06,0.01,-0.00900000000000001));
#3487=CARTESIAN_POINT('',(0.06,0.01,0.06));
#3488=CARTESIAN_POINT('',(-0.06,0.,0.06));
#3489=CARTESIAN_POINT('',(0.06,0.,-0.0350000000000001));
#3490=CARTESIAN_POINT('',(0.0579999999999999,0.,-0.033));
#3491=CARTESIAN_POINT('',(0.06,0.,-0.0350000000000001));
#3492=CARTESIAN_POINT('',(0.0579999999999999,0.,-0.033));
#3493=CARTESIAN_POINT('',(0.049,0.,-0.033));
#3494=CARTESIAN_POINT('',(0.049,0.,-0.033));
#3495=CARTESIAN_POINT('',(0.049,0.,-0.019));
#3496=CARTESIAN_POINT('',(0.0579999999999999,0.,-0.019));
#3497=CARTESIAN_POINT('',(0.0579999999999999,0.,-0.019));
#3498=CARTESIAN_POINT('',(0.06,0.,-0.017));
#3499=CARTESIAN_POINT('',(0.06,0.,-0.017));
#3500=CARTESIAN_POINT('',(0.06,0.,-0.017));
#3501=CARTESIAN_POINT('',(0.065,0.,-0.017));
#3502=CARTESIAN_POINT('',(0.065,0.,-0.017));
#3503=CARTESIAN_POINT('',(0.065,0.,-0.00900000000000001));
#3504=CARTESIAN_POINT('',(0.06,0.,-0.00900000000000001));
#3505=CARTESIAN_POINT('',(0.06,0.,-0.00900000000000001));
#3506=CARTESIAN_POINT('',(0.06,0.,-0.00900000000000001));
#3507=CARTESIAN_POINT('',(0.0579999999999999,0.,-0.00699999999999999));
#3508=CARTESIAN_POINT('',(0.0579999999999999,0.,-0.00699999999999999));
#3509=CARTESIAN_POINT('',(0.049,0.,-0.007));
#3510=CARTESIAN_POINT('',(0.049,0.,-0.007));
#3511=CARTESIAN_POINT('',(0.049,0.,0.007));
#3512=CARTESIAN_POINT('',(0.0579999999999999,0.,0.00699999999999999));
#3513=CARTESIAN_POINT('',(0.0579999999999999,0.,0.00699999999999999));
#3514=CARTESIAN_POINT('',(0.06,0.,0.00900000000000001));
#3515=CARTESIAN_POINT('',(0.06,0.,0.00900000000000001));
#3516=CARTESIAN_POINT('',(0.06,0.,0.00900000000000001));
#3517=CARTESIAN_POINT('',(0.065,0.,0.00900000000000001));
#3518=CARTESIAN_POINT('',(0.065,0.,0.017));
#3519=CARTESIAN_POINT('',(0.065,0.,0.017));
#3520=CARTESIAN_POINT('',(0.06,0.,0.017));
#3521=CARTESIAN_POINT('',(0.06,0.,0.017));
#3522=CARTESIAN_POINT('',(0.06,0.,0.017));
#3523=CARTESIAN_POINT('',(0.0579999999999999,0.,0.019));
#3524=CARTESIAN_POINT('',(0.0579999999999999,0.,0.019));
#3525=CARTESIAN_POINT('',(0.049,0.,0.019));
#3526=CARTESIAN_POINT('',(0.049,0.,0.033));
#3527=CARTESIAN_POINT('',(0.049,0.,0.033));
#3528=CARTESIAN_POINT('',(0.0579999999999999,0.,0.033));
#3529=CARTESIAN_POINT('',(0.0579999999999999,0.,0.033));
#3530=CARTESIAN_POINT('',(0.06,0.,0.0350000000000001));
#3531=CARTESIAN_POINT('',(0.06,0.,0.0350000000000001));
#3532=CARTESIAN_POINT('',(0.06,0.,0.035));
#3533=CARTESIAN_POINT('',(0.065,0.,0.035));
#3534=CARTESIAN_POINT('',(0.065,0.,0.043));
#3535=CARTESIAN_POINT('',(0.065,0.,0.043));
#3536=CARTESIAN_POINT('',(0.06,0.,0.043));
#3537=CARTESIAN_POINT('',(0.06,0.,0.043));
#3538=CARTESIAN_POINT('',(0.06,0.,0.043));
#3539=CARTESIAN_POINT('',(0.0579999999999999,0.,0.045));
#3540=CARTESIAN_POINT('',(0.0579999999999999,0.,0.045));
#3541=CARTESIAN_POINT('',(0.049,0.,0.045));
#3542=CARTESIAN_POINT('',(0.049,0.,0.0415));
#3543=CARTESIAN_POINT('',(0.049,0.,0.0415));
#3544=CARTESIAN_POINT('',(0.049,0.,0.0415));
#3545=CARTESIAN_POINT('',(-0.002,0.,0.0415));
#3546=CARTESIAN_POINT('',(-0.002,0.,0.0415));
#3547=CARTESIAN_POINT('',(-0.00199999999999999,0.,0.0485));
#3548=CARTESIAN_POINT('',(-0.00399999999999999,0.,0.0505));
#3549=CARTESIAN_POINT('',(-0.00399999999999999,0.,0.0505));
#3550=CARTESIAN_POINT('',(-0.004,0.,0.06));
#3551=CARTESIAN_POINT('',(-0.00400000000000002,0.,0.065));
#3552=CARTESIAN_POINT('',(-0.012,0.,0.065));
#3553=CARTESIAN_POINT('',(-0.012,0.,0.065));
#3554=CARTESIAN_POINT('',(-0.012,0.,0.06));
#3555=CARTESIAN_POINT('',(-0.012,0.,0.0505));
#3556=CARTESIAN_POINT('',(-0.012,0.,0.0505));
#3557=CARTESIAN_POINT('',(-0.014,0.,0.0485));
#3558=CARTESIAN_POINT('',(-0.014,0.,-0.0485));
#3559=CARTESIAN_POINT('',(-0.014,0.,-0.0485));
#3560=CARTESIAN_POINT('',(-0.012,0.,-0.0505));
#3561=CARTESIAN_POINT('',(-0.012,0.,-0.0505));
#3562=CARTESIAN_POINT('',(-0.012,0.,-0.06));
#3563=CARTESIAN_POINT('',(-0.012,0.,-0.065));
#3564=CARTESIAN_POINT('',(-0.012,0.,-0.065));
#3565=CARTESIAN_POINT('',(-0.00399999999999999,0.,-0.065));
#3566=CARTESIAN_POINT('',(-0.00399999999999999,0.,-0.06));
#3567=CARTESIAN_POINT('',(-0.00400000000000002,0.,-0.0505));
#3568=CARTESIAN_POINT('',(-0.00400000000000002,0.,-0.0505));
#3569=CARTESIAN_POINT('',(-0.00200000000000003,0.,-0.0485));
#3570=CARTESIAN_POINT('',(-0.002,0.,-0.0415));
#3571=CARTESIAN_POINT('',(-0.002,0.,-0.0415));
#3572=CARTESIAN_POINT('',(0.049,0.,-0.0415));
#3573=CARTESIAN_POINT('',(0.049,0.,-0.0415));
#3574=CARTESIAN_POINT('',(0.049,0.,-0.0415));
#3575=CARTESIAN_POINT('',(0.049,0.,-0.045));
#3576=CARTESIAN_POINT('',(0.0579999999999999,0.,-0.045));
#3577=CARTESIAN_POINT('',(0.0579999999999999,0.,-0.045));
#3578=CARTESIAN_POINT('',(0.06,0.,-0.043));
#3579=CARTESIAN_POINT('',(0.06,0.,-0.043));
#3580=CARTESIAN_POINT('',(0.06,0.,-0.043));
#3581=CARTESIAN_POINT('',(0.065,0.,-0.043));
#3582=CARTESIAN_POINT('',(0.065,0.,-0.043));
#3583=CARTESIAN_POINT('',(0.065,0.,-0.035));
#3584=CARTESIAN_POINT('',(0.06,0.,-0.035));
#3585=CARTESIAN_POINT('',(0.06,0.01,-0.06));
#3586=CARTESIAN_POINT('',(-0.0585,0.01,-0.06));
#3587=CARTESIAN_POINT('',(-0.0585075396366803,0.01,-0.06));
#3588=CARTESIAN_POINT('',(-0.0585150790590661,0.0100003223842654,-0.0599999431549559));
#3589=CARTESIAN_POINT('',(-0.0585226178385806,0.0100009671344702,-0.0599998294680989));
#3590=CARTESIAN_POINT('',(-0.0585226178385806,0.0100009671344702,-0.0599998294680989));
#3591=CARTESIAN_POINT('',(-0.0550535008185938,0.0296753074200477,-0.0565307124481121));
#3592=CARTESIAN_POINT('',(-0.0530988871705632,0.0407604722665004,-0.0545760988000815));
#3593=CARTESIAN_POINT('',(0.06,0.0407604722665004,-0.0545760988000815));
#3594=CARTESIAN_POINT('',(0.0530988871705632,0.0407604722665004,-0.0545760988000815));
#3595=CARTESIAN_POINT('',(0.0585660279195022,0.00975477633175156,-0.0600432395490205));
#3596=CARTESIAN_POINT('',(0.0585226178385806,0.0100009671344701,-0.0599998294680989));
#3597=CARTESIAN_POINT('',(0.0585226178385806,0.0100009671344701,-0.0599998294680989));
#3598=CARTESIAN_POINT('',(0.0585150790590661,0.0100003223842653,-0.0599999431549559));
#3599=CARTESIAN_POINT('',(0.0585075396366803,0.00999999999999997,-0.06));
#3600=CARTESIAN_POINT('',(0.0585,0.01,-0.06));
#3601=CARTESIAN_POINT('',(-0.012,0.01,-0.06));
#3602=CARTESIAN_POINT('',(-0.06,0.01,-0.06));
#3603=CARTESIAN_POINT('',(-0.0600432395490205,0.00975477633175156,-0.0585660279195022));
#3604=CARTESIAN_POINT('',(-0.0545760988000815,0.0407604722665004,-0.0530988871705632));
#3605=CARTESIAN_POINT('',(-0.0599998294680989,0.0100009671344701,-0.0585226178385806));
#3606=CARTESIAN_POINT('',(-0.0599998294680989,0.0100009671344701,-0.0585226178385806));
#3607=CARTESIAN_POINT('',(-0.0599999431549559,0.0100003223842653,-0.0585150790590661));
#3608=CARTESIAN_POINT('',(-0.06,0.00999999999999998,-0.0585075396366803));
#3609=CARTESIAN_POINT('',(-0.06,0.01,-0.0585));
#3610=CARTESIAN_POINT('',(-0.06,0.01,-0.043));
#3611=CARTESIAN_POINT('',(-0.06,0.01,-0.017));
#3612=CARTESIAN_POINT('',(-0.06,0.01,0.017));
#3613=CARTESIAN_POINT('',(-0.06,0.01,0.043));
#3614=CARTESIAN_POINT('',(-0.06,0.01,0.0585));
#3615=CARTESIAN_POINT('',(-0.06,0.00999999999999997,0.0585075396366803));
#3616=CARTESIAN_POINT('',(-0.0599999431549559,0.0100003223842653,0.0585150790590661));
#3617=CARTESIAN_POINT('',(-0.0599998294680989,0.0100009671344701,0.0585226178385806));
#3618=CARTESIAN_POINT('',(-0.0599998294680989,0.0100009671344701,0.0585226178385806));
#3619=CARTESIAN_POINT('',(-0.0565307124481121,0.0296753074200477,0.0550535008185938));
#3620=CARTESIAN_POINT('',(-0.0545760988000815,0.0407604722665004,0.0530988871705632));
#3621=CARTESIAN_POINT('',(-0.0545760988000815,0.0407604722665004,-0.06));
#3622=CARTESIAN_POINT('',(-0.06,0.01,0.06));
#3623=CARTESIAN_POINT('',(-0.0585660279195022,0.00975477633175156,0.0600432395490205));
#3624=CARTESIAN_POINT('',(-0.0530988871705632,0.0407604722665004,0.0545760988000815));
#3625=CARTESIAN_POINT('',(-0.0585226178385806,0.0100009671344701,0.0599998294680989));
#3626=CARTESIAN_POINT('',(-0.0585226178385806,0.0100009671344701,0.0599998294680989));
#3627=CARTESIAN_POINT('',(-0.0585150790590661,0.0100003223842653,0.0599999431549559));
#3628=CARTESIAN_POINT('',(-0.0585075396366803,0.00999999999999997,0.06));
#3629=CARTESIAN_POINT('',(-0.0585,0.01,0.06));
#3630=CARTESIAN_POINT('',(-0.012,0.01,0.06));
#3631=CARTESIAN_POINT('',(0.0585,0.01,0.06));
#3632=CARTESIAN_POINT('',(0.0585075396366803,0.00999999999999997,0.06));
#3633=CARTESIAN_POINT('',(0.0585150790590661,0.0100003223842653,0.0599999431549559));
#3634=CARTESIAN_POINT('',(0.0585226178385806,0.0100009671344701,0.0599998294680989));
#3635=CARTESIAN_POINT('',(0.0585226178385806,0.0100009671344701,0.0599998294680989));
#3636=CARTESIAN_POINT('',(0.0550535008185938,0.0296753074200477,0.0565307124481121));
#3637=CARTESIAN_POINT('',(0.0530988871705632,0.0407604722665004,0.0545760988000815));
#3638=CARTESIAN_POINT('',(-0.06,0.0407604722665004,0.0545760988000815));
#3639=CARTESIAN_POINT('',(0.06,0.01,0.06));
#3640=CARTESIAN_POINT('',(0.06,0.01,-0.0585));
#3641=CARTESIAN_POINT('',(0.06,0.01,-0.0585075396366803));
#3642=CARTESIAN_POINT('',(0.0599999431549558,0.0100003223842654,-0.0585150790590661));
#3643=CARTESIAN_POINT('',(0.0599998294680989,0.0100009671344702,-0.0585226178385806));
#3644=CARTESIAN_POINT('',(0.0599998294680989,0.0100009671344702,-0.0585226178385806));
#3645=CARTESIAN_POINT('',(0.0565307124481121,0.0296753074200477,-0.0550535008185938));
#3646=CARTESIAN_POINT('',(0.0545760988000815,0.0407604722665004,-0.0530988871705632));
#3647=CARTESIAN_POINT('',(0.0545760988000815,0.0407604722665004,0.06));
#3648=CARTESIAN_POINT('',(0.0545760988000815,0.0407604722665004,0.0530988871705632));
#3649=CARTESIAN_POINT('',(0.0600432395490205,0.00975477633175156,0.0585660279195022));
#3650=CARTESIAN_POINT('',(0.0599998294680989,0.0100009671344701,0.0585226178385806));
#3651=CARTESIAN_POINT('',(0.0599998294680989,0.0100009671344701,0.0585226178385806));
#3652=CARTESIAN_POINT('',(0.0599999431549559,0.0100003223842653,0.0585150790590661));
#3653=CARTESIAN_POINT('',(0.06,0.00999999999999997,0.0585075396366803));
#3654=CARTESIAN_POINT('',(0.06,0.01,0.0585));
#3655=CARTESIAN_POINT('',(0.06,0.01,0.043));
#3656=CARTESIAN_POINT('',(0.06,0.01,0.017));
#3657=CARTESIAN_POINT('',(0.06,0.01,-0.017));
#3658=CARTESIAN_POINT('',(0.06,0.01,-0.043));
#3659=CARTESIAN_POINT('',(0.06,0.042,-0.06));
#3660=CARTESIAN_POINT('',(-0.04,0.042,-0.04));
#3661=CARTESIAN_POINT('',(0.0530988871705632,0.042,-0.06));
#3662=CARTESIAN_POINT('',(0.0530988871705632,0.042,0.0530988871705632));
#3663=CARTESIAN_POINT('',(0.0530988871705632,0.042,-0.0530988871705632));
#3664=CARTESIAN_POINT('',(0.06,0.042,-0.0530988871705632));
#3665=CARTESIAN_POINT('',(-0.0530988871705632,0.042,-0.0530988871705632));
#3666=CARTESIAN_POINT('',(-0.0530988871705632,0.042,-0.06));
#3667=CARTESIAN_POINT('',(-0.0530988871705632,0.042,0.0530988871705632));
#3668=CARTESIAN_POINT('',(0.06,0.042,0.0530988871705632));
#3669=CARTESIAN_POINT('',(-0.06,0.01,0.035));
#3670=CARTESIAN_POINT('',(-0.065,0.01,0.035));
#3671=CARTESIAN_POINT('',(-0.065,0.01,0.035));
#3672=CARTESIAN_POINT('',(-0.06,0.01,0.035));
#3673=CARTESIAN_POINT('',(-0.06,0.001,0.035));
#3674=CARTESIAN_POINT('',(-0.065,0.01,0.043));
#3675=CARTESIAN_POINT('',(-0.065,0.01,0.043));
#3676=CARTESIAN_POINT('',(-0.065,0.01,0.043));
#3677=CARTESIAN_POINT('',(-0.065,0.01,0.043));
#3678=CARTESIAN_POINT('',(-0.06,0.01,0.043));
#3679=CARTESIAN_POINT('',(-0.06,0.001,0.043));
#3680=CARTESIAN_POINT('',(-0.06,0.01,0.043));
#3681=CARTESIAN_POINT('',(-0.06,0.01,0.035));
#3682=CARTESIAN_POINT('',(-0.06,0.01,0.00899999999999999));
#3683=CARTESIAN_POINT('',(-0.065,0.01,0.00899999999999999));
#3684=CARTESIAN_POINT('',(-0.065,0.01,0.00899999999999999));
#3685=CARTESIAN_POINT('',(-0.06,0.01,0.00899999999999999));
#3686=CARTESIAN_POINT('',(-0.06,0.001,0.00899999999999999));
#3687=CARTESIAN_POINT('',(-0.065,0.01,0.017));
#3688=CARTESIAN_POINT('',(-0.065,0.01,0.017));
#3689=CARTESIAN_POINT('',(-0.065,0.01,0.017));
#3690=CARTESIAN_POINT('',(-0.065,0.01,0.017));
#3691=CARTESIAN_POINT('',(-0.06,0.01,0.017));
#3692=CARTESIAN_POINT('',(-0.06,0.001,0.0169999999999999));
#3693=CARTESIAN_POINT('',(-0.06,0.01,0.017));
#3694=CARTESIAN_POINT('',(-0.06,0.01,0.00899999999999999));
#3695=CARTESIAN_POINT('',(0.06,0.01,0.017));
#3696=CARTESIAN_POINT('',(0.065,0.01,0.017));
#3697=CARTESIAN_POINT('',(0.065,0.01,0.017));
#3698=CARTESIAN_POINT('',(0.06,0.01,0.017));
#3699=CARTESIAN_POINT('',(0.06,0.001,0.017));
#3700=CARTESIAN_POINT('',(0.065,0.01,0.017));
#3701=CARTESIAN_POINT('',(0.065,0.01,0.00900000000000001));
#3702=CARTESIAN_POINT('',(0.065,0.01,0.00900000000000001));
#3703=CARTESIAN_POINT('',(0.065,0.01,0.017));
#3704=CARTESIAN_POINT('',(0.06,0.01,0.00900000000000001));
#3705=CARTESIAN_POINT('',(0.06,0.001,0.00900000000000001));
#3706=CARTESIAN_POINT('',(0.06,0.01,0.00900000000000001));
#3707=CARTESIAN_POINT('',(0.065,0.01,0.017));
#3708=CARTESIAN_POINT('',(0.06,0.01,0.043));
#3709=CARTESIAN_POINT('',(0.065,0.01,0.043));
#3710=CARTESIAN_POINT('',(0.065,0.01,0.043));
#3711=CARTESIAN_POINT('',(0.06,0.01,0.043));
#3712=CARTESIAN_POINT('',(0.06,0.001,0.043));
#3713=CARTESIAN_POINT('',(0.065,0.01,0.043));
#3714=CARTESIAN_POINT('',(0.065,0.01,0.035));
#3715=CARTESIAN_POINT('',(0.065,0.01,0.035));
#3716=CARTESIAN_POINT('',(0.065,0.01,0.043));
#3717=CARTESIAN_POINT('',(0.06,0.01,0.035));
#3718=CARTESIAN_POINT('',(0.06,0.001,0.0350000000000001));
#3719=CARTESIAN_POINT('',(0.06,0.01,0.035));
#3720=CARTESIAN_POINT('',(0.065,0.01,0.043));
#3721=CARTESIAN_POINT('',(0.06,0.01,-0.035));
#3722=CARTESIAN_POINT('',(0.065,0.01,-0.035));
#3723=CARTESIAN_POINT('',(0.065,0.01,-0.035));
#3724=CARTESIAN_POINT('',(0.06,0.01,-0.035));
#3725=CARTESIAN_POINT('',(0.06,0.001,-0.0350000000000001));
#3726=CARTESIAN_POINT('',(0.065,0.01,-0.043));
#3727=CARTESIAN_POINT('',(0.065,0.01,-0.043));
#3728=CARTESIAN_POINT('',(0.065,0.01,-0.043));
#3729=CARTESIAN_POINT('',(0.065,0.01,-0.043));
#3730=CARTESIAN_POINT('',(0.06,0.01,-0.043));
#3731=CARTESIAN_POINT('',(0.06,0.001,-0.043));
#3732=CARTESIAN_POINT('',(0.06,0.01,-0.043));
#3733=CARTESIAN_POINT('',(0.06,0.01,-0.043));
#3734=CARTESIAN_POINT('',(0.06,0.01,-0.00900000000000001));
#3735=CARTESIAN_POINT('',(0.065,0.01,-0.00900000000000001));
#3736=CARTESIAN_POINT('',(0.065,0.01,-0.00900000000000001));
#3737=CARTESIAN_POINT('',(0.06,0.01,-0.00900000000000001));
#3738=CARTESIAN_POINT('',(0.06,0.001,-0.00900000000000001));
#3739=CARTESIAN_POINT('',(0.065,0.01,-0.017));
#3740=CARTESIAN_POINT('',(0.065,0.01,-0.017));
#3741=CARTESIAN_POINT('',(0.065,0.01,-0.017));
#3742=CARTESIAN_POINT('',(0.065,0.01,-0.017));
#3743=CARTESIAN_POINT('',(0.06,0.01,-0.017));
#3744=CARTESIAN_POINT('',(0.06,0.001,-0.017));
#3745=CARTESIAN_POINT('',(0.06,0.01,-0.017));
#3746=CARTESIAN_POINT('',(0.06,0.01,-0.017));
#3747=CARTESIAN_POINT('',(-0.06,0.01,-0.017));
#3748=CARTESIAN_POINT('',(-0.065,0.01,-0.017));
#3749=CARTESIAN_POINT('',(-0.065,0.01,-0.017));
#3750=CARTESIAN_POINT('',(-0.06,0.01,-0.017));
#3751=CARTESIAN_POINT('',(-0.06,0.001,-0.017));
#3752=CARTESIAN_POINT('',(-0.065,0.01,-0.017));
#3753=CARTESIAN_POINT('',(-0.065,0.01,-0.00900000000000003));
#3754=CARTESIAN_POINT('',(-0.065,0.01,-0.00900000000000003));
#3755=CARTESIAN_POINT('',(-0.065,0.01,-0.017));
#3756=CARTESIAN_POINT('',(-0.06,0.01,-0.00900000000000003));
#3757=CARTESIAN_POINT('',(-0.06,0.001,-0.00900000000000003));
#3758=CARTESIAN_POINT('',(-0.06,0.01,-0.00900000000000003));
#3759=CARTESIAN_POINT('',(-0.065,0.01,-0.017));
#3760=CARTESIAN_POINT('',(-0.06,0.01,-0.043));
#3761=CARTESIAN_POINT('',(-0.065,0.01,-0.043));
#3762=CARTESIAN_POINT('',(-0.065,0.01,-0.043));
#3763=CARTESIAN_POINT('',(-0.06,0.01,-0.043));
#3764=CARTESIAN_POINT('',(-0.06,0.001,-0.043));
#3765=CARTESIAN_POINT('',(-0.065,0.01,-0.043));
#3766=CARTESIAN_POINT('',(-0.065,0.01,-0.035));
#3767=CARTESIAN_POINT('',(-0.065,0.01,-0.035));
#3768=CARTESIAN_POINT('',(-0.065,0.01,-0.043));
#3769=CARTESIAN_POINT('',(-0.06,0.01,-0.035));
#3770=CARTESIAN_POINT('',(-0.06,0.001,-0.0350000000000001));
#3771=CARTESIAN_POINT('',(-0.06,0.01,-0.035));
#3772=CARTESIAN_POINT('',(-0.065,0.01,-0.043));
#3773=CARTESIAN_POINT('',(-0.012,0.01,-0.06));
#3774=CARTESIAN_POINT('',(-0.012,0.001,-0.0505));
#3775=CARTESIAN_POINT('',(-0.012,0.001,-0.0505));
#3776=CARTESIAN_POINT('',(-0.012,0.001,-0.06));
#3777=CARTESIAN_POINT('',(-0.012,0.01,-0.06));
#3778=CARTESIAN_POINT('',(-0.012,0.01,-0.065));
#3779=CARTESIAN_POINT('',(-0.012,0.01,-0.065));
#3780=CARTESIAN_POINT('',(-0.00399999999999999,0.01,-0.06));
#3781=CARTESIAN_POINT('',(-0.00399999999999999,0.01,-0.065));
#3782=CARTESIAN_POINT('',(-0.00399999999999999,0.01,-0.065));
#3783=CARTESIAN_POINT('',(-0.00399999999999999,0.01,-0.06));
#3784=CARTESIAN_POINT('',(-0.00399999999999999,0.001,-0.06));
#3785=CARTESIAN_POINT('',(-0.00400000000000002,0.001,-0.0505));
#3786=CARTESIAN_POINT('',(-0.00400000000000002,0.001,-0.0505));
#3787=CARTESIAN_POINT('',(-0.012,0.01,-0.065));
#3788=CARTESIAN_POINT('',(-0.012,0.01,-0.065));
#3789=CARTESIAN_POINT('',(-0.012,0.01,-0.065));
#3790=CARTESIAN_POINT('',(-0.012,0.01,0.06));
#3791=CARTESIAN_POINT('',(-0.012,0.01,0.065));
#3792=CARTESIAN_POINT('',(-0.012,0.01,0.065));
#3793=CARTESIAN_POINT('',(-0.012,0.01,0.06));
#3794=CARTESIAN_POINT('',(-0.012,0.001,0.06));
#3795=CARTESIAN_POINT('',(-0.012,0.001,0.0505));
#3796=CARTESIAN_POINT('',(-0.012,0.001,0.0505));
#3797=CARTESIAN_POINT('',(-0.012,0.01,0.065));
#3798=CARTESIAN_POINT('',(-0.00400000000000002,0.01,0.065));
#3799=CARTESIAN_POINT('',(-0.00400000000000002,0.01,0.065));
#3800=CARTESIAN_POINT('',(-0.012,0.01,0.065));
#3801=CARTESIAN_POINT('',(-0.004,0.01,0.06));
#3802=CARTESIAN_POINT('',(-0.00399999999999999,0.001,0.0505));
#3803=CARTESIAN_POINT('',(-0.00399999999999999,0.001,0.0505));
#3804=CARTESIAN_POINT('',(-0.004,0.001,0.06));
#3805=CARTESIAN_POINT('',(-0.004,0.01,0.06));
#3806=CARTESIAN_POINT('',(-0.012,0.01,0.065));
#3807=CARTESIAN_POINT('',(-0.014,0.001,-0.0485));
#3808=CARTESIAN_POINT('',(-0.014,0.001,0.0485));
#3809=CARTESIAN_POINT('',(-0.014,0.001,0.0485));
#3810=CARTESIAN_POINT('',(-0.014,0.001,-0.0485));
#3811=CARTESIAN_POINT('',(-0.014,0.001,-0.0485));
#3812=CARTESIAN_POINT('',(-0.014,0.001,-0.0485));
#3813=CARTESIAN_POINT('',(-0.012,0.001,-0.0505));
#3814=CARTESIAN_POINT('',(-0.012,0.001,-0.0505));
#3815=CARTESIAN_POINT('',(-0.06,0.001,-0.043));
#3816=CARTESIAN_POINT('',(-0.06,0.001,-0.043));
#3817=CARTESIAN_POINT('',(-0.0579999999999999,0.001,-0.045));
#3818=CARTESIAN_POINT('',(-0.0579999999999999,0.001,-0.045));
#3819=CARTESIAN_POINT('',(-0.0579999999999999,0.001,-0.045));
#3820=CARTESIAN_POINT('',(-0.0579999999999999,0.001,-0.045));
#3821=CARTESIAN_POINT('',(-0.048,0.001,-0.045));
#3822=CARTESIAN_POINT('',(-0.048,0.001,-0.045));
#3823=CARTESIAN_POINT('',(-0.048,0.001,-0.033));
#3824=CARTESIAN_POINT('',(-0.048,0.001,-0.033));
#3825=CARTESIAN_POINT('',(-0.048,0.001,-0.033));
#3826=CARTESIAN_POINT('',(-0.048,0.001,-0.033));
#3827=CARTESIAN_POINT('',(-0.058,0.001,-0.033));
#3828=CARTESIAN_POINT('',(-0.058,0.001,-0.033));
#3829=CARTESIAN_POINT('',(-0.058,0.001,-0.033));
#3830=CARTESIAN_POINT('',(-0.058,0.001,-0.033));
#3831=CARTESIAN_POINT('',(-0.06,0.001,-0.0350000000000001));
#3832=CARTESIAN_POINT('',(-0.06,0.001,-0.0350000000000001));
#3833=CARTESIAN_POINT('',(-0.06,0.001,-0.017));
#3834=CARTESIAN_POINT('',(-0.06,0.001,-0.017));
#3835=CARTESIAN_POINT('',(-0.0579999999999999,0.001,-0.019));
#3836=CARTESIAN_POINT('',(-0.0579999999999999,0.001,-0.019));
#3837=CARTESIAN_POINT('',(-0.0579999999999999,0.001,-0.019));
#3838=CARTESIAN_POINT('',(-0.0579999999999999,0.001,-0.019));
#3839=CARTESIAN_POINT('',(-0.048,0.001,-0.019));
#3840=CARTESIAN_POINT('',(-0.048,0.001,-0.019));
#3841=CARTESIAN_POINT('',(-0.048,0.001,-0.019));
#3842=CARTESIAN_POINT('',(-0.048,0.001,-0.019));
#3843=CARTESIAN_POINT('',(-0.048,0.001,-0.00699999999999998));
#3844=CARTESIAN_POINT('',(-0.048,0.001,-0.00699999999999998));
#3845=CARTESIAN_POINT('',(-0.0579999999999999,0.001,-0.00699999999999999));
#3846=CARTESIAN_POINT('',(-0.0579999999999999,0.001,-0.00699999999999999));
#3847=CARTESIAN_POINT('',(-0.0579999999999999,0.001,-0.00699999999999999));
#3848=CARTESIAN_POINT('',(-0.0579999999999999,0.001,-0.00699999999999999));
#3849=CARTESIAN_POINT('',(-0.06,0.001,-0.00900000000000003));
#3850=CARTESIAN_POINT('',(-0.06,0.001,-0.00900000000000003));
#3851=CARTESIAN_POINT('',(-0.06,0.001,0.00899999999999999));
#3852=CARTESIAN_POINT('',(-0.06,0.001,0.00899999999999999));
#3853=CARTESIAN_POINT('',(-0.0579999999999999,0.001,0.00699999999999999));
#3854=CARTESIAN_POINT('',(-0.0579999999999999,0.001,0.00699999999999999));
#3855=CARTESIAN_POINT('',(-0.0579999999999999,0.001,0.00699999999999999));
#3856=CARTESIAN_POINT('',(-0.0579999999999999,0.001,0.00699999999999999));
#3857=CARTESIAN_POINT('',(-0.048,0.001,0.00699999999999997));
#3858=CARTESIAN_POINT('',(-0.048,0.001,0.00699999999999997));
#3859=CARTESIAN_POINT('',(-0.048,0.001,0.00699999999999997));
#3860=CARTESIAN_POINT('',(-0.048,0.001,0.00699999999999997));
#3861=CARTESIAN_POINT('',(-0.048,0.001,0.019));
#3862=CARTESIAN_POINT('',(-0.048,0.001,0.019));
#3863=CARTESIAN_POINT('',(-0.058,0.001,0.019));
#3864=CARTESIAN_POINT('',(-0.058,0.001,0.019));
#3865=CARTESIAN_POINT('',(-0.058,0.001,0.019));
#3866=CARTESIAN_POINT('',(-0.058,0.001,0.019));
#3867=CARTESIAN_POINT('',(-0.06,0.001,0.0169999999999999));
#3868=CARTESIAN_POINT('',(-0.06,0.001,0.0169999999999999));
#3869=CARTESIAN_POINT('',(-0.06,0.001,0.035));
#3870=CARTESIAN_POINT('',(-0.06,0.001,0.035));
#3871=CARTESIAN_POINT('',(-0.058,0.001,0.0329999999999999));
#3872=CARTESIAN_POINT('',(-0.058,0.001,0.0329999999999999));
#3873=CARTESIAN_POINT('',(-0.058,0.001,0.0329999999999999));
#3874=CARTESIAN_POINT('',(-0.058,0.001,0.0329999999999999));
#3875=CARTESIAN_POINT('',(-0.048,0.001,0.0329999999999999));
#3876=CARTESIAN_POINT('',(-0.048,0.001,0.0329999999999999));
#3877=CARTESIAN_POINT('',(-0.048,0.001,0.0329999999999999));
#3878=CARTESIAN_POINT('',(-0.048,0.001,0.0329999999999999));
#3879=CARTESIAN_POINT('',(-0.048,0.001,0.045));
#3880=CARTESIAN_POINT('',(-0.048,0.001,0.045));
#3881=CARTESIAN_POINT('',(-0.0579999999999999,0.001,0.045));
#3882=CARTESIAN_POINT('',(-0.0579999999999999,0.001,0.045));
#3883=CARTESIAN_POINT('',(-0.0579999999999999,0.001,0.045));
#3884=CARTESIAN_POINT('',(-0.0579999999999999,0.001,0.045));
#3885=CARTESIAN_POINT('',(-0.06,0.001,0.043));
#3886=CARTESIAN_POINT('',(-0.06,0.001,0.043));
#3887=CARTESIAN_POINT('',(-0.012,0.001,0.0505));
#3888=CARTESIAN_POINT('',(-0.012,0.001,0.0505));
#3889=CARTESIAN_POINT('',(-0.014,0.001,-0.06));
#3890=CARTESIAN_POINT('',(-0.0585,0.001,-0.0585));
#3891=CARTESIAN_POINT('',(-0.0585,0.001,0.0585));
#3892=CARTESIAN_POINT('',(-0.002,0.001,0.0415));
#3893=CARTESIAN_POINT('',(-0.002,0.001,0.0415));
#3894=CARTESIAN_POINT('',(-0.002,0.001,0.0415));
#3895=CARTESIAN_POINT('',(-0.002,0.001,0.0415));
#3896=CARTESIAN_POINT('',(-0.00199999999999999,0.001,0.0485));
#3897=CARTESIAN_POINT('',(-0.00199999999999999,0.001,0.0485));
#3898=CARTESIAN_POINT('',(-0.00399999999999999,0.001,0.0505));
#3899=CARTESIAN_POINT('',(-0.00399999999999999,0.001,0.0505));
#3900=CARTESIAN_POINT('',(0.06,0.001,0.043));
#3901=CARTESIAN_POINT('',(0.06,0.001,0.043));
#3902=CARTESIAN_POINT('',(0.0579999999999999,0.001,0.045));
#3903=CARTESIAN_POINT('',(0.0579999999999999,0.001,0.045));
#3904=CARTESIAN_POINT('',(0.0579999999999999,0.001,0.045));
#3905=CARTESIAN_POINT('',(0.0579999999999999,0.001,0.045));
#3906=CARTESIAN_POINT('',(0.049,0.001,0.045));
#3907=CARTESIAN_POINT('',(0.049,0.001,0.045));
#3908=CARTESIAN_POINT('',(0.049,0.001,0.0415));
#3909=CARTESIAN_POINT('',(0.049,0.001,0.0415));
#3910=CARTESIAN_POINT('',(0.049,0.001,0.0415));
#3911=CARTESIAN_POINT('',(0.049,0.001,0.0415));
#3912=CARTESIAN_POINT('',(0.049,0.001,0.0415));
#3913=CARTESIAN_POINT('',(0.049,0.001,0.0415));
#3914=CARTESIAN_POINT('',(-0.002,0.001,0.0415));
#3915=CARTESIAN_POINT('',(0.0585,0.001,0.0585));
#3916=CARTESIAN_POINT('',(-0.00400000000000002,0.001,-0.0505));
#3917=CARTESIAN_POINT('',(-0.00400000000000002,0.001,-0.0505));
#3918=CARTESIAN_POINT('',(-0.00200000000000003,0.001,-0.0485));
#3919=CARTESIAN_POINT('',(-0.00200000000000003,0.001,-0.0485));
#3920=CARTESIAN_POINT('',(-0.002,0.001,-0.0415));
#3921=CARTESIAN_POINT('',(-0.002,0.001,-0.0415));
#3922=CARTESIAN_POINT('',(-0.002,0.001,-0.0415));
#3923=CARTESIAN_POINT('',(-0.002,0.001,-0.0415));
#3924=CARTESIAN_POINT('',(0.049,0.001,-0.0415));
#3925=CARTESIAN_POINT('',(0.049,0.001,-0.0415));
#3926=CARTESIAN_POINT('',(0.049,0.001,-0.0415));
#3927=CARTESIAN_POINT('',(0.049,0.001,-0.0415));
#3928=CARTESIAN_POINT('',(0.049,0.001,-0.0415));
#3929=CARTESIAN_POINT('',(0.049,0.001,-0.0415));
#3930=CARTESIAN_POINT('',(0.049,0.001,-0.045));
#3931=CARTESIAN_POINT('',(0.049,0.001,-0.045));
#3932=CARTESIAN_POINT('',(0.0579999999999999,0.001,-0.045));
#3933=CARTESIAN_POINT('',(0.0579999999999999,0.001,-0.045));
#3934=CARTESIAN_POINT('',(0.0579999999999999,0.001,-0.045));
#3935=CARTESIAN_POINT('',(0.0579999999999999,0.001,-0.045));
#3936=CARTESIAN_POINT('',(0.06,0.001,-0.043));
#3937=CARTESIAN_POINT('',(0.06,0.001,-0.043));
#3938=CARTESIAN_POINT('',(0.00149999999999994,0.001,-0.045));
#3939=CARTESIAN_POINT('',(0.0585,0.001,-0.0585));
#3940=CARTESIAN_POINT('',(0.0579999999999999,0.001,0.033));
#3941=CARTESIAN_POINT('',(0.049,0.001,0.033));
#3942=CARTESIAN_POINT('',(0.049,0.001,0.033));
#3943=CARTESIAN_POINT('',(0.0579999999999999,0.001,0.033));
#3944=CARTESIAN_POINT('',(0.0579999999999999,0.001,0.033));
#3945=CARTESIAN_POINT('',(0.0579999999999999,0.001,0.033));
#3946=CARTESIAN_POINT('',(0.06,0.001,0.0350000000000001));
#3947=CARTESIAN_POINT('',(0.06,0.001,0.0350000000000001));
#3948=CARTESIAN_POINT('',(0.06,0.001,0.017));
#3949=CARTESIAN_POINT('',(0.06,0.001,0.017));
#3950=CARTESIAN_POINT('',(0.0579999999999999,0.001,0.019));
#3951=CARTESIAN_POINT('',(0.0579999999999999,0.001,0.019));
#3952=CARTESIAN_POINT('',(0.0579999999999999,0.001,0.019));
#3953=CARTESIAN_POINT('',(0.0579999999999999,0.001,0.019));
#3954=CARTESIAN_POINT('',(0.049,0.001,0.019));
#3955=CARTESIAN_POINT('',(0.049,0.001,0.019));
#3956=CARTESIAN_POINT('',(0.049,0.001,0.033));
#3957=CARTESIAN_POINT('',(0.049,0.001,0.033));
#3958=CARTESIAN_POINT('',(0.049,0.001,0.033));
#3959=CARTESIAN_POINT('',(0.0579999999999999,0.001,-0.00699999999999999));
#3960=CARTESIAN_POINT('',(0.0579999999999999,0.001,-0.00699999999999999));
#3961=CARTESIAN_POINT('',(0.0579999999999999,0.001,-0.00699999999999999));
#3962=CARTESIAN_POINT('',(0.0579999999999999,0.001,-0.00699999999999999));
#3963=CARTESIAN_POINT('',(0.049,0.001,-0.007));
#3964=CARTESIAN_POINT('',(0.049,0.001,-0.007));
#3965=CARTESIAN_POINT('',(0.049,0.001,-0.007));
#3966=CARTESIAN_POINT('',(0.049,0.001,-0.007));
#3967=CARTESIAN_POINT('',(0.049,0.001,0.007));
#3968=CARTESIAN_POINT('',(0.049,0.001,0.007));
#3969=CARTESIAN_POINT('',(0.0579999999999999,0.001,0.00699999999999999));
#3970=CARTESIAN_POINT('',(0.0579999999999999,0.001,0.00699999999999999));
#3971=CARTESIAN_POINT('',(0.0579999999999999,0.001,0.00699999999999999));
#3972=CARTESIAN_POINT('',(0.0579999999999999,0.001,0.00699999999999999));
#3973=CARTESIAN_POINT('',(0.06,0.001,0.00900000000000001));
#3974=CARTESIAN_POINT('',(0.06,0.001,0.00900000000000001));
#3975=CARTESIAN_POINT('',(0.06,0.001,-0.00900000000000001));
#3976=CARTESIAN_POINT('',(0.06,0.001,-0.00900000000000001));
#3977=CARTESIAN_POINT('',(0.06,0.001,-0.00699999999999999));
#3978=CARTESIAN_POINT('',(0.06,0.001,-0.0350000000000001));
#3979=CARTESIAN_POINT('',(0.06,0.001,-0.0350000000000001));
#3980=CARTESIAN_POINT('',(0.0579999999999999,0.001,-0.033));
#3981=CARTESIAN_POINT('',(0.0579999999999999,0.001,-0.033));
#3982=CARTESIAN_POINT('',(0.0579999999999999,0.001,-0.033));
#3983=CARTESIAN_POINT('',(0.0579999999999999,0.001,-0.033));
#3984=CARTESIAN_POINT('',(0.049,0.001,-0.033));
#3985=CARTESIAN_POINT('',(0.049,0.001,-0.033));
#3986=CARTESIAN_POINT('',(0.049,0.001,-0.033));
#3987=CARTESIAN_POINT('',(0.049,0.001,-0.033));
#3988=CARTESIAN_POINT('',(0.049,0.001,-0.019));
#3989=CARTESIAN_POINT('',(0.049,0.001,-0.019));
#3990=CARTESIAN_POINT('',(0.0579999999999999,0.001,-0.019));
#3991=CARTESIAN_POINT('',(0.0579999999999999,0.001,-0.019));
#3992=CARTESIAN_POINT('',(0.0579999999999999,0.001,-0.019));
#3993=CARTESIAN_POINT('',(0.0579999999999999,0.001,-0.019));
#3994=CARTESIAN_POINT('',(0.06,0.001,-0.017));
#3995=CARTESIAN_POINT('',(0.06,0.001,-0.017));
#3996=CARTESIAN_POINT('',(0.0509999999999999,0.001,-0.0259999999999999));
#3997=CARTESIAN_POINT('',(-0.04,0.0405,-0.04));
#3998=CARTESIAN_POINT('',(-0.04,0.0405,-0.04));
#3999=CARTESIAN_POINT('',(-0.04,0.0405,-0.04));
#4000=CARTESIAN_POINT('',(0.0585,0.01,0.0585));
#4001=CARTESIAN_POINT('',(0.0585226178385806,0.0100009671344701,0.0599998294680989));
#4002=CARTESIAN_POINT('',(0.0593803310971445,0.0100743226156948,0.0599868949175762));
#4003=CARTESIAN_POINT('',(0.0599868949175762,0.0100743226156948,0.0593803310971444));
#4004=CARTESIAN_POINT('',(0.0599998294680989,0.0100009671344701,0.0585226178385806));
#4005=CARTESIAN_POINT('',(0.0585660279195022,0.00949430406525117,0.0585660279195022));
#4006=CARTESIAN_POINT('',(0.0530988871705632,0.0405,0.0530988871705632));
#4007=CARTESIAN_POINT('',(0.0585,0.01,-0.0585));
#4008=CARTESIAN_POINT('',(0.0599998294680989,0.0100009671344702,-0.0585226178385806));
#4009=CARTESIAN_POINT('',(0.0599868949175762,0.0100743226156948,-0.0593803310971445));
#4010=CARTESIAN_POINT('',(0.0593803310971444,0.0100743226156948,-0.0599868949175762));
#4011=CARTESIAN_POINT('',(0.0585226178385806,0.0100009671344701,-0.0599998294680989));
#4012=CARTESIAN_POINT('',(0.0530988871705632,0.0405,0.0530988871705632));
#4013=CARTESIAN_POINT('',(0.0530988871705632,0.0405,0.0530988871705632));
#4014=CARTESIAN_POINT('',(0.0530988871705632,0.0405,0.0530988871705632));
#4015=CARTESIAN_POINT('',(-0.0585,0.01,0.0585));
#4016=CARTESIAN_POINT('',(-0.0599998294680989,0.0100009671344701,0.0585226178385806));
#4017=CARTESIAN_POINT('',(-0.0599868949175762,0.0100743226156948,0.0593803310971445));
#4018=CARTESIAN_POINT('',(-0.0593803310971445,0.0100743226156948,0.0599868949175762));
#4019=CARTESIAN_POINT('',(-0.0585226178385806,0.0100009671344701,0.0599998294680989));
#4020=CARTESIAN_POINT('',(0.0585660279195022,0.00949430406525117,-0.0585660279195022));
#4021=CARTESIAN_POINT('',(0.0530988871705632,0.0405,-0.0530988871705632));
#4022=CARTESIAN_POINT('',(0.0530988871705632,0.0405,-0.06));
#4023=CARTESIAN_POINT('',(0.0530988871705632,0.0405,-0.0530988871705632));
#4024=CARTESIAN_POINT('',(0.06,0.0405,0.0530988871705632));
#4025=CARTESIAN_POINT('',(-0.0530988871705632,0.0405,0.0530988871705632));
#4026=CARTESIAN_POINT('',(-0.0585660279195022,0.00949430406525117,0.0585660279195022));
#4027=CARTESIAN_POINT('',(-0.0530988871705632,0.0405,0.0530988871705632));
#4028=CARTESIAN_POINT('',(0.0530988871705632,0.0405,-0.0530988871705632));
#4029=CARTESIAN_POINT('',(0.0530988871705632,0.0405,-0.0530988871705632));
#4030=CARTESIAN_POINT('',(-0.0530988871705632,0.0405,0.0530988871705632));
#4031=CARTESIAN_POINT('',(-0.0530988871705632,0.0405,0.0530988871705632));
#4032=CARTESIAN_POINT('',(0.06,0.0405,-0.0530988871705632));
#4033=CARTESIAN_POINT('',(-0.0530988871705632,0.0405,-0.0530988871705632));
#4034=CARTESIAN_POINT('',(-0.0530988871705632,0.0405,-0.06));
#4035=CARTESIAN_POINT('',(-0.0530988871705632,0.0405,-0.0530988871705632));
#4036=CARTESIAN_POINT('',(-0.0530988871705632,0.0405,-0.0530988871705632));
#4037=CARTESIAN_POINT('',(-0.0530988871705632,0.0405,-0.0530988871705632));
#4038=CARTESIAN_POINT('',(-0.0585,0.01,-0.0585));
#4039=CARTESIAN_POINT('',(-0.0585226178385806,0.0100009671344702,-0.0599998294680989));
#4040=CARTESIAN_POINT('',(-0.0593803310971444,0.0100743226156948,-0.0599868949175762));
#4041=CARTESIAN_POINT('',(-0.0599868949175762,0.0100743226156948,-0.0593803310971444));
#4042=CARTESIAN_POINT('',(-0.0599998294680989,0.0100009671344701,-0.0585226178385806));
#4043=CARTESIAN_POINT('',(-0.0585660279195022,0.00949430406525117,-0.0585660279195022));
#4044=CARTESIAN_POINT('',(-0.04,0.0415,-0.04));
#4045=AXIS2_PLACEMENT_3D('',#3277,#2741,#2740);
#4046=AXIS2_PLACEMENT_3D('',#3278,#2742,$);
#4047=AXIS2_PLACEMENT_3D('',#3279,#2743,#2744);
#4048=AXIS2_PLACEMENT_3D('',#3282,#2745,#2746);
#4049=AXIS2_PLACEMENT_3D('',#3284,#2747,#2748);
#4050=AXIS2_PLACEMENT_3D('',#3286,#2749,#2750);
#4051=AXIS2_PLACEMENT_3D('',#3287,#2751,#2752);
#4052=AXIS2_PLACEMENT_3D('',#3288,#2753,#2754);
#4053=AXIS2_PLACEMENT_3D('',#3292,#2756,#2757);
#4054=AXIS2_PLACEMENT_3D('',#3294,#2759,$);
#4055=AXIS2_PLACEMENT_3D('',#3303,#2764,$);
#4056=AXIS2_PLACEMENT_3D('',#3312,#2769,$);
#4057=AXIS2_PLACEMENT_3D('',#3321,#2774,$);
#4058=AXIS2_PLACEMENT_3D('',#3330,#2779,$);
#4059=AXIS2_PLACEMENT_3D('',#3339,#2784,$);
#4060=AXIS2_PLACEMENT_3D('',#3348,#2789,$);
#4061=AXIS2_PLACEMENT_3D('',#3357,#2794,$);
#4062=AXIS2_PLACEMENT_3D('',#3366,#2799,$);
#4063=AXIS2_PLACEMENT_3D('',#3375,#2804,$);
#4064=AXIS2_PLACEMENT_3D('',#3384,#2809,$);
#4065=AXIS2_PLACEMENT_3D('',#3393,#2814,$);
#4066=AXIS2_PLACEMENT_3D('',#3402,#2819,$);
#4067=AXIS2_PLACEMENT_3D('',#3411,#2824,$);
#4068=AXIS2_PLACEMENT_3D('',#3428,#2833,$);
#4069=AXIS2_PLACEMENT_3D('',#3445,#2842,$);
#4070=AXIS2_PLACEMENT_3D('',#3462,#2851,$);
#4071=AXIS2_PLACEMENT_3D('',#3479,#2860,$);
#4072=AXIS2_PLACEMENT_3D('',#3488,#2865,$);
#4073=AXIS2_PLACEMENT_3D('',#3585,#2914,$);
#4074=AXIS2_PLACEMENT_3D('',#3602,#2919,$);
#4075=AXIS2_PLACEMENT_3D('',#3622,#2927,$);
#4076=AXIS2_PLACEMENT_3D('',#3639,#2932,$);
#4077=AXIS2_PLACEMENT_3D('',#3659,#2940,$);
#4078=AXIS2_PLACEMENT_3D('',#3660,#2941,#2942);
#4079=AXIS2_PLACEMENT_3D('',#3669,#2947,$);
#4080=AXIS2_PLACEMENT_3D('',#3674,#2951,$);
#4081=AXIS2_PLACEMENT_3D('',#3678,#2954,$);
#4082=AXIS2_PLACEMENT_3D('',#3681,#2957,$);
#4083=AXIS2_PLACEMENT_3D('',#3682,#2958,$);
#4084=AXIS2_PLACEMENT_3D('',#3687,#2962,$);
#4085=AXIS2_PLACEMENT_3D('',#3691,#2965,$);
#4086=AXIS2_PLACEMENT_3D('',#3694,#2968,$);
#4087=AXIS2_PLACEMENT_3D('',#3695,#2969,$);
#4088=AXIS2_PLACEMENT_3D('',#3700,#2973,$);
#4089=AXIS2_PLACEMENT_3D('',#3704,#2976,$);
#4090=AXIS2_PLACEMENT_3D('',#3707,#2979,$);
#4091=AXIS2_PLACEMENT_3D('',#3708,#2980,$);
#4092=AXIS2_PLACEMENT_3D('',#3713,#2984,$);
#4093=AXIS2_PLACEMENT_3D('',#3717,#2987,$);
#4094=AXIS2_PLACEMENT_3D('',#3720,#2990,$);
#4095=AXIS2_PLACEMENT_3D('',#3721,#2991,$);
#4096=AXIS2_PLACEMENT_3D('',#3726,#2995,$);
#4097=AXIS2_PLACEMENT_3D('',#3730,#2998,$);
#4098=AXIS2_PLACEMENT_3D('',#3733,#3001,$);
#4099=AXIS2_PLACEMENT_3D('',#3734,#3002,$);
#4100=AXIS2_PLACEMENT_3D('',#3739,#3006,$);
#4101=AXIS2_PLACEMENT_3D('',#3743,#3009,$);
#4102=AXIS2_PLACEMENT_3D('',#3746,#3012,$);
#4103=AXIS2_PLACEMENT_3D('',#3747,#3013,$);
#4104=AXIS2_PLACEMENT_3D('',#3752,#3017,$);
#4105=AXIS2_PLACEMENT_3D('',#3756,#3020,$);
#4106=AXIS2_PLACEMENT_3D('',#3759,#3023,$);
#4107=AXIS2_PLACEMENT_3D('',#3760,#3024,$);
#4108=AXIS2_PLACEMENT_3D('',#3765,#3028,$);
#4109=AXIS2_PLACEMENT_3D('',#3769,#3031,$);
#4110=AXIS2_PLACEMENT_3D('',#3772,#3034,$);
#4111=AXIS2_PLACEMENT_3D('',#3773,#3035,$);
#4112=AXIS2_PLACEMENT_3D('',#3780,#3040,$);
#4113=AXIS2_PLACEMENT_3D('',#3787,#3045,$);
#4114=AXIS2_PLACEMENT_3D('',#3789,#3047,$);
#4115=AXIS2_PLACEMENT_3D('',#3790,#3048,$);
#4116=AXIS2_PLACEMENT_3D('',#3797,#3053,$);
#4117=AXIS2_PLACEMENT_3D('',#3801,#3056,$);
#4118=AXIS2_PLACEMENT_3D('',#3806,#3060,$);
#4119=AXIS2_PLACEMENT_3D('',#3807,#3061,$);
#4120=AXIS2_PLACEMENT_3D('',#3813,#3065,$);
#4121=AXIS2_PLACEMENT_3D('',#3815,#3067,$);
#4122=AXIS2_PLACEMENT_3D('',#3819,#3070,$);
#4123=AXIS2_PLACEMENT_3D('',#3823,#3073,$);
#4124=AXIS2_PLACEMENT_3D('',#3827,#3076,$);
#4125=AXIS2_PLACEMENT_3D('',#3831,#3079,$);
#4126=AXIS2_PLACEMENT_3D('',#3833,#3081,$);
#4127=AXIS2_PLACEMENT_3D('',#3837,#3084,$);
#4128=AXIS2_PLACEMENT_3D('',#3841,#3087,$);
#4129=AXIS2_PLACEMENT_3D('',#3845,#3090,$);
#4130=AXIS2_PLACEMENT_3D('',#3849,#3093,$);
#4131=AXIS2_PLACEMENT_3D('',#3851,#3095,$);
#4132=AXIS2_PLACEMENT_3D('',#3855,#3098,$);
#4133=AXIS2_PLACEMENT_3D('',#3859,#3101,$);
#4134=AXIS2_PLACEMENT_3D('',#3863,#3104,$);
#4135=AXIS2_PLACEMENT_3D('',#3867,#3107,$);
#4136=AXIS2_PLACEMENT_3D('',#3869,#3109,$);
#4137=AXIS2_PLACEMENT_3D('',#3873,#3112,$);
#4138=AXIS2_PLACEMENT_3D('',#3877,#3115,$);
#4139=AXIS2_PLACEMENT_3D('',#3881,#3118,$);
#4140=AXIS2_PLACEMENT_3D('',#3885,#3121,$);
#4141=AXIS2_PLACEMENT_3D('',#3887,#3123,$);
#4142=AXIS2_PLACEMENT_3D('',#3889,#3125,$);
#4143=AXIS2_PLACEMENT_3D('',#3890,#3126,#3127);
#4144=AXIS2_PLACEMENT_3D('',#3891,#3128,#3129);
#4145=AXIS2_PLACEMENT_3D('',#3892,#3130,$);
#4146=AXIS2_PLACEMENT_3D('',#3898,#3134,$);
#4147=AXIS2_PLACEMENT_3D('',#3900,#3136,$);
#4148=AXIS2_PLACEMENT_3D('',#3904,#3139,$);
#4149=AXIS2_PLACEMENT_3D('',#3908,#3142,$);
#4150=AXIS2_PLACEMENT_3D('',#3912,#3145,$);
#4151=AXIS2_PLACEMENT_3D('',#3914,#3147,$);
#4152=AXIS2_PLACEMENT_3D('',#3915,#3148,#3149);
#4153=AXIS2_PLACEMENT_3D('',#3916,#3150,$);
#4154=AXIS2_PLACEMENT_3D('',#3920,#3153,$);
#4155=AXIS2_PLACEMENT_3D('',#3924,#3156,$);
#4156=AXIS2_PLACEMENT_3D('',#3928,#3159,$);
#4157=AXIS2_PLACEMENT_3D('',#3932,#3162,$);
#4158=AXIS2_PLACEMENT_3D('',#3936,#3165,$);
#4159=AXIS2_PLACEMENT_3D('',#3938,#3167,$);
#4160=AXIS2_PLACEMENT_3D('',#3939,#3168,#3169);
#4161=AXIS2_PLACEMENT_3D('',#3940,#3170,$);
#4162=AXIS2_PLACEMENT_3D('',#3946,#3174,$);
#4163=AXIS2_PLACEMENT_3D('',#3948,#3176,$);
#4164=AXIS2_PLACEMENT_3D('',#3952,#3179,$);
#4165=AXIS2_PLACEMENT_3D('',#3956,#3182,$);
#4166=AXIS2_PLACEMENT_3D('',#3958,#3184,$);
#4167=AXIS2_PLACEMENT_3D('',#3959,#3185,$);
#4168=AXIS2_PLACEMENT_3D('',#3965,#3189,$);
#4169=AXIS2_PLACEMENT_3D('',#3969,#3192,$);
#4170=AXIS2_PLACEMENT_3D('',#3973,#3195,$);
#4171=AXIS2_PLACEMENT_3D('',#3975,#3197,$);
#4172=AXIS2_PLACEMENT_3D('',#3977,#3199,$);
#4173=AXIS2_PLACEMENT_3D('',#3978,#3200,$);
#4174=AXIS2_PLACEMENT_3D('',#3982,#3203,$);
#4175=AXIS2_PLACEMENT_3D('',#3986,#3206,$);
#4176=AXIS2_PLACEMENT_3D('',#3990,#3209,$);
#4177=AXIS2_PLACEMENT_3D('',#3994,#3212,$);
#4178=AXIS2_PLACEMENT_3D('',#3996,#3214,$);
#4179=AXIS2_PLACEMENT_3D('',#3997,#3215,#3216);
#4180=AXIS2_PLACEMENT_3D('',#3998,#3217,#3218);
#4181=AXIS2_PLACEMENT_3D('',#3999,#3219,$);
#4182=AXIS2_PLACEMENT_3D('',#4000,#3220,#3221);
#4183=AXIS2_PLACEMENT_3D('',#4005,#3222,#3223);
#4184=AXIS2_PLACEMENT_3D('',#4006,#3224,#3225);
#4185=AXIS2_PLACEMENT_3D('',#4007,#3226,#3227);
#4186=AXIS2_PLACEMENT_3D('',#4012,#3228,#3229);
#4187=AXIS2_PLACEMENT_3D('',#4013,#3230,#3231);
#4188=AXIS2_PLACEMENT_3D('',#4014,#3232,#3233);
#4189=AXIS2_PLACEMENT_3D('',#4015,#3234,#3235);
#4190=AXIS2_PLACEMENT_3D('',#4020,#3236,#3237);
#4191=AXIS2_PLACEMENT_3D('',#4021,#3238,#3239);
#4192=AXIS2_PLACEMENT_3D('',#4022,#3240,#3241);
#4193=AXIS2_PLACEMENT_3D('',#4023,#3242,#3243);
#4194=AXIS2_PLACEMENT_3D('',#4024,#3244,#3245);
#4195=AXIS2_PLACEMENT_3D('',#4025,#3246,#3247);
#4196=AXIS2_PLACEMENT_3D('',#4026,#3248,#3249);
#4197=AXIS2_PLACEMENT_3D('',#4027,#3250,#3251);
#4198=AXIS2_PLACEMENT_3D('',#4028,#3252,#3253);
#4199=AXIS2_PLACEMENT_3D('',#4029,#3254,#3255);
#4200=AXIS2_PLACEMENT_3D('',#4030,#3256,#3257);
#4201=AXIS2_PLACEMENT_3D('',#4031,#3258,#3259);
#4202=AXIS2_PLACEMENT_3D('',#4032,#3260,#3261);
#4203=AXIS2_PLACEMENT_3D('',#4033,#3262,#3263);
#4204=AXIS2_PLACEMENT_3D('',#4034,#3264,#3265);
#4205=AXIS2_PLACEMENT_3D('',#4035,#3266,#3267);
#4206=AXIS2_PLACEMENT_3D('',#4036,#3268,#3269);
#4207=AXIS2_PLACEMENT_3D('',#4037,#3270,#3271);
#4208=AXIS2_PLACEMENT_3D('',#4038,#3272,#3273);
#4209=AXIS2_PLACEMENT_3D('',#4043,#3274,#3275);
#4210=AXIS2_PLACEMENT_3D('',#4044,#3276,$);
#4211=ADVANCED_BREP_SHAPE_REPRESENTATION('',(#2739,#4045),#161);
ENDSEC;
END-ISO-10303-21;
