ISO-10303-21;
HEADER;
/* Generated by software containing ST-Developer
 * from STEP Tools, Inc. (www.steptools.com) 
 */

FILE_DESCRIPTION(
/* description */ ('Alibre Inc.'),
/* implementation_level */ '2;1');

FILE_NAME(
/* name */ 'export0',
/* time_stamp */ '2018-10-11T15:54:01+08:00',
/* author */ (''),
/* organization */ (''),
/* preprocessor_version */ 'ST-DEVELOPER v14',
/* originating_system */ 'Alibre',
/* authorisation */ '');

FILE_SCHEMA (('AUTOMOTIVE_DESIGN'));
ENDSEC;

DATA;
#10=CONTEXT_DEPENDENT_SHAPE_REPRESENTATION(#28,#162);
#11=CONTEXT_DEPENDENT_SHAPE_REPRESENTATION(#29,#163);
#12=CONTEXT_DEPENDENT_SHAPE_REPRESENTATION(#30,#164);
#13=CONTEXT_DEPENDENT_SHAPE_REPRESENTATION(#31,#165);
#14=CONTEXT_DEPENDENT_SHAPE_REPRESENTATION(#32,#166);
#15=CONTEXT_DEPENDENT_SHAPE_REPRESENTATION(#33,#167);
#16=NEXT_ASSEMBLY_USAGE_OCCURRENCE('NAUO_ID9','NAUO_NAME9',$,#170,#168,$);
#17=NEXT_ASSEMBLY_USAGE_OCCURRENCE('NAUO_ID19','NAUO_NAME19',$,#170,#168,
$);
#18=NEXT_ASSEMBLY_USAGE_OCCURRENCE('NAUO_ID29','NAUO_NAME29',$,#170,#168,
$);
#19=NEXT_ASSEMBLY_USAGE_OCCURRENCE('NAUO_ID39','NAUO_NAME39',$,#170,#168,
$);
#20=NEXT_ASSEMBLY_USAGE_OCCURRENCE('NAUO_ID49','NAUO_NAME49',$,#170,#168,
$);
#21=NEXT_ASSEMBLY_USAGE_OCCURRENCE('NAUO_ID59','NAUO_NAME59',$,#170,#169,
$);
#22=ITEM_DEFINED_TRANSFORMATION('ITD_NAME0',$,#1958,#1957);
#23=ITEM_DEFINED_TRANSFORMATION('ITD_NAME10',$,#1960,#1959);
#24=ITEM_DEFINED_TRANSFORMATION('ITD_NAME20',$,#1962,#1961);
#25=ITEM_DEFINED_TRANSFORMATION('ITD_NAME30',$,#1964,#1963);
#26=ITEM_DEFINED_TRANSFORMATION('ITD_NAME40',$,#1966,#1965);
#27=ITEM_DEFINED_TRANSFORMATION('ITD_NAME50',$,#1968,#1967);
#28=(
REPRESENTATION_RELATIONSHIP('61300511121_1',$,#185,#187)
REPRESENTATION_RELATIONSHIP_WITH_TRANSFORMATION(#22)
SHAPE_REPRESENTATION_RELATIONSHIP()
);
#29=(
REPRESENTATION_RELATIONSHIP('61300511121_1',$,#185,#187)
REPRESENTATION_RELATIONSHIP_WITH_TRANSFORMATION(#23)
SHAPE_REPRESENTATION_RELATIONSHIP()
);
#30=(
REPRESENTATION_RELATIONSHIP('61300511121_1',$,#185,#187)
REPRESENTATION_RELATIONSHIP_WITH_TRANSFORMATION(#24)
SHAPE_REPRESENTATION_RELATIONSHIP()
);
#31=(
REPRESENTATION_RELATIONSHIP('61300511121_1',$,#185,#187)
REPRESENTATION_RELATIONSHIP_WITH_TRANSFORMATION(#25)
SHAPE_REPRESENTATION_RELATIONSHIP()
);
#32=(
REPRESENTATION_RELATIONSHIP('61300511121_1',$,#185,#187)
REPRESENTATION_RELATIONSHIP_WITH_TRANSFORMATION(#26)
SHAPE_REPRESENTATION_RELATIONSHIP()
);
#33=(
REPRESENTATION_RELATIONSHIP('61300511121_2',$,#186,#187)
REPRESENTATION_RELATIONSHIP_WITH_TRANSFORMATION(#27)
SHAPE_REPRESENTATION_RELATIONSHIP()
);
#34=STYLED_ITEM('NAME_0',(#149),#2919);
#35=STYLED_ITEM('NAME_0',(#150),#1781);
#36=STYLED_ITEM('NAME_0',(#150),#1782);
#37=STYLED_ITEM('NAME_0',(#150),#1783);
#38=STYLED_ITEM('NAME_0',(#150),#1784);
#39=STYLED_ITEM('NAME_0',(#150),#1785);
#40=STYLED_ITEM('NAME_0',(#150),#1786);
#41=STYLED_ITEM('NAME_0',(#150),#1787);
#42=STYLED_ITEM('NAME_0',(#150),#1788);
#43=STYLED_ITEM('NAME_0',(#150),#1789);
#44=STYLED_ITEM('NAME_0',(#150),#1790);
#45=STYLED_ITEM('NAME_0',(#150),#1791);
#46=STYLED_ITEM('NAME_0',(#150),#1792);
#47=STYLED_ITEM('NAME_0',(#150),#1793);
#48=STYLED_ITEM('NAME_0',(#150),#1794);
#49=STYLED_ITEM('NAME_0',(#151),#2920);
#50=STYLED_ITEM('NAME_0',(#152),#1795);
#51=STYLED_ITEM('NAME_0',(#152),#1796);
#52=STYLED_ITEM('NAME_0',(#152),#1797);
#53=STYLED_ITEM('NAME_0',(#152),#1798);
#54=STYLED_ITEM('NAME_0',(#152),#1799);
#55=STYLED_ITEM('NAME_0',(#152),#1800);
#56=STYLED_ITEM('NAME_0',(#152),#1801);
#57=STYLED_ITEM('NAME_0',(#152),#1802);
#58=STYLED_ITEM('NAME_0',(#152),#1803);
#59=STYLED_ITEM('NAME_0',(#152),#1804);
#60=STYLED_ITEM('NAME_0',(#152),#1805);
#61=STYLED_ITEM('NAME_0',(#152),#1806);
#62=STYLED_ITEM('NAME_0',(#152),#1807);
#63=STYLED_ITEM('NAME_0',(#152),#1808);
#64=STYLED_ITEM('NAME_0',(#152),#1809);
#65=STYLED_ITEM('NAME_0',(#152),#1810);
#66=STYLED_ITEM('NAME_0',(#152),#1811);
#67=STYLED_ITEM('NAME_0',(#152),#1812);
#68=STYLED_ITEM('NAME_0',(#152),#1813);
#69=STYLED_ITEM('NAME_0',(#152),#1814);
#70=STYLED_ITEM('NAME_0',(#152),#1815);
#71=STYLED_ITEM('NAME_0',(#152),#1816);
#72=STYLED_ITEM('NAME_0',(#152),#1817);
#73=STYLED_ITEM('NAME_0',(#152),#1818);
#74=STYLED_ITEM('NAME_0',(#152),#1819);
#75=STYLED_ITEM('NAME_0',(#152),#1820);
#76=STYLED_ITEM('NAME_0',(#152),#1821);
#77=STYLED_ITEM('NAME_0',(#152),#1822);
#78=STYLED_ITEM('NAME_0',(#152),#1823);
#79=STYLED_ITEM('NAME_0',(#152),#1824);
#80=STYLED_ITEM('NAME_0',(#152),#1825);
#81=STYLED_ITEM('NAME_0',(#152),#1826);
#82=STYLED_ITEM('NAME_0',(#152),#1827);
#83=STYLED_ITEM('NAME_0',(#152),#1828);
#84=STYLED_ITEM('NAME_0',(#152),#1829);
#85=STYLED_ITEM('NAME_0',(#152),#1830);
#86=STYLED_ITEM('NAME_0',(#152),#1831);
#87=STYLED_ITEM('NAME_0',(#152),#1832);
#88=STYLED_ITEM('NAME_0',(#152),#1833);
#89=STYLED_ITEM('NAME_0',(#152),#1834);
#90=STYLED_ITEM('NAME_0',(#152),#1835);
#91=STYLED_ITEM('NAME_0',(#152),#1836);
#92=STYLED_ITEM('NAME_0',(#152),#1837);
#93=STYLED_ITEM('NAME_0',(#152),#1838);
#94=STYLED_ITEM('NAME_0',(#152),#1839);
#95=STYLED_ITEM('NAME_0',(#152),#1840);
#96=STYLED_ITEM('NAME_0',(#152),#1841);
#97=STYLED_ITEM('NAME_0',(#152),#1842);
#98=STYLED_ITEM('NAME_0',(#152),#1843);
#99=STYLED_ITEM('NAME_0',(#152),#1844);
#100=STYLED_ITEM('NAME_0',(#152),#1845);
#101=STYLED_ITEM('NAME_0',(#152),#1846);
#102=STYLED_ITEM('NAME_0',(#152),#1847);
#103=STYLED_ITEM('NAME_0',(#152),#1848);
#104=STYLED_ITEM('NAME_0',(#152),#1849);
#105=STYLED_ITEM('NAME_0',(#152),#1850);
#106=STYLED_ITEM('NAME_0',(#152),#1851);
#107=STYLED_ITEM('NAME_0',(#152),#1852);
#108=STYLED_ITEM('NAME_0',(#152),#1853);
#109=STYLED_ITEM('NAME_0',(#152),#1854);
#110=STYLED_ITEM('NAME_0',(#152),#1855);
#111=STYLED_ITEM('NAME_0',(#152),#1856);
#112=STYLED_ITEM('NAME_0',(#152),#1857);
#113=STYLED_ITEM('NAME_0',(#152),#1858);
#114=STYLED_ITEM('NAME_0',(#152),#1859);
#115=STYLED_ITEM('NAME_0',(#152),#1860);
#116=STYLED_ITEM('NAME_0',(#152),#1861);
#117=STYLED_ITEM('NAME_0',(#152),#1862);
#118=STYLED_ITEM('NAME_0',(#152),#1863);
#119=STYLED_ITEM('NAME_0',(#152),#1864);
#120=STYLED_ITEM('NAME_0',(#152),#1865);
#121=STYLED_ITEM('NAME_0',(#152),#1866);
#122=STYLED_ITEM('NAME_0',(#152),#1867);
#123=STYLED_ITEM('NAME_0',(#152),#1868);
#124=MECHANICAL_DESIGN_GEOMETRIC_PRESENTATION_REPRESENTATION('NAME_0',(#34,
#35,#36,#37,#38,#39,#40,#41,#42,#43,#44,#45,#46,#47,#48,#49,#50,#51,#52,
#53,#54,#55,#56,#57,#58,#59,#60,#61,#62,#63,#64,#65,#66,#67,#68,#69,#70,
#71,#72,#73,#74,#75,#76,#77,#78,#79,#80,#81,#82,#83,#84,#85,#86,#87,#88,
#89,#90,#91,#92,#93,#94,#95,#96,#97,#98,#99,#100,#101,#102,#103,#104,#105,
#106,#107,#108,#109,#110,#111,#112,#113,#114,#115,#116,#117,#118,#119,#120,
#121,#122,#123),#202);
#125=COLOUR_RGB('',0.882352941176471,0.882352941176471,0.882352941176471);
#126=COLOUR_RGB('',0.749019607843137,0.568627450980392,0.407843137254902);
#127=COLOUR_RGB('',0.882352941176471,0.882352941176471,0.882352941176471);
#128=COLOUR_RGB('',0.2,0.2,0.2);
#129=FILL_AREA_STYLE_COLOUR('NAME_0',#125);
#130=FILL_AREA_STYLE_COLOUR('NAME_0',#126);
#131=FILL_AREA_STYLE_COLOUR('NAME_0',#127);
#132=FILL_AREA_STYLE_COLOUR('NAME_0',#128);
#133=FILL_AREA_STYLE('NAME_0',(#129));
#134=FILL_AREA_STYLE('NAME_0',(#130));
#135=FILL_AREA_STYLE('NAME_0',(#131));
#136=FILL_AREA_STYLE('NAME_0',(#132));
#137=SURFACE_STYLE_FILL_AREA(#133);
#138=SURFACE_STYLE_FILL_AREA(#134);
#139=SURFACE_STYLE_FILL_AREA(#135);
#140=SURFACE_STYLE_FILL_AREA(#136);
#141=SURFACE_SIDE_STYLE('NAME_0',(#137));
#142=SURFACE_SIDE_STYLE('NAME_0',(#138));
#143=SURFACE_SIDE_STYLE('NAME_0',(#139));
#144=SURFACE_SIDE_STYLE('NAME_0',(#140));
#145=SURFACE_STYLE_USAGE(.POSITIVE.,#141);
#146=SURFACE_STYLE_USAGE(.POSITIVE.,#142);
#147=SURFACE_STYLE_USAGE(.POSITIVE.,#143);
#148=SURFACE_STYLE_USAGE(.POSITIVE.,#144);
#149=PRESENTATION_STYLE_ASSIGNMENT((#145));
#150=PRESENTATION_STYLE_ASSIGNMENT((#146));
#151=PRESENTATION_STYLE_ASSIGNMENT((#147));
#152=PRESENTATION_STYLE_ASSIGNMENT((#148));
#153=PRODUCT_DEFINITION_CONTEXT('part definition',#178,'design');
#154=PRODUCT_DEFINITION_CONTEXT('part definition',#178,'design');
#155=PRODUCT_DEFINITION_CONTEXT('part definition',#178,'design');
#156=SHAPE_DEFINITION_REPRESENTATION(#159,#185);
#157=SHAPE_DEFINITION_REPRESENTATION(#160,#186);
#158=SHAPE_DEFINITION_REPRESENTATION(#161,#187);
#159=PRODUCT_DEFINITION_SHAPE('PRODUCT_VERSION_ID',
'PRODUCT_VERSION_DESCR',#168);
#160=PRODUCT_DEFINITION_SHAPE('PRODUCT_VERSION_ID',
'PRODUCT_VERSION_DESCR',#169);
#161=PRODUCT_DEFINITION_SHAPE('PRODUCT_VERSION_ID',
'PRODUCT_VERSION_DESCR',#170);
#162=PRODUCT_DEFINITION_SHAPE('NAME_10',$,#16);
#163=PRODUCT_DEFINITION_SHAPE('NAME_20',$,#17);
#164=PRODUCT_DEFINITION_SHAPE('NAME_30',$,#18);
#165=PRODUCT_DEFINITION_SHAPE('NAME_40',$,#19);
#166=PRODUCT_DEFINITION_SHAPE('NAME_50',$,#20);
#167=PRODUCT_DEFINITION_SHAPE('NAME_60',$,#21);
#168=PRODUCT_DEFINITION('61300511121_1','PRODUCT_VERSION_DESCR',#171,#153);
#169=PRODUCT_DEFINITION('61300511121_2','PRODUCT_VERSION_DESCR',#172,#154);
#170=PRODUCT_DEFINITION('PRODUCT_VERSION_ID','PRODUCT_VERSION_DESCR',#173,
#155);
#171=PRODUCT_DEFINITION_FORMATION_WITH_SPECIFIED_SOURCE(
'PRODUCT_VERSION_ID','PRODUCT_VERSION_DESCR',#182,.MADE.);
#172=PRODUCT_DEFINITION_FORMATION_WITH_SPECIFIED_SOURCE(
'PRODUCT_VERSION_ID','PRODUCT_VERSION_DESCR',#183,.MADE.);
#173=PRODUCT_DEFINITION_FORMATION_WITH_SPECIFIED_SOURCE(
'PRODUCT_VERSION_ID','PRODUCT_VERSION_DESCR',#184,.MADE.);
#174=PRODUCT_RELATED_PRODUCT_CATEGORY('part','part',(#182));
#175=PRODUCT_RELATED_PRODUCT_CATEGORY('part','part',(#183));
#176=PRODUCT_RELATED_PRODUCT_CATEGORY('part','part',(#184));
#177=APPLICATION_PROTOCOL_DEFINITION('Draft International Standard',
'automotive_design',1994,#178);
#178=APPLICATION_CONTEXT('automotive_Design');
#179=PRODUCT_CONTEXT('3D Mechanical Parts',#178,'mechanical');
#180=PRODUCT_CONTEXT('3D Mechanical Parts',#178,'mechanical');
#181=PRODUCT_CONTEXT('3D Mechanical Parts',#178,'mechanical');
#182=PRODUCT('','61300511121_1','',(#179));
#183=PRODUCT('','61300511121_2','',(#180));
#184=PRODUCT('','61300511121','',(#181));
#185=SHAPE_REPRESENTATION('61300511121_1',(#1958,#1960,#1962,#1964,#1966),
#202);
#186=SHAPE_REPRESENTATION('61300511121_2',(#1968),#203);
#187=SHAPE_REPRESENTATION('NAME_0',(#1957,#1959,#1961,#1963,#1965,#1967),
#204);
#188=SHAPE_REPRESENTATION_RELATIONSHIP('NAME_0',$,#185,#2921);
#189=SHAPE_REPRESENTATION_RELATIONSHIP('NAME_0',$,#186,#2922);
#190=(
LENGTH_UNIT()
NAMED_UNIT(*)
SI_UNIT(.MILLI.,.METRE.)
);
#191=(
LENGTH_UNIT()
NAMED_UNIT(*)
SI_UNIT(.MILLI.,.METRE.)
);
#192=(
LENGTH_UNIT()
NAMED_UNIT(*)
SI_UNIT(.MILLI.,.METRE.)
);
#193=(
NAMED_UNIT(*)
PLANE_ANGLE_UNIT()
SI_UNIT($,.RADIAN.)
);
#194=(
NAMED_UNIT(*)
PLANE_ANGLE_UNIT()
SI_UNIT($,.RADIAN.)
);
#195=(
NAMED_UNIT(*)
PLANE_ANGLE_UNIT()
SI_UNIT($,.RADIAN.)
);
#196=(
NAMED_UNIT(*)
SI_UNIT($,.STERADIAN.)
SOLID_ANGLE_UNIT()
);
#197=(
NAMED_UNIT(*)
SI_UNIT($,.STERADIAN.)
SOLID_ANGLE_UNIT()
);
#198=(
NAMED_UNIT(*)
SI_UNIT($,.STERADIAN.)
SOLID_ANGLE_UNIT()
);
#199=UNCERTAINTY_MEASURE_WITH_UNIT(LENGTH_MEASURE(1.E-006),#190,
'DISTANCE_ACCURACY_VALUE',
'Maximum model space distance between geometric entities at asserted co
nnectivities');
#200=UNCERTAINTY_MEASURE_WITH_UNIT(LENGTH_MEASURE(1.E-006),#191,
'DISTANCE_ACCURACY_VALUE',
'Maximum model space distance between geometric entities at asserted co
nnectivities');
#201=UNCERTAINTY_MEASURE_WITH_UNIT(LENGTH_MEASURE(1.E-006),#192,
'DISTANCE_ACCURACY_VALUE',
'Maximum model space distance between geometric entities at asserted co
nnectivities');
#202=(
GEOMETRIC_REPRESENTATION_CONTEXT(3)
GLOBAL_UNCERTAINTY_ASSIGNED_CONTEXT((#199))
GLOBAL_UNIT_ASSIGNED_CONTEXT((#196,#193,#190))
REPRESENTATION_CONTEXT('ID1','3D')
);
#203=(
GEOMETRIC_REPRESENTATION_CONTEXT(3)
GLOBAL_UNCERTAINTY_ASSIGNED_CONTEXT((#200))
GLOBAL_UNIT_ASSIGNED_CONTEXT((#197,#194,#191))
REPRESENTATION_CONTEXT('ID1','3D')
);
#204=(
GEOMETRIC_REPRESENTATION_CONTEXT(3)
GLOBAL_UNCERTAINTY_ASSIGNED_CONTEXT((#201))
GLOBAL_UNIT_ASSIGNED_CONTEXT((#198,#195,#192))
REPRESENTATION_CONTEXT('ID1','3D')
);
#205=VERTEX_POINT('',#2327);
#206=VERTEX_POINT('',#2328);
#207=VERTEX_POINT('',#2330);
#208=VERTEX_POINT('',#2332);
#209=VERTEX_POINT('',#2336);
#210=VERTEX_POINT('',#2337);
#211=VERTEX_POINT('',#2342);
#212=VERTEX_POINT('',#2343);
#213=VERTEX_POINT('',#2348);
#214=VERTEX_POINT('',#2349);
#215=VERTEX_POINT('',#2351);
#216=VERTEX_POINT('',#2353);
#217=VERTEX_POINT('',#2357);
#218=VERTEX_POINT('',#2359);
#219=VERTEX_POINT('',#2365);
#220=VERTEX_POINT('',#2367);
#221=VERTEX_POINT('',#2385);
#222=VERTEX_POINT('',#2386);
#223=VERTEX_POINT('',#2388);
#224=VERTEX_POINT('',#2390);
#225=VERTEX_POINT('',#2394);
#226=VERTEX_POINT('',#2395);
#227=VERTEX_POINT('',#2400);
#228=VERTEX_POINT('',#2401);
#229=VERTEX_POINT('',#2403);
#230=VERTEX_POINT('',#2405);
#231=VERTEX_POINT('',#2409);
#232=VERTEX_POINT('',#2411);
#233=VERTEX_POINT('',#2414);
#234=VERTEX_POINT('',#2415);
#235=VERTEX_POINT('',#2417);
#236=VERTEX_POINT('',#2419);
#237=VERTEX_POINT('',#2422);
#238=VERTEX_POINT('',#2423);
#239=VERTEX_POINT('',#2425);
#240=VERTEX_POINT('',#2427);
#241=VERTEX_POINT('',#2429);
#242=VERTEX_POINT('',#2431);
#243=VERTEX_POINT('',#2433);
#244=VERTEX_POINT('',#2435);
#245=VERTEX_POINT('',#2437);
#246=VERTEX_POINT('',#2439);
#247=VERTEX_POINT('',#2441);
#248=VERTEX_POINT('',#2443);
#249=VERTEX_POINT('',#2445);
#250=VERTEX_POINT('',#2447);
#251=VERTEX_POINT('',#2449);
#252=VERTEX_POINT('',#2451);
#253=VERTEX_POINT('',#2453);
#254=VERTEX_POINT('',#2455);
#255=VERTEX_POINT('',#2457);
#256=VERTEX_POINT('',#2459);
#257=VERTEX_POINT('',#2461);
#258=VERTEX_POINT('',#2463);
#259=VERTEX_POINT('',#2465);
#260=VERTEX_POINT('',#2467);
#261=VERTEX_POINT('',#2469);
#262=VERTEX_POINT('',#2471);
#263=VERTEX_POINT('',#2473);
#264=VERTEX_POINT('',#2475);
#265=VERTEX_POINT('',#2477);
#266=VERTEX_POINT('',#2479);
#267=VERTEX_POINT('',#2481);
#268=VERTEX_POINT('',#2483);
#269=VERTEX_POINT('',#2486);
#270=VERTEX_POINT('',#2487);
#271=VERTEX_POINT('',#2489);
#272=VERTEX_POINT('',#2491);
#273=VERTEX_POINT('',#2494);
#274=VERTEX_POINT('',#2495);
#275=VERTEX_POINT('',#2497);
#276=VERTEX_POINT('',#2499);
#277=VERTEX_POINT('',#2502);
#278=VERTEX_POINT('',#2506);
#279=VERTEX_POINT('',#2507);
#280=VERTEX_POINT('',#2511);
#281=VERTEX_POINT('',#2512);
#282=VERTEX_POINT('',#2514);
#283=VERTEX_POINT('',#2516);
#284=VERTEX_POINT('',#2519);
#285=VERTEX_POINT('',#2520);
#286=VERTEX_POINT('',#2522);
#287=VERTEX_POINT('',#2524);
#288=VERTEX_POINT('',#2527);
#289=VERTEX_POINT('',#2528);
#290=VERTEX_POINT('',#2530);
#291=VERTEX_POINT('',#2532);
#292=VERTEX_POINT('',#2534);
#293=VERTEX_POINT('',#2536);
#294=VERTEX_POINT('',#2538);
#295=VERTEX_POINT('',#2540);
#296=VERTEX_POINT('',#2542);
#297=VERTEX_POINT('',#2544);
#298=VERTEX_POINT('',#2546);
#299=VERTEX_POINT('',#2548);
#300=VERTEX_POINT('',#2550);
#301=VERTEX_POINT('',#2552);
#302=VERTEX_POINT('',#2554);
#303=VERTEX_POINT('',#2556);
#304=VERTEX_POINT('',#2558);
#305=VERTEX_POINT('',#2560);
#306=VERTEX_POINT('',#2562);
#307=VERTEX_POINT('',#2564);
#308=VERTEX_POINT('',#2566);
#309=VERTEX_POINT('',#2568);
#310=VERTEX_POINT('',#2570);
#311=VERTEX_POINT('',#2572);
#312=VERTEX_POINT('',#2574);
#313=VERTEX_POINT('',#2576);
#314=VERTEX_POINT('',#2578);
#315=VERTEX_POINT('',#2580);
#316=VERTEX_POINT('',#2582);
#317=VERTEX_POINT('',#2584);
#318=VERTEX_POINT('',#2586);
#319=VERTEX_POINT('',#2588);
#320=VERTEX_POINT('',#2591);
#321=VERTEX_POINT('',#2592);
#322=VERTEX_POINT('',#2594);
#323=VERTEX_POINT('',#2596);
#324=VERTEX_POINT('',#2599);
#325=VERTEX_POINT('',#2619);
#326=VERTEX_POINT('',#2620);
#327=VERTEX_POINT('',#2625);
#328=VERTEX_POINT('',#2627);
#329=VERTEX_POINT('',#2640);
#330=VERTEX_POINT('',#2642);
#331=VERTEX_POINT('',#2647);
#332=VERTEX_POINT('',#2649);
#333=VERTEX_POINT('',#2653);
#334=VERTEX_POINT('',#2655);
#335=VERTEX_POINT('',#2660);
#336=VERTEX_POINT('',#2662);
#337=VERTEX_POINT('',#2666);
#338=VERTEX_POINT('',#2668);
#339=VERTEX_POINT('',#2673);
#340=VERTEX_POINT('',#2675);
#341=VERTEX_POINT('',#2679);
#342=VERTEX_POINT('',#2681);
#343=VERTEX_POINT('',#2686);
#344=VERTEX_POINT('',#2690);
#345=VERTEX_POINT('',#2692);
#346=VERTEX_POINT('',#2697);
#347=VERTEX_POINT('',#2701);
#348=VERTEX_POINT('',#2702);
#349=VERTEX_POINT('',#2708);
#350=VERTEX_POINT('',#2710);
#351=VERTEX_POINT('',#2715);
#352=VERTEX_POINT('',#2716);
#353=VERTEX_POINT('',#2721);
#354=VERTEX_POINT('',#2723);
#355=VERTEX_POINT('',#2728);
#356=VERTEX_POINT('',#2729);
#357=VERTEX_POINT('',#2734);
#358=VERTEX_POINT('',#2736);
#359=VERTEX_POINT('',#2741);
#360=VERTEX_POINT('',#2742);
#361=VERTEX_POINT('',#2747);
#362=VERTEX_POINT('',#2749);
#363=VERTEX_POINT('',#2754);
#364=VERTEX_POINT('',#2758);
#365=VECTOR('',#1970,1.);
#366=VECTOR('',#1971,1.);
#367=VECTOR('',#1972,1.);
#368=VECTOR('',#1973,1.);
#369=VECTOR('',#1975,1.);
#370=VECTOR('',#1976,1.);
#371=VECTOR('',#1977,1.);
#372=VECTOR('',#1979,1.);
#373=VECTOR('',#1980,1.);
#374=VECTOR('',#1981,1.);
#375=VECTOR('',#1983,1.);
#376=VECTOR('',#1984,1.);
#377=VECTOR('',#1985,1.);
#378=VECTOR('',#1986,1.);
#379=VECTOR('',#1988,1.);
#380=VECTOR('',#1989,1.);
#381=VECTOR('',#1990,1.);
#382=VECTOR('',#1992,1.);
#383=VECTOR('',#1994,1.);
#384=VECTOR('',#1995,1.);
#385=VECTOR('',#1996,1.);
#386=VECTOR('',#1998,1.);
#387=VECTOR('',#1999,1.);
#388=VECTOR('',#2001,1.);
#389=VECTOR('',#2004,1.);
#390=VECTOR('',#2005,1.);
#391=VECTOR('',#2007,1.);
#392=VECTOR('',#2009,1.);
#393=VECTOR('',#2012,1.);
#394=VECTOR('',#2013,1.);
#395=VECTOR('',#2014,1.);
#396=VECTOR('',#2015,1.);
#397=VECTOR('',#2017,1.);
#398=VECTOR('',#2018,1.);
#399=VECTOR('',#2019,1.);
#400=VECTOR('',#2021,1.);
#401=VECTOR('',#2022,1.);
#402=VECTOR('',#2023,1.);
#403=VECTOR('',#2024,1.);
#404=VECTOR('',#2026,1.);
#405=VECTOR('',#2027,1.);
#406=VECTOR('',#2028,1.);
#407=VECTOR('',#2029,1.);
#408=VECTOR('',#2030,1.);
#409=VECTOR('',#2031,1.);
#410=VECTOR('',#2032,1.);
#411=VECTOR('',#2033,1.);
#412=VECTOR('',#2034,1.);
#413=VECTOR('',#2035,1.);
#414=VECTOR('',#2036,1.);
#415=VECTOR('',#2037,1.);
#416=VECTOR('',#2038,1.);
#417=VECTOR('',#2039,1.);
#418=VECTOR('',#2040,1.);
#419=VECTOR('',#2041,1.);
#420=VECTOR('',#2042,1.);
#421=VECTOR('',#2043,1.);
#422=VECTOR('',#2044,1.);
#423=VECTOR('',#2045,1.);
#424=VECTOR('',#2046,1.);
#425=VECTOR('',#2047,1.);
#426=VECTOR('',#2048,1.);
#427=VECTOR('',#2049,1.);
#428=VECTOR('',#2050,1.);
#429=VECTOR('',#2051,1.);
#430=VECTOR('',#2052,1.);
#431=VECTOR('',#2053,1.);
#432=VECTOR('',#2054,1.);
#433=VECTOR('',#2055,1.);
#434=VECTOR('',#2056,1.);
#435=VECTOR('',#2057,1.);
#436=VECTOR('',#2058,1.);
#437=VECTOR('',#2059,1.);
#438=VECTOR('',#2060,1.);
#439=VECTOR('',#2061,1.);
#440=VECTOR('',#2062,1.);
#441=VECTOR('',#2063,1.);
#442=VECTOR('',#2064,1.);
#443=VECTOR('',#2065,1.);
#444=VECTOR('',#2066,1.);
#445=VECTOR('',#2067,1.);
#446=VECTOR('',#2068,1.);
#447=VECTOR('',#2069,1.);
#448=VECTOR('',#2070,1.);
#449=VECTOR('',#2071,1.);
#450=VECTOR('',#2072,1.);
#451=VECTOR('',#2073,1.);
#452=VECTOR('',#2074,1.);
#453=VECTOR('',#2076,1.);
#454=VECTOR('',#2077,1.);
#455=VECTOR('',#2078,1.);
#456=VECTOR('',#2079,1.);
#457=VECTOR('',#2080,1.);
#458=VECTOR('',#2081,1.);
#459=VECTOR('',#2082,1.);
#460=VECTOR('',#2083,1.);
#461=VECTOR('',#2084,1.);
#462=VECTOR('',#2085,1.);
#463=VECTOR('',#2086,1.);
#464=VECTOR('',#2087,1.);
#465=VECTOR('',#2088,1.);
#466=VECTOR('',#2089,1.);
#467=VECTOR('',#2090,1.);
#468=VECTOR('',#2091,1.);
#469=VECTOR('',#2092,1.);
#470=VECTOR('',#2093,1.);
#471=VECTOR('',#2094,1.);
#472=VECTOR('',#2095,1.);
#473=VECTOR('',#2096,1.);
#474=VECTOR('',#2097,1.);
#475=VECTOR('',#2098,1.);
#476=VECTOR('',#2099,1.);
#477=VECTOR('',#2100,1.);
#478=VECTOR('',#2101,1.);
#479=VECTOR('',#2102,1.);
#480=VECTOR('',#2103,1.);
#481=VECTOR('',#2104,1.);
#482=VECTOR('',#2105,1.);
#483=VECTOR('',#2106,1.);
#484=VECTOR('',#2107,1.);
#485=VECTOR('',#2108,1.);
#486=VECTOR('',#2109,1.);
#487=VECTOR('',#2110,1.);
#488=VECTOR('',#2111,1.);
#489=VECTOR('',#2112,1.);
#490=VECTOR('',#2113,1.);
#491=VECTOR('',#2114,1.);
#492=VECTOR('',#2115,1.);
#493=VECTOR('',#2116,1.);
#494=VECTOR('',#2117,1.);
#495=VECTOR('',#2118,1.);
#496=VECTOR('',#2119,1.);
#497=VECTOR('',#2120,1.);
#498=VECTOR('',#2121,1.);
#499=VECTOR('',#2122,1.);
#500=VECTOR('',#2123,1.);
#501=VECTOR('',#2124,1.);
#502=VECTOR('',#2126,1.);
#503=VECTOR('',#2127,1.);
#504=VECTOR('',#2129,1.);
#505=VECTOR('',#2131,1.);
#506=VECTOR('',#2134,1.);
#507=VECTOR('',#2135,1.);
#508=VECTOR('',#2137,1.);
#509=VECTOR('',#2139,1.);
#510=VECTOR('',#2142,1.);
#511=VECTOR('',#2143,1.);
#512=VECTOR('',#2144,1.);
#513=VECTOR('',#2146,1.);
#514=VECTOR('',#2147,1.);
#515=VECTOR('',#2148,1.);
#516=VECTOR('',#2150,1.);
#517=VECTOR('',#2151,1.);
#518=VECTOR('',#2153,1.);
#519=VECTOR('',#2155,1.);
#520=VECTOR('',#2158,1.);
#521=VECTOR('',#2159,1.);
#522=VECTOR('',#2160,1.);
#523=VECTOR('',#2161,1.);
#524=VECTOR('',#2163,1.);
#525=VECTOR('',#2164,1.);
#526=VECTOR('',#2165,1.);
#527=VECTOR('',#2166,1.);
#528=VECTOR('',#2168,1.);
#529=VECTOR('',#2169,1.);
#530=VECTOR('',#2170,1.);
#531=VECTOR('',#2172,1.);
#532=VECTOR('',#2173,1.);
#533=VECTOR('',#2174,1.);
#534=VECTOR('',#2175,1.);
#535=VECTOR('',#2177,1.);
#536=VECTOR('',#2178,1.);
#537=VECTOR('',#2179,1.);
#538=VECTOR('',#2181,1.);
#539=VECTOR('',#2182,1.);
#540=VECTOR('',#2183,1.);
#541=VECTOR('',#2184,1.);
#542=VECTOR('',#2186,1.);
#543=VECTOR('',#2187,1.);
#544=VECTOR('',#2188,1.);
#545=VECTOR('',#2190,1.);
#546=VECTOR('',#2191,1.);
#547=VECTOR('',#2192,1.);
#548=VECTOR('',#2194,1.);
#549=VECTOR('',#2195,1.);
#550=VECTOR('',#2196,1.);
#551=VECTOR('',#2198,1.);
#552=VECTOR('',#2199,1.);
#553=VECTOR('',#2200,1.);
#554=VECTOR('',#2202,1.);
#555=VECTOR('',#2203,1.);
#556=VECTOR('',#2204,1.);
#557=VECTOR('',#2205,1.);
#558=VECTOR('',#2207,1.);
#559=VECTOR('',#2208,1.);
#560=VECTOR('',#2209,1.);
#561=VECTOR('',#2210,1.);
#562=VECTOR('',#2212,1.);
#563=VECTOR('',#2213,1.);
#564=VECTOR('',#2214,1.);
#565=VECTOR('',#2216,1.);
#566=VECTOR('',#2217,1.);
#567=VECTOR('',#2218,1.);
#568=VECTOR('',#2219,1.);
#569=VECTOR('',#2221,1.);
#570=VECTOR('',#2222,1.);
#571=VECTOR('',#2223,1.);
#572=VECTOR('',#2225,1.);
#573=VECTOR('',#2226,1.);
#574=VECTOR('',#2227,1.);
#575=VECTOR('',#2228,1.);
#576=VECTOR('',#2230,1.);
#577=VECTOR('',#2231,1.);
#578=VECTOR('',#2232,1.);
#579=VECTOR('',#2234,1.);
#580=VECTOR('',#2235,1.);
#581=VECTOR('',#2236,1.);
#582=VECTOR('',#2237,1.);
#583=VECTOR('',#2239,1.);
#584=VECTOR('',#2240,1.);
#585=VECTOR('',#2242,1.);
#586=VECTOR('',#2243,1.);
#587=VECTOR('',#2244,1.);
#588=VECTOR('',#2248,1.);
#589=VECTOR('',#2251,1.);
#590=VECTOR('',#2253,1.);
#591=VECTOR('',#2255,1.);
#592=VECTOR('',#2257,1.);
#593=VECTOR('',#2259,1.);
#594=VECTOR('',#2261,1.);
#595=VECTOR('',#2263,1.);
#596=VECTOR('',#2265,1.);
#597=VECTOR('',#2267,1.);
#598=VECTOR('',#2270,1.);
#599=VECTOR('',#2272,1.);
#600=VECTOR('',#2274,1.);
#601=VECTOR('',#2276,1.);
#602=VECTOR('',#2278,1.);
#603=VECTOR('',#2280,1.);
#604=VECTOR('',#2282,1.);
#605=VECTOR('',#2284,1.);
#606=VECTOR('',#2294,1.);
#607=VECTOR('',#2296,1.);
#608=VECTOR('',#2299,1.);
#609=LINE('',#2326,#365);
#610=LINE('',#2329,#366);
#611=LINE('',#2331,#367);
#612=LINE('',#2333,#368);
#613=LINE('',#2335,#369);
#614=LINE('',#2338,#370);
#615=LINE('',#2339,#371);
#616=LINE('',#2341,#372);
#617=LINE('',#2344,#373);
#618=LINE('',#2345,#374);
#619=LINE('',#2347,#375);
#620=LINE('',#2350,#376);
#621=LINE('',#2352,#377);
#622=LINE('',#2354,#378);
#623=LINE('',#2356,#379);
#624=LINE('',#2358,#380);
#625=LINE('',#2360,#381);
#626=LINE('',#2362,#382);
#627=LINE('',#2364,#383);
#628=LINE('',#2366,#384);
#629=LINE('',#2368,#385);
#630=LINE('',#2370,#386);
#631=LINE('',#2371,#387);
#632=LINE('',#2373,#388);
#633=LINE('',#2376,#389);
#634=LINE('',#2377,#390);
#635=LINE('',#2379,#391);
#636=LINE('',#2381,#392);
#637=LINE('',#2384,#393);
#638=LINE('',#2387,#394);
#639=LINE('',#2389,#395);
#640=LINE('',#2391,#396);
#641=LINE('',#2393,#397);
#642=LINE('',#2396,#398);
#643=LINE('',#2397,#399);
#644=LINE('',#2399,#400);
#645=LINE('',#2402,#401);
#646=LINE('',#2404,#402);
#647=LINE('',#2406,#403);
#648=LINE('',#2408,#404);
#649=LINE('',#2410,#405);
#650=LINE('',#2412,#406);
#651=LINE('',#2413,#407);
#652=LINE('',#2416,#408);
#653=LINE('',#2418,#409);
#654=LINE('',#2420,#410);
#655=LINE('',#2421,#411);
#656=LINE('',#2424,#412);
#657=LINE('',#2426,#413);
#658=LINE('',#2428,#414);
#659=LINE('',#2430,#415);
#660=LINE('',#2432,#416);
#661=LINE('',#2434,#417);
#662=LINE('',#2436,#418);
#663=LINE('',#2438,#419);
#664=LINE('',#2440,#420);
#665=LINE('',#2442,#421);
#666=LINE('',#2444,#422);
#667=LINE('',#2446,#423);
#668=LINE('',#2448,#424);
#669=LINE('',#2450,#425);
#670=LINE('',#2452,#426);
#671=LINE('',#2454,#427);
#672=LINE('',#2456,#428);
#673=LINE('',#2458,#429);
#674=LINE('',#2460,#430);
#675=LINE('',#2462,#431);
#676=LINE('',#2464,#432);
#677=LINE('',#2466,#433);
#678=LINE('',#2468,#434);
#679=LINE('',#2470,#435);
#680=LINE('',#2472,#436);
#681=LINE('',#2474,#437);
#682=LINE('',#2476,#438);
#683=LINE('',#2478,#439);
#684=LINE('',#2480,#440);
#685=LINE('',#2482,#441);
#686=LINE('',#2484,#442);
#687=LINE('',#2485,#443);
#688=LINE('',#2488,#444);
#689=LINE('',#2490,#445);
#690=LINE('',#2492,#446);
#691=LINE('',#2493,#447);
#692=LINE('',#2496,#448);
#693=LINE('',#2498,#449);
#694=LINE('',#2500,#450);
#695=LINE('',#2501,#451);
#696=LINE('',#2503,#452);
#697=LINE('',#2505,#453);
#698=LINE('',#2508,#454);
#699=LINE('',#2509,#455);
#700=LINE('',#2510,#456);
#701=LINE('',#2513,#457);
#702=LINE('',#2515,#458);
#703=LINE('',#2517,#459);
#704=LINE('',#2518,#460);
#705=LINE('',#2521,#461);
#706=LINE('',#2523,#462);
#707=LINE('',#2525,#463);
#708=LINE('',#2526,#464);
#709=LINE('',#2529,#465);
#710=LINE('',#2531,#466);
#711=LINE('',#2533,#467);
#712=LINE('',#2535,#468);
#713=LINE('',#2537,#469);
#714=LINE('',#2539,#470);
#715=LINE('',#2541,#471);
#716=LINE('',#2543,#472);
#717=LINE('',#2545,#473);
#718=LINE('',#2547,#474);
#719=LINE('',#2549,#475);
#720=LINE('',#2551,#476);
#721=LINE('',#2553,#477);
#722=LINE('',#2555,#478);
#723=LINE('',#2557,#479);
#724=LINE('',#2559,#480);
#725=LINE('',#2561,#481);
#726=LINE('',#2563,#482);
#727=LINE('',#2565,#483);
#728=LINE('',#2567,#484);
#729=LINE('',#2569,#485);
#730=LINE('',#2571,#486);
#731=LINE('',#2573,#487);
#732=LINE('',#2575,#488);
#733=LINE('',#2577,#489);
#734=LINE('',#2579,#490);
#735=LINE('',#2581,#491);
#736=LINE('',#2583,#492);
#737=LINE('',#2585,#493);
#738=LINE('',#2587,#494);
#739=LINE('',#2589,#495);
#740=LINE('',#2590,#496);
#741=LINE('',#2593,#497);
#742=LINE('',#2595,#498);
#743=LINE('',#2597,#499);
#744=LINE('',#2598,#500);
#745=LINE('',#2600,#501);
#746=LINE('',#2602,#502);
#747=LINE('',#2603,#503);
#748=LINE('',#2605,#504);
#749=LINE('',#2607,#505);
#750=LINE('',#2610,#506);
#751=LINE('',#2611,#507);
#752=LINE('',#2613,#508);
#753=LINE('',#2615,#509);
#754=LINE('',#2618,#510);
#755=LINE('',#2621,#511);
#756=LINE('',#2622,#512);
#757=LINE('',#2624,#513);
#758=LINE('',#2626,#514);
#759=LINE('',#2628,#515);
#760=LINE('',#2630,#516);
#761=LINE('',#2631,#517);
#762=LINE('',#2633,#518);
#763=LINE('',#2635,#519);
#764=LINE('',#2638,#520);
#765=LINE('',#2639,#521);
#766=LINE('',#2641,#522);
#767=LINE('',#2643,#523);
#768=LINE('',#2645,#524);
#769=LINE('',#2646,#525);
#770=LINE('',#2648,#526);
#771=LINE('',#2650,#527);
#772=LINE('',#2652,#528);
#773=LINE('',#2654,#529);
#774=LINE('',#2656,#530);
#775=LINE('',#2658,#531);
#776=LINE('',#2659,#532);
#777=LINE('',#2661,#533);
#778=LINE('',#2663,#534);
#779=LINE('',#2665,#535);
#780=LINE('',#2667,#536);
#781=LINE('',#2669,#537);
#782=LINE('',#2671,#538);
#783=LINE('',#2672,#539);
#784=LINE('',#2674,#540);
#785=LINE('',#2676,#541);
#786=LINE('',#2678,#542);
#787=LINE('',#2680,#543);
#788=LINE('',#2682,#544);
#789=LINE('',#2684,#545);
#790=LINE('',#2685,#546);
#791=LINE('',#2687,#547);
#792=LINE('',#2689,#548);
#793=LINE('',#2691,#549);
#794=LINE('',#2693,#550);
#795=LINE('',#2695,#551);
#796=LINE('',#2696,#552);
#797=LINE('',#2698,#553);
#798=LINE('',#2700,#554);
#799=LINE('',#2703,#555);
#800=LINE('',#2704,#556);
#801=LINE('',#2705,#557);
#802=LINE('',#2707,#558);
#803=LINE('',#2709,#559);
#804=LINE('',#2711,#560);
#805=LINE('',#2712,#561);
#806=LINE('',#2714,#562);
#807=LINE('',#2717,#563);
#808=LINE('',#2718,#564);
#809=LINE('',#2720,#565);
#810=LINE('',#2722,#566);
#811=LINE('',#2724,#567);
#812=LINE('',#2725,#568);
#813=LINE('',#2727,#569);
#814=LINE('',#2730,#570);
#815=LINE('',#2731,#571);
#816=LINE('',#2733,#572);
#817=LINE('',#2735,#573);
#818=LINE('',#2737,#574);
#819=LINE('',#2738,#575);
#820=LINE('',#2740,#576);
#821=LINE('',#2743,#577);
#822=LINE('',#2744,#578);
#823=LINE('',#2746,#579);
#824=LINE('',#2748,#580);
#825=LINE('',#2750,#581);
#826=LINE('',#2751,#582);
#827=LINE('',#2753,#583);
#828=LINE('',#2755,#584);
#829=LINE('',#2757,#585);
#830=LINE('',#2759,#586);
#831=LINE('',#2760,#587);
#832=LINE('',#2764,#588);
#833=LINE('',#2767,#589);
#834=LINE('',#2769,#590);
#835=LINE('',#2771,#591);
#836=LINE('',#2773,#592);
#837=LINE('',#2775,#593);
#838=LINE('',#2777,#594);
#839=LINE('',#2779,#595);
#840=LINE('',#2781,#596);
#841=LINE('',#2783,#597);
#842=LINE('',#2786,#598);
#843=LINE('',#2788,#599);
#844=LINE('',#2790,#600);
#845=LINE('',#2792,#601);
#846=LINE('',#2794,#602);
#847=LINE('',#2796,#603);
#848=LINE('',#2798,#604);
#849=LINE('',#2800,#605);
#850=LINE('',#2810,#606);
#851=LINE('',#2812,#607);
#852=LINE('',#2815,#608);
#853=EDGE_CURVE('',#205,#206,#609,.T.);
#854=EDGE_CURVE('',#207,#206,#610,.T.);
#855=EDGE_CURVE('',#208,#207,#611,.T.);
#856=EDGE_CURVE('',#205,#208,#612,.T.);
#857=EDGE_CURVE('',#209,#210,#613,.T.);
#858=EDGE_CURVE('',#208,#210,#614,.T.);
#859=EDGE_CURVE('',#209,#207,#615,.T.);
#860=EDGE_CURVE('',#211,#212,#616,.F.);
#861=EDGE_CURVE('',#210,#212,#617,.T.);
#862=EDGE_CURVE('',#211,#209,#618,.T.);
#863=EDGE_CURVE('',#213,#214,#619,.T.);
#864=EDGE_CURVE('',#214,#215,#620,.T.);
#865=EDGE_CURVE('',#215,#216,#621,.T.);
#866=EDGE_CURVE('',#216,#213,#622,.T.);
#867=EDGE_CURVE('',#217,#211,#623,.T.);
#868=EDGE_CURVE('',#218,#209,#624,.T.);
#869=EDGE_CURVE('',#218,#217,#625,.T.);
#870=EDGE_CURVE('',#212,#205,#626,.T.);
#871=EDGE_CURVE('',#207,#219,#627,.T.);
#872=EDGE_CURVE('',#206,#220,#628,.T.);
#873=EDGE_CURVE('',#220,#219,#629,.T.);
#874=EDGE_CURVE('',#206,#211,#630,.T.);
#875=EDGE_CURVE('',#217,#220,#631,.T.);
#876=EDGE_CURVE('',#219,#218,#632,.T.);
#877=EDGE_CURVE('',#218,#216,#633,.T.);
#878=EDGE_CURVE('',#213,#219,#634,.F.);
#879=EDGE_CURVE('',#214,#220,#635,.F.);
#880=EDGE_CURVE('',#217,#215,#636,.F.);
#881=EDGE_CURVE('',#221,#222,#637,.T.);
#882=EDGE_CURVE('',#223,#222,#638,.T.);
#883=EDGE_CURVE('',#224,#223,#639,.T.);
#884=EDGE_CURVE('',#221,#224,#640,.T.);
#885=EDGE_CURVE('',#225,#226,#641,.T.);
#886=EDGE_CURVE('',#222,#226,#642,.T.);
#887=EDGE_CURVE('',#225,#221,#643,.T.);
#888=EDGE_CURVE('',#227,#228,#644,.T.);
#889=EDGE_CURVE('',#229,#228,#645,.T.);
#890=EDGE_CURVE('',#230,#229,#646,.T.);
#891=EDGE_CURVE('',#227,#230,#647,.T.);
#892=EDGE_CURVE('',#228,#231,#648,.T.);
#893=EDGE_CURVE('',#231,#232,#649,.T.);
#894=EDGE_CURVE('',#232,#229,#650,.T.);
#895=EDGE_CURVE('',#233,#234,#651,.T.);
#896=EDGE_CURVE('',#234,#235,#652,.T.);
#897=EDGE_CURVE('',#235,#236,#653,.T.);
#898=EDGE_CURVE('',#236,#233,#654,.T.);
#899=EDGE_CURVE('',#237,#238,#655,.T.);
#900=EDGE_CURVE('',#238,#239,#656,.T.);
#901=EDGE_CURVE('',#239,#240,#657,.T.);
#902=EDGE_CURVE('',#240,#241,#658,.T.);
#903=EDGE_CURVE('',#241,#242,#659,.T.);
#904=EDGE_CURVE('',#242,#243,#660,.T.);
#905=EDGE_CURVE('',#243,#244,#661,.T.);
#906=EDGE_CURVE('',#244,#245,#662,.T.);
#907=EDGE_CURVE('',#245,#246,#663,.T.);
#908=EDGE_CURVE('',#246,#247,#664,.T.);
#909=EDGE_CURVE('',#247,#248,#665,.T.);
#910=EDGE_CURVE('',#248,#249,#666,.T.);
#911=EDGE_CURVE('',#249,#250,#667,.T.);
#912=EDGE_CURVE('',#250,#251,#668,.T.);
#913=EDGE_CURVE('',#251,#252,#669,.T.);
#914=EDGE_CURVE('',#252,#253,#670,.T.);
#915=EDGE_CURVE('',#254,#253,#671,.T.);
#916=EDGE_CURVE('',#254,#255,#672,.T.);
#917=EDGE_CURVE('',#256,#255,#673,.T.);
#918=EDGE_CURVE('',#256,#257,#674,.T.);
#919=EDGE_CURVE('',#257,#258,#675,.T.);
#920=EDGE_CURVE('',#259,#258,#676,.T.);
#921=EDGE_CURVE('',#259,#260,#677,.T.);
#922=EDGE_CURVE('',#260,#261,#678,.T.);
#923=EDGE_CURVE('',#262,#261,#679,.T.);
#924=EDGE_CURVE('',#262,#263,#680,.T.);
#925=EDGE_CURVE('',#263,#264,#681,.T.);
#926=EDGE_CURVE('',#265,#264,#682,.T.);
#927=EDGE_CURVE('',#265,#266,#683,.T.);
#928=EDGE_CURVE('',#266,#267,#684,.T.);
#929=EDGE_CURVE('',#268,#267,#685,.T.);
#930=EDGE_CURVE('',#268,#237,#686,.T.);
#931=EDGE_CURVE('',#269,#270,#687,.T.);
#932=EDGE_CURVE('',#270,#271,#688,.T.);
#933=EDGE_CURVE('',#271,#272,#689,.T.);
#934=EDGE_CURVE('',#272,#269,#690,.T.);
#935=EDGE_CURVE('',#273,#274,#691,.T.);
#936=EDGE_CURVE('',#274,#275,#692,.T.);
#937=EDGE_CURVE('',#275,#276,#693,.T.);
#938=EDGE_CURVE('',#276,#273,#694,.T.);
#939=EDGE_CURVE('',#277,#223,#695,.T.);
#940=EDGE_CURVE('',#226,#277,#696,.T.);
#941=EDGE_CURVE('',#278,#279,#697,.T.);
#942=EDGE_CURVE('',#279,#227,#698,.T.);
#943=EDGE_CURVE('',#230,#278,#699,.T.);
#944=EDGE_CURVE('',#280,#281,#700,.T.);
#945=EDGE_CURVE('',#281,#282,#701,.T.);
#946=EDGE_CURVE('',#282,#283,#702,.T.);
#947=EDGE_CURVE('',#283,#280,#703,.T.);
#948=EDGE_CURVE('',#284,#285,#704,.T.);
#949=EDGE_CURVE('',#286,#284,#705,.T.);
#950=EDGE_CURVE('',#287,#286,#706,.T.);
#951=EDGE_CURVE('',#285,#287,#707,.T.);
#952=EDGE_CURVE('',#288,#289,#708,.T.);
#953=EDGE_CURVE('',#290,#288,#709,.T.);
#954=EDGE_CURVE('',#291,#290,#710,.T.);
#955=EDGE_CURVE('',#292,#291,#711,.T.);
#956=EDGE_CURVE('',#292,#293,#712,.T.);
#957=EDGE_CURVE('',#294,#293,#713,.T.);
#958=EDGE_CURVE('',#295,#294,#714,.T.);
#959=EDGE_CURVE('',#295,#296,#715,.T.);
#960=EDGE_CURVE('',#297,#296,#716,.T.);
#961=EDGE_CURVE('',#298,#297,#717,.T.);
#962=EDGE_CURVE('',#298,#299,#718,.T.);
#963=EDGE_CURVE('',#300,#299,#719,.T.);
#964=EDGE_CURVE('',#301,#300,#720,.T.);
#965=EDGE_CURVE('',#301,#302,#721,.T.);
#966=EDGE_CURVE('',#303,#302,#722,.T.);
#967=EDGE_CURVE('',#304,#303,#723,.T.);
#968=EDGE_CURVE('',#304,#305,#724,.T.);
#969=EDGE_CURVE('',#306,#305,#725,.T.);
#970=EDGE_CURVE('',#307,#306,#726,.T.);
#971=EDGE_CURVE('',#308,#307,#727,.T.);
#972=EDGE_CURVE('',#309,#308,#728,.T.);
#973=EDGE_CURVE('',#310,#309,#729,.T.);
#974=EDGE_CURVE('',#311,#310,#730,.T.);
#975=EDGE_CURVE('',#312,#311,#731,.T.);
#976=EDGE_CURVE('',#313,#312,#732,.T.);
#977=EDGE_CURVE('',#314,#313,#733,.T.);
#978=EDGE_CURVE('',#315,#314,#734,.T.);
#979=EDGE_CURVE('',#316,#315,#735,.T.);
#980=EDGE_CURVE('',#317,#316,#736,.T.);
#981=EDGE_CURVE('',#318,#317,#737,.T.);
#982=EDGE_CURVE('',#319,#318,#738,.T.);
#983=EDGE_CURVE('',#289,#319,#739,.T.);
#984=EDGE_CURVE('',#320,#321,#740,.T.);
#985=EDGE_CURVE('',#321,#322,#741,.T.);
#986=EDGE_CURVE('',#322,#323,#742,.T.);
#987=EDGE_CURVE('',#323,#320,#743,.T.);
#988=EDGE_CURVE('',#224,#324,#744,.T.);
#989=EDGE_CURVE('',#324,#225,#745,.T.);
#990=EDGE_CURVE('',#323,#273,#746,.T.);
#991=EDGE_CURVE('',#320,#276,#747,.T.);
#992=EDGE_CURVE('',#322,#274,#748,.T.);
#993=EDGE_CURVE('',#321,#275,#749,.T.);
#994=EDGE_CURVE('',#282,#234,#750,.T.);
#995=EDGE_CURVE('',#283,#233,#751,.T.);
#996=EDGE_CURVE('',#280,#236,#752,.T.);
#997=EDGE_CURVE('',#281,#235,#753,.T.);
#998=EDGE_CURVE('',#325,#326,#754,.T.);
#999=EDGE_CURVE('',#293,#326,#755,.T.);
#1000=EDGE_CURVE('',#325,#292,#756,.T.);
#1001=EDGE_CURVE('',#327,#289,#757,.T.);
#1002=EDGE_CURVE('',#328,#327,#758,.T.);
#1003=EDGE_CURVE('',#288,#328,#759,.T.);
#1004=EDGE_CURVE('',#284,#269,#760,.T.);
#1005=EDGE_CURVE('',#285,#270,#761,.T.);
#1006=EDGE_CURVE('',#286,#272,#762,.T.);
#1007=EDGE_CURVE('',#287,#271,#763,.T.);
#1008=EDGE_CURVE('',#238,#306,#764,.T.);
#1009=EDGE_CURVE('',#305,#329,#765,.T.);
#1010=EDGE_CURVE('',#330,#329,#766,.T.);
#1011=EDGE_CURVE('',#330,#239,#767,.T.);
#1012=EDGE_CURVE('',#303,#241,#768,.T.);
#1013=EDGE_CURVE('',#302,#331,#769,.T.);
#1014=EDGE_CURVE('',#332,#331,#770,.T.);
#1015=EDGE_CURVE('',#242,#332,#771,.T.);
#1016=EDGE_CURVE('',#333,#304,#772,.T.);
#1017=EDGE_CURVE('',#334,#240,#773,.T.);
#1018=EDGE_CURVE('',#333,#334,#774,.T.);
#1019=EDGE_CURVE('',#300,#244,#775,.T.);
#1020=EDGE_CURVE('',#299,#335,#776,.T.);
#1021=EDGE_CURVE('',#336,#335,#777,.T.);
#1022=EDGE_CURVE('',#245,#336,#778,.T.);
#1023=EDGE_CURVE('',#337,#301,#779,.T.);
#1024=EDGE_CURVE('',#338,#243,#780,.T.);
#1025=EDGE_CURVE('',#337,#338,#781,.T.);
#1026=EDGE_CURVE('',#297,#247,#782,.T.);
#1027=EDGE_CURVE('',#296,#339,#783,.T.);
#1028=EDGE_CURVE('',#340,#339,#784,.T.);
#1029=EDGE_CURVE('',#248,#340,#785,.T.);
#1030=EDGE_CURVE('',#341,#298,#786,.T.);
#1031=EDGE_CURVE('',#342,#246,#787,.T.);
#1032=EDGE_CURVE('',#341,#342,#788,.T.);
#1033=EDGE_CURVE('',#294,#250,#789,.T.);
#1034=EDGE_CURVE('',#343,#326,#790,.T.);
#1035=EDGE_CURVE('',#251,#343,#791,.T.);
#1036=EDGE_CURVE('',#344,#295,#792,.T.);
#1037=EDGE_CURVE('',#345,#249,#793,.T.);
#1038=EDGE_CURVE('',#344,#345,#794,.T.);
#1039=EDGE_CURVE('',#291,#253,#795,.T.);
#1040=EDGE_CURVE('',#346,#252,#796,.T.);
#1041=EDGE_CURVE('',#325,#346,#797,.T.);
#1042=EDGE_CURVE('',#347,#348,#798,.T.);
#1043=EDGE_CURVE('',#347,#308,#799,.T.);
#1044=EDGE_CURVE('',#307,#237,#800,.T.);
#1045=EDGE_CURVE('',#348,#268,#801,.T.);
#1046=EDGE_CURVE('',#309,#349,#802,.T.);
#1047=EDGE_CURVE('',#350,#349,#803,.T.);
#1048=EDGE_CURVE('',#267,#350,#804,.T.);
#1049=EDGE_CURVE('',#310,#266,#805,.T.);
#1050=EDGE_CURVE('',#351,#352,#806,.T.);
#1051=EDGE_CURVE('',#351,#311,#807,.T.);
#1052=EDGE_CURVE('',#352,#265,#808,.T.);
#1053=EDGE_CURVE('',#312,#353,#809,.T.);
#1054=EDGE_CURVE('',#354,#353,#810,.T.);
#1055=EDGE_CURVE('',#264,#354,#811,.T.);
#1056=EDGE_CURVE('',#313,#263,#812,.T.);
#1057=EDGE_CURVE('',#355,#356,#813,.T.);
#1058=EDGE_CURVE('',#355,#314,#814,.T.);
#1059=EDGE_CURVE('',#356,#262,#815,.T.);
#1060=EDGE_CURVE('',#315,#357,#816,.T.);
#1061=EDGE_CURVE('',#358,#357,#817,.T.);
#1062=EDGE_CURVE('',#261,#358,#818,.T.);
#1063=EDGE_CURVE('',#316,#260,#819,.T.);
#1064=EDGE_CURVE('',#359,#360,#820,.T.);
#1065=EDGE_CURVE('',#359,#317,#821,.T.);
#1066=EDGE_CURVE('',#360,#259,#822,.T.);
#1067=EDGE_CURVE('',#318,#361,#823,.T.);
#1068=EDGE_CURVE('',#362,#361,#824,.T.);
#1069=EDGE_CURVE('',#258,#362,#825,.T.);
#1070=EDGE_CURVE('',#319,#257,#826,.T.);
#1071=EDGE_CURVE('',#327,#363,#827,.T.);
#1072=EDGE_CURVE('',#363,#256,#828,.T.);
#1073=EDGE_CURVE('',#364,#328,#829,.T.);
#1074=EDGE_CURVE('',#364,#255,#830,.T.);
#1075=EDGE_CURVE('',#290,#254,#831,.T.);
#1076=EDGE_CURVE('',#363,#364,#832,.T.);
#1077=EDGE_CURVE('',#330,#334,#833,.T.);
#1078=EDGE_CURVE('',#332,#338,#834,.T.);
#1079=EDGE_CURVE('',#343,#346,#835,.T.);
#1080=EDGE_CURVE('',#348,#350,#836,.T.);
#1081=EDGE_CURVE('',#340,#345,#837,.T.);
#1082=EDGE_CURVE('',#360,#362,#838,.T.);
#1083=EDGE_CURVE('',#356,#358,#839,.T.);
#1084=EDGE_CURVE('',#352,#354,#840,.T.);
#1085=EDGE_CURVE('',#336,#342,#841,.T.);
#1086=EDGE_CURVE('',#344,#339,#842,.T.);
#1087=EDGE_CURVE('',#341,#335,#843,.T.);
#1088=EDGE_CURVE('',#337,#331,#844,.T.);
#1089=EDGE_CURVE('',#333,#329,#845,.T.);
#1090=EDGE_CURVE('',#349,#347,#846,.T.);
#1091=EDGE_CURVE('',#353,#351,#847,.T.);
#1092=EDGE_CURVE('',#357,#355,#848,.T.);
#1093=EDGE_CURVE('',#361,#359,#849,.T.);
#1094=EDGE_CURVE('',#279,#231,#850,.T.);
#1095=EDGE_CURVE('',#278,#232,#851,.T.);
#1096=EDGE_CURVE('',#324,#277,#852,.T.);
#1097=ORIENTED_EDGE('',*,*,#853,.T.);
#1098=ORIENTED_EDGE('',*,*,#854,.F.);
#1099=ORIENTED_EDGE('',*,*,#855,.F.);
#1100=ORIENTED_EDGE('',*,*,#856,.F.);
#1101=ORIENTED_EDGE('',*,*,#857,.T.);
#1102=ORIENTED_EDGE('',*,*,#858,.F.);
#1103=ORIENTED_EDGE('',*,*,#855,.T.);
#1104=ORIENTED_EDGE('',*,*,#859,.F.);
#1105=ORIENTED_EDGE('',*,*,#860,.T.);
#1106=ORIENTED_EDGE('',*,*,#861,.F.);
#1107=ORIENTED_EDGE('',*,*,#857,.F.);
#1108=ORIENTED_EDGE('',*,*,#862,.F.);
#1109=ORIENTED_EDGE('',*,*,#863,.T.);
#1110=ORIENTED_EDGE('',*,*,#864,.T.);
#1111=ORIENTED_EDGE('',*,*,#865,.T.);
#1112=ORIENTED_EDGE('',*,*,#866,.T.);
#1113=ORIENTED_EDGE('',*,*,#867,.T.);
#1114=ORIENTED_EDGE('',*,*,#862,.T.);
#1115=ORIENTED_EDGE('',*,*,#868,.F.);
#1116=ORIENTED_EDGE('',*,*,#869,.T.);
#1117=ORIENTED_EDGE('',*,*,#856,.T.);
#1118=ORIENTED_EDGE('',*,*,#858,.T.);
#1119=ORIENTED_EDGE('',*,*,#861,.T.);
#1120=ORIENTED_EDGE('',*,*,#870,.T.);
#1121=ORIENTED_EDGE('',*,*,#871,.F.);
#1122=ORIENTED_EDGE('',*,*,#854,.T.);
#1123=ORIENTED_EDGE('',*,*,#872,.T.);
#1124=ORIENTED_EDGE('',*,*,#873,.T.);
#1125=ORIENTED_EDGE('',*,*,#872,.F.);
#1126=ORIENTED_EDGE('',*,*,#874,.T.);
#1127=ORIENTED_EDGE('',*,*,#867,.F.);
#1128=ORIENTED_EDGE('',*,*,#875,.T.);
#1129=ORIENTED_EDGE('',*,*,#868,.T.);
#1130=ORIENTED_EDGE('',*,*,#859,.T.);
#1131=ORIENTED_EDGE('',*,*,#871,.T.);
#1132=ORIENTED_EDGE('',*,*,#876,.T.);
#1133=ORIENTED_EDGE('',*,*,#853,.F.);
#1134=ORIENTED_EDGE('',*,*,#870,.F.);
#1135=ORIENTED_EDGE('',*,*,#860,.F.);
#1136=ORIENTED_EDGE('',*,*,#874,.F.);
#1137=ORIENTED_EDGE('',*,*,#877,.F.);
#1138=ORIENTED_EDGE('',*,*,#876,.F.);
#1139=ORIENTED_EDGE('',*,*,#878,.F.);
#1140=ORIENTED_EDGE('',*,*,#866,.F.);
#1141=ORIENTED_EDGE('',*,*,#878,.T.);
#1142=ORIENTED_EDGE('',*,*,#873,.F.);
#1143=ORIENTED_EDGE('',*,*,#879,.F.);
#1144=ORIENTED_EDGE('',*,*,#863,.F.);
#1145=ORIENTED_EDGE('',*,*,#877,.T.);
#1146=ORIENTED_EDGE('',*,*,#865,.F.);
#1147=ORIENTED_EDGE('',*,*,#880,.F.);
#1148=ORIENTED_EDGE('',*,*,#869,.F.);
#1149=ORIENTED_EDGE('',*,*,#879,.T.);
#1150=ORIENTED_EDGE('',*,*,#875,.F.);
#1151=ORIENTED_EDGE('',*,*,#880,.T.);
#1152=ORIENTED_EDGE('',*,*,#864,.F.);
#1153=ORIENTED_EDGE('',*,*,#881,.T.);
#1154=ORIENTED_EDGE('',*,*,#882,.F.);
#1155=ORIENTED_EDGE('',*,*,#883,.F.);
#1156=ORIENTED_EDGE('',*,*,#884,.F.);
#1157=ORIENTED_EDGE('',*,*,#885,.T.);
#1158=ORIENTED_EDGE('',*,*,#886,.F.);
#1159=ORIENTED_EDGE('',*,*,#881,.F.);
#1160=ORIENTED_EDGE('',*,*,#887,.F.);
#1161=ORIENTED_EDGE('',*,*,#888,.T.);
#1162=ORIENTED_EDGE('',*,*,#889,.F.);
#1163=ORIENTED_EDGE('',*,*,#890,.F.);
#1164=ORIENTED_EDGE('',*,*,#891,.F.);
#1165=ORIENTED_EDGE('',*,*,#889,.T.);
#1166=ORIENTED_EDGE('',*,*,#892,.T.);
#1167=ORIENTED_EDGE('',*,*,#893,.T.);
#1168=ORIENTED_EDGE('',*,*,#894,.T.);
#1169=ORIENTED_EDGE('',*,*,#895,.T.);
#1170=ORIENTED_EDGE('',*,*,#896,.T.);
#1171=ORIENTED_EDGE('',*,*,#897,.T.);
#1172=ORIENTED_EDGE('',*,*,#898,.T.);
#1173=ORIENTED_EDGE('',*,*,#899,.T.);
#1174=ORIENTED_EDGE('',*,*,#900,.T.);
#1175=ORIENTED_EDGE('',*,*,#901,.T.);
#1176=ORIENTED_EDGE('',*,*,#902,.T.);
#1177=ORIENTED_EDGE('',*,*,#903,.T.);
#1178=ORIENTED_EDGE('',*,*,#904,.T.);
#1179=ORIENTED_EDGE('',*,*,#905,.T.);
#1180=ORIENTED_EDGE('',*,*,#906,.T.);
#1181=ORIENTED_EDGE('',*,*,#907,.T.);
#1182=ORIENTED_EDGE('',*,*,#908,.T.);
#1183=ORIENTED_EDGE('',*,*,#909,.T.);
#1184=ORIENTED_EDGE('',*,*,#910,.T.);
#1185=ORIENTED_EDGE('',*,*,#911,.T.);
#1186=ORIENTED_EDGE('',*,*,#912,.T.);
#1187=ORIENTED_EDGE('',*,*,#913,.T.);
#1188=ORIENTED_EDGE('',*,*,#914,.T.);
#1189=ORIENTED_EDGE('',*,*,#915,.F.);
#1190=ORIENTED_EDGE('',*,*,#916,.T.);
#1191=ORIENTED_EDGE('',*,*,#917,.F.);
#1192=ORIENTED_EDGE('',*,*,#918,.T.);
#1193=ORIENTED_EDGE('',*,*,#919,.T.);
#1194=ORIENTED_EDGE('',*,*,#920,.F.);
#1195=ORIENTED_EDGE('',*,*,#921,.T.);
#1196=ORIENTED_EDGE('',*,*,#922,.T.);
#1197=ORIENTED_EDGE('',*,*,#923,.F.);
#1198=ORIENTED_EDGE('',*,*,#924,.T.);
#1199=ORIENTED_EDGE('',*,*,#925,.T.);
#1200=ORIENTED_EDGE('',*,*,#926,.F.);
#1201=ORIENTED_EDGE('',*,*,#927,.T.);
#1202=ORIENTED_EDGE('',*,*,#928,.T.);
#1203=ORIENTED_EDGE('',*,*,#929,.F.);
#1204=ORIENTED_EDGE('',*,*,#930,.T.);
#1205=ORIENTED_EDGE('',*,*,#931,.T.);
#1206=ORIENTED_EDGE('',*,*,#932,.T.);
#1207=ORIENTED_EDGE('',*,*,#933,.T.);
#1208=ORIENTED_EDGE('',*,*,#934,.T.);
#1209=ORIENTED_EDGE('',*,*,#935,.T.);
#1210=ORIENTED_EDGE('',*,*,#936,.T.);
#1211=ORIENTED_EDGE('',*,*,#937,.T.);
#1212=ORIENTED_EDGE('',*,*,#938,.T.);
#1213=ORIENTED_EDGE('',*,*,#939,.T.);
#1214=ORIENTED_EDGE('',*,*,#882,.T.);
#1215=ORIENTED_EDGE('',*,*,#886,.T.);
#1216=ORIENTED_EDGE('',*,*,#940,.T.);
#1217=ORIENTED_EDGE('',*,*,#941,.T.);
#1218=ORIENTED_EDGE('',*,*,#942,.T.);
#1219=ORIENTED_EDGE('',*,*,#891,.T.);
#1220=ORIENTED_EDGE('',*,*,#943,.T.);
#1221=ORIENTED_EDGE('',*,*,#944,.T.);
#1222=ORIENTED_EDGE('',*,*,#945,.T.);
#1223=ORIENTED_EDGE('',*,*,#946,.T.);
#1224=ORIENTED_EDGE('',*,*,#947,.T.);
#1225=ORIENTED_EDGE('',*,*,#948,.F.);
#1226=ORIENTED_EDGE('',*,*,#949,.F.);
#1227=ORIENTED_EDGE('',*,*,#950,.F.);
#1228=ORIENTED_EDGE('',*,*,#951,.F.);
#1229=ORIENTED_EDGE('',*,*,#952,.F.);
#1230=ORIENTED_EDGE('',*,*,#953,.F.);
#1231=ORIENTED_EDGE('',*,*,#954,.F.);
#1232=ORIENTED_EDGE('',*,*,#955,.F.);
#1233=ORIENTED_EDGE('',*,*,#956,.T.);
#1234=ORIENTED_EDGE('',*,*,#957,.F.);
#1235=ORIENTED_EDGE('',*,*,#958,.F.);
#1236=ORIENTED_EDGE('',*,*,#959,.T.);
#1237=ORIENTED_EDGE('',*,*,#960,.F.);
#1238=ORIENTED_EDGE('',*,*,#961,.F.);
#1239=ORIENTED_EDGE('',*,*,#962,.T.);
#1240=ORIENTED_EDGE('',*,*,#963,.F.);
#1241=ORIENTED_EDGE('',*,*,#964,.F.);
#1242=ORIENTED_EDGE('',*,*,#965,.T.);
#1243=ORIENTED_EDGE('',*,*,#966,.F.);
#1244=ORIENTED_EDGE('',*,*,#967,.F.);
#1245=ORIENTED_EDGE('',*,*,#968,.T.);
#1246=ORIENTED_EDGE('',*,*,#969,.F.);
#1247=ORIENTED_EDGE('',*,*,#970,.F.);
#1248=ORIENTED_EDGE('',*,*,#971,.F.);
#1249=ORIENTED_EDGE('',*,*,#972,.F.);
#1250=ORIENTED_EDGE('',*,*,#973,.F.);
#1251=ORIENTED_EDGE('',*,*,#974,.F.);
#1252=ORIENTED_EDGE('',*,*,#975,.F.);
#1253=ORIENTED_EDGE('',*,*,#976,.F.);
#1254=ORIENTED_EDGE('',*,*,#977,.F.);
#1255=ORIENTED_EDGE('',*,*,#978,.F.);
#1256=ORIENTED_EDGE('',*,*,#979,.F.);
#1257=ORIENTED_EDGE('',*,*,#980,.F.);
#1258=ORIENTED_EDGE('',*,*,#981,.F.);
#1259=ORIENTED_EDGE('',*,*,#982,.F.);
#1260=ORIENTED_EDGE('',*,*,#983,.F.);
#1261=ORIENTED_EDGE('',*,*,#984,.T.);
#1262=ORIENTED_EDGE('',*,*,#985,.T.);
#1263=ORIENTED_EDGE('',*,*,#986,.T.);
#1264=ORIENTED_EDGE('',*,*,#987,.T.);
#1265=ORIENTED_EDGE('',*,*,#887,.T.);
#1266=ORIENTED_EDGE('',*,*,#884,.T.);
#1267=ORIENTED_EDGE('',*,*,#988,.T.);
#1268=ORIENTED_EDGE('',*,*,#989,.T.);
#1269=ORIENTED_EDGE('',*,*,#990,.T.);
#1270=ORIENTED_EDGE('',*,*,#938,.F.);
#1271=ORIENTED_EDGE('',*,*,#991,.F.);
#1272=ORIENTED_EDGE('',*,*,#987,.F.);
#1273=ORIENTED_EDGE('',*,*,#992,.T.);
#1274=ORIENTED_EDGE('',*,*,#935,.F.);
#1275=ORIENTED_EDGE('',*,*,#990,.F.);
#1276=ORIENTED_EDGE('',*,*,#986,.F.);
#1277=ORIENTED_EDGE('',*,*,#991,.T.);
#1278=ORIENTED_EDGE('',*,*,#937,.F.);
#1279=ORIENTED_EDGE('',*,*,#993,.F.);
#1280=ORIENTED_EDGE('',*,*,#984,.F.);
#1281=ORIENTED_EDGE('',*,*,#993,.T.);
#1282=ORIENTED_EDGE('',*,*,#936,.F.);
#1283=ORIENTED_EDGE('',*,*,#992,.F.);
#1284=ORIENTED_EDGE('',*,*,#985,.F.);
#1285=ORIENTED_EDGE('',*,*,#994,.T.);
#1286=ORIENTED_EDGE('',*,*,#895,.F.);
#1287=ORIENTED_EDGE('',*,*,#995,.F.);
#1288=ORIENTED_EDGE('',*,*,#946,.F.);
#1289=ORIENTED_EDGE('',*,*,#995,.T.);
#1290=ORIENTED_EDGE('',*,*,#898,.F.);
#1291=ORIENTED_EDGE('',*,*,#996,.F.);
#1292=ORIENTED_EDGE('',*,*,#947,.F.);
#1293=ORIENTED_EDGE('',*,*,#996,.T.);
#1294=ORIENTED_EDGE('',*,*,#897,.F.);
#1295=ORIENTED_EDGE('',*,*,#997,.F.);
#1296=ORIENTED_EDGE('',*,*,#944,.F.);
#1297=ORIENTED_EDGE('',*,*,#997,.T.);
#1298=ORIENTED_EDGE('',*,*,#896,.F.);
#1299=ORIENTED_EDGE('',*,*,#994,.F.);
#1300=ORIENTED_EDGE('',*,*,#945,.F.);
#1301=ORIENTED_EDGE('',*,*,#998,.T.);
#1302=ORIENTED_EDGE('',*,*,#999,.F.);
#1303=ORIENTED_EDGE('',*,*,#956,.F.);
#1304=ORIENTED_EDGE('',*,*,#1000,.F.);
#1305=ORIENTED_EDGE('',*,*,#952,.T.);
#1306=ORIENTED_EDGE('',*,*,#1001,.F.);
#1307=ORIENTED_EDGE('',*,*,#1002,.F.);
#1308=ORIENTED_EDGE('',*,*,#1003,.F.);
#1309=ORIENTED_EDGE('',*,*,#1004,.F.);
#1310=ORIENTED_EDGE('',*,*,#948,.T.);
#1311=ORIENTED_EDGE('',*,*,#1005,.T.);
#1312=ORIENTED_EDGE('',*,*,#931,.F.);
#1313=ORIENTED_EDGE('',*,*,#1006,.F.);
#1314=ORIENTED_EDGE('',*,*,#949,.T.);
#1315=ORIENTED_EDGE('',*,*,#1004,.T.);
#1316=ORIENTED_EDGE('',*,*,#934,.F.);
#1317=ORIENTED_EDGE('',*,*,#1007,.F.);
#1318=ORIENTED_EDGE('',*,*,#950,.T.);
#1319=ORIENTED_EDGE('',*,*,#1006,.T.);
#1320=ORIENTED_EDGE('',*,*,#933,.F.);
#1321=ORIENTED_EDGE('',*,*,#1005,.F.);
#1322=ORIENTED_EDGE('',*,*,#951,.T.);
#1323=ORIENTED_EDGE('',*,*,#1007,.T.);
#1324=ORIENTED_EDGE('',*,*,#932,.F.);
#1325=ORIENTED_EDGE('',*,*,#1008,.T.);
#1326=ORIENTED_EDGE('',*,*,#969,.T.);
#1327=ORIENTED_EDGE('',*,*,#1009,.T.);
#1328=ORIENTED_EDGE('',*,*,#1010,.F.);
#1329=ORIENTED_EDGE('',*,*,#1011,.T.);
#1330=ORIENTED_EDGE('',*,*,#900,.F.);
#1331=ORIENTED_EDGE('',*,*,#1012,.F.);
#1332=ORIENTED_EDGE('',*,*,#966,.T.);
#1333=ORIENTED_EDGE('',*,*,#1013,.T.);
#1334=ORIENTED_EDGE('',*,*,#1014,.F.);
#1335=ORIENTED_EDGE('',*,*,#1015,.F.);
#1336=ORIENTED_EDGE('',*,*,#903,.F.);
#1337=ORIENTED_EDGE('',*,*,#1016,.T.);
#1338=ORIENTED_EDGE('',*,*,#967,.T.);
#1339=ORIENTED_EDGE('',*,*,#1012,.T.);
#1340=ORIENTED_EDGE('',*,*,#902,.F.);
#1341=ORIENTED_EDGE('',*,*,#1017,.F.);
#1342=ORIENTED_EDGE('',*,*,#1018,.F.);
#1343=ORIENTED_EDGE('',*,*,#1019,.F.);
#1344=ORIENTED_EDGE('',*,*,#963,.T.);
#1345=ORIENTED_EDGE('',*,*,#1020,.T.);
#1346=ORIENTED_EDGE('',*,*,#1021,.F.);
#1347=ORIENTED_EDGE('',*,*,#1022,.F.);
#1348=ORIENTED_EDGE('',*,*,#906,.F.);
#1349=ORIENTED_EDGE('',*,*,#1023,.T.);
#1350=ORIENTED_EDGE('',*,*,#964,.T.);
#1351=ORIENTED_EDGE('',*,*,#1019,.T.);
#1352=ORIENTED_EDGE('',*,*,#905,.F.);
#1353=ORIENTED_EDGE('',*,*,#1024,.F.);
#1354=ORIENTED_EDGE('',*,*,#1025,.F.);
#1355=ORIENTED_EDGE('',*,*,#1026,.F.);
#1356=ORIENTED_EDGE('',*,*,#960,.T.);
#1357=ORIENTED_EDGE('',*,*,#1027,.T.);
#1358=ORIENTED_EDGE('',*,*,#1028,.F.);
#1359=ORIENTED_EDGE('',*,*,#1029,.F.);
#1360=ORIENTED_EDGE('',*,*,#909,.F.);
#1361=ORIENTED_EDGE('',*,*,#1030,.T.);
#1362=ORIENTED_EDGE('',*,*,#961,.T.);
#1363=ORIENTED_EDGE('',*,*,#1026,.T.);
#1364=ORIENTED_EDGE('',*,*,#908,.F.);
#1365=ORIENTED_EDGE('',*,*,#1031,.F.);
#1366=ORIENTED_EDGE('',*,*,#1032,.F.);
#1367=ORIENTED_EDGE('',*,*,#1033,.F.);
#1368=ORIENTED_EDGE('',*,*,#957,.T.);
#1369=ORIENTED_EDGE('',*,*,#999,.T.);
#1370=ORIENTED_EDGE('',*,*,#1034,.F.);
#1371=ORIENTED_EDGE('',*,*,#1035,.F.);
#1372=ORIENTED_EDGE('',*,*,#912,.F.);
#1373=ORIENTED_EDGE('',*,*,#1036,.T.);
#1374=ORIENTED_EDGE('',*,*,#958,.T.);
#1375=ORIENTED_EDGE('',*,*,#1033,.T.);
#1376=ORIENTED_EDGE('',*,*,#911,.F.);
#1377=ORIENTED_EDGE('',*,*,#1037,.F.);
#1378=ORIENTED_EDGE('',*,*,#1038,.F.);
#1379=ORIENTED_EDGE('',*,*,#1000,.T.);
#1380=ORIENTED_EDGE('',*,*,#955,.T.);
#1381=ORIENTED_EDGE('',*,*,#1039,.T.);
#1382=ORIENTED_EDGE('',*,*,#914,.F.);
#1383=ORIENTED_EDGE('',*,*,#1040,.F.);
#1384=ORIENTED_EDGE('',*,*,#1041,.F.);
#1385=ORIENTED_EDGE('',*,*,#1042,.F.);
#1386=ORIENTED_EDGE('',*,*,#1043,.T.);
#1387=ORIENTED_EDGE('',*,*,#971,.T.);
#1388=ORIENTED_EDGE('',*,*,#1044,.T.);
#1389=ORIENTED_EDGE('',*,*,#930,.F.);
#1390=ORIENTED_EDGE('',*,*,#1045,.F.);
#1391=ORIENTED_EDGE('',*,*,#973,.T.);
#1392=ORIENTED_EDGE('',*,*,#1046,.T.);
#1393=ORIENTED_EDGE('',*,*,#1047,.F.);
#1394=ORIENTED_EDGE('',*,*,#1048,.F.);
#1395=ORIENTED_EDGE('',*,*,#928,.F.);
#1396=ORIENTED_EDGE('',*,*,#1049,.F.);
#1397=ORIENTED_EDGE('',*,*,#1050,.F.);
#1398=ORIENTED_EDGE('',*,*,#1051,.T.);
#1399=ORIENTED_EDGE('',*,*,#974,.T.);
#1400=ORIENTED_EDGE('',*,*,#1049,.T.);
#1401=ORIENTED_EDGE('',*,*,#927,.F.);
#1402=ORIENTED_EDGE('',*,*,#1052,.F.);
#1403=ORIENTED_EDGE('',*,*,#976,.T.);
#1404=ORIENTED_EDGE('',*,*,#1053,.T.);
#1405=ORIENTED_EDGE('',*,*,#1054,.F.);
#1406=ORIENTED_EDGE('',*,*,#1055,.F.);
#1407=ORIENTED_EDGE('',*,*,#925,.F.);
#1408=ORIENTED_EDGE('',*,*,#1056,.F.);
#1409=ORIENTED_EDGE('',*,*,#1057,.F.);
#1410=ORIENTED_EDGE('',*,*,#1058,.T.);
#1411=ORIENTED_EDGE('',*,*,#977,.T.);
#1412=ORIENTED_EDGE('',*,*,#1056,.T.);
#1413=ORIENTED_EDGE('',*,*,#924,.F.);
#1414=ORIENTED_EDGE('',*,*,#1059,.F.);
#1415=ORIENTED_EDGE('',*,*,#979,.T.);
#1416=ORIENTED_EDGE('',*,*,#1060,.T.);
#1417=ORIENTED_EDGE('',*,*,#1061,.F.);
#1418=ORIENTED_EDGE('',*,*,#1062,.F.);
#1419=ORIENTED_EDGE('',*,*,#922,.F.);
#1420=ORIENTED_EDGE('',*,*,#1063,.F.);
#1421=ORIENTED_EDGE('',*,*,#1064,.F.);
#1422=ORIENTED_EDGE('',*,*,#1065,.T.);
#1423=ORIENTED_EDGE('',*,*,#980,.T.);
#1424=ORIENTED_EDGE('',*,*,#1063,.T.);
#1425=ORIENTED_EDGE('',*,*,#921,.F.);
#1426=ORIENTED_EDGE('',*,*,#1066,.F.);
#1427=ORIENTED_EDGE('',*,*,#982,.T.);
#1428=ORIENTED_EDGE('',*,*,#1067,.T.);
#1429=ORIENTED_EDGE('',*,*,#1068,.F.);
#1430=ORIENTED_EDGE('',*,*,#1069,.F.);
#1431=ORIENTED_EDGE('',*,*,#919,.F.);
#1432=ORIENTED_EDGE('',*,*,#1070,.F.);
#1433=ORIENTED_EDGE('',*,*,#1071,.F.);
#1434=ORIENTED_EDGE('',*,*,#1001,.T.);
#1435=ORIENTED_EDGE('',*,*,#983,.T.);
#1436=ORIENTED_EDGE('',*,*,#1070,.T.);
#1437=ORIENTED_EDGE('',*,*,#918,.F.);
#1438=ORIENTED_EDGE('',*,*,#1072,.F.);
#1439=ORIENTED_EDGE('',*,*,#953,.T.);
#1440=ORIENTED_EDGE('',*,*,#1003,.T.);
#1441=ORIENTED_EDGE('',*,*,#1073,.F.);
#1442=ORIENTED_EDGE('',*,*,#1074,.T.);
#1443=ORIENTED_EDGE('',*,*,#916,.F.);
#1444=ORIENTED_EDGE('',*,*,#1075,.F.);
#1445=ORIENTED_EDGE('',*,*,#970,.T.);
#1446=ORIENTED_EDGE('',*,*,#1008,.F.);
#1447=ORIENTED_EDGE('',*,*,#899,.F.);
#1448=ORIENTED_EDGE('',*,*,#1044,.F.);
#1449=ORIENTED_EDGE('',*,*,#1039,.F.);
#1450=ORIENTED_EDGE('',*,*,#954,.T.);
#1451=ORIENTED_EDGE('',*,*,#1075,.T.);
#1452=ORIENTED_EDGE('',*,*,#915,.T.);
#1453=ORIENTED_EDGE('',*,*,#1076,.F.);
#1454=ORIENTED_EDGE('',*,*,#1072,.T.);
#1455=ORIENTED_EDGE('',*,*,#917,.T.);
#1456=ORIENTED_EDGE('',*,*,#1074,.F.);
#1457=ORIENTED_EDGE('',*,*,#1073,.T.);
#1458=ORIENTED_EDGE('',*,*,#1002,.T.);
#1459=ORIENTED_EDGE('',*,*,#1071,.T.);
#1460=ORIENTED_EDGE('',*,*,#1076,.T.);
#1461=ORIENTED_EDGE('',*,*,#901,.F.);
#1462=ORIENTED_EDGE('',*,*,#1011,.F.);
#1463=ORIENTED_EDGE('',*,*,#1077,.T.);
#1464=ORIENTED_EDGE('',*,*,#1017,.T.);
#1465=ORIENTED_EDGE('',*,*,#904,.F.);
#1466=ORIENTED_EDGE('',*,*,#1015,.T.);
#1467=ORIENTED_EDGE('',*,*,#1078,.T.);
#1468=ORIENTED_EDGE('',*,*,#1024,.T.);
#1469=ORIENTED_EDGE('',*,*,#913,.F.);
#1470=ORIENTED_EDGE('',*,*,#1035,.T.);
#1471=ORIENTED_EDGE('',*,*,#1079,.T.);
#1472=ORIENTED_EDGE('',*,*,#1040,.T.);
#1473=ORIENTED_EDGE('',*,*,#1080,.F.);
#1474=ORIENTED_EDGE('',*,*,#1045,.T.);
#1475=ORIENTED_EDGE('',*,*,#929,.T.);
#1476=ORIENTED_EDGE('',*,*,#1048,.T.);
#1477=ORIENTED_EDGE('',*,*,#910,.F.);
#1478=ORIENTED_EDGE('',*,*,#1029,.T.);
#1479=ORIENTED_EDGE('',*,*,#1081,.T.);
#1480=ORIENTED_EDGE('',*,*,#1037,.T.);
#1481=ORIENTED_EDGE('',*,*,#1082,.F.);
#1482=ORIENTED_EDGE('',*,*,#1066,.T.);
#1483=ORIENTED_EDGE('',*,*,#920,.T.);
#1484=ORIENTED_EDGE('',*,*,#1069,.T.);
#1485=ORIENTED_EDGE('',*,*,#1083,.F.);
#1486=ORIENTED_EDGE('',*,*,#1059,.T.);
#1487=ORIENTED_EDGE('',*,*,#923,.T.);
#1488=ORIENTED_EDGE('',*,*,#1062,.T.);
#1489=ORIENTED_EDGE('',*,*,#1084,.F.);
#1490=ORIENTED_EDGE('',*,*,#1052,.T.);
#1491=ORIENTED_EDGE('',*,*,#926,.T.);
#1492=ORIENTED_EDGE('',*,*,#1055,.T.);
#1493=ORIENTED_EDGE('',*,*,#907,.F.);
#1494=ORIENTED_EDGE('',*,*,#1022,.T.);
#1495=ORIENTED_EDGE('',*,*,#1085,.T.);
#1496=ORIENTED_EDGE('',*,*,#1031,.T.);
#1497=ORIENTED_EDGE('',*,*,#1034,.T.);
#1498=ORIENTED_EDGE('',*,*,#998,.F.);
#1499=ORIENTED_EDGE('',*,*,#1041,.T.);
#1500=ORIENTED_EDGE('',*,*,#1079,.F.);
#1501=ORIENTED_EDGE('',*,*,#1028,.T.);
#1502=ORIENTED_EDGE('',*,*,#1086,.F.);
#1503=ORIENTED_EDGE('',*,*,#1038,.T.);
#1504=ORIENTED_EDGE('',*,*,#1081,.F.);
#1505=ORIENTED_EDGE('',*,*,#1021,.T.);
#1506=ORIENTED_EDGE('',*,*,#1087,.F.);
#1507=ORIENTED_EDGE('',*,*,#1032,.T.);
#1508=ORIENTED_EDGE('',*,*,#1085,.F.);
#1509=ORIENTED_EDGE('',*,*,#1014,.T.);
#1510=ORIENTED_EDGE('',*,*,#1088,.F.);
#1511=ORIENTED_EDGE('',*,*,#1025,.T.);
#1512=ORIENTED_EDGE('',*,*,#1078,.F.);
#1513=ORIENTED_EDGE('',*,*,#1010,.T.);
#1514=ORIENTED_EDGE('',*,*,#1089,.F.);
#1515=ORIENTED_EDGE('',*,*,#1018,.T.);
#1516=ORIENTED_EDGE('',*,*,#1077,.F.);
#1517=ORIENTED_EDGE('',*,*,#1047,.T.);
#1518=ORIENTED_EDGE('',*,*,#1090,.T.);
#1519=ORIENTED_EDGE('',*,*,#1042,.T.);
#1520=ORIENTED_EDGE('',*,*,#1080,.T.);
#1521=ORIENTED_EDGE('',*,*,#1054,.T.);
#1522=ORIENTED_EDGE('',*,*,#1091,.T.);
#1523=ORIENTED_EDGE('',*,*,#1050,.T.);
#1524=ORIENTED_EDGE('',*,*,#1084,.T.);
#1525=ORIENTED_EDGE('',*,*,#1061,.T.);
#1526=ORIENTED_EDGE('',*,*,#1092,.T.);
#1527=ORIENTED_EDGE('',*,*,#1057,.T.);
#1528=ORIENTED_EDGE('',*,*,#1083,.T.);
#1529=ORIENTED_EDGE('',*,*,#1068,.T.);
#1530=ORIENTED_EDGE('',*,*,#1093,.T.);
#1531=ORIENTED_EDGE('',*,*,#1064,.T.);
#1532=ORIENTED_EDGE('',*,*,#1082,.T.);
#1533=ORIENTED_EDGE('',*,*,#981,.T.);
#1534=ORIENTED_EDGE('',*,*,#1065,.F.);
#1535=ORIENTED_EDGE('',*,*,#1093,.F.);
#1536=ORIENTED_EDGE('',*,*,#1067,.F.);
#1537=ORIENTED_EDGE('',*,*,#978,.T.);
#1538=ORIENTED_EDGE('',*,*,#1058,.F.);
#1539=ORIENTED_EDGE('',*,*,#1092,.F.);
#1540=ORIENTED_EDGE('',*,*,#1060,.F.);
#1541=ORIENTED_EDGE('',*,*,#975,.T.);
#1542=ORIENTED_EDGE('',*,*,#1051,.F.);
#1543=ORIENTED_EDGE('',*,*,#1091,.F.);
#1544=ORIENTED_EDGE('',*,*,#1053,.F.);
#1545=ORIENTED_EDGE('',*,*,#972,.T.);
#1546=ORIENTED_EDGE('',*,*,#1043,.F.);
#1547=ORIENTED_EDGE('',*,*,#1090,.F.);
#1548=ORIENTED_EDGE('',*,*,#1046,.F.);
#1549=ORIENTED_EDGE('',*,*,#1086,.T.);
#1550=ORIENTED_EDGE('',*,*,#1027,.F.);
#1551=ORIENTED_EDGE('',*,*,#959,.F.);
#1552=ORIENTED_EDGE('',*,*,#1036,.F.);
#1553=ORIENTED_EDGE('',*,*,#1087,.T.);
#1554=ORIENTED_EDGE('',*,*,#1020,.F.);
#1555=ORIENTED_EDGE('',*,*,#962,.F.);
#1556=ORIENTED_EDGE('',*,*,#1030,.F.);
#1557=ORIENTED_EDGE('',*,*,#1088,.T.);
#1558=ORIENTED_EDGE('',*,*,#1013,.F.);
#1559=ORIENTED_EDGE('',*,*,#965,.F.);
#1560=ORIENTED_EDGE('',*,*,#1023,.F.);
#1561=ORIENTED_EDGE('',*,*,#1089,.T.);
#1562=ORIENTED_EDGE('',*,*,#1009,.F.);
#1563=ORIENTED_EDGE('',*,*,#968,.F.);
#1564=ORIENTED_EDGE('',*,*,#1016,.F.);
#1565=ORIENTED_EDGE('',*,*,#1094,.T.);
#1566=ORIENTED_EDGE('',*,*,#892,.F.);
#1567=ORIENTED_EDGE('',*,*,#888,.F.);
#1568=ORIENTED_EDGE('',*,*,#942,.F.);
#1569=ORIENTED_EDGE('',*,*,#1095,.T.);
#1570=ORIENTED_EDGE('',*,*,#893,.F.);
#1571=ORIENTED_EDGE('',*,*,#1094,.F.);
#1572=ORIENTED_EDGE('',*,*,#941,.F.);
#1573=ORIENTED_EDGE('',*,*,#890,.T.);
#1574=ORIENTED_EDGE('',*,*,#894,.F.);
#1575=ORIENTED_EDGE('',*,*,#1095,.F.);
#1576=ORIENTED_EDGE('',*,*,#943,.F.);
#1577=ORIENTED_EDGE('',*,*,#1096,.T.);
#1578=ORIENTED_EDGE('',*,*,#940,.F.);
#1579=ORIENTED_EDGE('',*,*,#885,.F.);
#1580=ORIENTED_EDGE('',*,*,#989,.F.);
#1581=ORIENTED_EDGE('',*,*,#883,.T.);
#1582=ORIENTED_EDGE('',*,*,#939,.F.);
#1583=ORIENTED_EDGE('',*,*,#1096,.F.);
#1584=ORIENTED_EDGE('',*,*,#988,.F.);
#1585=EDGE_LOOP('',(#1097,#1098,#1099,#1100));
#1586=EDGE_LOOP('',(#1101,#1102,#1103,#1104));
#1587=EDGE_LOOP('',(#1105,#1106,#1107,#1108));
#1588=EDGE_LOOP('',(#1109,#1110,#1111,#1112));
#1589=EDGE_LOOP('',(#1113,#1114,#1115,#1116));
#1590=EDGE_LOOP('',(#1117,#1118,#1119,#1120));
#1591=EDGE_LOOP('',(#1121,#1122,#1123,#1124));
#1592=EDGE_LOOP('',(#1125,#1126,#1127,#1128));
#1593=EDGE_LOOP('',(#1129,#1130,#1131,#1132));
#1594=EDGE_LOOP('',(#1133,#1134,#1135,#1136));
#1595=EDGE_LOOP('',(#1137,#1138,#1139,#1140));
#1596=EDGE_LOOP('',(#1141,#1142,#1143,#1144));
#1597=EDGE_LOOP('',(#1145,#1146,#1147,#1148));
#1598=EDGE_LOOP('',(#1149,#1150,#1151,#1152));
#1599=EDGE_LOOP('',(#1153,#1154,#1155,#1156));
#1600=EDGE_LOOP('',(#1157,#1158,#1159,#1160));
#1601=EDGE_LOOP('',(#1161,#1162,#1163,#1164));
#1602=EDGE_LOOP('',(#1165,#1166,#1167,#1168));
#1603=EDGE_LOOP('',(#1169,#1170,#1171,#1172));
#1604=EDGE_LOOP('',(#1173,#1174,#1175,#1176,#1177,#1178,#1179,#1180,#1181,
#1182,#1183,#1184,#1185,#1186,#1187,#1188,#1189,#1190,#1191,#1192,#1193,
#1194,#1195,#1196,#1197,#1198,#1199,#1200,#1201,#1202,#1203,#1204));
#1605=EDGE_LOOP('',(#1205,#1206,#1207,#1208));
#1606=EDGE_LOOP('',(#1209,#1210,#1211,#1212));
#1607=EDGE_LOOP('',(#1213,#1214,#1215,#1216));
#1608=EDGE_LOOP('',(#1217,#1218,#1219,#1220));
#1609=EDGE_LOOP('',(#1221,#1222,#1223,#1224));
#1610=EDGE_LOOP('',(#1225,#1226,#1227,#1228));
#1611=EDGE_LOOP('',(#1229,#1230,#1231,#1232,#1233,#1234,#1235,#1236,#1237,
#1238,#1239,#1240,#1241,#1242,#1243,#1244,#1245,#1246,#1247,#1248,#1249,
#1250,#1251,#1252,#1253,#1254,#1255,#1256,#1257,#1258,#1259,#1260));
#1612=EDGE_LOOP('',(#1261,#1262,#1263,#1264));
#1613=EDGE_LOOP('',(#1265,#1266,#1267,#1268));
#1614=EDGE_LOOP('',(#1269,#1270,#1271,#1272));
#1615=EDGE_LOOP('',(#1273,#1274,#1275,#1276));
#1616=EDGE_LOOP('',(#1277,#1278,#1279,#1280));
#1617=EDGE_LOOP('',(#1281,#1282,#1283,#1284));
#1618=EDGE_LOOP('',(#1285,#1286,#1287,#1288));
#1619=EDGE_LOOP('',(#1289,#1290,#1291,#1292));
#1620=EDGE_LOOP('',(#1293,#1294,#1295,#1296));
#1621=EDGE_LOOP('',(#1297,#1298,#1299,#1300));
#1622=EDGE_LOOP('',(#1301,#1302,#1303,#1304));
#1623=EDGE_LOOP('',(#1305,#1306,#1307,#1308));
#1624=EDGE_LOOP('',(#1309,#1310,#1311,#1312));
#1625=EDGE_LOOP('',(#1313,#1314,#1315,#1316));
#1626=EDGE_LOOP('',(#1317,#1318,#1319,#1320));
#1627=EDGE_LOOP('',(#1321,#1322,#1323,#1324));
#1628=EDGE_LOOP('',(#1325,#1326,#1327,#1328,#1329,#1330));
#1629=EDGE_LOOP('',(#1331,#1332,#1333,#1334,#1335,#1336));
#1630=EDGE_LOOP('',(#1337,#1338,#1339,#1340,#1341,#1342));
#1631=EDGE_LOOP('',(#1343,#1344,#1345,#1346,#1347,#1348));
#1632=EDGE_LOOP('',(#1349,#1350,#1351,#1352,#1353,#1354));
#1633=EDGE_LOOP('',(#1355,#1356,#1357,#1358,#1359,#1360));
#1634=EDGE_LOOP('',(#1361,#1362,#1363,#1364,#1365,#1366));
#1635=EDGE_LOOP('',(#1367,#1368,#1369,#1370,#1371,#1372));
#1636=EDGE_LOOP('',(#1373,#1374,#1375,#1376,#1377,#1378));
#1637=EDGE_LOOP('',(#1379,#1380,#1381,#1382,#1383,#1384));
#1638=EDGE_LOOP('',(#1385,#1386,#1387,#1388,#1389,#1390));
#1639=EDGE_LOOP('',(#1391,#1392,#1393,#1394,#1395,#1396));
#1640=EDGE_LOOP('',(#1397,#1398,#1399,#1400,#1401,#1402));
#1641=EDGE_LOOP('',(#1403,#1404,#1405,#1406,#1407,#1408));
#1642=EDGE_LOOP('',(#1409,#1410,#1411,#1412,#1413,#1414));
#1643=EDGE_LOOP('',(#1415,#1416,#1417,#1418,#1419,#1420));
#1644=EDGE_LOOP('',(#1421,#1422,#1423,#1424,#1425,#1426));
#1645=EDGE_LOOP('',(#1427,#1428,#1429,#1430,#1431,#1432));
#1646=EDGE_LOOP('',(#1433,#1434,#1435,#1436,#1437,#1438));
#1647=EDGE_LOOP('',(#1439,#1440,#1441,#1442,#1443,#1444));
#1648=EDGE_LOOP('',(#1445,#1446,#1447,#1448));
#1649=EDGE_LOOP('',(#1449,#1450,#1451,#1452));
#1650=EDGE_LOOP('',(#1453,#1454,#1455,#1456));
#1651=EDGE_LOOP('',(#1457,#1458,#1459,#1460));
#1652=EDGE_LOOP('',(#1461,#1462,#1463,#1464));
#1653=EDGE_LOOP('',(#1465,#1466,#1467,#1468));
#1654=EDGE_LOOP('',(#1469,#1470,#1471,#1472));
#1655=EDGE_LOOP('',(#1473,#1474,#1475,#1476));
#1656=EDGE_LOOP('',(#1477,#1478,#1479,#1480));
#1657=EDGE_LOOP('',(#1481,#1482,#1483,#1484));
#1658=EDGE_LOOP('',(#1485,#1486,#1487,#1488));
#1659=EDGE_LOOP('',(#1489,#1490,#1491,#1492));
#1660=EDGE_LOOP('',(#1493,#1494,#1495,#1496));
#1661=EDGE_LOOP('',(#1497,#1498,#1499,#1500));
#1662=EDGE_LOOP('',(#1501,#1502,#1503,#1504));
#1663=EDGE_LOOP('',(#1505,#1506,#1507,#1508));
#1664=EDGE_LOOP('',(#1509,#1510,#1511,#1512));
#1665=EDGE_LOOP('',(#1513,#1514,#1515,#1516));
#1666=EDGE_LOOP('',(#1517,#1518,#1519,#1520));
#1667=EDGE_LOOP('',(#1521,#1522,#1523,#1524));
#1668=EDGE_LOOP('',(#1525,#1526,#1527,#1528));
#1669=EDGE_LOOP('',(#1529,#1530,#1531,#1532));
#1670=EDGE_LOOP('',(#1533,#1534,#1535,#1536));
#1671=EDGE_LOOP('',(#1537,#1538,#1539,#1540));
#1672=EDGE_LOOP('',(#1541,#1542,#1543,#1544));
#1673=EDGE_LOOP('',(#1545,#1546,#1547,#1548));
#1674=EDGE_LOOP('',(#1549,#1550,#1551,#1552));
#1675=EDGE_LOOP('',(#1553,#1554,#1555,#1556));
#1676=EDGE_LOOP('',(#1557,#1558,#1559,#1560));
#1677=EDGE_LOOP('',(#1561,#1562,#1563,#1564));
#1678=EDGE_LOOP('',(#1565,#1566,#1567,#1568));
#1679=EDGE_LOOP('',(#1569,#1570,#1571,#1572));
#1680=EDGE_LOOP('',(#1573,#1574,#1575,#1576));
#1681=EDGE_LOOP('',(#1577,#1578,#1579,#1580));
#1682=EDGE_LOOP('',(#1581,#1582,#1583,#1584));
#1683=FACE_BOUND('',#1585,.T.);
#1684=FACE_BOUND('',#1586,.T.);
#1685=FACE_BOUND('',#1587,.T.);
#1686=FACE_BOUND('',#1588,.T.);
#1687=FACE_BOUND('',#1589,.T.);
#1688=FACE_BOUND('',#1590,.T.);
#1689=FACE_BOUND('',#1591,.T.);
#1690=FACE_BOUND('',#1592,.T.);
#1691=FACE_BOUND('',#1593,.T.);
#1692=FACE_BOUND('',#1594,.T.);
#1693=FACE_BOUND('',#1595,.T.);
#1694=FACE_BOUND('',#1596,.T.);
#1695=FACE_BOUND('',#1597,.T.);
#1696=FACE_BOUND('',#1598,.T.);
#1697=FACE_BOUND('',#1599,.T.);
#1698=FACE_BOUND('',#1600,.T.);
#1699=FACE_BOUND('',#1601,.T.);
#1700=FACE_BOUND('',#1602,.T.);
#1701=FACE_BOUND('',#1603,.T.);
#1702=FACE_BOUND('',#1604,.T.);
#1703=FACE_BOUND('',#1605,.T.);
#1704=FACE_BOUND('',#1606,.T.);
#1705=FACE_BOUND('',#1607,.T.);
#1706=FACE_BOUND('',#1608,.T.);
#1707=FACE_BOUND('',#1609,.T.);
#1708=FACE_BOUND('',#1610,.T.);
#1709=FACE_BOUND('',#1611,.T.);
#1710=FACE_BOUND('',#1612,.T.);
#1711=FACE_BOUND('',#1613,.T.);
#1712=FACE_BOUND('',#1614,.T.);
#1713=FACE_BOUND('',#1615,.T.);
#1714=FACE_BOUND('',#1616,.T.);
#1715=FACE_BOUND('',#1617,.T.);
#1716=FACE_BOUND('',#1618,.T.);
#1717=FACE_BOUND('',#1619,.T.);
#1718=FACE_BOUND('',#1620,.T.);
#1719=FACE_BOUND('',#1621,.T.);
#1720=FACE_BOUND('',#1622,.T.);
#1721=FACE_BOUND('',#1623,.T.);
#1722=FACE_BOUND('',#1624,.T.);
#1723=FACE_BOUND('',#1625,.T.);
#1724=FACE_BOUND('',#1626,.T.);
#1725=FACE_BOUND('',#1627,.T.);
#1726=FACE_BOUND('',#1628,.T.);
#1727=FACE_BOUND('',#1629,.T.);
#1728=FACE_BOUND('',#1630,.T.);
#1729=FACE_BOUND('',#1631,.T.);
#1730=FACE_BOUND('',#1632,.T.);
#1731=FACE_BOUND('',#1633,.T.);
#1732=FACE_BOUND('',#1634,.T.);
#1733=FACE_BOUND('',#1635,.T.);
#1734=FACE_BOUND('',#1636,.T.);
#1735=FACE_BOUND('',#1637,.T.);
#1736=FACE_BOUND('',#1638,.T.);
#1737=FACE_BOUND('',#1639,.T.);
#1738=FACE_BOUND('',#1640,.T.);
#1739=FACE_BOUND('',#1641,.T.);
#1740=FACE_BOUND('',#1642,.T.);
#1741=FACE_BOUND('',#1643,.T.);
#1742=FACE_BOUND('',#1644,.T.);
#1743=FACE_BOUND('',#1645,.T.);
#1744=FACE_BOUND('',#1646,.T.);
#1745=FACE_BOUND('',#1647,.T.);
#1746=FACE_BOUND('',#1648,.T.);
#1747=FACE_BOUND('',#1649,.T.);
#1748=FACE_BOUND('',#1650,.T.);
#1749=FACE_BOUND('',#1651,.T.);
#1750=FACE_BOUND('',#1652,.T.);
#1751=FACE_BOUND('',#1653,.T.);
#1752=FACE_BOUND('',#1654,.T.);
#1753=FACE_BOUND('',#1655,.T.);
#1754=FACE_BOUND('',#1656,.T.);
#1755=FACE_BOUND('',#1657,.T.);
#1756=FACE_BOUND('',#1658,.T.);
#1757=FACE_BOUND('',#1659,.T.);
#1758=FACE_BOUND('',#1660,.T.);
#1759=FACE_BOUND('',#1661,.T.);
#1760=FACE_BOUND('',#1662,.T.);
#1761=FACE_BOUND('',#1663,.T.);
#1762=FACE_BOUND('',#1664,.T.);
#1763=FACE_BOUND('',#1665,.T.);
#1764=FACE_BOUND('',#1666,.T.);
#1765=FACE_BOUND('',#1667,.T.);
#1766=FACE_BOUND('',#1668,.T.);
#1767=FACE_BOUND('',#1669,.T.);
#1768=FACE_BOUND('',#1670,.T.);
#1769=FACE_BOUND('',#1671,.T.);
#1770=FACE_BOUND('',#1672,.T.);
#1771=FACE_BOUND('',#1673,.T.);
#1772=FACE_BOUND('',#1674,.T.);
#1773=FACE_BOUND('',#1675,.T.);
#1774=FACE_BOUND('',#1676,.T.);
#1775=FACE_BOUND('',#1677,.T.);
#1776=FACE_BOUND('',#1678,.T.);
#1777=FACE_BOUND('',#1679,.T.);
#1778=FACE_BOUND('',#1680,.T.);
#1779=FACE_BOUND('',#1681,.T.);
#1780=FACE_BOUND('',#1682,.T.);
#1781=ADVANCED_FACE('',(#1683),#2829,.F.);
#1782=ADVANCED_FACE('',(#1684),#2830,.T.);
#1783=ADVANCED_FACE('',(#1685),#2831,.F.);
#1784=ADVANCED_FACE('',(#1686),#2832,.F.);
#1785=ADVANCED_FACE('',(#1687),#2833,.F.);
#1786=ADVANCED_FACE('',(#1688),#2834,.F.);
#1787=ADVANCED_FACE('',(#1689),#2835,.F.);
#1788=ADVANCED_FACE('',(#1690),#2836,.F.);
#1789=ADVANCED_FACE('',(#1691),#2837,.T.);
#1790=ADVANCED_FACE('',(#1692),#2838,.F.);
#1791=ADVANCED_FACE('',(#1693),#2839,.T.);
#1792=ADVANCED_FACE('',(#1694),#2840,.F.);
#1793=ADVANCED_FACE('',(#1695),#2841,.F.);
#1794=ADVANCED_FACE('',(#1696),#2842,.F.);
#1795=ADVANCED_FACE('',(#1697),#2843,.T.);
#1796=ADVANCED_FACE('',(#1698),#2844,.T.);
#1797=ADVANCED_FACE('',(#1699),#2845,.T.);
#1798=ADVANCED_FACE('',(#1700,#1701,#1702,#1703,#1704,#1705),#2846,.T.);
#1799=ADVANCED_FACE('',(#1706,#1707,#1708,#1709,#1710,#1711),#2847,.T.);
#1800=ADVANCED_FACE('',(#1712),#2848,.T.);
#1801=ADVANCED_FACE('',(#1713),#2849,.T.);
#1802=ADVANCED_FACE('',(#1714),#2850,.T.);
#1803=ADVANCED_FACE('',(#1715),#2851,.T.);
#1804=ADVANCED_FACE('',(#1716),#2852,.T.);
#1805=ADVANCED_FACE('',(#1717),#2853,.T.);
#1806=ADVANCED_FACE('',(#1718),#2854,.T.);
#1807=ADVANCED_FACE('',(#1719),#2855,.T.);
#1808=ADVANCED_FACE('',(#1720),#2856,.T.);
#1809=ADVANCED_FACE('',(#1721),#2857,.T.);
#1810=ADVANCED_FACE('',(#1722),#2858,.T.);
#1811=ADVANCED_FACE('',(#1723),#2859,.T.);
#1812=ADVANCED_FACE('',(#1724),#2860,.T.);
#1813=ADVANCED_FACE('',(#1725),#2861,.T.);
#1814=ADVANCED_FACE('',(#1726),#2862,.T.);
#1815=ADVANCED_FACE('',(#1727),#2863,.T.);
#1816=ADVANCED_FACE('',(#1728),#2864,.T.);
#1817=ADVANCED_FACE('',(#1729),#2865,.T.);
#1818=ADVANCED_FACE('',(#1730),#2866,.T.);
#1819=ADVANCED_FACE('',(#1731),#2867,.T.);
#1820=ADVANCED_FACE('',(#1732),#2868,.T.);
#1821=ADVANCED_FACE('',(#1733),#2869,.T.);
#1822=ADVANCED_FACE('',(#1734),#2870,.T.);
#1823=ADVANCED_FACE('',(#1735),#2871,.T.);
#1824=ADVANCED_FACE('',(#1736),#2872,.T.);
#1825=ADVANCED_FACE('',(#1737),#2873,.T.);
#1826=ADVANCED_FACE('',(#1738),#2874,.T.);
#1827=ADVANCED_FACE('',(#1739),#2875,.T.);
#1828=ADVANCED_FACE('',(#1740),#2876,.T.);
#1829=ADVANCED_FACE('',(#1741),#2877,.T.);
#1830=ADVANCED_FACE('',(#1742),#2878,.T.);
#1831=ADVANCED_FACE('',(#1743),#2879,.T.);
#1832=ADVANCED_FACE('',(#1744),#2880,.T.);
#1833=ADVANCED_FACE('',(#1745),#2881,.T.);
#1834=ADVANCED_FACE('',(#1746),#2882,.F.);
#1835=ADVANCED_FACE('',(#1747),#2883,.T.);
#1836=ADVANCED_FACE('',(#1748),#2884,.T.);
#1837=ADVANCED_FACE('',(#1749),#2885,.T.);
#1838=ADVANCED_FACE('',(#1750),#2886,.T.);
#1839=ADVANCED_FACE('',(#1751),#2887,.T.);
#1840=ADVANCED_FACE('',(#1752),#2888,.T.);
#1841=ADVANCED_FACE('',(#1753),#2889,.T.);
#1842=ADVANCED_FACE('',(#1754),#2890,.T.);
#1843=ADVANCED_FACE('',(#1755),#2891,.T.);
#1844=ADVANCED_FACE('',(#1756),#2892,.T.);
#1845=ADVANCED_FACE('',(#1757),#2893,.T.);
#1846=ADVANCED_FACE('',(#1758),#2894,.T.);
#1847=ADVANCED_FACE('',(#1759),#2895,.T.);
#1848=ADVANCED_FACE('',(#1760),#2896,.T.);
#1849=ADVANCED_FACE('',(#1761),#2897,.T.);
#1850=ADVANCED_FACE('',(#1762),#2898,.T.);
#1851=ADVANCED_FACE('',(#1763),#2899,.T.);
#1852=ADVANCED_FACE('',(#1764),#2900,.T.);
#1853=ADVANCED_FACE('',(#1765),#2901,.T.);
#1854=ADVANCED_FACE('',(#1766),#2902,.T.);
#1855=ADVANCED_FACE('',(#1767),#2903,.T.);
#1856=ADVANCED_FACE('',(#1768),#2904,.T.);
#1857=ADVANCED_FACE('',(#1769),#2905,.T.);
#1858=ADVANCED_FACE('',(#1770),#2906,.T.);
#1859=ADVANCED_FACE('',(#1771),#2907,.T.);
#1860=ADVANCED_FACE('',(#1772),#2908,.T.);
#1861=ADVANCED_FACE('',(#1773),#2909,.T.);
#1862=ADVANCED_FACE('',(#1774),#2910,.T.);
#1863=ADVANCED_FACE('',(#1775),#2911,.T.);
#1864=ADVANCED_FACE('',(#1776),#2912,.T.);
#1865=ADVANCED_FACE('',(#1777),#2913,.T.);
#1866=ADVANCED_FACE('',(#1778),#2914,.T.);
#1867=ADVANCED_FACE('',(#1779),#2915,.T.);
#1868=ADVANCED_FACE('',(#1780),#2916,.T.);
#1869=AXIS2_PLACEMENT_3D('',#2325,#1969,$);
#1870=AXIS2_PLACEMENT_3D('',#2334,#1974,$);
#1871=AXIS2_PLACEMENT_3D('',#2340,#1978,$);
#1872=AXIS2_PLACEMENT_3D('',#2346,#1982,$);
#1873=AXIS2_PLACEMENT_3D('',#2355,#1987,$);
#1874=AXIS2_PLACEMENT_3D('',#2361,#1991,$);
#1875=AXIS2_PLACEMENT_3D('',#2363,#1993,$);
#1876=AXIS2_PLACEMENT_3D('',#2369,#1997,$);
#1877=AXIS2_PLACEMENT_3D('',#2372,#2000,$);
#1878=AXIS2_PLACEMENT_3D('',#2374,#2002,$);
#1879=AXIS2_PLACEMENT_3D('',#2375,#2003,$);
#1880=AXIS2_PLACEMENT_3D('',#2378,#2006,$);
#1881=AXIS2_PLACEMENT_3D('',#2380,#2008,$);
#1882=AXIS2_PLACEMENT_3D('',#2382,#2010,$);
#1883=AXIS2_PLACEMENT_3D('',#2383,#2011,$);
#1884=AXIS2_PLACEMENT_3D('',#2392,#2016,$);
#1885=AXIS2_PLACEMENT_3D('',#2398,#2020,$);
#1886=AXIS2_PLACEMENT_3D('',#2407,#2025,$);
#1887=AXIS2_PLACEMENT_3D('',#2504,#2075,$);
#1888=AXIS2_PLACEMENT_3D('',#2601,#2125,$);
#1889=AXIS2_PLACEMENT_3D('',#2604,#2128,$);
#1890=AXIS2_PLACEMENT_3D('',#2606,#2130,$);
#1891=AXIS2_PLACEMENT_3D('',#2608,#2132,$);
#1892=AXIS2_PLACEMENT_3D('',#2609,#2133,$);
#1893=AXIS2_PLACEMENT_3D('',#2612,#2136,$);
#1894=AXIS2_PLACEMENT_3D('',#2614,#2138,$);
#1895=AXIS2_PLACEMENT_3D('',#2616,#2140,$);
#1896=AXIS2_PLACEMENT_3D('',#2617,#2141,$);
#1897=AXIS2_PLACEMENT_3D('',#2623,#2145,$);
#1898=AXIS2_PLACEMENT_3D('',#2629,#2149,$);
#1899=AXIS2_PLACEMENT_3D('',#2632,#2152,$);
#1900=AXIS2_PLACEMENT_3D('',#2634,#2154,$);
#1901=AXIS2_PLACEMENT_3D('',#2636,#2156,$);
#1902=AXIS2_PLACEMENT_3D('',#2637,#2157,$);
#1903=AXIS2_PLACEMENT_3D('',#2644,#2162,$);
#1904=AXIS2_PLACEMENT_3D('',#2651,#2167,$);
#1905=AXIS2_PLACEMENT_3D('',#2657,#2171,$);
#1906=AXIS2_PLACEMENT_3D('',#2664,#2176,$);
#1907=AXIS2_PLACEMENT_3D('',#2670,#2180,$);
#1908=AXIS2_PLACEMENT_3D('',#2677,#2185,$);
#1909=AXIS2_PLACEMENT_3D('',#2683,#2189,$);
#1910=AXIS2_PLACEMENT_3D('',#2688,#2193,$);
#1911=AXIS2_PLACEMENT_3D('',#2694,#2197,$);
#1912=AXIS2_PLACEMENT_3D('',#2699,#2201,$);
#1913=AXIS2_PLACEMENT_3D('',#2706,#2206,$);
#1914=AXIS2_PLACEMENT_3D('',#2713,#2211,$);
#1915=AXIS2_PLACEMENT_3D('',#2719,#2215,$);
#1916=AXIS2_PLACEMENT_3D('',#2726,#2220,$);
#1917=AXIS2_PLACEMENT_3D('',#2732,#2224,$);
#1918=AXIS2_PLACEMENT_3D('',#2739,#2229,$);
#1919=AXIS2_PLACEMENT_3D('',#2745,#2233,$);
#1920=AXIS2_PLACEMENT_3D('',#2752,#2238,$);
#1921=AXIS2_PLACEMENT_3D('',#2756,#2241,$);
#1922=AXIS2_PLACEMENT_3D('',#2761,#2245,$);
#1923=AXIS2_PLACEMENT_3D('',#2762,#2246,$);
#1924=AXIS2_PLACEMENT_3D('',#2763,#2247,$);
#1925=AXIS2_PLACEMENT_3D('',#2765,#2249,$);
#1926=AXIS2_PLACEMENT_3D('',#2766,#2250,$);
#1927=AXIS2_PLACEMENT_3D('',#2768,#2252,$);
#1928=AXIS2_PLACEMENT_3D('',#2770,#2254,$);
#1929=AXIS2_PLACEMENT_3D('',#2772,#2256,$);
#1930=AXIS2_PLACEMENT_3D('',#2774,#2258,$);
#1931=AXIS2_PLACEMENT_3D('',#2776,#2260,$);
#1932=AXIS2_PLACEMENT_3D('',#2778,#2262,$);
#1933=AXIS2_PLACEMENT_3D('',#2780,#2264,$);
#1934=AXIS2_PLACEMENT_3D('',#2782,#2266,$);
#1935=AXIS2_PLACEMENT_3D('',#2784,#2268,$);
#1936=AXIS2_PLACEMENT_3D('',#2785,#2269,$);
#1937=AXIS2_PLACEMENT_3D('',#2787,#2271,$);
#1938=AXIS2_PLACEMENT_3D('',#2789,#2273,$);
#1939=AXIS2_PLACEMENT_3D('',#2791,#2275,$);
#1940=AXIS2_PLACEMENT_3D('',#2793,#2277,$);
#1941=AXIS2_PLACEMENT_3D('',#2795,#2279,$);
#1942=AXIS2_PLACEMENT_3D('',#2797,#2281,$);
#1943=AXIS2_PLACEMENT_3D('',#2799,#2283,$);
#1944=AXIS2_PLACEMENT_3D('',#2801,#2285,$);
#1945=AXIS2_PLACEMENT_3D('',#2802,#2286,$);
#1946=AXIS2_PLACEMENT_3D('',#2803,#2287,$);
#1947=AXIS2_PLACEMENT_3D('',#2804,#2288,$);
#1948=AXIS2_PLACEMENT_3D('',#2805,#2289,$);
#1949=AXIS2_PLACEMENT_3D('',#2806,#2290,$);
#1950=AXIS2_PLACEMENT_3D('',#2807,#2291,$);
#1951=AXIS2_PLACEMENT_3D('',#2808,#2292,$);
#1952=AXIS2_PLACEMENT_3D('',#2809,#2293,$);
#1953=AXIS2_PLACEMENT_3D('',#2811,#2295,$);
#1954=AXIS2_PLACEMENT_3D('',#2813,#2297,$);
#1955=AXIS2_PLACEMENT_3D('',#2814,#2298,$);
#1956=AXIS2_PLACEMENT_3D('',#2816,#2300,$);
#1957=AXIS2_PLACEMENT_3D('AXIS_PLACEMENT_1',#2817,#2301,#2302);
#1958=AXIS2_PLACEMENT_3D('AXIS_PLACEMENT_5',#2818,#2303,#2304);
#1959=AXIS2_PLACEMENT_3D('AXIS_PLACEMENT_11',#2819,#2305,#2306);
#1960=AXIS2_PLACEMENT_3D('AXIS_PLACEMENT_15',#2820,#2307,#2308);
#1961=AXIS2_PLACEMENT_3D('AXIS_PLACEMENT_21',#2821,#2309,#2310);
#1962=AXIS2_PLACEMENT_3D('AXIS_PLACEMENT_25',#2822,#2311,#2312);
#1963=AXIS2_PLACEMENT_3D('AXIS_PLACEMENT_31',#2823,#2313,#2314);
#1964=AXIS2_PLACEMENT_3D('AXIS_PLACEMENT_35',#2824,#2315,#2316);
#1965=AXIS2_PLACEMENT_3D('AXIS_PLACEMENT_41',#2825,#2317,#2318);
#1966=AXIS2_PLACEMENT_3D('AXIS_PLACEMENT_45',#2826,#2319,#2320);
#1967=AXIS2_PLACEMENT_3D('AXIS_PLACEMENT_51',#2827,#2321,#2322);
#1968=AXIS2_PLACEMENT_3D('AXIS_PLACEMENT_55',#2828,#2323,#2324);
#1969=DIRECTION('',(-0.70710678118655,0.,0.707106781186545));
#1970=DIRECTION('',(0.577350269189625,0.577350269189625,0.577350269189628));
#1971=DIRECTION('',(0.,1.,0.));
#1972=DIRECTION('',(0.577350269189624,-0.577350269189625,0.577350269189628));
#1973=DIRECTION('',(0.,-1.,0.));
#1974=DIRECTION('',(5.74985031256271E-015,-0.707106781186547,-0.707106781186548));
#1975=DIRECTION('',(0.577350269189626,0.577350269189629,-0.577350269189623));
#1976=DIRECTION('',(-1.,0.,-8.13151629364136E-015));
#1977=DIRECTION('',(1.,0.,8.13151629364136E-015));
#1978=DIRECTION('',(0.707106781186546,0.,0.707106781186549));
#1979=DIRECTION('',(-0.577350269189626,0.577350269189629,0.577350269189623));
#1980=DIRECTION('',(0.,1.,0.));
#1981=DIRECTION('',(0.,-1.,0.));
#1982=DIRECTION('',(0.,0.,-1.));
#1983=DIRECTION('',(0.,1.,0.));
#1984=DIRECTION('',(-1.,0.,0.));
#1985=DIRECTION('',(0.,-1.,0.));
#1986=DIRECTION('',(1.,0.,0.));
#1987=DIRECTION('',(1.,0.,-7.51613291151129E-017));
#1988=DIRECTION('',(-7.51613291151129E-017,0.,-1.));
#1989=DIRECTION('',(-7.51613291151129E-017,0.,-1.));
#1990=DIRECTION('',(0.,1.,0.));
#1991=DIRECTION('',(-8.13151629364136E-015,0.,1.));
#1992=DIRECTION('',(1.,0.,8.13151629364136E-015));
#1993=DIRECTION('',(-1.,0.,0.));
#1994=DIRECTION('',(0.,0.,1.));
#1995=DIRECTION('',(0.,0.,1.));
#1996=DIRECTION('',(0.,-1.,0.));
#1997=DIRECTION('',(0.,-1.,0.));
#1998=DIRECTION('',(-1.,0.,-8.13151629364136E-015));
#1999=DIRECTION('',(1.,0.,0.));
#2000=DIRECTION('',(0.,-1.,0.));
#2001=DIRECTION('',(-1.,0.,0.));
#2002=DIRECTION('',(-5.74985031256271E-015,-0.707106781186547,0.707106781186548));
#2003=DIRECTION('',(0.,-0.707106781186547,0.707106781186548));
#2004=DIRECTION('',(0.577350269189626,0.577350269189626,0.577350269189625));
#2005=DIRECTION('',(-0.577350269189621,0.577350269189629,0.577350269189628));
#2006=DIRECTION('',(-0.707106781186552,0.,-0.707106781186543));
#2007=DIRECTION('',(-0.577350269189621,-0.577350269189629,0.577350269189628));
#2008=DIRECTION('',(0.707106781186547,0.,-0.707106781186548));
#2009=DIRECTION('',(-0.577350269189626,0.577350269189626,-0.577350269189625));
#2010=DIRECTION('',(0.,-0.707106781186547,-0.707106781186548));
#2011=DIRECTION('',(-1.,0.,0.));
#2012=DIRECTION('',(0.,1.,8.53702498020082E-017));
#2013=DIRECTION('',(0.,-8.53702498020082E-017,1.));
#2014=DIRECTION('',(0.,1.,8.53702498020082E-017));
#2015=DIRECTION('',(0.,1.80700362080917E-016,-1.));
#2016=DIRECTION('',(-1.6940658945086E-016,8.53702498020082E-017,-1.));
#2017=DIRECTION('',(0.,1.,8.53702498020082E-017));
#2018=DIRECTION('',(-1.,-1.44622828595261E-032,1.69406589450859E-016));
#2019=DIRECTION('',(1.,3.06118320526636E-032,-1.69406589450859E-016));
#2020=DIRECTION('',(-1.6940658945086E-016,-8.53702498020082E-017,1.));
#2021=DIRECTION('',(0.,1.,8.53702498020082E-017));
#2022=DIRECTION('',(1.,-1.44622828595261E-032,1.69406589450859E-016));
#2023=DIRECTION('',(0.,1.,8.53702498020082E-017));
#2024=DIRECTION('',(-1.,3.06118320526636E-032,-1.69406589450859E-016));
#2025=DIRECTION('',(0.,1.,8.53702498020082E-017));
#2026=DIRECTION('',(0.,-8.53702498020082E-017,1.));
#2027=DIRECTION('',(-1.,-1.44622828595261E-032,1.69406589450859E-016));
#2028=DIRECTION('',(0.,8.53702498020082E-017,-1.));
#2029=DIRECTION('',(1.,-1.44622828595261E-032,1.69406589450859E-016));
#2030=DIRECTION('',(0.,-8.53702498020082E-017,1.));
#2031=DIRECTION('',(-1.,-1.44622828595261E-032,1.69406589450859E-016));
#2032=DIRECTION('',(0.,8.53702498020082E-017,-1.));
#2033=DIRECTION('',(0.,8.53702498020082E-017,-1.));
#2034=DIRECTION('',(-0.447213595499958,-7.63574727253713E-017,-0.894427190999916));
#2035=DIRECTION('',(-1.,0.,0.));
#2036=DIRECTION('',(-0.447213595499958,7.63574727253713E-017,0.894427190999916));
#2037=DIRECTION('',(-0.447213595499958,-7.63574727253713E-017,-0.894427190999916));
#2038=DIRECTION('',(-1.,0.,0.));
#2039=DIRECTION('',(-0.447213595499958,7.63574727253713E-017,0.894427190999916));
#2040=DIRECTION('',(-0.447213595499958,-7.63574727253713E-017,-0.894427190999916));
#2041=DIRECTION('',(-1.,0.,0.));
#2042=DIRECTION('',(-0.447213595499958,7.63574727253713E-017,0.894427190999916));
#2043=DIRECTION('',(-0.447213595499958,-7.63574727253713E-017,-0.894427190999916));
#2044=DIRECTION('',(-1.,0.,0.));
#2045=DIRECTION('',(-0.447213595499958,7.63574727253713E-017,0.894427190999916));
#2046=DIRECTION('',(-0.447213595499958,-7.63574727253713E-017,-0.894427190999916));
#2047=DIRECTION('',(-1.,0.,0.));
#2048=DIRECTION('',(-0.447213595499958,7.63574727253713E-017,0.894427190999916));
#2049=DIRECTION('',(0.,8.53702498020082E-017,-1.));
#2050=DIRECTION('',(0.447213595499958,-7.63574727253713E-017,0.894427190999916));
#2051=DIRECTION('',(-1.,0.,0.));
#2052=DIRECTION('',(0.447213595499958,7.63574727253713E-017,-0.894427190999916));
#2053=DIRECTION('',(0.447213595499958,-7.63574727253713E-017,0.894427190999916));
#2054=DIRECTION('',(-1.,0.,0.));
#2055=DIRECTION('',(0.447213595499958,7.63574727253713E-017,-0.894427190999916));
#2056=DIRECTION('',(0.447213595499958,-7.63574727253713E-017,0.894427190999916));
#2057=DIRECTION('',(-1.,0.,0.));
#2058=DIRECTION('',(0.447213595499958,7.63574727253713E-017,-0.894427190999916));
#2059=DIRECTION('',(0.447213595499958,-7.63574727253713E-017,0.894427190999916));
#2060=DIRECTION('',(-1.,0.,0.));
#2061=DIRECTION('',(0.447213595499958,7.63574727253713E-017,-0.894427190999916));
#2062=DIRECTION('',(0.447213595499958,-7.63574727253713E-017,0.894427190999916));
#2063=DIRECTION('',(-1.,0.,0.));
#2064=DIRECTION('',(0.447213595499958,7.63574727253713E-017,-0.894427190999916));
#2065=DIRECTION('',(1.,-1.44622828595261E-032,1.69406589450859E-016));
#2066=DIRECTION('',(0.,-8.53702498020082E-017,1.));
#2067=DIRECTION('',(-1.,-1.44622828595261E-032,1.69406589450859E-016));
#2068=DIRECTION('',(0.,8.53702498020082E-017,-1.));
#2069=DIRECTION('',(1.,-1.44622828595261E-032,1.69406589450859E-016));
#2070=DIRECTION('',(0.,-8.53702498020082E-017,1.));
#2071=DIRECTION('',(-1.,-1.44622828595261E-032,1.69406589450859E-016));
#2072=DIRECTION('',(0.,8.53702498020082E-017,-1.));
#2073=DIRECTION('',(1.,-1.44622828595261E-032,1.69406589450859E-016));
#2074=DIRECTION('',(0.,8.53702498020082E-017,-1.));
#2075=DIRECTION('',(0.,-1.,-1.80700362080917E-016));
#2076=DIRECTION('',(1.,3.06118320526636E-032,-1.69406589450859E-016));
#2077=DIRECTION('',(0.,1.80700362080917E-016,-1.));
#2078=DIRECTION('',(0.,-1.80700362080917E-016,1.));
#2079=DIRECTION('',(1.,3.06118320526636E-032,-1.69406589450859E-016));
#2080=DIRECTION('',(0.,1.80700362080917E-016,-1.));
#2081=DIRECTION('',(-1.,3.06118320526636E-032,-1.69406589450859E-016));
#2082=DIRECTION('',(0.,-1.80700362080917E-016,1.));
#2083=DIRECTION('',(1.,-3.06118320526636E-032,1.69406589450859E-016));
#2084=DIRECTION('',(0.,1.80700362080917E-016,-1.));
#2085=DIRECTION('',(-1.,-3.06118320526636E-032,1.69406589450859E-016));
#2086=DIRECTION('',(0.,-1.80700362080917E-016,1.));
#2087=DIRECTION('',(1.,0.,0.));
#2088=DIRECTION('',(0.447213595499958,-1.61623317268703E-016,0.894427190999916));
#2089=DIRECTION('',(0.,-1.80700362080917E-016,1.));
#2090=DIRECTION('',(-0.447213595499958,-1.61623317268703E-016,0.894427190999916));
#2091=DIRECTION('',(1.,0.,0.));
#2092=DIRECTION('',(-0.447213595499958,1.61623317268703E-016,-0.894427190999916));
#2093=DIRECTION('',(-0.447213595499958,-1.61623317268703E-016,0.894427190999916));
#2094=DIRECTION('',(1.,0.,0.));
#2095=DIRECTION('',(-0.447213595499958,1.61623317268703E-016,-0.894427190999916));
#2096=DIRECTION('',(-0.447213595499958,-1.61623317268703E-016,0.894427190999916));
#2097=DIRECTION('',(1.,0.,0.));
#2098=DIRECTION('',(-0.447213595499958,1.61623317268703E-016,-0.894427190999916));
#2099=DIRECTION('',(-0.447213595499958,-1.61623317268703E-016,0.894427190999916));
#2100=DIRECTION('',(1.,0.,0.));
#2101=DIRECTION('',(-0.447213595499958,1.61623317268703E-016,-0.894427190999916));
#2102=DIRECTION('',(-0.447213595499958,-1.61623317268703E-016,0.894427190999916));
#2103=DIRECTION('',(1.,0.,0.));
#2104=DIRECTION('',(-0.447213595499958,1.61623317268703E-016,-0.894427190999916));
#2105=DIRECTION('',(0.,1.80700362080917E-016,-1.));
#2106=DIRECTION('',(0.447213595499958,1.61623317268703E-016,-0.894427190999916));
#2107=DIRECTION('',(1.,0.,0.));
#2108=DIRECTION('',(0.447213595499958,-1.61623317268703E-016,0.894427190999916));
#2109=DIRECTION('',(0.447213595499958,1.61623317268703E-016,-0.894427190999916));
#2110=DIRECTION('',(1.,0.,0.));
#2111=DIRECTION('',(0.447213595499958,-1.61623317268703E-016,0.894427190999916));
#2112=DIRECTION('',(0.447213595499958,1.61623317268703E-016,-0.894427190999916));
#2113=DIRECTION('',(1.,0.,0.));
#2114=DIRECTION('',(0.447213595499958,-1.61623317268703E-016,0.894427190999916));
#2115=DIRECTION('',(0.447213595499958,1.61623317268703E-016,-0.894427190999916));
#2116=DIRECTION('',(1.,0.,0.));
#2117=DIRECTION('',(0.447213595499958,-1.61623317268703E-016,0.894427190999916));
#2118=DIRECTION('',(0.447213595499958,1.61623317268703E-016,-0.894427190999916));
#2119=DIRECTION('',(1.,3.06118320526636E-032,-1.69406589450859E-016));
#2120=DIRECTION('',(0.,1.80700362080917E-016,-1.));
#2121=DIRECTION('',(-1.,3.06118320526636E-032,-1.69406589450859E-016));
#2122=DIRECTION('',(0.,-1.80700362080917E-016,1.));
#2123=DIRECTION('',(-1.,3.06118320526636E-032,-1.69406589450859E-016));
#2124=DIRECTION('',(0.,-1.80700362080917E-016,1.));
#2125=DIRECTION('',(1.,0.,0.));
#2126=DIRECTION('',(0.,1.,8.53702498020082E-017));
#2127=DIRECTION('',(0.,1.,8.53702498020082E-017));
#2128=DIRECTION('',(-1.6940658945086E-016,-8.53702498020082E-017,1.));
#2129=DIRECTION('',(0.,1.,8.53702498020082E-017));
#2130=DIRECTION('',(-1.6940658945086E-016,8.53702498020082E-017,-1.));
#2131=DIRECTION('',(0.,1.,8.53702498020082E-017));
#2132=DIRECTION('',(-1.,0.,0.));
#2133=DIRECTION('',(-1.6940658945086E-016,-8.53702498020082E-017,1.));
#2134=DIRECTION('',(0.,1.,8.53702498020082E-017));
#2135=DIRECTION('',(0.,1.,8.53702498020082E-017));
#2136=DIRECTION('',(1.,0.,0.));
#2137=DIRECTION('',(0.,1.,8.53702498020082E-017));
#2138=DIRECTION('',(-1.6940658945086E-016,8.53702498020082E-017,-1.));
#2139=DIRECTION('',(0.,1.,8.53702498020082E-017));
#2140=DIRECTION('',(-1.,0.,0.));
#2141=DIRECTION('',(0.,-1.30104260698261E-015,1.));
#2142=DIRECTION('',(1.,0.,0.));
#2143=DIRECTION('',(-6.93206428392307E-016,-1.,-1.30104260698261E-015));
#2144=DIRECTION('',(-6.93206428392307E-016,1.,1.30104260698261E-015));
#2145=DIRECTION('',(0.,-8.67361737988404E-016,-1.));
#2146=DIRECTION('',(4.76365993895206E-016,1.,-8.67361737988404E-016));
#2147=DIRECTION('',(1.,0.,0.));
#2148=DIRECTION('',(4.76365993895206E-016,-1.,8.67361737988404E-016));
#2149=DIRECTION('',(-1.6940658945086E-016,-8.53702498020082E-017,1.));
#2150=DIRECTION('',(0.,1.,8.53702498020082E-017));
#2151=DIRECTION('',(0.,1.,8.53702498020082E-017));
#2152=DIRECTION('',(1.,0.,0.));
#2153=DIRECTION('',(0.,1.,8.53702498020082E-017));
#2154=DIRECTION('',(-1.6940658945086E-016,8.53702498020082E-017,-1.));
#2155=DIRECTION('',(0.,1.,8.53702498020082E-017));
#2156=DIRECTION('',(-1.,0.,0.));
#2157=DIRECTION('',(0.894427190999916,-3.81787363626856E-017,-0.447213595499958));
#2158=DIRECTION('',(0.,-1.,8.53702498020082E-017));
#2159=DIRECTION('',(-6.93206428392307E-016,-1.,-1.30104260698261E-015));
#2160=DIRECTION('',(0.447213595499958,-7.63574727253713E-017,0.894427190999916));
#2161=DIRECTION('',(0.,1.,-8.53702498020082E-017));
#2162=DIRECTION('',(0.894427190999916,-3.81787363626856E-017,-0.447213595499958));
#2163=DIRECTION('',(0.,1.,-8.53702498020082E-017));
#2164=DIRECTION('',(-6.93206428392307E-016,-1.,-1.30104260698261E-015));
#2165=DIRECTION('',(0.447213595499958,-7.63574727253713E-017,0.894427190999916));
#2166=DIRECTION('',(-4.2685124901004E-017,-1.,0.));
#2167=DIRECTION('',(-0.894427190999916,-3.81787363626856E-017,-0.447213595499958));
#2168=DIRECTION('',(-6.93206428392307E-016,1.,1.30104260698261E-015));
#2169=DIRECTION('',(-4.2685124901004E-017,1.,0.));
#2170=DIRECTION('',(0.447213595499958,7.63574727253713E-017,-0.894427190999916));
#2171=DIRECTION('',(0.894427190999916,-3.81787363626856E-017,-0.447213595499958));
#2172=DIRECTION('',(0.,1.,-8.53702498020082E-017));
#2173=DIRECTION('',(-6.93206428392307E-016,-1.,-1.30104260698261E-015));
#2174=DIRECTION('',(0.447213595499958,-7.63574727253713E-017,0.894427190999916));
#2175=DIRECTION('',(-4.2685124901004E-017,-1.,0.));
#2176=DIRECTION('',(-0.894427190999916,-3.81787363626856E-017,-0.447213595499958));
#2177=DIRECTION('',(-6.93206428392307E-016,1.,1.30104260698261E-015));
#2178=DIRECTION('',(-4.2685124901004E-017,1.,0.));
#2179=DIRECTION('',(0.447213595499958,7.63574727253713E-017,-0.894427190999916));
#2180=DIRECTION('',(0.894427190999916,-3.81787363626856E-017,-0.447213595499958));
#2181=DIRECTION('',(0.,1.,-8.53702498020082E-017));
#2182=DIRECTION('',(-6.93206428392307E-016,-1.,-1.30104260698261E-015));
#2183=DIRECTION('',(0.447213595499958,-7.63574727253713E-017,0.894427190999916));
#2184=DIRECTION('',(-4.2685124901004E-017,-1.,0.));
#2185=DIRECTION('',(-0.894427190999916,-3.81787363626856E-017,-0.447213595499958));
#2186=DIRECTION('',(-6.93206428392307E-016,1.,1.30104260698261E-015));
#2187=DIRECTION('',(-4.2685124901004E-017,1.,0.));
#2188=DIRECTION('',(0.447213595499958,7.63574727253713E-017,-0.894427190999916));
#2189=DIRECTION('',(0.894427190999916,-3.81787363626856E-017,-0.447213595499958));
#2190=DIRECTION('',(0.,1.,-8.53702498020082E-017));
#2191=DIRECTION('',(0.447213595499958,-7.63574727253713E-017,0.894427190999916));
#2192=DIRECTION('',(-4.2685124901004E-017,-1.,0.));
#2193=DIRECTION('',(-0.894427190999916,-3.81787363626856E-017,-0.447213595499958));
#2194=DIRECTION('',(-6.93206428392307E-016,1.,1.30104260698261E-015));
#2195=DIRECTION('',(-4.2685124901004E-017,1.,0.));
#2196=DIRECTION('',(0.447213595499958,7.63574727253713E-017,-0.894427190999916));
#2197=DIRECTION('',(-0.894427190999916,-3.81787363626856E-017,-0.447213595499958));
#2198=DIRECTION('',(0.,1.,-8.53702498020082E-017));
#2199=DIRECTION('',(-4.2685124901004E-017,1.,0.));
#2200=DIRECTION('',(0.447213595499958,7.63574727253713E-017,-0.894427190999916));
#2201=DIRECTION('',(0.894427190999916,-3.81787363626856E-017,0.447213595499958));
#2202=DIRECTION('',(-0.447213595499958,-7.63574727253713E-017,0.894427190999916));
#2203=DIRECTION('',(4.76365993895206E-016,1.,-8.67361737988404E-016));
#2204=DIRECTION('',(0.,1.,8.53702498020082E-017));
#2205=DIRECTION('',(0.,1.,8.53702498020082E-017));
#2206=DIRECTION('',(-0.894427190999916,-3.81787363626856E-017,0.447213595499958));
#2207=DIRECTION('',(4.76365993895206E-016,-1.,8.67361737988404E-016));
#2208=DIRECTION('',(-0.447213595499958,7.63574727253713E-017,-0.894427190999916));
#2209=DIRECTION('',(-1.28055374703012E-016,-1.,-3.41480999208033E-016));
#2210=DIRECTION('',(0.,1.,8.53702498020082E-017));
#2211=DIRECTION('',(0.894427190999916,-3.81787363626856E-017,0.447213595499958));
#2212=DIRECTION('',(-0.447213595499958,-7.63574727253713E-017,0.894427190999916));
#2213=DIRECTION('',(4.76365993895206E-016,1.,-8.67361737988404E-016));
#2214=DIRECTION('',(-1.28055374703012E-016,1.,3.41480999208033E-016));
#2215=DIRECTION('',(-0.894427190999916,-3.81787363626856E-017,0.447213595499958));
#2216=DIRECTION('',(4.76365993895206E-016,-1.,8.67361737988404E-016));
#2217=DIRECTION('',(-0.447213595499958,7.63574727253713E-017,-0.894427190999916));
#2218=DIRECTION('',(-1.28055374703012E-016,-1.,-3.41480999208033E-016));
#2219=DIRECTION('',(0.,1.,8.53702498020082E-017));
#2220=DIRECTION('',(0.894427190999916,-3.81787363626856E-017,0.447213595499958));
#2221=DIRECTION('',(-0.447213595499958,-7.63574727253713E-017,0.894427190999916));
#2222=DIRECTION('',(4.76365993895206E-016,1.,-8.67361737988404E-016));
#2223=DIRECTION('',(-1.28055374703012E-016,1.,3.41480999208033E-016));
#2224=DIRECTION('',(-0.894427190999916,-3.81787363626856E-017,0.447213595499958));
#2225=DIRECTION('',(4.76365993895206E-016,-1.,8.67361737988404E-016));
#2226=DIRECTION('',(-0.447213595499958,7.63574727253713E-017,-0.894427190999916));
#2227=DIRECTION('',(-1.28055374703012E-016,-1.,-3.41480999208033E-016));
#2228=DIRECTION('',(0.,1.,8.53702498020082E-017));
#2229=DIRECTION('',(0.894427190999916,-3.81787363626856E-017,0.447213595499958));
#2230=DIRECTION('',(-0.447213595499958,-7.63574727253713E-017,0.894427190999916));
#2231=DIRECTION('',(4.76365993895206E-016,1.,-8.67361737988404E-016));
#2232=DIRECTION('',(-1.28055374703012E-016,1.,3.41480999208033E-016));
#2233=DIRECTION('',(-0.894427190999916,-3.81787363626856E-017,0.447213595499958));
#2234=DIRECTION('',(4.76365993895206E-016,-1.,8.67361737988404E-016));
#2235=DIRECTION('',(-0.447213595499958,7.63574727253713E-017,-0.894427190999916));
#2236=DIRECTION('',(-1.28055374703012E-016,-1.,-3.41480999208033E-016));
#2237=DIRECTION('',(0.,1.,8.53702498020082E-017));
#2238=DIRECTION('',(0.894427190999916,-3.81787363626856E-017,0.447213595499958));
#2239=DIRECTION('',(-0.447213595499958,-7.63574727253713E-017,0.894427190999916));
#2240=DIRECTION('',(-1.28055374703012E-016,1.,3.41480999208033E-016));
#2241=DIRECTION('',(-0.894427190999916,-3.81787363626856E-017,0.447213595499958));
#2242=DIRECTION('',(-0.447213595499958,7.63574727253713E-017,-0.894427190999916));
#2243=DIRECTION('',(0.,1.,8.53702498020081E-017));
#2244=DIRECTION('',(0.,1.,8.53702498020081E-017));
#2245=DIRECTION('',(-1.,0.,0.));
#2246=DIRECTION('',(-1.,0.,0.));
#2247=DIRECTION('',(0.,-3.41480999208033E-016,1.));
#2248=DIRECTION('',(-1.,0.,0.));
#2249=DIRECTION('',(0.,-1.,-8.53702498020082E-017));
#2250=DIRECTION('',(0.,0.,-1.));
#2251=DIRECTION('',(-1.,0.,0.));
#2252=DIRECTION('',(0.,0.,-1.));
#2253=DIRECTION('',(-1.,0.,0.));
#2254=DIRECTION('',(0.,0.,-1.));
#2255=DIRECTION('',(-1.,0.,0.));
#2256=DIRECTION('',(0.,-3.41480999208033E-016,1.));
#2257=DIRECTION('',(-1.,0.,0.));
#2258=DIRECTION('',(0.,0.,-1.));
#2259=DIRECTION('',(-1.,0.,0.));
#2260=DIRECTION('',(0.,-3.41480999208033E-016,1.));
#2261=DIRECTION('',(-1.,0.,0.));
#2262=DIRECTION('',(0.,-3.41480999208033E-016,1.));
#2263=DIRECTION('',(-1.,0.,0.));
#2264=DIRECTION('',(0.,-3.41480999208033E-016,1.));
#2265=DIRECTION('',(-1.,0.,0.));
#2266=DIRECTION('',(0.,0.,-1.));
#2267=DIRECTION('',(-1.,0.,0.));
#2268=DIRECTION('',(0.,-1.,-8.53702498020082E-017));
#2269=DIRECTION('',(0.,-1.,-8.53702498020082E-017));
#2270=DIRECTION('',(1.,0.,0.));
#2271=DIRECTION('',(0.,-1.,-8.53702498020082E-017));
#2272=DIRECTION('',(1.,0.,0.));
#2273=DIRECTION('',(0.,-1.,-8.53702498020082E-017));
#2274=DIRECTION('',(1.,0.,0.));
#2275=DIRECTION('',(0.,-1.,-8.53702498020082E-017));
#2276=DIRECTION('',(1.,0.,0.));
#2277=DIRECTION('',(0.,-1.,-8.53702498020082E-017));
#2278=DIRECTION('',(1.,0.,0.));
#2279=DIRECTION('',(0.,-1.,-8.53702498020082E-017));
#2280=DIRECTION('',(1.,0.,0.));
#2281=DIRECTION('',(0.,-1.,-8.53702498020082E-017));
#2282=DIRECTION('',(1.,0.,0.));
#2283=DIRECTION('',(0.,-1.,-8.53702498020082E-017));
#2284=DIRECTION('',(1.,0.,0.));
#2285=DIRECTION('',(0.,-8.67361737988404E-016,-1.));
#2286=DIRECTION('',(0.,-8.67361737988404E-016,-1.));
#2287=DIRECTION('',(0.,-8.67361737988404E-016,-1.));
#2288=DIRECTION('',(0.,-8.67361737988404E-016,-1.));
#2289=DIRECTION('',(0.,-1.30104260698261E-015,1.));
#2290=DIRECTION('',(0.,-1.30104260698261E-015,1.));
#2291=DIRECTION('',(0.,-1.30104260698261E-015,1.));
#2292=DIRECTION('',(0.,-1.30104260698261E-015,1.));
#2293=DIRECTION('',(-1.,0.,0.));
#2294=DIRECTION('',(0.,1.,8.53702498020082E-017));
#2295=DIRECTION('',(-1.6940658945086E-016,8.53702498020082E-017,-1.));
#2296=DIRECTION('',(0.,1.,8.53702498020082E-017));
#2297=DIRECTION('',(1.,0.,0.));
#2298=DIRECTION('',(1.,0.,0.));
#2299=DIRECTION('',(0.,1.,8.53702498020082E-017));
#2300=DIRECTION('',(-1.6940658945086E-016,-8.53702498020082E-017,1.));
#2301=DIRECTION('DIRECTION2',(1.1217155676535E-015,-1.,-2.22044604925031E-016));
#2302=DIRECTION('DIRECTION3',(1.,1.1217155676535E-015,4.55581752878409E-016));
#2303=DIRECTION('DIRECTION6',(0.,0.,1.));
#2304=DIRECTION('DIRECTION7',(1.,0.,0.));
#2305=DIRECTION('DIRECTION12',(1.1217155676535E-015,-1.,-2.22044604925031E-016));
#2306=DIRECTION('DIRECTION13',(1.,1.1217155676535E-015,4.55581752878409E-016));
#2307=DIRECTION('DIRECTION16',(0.,0.,1.));
#2308=DIRECTION('DIRECTION17',(1.,0.,0.));
#2309=DIRECTION('DIRECTION22',(1.1217155676535E-015,-1.,-2.22044604925031E-016));
#2310=DIRECTION('DIRECTION23',(1.,1.1217155676535E-015,4.55581752878409E-016));
#2311=DIRECTION('DIRECTION26',(0.,0.,1.));
#2312=DIRECTION('DIRECTION27',(1.,0.,0.));
#2313=DIRECTION('DIRECTION32',(1.1217155676535E-015,-1.,-2.22044604925031E-016));
#2314=DIRECTION('DIRECTION33',(1.,1.1217155676535E-015,4.55581752878409E-016));
#2315=DIRECTION('DIRECTION36',(0.,0.,1.));
#2316=DIRECTION('DIRECTION37',(1.,0.,0.));
#2317=DIRECTION('DIRECTION42',(1.1217155676535E-015,-1.,-2.22044604925031E-016));
#2318=DIRECTION('DIRECTION43',(1.,1.1217155676535E-015,4.55581752878409E-016));
#2319=DIRECTION('DIRECTION46',(0.,0.,1.));
#2320=DIRECTION('DIRECTION47',(1.,0.,0.));
#2321=DIRECTION('DIRECTION52',(0.,0.,1.));
#2322=DIRECTION('DIRECTION53',(1.,0.,0.));
#2323=DIRECTION('DIRECTION56',(0.,0.,1.));
#2324=DIRECTION('DIRECTION57',(1.,0.,0.));
#2325=CARTESIAN_POINT('',(0.32,-0.32,-5.57));
#2326=CARTESIAN_POINT('',(0.106666666666667,0.106666666666666,-5.78333333333334));
#2327=CARTESIAN_POINT('',(0.12,0.12,-5.77));
#2328=CARTESIAN_POINT('',(0.32,0.32,-5.57));
#2329=CARTESIAN_POINT('',(0.32,-0.32,-5.57));
#2330=CARTESIAN_POINT('',(0.32,-0.32,-5.57));
#2331=CARTESIAN_POINT('',(0.32,-0.32,-5.57));
#2332=CARTESIAN_POINT('',(0.12,-0.12,-5.77));
#2333=CARTESIAN_POINT('',(0.12,-0.32,-5.77));
#2334=CARTESIAN_POINT('',(4.52925457555824E-014,-0.32,-5.57));
#2335=CARTESIAN_POINT('',(-0.18666666666666,-0.186666666666668,-5.70333333333334));
#2336=CARTESIAN_POINT('',(-0.319999999999995,-0.32,-5.57));
#2337=CARTESIAN_POINT('',(-0.119999999999993,-0.12,-5.77));
#2338=CARTESIAN_POINT('',(-0.319999999999995,-0.12,-5.77));
#2339=CARTESIAN_POINT('',(0.319999999999997,-0.32,-5.57));
#2340=CARTESIAN_POINT('',(-0.119999999999993,-0.32,-5.77));
#2341=CARTESIAN_POINT('',(-0.18666666666666,0.186666666666668,-5.70333333333334));
#2342=CARTESIAN_POINT('',(-0.319999999999995,0.32,-5.57));
#2343=CARTESIAN_POINT('',(-0.119999999999993,0.12,-5.77));
#2344=CARTESIAN_POINT('',(-0.119999999999993,-0.32,-5.77));
#2345=CARTESIAN_POINT('',(-0.319999999999995,-0.32,-5.57));
#2346=CARTESIAN_POINT('',(0.32,-0.32,5.77));
#2347=CARTESIAN_POINT('',(0.12,-0.32,5.77));
#2348=CARTESIAN_POINT('',(0.12,-0.12,5.77));
#2349=CARTESIAN_POINT('',(0.12,0.12,5.77));
#2350=CARTESIAN_POINT('',(0.32,0.12,5.77));
#2351=CARTESIAN_POINT('',(-0.119999999999994,0.12,5.77));
#2352=CARTESIAN_POINT('',(-0.119999999999994,-0.32,5.77));
#2353=CARTESIAN_POINT('',(-0.119999999999994,-0.12,5.77));
#2354=CARTESIAN_POINT('',(0.32,-0.12,5.77));
#2355=CARTESIAN_POINT('',(-0.319999999999994,-0.32,5.77));
#2356=CARTESIAN_POINT('',(-0.319999999999994,0.32,5.77));
#2357=CARTESIAN_POINT('',(-0.319999999999994,0.32,5.57));
#2358=CARTESIAN_POINT('',(-0.319999999999994,-0.32,5.77));
#2359=CARTESIAN_POINT('',(-0.319999999999994,-0.32,5.57));
#2360=CARTESIAN_POINT('',(-0.319999999999994,-0.32,5.57));
#2361=CARTESIAN_POINT('',(-0.319999999999995,-0.32,-5.77));
#2362=CARTESIAN_POINT('',(-0.319999999999995,0.12,-5.77));
#2363=CARTESIAN_POINT('',(0.32,-0.32,-5.77));
#2364=CARTESIAN_POINT('',(0.32,-0.32,-5.77));
#2365=CARTESIAN_POINT('',(0.32,-0.32,5.57));
#2366=CARTESIAN_POINT('',(0.32,0.32,-5.77));
#2367=CARTESIAN_POINT('',(0.32,0.32,5.57));
#2368=CARTESIAN_POINT('',(0.32,-0.32,5.57));
#2369=CARTESIAN_POINT('',(0.,0.32,0.));
#2370=CARTESIAN_POINT('',(4.52925457555824E-014,0.32,-5.57));
#2371=CARTESIAN_POINT('',(0.,0.32,5.57));
#2372=CARTESIAN_POINT('',(0.,-0.32,0.));
#2373=CARTESIAN_POINT('',(-0.319999999999994,-0.32,5.57));
#2374=CARTESIAN_POINT('',(-0.319999999999995,0.12,-5.77));
#2375=CARTESIAN_POINT('',(0.,-0.32,5.57));
#2376=CARTESIAN_POINT('',(-0.213333333333329,-0.213333333333336,5.67666666666666));
#2377=CARTESIAN_POINT('',(0.186666666666665,-0.186666666666668,5.70333333333333));
#2378=CARTESIAN_POINT('',(0.12,-0.32,5.77));
#2379=CARTESIAN_POINT('',(-0.0266666666666671,-0.0266666666666681,5.91666666666667));
#2380=CARTESIAN_POINT('',(-0.319999999999994,-0.32,5.57));
#2381=CARTESIAN_POINT('',(-0.10666666666666,0.106666666666666,5.78333333333333));
#2382=CARTESIAN_POINT('',(0.32,0.12,5.77));
#2383=CARTESIAN_POINT('',(5.4,-11.9282271536748,-0.32));
#2384=CARTESIAN_POINT('',(5.4,-11.9282271536748,0.32));
#2385=CARTESIAN_POINT('',(5.4,-0.77,0.32));
#2386=CARTESIAN_POINT('',(5.4,1.27,0.32));
#2387=CARTESIAN_POINT('',(5.4,1.27,-0.32));
#2388=CARTESIAN_POINT('',(5.4,1.27,-0.32));
#2389=CARTESIAN_POINT('',(5.4,-11.9282271536748,-0.32));
#2390=CARTESIAN_POINT('',(5.4,-0.77,-0.32));
#2391=CARTESIAN_POINT('',(5.4,-0.77,0.9));
#2392=CARTESIAN_POINT('',(5.4,-11.9282271536748,0.32));
#2393=CARTESIAN_POINT('',(4.76,-11.9282271536748,0.32));
#2394=CARTESIAN_POINT('',(4.76,-0.77,0.32));
#2395=CARTESIAN_POINT('',(4.76,1.27,0.32));
#2396=CARTESIAN_POINT('',(5.4,1.27,0.32));
#2397=CARTESIAN_POINT('',(-6.84822715367485,-0.77,0.32));
#2398=CARTESIAN_POINT('',(2.22,-11.9282271536748,-0.32));
#2399=CARTESIAN_POINT('',(2.86,-11.9282271536748,-0.32));
#2400=CARTESIAN_POINT('',(2.86,-0.77,-0.32));
#2401=CARTESIAN_POINT('',(2.86,1.27,-0.32));
#2402=CARTESIAN_POINT('',(2.22,1.27,-0.32));
#2403=CARTESIAN_POINT('',(2.22,1.27,-0.32));
#2404=CARTESIAN_POINT('',(2.22,-11.9282271536748,-0.32));
#2405=CARTESIAN_POINT('',(2.22,-0.77,-0.32));
#2406=CARTESIAN_POINT('',(-6.84822715367485,-0.77,-0.32));
#2407=CARTESIAN_POINT('',(6.35,1.27,1.27));
#2408=CARTESIAN_POINT('',(2.86,1.27,-0.32));
#2409=CARTESIAN_POINT('',(2.86,1.27,0.32));
#2410=CARTESIAN_POINT('',(2.86,1.27,0.32));
#2411=CARTESIAN_POINT('',(2.22,1.27,0.32));
#2412=CARTESIAN_POINT('',(2.22,1.27,0.32));
#2413=CARTESIAN_POINT('',(-2.86,1.27,-0.32));
#2414=CARTESIAN_POINT('',(-2.86,1.27,-0.32));
#2415=CARTESIAN_POINT('',(-2.22,1.27,-0.32));
#2416=CARTESIAN_POINT('',(-2.22,1.27,-0.32));
#2417=CARTESIAN_POINT('',(-2.22,1.27,0.32));
#2418=CARTESIAN_POINT('',(-2.22,1.27,0.32));
#2419=CARTESIAN_POINT('',(-2.86,1.27,0.32));
#2420=CARTESIAN_POINT('',(-2.86,1.27,0.32));
#2421=CARTESIAN_POINT('',(6.35,1.27,1.27));
#2422=CARTESIAN_POINT('',(6.35,1.27,0.77));
#2423=CARTESIAN_POINT('',(6.35,1.27,-0.77));
#2424=CARTESIAN_POINT('',(6.35,1.27,-0.77));
#2425=CARTESIAN_POINT('',(6.1,1.27,-1.27));
#2426=CARTESIAN_POINT('',(6.35,1.27,-1.27));
#2427=CARTESIAN_POINT('',(4.06,1.27,-1.27));
#2428=CARTESIAN_POINT('',(4.06,1.27,-1.27));
#2429=CARTESIAN_POINT('',(3.81,1.27,-0.77));
#2430=CARTESIAN_POINT('',(3.81,1.27,-0.77));
#2431=CARTESIAN_POINT('',(3.56,1.27,-1.27));
#2432=CARTESIAN_POINT('',(6.35,1.27,-1.27));
#2433=CARTESIAN_POINT('',(1.52,1.27,-1.27));
#2434=CARTESIAN_POINT('',(1.52,1.27,-1.27));
#2435=CARTESIAN_POINT('',(1.27,1.27,-0.77));
#2436=CARTESIAN_POINT('',(1.27,1.27,-0.77));
#2437=CARTESIAN_POINT('',(1.02,1.27,-1.27));
#2438=CARTESIAN_POINT('',(6.35,1.27,-1.27));
#2439=CARTESIAN_POINT('',(-1.02,1.27,-1.27));
#2440=CARTESIAN_POINT('',(-1.02,1.27,-1.27));
#2441=CARTESIAN_POINT('',(-1.27,1.27,-0.77));
#2442=CARTESIAN_POINT('',(-1.27,1.27,-0.77));
#2443=CARTESIAN_POINT('',(-1.52,1.27,-1.27));
#2444=CARTESIAN_POINT('',(6.35,1.27,-1.27));
#2445=CARTESIAN_POINT('',(-3.56,1.27,-1.27));
#2446=CARTESIAN_POINT('',(-3.56,1.27,-1.27));
#2447=CARTESIAN_POINT('',(-3.81,1.27,-0.77));
#2448=CARTESIAN_POINT('',(-3.81,1.27,-0.77));
#2449=CARTESIAN_POINT('',(-4.06,1.27,-1.27));
#2450=CARTESIAN_POINT('',(6.35,1.27,-1.27));
#2451=CARTESIAN_POINT('',(-6.1,1.27,-1.27));
#2452=CARTESIAN_POINT('',(-6.1,1.27,-1.27));
#2453=CARTESIAN_POINT('',(-6.35,1.27,-0.77));
#2454=CARTESIAN_POINT('',(-6.35,1.27,1.27));
#2455=CARTESIAN_POINT('',(-6.35,1.27,0.77));
#2456=CARTESIAN_POINT('',(-6.35,1.27,0.77));
#2457=CARTESIAN_POINT('',(-6.1,1.27,1.27));
#2458=CARTESIAN_POINT('',(6.35,1.27,1.27));
#2459=CARTESIAN_POINT('',(-4.06,1.27,1.27));
#2460=CARTESIAN_POINT('',(-4.06,1.27,1.27));
#2461=CARTESIAN_POINT('',(-3.81,1.27,0.77));
#2462=CARTESIAN_POINT('',(-3.81,1.27,0.77));
#2463=CARTESIAN_POINT('',(-3.56,1.27,1.27));
#2464=CARTESIAN_POINT('',(6.35,1.27,1.27));
#2465=CARTESIAN_POINT('',(-1.52,1.27,1.27));
#2466=CARTESIAN_POINT('',(-1.52,1.27,1.27));
#2467=CARTESIAN_POINT('',(-1.27,1.27,0.77));
#2468=CARTESIAN_POINT('',(-1.27,1.27,0.77));
#2469=CARTESIAN_POINT('',(-1.02,1.27,1.27));
#2470=CARTESIAN_POINT('',(6.35,1.27,1.27));
#2471=CARTESIAN_POINT('',(1.02,1.27,1.27));
#2472=CARTESIAN_POINT('',(1.02,1.27,1.27));
#2473=CARTESIAN_POINT('',(1.27,1.27,0.77));
#2474=CARTESIAN_POINT('',(1.27,1.27,0.77));
#2475=CARTESIAN_POINT('',(1.52,1.27,1.27));
#2476=CARTESIAN_POINT('',(6.35,1.27,1.27));
#2477=CARTESIAN_POINT('',(3.56,1.27,1.27));
#2478=CARTESIAN_POINT('',(3.56,1.27,1.27));
#2479=CARTESIAN_POINT('',(3.81,1.27,0.77));
#2480=CARTESIAN_POINT('',(3.81,1.27,0.77));
#2481=CARTESIAN_POINT('',(4.06,1.27,1.27));
#2482=CARTESIAN_POINT('',(6.35,1.27,1.27));
#2483=CARTESIAN_POINT('',(6.1,1.27,1.27));
#2484=CARTESIAN_POINT('',(6.1,1.27,1.27));
#2485=CARTESIAN_POINT('',(-5.4,1.27,-0.32));
#2486=CARTESIAN_POINT('',(-5.4,1.27,-0.32));
#2487=CARTESIAN_POINT('',(-4.76,1.27,-0.32));
#2488=CARTESIAN_POINT('',(-4.76,1.27,-0.32));
#2489=CARTESIAN_POINT('',(-4.76,1.27,0.32));
#2490=CARTESIAN_POINT('',(-4.76,1.27,0.32));
#2491=CARTESIAN_POINT('',(-5.4,1.27,0.32));
#2492=CARTESIAN_POINT('',(-5.4,1.27,0.32));
#2493=CARTESIAN_POINT('',(-0.32,1.27,-0.32));
#2494=CARTESIAN_POINT('',(-0.32,1.27,-0.32));
#2495=CARTESIAN_POINT('',(0.32,1.27,-0.32));
#2496=CARTESIAN_POINT('',(0.32,1.27,-0.32));
#2497=CARTESIAN_POINT('',(0.32,1.27,0.32));
#2498=CARTESIAN_POINT('',(0.32,1.27,0.32));
#2499=CARTESIAN_POINT('',(-0.32,1.27,0.32));
#2500=CARTESIAN_POINT('',(-0.32,1.27,0.32));
#2501=CARTESIAN_POINT('',(4.76,1.27,-0.32));
#2502=CARTESIAN_POINT('',(4.76,1.27,-0.32));
#2503=CARTESIAN_POINT('',(4.76,1.27,0.32));
#2504=CARTESIAN_POINT('',(-6.84822715367485,-0.77,0.9));
#2505=CARTESIAN_POINT('',(-6.84822715367485,-0.77,0.32));
#2506=CARTESIAN_POINT('',(2.22,-0.77,0.32));
#2507=CARTESIAN_POINT('',(2.86,-0.77,0.32));
#2508=CARTESIAN_POINT('',(2.86,-0.77,0.9));
#2509=CARTESIAN_POINT('',(2.22,-0.77,0.9));
#2510=CARTESIAN_POINT('',(-6.84822715367485,-0.77,0.32));
#2511=CARTESIAN_POINT('',(-2.86,-0.77,0.32));
#2512=CARTESIAN_POINT('',(-2.22,-0.77,0.32));
#2513=CARTESIAN_POINT('',(-2.22,-0.77,0.9));
#2514=CARTESIAN_POINT('',(-2.22,-0.77,-0.32));
#2515=CARTESIAN_POINT('',(-6.84822715367485,-0.77,-0.32));
#2516=CARTESIAN_POINT('',(-2.86,-0.77,-0.32));
#2517=CARTESIAN_POINT('',(-2.86,-0.77,0.9));
#2518=CARTESIAN_POINT('',(-5.4,-0.77,-0.32));
#2519=CARTESIAN_POINT('',(-5.4,-0.77,-0.32));
#2520=CARTESIAN_POINT('',(-4.76,-0.77,-0.32));
#2521=CARTESIAN_POINT('',(-5.4,-0.77,0.32));
#2522=CARTESIAN_POINT('',(-5.4,-0.77,0.32));
#2523=CARTESIAN_POINT('',(-4.76,-0.77,0.32));
#2524=CARTESIAN_POINT('',(-4.76,-0.77,0.32));
#2525=CARTESIAN_POINT('',(-4.76,-0.77,-0.32));
#2526=CARTESIAN_POINT('',(-6.84822715367485,-0.77,0.9));
#2527=CARTESIAN_POINT('',(-6.285,-0.77,0.9));
#2528=CARTESIAN_POINT('',(-3.875,-0.77,0.9));
#2529=CARTESIAN_POINT('',(-6.35,-0.77,0.77));
#2530=CARTESIAN_POINT('',(-6.35,-0.77,0.77));
#2531=CARTESIAN_POINT('',(-6.35,-0.77,-1.39139278802306E-016));
#2532=CARTESIAN_POINT('',(-6.35,-0.77,-0.77));
#2533=CARTESIAN_POINT('',(-6.1,-0.77,-1.27));
#2534=CARTESIAN_POINT('',(-6.285,-0.77,-0.9));
#2535=CARTESIAN_POINT('',(-6.84822715367485,-0.77,-0.9));
#2536=CARTESIAN_POINT('',(-3.875,-0.77,-0.9));
#2537=CARTESIAN_POINT('',(-3.81,-0.77,-0.77));
#2538=CARTESIAN_POINT('',(-3.81,-0.77,-0.77));
#2539=CARTESIAN_POINT('',(-3.56,-0.77,-1.27));
#2540=CARTESIAN_POINT('',(-3.745,-0.77,-0.9));
#2541=CARTESIAN_POINT('',(-6.84822715367485,-0.77,-0.9));
#2542=CARTESIAN_POINT('',(-1.335,-0.77,-0.9));
#2543=CARTESIAN_POINT('',(-1.27,-0.77,-0.77));
#2544=CARTESIAN_POINT('',(-1.27,-0.77,-0.77));
#2545=CARTESIAN_POINT('',(-1.02,-0.77,-1.27));
#2546=CARTESIAN_POINT('',(-1.205,-0.77,-0.9));
#2547=CARTESIAN_POINT('',(-6.84822715367485,-0.77,-0.9));
#2548=CARTESIAN_POINT('',(1.205,-0.77,-0.9));
#2549=CARTESIAN_POINT('',(1.27,-0.77,-0.77));
#2550=CARTESIAN_POINT('',(1.27,-0.77,-0.77));
#2551=CARTESIAN_POINT('',(1.52,-0.77,-1.27));
#2552=CARTESIAN_POINT('',(1.335,-0.77,-0.9));
#2553=CARTESIAN_POINT('',(-6.84822715367485,-0.77,-0.9));
#2554=CARTESIAN_POINT('',(3.745,-0.77,-0.9));
#2555=CARTESIAN_POINT('',(3.81,-0.77,-0.77));
#2556=CARTESIAN_POINT('',(3.81,-0.77,-0.77));
#2557=CARTESIAN_POINT('',(4.06,-0.77,-1.27));
#2558=CARTESIAN_POINT('',(3.875,-0.77,-0.9));
#2559=CARTESIAN_POINT('',(-6.84822715367485,-0.77,-0.9));
#2560=CARTESIAN_POINT('',(6.285,-0.77,-0.9));
#2561=CARTESIAN_POINT('',(6.35,-0.77,-0.77));
#2562=CARTESIAN_POINT('',(6.35,-0.77,-0.77));
#2563=CARTESIAN_POINT('',(6.35,-0.77,0.9));
#2564=CARTESIAN_POINT('',(6.35,-0.77,0.77));
#2565=CARTESIAN_POINT('',(6.1,-0.77,1.27));
#2566=CARTESIAN_POINT('',(6.285,-0.77,0.9));
#2567=CARTESIAN_POINT('',(-6.84822715367485,-0.77,0.9));
#2568=CARTESIAN_POINT('',(3.875,-0.77,0.9));
#2569=CARTESIAN_POINT('',(3.81,-0.77,0.77));
#2570=CARTESIAN_POINT('',(3.81,-0.77,0.77));
#2571=CARTESIAN_POINT('',(3.56,-0.77,1.27));
#2572=CARTESIAN_POINT('',(3.745,-0.77,0.9));
#2573=CARTESIAN_POINT('',(-6.84822715367485,-0.77,0.9));
#2574=CARTESIAN_POINT('',(1.335,-0.77,0.9));
#2575=CARTESIAN_POINT('',(1.27,-0.77,0.77));
#2576=CARTESIAN_POINT('',(1.27,-0.77,0.77));
#2577=CARTESIAN_POINT('',(1.02,-0.77,1.27));
#2578=CARTESIAN_POINT('',(1.205,-0.77,0.9));
#2579=CARTESIAN_POINT('',(-6.84822715367485,-0.77,0.9));
#2580=CARTESIAN_POINT('',(-1.205,-0.77,0.9));
#2581=CARTESIAN_POINT('',(-1.27,-0.77,0.77));
#2582=CARTESIAN_POINT('',(-1.27,-0.77,0.77));
#2583=CARTESIAN_POINT('',(-1.52,-0.77,1.27));
#2584=CARTESIAN_POINT('',(-1.335,-0.77,0.9));
#2585=CARTESIAN_POINT('',(-6.84822715367485,-0.77,0.9));
#2586=CARTESIAN_POINT('',(-3.745,-0.77,0.9));
#2587=CARTESIAN_POINT('',(-3.81,-0.77,0.77));
#2588=CARTESIAN_POINT('',(-3.81,-0.77,0.77));
#2589=CARTESIAN_POINT('',(-4.06,-0.77,1.27));
#2590=CARTESIAN_POINT('',(-6.84822715367485,-0.77,0.32));
#2591=CARTESIAN_POINT('',(-0.32,-0.77,0.32));
#2592=CARTESIAN_POINT('',(0.32,-0.77,0.32));
#2593=CARTESIAN_POINT('',(0.32,-0.77,0.9));
#2594=CARTESIAN_POINT('',(0.32,-0.77,-0.32));
#2595=CARTESIAN_POINT('',(-6.84822715367485,-0.77,-0.32));
#2596=CARTESIAN_POINT('',(-0.32,-0.77,-0.32));
#2597=CARTESIAN_POINT('',(-0.32,-0.77,0.9));
#2598=CARTESIAN_POINT('',(-6.84822715367485,-0.77,-0.32));
#2599=CARTESIAN_POINT('',(4.76,-0.77,-0.32));
#2600=CARTESIAN_POINT('',(4.76,-0.77,0.9));
#2601=CARTESIAN_POINT('',(-0.32,-11.9282271536748,0.32));
#2602=CARTESIAN_POINT('',(-0.32,-11.9282271536748,-0.32));
#2603=CARTESIAN_POINT('',(-0.32,-11.9282271536748,0.32));
#2604=CARTESIAN_POINT('',(-0.32,-11.9282271536748,-0.32));
#2605=CARTESIAN_POINT('',(0.32,-11.9282271536748,-0.32));
#2606=CARTESIAN_POINT('',(0.32,-11.9282271536748,0.32));
#2607=CARTESIAN_POINT('',(0.32,-11.9282271536748,0.32));
#2608=CARTESIAN_POINT('',(0.32,-11.9282271536748,-0.32));
#2609=CARTESIAN_POINT('',(-2.86,-11.9282271536748,-0.32));
#2610=CARTESIAN_POINT('',(-2.22,-11.9282271536748,-0.32));
#2611=CARTESIAN_POINT('',(-2.86,-11.9282271536748,-0.32));
#2612=CARTESIAN_POINT('',(-2.86,-11.9282271536748,0.32));
#2613=CARTESIAN_POINT('',(-2.86,-11.9282271536748,0.32));
#2614=CARTESIAN_POINT('',(-2.22,-11.9282271536748,0.32));
#2615=CARTESIAN_POINT('',(-2.22,-11.9282271536748,0.32));
#2616=CARTESIAN_POINT('',(-2.22,-11.9282271536748,-0.32));
#2617=CARTESIAN_POINT('',(-6.84822715367485,-0.77,-0.9));
#2618=CARTESIAN_POINT('',(-6.84822715367485,-1.27,-0.9));
#2619=CARTESIAN_POINT('',(-6.285,-1.27,-0.9));
#2620=CARTESIAN_POINT('',(-3.875,-1.27,-0.9));
#2621=CARTESIAN_POINT('',(-3.875,-11.9282271536748,-0.900000000000014));
#2622=CARTESIAN_POINT('',(-6.285,-12.168962013489,-0.900000000000015));
#2623=CARTESIAN_POINT('',(-6.84822715367485,-1.27,0.9));
#2624=CARTESIAN_POINT('',(-3.875,-11.9282271536748,0.90000000000001));
#2625=CARTESIAN_POINT('',(-3.875,-1.27,0.9));
#2626=CARTESIAN_POINT('',(-6.84822715367485,-1.27,0.9));
#2627=CARTESIAN_POINT('',(-6.285,-1.27,0.9));
#2628=CARTESIAN_POINT('',(-6.285,-12.168962013489,0.90000000000001));
#2629=CARTESIAN_POINT('',(-5.4,-11.9282271536748,-0.32));
#2630=CARTESIAN_POINT('',(-5.4,-11.9282271536748,-0.32));
#2631=CARTESIAN_POINT('',(-4.76,-11.9282271536748,-0.32));
#2632=CARTESIAN_POINT('',(-5.4,-11.9282271536748,0.32));
#2633=CARTESIAN_POINT('',(-5.4,-11.9282271536748,0.32));
#2634=CARTESIAN_POINT('',(-4.76,-11.9282271536748,0.32));
#2635=CARTESIAN_POINT('',(-4.76,-11.9282271536748,0.32));
#2636=CARTESIAN_POINT('',(-4.76,-11.9282271536748,-0.32));
#2637=CARTESIAN_POINT('',(6.35,-12.168962013489,-0.77));
#2638=CARTESIAN_POINT('',(6.35,-6.57350923475464E-017,-0.77));
#2639=CARTESIAN_POINT('',(6.285,-12.168962013489,-0.900000000000015));
#2640=CARTESIAN_POINT('',(6.285,-1.27,-0.9));
#2641=CARTESIAN_POINT('',(6.15,-1.27,-1.17));
#2642=CARTESIAN_POINT('',(6.1,-1.27,-1.27));
#2643=CARTESIAN_POINT('',(6.1,-12.168962013489,-1.27));
#2644=CARTESIAN_POINT('',(3.81,-11.9282271536748,-0.77));
#2645=CARTESIAN_POINT('',(3.81,-11.9282271536748,-0.77));
#2646=CARTESIAN_POINT('',(3.745,-11.9282271536748,-0.900000000000014));
#2647=CARTESIAN_POINT('',(3.745,-1.27,-0.9));
#2648=CARTESIAN_POINT('',(4.118,-1.27,-0.154));
#2649=CARTESIAN_POINT('',(3.56,-1.27,-1.27));
#2650=CARTESIAN_POINT('',(3.56,1.27,-1.27));
#2651=CARTESIAN_POINT('',(4.06,-11.9282271536748,-1.27));
#2652=CARTESIAN_POINT('',(3.875,-11.9282271536748,-0.900000000000014));
#2653=CARTESIAN_POINT('',(3.875,-1.27,-0.9));
#2654=CARTESIAN_POINT('',(4.06,1.27,-1.27));
#2655=CARTESIAN_POINT('',(4.06,-1.27,-1.27));
#2656=CARTESIAN_POINT('',(4.518,-1.27,-2.186));
#2657=CARTESIAN_POINT('',(1.27,-11.9282271536748,-0.77));
#2658=CARTESIAN_POINT('',(1.27,-11.9282271536748,-0.77));
#2659=CARTESIAN_POINT('',(1.205,-11.9282271536748,-0.900000000000014));
#2660=CARTESIAN_POINT('',(1.205,-1.27,-0.9));
#2661=CARTESIAN_POINT('',(2.086,-1.27,0.862));
#2662=CARTESIAN_POINT('',(1.02,-1.27,-1.27));
#2663=CARTESIAN_POINT('',(1.02,1.27,-1.27));
#2664=CARTESIAN_POINT('',(1.52,-11.9282271536748,-1.27));
#2665=CARTESIAN_POINT('',(1.335,-11.9282271536748,-0.900000000000014));
#2666=CARTESIAN_POINT('',(1.335,-1.27,-0.9));
#2667=CARTESIAN_POINT('',(1.52,1.27,-1.27));
#2668=CARTESIAN_POINT('',(1.52,-1.27,-1.27));
#2669=CARTESIAN_POINT('',(2.486,-1.27,-3.202));
#2670=CARTESIAN_POINT('',(-1.27,-11.9282271536748,-0.77));
#2671=CARTESIAN_POINT('',(-1.27,-11.9282271536748,-0.77));
#2672=CARTESIAN_POINT('',(-1.335,-11.9282271536748,-0.900000000000014));
#2673=CARTESIAN_POINT('',(-1.335,-1.27,-0.9));
#2674=CARTESIAN_POINT('',(0.0539999999999985,-1.27,1.878));
#2675=CARTESIAN_POINT('',(-1.52,-1.27,-1.27));
#2676=CARTESIAN_POINT('',(-1.52,1.27,-1.27));
#2677=CARTESIAN_POINT('',(-1.02,-11.9282271536748,-1.27));
#2678=CARTESIAN_POINT('',(-1.205,-11.9282271536748,-0.900000000000014));
#2679=CARTESIAN_POINT('',(-1.205,-1.27,-0.9));
#2680=CARTESIAN_POINT('',(-1.02,1.27,-1.27));
#2681=CARTESIAN_POINT('',(-1.02,-1.27,-1.27));
#2682=CARTESIAN_POINT('',(0.454,-1.27,-4.218));
#2683=CARTESIAN_POINT('',(-3.81,-11.9282271536748,-0.77));
#2684=CARTESIAN_POINT('',(-3.81,-11.9282271536748,-0.77));
#2685=CARTESIAN_POINT('',(-1.978,-1.27,2.894));
#2686=CARTESIAN_POINT('',(-4.06,-1.27,-1.27));
#2687=CARTESIAN_POINT('',(-4.06,1.27,-1.27));
#2688=CARTESIAN_POINT('',(-3.56,-11.9282271536748,-1.27));
#2689=CARTESIAN_POINT('',(-3.745,-11.9282271536748,-0.900000000000014));
#2690=CARTESIAN_POINT('',(-3.745,-1.27,-0.9));
#2691=CARTESIAN_POINT('',(-3.56,1.27,-1.27));
#2692=CARTESIAN_POINT('',(-3.56,-1.27,-1.27));
#2693=CARTESIAN_POINT('',(-1.578,-1.27,-5.234));
#2694=CARTESIAN_POINT('',(-6.1,-12.168962013489,-1.27));
#2695=CARTESIAN_POINT('',(-6.35,-12.168962013489,-0.77));
#2696=CARTESIAN_POINT('',(-6.1,1.27,-1.27));
#2697=CARTESIAN_POINT('',(-6.1,-1.27,-1.27));
#2698=CARTESIAN_POINT('',(-3.61,-1.27,-6.25));
#2699=CARTESIAN_POINT('',(6.1,-12.168962013489,1.27));
#2700=CARTESIAN_POINT('',(7.166,-1.27,-0.862));
#2701=CARTESIAN_POINT('',(6.285,-1.27,0.9));
#2702=CARTESIAN_POINT('',(6.1,-1.27,1.27));
#2703=CARTESIAN_POINT('',(6.285,-12.168962013489,0.90000000000001));
#2704=CARTESIAN_POINT('',(6.35,-6.57350923475464E-017,0.77));
#2705=CARTESIAN_POINT('',(6.1,-12.168962013489,1.27));
#2706=CARTESIAN_POINT('',(3.81,-11.9282271536748,0.77));
#2707=CARTESIAN_POINT('',(3.875,-11.9282271536748,0.90000000000001));
#2708=CARTESIAN_POINT('',(3.875,-1.27,0.9));
#2709=CARTESIAN_POINT('',(3.502,-1.27,0.154));
#2710=CARTESIAN_POINT('',(4.06,-1.27,1.27));
#2711=CARTESIAN_POINT('',(4.06,-1.27,1.27));
#2712=CARTESIAN_POINT('',(3.81,-11.9282271536748,0.77));
#2713=CARTESIAN_POINT('',(3.56,-11.9282271536748,1.27));
#2714=CARTESIAN_POINT('',(5.134,-1.27,-1.878));
#2715=CARTESIAN_POINT('',(3.745,-1.27,0.9));
#2716=CARTESIAN_POINT('',(3.56,-1.27,1.27));
#2717=CARTESIAN_POINT('',(3.745,-11.9282271536748,0.90000000000001));
#2718=CARTESIAN_POINT('',(3.56,-1.27,1.27));
#2719=CARTESIAN_POINT('',(1.27,-11.9282271536748,0.77));
#2720=CARTESIAN_POINT('',(1.335,-11.9282271536748,0.90000000000001));
#2721=CARTESIAN_POINT('',(1.335,-1.27,0.9));
#2722=CARTESIAN_POINT('',(1.47,-1.27,1.17));
#2723=CARTESIAN_POINT('',(1.52,-1.27,1.27));
#2724=CARTESIAN_POINT('',(1.52,-1.27,1.27));
#2725=CARTESIAN_POINT('',(1.27,-11.9282271536748,0.77));
#2726=CARTESIAN_POINT('',(1.02,-11.9282271536748,1.27));
#2727=CARTESIAN_POINT('',(3.102,-1.27,-2.894));
#2728=CARTESIAN_POINT('',(1.205,-1.27,0.9));
#2729=CARTESIAN_POINT('',(1.02,-1.27,1.27));
#2730=CARTESIAN_POINT('',(1.205,-11.9282271536748,0.90000000000001));
#2731=CARTESIAN_POINT('',(1.02,-1.27,1.27));
#2732=CARTESIAN_POINT('',(-1.27,-11.9282271536748,0.77));
#2733=CARTESIAN_POINT('',(-1.205,-11.9282271536748,0.90000000000001));
#2734=CARTESIAN_POINT('',(-1.205,-1.27,0.9));
#2735=CARTESIAN_POINT('',(-0.562,-1.27,2.186));
#2736=CARTESIAN_POINT('',(-1.02,-1.27,1.27));
#2737=CARTESIAN_POINT('',(-1.02,-1.27,1.27));
#2738=CARTESIAN_POINT('',(-1.27,-11.9282271536748,0.77));
#2739=CARTESIAN_POINT('',(-1.52,-11.9282271536748,1.27));
#2740=CARTESIAN_POINT('',(1.07,-1.27,-3.91));
#2741=CARTESIAN_POINT('',(-1.335,-1.27,0.9));
#2742=CARTESIAN_POINT('',(-1.52,-1.27,1.27));
#2743=CARTESIAN_POINT('',(-1.335,-11.9282271536748,0.90000000000001));
#2744=CARTESIAN_POINT('',(-1.52,-1.27,1.27));
#2745=CARTESIAN_POINT('',(-3.81,-11.9282271536748,0.77));
#2746=CARTESIAN_POINT('',(-3.745,-11.9282271536748,0.90000000000001));
#2747=CARTESIAN_POINT('',(-3.745,-1.27,0.9));
#2748=CARTESIAN_POINT('',(-2.594,-1.27,3.202));
#2749=CARTESIAN_POINT('',(-3.56,-1.27,1.27));
#2750=CARTESIAN_POINT('',(-3.56,-1.27,1.27));
#2751=CARTESIAN_POINT('',(-3.81,-11.9282271536748,0.77));
#2752=CARTESIAN_POINT('',(-4.06,-11.9282271536748,1.27));
#2753=CARTESIAN_POINT('',(-0.962,-1.27,-4.926));
#2754=CARTESIAN_POINT('',(-4.06,-1.27,1.27));
#2755=CARTESIAN_POINT('',(-4.06,-1.27,1.27));
#2756=CARTESIAN_POINT('',(-6.35,-12.168962013489,0.77));
#2757=CARTESIAN_POINT('',(-4.626,-1.27,4.218));
#2758=CARTESIAN_POINT('',(-6.1,-1.27,1.27));
#2759=CARTESIAN_POINT('',(-6.1,-12.168962013489,1.27));
#2760=CARTESIAN_POINT('',(-6.35,-6.57350923475464E-017,0.77));
#2761=CARTESIAN_POINT('',(6.35,0.,0.));
#2762=CARTESIAN_POINT('',(-6.35,0.,0.));
#2763=CARTESIAN_POINT('',(6.35,-1.27,1.27));
#2764=CARTESIAN_POINT('',(6.35,-1.27,1.27));
#2765=CARTESIAN_POINT('',(6.35,-1.27,-1.27));
#2766=CARTESIAN_POINT('',(6.35,1.27,-1.27));
#2767=CARTESIAN_POINT('',(6.35,-1.27,-1.27));
#2768=CARTESIAN_POINT('',(6.35,1.27,-1.27));
#2769=CARTESIAN_POINT('',(6.35,-1.27,-1.27));
#2770=CARTESIAN_POINT('',(6.35,1.27,-1.27));
#2771=CARTESIAN_POINT('',(6.35,-1.27,-1.27));
#2772=CARTESIAN_POINT('',(6.35,-1.27,1.27));
#2773=CARTESIAN_POINT('',(6.35,-1.27,1.27));
#2774=CARTESIAN_POINT('',(6.35,1.27,-1.27));
#2775=CARTESIAN_POINT('',(6.35,-1.27,-1.27));
#2776=CARTESIAN_POINT('',(6.35,-1.27,1.27));
#2777=CARTESIAN_POINT('',(6.35,-1.27,1.27));
#2778=CARTESIAN_POINT('',(6.35,-1.27,1.27));
#2779=CARTESIAN_POINT('',(6.35,-1.27,1.27));
#2780=CARTESIAN_POINT('',(6.35,-1.27,1.27));
#2781=CARTESIAN_POINT('',(6.35,-1.27,1.27));
#2782=CARTESIAN_POINT('',(6.35,1.27,-1.27));
#2783=CARTESIAN_POINT('',(6.35,-1.27,-1.27));
#2784=CARTESIAN_POINT('',(6.35,-1.27,-1.27));
#2785=CARTESIAN_POINT('',(6.35,-1.27,-1.27));
#2786=CARTESIAN_POINT('',(-6.84822715367485,-1.27,-0.9));
#2787=CARTESIAN_POINT('',(6.35,-1.27,-1.27));
#2788=CARTESIAN_POINT('',(-6.84822715367485,-1.27,-0.9));
#2789=CARTESIAN_POINT('',(6.35,-1.27,-1.27));
#2790=CARTESIAN_POINT('',(-6.84822715367485,-1.27,-0.9));
#2791=CARTESIAN_POINT('',(6.35,-1.27,-1.27));
#2792=CARTESIAN_POINT('',(-6.84822715367485,-1.27,-0.9));
#2793=CARTESIAN_POINT('',(6.35,-1.27,-1.27));
#2794=CARTESIAN_POINT('',(-6.84822715367485,-1.27,0.9));
#2795=CARTESIAN_POINT('',(6.35,-1.27,-1.27));
#2796=CARTESIAN_POINT('',(-6.84822715367485,-1.27,0.9));
#2797=CARTESIAN_POINT('',(6.35,-1.27,-1.27));
#2798=CARTESIAN_POINT('',(-6.84822715367485,-1.27,0.9));
#2799=CARTESIAN_POINT('',(6.35,-1.27,-1.27));
#2800=CARTESIAN_POINT('',(-6.84822715367485,-1.27,0.9));
#2801=CARTESIAN_POINT('',(-6.84822715367485,-1.27,0.9));
#2802=CARTESIAN_POINT('',(-6.84822715367485,-1.27,0.9));
#2803=CARTESIAN_POINT('',(-6.84822715367485,-1.27,0.9));
#2804=CARTESIAN_POINT('',(-6.84822715367485,-1.27,0.9));
#2805=CARTESIAN_POINT('',(-6.84822715367485,-0.77,-0.9));
#2806=CARTESIAN_POINT('',(-6.84822715367485,-0.77,-0.9));
#2807=CARTESIAN_POINT('',(-6.84822715367485,-0.77,-0.9));
#2808=CARTESIAN_POINT('',(-6.84822715367485,-0.77,-0.9));
#2809=CARTESIAN_POINT('',(2.86,-11.9282271536748,-0.32));
#2810=CARTESIAN_POINT('',(2.86,-11.9282271536748,0.32));
#2811=CARTESIAN_POINT('',(2.86,-11.9282271536748,0.32));
#2812=CARTESIAN_POINT('',(2.22,-11.9282271536748,0.32));
#2813=CARTESIAN_POINT('',(2.22,-11.9282271536748,0.32));
#2814=CARTESIAN_POINT('',(4.76,-11.9282271536748,0.32));
#2815=CARTESIAN_POINT('',(4.76,-11.9282271536748,-0.32));
#2816=CARTESIAN_POINT('',(4.76,-11.9282271536748,-0.32));
#2817=CARTESIAN_POINT('CARTESIAN_POINT4',(-5.08,1.5,1.62630295306857E-016));
#2818=CARTESIAN_POINT('CARTESIAN_POINT8',(0.,0.,0.));
#2819=CARTESIAN_POINT('CARTESIAN_POINT14',(-2.54,1.5,1.62630295306857E-016));
#2820=CARTESIAN_POINT('CARTESIAN_POINT18',(0.,0.,0.));
#2821=CARTESIAN_POINT('CARTESIAN_POINT24',(-2.60208521396521E-015,1.5,1.62630295306857E-016));
#2822=CARTESIAN_POINT('CARTESIAN_POINT28',(0.,0.,0.));
#2823=CARTESIAN_POINT('CARTESIAN_POINT34',(2.54,1.5,1.62630295306857E-016));
#2824=CARTESIAN_POINT('CARTESIAN_POINT38',(0.,0.,0.));
#2825=CARTESIAN_POINT('CARTESIAN_POINT44',(5.08,1.5,1.62630295306857E-016));
#2826=CARTESIAN_POINT('CARTESIAN_POINT48',(0.,0.,0.));
#2827=CARTESIAN_POINT('CARTESIAN_POINT54',(0.,0.,0.));
#2828=CARTESIAN_POINT('CARTESIAN_POINT58',(0.,0.,0.));
#2829=PLANE('',#1869);
#2830=PLANE('',#1870);
#2831=PLANE('',#1871);
#2832=PLANE('',#1872);
#2833=PLANE('',#1873);
#2834=PLANE('',#1874);
#2835=PLANE('',#1875);
#2836=PLANE('',#1876);
#2837=PLANE('',#1877);
#2838=PLANE('',#1878);
#2839=PLANE('',#1879);
#2840=PLANE('',#1880);
#2841=PLANE('',#1881);
#2842=PLANE('',#1882);
#2843=PLANE('',#1883);
#2844=PLANE('',#1884);
#2845=PLANE('',#1885);
#2846=PLANE('',#1886);
#2847=PLANE('',#1887);
#2848=PLANE('',#1888);
#2849=PLANE('',#1889);
#2850=PLANE('',#1890);
#2851=PLANE('',#1891);
#2852=PLANE('',#1892);
#2853=PLANE('',#1893);
#2854=PLANE('',#1894);
#2855=PLANE('',#1895);
#2856=PLANE('',#1896);
#2857=PLANE('',#1897);
#2858=PLANE('',#1898);
#2859=PLANE('',#1899);
#2860=PLANE('',#1900);
#2861=PLANE('',#1901);
#2862=PLANE('',#1902);
#2863=PLANE('',#1903);
#2864=PLANE('',#1904);
#2865=PLANE('',#1905);
#2866=PLANE('',#1906);
#2867=PLANE('',#1907);
#2868=PLANE('',#1908);
#2869=PLANE('',#1909);
#2870=PLANE('',#1910);
#2871=PLANE('',#1911);
#2872=PLANE('',#1912);
#2873=PLANE('',#1913);
#2874=PLANE('',#1914);
#2875=PLANE('',#1915);
#2876=PLANE('',#1916);
#2877=PLANE('',#1917);
#2878=PLANE('',#1918);
#2879=PLANE('',#1919);
#2880=PLANE('',#1920);
#2881=PLANE('',#1921);
#2882=PLANE('',#1922);
#2883=PLANE('',#1923);
#2884=PLANE('',#1924);
#2885=PLANE('',#1925);
#2886=PLANE('',#1926);
#2887=PLANE('',#1927);
#2888=PLANE('',#1928);
#2889=PLANE('',#1929);
#2890=PLANE('',#1930);
#2891=PLANE('',#1931);
#2892=PLANE('',#1932);
#2893=PLANE('',#1933);
#2894=PLANE('',#1934);
#2895=PLANE('',#1935);
#2896=PLANE('',#1936);
#2897=PLANE('',#1937);
#2898=PLANE('',#1938);
#2899=PLANE('',#1939);
#2900=PLANE('',#1940);
#2901=PLANE('',#1941);
#2902=PLANE('',#1942);
#2903=PLANE('',#1943);
#2904=PLANE('',#1944);
#2905=PLANE('',#1945);
#2906=PLANE('',#1946);
#2907=PLANE('',#1947);
#2908=PLANE('',#1948);
#2909=PLANE('',#1949);
#2910=PLANE('',#1950);
#2911=PLANE('',#1951);
#2912=PLANE('',#1952);
#2913=PLANE('',#1953);
#2914=PLANE('',#1954);
#2915=PLANE('',#1955);
#2916=PLANE('',#1956);
#2917=CLOSED_SHELL('',(#1781,#1782,#1783,#1784,#1785,#1786,#1787,#1788,#1789,
#1790,#1791,#1792,#1793,#1794));
#2918=CLOSED_SHELL('',(#1795,#1796,#1797,#1798,#1799,#1800,#1801,#1802,#1803,
#1804,#1805,#1806,#1807,#1808,#1809,#1810,#1811,#1812,#1813,#1814,#1815,
#1816,#1817,#1818,#1819,#1820,#1821,#1822,#1823,#1824,#1825,#1826,#1827,
#1828,#1829,#1830,#1831,#1832,#1833,#1834,#1835,#1836,#1837,#1838,#1839,
#1840,#1841,#1842,#1843,#1844,#1845,#1846,#1847,#1848,#1849,#1850,#1851,
#1852,#1853,#1854,#1855,#1856,#1857,#1858,#1859,#1860,#1861,#1862,#1863,
#1864,#1865,#1866,#1867,#1868));
#2919=MANIFOLD_SOLID_BREP('',#2917);
#2920=MANIFOLD_SOLID_BREP('',#2918);
#2921=ADVANCED_BREP_SHAPE_REPRESENTATION('61300511121_1',(#2919),#202);
#2922=ADVANCED_BREP_SHAPE_REPRESENTATION('61300511121_2',(#2920),#203);
ENDSEC;
END-ISO-10303-21;
