ISO-10303-21;
HEADER;
/* Generated by software containing ST-Developer
 * from STEP Tools, Inc. (www.steptools.com) 
 */

FILE_DESCRIPTION(
/* description */ (''),
/* implementation_level */ '2;1');

FILE_NAME(
/* name */ 'C:\\Users\\Karem\\Desktop\\1.stp',
/* time_stamp */ '2019-10-23T13:21:46+02:00',
/* author */ ('Karem'),
/* organization */ (''),
/* preprocessor_version */ 'ST-DEVELOPER v15.6',
/* originating_system */ 'Autodesk Inventor 2015',
/* authorisation */ '');

FILE_SCHEMA (('AUTOMOTIVE_DESIGN { 1 0 10303 214 3 1 1 }'));
ENDSEC;

DATA;
#10=MECHANICAL_DESIGN_GEOMETRIC_PRESENTATION_REPRESENTATION('',(#96,#92,
#93,#94,#91,#90,#95,#97,#98,#86,#87,#89,#88),#5261);
#11=ITEM_DEFINED_TRANSFORMATION($,$,#3104,#3340);
#12=ITEM_DEFINED_TRANSFORMATION($,$,#3187,#3341);
#13=ITEM_DEFINED_TRANSFORMATION($,$,#3254,#3342);
#14=ITEM_DEFINED_TRANSFORMATION($,$,#3327,#3343);
#15=(
REPRESENTATION_RELATIONSHIP($,$,#5282,#5286)
REPRESENTATION_RELATIONSHIP_WITH_TRANSFORMATION(#11)
SHAPE_REPRESENTATION_RELATIONSHIP()
);
#16=(
REPRESENTATION_RELATIONSHIP($,$,#5283,#5286)
REPRESENTATION_RELATIONSHIP_WITH_TRANSFORMATION(#12)
SHAPE_REPRESENTATION_RELATIONSHIP()
);
#17=(
REPRESENTATION_RELATIONSHIP($,$,#5284,#5286)
REPRESENTATION_RELATIONSHIP_WITH_TRANSFORMATION(#13)
SHAPE_REPRESENTATION_RELATIONSHIP()
);
#18=(
REPRESENTATION_RELATIONSHIP($,$,#5285,#5286)
REPRESENTATION_RELATIONSHIP_WITH_TRANSFORMATION(#14)
SHAPE_REPRESENTATION_RELATIONSHIP()
);
#19=CONTEXT_DEPENDENT_SHAPE_REPRESENTATION(#15,#5278);
#20=CONTEXT_DEPENDENT_SHAPE_REPRESENTATION(#16,#5279);
#21=CONTEXT_DEPENDENT_SHAPE_REPRESENTATION(#17,#5280);
#22=CONTEXT_DEPENDENT_SHAPE_REPRESENTATION(#18,#5281);
#23=NEXT_ASSEMBLY_USAGE_OCCURRENCE('1:1',$,$,#5292,#5288,$);
#24=NEXT_ASSEMBLY_USAGE_OCCURRENCE('2:1',$,$,#5292,#5289,$);
#25=NEXT_ASSEMBLY_USAGE_OCCURRENCE('Vishay logo:1',$,$,#5292,#5290,$);
#26=NEXT_ASSEMBLY_USAGE_OCCURRENCE('Vishay logo - 1:1',$,$,#5292,#5291,
$);
#27=B_SPLINE_CURVE_WITH_KNOTS('',2,(#4768,#4769,#4770,#4771),
 .UNSPECIFIED.,.F.,.F.,(3,1,3),(0.,1.,2.),.UNSPECIFIED.);
#28=B_SPLINE_CURVE_WITH_KNOTS('',2,(#4773,#4774,#4775,#4776),
 .UNSPECIFIED.,.F.,.F.,(3,1,3),(-2.,-1.,0.),.UNSPECIFIED.);
#29=B_SPLINE_CURVE_WITH_KNOTS('',2,(#4787,#4788,#4789,#4790),
 .UNSPECIFIED.,.F.,.F.,(3,1,3),(0.,1.,2.),.UNSPECIFIED.);
#30=B_SPLINE_CURVE_WITH_KNOTS('',2,(#4792,#4793,#4794,#4795),
 .UNSPECIFIED.,.F.,.F.,(3,1,3),(-2.,-1.,0.),.UNSPECIFIED.);
#31=B_SPLINE_CURVE_WITH_KNOTS('',2,(#4806,#4807,#4808,#4809),
 .UNSPECIFIED.,.F.,.F.,(3,1,3),(0.,1.,2.),.UNSPECIFIED.);
#32=B_SPLINE_CURVE_WITH_KNOTS('',2,(#4811,#4812,#4813,#4814),
 .UNSPECIFIED.,.F.,.F.,(3,1,3),(-2.,-1.,0.),.UNSPECIFIED.);
#33=B_SPLINE_CURVE_WITH_KNOTS('',2,(#4825,#4826,#4827,#4828),
 .UNSPECIFIED.,.F.,.F.,(3,1,3),(0.,1.,2.),.UNSPECIFIED.);
#34=B_SPLINE_CURVE_WITH_KNOTS('',2,(#4830,#4831,#4832,#4833),
 .UNSPECIFIED.,.F.,.F.,(3,1,3),(-2.,-1.,0.),.UNSPECIFIED.);
#35=B_SPLINE_CURVE_WITH_KNOTS('',2,(#4844,#4845,#4846,#4847),
 .UNSPECIFIED.,.F.,.F.,(3,1,3),(0.,1.,2.),.UNSPECIFIED.);
#36=B_SPLINE_CURVE_WITH_KNOTS('',2,(#4849,#4850,#4851,#4852),
 .UNSPECIFIED.,.F.,.F.,(3,1,3),(-2.,-1.,0.),.UNSPECIFIED.);
#37=B_SPLINE_CURVE_WITH_KNOTS('',2,(#4863,#4864,#4865,#4866),
 .UNSPECIFIED.,.F.,.F.,(3,1,3),(0.,1.,2.),.UNSPECIFIED.);
#38=B_SPLINE_CURVE_WITH_KNOTS('',2,(#4868,#4869,#4870,#4871),
 .UNSPECIFIED.,.F.,.F.,(3,1,3),(-2.,-1.,0.),.UNSPECIFIED.);
#39=B_SPLINE_CURVE_WITH_KNOTS('',2,(#4882,#4883,#4884,#4885),
 .UNSPECIFIED.,.F.,.F.,(3,1,3),(0.,1.,2.),.UNSPECIFIED.);
#40=B_SPLINE_CURVE_WITH_KNOTS('',2,(#4887,#4888,#4889,#4890),
 .UNSPECIFIED.,.F.,.F.,(3,1,3),(-2.,-1.,0.),.UNSPECIFIED.);
#41=B_SPLINE_CURVE_WITH_KNOTS('',2,(#4901,#4902,#4903,#4904),
 .UNSPECIFIED.,.F.,.F.,(3,1,3),(0.,1.,2.),.UNSPECIFIED.);
#42=B_SPLINE_CURVE_WITH_KNOTS('',2,(#4906,#4907,#4908,#4909),
 .UNSPECIFIED.,.F.,.F.,(3,1,3),(-2.,-1.,0.),.UNSPECIFIED.);
#43=B_SPLINE_CURVE_WITH_KNOTS('',2,(#4932,#4933,#4934,#4935),
 .UNSPECIFIED.,.F.,.F.,(3,1,3),(0.,1.,2.),.UNSPECIFIED.);
#44=B_SPLINE_CURVE_WITH_KNOTS('',2,(#4937,#4938,#4939,#4940),
 .UNSPECIFIED.,.F.,.F.,(3,1,3),(-2.,-1.,0.),.UNSPECIFIED.);
#45=B_SPLINE_CURVE_WITH_KNOTS('',2,(#4951,#4952,#4953,#4954),
 .UNSPECIFIED.,.F.,.F.,(3,1,3),(0.,1.,2.),.UNSPECIFIED.);
#46=B_SPLINE_CURVE_WITH_KNOTS('',2,(#4956,#4957,#4958,#4959),
 .UNSPECIFIED.,.F.,.F.,(3,1,3),(-2.,-1.,0.),.UNSPECIFIED.);
#47=B_SPLINE_CURVE_WITH_KNOTS('',2,(#4970,#4971,#4972,#4973),
 .UNSPECIFIED.,.F.,.F.,(3,1,3),(0.,1.,2.),.UNSPECIFIED.);
#48=B_SPLINE_CURVE_WITH_KNOTS('',2,(#4975,#4976,#4977,#4978),
 .UNSPECIFIED.,.F.,.F.,(3,1,3),(-2.,-1.,0.),.UNSPECIFIED.);
#49=B_SPLINE_CURVE_WITH_KNOTS('',2,(#4989,#4990,#4991,#4992),
 .UNSPECIFIED.,.F.,.F.,(3,1,3),(0.,1.,2.),.UNSPECIFIED.);
#50=B_SPLINE_CURVE_WITH_KNOTS('',2,(#4994,#4995,#4996,#4997),
 .UNSPECIFIED.,.F.,.F.,(3,1,3),(-2.,-1.,0.),.UNSPECIFIED.);
#51=B_SPLINE_CURVE_WITH_KNOTS('',2,(#5008,#5009,#5010,#5011),
 .UNSPECIFIED.,.F.,.F.,(3,1,3),(0.,1.,2.),.UNSPECIFIED.);
#52=B_SPLINE_CURVE_WITH_KNOTS('',2,(#5013,#5014,#5015,#5016),
 .UNSPECIFIED.,.F.,.F.,(3,1,3),(-2.,-1.,0.),.UNSPECIFIED.);
#53=B_SPLINE_CURVE_WITH_KNOTS('',2,(#5027,#5028,#5029,#5030),
 .UNSPECIFIED.,.F.,.F.,(3,1,3),(0.,1.,2.),.UNSPECIFIED.);
#54=B_SPLINE_CURVE_WITH_KNOTS('',2,(#5032,#5033,#5034,#5035),
 .UNSPECIFIED.,.F.,.F.,(3,1,3),(-2.,-1.,0.),.UNSPECIFIED.);
#55=B_SPLINE_CURVE_WITH_KNOTS('',2,(#5046,#5047,#5048,#5049),
 .UNSPECIFIED.,.F.,.F.,(3,1,3),(0.,1.,2.),.UNSPECIFIED.);
#56=B_SPLINE_CURVE_WITH_KNOTS('',2,(#5051,#5052,#5053,#5054),
 .UNSPECIFIED.,.F.,.F.,(3,1,3),(-2.,-1.,0.),.UNSPECIFIED.);
#57=B_SPLINE_CURVE_WITH_KNOTS('',2,(#5064,#5065,#5066,#5067),
 .UNSPECIFIED.,.F.,.F.,(3,1,3),(0.,1.,2.),.UNSPECIFIED.);
#58=B_SPLINE_CURVE_WITH_KNOTS('',2,(#5068,#5069,#5070,#5071),
 .UNSPECIFIED.,.F.,.F.,(3,1,3),(-2.,-1.,0.),.UNSPECIFIED.);
#59=B_SPLINE_SURFACE_WITH_KNOTS('',2,1,((#4759,#4760),(#4761,#4762),(#4763,
#4764),(#4765,#4766)),.UNSPECIFIED.,.F.,.F.,.F.,(3,1,3),(2,2),(-2.,-1.,
0.),(0.,0.01),.UNSPECIFIED.);
#60=B_SPLINE_SURFACE_WITH_KNOTS('',2,1,((#4778,#4779),(#4780,#4781),(#4782,
#4783),(#4784,#4785)),.UNSPECIFIED.,.F.,.F.,.F.,(3,1,3),(2,2),(-2.,-1.,
0.),(0.,0.01),.UNSPECIFIED.);
#61=B_SPLINE_SURFACE_WITH_KNOTS('',2,1,((#4797,#4798),(#4799,#4800),(#4801,
#4802),(#4803,#4804)),.UNSPECIFIED.,.F.,.F.,.F.,(3,1,3),(2,2),(-2.,-1.,
0.),(0.,0.01),.UNSPECIFIED.);
#62=B_SPLINE_SURFACE_WITH_KNOTS('',2,1,((#4816,#4817),(#4818,#4819),(#4820,
#4821),(#4822,#4823)),.UNSPECIFIED.,.F.,.F.,.F.,(3,1,3),(2,2),(-2.,-1.,
0.),(0.,0.01),.UNSPECIFIED.);
#63=B_SPLINE_SURFACE_WITH_KNOTS('',2,1,((#4835,#4836),(#4837,#4838),(#4839,
#4840),(#4841,#4842)),.UNSPECIFIED.,.F.,.F.,.F.,(3,1,3),(2,2),(-2.,-1.,
0.),(0.,0.01),.UNSPECIFIED.);
#64=B_SPLINE_SURFACE_WITH_KNOTS('',2,1,((#4854,#4855),(#4856,#4857),(#4858,
#4859),(#4860,#4861)),.UNSPECIFIED.,.F.,.F.,.F.,(3,1,3),(2,2),(-2.,-1.,
0.),(0.,0.01),.UNSPECIFIED.);
#65=B_SPLINE_SURFACE_WITH_KNOTS('',2,1,((#4873,#4874),(#4875,#4876),(#4877,
#4878),(#4879,#4880)),.UNSPECIFIED.,.F.,.F.,.F.,(3,1,3),(2,2),(-2.,-1.,
0.),(0.,0.01),.UNSPECIFIED.);
#66=B_SPLINE_SURFACE_WITH_KNOTS('',2,1,((#4892,#4893),(#4894,#4895),(#4896,
#4897),(#4898,#4899)),.UNSPECIFIED.,.F.,.F.,.F.,(3,1,3),(2,2),(-2.,-1.,
0.),(0.,0.01),.UNSPECIFIED.);
#67=B_SPLINE_SURFACE_WITH_KNOTS('',2,1,((#4923,#4924),(#4925,#4926),(#4927,
#4928),(#4929,#4930)),.UNSPECIFIED.,.F.,.F.,.F.,(3,1,3),(2,2),(-2.,-1.,
0.),(0.,0.01),.UNSPECIFIED.);
#68=B_SPLINE_SURFACE_WITH_KNOTS('',2,1,((#4942,#4943),(#4944,#4945),(#4946,
#4947),(#4948,#4949)),.UNSPECIFIED.,.F.,.F.,.F.,(3,1,3),(2,2),(-2.,-1.,
0.),(0.,0.01),.UNSPECIFIED.);
#69=B_SPLINE_SURFACE_WITH_KNOTS('',2,1,((#4961,#4962),(#4963,#4964),(#4965,
#4966),(#4967,#4968)),.UNSPECIFIED.,.F.,.F.,.F.,(3,1,3),(2,2),(-2.,-1.,
0.),(0.,0.01),.UNSPECIFIED.);
#70=B_SPLINE_SURFACE_WITH_KNOTS('',2,1,((#4980,#4981),(#4982,#4983),(#4984,
#4985),(#4986,#4987)),.UNSPECIFIED.,.F.,.F.,.F.,(3,1,3),(2,2),(-2.,-1.,
0.),(0.,0.01),.UNSPECIFIED.);
#71=B_SPLINE_SURFACE_WITH_KNOTS('',2,1,((#4999,#5000),(#5001,#5002),(#5003,
#5004),(#5005,#5006)),.UNSPECIFIED.,.F.,.F.,.F.,(3,1,3),(2,2),(-2.,-1.,
0.),(0.,0.01),.UNSPECIFIED.);
#72=B_SPLINE_SURFACE_WITH_KNOTS('',2,1,((#5018,#5019),(#5020,#5021),(#5022,
#5023),(#5024,#5025)),.UNSPECIFIED.,.F.,.F.,.F.,(3,1,3),(2,2),(-2.,-1.,
0.),(0.,0.01),.UNSPECIFIED.);
#73=B_SPLINE_SURFACE_WITH_KNOTS('',2,1,((#5037,#5038),(#5039,#5040),(#5041,
#5042),(#5043,#5044)),.UNSPECIFIED.,.F.,.F.,.F.,(3,1,3),(2,2),(-2.,-1.,
0.),(0.,0.01),.UNSPECIFIED.);
#74=B_SPLINE_SURFACE_WITH_KNOTS('',2,1,((#5056,#5057),(#5058,#5059),(#5060,
#5061),(#5062,#5063)),.UNSPECIFIED.,.F.,.F.,.F.,(3,1,3),(2,2),(-2.,-1.,
0.),(0.,0.01),.UNSPECIFIED.);
#75=FACE_BOUND('',#550,.T.);
#76=FACE_BOUND('',#596,.T.);
#77=FACE_BOUND('',#598,.T.);
#78=SHAPE_REPRESENTATION_RELATIONSHIP('SRR','None',#5282,#82);
#79=SHAPE_REPRESENTATION_RELATIONSHIP('SRR','None',#5283,#83);
#80=SHAPE_REPRESENTATION_RELATIONSHIP('SRR','None',#5284,#84);
#81=SHAPE_REPRESENTATION_RELATIONSHIP('SRR','None',#5285,#85);
#82=ADVANCED_BREP_SHAPE_REPRESENTATION($,(#99),#5256);
#83=ADVANCED_BREP_SHAPE_REPRESENTATION($,(#100,#101,#102),#5257);
#84=ADVANCED_BREP_SHAPE_REPRESENTATION($,(#103,#104,#105,#106,#107,#108,
#109),#5258);
#85=ADVANCED_BREP_SHAPE_REPRESENTATION($,(#110,#111),#5259);
#86=STYLED_ITEM('',(#5311),#99);
#87=STYLED_ITEM('',(#5312),#100);
#88=STYLED_ITEM('',(#5312),#101);
#89=STYLED_ITEM('',(#5312),#102);
#90=STYLED_ITEM('',(#5313),#103);
#91=STYLED_ITEM('',(#5313),#104);
#92=STYLED_ITEM('',(#5313),#105);
#93=STYLED_ITEM('',(#5313),#106);
#94=STYLED_ITEM('',(#5313),#107);
#95=STYLED_ITEM('',(#5313),#108);
#96=STYLED_ITEM('',(#5313),#109);
#97=STYLED_ITEM('',(#5314),#110);
#98=STYLED_ITEM('',(#5314),#111);
#99=MANIFOLD_SOLID_BREP('Solid1',#3091);
#100=MANIFOLD_SOLID_BREP('Solid1',#3092);
#101=MANIFOLD_SOLID_BREP('Solid1',#3093);
#102=MANIFOLD_SOLID_BREP('Solid1',#3094);
#103=MANIFOLD_SOLID_BREP('Solid1',#3095);
#104=MANIFOLD_SOLID_BREP('Solid1',#3096);
#105=MANIFOLD_SOLID_BREP('Solid1',#3097);
#106=MANIFOLD_SOLID_BREP('Solid1',#3098);
#107=MANIFOLD_SOLID_BREP('Solid1',#3099);
#108=MANIFOLD_SOLID_BREP('Solid1',#3100);
#109=MANIFOLD_SOLID_BREP('Solid1',#3101);
#110=MANIFOLD_SOLID_BREP('Solid1',#3102);
#111=MANIFOLD_SOLID_BREP('Solid1',#3103);
#112=PLANE('',#3129);
#113=PLANE('',#3134);
#114=PLANE('',#3135);
#115=PLANE('',#3159);
#116=PLANE('',#3164);
#117=PLANE('',#3165);
#118=PLANE('',#3166);
#119=PLANE('',#3171);
#120=PLANE('',#3172);
#121=PLANE('',#3178);
#122=PLANE('',#3181);
#123=PLANE('',#3182);
#124=PLANE('',#3184);
#125=PLANE('',#3186);
#126=PLANE('',#3188);
#127=PLANE('',#3189);
#128=PLANE('',#3196);
#129=PLANE('',#3199);
#130=PLANE('',#3202);
#131=PLANE('',#3203);
#132=PLANE('',#3206);
#133=PLANE('',#3207);
#134=PLANE('',#3208);
#135=PLANE('',#3209);
#136=PLANE('',#3210);
#137=PLANE('',#3211);
#138=PLANE('',#3212);
#139=PLANE('',#3213);
#140=PLANE('',#3217);
#141=PLANE('',#3221);
#142=PLANE('',#3224);
#143=PLANE('',#3227);
#144=PLANE('',#3230);
#145=PLANE('',#3231);
#146=PLANE('',#3232);
#147=PLANE('',#3233);
#148=PLANE('',#3240);
#149=PLANE('',#3243);
#150=PLANE('',#3246);
#151=PLANE('',#3249);
#152=PLANE('',#3250);
#153=PLANE('',#3251);
#154=PLANE('',#3252);
#155=PLANE('',#3253);
#156=PLANE('',#3255);
#157=PLANE('',#3256);
#158=PLANE('',#3257);
#159=PLANE('',#3258);
#160=PLANE('',#3259);
#161=PLANE('',#3260);
#162=PLANE('',#3261);
#163=PLANE('',#3262);
#164=PLANE('',#3263);
#165=PLANE('',#3264);
#166=PLANE('',#3265);
#167=PLANE('',#3266);
#168=PLANE('',#3267);
#169=PLANE('',#3268);
#170=PLANE('',#3269);
#171=PLANE('',#3270);
#172=PLANE('',#3271);
#173=PLANE('',#3272);
#174=PLANE('',#3273);
#175=PLANE('',#3274);
#176=PLANE('',#3275);
#177=PLANE('',#3276);
#178=PLANE('',#3277);
#179=PLANE('',#3278);
#180=PLANE('',#3279);
#181=PLANE('',#3280);
#182=PLANE('',#3281);
#183=PLANE('',#3282);
#184=PLANE('',#3286);
#185=PLANE('',#3287);
#186=PLANE('',#3288);
#187=PLANE('',#3289);
#188=PLANE('',#3290);
#189=PLANE('',#3291);
#190=PLANE('',#3292);
#191=PLANE('',#3293);
#192=PLANE('',#3294);
#193=PLANE('',#3295);
#194=PLANE('',#3296);
#195=PLANE('',#3297);
#196=PLANE('',#3298);
#197=PLANE('',#3299);
#198=PLANE('',#3300);
#199=PLANE('',#3301);
#200=PLANE('',#3302);
#201=PLANE('',#3303);
#202=PLANE('',#3304);
#203=PLANE('',#3305);
#204=PLANE('',#3306);
#205=PLANE('',#3307);
#206=PLANE('',#3308);
#207=PLANE('',#3309);
#208=PLANE('',#3310);
#209=PLANE('',#3311);
#210=PLANE('',#3312);
#211=PLANE('',#3313);
#212=PLANE('',#3314);
#213=PLANE('',#3315);
#214=PLANE('',#3316);
#215=PLANE('',#3317);
#216=PLANE('',#3318);
#217=PLANE('',#3319);
#218=PLANE('',#3320);
#219=PLANE('',#3321);
#220=PLANE('',#3322);
#221=PLANE('',#3323);
#222=PLANE('',#3324);
#223=PLANE('',#3325);
#224=PLANE('',#3326);
#225=PLANE('',#3328);
#226=PLANE('',#3329);
#227=PLANE('',#3330);
#228=PLANE('',#3331);
#229=PLANE('',#3332);
#230=PLANE('',#3333);
#231=PLANE('',#3334);
#232=PLANE('',#3335);
#233=PLANE('',#3336);
#234=PLANE('',#3337);
#235=PLANE('',#3338);
#236=ELLIPSE('',#3126,0.826621913203747,0.1);
#237=ELLIPSE('',#3127,0.101496408645441,0.1);
#238=ELLIPSE('',#3128,0.826621913203748,0.1);
#239=ELLIPSE('',#3131,0.826621913203747,0.1);
#240=ELLIPSE('',#3132,0.101496408645441,0.1);
#241=ELLIPSE('',#3133,0.826621913203747,0.1);
#242=ELLIPSE('',#3157,0.826621913203749,0.1);
#243=ELLIPSE('',#3158,0.82662191320375,0.1);
#244=ELLIPSE('',#3161,0.826621913203749,0.1);
#245=ELLIPSE('',#3162,0.101496408645441,0.1);
#246=ELLIPSE('',#3163,0.826621913203749,0.1);
#247=ELLIPSE('',#3167,0.82662191320375,0.1);
#248=ELLIPSE('',#3169,0.826621913203748,0.1);
#249=ELLIPSE('',#3170,0.826621913203747,0.1);
#250=ELLIPSE('',#3173,0.82662191320375,0.1);
#251=ELLIPSE('',#3174,0.826621913203747,0.1);
#252=ELLIPSE('',#3176,0.101496408645441,0.1);
#253=ELLIPSE('',#3177,0.826621913203747,0.1);
#254=ELLIPSE('',#3179,0.826621913203748,0.1);
#255=ELLIPSE('',#3180,0.826621913203748,0.1);
#256=SPHERICAL_SURFACE('',#3111,0.1);
#257=SPHERICAL_SURFACE('',#3116,0.1);
#258=SPHERICAL_SURFACE('',#3121,0.1);
#259=SPHERICAL_SURFACE('',#3123,0.1);
#260=SPHERICAL_SURFACE('',#3142,0.1);
#261=SPHERICAL_SURFACE('',#3147,0.1);
#262=SPHERICAL_SURFACE('',#3152,0.1);
#263=SPHERICAL_SURFACE('',#3154,0.1);
#264=FACE_OUTER_BOUND('',#441,.T.);
#265=FACE_OUTER_BOUND('',#442,.T.);
#266=FACE_OUTER_BOUND('',#443,.T.);
#267=FACE_OUTER_BOUND('',#444,.T.);
#268=FACE_OUTER_BOUND('',#445,.T.);
#269=FACE_OUTER_BOUND('',#446,.T.);
#270=FACE_OUTER_BOUND('',#447,.T.);
#271=FACE_OUTER_BOUND('',#448,.T.);
#272=FACE_OUTER_BOUND('',#449,.T.);
#273=FACE_OUTER_BOUND('',#450,.T.);
#274=FACE_OUTER_BOUND('',#451,.T.);
#275=FACE_OUTER_BOUND('',#452,.T.);
#276=FACE_OUTER_BOUND('',#453,.T.);
#277=FACE_OUTER_BOUND('',#454,.T.);
#278=FACE_OUTER_BOUND('',#455,.T.);
#279=FACE_OUTER_BOUND('',#456,.T.);
#280=FACE_OUTER_BOUND('',#457,.T.);
#281=FACE_OUTER_BOUND('',#458,.T.);
#282=FACE_OUTER_BOUND('',#459,.T.);
#283=FACE_OUTER_BOUND('',#460,.T.);
#284=FACE_OUTER_BOUND('',#461,.T.);
#285=FACE_OUTER_BOUND('',#462,.T.);
#286=FACE_OUTER_BOUND('',#463,.T.);
#287=FACE_OUTER_BOUND('',#464,.T.);
#288=FACE_OUTER_BOUND('',#465,.T.);
#289=FACE_OUTER_BOUND('',#466,.T.);
#290=FACE_OUTER_BOUND('',#467,.T.);
#291=FACE_OUTER_BOUND('',#468,.T.);
#292=FACE_OUTER_BOUND('',#469,.T.);
#293=FACE_OUTER_BOUND('',#470,.T.);
#294=FACE_OUTER_BOUND('',#471,.T.);
#295=FACE_OUTER_BOUND('',#472,.T.);
#296=FACE_OUTER_BOUND('',#473,.T.);
#297=FACE_OUTER_BOUND('',#474,.T.);
#298=FACE_OUTER_BOUND('',#475,.T.);
#299=FACE_OUTER_BOUND('',#476,.T.);
#300=FACE_OUTER_BOUND('',#477,.T.);
#301=FACE_OUTER_BOUND('',#478,.T.);
#302=FACE_OUTER_BOUND('',#479,.T.);
#303=FACE_OUTER_BOUND('',#480,.T.);
#304=FACE_OUTER_BOUND('',#481,.T.);
#305=FACE_OUTER_BOUND('',#482,.T.);
#306=FACE_OUTER_BOUND('',#483,.T.);
#307=FACE_OUTER_BOUND('',#484,.T.);
#308=FACE_OUTER_BOUND('',#485,.T.);
#309=FACE_OUTER_BOUND('',#486,.T.);
#310=FACE_OUTER_BOUND('',#487,.T.);
#311=FACE_OUTER_BOUND('',#488,.T.);
#312=FACE_OUTER_BOUND('',#489,.T.);
#313=FACE_OUTER_BOUND('',#490,.T.);
#314=FACE_OUTER_BOUND('',#491,.T.);
#315=FACE_OUTER_BOUND('',#492,.T.);
#316=FACE_OUTER_BOUND('',#493,.T.);
#317=FACE_OUTER_BOUND('',#494,.T.);
#318=FACE_OUTER_BOUND('',#495,.T.);
#319=FACE_OUTER_BOUND('',#496,.T.);
#320=FACE_OUTER_BOUND('',#497,.T.);
#321=FACE_OUTER_BOUND('',#498,.T.);
#322=FACE_OUTER_BOUND('',#499,.T.);
#323=FACE_OUTER_BOUND('',#500,.T.);
#324=FACE_OUTER_BOUND('',#501,.T.);
#325=FACE_OUTER_BOUND('',#502,.T.);
#326=FACE_OUTER_BOUND('',#503,.T.);
#327=FACE_OUTER_BOUND('',#504,.T.);
#328=FACE_OUTER_BOUND('',#505,.T.);
#329=FACE_OUTER_BOUND('',#506,.T.);
#330=FACE_OUTER_BOUND('',#507,.T.);
#331=FACE_OUTER_BOUND('',#508,.T.);
#332=FACE_OUTER_BOUND('',#509,.T.);
#333=FACE_OUTER_BOUND('',#510,.T.);
#334=FACE_OUTER_BOUND('',#511,.T.);
#335=FACE_OUTER_BOUND('',#512,.T.);
#336=FACE_OUTER_BOUND('',#513,.T.);
#337=FACE_OUTER_BOUND('',#514,.T.);
#338=FACE_OUTER_BOUND('',#515,.T.);
#339=FACE_OUTER_BOUND('',#516,.T.);
#340=FACE_OUTER_BOUND('',#517,.T.);
#341=FACE_OUTER_BOUND('',#518,.T.);
#342=FACE_OUTER_BOUND('',#519,.T.);
#343=FACE_OUTER_BOUND('',#520,.T.);
#344=FACE_OUTER_BOUND('',#521,.T.);
#345=FACE_OUTER_BOUND('',#522,.T.);
#346=FACE_OUTER_BOUND('',#523,.T.);
#347=FACE_OUTER_BOUND('',#524,.T.);
#348=FACE_OUTER_BOUND('',#525,.T.);
#349=FACE_OUTER_BOUND('',#526,.T.);
#350=FACE_OUTER_BOUND('',#527,.T.);
#351=FACE_OUTER_BOUND('',#528,.T.);
#352=FACE_OUTER_BOUND('',#529,.T.);
#353=FACE_OUTER_BOUND('',#530,.T.);
#354=FACE_OUTER_BOUND('',#531,.T.);
#355=FACE_OUTER_BOUND('',#532,.T.);
#356=FACE_OUTER_BOUND('',#533,.T.);
#357=FACE_OUTER_BOUND('',#534,.T.);
#358=FACE_OUTER_BOUND('',#535,.T.);
#359=FACE_OUTER_BOUND('',#536,.T.);
#360=FACE_OUTER_BOUND('',#537,.T.);
#361=FACE_OUTER_BOUND('',#538,.T.);
#362=FACE_OUTER_BOUND('',#539,.T.);
#363=FACE_OUTER_BOUND('',#540,.T.);
#364=FACE_OUTER_BOUND('',#541,.T.);
#365=FACE_OUTER_BOUND('',#542,.T.);
#366=FACE_OUTER_BOUND('',#543,.T.);
#367=FACE_OUTER_BOUND('',#544,.T.);
#368=FACE_OUTER_BOUND('',#545,.T.);
#369=FACE_OUTER_BOUND('',#546,.T.);
#370=FACE_OUTER_BOUND('',#547,.T.);
#371=FACE_OUTER_BOUND('',#548,.T.);
#372=FACE_OUTER_BOUND('',#549,.T.);
#373=FACE_OUTER_BOUND('',#551,.T.);
#374=FACE_OUTER_BOUND('',#552,.T.);
#375=FACE_OUTER_BOUND('',#553,.T.);
#376=FACE_OUTER_BOUND('',#554,.T.);
#377=FACE_OUTER_BOUND('',#555,.T.);
#378=FACE_OUTER_BOUND('',#556,.T.);
#379=FACE_OUTER_BOUND('',#557,.T.);
#380=FACE_OUTER_BOUND('',#558,.T.);
#381=FACE_OUTER_BOUND('',#559,.T.);
#382=FACE_OUTER_BOUND('',#560,.T.);
#383=FACE_OUTER_BOUND('',#561,.T.);
#384=FACE_OUTER_BOUND('',#562,.T.);
#385=FACE_OUTER_BOUND('',#563,.T.);
#386=FACE_OUTER_BOUND('',#564,.T.);
#387=FACE_OUTER_BOUND('',#565,.T.);
#388=FACE_OUTER_BOUND('',#566,.T.);
#389=FACE_OUTER_BOUND('',#567,.T.);
#390=FACE_OUTER_BOUND('',#568,.T.);
#391=FACE_OUTER_BOUND('',#569,.T.);
#392=FACE_OUTER_BOUND('',#570,.T.);
#393=FACE_OUTER_BOUND('',#571,.T.);
#394=FACE_OUTER_BOUND('',#572,.T.);
#395=FACE_OUTER_BOUND('',#573,.T.);
#396=FACE_OUTER_BOUND('',#574,.T.);
#397=FACE_OUTER_BOUND('',#575,.T.);
#398=FACE_OUTER_BOUND('',#576,.T.);
#399=FACE_OUTER_BOUND('',#577,.T.);
#400=FACE_OUTER_BOUND('',#578,.T.);
#401=FACE_OUTER_BOUND('',#579,.T.);
#402=FACE_OUTER_BOUND('',#580,.T.);
#403=FACE_OUTER_BOUND('',#581,.T.);
#404=FACE_OUTER_BOUND('',#582,.T.);
#405=FACE_OUTER_BOUND('',#583,.T.);
#406=FACE_OUTER_BOUND('',#584,.T.);
#407=FACE_OUTER_BOUND('',#585,.T.);
#408=FACE_OUTER_BOUND('',#586,.T.);
#409=FACE_OUTER_BOUND('',#587,.T.);
#410=FACE_OUTER_BOUND('',#588,.T.);
#411=FACE_OUTER_BOUND('',#589,.T.);
#412=FACE_OUTER_BOUND('',#590,.T.);
#413=FACE_OUTER_BOUND('',#591,.T.);
#414=FACE_OUTER_BOUND('',#592,.T.);
#415=FACE_OUTER_BOUND('',#593,.T.);
#416=FACE_OUTER_BOUND('',#594,.T.);
#417=FACE_OUTER_BOUND('',#595,.T.);
#418=FACE_OUTER_BOUND('',#597,.T.);
#419=FACE_OUTER_BOUND('',#599,.T.);
#420=FACE_OUTER_BOUND('',#600,.T.);
#421=FACE_OUTER_BOUND('',#601,.T.);
#422=FACE_OUTER_BOUND('',#602,.T.);
#423=FACE_OUTER_BOUND('',#603,.T.);
#424=FACE_OUTER_BOUND('',#604,.T.);
#425=FACE_OUTER_BOUND('',#605,.T.);
#426=FACE_OUTER_BOUND('',#606,.T.);
#427=FACE_OUTER_BOUND('',#607,.T.);
#428=FACE_OUTER_BOUND('',#608,.T.);
#429=FACE_OUTER_BOUND('',#609,.T.);
#430=FACE_OUTER_BOUND('',#610,.T.);
#431=FACE_OUTER_BOUND('',#611,.T.);
#432=FACE_OUTER_BOUND('',#612,.T.);
#433=FACE_OUTER_BOUND('',#613,.T.);
#434=FACE_OUTER_BOUND('',#614,.T.);
#435=FACE_OUTER_BOUND('',#615,.T.);
#436=FACE_OUTER_BOUND('',#616,.T.);
#437=FACE_OUTER_BOUND('',#617,.T.);
#438=FACE_OUTER_BOUND('',#618,.T.);
#439=FACE_OUTER_BOUND('',#619,.T.);
#440=FACE_OUTER_BOUND('',#620,.T.);
#441=EDGE_LOOP('',(#2029,#2030,#2031,#2032));
#442=EDGE_LOOP('',(#2033,#2034,#2035,#2036));
#443=EDGE_LOOP('',(#2037,#2038,#2039));
#444=EDGE_LOOP('',(#2040,#2041,#2042,#2043));
#445=EDGE_LOOP('',(#2044,#2045,#2046));
#446=EDGE_LOOP('',(#2047,#2048,#2049,#2050));
#447=EDGE_LOOP('',(#2051,#2052,#2053));
#448=EDGE_LOOP('',(#2054,#2055,#2056));
#449=EDGE_LOOP('',(#2057,#2058,#2059,#2060,#2061,#2062));
#450=EDGE_LOOP('',(#2063,#2064,#2065,#2066));
#451=EDGE_LOOP('',(#2067,#2068,#2069,#2070,#2071,#2072));
#452=EDGE_LOOP('',(#2073,#2074,#2075,#2076));
#453=EDGE_LOOP('',(#2077,#2078,#2079,#2080));
#454=EDGE_LOOP('',(#2081,#2082,#2083,#2084));
#455=EDGE_LOOP('',(#2085,#2086,#2087,#2088));
#456=EDGE_LOOP('',(#2089,#2090,#2091));
#457=EDGE_LOOP('',(#2092,#2093,#2094,#2095));
#458=EDGE_LOOP('',(#2096,#2097,#2098));
#459=EDGE_LOOP('',(#2099,#2100,#2101,#2102));
#460=EDGE_LOOP('',(#2103,#2104,#2105));
#461=EDGE_LOOP('',(#2106,#2107,#2108));
#462=EDGE_LOOP('',(#2109,#2110,#2111,#2112,#2113,#2114));
#463=EDGE_LOOP('',(#2115,#2116,#2117,#2118));
#464=EDGE_LOOP('',(#2119,#2120,#2121,#2122,#2123,#2124));
#465=EDGE_LOOP('',(#2125,#2126,#2127,#2128));
#466=EDGE_LOOP('',(#2129,#2130,#2131,#2132));
#467=EDGE_LOOP('',(#2133,#2134,#2135,#2136,#2137,#2138));
#468=EDGE_LOOP('',(#2139,#2140,#2141,#2142,#2143,#2144));
#469=EDGE_LOOP('',(#2145,#2146,#2147,#2148));
#470=EDGE_LOOP('',(#2149,#2150,#2151,#2152,#2153,#2154));
#471=EDGE_LOOP('',(#2155,#2156,#2157,#2158,#2159,#2160));
#472=EDGE_LOOP('',(#2161,#2162,#2163,#2164,#2165,#2166));
#473=EDGE_LOOP('',(#2167,#2168,#2169,#2170));
#474=EDGE_LOOP('',(#2171,#2172,#2173,#2174));
#475=EDGE_LOOP('',(#2175,#2176,#2177,#2178,#2179,#2180));
#476=EDGE_LOOP('',(#2181,#2182,#2183,#2184));
#477=EDGE_LOOP('',(#2185,#2186,#2187,#2188,#2189,#2190));
#478=EDGE_LOOP('',(#2191,#2192,#2193,#2194,#2195,#2196));
#479=EDGE_LOOP('',(#2197,#2198,#2199,#2200));
#480=EDGE_LOOP('',(#2201,#2202,#2203,#2204,#2205,#2206,#2207,#2208,#2209,
#2210,#2211,#2212));
#481=EDGE_LOOP('',(#2213,#2214,#2215,#2216));
#482=EDGE_LOOP('',(#2217,#2218,#2219,#2220));
#483=EDGE_LOOP('',(#2221,#2222,#2223,#2224));
#484=EDGE_LOOP('',(#2225,#2226,#2227,#2228));
#485=EDGE_LOOP('',(#2229,#2230,#2231,#2232));
#486=EDGE_LOOP('',(#2233,#2234,#2235,#2236));
#487=EDGE_LOOP('',(#2237,#2238,#2239,#2240,#2241,#2242,#2243,#2244,#2245,
#2246,#2247,#2248));
#488=EDGE_LOOP('',(#2249,#2250,#2251,#2252));
#489=EDGE_LOOP('',(#2253,#2254,#2255,#2256));
#490=EDGE_LOOP('',(#2257,#2258,#2259,#2260));
#491=EDGE_LOOP('',(#2261,#2262,#2263,#2264));
#492=EDGE_LOOP('',(#2265,#2266,#2267,#2268));
#493=EDGE_LOOP('',(#2269,#2270,#2271,#2272));
#494=EDGE_LOOP('',(#2273,#2274,#2275,#2276));
#495=EDGE_LOOP('',(#2277,#2278,#2279,#2280));
#496=EDGE_LOOP('',(#2281,#2282,#2283,#2284));
#497=EDGE_LOOP('',(#2285,#2286,#2287,#2288));
#498=EDGE_LOOP('',(#2289,#2290,#2291,#2292,#2293,#2294,#2295,#2296,#2297,
#2298,#2299,#2300));
#499=EDGE_LOOP('',(#2301,#2302,#2303,#2304));
#500=EDGE_LOOP('',(#2305,#2306,#2307,#2308));
#501=EDGE_LOOP('',(#2309,#2310,#2311,#2312));
#502=EDGE_LOOP('',(#2313,#2314,#2315,#2316));
#503=EDGE_LOOP('',(#2317,#2318,#2319,#2320));
#504=EDGE_LOOP('',(#2321,#2322,#2323,#2324));
#505=EDGE_LOOP('',(#2325,#2326,#2327,#2328,#2329,#2330,#2331,#2332,#2333,
#2334,#2335,#2336));
#506=EDGE_LOOP('',(#2337,#2338,#2339,#2340));
#507=EDGE_LOOP('',(#2341,#2342,#2343,#2344));
#508=EDGE_LOOP('',(#2345,#2346,#2347,#2348,#2349,#2350,#2351,#2352,#2353,
#2354,#2355,#2356));
#509=EDGE_LOOP('',(#2357,#2358,#2359,#2360));
#510=EDGE_LOOP('',(#2361,#2362,#2363,#2364));
#511=EDGE_LOOP('',(#2365,#2366,#2367,#2368));
#512=EDGE_LOOP('',(#2369,#2370,#2371,#2372));
#513=EDGE_LOOP('',(#2373,#2374,#2375,#2376));
#514=EDGE_LOOP('',(#2377,#2378,#2379,#2380));
#515=EDGE_LOOP('',(#2381,#2382,#2383,#2384));
#516=EDGE_LOOP('',(#2385,#2386,#2387,#2388));
#517=EDGE_LOOP('',(#2389,#2390,#2391,#2392));
#518=EDGE_LOOP('',(#2393,#2394,#2395,#2396));
#519=EDGE_LOOP('',(#2397,#2398,#2399,#2400));
#520=EDGE_LOOP('',(#2401,#2402,#2403,#2404,#2405,#2406,#2407,#2408,#2409,
#2410,#2411,#2412));
#521=EDGE_LOOP('',(#2413,#2414,#2415,#2416));
#522=EDGE_LOOP('',(#2417,#2418,#2419,#2420));
#523=EDGE_LOOP('',(#2421,#2422,#2423,#2424));
#524=EDGE_LOOP('',(#2425,#2426,#2427,#2428));
#525=EDGE_LOOP('',(#2429,#2430,#2431,#2432));
#526=EDGE_LOOP('',(#2433,#2434,#2435,#2436));
#527=EDGE_LOOP('',(#2437,#2438,#2439,#2440));
#528=EDGE_LOOP('',(#2441,#2442,#2443,#2444));
#529=EDGE_LOOP('',(#2445,#2446,#2447,#2448));
#530=EDGE_LOOP('',(#2449,#2450,#2451,#2452));
#531=EDGE_LOOP('',(#2453,#2454,#2455,#2456));
#532=EDGE_LOOP('',(#2457,#2458,#2459,#2460));
#533=EDGE_LOOP('',(#2461,#2462,#2463,#2464,#2465,#2466,#2467,#2468,#2469,
#2470,#2471,#2472));
#534=EDGE_LOOP('',(#2473,#2474,#2475,#2476,#2477,#2478,#2479,#2480,#2481,
#2482,#2483,#2484));
#535=EDGE_LOOP('',(#2485,#2486,#2487,#2488));
#536=EDGE_LOOP('',(#2489,#2490,#2491,#2492));
#537=EDGE_LOOP('',(#2493,#2494,#2495,#2496));
#538=EDGE_LOOP('',(#2497,#2498,#2499,#2500));
#539=EDGE_LOOP('',(#2501,#2502,#2503,#2504));
#540=EDGE_LOOP('',(#2505,#2506,#2507,#2508));
#541=EDGE_LOOP('',(#2509,#2510,#2511,#2512));
#542=EDGE_LOOP('',(#2513,#2514,#2515,#2516));
#543=EDGE_LOOP('',(#2517,#2518,#2519,#2520));
#544=EDGE_LOOP('',(#2521,#2522,#2523,#2524));
#545=EDGE_LOOP('',(#2525,#2526,#2527,#2528));
#546=EDGE_LOOP('',(#2529,#2530,#2531,#2532));
#547=EDGE_LOOP('',(#2533,#2534,#2535,#2536,#2537,#2538,#2539,#2540,#2541,
#2542,#2543,#2544));
#548=EDGE_LOOP('',(#2545,#2546,#2547,#2548,#2549,#2550,#2551,#2552,#2553,
#2554,#2555,#2556));
#549=EDGE_LOOP('',(#2557));
#550=EDGE_LOOP('',(#2558));
#551=EDGE_LOOP('',(#2559));
#552=EDGE_LOOP('',(#2560));
#553=EDGE_LOOP('',(#2561,#2562,#2563,#2564));
#554=EDGE_LOOP('',(#2565,#2566,#2567,#2568));
#555=EDGE_LOOP('',(#2569,#2570,#2571,#2572));
#556=EDGE_LOOP('',(#2573,#2574,#2575,#2576));
#557=EDGE_LOOP('',(#2577,#2578,#2579,#2580));
#558=EDGE_LOOP('',(#2581,#2582,#2583,#2584));
#559=EDGE_LOOP('',(#2585,#2586,#2587,#2588));
#560=EDGE_LOOP('',(#2589,#2590,#2591,#2592,#2593,#2594,#2595));
#561=EDGE_LOOP('',(#2596,#2597,#2598,#2599,#2600,#2601,#2602));
#562=EDGE_LOOP('',(#2603,#2604,#2605,#2606));
#563=EDGE_LOOP('',(#2607,#2608,#2609,#2610));
#564=EDGE_LOOP('',(#2611,#2612,#2613,#2614));
#565=EDGE_LOOP('',(#2615,#2616,#2617,#2618));
#566=EDGE_LOOP('',(#2619,#2620,#2621,#2622));
#567=EDGE_LOOP('',(#2623,#2624,#2625,#2626));
#568=EDGE_LOOP('',(#2627,#2628,#2629,#2630));
#569=EDGE_LOOP('',(#2631,#2632,#2633,#2634));
#570=EDGE_LOOP('',(#2635,#2636,#2637,#2638));
#571=EDGE_LOOP('',(#2639,#2640,#2641,#2642));
#572=EDGE_LOOP('',(#2643,#2644,#2645,#2646));
#573=EDGE_LOOP('',(#2647,#2648,#2649,#2650));
#574=EDGE_LOOP('',(#2651,#2652,#2653,#2654));
#575=EDGE_LOOP('',(#2655,#2656,#2657,#2658));
#576=EDGE_LOOP('',(#2659,#2660,#2661,#2662));
#577=EDGE_LOOP('',(#2663,#2664,#2665,#2666));
#578=EDGE_LOOP('',(#2667,#2668,#2669,#2670));
#579=EDGE_LOOP('',(#2671,#2672,#2673,#2674));
#580=EDGE_LOOP('',(#2675,#2676,#2677,#2678));
#581=EDGE_LOOP('',(#2679,#2680,#2681,#2682));
#582=EDGE_LOOP('',(#2683,#2684,#2685,#2686,#2687,#2688,#2689,#2690,#2691,
#2692,#2693,#2694,#2695,#2696,#2697,#2698,#2699,#2700,#2701,#2702));
#583=EDGE_LOOP('',(#2703,#2704,#2705,#2706,#2707,#2708,#2709,#2710,#2711,
#2712,#2713,#2714,#2715,#2716,#2717,#2718,#2719,#2720,#2721,#2722));
#584=EDGE_LOOP('',(#2723,#2724,#2725,#2726));
#585=EDGE_LOOP('',(#2727,#2728,#2729,#2730));
#586=EDGE_LOOP('',(#2731,#2732,#2733,#2734));
#587=EDGE_LOOP('',(#2735,#2736,#2737,#2738));
#588=EDGE_LOOP('',(#2739,#2740,#2741,#2742));
#589=EDGE_LOOP('',(#2743,#2744,#2745,#2746));
#590=EDGE_LOOP('',(#2747,#2748,#2749,#2750));
#591=EDGE_LOOP('',(#2751,#2752,#2753,#2754));
#592=EDGE_LOOP('',(#2755,#2756,#2757,#2758));
#593=EDGE_LOOP('',(#2759,#2760,#2761,#2762));
#594=EDGE_LOOP('',(#2763,#2764,#2765,#2766));
#595=EDGE_LOOP('',(#2767,#2768,#2769,#2770,#2771,#2772,#2773,#2774));
#596=EDGE_LOOP('',(#2775,#2776,#2777));
#597=EDGE_LOOP('',(#2778,#2779,#2780,#2781,#2782,#2783,#2784,#2785));
#598=EDGE_LOOP('',(#2786,#2787,#2788));
#599=EDGE_LOOP('',(#2789,#2790,#2791,#2792));
#600=EDGE_LOOP('',(#2793,#2794,#2795,#2796));
#601=EDGE_LOOP('',(#2797,#2798,#2799,#2800));
#602=EDGE_LOOP('',(#2801,#2802,#2803,#2804));
#603=EDGE_LOOP('',(#2805,#2806,#2807,#2808));
#604=EDGE_LOOP('',(#2809,#2810,#2811,#2812));
#605=EDGE_LOOP('',(#2813,#2814,#2815,#2816));
#606=EDGE_LOOP('',(#2817,#2818,#2819,#2820));
#607=EDGE_LOOP('',(#2821,#2822,#2823,#2824));
#608=EDGE_LOOP('',(#2825,#2826,#2827,#2828,#2829,#2830,#2831,#2832,#2833));
#609=EDGE_LOOP('',(#2834,#2835,#2836,#2837,#2838,#2839,#2840,#2841,#2842));
#610=EDGE_LOOP('',(#2843,#2844,#2845,#2846));
#611=EDGE_LOOP('',(#2847,#2848,#2849,#2850));
#612=EDGE_LOOP('',(#2851,#2852,#2853,#2854));
#613=EDGE_LOOP('',(#2855,#2856,#2857));
#614=EDGE_LOOP('',(#2858,#2859,#2860));
#615=EDGE_LOOP('',(#2861,#2862,#2863,#2864));
#616=EDGE_LOOP('',(#2865,#2866,#2867,#2868));
#617=EDGE_LOOP('',(#2869,#2870,#2871,#2872));
#618=EDGE_LOOP('',(#2873,#2874,#2875,#2876));
#619=EDGE_LOOP('',(#2877,#2878,#2879,#2880));
#620=EDGE_LOOP('',(#2881,#2882,#2883,#2884));
#621=LINE('',#4156,#947);
#622=LINE('',#4159,#948);
#623=LINE('',#4164,#949);
#624=LINE('',#4167,#950);
#625=LINE('',#4174,#951);
#626=LINE('',#4177,#952);
#627=LINE('',#4183,#953);
#628=LINE('',#4186,#954);
#629=LINE('',#4193,#955);
#630=LINE('',#4200,#956);
#631=LINE('',#4203,#957);
#632=LINE('',#4204,#958);
#633=LINE('',#4207,#959);
#634=LINE('',#4215,#960);
#635=LINE('',#4216,#961);
#636=LINE('',#4223,#962);
#637=LINE('',#4226,#963);
#638=LINE('',#4231,#964);
#639=LINE('',#4234,#965);
#640=LINE('',#4241,#966);
#641=LINE('',#4244,#967);
#642=LINE('',#4250,#968);
#643=LINE('',#4253,#969);
#644=LINE('',#4260,#970);
#645=LINE('',#4264,#971);
#646=LINE('',#4267,#972);
#647=LINE('',#4268,#973);
#648=LINE('',#4271,#974);
#649=LINE('',#4279,#975);
#650=LINE('',#4280,#976);
#651=LINE('',#4285,#977);
#652=LINE('',#4288,#978);
#653=LINE('',#4292,#979);
#654=LINE('',#4295,#980);
#655=LINE('',#4296,#981);
#656=LINE('',#4309,#982);
#657=LINE('',#4312,#983);
#658=LINE('',#4314,#984);
#659=LINE('',#4316,#985);
#660=LINE('',#4318,#986);
#661=LINE('',#4325,#987);
#662=LINE('',#4327,#988);
#663=LINE('',#4329,#989);
#664=LINE('',#4330,#990);
#665=LINE('',#4333,#991);
#666=LINE('',#4337,#992);
#667=LINE('',#4341,#993);
#668=LINE('',#4343,#994);
#669=LINE('',#4345,#995);
#670=LINE('',#4349,#996);
#671=LINE('',#4352,#997);
#672=LINE('',#4357,#998);
#673=LINE('',#4358,#999);
#674=LINE('',#4361,#1000);
#675=LINE('',#4362,#1001);
#676=LINE('',#4367,#1002);
#677=LINE('',#4368,#1003);
#678=LINE('',#4371,#1004);
#679=LINE('',#4372,#1005);
#680=LINE('',#4376,#1006);
#681=LINE('',#4378,#1007);
#682=LINE('',#4380,#1008);
#683=LINE('',#4384,#1009);
#684=LINE('',#4386,#1010);
#685=LINE('',#4387,#1011);
#686=LINE('',#4389,#1012);
#687=LINE('',#4392,#1013);
#688=LINE('',#4393,#1014);
#689=LINE('',#4399,#1015);
#690=LINE('',#4401,#1016);
#691=LINE('',#4403,#1017);
#692=LINE('',#4404,#1018);
#693=LINE('',#4408,#1019);
#694=LINE('',#4410,#1020);
#695=LINE('',#4412,#1021);
#696=LINE('',#4413,#1022);
#697=LINE('',#4415,#1023);
#698=LINE('',#4416,#1024);
#699=LINE('',#4420,#1025);
#700=LINE('',#4422,#1026);
#701=LINE('',#4424,#1027);
#702=LINE('',#4425,#1028);
#703=LINE('',#4431,#1029);
#704=LINE('',#4434,#1030);
#705=LINE('',#4437,#1031);
#706=LINE('',#4441,#1032);
#707=LINE('',#4444,#1033);
#708=LINE('',#4447,#1034);
#709=LINE('',#4449,#1035);
#710=LINE('',#4450,#1036);
#711=LINE('',#4453,#1037);
#712=LINE('',#4457,#1038);
#713=LINE('',#4458,#1039);
#714=LINE('',#4463,#1040);
#715=LINE('',#4464,#1041);
#716=LINE('',#4468,#1042);
#717=LINE('',#4473,#1043);
#718=LINE('',#4475,#1044);
#719=LINE('',#4477,#1045);
#720=LINE('',#4478,#1046);
#721=LINE('',#4481,#1047);
#722=LINE('',#4485,#1048);
#723=LINE('',#4489,#1049);
#724=LINE('',#4491,#1050);
#725=LINE('',#4493,#1051);
#726=LINE('',#4497,#1052);
#727=LINE('',#4500,#1053);
#728=LINE('',#4503,#1054);
#729=LINE('',#4506,#1055);
#730=LINE('',#4509,#1056);
#731=LINE('',#4510,#1057);
#732=LINE('',#4513,#1058);
#733=LINE('',#4516,#1059);
#734=LINE('',#4519,#1060);
#735=LINE('',#4520,#1061);
#736=LINE('',#4523,#1062);
#737=LINE('',#4526,#1063);
#738=LINE('',#4530,#1064);
#739=LINE('',#4532,#1065);
#740=LINE('',#4535,#1066);
#741=LINE('',#4537,#1067);
#742=LINE('',#4538,#1068);
#743=LINE('',#4540,#1069);
#744=LINE('',#4542,#1070);
#745=LINE('',#4548,#1071);
#746=LINE('',#4550,#1072);
#747=LINE('',#4552,#1073);
#748=LINE('',#4553,#1074);
#749=LINE('',#4556,#1075);
#750=LINE('',#4558,#1076);
#751=LINE('',#4559,#1077);
#752=LINE('',#4562,#1078);
#753=LINE('',#4564,#1079);
#754=LINE('',#4565,#1080);
#755=LINE('',#4568,#1081);
#756=LINE('',#4570,#1082);
#757=LINE('',#4571,#1083);
#758=LINE('',#4574,#1084);
#759=LINE('',#4576,#1085);
#760=LINE('',#4577,#1086);
#761=LINE('',#4580,#1087);
#762=LINE('',#4582,#1088);
#763=LINE('',#4583,#1089);
#764=LINE('',#4586,#1090);
#765=LINE('',#4588,#1091);
#766=LINE('',#4589,#1092);
#767=LINE('',#4592,#1093);
#768=LINE('',#4594,#1094);
#769=LINE('',#4595,#1095);
#770=LINE('',#4598,#1096);
#771=LINE('',#4600,#1097);
#772=LINE('',#4601,#1098);
#773=LINE('',#4604,#1099);
#774=LINE('',#4606,#1100);
#775=LINE('',#4607,#1101);
#776=LINE('',#4610,#1102);
#777=LINE('',#4612,#1103);
#778=LINE('',#4613,#1104);
#779=LINE('',#4615,#1105);
#780=LINE('',#4616,#1106);
#781=LINE('',#4622,#1107);
#782=LINE('',#4624,#1108);
#783=LINE('',#4626,#1109);
#784=LINE('',#4627,#1110);
#785=LINE('',#4630,#1111);
#786=LINE('',#4632,#1112);
#787=LINE('',#4633,#1113);
#788=LINE('',#4636,#1114);
#789=LINE('',#4638,#1115);
#790=LINE('',#4639,#1116);
#791=LINE('',#4642,#1117);
#792=LINE('',#4644,#1118);
#793=LINE('',#4645,#1119);
#794=LINE('',#4648,#1120);
#795=LINE('',#4650,#1121);
#796=LINE('',#4651,#1122);
#797=LINE('',#4654,#1123);
#798=LINE('',#4656,#1124);
#799=LINE('',#4657,#1125);
#800=LINE('',#4660,#1126);
#801=LINE('',#4662,#1127);
#802=LINE('',#4663,#1128);
#803=LINE('',#4666,#1129);
#804=LINE('',#4668,#1130);
#805=LINE('',#4669,#1131);
#806=LINE('',#4672,#1132);
#807=LINE('',#4674,#1133);
#808=LINE('',#4675,#1134);
#809=LINE('',#4678,#1135);
#810=LINE('',#4680,#1136);
#811=LINE('',#4681,#1137);
#812=LINE('',#4684,#1138);
#813=LINE('',#4686,#1139);
#814=LINE('',#4687,#1140);
#815=LINE('',#4689,#1141);
#816=LINE('',#4690,#1142);
#817=LINE('',#4703,#1143);
#818=LINE('',#4705,#1144);
#819=LINE('',#4707,#1145);
#820=LINE('',#4708,#1146);
#821=LINE('',#4711,#1147);
#822=LINE('',#4713,#1148);
#823=LINE('',#4714,#1149);
#824=LINE('',#4717,#1150);
#825=LINE('',#4719,#1151);
#826=LINE('',#4720,#1152);
#827=LINE('',#4723,#1153);
#828=LINE('',#4725,#1154);
#829=LINE('',#4726,#1155);
#830=LINE('',#4729,#1156);
#831=LINE('',#4731,#1157);
#832=LINE('',#4732,#1158);
#833=LINE('',#4735,#1159);
#834=LINE('',#4737,#1160);
#835=LINE('',#4738,#1161);
#836=LINE('',#4740,#1162);
#837=LINE('',#4741,#1163);
#838=LINE('',#4747,#1164);
#839=LINE('',#4749,#1165);
#840=LINE('',#4751,#1166);
#841=LINE('',#4752,#1167);
#842=LINE('',#4755,#1168);
#843=LINE('',#4757,#1169);
#844=LINE('',#4758,#1170);
#845=LINE('',#4777,#1171);
#846=LINE('',#4796,#1172);
#847=LINE('',#4815,#1173);
#848=LINE('',#4834,#1174);
#849=LINE('',#4853,#1175);
#850=LINE('',#4872,#1176);
#851=LINE('',#4891,#1177);
#852=LINE('',#4910,#1178);
#853=LINE('',#4913,#1179);
#854=LINE('',#4915,#1180);
#855=LINE('',#4916,#1181);
#856=LINE('',#4919,#1182);
#857=LINE('',#4921,#1183);
#858=LINE('',#4922,#1184);
#859=LINE('',#4941,#1185);
#860=LINE('',#4960,#1186);
#861=LINE('',#4979,#1187);
#862=LINE('',#4998,#1188);
#863=LINE('',#5017,#1189);
#864=LINE('',#5036,#1190);
#865=LINE('',#5055,#1191);
#866=LINE('',#5077,#1192);
#867=LINE('',#5079,#1193);
#868=LINE('',#5081,#1194);
#869=LINE('',#5082,#1195);
#870=LINE('',#5085,#1196);
#871=LINE('',#5087,#1197);
#872=LINE('',#5088,#1198);
#873=LINE('',#5090,#1199);
#874=LINE('',#5091,#1200);
#875=LINE('',#5095,#1201);
#876=LINE('',#5097,#1202);
#877=LINE('',#5099,#1203);
#878=LINE('',#5100,#1204);
#879=LINE('',#5103,#1205);
#880=LINE('',#5105,#1206);
#881=LINE('',#5106,#1207);
#882=LINE('',#5109,#1208);
#883=LINE('',#5111,#1209);
#884=LINE('',#5112,#1210);
#885=LINE('',#5115,#1211);
#886=LINE('',#5117,#1212);
#887=LINE('',#5118,#1213);
#888=LINE('',#5121,#1214);
#889=LINE('',#5123,#1215);
#890=LINE('',#5124,#1216);
#891=LINE('',#5127,#1217);
#892=LINE('',#5129,#1218);
#893=LINE('',#5130,#1219);
#894=LINE('',#5133,#1220);
#895=LINE('',#5135,#1221);
#896=LINE('',#5136,#1222);
#897=LINE('',#5138,#1223);
#898=LINE('',#5139,#1224);
#899=LINE('',#5145,#1225);
#900=LINE('',#5147,#1226);
#901=LINE('',#5149,#1227);
#902=LINE('',#5150,#1228);
#903=LINE('',#5153,#1229);
#904=LINE('',#5155,#1230);
#905=LINE('',#5156,#1231);
#906=LINE('',#5159,#1232);
#907=LINE('',#5161,#1233);
#908=LINE('',#5162,#1234);
#909=LINE('',#5165,#1235);
#910=LINE('',#5167,#1236);
#911=LINE('',#5168,#1237);
#912=LINE('',#5171,#1238);
#913=LINE('',#5173,#1239);
#914=LINE('',#5174,#1240);
#915=LINE('',#5177,#1241);
#916=LINE('',#5179,#1242);
#917=LINE('',#5180,#1243);
#918=LINE('',#5183,#1244);
#919=LINE('',#5185,#1245);
#920=LINE('',#5186,#1246);
#921=LINE('',#5189,#1247);
#922=LINE('',#5191,#1248);
#923=LINE('',#5192,#1249);
#924=LINE('',#5194,#1250);
#925=LINE('',#5195,#1251);
#926=LINE('',#5202,#1252);
#927=LINE('',#5204,#1253);
#928=LINE('',#5206,#1254);
#929=LINE('',#5207,#1255);
#930=LINE('',#5210,#1256);
#931=LINE('',#5212,#1257);
#932=LINE('',#5213,#1258);
#933=LINE('',#5215,#1259);
#934=LINE('',#5216,#1260);
#935=LINE('',#5222,#1261);
#936=LINE('',#5224,#1262);
#937=LINE('',#5226,#1263);
#938=LINE('',#5227,#1264);
#939=LINE('',#5230,#1265);
#940=LINE('',#5232,#1266);
#941=LINE('',#5233,#1267);
#942=LINE('',#5236,#1268);
#943=LINE('',#5238,#1269);
#944=LINE('',#5239,#1270);
#945=LINE('',#5241,#1271);
#946=LINE('',#5242,#1272);
#947=VECTOR('',#3350,1.06029139185031);
#948=VECTOR('',#3353,1.06029139185031);
#949=VECTOR('',#3358,2.69529139185031);
#950=VECTOR('',#3361,2.69529139185031);
#951=VECTOR('',#3370,1.06029139185031);
#952=VECTOR('',#3373,1.06029139185031);
#953=VECTOR('',#3382,2.69529139185031);
#954=VECTOR('',#3385,2.6952913918503);
#955=VECTOR('',#3396,0.232278186078056);
#956=VECTOR('',#3403,0.232278186078056);
#957=VECTOR('',#3406,0.232278186078056);
#958=VECTOR('',#3407,1.11649076967174);
#959=VECTOR('',#3410,0.232278186078056);
#960=VECTOR('',#3419,0.232278186078056);
#961=VECTOR('',#3420,2.75149076967174);
#962=VECTOR('',#3427,2.6175278366118);
#963=VECTOR('',#3430,2.6175278366118);
#964=VECTOR('',#3435,0.982527836611799);
#965=VECTOR('',#3438,0.982527836611799);
#966=VECTOR('',#3447,2.6175278366118);
#967=VECTOR('',#3450,2.6175278366118);
#968=VECTOR('',#3459,0.982527836611799);
#969=VECTOR('',#3462,0.982527836611799);
#970=VECTOR('',#3473,0.553683480121953);
#971=VECTOR('',#3478,0.553683480121953);
#972=VECTOR('',#3481,0.553683480121953);
#973=VECTOR('',#3482,2.75149076967173);
#974=VECTOR('',#3485,0.553683480121953);
#975=VECTOR('',#3494,0.553683480121953);
#976=VECTOR('',#3495,1.11649076967174);
#977=VECTOR('',#3502,1.11649076967174);
#978=VECTOR('',#3505,0.232278186078056);
#979=VECTOR('',#3510,0.232278186078056);
#980=VECTOR('',#3513,1.11649076967174);
#981=VECTOR('',#3514,0.232278186078056);
#982=VECTOR('',#3531,2.75149076967174);
#983=VECTOR('',#3536,0.553683480121953);
#984=VECTOR('',#3539,2.75149076967174);
#985=VECTOR('',#3542,0.553683480121953);
#986=VECTOR('',#3545,0.553683480121953);
#987=VECTOR('',#3554,0.13683331908808);
#988=VECTOR('',#3555,0.4);
#989=VECTOR('',#3556,0.13683331908808);
#990=VECTOR('',#3557,0.4);
#991=VECTOR('',#3560,0.237341025681617);
#992=VECTOR('',#3563,0.129931728561395);
#993=VECTOR('',#3566,0.178644340049391);
#994=VECTOR('',#3567,0.1365);
#995=VECTOR('',#3568,0.195548596142904);
#996=VECTOR('',#3571,0.136372428201714);
#997=VECTOR('',#3574,0.21103676014801);
#998=VECTOR('',#3579,0.4);
#999=VECTOR('',#3580,0.4);
#1000=VECTOR('',#3583,0.4);
#1001=VECTOR('',#3584,0.136372428201714);
#1002=VECTOR('',#3589,0.4);
#1003=VECTOR('',#3590,0.4);
#1004=VECTOR('',#3593,0.4);
#1005=VECTOR('',#3594,0.129931728561395);
#1006=VECTOR('',#3599,0.4);
#1007=VECTOR('',#3602,0.237341025681617);
#1008=VECTOR('',#3605,0.21103676014801);
#1009=VECTOR('',#3608,0.195548596142904);
#1010=VECTOR('',#3609,0.1365);
#1011=VECTOR('',#3610,0.178644340049391);
#1012=VECTOR('',#3613,0.4);
#1013=VECTOR('',#3618,0.4);
#1014=VECTOR('',#3619,0.4);
#1015=VECTOR('',#3626,0.4);
#1016=VECTOR('',#3627,0.178644340049391);
#1017=VECTOR('',#3628,0.4);
#1018=VECTOR('',#3629,0.178644340049391);
#1019=VECTOR('',#3632,0.4);
#1020=VECTOR('',#3633,0.195548596142904);
#1021=VECTOR('',#3634,0.4);
#1022=VECTOR('',#3635,0.195548596142904);
#1023=VECTOR('',#3638,0.1365);
#1024=VECTOR('',#3639,0.1365);
#1025=VECTOR('',#3642,0.4);
#1026=VECTOR('',#3643,0.21103676014801);
#1027=VECTOR('',#3644,0.4);
#1028=VECTOR('',#3645,0.21103676014801);
#1029=VECTOR('',#3652,0.4);
#1030=VECTOR('',#3655,0.13683331908808);
#1031=VECTOR('',#3658,0.136372428201714);
#1032=VECTOR('',#3661,0.129931728561395);
#1033=VECTOR('',#3664,0.237341025681617);
#1034=VECTOR('',#3667,0.4);
#1035=VECTOR('',#3668,0.237341025681617);
#1036=VECTOR('',#3669,0.4);
#1037=VECTOR('',#3672,0.4);
#1038=VECTOR('',#3677,0.4);
#1039=VECTOR('',#3678,0.129931728561395);
#1040=VECTOR('',#3685,0.4);
#1041=VECTOR('',#3686,0.136372428201714);
#1042=VECTOR('',#3693,0.13683331908808);
#1043=VECTOR('',#3698,0.13683331908808);
#1044=VECTOR('',#3699,0.4);
#1045=VECTOR('',#3700,0.13683331908808);
#1046=VECTOR('',#3701,0.4);
#1047=VECTOR('',#3704,0.237341025681617);
#1048=VECTOR('',#3707,0.129931728561395);
#1049=VECTOR('',#3710,0.178644340049391);
#1050=VECTOR('',#3711,0.1365);
#1051=VECTOR('',#3712,0.195548596142904);
#1052=VECTOR('',#3715,0.136372428201714);
#1053=VECTOR('',#3718,0.21103676014801);
#1054=VECTOR('',#3721,0.4);
#1055=VECTOR('',#3724,0.4);
#1056=VECTOR('',#3727,0.4);
#1057=VECTOR('',#3728,0.136372428201714);
#1058=VECTOR('',#3731,0.4);
#1059=VECTOR('',#3734,0.4);
#1060=VECTOR('',#3737,0.4);
#1061=VECTOR('',#3738,0.129931728561395);
#1062=VECTOR('',#3741,0.4);
#1063=VECTOR('',#3746,0.237341025681617);
#1064=VECTOR('',#3751,0.4);
#1065=VECTOR('',#3754,0.21103676014801);
#1066=VECTOR('',#3757,0.4);
#1067=VECTOR('',#3758,0.1365);
#1068=VECTOR('',#3759,0.4);
#1069=VECTOR('',#3762,0.195548596142904);
#1070=VECTOR('',#3765,0.178644340049391);
#1071=VECTOR('',#3772,0.0449696109846016);
#1072=VECTOR('',#3773,0.1);
#1073=VECTOR('',#3774,0.0449696109846016);
#1074=VECTOR('',#3775,0.1);
#1075=VECTOR('',#3778,0.0422893030451221);
#1076=VECTOR('',#3779,0.0422893030451221);
#1077=VECTOR('',#3780,0.1);
#1078=VECTOR('',#3783,0.0449696109846016);
#1079=VECTOR('',#3784,0.0449696109846016);
#1080=VECTOR('',#3785,0.1);
#1081=VECTOR('',#3788,0.0122102917242958);
#1082=VECTOR('',#3789,0.0122102917242958);
#1083=VECTOR('',#3790,0.1);
#1084=VECTOR('',#3793,0.0918749999254942);
#1085=VECTOR('',#3794,0.0918749999254942);
#1086=VECTOR('',#3795,0.1);
#1087=VECTOR('',#3798,0.0122102917242958);
#1088=VECTOR('',#3799,0.0122102917242958);
#1089=VECTOR('',#3800,0.1);
#1090=VECTOR('',#3803,0.0360352511863364);
#1091=VECTOR('',#3804,0.0360352511863364);
#1092=VECTOR('',#3805,0.1);
#1093=VECTOR('',#3808,0.0422893030451221);
#1094=VECTOR('',#3809,0.0422893030451221);
#1095=VECTOR('',#3810,0.1);
#1096=VECTOR('',#3813,0.0360352511863364);
#1097=VECTOR('',#3814,0.0360352511863364);
#1098=VECTOR('',#3815,0.1);
#1099=VECTOR('',#3818,0.0122102917242958);
#1100=VECTOR('',#3819,0.0122102917242958);
#1101=VECTOR('',#3820,0.1);
#1102=VECTOR('',#3823,0.0918749999254942);
#1103=VECTOR('',#3824,0.0918749999254942);
#1104=VECTOR('',#3825,0.1);
#1105=VECTOR('',#3828,0.0122102917242958);
#1106=VECTOR('',#3829,0.0122102917242958);
#1107=VECTOR('',#3836,0.00938107778817851);
#1108=VECTOR('',#3837,0.1);
#1109=VECTOR('',#3838,0.00938107778817851);
#1110=VECTOR('',#3839,0.1);
#1111=VECTOR('',#3842,0.0116891207360637);
#1112=VECTOR('',#3843,0.0116891207360637);
#1113=VECTOR('',#3844,0.1);
#1114=VECTOR('',#3847,0.0731128443491372);
#1115=VECTOR('',#3848,0.0731128443491372);
#1116=VECTOR('',#3849,0.1);
#1117=VECTOR('',#3852,0.0116891207360637);
#1118=VECTOR('',#3853,0.0116891207360637);
#1119=VECTOR('',#3854,0.1);
#1120=VECTOR('',#3857,0.00938107778817851);
#1121=VECTOR('',#3858,0.00938107778817851);
#1122=VECTOR('',#3859,0.1);
#1123=VECTOR('',#3862,0.0355885331964231);
#1124=VECTOR('',#3863,0.0355885331964231);
#1125=VECTOR('',#3864,0.1);
#1126=VECTOR('',#3867,0.00938107778817851);
#1127=VECTOR('',#3868,0.00938107778817851);
#1128=VECTOR('',#3869,0.1);
#1129=VECTOR('',#3872,0.0116891207360637);
#1130=VECTOR('',#3873,0.0116891207360637);
#1131=VECTOR('',#3874,0.1);
#1132=VECTOR('',#3877,0.0731128443491372);
#1133=VECTOR('',#3878,0.0731128443491372);
#1134=VECTOR('',#3879,0.1);
#1135=VECTOR('',#3882,0.0116891207360637);
#1136=VECTOR('',#3883,0.0116891207360637);
#1137=VECTOR('',#3884,0.1);
#1138=VECTOR('',#3887,0.00938107778817851);
#1139=VECTOR('',#3888,0.00938107778817851);
#1140=VECTOR('',#3889,0.1);
#1141=VECTOR('',#3892,0.0355885331964231);
#1142=VECTOR('',#3893,0.0355885331964231);
#1143=VECTOR('',#3910,0.0131781807024412);
#1144=VECTOR('',#3911,0.1);
#1145=VECTOR('',#3912,0.0131781807024412);
#1146=VECTOR('',#3913,0.1);
#1147=VECTOR('',#3916,0.0971713175503423);
#1148=VECTOR('',#3917,0.0971713175503423);
#1149=VECTOR('',#3918,0.1);
#1150=VECTOR('',#3921,0.0131037277041223);
#1151=VECTOR('',#3922,0.0131037277041223);
#1152=VECTOR('',#3923,0.1);
#1153=VECTOR('',#3926,0.0804502113633355);
#1154=VECTOR('',#3927,0.0804502113633355);
#1155=VECTOR('',#3928,0.1);
#1156=VECTOR('',#3931,0.0804502113633355);
#1157=VECTOR('',#3932,0.0804502113633355);
#1158=VECTOR('',#3933,0.1);
#1159=VECTOR('',#3936,0.0124336507192525);
#1160=VECTOR('',#3937,0.0124336507192525);
#1161=VECTOR('',#3938,0.1);
#1162=VECTOR('',#3941,0.0971713175503423);
#1163=VECTOR('',#3942,0.0971713175503423);
#1164=VECTOR('',#3949,0.0153373176536888);
#1165=VECTOR('',#3950,0.1);
#1166=VECTOR('',#3951,0.0153373176536888);
#1167=VECTOR('',#3952,0.1);
#1168=VECTOR('',#3955,0.000893435979826551);
#1169=VECTOR('',#3956,0.000893435979826551);
#1170=VECTOR('',#3957,0.1);
#1171=VECTOR('',#3958,0.1);
#1172=VECTOR('',#3959,0.1);
#1173=VECTOR('',#3960,0.1);
#1174=VECTOR('',#3961,0.1);
#1175=VECTOR('',#3962,0.1);
#1176=VECTOR('',#3963,0.1);
#1177=VECTOR('',#3964,0.1);
#1178=VECTOR('',#3965,0.1);
#1179=VECTOR('',#3968,0.0145927876705);
#1180=VECTOR('',#3969,0.0145927876705);
#1181=VECTOR('',#3970,0.1);
#1182=VECTOR('',#3973,0.000893435979826412);
#1183=VECTOR('',#3974,0.000893435979826412);
#1184=VECTOR('',#3975,0.1);
#1185=VECTOR('',#3976,0.1);
#1186=VECTOR('',#3977,0.1);
#1187=VECTOR('',#3978,0.1);
#1188=VECTOR('',#3979,0.1);
#1189=VECTOR('',#3980,0.1);
#1190=VECTOR('',#3981,0.1);
#1191=VECTOR('',#3982,0.1);
#1192=VECTOR('',#3989,0.0283665923594922);
#1193=VECTOR('',#3990,0.1);
#1194=VECTOR('',#3991,0.0283665923594922);
#1195=VECTOR('',#3992,0.1);
#1196=VECTOR('',#3995,0.0455114924952573);
#1197=VECTOR('',#3996,0.1);
#1198=VECTOR('',#3997,0.0455114924952573);
#1199=VECTOR('',#4000,0.0455346892709186);
#1200=VECTOR('',#4001,0.0455346892709186);
#1201=VECTOR('',#4004,0.0150395056604131);
#1202=VECTOR('',#4005,0.1);
#1203=VECTOR('',#4006,0.0150395056604131);
#1204=VECTOR('',#4007,0.1);
#1205=VECTOR('',#4010,0.0969551860557303);
#1206=VECTOR('',#4011,0.0969551860557303);
#1207=VECTOR('',#4012,0.1);
#1208=VECTOR('',#4015,0.0128803687091657);
#1209=VECTOR('',#4016,0.0128803687091657);
#1210=VECTOR('',#4017,0.1);
#1211=VECTOR('',#4020,0.0270059201332476);
#1212=VECTOR('',#4021,0.0270059201332476);
#1213=VECTOR('',#4022,0.1);
#1214=VECTOR('',#4025,0.035067362208191);
#1215=VECTOR('',#4026,0.035067362208191);
#1216=VECTOR('',#4027,0.1);
#1217=VECTOR('',#4030,0.0270059201332476);
#1218=VECTOR('',#4031,0.0270059201332476);
#1219=VECTOR('',#4032,0.1);
#1220=VECTOR('',#4035,0.0123591977209336);
#1221=VECTOR('',#4036,0.0123591977209336);
#1222=VECTOR('',#4037,0.1);
#1223=VECTOR('',#4040,0.0969551860557303);
#1224=VECTOR('',#4041,0.0969551860557303);
#1225=VECTOR('',#4048,0.0406513370821068);
#1226=VECTOR('',#4049,0.1);
#1227=VECTOR('',#4050,0.0406513370821068);
#1228=VECTOR('',#4051,0.1);
#1229=VECTOR('',#4054,0.0122102917242958);
#1230=VECTOR('',#4055,0.0122102917242958);
#1231=VECTOR('',#4056,0.1);
#1232=VECTOR('',#4059,0.0393856361106859);
#1233=VECTOR('',#4060,0.0393856361106859);
#1234=VECTOR('',#4061,0.1);
#1235=VECTOR('',#4064,0.0609839596275741);
#1236=VECTOR('',#4065,0.0609839596275741);
#1237=VECTOR('',#4066,0.1);
#1238=VECTOR('',#4069,0.0135504456940355);
#1239=VECTOR('',#4070,0.0135504456940355);
#1240=VECTOR('',#4071,0.1);
#1241=VECTOR('',#4074,0.0468505807852125);
#1242=VECTOR('',#4075,0.0468505807852125);
#1243=VECTOR('',#4076,0.1);
#1244=VECTOR('',#4079,0.0470779089903165);
#1245=VECTOR('',#4080,0.0470779089903165);
#1246=VECTOR('',#4081,0.1);
#1247=VECTOR('',#4084,0.0129548217074846);
#1248=VECTOR('',#4085,0.0129548217074846);
#1249=VECTOR('',#4086,0.1);
#1250=VECTOR('',#4089,0.0598980271233312);
#1251=VECTOR('',#4090,0.0598980271233312);
#1252=VECTOR('',#4099,0.121722964074189);
#1253=VECTOR('',#4100,0.1);
#1254=VECTOR('',#4101,0.121722964074189);
#1255=VECTOR('',#4102,0.1);
#1256=VECTOR('',#4105,0.177094439624347);
#1257=VECTOR('',#4106,0.177094439624347);
#1258=VECTOR('',#4107,0.1);
#1259=VECTOR('',#4110,0.177094439624347);
#1260=VECTOR('',#4111,0.177094439624347);
#1261=VECTOR('',#4118,0.183487501948311);
#1262=VECTOR('',#4119,0.1);
#1263=VECTOR('',#4120,0.183487501948311);
#1264=VECTOR('',#4121,0.1);
#1265=VECTOR('',#4124,0.239051761413191);
#1266=VECTOR('',#4125,0.239051761413191);
#1267=VECTOR('',#4126,0.1);
#1268=VECTOR('',#4129,0.183487501948311);
#1269=VECTOR('',#4130,0.183487501948311);
#1270=VECTOR('',#4131,0.1);
#1271=VECTOR('',#4134,0.365168892222567);
#1272=VECTOR('',#4135,0.365168892222567);
#1273=CIRCLE('',#3106,0.0999999999999999);
#1274=CIRCLE('',#3107,0.1);
#1275=CIRCLE('',#3109,0.1);
#1276=CIRCLE('',#3110,0.1);
#1277=CIRCLE('',#3112,0.1);
#1278=CIRCLE('',#3114,0.0999999999999999);
#1279=CIRCLE('',#3115,0.1);
#1280=CIRCLE('',#3117,0.1);
#1281=CIRCLE('',#3119,0.0999999999999999);
#1282=CIRCLE('',#3120,0.1);
#1283=CIRCLE('',#3122,0.1);
#1284=CIRCLE('',#3124,0.1);
#1285=CIRCLE('',#3137,0.0999999999999999);
#1286=CIRCLE('',#3138,0.1);
#1287=CIRCLE('',#3140,0.0999999999999999);
#1288=CIRCLE('',#3141,0.1);
#1289=CIRCLE('',#3143,0.1);
#1290=CIRCLE('',#3145,0.1);
#1291=CIRCLE('',#3146,0.1);
#1292=CIRCLE('',#3148,0.1);
#1293=CIRCLE('',#3150,0.0999999999999999);
#1294=CIRCLE('',#3151,0.1);
#1295=CIRCLE('',#3153,0.1);
#1296=CIRCLE('',#3155,0.1);
#1297=CIRCLE('',#3190,0.2);
#1298=CIRCLE('',#3191,0.1);
#1299=CIRCLE('',#3192,0.2);
#1300=CIRCLE('',#3193,0.1);
#1301=CIRCLE('',#3195,0.1);
#1302=CIRCLE('',#3198,0.1);
#1303=CIRCLE('',#3201,0.2);
#1304=CIRCLE('',#3204,0.2);
#1305=CIRCLE('',#3215,0.2);
#1306=CIRCLE('',#3216,0.2);
#1307=CIRCLE('',#3218,0.1);
#1308=CIRCLE('',#3219,0.1);
#1309=CIRCLE('',#3220,0.2);
#1310=CIRCLE('',#3223,0.2);
#1311=CIRCLE('',#3226,0.1);
#1312=CIRCLE('',#3229,0.1);
#1313=CIRCLE('',#3234,0.2);
#1314=CIRCLE('',#3235,0.1);
#1315=CIRCLE('',#3236,0.2);
#1316=CIRCLE('',#3237,0.1);
#1317=CIRCLE('',#3239,0.1);
#1318=CIRCLE('',#3242,0.1);
#1319=CIRCLE('',#3245,0.2);
#1320=CIRCLE('',#3248,0.2);
#1321=CIRCLE('',#3284,0.0718557320307167);
#1322=CIRCLE('',#3285,0.0718557320307167);
#1323=VERTEX_POINT('',#4152);
#1324=VERTEX_POINT('',#4153);
#1325=VERTEX_POINT('',#4155);
#1326=VERTEX_POINT('',#4157);
#1327=VERTEX_POINT('',#4161);
#1328=VERTEX_POINT('',#4163);
#1329=VERTEX_POINT('',#4165);
#1330=VERTEX_POINT('',#4171);
#1331=VERTEX_POINT('',#4173);
#1332=VERTEX_POINT('',#4175);
#1333=VERTEX_POINT('',#4181);
#1334=VERTEX_POINT('',#4184);
#1335=VERTEX_POINT('',#4192);
#1336=VERTEX_POINT('',#4194);
#1337=VERTEX_POINT('',#4196);
#1338=VERTEX_POINT('',#4198);
#1339=VERTEX_POINT('',#4202);
#1340=VERTEX_POINT('',#4206);
#1341=VERTEX_POINT('',#4208);
#1342=VERTEX_POINT('',#4210);
#1343=VERTEX_POINT('',#4214);
#1344=VERTEX_POINT('',#4219);
#1345=VERTEX_POINT('',#4220);
#1346=VERTEX_POINT('',#4222);
#1347=VERTEX_POINT('',#4224);
#1348=VERTEX_POINT('',#4228);
#1349=VERTEX_POINT('',#4230);
#1350=VERTEX_POINT('',#4232);
#1351=VERTEX_POINT('',#4238);
#1352=VERTEX_POINT('',#4240);
#1353=VERTEX_POINT('',#4242);
#1354=VERTEX_POINT('',#4248);
#1355=VERTEX_POINT('',#4251);
#1356=VERTEX_POINT('',#4259);
#1357=VERTEX_POINT('',#4262);
#1358=VERTEX_POINT('',#4266);
#1359=VERTEX_POINT('',#4270);
#1360=VERTEX_POINT('',#4272);
#1361=VERTEX_POINT('',#4274);
#1362=VERTEX_POINT('',#4278);
#1363=VERTEX_POINT('',#4283);
#1364=VERTEX_POINT('',#4287);
#1365=VERTEX_POINT('',#4290);
#1366=VERTEX_POINT('',#4294);
#1367=VERTEX_POINT('',#4298);
#1368=VERTEX_POINT('',#4302);
#1369=VERTEX_POINT('',#4306);
#1370=VERTEX_POINT('',#4308);
#1371=VERTEX_POINT('',#4323);
#1372=VERTEX_POINT('',#4324);
#1373=VERTEX_POINT('',#4326);
#1374=VERTEX_POINT('',#4328);
#1375=VERTEX_POINT('',#4332);
#1376=VERTEX_POINT('',#4334);
#1377=VERTEX_POINT('',#4336);
#1378=VERTEX_POINT('',#4338);
#1379=VERTEX_POINT('',#4340);
#1380=VERTEX_POINT('',#4342);
#1381=VERTEX_POINT('',#4344);
#1382=VERTEX_POINT('',#4346);
#1383=VERTEX_POINT('',#4348);
#1384=VERTEX_POINT('',#4350);
#1385=VERTEX_POINT('',#4354);
#1386=VERTEX_POINT('',#4355);
#1387=VERTEX_POINT('',#4360);
#1388=VERTEX_POINT('',#4364);
#1389=VERTEX_POINT('',#4365);
#1390=VERTEX_POINT('',#4370);
#1391=VERTEX_POINT('',#4374);
#1392=VERTEX_POINT('',#4381);
#1393=VERTEX_POINT('',#4383);
#1394=VERTEX_POINT('',#4385);
#1395=VERTEX_POINT('',#4397);
#1396=VERTEX_POINT('',#4398);
#1397=VERTEX_POINT('',#4400);
#1398=VERTEX_POINT('',#4402);
#1399=VERTEX_POINT('',#4406);
#1400=VERTEX_POINT('',#4407);
#1401=VERTEX_POINT('',#4409);
#1402=VERTEX_POINT('',#4411);
#1403=VERTEX_POINT('',#4418);
#1404=VERTEX_POINT('',#4419);
#1405=VERTEX_POINT('',#4421);
#1406=VERTEX_POINT('',#4423);
#1407=VERTEX_POINT('',#4427);
#1408=VERTEX_POINT('',#4429);
#1409=VERTEX_POINT('',#4433);
#1410=VERTEX_POINT('',#4435);
#1411=VERTEX_POINT('',#4438);
#1412=VERTEX_POINT('',#4440);
#1413=VERTEX_POINT('',#4442);
#1414=VERTEX_POINT('',#4446);
#1415=VERTEX_POINT('',#4448);
#1416=VERTEX_POINT('',#4452);
#1417=VERTEX_POINT('',#4456);
#1418=VERTEX_POINT('',#4462);
#1419=VERTEX_POINT('',#4471);
#1420=VERTEX_POINT('',#4472);
#1421=VERTEX_POINT('',#4474);
#1422=VERTEX_POINT('',#4476);
#1423=VERTEX_POINT('',#4480);
#1424=VERTEX_POINT('',#4482);
#1425=VERTEX_POINT('',#4484);
#1426=VERTEX_POINT('',#4486);
#1427=VERTEX_POINT('',#4488);
#1428=VERTEX_POINT('',#4490);
#1429=VERTEX_POINT('',#4492);
#1430=VERTEX_POINT('',#4494);
#1431=VERTEX_POINT('',#4496);
#1432=VERTEX_POINT('',#4498);
#1433=VERTEX_POINT('',#4502);
#1434=VERTEX_POINT('',#4504);
#1435=VERTEX_POINT('',#4508);
#1436=VERTEX_POINT('',#4512);
#1437=VERTEX_POINT('',#4514);
#1438=VERTEX_POINT('',#4518);
#1439=VERTEX_POINT('',#4522);
#1440=VERTEX_POINT('',#4528);
#1441=VERTEX_POINT('',#4534);
#1442=VERTEX_POINT('',#4536);
#1443=VERTEX_POINT('',#4546);
#1444=VERTEX_POINT('',#4547);
#1445=VERTEX_POINT('',#4549);
#1446=VERTEX_POINT('',#4551);
#1447=VERTEX_POINT('',#4555);
#1448=VERTEX_POINT('',#4557);
#1449=VERTEX_POINT('',#4561);
#1450=VERTEX_POINT('',#4563);
#1451=VERTEX_POINT('',#4567);
#1452=VERTEX_POINT('',#4569);
#1453=VERTEX_POINT('',#4573);
#1454=VERTEX_POINT('',#4575);
#1455=VERTEX_POINT('',#4579);
#1456=VERTEX_POINT('',#4581);
#1457=VERTEX_POINT('',#4585);
#1458=VERTEX_POINT('',#4587);
#1459=VERTEX_POINT('',#4591);
#1460=VERTEX_POINT('',#4593);
#1461=VERTEX_POINT('',#4597);
#1462=VERTEX_POINT('',#4599);
#1463=VERTEX_POINT('',#4603);
#1464=VERTEX_POINT('',#4605);
#1465=VERTEX_POINT('',#4609);
#1466=VERTEX_POINT('',#4611);
#1467=VERTEX_POINT('',#4620);
#1468=VERTEX_POINT('',#4621);
#1469=VERTEX_POINT('',#4623);
#1470=VERTEX_POINT('',#4625);
#1471=VERTEX_POINT('',#4629);
#1472=VERTEX_POINT('',#4631);
#1473=VERTEX_POINT('',#4635);
#1474=VERTEX_POINT('',#4637);
#1475=VERTEX_POINT('',#4641);
#1476=VERTEX_POINT('',#4643);
#1477=VERTEX_POINT('',#4647);
#1478=VERTEX_POINT('',#4649);
#1479=VERTEX_POINT('',#4653);
#1480=VERTEX_POINT('',#4655);
#1481=VERTEX_POINT('',#4659);
#1482=VERTEX_POINT('',#4661);
#1483=VERTEX_POINT('',#4665);
#1484=VERTEX_POINT('',#4667);
#1485=VERTEX_POINT('',#4671);
#1486=VERTEX_POINT('',#4673);
#1487=VERTEX_POINT('',#4677);
#1488=VERTEX_POINT('',#4679);
#1489=VERTEX_POINT('',#4683);
#1490=VERTEX_POINT('',#4685);
#1491=VERTEX_POINT('',#4694);
#1492=VERTEX_POINT('',#4696);
#1493=VERTEX_POINT('',#4701);
#1494=VERTEX_POINT('',#4702);
#1495=VERTEX_POINT('',#4704);
#1496=VERTEX_POINT('',#4706);
#1497=VERTEX_POINT('',#4710);
#1498=VERTEX_POINT('',#4712);
#1499=VERTEX_POINT('',#4716);
#1500=VERTEX_POINT('',#4718);
#1501=VERTEX_POINT('',#4722);
#1502=VERTEX_POINT('',#4724);
#1503=VERTEX_POINT('',#4728);
#1504=VERTEX_POINT('',#4730);
#1505=VERTEX_POINT('',#4734);
#1506=VERTEX_POINT('',#4736);
#1507=VERTEX_POINT('',#4745);
#1508=VERTEX_POINT('',#4746);
#1509=VERTEX_POINT('',#4748);
#1510=VERTEX_POINT('',#4750);
#1511=VERTEX_POINT('',#4754);
#1512=VERTEX_POINT('',#4756);
#1513=VERTEX_POINT('',#4767);
#1514=VERTEX_POINT('',#4772);
#1515=VERTEX_POINT('',#4786);
#1516=VERTEX_POINT('',#4791);
#1517=VERTEX_POINT('',#4805);
#1518=VERTEX_POINT('',#4810);
#1519=VERTEX_POINT('',#4824);
#1520=VERTEX_POINT('',#4829);
#1521=VERTEX_POINT('',#4843);
#1522=VERTEX_POINT('',#4848);
#1523=VERTEX_POINT('',#4862);
#1524=VERTEX_POINT('',#4867);
#1525=VERTEX_POINT('',#4881);
#1526=VERTEX_POINT('',#4886);
#1527=VERTEX_POINT('',#4900);
#1528=VERTEX_POINT('',#4905);
#1529=VERTEX_POINT('',#4912);
#1530=VERTEX_POINT('',#4914);
#1531=VERTEX_POINT('',#4918);
#1532=VERTEX_POINT('',#4920);
#1533=VERTEX_POINT('',#4931);
#1534=VERTEX_POINT('',#4936);
#1535=VERTEX_POINT('',#4950);
#1536=VERTEX_POINT('',#4955);
#1537=VERTEX_POINT('',#4969);
#1538=VERTEX_POINT('',#4974);
#1539=VERTEX_POINT('',#4988);
#1540=VERTEX_POINT('',#4993);
#1541=VERTEX_POINT('',#5007);
#1542=VERTEX_POINT('',#5012);
#1543=VERTEX_POINT('',#5026);
#1544=VERTEX_POINT('',#5031);
#1545=VERTEX_POINT('',#5045);
#1546=VERTEX_POINT('',#5050);
#1547=VERTEX_POINT('',#5075);
#1548=VERTEX_POINT('',#5076);
#1549=VERTEX_POINT('',#5078);
#1550=VERTEX_POINT('',#5080);
#1551=VERTEX_POINT('',#5084);
#1552=VERTEX_POINT('',#5086);
#1553=VERTEX_POINT('',#5093);
#1554=VERTEX_POINT('',#5094);
#1555=VERTEX_POINT('',#5096);
#1556=VERTEX_POINT('',#5098);
#1557=VERTEX_POINT('',#5102);
#1558=VERTEX_POINT('',#5104);
#1559=VERTEX_POINT('',#5108);
#1560=VERTEX_POINT('',#5110);
#1561=VERTEX_POINT('',#5114);
#1562=VERTEX_POINT('',#5116);
#1563=VERTEX_POINT('',#5120);
#1564=VERTEX_POINT('',#5122);
#1565=VERTEX_POINT('',#5126);
#1566=VERTEX_POINT('',#5128);
#1567=VERTEX_POINT('',#5132);
#1568=VERTEX_POINT('',#5134);
#1569=VERTEX_POINT('',#5143);
#1570=VERTEX_POINT('',#5144);
#1571=VERTEX_POINT('',#5146);
#1572=VERTEX_POINT('',#5148);
#1573=VERTEX_POINT('',#5152);
#1574=VERTEX_POINT('',#5154);
#1575=VERTEX_POINT('',#5158);
#1576=VERTEX_POINT('',#5160);
#1577=VERTEX_POINT('',#5164);
#1578=VERTEX_POINT('',#5166);
#1579=VERTEX_POINT('',#5170);
#1580=VERTEX_POINT('',#5172);
#1581=VERTEX_POINT('',#5176);
#1582=VERTEX_POINT('',#5178);
#1583=VERTEX_POINT('',#5182);
#1584=VERTEX_POINT('',#5184);
#1585=VERTEX_POINT('',#5188);
#1586=VERTEX_POINT('',#5190);
#1587=VERTEX_POINT('',#5200);
#1588=VERTEX_POINT('',#5201);
#1589=VERTEX_POINT('',#5203);
#1590=VERTEX_POINT('',#5205);
#1591=VERTEX_POINT('',#5209);
#1592=VERTEX_POINT('',#5211);
#1593=VERTEX_POINT('',#5220);
#1594=VERTEX_POINT('',#5221);
#1595=VERTEX_POINT('',#5223);
#1596=VERTEX_POINT('',#5225);
#1597=VERTEX_POINT('',#5229);
#1598=VERTEX_POINT('',#5231);
#1599=VERTEX_POINT('',#5235);
#1600=VERTEX_POINT('',#5237);
#1601=EDGE_CURVE('',#1323,#1324,#1273,.T.);
#1602=EDGE_CURVE('',#1324,#1325,#621,.T.);
#1603=EDGE_CURVE('',#1325,#1326,#1274,.T.);
#1604=EDGE_CURVE('',#1326,#1323,#622,.T.);
#1605=EDGE_CURVE('',#1327,#1325,#1275,.T.);
#1606=EDGE_CURVE('',#1325,#1328,#623,.T.);
#1607=EDGE_CURVE('',#1328,#1329,#1276,.T.);
#1608=EDGE_CURVE('',#1329,#1327,#624,.T.);
#1609=EDGE_CURVE('',#1327,#1326,#1277,.T.);
#1610=EDGE_CURVE('',#1330,#1328,#1278,.T.);
#1611=EDGE_CURVE('',#1328,#1331,#625,.T.);
#1612=EDGE_CURVE('',#1331,#1332,#1279,.T.);
#1613=EDGE_CURVE('',#1332,#1330,#626,.T.);
#1614=EDGE_CURVE('',#1330,#1329,#1280,.T.);
#1615=EDGE_CURVE('',#1333,#1331,#1281,.T.);
#1616=EDGE_CURVE('',#1331,#1324,#627,.T.);
#1617=EDGE_CURVE('',#1324,#1334,#1282,.T.);
#1618=EDGE_CURVE('',#1334,#1333,#628,.T.);
#1619=EDGE_CURVE('',#1333,#1332,#1283,.T.);
#1620=EDGE_CURVE('',#1323,#1334,#1284,.T.);
#1621=EDGE_CURVE('',#1330,#1335,#629,.T.);
#1622=EDGE_CURVE('',#1335,#1336,#236,.T.);
#1623=EDGE_CURVE('',#1336,#1337,#237,.T.);
#1624=EDGE_CURVE('',#1337,#1338,#238,.T.);
#1625=EDGE_CURVE('',#1338,#1329,#630,.T.);
#1626=EDGE_CURVE('',#1339,#1332,#631,.T.);
#1627=EDGE_CURVE('',#1339,#1335,#632,.T.);
#1628=EDGE_CURVE('',#1333,#1340,#633,.T.);
#1629=EDGE_CURVE('',#1340,#1341,#239,.T.);
#1630=EDGE_CURVE('',#1341,#1342,#240,.T.);
#1631=EDGE_CURVE('',#1342,#1339,#241,.T.);
#1632=EDGE_CURVE('',#1343,#1334,#634,.T.);
#1633=EDGE_CURVE('',#1343,#1340,#635,.T.);
#1634=EDGE_CURVE('',#1344,#1345,#1285,.T.);
#1635=EDGE_CURVE('',#1345,#1346,#636,.T.);
#1636=EDGE_CURVE('',#1346,#1347,#1286,.T.);
#1637=EDGE_CURVE('',#1347,#1344,#637,.T.);
#1638=EDGE_CURVE('',#1348,#1346,#1287,.T.);
#1639=EDGE_CURVE('',#1346,#1349,#638,.T.);
#1640=EDGE_CURVE('',#1349,#1350,#1288,.T.);
#1641=EDGE_CURVE('',#1350,#1348,#639,.T.);
#1642=EDGE_CURVE('',#1348,#1347,#1289,.T.);
#1643=EDGE_CURVE('',#1351,#1349,#1290,.T.);
#1644=EDGE_CURVE('',#1349,#1352,#640,.T.);
#1645=EDGE_CURVE('',#1352,#1353,#1291,.T.);
#1646=EDGE_CURVE('',#1353,#1351,#641,.T.);
#1647=EDGE_CURVE('',#1351,#1350,#1292,.T.);
#1648=EDGE_CURVE('',#1354,#1352,#1293,.T.);
#1649=EDGE_CURVE('',#1352,#1345,#642,.T.);
#1650=EDGE_CURVE('',#1345,#1355,#1294,.T.);
#1651=EDGE_CURVE('',#1355,#1354,#643,.T.);
#1652=EDGE_CURVE('',#1354,#1353,#1295,.T.);
#1653=EDGE_CURVE('',#1344,#1355,#1296,.T.);
#1654=EDGE_CURVE('',#1351,#1356,#644,.T.);
#1655=EDGE_CURVE('',#1356,#1337,#242,.T.);
#1656=EDGE_CURVE('',#1336,#1357,#243,.T.);
#1657=EDGE_CURVE('',#1357,#1350,#645,.T.);
#1658=EDGE_CURVE('',#1358,#1353,#646,.T.);
#1659=EDGE_CURVE('',#1358,#1356,#647,.T.);
#1660=EDGE_CURVE('',#1354,#1359,#648,.T.);
#1661=EDGE_CURVE('',#1359,#1360,#244,.T.);
#1662=EDGE_CURVE('',#1361,#1360,#245,.T.);
#1663=EDGE_CURVE('',#1361,#1358,#246,.T.);
#1664=EDGE_CURVE('',#1362,#1355,#649,.T.);
#1665=EDGE_CURVE('',#1362,#1359,#650,.T.);
#1666=EDGE_CURVE('',#1363,#1342,#247,.T.);
#1667=EDGE_CURVE('',#1357,#1363,#651,.T.);
#1668=EDGE_CURVE('',#1327,#1364,#652,.T.);
#1669=EDGE_CURVE('',#1364,#1361,#248,.T.);
#1670=EDGE_CURVE('',#1360,#1365,#249,.T.);
#1671=EDGE_CURVE('',#1365,#1326,#653,.T.);
#1672=EDGE_CURVE('',#1365,#1366,#654,.T.);
#1673=EDGE_CURVE('',#1323,#1366,#655,.T.);
#1674=EDGE_CURVE('',#1367,#1362,#250,.T.);
#1675=EDGE_CURVE('',#1366,#1367,#251,.T.);
#1676=EDGE_CURVE('',#1367,#1368,#252,.T.);
#1677=EDGE_CURVE('',#1368,#1343,#253,.T.);
#1678=EDGE_CURVE('',#1369,#1368,#254,.T.);
#1679=EDGE_CURVE('',#1370,#1369,#656,.T.);
#1680=EDGE_CURVE('',#1341,#1370,#255,.T.);
#1681=EDGE_CURVE('',#1348,#1363,#657,.T.);
#1682=EDGE_CURVE('',#1338,#1364,#658,.T.);
#1683=EDGE_CURVE('',#1370,#1347,#659,.T.);
#1684=EDGE_CURVE('',#1344,#1369,#660,.T.);
#1685=EDGE_CURVE('',#1371,#1372,#661,.T.);
#1686=EDGE_CURVE('',#1373,#1371,#662,.T.);
#1687=EDGE_CURVE('',#1374,#1373,#663,.T.);
#1688=EDGE_CURVE('',#1372,#1374,#664,.T.);
#1689=EDGE_CURVE('',#1375,#1373,#665,.T.);
#1690=EDGE_CURVE('',#1375,#1376,#1297,.T.);
#1691=EDGE_CURVE('',#1377,#1376,#666,.T.);
#1692=EDGE_CURVE('',#1377,#1378,#1298,.T.);
#1693=EDGE_CURVE('',#1379,#1378,#667,.T.);
#1694=EDGE_CURVE('',#1380,#1379,#668,.T.);
#1695=EDGE_CURVE('',#1381,#1380,#669,.T.);
#1696=EDGE_CURVE('',#1381,#1382,#1299,.T.);
#1697=EDGE_CURVE('',#1383,#1382,#670,.T.);
#1698=EDGE_CURVE('',#1383,#1384,#1300,.T.);
#1699=EDGE_CURVE('',#1374,#1384,#671,.T.);
#1700=EDGE_CURVE('',#1385,#1386,#1301,.T.);
#1701=EDGE_CURVE('',#1384,#1385,#672,.T.);
#1702=EDGE_CURVE('',#1386,#1383,#673,.T.);
#1703=EDGE_CURVE('',#1382,#1387,#674,.T.);
#1704=EDGE_CURVE('',#1387,#1386,#675,.T.);
#1705=EDGE_CURVE('',#1388,#1389,#1302,.T.);
#1706=EDGE_CURVE('',#1378,#1388,#676,.T.);
#1707=EDGE_CURVE('',#1389,#1377,#677,.T.);
#1708=EDGE_CURVE('',#1376,#1390,#678,.T.);
#1709=EDGE_CURVE('',#1390,#1389,#679,.T.);
#1710=EDGE_CURVE('',#1390,#1391,#1303,.T.);
#1711=EDGE_CURVE('',#1391,#1375,#680,.T.);
#1712=EDGE_CURVE('',#1371,#1391,#681,.T.);
#1713=EDGE_CURVE('',#1385,#1372,#682,.T.);
#1714=EDGE_CURVE('',#1387,#1392,#1304,.T.);
#1715=EDGE_CURVE('',#1393,#1392,#683,.T.);
#1716=EDGE_CURVE('',#1394,#1393,#684,.T.);
#1717=EDGE_CURVE('',#1388,#1394,#685,.T.);
#1718=EDGE_CURVE('',#1392,#1381,#686,.T.);
#1719=EDGE_CURVE('',#1379,#1394,#687,.T.);
#1720=EDGE_CURVE('',#1393,#1380,#688,.T.);
#1721=EDGE_CURVE('',#1395,#1396,#689,.T.);
#1722=EDGE_CURVE('',#1396,#1397,#690,.T.);
#1723=EDGE_CURVE('',#1398,#1397,#691,.T.);
#1724=EDGE_CURVE('',#1398,#1395,#692,.T.);
#1725=EDGE_CURVE('',#1399,#1400,#693,.T.);
#1726=EDGE_CURVE('',#1400,#1401,#694,.T.);
#1727=EDGE_CURVE('',#1402,#1401,#695,.T.);
#1728=EDGE_CURVE('',#1402,#1399,#696,.T.);
#1729=EDGE_CURVE('',#1397,#1402,#697,.T.);
#1730=EDGE_CURVE('',#1401,#1398,#698,.T.);
#1731=EDGE_CURVE('',#1403,#1404,#699,.T.);
#1732=EDGE_CURVE('',#1404,#1405,#700,.T.);
#1733=EDGE_CURVE('',#1405,#1406,#701,.T.);
#1734=EDGE_CURVE('',#1406,#1403,#702,.T.);
#1735=EDGE_CURVE('',#1400,#1407,#1305,.T.);
#1736=EDGE_CURVE('',#1408,#1399,#1306,.T.);
#1737=EDGE_CURVE('',#1407,#1408,#703,.T.);
#1738=EDGE_CURVE('',#1409,#1403,#704,.T.);
#1739=EDGE_CURVE('',#1406,#1410,#1307,.T.);
#1740=EDGE_CURVE('',#1408,#1410,#705,.T.);
#1741=EDGE_CURVE('',#1396,#1411,#1308,.T.);
#1742=EDGE_CURVE('',#1412,#1411,#706,.T.);
#1743=EDGE_CURVE('',#1412,#1413,#1309,.T.);
#1744=EDGE_CURVE('',#1409,#1413,#707,.T.);
#1745=EDGE_CURVE('',#1413,#1414,#708,.T.);
#1746=EDGE_CURVE('',#1414,#1415,#709,.T.);
#1747=EDGE_CURVE('',#1415,#1409,#710,.T.);
#1748=EDGE_CURVE('',#1416,#1412,#711,.T.);
#1749=EDGE_CURVE('',#1414,#1416,#1310,.T.);
#1750=EDGE_CURVE('',#1411,#1417,#712,.T.);
#1751=EDGE_CURVE('',#1417,#1416,#713,.T.);
#1752=EDGE_CURVE('',#1417,#1395,#1311,.T.);
#1753=EDGE_CURVE('',#1410,#1418,#714,.T.);
#1754=EDGE_CURVE('',#1418,#1407,#715,.T.);
#1755=EDGE_CURVE('',#1418,#1405,#1312,.T.);
#1756=EDGE_CURVE('',#1404,#1415,#716,.T.);
#1757=EDGE_CURVE('',#1419,#1420,#717,.T.);
#1758=EDGE_CURVE('',#1419,#1421,#718,.T.);
#1759=EDGE_CURVE('',#1422,#1421,#719,.T.);
#1760=EDGE_CURVE('',#1420,#1422,#720,.T.);
#1761=EDGE_CURVE('',#1421,#1423,#721,.T.);
#1762=EDGE_CURVE('',#1424,#1423,#1313,.T.);
#1763=EDGE_CURVE('',#1424,#1425,#722,.T.);
#1764=EDGE_CURVE('',#1426,#1425,#1314,.T.);
#1765=EDGE_CURVE('',#1426,#1427,#723,.T.);
#1766=EDGE_CURVE('',#1427,#1428,#724,.T.);
#1767=EDGE_CURVE('',#1428,#1429,#725,.T.);
#1768=EDGE_CURVE('',#1430,#1429,#1315,.T.);
#1769=EDGE_CURVE('',#1430,#1431,#726,.T.);
#1770=EDGE_CURVE('',#1432,#1431,#1316,.T.);
#1771=EDGE_CURVE('',#1432,#1422,#727,.T.);
#1772=EDGE_CURVE('',#1431,#1433,#728,.T.);
#1773=EDGE_CURVE('',#1433,#1434,#1317,.T.);
#1774=EDGE_CURVE('',#1434,#1432,#729,.T.);
#1775=EDGE_CURVE('',#1435,#1430,#730,.T.);
#1776=EDGE_CURVE('',#1433,#1435,#731,.T.);
#1777=EDGE_CURVE('',#1425,#1436,#732,.T.);
#1778=EDGE_CURVE('',#1436,#1437,#1318,.T.);
#1779=EDGE_CURVE('',#1437,#1426,#733,.T.);
#1780=EDGE_CURVE('',#1438,#1424,#734,.T.);
#1781=EDGE_CURVE('',#1436,#1438,#735,.T.);
#1782=EDGE_CURVE('',#1423,#1439,#736,.T.);
#1783=EDGE_CURVE('',#1439,#1438,#1319,.T.);
#1784=EDGE_CURVE('',#1439,#1419,#737,.T.);
#1785=EDGE_CURVE('',#1440,#1435,#1320,.T.);
#1786=EDGE_CURVE('',#1429,#1440,#738,.T.);
#1787=EDGE_CURVE('',#1420,#1434,#739,.T.);
#1788=EDGE_CURVE('',#1441,#1427,#740,.T.);
#1789=EDGE_CURVE('',#1442,#1441,#741,.T.);
#1790=EDGE_CURVE('',#1428,#1442,#742,.T.);
#1791=EDGE_CURVE('',#1440,#1442,#743,.T.);
#1792=EDGE_CURVE('',#1441,#1437,#744,.T.);
#1793=EDGE_CURVE('',#1443,#1444,#745,.T.);
#1794=EDGE_CURVE('',#1443,#1445,#746,.T.);
#1795=EDGE_CURVE('',#1446,#1445,#747,.T.);
#1796=EDGE_CURVE('',#1444,#1446,#748,.T.);
#1797=EDGE_CURVE('',#1444,#1447,#749,.T.);
#1798=EDGE_CURVE('',#1448,#1446,#750,.T.);
#1799=EDGE_CURVE('',#1447,#1448,#751,.T.);
#1800=EDGE_CURVE('',#1447,#1449,#752,.T.);
#1801=EDGE_CURVE('',#1450,#1448,#753,.T.);
#1802=EDGE_CURVE('',#1449,#1450,#754,.T.);
#1803=EDGE_CURVE('',#1449,#1451,#755,.T.);
#1804=EDGE_CURVE('',#1452,#1450,#756,.T.);
#1805=EDGE_CURVE('',#1451,#1452,#757,.T.);
#1806=EDGE_CURVE('',#1451,#1453,#758,.T.);
#1807=EDGE_CURVE('',#1454,#1452,#759,.T.);
#1808=EDGE_CURVE('',#1453,#1454,#760,.T.);
#1809=EDGE_CURVE('',#1453,#1455,#761,.T.);
#1810=EDGE_CURVE('',#1456,#1454,#762,.T.);
#1811=EDGE_CURVE('',#1455,#1456,#763,.T.);
#1812=EDGE_CURVE('',#1455,#1457,#764,.T.);
#1813=EDGE_CURVE('',#1458,#1456,#765,.T.);
#1814=EDGE_CURVE('',#1457,#1458,#766,.T.);
#1815=EDGE_CURVE('',#1457,#1459,#767,.T.);
#1816=EDGE_CURVE('',#1460,#1458,#768,.T.);
#1817=EDGE_CURVE('',#1459,#1460,#769,.T.);
#1818=EDGE_CURVE('',#1459,#1461,#770,.T.);
#1819=EDGE_CURVE('',#1462,#1460,#771,.T.);
#1820=EDGE_CURVE('',#1461,#1462,#772,.T.);
#1821=EDGE_CURVE('',#1461,#1463,#773,.T.);
#1822=EDGE_CURVE('',#1464,#1462,#774,.T.);
#1823=EDGE_CURVE('',#1463,#1464,#775,.T.);
#1824=EDGE_CURVE('',#1463,#1465,#776,.T.);
#1825=EDGE_CURVE('',#1466,#1464,#777,.T.);
#1826=EDGE_CURVE('',#1465,#1466,#778,.T.);
#1827=EDGE_CURVE('',#1465,#1443,#779,.T.);
#1828=EDGE_CURVE('',#1445,#1466,#780,.T.);
#1829=EDGE_CURVE('',#1467,#1468,#781,.T.);
#1830=EDGE_CURVE('',#1467,#1469,#782,.T.);
#1831=EDGE_CURVE('',#1470,#1469,#783,.T.);
#1832=EDGE_CURVE('',#1468,#1470,#784,.T.);
#1833=EDGE_CURVE('',#1468,#1471,#785,.T.);
#1834=EDGE_CURVE('',#1472,#1470,#786,.T.);
#1835=EDGE_CURVE('',#1471,#1472,#787,.T.);
#1836=EDGE_CURVE('',#1471,#1473,#788,.T.);
#1837=EDGE_CURVE('',#1474,#1472,#789,.T.);
#1838=EDGE_CURVE('',#1473,#1474,#790,.T.);
#1839=EDGE_CURVE('',#1473,#1475,#791,.T.);
#1840=EDGE_CURVE('',#1476,#1474,#792,.T.);
#1841=EDGE_CURVE('',#1475,#1476,#793,.T.);
#1842=EDGE_CURVE('',#1475,#1477,#794,.T.);
#1843=EDGE_CURVE('',#1478,#1476,#795,.T.);
#1844=EDGE_CURVE('',#1477,#1478,#796,.T.);
#1845=EDGE_CURVE('',#1477,#1479,#797,.T.);
#1846=EDGE_CURVE('',#1480,#1478,#798,.T.);
#1847=EDGE_CURVE('',#1479,#1480,#799,.T.);
#1848=EDGE_CURVE('',#1479,#1481,#800,.T.);
#1849=EDGE_CURVE('',#1482,#1480,#801,.T.);
#1850=EDGE_CURVE('',#1481,#1482,#802,.T.);
#1851=EDGE_CURVE('',#1481,#1483,#803,.T.);
#1852=EDGE_CURVE('',#1484,#1482,#804,.T.);
#1853=EDGE_CURVE('',#1483,#1484,#805,.T.);
#1854=EDGE_CURVE('',#1483,#1485,#806,.T.);
#1855=EDGE_CURVE('',#1486,#1484,#807,.T.);
#1856=EDGE_CURVE('',#1485,#1486,#808,.T.);
#1857=EDGE_CURVE('',#1485,#1487,#809,.T.);
#1858=EDGE_CURVE('',#1488,#1486,#810,.T.);
#1859=EDGE_CURVE('',#1487,#1488,#811,.T.);
#1860=EDGE_CURVE('',#1487,#1489,#812,.T.);
#1861=EDGE_CURVE('',#1490,#1488,#813,.T.);
#1862=EDGE_CURVE('',#1489,#1490,#814,.T.);
#1863=EDGE_CURVE('',#1489,#1467,#815,.T.);
#1864=EDGE_CURVE('',#1469,#1490,#816,.T.);
#1865=EDGE_CURVE('',#1491,#1491,#1321,.T.);
#1866=EDGE_CURVE('',#1492,#1492,#1322,.T.);
#1867=EDGE_CURVE('',#1493,#1494,#817,.T.);
#1868=EDGE_CURVE('',#1493,#1495,#818,.T.);
#1869=EDGE_CURVE('',#1496,#1495,#819,.T.);
#1870=EDGE_CURVE('',#1494,#1496,#820,.T.);
#1871=EDGE_CURVE('',#1494,#1497,#821,.T.);
#1872=EDGE_CURVE('',#1498,#1496,#822,.T.);
#1873=EDGE_CURVE('',#1497,#1498,#823,.T.);
#1874=EDGE_CURVE('',#1497,#1499,#824,.T.);
#1875=EDGE_CURVE('',#1500,#1498,#825,.T.);
#1876=EDGE_CURVE('',#1499,#1500,#826,.T.);
#1877=EDGE_CURVE('',#1499,#1501,#827,.T.);
#1878=EDGE_CURVE('',#1502,#1500,#828,.T.);
#1879=EDGE_CURVE('',#1501,#1502,#829,.T.);
#1880=EDGE_CURVE('',#1501,#1503,#830,.T.);
#1881=EDGE_CURVE('',#1504,#1502,#831,.T.);
#1882=EDGE_CURVE('',#1503,#1504,#832,.T.);
#1883=EDGE_CURVE('',#1503,#1505,#833,.T.);
#1884=EDGE_CURVE('',#1506,#1504,#834,.T.);
#1885=EDGE_CURVE('',#1505,#1506,#835,.T.);
#1886=EDGE_CURVE('',#1505,#1493,#836,.T.);
#1887=EDGE_CURVE('',#1495,#1506,#837,.T.);
#1888=EDGE_CURVE('',#1507,#1508,#838,.T.);
#1889=EDGE_CURVE('',#1507,#1509,#839,.T.);
#1890=EDGE_CURVE('',#1510,#1509,#840,.T.);
#1891=EDGE_CURVE('',#1508,#1510,#841,.T.);
#1892=EDGE_CURVE('',#1508,#1511,#842,.T.);
#1893=EDGE_CURVE('',#1512,#1510,#843,.T.);
#1894=EDGE_CURVE('',#1511,#1512,#844,.T.);
#1895=EDGE_CURVE('',#1511,#1513,#27,.T.);
#1896=EDGE_CURVE('',#1514,#1512,#28,.T.);
#1897=EDGE_CURVE('',#1513,#1514,#845,.T.);
#1898=EDGE_CURVE('',#1513,#1515,#29,.T.);
#1899=EDGE_CURVE('',#1516,#1514,#30,.T.);
#1900=EDGE_CURVE('',#1515,#1516,#846,.T.);
#1901=EDGE_CURVE('',#1515,#1517,#31,.T.);
#1902=EDGE_CURVE('',#1518,#1516,#32,.T.);
#1903=EDGE_CURVE('',#1517,#1518,#847,.T.);
#1904=EDGE_CURVE('',#1517,#1519,#33,.T.);
#1905=EDGE_CURVE('',#1520,#1518,#34,.T.);
#1906=EDGE_CURVE('',#1519,#1520,#848,.T.);
#1907=EDGE_CURVE('',#1519,#1521,#35,.T.);
#1908=EDGE_CURVE('',#1522,#1520,#36,.T.);
#1909=EDGE_CURVE('',#1521,#1522,#849,.T.);
#1910=EDGE_CURVE('',#1521,#1523,#37,.T.);
#1911=EDGE_CURVE('',#1524,#1522,#38,.T.);
#1912=EDGE_CURVE('',#1523,#1524,#850,.T.);
#1913=EDGE_CURVE('',#1523,#1525,#39,.T.);
#1914=EDGE_CURVE('',#1526,#1524,#40,.T.);
#1915=EDGE_CURVE('',#1525,#1526,#851,.T.);
#1916=EDGE_CURVE('',#1525,#1527,#41,.T.);
#1917=EDGE_CURVE('',#1528,#1526,#42,.T.);
#1918=EDGE_CURVE('',#1527,#1528,#852,.T.);
#1919=EDGE_CURVE('',#1527,#1529,#853,.T.);
#1920=EDGE_CURVE('',#1530,#1528,#854,.T.);
#1921=EDGE_CURVE('',#1529,#1530,#855,.T.);
#1922=EDGE_CURVE('',#1529,#1531,#856,.T.);
#1923=EDGE_CURVE('',#1532,#1530,#857,.T.);
#1924=EDGE_CURVE('',#1531,#1532,#858,.T.);
#1925=EDGE_CURVE('',#1531,#1533,#43,.T.);
#1926=EDGE_CURVE('',#1534,#1532,#44,.T.);
#1927=EDGE_CURVE('',#1533,#1534,#859,.T.);
#1928=EDGE_CURVE('',#1533,#1535,#45,.T.);
#1929=EDGE_CURVE('',#1536,#1534,#46,.T.);
#1930=EDGE_CURVE('',#1535,#1536,#860,.T.);
#1931=EDGE_CURVE('',#1535,#1537,#47,.T.);
#1932=EDGE_CURVE('',#1538,#1536,#48,.T.);
#1933=EDGE_CURVE('',#1537,#1538,#861,.T.);
#1934=EDGE_CURVE('',#1537,#1539,#49,.T.);
#1935=EDGE_CURVE('',#1540,#1538,#50,.T.);
#1936=EDGE_CURVE('',#1539,#1540,#862,.T.);
#1937=EDGE_CURVE('',#1539,#1541,#51,.T.);
#1938=EDGE_CURVE('',#1542,#1540,#52,.T.);
#1939=EDGE_CURVE('',#1541,#1542,#863,.T.);
#1940=EDGE_CURVE('',#1541,#1543,#53,.T.);
#1941=EDGE_CURVE('',#1544,#1542,#54,.T.);
#1942=EDGE_CURVE('',#1543,#1544,#864,.T.);
#1943=EDGE_CURVE('',#1543,#1545,#55,.T.);
#1944=EDGE_CURVE('',#1546,#1544,#56,.T.);
#1945=EDGE_CURVE('',#1545,#1546,#865,.T.);
#1946=EDGE_CURVE('',#1545,#1507,#57,.T.);
#1947=EDGE_CURVE('',#1509,#1546,#58,.T.);
#1948=EDGE_CURVE('',#1547,#1548,#866,.T.);
#1949=EDGE_CURVE('',#1547,#1549,#867,.T.);
#1950=EDGE_CURVE('',#1550,#1549,#868,.T.);
#1951=EDGE_CURVE('',#1548,#1550,#869,.T.);
#1952=EDGE_CURVE('',#1551,#1547,#870,.T.);
#1953=EDGE_CURVE('',#1551,#1552,#871,.T.);
#1954=EDGE_CURVE('',#1549,#1552,#872,.T.);
#1955=EDGE_CURVE('',#1548,#1551,#873,.T.);
#1956=EDGE_CURVE('',#1552,#1550,#874,.T.);
#1957=EDGE_CURVE('',#1553,#1554,#875,.T.);
#1958=EDGE_CURVE('',#1553,#1555,#876,.T.);
#1959=EDGE_CURVE('',#1556,#1555,#877,.T.);
#1960=EDGE_CURVE('',#1554,#1556,#878,.T.);
#1961=EDGE_CURVE('',#1554,#1557,#879,.T.);
#1962=EDGE_CURVE('',#1558,#1556,#880,.T.);
#1963=EDGE_CURVE('',#1557,#1558,#881,.T.);
#1964=EDGE_CURVE('',#1557,#1559,#882,.T.);
#1965=EDGE_CURVE('',#1560,#1558,#883,.T.);
#1966=EDGE_CURVE('',#1559,#1560,#884,.T.);
#1967=EDGE_CURVE('',#1559,#1561,#885,.T.);
#1968=EDGE_CURVE('',#1562,#1560,#886,.T.);
#1969=EDGE_CURVE('',#1561,#1562,#887,.T.);
#1970=EDGE_CURVE('',#1561,#1563,#888,.T.);
#1971=EDGE_CURVE('',#1564,#1562,#889,.T.);
#1972=EDGE_CURVE('',#1563,#1564,#890,.T.);
#1973=EDGE_CURVE('',#1563,#1565,#891,.T.);
#1974=EDGE_CURVE('',#1566,#1564,#892,.T.);
#1975=EDGE_CURVE('',#1565,#1566,#893,.T.);
#1976=EDGE_CURVE('',#1565,#1567,#894,.T.);
#1977=EDGE_CURVE('',#1568,#1566,#895,.T.);
#1978=EDGE_CURVE('',#1567,#1568,#896,.T.);
#1979=EDGE_CURVE('',#1567,#1553,#897,.T.);
#1980=EDGE_CURVE('',#1555,#1568,#898,.T.);
#1981=EDGE_CURVE('',#1569,#1570,#899,.T.);
#1982=EDGE_CURVE('',#1569,#1571,#900,.T.);
#1983=EDGE_CURVE('',#1572,#1571,#901,.T.);
#1984=EDGE_CURVE('',#1570,#1572,#902,.T.);
#1985=EDGE_CURVE('',#1570,#1573,#903,.T.);
#1986=EDGE_CURVE('',#1574,#1572,#904,.T.);
#1987=EDGE_CURVE('',#1573,#1574,#905,.T.);
#1988=EDGE_CURVE('',#1573,#1575,#906,.T.);
#1989=EDGE_CURVE('',#1576,#1574,#907,.T.);
#1990=EDGE_CURVE('',#1575,#1576,#908,.T.);
#1991=EDGE_CURVE('',#1575,#1577,#909,.T.);
#1992=EDGE_CURVE('',#1578,#1576,#910,.T.);
#1993=EDGE_CURVE('',#1577,#1578,#911,.T.);
#1994=EDGE_CURVE('',#1577,#1579,#912,.T.);
#1995=EDGE_CURVE('',#1580,#1578,#913,.T.);
#1996=EDGE_CURVE('',#1579,#1580,#914,.T.);
#1997=EDGE_CURVE('',#1579,#1581,#915,.T.);
#1998=EDGE_CURVE('',#1582,#1580,#916,.T.);
#1999=EDGE_CURVE('',#1581,#1582,#917,.T.);
#2000=EDGE_CURVE('',#1581,#1583,#918,.T.);
#2001=EDGE_CURVE('',#1584,#1582,#919,.T.);
#2002=EDGE_CURVE('',#1583,#1584,#920,.T.);
#2003=EDGE_CURVE('',#1583,#1585,#921,.T.);
#2004=EDGE_CURVE('',#1586,#1584,#922,.T.);
#2005=EDGE_CURVE('',#1585,#1586,#923,.T.);
#2006=EDGE_CURVE('',#1585,#1569,#924,.T.);
#2007=EDGE_CURVE('',#1571,#1586,#925,.T.);
#2008=EDGE_CURVE('',#1587,#1588,#926,.T.);
#2009=EDGE_CURVE('',#1587,#1589,#927,.T.);
#2010=EDGE_CURVE('',#1590,#1589,#928,.T.);
#2011=EDGE_CURVE('',#1588,#1590,#929,.T.);
#2012=EDGE_CURVE('',#1588,#1591,#930,.T.);
#2013=EDGE_CURVE('',#1592,#1590,#931,.T.);
#2014=EDGE_CURVE('',#1591,#1592,#932,.T.);
#2015=EDGE_CURVE('',#1591,#1587,#933,.T.);
#2016=EDGE_CURVE('',#1589,#1592,#934,.T.);
#2017=EDGE_CURVE('',#1593,#1594,#935,.T.);
#2018=EDGE_CURVE('',#1594,#1595,#936,.T.);
#2019=EDGE_CURVE('',#1596,#1595,#937,.T.);
#2020=EDGE_CURVE('',#1593,#1596,#938,.T.);
#2021=EDGE_CURVE('',#1597,#1593,#939,.T.);
#2022=EDGE_CURVE('',#1598,#1596,#940,.T.);
#2023=EDGE_CURVE('',#1597,#1598,#941,.T.);
#2024=EDGE_CURVE('',#1599,#1597,#942,.T.);
#2025=EDGE_CURVE('',#1600,#1598,#943,.T.);
#2026=EDGE_CURVE('',#1599,#1600,#944,.T.);
#2027=EDGE_CURVE('',#1594,#1599,#945,.T.);
#2028=EDGE_CURVE('',#1595,#1600,#946,.T.);
#2029=ORIENTED_EDGE('',*,*,#1601,.T.);
#2030=ORIENTED_EDGE('',*,*,#1602,.T.);
#2031=ORIENTED_EDGE('',*,*,#1603,.T.);
#2032=ORIENTED_EDGE('',*,*,#1604,.T.);
#2033=ORIENTED_EDGE('',*,*,#1605,.T.);
#2034=ORIENTED_EDGE('',*,*,#1606,.T.);
#2035=ORIENTED_EDGE('',*,*,#1607,.T.);
#2036=ORIENTED_EDGE('',*,*,#1608,.T.);
#2037=ORIENTED_EDGE('',*,*,#1605,.F.);
#2038=ORIENTED_EDGE('',*,*,#1609,.T.);
#2039=ORIENTED_EDGE('',*,*,#1603,.F.);
#2040=ORIENTED_EDGE('',*,*,#1610,.T.);
#2041=ORIENTED_EDGE('',*,*,#1611,.T.);
#2042=ORIENTED_EDGE('',*,*,#1612,.T.);
#2043=ORIENTED_EDGE('',*,*,#1613,.T.);
#2044=ORIENTED_EDGE('',*,*,#1610,.F.);
#2045=ORIENTED_EDGE('',*,*,#1614,.T.);
#2046=ORIENTED_EDGE('',*,*,#1607,.F.);
#2047=ORIENTED_EDGE('',*,*,#1615,.T.);
#2048=ORIENTED_EDGE('',*,*,#1616,.T.);
#2049=ORIENTED_EDGE('',*,*,#1617,.T.);
#2050=ORIENTED_EDGE('',*,*,#1618,.T.);
#2051=ORIENTED_EDGE('',*,*,#1615,.F.);
#2052=ORIENTED_EDGE('',*,*,#1619,.T.);
#2053=ORIENTED_EDGE('',*,*,#1612,.F.);
#2054=ORIENTED_EDGE('',*,*,#1601,.F.);
#2055=ORIENTED_EDGE('',*,*,#1620,.T.);
#2056=ORIENTED_EDGE('',*,*,#1617,.F.);
#2057=ORIENTED_EDGE('',*,*,#1614,.F.);
#2058=ORIENTED_EDGE('',*,*,#1621,.T.);
#2059=ORIENTED_EDGE('',*,*,#1622,.T.);
#2060=ORIENTED_EDGE('',*,*,#1623,.T.);
#2061=ORIENTED_EDGE('',*,*,#1624,.T.);
#2062=ORIENTED_EDGE('',*,*,#1625,.T.);
#2063=ORIENTED_EDGE('',*,*,#1613,.F.);
#2064=ORIENTED_EDGE('',*,*,#1626,.F.);
#2065=ORIENTED_EDGE('',*,*,#1627,.T.);
#2066=ORIENTED_EDGE('',*,*,#1621,.F.);
#2067=ORIENTED_EDGE('',*,*,#1619,.F.);
#2068=ORIENTED_EDGE('',*,*,#1628,.T.);
#2069=ORIENTED_EDGE('',*,*,#1629,.T.);
#2070=ORIENTED_EDGE('',*,*,#1630,.T.);
#2071=ORIENTED_EDGE('',*,*,#1631,.T.);
#2072=ORIENTED_EDGE('',*,*,#1626,.T.);
#2073=ORIENTED_EDGE('',*,*,#1618,.F.);
#2074=ORIENTED_EDGE('',*,*,#1632,.F.);
#2075=ORIENTED_EDGE('',*,*,#1633,.T.);
#2076=ORIENTED_EDGE('',*,*,#1628,.F.);
#2077=ORIENTED_EDGE('',*,*,#1602,.F.);
#2078=ORIENTED_EDGE('',*,*,#1616,.F.);
#2079=ORIENTED_EDGE('',*,*,#1611,.F.);
#2080=ORIENTED_EDGE('',*,*,#1606,.F.);
#2081=ORIENTED_EDGE('',*,*,#1634,.T.);
#2082=ORIENTED_EDGE('',*,*,#1635,.T.);
#2083=ORIENTED_EDGE('',*,*,#1636,.T.);
#2084=ORIENTED_EDGE('',*,*,#1637,.T.);
#2085=ORIENTED_EDGE('',*,*,#1638,.T.);
#2086=ORIENTED_EDGE('',*,*,#1639,.T.);
#2087=ORIENTED_EDGE('',*,*,#1640,.T.);
#2088=ORIENTED_EDGE('',*,*,#1641,.T.);
#2089=ORIENTED_EDGE('',*,*,#1638,.F.);
#2090=ORIENTED_EDGE('',*,*,#1642,.T.);
#2091=ORIENTED_EDGE('',*,*,#1636,.F.);
#2092=ORIENTED_EDGE('',*,*,#1643,.T.);
#2093=ORIENTED_EDGE('',*,*,#1644,.T.);
#2094=ORIENTED_EDGE('',*,*,#1645,.T.);
#2095=ORIENTED_EDGE('',*,*,#1646,.T.);
#2096=ORIENTED_EDGE('',*,*,#1643,.F.);
#2097=ORIENTED_EDGE('',*,*,#1647,.T.);
#2098=ORIENTED_EDGE('',*,*,#1640,.F.);
#2099=ORIENTED_EDGE('',*,*,#1648,.T.);
#2100=ORIENTED_EDGE('',*,*,#1649,.T.);
#2101=ORIENTED_EDGE('',*,*,#1650,.T.);
#2102=ORIENTED_EDGE('',*,*,#1651,.T.);
#2103=ORIENTED_EDGE('',*,*,#1648,.F.);
#2104=ORIENTED_EDGE('',*,*,#1652,.T.);
#2105=ORIENTED_EDGE('',*,*,#1645,.F.);
#2106=ORIENTED_EDGE('',*,*,#1634,.F.);
#2107=ORIENTED_EDGE('',*,*,#1653,.T.);
#2108=ORIENTED_EDGE('',*,*,#1650,.F.);
#2109=ORIENTED_EDGE('',*,*,#1647,.F.);
#2110=ORIENTED_EDGE('',*,*,#1654,.T.);
#2111=ORIENTED_EDGE('',*,*,#1655,.T.);
#2112=ORIENTED_EDGE('',*,*,#1623,.F.);
#2113=ORIENTED_EDGE('',*,*,#1656,.T.);
#2114=ORIENTED_EDGE('',*,*,#1657,.T.);
#2115=ORIENTED_EDGE('',*,*,#1646,.F.);
#2116=ORIENTED_EDGE('',*,*,#1658,.F.);
#2117=ORIENTED_EDGE('',*,*,#1659,.T.);
#2118=ORIENTED_EDGE('',*,*,#1654,.F.);
#2119=ORIENTED_EDGE('',*,*,#1652,.F.);
#2120=ORIENTED_EDGE('',*,*,#1660,.T.);
#2121=ORIENTED_EDGE('',*,*,#1661,.T.);
#2122=ORIENTED_EDGE('',*,*,#1662,.F.);
#2123=ORIENTED_EDGE('',*,*,#1663,.T.);
#2124=ORIENTED_EDGE('',*,*,#1658,.T.);
#2125=ORIENTED_EDGE('',*,*,#1651,.F.);
#2126=ORIENTED_EDGE('',*,*,#1664,.F.);
#2127=ORIENTED_EDGE('',*,*,#1665,.T.);
#2128=ORIENTED_EDGE('',*,*,#1660,.F.);
#2129=ORIENTED_EDGE('',*,*,#1635,.F.);
#2130=ORIENTED_EDGE('',*,*,#1649,.F.);
#2131=ORIENTED_EDGE('',*,*,#1644,.F.);
#2132=ORIENTED_EDGE('',*,*,#1639,.F.);
#2133=ORIENTED_EDGE('',*,*,#1622,.F.);
#2134=ORIENTED_EDGE('',*,*,#1627,.F.);
#2135=ORIENTED_EDGE('',*,*,#1631,.F.);
#2136=ORIENTED_EDGE('',*,*,#1666,.F.);
#2137=ORIENTED_EDGE('',*,*,#1667,.F.);
#2138=ORIENTED_EDGE('',*,*,#1656,.F.);
#2139=ORIENTED_EDGE('',*,*,#1609,.F.);
#2140=ORIENTED_EDGE('',*,*,#1668,.T.);
#2141=ORIENTED_EDGE('',*,*,#1669,.T.);
#2142=ORIENTED_EDGE('',*,*,#1662,.T.);
#2143=ORIENTED_EDGE('',*,*,#1670,.T.);
#2144=ORIENTED_EDGE('',*,*,#1671,.T.);
#2145=ORIENTED_EDGE('',*,*,#1604,.F.);
#2146=ORIENTED_EDGE('',*,*,#1671,.F.);
#2147=ORIENTED_EDGE('',*,*,#1672,.T.);
#2148=ORIENTED_EDGE('',*,*,#1673,.F.);
#2149=ORIENTED_EDGE('',*,*,#1670,.F.);
#2150=ORIENTED_EDGE('',*,*,#1661,.F.);
#2151=ORIENTED_EDGE('',*,*,#1665,.F.);
#2152=ORIENTED_EDGE('',*,*,#1674,.F.);
#2153=ORIENTED_EDGE('',*,*,#1675,.F.);
#2154=ORIENTED_EDGE('',*,*,#1672,.F.);
#2155=ORIENTED_EDGE('',*,*,#1620,.F.);
#2156=ORIENTED_EDGE('',*,*,#1673,.T.);
#2157=ORIENTED_EDGE('',*,*,#1675,.T.);
#2158=ORIENTED_EDGE('',*,*,#1676,.T.);
#2159=ORIENTED_EDGE('',*,*,#1677,.T.);
#2160=ORIENTED_EDGE('',*,*,#1632,.T.);
#2161=ORIENTED_EDGE('',*,*,#1629,.F.);
#2162=ORIENTED_EDGE('',*,*,#1633,.F.);
#2163=ORIENTED_EDGE('',*,*,#1677,.F.);
#2164=ORIENTED_EDGE('',*,*,#1678,.F.);
#2165=ORIENTED_EDGE('',*,*,#1679,.F.);
#2166=ORIENTED_EDGE('',*,*,#1680,.F.);
#2167=ORIENTED_EDGE('',*,*,#1641,.F.);
#2168=ORIENTED_EDGE('',*,*,#1657,.F.);
#2169=ORIENTED_EDGE('',*,*,#1667,.T.);
#2170=ORIENTED_EDGE('',*,*,#1681,.F.);
#2171=ORIENTED_EDGE('',*,*,#1608,.F.);
#2172=ORIENTED_EDGE('',*,*,#1625,.F.);
#2173=ORIENTED_EDGE('',*,*,#1682,.T.);
#2174=ORIENTED_EDGE('',*,*,#1668,.F.);
#2175=ORIENTED_EDGE('',*,*,#1642,.F.);
#2176=ORIENTED_EDGE('',*,*,#1681,.T.);
#2177=ORIENTED_EDGE('',*,*,#1666,.T.);
#2178=ORIENTED_EDGE('',*,*,#1630,.F.);
#2179=ORIENTED_EDGE('',*,*,#1680,.T.);
#2180=ORIENTED_EDGE('',*,*,#1683,.T.);
#2181=ORIENTED_EDGE('',*,*,#1637,.F.);
#2182=ORIENTED_EDGE('',*,*,#1683,.F.);
#2183=ORIENTED_EDGE('',*,*,#1679,.T.);
#2184=ORIENTED_EDGE('',*,*,#1684,.F.);
#2185=ORIENTED_EDGE('',*,*,#1653,.F.);
#2186=ORIENTED_EDGE('',*,*,#1684,.T.);
#2187=ORIENTED_EDGE('',*,*,#1678,.T.);
#2188=ORIENTED_EDGE('',*,*,#1676,.F.);
#2189=ORIENTED_EDGE('',*,*,#1674,.T.);
#2190=ORIENTED_EDGE('',*,*,#1664,.T.);
#2191=ORIENTED_EDGE('',*,*,#1624,.F.);
#2192=ORIENTED_EDGE('',*,*,#1655,.F.);
#2193=ORIENTED_EDGE('',*,*,#1659,.F.);
#2194=ORIENTED_EDGE('',*,*,#1663,.F.);
#2195=ORIENTED_EDGE('',*,*,#1669,.F.);
#2196=ORIENTED_EDGE('',*,*,#1682,.F.);
#2197=ORIENTED_EDGE('',*,*,#1685,.F.);
#2198=ORIENTED_EDGE('',*,*,#1686,.F.);
#2199=ORIENTED_EDGE('',*,*,#1687,.F.);
#2200=ORIENTED_EDGE('',*,*,#1688,.F.);
#2201=ORIENTED_EDGE('',*,*,#1687,.T.);
#2202=ORIENTED_EDGE('',*,*,#1689,.F.);
#2203=ORIENTED_EDGE('',*,*,#1690,.T.);
#2204=ORIENTED_EDGE('',*,*,#1691,.F.);
#2205=ORIENTED_EDGE('',*,*,#1692,.T.);
#2206=ORIENTED_EDGE('',*,*,#1693,.F.);
#2207=ORIENTED_EDGE('',*,*,#1694,.F.);
#2208=ORIENTED_EDGE('',*,*,#1695,.F.);
#2209=ORIENTED_EDGE('',*,*,#1696,.T.);
#2210=ORIENTED_EDGE('',*,*,#1697,.F.);
#2211=ORIENTED_EDGE('',*,*,#1698,.T.);
#2212=ORIENTED_EDGE('',*,*,#1699,.F.);
#2213=ORIENTED_EDGE('',*,*,#1700,.F.);
#2214=ORIENTED_EDGE('',*,*,#1701,.F.);
#2215=ORIENTED_EDGE('',*,*,#1698,.F.);
#2216=ORIENTED_EDGE('',*,*,#1702,.F.);
#2217=ORIENTED_EDGE('',*,*,#1702,.T.);
#2218=ORIENTED_EDGE('',*,*,#1697,.T.);
#2219=ORIENTED_EDGE('',*,*,#1703,.T.);
#2220=ORIENTED_EDGE('',*,*,#1704,.T.);
#2221=ORIENTED_EDGE('',*,*,#1705,.F.);
#2222=ORIENTED_EDGE('',*,*,#1706,.F.);
#2223=ORIENTED_EDGE('',*,*,#1692,.F.);
#2224=ORIENTED_EDGE('',*,*,#1707,.F.);
#2225=ORIENTED_EDGE('',*,*,#1707,.T.);
#2226=ORIENTED_EDGE('',*,*,#1691,.T.);
#2227=ORIENTED_EDGE('',*,*,#1708,.T.);
#2228=ORIENTED_EDGE('',*,*,#1709,.T.);
#2229=ORIENTED_EDGE('',*,*,#1710,.F.);
#2230=ORIENTED_EDGE('',*,*,#1708,.F.);
#2231=ORIENTED_EDGE('',*,*,#1690,.F.);
#2232=ORIENTED_EDGE('',*,*,#1711,.F.);
#2233=ORIENTED_EDGE('',*,*,#1711,.T.);
#2234=ORIENTED_EDGE('',*,*,#1689,.T.);
#2235=ORIENTED_EDGE('',*,*,#1686,.T.);
#2236=ORIENTED_EDGE('',*,*,#1712,.T.);
#2237=ORIENTED_EDGE('',*,*,#1685,.T.);
#2238=ORIENTED_EDGE('',*,*,#1713,.F.);
#2239=ORIENTED_EDGE('',*,*,#1700,.T.);
#2240=ORIENTED_EDGE('',*,*,#1704,.F.);
#2241=ORIENTED_EDGE('',*,*,#1714,.T.);
#2242=ORIENTED_EDGE('',*,*,#1715,.F.);
#2243=ORIENTED_EDGE('',*,*,#1716,.F.);
#2244=ORIENTED_EDGE('',*,*,#1717,.F.);
#2245=ORIENTED_EDGE('',*,*,#1705,.T.);
#2246=ORIENTED_EDGE('',*,*,#1709,.F.);
#2247=ORIENTED_EDGE('',*,*,#1710,.T.);
#2248=ORIENTED_EDGE('',*,*,#1712,.F.);
#2249=ORIENTED_EDGE('',*,*,#1696,.F.);
#2250=ORIENTED_EDGE('',*,*,#1718,.F.);
#2251=ORIENTED_EDGE('',*,*,#1714,.F.);
#2252=ORIENTED_EDGE('',*,*,#1703,.F.);
#2253=ORIENTED_EDGE('',*,*,#1688,.T.);
#2254=ORIENTED_EDGE('',*,*,#1699,.T.);
#2255=ORIENTED_EDGE('',*,*,#1701,.T.);
#2256=ORIENTED_EDGE('',*,*,#1713,.T.);
#2257=ORIENTED_EDGE('',*,*,#1719,.T.);
#2258=ORIENTED_EDGE('',*,*,#1716,.T.);
#2259=ORIENTED_EDGE('',*,*,#1720,.T.);
#2260=ORIENTED_EDGE('',*,*,#1694,.T.);
#2261=ORIENTED_EDGE('',*,*,#1718,.T.);
#2262=ORIENTED_EDGE('',*,*,#1695,.T.);
#2263=ORIENTED_EDGE('',*,*,#1720,.F.);
#2264=ORIENTED_EDGE('',*,*,#1715,.T.);
#2265=ORIENTED_EDGE('',*,*,#1706,.T.);
#2266=ORIENTED_EDGE('',*,*,#1717,.T.);
#2267=ORIENTED_EDGE('',*,*,#1719,.F.);
#2268=ORIENTED_EDGE('',*,*,#1693,.T.);
#2269=ORIENTED_EDGE('',*,*,#1721,.T.);
#2270=ORIENTED_EDGE('',*,*,#1722,.T.);
#2271=ORIENTED_EDGE('',*,*,#1723,.F.);
#2272=ORIENTED_EDGE('',*,*,#1724,.T.);
#2273=ORIENTED_EDGE('',*,*,#1725,.T.);
#2274=ORIENTED_EDGE('',*,*,#1726,.T.);
#2275=ORIENTED_EDGE('',*,*,#1727,.F.);
#2276=ORIENTED_EDGE('',*,*,#1728,.T.);
#2277=ORIENTED_EDGE('',*,*,#1723,.T.);
#2278=ORIENTED_EDGE('',*,*,#1729,.T.);
#2279=ORIENTED_EDGE('',*,*,#1727,.T.);
#2280=ORIENTED_EDGE('',*,*,#1730,.T.);
#2281=ORIENTED_EDGE('',*,*,#1731,.T.);
#2282=ORIENTED_EDGE('',*,*,#1732,.T.);
#2283=ORIENTED_EDGE('',*,*,#1733,.T.);
#2284=ORIENTED_EDGE('',*,*,#1734,.T.);
#2285=ORIENTED_EDGE('',*,*,#1735,.F.);
#2286=ORIENTED_EDGE('',*,*,#1725,.F.);
#2287=ORIENTED_EDGE('',*,*,#1736,.F.);
#2288=ORIENTED_EDGE('',*,*,#1737,.F.);
#2289=ORIENTED_EDGE('',*,*,#1738,.T.);
#2290=ORIENTED_EDGE('',*,*,#1734,.F.);
#2291=ORIENTED_EDGE('',*,*,#1739,.T.);
#2292=ORIENTED_EDGE('',*,*,#1740,.F.);
#2293=ORIENTED_EDGE('',*,*,#1736,.T.);
#2294=ORIENTED_EDGE('',*,*,#1728,.F.);
#2295=ORIENTED_EDGE('',*,*,#1729,.F.);
#2296=ORIENTED_EDGE('',*,*,#1722,.F.);
#2297=ORIENTED_EDGE('',*,*,#1741,.T.);
#2298=ORIENTED_EDGE('',*,*,#1742,.F.);
#2299=ORIENTED_EDGE('',*,*,#1743,.T.);
#2300=ORIENTED_EDGE('',*,*,#1744,.F.);
#2301=ORIENTED_EDGE('',*,*,#1745,.T.);
#2302=ORIENTED_EDGE('',*,*,#1746,.T.);
#2303=ORIENTED_EDGE('',*,*,#1747,.T.);
#2304=ORIENTED_EDGE('',*,*,#1744,.T.);
#2305=ORIENTED_EDGE('',*,*,#1743,.F.);
#2306=ORIENTED_EDGE('',*,*,#1748,.F.);
#2307=ORIENTED_EDGE('',*,*,#1749,.F.);
#2308=ORIENTED_EDGE('',*,*,#1745,.F.);
#2309=ORIENTED_EDGE('',*,*,#1750,.T.);
#2310=ORIENTED_EDGE('',*,*,#1751,.T.);
#2311=ORIENTED_EDGE('',*,*,#1748,.T.);
#2312=ORIENTED_EDGE('',*,*,#1742,.T.);
#2313=ORIENTED_EDGE('',*,*,#1741,.F.);
#2314=ORIENTED_EDGE('',*,*,#1721,.F.);
#2315=ORIENTED_EDGE('',*,*,#1752,.F.);
#2316=ORIENTED_EDGE('',*,*,#1750,.F.);
#2317=ORIENTED_EDGE('',*,*,#1753,.T.);
#2318=ORIENTED_EDGE('',*,*,#1754,.T.);
#2319=ORIENTED_EDGE('',*,*,#1737,.T.);
#2320=ORIENTED_EDGE('',*,*,#1740,.T.);
#2321=ORIENTED_EDGE('',*,*,#1739,.F.);
#2322=ORIENTED_EDGE('',*,*,#1733,.F.);
#2323=ORIENTED_EDGE('',*,*,#1755,.F.);
#2324=ORIENTED_EDGE('',*,*,#1753,.F.);
#2325=ORIENTED_EDGE('',*,*,#1756,.T.);
#2326=ORIENTED_EDGE('',*,*,#1746,.F.);
#2327=ORIENTED_EDGE('',*,*,#1749,.T.);
#2328=ORIENTED_EDGE('',*,*,#1751,.F.);
#2329=ORIENTED_EDGE('',*,*,#1752,.T.);
#2330=ORIENTED_EDGE('',*,*,#1724,.F.);
#2331=ORIENTED_EDGE('',*,*,#1730,.F.);
#2332=ORIENTED_EDGE('',*,*,#1726,.F.);
#2333=ORIENTED_EDGE('',*,*,#1735,.T.);
#2334=ORIENTED_EDGE('',*,*,#1754,.F.);
#2335=ORIENTED_EDGE('',*,*,#1755,.T.);
#2336=ORIENTED_EDGE('',*,*,#1732,.F.);
#2337=ORIENTED_EDGE('',*,*,#1738,.F.);
#2338=ORIENTED_EDGE('',*,*,#1747,.F.);
#2339=ORIENTED_EDGE('',*,*,#1756,.F.);
#2340=ORIENTED_EDGE('',*,*,#1731,.F.);
#2341=ORIENTED_EDGE('',*,*,#1757,.F.);
#2342=ORIENTED_EDGE('',*,*,#1758,.T.);
#2343=ORIENTED_EDGE('',*,*,#1759,.F.);
#2344=ORIENTED_EDGE('',*,*,#1760,.F.);
#2345=ORIENTED_EDGE('',*,*,#1759,.T.);
#2346=ORIENTED_EDGE('',*,*,#1761,.T.);
#2347=ORIENTED_EDGE('',*,*,#1762,.F.);
#2348=ORIENTED_EDGE('',*,*,#1763,.T.);
#2349=ORIENTED_EDGE('',*,*,#1764,.F.);
#2350=ORIENTED_EDGE('',*,*,#1765,.T.);
#2351=ORIENTED_EDGE('',*,*,#1766,.T.);
#2352=ORIENTED_EDGE('',*,*,#1767,.T.);
#2353=ORIENTED_EDGE('',*,*,#1768,.F.);
#2354=ORIENTED_EDGE('',*,*,#1769,.T.);
#2355=ORIENTED_EDGE('',*,*,#1770,.F.);
#2356=ORIENTED_EDGE('',*,*,#1771,.T.);
#2357=ORIENTED_EDGE('',*,*,#1770,.T.);
#2358=ORIENTED_EDGE('',*,*,#1772,.T.);
#2359=ORIENTED_EDGE('',*,*,#1773,.T.);
#2360=ORIENTED_EDGE('',*,*,#1774,.T.);
#2361=ORIENTED_EDGE('',*,*,#1772,.F.);
#2362=ORIENTED_EDGE('',*,*,#1769,.F.);
#2363=ORIENTED_EDGE('',*,*,#1775,.F.);
#2364=ORIENTED_EDGE('',*,*,#1776,.F.);
#2365=ORIENTED_EDGE('',*,*,#1764,.T.);
#2366=ORIENTED_EDGE('',*,*,#1777,.T.);
#2367=ORIENTED_EDGE('',*,*,#1778,.T.);
#2368=ORIENTED_EDGE('',*,*,#1779,.T.);
#2369=ORIENTED_EDGE('',*,*,#1777,.F.);
#2370=ORIENTED_EDGE('',*,*,#1763,.F.);
#2371=ORIENTED_EDGE('',*,*,#1780,.F.);
#2372=ORIENTED_EDGE('',*,*,#1781,.F.);
#2373=ORIENTED_EDGE('',*,*,#1762,.T.);
#2374=ORIENTED_EDGE('',*,*,#1782,.T.);
#2375=ORIENTED_EDGE('',*,*,#1783,.T.);
#2376=ORIENTED_EDGE('',*,*,#1780,.T.);
#2377=ORIENTED_EDGE('',*,*,#1782,.F.);
#2378=ORIENTED_EDGE('',*,*,#1761,.F.);
#2379=ORIENTED_EDGE('',*,*,#1758,.F.);
#2380=ORIENTED_EDGE('',*,*,#1784,.F.);
#2381=ORIENTED_EDGE('',*,*,#1785,.T.);
#2382=ORIENTED_EDGE('',*,*,#1775,.T.);
#2383=ORIENTED_EDGE('',*,*,#1768,.T.);
#2384=ORIENTED_EDGE('',*,*,#1786,.T.);
#2385=ORIENTED_EDGE('',*,*,#1760,.T.);
#2386=ORIENTED_EDGE('',*,*,#1771,.F.);
#2387=ORIENTED_EDGE('',*,*,#1774,.F.);
#2388=ORIENTED_EDGE('',*,*,#1787,.F.);
#2389=ORIENTED_EDGE('',*,*,#1788,.F.);
#2390=ORIENTED_EDGE('',*,*,#1789,.F.);
#2391=ORIENTED_EDGE('',*,*,#1790,.F.);
#2392=ORIENTED_EDGE('',*,*,#1766,.F.);
#2393=ORIENTED_EDGE('',*,*,#1786,.F.);
#2394=ORIENTED_EDGE('',*,*,#1767,.F.);
#2395=ORIENTED_EDGE('',*,*,#1790,.T.);
#2396=ORIENTED_EDGE('',*,*,#1791,.F.);
#2397=ORIENTED_EDGE('',*,*,#1779,.F.);
#2398=ORIENTED_EDGE('',*,*,#1792,.F.);
#2399=ORIENTED_EDGE('',*,*,#1788,.T.);
#2400=ORIENTED_EDGE('',*,*,#1765,.F.);
#2401=ORIENTED_EDGE('',*,*,#1757,.T.);
#2402=ORIENTED_EDGE('',*,*,#1787,.T.);
#2403=ORIENTED_EDGE('',*,*,#1773,.F.);
#2404=ORIENTED_EDGE('',*,*,#1776,.T.);
#2405=ORIENTED_EDGE('',*,*,#1785,.F.);
#2406=ORIENTED_EDGE('',*,*,#1791,.T.);
#2407=ORIENTED_EDGE('',*,*,#1789,.T.);
#2408=ORIENTED_EDGE('',*,*,#1792,.T.);
#2409=ORIENTED_EDGE('',*,*,#1778,.F.);
#2410=ORIENTED_EDGE('',*,*,#1781,.T.);
#2411=ORIENTED_EDGE('',*,*,#1783,.F.);
#2412=ORIENTED_EDGE('',*,*,#1784,.T.);
#2413=ORIENTED_EDGE('',*,*,#1793,.F.);
#2414=ORIENTED_EDGE('',*,*,#1794,.T.);
#2415=ORIENTED_EDGE('',*,*,#1795,.F.);
#2416=ORIENTED_EDGE('',*,*,#1796,.F.);
#2417=ORIENTED_EDGE('',*,*,#1797,.F.);
#2418=ORIENTED_EDGE('',*,*,#1796,.T.);
#2419=ORIENTED_EDGE('',*,*,#1798,.F.);
#2420=ORIENTED_EDGE('',*,*,#1799,.F.);
#2421=ORIENTED_EDGE('',*,*,#1800,.F.);
#2422=ORIENTED_EDGE('',*,*,#1799,.T.);
#2423=ORIENTED_EDGE('',*,*,#1801,.F.);
#2424=ORIENTED_EDGE('',*,*,#1802,.F.);
#2425=ORIENTED_EDGE('',*,*,#1803,.F.);
#2426=ORIENTED_EDGE('',*,*,#1802,.T.);
#2427=ORIENTED_EDGE('',*,*,#1804,.F.);
#2428=ORIENTED_EDGE('',*,*,#1805,.F.);
#2429=ORIENTED_EDGE('',*,*,#1806,.F.);
#2430=ORIENTED_EDGE('',*,*,#1805,.T.);
#2431=ORIENTED_EDGE('',*,*,#1807,.F.);
#2432=ORIENTED_EDGE('',*,*,#1808,.F.);
#2433=ORIENTED_EDGE('',*,*,#1809,.F.);
#2434=ORIENTED_EDGE('',*,*,#1808,.T.);
#2435=ORIENTED_EDGE('',*,*,#1810,.F.);
#2436=ORIENTED_EDGE('',*,*,#1811,.F.);
#2437=ORIENTED_EDGE('',*,*,#1812,.F.);
#2438=ORIENTED_EDGE('',*,*,#1811,.T.);
#2439=ORIENTED_EDGE('',*,*,#1813,.F.);
#2440=ORIENTED_EDGE('',*,*,#1814,.F.);
#2441=ORIENTED_EDGE('',*,*,#1815,.F.);
#2442=ORIENTED_EDGE('',*,*,#1814,.T.);
#2443=ORIENTED_EDGE('',*,*,#1816,.F.);
#2444=ORIENTED_EDGE('',*,*,#1817,.F.);
#2445=ORIENTED_EDGE('',*,*,#1818,.F.);
#2446=ORIENTED_EDGE('',*,*,#1817,.T.);
#2447=ORIENTED_EDGE('',*,*,#1819,.F.);
#2448=ORIENTED_EDGE('',*,*,#1820,.F.);
#2449=ORIENTED_EDGE('',*,*,#1821,.F.);
#2450=ORIENTED_EDGE('',*,*,#1820,.T.);
#2451=ORIENTED_EDGE('',*,*,#1822,.F.);
#2452=ORIENTED_EDGE('',*,*,#1823,.F.);
#2453=ORIENTED_EDGE('',*,*,#1824,.F.);
#2454=ORIENTED_EDGE('',*,*,#1823,.T.);
#2455=ORIENTED_EDGE('',*,*,#1825,.F.);
#2456=ORIENTED_EDGE('',*,*,#1826,.F.);
#2457=ORIENTED_EDGE('',*,*,#1827,.F.);
#2458=ORIENTED_EDGE('',*,*,#1826,.T.);
#2459=ORIENTED_EDGE('',*,*,#1828,.F.);
#2460=ORIENTED_EDGE('',*,*,#1794,.F.);
#2461=ORIENTED_EDGE('',*,*,#1827,.T.);
#2462=ORIENTED_EDGE('',*,*,#1793,.T.);
#2463=ORIENTED_EDGE('',*,*,#1797,.T.);
#2464=ORIENTED_EDGE('',*,*,#1800,.T.);
#2465=ORIENTED_EDGE('',*,*,#1803,.T.);
#2466=ORIENTED_EDGE('',*,*,#1806,.T.);
#2467=ORIENTED_EDGE('',*,*,#1809,.T.);
#2468=ORIENTED_EDGE('',*,*,#1812,.T.);
#2469=ORIENTED_EDGE('',*,*,#1815,.T.);
#2470=ORIENTED_EDGE('',*,*,#1818,.T.);
#2471=ORIENTED_EDGE('',*,*,#1821,.T.);
#2472=ORIENTED_EDGE('',*,*,#1824,.T.);
#2473=ORIENTED_EDGE('',*,*,#1828,.T.);
#2474=ORIENTED_EDGE('',*,*,#1825,.T.);
#2475=ORIENTED_EDGE('',*,*,#1822,.T.);
#2476=ORIENTED_EDGE('',*,*,#1819,.T.);
#2477=ORIENTED_EDGE('',*,*,#1816,.T.);
#2478=ORIENTED_EDGE('',*,*,#1813,.T.);
#2479=ORIENTED_EDGE('',*,*,#1810,.T.);
#2480=ORIENTED_EDGE('',*,*,#1807,.T.);
#2481=ORIENTED_EDGE('',*,*,#1804,.T.);
#2482=ORIENTED_EDGE('',*,*,#1801,.T.);
#2483=ORIENTED_EDGE('',*,*,#1798,.T.);
#2484=ORIENTED_EDGE('',*,*,#1795,.T.);
#2485=ORIENTED_EDGE('',*,*,#1829,.F.);
#2486=ORIENTED_EDGE('',*,*,#1830,.T.);
#2487=ORIENTED_EDGE('',*,*,#1831,.F.);
#2488=ORIENTED_EDGE('',*,*,#1832,.F.);
#2489=ORIENTED_EDGE('',*,*,#1833,.F.);
#2490=ORIENTED_EDGE('',*,*,#1832,.T.);
#2491=ORIENTED_EDGE('',*,*,#1834,.F.);
#2492=ORIENTED_EDGE('',*,*,#1835,.F.);
#2493=ORIENTED_EDGE('',*,*,#1836,.F.);
#2494=ORIENTED_EDGE('',*,*,#1835,.T.);
#2495=ORIENTED_EDGE('',*,*,#1837,.F.);
#2496=ORIENTED_EDGE('',*,*,#1838,.F.);
#2497=ORIENTED_EDGE('',*,*,#1839,.F.);
#2498=ORIENTED_EDGE('',*,*,#1838,.T.);
#2499=ORIENTED_EDGE('',*,*,#1840,.F.);
#2500=ORIENTED_EDGE('',*,*,#1841,.F.);
#2501=ORIENTED_EDGE('',*,*,#1842,.F.);
#2502=ORIENTED_EDGE('',*,*,#1841,.T.);
#2503=ORIENTED_EDGE('',*,*,#1843,.F.);
#2504=ORIENTED_EDGE('',*,*,#1844,.F.);
#2505=ORIENTED_EDGE('',*,*,#1845,.F.);
#2506=ORIENTED_EDGE('',*,*,#1844,.T.);
#2507=ORIENTED_EDGE('',*,*,#1846,.F.);
#2508=ORIENTED_EDGE('',*,*,#1847,.F.);
#2509=ORIENTED_EDGE('',*,*,#1848,.F.);
#2510=ORIENTED_EDGE('',*,*,#1847,.T.);
#2511=ORIENTED_EDGE('',*,*,#1849,.F.);
#2512=ORIENTED_EDGE('',*,*,#1850,.F.);
#2513=ORIENTED_EDGE('',*,*,#1851,.F.);
#2514=ORIENTED_EDGE('',*,*,#1850,.T.);
#2515=ORIENTED_EDGE('',*,*,#1852,.F.);
#2516=ORIENTED_EDGE('',*,*,#1853,.F.);
#2517=ORIENTED_EDGE('',*,*,#1854,.F.);
#2518=ORIENTED_EDGE('',*,*,#1853,.T.);
#2519=ORIENTED_EDGE('',*,*,#1855,.F.);
#2520=ORIENTED_EDGE('',*,*,#1856,.F.);
#2521=ORIENTED_EDGE('',*,*,#1857,.F.);
#2522=ORIENTED_EDGE('',*,*,#1856,.T.);
#2523=ORIENTED_EDGE('',*,*,#1858,.F.);
#2524=ORIENTED_EDGE('',*,*,#1859,.F.);
#2525=ORIENTED_EDGE('',*,*,#1860,.F.);
#2526=ORIENTED_EDGE('',*,*,#1859,.T.);
#2527=ORIENTED_EDGE('',*,*,#1861,.F.);
#2528=ORIENTED_EDGE('',*,*,#1862,.F.);
#2529=ORIENTED_EDGE('',*,*,#1863,.F.);
#2530=ORIENTED_EDGE('',*,*,#1862,.T.);
#2531=ORIENTED_EDGE('',*,*,#1864,.F.);
#2532=ORIENTED_EDGE('',*,*,#1830,.F.);
#2533=ORIENTED_EDGE('',*,*,#1863,.T.);
#2534=ORIENTED_EDGE('',*,*,#1829,.T.);
#2535=ORIENTED_EDGE('',*,*,#1833,.T.);
#2536=ORIENTED_EDGE('',*,*,#1836,.T.);
#2537=ORIENTED_EDGE('',*,*,#1839,.T.);
#2538=ORIENTED_EDGE('',*,*,#1842,.T.);
#2539=ORIENTED_EDGE('',*,*,#1845,.T.);
#2540=ORIENTED_EDGE('',*,*,#1848,.T.);
#2541=ORIENTED_EDGE('',*,*,#1851,.T.);
#2542=ORIENTED_EDGE('',*,*,#1854,.T.);
#2543=ORIENTED_EDGE('',*,*,#1857,.T.);
#2544=ORIENTED_EDGE('',*,*,#1860,.T.);
#2545=ORIENTED_EDGE('',*,*,#1864,.T.);
#2546=ORIENTED_EDGE('',*,*,#1861,.T.);
#2547=ORIENTED_EDGE('',*,*,#1858,.T.);
#2548=ORIENTED_EDGE('',*,*,#1855,.T.);
#2549=ORIENTED_EDGE('',*,*,#1852,.T.);
#2550=ORIENTED_EDGE('',*,*,#1849,.T.);
#2551=ORIENTED_EDGE('',*,*,#1846,.T.);
#2552=ORIENTED_EDGE('',*,*,#1843,.T.);
#2553=ORIENTED_EDGE('',*,*,#1840,.T.);
#2554=ORIENTED_EDGE('',*,*,#1837,.T.);
#2555=ORIENTED_EDGE('',*,*,#1834,.T.);
#2556=ORIENTED_EDGE('',*,*,#1831,.T.);
#2557=ORIENTED_EDGE('',*,*,#1865,.F.);
#2558=ORIENTED_EDGE('',*,*,#1866,.F.);
#2559=ORIENTED_EDGE('',*,*,#1866,.T.);
#2560=ORIENTED_EDGE('',*,*,#1865,.T.);
#2561=ORIENTED_EDGE('',*,*,#1867,.F.);
#2562=ORIENTED_EDGE('',*,*,#1868,.T.);
#2563=ORIENTED_EDGE('',*,*,#1869,.F.);
#2564=ORIENTED_EDGE('',*,*,#1870,.F.);
#2565=ORIENTED_EDGE('',*,*,#1871,.F.);
#2566=ORIENTED_EDGE('',*,*,#1870,.T.);
#2567=ORIENTED_EDGE('',*,*,#1872,.F.);
#2568=ORIENTED_EDGE('',*,*,#1873,.F.);
#2569=ORIENTED_EDGE('',*,*,#1874,.F.);
#2570=ORIENTED_EDGE('',*,*,#1873,.T.);
#2571=ORIENTED_EDGE('',*,*,#1875,.F.);
#2572=ORIENTED_EDGE('',*,*,#1876,.F.);
#2573=ORIENTED_EDGE('',*,*,#1877,.F.);
#2574=ORIENTED_EDGE('',*,*,#1876,.T.);
#2575=ORIENTED_EDGE('',*,*,#1878,.F.);
#2576=ORIENTED_EDGE('',*,*,#1879,.F.);
#2577=ORIENTED_EDGE('',*,*,#1880,.F.);
#2578=ORIENTED_EDGE('',*,*,#1879,.T.);
#2579=ORIENTED_EDGE('',*,*,#1881,.F.);
#2580=ORIENTED_EDGE('',*,*,#1882,.F.);
#2581=ORIENTED_EDGE('',*,*,#1883,.F.);
#2582=ORIENTED_EDGE('',*,*,#1882,.T.);
#2583=ORIENTED_EDGE('',*,*,#1884,.F.);
#2584=ORIENTED_EDGE('',*,*,#1885,.F.);
#2585=ORIENTED_EDGE('',*,*,#1886,.F.);
#2586=ORIENTED_EDGE('',*,*,#1885,.T.);
#2587=ORIENTED_EDGE('',*,*,#1887,.F.);
#2588=ORIENTED_EDGE('',*,*,#1868,.F.);
#2589=ORIENTED_EDGE('',*,*,#1886,.T.);
#2590=ORIENTED_EDGE('',*,*,#1867,.T.);
#2591=ORIENTED_EDGE('',*,*,#1871,.T.);
#2592=ORIENTED_EDGE('',*,*,#1874,.T.);
#2593=ORIENTED_EDGE('',*,*,#1877,.T.);
#2594=ORIENTED_EDGE('',*,*,#1880,.T.);
#2595=ORIENTED_EDGE('',*,*,#1883,.T.);
#2596=ORIENTED_EDGE('',*,*,#1887,.T.);
#2597=ORIENTED_EDGE('',*,*,#1884,.T.);
#2598=ORIENTED_EDGE('',*,*,#1881,.T.);
#2599=ORIENTED_EDGE('',*,*,#1878,.T.);
#2600=ORIENTED_EDGE('',*,*,#1875,.T.);
#2601=ORIENTED_EDGE('',*,*,#1872,.T.);
#2602=ORIENTED_EDGE('',*,*,#1869,.T.);
#2603=ORIENTED_EDGE('',*,*,#1888,.F.);
#2604=ORIENTED_EDGE('',*,*,#1889,.T.);
#2605=ORIENTED_EDGE('',*,*,#1890,.F.);
#2606=ORIENTED_EDGE('',*,*,#1891,.F.);
#2607=ORIENTED_EDGE('',*,*,#1892,.F.);
#2608=ORIENTED_EDGE('',*,*,#1891,.T.);
#2609=ORIENTED_EDGE('',*,*,#1893,.F.);
#2610=ORIENTED_EDGE('',*,*,#1894,.F.);
#2611=ORIENTED_EDGE('',*,*,#1895,.F.);
#2612=ORIENTED_EDGE('',*,*,#1894,.T.);
#2613=ORIENTED_EDGE('',*,*,#1896,.F.);
#2614=ORIENTED_EDGE('',*,*,#1897,.F.);
#2615=ORIENTED_EDGE('',*,*,#1898,.F.);
#2616=ORIENTED_EDGE('',*,*,#1897,.T.);
#2617=ORIENTED_EDGE('',*,*,#1899,.F.);
#2618=ORIENTED_EDGE('',*,*,#1900,.F.);
#2619=ORIENTED_EDGE('',*,*,#1901,.F.);
#2620=ORIENTED_EDGE('',*,*,#1900,.T.);
#2621=ORIENTED_EDGE('',*,*,#1902,.F.);
#2622=ORIENTED_EDGE('',*,*,#1903,.F.);
#2623=ORIENTED_EDGE('',*,*,#1904,.F.);
#2624=ORIENTED_EDGE('',*,*,#1903,.T.);
#2625=ORIENTED_EDGE('',*,*,#1905,.F.);
#2626=ORIENTED_EDGE('',*,*,#1906,.F.);
#2627=ORIENTED_EDGE('',*,*,#1907,.F.);
#2628=ORIENTED_EDGE('',*,*,#1906,.T.);
#2629=ORIENTED_EDGE('',*,*,#1908,.F.);
#2630=ORIENTED_EDGE('',*,*,#1909,.F.);
#2631=ORIENTED_EDGE('',*,*,#1910,.F.);
#2632=ORIENTED_EDGE('',*,*,#1909,.T.);
#2633=ORIENTED_EDGE('',*,*,#1911,.F.);
#2634=ORIENTED_EDGE('',*,*,#1912,.F.);
#2635=ORIENTED_EDGE('',*,*,#1913,.F.);
#2636=ORIENTED_EDGE('',*,*,#1912,.T.);
#2637=ORIENTED_EDGE('',*,*,#1914,.F.);
#2638=ORIENTED_EDGE('',*,*,#1915,.F.);
#2639=ORIENTED_EDGE('',*,*,#1916,.F.);
#2640=ORIENTED_EDGE('',*,*,#1915,.T.);
#2641=ORIENTED_EDGE('',*,*,#1917,.F.);
#2642=ORIENTED_EDGE('',*,*,#1918,.F.);
#2643=ORIENTED_EDGE('',*,*,#1919,.F.);
#2644=ORIENTED_EDGE('',*,*,#1918,.T.);
#2645=ORIENTED_EDGE('',*,*,#1920,.F.);
#2646=ORIENTED_EDGE('',*,*,#1921,.F.);
#2647=ORIENTED_EDGE('',*,*,#1922,.F.);
#2648=ORIENTED_EDGE('',*,*,#1921,.T.);
#2649=ORIENTED_EDGE('',*,*,#1923,.F.);
#2650=ORIENTED_EDGE('',*,*,#1924,.F.);
#2651=ORIENTED_EDGE('',*,*,#1925,.F.);
#2652=ORIENTED_EDGE('',*,*,#1924,.T.);
#2653=ORIENTED_EDGE('',*,*,#1926,.F.);
#2654=ORIENTED_EDGE('',*,*,#1927,.F.);
#2655=ORIENTED_EDGE('',*,*,#1928,.F.);
#2656=ORIENTED_EDGE('',*,*,#1927,.T.);
#2657=ORIENTED_EDGE('',*,*,#1929,.F.);
#2658=ORIENTED_EDGE('',*,*,#1930,.F.);
#2659=ORIENTED_EDGE('',*,*,#1931,.F.);
#2660=ORIENTED_EDGE('',*,*,#1930,.T.);
#2661=ORIENTED_EDGE('',*,*,#1932,.F.);
#2662=ORIENTED_EDGE('',*,*,#1933,.F.);
#2663=ORIENTED_EDGE('',*,*,#1934,.F.);
#2664=ORIENTED_EDGE('',*,*,#1933,.T.);
#2665=ORIENTED_EDGE('',*,*,#1935,.F.);
#2666=ORIENTED_EDGE('',*,*,#1936,.F.);
#2667=ORIENTED_EDGE('',*,*,#1937,.F.);
#2668=ORIENTED_EDGE('',*,*,#1936,.T.);
#2669=ORIENTED_EDGE('',*,*,#1938,.F.);
#2670=ORIENTED_EDGE('',*,*,#1939,.F.);
#2671=ORIENTED_EDGE('',*,*,#1940,.F.);
#2672=ORIENTED_EDGE('',*,*,#1939,.T.);
#2673=ORIENTED_EDGE('',*,*,#1941,.F.);
#2674=ORIENTED_EDGE('',*,*,#1942,.F.);
#2675=ORIENTED_EDGE('',*,*,#1943,.F.);
#2676=ORIENTED_EDGE('',*,*,#1942,.T.);
#2677=ORIENTED_EDGE('',*,*,#1944,.F.);
#2678=ORIENTED_EDGE('',*,*,#1945,.F.);
#2679=ORIENTED_EDGE('',*,*,#1946,.F.);
#2680=ORIENTED_EDGE('',*,*,#1945,.T.);
#2681=ORIENTED_EDGE('',*,*,#1947,.F.);
#2682=ORIENTED_EDGE('',*,*,#1889,.F.);
#2683=ORIENTED_EDGE('',*,*,#1946,.T.);
#2684=ORIENTED_EDGE('',*,*,#1888,.T.);
#2685=ORIENTED_EDGE('',*,*,#1892,.T.);
#2686=ORIENTED_EDGE('',*,*,#1895,.T.);
#2687=ORIENTED_EDGE('',*,*,#1898,.T.);
#2688=ORIENTED_EDGE('',*,*,#1901,.T.);
#2689=ORIENTED_EDGE('',*,*,#1904,.T.);
#2690=ORIENTED_EDGE('',*,*,#1907,.T.);
#2691=ORIENTED_EDGE('',*,*,#1910,.T.);
#2692=ORIENTED_EDGE('',*,*,#1913,.T.);
#2693=ORIENTED_EDGE('',*,*,#1916,.T.);
#2694=ORIENTED_EDGE('',*,*,#1919,.T.);
#2695=ORIENTED_EDGE('',*,*,#1922,.T.);
#2696=ORIENTED_EDGE('',*,*,#1925,.T.);
#2697=ORIENTED_EDGE('',*,*,#1928,.T.);
#2698=ORIENTED_EDGE('',*,*,#1931,.T.);
#2699=ORIENTED_EDGE('',*,*,#1934,.T.);
#2700=ORIENTED_EDGE('',*,*,#1937,.T.);
#2701=ORIENTED_EDGE('',*,*,#1940,.T.);
#2702=ORIENTED_EDGE('',*,*,#1943,.T.);
#2703=ORIENTED_EDGE('',*,*,#1947,.T.);
#2704=ORIENTED_EDGE('',*,*,#1944,.T.);
#2705=ORIENTED_EDGE('',*,*,#1941,.T.);
#2706=ORIENTED_EDGE('',*,*,#1938,.T.);
#2707=ORIENTED_EDGE('',*,*,#1935,.T.);
#2708=ORIENTED_EDGE('',*,*,#1932,.T.);
#2709=ORIENTED_EDGE('',*,*,#1929,.T.);
#2710=ORIENTED_EDGE('',*,*,#1926,.T.);
#2711=ORIENTED_EDGE('',*,*,#1923,.T.);
#2712=ORIENTED_EDGE('',*,*,#1920,.T.);
#2713=ORIENTED_EDGE('',*,*,#1917,.T.);
#2714=ORIENTED_EDGE('',*,*,#1914,.T.);
#2715=ORIENTED_EDGE('',*,*,#1911,.T.);
#2716=ORIENTED_EDGE('',*,*,#1908,.T.);
#2717=ORIENTED_EDGE('',*,*,#1905,.T.);
#2718=ORIENTED_EDGE('',*,*,#1902,.T.);
#2719=ORIENTED_EDGE('',*,*,#1899,.T.);
#2720=ORIENTED_EDGE('',*,*,#1896,.T.);
#2721=ORIENTED_EDGE('',*,*,#1893,.T.);
#2722=ORIENTED_EDGE('',*,*,#1890,.T.);
#2723=ORIENTED_EDGE('',*,*,#1948,.F.);
#2724=ORIENTED_EDGE('',*,*,#1949,.T.);
#2725=ORIENTED_EDGE('',*,*,#1950,.F.);
#2726=ORIENTED_EDGE('',*,*,#1951,.F.);
#2727=ORIENTED_EDGE('',*,*,#1952,.F.);
#2728=ORIENTED_EDGE('',*,*,#1953,.T.);
#2729=ORIENTED_EDGE('',*,*,#1954,.F.);
#2730=ORIENTED_EDGE('',*,*,#1949,.F.);
#2731=ORIENTED_EDGE('',*,*,#1955,.F.);
#2732=ORIENTED_EDGE('',*,*,#1951,.T.);
#2733=ORIENTED_EDGE('',*,*,#1956,.F.);
#2734=ORIENTED_EDGE('',*,*,#1953,.F.);
#2735=ORIENTED_EDGE('',*,*,#1957,.F.);
#2736=ORIENTED_EDGE('',*,*,#1958,.T.);
#2737=ORIENTED_EDGE('',*,*,#1959,.F.);
#2738=ORIENTED_EDGE('',*,*,#1960,.F.);
#2739=ORIENTED_EDGE('',*,*,#1961,.F.);
#2740=ORIENTED_EDGE('',*,*,#1960,.T.);
#2741=ORIENTED_EDGE('',*,*,#1962,.F.);
#2742=ORIENTED_EDGE('',*,*,#1963,.F.);
#2743=ORIENTED_EDGE('',*,*,#1964,.F.);
#2744=ORIENTED_EDGE('',*,*,#1963,.T.);
#2745=ORIENTED_EDGE('',*,*,#1965,.F.);
#2746=ORIENTED_EDGE('',*,*,#1966,.F.);
#2747=ORIENTED_EDGE('',*,*,#1967,.F.);
#2748=ORIENTED_EDGE('',*,*,#1966,.T.);
#2749=ORIENTED_EDGE('',*,*,#1968,.F.);
#2750=ORIENTED_EDGE('',*,*,#1969,.F.);
#2751=ORIENTED_EDGE('',*,*,#1970,.F.);
#2752=ORIENTED_EDGE('',*,*,#1969,.T.);
#2753=ORIENTED_EDGE('',*,*,#1971,.F.);
#2754=ORIENTED_EDGE('',*,*,#1972,.F.);
#2755=ORIENTED_EDGE('',*,*,#1973,.F.);
#2756=ORIENTED_EDGE('',*,*,#1972,.T.);
#2757=ORIENTED_EDGE('',*,*,#1974,.F.);
#2758=ORIENTED_EDGE('',*,*,#1975,.F.);
#2759=ORIENTED_EDGE('',*,*,#1976,.F.);
#2760=ORIENTED_EDGE('',*,*,#1975,.T.);
#2761=ORIENTED_EDGE('',*,*,#1977,.F.);
#2762=ORIENTED_EDGE('',*,*,#1978,.F.);
#2763=ORIENTED_EDGE('',*,*,#1979,.F.);
#2764=ORIENTED_EDGE('',*,*,#1978,.T.);
#2765=ORIENTED_EDGE('',*,*,#1980,.F.);
#2766=ORIENTED_EDGE('',*,*,#1958,.F.);
#2767=ORIENTED_EDGE('',*,*,#1979,.T.);
#2768=ORIENTED_EDGE('',*,*,#1957,.T.);
#2769=ORIENTED_EDGE('',*,*,#1961,.T.);
#2770=ORIENTED_EDGE('',*,*,#1964,.T.);
#2771=ORIENTED_EDGE('',*,*,#1967,.T.);
#2772=ORIENTED_EDGE('',*,*,#1970,.T.);
#2773=ORIENTED_EDGE('',*,*,#1973,.T.);
#2774=ORIENTED_EDGE('',*,*,#1976,.T.);
#2775=ORIENTED_EDGE('',*,*,#1948,.T.);
#2776=ORIENTED_EDGE('',*,*,#1955,.T.);
#2777=ORIENTED_EDGE('',*,*,#1952,.T.);
#2778=ORIENTED_EDGE('',*,*,#1980,.T.);
#2779=ORIENTED_EDGE('',*,*,#1977,.T.);
#2780=ORIENTED_EDGE('',*,*,#1974,.T.);
#2781=ORIENTED_EDGE('',*,*,#1971,.T.);
#2782=ORIENTED_EDGE('',*,*,#1968,.T.);
#2783=ORIENTED_EDGE('',*,*,#1965,.T.);
#2784=ORIENTED_EDGE('',*,*,#1962,.T.);
#2785=ORIENTED_EDGE('',*,*,#1959,.T.);
#2786=ORIENTED_EDGE('',*,*,#1950,.T.);
#2787=ORIENTED_EDGE('',*,*,#1954,.T.);
#2788=ORIENTED_EDGE('',*,*,#1956,.T.);
#2789=ORIENTED_EDGE('',*,*,#1981,.F.);
#2790=ORIENTED_EDGE('',*,*,#1982,.T.);
#2791=ORIENTED_EDGE('',*,*,#1983,.F.);
#2792=ORIENTED_EDGE('',*,*,#1984,.F.);
#2793=ORIENTED_EDGE('',*,*,#1985,.F.);
#2794=ORIENTED_EDGE('',*,*,#1984,.T.);
#2795=ORIENTED_EDGE('',*,*,#1986,.F.);
#2796=ORIENTED_EDGE('',*,*,#1987,.F.);
#2797=ORIENTED_EDGE('',*,*,#1988,.F.);
#2798=ORIENTED_EDGE('',*,*,#1987,.T.);
#2799=ORIENTED_EDGE('',*,*,#1989,.F.);
#2800=ORIENTED_EDGE('',*,*,#1990,.F.);
#2801=ORIENTED_EDGE('',*,*,#1991,.F.);
#2802=ORIENTED_EDGE('',*,*,#1990,.T.);
#2803=ORIENTED_EDGE('',*,*,#1992,.F.);
#2804=ORIENTED_EDGE('',*,*,#1993,.F.);
#2805=ORIENTED_EDGE('',*,*,#1994,.F.);
#2806=ORIENTED_EDGE('',*,*,#1993,.T.);
#2807=ORIENTED_EDGE('',*,*,#1995,.F.);
#2808=ORIENTED_EDGE('',*,*,#1996,.F.);
#2809=ORIENTED_EDGE('',*,*,#1997,.F.);
#2810=ORIENTED_EDGE('',*,*,#1996,.T.);
#2811=ORIENTED_EDGE('',*,*,#1998,.F.);
#2812=ORIENTED_EDGE('',*,*,#1999,.F.);
#2813=ORIENTED_EDGE('',*,*,#2000,.F.);
#2814=ORIENTED_EDGE('',*,*,#1999,.T.);
#2815=ORIENTED_EDGE('',*,*,#2001,.F.);
#2816=ORIENTED_EDGE('',*,*,#2002,.F.);
#2817=ORIENTED_EDGE('',*,*,#2003,.F.);
#2818=ORIENTED_EDGE('',*,*,#2002,.T.);
#2819=ORIENTED_EDGE('',*,*,#2004,.F.);
#2820=ORIENTED_EDGE('',*,*,#2005,.F.);
#2821=ORIENTED_EDGE('',*,*,#2006,.F.);
#2822=ORIENTED_EDGE('',*,*,#2005,.T.);
#2823=ORIENTED_EDGE('',*,*,#2007,.F.);
#2824=ORIENTED_EDGE('',*,*,#1982,.F.);
#2825=ORIENTED_EDGE('',*,*,#2006,.T.);
#2826=ORIENTED_EDGE('',*,*,#1981,.T.);
#2827=ORIENTED_EDGE('',*,*,#1985,.T.);
#2828=ORIENTED_EDGE('',*,*,#1988,.T.);
#2829=ORIENTED_EDGE('',*,*,#1991,.T.);
#2830=ORIENTED_EDGE('',*,*,#1994,.T.);
#2831=ORIENTED_EDGE('',*,*,#1997,.T.);
#2832=ORIENTED_EDGE('',*,*,#2000,.T.);
#2833=ORIENTED_EDGE('',*,*,#2003,.T.);
#2834=ORIENTED_EDGE('',*,*,#2007,.T.);
#2835=ORIENTED_EDGE('',*,*,#2004,.T.);
#2836=ORIENTED_EDGE('',*,*,#2001,.T.);
#2837=ORIENTED_EDGE('',*,*,#1998,.T.);
#2838=ORIENTED_EDGE('',*,*,#1995,.T.);
#2839=ORIENTED_EDGE('',*,*,#1992,.T.);
#2840=ORIENTED_EDGE('',*,*,#1989,.T.);
#2841=ORIENTED_EDGE('',*,*,#1986,.T.);
#2842=ORIENTED_EDGE('',*,*,#1983,.T.);
#2843=ORIENTED_EDGE('',*,*,#2008,.F.);
#2844=ORIENTED_EDGE('',*,*,#2009,.T.);
#2845=ORIENTED_EDGE('',*,*,#2010,.F.);
#2846=ORIENTED_EDGE('',*,*,#2011,.F.);
#2847=ORIENTED_EDGE('',*,*,#2012,.F.);
#2848=ORIENTED_EDGE('',*,*,#2011,.T.);
#2849=ORIENTED_EDGE('',*,*,#2013,.F.);
#2850=ORIENTED_EDGE('',*,*,#2014,.F.);
#2851=ORIENTED_EDGE('',*,*,#2015,.F.);
#2852=ORIENTED_EDGE('',*,*,#2014,.T.);
#2853=ORIENTED_EDGE('',*,*,#2016,.F.);
#2854=ORIENTED_EDGE('',*,*,#2009,.F.);
#2855=ORIENTED_EDGE('',*,*,#2015,.T.);
#2856=ORIENTED_EDGE('',*,*,#2008,.T.);
#2857=ORIENTED_EDGE('',*,*,#2012,.T.);
#2858=ORIENTED_EDGE('',*,*,#2016,.T.);
#2859=ORIENTED_EDGE('',*,*,#2013,.T.);
#2860=ORIENTED_EDGE('',*,*,#2010,.T.);
#2861=ORIENTED_EDGE('',*,*,#2017,.T.);
#2862=ORIENTED_EDGE('',*,*,#2018,.T.);
#2863=ORIENTED_EDGE('',*,*,#2019,.F.);
#2864=ORIENTED_EDGE('',*,*,#2020,.F.);
#2865=ORIENTED_EDGE('',*,*,#2021,.T.);
#2866=ORIENTED_EDGE('',*,*,#2020,.T.);
#2867=ORIENTED_EDGE('',*,*,#2022,.F.);
#2868=ORIENTED_EDGE('',*,*,#2023,.F.);
#2869=ORIENTED_EDGE('',*,*,#2024,.T.);
#2870=ORIENTED_EDGE('',*,*,#2023,.T.);
#2871=ORIENTED_EDGE('',*,*,#2025,.F.);
#2872=ORIENTED_EDGE('',*,*,#2026,.F.);
#2873=ORIENTED_EDGE('',*,*,#2027,.T.);
#2874=ORIENTED_EDGE('',*,*,#2026,.T.);
#2875=ORIENTED_EDGE('',*,*,#2028,.F.);
#2876=ORIENTED_EDGE('',*,*,#2018,.F.);
#2877=ORIENTED_EDGE('',*,*,#2028,.T.);
#2878=ORIENTED_EDGE('',*,*,#2025,.T.);
#2879=ORIENTED_EDGE('',*,*,#2022,.T.);
#2880=ORIENTED_EDGE('',*,*,#2019,.T.);
#2881=ORIENTED_EDGE('',*,*,#2027,.F.);
#2882=ORIENTED_EDGE('',*,*,#2017,.F.);
#2883=ORIENTED_EDGE('',*,*,#2021,.F.);
#2884=ORIENTED_EDGE('',*,*,#2024,.F.);
#2885=CYLINDRICAL_SURFACE('',#3105,0.1);
#2886=CYLINDRICAL_SURFACE('',#3108,0.1);
#2887=CYLINDRICAL_SURFACE('',#3113,0.1);
#2888=CYLINDRICAL_SURFACE('',#3118,0.1);
#2889=CYLINDRICAL_SURFACE('',#3125,0.1);
#2890=CYLINDRICAL_SURFACE('',#3130,0.1);
#2891=CYLINDRICAL_SURFACE('',#3136,0.1);
#2892=CYLINDRICAL_SURFACE('',#3139,0.1);
#2893=CYLINDRICAL_SURFACE('',#3144,0.1);
#2894=CYLINDRICAL_SURFACE('',#3149,0.1);
#2895=CYLINDRICAL_SURFACE('',#3156,0.1);
#2896=CYLINDRICAL_SURFACE('',#3160,0.1);
#2897=CYLINDRICAL_SURFACE('',#3168,0.1);
#2898=CYLINDRICAL_SURFACE('',#3175,0.1);
#2899=CYLINDRICAL_SURFACE('',#3183,0.1);
#2900=CYLINDRICAL_SURFACE('',#3185,0.1);
#2901=CYLINDRICAL_SURFACE('',#3194,0.1);
#2902=CYLINDRICAL_SURFACE('',#3197,0.1);
#2903=CYLINDRICAL_SURFACE('',#3200,0.2);
#2904=CYLINDRICAL_SURFACE('',#3205,0.2);
#2905=CYLINDRICAL_SURFACE('',#3214,0.2);
#2906=CYLINDRICAL_SURFACE('',#3222,0.2);
#2907=CYLINDRICAL_SURFACE('',#3225,0.1);
#2908=CYLINDRICAL_SURFACE('',#3228,0.1);
#2909=CYLINDRICAL_SURFACE('',#3238,0.1);
#2910=CYLINDRICAL_SURFACE('',#3241,0.1);
#2911=CYLINDRICAL_SURFACE('',#3244,0.2);
#2912=CYLINDRICAL_SURFACE('',#3247,0.2);
#2913=CYLINDRICAL_SURFACE('',#3283,0.0718557320307167);
#2914=ADVANCED_FACE('',(#264),#2885,.T.);
#2915=ADVANCED_FACE('',(#265),#2886,.T.);
#2916=ADVANCED_FACE('',(#266),#256,.T.);
#2917=ADVANCED_FACE('',(#267),#2887,.T.);
#2918=ADVANCED_FACE('',(#268),#257,.T.);
#2919=ADVANCED_FACE('',(#269),#2888,.T.);
#2920=ADVANCED_FACE('',(#270),#258,.T.);
#2921=ADVANCED_FACE('',(#271),#259,.T.);
#2922=ADVANCED_FACE('',(#272),#2889,.T.);
#2923=ADVANCED_FACE('',(#273),#112,.T.);
#2924=ADVANCED_FACE('',(#274),#2890,.T.);
#2925=ADVANCED_FACE('',(#275),#113,.T.);
#2926=ADVANCED_FACE('',(#276),#114,.F.);
#2927=ADVANCED_FACE('',(#277),#2891,.T.);
#2928=ADVANCED_FACE('',(#278),#2892,.T.);
#2929=ADVANCED_FACE('',(#279),#260,.T.);
#2930=ADVANCED_FACE('',(#280),#2893,.T.);
#2931=ADVANCED_FACE('',(#281),#261,.T.);
#2932=ADVANCED_FACE('',(#282),#2894,.T.);
#2933=ADVANCED_FACE('',(#283),#262,.T.);
#2934=ADVANCED_FACE('',(#284),#263,.T.);
#2935=ADVANCED_FACE('',(#285),#2895,.T.);
#2936=ADVANCED_FACE('',(#286),#115,.T.);
#2937=ADVANCED_FACE('',(#287),#2896,.T.);
#2938=ADVANCED_FACE('',(#288),#116,.T.);
#2939=ADVANCED_FACE('',(#289),#117,.T.);
#2940=ADVANCED_FACE('',(#290),#118,.T.);
#2941=ADVANCED_FACE('',(#291),#2897,.T.);
#2942=ADVANCED_FACE('',(#292),#119,.T.);
#2943=ADVANCED_FACE('',(#293),#120,.T.);
#2944=ADVANCED_FACE('',(#294),#2898,.T.);
#2945=ADVANCED_FACE('',(#295),#121,.T.);
#2946=ADVANCED_FACE('',(#296),#122,.T.);
#2947=ADVANCED_FACE('',(#297),#123,.T.);
#2948=ADVANCED_FACE('',(#298),#2899,.T.);
#2949=ADVANCED_FACE('',(#299),#124,.T.);
#2950=ADVANCED_FACE('',(#300),#2900,.T.);
#2951=ADVANCED_FACE('',(#301),#125,.T.);
#2952=ADVANCED_FACE('',(#302),#126,.F.);
#2953=ADVANCED_FACE('',(#303),#127,.F.);
#2954=ADVANCED_FACE('',(#304),#2901,.F.);
#2955=ADVANCED_FACE('',(#305),#128,.F.);
#2956=ADVANCED_FACE('',(#306),#2902,.F.);
#2957=ADVANCED_FACE('',(#307),#129,.F.);
#2958=ADVANCED_FACE('',(#308),#2903,.T.);
#2959=ADVANCED_FACE('',(#309),#130,.F.);
#2960=ADVANCED_FACE('',(#310),#131,.F.);
#2961=ADVANCED_FACE('',(#311),#2904,.T.);
#2962=ADVANCED_FACE('',(#312),#132,.F.);
#2963=ADVANCED_FACE('',(#313),#133,.F.);
#2964=ADVANCED_FACE('',(#314),#134,.F.);
#2965=ADVANCED_FACE('',(#315),#135,.F.);
#2966=ADVANCED_FACE('',(#316),#136,.F.);
#2967=ADVANCED_FACE('',(#317),#137,.F.);
#2968=ADVANCED_FACE('',(#318),#138,.F.);
#2969=ADVANCED_FACE('',(#319),#139,.F.);
#2970=ADVANCED_FACE('',(#320),#2905,.T.);
#2971=ADVANCED_FACE('',(#321),#140,.F.);
#2972=ADVANCED_FACE('',(#322),#141,.F.);
#2973=ADVANCED_FACE('',(#323),#2906,.T.);
#2974=ADVANCED_FACE('',(#324),#142,.F.);
#2975=ADVANCED_FACE('',(#325),#2907,.F.);
#2976=ADVANCED_FACE('',(#326),#143,.F.);
#2977=ADVANCED_FACE('',(#327),#2908,.F.);
#2978=ADVANCED_FACE('',(#328),#144,.F.);
#2979=ADVANCED_FACE('',(#329),#145,.F.);
#2980=ADVANCED_FACE('',(#330),#146,.F.);
#2981=ADVANCED_FACE('',(#331),#147,.T.);
#2982=ADVANCED_FACE('',(#332),#2909,.F.);
#2983=ADVANCED_FACE('',(#333),#148,.T.);
#2984=ADVANCED_FACE('',(#334),#2910,.F.);
#2985=ADVANCED_FACE('',(#335),#149,.T.);
#2986=ADVANCED_FACE('',(#336),#2911,.T.);
#2987=ADVANCED_FACE('',(#337),#150,.T.);
#2988=ADVANCED_FACE('',(#338),#2912,.T.);
#2989=ADVANCED_FACE('',(#339),#151,.T.);
#2990=ADVANCED_FACE('',(#340),#152,.T.);
#2991=ADVANCED_FACE('',(#341),#153,.T.);
#2992=ADVANCED_FACE('',(#342),#154,.T.);
#2993=ADVANCED_FACE('',(#343),#155,.T.);
#2994=ADVANCED_FACE('',(#344),#156,.T.);
#2995=ADVANCED_FACE('',(#345),#157,.T.);
#2996=ADVANCED_FACE('',(#346),#158,.T.);
#2997=ADVANCED_FACE('',(#347),#159,.T.);
#2998=ADVANCED_FACE('',(#348),#160,.T.);
#2999=ADVANCED_FACE('',(#349),#161,.T.);
#3000=ADVANCED_FACE('',(#350),#162,.T.);
#3001=ADVANCED_FACE('',(#351),#163,.T.);
#3002=ADVANCED_FACE('',(#352),#164,.T.);
#3003=ADVANCED_FACE('',(#353),#165,.T.);
#3004=ADVANCED_FACE('',(#354),#166,.T.);
#3005=ADVANCED_FACE('',(#355),#167,.T.);
#3006=ADVANCED_FACE('',(#356),#168,.F.);
#3007=ADVANCED_FACE('',(#357),#169,.T.);
#3008=ADVANCED_FACE('',(#358),#170,.T.);
#3009=ADVANCED_FACE('',(#359),#171,.T.);
#3010=ADVANCED_FACE('',(#360),#172,.T.);
#3011=ADVANCED_FACE('',(#361),#173,.T.);
#3012=ADVANCED_FACE('',(#362),#174,.T.);
#3013=ADVANCED_FACE('',(#363),#175,.T.);
#3014=ADVANCED_FACE('',(#364),#176,.T.);
#3015=ADVANCED_FACE('',(#365),#177,.T.);
#3016=ADVANCED_FACE('',(#366),#178,.T.);
#3017=ADVANCED_FACE('',(#367),#179,.T.);
#3018=ADVANCED_FACE('',(#368),#180,.T.);
#3019=ADVANCED_FACE('',(#369),#181,.T.);
#3020=ADVANCED_FACE('',(#370),#182,.F.);
#3021=ADVANCED_FACE('',(#371),#183,.T.);
#3022=ADVANCED_FACE('',(#372,#75),#2913,.T.);
#3023=ADVANCED_FACE('',(#373),#184,.F.);
#3024=ADVANCED_FACE('',(#374),#185,.T.);
#3025=ADVANCED_FACE('',(#375),#186,.T.);
#3026=ADVANCED_FACE('',(#376),#187,.T.);
#3027=ADVANCED_FACE('',(#377),#188,.T.);
#3028=ADVANCED_FACE('',(#378),#189,.T.);
#3029=ADVANCED_FACE('',(#379),#190,.T.);
#3030=ADVANCED_FACE('',(#380),#191,.T.);
#3031=ADVANCED_FACE('',(#381),#192,.T.);
#3032=ADVANCED_FACE('',(#382),#193,.F.);
#3033=ADVANCED_FACE('',(#383),#194,.T.);
#3034=ADVANCED_FACE('',(#384),#195,.T.);
#3035=ADVANCED_FACE('',(#385),#196,.T.);
#3036=ADVANCED_FACE('',(#386),#59,.T.);
#3037=ADVANCED_FACE('',(#387),#60,.T.);
#3038=ADVANCED_FACE('',(#388),#61,.T.);
#3039=ADVANCED_FACE('',(#389),#62,.T.);
#3040=ADVANCED_FACE('',(#390),#63,.T.);
#3041=ADVANCED_FACE('',(#391),#64,.T.);
#3042=ADVANCED_FACE('',(#392),#65,.T.);
#3043=ADVANCED_FACE('',(#393),#66,.T.);
#3044=ADVANCED_FACE('',(#394),#197,.T.);
#3045=ADVANCED_FACE('',(#395),#198,.T.);
#3046=ADVANCED_FACE('',(#396),#67,.T.);
#3047=ADVANCED_FACE('',(#397),#68,.T.);
#3048=ADVANCED_FACE('',(#398),#69,.T.);
#3049=ADVANCED_FACE('',(#399),#70,.T.);
#3050=ADVANCED_FACE('',(#400),#71,.T.);
#3051=ADVANCED_FACE('',(#401),#72,.T.);
#3052=ADVANCED_FACE('',(#402),#73,.T.);
#3053=ADVANCED_FACE('',(#403),#74,.T.);
#3054=ADVANCED_FACE('',(#404),#199,.F.);
#3055=ADVANCED_FACE('',(#405),#200,.T.);
#3056=ADVANCED_FACE('',(#406),#201,.F.);
#3057=ADVANCED_FACE('',(#407),#202,.F.);
#3058=ADVANCED_FACE('',(#408),#203,.F.);
#3059=ADVANCED_FACE('',(#409),#204,.T.);
#3060=ADVANCED_FACE('',(#410),#205,.T.);
#3061=ADVANCED_FACE('',(#411),#206,.T.);
#3062=ADVANCED_FACE('',(#412),#207,.T.);
#3063=ADVANCED_FACE('',(#413),#208,.T.);
#3064=ADVANCED_FACE('',(#414),#209,.T.);
#3065=ADVANCED_FACE('',(#415),#210,.T.);
#3066=ADVANCED_FACE('',(#416),#211,.T.);
#3067=ADVANCED_FACE('',(#417,#76),#212,.F.);
#3068=ADVANCED_FACE('',(#418,#77),#213,.T.);
#3069=ADVANCED_FACE('',(#419),#214,.T.);
#3070=ADVANCED_FACE('',(#420),#215,.T.);
#3071=ADVANCED_FACE('',(#421),#216,.T.);
#3072=ADVANCED_FACE('',(#422),#217,.T.);
#3073=ADVANCED_FACE('',(#423),#218,.T.);
#3074=ADVANCED_FACE('',(#424),#219,.T.);
#3075=ADVANCED_FACE('',(#425),#220,.T.);
#3076=ADVANCED_FACE('',(#426),#221,.T.);
#3077=ADVANCED_FACE('',(#427),#222,.T.);
#3078=ADVANCED_FACE('',(#428),#223,.F.);
#3079=ADVANCED_FACE('',(#429),#224,.T.);
#3080=ADVANCED_FACE('',(#430),#225,.T.);
#3081=ADVANCED_FACE('',(#431),#226,.T.);
#3082=ADVANCED_FACE('',(#432),#227,.T.);
#3083=ADVANCED_FACE('',(#433),#228,.F.);
#3084=ADVANCED_FACE('',(#434),#229,.T.);
#3085=ADVANCED_FACE('',(#435),#230,.T.);
#3086=ADVANCED_FACE('',(#436),#231,.T.);
#3087=ADVANCED_FACE('',(#437),#232,.T.);
#3088=ADVANCED_FACE('',(#438),#233,.T.);
#3089=ADVANCED_FACE('',(#439),#234,.T.);
#3090=ADVANCED_FACE('',(#440),#235,.F.);
#3091=CLOSED_SHELL('',(#2914,#2915,#2916,#2917,#2918,#2919,#2920,#2921,
#2922,#2923,#2924,#2925,#2926,#2927,#2928,#2929,#2930,#2931,#2932,#2933,
#2934,#2935,#2936,#2937,#2938,#2939,#2940,#2941,#2942,#2943,#2944,#2945,
#2946,#2947,#2948,#2949,#2950,#2951));
#3092=CLOSED_SHELL('',(#2952,#2953,#2954,#2955,#2956,#2957,#2958,#2959,
#2960,#2961,#2962,#2963,#2964,#2965));
#3093=CLOSED_SHELL('',(#2966,#2967,#2968,#2969,#2970,#2971,#2972,#2973,
#2974,#2975,#2976,#2977,#2978,#2979));
#3094=CLOSED_SHELL('',(#2980,#2981,#2982,#2983,#2984,#2985,#2986,#2987,
#2988,#2989,#2990,#2991,#2992,#2993));
#3095=CLOSED_SHELL('',(#2994,#2995,#2996,#2997,#2998,#2999,#3000,#3001,
#3002,#3003,#3004,#3005,#3006,#3007));
#3096=CLOSED_SHELL('',(#3008,#3009,#3010,#3011,#3012,#3013,#3014,#3015,
#3016,#3017,#3018,#3019,#3020,#3021));
#3097=CLOSED_SHELL('',(#3022,#3023,#3024));
#3098=CLOSED_SHELL('',(#3025,#3026,#3027,#3028,#3029,#3030,#3031,#3032,
#3033));
#3099=CLOSED_SHELL('',(#3034,#3035,#3036,#3037,#3038,#3039,#3040,#3041,
#3042,#3043,#3044,#3045,#3046,#3047,#3048,#3049,#3050,#3051,#3052,#3053,
#3054,#3055));
#3100=CLOSED_SHELL('',(#3056,#3057,#3058,#3059,#3060,#3061,#3062,#3063,
#3064,#3065,#3066,#3067,#3068));
#3101=CLOSED_SHELL('',(#3069,#3070,#3071,#3072,#3073,#3074,#3075,#3076,
#3077,#3078,#3079));
#3102=CLOSED_SHELL('',(#3080,#3081,#3082,#3083,#3084));
#3103=CLOSED_SHELL('',(#3085,#3086,#3087,#3088,#3089,#3090));
#3104=AXIS2_PLACEMENT_3D('placement',#4150,#3344,#3345);
#3105=AXIS2_PLACEMENT_3D('',#4151,#3346,#3347);
#3106=AXIS2_PLACEMENT_3D('',#4154,#3348,#3349);
#3107=AXIS2_PLACEMENT_3D('',#4158,#3351,#3352);
#3108=AXIS2_PLACEMENT_3D('',#4160,#3354,#3355);
#3109=AXIS2_PLACEMENT_3D('',#4162,#3356,#3357);
#3110=AXIS2_PLACEMENT_3D('',#4166,#3359,#3360);
#3111=AXIS2_PLACEMENT_3D('',#4168,#3362,#3363);
#3112=AXIS2_PLACEMENT_3D('',#4169,#3364,#3365);
#3113=AXIS2_PLACEMENT_3D('',#4170,#3366,#3367);
#3114=AXIS2_PLACEMENT_3D('',#4172,#3368,#3369);
#3115=AXIS2_PLACEMENT_3D('',#4176,#3371,#3372);
#3116=AXIS2_PLACEMENT_3D('',#4178,#3374,#3375);
#3117=AXIS2_PLACEMENT_3D('',#4179,#3376,#3377);
#3118=AXIS2_PLACEMENT_3D('',#4180,#3378,#3379);
#3119=AXIS2_PLACEMENT_3D('',#4182,#3380,#3381);
#3120=AXIS2_PLACEMENT_3D('',#4185,#3383,#3384);
#3121=AXIS2_PLACEMENT_3D('',#4187,#3386,#3387);
#3122=AXIS2_PLACEMENT_3D('',#4188,#3388,#3389);
#3123=AXIS2_PLACEMENT_3D('',#4189,#3390,#3391);
#3124=AXIS2_PLACEMENT_3D('',#4190,#3392,#3393);
#3125=AXIS2_PLACEMENT_3D('',#4191,#3394,#3395);
#3126=AXIS2_PLACEMENT_3D('',#4195,#3397,#3398);
#3127=AXIS2_PLACEMENT_3D('',#4197,#3399,#3400);
#3128=AXIS2_PLACEMENT_3D('',#4199,#3401,#3402);
#3129=AXIS2_PLACEMENT_3D('',#4201,#3404,#3405);
#3130=AXIS2_PLACEMENT_3D('',#4205,#3408,#3409);
#3131=AXIS2_PLACEMENT_3D('',#4209,#3411,#3412);
#3132=AXIS2_PLACEMENT_3D('',#4211,#3413,#3414);
#3133=AXIS2_PLACEMENT_3D('',#4212,#3415,#3416);
#3134=AXIS2_PLACEMENT_3D('',#4213,#3417,#3418);
#3135=AXIS2_PLACEMENT_3D('',#4217,#3421,#3422);
#3136=AXIS2_PLACEMENT_3D('',#4218,#3423,#3424);
#3137=AXIS2_PLACEMENT_3D('',#4221,#3425,#3426);
#3138=AXIS2_PLACEMENT_3D('',#4225,#3428,#3429);
#3139=AXIS2_PLACEMENT_3D('',#4227,#3431,#3432);
#3140=AXIS2_PLACEMENT_3D('',#4229,#3433,#3434);
#3141=AXIS2_PLACEMENT_3D('',#4233,#3436,#3437);
#3142=AXIS2_PLACEMENT_3D('',#4235,#3439,#3440);
#3143=AXIS2_PLACEMENT_3D('',#4236,#3441,#3442);
#3144=AXIS2_PLACEMENT_3D('',#4237,#3443,#3444);
#3145=AXIS2_PLACEMENT_3D('',#4239,#3445,#3446);
#3146=AXIS2_PLACEMENT_3D('',#4243,#3448,#3449);
#3147=AXIS2_PLACEMENT_3D('',#4245,#3451,#3452);
#3148=AXIS2_PLACEMENT_3D('',#4246,#3453,#3454);
#3149=AXIS2_PLACEMENT_3D('',#4247,#3455,#3456);
#3150=AXIS2_PLACEMENT_3D('',#4249,#3457,#3458);
#3151=AXIS2_PLACEMENT_3D('',#4252,#3460,#3461);
#3152=AXIS2_PLACEMENT_3D('',#4254,#3463,#3464);
#3153=AXIS2_PLACEMENT_3D('',#4255,#3465,#3466);
#3154=AXIS2_PLACEMENT_3D('',#4256,#3467,#3468);
#3155=AXIS2_PLACEMENT_3D('',#4257,#3469,#3470);
#3156=AXIS2_PLACEMENT_3D('',#4258,#3471,#3472);
#3157=AXIS2_PLACEMENT_3D('',#4261,#3474,#3475);
#3158=AXIS2_PLACEMENT_3D('',#4263,#3476,#3477);
#3159=AXIS2_PLACEMENT_3D('',#4265,#3479,#3480);
#3160=AXIS2_PLACEMENT_3D('',#4269,#3483,#3484);
#3161=AXIS2_PLACEMENT_3D('',#4273,#3486,#3487);
#3162=AXIS2_PLACEMENT_3D('',#4275,#3488,#3489);
#3163=AXIS2_PLACEMENT_3D('',#4276,#3490,#3491);
#3164=AXIS2_PLACEMENT_3D('',#4277,#3492,#3493);
#3165=AXIS2_PLACEMENT_3D('',#4281,#3496,#3497);
#3166=AXIS2_PLACEMENT_3D('',#4282,#3498,#3499);
#3167=AXIS2_PLACEMENT_3D('',#4284,#3500,#3501);
#3168=AXIS2_PLACEMENT_3D('',#4286,#3503,#3504);
#3169=AXIS2_PLACEMENT_3D('',#4289,#3506,#3507);
#3170=AXIS2_PLACEMENT_3D('',#4291,#3508,#3509);
#3171=AXIS2_PLACEMENT_3D('',#4293,#3511,#3512);
#3172=AXIS2_PLACEMENT_3D('',#4297,#3515,#3516);
#3173=AXIS2_PLACEMENT_3D('',#4299,#3517,#3518);
#3174=AXIS2_PLACEMENT_3D('',#4300,#3519,#3520);
#3175=AXIS2_PLACEMENT_3D('',#4301,#3521,#3522);
#3176=AXIS2_PLACEMENT_3D('',#4303,#3523,#3524);
#3177=AXIS2_PLACEMENT_3D('',#4304,#3525,#3526);
#3178=AXIS2_PLACEMENT_3D('',#4305,#3527,#3528);
#3179=AXIS2_PLACEMENT_3D('',#4307,#3529,#3530);
#3180=AXIS2_PLACEMENT_3D('',#4310,#3532,#3533);
#3181=AXIS2_PLACEMENT_3D('',#4311,#3534,#3535);
#3182=AXIS2_PLACEMENT_3D('',#4313,#3537,#3538);
#3183=AXIS2_PLACEMENT_3D('',#4315,#3540,#3541);
#3184=AXIS2_PLACEMENT_3D('',#4317,#3543,#3544);
#3185=AXIS2_PLACEMENT_3D('',#4319,#3546,#3547);
#3186=AXIS2_PLACEMENT_3D('',#4320,#3548,#3549);
#3187=AXIS2_PLACEMENT_3D('placement',#4321,#3550,#3551);
#3188=AXIS2_PLACEMENT_3D('',#4322,#3552,#3553);
#3189=AXIS2_PLACEMENT_3D('',#4331,#3558,#3559);
#3190=AXIS2_PLACEMENT_3D('',#4335,#3561,#3562);
#3191=AXIS2_PLACEMENT_3D('',#4339,#3564,#3565);
#3192=AXIS2_PLACEMENT_3D('',#4347,#3569,#3570);
#3193=AXIS2_PLACEMENT_3D('',#4351,#3572,#3573);
#3194=AXIS2_PLACEMENT_3D('',#4353,#3575,#3576);
#3195=AXIS2_PLACEMENT_3D('',#4356,#3577,#3578);
#3196=AXIS2_PLACEMENT_3D('',#4359,#3581,#3582);
#3197=AXIS2_PLACEMENT_3D('',#4363,#3585,#3586);
#3198=AXIS2_PLACEMENT_3D('',#4366,#3587,#3588);
#3199=AXIS2_PLACEMENT_3D('',#4369,#3591,#3592);
#3200=AXIS2_PLACEMENT_3D('',#4373,#3595,#3596);
#3201=AXIS2_PLACEMENT_3D('',#4375,#3597,#3598);
#3202=AXIS2_PLACEMENT_3D('',#4377,#3600,#3601);
#3203=AXIS2_PLACEMENT_3D('',#4379,#3603,#3604);
#3204=AXIS2_PLACEMENT_3D('',#4382,#3606,#3607);
#3205=AXIS2_PLACEMENT_3D('',#4388,#3611,#3612);
#3206=AXIS2_PLACEMENT_3D('',#4390,#3614,#3615);
#3207=AXIS2_PLACEMENT_3D('',#4391,#3616,#3617);
#3208=AXIS2_PLACEMENT_3D('',#4394,#3620,#3621);
#3209=AXIS2_PLACEMENT_3D('',#4395,#3622,#3623);
#3210=AXIS2_PLACEMENT_3D('',#4396,#3624,#3625);
#3211=AXIS2_PLACEMENT_3D('',#4405,#3630,#3631);
#3212=AXIS2_PLACEMENT_3D('',#4414,#3636,#3637);
#3213=AXIS2_PLACEMENT_3D('',#4417,#3640,#3641);
#3214=AXIS2_PLACEMENT_3D('',#4426,#3646,#3647);
#3215=AXIS2_PLACEMENT_3D('',#4428,#3648,#3649);
#3216=AXIS2_PLACEMENT_3D('',#4430,#3650,#3651);
#3217=AXIS2_PLACEMENT_3D('',#4432,#3653,#3654);
#3218=AXIS2_PLACEMENT_3D('',#4436,#3656,#3657);
#3219=AXIS2_PLACEMENT_3D('',#4439,#3659,#3660);
#3220=AXIS2_PLACEMENT_3D('',#4443,#3662,#3663);
#3221=AXIS2_PLACEMENT_3D('',#4445,#3665,#3666);
#3222=AXIS2_PLACEMENT_3D('',#4451,#3670,#3671);
#3223=AXIS2_PLACEMENT_3D('',#4454,#3673,#3674);
#3224=AXIS2_PLACEMENT_3D('',#4455,#3675,#3676);
#3225=AXIS2_PLACEMENT_3D('',#4459,#3679,#3680);
#3226=AXIS2_PLACEMENT_3D('',#4460,#3681,#3682);
#3227=AXIS2_PLACEMENT_3D('',#4461,#3683,#3684);
#3228=AXIS2_PLACEMENT_3D('',#4465,#3687,#3688);
#3229=AXIS2_PLACEMENT_3D('',#4466,#3689,#3690);
#3230=AXIS2_PLACEMENT_3D('',#4467,#3691,#3692);
#3231=AXIS2_PLACEMENT_3D('',#4469,#3694,#3695);
#3232=AXIS2_PLACEMENT_3D('',#4470,#3696,#3697);
#3233=AXIS2_PLACEMENT_3D('',#4479,#3702,#3703);
#3234=AXIS2_PLACEMENT_3D('',#4483,#3705,#3706);
#3235=AXIS2_PLACEMENT_3D('',#4487,#3708,#3709);
#3236=AXIS2_PLACEMENT_3D('',#4495,#3713,#3714);
#3237=AXIS2_PLACEMENT_3D('',#4499,#3716,#3717);
#3238=AXIS2_PLACEMENT_3D('',#4501,#3719,#3720);
#3239=AXIS2_PLACEMENT_3D('',#4505,#3722,#3723);
#3240=AXIS2_PLACEMENT_3D('',#4507,#3725,#3726);
#3241=AXIS2_PLACEMENT_3D('',#4511,#3729,#3730);
#3242=AXIS2_PLACEMENT_3D('',#4515,#3732,#3733);
#3243=AXIS2_PLACEMENT_3D('',#4517,#3735,#3736);
#3244=AXIS2_PLACEMENT_3D('',#4521,#3739,#3740);
#3245=AXIS2_PLACEMENT_3D('',#4524,#3742,#3743);
#3246=AXIS2_PLACEMENT_3D('',#4525,#3744,#3745);
#3247=AXIS2_PLACEMENT_3D('',#4527,#3747,#3748);
#3248=AXIS2_PLACEMENT_3D('',#4529,#3749,#3750);
#3249=AXIS2_PLACEMENT_3D('',#4531,#3752,#3753);
#3250=AXIS2_PLACEMENT_3D('',#4533,#3755,#3756);
#3251=AXIS2_PLACEMENT_3D('',#4539,#3760,#3761);
#3252=AXIS2_PLACEMENT_3D('',#4541,#3763,#3764);
#3253=AXIS2_PLACEMENT_3D('',#4543,#3766,#3767);
#3254=AXIS2_PLACEMENT_3D('placement',#4544,#3768,#3769);
#3255=AXIS2_PLACEMENT_3D('',#4545,#3770,#3771);
#3256=AXIS2_PLACEMENT_3D('',#4554,#3776,#3777);
#3257=AXIS2_PLACEMENT_3D('',#4560,#3781,#3782);
#3258=AXIS2_PLACEMENT_3D('',#4566,#3786,#3787);
#3259=AXIS2_PLACEMENT_3D('',#4572,#3791,#3792);
#3260=AXIS2_PLACEMENT_3D('',#4578,#3796,#3797);
#3261=AXIS2_PLACEMENT_3D('',#4584,#3801,#3802);
#3262=AXIS2_PLACEMENT_3D('',#4590,#3806,#3807);
#3263=AXIS2_PLACEMENT_3D('',#4596,#3811,#3812);
#3264=AXIS2_PLACEMENT_3D('',#4602,#3816,#3817);
#3265=AXIS2_PLACEMENT_3D('',#4608,#3821,#3822);
#3266=AXIS2_PLACEMENT_3D('',#4614,#3826,#3827);
#3267=AXIS2_PLACEMENT_3D('',#4617,#3830,#3831);
#3268=AXIS2_PLACEMENT_3D('',#4618,#3832,#3833);
#3269=AXIS2_PLACEMENT_3D('',#4619,#3834,#3835);
#3270=AXIS2_PLACEMENT_3D('',#4628,#3840,#3841);
#3271=AXIS2_PLACEMENT_3D('',#4634,#3845,#3846);
#3272=AXIS2_PLACEMENT_3D('',#4640,#3850,#3851);
#3273=AXIS2_PLACEMENT_3D('',#4646,#3855,#3856);
#3274=AXIS2_PLACEMENT_3D('',#4652,#3860,#3861);
#3275=AXIS2_PLACEMENT_3D('',#4658,#3865,#3866);
#3276=AXIS2_PLACEMENT_3D('',#4664,#3870,#3871);
#3277=AXIS2_PLACEMENT_3D('',#4670,#3875,#3876);
#3278=AXIS2_PLACEMENT_3D('',#4676,#3880,#3881);
#3279=AXIS2_PLACEMENT_3D('',#4682,#3885,#3886);
#3280=AXIS2_PLACEMENT_3D('',#4688,#3890,#3891);
#3281=AXIS2_PLACEMENT_3D('',#4691,#3894,#3895);
#3282=AXIS2_PLACEMENT_3D('',#4692,#3896,#3897);
#3283=AXIS2_PLACEMENT_3D('',#4693,#3898,#3899);
#3284=AXIS2_PLACEMENT_3D('',#4695,#3900,#3901);
#3285=AXIS2_PLACEMENT_3D('',#4697,#3902,#3903);
#3286=AXIS2_PLACEMENT_3D('',#4698,#3904,#3905);
#3287=AXIS2_PLACEMENT_3D('',#4699,#3906,#3907);
#3288=AXIS2_PLACEMENT_3D('',#4700,#3908,#3909);
#3289=AXIS2_PLACEMENT_3D('',#4709,#3914,#3915);
#3290=AXIS2_PLACEMENT_3D('',#4715,#3919,#3920);
#3291=AXIS2_PLACEMENT_3D('',#4721,#3924,#3925);
#3292=AXIS2_PLACEMENT_3D('',#4727,#3929,#3930);
#3293=AXIS2_PLACEMENT_3D('',#4733,#3934,#3935);
#3294=AXIS2_PLACEMENT_3D('',#4739,#3939,#3940);
#3295=AXIS2_PLACEMENT_3D('',#4742,#3943,#3944);
#3296=AXIS2_PLACEMENT_3D('',#4743,#3945,#3946);
#3297=AXIS2_PLACEMENT_3D('',#4744,#3947,#3948);
#3298=AXIS2_PLACEMENT_3D('',#4753,#3953,#3954);
#3299=AXIS2_PLACEMENT_3D('',#4911,#3966,#3967);
#3300=AXIS2_PLACEMENT_3D('',#4917,#3971,#3972);
#3301=AXIS2_PLACEMENT_3D('',#5072,#3983,#3984);
#3302=AXIS2_PLACEMENT_3D('',#5073,#3985,#3986);
#3303=AXIS2_PLACEMENT_3D('',#5074,#3987,#3988);
#3304=AXIS2_PLACEMENT_3D('',#5083,#3993,#3994);
#3305=AXIS2_PLACEMENT_3D('',#5089,#3998,#3999);
#3306=AXIS2_PLACEMENT_3D('',#5092,#4002,#4003);
#3307=AXIS2_PLACEMENT_3D('',#5101,#4008,#4009);
#3308=AXIS2_PLACEMENT_3D('',#5107,#4013,#4014);
#3309=AXIS2_PLACEMENT_3D('',#5113,#4018,#4019);
#3310=AXIS2_PLACEMENT_3D('',#5119,#4023,#4024);
#3311=AXIS2_PLACEMENT_3D('',#5125,#4028,#4029);
#3312=AXIS2_PLACEMENT_3D('',#5131,#4033,#4034);
#3313=AXIS2_PLACEMENT_3D('',#5137,#4038,#4039);
#3314=AXIS2_PLACEMENT_3D('',#5140,#4042,#4043);
#3315=AXIS2_PLACEMENT_3D('',#5141,#4044,#4045);
#3316=AXIS2_PLACEMENT_3D('',#5142,#4046,#4047);
#3317=AXIS2_PLACEMENT_3D('',#5151,#4052,#4053);
#3318=AXIS2_PLACEMENT_3D('',#5157,#4057,#4058);
#3319=AXIS2_PLACEMENT_3D('',#5163,#4062,#4063);
#3320=AXIS2_PLACEMENT_3D('',#5169,#4067,#4068);
#3321=AXIS2_PLACEMENT_3D('',#5175,#4072,#4073);
#3322=AXIS2_PLACEMENT_3D('',#5181,#4077,#4078);
#3323=AXIS2_PLACEMENT_3D('',#5187,#4082,#4083);
#3324=AXIS2_PLACEMENT_3D('',#5193,#4087,#4088);
#3325=AXIS2_PLACEMENT_3D('',#5196,#4091,#4092);
#3326=AXIS2_PLACEMENT_3D('',#5197,#4093,#4094);
#3327=AXIS2_PLACEMENT_3D('placement',#5198,#4095,#4096);
#3328=AXIS2_PLACEMENT_3D('',#5199,#4097,#4098);
#3329=AXIS2_PLACEMENT_3D('',#5208,#4103,#4104);
#3330=AXIS2_PLACEMENT_3D('',#5214,#4108,#4109);
#3331=AXIS2_PLACEMENT_3D('',#5217,#4112,#4113);
#3332=AXIS2_PLACEMENT_3D('',#5218,#4114,#4115);
#3333=AXIS2_PLACEMENT_3D('',#5219,#4116,#4117);
#3334=AXIS2_PLACEMENT_3D('',#5228,#4122,#4123);
#3335=AXIS2_PLACEMENT_3D('',#5234,#4127,#4128);
#3336=AXIS2_PLACEMENT_3D('',#5240,#4132,#4133);
#3337=AXIS2_PLACEMENT_3D('',#5243,#4136,#4137);
#3338=AXIS2_PLACEMENT_3D('',#5244,#4138,#4139);
#3339=AXIS2_PLACEMENT_3D('placement',#5245,#4140,#4141);
#3340=AXIS2_PLACEMENT_3D('',#5246,#4142,#4143);
#3341=AXIS2_PLACEMENT_3D('',#5247,#4144,#4145);
#3342=AXIS2_PLACEMENT_3D('',#5248,#4146,#4147);
#3343=AXIS2_PLACEMENT_3D('',#5249,#4148,#4149);
#3344=DIRECTION('axis',(0.,0.,1.));
#3345=DIRECTION('refdir',(1.,0.,0.));
#3346=DIRECTION('center_axis',(1.,0.,0.));
#3347=DIRECTION('ref_axis',(0.,-0.662620048215737,-0.748955720789003));
#3348=DIRECTION('center_axis',(1.,0.,0.));
#3349=DIRECTION('ref_axis',(0.,-0.992546151641322,-0.121869343405148));
#3350=DIRECTION('',(1.,0.,0.));
#3351=DIRECTION('center_axis',(-1.,6.99100378600304E-16,0.));
#3352=DIRECTION('ref_axis',(0.,0.,-1.));
#3353=DIRECTION('',(-1.,0.,0.));
#3354=DIRECTION('center_axis',(-1.88173394004264E-16,1.,0.));
#3355=DIRECTION('ref_axis',(0.662620048215737,0.,-0.748955720789002));
#3356=DIRECTION('center_axis',(0.,1.,0.));
#3357=DIRECTION('ref_axis',(0.992546151641322,0.,-0.121869343405148));
#3358=DIRECTION('',(-1.88173394004264E-16,1.,0.));
#3359=DIRECTION('center_axis',(0.,-1.,0.));
#3360=DIRECTION('ref_axis',(0.,0.,-1.));
#3361=DIRECTION('',(1.88173394004264E-16,-1.,0.));
#3362=DIRECTION('center_axis',(-0.330118051053601,-0.848471675492097,0.413663979887306));
#3363=DIRECTION('ref_axis',(0.529240791972458,-0.529240791972458,-0.663180494454361));
#3364=DIRECTION('center_axis',(-0.120974291151355,0.120974291151355,-0.985256536015293));
#3365=DIRECTION('ref_axis',(0.696681577824782,-0.696681577824781,-0.171083483244717));
#3366=DIRECTION('center_axis',(-1.,0.,0.));
#3367=DIRECTION('ref_axis',(0.,0.662620048215737,-0.748955720789003));
#3368=DIRECTION('center_axis',(-1.,0.,0.));
#3369=DIRECTION('ref_axis',(0.,0.992546151641322,-0.121869343405148));
#3370=DIRECTION('',(-1.,0.,0.));
#3371=DIRECTION('center_axis',(1.,-6.99100378600304E-16,0.));
#3372=DIRECTION('ref_axis',(0.,0.,-1.));
#3373=DIRECTION('',(1.,0.,0.));
#3374=DIRECTION('center_axis',(0.3301180510536,-0.848471675492097,-0.413663979887307));
#3375=DIRECTION('ref_axis',(0.529240791972458,0.529240791972458,-0.663180494454361));
#3376=DIRECTION('center_axis',(-0.120974291151355,-0.120974291151355,-0.985256536015293));
#3377=DIRECTION('ref_axis',(0.696681577824782,0.696681577824781,-0.171083483244717));
#3378=DIRECTION('center_axis',(4.70433485010659E-17,-1.,0.));
#3379=DIRECTION('ref_axis',(-0.662620048215738,0.,-0.748955720789002));
#3380=DIRECTION('center_axis',(0.,-1.,0.));
#3381=DIRECTION('ref_axis',(-0.992546151641322,0.,-0.121869343405148));
#3382=DIRECTION('',(4.70433485010659E-17,-1.,0.));
#3383=DIRECTION('center_axis',(-2.79640151440122E-15,1.,0.));
#3384=DIRECTION('ref_axis',(0.,0.,-1.));
#3385=DIRECTION('',(-4.70433485010659E-17,1.,0.));
#3386=DIRECTION('center_axis',(-0.330118051053602,-0.848471675492095,-0.413663979887309));
#3387=DIRECTION('ref_axis',(-0.529240791972457,0.52924079197246,-0.66318049445436));
#3388=DIRECTION('center_axis',(0.120974291151355,-0.120974291151355,-0.985256536015293));
#3389=DIRECTION('ref_axis',(-0.696681577824782,0.696681577824782,-0.171083483244718));
#3390=DIRECTION('center_axis',(0.3301180510536,-0.848471675492097,0.413663979887306));
#3391=DIRECTION('ref_axis',(-0.529240791972458,-0.529240791972456,-0.663180494454362));
#3392=DIRECTION('center_axis',(0.120974291151355,0.120974291151355,-0.985256536015293));
#3393=DIRECTION('ref_axis',(-0.696681577824782,-0.696681577824781,-0.171083483244718));
#3394=DIRECTION('center_axis',(-0.120974291151355,-0.120974291151355,-0.985256536015293));
#3395=DIRECTION('ref_axis',(0.696681577824782,0.696681577824781,-0.171083483244717));
#3396=DIRECTION('',(0.120974291151355,0.120974291151355,0.985256536015293));
#3397=DIRECTION('center_axis',(0.,-1.,0.));
#3398=DIRECTION('ref_axis',(-0.121869343405147,0.,-0.992546151641322));
#3399=DIRECTION('center_axis',(1.93367982133314E-15,1.93367982133314E-15,
-1.));
#3400=DIRECTION('ref_axis',(0.707106781186548,0.707106781186547,2.73463622861651E-15));
#3401=DIRECTION('center_axis',(-1.,-1.88173394004264E-16,0.));
#3402=DIRECTION('ref_axis',(2.98978339101821E-17,-0.121869343405148,-0.992546151641322));
#3403=DIRECTION('',(-0.120974291151355,-0.120974291151355,-0.985256536015293));
#3404=DIRECTION('center_axis',(0.,0.992546151641322,-0.121869343405148));
#3405=DIRECTION('ref_axis',(0.,0.121869343405148,0.992546151641322));
#3406=DIRECTION('',(0.120974291151355,-0.120974291151355,-0.985256536015293));
#3407=DIRECTION('',(1.,0.,0.));
#3408=DIRECTION('center_axis',(0.120974291151355,-0.120974291151355,-0.985256536015293));
#3409=DIRECTION('ref_axis',(-0.696681577824781,0.696681577824782,-0.171083483244718));
#3410=DIRECTION('',(-0.120974291151355,0.120974291151355,0.985256536015293));
#3411=DIRECTION('center_axis',(1.,4.70433485010659E-17,0.));
#3412=DIRECTION('ref_axis',(0.,-0.121869343405148,-0.992546151641322));
#3413=DIRECTION('center_axis',(-4.97887831344074E-16,-1.46472774201065E-15,
-1.));
#3414=DIRECTION('ref_axis',(-0.707106781186547,0.707106781186548,-6.83659057154127E-16));
#3415=DIRECTION('center_axis',(0.,-1.,0.));
#3416=DIRECTION('ref_axis',(0.121869343405148,0.,-0.992546151641322));
#3417=DIRECTION('center_axis',(-0.992546151641322,-4.66926945150546E-17,
-0.121869343405148));
#3418=DIRECTION('ref_axis',(-0.121869343405148,0.,0.992546151641322));
#3419=DIRECTION('',(0.120974291151355,0.120974291151355,-0.985256536015293));
#3420=DIRECTION('',(-4.70433485010659E-17,1.,0.));
#3421=DIRECTION('center_axis',(0.,0.,1.));
#3422=DIRECTION('ref_axis',(1.,0.,0.));
#3423=DIRECTION('center_axis',(-4.70433485010659E-17,1.,0.));
#3424=DIRECTION('ref_axis',(-0.662620048215738,0.,0.748955720789002));
#3425=DIRECTION('center_axis',(-2.79640151440122E-15,1.,0.));
#3426=DIRECTION('ref_axis',(-0.992546151641322,-2.77555756156289E-15,0.121869343405147));
#3427=DIRECTION('',(-4.70433485010659E-17,1.,0.));
#3428=DIRECTION('center_axis',(0.,-1.,0.));
#3429=DIRECTION('ref_axis',(0.,0.,1.));
#3430=DIRECTION('',(4.70433485010659E-17,-1.,0.));
#3431=DIRECTION('center_axis',(1.,0.,0.));
#3432=DIRECTION('ref_axis',(0.,0.662620048215738,0.748955720789002));
#3433=DIRECTION('center_axis',(1.,-6.99100378600304E-16,0.));
#3434=DIRECTION('ref_axis',(6.93889390390723E-16,0.992546151641322,0.121869343405147));
#3435=DIRECTION('',(1.,0.,0.));
#3436=DIRECTION('center_axis',(-1.,0.,0.));
#3437=DIRECTION('ref_axis',(0.,0.,1.));
#3438=DIRECTION('',(-1.,0.,0.));
#3439=DIRECTION('center_axis',(-0.330118051053602,-0.848471675492097,0.413663979887306));
#3440=DIRECTION('ref_axis',(-0.529240791972458,0.529240791972458,0.663180494454361));
#3441=DIRECTION('center_axis',(0.120974291151355,-0.120974291151354,0.985256536015293));
#3442=DIRECTION('ref_axis',(-0.696681577824782,0.696681577824782,0.171083483244718));
#3443=DIRECTION('center_axis',(1.88173394004264E-16,-1.,0.));
#3444=DIRECTION('ref_axis',(0.662620048215738,0.,0.748955720789002));
#3445=DIRECTION('center_axis',(0.,-1.,0.));
#3446=DIRECTION('ref_axis',(0.992546151641322,0.,0.121869343405147));
#3447=DIRECTION('',(1.88173394004264E-16,-1.,0.));
#3448=DIRECTION('center_axis',(0.,1.,0.));
#3449=DIRECTION('ref_axis',(0.,0.,1.));
#3450=DIRECTION('',(-1.88173394004264E-16,1.,0.));
#3451=DIRECTION('center_axis',(0.330118051053602,-0.848471675492095,0.413663979887309));
#3452=DIRECTION('ref_axis',(0.529240791972457,0.52924079197246,0.66318049445436));
#3453=DIRECTION('center_axis',(-0.120974291151355,-0.120974291151354,0.985256536015293));
#3454=DIRECTION('ref_axis',(0.69668157782478,0.696681577824783,0.171083483244717));
#3455=DIRECTION('center_axis',(-1.,0.,0.));
#3456=DIRECTION('ref_axis',(0.,-0.662620048215738,0.748955720789002));
#3457=DIRECTION('center_axis',(-1.,0.,0.));
#3458=DIRECTION('ref_axis',(0.,-0.992546151641322,0.121869343405147));
#3459=DIRECTION('',(-1.,0.,0.));
#3460=DIRECTION('center_axis',(1.,-6.99100378600304E-16,0.));
#3461=DIRECTION('ref_axis',(0.,0.,1.));
#3462=DIRECTION('',(1.,0.,0.));
#3463=DIRECTION('center_axis',(-0.330118051053601,-0.848471675492097,-0.413663979887306));
#3464=DIRECTION('ref_axis',(0.529240791972458,-0.529240791972458,0.663180494454361));
#3465=DIRECTION('center_axis',(-0.120974291151355,0.120974291151354,0.985256536015293));
#3466=DIRECTION('ref_axis',(0.696681577824782,-0.696681577824781,0.171083483244717));
#3467=DIRECTION('center_axis',(0.330118051053601,-0.848471675492097,-0.413663979887307));
#3468=DIRECTION('ref_axis',(-0.529240791972458,-0.529240791972459,0.663180494454361));
#3469=DIRECTION('center_axis',(0.120974291151355,0.120974291151354,0.985256536015293));
#3470=DIRECTION('ref_axis',(-0.696681577824782,-0.696681577824782,0.171083483244718));
#3471=DIRECTION('center_axis',(-0.120974291151355,-0.120974291151354,0.985256536015293));
#3472=DIRECTION('ref_axis',(0.69668157782478,0.696681577824783,0.171083483244716));
#3473=DIRECTION('',(0.120974291151355,0.120974291151354,-0.985256536015293));
#3474=DIRECTION('center_axis',(-1.,-1.88173394004264E-16,0.));
#3475=DIRECTION('ref_axis',(2.98978339101821E-17,-0.121869343405147,0.992546151641322));
#3476=DIRECTION('center_axis',(0.,-1.,0.));
#3477=DIRECTION('ref_axis',(-0.121869343405147,0.,0.992546151641322));
#3478=DIRECTION('',(-0.120974291151355,-0.120974291151354,0.985256536015293));
#3479=DIRECTION('center_axis',(0.992546151641322,1.86770778060218E-16,0.121869343405147));
#3480=DIRECTION('ref_axis',(0.121869343405147,0.,-0.992546151641322));
#3481=DIRECTION('',(-0.120974291151355,0.120974291151354,0.985256536015293));
#3482=DIRECTION('',(-1.88173394004264E-16,1.,0.));
#3483=DIRECTION('center_axis',(0.120974291151355,-0.120974291151354,-0.985256536015293));
#3484=DIRECTION('ref_axis',(0.696681577824782,-0.696681577824782,0.171083483244716));
#3485=DIRECTION('',(0.120974291151355,-0.120974291151354,-0.985256536015293));
#3486=DIRECTION('center_axis',(0.,1.,0.));
#3487=DIRECTION('ref_axis',(-0.121869343405147,0.,0.992546151641322));
#3488=DIRECTION('center_axis',(-1.93367982133314E-15,1.93367982133314E-15,
-1.));
#3489=DIRECTION('ref_axis',(0.707106781186548,-0.707106781186547,-2.73463622861651E-15));
#3490=DIRECTION('center_axis',(-1.,-1.88173394004264E-16,0.));
#3491=DIRECTION('ref_axis',(-2.24233754326366E-17,0.121869343405147,0.992546151641322));
#3492=DIRECTION('center_axis',(0.,-0.992546151641322,0.121869343405147));
#3493=DIRECTION('ref_axis',(0.,-0.121869343405147,-0.992546151641322));
#3494=DIRECTION('',(0.120974291151355,0.120974291151354,0.985256536015293));
#3495=DIRECTION('',(1.,0.,0.));
#3496=DIRECTION('center_axis',(0.,0.,1.));
#3497=DIRECTION('ref_axis',(1.,0.,0.));
#3498=DIRECTION('center_axis',(0.,1.,0.));
#3499=DIRECTION('ref_axis',(-1.,0.,0.));
#3500=DIRECTION('center_axis',(0.,-1.,0.));
#3501=DIRECTION('ref_axis',(0.121869343405148,0.,0.992546151641322));
#3502=DIRECTION('',(-1.,0.,0.));
#3503=DIRECTION('center_axis',(0.120974291151355,-0.120974291151355,0.985256536015293));
#3504=DIRECTION('ref_axis',(0.696681577824782,-0.696681577824781,-0.171083483244717));
#3505=DIRECTION('',(0.120974291151355,-0.120974291151355,0.985256536015293));
#3506=DIRECTION('center_axis',(-1.,-1.88173394004264E-16,0.));
#3507=DIRECTION('ref_axis',(-2.98978339101821E-17,0.121869343405148,-0.992546151641322));
#3508=DIRECTION('center_axis',(0.,1.,0.));
#3509=DIRECTION('ref_axis',(-0.121869343405148,0.,-0.992546151641322));
#3510=DIRECTION('',(-0.120974291151355,0.120974291151355,-0.985256536015293));
#3511=DIRECTION('center_axis',(0.,-0.992546151641322,-0.121869343405148));
#3512=DIRECTION('ref_axis',(0.,0.121869343405148,-0.992546151641322));
#3513=DIRECTION('',(-1.,0.,0.));
#3514=DIRECTION('',(-0.120974291151355,-0.120974291151355,0.985256536015293));
#3515=DIRECTION('center_axis',(0.,-1.,0.));
#3516=DIRECTION('ref_axis',(1.,0.,0.));
#3517=DIRECTION('center_axis',(0.,1.,0.));
#3518=DIRECTION('ref_axis',(0.121869343405148,0.,0.992546151641322));
#3519=DIRECTION('center_axis',(0.,1.,0.));
#3520=DIRECTION('ref_axis',(0.121869343405148,0.,-0.992546151641322));
#3521=DIRECTION('center_axis',(-0.120974291151355,-0.120974291151355,0.985256536015293));
#3522=DIRECTION('ref_axis',(-0.696681577824782,-0.696681577824781,-0.171083483244717));
#3523=DIRECTION('center_axis',(-2.19347464401327E-15,2.5979482268013E-16,
-1.));
#3524=DIRECTION('ref_axis',(-0.707106781186548,-0.707106781186547,1.36731811430825E-15));
#3525=DIRECTION('center_axis',(1.,4.70433485010659E-17,0.));
#3526=DIRECTION('ref_axis',(0.,0.121869343405148,-0.992546151641322));
#3527=DIRECTION('center_axis',(-1.,-4.70433485010659E-17,0.));
#3528=DIRECTION('ref_axis',(4.44089209850063E-17,-1.,0.));
#3529=DIRECTION('center_axis',(1.,4.70433485010659E-17,0.));
#3530=DIRECTION('ref_axis',(0.,0.121869343405147,0.992546151641322));
#3531=DIRECTION('',(4.7043348501066E-17,-1.,0.));
#3532=DIRECTION('center_axis',(1.,4.70433485010659E-17,0.));
#3533=DIRECTION('ref_axis',(0.,-0.121869343405147,0.992546151641322));
#3534=DIRECTION('center_axis',(0.,0.992546151641322,0.121869343405147));
#3535=DIRECTION('ref_axis',(0.,-0.121869343405147,0.992546151641322));
#3536=DIRECTION('',(-0.120974291151355,0.120974291151354,-0.985256536015293));
#3537=DIRECTION('center_axis',(0.992546151641322,1.86770778060218E-16,-0.121869343405148));
#3538=DIRECTION('ref_axis',(-0.121869343405148,0.,-0.992546151641322));
#3539=DIRECTION('',(1.88173394004264E-16,-1.,0.));
#3540=DIRECTION('center_axis',(0.120974291151355,-0.120974291151354,0.985256536015293));
#3541=DIRECTION('ref_axis',(-0.696681577824781,0.696681577824781,0.171083483244718));
#3542=DIRECTION('',(0.120974291151355,-0.120974291151354,0.985256536015293));
#3543=DIRECTION('center_axis',(-0.992546151641322,-4.66926945150546E-17,
0.121869343405148));
#3544=DIRECTION('ref_axis',(0.121869343405148,0.,0.992546151641322));
#3545=DIRECTION('',(-0.120974291151355,-0.120974291151354,-0.985256536015293));
#3546=DIRECTION('center_axis',(-0.120974291151355,-0.120974291151354,-0.985256536015293));
#3547=DIRECTION('ref_axis',(-0.696681577824782,-0.696681577824781,0.171083483244716));
#3548=DIRECTION('center_axis',(1.,1.88173394004264E-16,0.));
#3549=DIRECTION('ref_axis',(-1.88737914186277E-16,1.,0.));
#3550=DIRECTION('axis',(0.,0.,1.));
#3551=DIRECTION('refdir',(1.,0.,0.));
#3552=DIRECTION('center_axis',(1.,0.,0.));
#3553=DIRECTION('ref_axis',(0.,-1.,0.));
#3554=DIRECTION('',(0.,1.,0.));
#3555=DIRECTION('',(0.,0.,-1.));
#3556=DIRECTION('',(0.,-1.,0.));
#3557=DIRECTION('',(0.,0.,1.));
#3558=DIRECTION('center_axis',(0.,0.,-1.));
#3559=DIRECTION('ref_axis',(-1.,0.,0.));
#3560=DIRECTION('',(-0.997564050259824,-0.0697564737441253,0.));
#3561=DIRECTION('center_axis',(0.,0.,1.));
#3562=DIRECTION('ref_axis',(0.683544926601574,-0.729908441735845,0.));
#3563=DIRECTION('',(-0.134979559286952,-0.990848383242714,0.));
#3564=DIRECTION('center_axis',(0.,0.,-1.));
#3565=DIRECTION('ref_axis',(-0.657655092245566,0.753319175146549,0.));
#3566=DIRECTION('',(-1.,0.,0.));
#3567=DIRECTION('',(0.,-1.,0.));
#3568=DIRECTION('',(1.,0.,0.));
#3569=DIRECTION('center_axis',(0.,0.,1.));
#3570=DIRECTION('ref_axis',(-0.651534258656194,0.758619212647112,0.));
#3571=DIRECTION('',(0.151006219594649,0.988532812628763,0.));
#3572=DIRECTION('center_axis',(0.,0.,-1.));
#3573=DIRECTION('ref_axis',(0.677612790299918,-0.735418864608435,0.));
#3574=DIRECTION('',(0.997564050259824,0.0697564737441251,0.));
#3575=DIRECTION('center_axis',(0.,0.,-1.));
#3576=DIRECTION('ref_axis',(0.677612790299918,-0.735418864608435,0.));
#3577=DIRECTION('center_axis',(0.,0.,1.));
#3578=DIRECTION('ref_axis',(0.677612790299918,-0.735418864608435,0.));
#3579=DIRECTION('',(0.,0.,-1.));
#3580=DIRECTION('',(0.,0.,1.));
#3581=DIRECTION('center_axis',(0.988532812628763,-0.151006219594649,0.));
#3582=DIRECTION('ref_axis',(0.151006219594649,0.988532812628763,0.));
#3583=DIRECTION('',(0.,0.,-1.));
#3584=DIRECTION('',(-0.151006219594649,-0.988532812628763,0.));
#3585=DIRECTION('center_axis',(0.,0.,-1.));
#3586=DIRECTION('ref_axis',(-0.657655092245566,0.753319175146549,0.));
#3587=DIRECTION('center_axis',(0.,0.,1.));
#3588=DIRECTION('ref_axis',(-0.657655092245566,0.753319175146549,0.));
#3589=DIRECTION('',(0.,0.,-1.));
#3590=DIRECTION('',(0.,0.,1.));
#3591=DIRECTION('center_axis',(-0.990848383242714,0.134979559286952,0.));
#3592=DIRECTION('ref_axis',(-0.134979559286952,-0.990848383242714,0.));
#3593=DIRECTION('',(0.,0.,-1.));
#3594=DIRECTION('',(0.134979559286952,0.990848383242714,0.));
#3595=DIRECTION('center_axis',(0.,0.,1.));
#3596=DIRECTION('ref_axis',(0.683544926601574,-0.729908441735845,0.));
#3597=DIRECTION('center_axis',(0.,0.,-1.));
#3598=DIRECTION('ref_axis',(0.683544926601574,-0.729908441735845,0.));
#3599=DIRECTION('',(0.,0.,1.));
#3600=DIRECTION('center_axis',(-0.0697564737441253,0.997564050259824,0.));
#3601=DIRECTION('ref_axis',(-0.997564050259824,-0.0697564737441253,0.));
#3602=DIRECTION('',(0.997564050259824,0.0697564737441253,0.));
#3603=DIRECTION('center_axis',(0.,0.,1.));
#3604=DIRECTION('ref_axis',(1.,0.,0.));
#3605=DIRECTION('',(-0.997564050259824,-0.0697564737441251,0.));
#3606=DIRECTION('center_axis',(0.,0.,-1.));
#3607=DIRECTION('ref_axis',(-0.651534258656194,0.758619212647112,0.));
#3608=DIRECTION('',(-1.,2.60914298503664E-16,0.));
#3609=DIRECTION('',(0.,1.,0.));
#3610=DIRECTION('',(1.,0.,0.));
#3611=DIRECTION('center_axis',(0.,0.,-1.));
#3612=DIRECTION('ref_axis',(-0.651534258656194,0.758619212647112,0.));
#3613=DIRECTION('',(0.,0.,1.));
#3614=DIRECTION('center_axis',(0.0697564737441251,-0.997564050259824,0.));
#3615=DIRECTION('ref_axis',(0.997564050259824,0.0697564737441251,0.));
#3616=DIRECTION('center_axis',(-1.,0.,0.));
#3617=DIRECTION('ref_axis',(0.,-1.,0.));
#3618=DIRECTION('',(0.,0.,-1.));
#3619=DIRECTION('',(0.,0.,1.));
#3620=DIRECTION('center_axis',(-2.60914298503664E-16,-1.,0.));
#3621=DIRECTION('ref_axis',(1.,-2.66453525910038E-16,0.));
#3622=DIRECTION('center_axis',(0.,1.,0.));
#3623=DIRECTION('ref_axis',(-1.,0.,0.));
#3624=DIRECTION('center_axis',(0.,1.,0.));
#3625=DIRECTION('ref_axis',(-1.,0.,0.));
#3626=DIRECTION('',(0.,0.,-1.));
#3627=DIRECTION('',(1.,0.,0.));
#3628=DIRECTION('',(0.,0.,-1.));
#3629=DIRECTION('',(-1.,0.,0.));
#3630=DIRECTION('center_axis',(-2.60914298503664E-16,-1.,0.));
#3631=DIRECTION('ref_axis',(1.,-2.66453525910038E-16,0.));
#3632=DIRECTION('',(0.,0.,1.));
#3633=DIRECTION('',(1.,0.,0.));
#3634=DIRECTION('',(0.,0.,1.));
#3635=DIRECTION('',(-1.,2.60914298503664E-16,0.));
#3636=DIRECTION('center_axis',(-1.,0.,0.));
#3637=DIRECTION('ref_axis',(0.,-1.,0.));
#3638=DIRECTION('',(0.,1.,0.));
#3639=DIRECTION('',(0.,-1.,0.));
#3640=DIRECTION('center_axis',(0.0697564737441251,-0.997564050259824,0.));
#3641=DIRECTION('ref_axis',(0.997564050259824,0.0697564737441251,0.));
#3642=DIRECTION('',(0.,0.,1.));
#3643=DIRECTION('',(0.997564050259824,0.0697564737441251,0.));
#3644=DIRECTION('',(0.,0.,-1.));
#3645=DIRECTION('',(-0.997564050259824,-0.0697564737441251,0.));
#3646=DIRECTION('center_axis',(0.,0.,-1.));
#3647=DIRECTION('ref_axis',(-0.651534258656194,0.758619212647112,0.));
#3648=DIRECTION('center_axis',(0.,0.,1.));
#3649=DIRECTION('ref_axis',(-0.651534258656194,0.758619212647112,0.));
#3650=DIRECTION('center_axis',(0.,0.,-1.));
#3651=DIRECTION('ref_axis',(-0.651534258656194,0.758619212647112,0.));
#3652=DIRECTION('',(0.,0.,-1.));
#3653=DIRECTION('center_axis',(0.,0.,1.));
#3654=DIRECTION('ref_axis',(1.,0.,0.));
#3655=DIRECTION('',(0.,1.,0.));
#3656=DIRECTION('center_axis',(0.,0.,1.));
#3657=DIRECTION('ref_axis',(0.677612790299918,-0.735418864608435,0.));
#3658=DIRECTION('',(-0.151006219594649,-0.988532812628763,0.));
#3659=DIRECTION('center_axis',(0.,0.,1.));
#3660=DIRECTION('ref_axis',(-0.657655092245566,0.753319175146549,0.));
#3661=DIRECTION('',(0.134979559286952,0.990848383242714,0.));
#3662=DIRECTION('center_axis',(0.,0.,-1.));
#3663=DIRECTION('ref_axis',(0.683544926601574,-0.729908441735845,0.));
#3664=DIRECTION('',(0.997564050259824,0.0697564737441253,0.));
#3665=DIRECTION('center_axis',(-0.0697564737441253,0.997564050259824,0.));
#3666=DIRECTION('ref_axis',(-0.997564050259824,-0.0697564737441253,0.));
#3667=DIRECTION('',(0.,0.,1.));
#3668=DIRECTION('',(-0.997564050259824,-0.0697564737441253,0.));
#3669=DIRECTION('',(0.,0.,-1.));
#3670=DIRECTION('center_axis',(0.,0.,1.));
#3671=DIRECTION('ref_axis',(0.683544926601574,-0.729908441735845,0.));
#3672=DIRECTION('',(0.,0.,-1.));
#3673=DIRECTION('center_axis',(0.,0.,1.));
#3674=DIRECTION('ref_axis',(0.683544926601574,-0.729908441735845,0.));
#3675=DIRECTION('center_axis',(-0.990848383242714,0.134979559286952,0.));
#3676=DIRECTION('ref_axis',(-0.134979559286952,-0.990848383242714,0.));
#3677=DIRECTION('',(0.,0.,1.));
#3678=DIRECTION('',(-0.134979559286952,-0.990848383242714,0.));
#3679=DIRECTION('center_axis',(0.,0.,-1.));
#3680=DIRECTION('ref_axis',(-0.657655092245566,0.753319175146549,0.));
#3681=DIRECTION('center_axis',(0.,0.,-1.));
#3682=DIRECTION('ref_axis',(-0.657655092245566,0.753319175146549,0.));
#3683=DIRECTION('center_axis',(0.988532812628763,-0.151006219594649,0.));
#3684=DIRECTION('ref_axis',(0.151006219594649,0.988532812628763,0.));
#3685=DIRECTION('',(0.,0.,1.));
#3686=DIRECTION('',(0.151006219594649,0.988532812628763,0.));
#3687=DIRECTION('center_axis',(0.,0.,-1.));
#3688=DIRECTION('ref_axis',(0.677612790299918,-0.735418864608435,0.));
#3689=DIRECTION('center_axis',(0.,0.,-1.));
#3690=DIRECTION('ref_axis',(0.677612790299918,-0.735418864608435,0.));
#3691=DIRECTION('center_axis',(0.,0.,-1.));
#3692=DIRECTION('ref_axis',(-1.,0.,0.));
#3693=DIRECTION('',(0.,-1.,0.));
#3694=DIRECTION('center_axis',(1.,0.,0.));
#3695=DIRECTION('ref_axis',(0.,-1.,0.));
#3696=DIRECTION('center_axis',(-1.,0.,0.));
#3697=DIRECTION('ref_axis',(0.,1.,0.));
#3698=DIRECTION('',(0.,1.,0.));
#3699=DIRECTION('',(0.,0.,-1.));
#3700=DIRECTION('',(0.,-1.,0.));
#3701=DIRECTION('',(0.,0.,-1.));
#3702=DIRECTION('center_axis',(0.,0.,-1.));
#3703=DIRECTION('ref_axis',(-1.,0.,0.));
#3704=DIRECTION('',(-0.997564050259824,0.0697564737441253,0.));
#3705=DIRECTION('center_axis',(0.,0.,1.));
#3706=DIRECTION('ref_axis',(-0.683544926601574,-0.729908441735845,0.));
#3707=DIRECTION('',(-0.134979559286952,0.990848383242714,0.));
#3708=DIRECTION('center_axis',(0.,0.,-1.));
#3709=DIRECTION('ref_axis',(0.657655092245566,0.753319175146549,0.));
#3710=DIRECTION('',(-1.,0.,0.));
#3711=DIRECTION('',(0.,1.,0.));
#3712=DIRECTION('',(1.,2.60914298503664E-16,0.));
#3713=DIRECTION('center_axis',(0.,0.,1.));
#3714=DIRECTION('ref_axis',(0.651534258656194,0.758619212647112,0.));
#3715=DIRECTION('',(0.151006219594649,-0.988532812628763,0.));
#3716=DIRECTION('center_axis',(0.,0.,-1.));
#3717=DIRECTION('ref_axis',(-0.677612790299918,-0.735418864608435,0.));
#3718=DIRECTION('',(0.997564050259824,-0.0697564737441251,0.));
#3719=DIRECTION('center_axis',(0.,0.,1.));
#3720=DIRECTION('ref_axis',(-0.677612790299918,-0.735418864608435,0.));
#3721=DIRECTION('',(0.,0.,1.));
#3722=DIRECTION('center_axis',(0.,0.,1.));
#3723=DIRECTION('ref_axis',(-0.677612790299918,-0.735418864608435,0.));
#3724=DIRECTION('',(0.,0.,-1.));
#3725=DIRECTION('center_axis',(0.988532812628763,0.151006219594649,0.));
#3726=DIRECTION('ref_axis',(-0.151006219594649,0.988532812628763,0.));
#3727=DIRECTION('',(0.,0.,-1.));
#3728=DIRECTION('',(-0.151006219594649,0.988532812628763,0.));
#3729=DIRECTION('center_axis',(0.,0.,1.));
#3730=DIRECTION('ref_axis',(0.657655092245566,0.753319175146549,0.));
#3731=DIRECTION('',(0.,0.,1.));
#3732=DIRECTION('center_axis',(0.,0.,1.));
#3733=DIRECTION('ref_axis',(0.657655092245566,0.753319175146549,0.));
#3734=DIRECTION('',(0.,0.,-1.));
#3735=DIRECTION('center_axis',(-0.990848383242714,-0.134979559286952,0.));
#3736=DIRECTION('ref_axis',(0.134979559286952,-0.990848383242714,0.));
#3737=DIRECTION('',(0.,0.,-1.));
#3738=DIRECTION('',(0.134979559286952,-0.990848383242714,0.));
#3739=DIRECTION('center_axis',(0.,0.,-1.));
#3740=DIRECTION('ref_axis',(-0.683544926601574,-0.729908441735845,0.));
#3741=DIRECTION('',(0.,0.,1.));
#3742=DIRECTION('center_axis',(0.,0.,-1.));
#3743=DIRECTION('ref_axis',(-0.683544926601574,-0.729908441735845,0.));
#3744=DIRECTION('center_axis',(-0.0697564737441253,-0.997564050259824,0.));
#3745=DIRECTION('ref_axis',(0.997564050259824,-0.0697564737441253,0.));
#3746=DIRECTION('',(0.997564050259824,-0.0697564737441253,0.));
#3747=DIRECTION('center_axis',(0.,0.,1.));
#3748=DIRECTION('ref_axis',(0.651534258656194,0.758619212647112,0.));
#3749=DIRECTION('center_axis',(0.,0.,-1.));
#3750=DIRECTION('ref_axis',(0.651534258656194,0.758619212647112,0.));
#3751=DIRECTION('',(0.,0.,1.));
#3752=DIRECTION('center_axis',(0.0697564737441251,0.997564050259824,0.));
#3753=DIRECTION('ref_axis',(-0.997564050259824,0.0697564737441251,0.));
#3754=DIRECTION('',(-0.997564050259824,0.0697564737441251,0.));
#3755=DIRECTION('center_axis',(-1.,0.,0.));
#3756=DIRECTION('ref_axis',(0.,-1.,0.));
#3757=DIRECTION('',(0.,0.,-1.));
#3758=DIRECTION('',(0.,-1.,0.));
#3759=DIRECTION('',(0.,0.,1.));
#3760=DIRECTION('center_axis',(-2.60914298503664E-16,1.,0.));
#3761=DIRECTION('ref_axis',(-1.,-2.66453525910038E-16,0.));
#3762=DIRECTION('',(-1.,0.,0.));
#3763=DIRECTION('center_axis',(0.,-1.,0.));
#3764=DIRECTION('ref_axis',(1.,0.,0.));
#3765=DIRECTION('',(1.,0.,0.));
#3766=DIRECTION('center_axis',(0.,0.,1.));
#3767=DIRECTION('ref_axis',(1.,0.,0.));
#3768=DIRECTION('axis',(0.,0.,1.));
#3769=DIRECTION('refdir',(1.,0.,0.));
#3770=DIRECTION('center_axis',(-1.,0.,0.));
#3771=DIRECTION('ref_axis',(0.,-1.,0.));
#3772=DIRECTION('',(0.,1.,0.));
#3773=DIRECTION('',(0.,0.,1.));
#3774=DIRECTION('',(0.,-1.,0.));
#3775=DIRECTION('',(0.,0.,1.));
#3776=DIRECTION('center_axis',(0.,-1.,0.));
#3777=DIRECTION('ref_axis',(1.,0.,0.));
#3778=DIRECTION('',(-1.,0.,0.));
#3779=DIRECTION('',(1.,0.,0.));
#3780=DIRECTION('',(0.,0.,1.));
#3781=DIRECTION('center_axis',(1.,0.,0.));
#3782=DIRECTION('ref_axis',(0.,1.,0.));
#3783=DIRECTION('',(0.,-1.,0.));
#3784=DIRECTION('',(0.,1.,0.));
#3785=DIRECTION('',(0.,0.,1.));
#3786=DIRECTION('center_axis',(0.,-1.,0.));
#3787=DIRECTION('ref_axis',(1.,0.,0.));
#3788=DIRECTION('',(-1.,0.,0.));
#3789=DIRECTION('',(1.,0.,0.));
#3790=DIRECTION('',(0.,0.,1.));
#3791=DIRECTION('center_axis',(-1.,0.,0.));
#3792=DIRECTION('ref_axis',(0.,-1.,0.));
#3793=DIRECTION('',(0.,1.,0.));
#3794=DIRECTION('',(0.,-1.,0.));
#3795=DIRECTION('',(0.,0.,1.));
#3796=DIRECTION('center_axis',(0.,1.,0.));
#3797=DIRECTION('ref_axis',(-1.,0.,0.));
#3798=DIRECTION('',(1.,0.,0.));
#3799=DIRECTION('',(-1.,0.,0.));
#3800=DIRECTION('',(0.,0.,1.));
#3801=DIRECTION('center_axis',(1.,0.,0.));
#3802=DIRECTION('ref_axis',(0.,1.,0.));
#3803=DIRECTION('',(0.,-1.,0.));
#3804=DIRECTION('',(0.,1.,0.));
#3805=DIRECTION('',(0.,0.,1.));
#3806=DIRECTION('center_axis',(0.,1.,0.));
#3807=DIRECTION('ref_axis',(-1.,0.,0.));
#3808=DIRECTION('',(1.,0.,0.));
#3809=DIRECTION('',(-1.,0.,0.));
#3810=DIRECTION('',(0.,0.,1.));
#3811=DIRECTION('center_axis',(-1.,0.,0.));
#3812=DIRECTION('ref_axis',(0.,-1.,0.));
#3813=DIRECTION('',(0.,1.,0.));
#3814=DIRECTION('',(0.,-1.,0.));
#3815=DIRECTION('',(0.,0.,1.));
#3816=DIRECTION('center_axis',(0.,1.,0.));
#3817=DIRECTION('ref_axis',(-1.,0.,0.));
#3818=DIRECTION('',(1.,0.,0.));
#3819=DIRECTION('',(-1.,0.,0.));
#3820=DIRECTION('',(0.,0.,1.));
#3821=DIRECTION('center_axis',(1.,0.,0.));
#3822=DIRECTION('ref_axis',(0.,1.,0.));
#3823=DIRECTION('',(0.,-1.,0.));
#3824=DIRECTION('',(0.,1.,0.));
#3825=DIRECTION('',(0.,0.,1.));
#3826=DIRECTION('center_axis',(0.,-1.,0.));
#3827=DIRECTION('ref_axis',(1.,0.,0.));
#3828=DIRECTION('',(-1.,0.,0.));
#3829=DIRECTION('',(1.,0.,0.));
#3830=DIRECTION('center_axis',(0.,0.,1.));
#3831=DIRECTION('ref_axis',(1.,0.,0.));
#3832=DIRECTION('center_axis',(0.,0.,1.));
#3833=DIRECTION('ref_axis',(1.,0.,0.));
#3834=DIRECTION('center_axis',(-1.,0.,0.));
#3835=DIRECTION('ref_axis',(0.,-1.,0.));
#3836=DIRECTION('',(0.,1.,0.));
#3837=DIRECTION('',(0.,0.,1.));
#3838=DIRECTION('',(0.,-1.,0.));
#3839=DIRECTION('',(0.,0.,1.));
#3840=DIRECTION('center_axis',(0.,1.,0.));
#3841=DIRECTION('ref_axis',(-1.,0.,0.));
#3842=DIRECTION('',(1.,0.,0.));
#3843=DIRECTION('',(-1.,0.,0.));
#3844=DIRECTION('',(0.,0.,1.));
#3845=DIRECTION('center_axis',(-1.,0.,0.));
#3846=DIRECTION('ref_axis',(0.,-1.,0.));
#3847=DIRECTION('',(0.,1.,0.));
#3848=DIRECTION('',(0.,-1.,0.));
#3849=DIRECTION('',(0.,0.,1.));
#3850=DIRECTION('center_axis',(0.,-1.,0.));
#3851=DIRECTION('ref_axis',(1.,0.,0.));
#3852=DIRECTION('',(-1.,0.,0.));
#3853=DIRECTION('',(1.,0.,0.));
#3854=DIRECTION('',(0.,0.,1.));
#3855=DIRECTION('center_axis',(-1.,0.,0.));
#3856=DIRECTION('ref_axis',(0.,-1.,0.));
#3857=DIRECTION('',(0.,1.,0.));
#3858=DIRECTION('',(0.,-1.,0.));
#3859=DIRECTION('',(0.,0.,1.));
#3860=DIRECTION('center_axis',(0.,1.,0.));
#3861=DIRECTION('ref_axis',(-1.,0.,0.));
#3862=DIRECTION('',(1.,0.,0.));
#3863=DIRECTION('',(-1.,0.,0.));
#3864=DIRECTION('',(0.,0.,1.));
#3865=DIRECTION('center_axis',(1.,0.,0.));
#3866=DIRECTION('ref_axis',(0.,1.,0.));
#3867=DIRECTION('',(0.,-1.,0.));
#3868=DIRECTION('',(0.,1.,0.));
#3869=DIRECTION('',(0.,0.,1.));
#3870=DIRECTION('center_axis',(0.,-1.,0.));
#3871=DIRECTION('ref_axis',(1.,0.,0.));
#3872=DIRECTION('',(-1.,0.,0.));
#3873=DIRECTION('',(1.,0.,0.));
#3874=DIRECTION('',(0.,0.,1.));
#3875=DIRECTION('center_axis',(1.,0.,0.));
#3876=DIRECTION('ref_axis',(0.,1.,0.));
#3877=DIRECTION('',(0.,-1.,0.));
#3878=DIRECTION('',(0.,1.,0.));
#3879=DIRECTION('',(0.,0.,1.));
#3880=DIRECTION('center_axis',(0.,1.,0.));
#3881=DIRECTION('ref_axis',(-1.,0.,0.));
#3882=DIRECTION('',(1.,0.,0.));
#3883=DIRECTION('',(-1.,0.,0.));
#3884=DIRECTION('',(0.,0.,1.));
#3885=DIRECTION('center_axis',(1.,0.,0.));
#3886=DIRECTION('ref_axis',(0.,1.,0.));
#3887=DIRECTION('',(0.,-1.,0.));
#3888=DIRECTION('',(0.,1.,0.));
#3889=DIRECTION('',(0.,0.,1.));
#3890=DIRECTION('center_axis',(0.,-1.,0.));
#3891=DIRECTION('ref_axis',(1.,0.,0.));
#3892=DIRECTION('',(-1.,0.,0.));
#3893=DIRECTION('',(1.,0.,0.));
#3894=DIRECTION('center_axis',(0.,0.,1.));
#3895=DIRECTION('ref_axis',(1.,0.,0.));
#3896=DIRECTION('center_axis',(0.,0.,1.));
#3897=DIRECTION('ref_axis',(1.,0.,0.));
#3898=DIRECTION('center_axis',(0.,0.,1.));
#3899=DIRECTION('ref_axis',(-1.,0.,0.));
#3900=DIRECTION('center_axis',(0.,0.,1.));
#3901=DIRECTION('ref_axis',(-1.,0.,0.));
#3902=DIRECTION('center_axis',(0.,0.,-1.));
#3903=DIRECTION('ref_axis',(-1.,0.,0.));
#3904=DIRECTION('center_axis',(0.,0.,1.));
#3905=DIRECTION('ref_axis',(1.,0.,0.));
#3906=DIRECTION('center_axis',(0.,0.,1.));
#3907=DIRECTION('ref_axis',(1.,0.,0.));
#3908=DIRECTION('center_axis',(0.,-1.,0.));
#3909=DIRECTION('ref_axis',(1.,0.,0.));
#3910=DIRECTION('',(-1.,0.,0.));
#3911=DIRECTION('',(0.,0.,1.));
#3912=DIRECTION('',(1.,0.,0.));
#3913=DIRECTION('',(0.,0.,1.));
#3914=DIRECTION('center_axis',(-0.945495051848976,-0.325636464372621,0.));
#3915=DIRECTION('ref_axis',(0.325636464372621,-0.945495051848976,0.));
#3916=DIRECTION('',(-0.325636464372621,0.945495051848976,0.));
#3917=DIRECTION('',(0.325636464372621,-0.945495051848976,0.));
#3918=DIRECTION('',(0.,0.,1.));
#3919=DIRECTION('center_axis',(0.,1.,0.));
#3920=DIRECTION('ref_axis',(-1.,0.,0.));
#3921=DIRECTION('',(1.,0.,0.));
#3922=DIRECTION('',(-1.,0.,0.));
#3923=DIRECTION('',(0.,0.,1.));
#3924=DIRECTION('center_axis',(0.948590711989459,0.316505388780873,0.));
#3925=DIRECTION('ref_axis',(-0.316505388780874,0.948590711989459,0.));
#3926=DIRECTION('',(0.316505388780873,-0.948590711989459,0.));
#3927=DIRECTION('',(-0.316505388780873,0.948590711989459,0.));
#3928=DIRECTION('',(0.,0.,1.));
#3929=DIRECTION('center_axis',(-0.948590711989459,0.316505388780873,0.));
#3930=DIRECTION('ref_axis',(-0.316505388780873,-0.948590711989459,0.));
#3931=DIRECTION('',(0.316505388780873,0.948590711989459,0.));
#3932=DIRECTION('',(-0.316505388780873,-0.948590711989459,0.));
#3933=DIRECTION('',(0.,0.,1.));
#3934=DIRECTION('center_axis',(0.,1.,0.));
#3935=DIRECTION('ref_axis',(-1.,0.,0.));
#3936=DIRECTION('',(1.,0.,0.));
#3937=DIRECTION('',(-1.,0.,0.));
#3938=DIRECTION('',(0.,0.,1.));
#3939=DIRECTION('center_axis',(0.945495051848976,-0.325636464372622,0.));
#3940=DIRECTION('ref_axis',(0.325636464372622,0.945495051848976,0.));
#3941=DIRECTION('',(-0.325636464372622,-0.945495051848976,0.));
#3942=DIRECTION('',(0.325636464372622,0.945495051848976,0.));
#3943=DIRECTION('center_axis',(0.,0.,1.));
#3944=DIRECTION('ref_axis',(1.,0.,0.));
#3945=DIRECTION('center_axis',(0.,0.,1.));
#3946=DIRECTION('ref_axis',(1.,0.,0.));
#3947=DIRECTION('center_axis',(-1.,0.,0.));
#3948=DIRECTION('ref_axis',(0.,-1.,0.));
#3949=DIRECTION('',(0.,1.,0.));
#3950=DIRECTION('',(0.,0.,1.));
#3951=DIRECTION('',(0.,-1.,0.));
#3952=DIRECTION('',(0.,0.,1.));
#3953=DIRECTION('center_axis',(0.,1.,0.));
#3954=DIRECTION('ref_axis',(-1.,0.,0.));
#3955=DIRECTION('',(1.,0.,0.));
#3956=DIRECTION('',(-1.,0.,0.));
#3957=DIRECTION('',(0.,0.,1.));
#3958=DIRECTION('',(0.,0.,1.));
#3959=DIRECTION('',(0.,0.,1.));
#3960=DIRECTION('',(0.,0.,1.));
#3961=DIRECTION('',(0.,0.,1.));
#3962=DIRECTION('',(0.,0.,1.));
#3963=DIRECTION('',(0.,0.,1.));
#3964=DIRECTION('',(0.,0.,1.));
#3965=DIRECTION('',(0.,0.,1.));
#3966=DIRECTION('center_axis',(1.,0.,0.));
#3967=DIRECTION('ref_axis',(0.,1.,0.));
#3968=DIRECTION('',(0.,-1.,0.));
#3969=DIRECTION('',(0.,1.,0.));
#3970=DIRECTION('',(0.,0.,1.));
#3971=DIRECTION('center_axis',(0.,-1.,0.));
#3972=DIRECTION('ref_axis',(1.,0.,0.));
#3973=DIRECTION('',(-1.,0.,0.));
#3974=DIRECTION('',(1.,0.,0.));
#3975=DIRECTION('',(0.,0.,1.));
#3976=DIRECTION('',(0.,0.,1.));
#3977=DIRECTION('',(0.,0.,1.));
#3978=DIRECTION('',(0.,0.,1.));
#3979=DIRECTION('',(0.,0.,1.));
#3980=DIRECTION('',(0.,0.,1.));
#3981=DIRECTION('',(0.,0.,1.));
#3982=DIRECTION('',(0.,0.,1.));
#3983=DIRECTION('center_axis',(0.,0.,1.));
#3984=DIRECTION('ref_axis',(1.,0.,0.));
#3985=DIRECTION('center_axis',(0.,0.,1.));
#3986=DIRECTION('ref_axis',(1.,0.,0.));
#3987=DIRECTION('center_axis',(0.,-1.,0.));
#3988=DIRECTION('ref_axis',(1.,0.,0.));
#3989=DIRECTION('',(1.,0.,0.));
#3990=DIRECTION('',(0.,0.,1.));
#3991=DIRECTION('',(-1.,0.,0.));
#3992=DIRECTION('',(0.,0.,1.));
#3993=DIRECTION('center_axis',(-0.950467445728689,0.310824121666871,0.));
#3994=DIRECTION('ref_axis',(-0.310824121666871,-0.950467445728689,0.));
#3995=DIRECTION('',(-0.310824121666871,-0.950467445728689,0.));
#3996=DIRECTION('',(0.,0.,1.));
#3997=DIRECTION('',(0.310824121666871,0.950467445728689,0.));
#3998=DIRECTION('center_axis',(0.949983248285707,0.312300861312512,0.));
#3999=DIRECTION('ref_axis',(-0.312300861312512,0.949983248285707,0.));
#4000=DIRECTION('',(-0.312300861312512,0.949983248285707,0.));
#4001=DIRECTION('',(0.312300861312512,-0.949983248285707,0.));
#4002=DIRECTION('center_axis',(0.,1.,0.));
#4003=DIRECTION('ref_axis',(-1.,0.,0.));
#4004=DIRECTION('',(1.,0.,0.));
#4005=DIRECTION('',(0.,0.,1.));
#4006=DIRECTION('',(-1.,0.,0.));
#4007=DIRECTION('',(0.,0.,1.));
#4008=DIRECTION('center_axis',(0.947602739606771,0.319451166674568,0.));
#4009=DIRECTION('ref_axis',(-0.319451166674568,0.947602739606771,0.));
#4010=DIRECTION('',(0.319451166674568,-0.947602739606771,0.));
#4011=DIRECTION('',(-0.319451166674568,0.947602739606771,0.));
#4012=DIRECTION('',(0.,0.,1.));
#4013=DIRECTION('center_axis',(0.,-1.,0.));
#4014=DIRECTION('ref_axis',(1.,0.,0.));
#4015=DIRECTION('',(-1.,0.,0.));
#4016=DIRECTION('',(1.,0.,0.));
#4017=DIRECTION('',(0.,0.,1.));
#4018=DIRECTION('center_axis',(-0.951135317488762,-0.308774363938383,0.));
#4019=DIRECTION('ref_axis',(0.308774363938383,-0.951135317488762,0.));
#4020=DIRECTION('',(-0.308774363938383,0.951135317488761,0.));
#4021=DIRECTION('',(0.308774363938383,-0.951135317488761,0.));
#4022=DIRECTION('',(0.,0.,1.));
#4023=DIRECTION('center_axis',(0.,-1.,0.));
#4024=DIRECTION('ref_axis',(1.,0.,0.));
#4025=DIRECTION('',(-1.,0.,0.));
#4026=DIRECTION('',(1.,0.,0.));
#4027=DIRECTION('',(0.,0.,1.));
#4028=DIRECTION('center_axis',(0.951135317488762,-0.308774363938383,0.));
#4029=DIRECTION('ref_axis',(0.308774363938383,0.951135317488762,0.));
#4030=DIRECTION('',(-0.308774363938383,-0.951135317488761,0.));
#4031=DIRECTION('',(0.308774363938383,0.951135317488761,0.));
#4032=DIRECTION('',(0.,0.,1.));
#4033=DIRECTION('center_axis',(0.,-1.,0.));
#4034=DIRECTION('ref_axis',(1.,0.,0.));
#4035=DIRECTION('',(-1.,0.,0.));
#4036=DIRECTION('',(1.,0.,0.));
#4037=DIRECTION('',(0.,0.,1.));
#4038=DIRECTION('center_axis',(-0.947602739606771,0.319451166674568,0.));
#4039=DIRECTION('ref_axis',(-0.319451166674568,-0.947602739606771,0.));
#4040=DIRECTION('',(0.319451166674568,0.947602739606771,0.));
#4041=DIRECTION('',(-0.319451166674568,-0.947602739606771,0.));
#4042=DIRECTION('center_axis',(0.,0.,1.));
#4043=DIRECTION('ref_axis',(1.,0.,0.));
#4044=DIRECTION('center_axis',(0.,0.,1.));
#4045=DIRECTION('ref_axis',(1.,0.,0.));
#4046=DIRECTION('center_axis',(1.,0.,0.));
#4047=DIRECTION('ref_axis',(0.,1.,0.));
#4048=DIRECTION('',(0.,-1.,0.));
#4049=DIRECTION('',(0.,0.,1.));
#4050=DIRECTION('',(0.,1.,0.));
#4051=DIRECTION('',(0.,0.,1.));
#4052=DIRECTION('center_axis',(0.,-1.,0.));
#4053=DIRECTION('ref_axis',(1.,0.,0.));
#4054=DIRECTION('',(-1.,0.,0.));
#4055=DIRECTION('',(1.,0.,0.));
#4056=DIRECTION('',(0.,0.,1.));
#4057=DIRECTION('center_axis',(-1.,0.,0.));
#4058=DIRECTION('ref_axis',(0.,-1.,0.));
#4059=DIRECTION('',(0.,1.,0.));
#4060=DIRECTION('',(0.,-1.,0.));
#4061=DIRECTION('',(0.,0.,1.));
#4062=DIRECTION('center_axis',(-0.860707703064185,-0.509099449897538,0.));
#4063=DIRECTION('ref_axis',(0.509099449897538,-0.860707703064185,0.));
#4064=DIRECTION('',(-0.509099449897538,0.860707703064185,0.));
#4065=DIRECTION('',(0.509099449897538,-0.860707703064185,0.));
#4066=DIRECTION('',(0.,0.,1.));
#4067=DIRECTION('center_axis',(0.,1.,0.));
#4068=DIRECTION('ref_axis',(-1.,0.,0.));
#4069=DIRECTION('',(1.,0.,0.));
#4070=DIRECTION('',(-1.,0.,0.));
#4071=DIRECTION('',(0.,0.,1.));
#4072=DIRECTION('center_axis',(0.862913061259437,0.505352400516577,0.));
#4073=DIRECTION('ref_axis',(-0.505352400516577,0.862913061259438,0.));
#4074=DIRECTION('',(0.505352400516576,-0.862913061259437,0.));
#4075=DIRECTION('',(-0.505352400516576,0.862913061259437,0.));
#4076=DIRECTION('',(0.,0.,1.));
#4077=DIRECTION('center_axis',(-0.858746256029892,0.512401080946013,0.));
#4078=DIRECTION('ref_axis',(-0.512401080946013,-0.858746256029892,0.));
#4079=DIRECTION('',(0.512401080946013,0.858746256029892,0.));
#4080=DIRECTION('',(-0.512401080946013,-0.858746256029892,0.));
#4081=DIRECTION('',(0.,0.,1.));
#4082=DIRECTION('center_axis',(0.,1.,0.));
#4083=DIRECTION('ref_axis',(-1.,0.,0.));
#4084=DIRECTION('',(1.,0.,0.));
#4085=DIRECTION('',(-1.,0.,0.));
#4086=DIRECTION('',(0.,0.,1.));
#4087=DIRECTION('center_axis',(0.855181135397279,-0.518329263750968,0.));
#4088=DIRECTION('ref_axis',(0.518329263750968,0.855181135397279,0.));
#4089=DIRECTION('',(-0.518329263750968,-0.855181135397279,0.));
#4090=DIRECTION('',(0.518329263750968,0.855181135397279,0.));
#4091=DIRECTION('center_axis',(0.,0.,1.));
#4092=DIRECTION('ref_axis',(1.,0.,0.));
#4093=DIRECTION('center_axis',(0.,0.,1.));
#4094=DIRECTION('ref_axis',(1.,0.,0.));
#4095=DIRECTION('axis',(0.,0.,1.));
#4096=DIRECTION('refdir',(1.,0.,0.));
#4097=DIRECTION('center_axis',(0.,1.,0.));
#4098=DIRECTION('ref_axis',(-1.,0.,0.));
#4099=DIRECTION('',(1.,0.,0.));
#4100=DIRECTION('',(0.,0.,1.));
#4101=DIRECTION('',(-1.,0.,0.));
#4102=DIRECTION('',(0.,0.,1.));
#4103=DIRECTION('center_axis',(0.939091646326947,-0.343666815097042,0.));
#4104=DIRECTION('ref_axis',(0.343666815097042,0.939091646326947,0.));
#4105=DIRECTION('',(-0.343666815097042,-0.939091646326947,0.));
#4106=DIRECTION('',(0.343666815097042,0.939091646326947,0.));
#4107=DIRECTION('',(0.,0.,1.));
#4108=DIRECTION('center_axis',(-0.939091646326947,-0.343666815097042,0.));
#4109=DIRECTION('ref_axis',(0.343666815097042,-0.939091646326947,0.));
#4110=DIRECTION('',(-0.343666815097042,0.939091646326947,0.));
#4111=DIRECTION('',(0.343666815097042,-0.939091646326947,0.));
#4112=DIRECTION('center_axis',(0.,0.,1.));
#4113=DIRECTION('ref_axis',(1.,0.,0.));
#4114=DIRECTION('center_axis',(0.,0.,1.));
#4115=DIRECTION('ref_axis',(1.,0.,0.));
#4116=DIRECTION('center_axis',(0.939091646326947,-0.343666815097041,0.));
#4117=DIRECTION('ref_axis',(0.343666815097041,0.939091646326947,0.));
#4118=DIRECTION('',(0.343666815097041,0.939091646326947,0.));
#4119=DIRECTION('',(0.,0.,1.));
#4120=DIRECTION('',(0.343666815097041,0.939091646326947,0.));
#4121=DIRECTION('',(0.,0.,1.));
#4122=DIRECTION('center_axis',(0.,-1.,0.));
#4123=DIRECTION('ref_axis',(1.,0.,0.));
#4124=DIRECTION('',(1.,0.,0.));
#4125=DIRECTION('',(1.,0.,0.));
#4126=DIRECTION('',(0.,0.,1.));
#4127=DIRECTION('center_axis',(-0.939091646326947,-0.343666815097042,0.));
#4128=DIRECTION('ref_axis',(0.343666815097042,-0.939091646326947,0.));
#4129=DIRECTION('',(0.343666815097042,-0.939091646326947,0.));
#4130=DIRECTION('',(0.343666815097042,-0.939091646326947,0.));
#4131=DIRECTION('',(0.,0.,1.));
#4132=DIRECTION('center_axis',(0.,1.,0.));
#4133=DIRECTION('ref_axis',(-1.,0.,0.));
#4134=DIRECTION('',(-1.,0.,0.));
#4135=DIRECTION('',(-1.,0.,0.));
#4136=DIRECTION('center_axis',(0.,0.,1.));
#4137=DIRECTION('ref_axis',(1.,0.,0.));
#4138=DIRECTION('center_axis',(0.,0.,1.));
#4139=DIRECTION('ref_axis',(1.,0.,0.));
#4140=DIRECTION('axis',(0.,0.,1.));
#4141=DIRECTION('refdir',(1.,0.,0.));
#4142=DIRECTION('',(0.,0.,1.));
#4143=DIRECTION('',(1.,0.,0.));
#4144=DIRECTION('',(0.,-1.,0.));
#4145=DIRECTION('',(1.,0.,0.));
#4146=DIRECTION('',(0.,0.,1.));
#4147=DIRECTION('',(5.24753851482984E-17,-1.,0.));
#4148=DIRECTION('',(0.,0.,1.));
#4149=DIRECTION('',(1.07986536379556E-16,-1.,0.));
#4150=CARTESIAN_POINT('',(0.,0.,0.));
#4151=CARTESIAN_POINT('Origin',(-0.164375,-1.34764569592515,0.1));
#4152=CARTESIAN_POINT('',(-0.530145695925152,-1.44690031108929,0.0878130656594853));
#4153=CARTESIAN_POINT('',(-0.530145695925152,-1.34764569592515,0.));
#4154=CARTESIAN_POINT('Origin',(-0.530145695925152,-1.34764569592515,0.1));
#4155=CARTESIAN_POINT('',(0.530145695925153,-1.34764569592515,0.));
#4156=CARTESIAN_POINT('',(-0.164375,-1.34764569592515,0.));
#4157=CARTESIAN_POINT('',(0.530145695925153,-1.44690031108929,0.0878130656594852));
#4158=CARTESIAN_POINT('Origin',(0.530145695925153,-1.34764569592515,0.1));
#4159=CARTESIAN_POINT('',(-0.164375,-1.44690031108929,0.0878130656594853));
#4160=CARTESIAN_POINT('Origin',(0.530145695925153,-0.36875,0.1));
#4161=CARTESIAN_POINT('',(0.629400311089285,-1.34764569592515,0.0878130656594853));
#4162=CARTESIAN_POINT('Origin',(0.530145695925153,-1.34764569592515,0.1));
#4163=CARTESIAN_POINT('',(0.530145695925152,1.34764569592515,0.));
#4164=CARTESIAN_POINT('',(0.530145695925153,-0.36875,0.));
#4165=CARTESIAN_POINT('',(0.629400311089284,1.34764569592515,0.0878130656594853));
#4166=CARTESIAN_POINT('Origin',(0.530145695925152,1.34764569592515,0.1));
#4167=CARTESIAN_POINT('',(0.629400311089285,-0.36875,0.0878130656594853));
#4168=CARTESIAN_POINT('Origin',(0.530145695925153,-1.34764569592515,0.1));
#4169=CARTESIAN_POINT('Origin',(0.530145695925153,-1.34764569592515,0.1));
#4170=CARTESIAN_POINT('Origin',(0.164375,1.34764569592515,0.1));
#4171=CARTESIAN_POINT('',(0.530145695925152,1.44690031108928,0.0878130656594853));
#4172=CARTESIAN_POINT('Origin',(0.530145695925152,1.34764569592515,0.1));
#4173=CARTESIAN_POINT('',(-0.530145695925153,1.34764569592515,0.));
#4174=CARTESIAN_POINT('',(0.164375,1.34764569592515,0.));
#4175=CARTESIAN_POINT('',(-0.530145695925153,1.44690031108928,0.0878130656594852));
#4176=CARTESIAN_POINT('Origin',(-0.530145695925153,1.34764569592515,0.1));
#4177=CARTESIAN_POINT('',(0.164375,1.44690031108928,0.0878130656594853));
#4178=CARTESIAN_POINT('Origin',(0.530145695925152,1.34764569592515,0.1));
#4179=CARTESIAN_POINT('Origin',(0.530145695925152,1.34764569592515,0.1));
#4180=CARTESIAN_POINT('Origin',(-0.530145695925152,0.36875,0.1));
#4181=CARTESIAN_POINT('',(-0.629400311089285,1.34764569592515,0.0878130656594853));
#4182=CARTESIAN_POINT('Origin',(-0.530145695925153,1.34764569592515,0.1));
#4183=CARTESIAN_POINT('',(-0.530145695925152,0.36875,0.));
#4184=CARTESIAN_POINT('',(-0.629400311089285,-1.34764569592515,0.0878130656594853));
#4185=CARTESIAN_POINT('Origin',(-0.530145695925152,-1.34764569592515,0.1));
#4186=CARTESIAN_POINT('',(-0.629400311089285,0.36875,0.0878130656594853));
#4187=CARTESIAN_POINT('Origin',(-0.530145695925153,1.34764569592515,0.1));
#4188=CARTESIAN_POINT('Origin',(-0.530145695925153,1.34764569592515,0.1));
#4189=CARTESIAN_POINT('Origin',(-0.530145695925152,-1.34764569592515,0.1));
#4190=CARTESIAN_POINT('Origin',(-0.530145695925152,-1.34764569592515,0.1));
#4191=CARTESIAN_POINT('Origin',(0.521946262290576,1.33944626229058,0.0332209719668258));
#4192=CARTESIAN_POINT('',(0.558245384835868,1.475,0.316666666666667));
#4193=CARTESIAN_POINT('',(0.521946262290576,1.43870087745471,0.021034037626311));
#4194=CARTESIAN_POINT('',(0.598921626355042,1.475,0.366666666666666));
#4195=CARTESIAN_POINT('Origin',(0.6575,1.475,1.13721757147917));
#4196=CARTESIAN_POINT('',(0.6575,1.41642162635504,0.366666666666667));
#4197=CARTESIAN_POINT('Origin',(0.56288824549926,1.38038824549926,0.366666666666667));
#4198=CARTESIAN_POINT('',(0.6575,1.37574538483587,0.316666666666667));
#4199=CARTESIAN_POINT('Origin',(0.6575,1.475,1.13721757147917));
#4200=CARTESIAN_POINT('',(0.621200877454708,1.33944626229058,0.0210340376263111));
#4201=CARTESIAN_POINT('Origin',(0.32875,1.45555911119037,0.158333333333333));
#4202=CARTESIAN_POINT('',(-0.558245384835868,1.475,0.316666666666667));
#4203=CARTESIAN_POINT('',(-0.527928228255702,1.44468284341983,0.0697532407666454));
#4204=CARTESIAN_POINT('',(0.32875,1.475,0.316666666666667));
#4205=CARTESIAN_POINT('Origin',(-0.527928228255702,1.3454282282557,0.0819401751071601));
#4206=CARTESIAN_POINT('',(-0.6575,1.37574538483587,0.316666666666667));
#4207=CARTESIAN_POINT('',(-0.627182843419834,1.3454282282557,0.0697532407666454));
#4208=CARTESIAN_POINT('',(-0.6575,1.41642162635504,0.366666666666666));
#4209=CARTESIAN_POINT('Origin',(-0.6575,1.475,1.13721757147917));
#4210=CARTESIAN_POINT('',(-0.598921626355043,1.475,0.366666666666667));
#4211=CARTESIAN_POINT('Origin',(-0.562888245499261,1.38038824549926,0.366666666666667));
#4212=CARTESIAN_POINT('Origin',(-0.6575,1.475,1.13721757147917));
#4213=CARTESIAN_POINT('Origin',(-0.638059111190373,0.7375,0.158333333333333));
#4214=CARTESIAN_POINT('',(-0.6575,-1.37574538483587,0.316666666666667));
#4215=CARTESIAN_POINT('',(-0.621200877454709,-1.33944626229058,0.0210340376263111));
#4216=CARTESIAN_POINT('',(-0.6575,0.7375,0.316666666666667));
#4217=CARTESIAN_POINT('Origin',(0.,-3.09525103216495E-16,0.));
#4218=CARTESIAN_POINT('Origin',(-0.491263918305899,0.36875,0.95));
#4219=CARTESIAN_POINT('',(-0.590518533470031,-1.3087639183059,0.962186934340514));
#4220=CARTESIAN_POINT('',(-0.491263918305899,-1.3087639183059,1.05));
#4221=CARTESIAN_POINT('Origin',(-0.491263918305899,-1.3087639183059,0.95));
#4222=CARTESIAN_POINT('',(-0.491263918305899,1.3087639183059,1.05));
#4223=CARTESIAN_POINT('',(-0.491263918305899,0.36875,1.05));
#4224=CARTESIAN_POINT('',(-0.590518533470032,1.3087639183059,0.962186934340514));
#4225=CARTESIAN_POINT('Origin',(-0.491263918305899,1.3087639183059,0.95));
#4226=CARTESIAN_POINT('',(-0.590518533470032,0.36875,0.962186934340514));
#4227=CARTESIAN_POINT('Origin',(0.164375,1.3087639183059,0.95));
#4228=CARTESIAN_POINT('',(-0.491263918305899,1.40801853347003,0.962186934340514));
#4229=CARTESIAN_POINT('Origin',(-0.491263918305899,1.3087639183059,0.95));
#4230=CARTESIAN_POINT('',(0.491263918305899,1.3087639183059,1.05));
#4231=CARTESIAN_POINT('',(0.164375,1.3087639183059,1.05));
#4232=CARTESIAN_POINT('',(0.491263918305899,1.40801853347003,0.962186934340514));
#4233=CARTESIAN_POINT('Origin',(0.491263918305899,1.3087639183059,0.95));
#4234=CARTESIAN_POINT('',(0.164375,1.40801853347003,0.962186934340514));
#4235=CARTESIAN_POINT('Origin',(-0.491263918305899,1.3087639183059,0.95));
#4236=CARTESIAN_POINT('Origin',(-0.491263918305899,1.3087639183059,0.95));
#4237=CARTESIAN_POINT('Origin',(0.4912639183059,-0.36875,0.95));
#4238=CARTESIAN_POINT('',(0.590518533470031,1.3087639183059,0.962186934340514));
#4239=CARTESIAN_POINT('Origin',(0.491263918305899,1.3087639183059,0.95));
#4240=CARTESIAN_POINT('',(0.4912639183059,-1.3087639183059,1.05));
#4241=CARTESIAN_POINT('',(0.4912639183059,-0.36875,1.05));
#4242=CARTESIAN_POINT('',(0.590518533470032,-1.3087639183059,0.962186934340514));
#4243=CARTESIAN_POINT('Origin',(0.4912639183059,-1.3087639183059,0.95));
#4244=CARTESIAN_POINT('',(0.590518533470032,-0.36875,0.962186934340514));
#4245=CARTESIAN_POINT('Origin',(0.491263918305899,1.3087639183059,0.95));
#4246=CARTESIAN_POINT('Origin',(0.491263918305899,1.3087639183059,0.95));
#4247=CARTESIAN_POINT('Origin',(-0.164375,-1.3087639183059,0.95));
#4248=CARTESIAN_POINT('',(0.4912639183059,-1.40801853347003,0.962186934340514));
#4249=CARTESIAN_POINT('Origin',(0.4912639183059,-1.3087639183059,0.95));
#4250=CARTESIAN_POINT('',(-0.164375,-1.3087639183059,1.05));
#4251=CARTESIAN_POINT('',(-0.491263918305899,-1.40801853347003,0.962186934340514));
#4252=CARTESIAN_POINT('Origin',(-0.491263918305899,-1.3087639183059,0.95));
#4253=CARTESIAN_POINT('',(-0.164375,-1.40801853347003,0.962186934340514));
#4254=CARTESIAN_POINT('Origin',(0.4912639183059,-1.3087639183059,0.95));
#4255=CARTESIAN_POINT('Origin',(0.4912639183059,-1.3087639183059,0.95));
#4256=CARTESIAN_POINT('Origin',(-0.491263918305899,-1.3087639183059,0.95));
#4257=CARTESIAN_POINT('Origin',(-0.491263918305899,-1.3087639183059,0.95));
#4258=CARTESIAN_POINT('Origin',(0.502789886594567,1.32028988659457,0.856128521339241));
#4259=CARTESIAN_POINT('',(0.6575,1.37574538483587,0.416666666666667));
#4260=CARTESIAN_POINT('',(0.602044501758699,1.32028988659457,0.868315455679756));
#4261=CARTESIAN_POINT('Origin',(0.6575,1.475,-0.403884238145841));
#4262=CARTESIAN_POINT('',(0.558245384835868,1.475,0.416666666666667));
#4263=CARTESIAN_POINT('Origin',(0.6575,1.475,-0.403884238145845));
#4264=CARTESIAN_POINT('',(0.502789886594567,1.4195445017587,0.868315455679756));
#4265=CARTESIAN_POINT('Origin',(0.618618222380747,-0.7375,0.733333333333333));
#4266=CARTESIAN_POINT('',(0.6575,-1.37574538483587,0.416666666666667));
#4267=CARTESIAN_POINT('',(0.608026467723825,-1.32627185255969,0.819596252539422));
#4268=CARTESIAN_POINT('',(0.6575,-0.7375,0.416666666666667));
#4269=CARTESIAN_POINT('Origin',(0.508771852559693,-1.32627185255969,0.807409318198907));
#4270=CARTESIAN_POINT('',(0.558245384835868,-1.475,0.416666666666667));
#4271=CARTESIAN_POINT('',(0.508771852559693,-1.42552646772383,0.819596252539422));
#4272=CARTESIAN_POINT('',(0.598921626355043,-1.475,0.366666666666666));
#4273=CARTESIAN_POINT('Origin',(0.657500000000001,-1.475,-0.403884238145843));
#4274=CARTESIAN_POINT('',(0.6575,-1.41642162635504,0.366666666666667));
#4275=CARTESIAN_POINT('Origin',(0.562888245499261,-1.38038824549926,0.366666666666667));
#4276=CARTESIAN_POINT('Origin',(0.6575,-1.475,-0.403884238145841));
#4277=CARTESIAN_POINT('Origin',(-0.32875,-1.43611822238075,0.733333333333333));
#4278=CARTESIAN_POINT('',(-0.558245384835868,-1.475,0.416666666666667));
#4279=CARTESIAN_POINT('',(-0.502789886594567,-1.4195445017587,0.868315455679756));
#4280=CARTESIAN_POINT('',(-0.32875,-1.475,0.416666666666667));
#4281=CARTESIAN_POINT('Origin',(0.,-2.77555756156289E-16,1.05));
#4282=CARTESIAN_POINT('Origin',(0.6575,1.475,0.));
#4283=CARTESIAN_POINT('',(-0.558245384835868,1.475,0.416666666666667));
#4284=CARTESIAN_POINT('Origin',(-0.6575,1.475,-0.403884238145843));
#4285=CARTESIAN_POINT('',(0.32875,1.475,0.416666666666667));
#4286=CARTESIAN_POINT('Origin',(0.527928228255702,-1.3454282282557,0.0819401751071602));
#4287=CARTESIAN_POINT('',(0.6575,-1.37574538483587,0.316666666666667));
#4288=CARTESIAN_POINT('',(0.627182843419834,-1.3454282282557,0.0697532407666454));
#4289=CARTESIAN_POINT('Origin',(0.6575,-1.475,1.13721757147917));
#4290=CARTESIAN_POINT('',(0.558245384835868,-1.475,0.316666666666667));
#4291=CARTESIAN_POINT('Origin',(0.6575,-1.475,1.13721757147917));
#4292=CARTESIAN_POINT('',(0.527928228255702,-1.44468284341983,0.0697532407666454));
#4293=CARTESIAN_POINT('Origin',(-0.32875,-1.45555911119037,0.158333333333333));
#4294=CARTESIAN_POINT('',(-0.558245384835868,-1.475,0.316666666666667));
#4295=CARTESIAN_POINT('',(-0.32875,-1.475,0.316666666666667));
#4296=CARTESIAN_POINT('',(-0.521946262290576,-1.43870087745471,0.0210340376263111));
#4297=CARTESIAN_POINT('Origin',(-0.6575,-1.475,0.));
#4298=CARTESIAN_POINT('',(-0.598921626355043,-1.475,0.366666666666667));
#4299=CARTESIAN_POINT('Origin',(-0.6575,-1.475,-0.403884238145843));
#4300=CARTESIAN_POINT('Origin',(-0.6575,-1.475,1.13721757147917));
#4301=CARTESIAN_POINT('Origin',(-0.521946262290576,-1.33944626229058,0.0332209719668258));
#4302=CARTESIAN_POINT('',(-0.6575,-1.41642162635504,0.366666666666666));
#4303=CARTESIAN_POINT('Origin',(-0.56288824549926,-1.38038824549926,0.366666666666667));
#4304=CARTESIAN_POINT('Origin',(-0.6575,-1.475,1.13721757147917));
#4305=CARTESIAN_POINT('Origin',(-0.6575,1.475,0.));
#4306=CARTESIAN_POINT('',(-0.6575,-1.37574538483587,0.416666666666667));
#4307=CARTESIAN_POINT('Origin',(-0.6575,-1.475,-0.403884238145841));
#4308=CARTESIAN_POINT('',(-0.6575,1.37574538483587,0.416666666666667));
#4309=CARTESIAN_POINT('',(-0.6575,0.7375,0.416666666666667));
#4310=CARTESIAN_POINT('Origin',(-0.6575,1.475,-0.403884238145841));
#4311=CARTESIAN_POINT('Origin',(0.32875,1.43611822238075,0.733333333333333));
#4312=CARTESIAN_POINT('',(-0.508771852559692,1.42552646772382,0.819596252539422));
#4313=CARTESIAN_POINT('Origin',(0.638059111190374,-0.7375,0.158333333333333));
#4314=CARTESIAN_POINT('',(0.6575,-0.7375,0.316666666666667));
#4315=CARTESIAN_POINT('Origin',(-0.508771852559692,1.32627185255969,0.807409318198907));
#4316=CARTESIAN_POINT('',(-0.608026467723825,1.32627185255969,0.819596252539422));
#4317=CARTESIAN_POINT('Origin',(-0.618618222380747,0.7375,0.733333333333333));
#4318=CARTESIAN_POINT('',(-0.602044501758699,-1.32028988659457,0.868315455679756));
#4319=CARTESIAN_POINT('Origin',(-0.502789886594567,-1.32028988659457,0.856128521339241));
#4320=CARTESIAN_POINT('Origin',(0.6575,-1.475,0.));
#4321=CARTESIAN_POINT('',(0.,0.,0.));
#4322=CARTESIAN_POINT('Origin',(-1.2375,0.25864434356943,-0.2));
#4323=CARTESIAN_POINT('',(-1.2375,0.,0.75));
#4324=CARTESIAN_POINT('',(-1.2375,0.13683331908808,0.75));
#4325=CARTESIAN_POINT('',(-1.2375,0.365606001019331,0.75));
#4326=CARTESIAN_POINT('',(-1.2375,0.,1.15));
#4327=CARTESIAN_POINT('',(-1.2375,0.,0.95));
#4328=CARTESIAN_POINT('',(-1.2375,0.13683331908808,1.15));
#4329=CARTESIAN_POINT('',(-1.2375,0.365606001019331,1.15));
#4330=CARTESIAN_POINT('',(-1.2375,0.13683331908808,0.375));
#4331=CARTESIAN_POINT('Origin',(-0.654224102054739,0.472567658469232,1.15));
#4332=CARTESIAN_POINT('',(-1.00073712512823,0.0165560730263635,1.15));
#4333=CARTESIAN_POINT('',(-0.83847437989607,0.0279025894976501,1.15));
#4334=CARTESIAN_POINT('',(-0.816518743228507,0.189072971220938,1.15));
#4335=CARTESIAN_POINT('Origin',(-1.01468841987705,0.216068883078328,1.15));
#4336=CARTESIAN_POINT('',(-0.798980615769898,0.317815614397927,1.15));
#4337=CARTESIAN_POINT('',(-0.787196766713241,0.404317658469232,1.15));
#4338=CARTESIAN_POINT('',(-0.699895777445627,0.404317658469232,1.15));
#4339=CARTESIAN_POINT('Origin',(-0.699895777445627,0.304317658469232,1.15));
#4340=CARTESIAN_POINT('',(-0.521251437396236,0.404317658469232,1.15));
#4341=CARTESIAN_POINT('',(-0.521251437396236,0.404317658469232,1.15));
#4342=CARTESIAN_POINT('',(-0.521251437396236,0.540817658469232,1.15));
#4343=CARTESIAN_POINT('',(-0.521251437396236,0.540817658469232,1.15));
#4344=CARTESIAN_POINT('',(-0.71680003353914,0.540817658469232,1.15));
#4345=CARTESIAN_POINT('',(-0.888568490702976,0.540817658469232,1.15));
#4346=CARTESIAN_POINT('',(-0.914506596064893,0.371018902388162,1.15));
#4347=CARTESIAN_POINT('Origin',(-0.71680003353914,0.340817658469232,1.15));
#4348=CARTESIAN_POINT('',(-0.935099680904576,0.236210282372907,1.15));
#4349=CARTESIAN_POINT('',(-0.947179128303607,0.15713453208647,1.15));
#4350=CARTESIAN_POINT('',(-1.02697731479304,0.15155449930639,1.15));
#4351=CARTESIAN_POINT('Origin',(-1.03395296216745,0.251310904332372,1.15));
#4352=CARTESIAN_POINT('',(-1.24702175866607,0.136167492860466,1.15));
#4353=CARTESIAN_POINT('Origin',(-1.03395296216745,0.251310904332372,0.95));
#4354=CARTESIAN_POINT('',(-1.02697731479304,0.15155449930639,0.75));
#4355=CARTESIAN_POINT('',(-0.935099680904576,0.236210282372907,0.75));
#4356=CARTESIAN_POINT('Origin',(-1.03395296216745,0.251310904332372,0.75));
#4357=CARTESIAN_POINT('',(-1.02697731479304,0.15155449930639,0.95));
#4358=CARTESIAN_POINT('',(-0.935099680904576,0.236210282372907,0.95));
#4359=CARTESIAN_POINT('Origin',(-0.947179128303607,0.15713453208647,0.95));
#4360=CARTESIAN_POINT('',(-0.914506596064893,0.371018902388162,0.75));
#4361=CARTESIAN_POINT('',(-0.914506596064893,0.371018902388162,0.95));
#4362=CARTESIAN_POINT('',(-0.947179128303607,0.15713453208647,0.75));
#4363=CARTESIAN_POINT('Origin',(-0.699895777445627,0.304317658469232,0.95));
#4364=CARTESIAN_POINT('',(-0.699895777445627,0.404317658469232,0.75));
#4365=CARTESIAN_POINT('',(-0.798980615769898,0.317815614397927,0.75));
#4366=CARTESIAN_POINT('Origin',(-0.699895777445627,0.304317658469232,0.75));
#4367=CARTESIAN_POINT('',(-0.699895777445627,0.404317658469232,0.95));
#4368=CARTESIAN_POINT('',(-0.798980615769898,0.317815614397927,0.95));
#4369=CARTESIAN_POINT('Origin',(-0.787196766713241,0.404317658469232,0.95));
#4370=CARTESIAN_POINT('',(-0.816518743228507,0.189072971220938,0.75));
#4371=CARTESIAN_POINT('',(-0.816518743228507,0.189072971220938,0.95));
#4372=CARTESIAN_POINT('',(-0.787196766713241,0.404317658469232,0.75));
#4373=CARTESIAN_POINT('Origin',(-1.01468841987705,0.216068883078328,0.95));
#4374=CARTESIAN_POINT('',(-1.00073712512823,0.0165560730263635,0.75));
#4375=CARTESIAN_POINT('Origin',(-1.01468841987705,0.216068883078328,0.75));
#4376=CARTESIAN_POINT('',(-1.00073712512823,0.0165560730263635,0.95));
#4377=CARTESIAN_POINT('Origin',(-0.83847437989607,0.0279025894976501,0.95));
#4378=CARTESIAN_POINT('',(-0.83847437989607,0.0279025894976501,0.75));
#4379=CARTESIAN_POINT('Origin',(-0.654224102054739,0.472567658469232,0.75));
#4380=CARTESIAN_POINT('',(-1.24702175866607,0.136167492860466,0.75));
#4381=CARTESIAN_POINT('',(-0.71680003353914,0.540817658469232,0.75));
#4382=CARTESIAN_POINT('Origin',(-0.71680003353914,0.340817658469232,0.75));
#4383=CARTESIAN_POINT('',(-0.521251437396236,0.540817658469232,0.75));
#4384=CARTESIAN_POINT('',(-0.787196766713241,0.540817658469232,0.75));
#4385=CARTESIAN_POINT('',(-0.521251437396236,0.404317658469232,0.75));
#4386=CARTESIAN_POINT('',(-0.521251437396236,0.540817658469232,0.75));
#4387=CARTESIAN_POINT('',(-0.521251437396236,0.404317658469232,0.75));
#4388=CARTESIAN_POINT('Origin',(-0.71680003353914,0.340817658469232,0.95));
#4389=CARTESIAN_POINT('',(-0.71680003353914,0.540817658469232,0.95));
#4390=CARTESIAN_POINT('Origin',(-0.947179128303607,0.15713453208647,0.95));
#4391=CARTESIAN_POINT('Origin',(-0.521251437396236,0.540817658469232,0.95));
#4392=CARTESIAN_POINT('',(-0.521251437396236,0.404317658469232,0.95));
#4393=CARTESIAN_POINT('',(-0.521251437396236,0.540817658469232,0.95));
#4394=CARTESIAN_POINT('Origin',(-0.787196766713241,0.540817658469232,0.95));
#4395=CARTESIAN_POINT('Origin',(-0.521251437396236,0.404317658469232,0.95));
#4396=CARTESIAN_POINT('Origin',(-0.521251437396236,0.404317658469232,-0.95));
#4397=CARTESIAN_POINT('',(-0.699895777445627,0.404317658469232,-0.75));
#4398=CARTESIAN_POINT('',(-0.699895777445627,0.404317658469232,-1.15));
#4399=CARTESIAN_POINT('',(-0.699895777445627,0.404317658469232,-0.95));
#4400=CARTESIAN_POINT('',(-0.521251437396236,0.404317658469232,-1.15));
#4401=CARTESIAN_POINT('',(-0.521251437396236,0.404317658469232,-1.15));
#4402=CARTESIAN_POINT('',(-0.521251437396236,0.404317658469232,-0.75));
#4403=CARTESIAN_POINT('',(-0.521251437396236,0.404317658469232,-0.95));
#4404=CARTESIAN_POINT('',(-0.521251437396236,0.404317658469232,-0.75));
#4405=CARTESIAN_POINT('Origin',(-0.787196766713241,0.540817658469232,-0.95));
#4406=CARTESIAN_POINT('',(-0.71680003353914,0.540817658469232,-1.15));
#4407=CARTESIAN_POINT('',(-0.71680003353914,0.540817658469232,-0.75));
#4408=CARTESIAN_POINT('',(-0.71680003353914,0.540817658469232,-0.95));
#4409=CARTESIAN_POINT('',(-0.521251437396236,0.540817658469232,-0.75));
#4410=CARTESIAN_POINT('',(-0.888568490702976,0.540817658469232,-0.75));
#4411=CARTESIAN_POINT('',(-0.521251437396236,0.540817658469232,-1.15));
#4412=CARTESIAN_POINT('',(-0.521251437396236,0.540817658469232,-0.95));
#4413=CARTESIAN_POINT('',(-0.787196766713241,0.540817658469232,-1.15));
#4414=CARTESIAN_POINT('Origin',(-0.521251437396236,0.540817658469232,-0.95));
#4415=CARTESIAN_POINT('',(-0.521251437396236,0.540817658469232,-1.15));
#4416=CARTESIAN_POINT('',(-0.521251437396236,0.540817658469232,-0.75));
#4417=CARTESIAN_POINT('Origin',(-0.947179128303607,0.15713453208647,-0.95));
#4418=CARTESIAN_POINT('',(-1.2375,0.13683331908808,-1.15));
#4419=CARTESIAN_POINT('',(-1.2375,0.13683331908808,-0.75));
#4420=CARTESIAN_POINT('',(-1.2375,0.13683331908808,-0.575));
#4421=CARTESIAN_POINT('',(-1.02697731479304,0.15155449930639,-0.75));
#4422=CARTESIAN_POINT('',(-1.24702175866607,0.136167492860466,-0.75));
#4423=CARTESIAN_POINT('',(-1.02697731479304,0.15155449930639,-1.15));
#4424=CARTESIAN_POINT('',(-1.02697731479304,0.15155449930639,-0.95));
#4425=CARTESIAN_POINT('',(-1.24702175866607,0.136167492860466,-1.15));
#4426=CARTESIAN_POINT('Origin',(-0.71680003353914,0.340817658469232,-0.95));
#4427=CARTESIAN_POINT('',(-0.914506596064893,0.371018902388162,-0.75));
#4428=CARTESIAN_POINT('Origin',(-0.71680003353914,0.340817658469232,-0.75));
#4429=CARTESIAN_POINT('',(-0.914506596064893,0.371018902388162,-1.15));
#4430=CARTESIAN_POINT('Origin',(-0.71680003353914,0.340817658469232,-1.15));
#4431=CARTESIAN_POINT('',(-0.914506596064893,0.371018902388162,-0.95));
#4432=CARTESIAN_POINT('Origin',(-0.654224102054739,0.472567658469232,-1.15));
#4433=CARTESIAN_POINT('',(-1.2375,0.,-1.15));
#4434=CARTESIAN_POINT('',(-1.2375,0.365606001019331,-1.15));
#4435=CARTESIAN_POINT('',(-0.935099680904576,0.236210282372907,-1.15));
#4436=CARTESIAN_POINT('Origin',(-1.03395296216745,0.251310904332372,-1.15));
#4437=CARTESIAN_POINT('',(-0.947179128303607,0.15713453208647,-1.15));
#4438=CARTESIAN_POINT('',(-0.798980615769898,0.317815614397927,-1.15));
#4439=CARTESIAN_POINT('Origin',(-0.699895777445627,0.304317658469232,-1.15));
#4440=CARTESIAN_POINT('',(-0.816518743228507,0.189072971220938,-1.15));
#4441=CARTESIAN_POINT('',(-0.787196766713241,0.404317658469232,-1.15));
#4442=CARTESIAN_POINT('',(-1.00073712512823,0.0165560730263635,-1.15));
#4443=CARTESIAN_POINT('Origin',(-1.01468841987705,0.216068883078328,-1.15));
#4444=CARTESIAN_POINT('',(-0.83847437989607,0.0279025894976501,-1.15));
#4445=CARTESIAN_POINT('Origin',(-0.83847437989607,0.0279025894976501,-0.95));
#4446=CARTESIAN_POINT('',(-1.00073712512823,0.0165560730263635,-0.75));
#4447=CARTESIAN_POINT('',(-1.00073712512823,0.0165560730263635,-0.95));
#4448=CARTESIAN_POINT('',(-1.2375,0.,-0.75));
#4449=CARTESIAN_POINT('',(-0.83847437989607,0.0279025894976501,-0.75));
#4450=CARTESIAN_POINT('',(-1.2375,0.,-0.95));
#4451=CARTESIAN_POINT('Origin',(-1.01468841987705,0.216068883078328,-0.95));
#4452=CARTESIAN_POINT('',(-0.816518743228507,0.189072971220938,-0.75));
#4453=CARTESIAN_POINT('',(-0.816518743228507,0.189072971220938,-0.95));
#4454=CARTESIAN_POINT('Origin',(-1.01468841987705,0.216068883078328,-0.75));
#4455=CARTESIAN_POINT('Origin',(-0.787196766713241,0.404317658469232,-0.95));
#4456=CARTESIAN_POINT('',(-0.798980615769898,0.317815614397927,-0.75));
#4457=CARTESIAN_POINT('',(-0.798980615769898,0.317815614397927,-0.95));
#4458=CARTESIAN_POINT('',(-0.787196766713241,0.404317658469232,-0.75));
#4459=CARTESIAN_POINT('Origin',(-0.699895777445627,0.304317658469232,-0.95));
#4460=CARTESIAN_POINT('Origin',(-0.699895777445627,0.304317658469232,-0.75));
#4461=CARTESIAN_POINT('Origin',(-0.947179128303607,0.15713453208647,-0.95));
#4462=CARTESIAN_POINT('',(-0.935099680904576,0.236210282372907,-0.75));
#4463=CARTESIAN_POINT('',(-0.935099680904576,0.236210282372907,-0.95));
#4464=CARTESIAN_POINT('',(-0.947179128303607,0.15713453208647,-0.75));
#4465=CARTESIAN_POINT('Origin',(-1.03395296216745,0.251310904332372,-0.95));
#4466=CARTESIAN_POINT('Origin',(-1.03395296216745,0.251310904332372,-0.75));
#4467=CARTESIAN_POINT('Origin',(-0.654224102054739,0.472567658469232,-0.75));
#4468=CARTESIAN_POINT('',(-1.2375,0.365606001019331,-0.75));
#4469=CARTESIAN_POINT('Origin',(-1.2375,0.25864434356943,-0.2));
#4470=CARTESIAN_POINT('Origin',(1.2375,0.,-0.2));
#4471=CARTESIAN_POINT('',(1.2375,0.,0.2));
#4472=CARTESIAN_POINT('',(1.2375,0.13683331908808,0.2));
#4473=CARTESIAN_POINT('',(1.2375,0.236283829234616,0.2));
#4474=CARTESIAN_POINT('',(1.2375,0.,-0.2));
#4475=CARTESIAN_POINT('',(1.2375,0.,0.));
#4476=CARTESIAN_POINT('',(1.2375,0.13683331908808,-0.2));
#4477=CARTESIAN_POINT('',(1.2375,0.236283829234616,-0.2));
#4478=CARTESIAN_POINT('',(1.2375,0.13683331908808,-0.1));
#4479=CARTESIAN_POINT('Origin',(0.654224102054739,0.472567658469232,-0.2));
#4480=CARTESIAN_POINT('',(1.00073712512823,0.0165560730263635,-0.2));
#4481=CARTESIAN_POINT('',(0.83847437989607,0.0279025894976501,-0.2));
#4482=CARTESIAN_POINT('',(0.816518743228507,0.189072971220938,-0.2));
#4483=CARTESIAN_POINT('Origin',(1.01468841987705,0.216068883078328,-0.2));
#4484=CARTESIAN_POINT('',(0.798980615769898,0.317815614397927,-0.2));
#4485=CARTESIAN_POINT('',(0.787196766713241,0.404317658469232,-0.2));
#4486=CARTESIAN_POINT('',(0.699895777445627,0.404317658469232,-0.2));
#4487=CARTESIAN_POINT('Origin',(0.699895777445627,0.304317658469232,-0.2));
#4488=CARTESIAN_POINT('',(0.521251437396236,0.404317658469232,-0.2));
#4489=CARTESIAN_POINT('',(0.521251437396236,0.404317658469232,-0.2));
#4490=CARTESIAN_POINT('',(0.521251437396236,0.540817658469232,-0.2));
#4491=CARTESIAN_POINT('',(0.521251437396236,0.540817658469232,-0.2));
#4492=CARTESIAN_POINT('',(0.71680003353914,0.540817658469232,-0.2));
#4493=CARTESIAN_POINT('',(0.787196766713241,0.540817658469232,-0.2));
#4494=CARTESIAN_POINT('',(0.914506596064893,0.371018902388162,-0.2));
#4495=CARTESIAN_POINT('Origin',(0.71680003353914,0.340817658469232,-0.2));
#4496=CARTESIAN_POINT('',(0.935099680904576,0.236210282372907,-0.2));
#4497=CARTESIAN_POINT('',(0.947179128303607,0.15713453208647,-0.2));
#4498=CARTESIAN_POINT('',(1.02697731479304,0.15155449930639,-0.2));
#4499=CARTESIAN_POINT('Origin',(1.03395296216745,0.251310904332372,-0.2));
#4500=CARTESIAN_POINT('',(1.24702175866607,0.136167492860466,-0.2));
#4501=CARTESIAN_POINT('Origin',(1.03395296216745,0.251310904332372,0.));
#4502=CARTESIAN_POINT('',(0.935099680904576,0.236210282372907,0.2));
#4503=CARTESIAN_POINT('',(0.935099680904576,0.236210282372907,0.));
#4504=CARTESIAN_POINT('',(1.02697731479304,0.15155449930639,0.2));
#4505=CARTESIAN_POINT('Origin',(1.03395296216745,0.251310904332372,0.2));
#4506=CARTESIAN_POINT('',(1.02697731479304,0.15155449930639,0.));
#4507=CARTESIAN_POINT('Origin',(0.947179128303607,0.15713453208647,0.));
#4508=CARTESIAN_POINT('',(0.914506596064893,0.371018902388162,0.2));
#4509=CARTESIAN_POINT('',(0.914506596064893,0.371018902388162,0.));
#4510=CARTESIAN_POINT('',(0.947179128303607,0.15713453208647,0.2));
#4511=CARTESIAN_POINT('Origin',(0.699895777445627,0.304317658469232,0.));
#4512=CARTESIAN_POINT('',(0.798980615769898,0.317815614397927,0.2));
#4513=CARTESIAN_POINT('',(0.798980615769898,0.317815614397927,0.));
#4514=CARTESIAN_POINT('',(0.699895777445627,0.404317658469232,0.2));
#4515=CARTESIAN_POINT('Origin',(0.699895777445627,0.304317658469232,0.2));
#4516=CARTESIAN_POINT('',(0.699895777445627,0.404317658469232,0.));
#4517=CARTESIAN_POINT('Origin',(0.787196766713241,0.404317658469232,0.));
#4518=CARTESIAN_POINT('',(0.816518743228507,0.189072971220938,0.2));
#4519=CARTESIAN_POINT('',(0.816518743228507,0.189072971220938,0.));
#4520=CARTESIAN_POINT('',(0.787196766713241,0.404317658469232,0.2));
#4521=CARTESIAN_POINT('Origin',(1.01468841987705,0.216068883078328,0.));
#4522=CARTESIAN_POINT('',(1.00073712512823,0.0165560730263635,0.2));
#4523=CARTESIAN_POINT('',(1.00073712512823,0.0165560730263635,0.));
#4524=CARTESIAN_POINT('Origin',(1.01468841987705,0.216068883078328,0.2));
#4525=CARTESIAN_POINT('Origin',(0.83847437989607,0.0279025894976501,0.));
#4526=CARTESIAN_POINT('',(0.83847437989607,0.0279025894976501,0.2));
#4527=CARTESIAN_POINT('Origin',(0.71680003353914,0.340817658469232,0.));
#4528=CARTESIAN_POINT('',(0.71680003353914,0.540817658469232,0.2));
#4529=CARTESIAN_POINT('Origin',(0.71680003353914,0.340817658469232,0.2));
#4530=CARTESIAN_POINT('',(0.71680003353914,0.540817658469232,0.));
#4531=CARTESIAN_POINT('Origin',(0.947179128303607,0.15713453208647,0.));
#4532=CARTESIAN_POINT('',(1.24702175866607,0.136167492860466,0.2));
#4533=CARTESIAN_POINT('Origin',(0.521251437396236,0.540817658469232,0.));
#4534=CARTESIAN_POINT('',(0.521251437396236,0.404317658469232,0.2));
#4535=CARTESIAN_POINT('',(0.521251437396236,0.404317658469232,0.));
#4536=CARTESIAN_POINT('',(0.521251437396236,0.540817658469232,0.2));
#4537=CARTESIAN_POINT('',(0.521251437396236,0.540817658469232,0.2));
#4538=CARTESIAN_POINT('',(0.521251437396236,0.540817658469232,0.));
#4539=CARTESIAN_POINT('Origin',(0.787196766713241,0.540817658469232,0.));
#4540=CARTESIAN_POINT('',(0.888568490702976,0.540817658469232,0.2));
#4541=CARTESIAN_POINT('Origin',(0.521251437396236,0.404317658469232,0.));
#4542=CARTESIAN_POINT('',(0.521251437396236,0.404317658469232,0.2));
#4543=CARTESIAN_POINT('Origin',(0.654224102054739,0.472567658469232,0.2));
#4544=CARTESIAN_POINT('',(0.,0.,0.));
#4545=CARTESIAN_POINT('Origin',(0.817085312221638,0.89784981677469,0.));
#4546=CARTESIAN_POINT('',(0.817085312221638,0.852880205790088,0.));
#4547=CARTESIAN_POINT('',(0.817085312221638,0.89784981677469,0.));
#4548=CARTESIAN_POINT('',(0.817085312221638,0.852880205790088,0.));
#4549=CARTESIAN_POINT('',(0.817085312221638,0.852880205790088,0.1));
#4550=CARTESIAN_POINT('',(0.817085312221638,0.852880205790088,0.));
#4551=CARTESIAN_POINT('',(0.817085312221638,0.89784981677469,0.1));
#4552=CARTESIAN_POINT('',(0.817085312221638,0.852880205790088,0.1));
#4553=CARTESIAN_POINT('',(0.817085312221638,0.89784981677469,0.));
#4554=CARTESIAN_POINT('Origin',(0.774796009176516,0.89784981677469,0.));
#4555=CARTESIAN_POINT('',(0.774796009176516,0.89784981677469,0.));
#4556=CARTESIAN_POINT('',(0.817085312221638,0.89784981677469,0.));
#4557=CARTESIAN_POINT('',(0.774796009176516,0.89784981677469,0.1));
#4558=CARTESIAN_POINT('',(0.817085312221638,0.89784981677469,0.1));
#4559=CARTESIAN_POINT('',(0.774796009176516,0.89784981677469,0.));
#4560=CARTESIAN_POINT('Origin',(0.774796009176516,0.852880205790088,0.));
#4561=CARTESIAN_POINT('',(0.774796009176516,0.852880205790088,0.));
#4562=CARTESIAN_POINT('',(0.774796009176516,0.89784981677469,0.));
#4563=CARTESIAN_POINT('',(0.774796009176516,0.852880205790088,0.1));
#4564=CARTESIAN_POINT('',(0.774796009176516,0.89784981677469,0.1));
#4565=CARTESIAN_POINT('',(0.774796009176516,0.852880205790088,0.));
#4566=CARTESIAN_POINT('Origin',(0.76258571745222,0.852880205790088,0.));
#4567=CARTESIAN_POINT('',(0.76258571745222,0.852880205790088,0.));
#4568=CARTESIAN_POINT('',(0.774796009176516,0.852880205790088,0.));
#4569=CARTESIAN_POINT('',(0.76258571745222,0.852880205790088,0.1));
#4570=CARTESIAN_POINT('',(0.774796009176516,0.852880205790088,0.1));
#4571=CARTESIAN_POINT('',(0.76258571745222,0.852880205790088,0.));
#4572=CARTESIAN_POINT('Origin',(0.76258571745222,0.944755205715582,0.));
#4573=CARTESIAN_POINT('',(0.76258571745222,0.944755205715582,0.));
#4574=CARTESIAN_POINT('',(0.76258571745222,0.852880205790088,0.));
#4575=CARTESIAN_POINT('',(0.76258571745222,0.944755205715582,0.1));
#4576=CARTESIAN_POINT('',(0.76258571745222,0.852880205790088,0.1));
#4577=CARTESIAN_POINT('',(0.76258571745222,0.944755205715582,0.));
#4578=CARTESIAN_POINT('Origin',(0.774796009176516,0.944755205715582,0.));
#4579=CARTESIAN_POINT('',(0.774796009176516,0.944755205715582,0.));
#4580=CARTESIAN_POINT('',(0.76258571745222,0.944755205715582,0.));
#4581=CARTESIAN_POINT('',(0.774796009176516,0.944755205715582,0.1));
#4582=CARTESIAN_POINT('',(0.76258571745222,0.944755205715582,0.1));
#4583=CARTESIAN_POINT('',(0.774796009176516,0.944755205715582,0.));
#4584=CARTESIAN_POINT('Origin',(0.774796009176516,0.908719954529246,0.));
#4585=CARTESIAN_POINT('',(0.774796009176516,0.908719954529246,0.));
#4586=CARTESIAN_POINT('',(0.774796009176516,0.944755205715582,0.));
#4587=CARTESIAN_POINT('',(0.774796009176516,0.908719954529246,0.1));
#4588=CARTESIAN_POINT('',(0.774796009176516,0.944755205715582,0.1));
#4589=CARTESIAN_POINT('',(0.774796009176516,0.908719954529246,0.));
#4590=CARTESIAN_POINT('Origin',(0.817085312221638,0.908719954529246,0.));
#4591=CARTESIAN_POINT('',(0.817085312221638,0.908719954529246,0.));
#4592=CARTESIAN_POINT('',(0.774796009176516,0.908719954529246,0.));
#4593=CARTESIAN_POINT('',(0.817085312221638,0.908719954529246,0.1));
#4594=CARTESIAN_POINT('',(0.774796009176516,0.908719954529246,0.1));
#4595=CARTESIAN_POINT('',(0.817085312221638,0.908719954529246,0.));
#4596=CARTESIAN_POINT('Origin',(0.817085312221638,0.944755205715582,0.));
#4597=CARTESIAN_POINT('',(0.817085312221638,0.944755205715582,0.));
#4598=CARTESIAN_POINT('',(0.817085312221638,0.908719954529246,0.));
#4599=CARTESIAN_POINT('',(0.817085312221638,0.944755205715582,0.1));
#4600=CARTESIAN_POINT('',(0.817085312221638,0.908719954529246,0.1));
#4601=CARTESIAN_POINT('',(0.817085312221638,0.944755205715582,0.));
#4602=CARTESIAN_POINT('Origin',(0.829295603945934,0.944755205715582,0.));
#4603=CARTESIAN_POINT('',(0.829295603945934,0.944755205715582,0.));
#4604=CARTESIAN_POINT('',(0.817085312221638,0.944755205715582,0.));
#4605=CARTESIAN_POINT('',(0.829295603945934,0.944755205715582,0.1));
#4606=CARTESIAN_POINT('',(0.817085312221638,0.944755205715582,0.1));
#4607=CARTESIAN_POINT('',(0.829295603945934,0.944755205715582,0.));
#4608=CARTESIAN_POINT('Origin',(0.829295603945934,0.852880205790088,0.));
#4609=CARTESIAN_POINT('',(0.829295603945934,0.852880205790088,0.));
#4610=CARTESIAN_POINT('',(0.829295603945934,0.944755205715582,0.));
#4611=CARTESIAN_POINT('',(0.829295603945934,0.852880205790088,0.1));
#4612=CARTESIAN_POINT('',(0.829295603945934,0.944755205715582,0.1));
#4613=CARTESIAN_POINT('',(0.829295603945934,0.852880205790088,0.));
#4614=CARTESIAN_POINT('Origin',(0.817085312221638,0.852880205790088,0.));
#4615=CARTESIAN_POINT('',(0.829295603945934,0.852880205790088,0.));
#4616=CARTESIAN_POINT('',(0.829295603945934,0.852880205790088,0.1));
#4617=CARTESIAN_POINT('Origin',(0.795940660699077,0.899403519897469,0.));
#4618=CARTESIAN_POINT('Origin',(0.795940660699077,0.899403519897469,0.1));
#4619=CARTESIAN_POINT('Origin',(0.641525142185726,0.862261283578267,0.));
#4620=CARTESIAN_POINT('',(0.641525142185726,0.852880205790088,0.));
#4621=CARTESIAN_POINT('',(0.641525142185726,0.862261283578267,0.));
#4622=CARTESIAN_POINT('',(0.641525142185726,0.852880205790088,0.));
#4623=CARTESIAN_POINT('',(0.641525142185726,0.852880205790088,0.1));
#4624=CARTESIAN_POINT('',(0.641525142185726,0.852880205790088,0.));
#4625=CARTESIAN_POINT('',(0.641525142185726,0.862261283578267,0.1));
#4626=CARTESIAN_POINT('',(0.641525142185726,0.852880205790088,0.1));
#4627=CARTESIAN_POINT('',(0.641525142185726,0.862261283578267,0.));
#4628=CARTESIAN_POINT('Origin',(0.65321426292179,0.862261283578267,0.));
#4629=CARTESIAN_POINT('',(0.65321426292179,0.862261283578267,0.));
#4630=CARTESIAN_POINT('',(0.641525142185726,0.862261283578267,0.));
#4631=CARTESIAN_POINT('',(0.65321426292179,0.862261283578267,0.1));
#4632=CARTESIAN_POINT('',(0.641525142185726,0.862261283578267,0.1));
#4633=CARTESIAN_POINT('',(0.65321426292179,0.862261283578267,0.));
#4634=CARTESIAN_POINT('Origin',(0.65321426292179,0.935374127927404,0.));
#4635=CARTESIAN_POINT('',(0.65321426292179,0.935374127927404,0.));
#4636=CARTESIAN_POINT('',(0.65321426292179,0.862261283578267,0.));
#4637=CARTESIAN_POINT('',(0.65321426292179,0.935374127927404,0.1));
#4638=CARTESIAN_POINT('',(0.65321426292179,0.862261283578267,0.1));
#4639=CARTESIAN_POINT('',(0.65321426292179,0.935374127927404,0.));
#4640=CARTESIAN_POINT('Origin',(0.641525142185726,0.935374127927404,0.));
#4641=CARTESIAN_POINT('',(0.641525142185726,0.935374127927404,0.));
#4642=CARTESIAN_POINT('',(0.65321426292179,0.935374127927404,0.));
#4643=CARTESIAN_POINT('',(0.641525142185726,0.935374127927404,0.1));
#4644=CARTESIAN_POINT('',(0.65321426292179,0.935374127927404,0.1));
#4645=CARTESIAN_POINT('',(0.641525142185726,0.935374127927404,0.));
#4646=CARTESIAN_POINT('Origin',(0.641525142185726,0.944755205715582,0.));
#4647=CARTESIAN_POINT('',(0.641525142185726,0.944755205715582,0.));
#4648=CARTESIAN_POINT('',(0.641525142185726,0.935374127927404,0.));
#4649=CARTESIAN_POINT('',(0.641525142185726,0.944755205715582,0.1));
#4650=CARTESIAN_POINT('',(0.641525142185726,0.935374127927404,0.1));
#4651=CARTESIAN_POINT('',(0.641525142185726,0.944755205715582,0.));
#4652=CARTESIAN_POINT('Origin',(0.67711367538215,0.944755205715582,0.));
#4653=CARTESIAN_POINT('',(0.67711367538215,0.944755205715582,0.));
#4654=CARTESIAN_POINT('',(0.641525142185726,0.944755205715582,0.));
#4655=CARTESIAN_POINT('',(0.67711367538215,0.944755205715582,0.1));
#4656=CARTESIAN_POINT('',(0.641525142185726,0.944755205715582,0.1));
#4657=CARTESIAN_POINT('',(0.67711367538215,0.944755205715582,0.));
#4658=CARTESIAN_POINT('Origin',(0.67711367538215,0.935374127927404,0.));
#4659=CARTESIAN_POINT('',(0.67711367538215,0.935374127927404,0.));
#4660=CARTESIAN_POINT('',(0.67711367538215,0.944755205715582,0.));
#4661=CARTESIAN_POINT('',(0.67711367538215,0.935374127927404,0.1));
#4662=CARTESIAN_POINT('',(0.67711367538215,0.944755205715582,0.1));
#4663=CARTESIAN_POINT('',(0.67711367538215,0.935374127927404,0.));
#4664=CARTESIAN_POINT('Origin',(0.665424554646086,0.935374127927404,0.));
#4665=CARTESIAN_POINT('',(0.665424554646086,0.935374127927404,0.));
#4666=CARTESIAN_POINT('',(0.67711367538215,0.935374127927404,0.));
#4667=CARTESIAN_POINT('',(0.665424554646086,0.935374127927404,0.1));
#4668=CARTESIAN_POINT('',(0.67711367538215,0.935374127927404,0.1));
#4669=CARTESIAN_POINT('',(0.665424554646086,0.935374127927404,0.));
#4670=CARTESIAN_POINT('Origin',(0.665424554646086,0.862261283578267,0.));
#4671=CARTESIAN_POINT('',(0.665424554646086,0.862261283578267,0.));
#4672=CARTESIAN_POINT('',(0.665424554646086,0.935374127927404,0.));
#4673=CARTESIAN_POINT('',(0.665424554646086,0.862261283578267,0.1));
#4674=CARTESIAN_POINT('',(0.665424554646086,0.935374127927404,0.1));
#4675=CARTESIAN_POINT('',(0.665424554646086,0.862261283578267,0.));
#4676=CARTESIAN_POINT('Origin',(0.67711367538215,0.862261283578267,0.));
#4677=CARTESIAN_POINT('',(0.67711367538215,0.862261283578267,0.));
#4678=CARTESIAN_POINT('',(0.665424554646086,0.862261283578267,0.));
#4679=CARTESIAN_POINT('',(0.67711367538215,0.862261283578267,0.1));
#4680=CARTESIAN_POINT('',(0.665424554646086,0.862261283578267,0.1));
#4681=CARTESIAN_POINT('',(0.67711367538215,0.862261283578267,0.));
#4682=CARTESIAN_POINT('Origin',(0.67711367538215,0.852880205790088,0.));
#4683=CARTESIAN_POINT('',(0.67711367538215,0.852880205790088,0.));
#4684=CARTESIAN_POINT('',(0.67711367538215,0.862261283578267,0.));
#4685=CARTESIAN_POINT('',(0.67711367538215,0.852880205790088,0.1));
#4686=CARTESIAN_POINT('',(0.67711367538215,0.862261283578267,0.1));
#4687=CARTESIAN_POINT('',(0.67711367538215,0.852880205790088,0.));
#4688=CARTESIAN_POINT('Origin',(0.641525142185726,0.852880205790088,0.));
#4689=CARTESIAN_POINT('',(0.67711367538215,0.852880205790088,0.));
#4690=CARTESIAN_POINT('',(0.67711367538215,0.852880205790088,0.1));
#4691=CARTESIAN_POINT('Origin',(0.659319408783938,0.898817705752835,0.));
#4692=CARTESIAN_POINT('Origin',(0.659319408783938,0.898817705752835,0.1));
#4693=CARTESIAN_POINT('Origin',(-1.10854083485498,0.452172944559589,0.));
#4694=CARTESIAN_POINT('',(-1.03668510282426,0.452172944559589,0.1));
#4695=CARTESIAN_POINT('Origin',(-1.10854083485498,0.452172944559589,0.1));
#4696=CARTESIAN_POINT('',(-1.03668510282426,0.452172944559589,0.));
#4697=CARTESIAN_POINT('Origin',(-1.10854083485498,0.452172944559589,0.));
#4698=CARTESIAN_POINT('Origin',(-1.10854083485498,0.452172944559589,0.));
#4699=CARTESIAN_POINT('Origin',(-1.10854083485498,0.452172944559589,0.1));
#4700=CARTESIAN_POINT('Origin',(0.591492727315441,0.852880205790088,0.));
#4701=CARTESIAN_POINT('',(0.604670908017882,0.852880205790088,0.));
#4702=CARTESIAN_POINT('',(0.591492727315441,0.852880205790088,0.));
#4703=CARTESIAN_POINT('',(0.604670908017882,0.852880205790088,0.));
#4704=CARTESIAN_POINT('',(0.604670908017882,0.852880205790088,0.1));
#4705=CARTESIAN_POINT('',(0.604670908017882,0.852880205790088,0.));
#4706=CARTESIAN_POINT('',(0.591492727315441,0.852880205790088,0.1));
#4707=CARTESIAN_POINT('',(0.604670908017882,0.852880205790088,0.1));
#4708=CARTESIAN_POINT('',(0.591492727315441,0.852880205790088,0.));
#4709=CARTESIAN_POINT('Origin',(0.559850203029918,0.944755205715582,0.));
#4710=CARTESIAN_POINT('',(0.559850203029918,0.944755205715582,0.));
#4711=CARTESIAN_POINT('',(0.591492727315441,0.852880205790088,0.));
#4712=CARTESIAN_POINT('',(0.559850203029918,0.944755205715582,0.1));
#4713=CARTESIAN_POINT('',(0.591492727315441,0.852880205790088,0.1));
#4714=CARTESIAN_POINT('',(0.559850203029918,0.944755205715582,0.));
#4715=CARTESIAN_POINT('Origin',(0.572953930734041,0.944755205715582,0.));
#4716=CARTESIAN_POINT('',(0.572953930734041,0.944755205715582,0.));
#4717=CARTESIAN_POINT('',(0.559850203029918,0.944755205715582,0.));
#4718=CARTESIAN_POINT('',(0.572953930734041,0.944755205715582,0.1));
#4719=CARTESIAN_POINT('',(0.559850203029918,0.944755205715582,0.1));
#4720=CARTESIAN_POINT('',(0.572953930734041,0.944755205715582,0.));
#4721=CARTESIAN_POINT('Origin',(0.598416856159097,0.868440882438733,0.));
#4722=CARTESIAN_POINT('',(0.598416856159097,0.868440882438733,0.));
#4723=CARTESIAN_POINT('',(0.572953930734041,0.944755205715582,0.));
#4724=CARTESIAN_POINT('',(0.598416856159097,0.868440882438733,0.1));
#4725=CARTESIAN_POINT('',(0.572953930734041,0.944755205715582,0.1));
#4726=CARTESIAN_POINT('',(0.598416856159097,0.868440882438733,0.));
#4727=CARTESIAN_POINT('Origin',(0.623879781584152,0.944755205715582,0.));
#4728=CARTESIAN_POINT('',(0.623879781584152,0.944755205715582,0.));
#4729=CARTESIAN_POINT('',(0.598416856159097,0.868440882438733,0.));
#4730=CARTESIAN_POINT('',(0.623879781584152,0.944755205715582,0.1));
#4731=CARTESIAN_POINT('',(0.598416856159097,0.868440882438733,0.1));
#4732=CARTESIAN_POINT('',(0.623879781584152,0.944755205715582,0.));
#4733=CARTESIAN_POINT('Origin',(0.636313432303405,0.944755205715582,0.));
#4734=CARTESIAN_POINT('',(0.636313432303405,0.944755205715582,0.));
#4735=CARTESIAN_POINT('',(0.623879781584152,0.944755205715582,0.));
#4736=CARTESIAN_POINT('',(0.636313432303405,0.944755205715582,0.1));
#4737=CARTESIAN_POINT('',(0.623879781584152,0.944755205715582,0.1));
#4738=CARTESIAN_POINT('',(0.636313432303405,0.944755205715582,0.));
#4739=CARTESIAN_POINT('Origin',(0.604670908017882,0.852880205790088,0.));
#4740=CARTESIAN_POINT('',(0.636313432303405,0.944755205715582,0.));
#4741=CARTESIAN_POINT('',(0.636313432303405,0.944755205715582,0.1));
#4742=CARTESIAN_POINT('Origin',(0.598175344532637,0.903436491310206,0.));
#4743=CARTESIAN_POINT('Origin',(0.598175344532637,0.903436491310206,0.1));
#4744=CARTESIAN_POINT('Origin',(0.68768600114343,0.873727045319374,0.));
#4745=CARTESIAN_POINT('',(0.68768600114343,0.858389727665685,0.));
#4746=CARTESIAN_POINT('',(0.68768600114343,0.873727045319374,0.));
#4747=CARTESIAN_POINT('',(0.68768600114343,0.858389727665685,0.));
#4748=CARTESIAN_POINT('',(0.68768600114343,0.858389727665685,0.1));
#4749=CARTESIAN_POINT('',(0.68768600114343,0.858389727665685,0.));
#4750=CARTESIAN_POINT('',(0.68768600114343,0.873727045319374,0.1));
#4751=CARTESIAN_POINT('',(0.68768600114343,0.858389727665685,0.1));
#4752=CARTESIAN_POINT('',(0.68768600114343,0.873727045319374,0.));
#4753=CARTESIAN_POINT('Origin',(0.688579437123257,0.873727045319374,0.));
#4754=CARTESIAN_POINT('',(0.688579437123257,0.873727045319374,0.));
#4755=CARTESIAN_POINT('',(0.68768600114343,0.873727045319374,0.));
#4756=CARTESIAN_POINT('',(0.688579437123257,0.873727045319374,0.1));
#4757=CARTESIAN_POINT('',(0.68768600114343,0.873727045319374,0.1));
#4758=CARTESIAN_POINT('',(0.688579437123257,0.873727045319374,0.));
#4759=CARTESIAN_POINT('Ctrl Pts',(0.716946029482749,0.861814565588353,0.));
#4760=CARTESIAN_POINT('Ctrl Pts',(0.716946029482749,0.861814565588353,0.1));
#4761=CARTESIAN_POINT('Ctrl Pts',(0.709872994642455,0.861814565588353,0.));
#4762=CARTESIAN_POINT('Ctrl Pts',(0.709872994642455,0.861814565588353,0.1));
#4763=CARTESIAN_POINT('Ctrl Pts',(0.694610129987086,0.868068617447139,0.));
#4764=CARTESIAN_POINT('Ctrl Pts',(0.694610129987086,0.868068617447139,0.1));
#4765=CARTESIAN_POINT('Ctrl Pts',(0.688579437123257,0.873727045319374,0.));
#4766=CARTESIAN_POINT('Ctrl Pts',(0.688579437123257,0.873727045319374,0.1));
#4767=CARTESIAN_POINT('',(0.716946029482749,0.861814565588353,0.));
#4768=CARTESIAN_POINT('Ctrl Pts',(0.688579437123257,0.873727045319374,0.));
#4769=CARTESIAN_POINT('Ctrl Pts',(0.694610129987086,0.868068617447139,0.));
#4770=CARTESIAN_POINT('Ctrl Pts',(0.709872994642455,0.861814565588353,0.));
#4771=CARTESIAN_POINT('Ctrl Pts',(0.716946029482749,0.861814565588353,0.));
#4772=CARTESIAN_POINT('',(0.716946029482749,0.861814565588353,0.1));
#4773=CARTESIAN_POINT('Ctrl Pts',(0.716946029482749,0.861814565588353,0.1));
#4774=CARTESIAN_POINT('Ctrl Pts',(0.709872994642455,0.861814565588353,0.1));
#4775=CARTESIAN_POINT('Ctrl Pts',(0.694610129987086,0.868068617447139,0.1));
#4776=CARTESIAN_POINT('Ctrl Pts',(0.688579437123257,0.873727045319374,0.1));
#4777=CARTESIAN_POINT('',(0.716946029482749,0.861814565588353,0.));
#4778=CARTESIAN_POINT('Ctrl Pts',(0.73742060402044,0.877151883242042,0.));
#4779=CARTESIAN_POINT('Ctrl Pts',(0.73742060402044,0.877151883242042,0.1));
#4780=CARTESIAN_POINT('Ctrl Pts',(0.73742060402044,0.870227754398386,0.));
#4781=CARTESIAN_POINT('Ctrl Pts',(0.73742060402044,0.870227754398386,0.1));
#4782=CARTESIAN_POINT('Ctrl Pts',(0.727071637254116,0.861814565588353,0.));
#4783=CARTESIAN_POINT('Ctrl Pts',(0.727071637254116,0.861814565588353,0.1));
#4784=CARTESIAN_POINT('Ctrl Pts',(0.716946029482749,0.861814565588353,0.));
#4785=CARTESIAN_POINT('Ctrl Pts',(0.716946029482749,0.861814565588353,0.1));
#4786=CARTESIAN_POINT('',(0.73742060402044,0.877151883242042,0.));
#4787=CARTESIAN_POINT('Ctrl Pts',(0.716946029482749,0.861814565588353,0.));
#4788=CARTESIAN_POINT('Ctrl Pts',(0.727071637254116,0.861814565588353,0.));
#4789=CARTESIAN_POINT('Ctrl Pts',(0.73742060402044,0.870227754398386,0.));
#4790=CARTESIAN_POINT('Ctrl Pts',(0.73742060402044,0.877151883242042,0.));
#4791=CARTESIAN_POINT('',(0.73742060402044,0.877151883242042,0.1));
#4792=CARTESIAN_POINT('Ctrl Pts',(0.73742060402044,0.877151883242042,0.1));
#4793=CARTESIAN_POINT('Ctrl Pts',(0.73742060402044,0.870227754398386,0.1));
#4794=CARTESIAN_POINT('Ctrl Pts',(0.727071637254116,0.861814565588353,0.1));
#4795=CARTESIAN_POINT('Ctrl Pts',(0.716946029482749,0.861814565588353,0.1));
#4796=CARTESIAN_POINT('',(0.73742060402044,0.877151883242042,0.));
#4797=CARTESIAN_POINT('Ctrl Pts',(0.726103748275971,0.89122349992431,0.));
#4798=CARTESIAN_POINT('Ctrl Pts',(0.726103748275971,0.89122349992431,0.1));
#4799=CARTESIAN_POINT('Ctrl Pts',(0.731985535143162,0.889511080962976,0.));
#4800=CARTESIAN_POINT('Ctrl Pts',(0.731985535143162,0.889511080962976,0.1));
#4801=CARTESIAN_POINT('Ctrl Pts',(0.73742060402044,0.882661405117639,0.));
#4802=CARTESIAN_POINT('Ctrl Pts',(0.73742060402044,0.882661405117639,0.1));
#4803=CARTESIAN_POINT('Ctrl Pts',(0.73742060402044,0.877151883242042,0.));
#4804=CARTESIAN_POINT('Ctrl Pts',(0.73742060402044,0.877151883242042,0.1));
#4805=CARTESIAN_POINT('',(0.726103748275971,0.89122349992431,0.));
#4806=CARTESIAN_POINT('Ctrl Pts',(0.73742060402044,0.877151883242042,0.));
#4807=CARTESIAN_POINT('Ctrl Pts',(0.73742060402044,0.882661405117639,0.));
#4808=CARTESIAN_POINT('Ctrl Pts',(0.731985535143162,0.889511080962976,0.));
#4809=CARTESIAN_POINT('Ctrl Pts',(0.726103748275971,0.89122349992431,0.));
#4810=CARTESIAN_POINT('',(0.726103748275971,0.89122349992431,0.1));
#4811=CARTESIAN_POINT('Ctrl Pts',(0.726103748275971,0.89122349992431,0.1));
#4812=CARTESIAN_POINT('Ctrl Pts',(0.731985535143162,0.889511080962976,0.1));
#4813=CARTESIAN_POINT('Ctrl Pts',(0.73742060402044,0.882661405117639,0.1));
#4814=CARTESIAN_POINT('Ctrl Pts',(0.73742060402044,0.877151883242042,0.1));
#4815=CARTESIAN_POINT('',(0.726103748275971,0.89122349992431,0.));
#4816=CARTESIAN_POINT('Ctrl Pts',(0.709500729650861,0.895392867830167,0.));
#4817=CARTESIAN_POINT('Ctrl Pts',(0.709500729650861,0.895392867830167,0.1));
#4818=CARTESIAN_POINT('Ctrl Pts',(0.714786892531501,0.894052713860427,0.));
#4819=CARTESIAN_POINT('Ctrl Pts',(0.714786892531501,0.894052713860427,0.1));
#4820=CARTESIAN_POINT('Ctrl Pts',(0.721859927371795,0.892414747897412,0.));
#4821=CARTESIAN_POINT('Ctrl Pts',(0.721859927371795,0.892414747897412,0.1));
#4822=CARTESIAN_POINT('Ctrl Pts',(0.726103748275971,0.89122349992431,0.));
#4823=CARTESIAN_POINT('Ctrl Pts',(0.726103748275971,0.89122349992431,0.1));
#4824=CARTESIAN_POINT('',(0.709500729650861,0.895392867830167,0.));
#4825=CARTESIAN_POINT('Ctrl Pts',(0.726103748275971,0.89122349992431,0.));
#4826=CARTESIAN_POINT('Ctrl Pts',(0.721859927371795,0.892414747897412,0.));
#4827=CARTESIAN_POINT('Ctrl Pts',(0.714786892531501,0.894052713860427,0.));
#4828=CARTESIAN_POINT('Ctrl Pts',(0.709500729650861,0.895392867830167,0.));
#4829=CARTESIAN_POINT('',(0.709500729650861,0.895392867830167,0.1));
#4830=CARTESIAN_POINT('Ctrl Pts',(0.709500729650861,0.895392867830167,0.1));
#4831=CARTESIAN_POINT('Ctrl Pts',(0.714786892531501,0.894052713860427,0.1));
#4832=CARTESIAN_POINT('Ctrl Pts',(0.721859927371795,0.892414747897412,0.1));
#4833=CARTESIAN_POINT('Ctrl Pts',(0.726103748275971,0.89122349992431,0.1));
#4834=CARTESIAN_POINT('',(0.709500729650861,0.895392867830167,0.));
#4835=CARTESIAN_POINT('Ctrl Pts',(0.69431231799381,0.903508244646924,0.));
#4836=CARTESIAN_POINT('Ctrl Pts',(0.69431231799381,0.903508244646924,0.1));
#4837=CARTESIAN_POINT('Ctrl Pts',(0.697215984928246,0.900455671715851,0.));
#4838=CARTESIAN_POINT('Ctrl Pts',(0.697215984928246,0.900455671715851,0.1));
#4839=CARTESIAN_POINT('Ctrl Pts',(0.704735737758453,0.896658568801588,0.));
#4840=CARTESIAN_POINT('Ctrl Pts',(0.704735737758453,0.896658568801588,0.1));
#4841=CARTESIAN_POINT('Ctrl Pts',(0.709500729650861,0.895392867830167,0.));
#4842=CARTESIAN_POINT('Ctrl Pts',(0.709500729650861,0.895392867830167,0.1));
#4843=CARTESIAN_POINT('',(0.69431231799381,0.903508244646924,0.));
#4844=CARTESIAN_POINT('Ctrl Pts',(0.709500729650861,0.895392867830167,0.));
#4845=CARTESIAN_POINT('Ctrl Pts',(0.704735737758453,0.896658568801588,0.));
#4846=CARTESIAN_POINT('Ctrl Pts',(0.697215984928246,0.900455671715851,0.));
#4847=CARTESIAN_POINT('Ctrl Pts',(0.69431231799381,0.903508244646924,0.));
#4848=CARTESIAN_POINT('',(0.69431231799381,0.903508244646924,0.1));
#4849=CARTESIAN_POINT('Ctrl Pts',(0.69431231799381,0.903508244646924,0.1));
#4850=CARTESIAN_POINT('Ctrl Pts',(0.697215984928246,0.900455671715851,0.1));
#4851=CARTESIAN_POINT('Ctrl Pts',(0.704735737758453,0.896658568801588,0.1));
#4852=CARTESIAN_POINT('Ctrl Pts',(0.709500729650861,0.895392867830167,0.1));
#4853=CARTESIAN_POINT('',(0.69431231799381,0.903508244646924,0.));
#4854=CARTESIAN_POINT('Ctrl Pts',(0.6883560781283,0.920111263272034,0.));
#4855=CARTESIAN_POINT('Ctrl Pts',(0.6883560781283,0.920111263272034,0.1));
#4856=CARTESIAN_POINT('Ctrl Pts',(0.6883560781283,0.914750647393075,0.));
#4857=CARTESIAN_POINT('Ctrl Pts',(0.6883560781283,0.914750647393075,0.1));
#4858=CARTESIAN_POINT('Ctrl Pts',(0.691483104057693,0.906560817577998,0.));
#4859=CARTESIAN_POINT('Ctrl Pts',(0.691483104057693,0.906560817577998,0.1));
#4860=CARTESIAN_POINT('Ctrl Pts',(0.69431231799381,0.903508244646924,0.));
#4861=CARTESIAN_POINT('Ctrl Pts',(0.69431231799381,0.903508244646924,0.1));
#4862=CARTESIAN_POINT('',(0.6883560781283,0.920111263272034,0.));
#4863=CARTESIAN_POINT('Ctrl Pts',(0.69431231799381,0.903508244646924,0.));
#4864=CARTESIAN_POINT('Ctrl Pts',(0.691483104057693,0.906560817577998,0.));
#4865=CARTESIAN_POINT('Ctrl Pts',(0.6883560781283,0.914750647393075,0.));
#4866=CARTESIAN_POINT('Ctrl Pts',(0.6883560781283,0.920111263272034,0.));
#4867=CARTESIAN_POINT('',(0.6883560781283,0.920111263272034,0.1));
#4868=CARTESIAN_POINT('Ctrl Pts',(0.6883560781283,0.920111263272034,0.1));
#4869=CARTESIAN_POINT('Ctrl Pts',(0.6883560781283,0.914750647393075,0.1));
#4870=CARTESIAN_POINT('Ctrl Pts',(0.691483104057693,0.906560817577998,0.1));
#4871=CARTESIAN_POINT('Ctrl Pts',(0.69431231799381,0.903508244646924,0.1));
#4872=CARTESIAN_POINT('',(0.6883560781283,0.920111263272034,0.));
#4873=CARTESIAN_POINT('Ctrl Pts',(0.719254072430634,0.946393171678598,0.));
#4874=CARTESIAN_POINT('Ctrl Pts',(0.719254072430634,0.946393171678598,0.1));
#4875=CARTESIAN_POINT('Ctrl Pts',(0.705778079734917,0.946393171678598,0.));
#4876=CARTESIAN_POINT('Ctrl Pts',(0.705778079734917,0.946393171678598,0.1));
#4877=CARTESIAN_POINT('Ctrl Pts',(0.6883560781283,0.931279213019865,0.));
#4878=CARTESIAN_POINT('Ctrl Pts',(0.6883560781283,0.931279213019865,0.1));
#4879=CARTESIAN_POINT('Ctrl Pts',(0.6883560781283,0.920111263272034,0.));
#4880=CARTESIAN_POINT('Ctrl Pts',(0.6883560781283,0.920111263272034,0.1));
#4881=CARTESIAN_POINT('',(0.719254072430634,0.946393171678598,0.));
#4882=CARTESIAN_POINT('Ctrl Pts',(0.6883560781283,0.920111263272034,0.));
#4883=CARTESIAN_POINT('Ctrl Pts',(0.6883560781283,0.931279213019865,0.));
#4884=CARTESIAN_POINT('Ctrl Pts',(0.705778079734917,0.946393171678598,0.));
#4885=CARTESIAN_POINT('Ctrl Pts',(0.719254072430634,0.946393171678598,0.));
#4886=CARTESIAN_POINT('',(0.719254072430634,0.946393171678598,0.1));
#4887=CARTESIAN_POINT('Ctrl Pts',(0.719254072430634,0.946393171678598,0.1));
#4888=CARTESIAN_POINT('Ctrl Pts',(0.705778079734917,0.946393171678598,0.1));
#4889=CARTESIAN_POINT('Ctrl Pts',(0.6883560781283,0.931279213019865,0.1));
#4890=CARTESIAN_POINT('Ctrl Pts',(0.6883560781283,0.920111263272034,0.1));
#4891=CARTESIAN_POINT('',(0.719254072430634,0.946393171678598,0.));
#4892=CARTESIAN_POINT('Ctrl Pts',(0.746578322813662,0.940436931813087,0.));
#4893=CARTESIAN_POINT('Ctrl Pts',(0.746578322813662,0.940436931813087,0.1));
#4894=CARTESIAN_POINT('Ctrl Pts',(0.740696535946471,0.943340598747524,0.));
#4895=CARTESIAN_POINT('Ctrl Pts',(0.740696535946471,0.943340598747524,0.1));
#4896=CARTESIAN_POINT('Ctrl Pts',(0.726997184255797,0.946393171678598,0.));
#4897=CARTESIAN_POINT('Ctrl Pts',(0.726997184255797,0.946393171678598,0.1));
#4898=CARTESIAN_POINT('Ctrl Pts',(0.719254072430634,0.946393171678598,0.));
#4899=CARTESIAN_POINT('Ctrl Pts',(0.719254072430634,0.946393171678598,0.1));
#4900=CARTESIAN_POINT('',(0.746578322813662,0.940436931813087,0.));
#4901=CARTESIAN_POINT('Ctrl Pts',(0.719254072430634,0.946393171678598,0.));
#4902=CARTESIAN_POINT('Ctrl Pts',(0.726997184255797,0.946393171678598,0.));
#4903=CARTESIAN_POINT('Ctrl Pts',(0.740696535946471,0.943340598747524,0.));
#4904=CARTESIAN_POINT('Ctrl Pts',(0.746578322813662,0.940436931813087,0.));
#4905=CARTESIAN_POINT('',(0.746578322813662,0.940436931813087,0.1));
#4906=CARTESIAN_POINT('Ctrl Pts',(0.746578322813662,0.940436931813087,0.1));
#4907=CARTESIAN_POINT('Ctrl Pts',(0.740696535946471,0.943340598747524,0.1));
#4908=CARTESIAN_POINT('Ctrl Pts',(0.726997184255797,0.946393171678598,0.1));
#4909=CARTESIAN_POINT('Ctrl Pts',(0.719254072430634,0.946393171678598,0.1));
#4910=CARTESIAN_POINT('',(0.746578322813662,0.940436931813087,0.));
#4911=CARTESIAN_POINT('Origin',(0.746578322813662,0.925844144142587,0.));
#4912=CARTESIAN_POINT('',(0.746578322813662,0.925844144142587,0.));
#4913=CARTESIAN_POINT('',(0.746578322813662,0.940436931813087,0.));
#4914=CARTESIAN_POINT('',(0.746578322813662,0.925844144142587,0.1));
#4915=CARTESIAN_POINT('',(0.746578322813662,0.940436931813087,0.1));
#4916=CARTESIAN_POINT('',(0.746578322813662,0.925844144142587,0.));
#4917=CARTESIAN_POINT('Origin',(0.745684886833835,0.925844144142587,0.));
#4918=CARTESIAN_POINT('',(0.745684886833835,0.925844144142587,0.));
#4919=CARTESIAN_POINT('',(0.746578322813662,0.925844144142587,0.));
#4920=CARTESIAN_POINT('',(0.745684886833835,0.925844144142587,0.1));
#4921=CARTESIAN_POINT('',(0.746578322813662,0.925844144142587,0.1));
#4922=CARTESIAN_POINT('',(0.745684886833835,0.925844144142587,0.));
#4923=CARTESIAN_POINT('Ctrl Pts',(0.720073055412142,0.935820845917317,0.));
#4924=CARTESIAN_POINT('Ctrl Pts',(0.720073055412142,0.935820845917317,0.1));
#4925=CARTESIAN_POINT('Ctrl Pts',(0.727592808242348,0.935820845917317,0.));
#4926=CARTESIAN_POINT('Ctrl Pts',(0.727592808242348,0.935820845917317,0.1));
#4927=CARTESIAN_POINT('Ctrl Pts',(0.741292159933021,0.929864606051807,0.));
#4928=CARTESIAN_POINT('Ctrl Pts',(0.741292159933021,0.929864606051807,0.1));
#4929=CARTESIAN_POINT('Ctrl Pts',(0.745684886833835,0.925844144142587,0.));
#4930=CARTESIAN_POINT('Ctrl Pts',(0.745684886833835,0.925844144142587,0.1));
#4931=CARTESIAN_POINT('',(0.720073055412142,0.935820845917317,0.));
#4932=CARTESIAN_POINT('Ctrl Pts',(0.745684886833835,0.925844144142587,0.));
#4933=CARTESIAN_POINT('Ctrl Pts',(0.741292159933021,0.929864606051807,0.));
#4934=CARTESIAN_POINT('Ctrl Pts',(0.727592808242348,0.935820845917317,0.));
#4935=CARTESIAN_POINT('Ctrl Pts',(0.720073055412142,0.935820845917317,0.));
#4936=CARTESIAN_POINT('',(0.720073055412142,0.935820845917317,0.1));
#4937=CARTESIAN_POINT('Ctrl Pts',(0.720073055412142,0.935820845917317,0.1));
#4938=CARTESIAN_POINT('Ctrl Pts',(0.727592808242348,0.935820845917317,0.1));
#4939=CARTESIAN_POINT('Ctrl Pts',(0.741292159933021,0.929864606051807,0.1));
#4940=CARTESIAN_POINT('Ctrl Pts',(0.745684886833835,0.925844144142587,0.1));
#4941=CARTESIAN_POINT('',(0.720073055412142,0.935820845917317,0.));
#4942=CARTESIAN_POINT('Ctrl Pts',(0.701087540840828,0.921376964243455,0.));
#4943=CARTESIAN_POINT('Ctrl Pts',(0.701087540840828,0.921376964243455,0.1));
#4944=CARTESIAN_POINT('Ctrl Pts',(0.701087540840828,0.927854375097197,0.));
#4945=CARTESIAN_POINT('Ctrl Pts',(0.701087540840828,0.927854375097197,0.1));
#4946=CARTESIAN_POINT('Ctrl Pts',(0.71158541360379,0.935820845917317,0.));
#4947=CARTESIAN_POINT('Ctrl Pts',(0.71158541360379,0.935820845917317,0.1));
#4948=CARTESIAN_POINT('Ctrl Pts',(0.720073055412142,0.935820845917317,0.));
#4949=CARTESIAN_POINT('Ctrl Pts',(0.720073055412142,0.935820845917317,0.1));
#4950=CARTESIAN_POINT('',(0.701087540840828,0.921376964243455,0.));
#4951=CARTESIAN_POINT('Ctrl Pts',(0.720073055412142,0.935820845917317,0.));
#4952=CARTESIAN_POINT('Ctrl Pts',(0.71158541360379,0.935820845917317,0.));
#4953=CARTESIAN_POINT('Ctrl Pts',(0.701087540840828,0.927854375097197,0.));
#4954=CARTESIAN_POINT('Ctrl Pts',(0.701087540840828,0.921376964243455,0.));
#4955=CARTESIAN_POINT('',(0.701087540840828,0.921376964243455,0.1));
#4956=CARTESIAN_POINT('Ctrl Pts',(0.701087540840828,0.921376964243455,0.1));
#4957=CARTESIAN_POINT('Ctrl Pts',(0.701087540840828,0.927854375097197,0.1));
#4958=CARTESIAN_POINT('Ctrl Pts',(0.71158541360379,0.935820845917317,0.1));
#4959=CARTESIAN_POINT('Ctrl Pts',(0.720073055412142,0.935820845917317,0.1));
#4960=CARTESIAN_POINT('',(0.701087540840828,0.921376964243455,0.));
#4961=CARTESIAN_POINT('Ctrl Pts',(0.713074473570167,0.907081988566231,0.));
#4962=CARTESIAN_POINT('Ctrl Pts',(0.713074473570167,0.907081988566231,0.1));
#4963=CARTESIAN_POINT('Ctrl Pts',(0.707267139701295,0.908645501530927,0.));
#4964=CARTESIAN_POINT('Ctrl Pts',(0.707267139701295,0.908645501530927,0.1));
#4965=CARTESIAN_POINT('Ctrl Pts',(0.701087540840828,0.915569630374583,0.));
#4966=CARTESIAN_POINT('Ctrl Pts',(0.701087540840828,0.915569630374583,0.1));
#4967=CARTESIAN_POINT('Ctrl Pts',(0.701087540840828,0.921376964243455,0.));
#4968=CARTESIAN_POINT('Ctrl Pts',(0.701087540840828,0.921376964243455,0.1));
#4969=CARTESIAN_POINT('',(0.713074473570167,0.907081988566231,0.));
#4970=CARTESIAN_POINT('Ctrl Pts',(0.701087540840828,0.921376964243455,0.));
#4971=CARTESIAN_POINT('Ctrl Pts',(0.701087540840828,0.915569630374583,0.));
#4972=CARTESIAN_POINT('Ctrl Pts',(0.707267139701295,0.908645501530927,0.));
#4973=CARTESIAN_POINT('Ctrl Pts',(0.713074473570167,0.907081988566231,0.));
#4974=CARTESIAN_POINT('',(0.713074473570167,0.907081988566231,0.1));
#4975=CARTESIAN_POINT('Ctrl Pts',(0.713074473570167,0.907081988566231,0.1));
#4976=CARTESIAN_POINT('Ctrl Pts',(0.707267139701295,0.908645501530927,0.1));
#4977=CARTESIAN_POINT('Ctrl Pts',(0.701087540840828,0.915569630374583,0.1));
#4978=CARTESIAN_POINT('Ctrl Pts',(0.701087540840828,0.921376964243455,0.1));
#4979=CARTESIAN_POINT('',(0.713074473570167,0.907081988566231,0.));
#4980=CARTESIAN_POINT('Ctrl Pts',(0.731911082144843,0.902242543675503,0.));
#4981=CARTESIAN_POINT('Ctrl Pts',(0.731911082144843,0.902242543675503,0.1));
#4982=CARTESIAN_POINT('Ctrl Pts',(0.728188432228899,0.903359338650287,0.));
#4983=CARTESIAN_POINT('Ctrl Pts',(0.728188432228899,0.903359338650287,0.1));
#4984=CARTESIAN_POINT('Ctrl Pts',(0.716946029482749,0.906039646589766,0.));
#4985=CARTESIAN_POINT('Ctrl Pts',(0.716946029482749,0.906039646589766,0.1));
#4986=CARTESIAN_POINT('Ctrl Pts',(0.713074473570167,0.907081988566231,0.));
#4987=CARTESIAN_POINT('Ctrl Pts',(0.713074473570167,0.907081988566231,0.1));
#4988=CARTESIAN_POINT('',(0.731911082144843,0.902242543675503,0.));
#4989=CARTESIAN_POINT('Ctrl Pts',(0.713074473570167,0.907081988566231,0.));
#4990=CARTESIAN_POINT('Ctrl Pts',(0.716946029482749,0.906039646589766,0.));
#4991=CARTESIAN_POINT('Ctrl Pts',(0.728188432228899,0.903359338650287,0.));
#4992=CARTESIAN_POINT('Ctrl Pts',(0.731911082144843,0.902242543675503,0.));
#4993=CARTESIAN_POINT('',(0.731911082144843,0.902242543675503,0.1));
#4994=CARTESIAN_POINT('Ctrl Pts',(0.731911082144843,0.902242543675503,0.1));
#4995=CARTESIAN_POINT('Ctrl Pts',(0.728188432228899,0.903359338650287,0.1));
#4996=CARTESIAN_POINT('Ctrl Pts',(0.716946029482749,0.906039646589766,0.1));
#4997=CARTESIAN_POINT('Ctrl Pts',(0.713074473570167,0.907081988566231,0.1));
#4998=CARTESIAN_POINT('',(0.731911082144843,0.902242543675503,0.));
#4999=CARTESIAN_POINT('Ctrl Pts',(0.750152066732968,0.879087661198333,0.));
#5000=CARTESIAN_POINT('Ctrl Pts',(0.750152066732968,0.879087661198333,0.1));
#5001=CARTESIAN_POINT('Ctrl Pts',(0.750152066732968,0.887649756005004,0.));
#5002=CARTESIAN_POINT('Ctrl Pts',(0.750152066732968,0.887649756005004,0.1));
#5003=CARTESIAN_POINT('Ctrl Pts',(0.74136661293134,0.899338876741067,0.));
#5004=CARTESIAN_POINT('Ctrl Pts',(0.74136661293134,0.899338876741067,0.1));
#5005=CARTESIAN_POINT('Ctrl Pts',(0.731911082144843,0.902242543675503,0.));
#5006=CARTESIAN_POINT('Ctrl Pts',(0.731911082144843,0.902242543675503,0.1));
#5007=CARTESIAN_POINT('',(0.750152066732968,0.879087661198333,0.));
#5008=CARTESIAN_POINT('Ctrl Pts',(0.731911082144843,0.902242543675503,0.));
#5009=CARTESIAN_POINT('Ctrl Pts',(0.74136661293134,0.899338876741067,0.));
#5010=CARTESIAN_POINT('Ctrl Pts',(0.750152066732968,0.887649756005004,0.));
#5011=CARTESIAN_POINT('Ctrl Pts',(0.750152066732968,0.879087661198333,0.));
#5012=CARTESIAN_POINT('',(0.750152066732968,0.879087661198333,0.1));
#5013=CARTESIAN_POINT('Ctrl Pts',(0.750152066732968,0.879087661198333,0.1));
#5014=CARTESIAN_POINT('Ctrl Pts',(0.750152066732968,0.887649756005004,0.1));
#5015=CARTESIAN_POINT('Ctrl Pts',(0.74136661293134,0.899338876741067,0.1));
#5016=CARTESIAN_POINT('Ctrl Pts',(0.731911082144843,0.902242543675503,0.1));
#5017=CARTESIAN_POINT('',(0.750152066732968,0.879087661198333,0.));
#5018=CARTESIAN_POINT('Ctrl Pts',(0.741813330921254,0.859580975638787,0.));
#5019=CARTESIAN_POINT('Ctrl Pts',(0.741813330921254,0.859580975638787,0.1));
#5020=CARTESIAN_POINT('Ctrl Pts',(0.745759339832154,0.863229172556412,0.));
#5021=CARTESIAN_POINT('Ctrl Pts',(0.745759339832154,0.863229172556412,0.1));
#5022=CARTESIAN_POINT('Ctrl Pts',(0.750152066732968,0.873652592321055,0.));
#5023=CARTESIAN_POINT('Ctrl Pts',(0.750152066732968,0.873652592321055,0.1));
#5024=CARTESIAN_POINT('Ctrl Pts',(0.750152066732968,0.879087661198333,0.));
#5025=CARTESIAN_POINT('Ctrl Pts',(0.750152066732968,0.879087661198333,0.1));
#5026=CARTESIAN_POINT('',(0.741813330921254,0.859580975638787,0.));
#5027=CARTESIAN_POINT('Ctrl Pts',(0.750152066732968,0.879087661198333,0.));
#5028=CARTESIAN_POINT('Ctrl Pts',(0.750152066732968,0.873652592321055,0.));
#5029=CARTESIAN_POINT('Ctrl Pts',(0.745759339832154,0.863229172556412,0.));
#5030=CARTESIAN_POINT('Ctrl Pts',(0.741813330921254,0.859580975638787,0.));
#5031=CARTESIAN_POINT('',(0.741813330921254,0.859580975638787,0.1));
#5032=CARTESIAN_POINT('Ctrl Pts',(0.741813330921254,0.859580975638787,0.1));
#5033=CARTESIAN_POINT('Ctrl Pts',(0.745759339832154,0.863229172556412,0.1));
#5034=CARTESIAN_POINT('Ctrl Pts',(0.750152066732968,0.873652592321055,0.1));
#5035=CARTESIAN_POINT('Ctrl Pts',(0.750152066732968,0.879087661198333,0.1));
#5036=CARTESIAN_POINT('',(0.741813330921254,0.859580975638787,0.));
#5037=CARTESIAN_POINT('Ctrl Pts',(0.717839465462575,0.851242239827073,0.));
#5038=CARTESIAN_POINT('Ctrl Pts',(0.717839465462575,0.851242239827073,0.1));
#5039=CARTESIAN_POINT('Ctrl Pts',(0.726252654272608,0.851242239827073,0.));
#5040=CARTESIAN_POINT('Ctrl Pts',(0.726252654272608,0.851242239827073,0.1));
#5041=CARTESIAN_POINT('Ctrl Pts',(0.73742060402044,0.855560513729568,0.));
#5042=CARTESIAN_POINT('Ctrl Pts',(0.73742060402044,0.855560513729568,0.1));
#5043=CARTESIAN_POINT('Ctrl Pts',(0.741813330921254,0.859580975638787,0.));
#5044=CARTESIAN_POINT('Ctrl Pts',(0.741813330921254,0.859580975638787,0.1));
#5045=CARTESIAN_POINT('',(0.717839465462575,0.851242239827073,0.));
#5046=CARTESIAN_POINT('Ctrl Pts',(0.741813330921254,0.859580975638787,0.));
#5047=CARTESIAN_POINT('Ctrl Pts',(0.73742060402044,0.855560513729568,0.));
#5048=CARTESIAN_POINT('Ctrl Pts',(0.726252654272608,0.851242239827073,0.));
#5049=CARTESIAN_POINT('Ctrl Pts',(0.717839465462575,0.851242239827073,0.));
#5050=CARTESIAN_POINT('',(0.717839465462575,0.851242239827073,0.1));
#5051=CARTESIAN_POINT('Ctrl Pts',(0.717839465462575,0.851242239827073,0.1));
#5052=CARTESIAN_POINT('Ctrl Pts',(0.726252654272608,0.851242239827073,0.1));
#5053=CARTESIAN_POINT('Ctrl Pts',(0.73742060402044,0.855560513729568,0.1));
#5054=CARTESIAN_POINT('Ctrl Pts',(0.741813330921254,0.859580975638787,0.1));
#5055=CARTESIAN_POINT('',(0.717839465462575,0.851242239827073,0.));
#5056=CARTESIAN_POINT('Ctrl Pts',(0.68768600114343,0.858389727665685,0.));
#5057=CARTESIAN_POINT('Ctrl Pts',(0.68768600114343,0.858389727665685,0.1));
#5058=CARTESIAN_POINT('Ctrl Pts',(0.693865600003897,0.85541160773293,0.));
#5059=CARTESIAN_POINT('Ctrl Pts',(0.693865600003897,0.85541160773293,0.1));
#5060=CARTESIAN_POINT('Ctrl Pts',(0.707862763687846,0.851242239827073,0.));
#5061=CARTESIAN_POINT('Ctrl Pts',(0.707862763687846,0.851242239827073,0.1));
#5062=CARTESIAN_POINT('Ctrl Pts',(0.717839465462575,0.851242239827073,0.));
#5063=CARTESIAN_POINT('Ctrl Pts',(0.717839465462575,0.851242239827073,0.1));
#5064=CARTESIAN_POINT('Ctrl Pts',(0.717839465462575,0.851242239827073,0.));
#5065=CARTESIAN_POINT('Ctrl Pts',(0.707862763687846,0.851242239827073,0.));
#5066=CARTESIAN_POINT('Ctrl Pts',(0.693865600003897,0.85541160773293,0.));
#5067=CARTESIAN_POINT('Ctrl Pts',(0.68768600114343,0.858389727665685,0.));
#5068=CARTESIAN_POINT('Ctrl Pts',(0.68768600114343,0.858389727665685,0.1));
#5069=CARTESIAN_POINT('Ctrl Pts',(0.693865600003897,0.85541160773293,0.1));
#5070=CARTESIAN_POINT('Ctrl Pts',(0.707862763687846,0.851242239827073,0.1));
#5071=CARTESIAN_POINT('Ctrl Pts',(0.717839465462575,0.851242239827073,0.1));
#5072=CARTESIAN_POINT('Origin',(0.718440763729034,0.898200078826181,0.));
#5073=CARTESIAN_POINT('Origin',(0.718440763729034,0.898200078826181,0.1));
#5074=CARTESIAN_POINT('Origin',(0.86205492320624,0.888989909974743,0.));
#5075=CARTESIAN_POINT('',(0.86205492320624,0.888989909974743,0.));
#5076=CARTESIAN_POINT('',(0.890421515565732,0.888989909974743,0.));
#5077=CARTESIAN_POINT('',(0.869261816504536,0.888989909974743,0.));
#5078=CARTESIAN_POINT('',(0.86205492320624,0.888989909974743,0.1));
#5079=CARTESIAN_POINT('',(0.86205492320624,0.888989909974743,0.));
#5080=CARTESIAN_POINT('',(0.890421515565732,0.888989909974743,0.1));
#5081=CARTESIAN_POINT('',(0.869261816504536,0.888989909974743,0.1));
#5082=CARTESIAN_POINT('',(0.890421515565732,0.888989909974743,0.));
#5083=CARTESIAN_POINT('Origin',(0.876200992886827,0.932247101998011,0.));
#5084=CARTESIAN_POINT('',(0.876200992886827,0.932247101998011,0.));
#5085=CARTESIAN_POINT('',(0.869920554710381,0.913042183153195,0.));
#5086=CARTESIAN_POINT('',(0.876200992886827,0.932247101998011,0.1));
#5087=CARTESIAN_POINT('',(0.876200992886827,0.932247101998011,0.));
#5088=CARTESIAN_POINT('',(0.869920554710381,0.913042183153195,0.1));
#5089=CARTESIAN_POINT('Origin',(0.890421515565732,0.888989909974743,0.));
#5090=CARTESIAN_POINT('',(0.889644358969594,0.891353930824778,0.));
#5091=CARTESIAN_POINT('',(0.889644358969594,0.891353930824778,0.1));
#5092=CARTESIAN_POINT('Origin',(0.884018557710309,0.944755205715582,0.));
#5093=CARTESIAN_POINT('',(0.868979052049895,0.944755205715582,0.));
#5094=CARTESIAN_POINT('',(0.884018557710309,0.944755205715582,0.));
#5095=CARTESIAN_POINT('',(0.868979052049895,0.944755205715582,0.));
#5096=CARTESIAN_POINT('',(0.868979052049895,0.944755205715582,0.1));
#5097=CARTESIAN_POINT('',(0.868979052049895,0.944755205715582,0.));
#5098=CARTESIAN_POINT('',(0.884018557710309,0.944755205715582,0.1));
#5099=CARTESIAN_POINT('',(0.868979052049895,0.944755205715582,0.1));
#5100=CARTESIAN_POINT('',(0.884018557710309,0.944755205715582,0.));
#5101=CARTESIAN_POINT('Origin',(0.914991005010962,0.852880205790088,0.));
#5102=CARTESIAN_POINT('',(0.914991005010962,0.852880205790088,0.));
#5103=CARTESIAN_POINT('',(0.884018557710309,0.944755205715582,0.));
#5104=CARTESIAN_POINT('',(0.914991005010962,0.852880205790088,0.1));
#5105=CARTESIAN_POINT('',(0.884018557710309,0.944755205715582,0.1));
#5106=CARTESIAN_POINT('',(0.914991005010962,0.852880205790088,0.));
#5107=CARTESIAN_POINT('Origin',(0.902110636301796,0.852880205790088,0.));
#5108=CARTESIAN_POINT('',(0.902110636301796,0.852880205790088,0.));
#5109=CARTESIAN_POINT('',(0.914991005010962,0.852880205790088,0.));
#5110=CARTESIAN_POINT('',(0.902110636301796,0.852880205790088,0.1));
#5111=CARTESIAN_POINT('',(0.914991005010962,0.852880205790088,0.1));
#5112=CARTESIAN_POINT('',(0.902110636301796,0.852880205790088,0.));
#5113=CARTESIAN_POINT('Origin',(0.893771900490081,0.878566490210101,0.));
#5114=CARTESIAN_POINT('',(0.893771900490081,0.878566490210101,0.));
#5115=CARTESIAN_POINT('',(0.902110636301796,0.852880205790088,0.));
#5116=CARTESIAN_POINT('',(0.893771900490081,0.878566490210101,0.1));
#5117=CARTESIAN_POINT('',(0.902110636301796,0.852880205790088,0.1));
#5118=CARTESIAN_POINT('',(0.893771900490081,0.878566490210101,0.));
#5119=CARTESIAN_POINT('Origin',(0.858704538281891,0.878566490210101,0.));
#5120=CARTESIAN_POINT('',(0.858704538281891,0.878566490210101,0.));
#5121=CARTESIAN_POINT('',(0.893771900490081,0.878566490210101,0.));
#5122=CARTESIAN_POINT('',(0.858704538281891,0.878566490210101,0.1));
#5123=CARTESIAN_POINT('',(0.893771900490081,0.878566490210101,0.1));
#5124=CARTESIAN_POINT('',(0.858704538281891,0.878566490210101,0.));
#5125=CARTESIAN_POINT('Origin',(0.850365802470176,0.852880205790088,0.));
#5126=CARTESIAN_POINT('',(0.850365802470176,0.852880205790088,0.));
#5127=CARTESIAN_POINT('',(0.858704538281891,0.878566490210101,0.));
#5128=CARTESIAN_POINT('',(0.850365802470176,0.852880205790088,0.1));
#5129=CARTESIAN_POINT('',(0.858704538281891,0.878566490210101,0.1));
#5130=CARTESIAN_POINT('',(0.850365802470176,0.852880205790088,0.));
#5131=CARTESIAN_POINT('Origin',(0.838006604749243,0.852880205790088,0.));
#5132=CARTESIAN_POINT('',(0.838006604749243,0.852880205790088,0.));
#5133=CARTESIAN_POINT('',(0.850365802470176,0.852880205790088,0.));
#5134=CARTESIAN_POINT('',(0.838006604749243,0.852880205790088,0.1));
#5135=CARTESIAN_POINT('',(0.850365802470176,0.852880205790088,0.1));
#5136=CARTESIAN_POINT('',(0.838006604749243,0.852880205790088,0.));
#5137=CARTESIAN_POINT('Origin',(0.868979052049895,0.944755205715582,0.));
#5138=CARTESIAN_POINT('',(0.838006604749243,0.852880205790088,0.));
#5139=CARTESIAN_POINT('',(0.838006604749243,0.852880205790088,0.1));
#5140=CARTESIAN_POINT('Origin',(0.876468709802833,0.889642027266914,0.));
#5141=CARTESIAN_POINT('Origin',(0.876468709802833,0.889642027266914,0.1));
#5142=CARTESIAN_POINT('Origin',(0.956982496062808,0.852880205790088,0.));
#5143=CARTESIAN_POINT('',(0.956982496062808,0.893531542872195,0.));
#5144=CARTESIAN_POINT('',(0.956982496062808,0.852880205790088,0.));
#5145=CARTESIAN_POINT('',(0.956982496062808,0.893531542872195,0.));
#5146=CARTESIAN_POINT('',(0.956982496062808,0.893531542872195,0.1));
#5147=CARTESIAN_POINT('',(0.956982496062808,0.893531542872195,0.));
#5148=CARTESIAN_POINT('',(0.956982496062808,0.852880205790088,0.1));
#5149=CARTESIAN_POINT('',(0.956982496062808,0.893531542872195,0.1));
#5150=CARTESIAN_POINT('',(0.956982496062808,0.852880205790088,0.));
#5151=CARTESIAN_POINT('Origin',(0.944772204338512,0.852880205790088,0.));
#5152=CARTESIAN_POINT('',(0.944772204338512,0.852880205790088,0.));
#5153=CARTESIAN_POINT('',(0.956982496062808,0.852880205790088,0.));
#5154=CARTESIAN_POINT('',(0.944772204338512,0.852880205790088,0.1));
#5155=CARTESIAN_POINT('',(0.956982496062808,0.852880205790088,0.1));
#5156=CARTESIAN_POINT('',(0.944772204338512,0.852880205790088,0.));
#5157=CARTESIAN_POINT('Origin',(0.944772204338512,0.892265841900774,0.));
#5158=CARTESIAN_POINT('',(0.944772204338512,0.892265841900774,0.));
#5159=CARTESIAN_POINT('',(0.944772204338512,0.852880205790088,0.));
#5160=CARTESIAN_POINT('',(0.944772204338512,0.892265841900774,0.1));
#5161=CARTESIAN_POINT('',(0.944772204338512,0.852880205790088,0.1));
#5162=CARTESIAN_POINT('',(0.944772204338512,0.892265841900774,0.));
#5163=CARTESIAN_POINT('Origin',(0.913725304039541,0.944755205715582,0.));
#5164=CARTESIAN_POINT('',(0.913725304039541,0.944755205715582,0.));
#5165=CARTESIAN_POINT('',(0.944772204338512,0.892265841900774,0.));
#5166=CARTESIAN_POINT('',(0.913725304039541,0.944755205715582,0.1));
#5167=CARTESIAN_POINT('',(0.944772204338512,0.892265841900774,0.1));
#5168=CARTESIAN_POINT('',(0.913725304039541,0.944755205715582,0.));
#5169=CARTESIAN_POINT('Origin',(0.927275749733576,0.944755205715582,0.));
#5170=CARTESIAN_POINT('',(0.927275749733576,0.944755205715582,0.));
#5171=CARTESIAN_POINT('',(0.913725304039541,0.944755205715582,0.));
#5172=CARTESIAN_POINT('',(0.927275749733576,0.944755205715582,0.1));
#5173=CARTESIAN_POINT('',(0.913725304039541,0.944755205715582,0.1));
#5174=CARTESIAN_POINT('',(0.927275749733576,0.944755205715582,0.));
#5175=CARTESIAN_POINT('Origin',(0.950951803198979,0.904327227628432,0.));
#5176=CARTESIAN_POINT('',(0.950951803198979,0.904327227628432,0.));
#5177=CARTESIAN_POINT('',(0.927275749733576,0.944755205715582,0.));
#5178=CARTESIAN_POINT('',(0.950951803198979,0.904327227628432,0.1));
#5179=CARTESIAN_POINT('',(0.927275749733576,0.944755205715582,0.1));
#5180=CARTESIAN_POINT('',(0.950951803198979,0.904327227628432,0.));
#5181=CARTESIAN_POINT('Origin',(0.975074574654295,0.944755205715582,0.));
#5182=CARTESIAN_POINT('',(0.975074574654295,0.944755205715582,0.));
#5183=CARTESIAN_POINT('',(0.950951803198979,0.904327227628432,0.));
#5184=CARTESIAN_POINT('',(0.975074574654295,0.944755205715582,0.1));
#5185=CARTESIAN_POINT('',(0.950951803198979,0.904327227628432,0.1));
#5186=CARTESIAN_POINT('',(0.975074574654295,0.944755205715582,0.));
#5187=CARTESIAN_POINT('Origin',(0.98802939636178,0.944755205715582,0.));
#5188=CARTESIAN_POINT('',(0.98802939636178,0.944755205715582,0.));
#5189=CARTESIAN_POINT('',(0.975074574654295,0.944755205715582,0.));
#5190=CARTESIAN_POINT('',(0.98802939636178,0.944755205715582,0.1));
#5191=CARTESIAN_POINT('',(0.975074574654295,0.944755205715582,0.1));
#5192=CARTESIAN_POINT('',(0.98802939636178,0.944755205715582,0.));
#5193=CARTESIAN_POINT('Origin',(0.956982496062808,0.893531542872195,0.));
#5194=CARTESIAN_POINT('',(0.98802939636178,0.944755205715582,0.));
#5195=CARTESIAN_POINT('',(0.98802939636178,0.944755205715582,0.1));
#5196=CARTESIAN_POINT('Origin',(0.950847984473794,0.909059970840275,0.));
#5197=CARTESIAN_POINT('Origin',(0.950847984473794,0.909059970840275,0.1));
#5198=CARTESIAN_POINT('',(0.,0.,0.));
#5199=CARTESIAN_POINT('Origin',(0.829536946721959,0.819642387643291,0.));
#5200=CARTESIAN_POINT('',(0.70781398264777,0.819642387643291,0.));
#5201=CARTESIAN_POINT('',(0.829536946721959,0.819642387643291,0.));
#5202=CARTESIAN_POINT('',(0.70781398264777,0.819642387643291,0.));
#5203=CARTESIAN_POINT('',(0.70781398264777,0.819642387643291,0.1));
#5204=CARTESIAN_POINT('',(0.70781398264777,0.819642387643291,0.));
#5205=CARTESIAN_POINT('',(0.829536946721959,0.819642387643291,0.1));
#5206=CARTESIAN_POINT('',(0.70781398264777,0.819642387643291,0.1));
#5207=CARTESIAN_POINT('',(0.829536946721959,0.819642387643291,0.));
#5208=CARTESIAN_POINT('Origin',(0.768675464684864,0.653334478781116,0.));
#5209=CARTESIAN_POINT('',(0.768675464684864,0.653334478781116,0.));
#5210=CARTESIAN_POINT('',(0.831313968126805,0.824498212771953,0.));
#5211=CARTESIAN_POINT('',(0.768675464684864,0.653334478781116,0.1));
#5212=CARTESIAN_POINT('',(0.831313968126805,0.824498212771953,0.1));
#5213=CARTESIAN_POINT('',(0.768675464684864,0.653334478781116,0.));
#5214=CARTESIAN_POINT('Origin',(0.70781398264777,0.819642387643291,0.));
#5215=CARTESIAN_POINT('',(0.768675464684864,0.653334478781116,0.));
#5216=CARTESIAN_POINT('',(0.768675464684864,0.653334478781116,0.1));
#5217=CARTESIAN_POINT('Origin',(0.768675464684864,0.757756543997534,0.));
#5218=CARTESIAN_POINT('Origin',(0.768675464684864,0.757756543997534,0.1));
#5219=CARTESIAN_POINT('Origin',(0.88820134539146,0.979946625082585,0.));
#5220=CARTESIAN_POINT('',(0.88820134539146,0.979946625082585,0.));
#5221=CARTESIAN_POINT('',(0.951259910796148,1.15225820536764,0.));
#5222=CARTESIAN_POINT('',(0.88820134539146,0.979946625082585,0.));
#5223=CARTESIAN_POINT('',(0.951259910796148,1.15225820536764,0.1));
#5224=CARTESIAN_POINT('',(0.951259910796148,1.15225820536764,0.));
#5225=CARTESIAN_POINT('',(0.88820134539146,0.979946625082585,0.1));
#5226=CARTESIAN_POINT('',(0.88820134539146,0.979946625082585,0.1));
#5227=CARTESIAN_POINT('',(0.88820134539146,0.979946625082585,0.));
#5228=CARTESIAN_POINT('Origin',(0.649149583978269,0.979946625082585,0.));
#5229=CARTESIAN_POINT('',(0.649149583978269,0.979946625082585,0.));
#5230=CARTESIAN_POINT('',(0.649149583978269,0.979946625082585,0.));
#5231=CARTESIAN_POINT('',(0.649149583978269,0.979946625082585,0.1));
#5232=CARTESIAN_POINT('',(0.649149583978269,0.979946625082585,0.1));
#5233=CARTESIAN_POINT('',(0.649149583978269,0.979946625082585,0.));
#5234=CARTESIAN_POINT('Origin',(0.586091018573581,1.15225820536764,0.));
#5235=CARTESIAN_POINT('',(0.586091018573581,1.15225820536764,0.));
#5236=CARTESIAN_POINT('',(0.586091018573581,1.15225820536764,0.));
#5237=CARTESIAN_POINT('',(0.586091018573581,1.15225820536764,0.1));
#5238=CARTESIAN_POINT('',(0.586091018573581,1.15225820536764,0.1));
#5239=CARTESIAN_POINT('',(0.586091018573581,1.15225820536764,0.));
#5240=CARTESIAN_POINT('Origin',(0.951259910796148,1.15225820536764,0.));
#5241=CARTESIAN_POINT('',(0.951259910796148,1.15225820536764,0.));
#5242=CARTESIAN_POINT('',(0.951259910796148,1.15225820536764,0.1));
#5243=CARTESIAN_POINT('Origin',(0.768675464684865,1.07729039879065,0.1));
#5244=CARTESIAN_POINT('Origin',(0.768675464684865,1.07729039879065,0.));
#5245=CARTESIAN_POINT('',(0.,0.,0.));
#5246=CARTESIAN_POINT('',(0.,0.,0.1));
#5247=CARTESIAN_POINT('',(0.,0.,6.93889390390723E-18));
#5248=CARTESIAN_POINT('',(-0.756895408356069,-0.168872432345369,1.051));
#5249=CARTESIAN_POINT('',(-0.756895408356069,-0.167583405479744,1.051));
#5250=UNCERTAINTY_MEASURE_WITH_UNIT(LENGTH_MEASURE(0.01),#5262,
'DISTANCE_ACCURACY_VALUE',
'Maximum model space distance between geometric entities at asserted c
onnectivities');
#5251=UNCERTAINTY_MEASURE_WITH_UNIT(LENGTH_MEASURE(0.01),#5262,
'DISTANCE_ACCURACY_VALUE',
'Maximum model space distance between geometric entities at asserted c
onnectivities');
#5252=UNCERTAINTY_MEASURE_WITH_UNIT(LENGTH_MEASURE(0.01),#5262,
'DISTANCE_ACCURACY_VALUE',
'Maximum model space distance between geometric entities at asserted c
onnectivities');
#5253=UNCERTAINTY_MEASURE_WITH_UNIT(LENGTH_MEASURE(0.01),#5262,
'DISTANCE_ACCURACY_VALUE',
'Maximum model space distance between geometric entities at asserted c
onnectivities');
#5254=UNCERTAINTY_MEASURE_WITH_UNIT(LENGTH_MEASURE(0.01),#5262,
'DISTANCE_ACCURACY_VALUE',
'Maximum model space distance between geometric entities at asserted c
onnectivities');
#5255=UNCERTAINTY_MEASURE_WITH_UNIT(LENGTH_MEASURE(1.E-6),#5262,
'DISTANCE_ACCURACY_VALUE',
'Maximum model space distance between geometric entities at asserted c
onnectivities');
#5256=(
GEOMETRIC_REPRESENTATION_CONTEXT(3)
GLOBAL_UNCERTAINTY_ASSIGNED_CONTEXT((#5250))
GLOBAL_UNIT_ASSIGNED_CONTEXT((#5262,#5265,#5263))
REPRESENTATION_CONTEXT('','3D')
);
#5257=(
GEOMETRIC_REPRESENTATION_CONTEXT(3)
GLOBAL_UNCERTAINTY_ASSIGNED_CONTEXT((#5251))
GLOBAL_UNIT_ASSIGNED_CONTEXT((#5262,#5265,#5263))
REPRESENTATION_CONTEXT('','3D')
);
#5258=(
GEOMETRIC_REPRESENTATION_CONTEXT(3)
GLOBAL_UNCERTAINTY_ASSIGNED_CONTEXT((#5252))
GLOBAL_UNIT_ASSIGNED_CONTEXT((#5262,#5265,#5263))
REPRESENTATION_CONTEXT('','3D')
);
#5259=(
GEOMETRIC_REPRESENTATION_CONTEXT(3)
GLOBAL_UNCERTAINTY_ASSIGNED_CONTEXT((#5253))
GLOBAL_UNIT_ASSIGNED_CONTEXT((#5262,#5265,#5263))
REPRESENTATION_CONTEXT('','3D')
);
#5260=(
GEOMETRIC_REPRESENTATION_CONTEXT(3)
GLOBAL_UNCERTAINTY_ASSIGNED_CONTEXT((#5254))
GLOBAL_UNIT_ASSIGNED_CONTEXT((#5262,#5265,#5263))
REPRESENTATION_CONTEXT('','3D')
);
#5261=(
GEOMETRIC_REPRESENTATION_CONTEXT(3)
GLOBAL_UNCERTAINTY_ASSIGNED_CONTEXT((#5255))
GLOBAL_UNIT_ASSIGNED_CONTEXT((#5262,#5265,#5263))
REPRESENTATION_CONTEXT('','3D')
);
#5262=(
LENGTH_UNIT()
NAMED_UNIT(*)
SI_UNIT(.MILLI.,.METRE.)
);
#5263=(
NAMED_UNIT(*)
SI_UNIT($,.STERADIAN.)
SOLID_ANGLE_UNIT()
);
#5264=DIMENSIONAL_EXPONENTS(0.,0.,0.,0.,0.,0.,0.);
#5265=(
CONVERSION_BASED_UNIT('degree',#5267)
NAMED_UNIT(#5264)
PLANE_ANGLE_UNIT()
);
#5266=(
NAMED_UNIT(*)
PLANE_ANGLE_UNIT()
SI_UNIT($,.RADIAN.)
);
#5267=PLANE_ANGLE_MEASURE_WITH_UNIT(PLANE_ANGLE_MEASURE(0.01745329252),
#5266);
#5268=SHAPE_DEFINITION_REPRESENTATION(#5273,#5282);
#5269=SHAPE_DEFINITION_REPRESENTATION(#5274,#5283);
#5270=SHAPE_DEFINITION_REPRESENTATION(#5275,#5284);
#5271=SHAPE_DEFINITION_REPRESENTATION(#5276,#5285);
#5272=SHAPE_DEFINITION_REPRESENTATION(#5277,#5286);
#5273=PRODUCT_DEFINITION_SHAPE('',$,#5288);
#5274=PRODUCT_DEFINITION_SHAPE('',$,#5289);
#5275=PRODUCT_DEFINITION_SHAPE('',$,#5290);
#5276=PRODUCT_DEFINITION_SHAPE('',$,#5291);
#5277=PRODUCT_DEFINITION_SHAPE('',$,#5292);
#5278=PRODUCT_DEFINITION_SHAPE($,$,#23);
#5279=PRODUCT_DEFINITION_SHAPE($,$,#24);
#5280=PRODUCT_DEFINITION_SHAPE($,$,#25);
#5281=PRODUCT_DEFINITION_SHAPE($,$,#26);
#5282=SHAPE_REPRESENTATION('',(#3104),#5256);
#5283=SHAPE_REPRESENTATION('',(#3187),#5257);
#5284=SHAPE_REPRESENTATION('',(#3254),#5258);
#5285=SHAPE_REPRESENTATION('',(#3327),#5259);
#5286=SHAPE_REPRESENTATION('',(#3339,#3340,#3341,#3342,#3343),#5260);
#5287=PRODUCT_DEFINITION_CONTEXT('part definition',#5304,'design');
#5288=PRODUCT_DEFINITION('1','1',#5293,#5287);
#5289=PRODUCT_DEFINITION('2','2',#5294,#5287);
#5290=PRODUCT_DEFINITION('Vishay logo','Vishay logo',#5295,#5287);
#5291=PRODUCT_DEFINITION('Vishay logo - 1','Vishay logo - 1',#5296,#5287);
#5292=PRODUCT_DEFINITION('1','1',#5297,#5287);
#5293=PRODUCT_DEFINITION_FORMATION('',$,#5306);
#5294=PRODUCT_DEFINITION_FORMATION('',$,#5307);
#5295=PRODUCT_DEFINITION_FORMATION('',$,#5308);
#5296=PRODUCT_DEFINITION_FORMATION('',$,#5309);
#5297=PRODUCT_DEFINITION_FORMATION('',$,#5310);
#5298=PRODUCT_RELATED_PRODUCT_CATEGORY('1','1',(#5306));
#5299=PRODUCT_RELATED_PRODUCT_CATEGORY('2','2',(#5307));
#5300=PRODUCT_RELATED_PRODUCT_CATEGORY('Vishay logo','Vishay logo',(#5308));
#5301=PRODUCT_RELATED_PRODUCT_CATEGORY('Vishay logo - 1',
'Vishay logo - 1',(#5309));
#5302=PRODUCT_RELATED_PRODUCT_CATEGORY('1','1',(#5310));
#5303=APPLICATION_PROTOCOL_DEFINITION('international standard',
'automotive_design',2009,#5304);
#5304=APPLICATION_CONTEXT(
'Core Data for Automotive Mechanical Design Process');
#5305=PRODUCT_CONTEXT('part definition',#5304,'mechanical');
#5306=PRODUCT('1','1',$,(#5305));
#5307=PRODUCT('2','2',$,(#5305));
#5308=PRODUCT('Vishay logo','Vishay logo',$,(#5305));
#5309=PRODUCT('Vishay logo - 1','Vishay logo - 1',$,(#5305));
#5310=PRODUCT('1','1',$,(#5305));
#5311=PRESENTATION_STYLE_ASSIGNMENT((#5315));
#5312=PRESENTATION_STYLE_ASSIGNMENT((#5316));
#5313=PRESENTATION_STYLE_ASSIGNMENT((#5317));
#5314=PRESENTATION_STYLE_ASSIGNMENT((#5318));
#5315=SURFACE_STYLE_USAGE(.BOTH.,#5319);
#5316=SURFACE_STYLE_USAGE(.BOTH.,#5320);
#5317=SURFACE_STYLE_USAGE(.BOTH.,#5321);
#5318=SURFACE_STYLE_USAGE(.BOTH.,#5322);
#5319=SURFACE_SIDE_STYLE($,(#5323));
#5320=SURFACE_SIDE_STYLE($,(#5324));
#5321=SURFACE_SIDE_STYLE($,(#5325));
#5322=SURFACE_SIDE_STYLE($,(#5326));
#5323=SURFACE_STYLE_FILL_AREA(#5327);
#5324=SURFACE_STYLE_FILL_AREA(#5328);
#5325=SURFACE_STYLE_FILL_AREA(#5329);
#5326=SURFACE_STYLE_FILL_AREA(#5330);
#5327=FILL_AREA_STYLE($,(#5331));
#5328=FILL_AREA_STYLE($,(#5332));
#5329=FILL_AREA_STYLE($,(#5333));
#5330=FILL_AREA_STYLE($,(#5334));
#5331=FILL_AREA_STYLE_COLOUR($,#5335);
#5332=FILL_AREA_STYLE_COLOUR($,#5336);
#5333=FILL_AREA_STYLE_COLOUR($,#5337);
#5334=FILL_AREA_STYLE_COLOUR($,#5338);
#5335=COLOUR_RGB('',0.286274509803922,0.286274509803922,0.286274509803922);
#5336=COLOUR_RGB('',0.831372549019608,0.831372549019608,0.831372549019608);
#5337=COLOUR_RGB('',1.,1.,1.);
#5338=COLOUR_RGB('',0.,0.501960784313725,0.752941176470588);
ENDSEC;
END-ISO-10303-21;
