ISO-10303-21;
HEADER;
/* Generated by software containing ST-Developer
 * from STEP Tools, Inc. (www.steptools.com) 
 */

FILE_DESCRIPTION(
/* description */ (''),
/* implementation_level */ '2;1');

FILE_NAME(
/* name */ 'C:\\Users\\k\\Desktop\\PG-TSDSON-8\\1.stp',
/* time_stamp */ '2020-02-16T20:50:12+02:00',
/* author */ ('k'),
/* organization */ (''),
/* preprocessor_version */ 'ST-DEVELOPER v15.6',
/* originating_system */ 'Autodesk Inventor 2015',
/* authorisation */ '');

FILE_SCHEMA (('AUTOMOTIVE_DESIGN { 1 0 10303 214 3 1 1 }'));
ENDSEC;

DATA;
#10=MECHANICAL_DESIGN_GEOMETRIC_PRESENTATION_REPRESENTATION('',(#72,#71,
#74,#85,#86,#87,#88,#89,#84,#73,#78,#79,#80,#81,#82,#83,#75,#76,#77),#10288);
#11=ITEM_DEFINED_TRANSFORMATION($,$,#6002,#6631);
#12=ITEM_DEFINED_TRANSFORMATION($,$,#6083,#6632);
#13=ITEM_DEFINED_TRANSFORMATION($,$,#6102,#6633);
#14=ITEM_DEFINED_TRANSFORMATION($,$,#6594,#6634);
#15=ITEM_DEFINED_TRANSFORMATION($,$,#6601,#6635);
#16=ITEM_DEFINED_TRANSFORMATION($,$,#6608,#6636);
#17=ITEM_DEFINED_TRANSFORMATION($,$,#6623,#6637);
#18=(
REPRESENTATION_RELATIONSHIP($,$,#10318,#10325)
REPRESENTATION_RELATIONSHIP_WITH_TRANSFORMATION(#11)
SHAPE_REPRESENTATION_RELATIONSHIP()
);
#19=(
REPRESENTATION_RELATIONSHIP($,$,#10319,#10325)
REPRESENTATION_RELATIONSHIP_WITH_TRANSFORMATION(#12)
SHAPE_REPRESENTATION_RELATIONSHIP()
);
#20=(
REPRESENTATION_RELATIONSHIP($,$,#10320,#10325)
REPRESENTATION_RELATIONSHIP_WITH_TRANSFORMATION(#13)
SHAPE_REPRESENTATION_RELATIONSHIP()
);
#21=(
REPRESENTATION_RELATIONSHIP($,$,#10321,#10325)
REPRESENTATION_RELATIONSHIP_WITH_TRANSFORMATION(#14)
SHAPE_REPRESENTATION_RELATIONSHIP()
);
#22=(
REPRESENTATION_RELATIONSHIP($,$,#10322,#10325)
REPRESENTATION_RELATIONSHIP_WITH_TRANSFORMATION(#15)
SHAPE_REPRESENTATION_RELATIONSHIP()
);
#23=(
REPRESENTATION_RELATIONSHIP($,$,#10323,#10325)
REPRESENTATION_RELATIONSHIP_WITH_TRANSFORMATION(#16)
SHAPE_REPRESENTATION_RELATIONSHIP()
);
#24=(
REPRESENTATION_RELATIONSHIP($,$,#10324,#10325)
REPRESENTATION_RELATIONSHIP_WITH_TRANSFORMATION(#17)
SHAPE_REPRESENTATION_RELATIONSHIP()
);
#25=CONTEXT_DEPENDENT_SHAPE_REPRESENTATION(#18,#10311);
#26=CONTEXT_DEPENDENT_SHAPE_REPRESENTATION(#19,#10312);
#27=CONTEXT_DEPENDENT_SHAPE_REPRESENTATION(#20,#10313);
#28=CONTEXT_DEPENDENT_SHAPE_REPRESENTATION(#21,#10314);
#29=CONTEXT_DEPENDENT_SHAPE_REPRESENTATION(#22,#10315);
#30=CONTEXT_DEPENDENT_SHAPE_REPRESENTATION(#23,#10316);
#31=CONTEXT_DEPENDENT_SHAPE_REPRESENTATION(#24,#10317);
#32=NEXT_ASSEMBLY_USAGE_OCCURRENCE('PG-TSDSON-8-25_MOLD:1',$,$,#10334,#10327,
$);
#33=NEXT_ASSEMBLY_USAGE_OCCURRENCE('PG-TSDSON-8-25_EXPOSED_LEAD_3:1',$,
$,#10334,#10328,$);
#34=NEXT_ASSEMBLY_USAGE_OCCURRENCE('PG-TSDSON-8-25_LOGO:1',$,$,#10334,#10329,
$);
#35=NEXT_ASSEMBLY_USAGE_OCCURRENCE('PG-TSDSON-8-25_TIE_BAR:1',$,$,#10334,
#10330,$);
#36=NEXT_ASSEMBLY_USAGE_OCCURRENCE('PG-TSDSON-8-25_TIE_BAR.:1',$,$,#10334,
#10331,$);
#37=NEXT_ASSEMBLY_USAGE_OCCURRENCE('PG-TSDSON-8-25_EXPOSED_LEAD_2:1',$,
$,#10334,#10332,$);
#38=NEXT_ASSEMBLY_USAGE_OCCURRENCE('PG-TSDSON-8-25_EXPOSED_LEAD_1:1',$,
$,#10334,#10333,$);
#39=SHAPE_REPRESENTATION_RELATIONSHIP('SRR','None',#10318,#46);
#40=SHAPE_REPRESENTATION_RELATIONSHIP('SRR','None',#10319,#47);
#41=SHAPE_REPRESENTATION_RELATIONSHIP('SRR','None',#10320,#48);
#42=SHAPE_REPRESENTATION_RELATIONSHIP('SRR','None',#10321,#49);
#43=SHAPE_REPRESENTATION_RELATIONSHIP('SRR','None',#10322,#50);
#44=SHAPE_REPRESENTATION_RELATIONSHIP('SRR','None',#10323,#51);
#45=SHAPE_REPRESENTATION_RELATIONSHIP('SRR','None',#10324,#52);
#46=ADVANCED_BREP_SHAPE_REPRESENTATION($,(#53),#10280);
#47=ADVANCED_BREP_SHAPE_REPRESENTATION($,(#54),#10281);
#48=ADVANCED_BREP_SHAPE_REPRESENTATION($,(#55,#56,#57,#58,#59,#60,#61,#62,
#63,#64,#65,#66),#10282);
#49=ADVANCED_BREP_SHAPE_REPRESENTATION($,(#67),#10283);
#50=ADVANCED_BREP_SHAPE_REPRESENTATION($,(#68),#10284);
#51=ADVANCED_BREP_SHAPE_REPRESENTATION($,(#69),#10285);
#52=ADVANCED_BREP_SHAPE_REPRESENTATION($,(#70),#10286);
#53=MANIFOLD_SOLID_BREP('Solid1',#5984);
#54=MANIFOLD_SOLID_BREP('Solid1',#5985);
#55=MANIFOLD_SOLID_BREP('Solid4',#5986);
#56=MANIFOLD_SOLID_BREP('Solid4_1',#5987);
#57=MANIFOLD_SOLID_BREP('Solid4_2',#5988);
#58=MANIFOLD_SOLID_BREP('Solid4_3',#5989);
#59=MANIFOLD_SOLID_BREP('Solid4_4',#5990);
#60=MANIFOLD_SOLID_BREP('Solid4_5',#5991);
#61=MANIFOLD_SOLID_BREP('Solid4_6',#5992);
#62=MANIFOLD_SOLID_BREP('Solid4_7',#5993);
#63=MANIFOLD_SOLID_BREP('Solid4_8',#5994);
#64=MANIFOLD_SOLID_BREP('Solid4_9',#5995);
#65=MANIFOLD_SOLID_BREP('Solid4_10',#5996);
#66=MANIFOLD_SOLID_BREP('Solid4_11',#5997);
#67=MANIFOLD_SOLID_BREP('Solid1',#5998);
#68=MANIFOLD_SOLID_BREP('Solid1',#5999);
#69=MANIFOLD_SOLID_BREP('Solid1',#6000);
#70=MANIFOLD_SOLID_BREP('Solid1',#6001);
#71=STYLED_ITEM('',(#10364),#5674);
#72=STYLED_ITEM('',(#10363),#53);
#73=STYLED_ITEM('',(#10366),#54);
#74=STYLED_ITEM('',(#10368),#55);
#75=STYLED_ITEM('',(#10368),#56);
#76=STYLED_ITEM('',(#10368),#57);
#77=STYLED_ITEM('',(#10368),#58);
#78=STYLED_ITEM('',(#10368),#59);
#79=STYLED_ITEM('',(#10368),#60);
#80=STYLED_ITEM('',(#10368),#61);
#81=STYLED_ITEM('',(#10368),#62);
#82=STYLED_ITEM('',(#10368),#63);
#83=STYLED_ITEM('',(#10368),#64);
#84=STYLED_ITEM('',(#10368),#65);
#85=STYLED_ITEM('',(#10368),#66);
#86=STYLED_ITEM('',(#10370),#67);
#87=STYLED_ITEM('',(#10372),#68);
#88=STYLED_ITEM('',(#10374),#69);
#89=STYLED_ITEM('',(#10376),#70);
#90=(
BOUNDED_CURVE()
B_SPLINE_CURVE(2,(#8672,#8673,#8674),.UNSPECIFIED.,.F.,.F.)
B_SPLINE_CURVE_WITH_KNOTS((3,3),(0.714867341483426,1.5707963267949),
 .UNSPECIFIED.)
CURVE()
GEOMETRIC_REPRESENTATION_ITEM()
RATIONAL_B_SPLINE_CURVE((1.,0.909812409615113,1.))
REPRESENTATION_ITEM('')
);
#91=(
BOUNDED_SURFACE()
B_SPLINE_SURFACE(2,2,((#8644,#8645,#8646,#8647,#8648,#8649,#8650,#8651,
#8652),(#8653,#8654,#8655,#8656,#8657,#8658,#8659,#8660,#8661),(#8662,#8663,
#8664,#8665,#8666,#8667,#8668,#8669,#8670)),.UNSPECIFIED.,.F.,.T.,.F.)
B_SPLINE_SURFACE_WITH_KNOTS((3,3),(3,2,2,2,3),(-1.5707963267949,-0.714867341483426),
(-3.14159265358979,-1.5707963267949,0.,1.5707963267949,3.14159265358979),
 .UNSPECIFIED.)
GEOMETRIC_REPRESENTATION_ITEM()
RATIONAL_B_SPLINE_SURFACE(((1.,0.707106781186548,1.,0.707106781186548,1.,
0.707106781186548,1.,0.707106781186548,1.),(0.909812409615113,0.64333452444652,
0.909812409615113,0.64333452444652,0.909812409615113,0.64333452444652,0.909812409615113,
0.64333452444652,0.909812409615113),(1.,0.707106781186548,1.,0.707106781186548,
1.,0.707106781186548,1.,0.707106781186548,1.)))
REPRESENTATION_ITEM('')
SURFACE()
);
#92=FACE_BOUND('',#884,.T.);
#93=FACE_BOUND('',#888,.T.);
#94=FACE_BOUND('',#935,.T.);
#95=FACE_BOUND('',#1029,.T.);
#96=FACE_BOUND('',#1033,.T.);
#97=FACE_BOUND('',#1115,.T.);
#98=FACE_BOUND('',#1117,.T.);
#99=FACE_BOUND('',#1175,.T.);
#100=FACE_BOUND('',#1177,.T.);
#101=SPHERICAL_SURFACE('',#6015,0.1);
#102=SPHERICAL_SURFACE('',#6020,0.1);
#103=SPHERICAL_SURFACE('',#6025,0.1);
#104=SPHERICAL_SURFACE('',#6027,0.1);
#105=CYLINDRICAL_SURFACE('',#6009,0.1);
#106=CYLINDRICAL_SURFACE('',#6012,0.1);
#107=CYLINDRICAL_SURFACE('',#6017,0.1);
#108=CYLINDRICAL_SURFACE('',#6022,0.1);
#109=CYLINDRICAL_SURFACE('',#6029,0.1);
#110=CYLINDRICAL_SURFACE('',#6031,0.1);
#111=CYLINDRICAL_SURFACE('',#6036,0.1);
#112=CYLINDRICAL_SURFACE('',#6038,0.1);
#113=CYLINDRICAL_SURFACE('',#6103,0.39750984593558);
#114=CYLINDRICAL_SURFACE('',#6107,0.391786058486937);
#115=CYLINDRICAL_SURFACE('',#6110,0.382515078865638);
#116=CYLINDRICAL_SURFACE('',#6113,0.364194279791215);
#117=CYLINDRICAL_SURFACE('',#6116,0.239365423700408);
#118=CYLINDRICAL_SURFACE('',#6119,0.176768500322161);
#119=CYLINDRICAL_SURFACE('',#6122,0.179092469311415);
#120=CYLINDRICAL_SURFACE('',#6125,0.228400500479332);
#121=CYLINDRICAL_SURFACE('',#6128,0.240939344502721);
#122=CYLINDRICAL_SURFACE('',#6131,0.10792212822249);
#123=CYLINDRICAL_SURFACE('',#6134,0.33825754124392);
#124=CYLINDRICAL_SURFACE('',#6137,0.208758957615984);
#125=CYLINDRICAL_SURFACE('',#6140,0.14008187788583);
#126=CYLINDRICAL_SURFACE('',#6143,0.187791016091502);
#127=CYLINDRICAL_SURFACE('',#6146,0.319217369352669);
#128=CYLINDRICAL_SURFACE('',#6149,0.337619659068561);
#129=CYLINDRICAL_SURFACE('',#6153,0.680362678380164);
#130=CYLINDRICAL_SURFACE('',#6156,0.107922128222475);
#131=CYLINDRICAL_SURFACE('',#6166,0.0845169608165453);
#132=CYLINDRICAL_SURFACE('',#6169,0.0743539130403335);
#133=CYLINDRICAL_SURFACE('',#6172,0.0549400478014461);
#134=CYLINDRICAL_SURFACE('',#6175,0.0741374020898667);
#135=CYLINDRICAL_SURFACE('',#6181,0.0369141157903527);
#136=CYLINDRICAL_SURFACE('',#6191,0.0845169608165452);
#137=CYLINDRICAL_SURFACE('',#6194,0.0743539130403347);
#138=CYLINDRICAL_SURFACE('',#6197,0.0549400478014461);
#139=CYLINDRICAL_SURFACE('',#6200,0.0741374020898671);
#140=CYLINDRICAL_SURFACE('',#6206,0.0369141157903487);
#141=CYLINDRICAL_SURFACE('',#6211,0.0708982345939449);
#142=CYLINDRICAL_SURFACE('',#6214,0.0654089701700648);
#143=CYLINDRICAL_SURFACE('',#6217,0.0993427507699596);
#144=CYLINDRICAL_SURFACE('',#6221,0.0385288455803287);
#145=CYLINDRICAL_SURFACE('',#6224,0.0390523947728915);
#146=CYLINDRICAL_SURFACE('',#6227,0.0242329162145653);
#147=CYLINDRICAL_SURFACE('',#6230,0.0235184013273531);
#148=CYLINDRICAL_SURFACE('',#6246,0.0757572392050142);
#149=CYLINDRICAL_SURFACE('',#6251,0.036533136077087);
#150=CYLINDRICAL_SURFACE('',#6279,0.0845169608165452);
#151=CYLINDRICAL_SURFACE('',#6282,0.0743539130403347);
#152=CYLINDRICAL_SURFACE('',#6285,0.0549400478014461);
#153=CYLINDRICAL_SURFACE('',#6288,0.0741374020898672);
#154=CYLINDRICAL_SURFACE('',#6294,0.0369141157903507);
#155=CYLINDRICAL_SURFACE('',#6299,0.0970092658020816);
#156=CYLINDRICAL_SURFACE('',#6304,0.0436364093684531);
#157=CYLINDRICAL_SURFACE('',#6307,0.147279650080572);
#158=CYLINDRICAL_SURFACE('',#6310,0.0526896377179235);
#159=CYLINDRICAL_SURFACE('',#6313,0.0350561793085004);
#160=CYLINDRICAL_SURFACE('',#6316,0.042244836598368);
#161=CYLINDRICAL_SURFACE('',#6319,0.0349710302297906);
#162=CYLINDRICAL_SURFACE('',#6322,0.176093704452973);
#163=CYLINDRICAL_SURFACE('',#6325,0.0939446327440906);
#164=CYLINDRICAL_SURFACE('',#6328,0.0822584986602032);
#165=CYLINDRICAL_SURFACE('',#6331,0.104692676247415);
#166=CYLINDRICAL_SURFACE('',#6334,0.0866726665877189);
#167=CYLINDRICAL_SURFACE('',#6337,0.101192363784096);
#168=CYLINDRICAL_SURFACE('',#6340,0.279376889070545);
#169=CYLINDRICAL_SURFACE('',#6345,0.608550346219896);
#170=CYLINDRICAL_SURFACE('',#6348,0.100906949858175);
#171=CYLINDRICAL_SURFACE('',#6351,0.0813580518844438);
#172=CYLINDRICAL_SURFACE('',#6354,0.0379934973811002);
#173=CYLINDRICAL_SURFACE('',#6357,0.0381969125256317);
#174=CYLINDRICAL_SURFACE('',#6360,0.0362439080173796);
#175=CYLINDRICAL_SURFACE('',#6363,0.0339274541863378);
#176=CYLINDRICAL_SURFACE('',#6366,0.0862972245089379);
#177=CYLINDRICAL_SURFACE('',#6369,0.057999361567729);
#178=CYLINDRICAL_SURFACE('',#6374,0.119809491173521);
#179=CYLINDRICAL_SURFACE('',#6377,0.106063764201897);
#180=CYLINDRICAL_SURFACE('',#6380,0.196066730443882);
#181=CYLINDRICAL_SURFACE('',#6383,0.0613980681089087);
#182=CYLINDRICAL_SURFACE('',#6386,0.157533406638574);
#183=CYLINDRICAL_SURFACE('',#6389,0.0725304971534181);
#184=CYLINDRICAL_SURFACE('',#6392,0.0706897176569904);
#185=CYLINDRICAL_SURFACE('',#6395,0.0798653560672226);
#186=CYLINDRICAL_SURFACE('',#6398,0.0912763882531811);
#187=CYLINDRICAL_SURFACE('',#6401,0.066186762503382);
#188=CYLINDRICAL_SURFACE('',#6404,0.0783928199847399);
#189=CYLINDRICAL_SURFACE('',#6407,0.0602871365815817);
#190=CYLINDRICAL_SURFACE('',#6410,0.0833606177899812);
#191=CYLINDRICAL_SURFACE('',#6413,0.283933318066848);
#192=CYLINDRICAL_SURFACE('',#6416,0.433333207870064);
#193=CYLINDRICAL_SURFACE('',#6419,0.227848922908367);
#194=CYLINDRICAL_SURFACE('',#6424,0.142187599804505);
#195=CYLINDRICAL_SURFACE('',#6427,0.284801708919874);
#196=CYLINDRICAL_SURFACE('',#6430,0.219987966490045);
#197=CYLINDRICAL_SURFACE('',#6433,0.159144461940946);
#198=CYLINDRICAL_SURFACE('',#6436,0.0786686035268242);
#199=CYLINDRICAL_SURFACE('',#6439,0.0546386669633814);
#200=CYLINDRICAL_SURFACE('',#6442,0.0293581469151749);
#201=CYLINDRICAL_SURFACE('',#6445,0.0304512785206691);
#202=CYLINDRICAL_SURFACE('',#6448,0.024486143792054);
#203=CYLINDRICAL_SURFACE('',#6451,0.0244861437920815);
#204=CYLINDRICAL_SURFACE('',#6454,0.0304512785206737);
#205=CYLINDRICAL_SURFACE('',#6457,0.0293581469151654);
#206=CYLINDRICAL_SURFACE('',#6460,0.0546386669633974);
#207=CYLINDRICAL_SURFACE('',#6463,0.0786686035268083);
#208=CYLINDRICAL_SURFACE('',#6466,0.159144461941052);
#209=CYLINDRICAL_SURFACE('',#6469,0.219987966490103);
#210=CYLINDRICAL_SURFACE('',#6472,0.284801708919819);
#211=CYLINDRICAL_SURFACE('',#6475,0.142187599804518);
#212=CYLINDRICAL_SURFACE('',#6478,0.142187599804462);
#213=CYLINDRICAL_SURFACE('',#6481,0.284801708919874);
#214=CYLINDRICAL_SURFACE('',#6484,0.21998796649004);
#215=CYLINDRICAL_SURFACE('',#6487,0.159144461940948);
#216=CYLINDRICAL_SURFACE('',#6490,0.0786686035268243);
#217=CYLINDRICAL_SURFACE('',#6493,0.0546386669633809);
#218=CYLINDRICAL_SURFACE('',#6496,0.0293581469151699);
#219=CYLINDRICAL_SURFACE('',#6499,0.030451278520673);
#220=CYLINDRICAL_SURFACE('',#6502,0.024486143792054);
#221=CYLINDRICAL_SURFACE('',#6505,0.0244861437920816);
#222=CYLINDRICAL_SURFACE('',#6508,0.0304512785206732);
#223=CYLINDRICAL_SURFACE('',#6511,0.0293581469151752);
#224=CYLINDRICAL_SURFACE('',#6514,0.0546386669633834);
#225=CYLINDRICAL_SURFACE('',#6517,0.0786686035268083);
#226=CYLINDRICAL_SURFACE('',#6520,0.159144461941051);
#227=CYLINDRICAL_SURFACE('',#6523,0.219987966489944);
#228=CYLINDRICAL_SURFACE('',#6526,0.284801708919819);
#229=CYLINDRICAL_SURFACE('',#6529,0.142187599804518);
#230=CYLINDRICAL_SURFACE('',#6532,0.300847980627327);
#231=CYLINDRICAL_SURFACE('',#6535,0.151629498743886);
#232=CYLINDRICAL_SURFACE('',#6538,0.111164313508421);
#233=CYLINDRICAL_SURFACE('',#6541,0.0672216544822834);
#234=CYLINDRICAL_SURFACE('',#6544,0.0955397484973066);
#235=CYLINDRICAL_SURFACE('',#6547,0.095539748497321);
#236=CYLINDRICAL_SURFACE('',#6550,0.0672216544822656);
#237=CYLINDRICAL_SURFACE('',#6553,0.111164313508416);
#238=CYLINDRICAL_SURFACE('',#6556,0.151629498743896);
#239=CYLINDRICAL_SURFACE('',#6559,0.300847980627255);
#240=CYLINDRICAL_SURFACE('',#6562,0.300847980627324);
#241=CYLINDRICAL_SURFACE('',#6565,0.151629498743897);
#242=CYLINDRICAL_SURFACE('',#6568,0.111164313508417);
#243=CYLINDRICAL_SURFACE('',#6571,0.0672216544822794);
#244=CYLINDRICAL_SURFACE('',#6574,0.0955397484973065);
#245=CYLINDRICAL_SURFACE('',#6577,0.0955397484973203);
#246=CYLINDRICAL_SURFACE('',#6580,0.0672216544822813);
#247=CYLINDRICAL_SURFACE('',#6583,0.111164313508409);
#248=CYLINDRICAL_SURFACE('',#6586,0.151629498743895);
#249=CYLINDRICAL_SURFACE('',#6589,0.300847980627276);
#250=CIRCLE('',#6005,0.1);
#251=CIRCLE('',#6006,0.1);
#252=CIRCLE('',#6007,0.1);
#253=CIRCLE('',#6008,0.1);
#254=CIRCLE('',#6010,0.1);
#255=CIRCLE('',#6011,0.1);
#256=CIRCLE('',#6013,0.1);
#257=CIRCLE('',#6014,0.1);
#258=CIRCLE('',#6016,0.1);
#259=CIRCLE('',#6018,0.1);
#260=CIRCLE('',#6019,0.0999999999999998);
#261=CIRCLE('',#6021,0.1);
#262=CIRCLE('',#6023,0.1);
#263=CIRCLE('',#6024,0.1);
#264=CIRCLE('',#6026,0.1);
#265=CIRCLE('',#6028,0.1);
#266=CIRCLE('',#6034,0.291547571137177);
#267=CIRCLE('',#6035,0.291547571137177);
#268=CIRCLE('',#6039,0.072545310874868);
#269=CIRCLE('',#6104,0.39750984593558);
#270=CIRCLE('',#6105,0.39750984593558);
#271=CIRCLE('',#6108,0.391786058486937);
#272=CIRCLE('',#6109,0.391786058486937);
#273=CIRCLE('',#6111,0.382515078865638);
#274=CIRCLE('',#6112,0.382515078865638);
#275=CIRCLE('',#6114,0.364194279791215);
#276=CIRCLE('',#6115,0.364194279791215);
#277=CIRCLE('',#6117,0.239365423700408);
#278=CIRCLE('',#6118,0.239365423700408);
#279=CIRCLE('',#6120,0.176768500322161);
#280=CIRCLE('',#6121,0.176768500322161);
#281=CIRCLE('',#6123,0.179092469311415);
#282=CIRCLE('',#6124,0.179092469311415);
#283=CIRCLE('',#6126,0.228400500479332);
#284=CIRCLE('',#6127,0.228400500479332);
#285=CIRCLE('',#6129,0.240939344502721);
#286=CIRCLE('',#6130,0.240939344502721);
#287=CIRCLE('',#6132,0.10792212822249);
#288=CIRCLE('',#6133,0.10792212822249);
#289=CIRCLE('',#6135,0.33825754124392);
#290=CIRCLE('',#6136,0.33825754124392);
#291=CIRCLE('',#6138,0.208758957615984);
#292=CIRCLE('',#6139,0.208758957615984);
#293=CIRCLE('',#6141,0.14008187788583);
#294=CIRCLE('',#6142,0.14008187788583);
#295=CIRCLE('',#6144,0.187791016091502);
#296=CIRCLE('',#6145,0.187791016091502);
#297=CIRCLE('',#6147,0.319217369352669);
#298=CIRCLE('',#6148,0.319217369352669);
#299=CIRCLE('',#6150,0.337619659068561);
#300=CIRCLE('',#6151,0.337619659068561);
#301=CIRCLE('',#6154,0.680362678380164);
#302=CIRCLE('',#6155,0.680362678380164);
#303=CIRCLE('',#6157,0.107922128222475);
#304=CIRCLE('',#6158,0.107922128222475);
#305=CIRCLE('',#6167,0.0845169608165453);
#306=CIRCLE('',#6168,0.0845169608165453);
#307=CIRCLE('',#6170,0.0743539130403335);
#308=CIRCLE('',#6171,0.0743539130403335);
#309=CIRCLE('',#6173,0.0549400478014461);
#310=CIRCLE('',#6174,0.0549400478014461);
#311=CIRCLE('',#6176,0.0741374020898667);
#312=CIRCLE('',#6177,0.0741374020898667);
#313=CIRCLE('',#6182,0.0369141157903527);
#314=CIRCLE('',#6183,0.0369141157903527);
#315=CIRCLE('',#6192,0.0845169608165452);
#316=CIRCLE('',#6193,0.0845169608165452);
#317=CIRCLE('',#6195,0.0743539130403347);
#318=CIRCLE('',#6196,0.0743539130403347);
#319=CIRCLE('',#6198,0.0549400478014461);
#320=CIRCLE('',#6199,0.0549400478014461);
#321=CIRCLE('',#6201,0.0741374020898671);
#322=CIRCLE('',#6202,0.0741374020898671);
#323=CIRCLE('',#6207,0.0369141157903487);
#324=CIRCLE('',#6208,0.0369141157903487);
#325=CIRCLE('',#6212,0.0708982345939449);
#326=CIRCLE('',#6213,0.0708982345939449);
#327=CIRCLE('',#6215,0.0654089701700648);
#328=CIRCLE('',#6216,0.0654089701700648);
#329=CIRCLE('',#6218,0.0993427507699596);
#330=CIRCLE('',#6219,0.0993427507699596);
#331=CIRCLE('',#6222,0.0385288455803287);
#332=CIRCLE('',#6223,0.0385288455803287);
#333=CIRCLE('',#6225,0.0390523947728915);
#334=CIRCLE('',#6226,0.0390523947728915);
#335=CIRCLE('',#6228,0.0242329162145653);
#336=CIRCLE('',#6229,0.0242329162145653);
#337=CIRCLE('',#6231,0.0235184013273531);
#338=CIRCLE('',#6232,0.0235184013273531);
#339=CIRCLE('',#6247,0.0757572392050142);
#340=CIRCLE('',#6248,0.0757572392050142);
#341=CIRCLE('',#6252,0.036533136077087);
#342=CIRCLE('',#6253,0.036533136077087);
#343=CIRCLE('',#6280,0.0845169608165452);
#344=CIRCLE('',#6281,0.0845169608165452);
#345=CIRCLE('',#6283,0.0743539130403347);
#346=CIRCLE('',#6284,0.0743539130403347);
#347=CIRCLE('',#6286,0.0549400478014461);
#348=CIRCLE('',#6287,0.0549400478014461);
#349=CIRCLE('',#6289,0.0741374020898672);
#350=CIRCLE('',#6290,0.0741374020898672);
#351=CIRCLE('',#6295,0.0369141157903507);
#352=CIRCLE('',#6296,0.0369141157903507);
#353=CIRCLE('',#6300,0.0970092658020816);
#354=CIRCLE('',#6301,0.0970092658020816);
#355=CIRCLE('',#6305,0.0436364093684531);
#356=CIRCLE('',#6306,0.0436364093684531);
#357=CIRCLE('',#6308,0.147279650080572);
#358=CIRCLE('',#6309,0.147279650080572);
#359=CIRCLE('',#6311,0.0526896377179235);
#360=CIRCLE('',#6312,0.0526896377179235);
#361=CIRCLE('',#6314,0.0350561793085004);
#362=CIRCLE('',#6315,0.0350561793085004);
#363=CIRCLE('',#6317,0.042244836598368);
#364=CIRCLE('',#6318,0.042244836598368);
#365=CIRCLE('',#6320,0.0349710302297906);
#366=CIRCLE('',#6321,0.0349710302297906);
#367=CIRCLE('',#6323,0.176093704452973);
#368=CIRCLE('',#6324,0.176093704452973);
#369=CIRCLE('',#6326,0.0939446327440906);
#370=CIRCLE('',#6327,0.0939446327440906);
#371=CIRCLE('',#6329,0.0822584986602032);
#372=CIRCLE('',#6330,0.0822584986602032);
#373=CIRCLE('',#6332,0.104692676247415);
#374=CIRCLE('',#6333,0.104692676247415);
#375=CIRCLE('',#6335,0.0866726665877189);
#376=CIRCLE('',#6336,0.0866726665877189);
#377=CIRCLE('',#6338,0.101192363784096);
#378=CIRCLE('',#6339,0.101192363784096);
#379=CIRCLE('',#6341,0.279376889070545);
#380=CIRCLE('',#6342,0.279376889070545);
#381=CIRCLE('',#6346,0.608550346219896);
#382=CIRCLE('',#6347,0.608550346219896);
#383=CIRCLE('',#6349,0.100906949858175);
#384=CIRCLE('',#6350,0.100906949858175);
#385=CIRCLE('',#6352,0.0813580518844438);
#386=CIRCLE('',#6353,0.0813580518844438);
#387=CIRCLE('',#6355,0.0379934973811002);
#388=CIRCLE('',#6356,0.0379934973811002);
#389=CIRCLE('',#6358,0.0381969125256317);
#390=CIRCLE('',#6359,0.0381969125256317);
#391=CIRCLE('',#6361,0.0362439080173796);
#392=CIRCLE('',#6362,0.0362439080173796);
#393=CIRCLE('',#6364,0.0339274541863378);
#394=CIRCLE('',#6365,0.0339274541863378);
#395=CIRCLE('',#6367,0.0862972245089379);
#396=CIRCLE('',#6368,0.0862972245089379);
#397=CIRCLE('',#6370,0.057999361567729);
#398=CIRCLE('',#6371,0.057999361567729);
#399=CIRCLE('',#6375,0.119809491173521);
#400=CIRCLE('',#6376,0.119809491173521);
#401=CIRCLE('',#6378,0.106063764201897);
#402=CIRCLE('',#6379,0.106063764201897);
#403=CIRCLE('',#6381,0.196066730443882);
#404=CIRCLE('',#6382,0.196066730443882);
#405=CIRCLE('',#6384,0.0613980681089087);
#406=CIRCLE('',#6385,0.0613980681089087);
#407=CIRCLE('',#6387,0.157533406638574);
#408=CIRCLE('',#6388,0.157533406638574);
#409=CIRCLE('',#6390,0.0725304971534181);
#410=CIRCLE('',#6391,0.0725304971534181);
#411=CIRCLE('',#6393,0.0706897176569904);
#412=CIRCLE('',#6394,0.0706897176569904);
#413=CIRCLE('',#6396,0.0798653560672226);
#414=CIRCLE('',#6397,0.0798653560672226);
#415=CIRCLE('',#6399,0.0912763882531811);
#416=CIRCLE('',#6400,0.0912763882531811);
#417=CIRCLE('',#6402,0.066186762503382);
#418=CIRCLE('',#6403,0.066186762503382);
#419=CIRCLE('',#6405,0.0783928199847399);
#420=CIRCLE('',#6406,0.0783928199847399);
#421=CIRCLE('',#6408,0.0602871365815817);
#422=CIRCLE('',#6409,0.0602871365815817);
#423=CIRCLE('',#6411,0.0833606177899812);
#424=CIRCLE('',#6412,0.0833606177899812);
#425=CIRCLE('',#6414,0.283933318066848);
#426=CIRCLE('',#6415,0.283933318066848);
#427=CIRCLE('',#6417,0.433333207870064);
#428=CIRCLE('',#6418,0.433333207870064);
#429=CIRCLE('',#6420,0.227848922908367);
#430=CIRCLE('',#6421,0.227848922908367);
#431=CIRCLE('',#6425,0.142187599804505);
#432=CIRCLE('',#6426,0.142187599804505);
#433=CIRCLE('',#6428,0.284801708919874);
#434=CIRCLE('',#6429,0.284801708919874);
#435=CIRCLE('',#6431,0.219987966490045);
#436=CIRCLE('',#6432,0.219987966490045);
#437=CIRCLE('',#6434,0.159144461940946);
#438=CIRCLE('',#6435,0.159144461940946);
#439=CIRCLE('',#6437,0.0786686035268242);
#440=CIRCLE('',#6438,0.0786686035268242);
#441=CIRCLE('',#6440,0.0546386669633814);
#442=CIRCLE('',#6441,0.0546386669633814);
#443=CIRCLE('',#6443,0.0293581469151749);
#444=CIRCLE('',#6444,0.0293581469151749);
#445=CIRCLE('',#6446,0.0304512785206691);
#446=CIRCLE('',#6447,0.0304512785206691);
#447=CIRCLE('',#6449,0.024486143792054);
#448=CIRCLE('',#6450,0.024486143792054);
#449=CIRCLE('',#6452,0.0244861437920815);
#450=CIRCLE('',#6453,0.0244861437920815);
#451=CIRCLE('',#6455,0.0304512785206737);
#452=CIRCLE('',#6456,0.0304512785206737);
#453=CIRCLE('',#6458,0.0293581469151654);
#454=CIRCLE('',#6459,0.0293581469151654);
#455=CIRCLE('',#6461,0.0546386669633974);
#456=CIRCLE('',#6462,0.0546386669633974);
#457=CIRCLE('',#6464,0.0786686035268083);
#458=CIRCLE('',#6465,0.0786686035268083);
#459=CIRCLE('',#6467,0.159144461941052);
#460=CIRCLE('',#6468,0.159144461941052);
#461=CIRCLE('',#6470,0.219987966490103);
#462=CIRCLE('',#6471,0.219987966490103);
#463=CIRCLE('',#6473,0.284801708919819);
#464=CIRCLE('',#6474,0.284801708919819);
#465=CIRCLE('',#6476,0.142187599804518);
#466=CIRCLE('',#6477,0.142187599804518);
#467=CIRCLE('',#6479,0.142187599804462);
#468=CIRCLE('',#6480,0.142187599804462);
#469=CIRCLE('',#6482,0.284801708919874);
#470=CIRCLE('',#6483,0.284801708919874);
#471=CIRCLE('',#6485,0.21998796649004);
#472=CIRCLE('',#6486,0.21998796649004);
#473=CIRCLE('',#6488,0.159144461940948);
#474=CIRCLE('',#6489,0.159144461940948);
#475=CIRCLE('',#6491,0.0786686035268243);
#476=CIRCLE('',#6492,0.0786686035268243);
#477=CIRCLE('',#6494,0.0546386669633809);
#478=CIRCLE('',#6495,0.0546386669633809);
#479=CIRCLE('',#6497,0.0293581469151699);
#480=CIRCLE('',#6498,0.0293581469151699);
#481=CIRCLE('',#6500,0.030451278520673);
#482=CIRCLE('',#6501,0.030451278520673);
#483=CIRCLE('',#6503,0.024486143792054);
#484=CIRCLE('',#6504,0.024486143792054);
#485=CIRCLE('',#6506,0.0244861437920816);
#486=CIRCLE('',#6507,0.0244861437920816);
#487=CIRCLE('',#6509,0.0304512785206732);
#488=CIRCLE('',#6510,0.0304512785206732);
#489=CIRCLE('',#6512,0.0293581469151752);
#490=CIRCLE('',#6513,0.0293581469151752);
#491=CIRCLE('',#6515,0.0546386669633834);
#492=CIRCLE('',#6516,0.0546386669633834);
#493=CIRCLE('',#6518,0.0786686035268083);
#494=CIRCLE('',#6519,0.0786686035268083);
#495=CIRCLE('',#6521,0.159144461941051);
#496=CIRCLE('',#6522,0.159144461941051);
#497=CIRCLE('',#6524,0.219987966489944);
#498=CIRCLE('',#6525,0.219987966489944);
#499=CIRCLE('',#6527,0.284801708919819);
#500=CIRCLE('',#6528,0.284801708919819);
#501=CIRCLE('',#6530,0.142187599804518);
#502=CIRCLE('',#6531,0.142187599804518);
#503=CIRCLE('',#6533,0.300847980627327);
#504=CIRCLE('',#6534,0.300847980627327);
#505=CIRCLE('',#6536,0.151629498743886);
#506=CIRCLE('',#6537,0.151629498743886);
#507=CIRCLE('',#6539,0.111164313508421);
#508=CIRCLE('',#6540,0.111164313508421);
#509=CIRCLE('',#6542,0.0672216544822834);
#510=CIRCLE('',#6543,0.0672216544822834);
#511=CIRCLE('',#6545,0.0955397484973066);
#512=CIRCLE('',#6546,0.0955397484973066);
#513=CIRCLE('',#6548,0.095539748497321);
#514=CIRCLE('',#6549,0.095539748497321);
#515=CIRCLE('',#6551,0.0672216544822656);
#516=CIRCLE('',#6552,0.0672216544822656);
#517=CIRCLE('',#6554,0.111164313508416);
#518=CIRCLE('',#6555,0.111164313508416);
#519=CIRCLE('',#6557,0.151629498743896);
#520=CIRCLE('',#6558,0.151629498743896);
#521=CIRCLE('',#6560,0.300847980627255);
#522=CIRCLE('',#6561,0.300847980627255);
#523=CIRCLE('',#6563,0.300847980627324);
#524=CIRCLE('',#6564,0.300847980627324);
#525=CIRCLE('',#6566,0.151629498743897);
#526=CIRCLE('',#6567,0.151629498743897);
#527=CIRCLE('',#6569,0.111164313508417);
#528=CIRCLE('',#6570,0.111164313508417);
#529=CIRCLE('',#6572,0.0672216544822794);
#530=CIRCLE('',#6573,0.0672216544822794);
#531=CIRCLE('',#6575,0.0955397484973065);
#532=CIRCLE('',#6576,0.0955397484973065);
#533=CIRCLE('',#6578,0.0955397484973203);
#534=CIRCLE('',#6579,0.0955397484973203);
#535=CIRCLE('',#6581,0.0672216544822813);
#536=CIRCLE('',#6582,0.0672216544822813);
#537=CIRCLE('',#6584,0.111164313508409);
#538=CIRCLE('',#6585,0.111164313508409);
#539=CIRCLE('',#6587,0.151629498743895);
#540=CIRCLE('',#6588,0.151629498743895);
#541=CIRCLE('',#6590,0.300847980627276);
#542=CIRCLE('',#6591,0.300847980627276);
#543=FACE_OUTER_BOUND('',#872,.T.);
#544=FACE_OUTER_BOUND('',#873,.T.);
#545=FACE_OUTER_BOUND('',#874,.T.);
#546=FACE_OUTER_BOUND('',#875,.T.);
#547=FACE_OUTER_BOUND('',#876,.T.);
#548=FACE_OUTER_BOUND('',#877,.T.);
#549=FACE_OUTER_BOUND('',#878,.T.);
#550=FACE_OUTER_BOUND('',#879,.T.);
#551=FACE_OUTER_BOUND('',#880,.T.);
#552=FACE_OUTER_BOUND('',#881,.T.);
#553=FACE_OUTER_BOUND('',#882,.T.);
#554=FACE_OUTER_BOUND('',#883,.T.);
#555=FACE_OUTER_BOUND('',#885,.T.);
#556=FACE_OUTER_BOUND('',#886,.T.);
#557=FACE_OUTER_BOUND('',#887,.T.);
#558=FACE_OUTER_BOUND('',#889,.T.);
#559=FACE_OUTER_BOUND('',#890,.T.);
#560=FACE_OUTER_BOUND('',#891,.T.);
#561=FACE_OUTER_BOUND('',#892,.T.);
#562=FACE_OUTER_BOUND('',#893,.T.);
#563=FACE_OUTER_BOUND('',#894,.T.);
#564=FACE_OUTER_BOUND('',#895,.T.);
#565=FACE_OUTER_BOUND('',#896,.T.);
#566=FACE_OUTER_BOUND('',#897,.T.);
#567=FACE_OUTER_BOUND('',#898,.T.);
#568=FACE_OUTER_BOUND('',#899,.T.);
#569=FACE_OUTER_BOUND('',#900,.T.);
#570=FACE_OUTER_BOUND('',#901,.T.);
#571=FACE_OUTER_BOUND('',#902,.T.);
#572=FACE_OUTER_BOUND('',#903,.T.);
#573=FACE_OUTER_BOUND('',#904,.T.);
#574=FACE_OUTER_BOUND('',#905,.T.);
#575=FACE_OUTER_BOUND('',#906,.T.);
#576=FACE_OUTER_BOUND('',#907,.T.);
#577=FACE_OUTER_BOUND('',#908,.T.);
#578=FACE_OUTER_BOUND('',#909,.T.);
#579=FACE_OUTER_BOUND('',#910,.T.);
#580=FACE_OUTER_BOUND('',#911,.T.);
#581=FACE_OUTER_BOUND('',#912,.T.);
#582=FACE_OUTER_BOUND('',#913,.T.);
#583=FACE_OUTER_BOUND('',#914,.T.);
#584=FACE_OUTER_BOUND('',#915,.T.);
#585=FACE_OUTER_BOUND('',#916,.T.);
#586=FACE_OUTER_BOUND('',#917,.T.);
#587=FACE_OUTER_BOUND('',#918,.T.);
#588=FACE_OUTER_BOUND('',#919,.T.);
#589=FACE_OUTER_BOUND('',#920,.T.);
#590=FACE_OUTER_BOUND('',#921,.T.);
#591=FACE_OUTER_BOUND('',#922,.T.);
#592=FACE_OUTER_BOUND('',#923,.T.);
#593=FACE_OUTER_BOUND('',#924,.T.);
#594=FACE_OUTER_BOUND('',#925,.T.);
#595=FACE_OUTER_BOUND('',#926,.T.);
#596=FACE_OUTER_BOUND('',#927,.T.);
#597=FACE_OUTER_BOUND('',#928,.T.);
#598=FACE_OUTER_BOUND('',#929,.T.);
#599=FACE_OUTER_BOUND('',#930,.T.);
#600=FACE_OUTER_BOUND('',#931,.T.);
#601=FACE_OUTER_BOUND('',#932,.T.);
#602=FACE_OUTER_BOUND('',#933,.T.);
#603=FACE_OUTER_BOUND('',#934,.T.);
#604=FACE_OUTER_BOUND('',#936,.T.);
#605=FACE_OUTER_BOUND('',#937,.T.);
#606=FACE_OUTER_BOUND('',#938,.T.);
#607=FACE_OUTER_BOUND('',#939,.T.);
#608=FACE_OUTER_BOUND('',#940,.T.);
#609=FACE_OUTER_BOUND('',#941,.T.);
#610=FACE_OUTER_BOUND('',#942,.T.);
#611=FACE_OUTER_BOUND('',#943,.T.);
#612=FACE_OUTER_BOUND('',#944,.T.);
#613=FACE_OUTER_BOUND('',#945,.T.);
#614=FACE_OUTER_BOUND('',#946,.T.);
#615=FACE_OUTER_BOUND('',#947,.T.);
#616=FACE_OUTER_BOUND('',#948,.T.);
#617=FACE_OUTER_BOUND('',#949,.T.);
#618=FACE_OUTER_BOUND('',#950,.T.);
#619=FACE_OUTER_BOUND('',#951,.T.);
#620=FACE_OUTER_BOUND('',#952,.T.);
#621=FACE_OUTER_BOUND('',#953,.T.);
#622=FACE_OUTER_BOUND('',#954,.T.);
#623=FACE_OUTER_BOUND('',#955,.T.);
#624=FACE_OUTER_BOUND('',#956,.T.);
#625=FACE_OUTER_BOUND('',#957,.T.);
#626=FACE_OUTER_BOUND('',#958,.T.);
#627=FACE_OUTER_BOUND('',#959,.T.);
#628=FACE_OUTER_BOUND('',#960,.T.);
#629=FACE_OUTER_BOUND('',#961,.T.);
#630=FACE_OUTER_BOUND('',#962,.T.);
#631=FACE_OUTER_BOUND('',#963,.T.);
#632=FACE_OUTER_BOUND('',#964,.T.);
#633=FACE_OUTER_BOUND('',#965,.T.);
#634=FACE_OUTER_BOUND('',#966,.T.);
#635=FACE_OUTER_BOUND('',#967,.T.);
#636=FACE_OUTER_BOUND('',#968,.T.);
#637=FACE_OUTER_BOUND('',#969,.T.);
#638=FACE_OUTER_BOUND('',#970,.T.);
#639=FACE_OUTER_BOUND('',#971,.T.);
#640=FACE_OUTER_BOUND('',#972,.T.);
#641=FACE_OUTER_BOUND('',#973,.T.);
#642=FACE_OUTER_BOUND('',#974,.T.);
#643=FACE_OUTER_BOUND('',#975,.T.);
#644=FACE_OUTER_BOUND('',#976,.T.);
#645=FACE_OUTER_BOUND('',#977,.T.);
#646=FACE_OUTER_BOUND('',#978,.T.);
#647=FACE_OUTER_BOUND('',#979,.T.);
#648=FACE_OUTER_BOUND('',#980,.T.);
#649=FACE_OUTER_BOUND('',#981,.T.);
#650=FACE_OUTER_BOUND('',#982,.T.);
#651=FACE_OUTER_BOUND('',#983,.T.);
#652=FACE_OUTER_BOUND('',#984,.T.);
#653=FACE_OUTER_BOUND('',#985,.T.);
#654=FACE_OUTER_BOUND('',#986,.T.);
#655=FACE_OUTER_BOUND('',#987,.T.);
#656=FACE_OUTER_BOUND('',#988,.T.);
#657=FACE_OUTER_BOUND('',#989,.T.);
#658=FACE_OUTER_BOUND('',#990,.T.);
#659=FACE_OUTER_BOUND('',#991,.T.);
#660=FACE_OUTER_BOUND('',#992,.T.);
#661=FACE_OUTER_BOUND('',#993,.T.);
#662=FACE_OUTER_BOUND('',#994,.T.);
#663=FACE_OUTER_BOUND('',#995,.T.);
#664=FACE_OUTER_BOUND('',#996,.T.);
#665=FACE_OUTER_BOUND('',#997,.T.);
#666=FACE_OUTER_BOUND('',#998,.T.);
#667=FACE_OUTER_BOUND('',#999,.T.);
#668=FACE_OUTER_BOUND('',#1000,.T.);
#669=FACE_OUTER_BOUND('',#1001,.T.);
#670=FACE_OUTER_BOUND('',#1002,.T.);
#671=FACE_OUTER_BOUND('',#1003,.T.);
#672=FACE_OUTER_BOUND('',#1004,.T.);
#673=FACE_OUTER_BOUND('',#1005,.T.);
#674=FACE_OUTER_BOUND('',#1006,.T.);
#675=FACE_OUTER_BOUND('',#1007,.T.);
#676=FACE_OUTER_BOUND('',#1008,.T.);
#677=FACE_OUTER_BOUND('',#1009,.T.);
#678=FACE_OUTER_BOUND('',#1010,.T.);
#679=FACE_OUTER_BOUND('',#1011,.T.);
#680=FACE_OUTER_BOUND('',#1012,.T.);
#681=FACE_OUTER_BOUND('',#1013,.T.);
#682=FACE_OUTER_BOUND('',#1014,.T.);
#683=FACE_OUTER_BOUND('',#1015,.T.);
#684=FACE_OUTER_BOUND('',#1016,.T.);
#685=FACE_OUTER_BOUND('',#1017,.T.);
#686=FACE_OUTER_BOUND('',#1018,.T.);
#687=FACE_OUTER_BOUND('',#1019,.T.);
#688=FACE_OUTER_BOUND('',#1020,.T.);
#689=FACE_OUTER_BOUND('',#1021,.T.);
#690=FACE_OUTER_BOUND('',#1022,.T.);
#691=FACE_OUTER_BOUND('',#1023,.T.);
#692=FACE_OUTER_BOUND('',#1024,.T.);
#693=FACE_OUTER_BOUND('',#1025,.T.);
#694=FACE_OUTER_BOUND('',#1026,.T.);
#695=FACE_OUTER_BOUND('',#1027,.T.);
#696=FACE_OUTER_BOUND('',#1028,.T.);
#697=FACE_OUTER_BOUND('',#1030,.T.);
#698=FACE_OUTER_BOUND('',#1031,.T.);
#699=FACE_OUTER_BOUND('',#1032,.T.);
#700=FACE_OUTER_BOUND('',#1034,.T.);
#701=FACE_OUTER_BOUND('',#1035,.T.);
#702=FACE_OUTER_BOUND('',#1036,.T.);
#703=FACE_OUTER_BOUND('',#1037,.T.);
#704=FACE_OUTER_BOUND('',#1038,.T.);
#705=FACE_OUTER_BOUND('',#1039,.T.);
#706=FACE_OUTER_BOUND('',#1040,.T.);
#707=FACE_OUTER_BOUND('',#1041,.T.);
#708=FACE_OUTER_BOUND('',#1042,.T.);
#709=FACE_OUTER_BOUND('',#1043,.T.);
#710=FACE_OUTER_BOUND('',#1044,.T.);
#711=FACE_OUTER_BOUND('',#1045,.T.);
#712=FACE_OUTER_BOUND('',#1046,.T.);
#713=FACE_OUTER_BOUND('',#1047,.T.);
#714=FACE_OUTER_BOUND('',#1048,.T.);
#715=FACE_OUTER_BOUND('',#1049,.T.);
#716=FACE_OUTER_BOUND('',#1050,.T.);
#717=FACE_OUTER_BOUND('',#1051,.T.);
#718=FACE_OUTER_BOUND('',#1052,.T.);
#719=FACE_OUTER_BOUND('',#1053,.T.);
#720=FACE_OUTER_BOUND('',#1054,.T.);
#721=FACE_OUTER_BOUND('',#1055,.T.);
#722=FACE_OUTER_BOUND('',#1056,.T.);
#723=FACE_OUTER_BOUND('',#1057,.T.);
#724=FACE_OUTER_BOUND('',#1058,.T.);
#725=FACE_OUTER_BOUND('',#1059,.T.);
#726=FACE_OUTER_BOUND('',#1060,.T.);
#727=FACE_OUTER_BOUND('',#1061,.T.);
#728=FACE_OUTER_BOUND('',#1062,.T.);
#729=FACE_OUTER_BOUND('',#1063,.T.);
#730=FACE_OUTER_BOUND('',#1064,.T.);
#731=FACE_OUTER_BOUND('',#1065,.T.);
#732=FACE_OUTER_BOUND('',#1066,.T.);
#733=FACE_OUTER_BOUND('',#1067,.T.);
#734=FACE_OUTER_BOUND('',#1068,.T.);
#735=FACE_OUTER_BOUND('',#1069,.T.);
#736=FACE_OUTER_BOUND('',#1070,.T.);
#737=FACE_OUTER_BOUND('',#1071,.T.);
#738=FACE_OUTER_BOUND('',#1072,.T.);
#739=FACE_OUTER_BOUND('',#1073,.T.);
#740=FACE_OUTER_BOUND('',#1074,.T.);
#741=FACE_OUTER_BOUND('',#1075,.T.);
#742=FACE_OUTER_BOUND('',#1076,.T.);
#743=FACE_OUTER_BOUND('',#1077,.T.);
#744=FACE_OUTER_BOUND('',#1078,.T.);
#745=FACE_OUTER_BOUND('',#1079,.T.);
#746=FACE_OUTER_BOUND('',#1080,.T.);
#747=FACE_OUTER_BOUND('',#1081,.T.);
#748=FACE_OUTER_BOUND('',#1082,.T.);
#749=FACE_OUTER_BOUND('',#1083,.T.);
#750=FACE_OUTER_BOUND('',#1084,.T.);
#751=FACE_OUTER_BOUND('',#1085,.T.);
#752=FACE_OUTER_BOUND('',#1086,.T.);
#753=FACE_OUTER_BOUND('',#1087,.T.);
#754=FACE_OUTER_BOUND('',#1088,.T.);
#755=FACE_OUTER_BOUND('',#1089,.T.);
#756=FACE_OUTER_BOUND('',#1090,.T.);
#757=FACE_OUTER_BOUND('',#1091,.T.);
#758=FACE_OUTER_BOUND('',#1092,.T.);
#759=FACE_OUTER_BOUND('',#1093,.T.);
#760=FACE_OUTER_BOUND('',#1094,.T.);
#761=FACE_OUTER_BOUND('',#1095,.T.);
#762=FACE_OUTER_BOUND('',#1096,.T.);
#763=FACE_OUTER_BOUND('',#1097,.T.);
#764=FACE_OUTER_BOUND('',#1098,.T.);
#765=FACE_OUTER_BOUND('',#1099,.T.);
#766=FACE_OUTER_BOUND('',#1100,.T.);
#767=FACE_OUTER_BOUND('',#1101,.T.);
#768=FACE_OUTER_BOUND('',#1102,.T.);
#769=FACE_OUTER_BOUND('',#1103,.T.);
#770=FACE_OUTER_BOUND('',#1104,.T.);
#771=FACE_OUTER_BOUND('',#1105,.T.);
#772=FACE_OUTER_BOUND('',#1106,.T.);
#773=FACE_OUTER_BOUND('',#1107,.T.);
#774=FACE_OUTER_BOUND('',#1108,.T.);
#775=FACE_OUTER_BOUND('',#1109,.T.);
#776=FACE_OUTER_BOUND('',#1110,.T.);
#777=FACE_OUTER_BOUND('',#1111,.T.);
#778=FACE_OUTER_BOUND('',#1112,.T.);
#779=FACE_OUTER_BOUND('',#1113,.T.);
#780=FACE_OUTER_BOUND('',#1114,.T.);
#781=FACE_OUTER_BOUND('',#1116,.T.);
#782=FACE_OUTER_BOUND('',#1118,.T.);
#783=FACE_OUTER_BOUND('',#1119,.T.);
#784=FACE_OUTER_BOUND('',#1120,.T.);
#785=FACE_OUTER_BOUND('',#1121,.T.);
#786=FACE_OUTER_BOUND('',#1122,.T.);
#787=FACE_OUTER_BOUND('',#1123,.T.);
#788=FACE_OUTER_BOUND('',#1124,.T.);
#789=FACE_OUTER_BOUND('',#1125,.T.);
#790=FACE_OUTER_BOUND('',#1126,.T.);
#791=FACE_OUTER_BOUND('',#1127,.T.);
#792=FACE_OUTER_BOUND('',#1128,.T.);
#793=FACE_OUTER_BOUND('',#1129,.T.);
#794=FACE_OUTER_BOUND('',#1130,.T.);
#795=FACE_OUTER_BOUND('',#1131,.T.);
#796=FACE_OUTER_BOUND('',#1132,.T.);
#797=FACE_OUTER_BOUND('',#1133,.T.);
#798=FACE_OUTER_BOUND('',#1134,.T.);
#799=FACE_OUTER_BOUND('',#1135,.T.);
#800=FACE_OUTER_BOUND('',#1136,.T.);
#801=FACE_OUTER_BOUND('',#1137,.T.);
#802=FACE_OUTER_BOUND('',#1138,.T.);
#803=FACE_OUTER_BOUND('',#1139,.T.);
#804=FACE_OUTER_BOUND('',#1140,.T.);
#805=FACE_OUTER_BOUND('',#1141,.T.);
#806=FACE_OUTER_BOUND('',#1142,.T.);
#807=FACE_OUTER_BOUND('',#1143,.T.);
#808=FACE_OUTER_BOUND('',#1144,.T.);
#809=FACE_OUTER_BOUND('',#1145,.T.);
#810=FACE_OUTER_BOUND('',#1146,.T.);
#811=FACE_OUTER_BOUND('',#1147,.T.);
#812=FACE_OUTER_BOUND('',#1148,.T.);
#813=FACE_OUTER_BOUND('',#1149,.T.);
#814=FACE_OUTER_BOUND('',#1150,.T.);
#815=FACE_OUTER_BOUND('',#1151,.T.);
#816=FACE_OUTER_BOUND('',#1152,.T.);
#817=FACE_OUTER_BOUND('',#1153,.T.);
#818=FACE_OUTER_BOUND('',#1154,.T.);
#819=FACE_OUTER_BOUND('',#1155,.T.);
#820=FACE_OUTER_BOUND('',#1156,.T.);
#821=FACE_OUTER_BOUND('',#1157,.T.);
#822=FACE_OUTER_BOUND('',#1158,.T.);
#823=FACE_OUTER_BOUND('',#1159,.T.);
#824=FACE_OUTER_BOUND('',#1160,.T.);
#825=FACE_OUTER_BOUND('',#1161,.T.);
#826=FACE_OUTER_BOUND('',#1162,.T.);
#827=FACE_OUTER_BOUND('',#1163,.T.);
#828=FACE_OUTER_BOUND('',#1164,.T.);
#829=FACE_OUTER_BOUND('',#1165,.T.);
#830=FACE_OUTER_BOUND('',#1166,.T.);
#831=FACE_OUTER_BOUND('',#1167,.T.);
#832=FACE_OUTER_BOUND('',#1168,.T.);
#833=FACE_OUTER_BOUND('',#1169,.T.);
#834=FACE_OUTER_BOUND('',#1170,.T.);
#835=FACE_OUTER_BOUND('',#1171,.T.);
#836=FACE_OUTER_BOUND('',#1172,.T.);
#837=FACE_OUTER_BOUND('',#1173,.T.);
#838=FACE_OUTER_BOUND('',#1174,.T.);
#839=FACE_OUTER_BOUND('',#1176,.T.);
#840=FACE_OUTER_BOUND('',#1178,.T.);
#841=FACE_OUTER_BOUND('',#1179,.T.);
#842=FACE_OUTER_BOUND('',#1180,.T.);
#843=FACE_OUTER_BOUND('',#1181,.T.);
#844=FACE_OUTER_BOUND('',#1182,.T.);
#845=FACE_OUTER_BOUND('',#1183,.T.);
#846=FACE_OUTER_BOUND('',#1184,.T.);
#847=FACE_OUTER_BOUND('',#1185,.T.);
#848=FACE_OUTER_BOUND('',#1186,.T.);
#849=FACE_OUTER_BOUND('',#1187,.T.);
#850=FACE_OUTER_BOUND('',#1188,.T.);
#851=FACE_OUTER_BOUND('',#1189,.T.);
#852=FACE_OUTER_BOUND('',#1190,.T.);
#853=FACE_OUTER_BOUND('',#1191,.T.);
#854=FACE_OUTER_BOUND('',#1192,.T.);
#855=FACE_OUTER_BOUND('',#1193,.T.);
#856=FACE_OUTER_BOUND('',#1194,.T.);
#857=FACE_OUTER_BOUND('',#1195,.T.);
#858=FACE_OUTER_BOUND('',#1196,.T.);
#859=FACE_OUTER_BOUND('',#1197,.T.);
#860=FACE_OUTER_BOUND('',#1198,.T.);
#861=FACE_OUTER_BOUND('',#1199,.T.);
#862=FACE_OUTER_BOUND('',#1200,.T.);
#863=FACE_OUTER_BOUND('',#1201,.T.);
#864=FACE_OUTER_BOUND('',#1202,.T.);
#865=FACE_OUTER_BOUND('',#1203,.T.);
#866=FACE_OUTER_BOUND('',#1204,.T.);
#867=FACE_OUTER_BOUND('',#1205,.T.);
#868=FACE_OUTER_BOUND('',#1206,.T.);
#869=FACE_OUTER_BOUND('',#1207,.T.);
#870=FACE_OUTER_BOUND('',#1208,.T.);
#871=FACE_OUTER_BOUND('',#1209,.T.);
#872=EDGE_LOOP('',(#3762,#3763,#3764,#3765));
#873=EDGE_LOOP('',(#3766,#3767,#3768,#3769,#3770,#3771,#3772,#3773,#3774,
#3775,#3776,#3777,#3778,#3779,#3780,#3781,#3782,#3783,#3784,#3785));
#874=EDGE_LOOP('',(#3786,#3787,#3788,#3789));
#875=EDGE_LOOP('',(#3790,#3791,#3792,#3793));
#876=EDGE_LOOP('',(#3794,#3795,#3796));
#877=EDGE_LOOP('',(#3797,#3798,#3799,#3800));
#878=EDGE_LOOP('',(#3801,#3802,#3803));
#879=EDGE_LOOP('',(#3804,#3805,#3806,#3807));
#880=EDGE_LOOP('',(#3808,#3809,#3810));
#881=EDGE_LOOP('',(#3811,#3812,#3813));
#882=EDGE_LOOP('',(#3814,#3815,#3816,#3817));
#883=EDGE_LOOP('',(#3818,#3819,#3820,#3821));
#884=EDGE_LOOP('',(#3822,#3823,#3824,#3825));
#885=EDGE_LOOP('',(#3826,#3827,#3828,#3829));
#886=EDGE_LOOP('',(#3830,#3831,#3832,#3833,#3834,#3835,#3836,#3837,#3838,
#3839,#3840,#3841,#3842,#3843,#3844,#3845,#3846,#3847,#3848,#3849));
#887=EDGE_LOOP('',(#3850,#3851,#3852,#3853));
#888=EDGE_LOOP('',(#3854,#3855));
#889=EDGE_LOOP('',(#3856,#3857,#3858,#3859));
#890=EDGE_LOOP('',(#3860,#3861,#3862,#3863,#3864,#3865,#3866,#3867,#3868,
#3869,#3870,#3871,#3872,#3873,#3874,#3875,#3876,#3877,#3878,#3879));
#891=EDGE_LOOP('',(#3880,#3881,#3882,#3883));
#892=EDGE_LOOP('',(#3884,#3885,#3886,#3887,#3888));
#893=EDGE_LOOP('',(#3889));
#894=EDGE_LOOP('',(#3890,#3891,#3892,#3893));
#895=EDGE_LOOP('',(#3894,#3895,#3896,#3897));
#896=EDGE_LOOP('',(#3898,#3899,#3900,#3901));
#897=EDGE_LOOP('',(#3902,#3903,#3904,#3905));
#898=EDGE_LOOP('',(#3906,#3907,#3908,#3909));
#899=EDGE_LOOP('',(#3910,#3911,#3912,#3913));
#900=EDGE_LOOP('',(#3914,#3915,#3916,#3917));
#901=EDGE_LOOP('',(#3918,#3919,#3920,#3921));
#902=EDGE_LOOP('',(#3922,#3923,#3924,#3925));
#903=EDGE_LOOP('',(#3926,#3927,#3928,#3929));
#904=EDGE_LOOP('',(#3930,#3931,#3932,#3933));
#905=EDGE_LOOP('',(#3934,#3935,#3936,#3937));
#906=EDGE_LOOP('',(#3938,#3939,#3940,#3941));
#907=EDGE_LOOP('',(#3942,#3943,#3944,#3945));
#908=EDGE_LOOP('',(#3946,#3947,#3948,#3949));
#909=EDGE_LOOP('',(#3950,#3951,#3952,#3953));
#910=EDGE_LOOP('',(#3954,#3955,#3956,#3957));
#911=EDGE_LOOP('',(#3958,#3959,#3960,#3961));
#912=EDGE_LOOP('',(#3962,#3963,#3964,#3965));
#913=EDGE_LOOP('',(#3966,#3967,#3968,#3969,#3970,#3971,#3972,#3973,#3974,
#3975,#3976,#3977));
#914=EDGE_LOOP('',(#3978,#3979,#3980,#3981));
#915=EDGE_LOOP('',(#3982,#3983,#3984,#3985));
#916=EDGE_LOOP('',(#3986,#3987,#3988,#3989));
#917=EDGE_LOOP('',(#3990,#3991,#3992,#3993));
#918=EDGE_LOOP('',(#3994,#3995,#3996,#3997));
#919=EDGE_LOOP('',(#3998,#3999,#4000,#4001));
#920=EDGE_LOOP('',(#4002,#4003,#4004,#4005));
#921=EDGE_LOOP('',(#4006,#4007,#4008,#4009));
#922=EDGE_LOOP('',(#4010,#4011,#4012,#4013));
#923=EDGE_LOOP('',(#4014,#4015,#4016,#4017));
#924=EDGE_LOOP('',(#4018,#4019,#4020,#4021));
#925=EDGE_LOOP('',(#4022,#4023,#4024,#4025));
#926=EDGE_LOOP('',(#4026,#4027,#4028,#4029));
#927=EDGE_LOOP('',(#4030,#4031,#4032,#4033));
#928=EDGE_LOOP('',(#4034,#4035,#4036,#4037));
#929=EDGE_LOOP('',(#4038,#4039,#4040,#4041,#4042,#4043,#4044,#4045,#4046,
#4047,#4048,#4049,#4050,#4051,#4052,#4053));
#930=EDGE_LOOP('',(#4054,#4055,#4056,#4057));
#931=EDGE_LOOP('',(#4058,#4059,#4060,#4061));
#932=EDGE_LOOP('',(#4062,#4063,#4064,#4065));
#933=EDGE_LOOP('',(#4066,#4067,#4068,#4069));
#934=EDGE_LOOP('',(#4070,#4071,#4072,#4073));
#935=EDGE_LOOP('',(#4074,#4075,#4076,#4077));
#936=EDGE_LOOP('',(#4078,#4079,#4080,#4081));
#937=EDGE_LOOP('',(#4082,#4083,#4084,#4085));
#938=EDGE_LOOP('',(#4086,#4087,#4088,#4089));
#939=EDGE_LOOP('',(#4090,#4091,#4092,#4093));
#940=EDGE_LOOP('',(#4094,#4095,#4096,#4097));
#941=EDGE_LOOP('',(#4098,#4099,#4100,#4101));
#942=EDGE_LOOP('',(#4102,#4103,#4104,#4105));
#943=EDGE_LOOP('',(#4106,#4107,#4108,#4109));
#944=EDGE_LOOP('',(#4110,#4111,#4112,#4113));
#945=EDGE_LOOP('',(#4114,#4115,#4116,#4117));
#946=EDGE_LOOP('',(#4118,#4119,#4120,#4121));
#947=EDGE_LOOP('',(#4122,#4123,#4124,#4125));
#948=EDGE_LOOP('',(#4126,#4127,#4128,#4129));
#949=EDGE_LOOP('',(#4130,#4131,#4132,#4133));
#950=EDGE_LOOP('',(#4134,#4135,#4136,#4137));
#951=EDGE_LOOP('',(#4138,#4139,#4140,#4141));
#952=EDGE_LOOP('',(#4142,#4143,#4144,#4145));
#953=EDGE_LOOP('',(#4146,#4147,#4148,#4149,#4150,#4151,#4152,#4153,#4154,
#4155,#4156,#4157,#4158,#4159,#4160,#4161));
#954=EDGE_LOOP('',(#4162,#4163,#4164,#4165,#4166,#4167,#4168,#4169,#4170,
#4171,#4172,#4173,#4174,#4175,#4176,#4177));
#955=EDGE_LOOP('',(#4178,#4179,#4180,#4181));
#956=EDGE_LOOP('',(#4182,#4183,#4184,#4185));
#957=EDGE_LOOP('',(#4186,#4187,#4188,#4189));
#958=EDGE_LOOP('',(#4190,#4191,#4192,#4193));
#959=EDGE_LOOP('',(#4194,#4195,#4196,#4197));
#960=EDGE_LOOP('',(#4198,#4199,#4200,#4201));
#961=EDGE_LOOP('',(#4202,#4203,#4204,#4205));
#962=EDGE_LOOP('',(#4206,#4207,#4208,#4209));
#963=EDGE_LOOP('',(#4210,#4211,#4212,#4213));
#964=EDGE_LOOP('',(#4214,#4215,#4216,#4217));
#965=EDGE_LOOP('',(#4218,#4219,#4220,#4221));
#966=EDGE_LOOP('',(#4222,#4223,#4224,#4225));
#967=EDGE_LOOP('',(#4226,#4227,#4228,#4229));
#968=EDGE_LOOP('',(#4230,#4231,#4232,#4233));
#969=EDGE_LOOP('',(#4234,#4235,#4236,#4237));
#970=EDGE_LOOP('',(#4238,#4239,#4240,#4241));
#971=EDGE_LOOP('',(#4242,#4243,#4244,#4245));
#972=EDGE_LOOP('',(#4246,#4247,#4248,#4249));
#973=EDGE_LOOP('',(#4250,#4251,#4252,#4253));
#974=EDGE_LOOP('',(#4254,#4255,#4256,#4257));
#975=EDGE_LOOP('',(#4258,#4259,#4260,#4261,#4262,#4263,#4264,#4265,#4266,
#4267,#4268,#4269,#4270,#4271,#4272,#4273,#4274,#4275,#4276,#4277));
#976=EDGE_LOOP('',(#4278,#4279,#4280,#4281,#4282,#4283,#4284,#4285,#4286,
#4287,#4288,#4289,#4290,#4291,#4292,#4293,#4294,#4295,#4296,#4297));
#977=EDGE_LOOP('',(#4298,#4299,#4300,#4301));
#978=EDGE_LOOP('',(#4302,#4303,#4304,#4305));
#979=EDGE_LOOP('',(#4306,#4307,#4308,#4309));
#980=EDGE_LOOP('',(#4310,#4311,#4312,#4313));
#981=EDGE_LOOP('',(#4314,#4315,#4316,#4317));
#982=EDGE_LOOP('',(#4318,#4319,#4320,#4321));
#983=EDGE_LOOP('',(#4322,#4323,#4324,#4325));
#984=EDGE_LOOP('',(#4326,#4327,#4328,#4329));
#985=EDGE_LOOP('',(#4330,#4331,#4332,#4333));
#986=EDGE_LOOP('',(#4334,#4335,#4336,#4337));
#987=EDGE_LOOP('',(#4338,#4339,#4340,#4341));
#988=EDGE_LOOP('',(#4342,#4343,#4344,#4345));
#989=EDGE_LOOP('',(#4346,#4347,#4348,#4349));
#990=EDGE_LOOP('',(#4350,#4351,#4352,#4353,#4354,#4355,#4356,#4357,#4358,
#4359,#4360,#4361,#4362));
#991=EDGE_LOOP('',(#4363,#4364,#4365,#4366,#4367,#4368,#4369,#4370,#4371,
#4372,#4373,#4374,#4375));
#992=EDGE_LOOP('',(#4376,#4377,#4378,#4379));
#993=EDGE_LOOP('',(#4380,#4381,#4382,#4383));
#994=EDGE_LOOP('',(#4384,#4385,#4386,#4387));
#995=EDGE_LOOP('',(#4388,#4389,#4390,#4391));
#996=EDGE_LOOP('',(#4392,#4393,#4394,#4395));
#997=EDGE_LOOP('',(#4396,#4397,#4398,#4399));
#998=EDGE_LOOP('',(#4400,#4401,#4402,#4403));
#999=EDGE_LOOP('',(#4404,#4405,#4406,#4407));
#1000=EDGE_LOOP('',(#4408,#4409,#4410,#4411));
#1001=EDGE_LOOP('',(#4412,#4413,#4414,#4415));
#1002=EDGE_LOOP('',(#4416,#4417,#4418,#4419));
#1003=EDGE_LOOP('',(#4420,#4421,#4422,#4423));
#1004=EDGE_LOOP('',(#4424,#4425,#4426,#4427));
#1005=EDGE_LOOP('',(#4428,#4429,#4430,#4431,#4432,#4433,#4434,#4435,#4436,
#4437,#4438,#4439,#4440));
#1006=EDGE_LOOP('',(#4441,#4442,#4443,#4444,#4445,#4446,#4447,#4448,#4449,
#4450,#4451,#4452,#4453));
#1007=EDGE_LOOP('',(#4454,#4455,#4456,#4457));
#1008=EDGE_LOOP('',(#4458,#4459,#4460,#4461));
#1009=EDGE_LOOP('',(#4462,#4463,#4464,#4465));
#1010=EDGE_LOOP('',(#4466,#4467,#4468,#4469));
#1011=EDGE_LOOP('',(#4470,#4471,#4472,#4473));
#1012=EDGE_LOOP('',(#4474,#4475,#4476,#4477));
#1013=EDGE_LOOP('',(#4478,#4479,#4480,#4481));
#1014=EDGE_LOOP('',(#4482,#4483,#4484,#4485));
#1015=EDGE_LOOP('',(#4486,#4487,#4488,#4489));
#1016=EDGE_LOOP('',(#4490,#4491,#4492,#4493));
#1017=EDGE_LOOP('',(#4494,#4495,#4496,#4497));
#1018=EDGE_LOOP('',(#4498,#4499,#4500,#4501));
#1019=EDGE_LOOP('',(#4502,#4503,#4504,#4505));
#1020=EDGE_LOOP('',(#4506,#4507,#4508,#4509));
#1021=EDGE_LOOP('',(#4510,#4511,#4512,#4513));
#1022=EDGE_LOOP('',(#4514,#4515,#4516,#4517));
#1023=EDGE_LOOP('',(#4518,#4519,#4520,#4521));
#1024=EDGE_LOOP('',(#4522,#4523,#4524,#4525));
#1025=EDGE_LOOP('',(#4526,#4527,#4528,#4529));
#1026=EDGE_LOOP('',(#4530,#4531,#4532,#4533,#4534,#4535,#4536,#4537,#4538,
#4539,#4540,#4541,#4542,#4543,#4544,#4545,#4546,#4547,#4548));
#1027=EDGE_LOOP('',(#4549,#4550,#4551,#4552,#4553,#4554,#4555,#4556,#4557,
#4558,#4559,#4560,#4561,#4562,#4563,#4564,#4565,#4566,#4567));
#1028=EDGE_LOOP('',(#4568));
#1029=EDGE_LOOP('',(#4569));
#1030=EDGE_LOOP('',(#4570));
#1031=EDGE_LOOP('',(#4571));
#1032=EDGE_LOOP('',(#4572));
#1033=EDGE_LOOP('',(#4573));
#1034=EDGE_LOOP('',(#4574));
#1035=EDGE_LOOP('',(#4575));
#1036=EDGE_LOOP('',(#4576,#4577,#4578,#4579));
#1037=EDGE_LOOP('',(#4580,#4581,#4582,#4583));
#1038=EDGE_LOOP('',(#4584,#4585,#4586,#4587));
#1039=EDGE_LOOP('',(#4588,#4589,#4590,#4591));
#1040=EDGE_LOOP('',(#4592,#4593,#4594,#4595));
#1041=EDGE_LOOP('',(#4596,#4597,#4598,#4599));
#1042=EDGE_LOOP('',(#4600,#4601,#4602,#4603));
#1043=EDGE_LOOP('',(#4604,#4605,#4606,#4607));
#1044=EDGE_LOOP('',(#4608,#4609,#4610,#4611));
#1045=EDGE_LOOP('',(#4612,#4613,#4614,#4615));
#1046=EDGE_LOOP('',(#4616,#4617,#4618,#4619));
#1047=EDGE_LOOP('',(#4620,#4621,#4622,#4623));
#1048=EDGE_LOOP('',(#4624,#4625,#4626,#4627));
#1049=EDGE_LOOP('',(#4628,#4629,#4630,#4631));
#1050=EDGE_LOOP('',(#4632,#4633,#4634,#4635));
#1051=EDGE_LOOP('',(#4636,#4637,#4638,#4639));
#1052=EDGE_LOOP('',(#4640,#4641,#4642,#4643));
#1053=EDGE_LOOP('',(#4644,#4645,#4646,#4647));
#1054=EDGE_LOOP('',(#4648,#4649,#4650,#4651));
#1055=EDGE_LOOP('',(#4652,#4653,#4654,#4655));
#1056=EDGE_LOOP('',(#4656,#4657,#4658,#4659));
#1057=EDGE_LOOP('',(#4660,#4661,#4662,#4663));
#1058=EDGE_LOOP('',(#4664,#4665,#4666,#4667));
#1059=EDGE_LOOP('',(#4668,#4669,#4670,#4671));
#1060=EDGE_LOOP('',(#4672,#4673,#4674,#4675));
#1061=EDGE_LOOP('',(#4676,#4677,#4678,#4679));
#1062=EDGE_LOOP('',(#4680,#4681,#4682,#4683));
#1063=EDGE_LOOP('',(#4684,#4685,#4686,#4687));
#1064=EDGE_LOOP('',(#4688,#4689,#4690,#4691));
#1065=EDGE_LOOP('',(#4692,#4693,#4694,#4695));
#1066=EDGE_LOOP('',(#4696,#4697,#4698,#4699));
#1067=EDGE_LOOP('',(#4700,#4701,#4702,#4703,#4704,#4705,#4706,#4707,#4708,
#4709,#4710,#4711,#4712));
#1068=EDGE_LOOP('',(#4713,#4714,#4715,#4716,#4717,#4718,#4719,#4720,#4721,
#4722,#4723,#4724,#4725));
#1069=EDGE_LOOP('',(#4726,#4727,#4728,#4729));
#1070=EDGE_LOOP('',(#4730,#4731,#4732,#4733));
#1071=EDGE_LOOP('',(#4734,#4735,#4736,#4737));
#1072=EDGE_LOOP('',(#4738,#4739,#4740,#4741));
#1073=EDGE_LOOP('',(#4742,#4743,#4744,#4745));
#1074=EDGE_LOOP('',(#4746,#4747,#4748,#4749));
#1075=EDGE_LOOP('',(#4750,#4751,#4752,#4753));
#1076=EDGE_LOOP('',(#4754,#4755,#4756,#4757));
#1077=EDGE_LOOP('',(#4758,#4759,#4760,#4761));
#1078=EDGE_LOOP('',(#4762,#4763,#4764,#4765));
#1079=EDGE_LOOP('',(#4766,#4767,#4768,#4769));
#1080=EDGE_LOOP('',(#4770,#4771,#4772,#4773));
#1081=EDGE_LOOP('',(#4774,#4775,#4776,#4777));
#1082=EDGE_LOOP('',(#4778,#4779,#4780,#4781));
#1083=EDGE_LOOP('',(#4782,#4783,#4784,#4785));
#1084=EDGE_LOOP('',(#4786,#4787,#4788,#4789));
#1085=EDGE_LOOP('',(#4790,#4791,#4792,#4793));
#1086=EDGE_LOOP('',(#4794,#4795,#4796,#4797));
#1087=EDGE_LOOP('',(#4798,#4799,#4800,#4801));
#1088=EDGE_LOOP('',(#4802,#4803,#4804,#4805));
#1089=EDGE_LOOP('',(#4806,#4807,#4808,#4809));
#1090=EDGE_LOOP('',(#4810,#4811,#4812,#4813));
#1091=EDGE_LOOP('',(#4814,#4815,#4816,#4817));
#1092=EDGE_LOOP('',(#4818,#4819,#4820,#4821));
#1093=EDGE_LOOP('',(#4822,#4823,#4824,#4825));
#1094=EDGE_LOOP('',(#4826,#4827,#4828,#4829));
#1095=EDGE_LOOP('',(#4830,#4831,#4832,#4833));
#1096=EDGE_LOOP('',(#4834,#4835,#4836,#4837));
#1097=EDGE_LOOP('',(#4838,#4839,#4840,#4841));
#1098=EDGE_LOOP('',(#4842,#4843,#4844,#4845));
#1099=EDGE_LOOP('',(#4846,#4847,#4848,#4849));
#1100=EDGE_LOOP('',(#4850,#4851,#4852,#4853));
#1101=EDGE_LOOP('',(#4854,#4855,#4856,#4857));
#1102=EDGE_LOOP('',(#4858,#4859,#4860,#4861));
#1103=EDGE_LOOP('',(#4862,#4863,#4864,#4865));
#1104=EDGE_LOOP('',(#4866,#4867,#4868,#4869));
#1105=EDGE_LOOP('',(#4870,#4871,#4872,#4873));
#1106=EDGE_LOOP('',(#4874,#4875,#4876,#4877));
#1107=EDGE_LOOP('',(#4878,#4879,#4880,#4881));
#1108=EDGE_LOOP('',(#4882,#4883,#4884,#4885));
#1109=EDGE_LOOP('',(#4886,#4887,#4888,#4889));
#1110=EDGE_LOOP('',(#4890,#4891,#4892,#4893));
#1111=EDGE_LOOP('',(#4894,#4895,#4896,#4897));
#1112=EDGE_LOOP('',(#4898,#4899,#4900,#4901));
#1113=EDGE_LOOP('',(#4902,#4903,#4904,#4905));
#1114=EDGE_LOOP('',(#4906,#4907,#4908,#4909,#4910,#4911,#4912,#4913,#4914,
#4915,#4916,#4917,#4918,#4919,#4920,#4921,#4922,#4923,#4924,#4925,#4926,
#4927,#4928,#4929,#4930,#4931,#4932,#4933,#4934,#4935,#4936,#4937,#4938,
#4939,#4940,#4941));
#1115=EDGE_LOOP('',(#4942,#4943,#4944,#4945,#4946,#4947,#4948,#4949,#4950));
#1116=EDGE_LOOP('',(#4951,#4952,#4953,#4954,#4955,#4956,#4957,#4958,#4959,
#4960,#4961,#4962,#4963,#4964,#4965,#4966,#4967,#4968,#4969,#4970,#4971,
#4972,#4973,#4974,#4975,#4976,#4977,#4978,#4979,#4980,#4981,#4982,#4983,
#4984,#4985,#4986));
#1117=EDGE_LOOP('',(#4987,#4988,#4989,#4990,#4991,#4992,#4993,#4994,#4995));
#1118=EDGE_LOOP('',(#4996,#4997,#4998,#4999));
#1119=EDGE_LOOP('',(#5000,#5001,#5002,#5003));
#1120=EDGE_LOOP('',(#5004,#5005,#5006,#5007));
#1121=EDGE_LOOP('',(#5008,#5009,#5010,#5011));
#1122=EDGE_LOOP('',(#5012,#5013,#5014,#5015));
#1123=EDGE_LOOP('',(#5016,#5017,#5018,#5019));
#1124=EDGE_LOOP('',(#5020,#5021,#5022,#5023));
#1125=EDGE_LOOP('',(#5024,#5025,#5026,#5027));
#1126=EDGE_LOOP('',(#5028,#5029,#5030,#5031));
#1127=EDGE_LOOP('',(#5032,#5033,#5034,#5035));
#1128=EDGE_LOOP('',(#5036,#5037,#5038,#5039));
#1129=EDGE_LOOP('',(#5040,#5041,#5042,#5043));
#1130=EDGE_LOOP('',(#5044,#5045,#5046,#5047));
#1131=EDGE_LOOP('',(#5048,#5049,#5050,#5051));
#1132=EDGE_LOOP('',(#5052,#5053,#5054,#5055));
#1133=EDGE_LOOP('',(#5056,#5057,#5058,#5059));
#1134=EDGE_LOOP('',(#5060,#5061,#5062,#5063));
#1135=EDGE_LOOP('',(#5064,#5065,#5066,#5067));
#1136=EDGE_LOOP('',(#5068,#5069,#5070,#5071));
#1137=EDGE_LOOP('',(#5072,#5073,#5074,#5075));
#1138=EDGE_LOOP('',(#5076,#5077,#5078,#5079));
#1139=EDGE_LOOP('',(#5080,#5081,#5082,#5083));
#1140=EDGE_LOOP('',(#5084,#5085,#5086,#5087));
#1141=EDGE_LOOP('',(#5088,#5089,#5090,#5091));
#1142=EDGE_LOOP('',(#5092,#5093,#5094,#5095));
#1143=EDGE_LOOP('',(#5096,#5097,#5098,#5099));
#1144=EDGE_LOOP('',(#5100,#5101,#5102,#5103));
#1145=EDGE_LOOP('',(#5104,#5105,#5106,#5107));
#1146=EDGE_LOOP('',(#5108,#5109,#5110,#5111));
#1147=EDGE_LOOP('',(#5112,#5113,#5114,#5115));
#1148=EDGE_LOOP('',(#5116,#5117,#5118,#5119));
#1149=EDGE_LOOP('',(#5120,#5121,#5122,#5123));
#1150=EDGE_LOOP('',(#5124,#5125,#5126,#5127));
#1151=EDGE_LOOP('',(#5128,#5129,#5130,#5131));
#1152=EDGE_LOOP('',(#5132,#5133,#5134,#5135));
#1153=EDGE_LOOP('',(#5136,#5137,#5138,#5139));
#1154=EDGE_LOOP('',(#5140,#5141,#5142,#5143));
#1155=EDGE_LOOP('',(#5144,#5145,#5146,#5147));
#1156=EDGE_LOOP('',(#5148,#5149,#5150,#5151));
#1157=EDGE_LOOP('',(#5152,#5153,#5154,#5155));
#1158=EDGE_LOOP('',(#5156,#5157,#5158,#5159));
#1159=EDGE_LOOP('',(#5160,#5161,#5162,#5163));
#1160=EDGE_LOOP('',(#5164,#5165,#5166,#5167));
#1161=EDGE_LOOP('',(#5168,#5169,#5170,#5171));
#1162=EDGE_LOOP('',(#5172,#5173,#5174,#5175));
#1163=EDGE_LOOP('',(#5176,#5177,#5178,#5179));
#1164=EDGE_LOOP('',(#5180,#5181,#5182,#5183));
#1165=EDGE_LOOP('',(#5184,#5185,#5186,#5187));
#1166=EDGE_LOOP('',(#5188,#5189,#5190,#5191));
#1167=EDGE_LOOP('',(#5192,#5193,#5194,#5195));
#1168=EDGE_LOOP('',(#5196,#5197,#5198,#5199));
#1169=EDGE_LOOP('',(#5200,#5201,#5202,#5203));
#1170=EDGE_LOOP('',(#5204,#5205,#5206,#5207));
#1171=EDGE_LOOP('',(#5208,#5209,#5210,#5211));
#1172=EDGE_LOOP('',(#5212,#5213,#5214,#5215));
#1173=EDGE_LOOP('',(#5216,#5217,#5218,#5219));
#1174=EDGE_LOOP('',(#5220,#5221,#5222,#5223,#5224,#5225,#5226,#5227,#5228,
#5229,#5230,#5231,#5232,#5233,#5234,#5235,#5236,#5237,#5238,#5239));
#1175=EDGE_LOOP('',(#5240,#5241,#5242,#5243,#5244,#5245,#5246,#5247,#5248,
#5249,#5250,#5251,#5252,#5253,#5254,#5255,#5256,#5257,#5258,#5259,#5260,
#5261,#5262,#5263,#5264,#5265,#5266,#5267,#5268,#5269,#5270,#5271,#5272,
#5273,#5274,#5275));
#1176=EDGE_LOOP('',(#5276,#5277,#5278,#5279,#5280,#5281,#5282,#5283,#5284,
#5285,#5286,#5287,#5288,#5289,#5290,#5291,#5292,#5293,#5294,#5295));
#1177=EDGE_LOOP('',(#5296,#5297,#5298,#5299,#5300,#5301,#5302,#5303,#5304,
#5305,#5306,#5307,#5308,#5309,#5310,#5311,#5312,#5313,#5314,#5315,#5316,
#5317,#5318,#5319,#5320,#5321,#5322,#5323,#5324,#5325,#5326,#5327,#5328,
#5329,#5330,#5331));
#1178=EDGE_LOOP('',(#5332,#5333,#5334,#5335));
#1179=EDGE_LOOP('',(#5336,#5337,#5338,#5339));
#1180=EDGE_LOOP('',(#5340,#5341,#5342,#5343));
#1181=EDGE_LOOP('',(#5344,#5345,#5346,#5347));
#1182=EDGE_LOOP('',(#5348,#5349,#5350,#5351));
#1183=EDGE_LOOP('',(#5352,#5353,#5354,#5355));
#1184=EDGE_LOOP('',(#5356,#5357,#5358,#5359));
#1185=EDGE_LOOP('',(#5360,#5361,#5362,#5363));
#1186=EDGE_LOOP('',(#5364,#5365,#5366,#5367));
#1187=EDGE_LOOP('',(#5368,#5369,#5370,#5371));
#1188=EDGE_LOOP('',(#5372,#5373,#5374,#5375));
#1189=EDGE_LOOP('',(#5376,#5377,#5378,#5379));
#1190=EDGE_LOOP('',(#5380,#5381,#5382,#5383));
#1191=EDGE_LOOP('',(#5384,#5385,#5386,#5387));
#1192=EDGE_LOOP('',(#5388,#5389,#5390,#5391));
#1193=EDGE_LOOP('',(#5392,#5393,#5394,#5395));
#1194=EDGE_LOOP('',(#5396,#5397,#5398,#5399));
#1195=EDGE_LOOP('',(#5400,#5401,#5402,#5403));
#1196=EDGE_LOOP('',(#5404,#5405,#5406,#5407));
#1197=EDGE_LOOP('',(#5408,#5409,#5410,#5411));
#1198=EDGE_LOOP('',(#5412,#5413,#5414,#5415));
#1199=EDGE_LOOP('',(#5416,#5417,#5418,#5419));
#1200=EDGE_LOOP('',(#5420,#5421,#5422,#5423));
#1201=EDGE_LOOP('',(#5424,#5425,#5426,#5427));
#1202=EDGE_LOOP('',(#5428,#5429,#5430,#5431,#5432,#5433,#5434,#5435,#5436,
#5437,#5438,#5439));
#1203=EDGE_LOOP('',(#5440,#5441,#5442,#5443,#5444,#5445,#5446,#5447,#5448,
#5449,#5450,#5451));
#1204=EDGE_LOOP('',(#5452,#5453,#5454,#5455));
#1205=EDGE_LOOP('',(#5456,#5457,#5458,#5459));
#1206=EDGE_LOOP('',(#5460,#5461,#5462,#5463));
#1207=EDGE_LOOP('',(#5464,#5465,#5466,#5467));
#1208=EDGE_LOOP('',(#5468,#5469,#5470,#5471));
#1209=EDGE_LOOP('',(#5472,#5473,#5474,#5475));
#1210=LINE('',#8477,#1773);
#1211=LINE('',#8479,#1774);
#1212=LINE('',#8481,#1775);
#1213=LINE('',#8482,#1776);
#1214=LINE('',#8485,#1777);
#1215=LINE('',#8487,#1778);
#1216=LINE('',#8489,#1779);
#1217=LINE('',#8491,#1780);
#1218=LINE('',#8493,#1781);
#1219=LINE('',#8495,#1782);
#1220=LINE('',#8497,#1783);
#1221=LINE('',#8501,#1784);
#1222=LINE('',#8505,#1785);
#1223=LINE('',#8507,#1786);
#1224=LINE('',#8509,#1787);
#1225=LINE('',#8511,#1788);
#1226=LINE('',#8513,#1789);
#1227=LINE('',#8517,#1790);
#1228=LINE('',#8520,#1791);
#1229=LINE('',#8526,#1792);
#1230=LINE('',#8529,#1793);
#1231=LINE('',#8535,#1794);
#1232=LINE('',#8537,#1795);
#1233=LINE('',#8545,#1796);
#1234=LINE('',#8547,#1797);
#1235=LINE('',#8554,#1798);
#1236=LINE('',#8556,#1799);
#1237=LINE('',#8562,#1800);
#1238=LINE('',#8563,#1801);
#1239=LINE('',#8565,#1802);
#1240=LINE('',#8568,#1803);
#1241=LINE('',#8570,#1804);
#1242=LINE('',#8572,#1805);
#1243=LINE('',#8573,#1806);
#1244=LINE('',#8575,#1807);
#1245=LINE('',#8577,#1808);
#1246=LINE('',#8579,#1809);
#1247=LINE('',#8581,#1810);
#1248=LINE('',#8583,#1811);
#1249=LINE('',#8585,#1812);
#1250=LINE('',#8587,#1813);
#1251=LINE('',#8589,#1814);
#1252=LINE('',#8591,#1815);
#1253=LINE('',#8593,#1816);
#1254=LINE('',#8595,#1817);
#1255=LINE('',#8597,#1818);
#1256=LINE('',#8599,#1819);
#1257=LINE('',#8601,#1820);
#1258=LINE('',#8603,#1821);
#1259=LINE('',#8605,#1822);
#1260=LINE('',#8606,#1823);
#1261=LINE('',#8613,#1824);
#1262=LINE('',#8616,#1825);
#1263=LINE('',#8618,#1826);
#1264=LINE('',#8620,#1827);
#1265=LINE('',#8622,#1828);
#1266=LINE('',#8624,#1829);
#1267=LINE('',#8626,#1830);
#1268=LINE('',#8628,#1831);
#1269=LINE('',#8630,#1832);
#1270=LINE('',#8632,#1833);
#1271=LINE('',#8634,#1834);
#1272=LINE('',#8635,#1835);
#1273=LINE('',#8637,#1836);
#1274=LINE('',#8639,#1837);
#1275=LINE('',#8640,#1838);
#1276=LINE('',#8641,#1839);
#1277=LINE('',#8643,#1840);
#1278=LINE('',#8679,#1841);
#1279=LINE('',#8681,#1842);
#1280=LINE('',#8682,#1843);
#1281=LINE('',#8685,#1844);
#1282=LINE('',#8686,#1845);
#1283=LINE('',#8689,#1846);
#1284=LINE('',#8690,#1847);
#1285=LINE('',#8692,#1848);
#1286=LINE('',#8697,#1849);
#1287=LINE('',#8699,#1850);
#1288=LINE('',#8701,#1851);
#1289=LINE('',#8702,#1852);
#1290=LINE('',#8705,#1853);
#1291=LINE('',#8707,#1854);
#1292=LINE('',#8708,#1855);
#1293=LINE('',#8711,#1856);
#1294=LINE('',#8713,#1857);
#1295=LINE('',#8714,#1858);
#1296=LINE('',#8716,#1859);
#1297=LINE('',#8717,#1860);
#1298=LINE('',#8721,#1861);
#1299=LINE('',#8722,#1862);
#1300=LINE('',#8725,#1863);
#1301=LINE('',#8727,#1864);
#1302=LINE('',#8728,#1865);
#1303=LINE('',#8731,#1866);
#1304=LINE('',#8733,#1867);
#1305=LINE('',#8734,#1868);
#1306=LINE('',#8736,#1869);
#1307=LINE('',#8737,#1870);
#1308=LINE('',#8740,#1871);
#1309=LINE('',#8742,#1872);
#1310=LINE('',#8743,#1873);
#1311=LINE('',#8746,#1874);
#1312=LINE('',#8748,#1875);
#1313=LINE('',#8749,#1876);
#1314=LINE('',#8751,#1877);
#1315=LINE('',#8752,#1878);
#1316=LINE('',#8755,#1879);
#1317=LINE('',#8756,#1880);
#1318=LINE('',#8758,#1881);
#1319=LINE('',#8761,#1882);
#1320=LINE('',#8763,#1883);
#1321=LINE('',#8767,#1884);
#1322=LINE('',#8768,#1885);
#1323=LINE('',#8771,#1886);
#1324=LINE('',#8773,#1887);
#1325=LINE('',#8774,#1888);
#1326=LINE('',#8777,#1889);
#1327=LINE('',#8779,#1890);
#1328=LINE('',#8780,#1891);
#1329=LINE('',#8782,#1892);
#1330=LINE('',#8783,#1893);
#1331=LINE('',#8786,#1894);
#1332=LINE('',#8788,#1895);
#1333=LINE('',#8789,#1896);
#1334=LINE('',#8792,#1897);
#1335=LINE('',#8794,#1898);
#1336=LINE('',#8795,#1899);
#1337=LINE('',#8797,#1900);
#1338=LINE('',#8798,#1901);
#1339=LINE('',#8801,#1902);
#1340=LINE('',#8803,#1903);
#1341=LINE('',#8804,#1904);
#1342=LINE('',#8807,#1905);
#1343=LINE('',#8809,#1906);
#1344=LINE('',#8810,#1907);
#1345=LINE('',#8812,#1908);
#1346=LINE('',#8813,#1909);
#1347=LINE('',#8816,#1910);
#1348=LINE('',#8817,#1911);
#1349=LINE('',#8819,#1912);
#1350=LINE('',#8831,#1913);
#1351=LINE('',#8833,#1914);
#1352=LINE('',#8835,#1915);
#1353=LINE('',#8836,#1916);
#1354=LINE('',#8839,#1917);
#1355=LINE('',#8841,#1918);
#1356=LINE('',#8842,#1919);
#1357=LINE('',#8845,#1920);
#1358=LINE('',#8847,#1921);
#1359=LINE('',#8848,#1922);
#1360=LINE('',#8851,#1923);
#1361=LINE('',#8853,#1924);
#1362=LINE('',#8854,#1925);
#1363=LINE('',#8857,#1926);
#1364=LINE('',#8859,#1927);
#1365=LINE('',#8860,#1928);
#1366=LINE('',#8863,#1929);
#1367=LINE('',#8865,#1930);
#1368=LINE('',#8866,#1931);
#1369=LINE('',#8869,#1932);
#1370=LINE('',#8871,#1933);
#1371=LINE('',#8872,#1934);
#1372=LINE('',#8875,#1935);
#1373=LINE('',#8877,#1936);
#1374=LINE('',#8878,#1937);
#1375=LINE('',#8881,#1938);
#1376=LINE('',#8883,#1939);
#1377=LINE('',#8884,#1940);
#1378=LINE('',#8887,#1941);
#1379=LINE('',#8889,#1942);
#1380=LINE('',#8890,#1943);
#1381=LINE('',#8893,#1944);
#1382=LINE('',#8895,#1945);
#1383=LINE('',#8896,#1946);
#1384=LINE('',#8899,#1947);
#1385=LINE('',#8901,#1948);
#1386=LINE('',#8902,#1949);
#1387=LINE('',#8905,#1950);
#1388=LINE('',#8907,#1951);
#1389=LINE('',#8908,#1952);
#1390=LINE('',#8911,#1953);
#1391=LINE('',#8913,#1954);
#1392=LINE('',#8914,#1955);
#1393=LINE('',#8917,#1956);
#1394=LINE('',#8919,#1957);
#1395=LINE('',#8920,#1958);
#1396=LINE('',#8922,#1959);
#1397=LINE('',#8923,#1960);
#1398=LINE('',#8932,#1961);
#1399=LINE('',#8935,#1962);
#1400=LINE('',#8938,#1963);
#1401=LINE('',#8940,#1964);
#1402=LINE('',#8941,#1965);
#1403=LINE('',#8947,#1966);
#1404=LINE('',#8953,#1967);
#1405=LINE('',#8959,#1968);
#1406=LINE('',#8965,#1969);
#1407=LINE('',#8971,#1970);
#1408=LINE('',#8977,#1971);
#1409=LINE('',#8983,#1972);
#1410=LINE('',#8989,#1973);
#1411=LINE('',#8995,#1974);
#1412=LINE('',#9001,#1975);
#1413=LINE('',#9007,#1976);
#1414=LINE('',#9013,#1977);
#1415=LINE('',#9019,#1978);
#1416=LINE('',#9025,#1979);
#1417=LINE('',#9031,#1980);
#1418=LINE('',#9034,#1981);
#1419=LINE('',#9036,#1982);
#1420=LINE('',#9037,#1983);
#1421=LINE('',#9043,#1984);
#1422=LINE('',#9052,#1985);
#1423=LINE('',#9054,#1986);
#1424=LINE('',#9056,#1987);
#1425=LINE('',#9057,#1988);
#1426=LINE('',#9060,#1989);
#1427=LINE('',#9062,#1990);
#1428=LINE('',#9063,#1991);
#1429=LINE('',#9066,#1992);
#1430=LINE('',#9068,#1993);
#1431=LINE('',#9069,#1994);
#1432=LINE('',#9072,#1995);
#1433=LINE('',#9074,#1996);
#1434=LINE('',#9075,#1997);
#1435=LINE('',#9078,#1998);
#1436=LINE('',#9080,#1999);
#1437=LINE('',#9081,#2000);
#1438=LINE('',#9087,#2001);
#1439=LINE('',#9093,#2002);
#1440=LINE('',#9099,#2003);
#1441=LINE('',#9105,#2004);
#1442=LINE('',#9108,#2005);
#1443=LINE('',#9110,#2006);
#1444=LINE('',#9111,#2007);
#1445=LINE('',#9114,#2008);
#1446=LINE('',#9116,#2009);
#1447=LINE('',#9117,#2010);
#1448=LINE('',#9120,#2011);
#1449=LINE('',#9122,#2012);
#1450=LINE('',#9123,#2013);
#1451=LINE('',#9132,#2014);
#1452=LINE('',#9134,#2015);
#1453=LINE('',#9136,#2016);
#1454=LINE('',#9137,#2017);
#1455=LINE('',#9140,#2018);
#1456=LINE('',#9142,#2019);
#1457=LINE('',#9143,#2020);
#1458=LINE('',#9146,#2021);
#1459=LINE('',#9148,#2022);
#1460=LINE('',#9149,#2023);
#1461=LINE('',#9152,#2024);
#1462=LINE('',#9154,#2025);
#1463=LINE('',#9155,#2026);
#1464=LINE('',#9158,#2027);
#1465=LINE('',#9160,#2028);
#1466=LINE('',#9161,#2029);
#1467=LINE('',#9167,#2030);
#1468=LINE('',#9173,#2031);
#1469=LINE('',#9179,#2032);
#1470=LINE('',#9185,#2033);
#1471=LINE('',#9188,#2034);
#1472=LINE('',#9190,#2035);
#1473=LINE('',#9191,#2036);
#1474=LINE('',#9194,#2037);
#1475=LINE('',#9196,#2038);
#1476=LINE('',#9197,#2039);
#1477=LINE('',#9200,#2040);
#1478=LINE('',#9202,#2041);
#1479=LINE('',#9203,#2042);
#1480=LINE('',#9214,#2043);
#1481=LINE('',#9217,#2044);
#1482=LINE('',#9223,#2045);
#1483=LINE('',#9229,#2046);
#1484=LINE('',#9232,#2047);
#1485=LINE('',#9234,#2048);
#1486=LINE('',#9235,#2049);
#1487=LINE('',#9241,#2050);
#1488=LINE('',#9247,#2051);
#1489=LINE('',#9253,#2052);
#1490=LINE('',#9259,#2053);
#1491=LINE('',#9262,#2054);
#1492=LINE('',#9264,#2055);
#1493=LINE('',#9265,#2056);
#1494=LINE('',#9268,#2057);
#1495=LINE('',#9270,#2058);
#1496=LINE('',#9271,#2059);
#1497=LINE('',#9274,#2060);
#1498=LINE('',#9276,#2061);
#1499=LINE('',#9277,#2062);
#1500=LINE('',#9280,#2063);
#1501=LINE('',#9282,#2064);
#1502=LINE('',#9283,#2065);
#1503=LINE('',#9286,#2066);
#1504=LINE('',#9288,#2067);
#1505=LINE('',#9289,#2068);
#1506=LINE('',#9292,#2069);
#1507=LINE('',#9294,#2070);
#1508=LINE('',#9295,#2071);
#1509=LINE('',#9298,#2072);
#1510=LINE('',#9300,#2073);
#1511=LINE('',#9301,#2074);
#1512=LINE('',#9304,#2075);
#1513=LINE('',#9306,#2076);
#1514=LINE('',#9307,#2077);
#1515=LINE('',#9310,#2078);
#1516=LINE('',#9312,#2079);
#1517=LINE('',#9313,#2080);
#1518=LINE('',#9316,#2081);
#1519=LINE('',#9318,#2082);
#1520=LINE('',#9319,#2083);
#1521=LINE('',#9321,#2084);
#1522=LINE('',#9322,#2085);
#1523=LINE('',#9342,#2086);
#1524=LINE('',#9344,#2087);
#1525=LINE('',#9346,#2088);
#1526=LINE('',#9347,#2089);
#1527=LINE('',#9350,#2090);
#1528=LINE('',#9352,#2091);
#1529=LINE('',#9353,#2092);
#1530=LINE('',#9356,#2093);
#1531=LINE('',#9358,#2094);
#1532=LINE('',#9359,#2095);
#1533=LINE('',#9361,#2096);
#1534=LINE('',#9362,#2097);
#1535=LINE('',#9368,#2098);
#1536=LINE('',#9370,#2099);
#1537=LINE('',#9372,#2100);
#1538=LINE('',#9373,#2101);
#1539=LINE('',#9376,#2102);
#1540=LINE('',#9378,#2103);
#1541=LINE('',#9379,#2104);
#1542=LINE('',#9382,#2105);
#1543=LINE('',#9384,#2106);
#1544=LINE('',#9385,#2107);
#1545=LINE('',#9387,#2108);
#1546=LINE('',#9388,#2109);
#1547=LINE('',#9394,#2110);
#1548=LINE('',#9396,#2111);
#1549=LINE('',#9398,#2112);
#1550=LINE('',#9399,#2113);
#1551=LINE('',#9402,#2114);
#1552=LINE('',#9404,#2115);
#1553=LINE('',#9405,#2116);
#1554=LINE('',#9408,#2117);
#1555=LINE('',#9410,#2118);
#1556=LINE('',#9411,#2119);
#1557=LINE('',#9413,#2120);
#1558=LINE('',#9414,#2121);
#1559=LINE('',#9420,#2122);
#1560=LINE('',#9422,#2123);
#1561=LINE('',#9424,#2124);
#1562=LINE('',#9425,#2125);
#1563=LINE('',#9428,#2126);
#1564=LINE('',#9430,#2127);
#1565=LINE('',#9431,#2128);
#1566=LINE('',#9434,#2129);
#1567=LINE('',#9436,#2130);
#1568=LINE('',#9437,#2131);
#1569=LINE('',#9440,#2132);
#1570=LINE('',#9442,#2133);
#1571=LINE('',#9443,#2134);
#1572=LINE('',#9446,#2135);
#1573=LINE('',#9448,#2136);
#1574=LINE('',#9449,#2137);
#1575=LINE('',#9455,#2138);
#1576=LINE('',#9461,#2139);
#1577=LINE('',#9467,#2140);
#1578=LINE('',#9473,#2141);
#1579=LINE('',#9476,#2142);
#1580=LINE('',#9478,#2143);
#1581=LINE('',#9479,#2144);
#1582=LINE('',#9482,#2145);
#1583=LINE('',#9484,#2146);
#1584=LINE('',#9485,#2147);
#1585=LINE('',#9488,#2148);
#1586=LINE('',#9490,#2149);
#1587=LINE('',#9491,#2150);
#1588=LINE('',#9502,#2151);
#1589=LINE('',#9505,#2152);
#1590=LINE('',#9508,#2153);
#1591=LINE('',#9510,#2154);
#1592=LINE('',#9511,#2155);
#1593=LINE('',#9514,#2156);
#1594=LINE('',#9516,#2157);
#1595=LINE('',#9517,#2158);
#1596=LINE('',#9522,#2159);
#1597=LINE('',#9528,#2160);
#1598=LINE('',#9534,#2161);
#1599=LINE('',#9540,#2162);
#1600=LINE('',#9546,#2163);
#1601=LINE('',#9556,#2164);
#1602=LINE('',#9559,#2165);
#1603=LINE('',#9565,#2166);
#1604=LINE('',#9571,#2167);
#1605=LINE('',#9577,#2168);
#1606=LINE('',#9583,#2169);
#1607=LINE('',#9589,#2170);
#1608=LINE('',#9595,#2171);
#1609=LINE('',#9598,#2172);
#1610=LINE('',#9600,#2173);
#1611=LINE('',#9601,#2174);
#1612=LINE('',#9604,#2175);
#1613=LINE('',#9606,#2176);
#1614=LINE('',#9607,#2177);
#1615=LINE('',#9613,#2178);
#1616=LINE('',#9619,#2179);
#1617=LINE('',#9625,#2180);
#1618=LINE('',#9631,#2181);
#1619=LINE('',#9637,#2182);
#1620=LINE('',#9643,#2183);
#1621=LINE('',#9649,#2184);
#1622=LINE('',#9655,#2185);
#1623=LINE('',#9661,#2186);
#1624=LINE('',#9664,#2187);
#1625=LINE('',#9666,#2188);
#1626=LINE('',#9667,#2189);
#1627=LINE('',#9670,#2190);
#1628=LINE('',#9672,#2191);
#1629=LINE('',#9673,#2192);
#1630=LINE('',#9679,#2193);
#1631=LINE('',#9685,#2194);
#1632=LINE('',#9691,#2195);
#1633=LINE('',#9697,#2196);
#1634=LINE('',#9703,#2197);
#1635=LINE('',#9709,#2198);
#1636=LINE('',#9715,#2199);
#1637=LINE('',#9721,#2200);
#1638=LINE('',#9727,#2201);
#1639=LINE('',#9733,#2202);
#1640=LINE('',#9739,#2203);
#1641=LINE('',#9745,#2204);
#1642=LINE('',#9751,#2205);
#1643=LINE('',#9757,#2206);
#1644=LINE('',#9763,#2207);
#1645=LINE('',#9774,#2208);
#1646=LINE('',#9777,#2209);
#1647=LINE('',#9782,#2210);
#1648=LINE('',#9788,#2211);
#1649=LINE('',#9794,#2212);
#1650=LINE('',#9800,#2213);
#1651=LINE('',#9806,#2214);
#1652=LINE('',#9812,#2215);
#1653=LINE('',#9818,#2216);
#1654=LINE('',#9824,#2217);
#1655=LINE('',#9830,#2218);
#1656=LINE('',#9836,#2219);
#1657=LINE('',#9842,#2220);
#1658=LINE('',#9848,#2221);
#1659=LINE('',#9854,#2222);
#1660=LINE('',#9860,#2223);
#1661=LINE('',#9866,#2224);
#1662=LINE('',#9872,#2225);
#1663=LINE('',#9878,#2226);
#1664=LINE('',#9884,#2227);
#1665=LINE('',#9890,#2228);
#1666=LINE('',#9896,#2229);
#1667=LINE('',#9902,#2230);
#1668=LINE('',#9908,#2231);
#1669=LINE('',#9914,#2232);
#1670=LINE('',#9920,#2233);
#1671=LINE('',#9926,#2234);
#1672=LINE('',#9932,#2235);
#1673=LINE('',#9938,#2236);
#1674=LINE('',#9944,#2237);
#1675=LINE('',#9950,#2238);
#1676=LINE('',#9956,#2239);
#1677=LINE('',#9962,#2240);
#1678=LINE('',#9968,#2241);
#1679=LINE('',#9974,#2242);
#1680=LINE('',#9980,#2243);
#1681=LINE('',#9990,#2244);
#1682=LINE('',#9993,#2245);
#1683=LINE('',#9999,#2246);
#1684=LINE('',#10005,#2247);
#1685=LINE('',#10011,#2248);
#1686=LINE('',#10017,#2249);
#1687=LINE('',#10023,#2250);
#1688=LINE('',#10029,#2251);
#1689=LINE('',#10035,#2252);
#1690=LINE('',#10041,#2253);
#1691=LINE('',#10047,#2254);
#1692=LINE('',#10053,#2255);
#1693=LINE('',#10059,#2256);
#1694=LINE('',#10065,#2257);
#1695=LINE('',#10071,#2258);
#1696=LINE('',#10077,#2259);
#1697=LINE('',#10083,#2260);
#1698=LINE('',#10089,#2261);
#1699=LINE('',#10095,#2262);
#1700=LINE('',#10101,#2263);
#1701=LINE('',#10111,#2264);
#1702=LINE('',#10113,#2265);
#1703=LINE('',#10115,#2266);
#1704=LINE('',#10116,#2267);
#1705=LINE('',#10119,#2268);
#1706=LINE('',#10121,#2269);
#1707=LINE('',#10122,#2270);
#1708=LINE('',#10125,#2271);
#1709=LINE('',#10127,#2272);
#1710=LINE('',#10128,#2273);
#1711=LINE('',#10130,#2274);
#1712=LINE('',#10131,#2275);
#1713=LINE('',#10138,#2276);
#1714=LINE('',#10140,#2277);
#1715=LINE('',#10142,#2278);
#1716=LINE('',#10143,#2279);
#1717=LINE('',#10146,#2280);
#1718=LINE('',#10148,#2281);
#1719=LINE('',#10149,#2282);
#1720=LINE('',#10152,#2283);
#1721=LINE('',#10154,#2284);
#1722=LINE('',#10155,#2285);
#1723=LINE('',#10157,#2286);
#1724=LINE('',#10158,#2287);
#1725=LINE('',#10165,#2288);
#1726=LINE('',#10167,#2289);
#1727=LINE('',#10169,#2290);
#1728=LINE('',#10170,#2291);
#1729=LINE('',#10173,#2292);
#1730=LINE('',#10175,#2293);
#1731=LINE('',#10176,#2294);
#1732=LINE('',#10179,#2295);
#1733=LINE('',#10181,#2296);
#1734=LINE('',#10182,#2297);
#1735=LINE('',#10185,#2298);
#1736=LINE('',#10187,#2299);
#1737=LINE('',#10188,#2300);
#1738=LINE('',#10191,#2301);
#1739=LINE('',#10193,#2302);
#1740=LINE('',#10194,#2303);
#1741=LINE('',#10197,#2304);
#1742=LINE('',#10199,#2305);
#1743=LINE('',#10200,#2306);
#1744=LINE('',#10203,#2307);
#1745=LINE('',#10205,#2308);
#1746=LINE('',#10206,#2309);
#1747=LINE('',#10209,#2310);
#1748=LINE('',#10211,#2311);
#1749=LINE('',#10212,#2312);
#1750=LINE('',#10215,#2313);
#1751=LINE('',#10217,#2314);
#1752=LINE('',#10218,#2315);
#1753=LINE('',#10221,#2316);
#1754=LINE('',#10223,#2317);
#1755=LINE('',#10224,#2318);
#1756=LINE('',#10227,#2319);
#1757=LINE('',#10229,#2320);
#1758=LINE('',#10230,#2321);
#1759=LINE('',#10232,#2322);
#1760=LINE('',#10233,#2323);
#1761=LINE('',#10240,#2324);
#1762=LINE('',#10242,#2325);
#1763=LINE('',#10244,#2326);
#1764=LINE('',#10245,#2327);
#1765=LINE('',#10249,#2328);
#1766=LINE('',#10251,#2329);
#1767=LINE('',#10253,#2330);
#1768=LINE('',#10254,#2331);
#1769=LINE('',#10256,#2332);
#1770=LINE('',#10257,#2333);
#1771=LINE('',#10259,#2334);
#1772=LINE('',#10260,#2335);
#1773=VECTOR('',#6642,0.340000000000018);
#1774=VECTOR('',#6643,0.2);
#1775=VECTOR('',#6644,0.340000000000018);
#1776=VECTOR('',#6645,0.2);
#1777=VECTOR('',#6648,0.550000054109504);
#1778=VECTOR('',#6649,0.550000054109505);
#1779=VECTOR('',#6650,0.31000000000045);
#1780=VECTOR('',#6651,0.600000054109526);
#1781=VECTOR('',#6652,1.64000000000088);
#1782=VECTOR('',#6653,0.600000054109505);
#1783=VECTOR('',#6654,0.405000702395772);
#1784=VECTOR('',#6657,3.1);
#1785=VECTOR('',#6660,0.40500070239564);
#1786=VECTOR('',#6661,2.11000016327694);
#1787=VECTOR('',#6662,2.29000000000043);
#1788=VECTOR('',#6663,2.11000016327694);
#1789=VECTOR('',#6664,0.40499929760339);
#1790=VECTOR('',#6667,3.1);
#1791=VECTOR('',#6670,0.404999297603389);
#1792=VECTOR('',#6675,3.1);
#1793=VECTOR('',#6678,3.1);
#1794=VECTOR('',#6683,3.1);
#1795=VECTOR('',#6686,3.1);
#1796=VECTOR('',#6695,3.1);
#1797=VECTOR('',#6698,3.1);
#1798=VECTOR('',#6707,3.1);
#1799=VECTOR('',#6710,3.1);
#1800=VECTOR('',#6721,1.);
#1801=VECTOR('',#6722,1.);
#1802=VECTOR('',#6725,1.);
#1803=VECTOR('',#6726,0.0999999999999099);
#1804=VECTOR('',#6727,0.25);
#1805=VECTOR('',#6728,0.0999999999999098);
#1806=VECTOR('',#6729,0.25);
#1807=VECTOR('',#6732,1.);
#1808=VECTOR('',#6735,1.);
#1809=VECTOR('',#6736,0.2);
#1810=VECTOR('',#6737,0.340000000000151);
#1811=VECTOR('',#6738,0.2);
#1812=VECTOR('',#6739,0.309999999998123);
#1813=VECTOR('',#6740,0.2);
#1814=VECTOR('',#6741,0.34000000000197);
#1815=VECTOR('',#6742,0.2);
#1816=VECTOR('',#6743,0.309999999999944);
#1817=VECTOR('',#6744,0.2);
#1818=VECTOR('',#6745,0.34000000000014);
#1819=VECTOR('',#6746,0.2);
#1820=VECTOR('',#6747,0.309999999999953);
#1821=VECTOR('',#6748,0.2);
#1822=VECTOR('',#6749,0.340000000000689);
#1823=VECTOR('',#6750,0.2);
#1824=VECTOR('',#6759,1.);
#1825=VECTOR('',#6762,0.2);
#1826=VECTOR('',#6763,0.340001250963653);
#1827=VECTOR('',#6764,0.2);
#1828=VECTOR('',#6765,0.309998749036629);
#1829=VECTOR('',#6766,0.2);
#1830=VECTOR('',#6767,0.340000000001055);
#1831=VECTOR('',#6768,0.2);
#1832=VECTOR('',#6769,0.309999999999082);
#1833=VECTOR('',#6770,0.2);
#1834=VECTOR('',#6771,0.33999999999982);
#1835=VECTOR('',#6772,0.2);
#1836=VECTOR('',#6773,0.2);
#1837=VECTOR('',#6774,0.340000000000151);
#1838=VECTOR('',#6775,0.2);
#1839=VECTOR('',#6776,1.);
#1840=VECTOR('',#6779,1.);
#1841=VECTOR('',#6786,0.2);
#1842=VECTOR('',#6787,0.0999999999999099);
#1843=VECTOR('',#6788,0.2);
#1844=VECTOR('',#6791,0.2);
#1845=VECTOR('',#6792,0.25);
#1846=VECTOR('',#6795,0.2);
#1847=VECTOR('',#6796,0.0999999999999099);
#1848=VECTOR('',#6799,0.25);
#1849=VECTOR('',#6804,0.25000000000011);
#1850=VECTOR('',#6805,0.2);
#1851=VECTOR('',#6806,0.25000000000011);
#1852=VECTOR('',#6807,0.2);
#1853=VECTOR('',#6810,0.0999999999996469);
#1854=VECTOR('',#6811,0.2);
#1855=VECTOR('',#6812,0.0999999999996469);
#1856=VECTOR('',#6815,0.25000000000011);
#1857=VECTOR('',#6816,0.2);
#1858=VECTOR('',#6817,0.25000000000011);
#1859=VECTOR('',#6820,0.0999999999996469);
#1860=VECTOR('',#6821,0.0999999999996469);
#1861=VECTOR('',#6826,0.600000054109526);
#1862=VECTOR('',#6827,0.2);
#1863=VECTOR('',#6830,0.200000054109495);
#1864=VECTOR('',#6831,0.2);
#1865=VECTOR('',#6832,0.200000054109495);
#1866=VECTOR('',#6835,0.309999999999322);
#1867=VECTOR('',#6836,0.2);
#1868=VECTOR('',#6837,0.309999999999322);
#1869=VECTOR('',#6840,0.200000054109495);
#1870=VECTOR('',#6841,0.200000054109495);
#1871=VECTOR('',#6844,0.200000054109495);
#1872=VECTOR('',#6845,0.2);
#1873=VECTOR('',#6846,0.200000054109495);
#1874=VECTOR('',#6849,0.309999159246441);
#1875=VECTOR('',#6850,0.2);
#1876=VECTOR('',#6851,0.309999159246441);
#1877=VECTOR('',#6854,0.200000054109916);
#1878=VECTOR('',#6855,0.200000054109916);
#1879=VECTOR('',#6858,0.2);
#1880=VECTOR('',#6859,0.600000054109505);
#1881=VECTOR('',#6862,1.64000000000088);
#1882=VECTOR('',#6867,0.550000054109505);
#1883=VECTOR('',#6870,0.550000054109505);
#1884=VECTOR('',#6875,2.11000016327694);
#1885=VECTOR('',#6876,0.2);
#1886=VECTOR('',#6879,0.400000163276906);
#1887=VECTOR('',#6880,0.2);
#1888=VECTOR('',#6881,0.400000163276906);
#1889=VECTOR('',#6884,0.309999999999953);
#1890=VECTOR('',#6885,0.2);
#1891=VECTOR('',#6886,0.309999999999952);
#1892=VECTOR('',#6889,0.400000163276906);
#1893=VECTOR('',#6890,0.400000163276906);
#1894=VECTOR('',#6893,0.400000163276906);
#1895=VECTOR('',#6894,0.2);
#1896=VECTOR('',#6895,0.400000163276906);
#1897=VECTOR('',#6898,0.309999999999944);
#1898=VECTOR('',#6899,0.2);
#1899=VECTOR('',#6900,0.309999999999944);
#1900=VECTOR('',#6903,0.400000163276906);
#1901=VECTOR('',#6904,0.400000163276905);
#1902=VECTOR('',#6907,0.400000163276906);
#1903=VECTOR('',#6908,0.2);
#1904=VECTOR('',#6909,0.400000163276905);
#1905=VECTOR('',#6912,0.309999999999953);
#1906=VECTOR('',#6913,0.2);
#1907=VECTOR('',#6914,0.309999999999953);
#1908=VECTOR('',#6917,0.400000163276906);
#1909=VECTOR('',#6918,0.400000163276905);
#1910=VECTOR('',#6921,0.2);
#1911=VECTOR('',#6922,2.11000016327694);
#1912=VECTOR('',#6925,2.29000000000043);
#1913=VECTOR('',#6944,2.11000010916744);
#1914=VECTOR('',#6945,0.2);
#1915=VECTOR('',#6946,2.11000010916744);
#1916=VECTOR('',#6947,0.2);
#1917=VECTOR('',#6950,0.340000000000152);
#1918=VECTOR('',#6951,0.340000000000152);
#1919=VECTOR('',#6952,0.2);
#1920=VECTOR('',#6955,0.4000001091674);
#1921=VECTOR('',#6956,0.4000001091674);
#1922=VECTOR('',#6957,0.2);
#1923=VECTOR('',#6960,0.309999999999952);
#1924=VECTOR('',#6961,0.309999999999952);
#1925=VECTOR('',#6962,0.2);
#1926=VECTOR('',#6965,0.4000001091674);
#1927=VECTOR('',#6966,0.4000001091674);
#1928=VECTOR('',#6967,0.2);
#1929=VECTOR('',#6970,0.340000000001969);
#1930=VECTOR('',#6971,0.340000000001969);
#1931=VECTOR('',#6972,0.2);
#1932=VECTOR('',#6975,0.4000001091674);
#1933=VECTOR('',#6976,0.4000001091674);
#1934=VECTOR('',#6977,0.2);
#1935=VECTOR('',#6980,0.309999999999944);
#1936=VECTOR('',#6981,0.309999999999944);
#1937=VECTOR('',#6982,0.2);
#1938=VECTOR('',#6985,0.4000001091674);
#1939=VECTOR('',#6986,0.4000001091674);
#1940=VECTOR('',#6987,0.2);
#1941=VECTOR('',#6990,0.34000000000014);
#1942=VECTOR('',#6991,0.34000000000014);
#1943=VECTOR('',#6992,0.2);
#1944=VECTOR('',#6995,0.4000001091674);
#1945=VECTOR('',#6996,0.4000001091674);
#1946=VECTOR('',#6997,0.2);
#1947=VECTOR('',#7000,0.309999999999953);
#1948=VECTOR('',#7001,0.309999999999953);
#1949=VECTOR('',#7002,0.2);
#1950=VECTOR('',#7005,0.4000001091674);
#1951=VECTOR('',#7006,0.4000001091674);
#1952=VECTOR('',#7007,0.2);
#1953=VECTOR('',#7010,0.340000000000689);
#1954=VECTOR('',#7011,0.340000000000689);
#1955=VECTOR('',#7012,0.2);
#1956=VECTOR('',#7015,2.11000010916743);
#1957=VECTOR('',#7016,2.11000010916743);
#1958=VECTOR('',#7017,0.2);
#1959=VECTOR('',#7020,2.29000000000043);
#1960=VECTOR('',#7021,2.29000000000043);
#1961=VECTOR('',#7032,0.01);
#1962=VECTOR('',#7035,0.01);
#1963=VECTOR('',#7038,0.389840865300326);
#1964=VECTOR('',#7039,0.389840865300326);
#1965=VECTOR('',#7040,0.01);
#1966=VECTOR('',#7047,0.01);
#1967=VECTOR('',#7054,0.01);
#1968=VECTOR('',#7061,0.01);
#1969=VECTOR('',#7068,0.01);
#1970=VECTOR('',#7075,0.01);
#1971=VECTOR('',#7082,0.01);
#1972=VECTOR('',#7089,0.01);
#1973=VECTOR('',#7096,0.01);
#1974=VECTOR('',#7103,0.01);
#1975=VECTOR('',#7110,0.01);
#1976=VECTOR('',#7117,0.01);
#1977=VECTOR('',#7124,0.01);
#1978=VECTOR('',#7131,0.01);
#1979=VECTOR('',#7138,0.01);
#1980=VECTOR('',#7145,0.01);
#1981=VECTOR('',#7148,0.393645785379715);
#1982=VECTOR('',#7149,0.393645785379715);
#1983=VECTOR('',#7150,0.01);
#1984=VECTOR('',#7157,0.01);
#1985=VECTOR('',#7170,0.224964362192081);
#1986=VECTOR('',#7171,0.01);
#1987=VECTOR('',#7172,0.224964362192081);
#1988=VECTOR('',#7173,0.01);
#1989=VECTOR('',#7176,0.0572244218677549);
#1990=VECTOR('',#7177,0.0572244218677549);
#1991=VECTOR('',#7178,0.01);
#1992=VECTOR('',#7181,0.305661139803921);
#1993=VECTOR('',#7182,0.305661139803921);
#1994=VECTOR('',#7183,0.01);
#1995=VECTOR('',#7186,0.055705790366579);
#1996=VECTOR('',#7187,0.055705790366579);
#1997=VECTOR('',#7188,0.01);
#1998=VECTOR('',#7191,0.0289016442824899);
#1999=VECTOR('',#7192,0.0289016442824899);
#2000=VECTOR('',#7193,0.01);
#2001=VECTOR('',#7200,0.01);
#2002=VECTOR('',#7207,0.01);
#2003=VECTOR('',#7214,0.01);
#2004=VECTOR('',#7221,0.01);
#2005=VECTOR('',#7224,0.253990440506437);
#2006=VECTOR('',#7225,0.253990440506437);
#2007=VECTOR('',#7226,0.01);
#2008=VECTOR('',#7229,0.0559438206301609);
#2009=VECTOR('',#7230,0.0559438206301609);
#2010=VECTOR('',#7231,0.01);
#2011=VECTOR('',#7234,0.222482182087877);
#2012=VECTOR('',#7235,0.222482182087877);
#2013=VECTOR('',#7236,0.01);
#2014=VECTOR('',#7249,0.224964362192085);
#2015=VECTOR('',#7250,0.01);
#2016=VECTOR('',#7251,0.224964362192085);
#2017=VECTOR('',#7252,0.01);
#2018=VECTOR('',#7255,0.057224421867751);
#2019=VECTOR('',#7256,0.057224421867751);
#2020=VECTOR('',#7257,0.01);
#2021=VECTOR('',#7260,0.305661139803925);
#2022=VECTOR('',#7261,0.305661139803925);
#2023=VECTOR('',#7262,0.01);
#2024=VECTOR('',#7265,0.0557057903665771);
#2025=VECTOR('',#7266,0.0557057903665771);
#2026=VECTOR('',#7267,0.01);
#2027=VECTOR('',#7270,0.0289016442824998);
#2028=VECTOR('',#7271,0.0289016442824998);
#2029=VECTOR('',#7272,0.01);
#2030=VECTOR('',#7279,0.01);
#2031=VECTOR('',#7286,0.01);
#2032=VECTOR('',#7293,0.01);
#2033=VECTOR('',#7300,0.01);
#2034=VECTOR('',#7303,0.253990430656281);
#2035=VECTOR('',#7304,0.253990430656281);
#2036=VECTOR('',#7305,0.01);
#2037=VECTOR('',#7308,0.055943821352409);
#2038=VECTOR('',#7309,0.055943821352409);
#2039=VECTOR('',#7310,0.01);
#2040=VECTOR('',#7313,0.222482182087871);
#2041=VECTOR('',#7314,0.222482182087871);
#2042=VECTOR('',#7315,0.01);
#2043=VECTOR('',#7330,0.01);
#2044=VECTOR('',#7333,0.01);
#2045=VECTOR('',#7340,0.01);
#2046=VECTOR('',#7347,0.01);
#2047=VECTOR('',#7350,0.0508502331578201);
#2048=VECTOR('',#7351,0.0508502331578201);
#2049=VECTOR('',#7352,0.01);
#2050=VECTOR('',#7359,0.01);
#2051=VECTOR('',#7366,0.01);
#2052=VECTOR('',#7373,0.01);
#2053=VECTOR('',#7380,0.01);
#2054=VECTOR('',#7383,0.11073507738817);
#2055=VECTOR('',#7384,0.11073507738817);
#2056=VECTOR('',#7385,0.01);
#2057=VECTOR('',#7388,0.043327199549868);
#2058=VECTOR('',#7389,0.043327199549868);
#2059=VECTOR('',#7390,0.01);
#2060=VECTOR('',#7393,0.04447099786689);
#2061=VECTOR('',#7394,0.04447099786689);
#2062=VECTOR('',#7395,0.01);
#2063=VECTOR('',#7398,0.043327199549868);
#2064=VECTOR('',#7399,0.043327199549868);
#2065=VECTOR('',#7400,0.01);
#2066=VECTOR('',#7403,0.261051811778604);
#2067=VECTOR('',#7404,0.261051811778604);
#2068=VECTOR('',#7405,0.01);
#2069=VECTOR('',#7408,0.056871814582631);
#2070=VECTOR('',#7409,0.056871814582631);
#2071=VECTOR('',#7410,0.01);
#2072=VECTOR('',#7413,0.261238706911104);
#2073=VECTOR('',#7414,0.261238706911104);
#2074=VECTOR('',#7415,0.01);
#2075=VECTOR('',#7418,0.030938363589095);
#2076=VECTOR('',#7419,0.030938363589095);
#2077=VECTOR('',#7420,0.01);
#2078=VECTOR('',#7423,0.0440458420885401);
#2079=VECTOR('',#7424,0.0440458420885401);
#2080=VECTOR('',#7425,0.01);
#2081=VECTOR('',#7428,0.030537929139877);
#2082=VECTOR('',#7429,0.030537929139877);
#2083=VECTOR('',#7430,0.01);
#2084=VECTOR('',#7433,0.11784105803875);
#2085=VECTOR('',#7434,0.11784105803875);
#2086=VECTOR('',#7461,0.305382681100708);
#2087=VECTOR('',#7462,0.01);
#2088=VECTOR('',#7463,0.305382681100708);
#2089=VECTOR('',#7464,0.01);
#2090=VECTOR('',#7467,0.0557594554700409);
#2091=VECTOR('',#7468,0.0557594554700409);
#2092=VECTOR('',#7469,0.01);
#2093=VECTOR('',#7472,0.305481138516698);
#2094=VECTOR('',#7473,0.305481138516698);
#2095=VECTOR('',#7474,0.01);
#2096=VECTOR('',#7477,0.055759368544243);
#2097=VECTOR('',#7478,0.055759368544243);
#2098=VECTOR('',#7485,0.060346668722694);
#2099=VECTOR('',#7486,0.01);
#2100=VECTOR('',#7487,0.060346668722694);
#2101=VECTOR('',#7488,0.01);
#2102=VECTOR('',#7491,0.456419698061629);
#2103=VECTOR('',#7492,0.456419698061629);
#2104=VECTOR('',#7493,0.01);
#2105=VECTOR('',#7496,0.060168423189156);
#2106=VECTOR('',#7497,0.060168423189156);
#2107=VECTOR('',#7498,0.01);
#2108=VECTOR('',#7501,0.456419663256524);
#2109=VECTOR('',#7502,0.456419663256524);
#2110=VECTOR('',#7509,0.14594388000653);
#2111=VECTOR('',#7510,0.01);
#2112=VECTOR('',#7511,0.14594388000653);
#2113=VECTOR('',#7512,0.01);
#2114=VECTOR('',#7515,0.239951927632511);
#2115=VECTOR('',#7516,0.239951927632511);
#2116=VECTOR('',#7517,0.01);
#2117=VECTOR('',#7520,0.14594388000653);
#2118=VECTOR('',#7521,0.14594388000653);
#2119=VECTOR('',#7522,0.01);
#2120=VECTOR('',#7525,0.239951927632511);
#2121=VECTOR('',#7526,0.239951927632511);
#2122=VECTOR('',#7533,0.224964362192085);
#2123=VECTOR('',#7534,0.01);
#2124=VECTOR('',#7535,0.224964362192085);
#2125=VECTOR('',#7536,0.01);
#2126=VECTOR('',#7539,0.057224421867753);
#2127=VECTOR('',#7540,0.057224421867753);
#2128=VECTOR('',#7541,0.01);
#2129=VECTOR('',#7544,0.305661139803925);
#2130=VECTOR('',#7545,0.305661139803925);
#2131=VECTOR('',#7546,0.01);
#2132=VECTOR('',#7549,0.055705790366577);
#2133=VECTOR('',#7550,0.055705790366577);
#2134=VECTOR('',#7551,0.01);
#2135=VECTOR('',#7554,0.0289016442824998);
#2136=VECTOR('',#7555,0.0289016442824998);
#2137=VECTOR('',#7556,0.01);
#2138=VECTOR('',#7563,0.01);
#2139=VECTOR('',#7570,0.01);
#2140=VECTOR('',#7577,0.01);
#2141=VECTOR('',#7584,0.01);
#2142=VECTOR('',#7587,0.253990440506441);
#2143=VECTOR('',#7588,0.253990440506441);
#2144=VECTOR('',#7589,0.01);
#2145=VECTOR('',#7592,0.0559438206301614);
#2146=VECTOR('',#7593,0.0559438206301614);
#2147=VECTOR('',#7594,0.01);
#2148=VECTOR('',#7597,0.222482182087871);
#2149=VECTOR('',#7598,0.222482182087871);
#2150=VECTOR('',#7599,0.01);
#2151=VECTOR('',#7614,0.01);
#2152=VECTOR('',#7617,0.01);
#2153=VECTOR('',#7620,0.02300249391535);
#2154=VECTOR('',#7621,0.01);
#2155=VECTOR('',#7622,0.02300249391535);
#2156=VECTOR('',#7625,0.0844390359564913);
#2157=VECTOR('',#7626,0.01);
#2158=VECTOR('',#7627,0.0844390359564913);
#2159=VECTOR('',#7632,0.01);
#2160=VECTOR('',#7639,0.01);
#2161=VECTOR('',#7646,0.01);
#2162=VECTOR('',#7653,0.01);
#2163=VECTOR('',#7660,0.01);
#2164=VECTOR('',#7673,0.01);
#2165=VECTOR('',#7676,0.01);
#2166=VECTOR('',#7683,0.01);
#2167=VECTOR('',#7690,0.01);
#2168=VECTOR('',#7697,0.01);
#2169=VECTOR('',#7704,0.01);
#2170=VECTOR('',#7711,0.01);
#2171=VECTOR('',#7718,0.01);
#2172=VECTOR('',#7721,0.0346626948784401);
#2173=VECTOR('',#7722,0.0346626948784401);
#2174=VECTOR('',#7723,0.01);
#2175=VECTOR('',#7726,0.14012919055029);
#2176=VECTOR('',#7727,0.14012919055029);
#2177=VECTOR('',#7728,0.01);
#2178=VECTOR('',#7735,0.01);
#2179=VECTOR('',#7742,0.01);
#2180=VECTOR('',#7749,0.01);
#2181=VECTOR('',#7756,0.01);
#2182=VECTOR('',#7763,0.01);
#2183=VECTOR('',#7770,0.01);
#2184=VECTOR('',#7777,0.01);
#2185=VECTOR('',#7784,0.01);
#2186=VECTOR('',#7791,0.01);
#2187=VECTOR('',#7794,0.052195975233319);
#2188=VECTOR('',#7795,0.052195975233319);
#2189=VECTOR('',#7796,0.01);
#2190=VECTOR('',#7799,0.0128209084134692);
#2191=VECTOR('',#7800,0.0128209084134692);
#2192=VECTOR('',#7801,0.01);
#2193=VECTOR('',#7808,0.01);
#2194=VECTOR('',#7815,0.01);
#2195=VECTOR('',#7822,0.01);
#2196=VECTOR('',#7829,0.01);
#2197=VECTOR('',#7836,0.01);
#2198=VECTOR('',#7843,0.01);
#2199=VECTOR('',#7850,0.01);
#2200=VECTOR('',#7857,0.01);
#2201=VECTOR('',#7864,0.01);
#2202=VECTOR('',#7871,0.01);
#2203=VECTOR('',#7878,0.01);
#2204=VECTOR('',#7885,0.01);
#2205=VECTOR('',#7892,0.01);
#2206=VECTOR('',#7899,0.01);
#2207=VECTOR('',#7906,0.01);
#2208=VECTOR('',#7921,0.01);
#2209=VECTOR('',#7924,0.01);
#2210=VECTOR('',#7929,0.01);
#2211=VECTOR('',#7936,0.01);
#2212=VECTOR('',#7943,0.01);
#2213=VECTOR('',#7950,0.01);
#2214=VECTOR('',#7957,0.01);
#2215=VECTOR('',#7964,0.01);
#2216=VECTOR('',#7971,0.01);
#2217=VECTOR('',#7978,0.01);
#2218=VECTOR('',#7985,0.01);
#2219=VECTOR('',#7992,0.01);
#2220=VECTOR('',#7999,0.01);
#2221=VECTOR('',#8006,0.01);
#2222=VECTOR('',#8013,0.01);
#2223=VECTOR('',#8020,0.01);
#2224=VECTOR('',#8027,0.01);
#2225=VECTOR('',#8034,0.01);
#2226=VECTOR('',#8041,0.01);
#2227=VECTOR('',#8048,0.01);
#2228=VECTOR('',#8055,0.01);
#2229=VECTOR('',#8062,0.01);
#2230=VECTOR('',#8069,0.01);
#2231=VECTOR('',#8076,0.01);
#2232=VECTOR('',#8083,0.01);
#2233=VECTOR('',#8090,0.01);
#2234=VECTOR('',#8097,0.01);
#2235=VECTOR('',#8104,0.01);
#2236=VECTOR('',#8111,0.01);
#2237=VECTOR('',#8118,0.01);
#2238=VECTOR('',#8125,0.01);
#2239=VECTOR('',#8132,0.01);
#2240=VECTOR('',#8139,0.01);
#2241=VECTOR('',#8146,0.01);
#2242=VECTOR('',#8153,0.01);
#2243=VECTOR('',#8160,0.01);
#2244=VECTOR('',#8173,0.01);
#2245=VECTOR('',#8176,0.01);
#2246=VECTOR('',#8183,0.01);
#2247=VECTOR('',#8190,0.01);
#2248=VECTOR('',#8197,0.01);
#2249=VECTOR('',#8204,0.01);
#2250=VECTOR('',#8211,0.01);
#2251=VECTOR('',#8218,0.01);
#2252=VECTOR('',#8225,0.01);
#2253=VECTOR('',#8232,0.01);
#2254=VECTOR('',#8239,0.01);
#2255=VECTOR('',#8246,0.01);
#2256=VECTOR('',#8253,0.01);
#2257=VECTOR('',#8260,0.01);
#2258=VECTOR('',#8267,0.01);
#2259=VECTOR('',#8274,0.01);
#2260=VECTOR('',#8281,0.01);
#2261=VECTOR('',#8288,0.01);
#2262=VECTOR('',#8295,0.01);
#2263=VECTOR('',#8302,0.01);
#2264=VECTOR('',#8317,0.25);
#2265=VECTOR('',#8318,0.2);
#2266=VECTOR('',#8319,0.25);
#2267=VECTOR('',#8320,0.2);
#2268=VECTOR('',#8323,0.0999999999999089);
#2269=VECTOR('',#8324,0.0999999999999089);
#2270=VECTOR('',#8325,0.2);
#2271=VECTOR('',#8328,0.25);
#2272=VECTOR('',#8329,0.25);
#2273=VECTOR('',#8330,0.2);
#2274=VECTOR('',#8333,0.0999999999999089);
#2275=VECTOR('',#8334,0.0999999999999089);
#2276=VECTOR('',#8343,0.25000000000011);
#2277=VECTOR('',#8344,0.2);
#2278=VECTOR('',#8345,0.25000000000011);
#2279=VECTOR('',#8346,0.2);
#2280=VECTOR('',#8349,0.0999999999996459);
#2281=VECTOR('',#8350,0.0999999999996459);
#2282=VECTOR('',#8351,0.2);
#2283=VECTOR('',#8354,0.25000000000011);
#2284=VECTOR('',#8355,0.25000000000011);
#2285=VECTOR('',#8356,0.2);
#2286=VECTOR('',#8359,0.0999999999996469);
#2287=VECTOR('',#8360,0.0999999999996469);
#2288=VECTOR('',#8369,0.60000000000001);
#2289=VECTOR('',#8370,0.2);
#2290=VECTOR('',#8371,0.60000000000001);
#2291=VECTOR('',#8372,0.2);
#2292=VECTOR('',#8375,0.340001250963546);
#2293=VECTOR('',#8376,0.340001250963546);
#2294=VECTOR('',#8377,0.2);
#2295=VECTOR('',#8380,0.200000000000421);
#2296=VECTOR('',#8381,0.200000000000421);
#2297=VECTOR('',#8382,0.2);
#2298=VECTOR('',#8385,0.309999159246441);
#2299=VECTOR('',#8386,0.309999159246441);
#2300=VECTOR('',#8387,0.2);
#2301=VECTOR('',#8390,0.2);
#2302=VECTOR('',#8391,0.2);
#2303=VECTOR('',#8392,0.2);
#2304=VECTOR('',#8395,0.340000000001055);
#2305=VECTOR('',#8396,0.340000000001055);
#2306=VECTOR('',#8397,0.2);
#2307=VECTOR('',#8400,0.2);
#2308=VECTOR('',#8401,0.2);
#2309=VECTOR('',#8402,0.2);
#2310=VECTOR('',#8405,0.309999999999322);
#2311=VECTOR('',#8406,0.309999999999322);
#2312=VECTOR('',#8407,0.2);
#2313=VECTOR('',#8410,0.2);
#2314=VECTOR('',#8411,0.2);
#2315=VECTOR('',#8412,0.2);
#2316=VECTOR('',#8415,0.33999999999982);
#2317=VECTOR('',#8416,0.33999999999982);
#2318=VECTOR('',#8417,0.2);
#2319=VECTOR('',#8420,0.60000000000003);
#2320=VECTOR('',#8421,0.60000000000003);
#2321=VECTOR('',#8422,0.2);
#2322=VECTOR('',#8425,1.64000000000088);
#2323=VECTOR('',#8426,1.64000000000088);
#2324=VECTOR('',#8435,0.340000000000018);
#2325=VECTOR('',#8436,0.2);
#2326=VECTOR('',#8437,0.340000000000018);
#2327=VECTOR('',#8438,0.2);
#2328=VECTOR('',#8441,0.340000000000152);
#2329=VECTOR('',#8442,0.2);
#2330=VECTOR('',#8443,0.340000000000152);
#2331=VECTOR('',#8444,0.2);
#2332=VECTOR('',#8447,0.55000000000001);
#2333=VECTOR('',#8448,0.55000000000001);
#2334=VECTOR('',#8451,0.55000000000001);
#2335=VECTOR('',#8452,0.55000000000001);
#2336=VERTEX_POINT('',#8475);
#2337=VERTEX_POINT('',#8476);
#2338=VERTEX_POINT('',#8478);
#2339=VERTEX_POINT('',#8480);
#2340=VERTEX_POINT('',#8484);
#2341=VERTEX_POINT('',#8486);
#2342=VERTEX_POINT('',#8488);
#2343=VERTEX_POINT('',#8490);
#2344=VERTEX_POINT('',#8492);
#2345=VERTEX_POINT('',#8494);
#2346=VERTEX_POINT('',#8496);
#2347=VERTEX_POINT('',#8498);
#2348=VERTEX_POINT('',#8500);
#2349=VERTEX_POINT('',#8502);
#2350=VERTEX_POINT('',#8504);
#2351=VERTEX_POINT('',#8506);
#2352=VERTEX_POINT('',#8508);
#2353=VERTEX_POINT('',#8510);
#2354=VERTEX_POINT('',#8512);
#2355=VERTEX_POINT('',#8514);
#2356=VERTEX_POINT('',#8516);
#2357=VERTEX_POINT('',#8518);
#2358=VERTEX_POINT('',#8522);
#2359=VERTEX_POINT('',#8523);
#2360=VERTEX_POINT('',#8525);
#2361=VERTEX_POINT('',#8527);
#2362=VERTEX_POINT('',#8531);
#2363=VERTEX_POINT('',#8532);
#2364=VERTEX_POINT('',#8534);
#2365=VERTEX_POINT('',#8541);
#2366=VERTEX_POINT('',#8542);
#2367=VERTEX_POINT('',#8544);
#2368=VERTEX_POINT('',#8551);
#2369=VERTEX_POINT('',#8553);
#2370=VERTEX_POINT('',#8566);
#2371=VERTEX_POINT('',#8567);
#2372=VERTEX_POINT('',#8569);
#2373=VERTEX_POINT('',#8571);
#2374=VERTEX_POINT('',#8578);
#2375=VERTEX_POINT('',#8580);
#2376=VERTEX_POINT('',#8582);
#2377=VERTEX_POINT('',#8584);
#2378=VERTEX_POINT('',#8586);
#2379=VERTEX_POINT('',#8588);
#2380=VERTEX_POINT('',#8590);
#2381=VERTEX_POINT('',#8592);
#2382=VERTEX_POINT('',#8594);
#2383=VERTEX_POINT('',#8596);
#2384=VERTEX_POINT('',#8598);
#2385=VERTEX_POINT('',#8600);
#2386=VERTEX_POINT('',#8602);
#2387=VERTEX_POINT('',#8604);
#2388=VERTEX_POINT('',#8608);
#2389=VERTEX_POINT('',#8609);
#2390=VERTEX_POINT('',#8615);
#2391=VERTEX_POINT('',#8617);
#2392=VERTEX_POINT('',#8619);
#2393=VERTEX_POINT('',#8621);
#2394=VERTEX_POINT('',#8623);
#2395=VERTEX_POINT('',#8625);
#2396=VERTEX_POINT('',#8627);
#2397=VERTEX_POINT('',#8629);
#2398=VERTEX_POINT('',#8631);
#2399=VERTEX_POINT('',#8633);
#2400=VERTEX_POINT('',#8636);
#2401=VERTEX_POINT('',#8638);
#2402=VERTEX_POINT('',#8671);
#2403=VERTEX_POINT('',#8678);
#2404=VERTEX_POINT('',#8680);
#2405=VERTEX_POINT('',#8684);
#2406=VERTEX_POINT('',#8688);
#2407=VERTEX_POINT('',#8695);
#2408=VERTEX_POINT('',#8696);
#2409=VERTEX_POINT('',#8698);
#2410=VERTEX_POINT('',#8700);
#2411=VERTEX_POINT('',#8704);
#2412=VERTEX_POINT('',#8706);
#2413=VERTEX_POINT('',#8710);
#2414=VERTEX_POINT('',#8712);
#2415=VERTEX_POINT('',#8720);
#2416=VERTEX_POINT('',#8724);
#2417=VERTEX_POINT('',#8726);
#2418=VERTEX_POINT('',#8730);
#2419=VERTEX_POINT('',#8732);
#2420=VERTEX_POINT('',#8739);
#2421=VERTEX_POINT('',#8741);
#2422=VERTEX_POINT('',#8745);
#2423=VERTEX_POINT('',#8747);
#2424=VERTEX_POINT('',#8754);
#2425=VERTEX_POINT('',#8766);
#2426=VERTEX_POINT('',#8770);
#2427=VERTEX_POINT('',#8772);
#2428=VERTEX_POINT('',#8776);
#2429=VERTEX_POINT('',#8778);
#2430=VERTEX_POINT('',#8785);
#2431=VERTEX_POINT('',#8787);
#2432=VERTEX_POINT('',#8791);
#2433=VERTEX_POINT('',#8793);
#2434=VERTEX_POINT('',#8800);
#2435=VERTEX_POINT('',#8802);
#2436=VERTEX_POINT('',#8806);
#2437=VERTEX_POINT('',#8808);
#2438=VERTEX_POINT('',#8815);
#2439=VERTEX_POINT('',#8829);
#2440=VERTEX_POINT('',#8830);
#2441=VERTEX_POINT('',#8832);
#2442=VERTEX_POINT('',#8834);
#2443=VERTEX_POINT('',#8838);
#2444=VERTEX_POINT('',#8840);
#2445=VERTEX_POINT('',#8844);
#2446=VERTEX_POINT('',#8846);
#2447=VERTEX_POINT('',#8850);
#2448=VERTEX_POINT('',#8852);
#2449=VERTEX_POINT('',#8856);
#2450=VERTEX_POINT('',#8858);
#2451=VERTEX_POINT('',#8862);
#2452=VERTEX_POINT('',#8864);
#2453=VERTEX_POINT('',#8868);
#2454=VERTEX_POINT('',#8870);
#2455=VERTEX_POINT('',#8874);
#2456=VERTEX_POINT('',#8876);
#2457=VERTEX_POINT('',#8880);
#2458=VERTEX_POINT('',#8882);
#2459=VERTEX_POINT('',#8886);
#2460=VERTEX_POINT('',#8888);
#2461=VERTEX_POINT('',#8892);
#2462=VERTEX_POINT('',#8894);
#2463=VERTEX_POINT('',#8898);
#2464=VERTEX_POINT('',#8900);
#2465=VERTEX_POINT('',#8904);
#2466=VERTEX_POINT('',#8906);
#2467=VERTEX_POINT('',#8910);
#2468=VERTEX_POINT('',#8912);
#2469=VERTEX_POINT('',#8916);
#2470=VERTEX_POINT('',#8918);
#2471=VERTEX_POINT('',#8928);
#2472=VERTEX_POINT('',#8929);
#2473=VERTEX_POINT('',#8931);
#2474=VERTEX_POINT('',#8933);
#2475=VERTEX_POINT('',#8937);
#2476=VERTEX_POINT('',#8939);
#2477=VERTEX_POINT('',#8943);
#2478=VERTEX_POINT('',#8945);
#2479=VERTEX_POINT('',#8949);
#2480=VERTEX_POINT('',#8951);
#2481=VERTEX_POINT('',#8955);
#2482=VERTEX_POINT('',#8957);
#2483=VERTEX_POINT('',#8961);
#2484=VERTEX_POINT('',#8963);
#2485=VERTEX_POINT('',#8967);
#2486=VERTEX_POINT('',#8969);
#2487=VERTEX_POINT('',#8973);
#2488=VERTEX_POINT('',#8975);
#2489=VERTEX_POINT('',#8979);
#2490=VERTEX_POINT('',#8981);
#2491=VERTEX_POINT('',#8985);
#2492=VERTEX_POINT('',#8987);
#2493=VERTEX_POINT('',#8991);
#2494=VERTEX_POINT('',#8993);
#2495=VERTEX_POINT('',#8997);
#2496=VERTEX_POINT('',#8999);
#2497=VERTEX_POINT('',#9003);
#2498=VERTEX_POINT('',#9005);
#2499=VERTEX_POINT('',#9009);
#2500=VERTEX_POINT('',#9011);
#2501=VERTEX_POINT('',#9015);
#2502=VERTEX_POINT('',#9017);
#2503=VERTEX_POINT('',#9021);
#2504=VERTEX_POINT('',#9023);
#2505=VERTEX_POINT('',#9027);
#2506=VERTEX_POINT('',#9029);
#2507=VERTEX_POINT('',#9033);
#2508=VERTEX_POINT('',#9035);
#2509=VERTEX_POINT('',#9039);
#2510=VERTEX_POINT('',#9041);
#2511=VERTEX_POINT('',#9050);
#2512=VERTEX_POINT('',#9051);
#2513=VERTEX_POINT('',#9053);
#2514=VERTEX_POINT('',#9055);
#2515=VERTEX_POINT('',#9059);
#2516=VERTEX_POINT('',#9061);
#2517=VERTEX_POINT('',#9065);
#2518=VERTEX_POINT('',#9067);
#2519=VERTEX_POINT('',#9071);
#2520=VERTEX_POINT('',#9073);
#2521=VERTEX_POINT('',#9077);
#2522=VERTEX_POINT('',#9079);
#2523=VERTEX_POINT('',#9083);
#2524=VERTEX_POINT('',#9085);
#2525=VERTEX_POINT('',#9089);
#2526=VERTEX_POINT('',#9091);
#2527=VERTEX_POINT('',#9095);
#2528=VERTEX_POINT('',#9097);
#2529=VERTEX_POINT('',#9101);
#2530=VERTEX_POINT('',#9103);
#2531=VERTEX_POINT('',#9107);
#2532=VERTEX_POINT('',#9109);
#2533=VERTEX_POINT('',#9113);
#2534=VERTEX_POINT('',#9115);
#2535=VERTEX_POINT('',#9119);
#2536=VERTEX_POINT('',#9121);
#2537=VERTEX_POINT('',#9130);
#2538=VERTEX_POINT('',#9131);
#2539=VERTEX_POINT('',#9133);
#2540=VERTEX_POINT('',#9135);
#2541=VERTEX_POINT('',#9139);
#2542=VERTEX_POINT('',#9141);
#2543=VERTEX_POINT('',#9145);
#2544=VERTEX_POINT('',#9147);
#2545=VERTEX_POINT('',#9151);
#2546=VERTEX_POINT('',#9153);
#2547=VERTEX_POINT('',#9157);
#2548=VERTEX_POINT('',#9159);
#2549=VERTEX_POINT('',#9163);
#2550=VERTEX_POINT('',#9165);
#2551=VERTEX_POINT('',#9169);
#2552=VERTEX_POINT('',#9171);
#2553=VERTEX_POINT('',#9175);
#2554=VERTEX_POINT('',#9177);
#2555=VERTEX_POINT('',#9181);
#2556=VERTEX_POINT('',#9183);
#2557=VERTEX_POINT('',#9187);
#2558=VERTEX_POINT('',#9189);
#2559=VERTEX_POINT('',#9193);
#2560=VERTEX_POINT('',#9195);
#2561=VERTEX_POINT('',#9199);
#2562=VERTEX_POINT('',#9201);
#2563=VERTEX_POINT('',#9210);
#2564=VERTEX_POINT('',#9211);
#2565=VERTEX_POINT('',#9213);
#2566=VERTEX_POINT('',#9215);
#2567=VERTEX_POINT('',#9219);
#2568=VERTEX_POINT('',#9221);
#2569=VERTEX_POINT('',#9225);
#2570=VERTEX_POINT('',#9227);
#2571=VERTEX_POINT('',#9231);
#2572=VERTEX_POINT('',#9233);
#2573=VERTEX_POINT('',#9237);
#2574=VERTEX_POINT('',#9239);
#2575=VERTEX_POINT('',#9243);
#2576=VERTEX_POINT('',#9245);
#2577=VERTEX_POINT('',#9249);
#2578=VERTEX_POINT('',#9251);
#2579=VERTEX_POINT('',#9255);
#2580=VERTEX_POINT('',#9257);
#2581=VERTEX_POINT('',#9261);
#2582=VERTEX_POINT('',#9263);
#2583=VERTEX_POINT('',#9267);
#2584=VERTEX_POINT('',#9269);
#2585=VERTEX_POINT('',#9273);
#2586=VERTEX_POINT('',#9275);
#2587=VERTEX_POINT('',#9279);
#2588=VERTEX_POINT('',#9281);
#2589=VERTEX_POINT('',#9285);
#2590=VERTEX_POINT('',#9287);
#2591=VERTEX_POINT('',#9291);
#2592=VERTEX_POINT('',#9293);
#2593=VERTEX_POINT('',#9297);
#2594=VERTEX_POINT('',#9299);
#2595=VERTEX_POINT('',#9303);
#2596=VERTEX_POINT('',#9305);
#2597=VERTEX_POINT('',#9309);
#2598=VERTEX_POINT('',#9311);
#2599=VERTEX_POINT('',#9315);
#2600=VERTEX_POINT('',#9317);
#2601=VERTEX_POINT('',#9326);
#2602=VERTEX_POINT('',#9328);
#2603=VERTEX_POINT('',#9333);
#2604=VERTEX_POINT('',#9335);
#2605=VERTEX_POINT('',#9340);
#2606=VERTEX_POINT('',#9341);
#2607=VERTEX_POINT('',#9343);
#2608=VERTEX_POINT('',#9345);
#2609=VERTEX_POINT('',#9349);
#2610=VERTEX_POINT('',#9351);
#2611=VERTEX_POINT('',#9355);
#2612=VERTEX_POINT('',#9357);
#2613=VERTEX_POINT('',#9366);
#2614=VERTEX_POINT('',#9367);
#2615=VERTEX_POINT('',#9369);
#2616=VERTEX_POINT('',#9371);
#2617=VERTEX_POINT('',#9375);
#2618=VERTEX_POINT('',#9377);
#2619=VERTEX_POINT('',#9381);
#2620=VERTEX_POINT('',#9383);
#2621=VERTEX_POINT('',#9392);
#2622=VERTEX_POINT('',#9393);
#2623=VERTEX_POINT('',#9395);
#2624=VERTEX_POINT('',#9397);
#2625=VERTEX_POINT('',#9401);
#2626=VERTEX_POINT('',#9403);
#2627=VERTEX_POINT('',#9407);
#2628=VERTEX_POINT('',#9409);
#2629=VERTEX_POINT('',#9418);
#2630=VERTEX_POINT('',#9419);
#2631=VERTEX_POINT('',#9421);
#2632=VERTEX_POINT('',#9423);
#2633=VERTEX_POINT('',#9427);
#2634=VERTEX_POINT('',#9429);
#2635=VERTEX_POINT('',#9433);
#2636=VERTEX_POINT('',#9435);
#2637=VERTEX_POINT('',#9439);
#2638=VERTEX_POINT('',#9441);
#2639=VERTEX_POINT('',#9445);
#2640=VERTEX_POINT('',#9447);
#2641=VERTEX_POINT('',#9451);
#2642=VERTEX_POINT('',#9453);
#2643=VERTEX_POINT('',#9457);
#2644=VERTEX_POINT('',#9459);
#2645=VERTEX_POINT('',#9463);
#2646=VERTEX_POINT('',#9465);
#2647=VERTEX_POINT('',#9469);
#2648=VERTEX_POINT('',#9471);
#2649=VERTEX_POINT('',#9475);
#2650=VERTEX_POINT('',#9477);
#2651=VERTEX_POINT('',#9481);
#2652=VERTEX_POINT('',#9483);
#2653=VERTEX_POINT('',#9487);
#2654=VERTEX_POINT('',#9489);
#2655=VERTEX_POINT('',#9498);
#2656=VERTEX_POINT('',#9499);
#2657=VERTEX_POINT('',#9501);
#2658=VERTEX_POINT('',#9503);
#2659=VERTEX_POINT('',#9507);
#2660=VERTEX_POINT('',#9509);
#2661=VERTEX_POINT('',#9513);
#2662=VERTEX_POINT('',#9515);
#2663=VERTEX_POINT('',#9519);
#2664=VERTEX_POINT('',#9521);
#2665=VERTEX_POINT('',#9525);
#2666=VERTEX_POINT('',#9527);
#2667=VERTEX_POINT('',#9531);
#2668=VERTEX_POINT('',#9533);
#2669=VERTEX_POINT('',#9537);
#2670=VERTEX_POINT('',#9539);
#2671=VERTEX_POINT('',#9543);
#2672=VERTEX_POINT('',#9545);
#2673=VERTEX_POINT('',#9552);
#2674=VERTEX_POINT('',#9553);
#2675=VERTEX_POINT('',#9555);
#2676=VERTEX_POINT('',#9557);
#2677=VERTEX_POINT('',#9561);
#2678=VERTEX_POINT('',#9563);
#2679=VERTEX_POINT('',#9567);
#2680=VERTEX_POINT('',#9569);
#2681=VERTEX_POINT('',#9573);
#2682=VERTEX_POINT('',#9575);
#2683=VERTEX_POINT('',#9579);
#2684=VERTEX_POINT('',#9581);
#2685=VERTEX_POINT('',#9585);
#2686=VERTEX_POINT('',#9587);
#2687=VERTEX_POINT('',#9591);
#2688=VERTEX_POINT('',#9593);
#2689=VERTEX_POINT('',#9597);
#2690=VERTEX_POINT('',#9599);
#2691=VERTEX_POINT('',#9603);
#2692=VERTEX_POINT('',#9605);
#2693=VERTEX_POINT('',#9609);
#2694=VERTEX_POINT('',#9611);
#2695=VERTEX_POINT('',#9615);
#2696=VERTEX_POINT('',#9617);
#2697=VERTEX_POINT('',#9621);
#2698=VERTEX_POINT('',#9623);
#2699=VERTEX_POINT('',#9627);
#2700=VERTEX_POINT('',#9629);
#2701=VERTEX_POINT('',#9633);
#2702=VERTEX_POINT('',#9635);
#2703=VERTEX_POINT('',#9639);
#2704=VERTEX_POINT('',#9641);
#2705=VERTEX_POINT('',#9645);
#2706=VERTEX_POINT('',#9647);
#2707=VERTEX_POINT('',#9651);
#2708=VERTEX_POINT('',#9653);
#2709=VERTEX_POINT('',#9657);
#2710=VERTEX_POINT('',#9659);
#2711=VERTEX_POINT('',#9663);
#2712=VERTEX_POINT('',#9665);
#2713=VERTEX_POINT('',#9669);
#2714=VERTEX_POINT('',#9671);
#2715=VERTEX_POINT('',#9675);
#2716=VERTEX_POINT('',#9677);
#2717=VERTEX_POINT('',#9681);
#2718=VERTEX_POINT('',#9683);
#2719=VERTEX_POINT('',#9687);
#2720=VERTEX_POINT('',#9689);
#2721=VERTEX_POINT('',#9693);
#2722=VERTEX_POINT('',#9695);
#2723=VERTEX_POINT('',#9699);
#2724=VERTEX_POINT('',#9701);
#2725=VERTEX_POINT('',#9705);
#2726=VERTEX_POINT('',#9707);
#2727=VERTEX_POINT('',#9711);
#2728=VERTEX_POINT('',#9713);
#2729=VERTEX_POINT('',#9717);
#2730=VERTEX_POINT('',#9719);
#2731=VERTEX_POINT('',#9723);
#2732=VERTEX_POINT('',#9725);
#2733=VERTEX_POINT('',#9729);
#2734=VERTEX_POINT('',#9731);
#2735=VERTEX_POINT('',#9735);
#2736=VERTEX_POINT('',#9737);
#2737=VERTEX_POINT('',#9741);
#2738=VERTEX_POINT('',#9743);
#2739=VERTEX_POINT('',#9747);
#2740=VERTEX_POINT('',#9749);
#2741=VERTEX_POINT('',#9753);
#2742=VERTEX_POINT('',#9755);
#2743=VERTEX_POINT('',#9759);
#2744=VERTEX_POINT('',#9761);
#2745=VERTEX_POINT('',#9770);
#2746=VERTEX_POINT('',#9771);
#2747=VERTEX_POINT('',#9773);
#2748=VERTEX_POINT('',#9775);
#2749=VERTEX_POINT('',#9779);
#2750=VERTEX_POINT('',#9781);
#2751=VERTEX_POINT('',#9785);
#2752=VERTEX_POINT('',#9787);
#2753=VERTEX_POINT('',#9791);
#2754=VERTEX_POINT('',#9793);
#2755=VERTEX_POINT('',#9797);
#2756=VERTEX_POINT('',#9799);
#2757=VERTEX_POINT('',#9803);
#2758=VERTEX_POINT('',#9805);
#2759=VERTEX_POINT('',#9809);
#2760=VERTEX_POINT('',#9811);
#2761=VERTEX_POINT('',#9815);
#2762=VERTEX_POINT('',#9817);
#2763=VERTEX_POINT('',#9821);
#2764=VERTEX_POINT('',#9823);
#2765=VERTEX_POINT('',#9827);
#2766=VERTEX_POINT('',#9829);
#2767=VERTEX_POINT('',#9833);
#2768=VERTEX_POINT('',#9835);
#2769=VERTEX_POINT('',#9839);
#2770=VERTEX_POINT('',#9841);
#2771=VERTEX_POINT('',#9845);
#2772=VERTEX_POINT('',#9847);
#2773=VERTEX_POINT('',#9851);
#2774=VERTEX_POINT('',#9853);
#2775=VERTEX_POINT('',#9857);
#2776=VERTEX_POINT('',#9859);
#2777=VERTEX_POINT('',#9863);
#2778=VERTEX_POINT('',#9865);
#2779=VERTEX_POINT('',#9869);
#2780=VERTEX_POINT('',#9871);
#2781=VERTEX_POINT('',#9875);
#2782=VERTEX_POINT('',#9877);
#2783=VERTEX_POINT('',#9881);
#2784=VERTEX_POINT('',#9883);
#2785=VERTEX_POINT('',#9887);
#2786=VERTEX_POINT('',#9889);
#2787=VERTEX_POINT('',#9893);
#2788=VERTEX_POINT('',#9895);
#2789=VERTEX_POINT('',#9899);
#2790=VERTEX_POINT('',#9901);
#2791=VERTEX_POINT('',#9905);
#2792=VERTEX_POINT('',#9907);
#2793=VERTEX_POINT('',#9911);
#2794=VERTEX_POINT('',#9913);
#2795=VERTEX_POINT('',#9917);
#2796=VERTEX_POINT('',#9919);
#2797=VERTEX_POINT('',#9923);
#2798=VERTEX_POINT('',#9925);
#2799=VERTEX_POINT('',#9929);
#2800=VERTEX_POINT('',#9931);
#2801=VERTEX_POINT('',#9935);
#2802=VERTEX_POINT('',#9937);
#2803=VERTEX_POINT('',#9941);
#2804=VERTEX_POINT('',#9943);
#2805=VERTEX_POINT('',#9947);
#2806=VERTEX_POINT('',#9949);
#2807=VERTEX_POINT('',#9953);
#2808=VERTEX_POINT('',#9955);
#2809=VERTEX_POINT('',#9959);
#2810=VERTEX_POINT('',#9961);
#2811=VERTEX_POINT('',#9965);
#2812=VERTEX_POINT('',#9967);
#2813=VERTEX_POINT('',#9971);
#2814=VERTEX_POINT('',#9973);
#2815=VERTEX_POINT('',#9977);
#2816=VERTEX_POINT('',#9979);
#2817=VERTEX_POINT('',#9986);
#2818=VERTEX_POINT('',#9987);
#2819=VERTEX_POINT('',#9989);
#2820=VERTEX_POINT('',#9991);
#2821=VERTEX_POINT('',#9995);
#2822=VERTEX_POINT('',#9997);
#2823=VERTEX_POINT('',#10001);
#2824=VERTEX_POINT('',#10003);
#2825=VERTEX_POINT('',#10007);
#2826=VERTEX_POINT('',#10009);
#2827=VERTEX_POINT('',#10013);
#2828=VERTEX_POINT('',#10015);
#2829=VERTEX_POINT('',#10019);
#2830=VERTEX_POINT('',#10021);
#2831=VERTEX_POINT('',#10025);
#2832=VERTEX_POINT('',#10027);
#2833=VERTEX_POINT('',#10031);
#2834=VERTEX_POINT('',#10033);
#2835=VERTEX_POINT('',#10037);
#2836=VERTEX_POINT('',#10039);
#2837=VERTEX_POINT('',#10043);
#2838=VERTEX_POINT('',#10045);
#2839=VERTEX_POINT('',#10049);
#2840=VERTEX_POINT('',#10051);
#2841=VERTEX_POINT('',#10055);
#2842=VERTEX_POINT('',#10057);
#2843=VERTEX_POINT('',#10061);
#2844=VERTEX_POINT('',#10063);
#2845=VERTEX_POINT('',#10067);
#2846=VERTEX_POINT('',#10069);
#2847=VERTEX_POINT('',#10073);
#2848=VERTEX_POINT('',#10075);
#2849=VERTEX_POINT('',#10079);
#2850=VERTEX_POINT('',#10081);
#2851=VERTEX_POINT('',#10085);
#2852=VERTEX_POINT('',#10087);
#2853=VERTEX_POINT('',#10091);
#2854=VERTEX_POINT('',#10093);
#2855=VERTEX_POINT('',#10097);
#2856=VERTEX_POINT('',#10099);
#2857=VERTEX_POINT('',#10109);
#2858=VERTEX_POINT('',#10110);
#2859=VERTEX_POINT('',#10112);
#2860=VERTEX_POINT('',#10114);
#2861=VERTEX_POINT('',#10118);
#2862=VERTEX_POINT('',#10120);
#2863=VERTEX_POINT('',#10124);
#2864=VERTEX_POINT('',#10126);
#2865=VERTEX_POINT('',#10136);
#2866=VERTEX_POINT('',#10137);
#2867=VERTEX_POINT('',#10139);
#2868=VERTEX_POINT('',#10141);
#2869=VERTEX_POINT('',#10145);
#2870=VERTEX_POINT('',#10147);
#2871=VERTEX_POINT('',#10151);
#2872=VERTEX_POINT('',#10153);
#2873=VERTEX_POINT('',#10163);
#2874=VERTEX_POINT('',#10164);
#2875=VERTEX_POINT('',#10166);
#2876=VERTEX_POINT('',#10168);
#2877=VERTEX_POINT('',#10172);
#2878=VERTEX_POINT('',#10174);
#2879=VERTEX_POINT('',#10178);
#2880=VERTEX_POINT('',#10180);
#2881=VERTEX_POINT('',#10184);
#2882=VERTEX_POINT('',#10186);
#2883=VERTEX_POINT('',#10190);
#2884=VERTEX_POINT('',#10192);
#2885=VERTEX_POINT('',#10196);
#2886=VERTEX_POINT('',#10198);
#2887=VERTEX_POINT('',#10202);
#2888=VERTEX_POINT('',#10204);
#2889=VERTEX_POINT('',#10208);
#2890=VERTEX_POINT('',#10210);
#2891=VERTEX_POINT('',#10214);
#2892=VERTEX_POINT('',#10216);
#2893=VERTEX_POINT('',#10220);
#2894=VERTEX_POINT('',#10222);
#2895=VERTEX_POINT('',#10226);
#2896=VERTEX_POINT('',#10228);
#2897=VERTEX_POINT('',#10238);
#2898=VERTEX_POINT('',#10239);
#2899=VERTEX_POINT('',#10241);
#2900=VERTEX_POINT('',#10243);
#2901=VERTEX_POINT('',#10247);
#2902=VERTEX_POINT('',#10248);
#2903=VERTEX_POINT('',#10250);
#2904=VERTEX_POINT('',#10252);
#2905=EDGE_CURVE('',#2336,#2337,#1210,.T.);
#2906=EDGE_CURVE('',#2336,#2338,#1211,.T.);
#2907=EDGE_CURVE('',#2338,#2339,#1212,.T.);
#2908=EDGE_CURVE('',#2337,#2339,#1213,.T.);
#2909=EDGE_CURVE('',#2340,#2336,#1214,.T.);
#2910=EDGE_CURVE('',#2337,#2341,#1215,.T.);
#2911=EDGE_CURVE('',#2341,#2342,#1216,.T.);
#2912=EDGE_CURVE('',#2342,#2343,#1217,.T.);
#2913=EDGE_CURVE('',#2343,#2344,#1218,.T.);
#2914=EDGE_CURVE('',#2344,#2345,#1219,.T.);
#2915=EDGE_CURVE('',#2345,#2346,#1220,.T.);
#2916=EDGE_CURVE('',#2347,#2346,#250,.T.);
#2917=EDGE_CURVE('',#2347,#2348,#1221,.T.);
#2918=EDGE_CURVE('',#2349,#2348,#251,.T.);
#2919=EDGE_CURVE('',#2349,#2350,#1222,.T.);
#2920=EDGE_CURVE('',#2350,#2351,#1223,.T.);
#2921=EDGE_CURVE('',#2351,#2352,#1224,.T.);
#2922=EDGE_CURVE('',#2352,#2353,#1225,.T.);
#2923=EDGE_CURVE('',#2353,#2354,#1226,.T.);
#2924=EDGE_CURVE('',#2355,#2354,#252,.T.);
#2925=EDGE_CURVE('',#2355,#2356,#1227,.T.);
#2926=EDGE_CURVE('',#2357,#2356,#253,.T.);
#2927=EDGE_CURVE('',#2357,#2340,#1228,.T.);
#2928=EDGE_CURVE('',#2358,#2359,#254,.T.);
#2929=EDGE_CURVE('',#2359,#2360,#1229,.T.);
#2930=EDGE_CURVE('',#2360,#2361,#255,.T.);
#2931=EDGE_CURVE('',#2361,#2358,#1230,.T.);
#2932=EDGE_CURVE('',#2362,#2363,#256,.T.);
#2933=EDGE_CURVE('',#2363,#2364,#1231,.T.);
#2934=EDGE_CURVE('',#2364,#2358,#257,.T.);
#2935=EDGE_CURVE('',#2358,#2362,#1232,.T.);
#2936=EDGE_CURVE('',#2364,#2359,#258,.T.);
#2937=EDGE_CURVE('',#2365,#2366,#259,.T.);
#2938=EDGE_CURVE('',#2366,#2367,#1233,.T.);
#2939=EDGE_CURVE('',#2367,#2362,#260,.T.);
#2940=EDGE_CURVE('',#2362,#2365,#1234,.T.);
#2941=EDGE_CURVE('',#2367,#2363,#261,.T.);
#2942=EDGE_CURVE('',#2361,#2368,#262,.T.);
#2943=EDGE_CURVE('',#2368,#2369,#1235,.T.);
#2944=EDGE_CURVE('',#2369,#2365,#263,.T.);
#2945=EDGE_CURVE('',#2365,#2361,#1236,.T.);
#2946=EDGE_CURVE('',#2369,#2366,#264,.T.);
#2947=EDGE_CURVE('',#2360,#2368,#265,.T.);
#2948=EDGE_CURVE('',#2367,#2347,#1237,.T.);
#2949=EDGE_CURVE('',#2346,#2363,#1238,.T.);
#2950=EDGE_CURVE('',#2348,#2366,#1239,.T.);
#2951=EDGE_CURVE('',#2370,#2371,#1240,.T.);
#2952=EDGE_CURVE('',#2371,#2372,#1241,.T.);
#2953=EDGE_CURVE('',#2372,#2373,#1242,.T.);
#2954=EDGE_CURVE('',#2373,#2370,#1243,.T.);
#2955=EDGE_CURVE('',#2369,#2349,#1244,.T.);
#2956=EDGE_CURVE('',#2354,#2368,#1245,.T.);
#2957=EDGE_CURVE('',#2353,#2374,#1246,.T.);
#2958=EDGE_CURVE('',#2374,#2375,#1247,.T.);
#2959=EDGE_CURVE('',#2375,#2376,#1248,.T.);
#2960=EDGE_CURVE('',#2377,#2376,#1249,.T.);
#2961=EDGE_CURVE('',#2377,#2378,#1250,.T.);
#2962=EDGE_CURVE('',#2378,#2379,#1251,.T.);
#2963=EDGE_CURVE('',#2379,#2380,#1252,.T.);
#2964=EDGE_CURVE('',#2381,#2380,#1253,.T.);
#2965=EDGE_CURVE('',#2381,#2382,#1254,.T.);
#2966=EDGE_CURVE('',#2382,#2383,#1255,.T.);
#2967=EDGE_CURVE('',#2383,#2384,#1256,.T.);
#2968=EDGE_CURVE('',#2385,#2384,#1257,.T.);
#2969=EDGE_CURVE('',#2385,#2386,#1258,.T.);
#2970=EDGE_CURVE('',#2386,#2387,#1259,.T.);
#2971=EDGE_CURVE('',#2387,#2350,#1260,.T.);
#2972=EDGE_CURVE('',#2388,#2389,#266,.T.);
#2973=EDGE_CURVE('',#2389,#2388,#267,.T.);
#2974=EDGE_CURVE('',#2360,#2355,#1261,.T.);
#2975=EDGE_CURVE('',#2345,#2390,#1262,.T.);
#2976=EDGE_CURVE('',#2390,#2391,#1263,.T.);
#2977=EDGE_CURVE('',#2391,#2392,#1264,.T.);
#2978=EDGE_CURVE('',#2393,#2392,#1265,.T.);
#2979=EDGE_CURVE('',#2393,#2394,#1266,.T.);
#2980=EDGE_CURVE('',#2394,#2395,#1267,.T.);
#2981=EDGE_CURVE('',#2395,#2396,#1268,.T.);
#2982=EDGE_CURVE('',#2397,#2396,#1269,.T.);
#2983=EDGE_CURVE('',#2397,#2398,#1270,.T.);
#2984=EDGE_CURVE('',#2398,#2399,#1271,.T.);
#2985=EDGE_CURVE('',#2399,#2342,#1272,.T.);
#2986=EDGE_CURVE('',#2341,#2400,#1273,.T.);
#2987=EDGE_CURVE('',#2400,#2401,#1274,.T.);
#2988=EDGE_CURVE('',#2401,#2340,#1275,.T.);
#2989=EDGE_CURVE('',#2364,#2357,#1276,.T.);
#2990=EDGE_CURVE('',#2356,#2359,#1277,.T.);
#2991=EDGE_CURVE('',#2389,#2402,#90,.T.);
#2992=EDGE_CURVE('',#2402,#2402,#268,.T.);
#2993=EDGE_CURVE('',#2370,#2403,#1278,.T.);
#2994=EDGE_CURVE('',#2403,#2404,#1279,.T.);
#2995=EDGE_CURVE('',#2371,#2404,#1280,.T.);
#2996=EDGE_CURVE('',#2373,#2405,#1281,.T.);
#2997=EDGE_CURVE('',#2405,#2403,#1282,.T.);
#2998=EDGE_CURVE('',#2372,#2406,#1283,.T.);
#2999=EDGE_CURVE('',#2406,#2405,#1284,.T.);
#3000=EDGE_CURVE('',#2404,#2406,#1285,.T.);
#3001=EDGE_CURVE('',#2407,#2408,#1286,.T.);
#3002=EDGE_CURVE('',#2407,#2409,#1287,.T.);
#3003=EDGE_CURVE('',#2409,#2410,#1288,.T.);
#3004=EDGE_CURVE('',#2408,#2410,#1289,.T.);
#3005=EDGE_CURVE('',#2411,#2407,#1290,.T.);
#3006=EDGE_CURVE('',#2411,#2412,#1291,.T.);
#3007=EDGE_CURVE('',#2412,#2409,#1292,.T.);
#3008=EDGE_CURVE('',#2413,#2411,#1293,.T.);
#3009=EDGE_CURVE('',#2413,#2414,#1294,.T.);
#3010=EDGE_CURVE('',#2414,#2412,#1295,.T.);
#3011=EDGE_CURVE('',#2408,#2413,#1296,.T.);
#3012=EDGE_CURVE('',#2410,#2414,#1297,.T.);
#3013=EDGE_CURVE('',#2399,#2415,#1298,.T.);
#3014=EDGE_CURVE('',#2343,#2415,#1299,.T.);
#3015=EDGE_CURVE('',#2416,#2397,#1300,.T.);
#3016=EDGE_CURVE('',#2416,#2417,#1301,.T.);
#3017=EDGE_CURVE('',#2417,#2398,#1302,.T.);
#3018=EDGE_CURVE('',#2418,#2416,#1303,.T.);
#3019=EDGE_CURVE('',#2418,#2419,#1304,.T.);
#3020=EDGE_CURVE('',#2419,#2417,#1305,.T.);
#3021=EDGE_CURVE('',#2396,#2418,#1306,.T.);
#3022=EDGE_CURVE('',#2395,#2419,#1307,.T.);
#3023=EDGE_CURVE('',#2420,#2393,#1308,.T.);
#3024=EDGE_CURVE('',#2420,#2421,#1309,.T.);
#3025=EDGE_CURVE('',#2421,#2394,#1310,.T.);
#3026=EDGE_CURVE('',#2422,#2420,#1311,.T.);
#3027=EDGE_CURVE('',#2422,#2423,#1312,.T.);
#3028=EDGE_CURVE('',#2423,#2421,#1313,.T.);
#3029=EDGE_CURVE('',#2392,#2422,#1314,.T.);
#3030=EDGE_CURVE('',#2391,#2423,#1315,.T.);
#3031=EDGE_CURVE('',#2344,#2424,#1316,.T.);
#3032=EDGE_CURVE('',#2424,#2390,#1317,.T.);
#3033=EDGE_CURVE('',#2415,#2424,#1318,.T.);
#3034=EDGE_CURVE('',#2401,#2338,#1319,.T.);
#3035=EDGE_CURVE('',#2339,#2400,#1320,.T.);
#3036=EDGE_CURVE('',#2387,#2425,#1321,.T.);
#3037=EDGE_CURVE('',#2351,#2425,#1322,.T.);
#3038=EDGE_CURVE('',#2426,#2385,#1323,.T.);
#3039=EDGE_CURVE('',#2426,#2427,#1324,.T.);
#3040=EDGE_CURVE('',#2427,#2386,#1325,.T.);
#3041=EDGE_CURVE('',#2428,#2426,#1326,.T.);
#3042=EDGE_CURVE('',#2428,#2429,#1327,.T.);
#3043=EDGE_CURVE('',#2429,#2427,#1328,.T.);
#3044=EDGE_CURVE('',#2384,#2428,#1329,.T.);
#3045=EDGE_CURVE('',#2383,#2429,#1330,.T.);
#3046=EDGE_CURVE('',#2430,#2381,#1331,.T.);
#3047=EDGE_CURVE('',#2430,#2431,#1332,.T.);
#3048=EDGE_CURVE('',#2431,#2382,#1333,.T.);
#3049=EDGE_CURVE('',#2432,#2430,#1334,.T.);
#3050=EDGE_CURVE('',#2432,#2433,#1335,.T.);
#3051=EDGE_CURVE('',#2433,#2431,#1336,.T.);
#3052=EDGE_CURVE('',#2380,#2432,#1337,.T.);
#3053=EDGE_CURVE('',#2379,#2433,#1338,.T.);
#3054=EDGE_CURVE('',#2434,#2377,#1339,.T.);
#3055=EDGE_CURVE('',#2434,#2435,#1340,.T.);
#3056=EDGE_CURVE('',#2435,#2378,#1341,.T.);
#3057=EDGE_CURVE('',#2436,#2434,#1342,.T.);
#3058=EDGE_CURVE('',#2436,#2437,#1343,.T.);
#3059=EDGE_CURVE('',#2437,#2435,#1344,.T.);
#3060=EDGE_CURVE('',#2376,#2436,#1345,.T.);
#3061=EDGE_CURVE('',#2375,#2437,#1346,.T.);
#3062=EDGE_CURVE('',#2352,#2438,#1347,.T.);
#3063=EDGE_CURVE('',#2438,#2374,#1348,.T.);
#3064=EDGE_CURVE('',#2425,#2438,#1349,.T.);
#3065=EDGE_CURVE('',#2439,#2440,#1350,.T.);
#3066=EDGE_CURVE('',#2440,#2441,#1351,.T.);
#3067=EDGE_CURVE('',#2442,#2441,#1352,.T.);
#3068=EDGE_CURVE('',#2439,#2442,#1353,.T.);
#3069=EDGE_CURVE('',#2443,#2439,#1354,.T.);
#3070=EDGE_CURVE('',#2444,#2442,#1355,.T.);
#3071=EDGE_CURVE('',#2443,#2444,#1356,.T.);
#3072=EDGE_CURVE('',#2445,#2443,#1357,.T.);
#3073=EDGE_CURVE('',#2446,#2444,#1358,.T.);
#3074=EDGE_CURVE('',#2445,#2446,#1359,.T.);
#3075=EDGE_CURVE('',#2447,#2445,#1360,.T.);
#3076=EDGE_CURVE('',#2448,#2446,#1361,.T.);
#3077=EDGE_CURVE('',#2447,#2448,#1362,.T.);
#3078=EDGE_CURVE('',#2449,#2447,#1363,.T.);
#3079=EDGE_CURVE('',#2450,#2448,#1364,.T.);
#3080=EDGE_CURVE('',#2449,#2450,#1365,.T.);
#3081=EDGE_CURVE('',#2451,#2449,#1366,.T.);
#3082=EDGE_CURVE('',#2452,#2450,#1367,.T.);
#3083=EDGE_CURVE('',#2451,#2452,#1368,.T.);
#3084=EDGE_CURVE('',#2453,#2451,#1369,.T.);
#3085=EDGE_CURVE('',#2454,#2452,#1370,.T.);
#3086=EDGE_CURVE('',#2453,#2454,#1371,.T.);
#3087=EDGE_CURVE('',#2455,#2453,#1372,.T.);
#3088=EDGE_CURVE('',#2456,#2454,#1373,.T.);
#3089=EDGE_CURVE('',#2455,#2456,#1374,.T.);
#3090=EDGE_CURVE('',#2457,#2455,#1375,.T.);
#3091=EDGE_CURVE('',#2458,#2456,#1376,.T.);
#3092=EDGE_CURVE('',#2457,#2458,#1377,.T.);
#3093=EDGE_CURVE('',#2459,#2457,#1378,.T.);
#3094=EDGE_CURVE('',#2460,#2458,#1379,.T.);
#3095=EDGE_CURVE('',#2459,#2460,#1380,.T.);
#3096=EDGE_CURVE('',#2461,#2459,#1381,.T.);
#3097=EDGE_CURVE('',#2462,#2460,#1382,.T.);
#3098=EDGE_CURVE('',#2461,#2462,#1383,.T.);
#3099=EDGE_CURVE('',#2463,#2461,#1384,.T.);
#3100=EDGE_CURVE('',#2464,#2462,#1385,.T.);
#3101=EDGE_CURVE('',#2463,#2464,#1386,.T.);
#3102=EDGE_CURVE('',#2465,#2463,#1387,.T.);
#3103=EDGE_CURVE('',#2466,#2464,#1388,.T.);
#3104=EDGE_CURVE('',#2465,#2466,#1389,.T.);
#3105=EDGE_CURVE('',#2467,#2465,#1390,.T.);
#3106=EDGE_CURVE('',#2468,#2466,#1391,.T.);
#3107=EDGE_CURVE('',#2467,#2468,#1392,.T.);
#3108=EDGE_CURVE('',#2469,#2467,#1393,.T.);
#3109=EDGE_CURVE('',#2470,#2468,#1394,.T.);
#3110=EDGE_CURVE('',#2469,#2470,#1395,.T.);
#3111=EDGE_CURVE('',#2440,#2469,#1396,.T.);
#3112=EDGE_CURVE('',#2441,#2470,#1397,.T.);
#3113=EDGE_CURVE('',#2471,#2472,#269,.T.);
#3114=EDGE_CURVE('',#2471,#2473,#1398,.T.);
#3115=EDGE_CURVE('',#2474,#2473,#270,.T.);
#3116=EDGE_CURVE('',#2472,#2474,#1399,.T.);
#3117=EDGE_CURVE('',#2472,#2475,#1400,.T.);
#3118=EDGE_CURVE('',#2476,#2474,#1401,.T.);
#3119=EDGE_CURVE('',#2475,#2476,#1402,.T.);
#3120=EDGE_CURVE('',#2475,#2477,#271,.T.);
#3121=EDGE_CURVE('',#2478,#2476,#272,.T.);
#3122=EDGE_CURVE('',#2477,#2478,#1403,.T.);
#3123=EDGE_CURVE('',#2477,#2479,#273,.T.);
#3124=EDGE_CURVE('',#2480,#2478,#274,.T.);
#3125=EDGE_CURVE('',#2479,#2480,#1404,.T.);
#3126=EDGE_CURVE('',#2479,#2481,#275,.T.);
#3127=EDGE_CURVE('',#2482,#2480,#276,.T.);
#3128=EDGE_CURVE('',#2481,#2482,#1405,.T.);
#3129=EDGE_CURVE('',#2481,#2483,#277,.T.);
#3130=EDGE_CURVE('',#2484,#2482,#278,.T.);
#3131=EDGE_CURVE('',#2483,#2484,#1406,.T.);
#3132=EDGE_CURVE('',#2483,#2485,#279,.T.);
#3133=EDGE_CURVE('',#2486,#2484,#280,.T.);
#3134=EDGE_CURVE('',#2485,#2486,#1407,.T.);
#3135=EDGE_CURVE('',#2485,#2487,#281,.T.);
#3136=EDGE_CURVE('',#2488,#2486,#282,.T.);
#3137=EDGE_CURVE('',#2487,#2488,#1408,.T.);
#3138=EDGE_CURVE('',#2487,#2489,#283,.T.);
#3139=EDGE_CURVE('',#2490,#2488,#284,.T.);
#3140=EDGE_CURVE('',#2489,#2490,#1409,.T.);
#3141=EDGE_CURVE('',#2489,#2491,#285,.T.);
#3142=EDGE_CURVE('',#2492,#2490,#286,.T.);
#3143=EDGE_CURVE('',#2491,#2492,#1410,.T.);
#3144=EDGE_CURVE('',#2491,#2493,#287,.T.);
#3145=EDGE_CURVE('',#2494,#2492,#288,.T.);
#3146=EDGE_CURVE('',#2493,#2494,#1411,.T.);
#3147=EDGE_CURVE('',#2493,#2495,#289,.T.);
#3148=EDGE_CURVE('',#2496,#2494,#290,.T.);
#3149=EDGE_CURVE('',#2495,#2496,#1412,.T.);
#3150=EDGE_CURVE('',#2495,#2497,#291,.T.);
#3151=EDGE_CURVE('',#2498,#2496,#292,.T.);
#3152=EDGE_CURVE('',#2497,#2498,#1413,.T.);
#3153=EDGE_CURVE('',#2497,#2499,#293,.T.);
#3154=EDGE_CURVE('',#2500,#2498,#294,.T.);
#3155=EDGE_CURVE('',#2499,#2500,#1414,.T.);
#3156=EDGE_CURVE('',#2499,#2501,#295,.T.);
#3157=EDGE_CURVE('',#2502,#2500,#296,.T.);
#3158=EDGE_CURVE('',#2501,#2502,#1415,.T.);
#3159=EDGE_CURVE('',#2501,#2503,#297,.T.);
#3160=EDGE_CURVE('',#2504,#2502,#298,.T.);
#3161=EDGE_CURVE('',#2503,#2504,#1416,.T.);
#3162=EDGE_CURVE('',#2503,#2505,#299,.T.);
#3163=EDGE_CURVE('',#2506,#2504,#300,.T.);
#3164=EDGE_CURVE('',#2505,#2506,#1417,.T.);
#3165=EDGE_CURVE('',#2505,#2507,#1418,.T.);
#3166=EDGE_CURVE('',#2508,#2506,#1419,.T.);
#3167=EDGE_CURVE('',#2507,#2508,#1420,.T.);
#3168=EDGE_CURVE('',#2507,#2509,#301,.T.);
#3169=EDGE_CURVE('',#2510,#2508,#302,.T.);
#3170=EDGE_CURVE('',#2509,#2510,#1421,.T.);
#3171=EDGE_CURVE('',#2509,#2471,#303,.T.);
#3172=EDGE_CURVE('',#2473,#2510,#304,.T.);
#3173=EDGE_CURVE('',#2511,#2512,#1422,.T.);
#3174=EDGE_CURVE('',#2511,#2513,#1423,.T.);
#3175=EDGE_CURVE('',#2514,#2513,#1424,.T.);
#3176=EDGE_CURVE('',#2512,#2514,#1425,.T.);
#3177=EDGE_CURVE('',#2512,#2515,#1426,.T.);
#3178=EDGE_CURVE('',#2516,#2514,#1427,.T.);
#3179=EDGE_CURVE('',#2515,#2516,#1428,.T.);
#3180=EDGE_CURVE('',#2515,#2517,#1429,.T.);
#3181=EDGE_CURVE('',#2518,#2516,#1430,.T.);
#3182=EDGE_CURVE('',#2517,#2518,#1431,.T.);
#3183=EDGE_CURVE('',#2517,#2519,#1432,.T.);
#3184=EDGE_CURVE('',#2520,#2518,#1433,.T.);
#3185=EDGE_CURVE('',#2519,#2520,#1434,.T.);
#3186=EDGE_CURVE('',#2519,#2521,#1435,.T.);
#3187=EDGE_CURVE('',#2522,#2520,#1436,.T.);
#3188=EDGE_CURVE('',#2521,#2522,#1437,.T.);
#3189=EDGE_CURVE('',#2521,#2523,#305,.T.);
#3190=EDGE_CURVE('',#2524,#2522,#306,.T.);
#3191=EDGE_CURVE('',#2523,#2524,#1438,.T.);
#3192=EDGE_CURVE('',#2523,#2525,#307,.T.);
#3193=EDGE_CURVE('',#2526,#2524,#308,.T.);
#3194=EDGE_CURVE('',#2525,#2526,#1439,.T.);
#3195=EDGE_CURVE('',#2525,#2527,#309,.T.);
#3196=EDGE_CURVE('',#2528,#2526,#310,.T.);
#3197=EDGE_CURVE('',#2527,#2528,#1440,.T.);
#3198=EDGE_CURVE('',#2527,#2529,#311,.T.);
#3199=EDGE_CURVE('',#2530,#2528,#312,.T.);
#3200=EDGE_CURVE('',#2529,#2530,#1441,.T.);
#3201=EDGE_CURVE('',#2529,#2531,#1442,.T.);
#3202=EDGE_CURVE('',#2532,#2530,#1443,.T.);
#3203=EDGE_CURVE('',#2531,#2532,#1444,.T.);
#3204=EDGE_CURVE('',#2531,#2533,#1445,.T.);
#3205=EDGE_CURVE('',#2534,#2532,#1446,.T.);
#3206=EDGE_CURVE('',#2533,#2534,#1447,.T.);
#3207=EDGE_CURVE('',#2533,#2535,#1448,.T.);
#3208=EDGE_CURVE('',#2536,#2534,#1449,.T.);
#3209=EDGE_CURVE('',#2535,#2536,#1450,.T.);
#3210=EDGE_CURVE('',#2535,#2511,#313,.T.);
#3211=EDGE_CURVE('',#2513,#2536,#314,.T.);
#3212=EDGE_CURVE('',#2537,#2538,#1451,.T.);
#3213=EDGE_CURVE('',#2537,#2539,#1452,.T.);
#3214=EDGE_CURVE('',#2540,#2539,#1453,.T.);
#3215=EDGE_CURVE('',#2538,#2540,#1454,.T.);
#3216=EDGE_CURVE('',#2538,#2541,#1455,.T.);
#3217=EDGE_CURVE('',#2542,#2540,#1456,.T.);
#3218=EDGE_CURVE('',#2541,#2542,#1457,.T.);
#3219=EDGE_CURVE('',#2541,#2543,#1458,.T.);
#3220=EDGE_CURVE('',#2544,#2542,#1459,.T.);
#3221=EDGE_CURVE('',#2543,#2544,#1460,.T.);
#3222=EDGE_CURVE('',#2543,#2545,#1461,.T.);
#3223=EDGE_CURVE('',#2546,#2544,#1462,.T.);
#3224=EDGE_CURVE('',#2545,#2546,#1463,.T.);
#3225=EDGE_CURVE('',#2545,#2547,#1464,.T.);
#3226=EDGE_CURVE('',#2548,#2546,#1465,.T.);
#3227=EDGE_CURVE('',#2547,#2548,#1466,.T.);
#3228=EDGE_CURVE('',#2547,#2549,#315,.T.);
#3229=EDGE_CURVE('',#2550,#2548,#316,.T.);
#3230=EDGE_CURVE('',#2549,#2550,#1467,.T.);
#3231=EDGE_CURVE('',#2549,#2551,#317,.T.);
#3232=EDGE_CURVE('',#2552,#2550,#318,.T.);
#3233=EDGE_CURVE('',#2551,#2552,#1468,.T.);
#3234=EDGE_CURVE('',#2551,#2553,#319,.T.);
#3235=EDGE_CURVE('',#2554,#2552,#320,.T.);
#3236=EDGE_CURVE('',#2553,#2554,#1469,.T.);
#3237=EDGE_CURVE('',#2553,#2555,#321,.T.);
#3238=EDGE_CURVE('',#2556,#2554,#322,.T.);
#3239=EDGE_CURVE('',#2555,#2556,#1470,.T.);
#3240=EDGE_CURVE('',#2555,#2557,#1471,.T.);
#3241=EDGE_CURVE('',#2558,#2556,#1472,.T.);
#3242=EDGE_CURVE('',#2557,#2558,#1473,.T.);
#3243=EDGE_CURVE('',#2557,#2559,#1474,.T.);
#3244=EDGE_CURVE('',#2560,#2558,#1475,.T.);
#3245=EDGE_CURVE('',#2559,#2560,#1476,.T.);
#3246=EDGE_CURVE('',#2559,#2561,#1477,.T.);
#3247=EDGE_CURVE('',#2562,#2560,#1478,.T.);
#3248=EDGE_CURVE('',#2561,#2562,#1479,.T.);
#3249=EDGE_CURVE('',#2561,#2537,#323,.T.);
#3250=EDGE_CURVE('',#2539,#2562,#324,.T.);
#3251=EDGE_CURVE('',#2563,#2564,#325,.T.);
#3252=EDGE_CURVE('',#2564,#2565,#1480,.T.);
#3253=EDGE_CURVE('',#2566,#2565,#326,.T.);
#3254=EDGE_CURVE('',#2563,#2566,#1481,.T.);
#3255=EDGE_CURVE('',#2567,#2563,#327,.T.);
#3256=EDGE_CURVE('',#2568,#2566,#328,.T.);
#3257=EDGE_CURVE('',#2567,#2568,#1482,.T.);
#3258=EDGE_CURVE('',#2569,#2567,#329,.T.);
#3259=EDGE_CURVE('',#2570,#2568,#330,.T.);
#3260=EDGE_CURVE('',#2569,#2570,#1483,.T.);
#3261=EDGE_CURVE('',#2571,#2569,#1484,.T.);
#3262=EDGE_CURVE('',#2572,#2570,#1485,.T.);
#3263=EDGE_CURVE('',#2571,#2572,#1486,.T.);
#3264=EDGE_CURVE('',#2573,#2571,#331,.T.);
#3265=EDGE_CURVE('',#2574,#2572,#332,.T.);
#3266=EDGE_CURVE('',#2573,#2574,#1487,.T.);
#3267=EDGE_CURVE('',#2575,#2573,#333,.T.);
#3268=EDGE_CURVE('',#2576,#2574,#334,.T.);
#3269=EDGE_CURVE('',#2575,#2576,#1488,.T.);
#3270=EDGE_CURVE('',#2577,#2575,#335,.T.);
#3271=EDGE_CURVE('',#2578,#2576,#336,.T.);
#3272=EDGE_CURVE('',#2577,#2578,#1489,.T.);
#3273=EDGE_CURVE('',#2579,#2577,#337,.T.);
#3274=EDGE_CURVE('',#2580,#2578,#338,.T.);
#3275=EDGE_CURVE('',#2579,#2580,#1490,.T.);
#3276=EDGE_CURVE('',#2581,#2579,#1491,.T.);
#3277=EDGE_CURVE('',#2582,#2580,#1492,.T.);
#3278=EDGE_CURVE('',#2581,#2582,#1493,.T.);
#3279=EDGE_CURVE('',#2583,#2581,#1494,.T.);
#3280=EDGE_CURVE('',#2584,#2582,#1495,.T.);
#3281=EDGE_CURVE('',#2583,#2584,#1496,.T.);
#3282=EDGE_CURVE('',#2585,#2583,#1497,.T.);
#3283=EDGE_CURVE('',#2586,#2584,#1498,.T.);
#3284=EDGE_CURVE('',#2585,#2586,#1499,.T.);
#3285=EDGE_CURVE('',#2587,#2585,#1500,.T.);
#3286=EDGE_CURVE('',#2588,#2586,#1501,.T.);
#3287=EDGE_CURVE('',#2587,#2588,#1502,.T.);
#3288=EDGE_CURVE('',#2589,#2587,#1503,.T.);
#3289=EDGE_CURVE('',#2590,#2588,#1504,.T.);
#3290=EDGE_CURVE('',#2589,#2590,#1505,.T.);
#3291=EDGE_CURVE('',#2591,#2589,#1506,.T.);
#3292=EDGE_CURVE('',#2592,#2590,#1507,.T.);
#3293=EDGE_CURVE('',#2591,#2592,#1508,.T.);
#3294=EDGE_CURVE('',#2593,#2591,#1509,.T.);
#3295=EDGE_CURVE('',#2594,#2592,#1510,.T.);
#3296=EDGE_CURVE('',#2593,#2594,#1511,.T.);
#3297=EDGE_CURVE('',#2595,#2593,#1512,.T.);
#3298=EDGE_CURVE('',#2596,#2594,#1513,.T.);
#3299=EDGE_CURVE('',#2595,#2596,#1514,.T.);
#3300=EDGE_CURVE('',#2597,#2595,#1515,.T.);
#3301=EDGE_CURVE('',#2598,#2596,#1516,.T.);
#3302=EDGE_CURVE('',#2597,#2598,#1517,.T.);
#3303=EDGE_CURVE('',#2599,#2597,#1518,.T.);
#3304=EDGE_CURVE('',#2600,#2598,#1519,.T.);
#3305=EDGE_CURVE('',#2599,#2600,#1520,.T.);
#3306=EDGE_CURVE('',#2564,#2599,#1521,.T.);
#3307=EDGE_CURVE('',#2565,#2600,#1522,.T.);
#3308=EDGE_CURVE('',#2601,#2601,#339,.T.);
#3309=EDGE_CURVE('',#2602,#2602,#340,.T.);
#3310=EDGE_CURVE('',#2603,#2603,#341,.T.);
#3311=EDGE_CURVE('',#2604,#2604,#342,.T.);
#3312=EDGE_CURVE('',#2605,#2606,#1523,.T.);
#3313=EDGE_CURVE('',#2606,#2607,#1524,.T.);
#3314=EDGE_CURVE('',#2608,#2607,#1525,.T.);
#3315=EDGE_CURVE('',#2605,#2608,#1526,.T.);
#3316=EDGE_CURVE('',#2609,#2605,#1527,.T.);
#3317=EDGE_CURVE('',#2610,#2608,#1528,.T.);
#3318=EDGE_CURVE('',#2609,#2610,#1529,.T.);
#3319=EDGE_CURVE('',#2611,#2609,#1530,.T.);
#3320=EDGE_CURVE('',#2612,#2610,#1531,.T.);
#3321=EDGE_CURVE('',#2611,#2612,#1532,.T.);
#3322=EDGE_CURVE('',#2606,#2611,#1533,.T.);
#3323=EDGE_CURVE('',#2607,#2612,#1534,.T.);
#3324=EDGE_CURVE('',#2613,#2614,#1535,.T.);
#3325=EDGE_CURVE('',#2613,#2615,#1536,.T.);
#3326=EDGE_CURVE('',#2616,#2615,#1537,.T.);
#3327=EDGE_CURVE('',#2614,#2616,#1538,.T.);
#3328=EDGE_CURVE('',#2614,#2617,#1539,.T.);
#3329=EDGE_CURVE('',#2618,#2616,#1540,.T.);
#3330=EDGE_CURVE('',#2617,#2618,#1541,.T.);
#3331=EDGE_CURVE('',#2617,#2619,#1542,.T.);
#3332=EDGE_CURVE('',#2620,#2618,#1543,.T.);
#3333=EDGE_CURVE('',#2619,#2620,#1544,.T.);
#3334=EDGE_CURVE('',#2619,#2613,#1545,.T.);
#3335=EDGE_CURVE('',#2615,#2620,#1546,.T.);
#3336=EDGE_CURVE('',#2621,#2622,#1547,.T.);
#3337=EDGE_CURVE('',#2621,#2623,#1548,.T.);
#3338=EDGE_CURVE('',#2624,#2623,#1549,.T.);
#3339=EDGE_CURVE('',#2622,#2624,#1550,.T.);
#3340=EDGE_CURVE('',#2622,#2625,#1551,.T.);
#3341=EDGE_CURVE('',#2626,#2624,#1552,.T.);
#3342=EDGE_CURVE('',#2625,#2626,#1553,.T.);
#3343=EDGE_CURVE('',#2625,#2627,#1554,.T.);
#3344=EDGE_CURVE('',#2628,#2626,#1555,.T.);
#3345=EDGE_CURVE('',#2627,#2628,#1556,.T.);
#3346=EDGE_CURVE('',#2627,#2621,#1557,.T.);
#3347=EDGE_CURVE('',#2623,#2628,#1558,.T.);
#3348=EDGE_CURVE('',#2629,#2630,#1559,.T.);
#3349=EDGE_CURVE('',#2629,#2631,#1560,.T.);
#3350=EDGE_CURVE('',#2632,#2631,#1561,.T.);
#3351=EDGE_CURVE('',#2630,#2632,#1562,.T.);
#3352=EDGE_CURVE('',#2630,#2633,#1563,.T.);
#3353=EDGE_CURVE('',#2634,#2632,#1564,.T.);
#3354=EDGE_CURVE('',#2633,#2634,#1565,.T.);
#3355=EDGE_CURVE('',#2633,#2635,#1566,.T.);
#3356=EDGE_CURVE('',#2636,#2634,#1567,.T.);
#3357=EDGE_CURVE('',#2635,#2636,#1568,.T.);
#3358=EDGE_CURVE('',#2635,#2637,#1569,.T.);
#3359=EDGE_CURVE('',#2638,#2636,#1570,.T.);
#3360=EDGE_CURVE('',#2637,#2638,#1571,.T.);
#3361=EDGE_CURVE('',#2637,#2639,#1572,.T.);
#3362=EDGE_CURVE('',#2640,#2638,#1573,.T.);
#3363=EDGE_CURVE('',#2639,#2640,#1574,.T.);
#3364=EDGE_CURVE('',#2639,#2641,#343,.T.);
#3365=EDGE_CURVE('',#2642,#2640,#344,.T.);
#3366=EDGE_CURVE('',#2641,#2642,#1575,.T.);
#3367=EDGE_CURVE('',#2641,#2643,#345,.T.);
#3368=EDGE_CURVE('',#2644,#2642,#346,.T.);
#3369=EDGE_CURVE('',#2643,#2644,#1576,.T.);
#3370=EDGE_CURVE('',#2643,#2645,#347,.T.);
#3371=EDGE_CURVE('',#2646,#2644,#348,.T.);
#3372=EDGE_CURVE('',#2645,#2646,#1577,.T.);
#3373=EDGE_CURVE('',#2645,#2647,#349,.T.);
#3374=EDGE_CURVE('',#2648,#2646,#350,.T.);
#3375=EDGE_CURVE('',#2647,#2648,#1578,.T.);
#3376=EDGE_CURVE('',#2647,#2649,#1579,.T.);
#3377=EDGE_CURVE('',#2650,#2648,#1580,.T.);
#3378=EDGE_CURVE('',#2649,#2650,#1581,.T.);
#3379=EDGE_CURVE('',#2649,#2651,#1582,.T.);
#3380=EDGE_CURVE('',#2652,#2650,#1583,.T.);
#3381=EDGE_CURVE('',#2651,#2652,#1584,.T.);
#3382=EDGE_CURVE('',#2651,#2653,#1585,.T.);
#3383=EDGE_CURVE('',#2654,#2652,#1586,.T.);
#3384=EDGE_CURVE('',#2653,#2654,#1587,.T.);
#3385=EDGE_CURVE('',#2653,#2629,#351,.T.);
#3386=EDGE_CURVE('',#2631,#2654,#352,.T.);
#3387=EDGE_CURVE('',#2655,#2656,#353,.T.);
#3388=EDGE_CURVE('',#2655,#2657,#1588,.T.);
#3389=EDGE_CURVE('',#2658,#2657,#354,.T.);
#3390=EDGE_CURVE('',#2656,#2658,#1589,.T.);
#3391=EDGE_CURVE('',#2659,#2655,#1590,.T.);
#3392=EDGE_CURVE('',#2659,#2660,#1591,.T.);
#3393=EDGE_CURVE('',#2657,#2660,#1592,.T.);
#3394=EDGE_CURVE('',#2661,#2659,#1593,.T.);
#3395=EDGE_CURVE('',#2661,#2662,#1594,.T.);
#3396=EDGE_CURVE('',#2660,#2662,#1595,.T.);
#3397=EDGE_CURVE('',#2663,#2661,#355,.T.);
#3398=EDGE_CURVE('',#2663,#2664,#1596,.T.);
#3399=EDGE_CURVE('',#2662,#2664,#356,.T.);
#3400=EDGE_CURVE('',#2665,#2663,#357,.T.);
#3401=EDGE_CURVE('',#2665,#2666,#1597,.T.);
#3402=EDGE_CURVE('',#2664,#2666,#358,.T.);
#3403=EDGE_CURVE('',#2667,#2665,#359,.T.);
#3404=EDGE_CURVE('',#2667,#2668,#1598,.T.);
#3405=EDGE_CURVE('',#2666,#2668,#360,.T.);
#3406=EDGE_CURVE('',#2669,#2667,#361,.T.);
#3407=EDGE_CURVE('',#2669,#2670,#1599,.T.);
#3408=EDGE_CURVE('',#2668,#2670,#362,.T.);
#3409=EDGE_CURVE('',#2671,#2669,#363,.T.);
#3410=EDGE_CURVE('',#2671,#2672,#1600,.T.);
#3411=EDGE_CURVE('',#2670,#2672,#364,.T.);
#3412=EDGE_CURVE('',#2656,#2671,#365,.T.);
#3413=EDGE_CURVE('',#2672,#2658,#366,.T.);
#3414=EDGE_CURVE('',#2673,#2674,#367,.T.);
#3415=EDGE_CURVE('',#2674,#2675,#1601,.T.);
#3416=EDGE_CURVE('',#2676,#2675,#368,.T.);
#3417=EDGE_CURVE('',#2673,#2676,#1602,.T.);
#3418=EDGE_CURVE('',#2677,#2673,#369,.T.);
#3419=EDGE_CURVE('',#2678,#2676,#370,.T.);
#3420=EDGE_CURVE('',#2677,#2678,#1603,.T.);
#3421=EDGE_CURVE('',#2679,#2677,#371,.T.);
#3422=EDGE_CURVE('',#2680,#2678,#372,.T.);
#3423=EDGE_CURVE('',#2679,#2680,#1604,.T.);
#3424=EDGE_CURVE('',#2681,#2679,#373,.T.);
#3425=EDGE_CURVE('',#2682,#2680,#374,.T.);
#3426=EDGE_CURVE('',#2681,#2682,#1605,.T.);
#3427=EDGE_CURVE('',#2683,#2681,#375,.T.);
#3428=EDGE_CURVE('',#2684,#2682,#376,.T.);
#3429=EDGE_CURVE('',#2683,#2684,#1606,.T.);
#3430=EDGE_CURVE('',#2685,#2683,#377,.T.);
#3431=EDGE_CURVE('',#2686,#2684,#378,.T.);
#3432=EDGE_CURVE('',#2685,#2686,#1607,.T.);
#3433=EDGE_CURVE('',#2687,#2685,#379,.T.);
#3434=EDGE_CURVE('',#2688,#2686,#380,.T.);
#3435=EDGE_CURVE('',#2687,#2688,#1608,.T.);
#3436=EDGE_CURVE('',#2689,#2687,#1609,.T.);
#3437=EDGE_CURVE('',#2690,#2688,#1610,.T.);
#3438=EDGE_CURVE('',#2689,#2690,#1611,.T.);
#3439=EDGE_CURVE('',#2691,#2689,#1612,.T.);
#3440=EDGE_CURVE('',#2692,#2690,#1613,.T.);
#3441=EDGE_CURVE('',#2691,#2692,#1614,.T.);
#3442=EDGE_CURVE('',#2693,#2691,#381,.T.);
#3443=EDGE_CURVE('',#2694,#2692,#382,.T.);
#3444=EDGE_CURVE('',#2693,#2694,#1615,.T.);
#3445=EDGE_CURVE('',#2695,#2693,#383,.T.);
#3446=EDGE_CURVE('',#2696,#2694,#384,.T.);
#3447=EDGE_CURVE('',#2695,#2696,#1616,.T.);
#3448=EDGE_CURVE('',#2697,#2695,#385,.T.);
#3449=EDGE_CURVE('',#2698,#2696,#386,.T.);
#3450=EDGE_CURVE('',#2697,#2698,#1617,.T.);
#3451=EDGE_CURVE('',#2699,#2697,#387,.T.);
#3452=EDGE_CURVE('',#2700,#2698,#388,.T.);
#3453=EDGE_CURVE('',#2699,#2700,#1618,.T.);
#3454=EDGE_CURVE('',#2701,#2699,#389,.T.);
#3455=EDGE_CURVE('',#2702,#2700,#390,.T.);
#3456=EDGE_CURVE('',#2701,#2702,#1619,.T.);
#3457=EDGE_CURVE('',#2703,#2701,#391,.T.);
#3458=EDGE_CURVE('',#2704,#2702,#392,.T.);
#3459=EDGE_CURVE('',#2703,#2704,#1620,.T.);
#3460=EDGE_CURVE('',#2705,#2703,#393,.T.);
#3461=EDGE_CURVE('',#2706,#2704,#394,.T.);
#3462=EDGE_CURVE('',#2705,#2706,#1621,.T.);
#3463=EDGE_CURVE('',#2707,#2705,#395,.T.);
#3464=EDGE_CURVE('',#2708,#2706,#396,.T.);
#3465=EDGE_CURVE('',#2707,#2708,#1622,.T.);
#3466=EDGE_CURVE('',#2709,#2707,#397,.T.);
#3467=EDGE_CURVE('',#2710,#2708,#398,.T.);
#3468=EDGE_CURVE('',#2709,#2710,#1623,.T.);
#3469=EDGE_CURVE('',#2711,#2709,#1624,.T.);
#3470=EDGE_CURVE('',#2712,#2710,#1625,.T.);
#3471=EDGE_CURVE('',#2711,#2712,#1626,.T.);
#3472=EDGE_CURVE('',#2713,#2711,#1627,.T.);
#3473=EDGE_CURVE('',#2714,#2712,#1628,.T.);
#3474=EDGE_CURVE('',#2713,#2714,#1629,.T.);
#3475=EDGE_CURVE('',#2715,#2713,#399,.T.);
#3476=EDGE_CURVE('',#2716,#2714,#400,.T.);
#3477=EDGE_CURVE('',#2715,#2716,#1630,.T.);
#3478=EDGE_CURVE('',#2717,#2715,#401,.T.);
#3479=EDGE_CURVE('',#2718,#2716,#402,.T.);
#3480=EDGE_CURVE('',#2717,#2718,#1631,.T.);
#3481=EDGE_CURVE('',#2719,#2717,#403,.T.);
#3482=EDGE_CURVE('',#2720,#2718,#404,.T.);
#3483=EDGE_CURVE('',#2719,#2720,#1632,.T.);
#3484=EDGE_CURVE('',#2721,#2719,#405,.T.);
#3485=EDGE_CURVE('',#2722,#2720,#406,.T.);
#3486=EDGE_CURVE('',#2721,#2722,#1633,.T.);
#3487=EDGE_CURVE('',#2723,#2721,#407,.T.);
#3488=EDGE_CURVE('',#2724,#2722,#408,.T.);
#3489=EDGE_CURVE('',#2723,#2724,#1634,.T.);
#3490=EDGE_CURVE('',#2725,#2723,#409,.T.);
#3491=EDGE_CURVE('',#2726,#2724,#410,.T.);
#3492=EDGE_CURVE('',#2725,#2726,#1635,.T.);
#3493=EDGE_CURVE('',#2727,#2725,#411,.T.);
#3494=EDGE_CURVE('',#2728,#2726,#412,.T.);
#3495=EDGE_CURVE('',#2727,#2728,#1636,.T.);
#3496=EDGE_CURVE('',#2729,#2727,#413,.T.);
#3497=EDGE_CURVE('',#2730,#2728,#414,.T.);
#3498=EDGE_CURVE('',#2729,#2730,#1637,.T.);
#3499=EDGE_CURVE('',#2731,#2729,#415,.T.);
#3500=EDGE_CURVE('',#2732,#2730,#416,.T.);
#3501=EDGE_CURVE('',#2731,#2732,#1638,.T.);
#3502=EDGE_CURVE('',#2733,#2731,#417,.T.);
#3503=EDGE_CURVE('',#2734,#2732,#418,.T.);
#3504=EDGE_CURVE('',#2733,#2734,#1639,.T.);
#3505=EDGE_CURVE('',#2735,#2733,#419,.T.);
#3506=EDGE_CURVE('',#2736,#2734,#420,.T.);
#3507=EDGE_CURVE('',#2735,#2736,#1640,.T.);
#3508=EDGE_CURVE('',#2737,#2735,#421,.T.);
#3509=EDGE_CURVE('',#2738,#2736,#422,.T.);
#3510=EDGE_CURVE('',#2737,#2738,#1641,.T.);
#3511=EDGE_CURVE('',#2739,#2737,#423,.T.);
#3512=EDGE_CURVE('',#2740,#2738,#424,.T.);
#3513=EDGE_CURVE('',#2739,#2740,#1642,.T.);
#3514=EDGE_CURVE('',#2741,#2739,#425,.T.);
#3515=EDGE_CURVE('',#2742,#2740,#426,.T.);
#3516=EDGE_CURVE('',#2741,#2742,#1643,.T.);
#3517=EDGE_CURVE('',#2743,#2741,#427,.T.);
#3518=EDGE_CURVE('',#2744,#2742,#428,.T.);
#3519=EDGE_CURVE('',#2743,#2744,#1644,.T.);
#3520=EDGE_CURVE('',#2674,#2743,#429,.T.);
#3521=EDGE_CURVE('',#2675,#2744,#430,.T.);
#3522=EDGE_CURVE('',#2745,#2746,#431,.T.);
#3523=EDGE_CURVE('',#2745,#2747,#1645,.T.);
#3524=EDGE_CURVE('',#2748,#2747,#432,.T.);
#3525=EDGE_CURVE('',#2746,#2748,#1646,.T.);
#3526=EDGE_CURVE('',#2749,#2745,#433,.T.);
#3527=EDGE_CURVE('',#2749,#2750,#1647,.T.);
#3528=EDGE_CURVE('',#2747,#2750,#434,.T.);
#3529=EDGE_CURVE('',#2751,#2749,#435,.T.);
#3530=EDGE_CURVE('',#2751,#2752,#1648,.T.);
#3531=EDGE_CURVE('',#2750,#2752,#436,.T.);
#3532=EDGE_CURVE('',#2753,#2751,#437,.T.);
#3533=EDGE_CURVE('',#2753,#2754,#1649,.T.);
#3534=EDGE_CURVE('',#2752,#2754,#438,.T.);
#3535=EDGE_CURVE('',#2755,#2753,#439,.T.);
#3536=EDGE_CURVE('',#2755,#2756,#1650,.T.);
#3537=EDGE_CURVE('',#2754,#2756,#440,.T.);
#3538=EDGE_CURVE('',#2757,#2755,#441,.T.);
#3539=EDGE_CURVE('',#2757,#2758,#1651,.T.);
#3540=EDGE_CURVE('',#2756,#2758,#442,.T.);
#3541=EDGE_CURVE('',#2759,#2757,#443,.T.);
#3542=EDGE_CURVE('',#2759,#2760,#1652,.T.);
#3543=EDGE_CURVE('',#2758,#2760,#444,.T.);
#3544=EDGE_CURVE('',#2761,#2759,#445,.T.);
#3545=EDGE_CURVE('',#2761,#2762,#1653,.T.);
#3546=EDGE_CURVE('',#2760,#2762,#446,.T.);
#3547=EDGE_CURVE('',#2763,#2761,#447,.T.);
#3548=EDGE_CURVE('',#2763,#2764,#1654,.T.);
#3549=EDGE_CURVE('',#2762,#2764,#448,.T.);
#3550=EDGE_CURVE('',#2765,#2763,#449,.T.);
#3551=EDGE_CURVE('',#2765,#2766,#1655,.T.);
#3552=EDGE_CURVE('',#2764,#2766,#450,.T.);
#3553=EDGE_CURVE('',#2767,#2765,#451,.T.);
#3554=EDGE_CURVE('',#2767,#2768,#1656,.T.);
#3555=EDGE_CURVE('',#2766,#2768,#452,.T.);
#3556=EDGE_CURVE('',#2769,#2767,#453,.T.);
#3557=EDGE_CURVE('',#2769,#2770,#1657,.T.);
#3558=EDGE_CURVE('',#2768,#2770,#454,.T.);
#3559=EDGE_CURVE('',#2771,#2769,#455,.T.);
#3560=EDGE_CURVE('',#2771,#2772,#1658,.T.);
#3561=EDGE_CURVE('',#2770,#2772,#456,.T.);
#3562=EDGE_CURVE('',#2773,#2771,#457,.T.);
#3563=EDGE_CURVE('',#2773,#2774,#1659,.T.);
#3564=EDGE_CURVE('',#2772,#2774,#458,.T.);
#3565=EDGE_CURVE('',#2775,#2773,#459,.T.);
#3566=EDGE_CURVE('',#2775,#2776,#1660,.T.);
#3567=EDGE_CURVE('',#2774,#2776,#460,.T.);
#3568=EDGE_CURVE('',#2777,#2775,#461,.T.);
#3569=EDGE_CURVE('',#2777,#2778,#1661,.T.);
#3570=EDGE_CURVE('',#2776,#2778,#462,.T.);
#3571=EDGE_CURVE('',#2779,#2777,#463,.T.);
#3572=EDGE_CURVE('',#2779,#2780,#1662,.T.);
#3573=EDGE_CURVE('',#2778,#2780,#464,.T.);
#3574=EDGE_CURVE('',#2781,#2779,#465,.T.);
#3575=EDGE_CURVE('',#2781,#2782,#1663,.T.);
#3576=EDGE_CURVE('',#2780,#2782,#466,.T.);
#3577=EDGE_CURVE('',#2783,#2781,#467,.T.);
#3578=EDGE_CURVE('',#2783,#2784,#1664,.T.);
#3579=EDGE_CURVE('',#2782,#2784,#468,.T.);
#3580=EDGE_CURVE('',#2785,#2783,#469,.T.);
#3581=EDGE_CURVE('',#2785,#2786,#1665,.T.);
#3582=EDGE_CURVE('',#2784,#2786,#470,.T.);
#3583=EDGE_CURVE('',#2787,#2785,#471,.T.);
#3584=EDGE_CURVE('',#2787,#2788,#1666,.T.);
#3585=EDGE_CURVE('',#2786,#2788,#472,.T.);
#3586=EDGE_CURVE('',#2789,#2787,#473,.T.);
#3587=EDGE_CURVE('',#2789,#2790,#1667,.T.);
#3588=EDGE_CURVE('',#2788,#2790,#474,.T.);
#3589=EDGE_CURVE('',#2791,#2789,#475,.T.);
#3590=EDGE_CURVE('',#2791,#2792,#1668,.T.);
#3591=EDGE_CURVE('',#2790,#2792,#476,.T.);
#3592=EDGE_CURVE('',#2793,#2791,#477,.T.);
#3593=EDGE_CURVE('',#2793,#2794,#1669,.T.);
#3594=EDGE_CURVE('',#2792,#2794,#478,.T.);
#3595=EDGE_CURVE('',#2795,#2793,#479,.T.);
#3596=EDGE_CURVE('',#2795,#2796,#1670,.T.);
#3597=EDGE_CURVE('',#2794,#2796,#480,.T.);
#3598=EDGE_CURVE('',#2797,#2795,#481,.T.);
#3599=EDGE_CURVE('',#2797,#2798,#1671,.T.);
#3600=EDGE_CURVE('',#2796,#2798,#482,.T.);
#3601=EDGE_CURVE('',#2799,#2797,#483,.T.);
#3602=EDGE_CURVE('',#2799,#2800,#1672,.T.);
#3603=EDGE_CURVE('',#2798,#2800,#484,.T.);
#3604=EDGE_CURVE('',#2801,#2799,#485,.T.);
#3605=EDGE_CURVE('',#2801,#2802,#1673,.T.);
#3606=EDGE_CURVE('',#2800,#2802,#486,.T.);
#3607=EDGE_CURVE('',#2803,#2801,#487,.T.);
#3608=EDGE_CURVE('',#2803,#2804,#1674,.T.);
#3609=EDGE_CURVE('',#2802,#2804,#488,.T.);
#3610=EDGE_CURVE('',#2805,#2803,#489,.T.);
#3611=EDGE_CURVE('',#2805,#2806,#1675,.T.);
#3612=EDGE_CURVE('',#2804,#2806,#490,.T.);
#3613=EDGE_CURVE('',#2807,#2805,#491,.T.);
#3614=EDGE_CURVE('',#2807,#2808,#1676,.T.);
#3615=EDGE_CURVE('',#2806,#2808,#492,.T.);
#3616=EDGE_CURVE('',#2809,#2807,#493,.T.);
#3617=EDGE_CURVE('',#2809,#2810,#1677,.T.);
#3618=EDGE_CURVE('',#2808,#2810,#494,.T.);
#3619=EDGE_CURVE('',#2811,#2809,#495,.T.);
#3620=EDGE_CURVE('',#2811,#2812,#1678,.T.);
#3621=EDGE_CURVE('',#2810,#2812,#496,.T.);
#3622=EDGE_CURVE('',#2813,#2811,#497,.T.);
#3623=EDGE_CURVE('',#2813,#2814,#1679,.T.);
#3624=EDGE_CURVE('',#2812,#2814,#498,.T.);
#3625=EDGE_CURVE('',#2815,#2813,#499,.T.);
#3626=EDGE_CURVE('',#2815,#2816,#1680,.T.);
#3627=EDGE_CURVE('',#2814,#2816,#500,.T.);
#3628=EDGE_CURVE('',#2746,#2815,#501,.T.);
#3629=EDGE_CURVE('',#2816,#2748,#502,.T.);
#3630=EDGE_CURVE('',#2817,#2818,#503,.T.);
#3631=EDGE_CURVE('',#2818,#2819,#1681,.T.);
#3632=EDGE_CURVE('',#2820,#2819,#504,.T.);
#3633=EDGE_CURVE('',#2817,#2820,#1682,.T.);
#3634=EDGE_CURVE('',#2821,#2817,#505,.T.);
#3635=EDGE_CURVE('',#2822,#2820,#506,.T.);
#3636=EDGE_CURVE('',#2821,#2822,#1683,.T.);
#3637=EDGE_CURVE('',#2823,#2821,#507,.T.);
#3638=EDGE_CURVE('',#2824,#2822,#508,.T.);
#3639=EDGE_CURVE('',#2823,#2824,#1684,.T.);
#3640=EDGE_CURVE('',#2825,#2823,#509,.T.);
#3641=EDGE_CURVE('',#2826,#2824,#510,.T.);
#3642=EDGE_CURVE('',#2825,#2826,#1685,.T.);
#3643=EDGE_CURVE('',#2827,#2825,#511,.T.);
#3644=EDGE_CURVE('',#2828,#2826,#512,.T.);
#3645=EDGE_CURVE('',#2827,#2828,#1686,.T.);
#3646=EDGE_CURVE('',#2829,#2827,#513,.T.);
#3647=EDGE_CURVE('',#2830,#2828,#514,.T.);
#3648=EDGE_CURVE('',#2829,#2830,#1687,.T.);
#3649=EDGE_CURVE('',#2831,#2829,#515,.T.);
#3650=EDGE_CURVE('',#2832,#2830,#516,.T.);
#3651=EDGE_CURVE('',#2831,#2832,#1688,.T.);
#3652=EDGE_CURVE('',#2833,#2831,#517,.T.);
#3653=EDGE_CURVE('',#2834,#2832,#518,.T.);
#3654=EDGE_CURVE('',#2833,#2834,#1689,.T.);
#3655=EDGE_CURVE('',#2835,#2833,#519,.T.);
#3656=EDGE_CURVE('',#2836,#2834,#520,.T.);
#3657=EDGE_CURVE('',#2835,#2836,#1690,.T.);
#3658=EDGE_CURVE('',#2837,#2835,#521,.T.);
#3659=EDGE_CURVE('',#2838,#2836,#522,.T.);
#3660=EDGE_CURVE('',#2837,#2838,#1691,.T.);
#3661=EDGE_CURVE('',#2839,#2837,#523,.T.);
#3662=EDGE_CURVE('',#2840,#2838,#524,.T.);
#3663=EDGE_CURVE('',#2839,#2840,#1692,.T.);
#3664=EDGE_CURVE('',#2841,#2839,#525,.T.);
#3665=EDGE_CURVE('',#2842,#2840,#526,.T.);
#3666=EDGE_CURVE('',#2841,#2842,#1693,.T.);
#3667=EDGE_CURVE('',#2843,#2841,#527,.T.);
#3668=EDGE_CURVE('',#2844,#2842,#528,.T.);
#3669=EDGE_CURVE('',#2843,#2844,#1694,.T.);
#3670=EDGE_CURVE('',#2845,#2843,#529,.T.);
#3671=EDGE_CURVE('',#2846,#2844,#530,.T.);
#3672=EDGE_CURVE('',#2845,#2846,#1695,.T.);
#3673=EDGE_CURVE('',#2847,#2845,#531,.T.);
#3674=EDGE_CURVE('',#2848,#2846,#532,.T.);
#3675=EDGE_CURVE('',#2847,#2848,#1696,.T.);
#3676=EDGE_CURVE('',#2849,#2847,#533,.T.);
#3677=EDGE_CURVE('',#2850,#2848,#534,.T.);
#3678=EDGE_CURVE('',#2849,#2850,#1697,.T.);
#3679=EDGE_CURVE('',#2851,#2849,#535,.T.);
#3680=EDGE_CURVE('',#2852,#2850,#536,.T.);
#3681=EDGE_CURVE('',#2851,#2852,#1698,.T.);
#3682=EDGE_CURVE('',#2853,#2851,#537,.T.);
#3683=EDGE_CURVE('',#2854,#2852,#538,.T.);
#3684=EDGE_CURVE('',#2853,#2854,#1699,.T.);
#3685=EDGE_CURVE('',#2855,#2853,#539,.T.);
#3686=EDGE_CURVE('',#2856,#2854,#540,.T.);
#3687=EDGE_CURVE('',#2855,#2856,#1700,.T.);
#3688=EDGE_CURVE('',#2818,#2855,#541,.T.);
#3689=EDGE_CURVE('',#2819,#2856,#542,.T.);
#3690=EDGE_CURVE('',#2857,#2858,#1701,.T.);
#3691=EDGE_CURVE('',#2857,#2859,#1702,.T.);
#3692=EDGE_CURVE('',#2860,#2859,#1703,.T.);
#3693=EDGE_CURVE('',#2858,#2860,#1704,.T.);
#3694=EDGE_CURVE('',#2858,#2861,#1705,.T.);
#3695=EDGE_CURVE('',#2862,#2860,#1706,.T.);
#3696=EDGE_CURVE('',#2861,#2862,#1707,.T.);
#3697=EDGE_CURVE('',#2861,#2863,#1708,.T.);
#3698=EDGE_CURVE('',#2864,#2862,#1709,.T.);
#3699=EDGE_CURVE('',#2863,#2864,#1710,.T.);
#3700=EDGE_CURVE('',#2863,#2857,#1711,.T.);
#3701=EDGE_CURVE('',#2859,#2864,#1712,.T.);
#3702=EDGE_CURVE('',#2865,#2866,#1713,.T.);
#3703=EDGE_CURVE('',#2866,#2867,#1714,.T.);
#3704=EDGE_CURVE('',#2868,#2867,#1715,.T.);
#3705=EDGE_CURVE('',#2865,#2868,#1716,.T.);
#3706=EDGE_CURVE('',#2869,#2865,#1717,.T.);
#3707=EDGE_CURVE('',#2870,#2868,#1718,.T.);
#3708=EDGE_CURVE('',#2869,#2870,#1719,.T.);
#3709=EDGE_CURVE('',#2871,#2869,#1720,.T.);
#3710=EDGE_CURVE('',#2872,#2870,#1721,.T.);
#3711=EDGE_CURVE('',#2871,#2872,#1722,.T.);
#3712=EDGE_CURVE('',#2866,#2871,#1723,.T.);
#3713=EDGE_CURVE('',#2867,#2872,#1724,.T.);
#3714=EDGE_CURVE('',#2873,#2874,#1725,.T.);
#3715=EDGE_CURVE('',#2873,#2875,#1726,.T.);
#3716=EDGE_CURVE('',#2876,#2875,#1727,.T.);
#3717=EDGE_CURVE('',#2874,#2876,#1728,.T.);
#3718=EDGE_CURVE('',#2874,#2877,#1729,.T.);
#3719=EDGE_CURVE('',#2878,#2876,#1730,.T.);
#3720=EDGE_CURVE('',#2877,#2878,#1731,.T.);
#3721=EDGE_CURVE('',#2877,#2879,#1732,.T.);
#3722=EDGE_CURVE('',#2880,#2878,#1733,.T.);
#3723=EDGE_CURVE('',#2879,#2880,#1734,.T.);
#3724=EDGE_CURVE('',#2879,#2881,#1735,.T.);
#3725=EDGE_CURVE('',#2882,#2880,#1736,.T.);
#3726=EDGE_CURVE('',#2881,#2882,#1737,.T.);
#3727=EDGE_CURVE('',#2881,#2883,#1738,.T.);
#3728=EDGE_CURVE('',#2884,#2882,#1739,.T.);
#3729=EDGE_CURVE('',#2883,#2884,#1740,.T.);
#3730=EDGE_CURVE('',#2883,#2885,#1741,.T.);
#3731=EDGE_CURVE('',#2886,#2884,#1742,.T.);
#3732=EDGE_CURVE('',#2885,#2886,#1743,.T.);
#3733=EDGE_CURVE('',#2885,#2887,#1744,.T.);
#3734=EDGE_CURVE('',#2888,#2886,#1745,.T.);
#3735=EDGE_CURVE('',#2887,#2888,#1746,.T.);
#3736=EDGE_CURVE('',#2887,#2889,#1747,.T.);
#3737=EDGE_CURVE('',#2890,#2888,#1748,.T.);
#3738=EDGE_CURVE('',#2889,#2890,#1749,.T.);
#3739=EDGE_CURVE('',#2889,#2891,#1750,.T.);
#3740=EDGE_CURVE('',#2892,#2890,#1751,.T.);
#3741=EDGE_CURVE('',#2891,#2892,#1752,.T.);
#3742=EDGE_CURVE('',#2891,#2893,#1753,.T.);
#3743=EDGE_CURVE('',#2894,#2892,#1754,.T.);
#3744=EDGE_CURVE('',#2893,#2894,#1755,.T.);
#3745=EDGE_CURVE('',#2893,#2895,#1756,.T.);
#3746=EDGE_CURVE('',#2896,#2894,#1757,.T.);
#3747=EDGE_CURVE('',#2895,#2896,#1758,.T.);
#3748=EDGE_CURVE('',#2895,#2873,#1759,.T.);
#3749=EDGE_CURVE('',#2875,#2896,#1760,.T.);
#3750=EDGE_CURVE('',#2897,#2898,#1761,.T.);
#3751=EDGE_CURVE('',#2898,#2899,#1762,.T.);
#3752=EDGE_CURVE('',#2900,#2899,#1763,.T.);
#3753=EDGE_CURVE('',#2897,#2900,#1764,.T.);
#3754=EDGE_CURVE('',#2901,#2902,#1765,.T.);
#3755=EDGE_CURVE('',#2902,#2903,#1766,.T.);
#3756=EDGE_CURVE('',#2904,#2903,#1767,.T.);
#3757=EDGE_CURVE('',#2901,#2904,#1768,.T.);
#3758=EDGE_CURVE('',#2900,#2901,#1769,.T.);
#3759=EDGE_CURVE('',#2897,#2904,#1770,.T.);
#3760=EDGE_CURVE('',#2902,#2899,#1771,.T.);
#3761=EDGE_CURVE('',#2898,#2903,#1772,.T.);
#3762=ORIENTED_EDGE('',*,*,#2905,.F.);
#3763=ORIENTED_EDGE('',*,*,#2906,.T.);
#3764=ORIENTED_EDGE('',*,*,#2907,.T.);
#3765=ORIENTED_EDGE('',*,*,#2908,.F.);
#3766=ORIENTED_EDGE('',*,*,#2909,.T.);
#3767=ORIENTED_EDGE('',*,*,#2905,.T.);
#3768=ORIENTED_EDGE('',*,*,#2910,.T.);
#3769=ORIENTED_EDGE('',*,*,#2911,.T.);
#3770=ORIENTED_EDGE('',*,*,#2912,.T.);
#3771=ORIENTED_EDGE('',*,*,#2913,.T.);
#3772=ORIENTED_EDGE('',*,*,#2914,.T.);
#3773=ORIENTED_EDGE('',*,*,#2915,.T.);
#3774=ORIENTED_EDGE('',*,*,#2916,.F.);
#3775=ORIENTED_EDGE('',*,*,#2917,.T.);
#3776=ORIENTED_EDGE('',*,*,#2918,.F.);
#3777=ORIENTED_EDGE('',*,*,#2919,.T.);
#3778=ORIENTED_EDGE('',*,*,#2920,.T.);
#3779=ORIENTED_EDGE('',*,*,#2921,.T.);
#3780=ORIENTED_EDGE('',*,*,#2922,.T.);
#3781=ORIENTED_EDGE('',*,*,#2923,.T.);
#3782=ORIENTED_EDGE('',*,*,#2924,.F.);
#3783=ORIENTED_EDGE('',*,*,#2925,.T.);
#3784=ORIENTED_EDGE('',*,*,#2926,.F.);
#3785=ORIENTED_EDGE('',*,*,#2927,.T.);
#3786=ORIENTED_EDGE('',*,*,#2928,.T.);
#3787=ORIENTED_EDGE('',*,*,#2929,.T.);
#3788=ORIENTED_EDGE('',*,*,#2930,.T.);
#3789=ORIENTED_EDGE('',*,*,#2931,.T.);
#3790=ORIENTED_EDGE('',*,*,#2932,.T.);
#3791=ORIENTED_EDGE('',*,*,#2933,.T.);
#3792=ORIENTED_EDGE('',*,*,#2934,.T.);
#3793=ORIENTED_EDGE('',*,*,#2935,.T.);
#3794=ORIENTED_EDGE('',*,*,#2934,.F.);
#3795=ORIENTED_EDGE('',*,*,#2936,.T.);
#3796=ORIENTED_EDGE('',*,*,#2928,.F.);
#3797=ORIENTED_EDGE('',*,*,#2937,.T.);
#3798=ORIENTED_EDGE('',*,*,#2938,.T.);
#3799=ORIENTED_EDGE('',*,*,#2939,.T.);
#3800=ORIENTED_EDGE('',*,*,#2940,.T.);
#3801=ORIENTED_EDGE('',*,*,#2939,.F.);
#3802=ORIENTED_EDGE('',*,*,#2941,.T.);
#3803=ORIENTED_EDGE('',*,*,#2932,.F.);
#3804=ORIENTED_EDGE('',*,*,#2942,.T.);
#3805=ORIENTED_EDGE('',*,*,#2943,.T.);
#3806=ORIENTED_EDGE('',*,*,#2944,.T.);
#3807=ORIENTED_EDGE('',*,*,#2945,.T.);
#3808=ORIENTED_EDGE('',*,*,#2944,.F.);
#3809=ORIENTED_EDGE('',*,*,#2946,.T.);
#3810=ORIENTED_EDGE('',*,*,#2937,.F.);
#3811=ORIENTED_EDGE('',*,*,#2930,.F.);
#3812=ORIENTED_EDGE('',*,*,#2947,.T.);
#3813=ORIENTED_EDGE('',*,*,#2942,.F.);
#3814=ORIENTED_EDGE('',*,*,#2941,.F.);
#3815=ORIENTED_EDGE('',*,*,#2948,.T.);
#3816=ORIENTED_EDGE('',*,*,#2916,.T.);
#3817=ORIENTED_EDGE('',*,*,#2949,.T.);
#3818=ORIENTED_EDGE('',*,*,#2938,.F.);
#3819=ORIENTED_EDGE('',*,*,#2950,.F.);
#3820=ORIENTED_EDGE('',*,*,#2917,.F.);
#3821=ORIENTED_EDGE('',*,*,#2948,.F.);
#3822=ORIENTED_EDGE('',*,*,#2951,.T.);
#3823=ORIENTED_EDGE('',*,*,#2952,.T.);
#3824=ORIENTED_EDGE('',*,*,#2953,.T.);
#3825=ORIENTED_EDGE('',*,*,#2954,.T.);
#3826=ORIENTED_EDGE('',*,*,#2946,.F.);
#3827=ORIENTED_EDGE('',*,*,#2955,.T.);
#3828=ORIENTED_EDGE('',*,*,#2918,.T.);
#3829=ORIENTED_EDGE('',*,*,#2950,.T.);
#3830=ORIENTED_EDGE('',*,*,#2943,.F.);
#3831=ORIENTED_EDGE('',*,*,#2956,.F.);
#3832=ORIENTED_EDGE('',*,*,#2923,.F.);
#3833=ORIENTED_EDGE('',*,*,#2957,.T.);
#3834=ORIENTED_EDGE('',*,*,#2958,.T.);
#3835=ORIENTED_EDGE('',*,*,#2959,.T.);
#3836=ORIENTED_EDGE('',*,*,#2960,.F.);
#3837=ORIENTED_EDGE('',*,*,#2961,.T.);
#3838=ORIENTED_EDGE('',*,*,#2962,.T.);
#3839=ORIENTED_EDGE('',*,*,#2963,.T.);
#3840=ORIENTED_EDGE('',*,*,#2964,.F.);
#3841=ORIENTED_EDGE('',*,*,#2965,.T.);
#3842=ORIENTED_EDGE('',*,*,#2966,.T.);
#3843=ORIENTED_EDGE('',*,*,#2967,.T.);
#3844=ORIENTED_EDGE('',*,*,#2968,.F.);
#3845=ORIENTED_EDGE('',*,*,#2969,.T.);
#3846=ORIENTED_EDGE('',*,*,#2970,.T.);
#3847=ORIENTED_EDGE('',*,*,#2971,.T.);
#3848=ORIENTED_EDGE('',*,*,#2919,.F.);
#3849=ORIENTED_EDGE('',*,*,#2955,.F.);
#3850=ORIENTED_EDGE('',*,*,#2931,.F.);
#3851=ORIENTED_EDGE('',*,*,#2945,.F.);
#3852=ORIENTED_EDGE('',*,*,#2940,.F.);
#3853=ORIENTED_EDGE('',*,*,#2935,.F.);
#3854=ORIENTED_EDGE('',*,*,#2972,.T.);
#3855=ORIENTED_EDGE('',*,*,#2973,.T.);
#3856=ORIENTED_EDGE('',*,*,#2947,.F.);
#3857=ORIENTED_EDGE('',*,*,#2974,.T.);
#3858=ORIENTED_EDGE('',*,*,#2924,.T.);
#3859=ORIENTED_EDGE('',*,*,#2956,.T.);
#3860=ORIENTED_EDGE('',*,*,#2933,.F.);
#3861=ORIENTED_EDGE('',*,*,#2949,.F.);
#3862=ORIENTED_EDGE('',*,*,#2915,.F.);
#3863=ORIENTED_EDGE('',*,*,#2975,.T.);
#3864=ORIENTED_EDGE('',*,*,#2976,.T.);
#3865=ORIENTED_EDGE('',*,*,#2977,.T.);
#3866=ORIENTED_EDGE('',*,*,#2978,.F.);
#3867=ORIENTED_EDGE('',*,*,#2979,.T.);
#3868=ORIENTED_EDGE('',*,*,#2980,.T.);
#3869=ORIENTED_EDGE('',*,*,#2981,.T.);
#3870=ORIENTED_EDGE('',*,*,#2982,.F.);
#3871=ORIENTED_EDGE('',*,*,#2983,.T.);
#3872=ORIENTED_EDGE('',*,*,#2984,.T.);
#3873=ORIENTED_EDGE('',*,*,#2985,.T.);
#3874=ORIENTED_EDGE('',*,*,#2911,.F.);
#3875=ORIENTED_EDGE('',*,*,#2986,.T.);
#3876=ORIENTED_EDGE('',*,*,#2987,.T.);
#3877=ORIENTED_EDGE('',*,*,#2988,.T.);
#3878=ORIENTED_EDGE('',*,*,#2927,.F.);
#3879=ORIENTED_EDGE('',*,*,#2989,.F.);
#3880=ORIENTED_EDGE('',*,*,#2936,.F.);
#3881=ORIENTED_EDGE('',*,*,#2989,.T.);
#3882=ORIENTED_EDGE('',*,*,#2926,.T.);
#3883=ORIENTED_EDGE('',*,*,#2990,.T.);
#3884=ORIENTED_EDGE('',*,*,#2972,.F.);
#3885=ORIENTED_EDGE('',*,*,#2973,.F.);
#3886=ORIENTED_EDGE('',*,*,#2991,.T.);
#3887=ORIENTED_EDGE('',*,*,#2992,.T.);
#3888=ORIENTED_EDGE('',*,*,#2991,.F.);
#3889=ORIENTED_EDGE('',*,*,#2992,.F.);
#3890=ORIENTED_EDGE('',*,*,#2951,.F.);
#3891=ORIENTED_EDGE('',*,*,#2993,.T.);
#3892=ORIENTED_EDGE('',*,*,#2994,.T.);
#3893=ORIENTED_EDGE('',*,*,#2995,.F.);
#3894=ORIENTED_EDGE('',*,*,#2954,.F.);
#3895=ORIENTED_EDGE('',*,*,#2996,.T.);
#3896=ORIENTED_EDGE('',*,*,#2997,.T.);
#3897=ORIENTED_EDGE('',*,*,#2993,.F.);
#3898=ORIENTED_EDGE('',*,*,#2953,.F.);
#3899=ORIENTED_EDGE('',*,*,#2998,.T.);
#3900=ORIENTED_EDGE('',*,*,#2999,.T.);
#3901=ORIENTED_EDGE('',*,*,#2996,.F.);
#3902=ORIENTED_EDGE('',*,*,#2952,.F.);
#3903=ORIENTED_EDGE('',*,*,#2995,.T.);
#3904=ORIENTED_EDGE('',*,*,#3000,.T.);
#3905=ORIENTED_EDGE('',*,*,#2998,.F.);
#3906=ORIENTED_EDGE('',*,*,#3000,.F.);
#3907=ORIENTED_EDGE('',*,*,#2994,.F.);
#3908=ORIENTED_EDGE('',*,*,#2997,.F.);
#3909=ORIENTED_EDGE('',*,*,#2999,.F.);
#3910=ORIENTED_EDGE('',*,*,#3001,.F.);
#3911=ORIENTED_EDGE('',*,*,#3002,.T.);
#3912=ORIENTED_EDGE('',*,*,#3003,.T.);
#3913=ORIENTED_EDGE('',*,*,#3004,.F.);
#3914=ORIENTED_EDGE('',*,*,#3005,.F.);
#3915=ORIENTED_EDGE('',*,*,#3006,.T.);
#3916=ORIENTED_EDGE('',*,*,#3007,.T.);
#3917=ORIENTED_EDGE('',*,*,#3002,.F.);
#3918=ORIENTED_EDGE('',*,*,#3008,.F.);
#3919=ORIENTED_EDGE('',*,*,#3009,.T.);
#3920=ORIENTED_EDGE('',*,*,#3010,.T.);
#3921=ORIENTED_EDGE('',*,*,#3006,.F.);
#3922=ORIENTED_EDGE('',*,*,#3011,.F.);
#3923=ORIENTED_EDGE('',*,*,#3004,.T.);
#3924=ORIENTED_EDGE('',*,*,#3012,.T.);
#3925=ORIENTED_EDGE('',*,*,#3009,.F.);
#3926=ORIENTED_EDGE('',*,*,#3012,.F.);
#3927=ORIENTED_EDGE('',*,*,#3003,.F.);
#3928=ORIENTED_EDGE('',*,*,#3007,.F.);
#3929=ORIENTED_EDGE('',*,*,#3010,.F.);
#3930=ORIENTED_EDGE('',*,*,#2912,.F.);
#3931=ORIENTED_EDGE('',*,*,#2985,.F.);
#3932=ORIENTED_EDGE('',*,*,#3013,.T.);
#3933=ORIENTED_EDGE('',*,*,#3014,.F.);
#3934=ORIENTED_EDGE('',*,*,#3015,.F.);
#3935=ORIENTED_EDGE('',*,*,#3016,.T.);
#3936=ORIENTED_EDGE('',*,*,#3017,.T.);
#3937=ORIENTED_EDGE('',*,*,#2983,.F.);
#3938=ORIENTED_EDGE('',*,*,#3018,.F.);
#3939=ORIENTED_EDGE('',*,*,#3019,.T.);
#3940=ORIENTED_EDGE('',*,*,#3020,.T.);
#3941=ORIENTED_EDGE('',*,*,#3016,.F.);
#3942=ORIENTED_EDGE('',*,*,#3021,.F.);
#3943=ORIENTED_EDGE('',*,*,#2981,.F.);
#3944=ORIENTED_EDGE('',*,*,#3022,.T.);
#3945=ORIENTED_EDGE('',*,*,#3019,.F.);
#3946=ORIENTED_EDGE('',*,*,#3023,.F.);
#3947=ORIENTED_EDGE('',*,*,#3024,.T.);
#3948=ORIENTED_EDGE('',*,*,#3025,.T.);
#3949=ORIENTED_EDGE('',*,*,#2979,.F.);
#3950=ORIENTED_EDGE('',*,*,#3026,.F.);
#3951=ORIENTED_EDGE('',*,*,#3027,.T.);
#3952=ORIENTED_EDGE('',*,*,#3028,.T.);
#3953=ORIENTED_EDGE('',*,*,#3024,.F.);
#3954=ORIENTED_EDGE('',*,*,#3029,.F.);
#3955=ORIENTED_EDGE('',*,*,#2977,.F.);
#3956=ORIENTED_EDGE('',*,*,#3030,.T.);
#3957=ORIENTED_EDGE('',*,*,#3027,.F.);
#3958=ORIENTED_EDGE('',*,*,#2914,.F.);
#3959=ORIENTED_EDGE('',*,*,#3031,.T.);
#3960=ORIENTED_EDGE('',*,*,#3032,.T.);
#3961=ORIENTED_EDGE('',*,*,#2975,.F.);
#3962=ORIENTED_EDGE('',*,*,#2913,.F.);
#3963=ORIENTED_EDGE('',*,*,#3014,.T.);
#3964=ORIENTED_EDGE('',*,*,#3033,.T.);
#3965=ORIENTED_EDGE('',*,*,#3031,.F.);
#3966=ORIENTED_EDGE('',*,*,#3033,.F.);
#3967=ORIENTED_EDGE('',*,*,#3013,.F.);
#3968=ORIENTED_EDGE('',*,*,#2984,.F.);
#3969=ORIENTED_EDGE('',*,*,#3017,.F.);
#3970=ORIENTED_EDGE('',*,*,#3020,.F.);
#3971=ORIENTED_EDGE('',*,*,#3022,.F.);
#3972=ORIENTED_EDGE('',*,*,#2980,.F.);
#3973=ORIENTED_EDGE('',*,*,#3025,.F.);
#3974=ORIENTED_EDGE('',*,*,#3028,.F.);
#3975=ORIENTED_EDGE('',*,*,#3030,.F.);
#3976=ORIENTED_EDGE('',*,*,#2976,.F.);
#3977=ORIENTED_EDGE('',*,*,#3032,.F.);
#3978=ORIENTED_EDGE('',*,*,#2909,.F.);
#3979=ORIENTED_EDGE('',*,*,#2988,.F.);
#3980=ORIENTED_EDGE('',*,*,#3034,.T.);
#3981=ORIENTED_EDGE('',*,*,#2906,.F.);
#3982=ORIENTED_EDGE('',*,*,#2910,.F.);
#3983=ORIENTED_EDGE('',*,*,#2908,.T.);
#3984=ORIENTED_EDGE('',*,*,#3035,.T.);
#3985=ORIENTED_EDGE('',*,*,#2986,.F.);
#3986=ORIENTED_EDGE('',*,*,#3035,.F.);
#3987=ORIENTED_EDGE('',*,*,#2907,.F.);
#3988=ORIENTED_EDGE('',*,*,#3034,.F.);
#3989=ORIENTED_EDGE('',*,*,#2987,.F.);
#3990=ORIENTED_EDGE('',*,*,#2920,.F.);
#3991=ORIENTED_EDGE('',*,*,#2971,.F.);
#3992=ORIENTED_EDGE('',*,*,#3036,.T.);
#3993=ORIENTED_EDGE('',*,*,#3037,.F.);
#3994=ORIENTED_EDGE('',*,*,#3038,.F.);
#3995=ORIENTED_EDGE('',*,*,#3039,.T.);
#3996=ORIENTED_EDGE('',*,*,#3040,.T.);
#3997=ORIENTED_EDGE('',*,*,#2969,.F.);
#3998=ORIENTED_EDGE('',*,*,#3041,.F.);
#3999=ORIENTED_EDGE('',*,*,#3042,.T.);
#4000=ORIENTED_EDGE('',*,*,#3043,.T.);
#4001=ORIENTED_EDGE('',*,*,#3039,.F.);
#4002=ORIENTED_EDGE('',*,*,#3044,.F.);
#4003=ORIENTED_EDGE('',*,*,#2967,.F.);
#4004=ORIENTED_EDGE('',*,*,#3045,.T.);
#4005=ORIENTED_EDGE('',*,*,#3042,.F.);
#4006=ORIENTED_EDGE('',*,*,#3046,.F.);
#4007=ORIENTED_EDGE('',*,*,#3047,.T.);
#4008=ORIENTED_EDGE('',*,*,#3048,.T.);
#4009=ORIENTED_EDGE('',*,*,#2965,.F.);
#4010=ORIENTED_EDGE('',*,*,#3049,.F.);
#4011=ORIENTED_EDGE('',*,*,#3050,.T.);
#4012=ORIENTED_EDGE('',*,*,#3051,.T.);
#4013=ORIENTED_EDGE('',*,*,#3047,.F.);
#4014=ORIENTED_EDGE('',*,*,#3052,.F.);
#4015=ORIENTED_EDGE('',*,*,#2963,.F.);
#4016=ORIENTED_EDGE('',*,*,#3053,.T.);
#4017=ORIENTED_EDGE('',*,*,#3050,.F.);
#4018=ORIENTED_EDGE('',*,*,#3054,.F.);
#4019=ORIENTED_EDGE('',*,*,#3055,.T.);
#4020=ORIENTED_EDGE('',*,*,#3056,.T.);
#4021=ORIENTED_EDGE('',*,*,#2961,.F.);
#4022=ORIENTED_EDGE('',*,*,#3057,.F.);
#4023=ORIENTED_EDGE('',*,*,#3058,.T.);
#4024=ORIENTED_EDGE('',*,*,#3059,.T.);
#4025=ORIENTED_EDGE('',*,*,#3055,.F.);
#4026=ORIENTED_EDGE('',*,*,#3060,.F.);
#4027=ORIENTED_EDGE('',*,*,#2959,.F.);
#4028=ORIENTED_EDGE('',*,*,#3061,.T.);
#4029=ORIENTED_EDGE('',*,*,#3058,.F.);
#4030=ORIENTED_EDGE('',*,*,#2922,.F.);
#4031=ORIENTED_EDGE('',*,*,#3062,.T.);
#4032=ORIENTED_EDGE('',*,*,#3063,.T.);
#4033=ORIENTED_EDGE('',*,*,#2957,.F.);
#4034=ORIENTED_EDGE('',*,*,#2921,.F.);
#4035=ORIENTED_EDGE('',*,*,#3037,.T.);
#4036=ORIENTED_EDGE('',*,*,#3064,.T.);
#4037=ORIENTED_EDGE('',*,*,#3062,.F.);
#4038=ORIENTED_EDGE('',*,*,#3064,.F.);
#4039=ORIENTED_EDGE('',*,*,#3036,.F.);
#4040=ORIENTED_EDGE('',*,*,#2970,.F.);
#4041=ORIENTED_EDGE('',*,*,#3040,.F.);
#4042=ORIENTED_EDGE('',*,*,#3043,.F.);
#4043=ORIENTED_EDGE('',*,*,#3045,.F.);
#4044=ORIENTED_EDGE('',*,*,#2966,.F.);
#4045=ORIENTED_EDGE('',*,*,#3048,.F.);
#4046=ORIENTED_EDGE('',*,*,#3051,.F.);
#4047=ORIENTED_EDGE('',*,*,#3053,.F.);
#4048=ORIENTED_EDGE('',*,*,#2962,.F.);
#4049=ORIENTED_EDGE('',*,*,#3056,.F.);
#4050=ORIENTED_EDGE('',*,*,#3059,.F.);
#4051=ORIENTED_EDGE('',*,*,#3061,.F.);
#4052=ORIENTED_EDGE('',*,*,#2958,.F.);
#4053=ORIENTED_EDGE('',*,*,#3063,.F.);
#4054=ORIENTED_EDGE('',*,*,#3054,.T.);
#4055=ORIENTED_EDGE('',*,*,#2960,.T.);
#4056=ORIENTED_EDGE('',*,*,#3060,.T.);
#4057=ORIENTED_EDGE('',*,*,#3057,.T.);
#4058=ORIENTED_EDGE('',*,*,#3044,.T.);
#4059=ORIENTED_EDGE('',*,*,#3041,.T.);
#4060=ORIENTED_EDGE('',*,*,#3038,.T.);
#4061=ORIENTED_EDGE('',*,*,#2968,.T.);
#4062=ORIENTED_EDGE('',*,*,#3046,.T.);
#4063=ORIENTED_EDGE('',*,*,#2964,.T.);
#4064=ORIENTED_EDGE('',*,*,#3052,.T.);
#4065=ORIENTED_EDGE('',*,*,#3049,.T.);
#4066=ORIENTED_EDGE('',*,*,#3023,.T.);
#4067=ORIENTED_EDGE('',*,*,#2978,.T.);
#4068=ORIENTED_EDGE('',*,*,#3029,.T.);
#4069=ORIENTED_EDGE('',*,*,#3026,.T.);
#4070=ORIENTED_EDGE('',*,*,#2929,.F.);
#4071=ORIENTED_EDGE('',*,*,#2990,.F.);
#4072=ORIENTED_EDGE('',*,*,#2925,.F.);
#4073=ORIENTED_EDGE('',*,*,#2974,.F.);
#4074=ORIENTED_EDGE('',*,*,#3001,.T.);
#4075=ORIENTED_EDGE('',*,*,#3011,.T.);
#4076=ORIENTED_EDGE('',*,*,#3008,.T.);
#4077=ORIENTED_EDGE('',*,*,#3005,.T.);
#4078=ORIENTED_EDGE('',*,*,#3015,.T.);
#4079=ORIENTED_EDGE('',*,*,#2982,.T.);
#4080=ORIENTED_EDGE('',*,*,#3021,.T.);
#4081=ORIENTED_EDGE('',*,*,#3018,.T.);
#4082=ORIENTED_EDGE('',*,*,#3065,.T.);
#4083=ORIENTED_EDGE('',*,*,#3066,.T.);
#4084=ORIENTED_EDGE('',*,*,#3067,.F.);
#4085=ORIENTED_EDGE('',*,*,#3068,.F.);
#4086=ORIENTED_EDGE('',*,*,#3069,.T.);
#4087=ORIENTED_EDGE('',*,*,#3068,.T.);
#4088=ORIENTED_EDGE('',*,*,#3070,.F.);
#4089=ORIENTED_EDGE('',*,*,#3071,.F.);
#4090=ORIENTED_EDGE('',*,*,#3072,.T.);
#4091=ORIENTED_EDGE('',*,*,#3071,.T.);
#4092=ORIENTED_EDGE('',*,*,#3073,.F.);
#4093=ORIENTED_EDGE('',*,*,#3074,.F.);
#4094=ORIENTED_EDGE('',*,*,#3075,.T.);
#4095=ORIENTED_EDGE('',*,*,#3074,.T.);
#4096=ORIENTED_EDGE('',*,*,#3076,.F.);
#4097=ORIENTED_EDGE('',*,*,#3077,.F.);
#4098=ORIENTED_EDGE('',*,*,#3078,.T.);
#4099=ORIENTED_EDGE('',*,*,#3077,.T.);
#4100=ORIENTED_EDGE('',*,*,#3079,.F.);
#4101=ORIENTED_EDGE('',*,*,#3080,.F.);
#4102=ORIENTED_EDGE('',*,*,#3081,.T.);
#4103=ORIENTED_EDGE('',*,*,#3080,.T.);
#4104=ORIENTED_EDGE('',*,*,#3082,.F.);
#4105=ORIENTED_EDGE('',*,*,#3083,.F.);
#4106=ORIENTED_EDGE('',*,*,#3084,.T.);
#4107=ORIENTED_EDGE('',*,*,#3083,.T.);
#4108=ORIENTED_EDGE('',*,*,#3085,.F.);
#4109=ORIENTED_EDGE('',*,*,#3086,.F.);
#4110=ORIENTED_EDGE('',*,*,#3087,.T.);
#4111=ORIENTED_EDGE('',*,*,#3086,.T.);
#4112=ORIENTED_EDGE('',*,*,#3088,.F.);
#4113=ORIENTED_EDGE('',*,*,#3089,.F.);
#4114=ORIENTED_EDGE('',*,*,#3090,.T.);
#4115=ORIENTED_EDGE('',*,*,#3089,.T.);
#4116=ORIENTED_EDGE('',*,*,#3091,.F.);
#4117=ORIENTED_EDGE('',*,*,#3092,.F.);
#4118=ORIENTED_EDGE('',*,*,#3093,.T.);
#4119=ORIENTED_EDGE('',*,*,#3092,.T.);
#4120=ORIENTED_EDGE('',*,*,#3094,.F.);
#4121=ORIENTED_EDGE('',*,*,#3095,.F.);
#4122=ORIENTED_EDGE('',*,*,#3096,.T.);
#4123=ORIENTED_EDGE('',*,*,#3095,.T.);
#4124=ORIENTED_EDGE('',*,*,#3097,.F.);
#4125=ORIENTED_EDGE('',*,*,#3098,.F.);
#4126=ORIENTED_EDGE('',*,*,#3099,.T.);
#4127=ORIENTED_EDGE('',*,*,#3098,.T.);
#4128=ORIENTED_EDGE('',*,*,#3100,.F.);
#4129=ORIENTED_EDGE('',*,*,#3101,.F.);
#4130=ORIENTED_EDGE('',*,*,#3102,.T.);
#4131=ORIENTED_EDGE('',*,*,#3101,.T.);
#4132=ORIENTED_EDGE('',*,*,#3103,.F.);
#4133=ORIENTED_EDGE('',*,*,#3104,.F.);
#4134=ORIENTED_EDGE('',*,*,#3105,.T.);
#4135=ORIENTED_EDGE('',*,*,#3104,.T.);
#4136=ORIENTED_EDGE('',*,*,#3106,.F.);
#4137=ORIENTED_EDGE('',*,*,#3107,.F.);
#4138=ORIENTED_EDGE('',*,*,#3108,.T.);
#4139=ORIENTED_EDGE('',*,*,#3107,.T.);
#4140=ORIENTED_EDGE('',*,*,#3109,.F.);
#4141=ORIENTED_EDGE('',*,*,#3110,.F.);
#4142=ORIENTED_EDGE('',*,*,#3111,.T.);
#4143=ORIENTED_EDGE('',*,*,#3110,.T.);
#4144=ORIENTED_EDGE('',*,*,#3112,.F.);
#4145=ORIENTED_EDGE('',*,*,#3066,.F.);
#4146=ORIENTED_EDGE('',*,*,#3112,.T.);
#4147=ORIENTED_EDGE('',*,*,#3109,.T.);
#4148=ORIENTED_EDGE('',*,*,#3106,.T.);
#4149=ORIENTED_EDGE('',*,*,#3103,.T.);
#4150=ORIENTED_EDGE('',*,*,#3100,.T.);
#4151=ORIENTED_EDGE('',*,*,#3097,.T.);
#4152=ORIENTED_EDGE('',*,*,#3094,.T.);
#4153=ORIENTED_EDGE('',*,*,#3091,.T.);
#4154=ORIENTED_EDGE('',*,*,#3088,.T.);
#4155=ORIENTED_EDGE('',*,*,#3085,.T.);
#4156=ORIENTED_EDGE('',*,*,#3082,.T.);
#4157=ORIENTED_EDGE('',*,*,#3079,.T.);
#4158=ORIENTED_EDGE('',*,*,#3076,.T.);
#4159=ORIENTED_EDGE('',*,*,#3073,.T.);
#4160=ORIENTED_EDGE('',*,*,#3070,.T.);
#4161=ORIENTED_EDGE('',*,*,#3067,.T.);
#4162=ORIENTED_EDGE('',*,*,#3111,.F.);
#4163=ORIENTED_EDGE('',*,*,#3065,.F.);
#4164=ORIENTED_EDGE('',*,*,#3069,.F.);
#4165=ORIENTED_EDGE('',*,*,#3072,.F.);
#4166=ORIENTED_EDGE('',*,*,#3075,.F.);
#4167=ORIENTED_EDGE('',*,*,#3078,.F.);
#4168=ORIENTED_EDGE('',*,*,#3081,.F.);
#4169=ORIENTED_EDGE('',*,*,#3084,.F.);
#4170=ORIENTED_EDGE('',*,*,#3087,.F.);
#4171=ORIENTED_EDGE('',*,*,#3090,.F.);
#4172=ORIENTED_EDGE('',*,*,#3093,.F.);
#4173=ORIENTED_EDGE('',*,*,#3096,.F.);
#4174=ORIENTED_EDGE('',*,*,#3099,.F.);
#4175=ORIENTED_EDGE('',*,*,#3102,.F.);
#4176=ORIENTED_EDGE('',*,*,#3105,.F.);
#4177=ORIENTED_EDGE('',*,*,#3108,.F.);
#4178=ORIENTED_EDGE('',*,*,#3113,.F.);
#4179=ORIENTED_EDGE('',*,*,#3114,.T.);
#4180=ORIENTED_EDGE('',*,*,#3115,.F.);
#4181=ORIENTED_EDGE('',*,*,#3116,.F.);
#4182=ORIENTED_EDGE('',*,*,#3117,.F.);
#4183=ORIENTED_EDGE('',*,*,#3116,.T.);
#4184=ORIENTED_EDGE('',*,*,#3118,.F.);
#4185=ORIENTED_EDGE('',*,*,#3119,.F.);
#4186=ORIENTED_EDGE('',*,*,#3120,.F.);
#4187=ORIENTED_EDGE('',*,*,#3119,.T.);
#4188=ORIENTED_EDGE('',*,*,#3121,.F.);
#4189=ORIENTED_EDGE('',*,*,#3122,.F.);
#4190=ORIENTED_EDGE('',*,*,#3123,.F.);
#4191=ORIENTED_EDGE('',*,*,#3122,.T.);
#4192=ORIENTED_EDGE('',*,*,#3124,.F.);
#4193=ORIENTED_EDGE('',*,*,#3125,.F.);
#4194=ORIENTED_EDGE('',*,*,#3126,.F.);
#4195=ORIENTED_EDGE('',*,*,#3125,.T.);
#4196=ORIENTED_EDGE('',*,*,#3127,.F.);
#4197=ORIENTED_EDGE('',*,*,#3128,.F.);
#4198=ORIENTED_EDGE('',*,*,#3129,.F.);
#4199=ORIENTED_EDGE('',*,*,#3128,.T.);
#4200=ORIENTED_EDGE('',*,*,#3130,.F.);
#4201=ORIENTED_EDGE('',*,*,#3131,.F.);
#4202=ORIENTED_EDGE('',*,*,#3132,.F.);
#4203=ORIENTED_EDGE('',*,*,#3131,.T.);
#4204=ORIENTED_EDGE('',*,*,#3133,.F.);
#4205=ORIENTED_EDGE('',*,*,#3134,.F.);
#4206=ORIENTED_EDGE('',*,*,#3135,.F.);
#4207=ORIENTED_EDGE('',*,*,#3134,.T.);
#4208=ORIENTED_EDGE('',*,*,#3136,.F.);
#4209=ORIENTED_EDGE('',*,*,#3137,.F.);
#4210=ORIENTED_EDGE('',*,*,#3138,.F.);
#4211=ORIENTED_EDGE('',*,*,#3137,.T.);
#4212=ORIENTED_EDGE('',*,*,#3139,.F.);
#4213=ORIENTED_EDGE('',*,*,#3140,.F.);
#4214=ORIENTED_EDGE('',*,*,#3141,.F.);
#4215=ORIENTED_EDGE('',*,*,#3140,.T.);
#4216=ORIENTED_EDGE('',*,*,#3142,.F.);
#4217=ORIENTED_EDGE('',*,*,#3143,.F.);
#4218=ORIENTED_EDGE('',*,*,#3144,.F.);
#4219=ORIENTED_EDGE('',*,*,#3143,.T.);
#4220=ORIENTED_EDGE('',*,*,#3145,.F.);
#4221=ORIENTED_EDGE('',*,*,#3146,.F.);
#4222=ORIENTED_EDGE('',*,*,#3147,.F.);
#4223=ORIENTED_EDGE('',*,*,#3146,.T.);
#4224=ORIENTED_EDGE('',*,*,#3148,.F.);
#4225=ORIENTED_EDGE('',*,*,#3149,.F.);
#4226=ORIENTED_EDGE('',*,*,#3150,.F.);
#4227=ORIENTED_EDGE('',*,*,#3149,.T.);
#4228=ORIENTED_EDGE('',*,*,#3151,.F.);
#4229=ORIENTED_EDGE('',*,*,#3152,.F.);
#4230=ORIENTED_EDGE('',*,*,#3153,.F.);
#4231=ORIENTED_EDGE('',*,*,#3152,.T.);
#4232=ORIENTED_EDGE('',*,*,#3154,.F.);
#4233=ORIENTED_EDGE('',*,*,#3155,.F.);
#4234=ORIENTED_EDGE('',*,*,#3156,.F.);
#4235=ORIENTED_EDGE('',*,*,#3155,.T.);
#4236=ORIENTED_EDGE('',*,*,#3157,.F.);
#4237=ORIENTED_EDGE('',*,*,#3158,.F.);
#4238=ORIENTED_EDGE('',*,*,#3159,.F.);
#4239=ORIENTED_EDGE('',*,*,#3158,.T.);
#4240=ORIENTED_EDGE('',*,*,#3160,.F.);
#4241=ORIENTED_EDGE('',*,*,#3161,.F.);
#4242=ORIENTED_EDGE('',*,*,#3162,.F.);
#4243=ORIENTED_EDGE('',*,*,#3161,.T.);
#4244=ORIENTED_EDGE('',*,*,#3163,.F.);
#4245=ORIENTED_EDGE('',*,*,#3164,.F.);
#4246=ORIENTED_EDGE('',*,*,#3165,.F.);
#4247=ORIENTED_EDGE('',*,*,#3164,.T.);
#4248=ORIENTED_EDGE('',*,*,#3166,.F.);
#4249=ORIENTED_EDGE('',*,*,#3167,.F.);
#4250=ORIENTED_EDGE('',*,*,#3168,.F.);
#4251=ORIENTED_EDGE('',*,*,#3167,.T.);
#4252=ORIENTED_EDGE('',*,*,#3169,.F.);
#4253=ORIENTED_EDGE('',*,*,#3170,.F.);
#4254=ORIENTED_EDGE('',*,*,#3171,.F.);
#4255=ORIENTED_EDGE('',*,*,#3170,.T.);
#4256=ORIENTED_EDGE('',*,*,#3172,.F.);
#4257=ORIENTED_EDGE('',*,*,#3114,.F.);
#4258=ORIENTED_EDGE('',*,*,#3171,.T.);
#4259=ORIENTED_EDGE('',*,*,#3113,.T.);
#4260=ORIENTED_EDGE('',*,*,#3117,.T.);
#4261=ORIENTED_EDGE('',*,*,#3120,.T.);
#4262=ORIENTED_EDGE('',*,*,#3123,.T.);
#4263=ORIENTED_EDGE('',*,*,#3126,.T.);
#4264=ORIENTED_EDGE('',*,*,#3129,.T.);
#4265=ORIENTED_EDGE('',*,*,#3132,.T.);
#4266=ORIENTED_EDGE('',*,*,#3135,.T.);
#4267=ORIENTED_EDGE('',*,*,#3138,.T.);
#4268=ORIENTED_EDGE('',*,*,#3141,.T.);
#4269=ORIENTED_EDGE('',*,*,#3144,.T.);
#4270=ORIENTED_EDGE('',*,*,#3147,.T.);
#4271=ORIENTED_EDGE('',*,*,#3150,.T.);
#4272=ORIENTED_EDGE('',*,*,#3153,.T.);
#4273=ORIENTED_EDGE('',*,*,#3156,.T.);
#4274=ORIENTED_EDGE('',*,*,#3159,.T.);
#4275=ORIENTED_EDGE('',*,*,#3162,.T.);
#4276=ORIENTED_EDGE('',*,*,#3165,.T.);
#4277=ORIENTED_EDGE('',*,*,#3168,.T.);
#4278=ORIENTED_EDGE('',*,*,#3172,.T.);
#4279=ORIENTED_EDGE('',*,*,#3169,.T.);
#4280=ORIENTED_EDGE('',*,*,#3166,.T.);
#4281=ORIENTED_EDGE('',*,*,#3163,.T.);
#4282=ORIENTED_EDGE('',*,*,#3160,.T.);
#4283=ORIENTED_EDGE('',*,*,#3157,.T.);
#4284=ORIENTED_EDGE('',*,*,#3154,.T.);
#4285=ORIENTED_EDGE('',*,*,#3151,.T.);
#4286=ORIENTED_EDGE('',*,*,#3148,.T.);
#4287=ORIENTED_EDGE('',*,*,#3145,.T.);
#4288=ORIENTED_EDGE('',*,*,#3142,.T.);
#4289=ORIENTED_EDGE('',*,*,#3139,.T.);
#4290=ORIENTED_EDGE('',*,*,#3136,.T.);
#4291=ORIENTED_EDGE('',*,*,#3133,.T.);
#4292=ORIENTED_EDGE('',*,*,#3130,.T.);
#4293=ORIENTED_EDGE('',*,*,#3127,.T.);
#4294=ORIENTED_EDGE('',*,*,#3124,.T.);
#4295=ORIENTED_EDGE('',*,*,#3121,.T.);
#4296=ORIENTED_EDGE('',*,*,#3118,.T.);
#4297=ORIENTED_EDGE('',*,*,#3115,.T.);
#4298=ORIENTED_EDGE('',*,*,#3173,.F.);
#4299=ORIENTED_EDGE('',*,*,#3174,.T.);
#4300=ORIENTED_EDGE('',*,*,#3175,.F.);
#4301=ORIENTED_EDGE('',*,*,#3176,.F.);
#4302=ORIENTED_EDGE('',*,*,#3177,.F.);
#4303=ORIENTED_EDGE('',*,*,#3176,.T.);
#4304=ORIENTED_EDGE('',*,*,#3178,.F.);
#4305=ORIENTED_EDGE('',*,*,#3179,.F.);
#4306=ORIENTED_EDGE('',*,*,#3180,.F.);
#4307=ORIENTED_EDGE('',*,*,#3179,.T.);
#4308=ORIENTED_EDGE('',*,*,#3181,.F.);
#4309=ORIENTED_EDGE('',*,*,#3182,.F.);
#4310=ORIENTED_EDGE('',*,*,#3183,.F.);
#4311=ORIENTED_EDGE('',*,*,#3182,.T.);
#4312=ORIENTED_EDGE('',*,*,#3184,.F.);
#4313=ORIENTED_EDGE('',*,*,#3185,.F.);
#4314=ORIENTED_EDGE('',*,*,#3186,.F.);
#4315=ORIENTED_EDGE('',*,*,#3185,.T.);
#4316=ORIENTED_EDGE('',*,*,#3187,.F.);
#4317=ORIENTED_EDGE('',*,*,#3188,.F.);
#4318=ORIENTED_EDGE('',*,*,#3189,.F.);
#4319=ORIENTED_EDGE('',*,*,#3188,.T.);
#4320=ORIENTED_EDGE('',*,*,#3190,.F.);
#4321=ORIENTED_EDGE('',*,*,#3191,.F.);
#4322=ORIENTED_EDGE('',*,*,#3192,.F.);
#4323=ORIENTED_EDGE('',*,*,#3191,.T.);
#4324=ORIENTED_EDGE('',*,*,#3193,.F.);
#4325=ORIENTED_EDGE('',*,*,#3194,.F.);
#4326=ORIENTED_EDGE('',*,*,#3195,.F.);
#4327=ORIENTED_EDGE('',*,*,#3194,.T.);
#4328=ORIENTED_EDGE('',*,*,#3196,.F.);
#4329=ORIENTED_EDGE('',*,*,#3197,.F.);
#4330=ORIENTED_EDGE('',*,*,#3198,.F.);
#4331=ORIENTED_EDGE('',*,*,#3197,.T.);
#4332=ORIENTED_EDGE('',*,*,#3199,.F.);
#4333=ORIENTED_EDGE('',*,*,#3200,.F.);
#4334=ORIENTED_EDGE('',*,*,#3201,.F.);
#4335=ORIENTED_EDGE('',*,*,#3200,.T.);
#4336=ORIENTED_EDGE('',*,*,#3202,.F.);
#4337=ORIENTED_EDGE('',*,*,#3203,.F.);
#4338=ORIENTED_EDGE('',*,*,#3204,.F.);
#4339=ORIENTED_EDGE('',*,*,#3203,.T.);
#4340=ORIENTED_EDGE('',*,*,#3205,.F.);
#4341=ORIENTED_EDGE('',*,*,#3206,.F.);
#4342=ORIENTED_EDGE('',*,*,#3207,.F.);
#4343=ORIENTED_EDGE('',*,*,#3206,.T.);
#4344=ORIENTED_EDGE('',*,*,#3208,.F.);
#4345=ORIENTED_EDGE('',*,*,#3209,.F.);
#4346=ORIENTED_EDGE('',*,*,#3210,.F.);
#4347=ORIENTED_EDGE('',*,*,#3209,.T.);
#4348=ORIENTED_EDGE('',*,*,#3211,.F.);
#4349=ORIENTED_EDGE('',*,*,#3174,.F.);
#4350=ORIENTED_EDGE('',*,*,#3210,.T.);
#4351=ORIENTED_EDGE('',*,*,#3173,.T.);
#4352=ORIENTED_EDGE('',*,*,#3177,.T.);
#4353=ORIENTED_EDGE('',*,*,#3180,.T.);
#4354=ORIENTED_EDGE('',*,*,#3183,.T.);
#4355=ORIENTED_EDGE('',*,*,#3186,.T.);
#4356=ORIENTED_EDGE('',*,*,#3189,.T.);
#4357=ORIENTED_EDGE('',*,*,#3192,.T.);
#4358=ORIENTED_EDGE('',*,*,#3195,.T.);
#4359=ORIENTED_EDGE('',*,*,#3198,.T.);
#4360=ORIENTED_EDGE('',*,*,#3201,.T.);
#4361=ORIENTED_EDGE('',*,*,#3204,.T.);
#4362=ORIENTED_EDGE('',*,*,#3207,.T.);
#4363=ORIENTED_EDGE('',*,*,#3211,.T.);
#4364=ORIENTED_EDGE('',*,*,#3208,.T.);
#4365=ORIENTED_EDGE('',*,*,#3205,.T.);
#4366=ORIENTED_EDGE('',*,*,#3202,.T.);
#4367=ORIENTED_EDGE('',*,*,#3199,.T.);
#4368=ORIENTED_EDGE('',*,*,#3196,.T.);
#4369=ORIENTED_EDGE('',*,*,#3193,.T.);
#4370=ORIENTED_EDGE('',*,*,#3190,.T.);
#4371=ORIENTED_EDGE('',*,*,#3187,.T.);
#4372=ORIENTED_EDGE('',*,*,#3184,.T.);
#4373=ORIENTED_EDGE('',*,*,#3181,.T.);
#4374=ORIENTED_EDGE('',*,*,#3178,.T.);
#4375=ORIENTED_EDGE('',*,*,#3175,.T.);
#4376=ORIENTED_EDGE('',*,*,#3212,.F.);
#4377=ORIENTED_EDGE('',*,*,#3213,.T.);
#4378=ORIENTED_EDGE('',*,*,#3214,.F.);
#4379=ORIENTED_EDGE('',*,*,#3215,.F.);
#4380=ORIENTED_EDGE('',*,*,#3216,.F.);
#4381=ORIENTED_EDGE('',*,*,#3215,.T.);
#4382=ORIENTED_EDGE('',*,*,#3217,.F.);
#4383=ORIENTED_EDGE('',*,*,#3218,.F.);
#4384=ORIENTED_EDGE('',*,*,#3219,.F.);
#4385=ORIENTED_EDGE('',*,*,#3218,.T.);
#4386=ORIENTED_EDGE('',*,*,#3220,.F.);
#4387=ORIENTED_EDGE('',*,*,#3221,.F.);
#4388=ORIENTED_EDGE('',*,*,#3222,.F.);
#4389=ORIENTED_EDGE('',*,*,#3221,.T.);
#4390=ORIENTED_EDGE('',*,*,#3223,.F.);
#4391=ORIENTED_EDGE('',*,*,#3224,.F.);
#4392=ORIENTED_EDGE('',*,*,#3225,.F.);
#4393=ORIENTED_EDGE('',*,*,#3224,.T.);
#4394=ORIENTED_EDGE('',*,*,#3226,.F.);
#4395=ORIENTED_EDGE('',*,*,#3227,.F.);
#4396=ORIENTED_EDGE('',*,*,#3228,.F.);
#4397=ORIENTED_EDGE('',*,*,#3227,.T.);
#4398=ORIENTED_EDGE('',*,*,#3229,.F.);
#4399=ORIENTED_EDGE('',*,*,#3230,.F.);
#4400=ORIENTED_EDGE('',*,*,#3231,.F.);
#4401=ORIENTED_EDGE('',*,*,#3230,.T.);
#4402=ORIENTED_EDGE('',*,*,#3232,.F.);
#4403=ORIENTED_EDGE('',*,*,#3233,.F.);
#4404=ORIENTED_EDGE('',*,*,#3234,.F.);
#4405=ORIENTED_EDGE('',*,*,#3233,.T.);
#4406=ORIENTED_EDGE('',*,*,#3235,.F.);
#4407=ORIENTED_EDGE('',*,*,#3236,.F.);
#4408=ORIENTED_EDGE('',*,*,#3237,.F.);
#4409=ORIENTED_EDGE('',*,*,#3236,.T.);
#4410=ORIENTED_EDGE('',*,*,#3238,.F.);
#4411=ORIENTED_EDGE('',*,*,#3239,.F.);
#4412=ORIENTED_EDGE('',*,*,#3240,.F.);
#4413=ORIENTED_EDGE('',*,*,#3239,.T.);
#4414=ORIENTED_EDGE('',*,*,#3241,.F.);
#4415=ORIENTED_EDGE('',*,*,#3242,.F.);
#4416=ORIENTED_EDGE('',*,*,#3243,.F.);
#4417=ORIENTED_EDGE('',*,*,#3242,.T.);
#4418=ORIENTED_EDGE('',*,*,#3244,.F.);
#4419=ORIENTED_EDGE('',*,*,#3245,.F.);
#4420=ORIENTED_EDGE('',*,*,#3246,.F.);
#4421=ORIENTED_EDGE('',*,*,#3245,.T.);
#4422=ORIENTED_EDGE('',*,*,#3247,.F.);
#4423=ORIENTED_EDGE('',*,*,#3248,.F.);
#4424=ORIENTED_EDGE('',*,*,#3249,.F.);
#4425=ORIENTED_EDGE('',*,*,#3248,.T.);
#4426=ORIENTED_EDGE('',*,*,#3250,.F.);
#4427=ORIENTED_EDGE('',*,*,#3213,.F.);
#4428=ORIENTED_EDGE('',*,*,#3249,.T.);
#4429=ORIENTED_EDGE('',*,*,#3212,.T.);
#4430=ORIENTED_EDGE('',*,*,#3216,.T.);
#4431=ORIENTED_EDGE('',*,*,#3219,.T.);
#4432=ORIENTED_EDGE('',*,*,#3222,.T.);
#4433=ORIENTED_EDGE('',*,*,#3225,.T.);
#4434=ORIENTED_EDGE('',*,*,#3228,.T.);
#4435=ORIENTED_EDGE('',*,*,#3231,.T.);
#4436=ORIENTED_EDGE('',*,*,#3234,.T.);
#4437=ORIENTED_EDGE('',*,*,#3237,.T.);
#4438=ORIENTED_EDGE('',*,*,#3240,.T.);
#4439=ORIENTED_EDGE('',*,*,#3243,.T.);
#4440=ORIENTED_EDGE('',*,*,#3246,.T.);
#4441=ORIENTED_EDGE('',*,*,#3250,.T.);
#4442=ORIENTED_EDGE('',*,*,#3247,.T.);
#4443=ORIENTED_EDGE('',*,*,#3244,.T.);
#4444=ORIENTED_EDGE('',*,*,#3241,.T.);
#4445=ORIENTED_EDGE('',*,*,#3238,.T.);
#4446=ORIENTED_EDGE('',*,*,#3235,.T.);
#4447=ORIENTED_EDGE('',*,*,#3232,.T.);
#4448=ORIENTED_EDGE('',*,*,#3229,.T.);
#4449=ORIENTED_EDGE('',*,*,#3226,.T.);
#4450=ORIENTED_EDGE('',*,*,#3223,.T.);
#4451=ORIENTED_EDGE('',*,*,#3220,.T.);
#4452=ORIENTED_EDGE('',*,*,#3217,.T.);
#4453=ORIENTED_EDGE('',*,*,#3214,.T.);
#4454=ORIENTED_EDGE('',*,*,#3251,.T.);
#4455=ORIENTED_EDGE('',*,*,#3252,.T.);
#4456=ORIENTED_EDGE('',*,*,#3253,.F.);
#4457=ORIENTED_EDGE('',*,*,#3254,.F.);
#4458=ORIENTED_EDGE('',*,*,#3255,.T.);
#4459=ORIENTED_EDGE('',*,*,#3254,.T.);
#4460=ORIENTED_EDGE('',*,*,#3256,.F.);
#4461=ORIENTED_EDGE('',*,*,#3257,.F.);
#4462=ORIENTED_EDGE('',*,*,#3258,.T.);
#4463=ORIENTED_EDGE('',*,*,#3257,.T.);
#4464=ORIENTED_EDGE('',*,*,#3259,.F.);
#4465=ORIENTED_EDGE('',*,*,#3260,.F.);
#4466=ORIENTED_EDGE('',*,*,#3261,.T.);
#4467=ORIENTED_EDGE('',*,*,#3260,.T.);
#4468=ORIENTED_EDGE('',*,*,#3262,.F.);
#4469=ORIENTED_EDGE('',*,*,#3263,.F.);
#4470=ORIENTED_EDGE('',*,*,#3264,.T.);
#4471=ORIENTED_EDGE('',*,*,#3263,.T.);
#4472=ORIENTED_EDGE('',*,*,#3265,.F.);
#4473=ORIENTED_EDGE('',*,*,#3266,.F.);
#4474=ORIENTED_EDGE('',*,*,#3267,.T.);
#4475=ORIENTED_EDGE('',*,*,#3266,.T.);
#4476=ORIENTED_EDGE('',*,*,#3268,.F.);
#4477=ORIENTED_EDGE('',*,*,#3269,.F.);
#4478=ORIENTED_EDGE('',*,*,#3270,.T.);
#4479=ORIENTED_EDGE('',*,*,#3269,.T.);
#4480=ORIENTED_EDGE('',*,*,#3271,.F.);
#4481=ORIENTED_EDGE('',*,*,#3272,.F.);
#4482=ORIENTED_EDGE('',*,*,#3273,.T.);
#4483=ORIENTED_EDGE('',*,*,#3272,.T.);
#4484=ORIENTED_EDGE('',*,*,#3274,.F.);
#4485=ORIENTED_EDGE('',*,*,#3275,.F.);
#4486=ORIENTED_EDGE('',*,*,#3276,.T.);
#4487=ORIENTED_EDGE('',*,*,#3275,.T.);
#4488=ORIENTED_EDGE('',*,*,#3277,.F.);
#4489=ORIENTED_EDGE('',*,*,#3278,.F.);
#4490=ORIENTED_EDGE('',*,*,#3279,.T.);
#4491=ORIENTED_EDGE('',*,*,#3278,.T.);
#4492=ORIENTED_EDGE('',*,*,#3280,.F.);
#4493=ORIENTED_EDGE('',*,*,#3281,.F.);
#4494=ORIENTED_EDGE('',*,*,#3282,.T.);
#4495=ORIENTED_EDGE('',*,*,#3281,.T.);
#4496=ORIENTED_EDGE('',*,*,#3283,.F.);
#4497=ORIENTED_EDGE('',*,*,#3284,.F.);
#4498=ORIENTED_EDGE('',*,*,#3285,.T.);
#4499=ORIENTED_EDGE('',*,*,#3284,.T.);
#4500=ORIENTED_EDGE('',*,*,#3286,.F.);
#4501=ORIENTED_EDGE('',*,*,#3287,.F.);
#4502=ORIENTED_EDGE('',*,*,#3288,.T.);
#4503=ORIENTED_EDGE('',*,*,#3287,.T.);
#4504=ORIENTED_EDGE('',*,*,#3289,.F.);
#4505=ORIENTED_EDGE('',*,*,#3290,.F.);
#4506=ORIENTED_EDGE('',*,*,#3291,.T.);
#4507=ORIENTED_EDGE('',*,*,#3290,.T.);
#4508=ORIENTED_EDGE('',*,*,#3292,.F.);
#4509=ORIENTED_EDGE('',*,*,#3293,.F.);
#4510=ORIENTED_EDGE('',*,*,#3294,.T.);
#4511=ORIENTED_EDGE('',*,*,#3293,.T.);
#4512=ORIENTED_EDGE('',*,*,#3295,.F.);
#4513=ORIENTED_EDGE('',*,*,#3296,.F.);
#4514=ORIENTED_EDGE('',*,*,#3297,.T.);
#4515=ORIENTED_EDGE('',*,*,#3296,.T.);
#4516=ORIENTED_EDGE('',*,*,#3298,.F.);
#4517=ORIENTED_EDGE('',*,*,#3299,.F.);
#4518=ORIENTED_EDGE('',*,*,#3300,.T.);
#4519=ORIENTED_EDGE('',*,*,#3299,.T.);
#4520=ORIENTED_EDGE('',*,*,#3301,.F.);
#4521=ORIENTED_EDGE('',*,*,#3302,.F.);
#4522=ORIENTED_EDGE('',*,*,#3303,.T.);
#4523=ORIENTED_EDGE('',*,*,#3302,.T.);
#4524=ORIENTED_EDGE('',*,*,#3304,.F.);
#4525=ORIENTED_EDGE('',*,*,#3305,.F.);
#4526=ORIENTED_EDGE('',*,*,#3306,.T.);
#4527=ORIENTED_EDGE('',*,*,#3305,.T.);
#4528=ORIENTED_EDGE('',*,*,#3307,.F.);
#4529=ORIENTED_EDGE('',*,*,#3252,.F.);
#4530=ORIENTED_EDGE('',*,*,#3307,.T.);
#4531=ORIENTED_EDGE('',*,*,#3304,.T.);
#4532=ORIENTED_EDGE('',*,*,#3301,.T.);
#4533=ORIENTED_EDGE('',*,*,#3298,.T.);
#4534=ORIENTED_EDGE('',*,*,#3295,.T.);
#4535=ORIENTED_EDGE('',*,*,#3292,.T.);
#4536=ORIENTED_EDGE('',*,*,#3289,.T.);
#4537=ORIENTED_EDGE('',*,*,#3286,.T.);
#4538=ORIENTED_EDGE('',*,*,#3283,.T.);
#4539=ORIENTED_EDGE('',*,*,#3280,.T.);
#4540=ORIENTED_EDGE('',*,*,#3277,.T.);
#4541=ORIENTED_EDGE('',*,*,#3274,.T.);
#4542=ORIENTED_EDGE('',*,*,#3271,.T.);
#4543=ORIENTED_EDGE('',*,*,#3268,.T.);
#4544=ORIENTED_EDGE('',*,*,#3265,.T.);
#4545=ORIENTED_EDGE('',*,*,#3262,.T.);
#4546=ORIENTED_EDGE('',*,*,#3259,.T.);
#4547=ORIENTED_EDGE('',*,*,#3256,.T.);
#4548=ORIENTED_EDGE('',*,*,#3253,.T.);
#4549=ORIENTED_EDGE('',*,*,#3306,.F.);
#4550=ORIENTED_EDGE('',*,*,#3251,.F.);
#4551=ORIENTED_EDGE('',*,*,#3255,.F.);
#4552=ORIENTED_EDGE('',*,*,#3258,.F.);
#4553=ORIENTED_EDGE('',*,*,#3261,.F.);
#4554=ORIENTED_EDGE('',*,*,#3264,.F.);
#4555=ORIENTED_EDGE('',*,*,#3267,.F.);
#4556=ORIENTED_EDGE('',*,*,#3270,.F.);
#4557=ORIENTED_EDGE('',*,*,#3273,.F.);
#4558=ORIENTED_EDGE('',*,*,#3276,.F.);
#4559=ORIENTED_EDGE('',*,*,#3279,.F.);
#4560=ORIENTED_EDGE('',*,*,#3282,.F.);
#4561=ORIENTED_EDGE('',*,*,#3285,.F.);
#4562=ORIENTED_EDGE('',*,*,#3288,.F.);
#4563=ORIENTED_EDGE('',*,*,#3291,.F.);
#4564=ORIENTED_EDGE('',*,*,#3294,.F.);
#4565=ORIENTED_EDGE('',*,*,#3297,.F.);
#4566=ORIENTED_EDGE('',*,*,#3300,.F.);
#4567=ORIENTED_EDGE('',*,*,#3303,.F.);
#4568=ORIENTED_EDGE('',*,*,#3308,.F.);
#4569=ORIENTED_EDGE('',*,*,#3309,.F.);
#4570=ORIENTED_EDGE('',*,*,#3309,.T.);
#4571=ORIENTED_EDGE('',*,*,#3308,.T.);
#4572=ORIENTED_EDGE('',*,*,#3310,.F.);
#4573=ORIENTED_EDGE('',*,*,#3311,.F.);
#4574=ORIENTED_EDGE('',*,*,#3311,.T.);
#4575=ORIENTED_EDGE('',*,*,#3310,.T.);
#4576=ORIENTED_EDGE('',*,*,#3312,.T.);
#4577=ORIENTED_EDGE('',*,*,#3313,.T.);
#4578=ORIENTED_EDGE('',*,*,#3314,.F.);
#4579=ORIENTED_EDGE('',*,*,#3315,.F.);
#4580=ORIENTED_EDGE('',*,*,#3316,.T.);
#4581=ORIENTED_EDGE('',*,*,#3315,.T.);
#4582=ORIENTED_EDGE('',*,*,#3317,.F.);
#4583=ORIENTED_EDGE('',*,*,#3318,.F.);
#4584=ORIENTED_EDGE('',*,*,#3319,.T.);
#4585=ORIENTED_EDGE('',*,*,#3318,.T.);
#4586=ORIENTED_EDGE('',*,*,#3320,.F.);
#4587=ORIENTED_EDGE('',*,*,#3321,.F.);
#4588=ORIENTED_EDGE('',*,*,#3322,.T.);
#4589=ORIENTED_EDGE('',*,*,#3321,.T.);
#4590=ORIENTED_EDGE('',*,*,#3323,.F.);
#4591=ORIENTED_EDGE('',*,*,#3313,.F.);
#4592=ORIENTED_EDGE('',*,*,#3323,.T.);
#4593=ORIENTED_EDGE('',*,*,#3320,.T.);
#4594=ORIENTED_EDGE('',*,*,#3317,.T.);
#4595=ORIENTED_EDGE('',*,*,#3314,.T.);
#4596=ORIENTED_EDGE('',*,*,#3322,.F.);
#4597=ORIENTED_EDGE('',*,*,#3312,.F.);
#4598=ORIENTED_EDGE('',*,*,#3316,.F.);
#4599=ORIENTED_EDGE('',*,*,#3319,.F.);
#4600=ORIENTED_EDGE('',*,*,#3324,.F.);
#4601=ORIENTED_EDGE('',*,*,#3325,.T.);
#4602=ORIENTED_EDGE('',*,*,#3326,.F.);
#4603=ORIENTED_EDGE('',*,*,#3327,.F.);
#4604=ORIENTED_EDGE('',*,*,#3328,.F.);
#4605=ORIENTED_EDGE('',*,*,#3327,.T.);
#4606=ORIENTED_EDGE('',*,*,#3329,.F.);
#4607=ORIENTED_EDGE('',*,*,#3330,.F.);
#4608=ORIENTED_EDGE('',*,*,#3331,.F.);
#4609=ORIENTED_EDGE('',*,*,#3330,.T.);
#4610=ORIENTED_EDGE('',*,*,#3332,.F.);
#4611=ORIENTED_EDGE('',*,*,#3333,.F.);
#4612=ORIENTED_EDGE('',*,*,#3334,.F.);
#4613=ORIENTED_EDGE('',*,*,#3333,.T.);
#4614=ORIENTED_EDGE('',*,*,#3335,.F.);
#4615=ORIENTED_EDGE('',*,*,#3325,.F.);
#4616=ORIENTED_EDGE('',*,*,#3334,.T.);
#4617=ORIENTED_EDGE('',*,*,#3324,.T.);
#4618=ORIENTED_EDGE('',*,*,#3328,.T.);
#4619=ORIENTED_EDGE('',*,*,#3331,.T.);
#4620=ORIENTED_EDGE('',*,*,#3335,.T.);
#4621=ORIENTED_EDGE('',*,*,#3332,.T.);
#4622=ORIENTED_EDGE('',*,*,#3329,.T.);
#4623=ORIENTED_EDGE('',*,*,#3326,.T.);
#4624=ORIENTED_EDGE('',*,*,#3336,.F.);
#4625=ORIENTED_EDGE('',*,*,#3337,.T.);
#4626=ORIENTED_EDGE('',*,*,#3338,.F.);
#4627=ORIENTED_EDGE('',*,*,#3339,.F.);
#4628=ORIENTED_EDGE('',*,*,#3340,.F.);
#4629=ORIENTED_EDGE('',*,*,#3339,.T.);
#4630=ORIENTED_EDGE('',*,*,#3341,.F.);
#4631=ORIENTED_EDGE('',*,*,#3342,.F.);
#4632=ORIENTED_EDGE('',*,*,#3343,.F.);
#4633=ORIENTED_EDGE('',*,*,#3342,.T.);
#4634=ORIENTED_EDGE('',*,*,#3344,.F.);
#4635=ORIENTED_EDGE('',*,*,#3345,.F.);
#4636=ORIENTED_EDGE('',*,*,#3346,.F.);
#4637=ORIENTED_EDGE('',*,*,#3345,.T.);
#4638=ORIENTED_EDGE('',*,*,#3347,.F.);
#4639=ORIENTED_EDGE('',*,*,#3337,.F.);
#4640=ORIENTED_EDGE('',*,*,#3346,.T.);
#4641=ORIENTED_EDGE('',*,*,#3336,.T.);
#4642=ORIENTED_EDGE('',*,*,#3340,.T.);
#4643=ORIENTED_EDGE('',*,*,#3343,.T.);
#4644=ORIENTED_EDGE('',*,*,#3347,.T.);
#4645=ORIENTED_EDGE('',*,*,#3344,.T.);
#4646=ORIENTED_EDGE('',*,*,#3341,.T.);
#4647=ORIENTED_EDGE('',*,*,#3338,.T.);
#4648=ORIENTED_EDGE('',*,*,#3348,.F.);
#4649=ORIENTED_EDGE('',*,*,#3349,.T.);
#4650=ORIENTED_EDGE('',*,*,#3350,.F.);
#4651=ORIENTED_EDGE('',*,*,#3351,.F.);
#4652=ORIENTED_EDGE('',*,*,#3352,.F.);
#4653=ORIENTED_EDGE('',*,*,#3351,.T.);
#4654=ORIENTED_EDGE('',*,*,#3353,.F.);
#4655=ORIENTED_EDGE('',*,*,#3354,.F.);
#4656=ORIENTED_EDGE('',*,*,#3355,.F.);
#4657=ORIENTED_EDGE('',*,*,#3354,.T.);
#4658=ORIENTED_EDGE('',*,*,#3356,.F.);
#4659=ORIENTED_EDGE('',*,*,#3357,.F.);
#4660=ORIENTED_EDGE('',*,*,#3358,.F.);
#4661=ORIENTED_EDGE('',*,*,#3357,.T.);
#4662=ORIENTED_EDGE('',*,*,#3359,.F.);
#4663=ORIENTED_EDGE('',*,*,#3360,.F.);
#4664=ORIENTED_EDGE('',*,*,#3361,.F.);
#4665=ORIENTED_EDGE('',*,*,#3360,.T.);
#4666=ORIENTED_EDGE('',*,*,#3362,.F.);
#4667=ORIENTED_EDGE('',*,*,#3363,.F.);
#4668=ORIENTED_EDGE('',*,*,#3364,.F.);
#4669=ORIENTED_EDGE('',*,*,#3363,.T.);
#4670=ORIENTED_EDGE('',*,*,#3365,.F.);
#4671=ORIENTED_EDGE('',*,*,#3366,.F.);
#4672=ORIENTED_EDGE('',*,*,#3367,.F.);
#4673=ORIENTED_EDGE('',*,*,#3366,.T.);
#4674=ORIENTED_EDGE('',*,*,#3368,.F.);
#4675=ORIENTED_EDGE('',*,*,#3369,.F.);
#4676=ORIENTED_EDGE('',*,*,#3370,.F.);
#4677=ORIENTED_EDGE('',*,*,#3369,.T.);
#4678=ORIENTED_EDGE('',*,*,#3371,.F.);
#4679=ORIENTED_EDGE('',*,*,#3372,.F.);
#4680=ORIENTED_EDGE('',*,*,#3373,.F.);
#4681=ORIENTED_EDGE('',*,*,#3372,.T.);
#4682=ORIENTED_EDGE('',*,*,#3374,.F.);
#4683=ORIENTED_EDGE('',*,*,#3375,.F.);
#4684=ORIENTED_EDGE('',*,*,#3376,.F.);
#4685=ORIENTED_EDGE('',*,*,#3375,.T.);
#4686=ORIENTED_EDGE('',*,*,#3377,.F.);
#4687=ORIENTED_EDGE('',*,*,#3378,.F.);
#4688=ORIENTED_EDGE('',*,*,#3379,.F.);
#4689=ORIENTED_EDGE('',*,*,#3378,.T.);
#4690=ORIENTED_EDGE('',*,*,#3380,.F.);
#4691=ORIENTED_EDGE('',*,*,#3381,.F.);
#4692=ORIENTED_EDGE('',*,*,#3382,.F.);
#4693=ORIENTED_EDGE('',*,*,#3381,.T.);
#4694=ORIENTED_EDGE('',*,*,#3383,.F.);
#4695=ORIENTED_EDGE('',*,*,#3384,.F.);
#4696=ORIENTED_EDGE('',*,*,#3385,.F.);
#4697=ORIENTED_EDGE('',*,*,#3384,.T.);
#4698=ORIENTED_EDGE('',*,*,#3386,.F.);
#4699=ORIENTED_EDGE('',*,*,#3349,.F.);
#4700=ORIENTED_EDGE('',*,*,#3385,.T.);
#4701=ORIENTED_EDGE('',*,*,#3348,.T.);
#4702=ORIENTED_EDGE('',*,*,#3352,.T.);
#4703=ORIENTED_EDGE('',*,*,#3355,.T.);
#4704=ORIENTED_EDGE('',*,*,#3358,.T.);
#4705=ORIENTED_EDGE('',*,*,#3361,.T.);
#4706=ORIENTED_EDGE('',*,*,#3364,.T.);
#4707=ORIENTED_EDGE('',*,*,#3367,.T.);
#4708=ORIENTED_EDGE('',*,*,#3370,.T.);
#4709=ORIENTED_EDGE('',*,*,#3373,.T.);
#4710=ORIENTED_EDGE('',*,*,#3376,.T.);
#4711=ORIENTED_EDGE('',*,*,#3379,.T.);
#4712=ORIENTED_EDGE('',*,*,#3382,.T.);
#4713=ORIENTED_EDGE('',*,*,#3386,.T.);
#4714=ORIENTED_EDGE('',*,*,#3383,.T.);
#4715=ORIENTED_EDGE('',*,*,#3380,.T.);
#4716=ORIENTED_EDGE('',*,*,#3377,.T.);
#4717=ORIENTED_EDGE('',*,*,#3374,.T.);
#4718=ORIENTED_EDGE('',*,*,#3371,.T.);
#4719=ORIENTED_EDGE('',*,*,#3368,.T.);
#4720=ORIENTED_EDGE('',*,*,#3365,.T.);
#4721=ORIENTED_EDGE('',*,*,#3362,.T.);
#4722=ORIENTED_EDGE('',*,*,#3359,.T.);
#4723=ORIENTED_EDGE('',*,*,#3356,.T.);
#4724=ORIENTED_EDGE('',*,*,#3353,.T.);
#4725=ORIENTED_EDGE('',*,*,#3350,.T.);
#4726=ORIENTED_EDGE('',*,*,#3387,.F.);
#4727=ORIENTED_EDGE('',*,*,#3388,.T.);
#4728=ORIENTED_EDGE('',*,*,#3389,.F.);
#4729=ORIENTED_EDGE('',*,*,#3390,.F.);
#4730=ORIENTED_EDGE('',*,*,#3391,.F.);
#4731=ORIENTED_EDGE('',*,*,#3392,.T.);
#4732=ORIENTED_EDGE('',*,*,#3393,.F.);
#4733=ORIENTED_EDGE('',*,*,#3388,.F.);
#4734=ORIENTED_EDGE('',*,*,#3394,.F.);
#4735=ORIENTED_EDGE('',*,*,#3395,.T.);
#4736=ORIENTED_EDGE('',*,*,#3396,.F.);
#4737=ORIENTED_EDGE('',*,*,#3392,.F.);
#4738=ORIENTED_EDGE('',*,*,#3397,.F.);
#4739=ORIENTED_EDGE('',*,*,#3398,.T.);
#4740=ORIENTED_EDGE('',*,*,#3399,.F.);
#4741=ORIENTED_EDGE('',*,*,#3395,.F.);
#4742=ORIENTED_EDGE('',*,*,#3400,.F.);
#4743=ORIENTED_EDGE('',*,*,#3401,.T.);
#4744=ORIENTED_EDGE('',*,*,#3402,.F.);
#4745=ORIENTED_EDGE('',*,*,#3398,.F.);
#4746=ORIENTED_EDGE('',*,*,#3403,.F.);
#4747=ORIENTED_EDGE('',*,*,#3404,.T.);
#4748=ORIENTED_EDGE('',*,*,#3405,.F.);
#4749=ORIENTED_EDGE('',*,*,#3401,.F.);
#4750=ORIENTED_EDGE('',*,*,#3406,.F.);
#4751=ORIENTED_EDGE('',*,*,#3407,.T.);
#4752=ORIENTED_EDGE('',*,*,#3408,.F.);
#4753=ORIENTED_EDGE('',*,*,#3404,.F.);
#4754=ORIENTED_EDGE('',*,*,#3409,.F.);
#4755=ORIENTED_EDGE('',*,*,#3410,.T.);
#4756=ORIENTED_EDGE('',*,*,#3411,.F.);
#4757=ORIENTED_EDGE('',*,*,#3407,.F.);
#4758=ORIENTED_EDGE('',*,*,#3412,.F.);
#4759=ORIENTED_EDGE('',*,*,#3390,.T.);
#4760=ORIENTED_EDGE('',*,*,#3413,.F.);
#4761=ORIENTED_EDGE('',*,*,#3410,.F.);
#4762=ORIENTED_EDGE('',*,*,#3414,.T.);
#4763=ORIENTED_EDGE('',*,*,#3415,.T.);
#4764=ORIENTED_EDGE('',*,*,#3416,.F.);
#4765=ORIENTED_EDGE('',*,*,#3417,.F.);
#4766=ORIENTED_EDGE('',*,*,#3418,.T.);
#4767=ORIENTED_EDGE('',*,*,#3417,.T.);
#4768=ORIENTED_EDGE('',*,*,#3419,.F.);
#4769=ORIENTED_EDGE('',*,*,#3420,.F.);
#4770=ORIENTED_EDGE('',*,*,#3421,.T.);
#4771=ORIENTED_EDGE('',*,*,#3420,.T.);
#4772=ORIENTED_EDGE('',*,*,#3422,.F.);
#4773=ORIENTED_EDGE('',*,*,#3423,.F.);
#4774=ORIENTED_EDGE('',*,*,#3424,.T.);
#4775=ORIENTED_EDGE('',*,*,#3423,.T.);
#4776=ORIENTED_EDGE('',*,*,#3425,.F.);
#4777=ORIENTED_EDGE('',*,*,#3426,.F.);
#4778=ORIENTED_EDGE('',*,*,#3427,.T.);
#4779=ORIENTED_EDGE('',*,*,#3426,.T.);
#4780=ORIENTED_EDGE('',*,*,#3428,.F.);
#4781=ORIENTED_EDGE('',*,*,#3429,.F.);
#4782=ORIENTED_EDGE('',*,*,#3430,.T.);
#4783=ORIENTED_EDGE('',*,*,#3429,.T.);
#4784=ORIENTED_EDGE('',*,*,#3431,.F.);
#4785=ORIENTED_EDGE('',*,*,#3432,.F.);
#4786=ORIENTED_EDGE('',*,*,#3433,.T.);
#4787=ORIENTED_EDGE('',*,*,#3432,.T.);
#4788=ORIENTED_EDGE('',*,*,#3434,.F.);
#4789=ORIENTED_EDGE('',*,*,#3435,.F.);
#4790=ORIENTED_EDGE('',*,*,#3436,.T.);
#4791=ORIENTED_EDGE('',*,*,#3435,.T.);
#4792=ORIENTED_EDGE('',*,*,#3437,.F.);
#4793=ORIENTED_EDGE('',*,*,#3438,.F.);
#4794=ORIENTED_EDGE('',*,*,#3439,.T.);
#4795=ORIENTED_EDGE('',*,*,#3438,.T.);
#4796=ORIENTED_EDGE('',*,*,#3440,.F.);
#4797=ORIENTED_EDGE('',*,*,#3441,.F.);
#4798=ORIENTED_EDGE('',*,*,#3442,.T.);
#4799=ORIENTED_EDGE('',*,*,#3441,.T.);
#4800=ORIENTED_EDGE('',*,*,#3443,.F.);
#4801=ORIENTED_EDGE('',*,*,#3444,.F.);
#4802=ORIENTED_EDGE('',*,*,#3445,.T.);
#4803=ORIENTED_EDGE('',*,*,#3444,.T.);
#4804=ORIENTED_EDGE('',*,*,#3446,.F.);
#4805=ORIENTED_EDGE('',*,*,#3447,.F.);
#4806=ORIENTED_EDGE('',*,*,#3448,.T.);
#4807=ORIENTED_EDGE('',*,*,#3447,.T.);
#4808=ORIENTED_EDGE('',*,*,#3449,.F.);
#4809=ORIENTED_EDGE('',*,*,#3450,.F.);
#4810=ORIENTED_EDGE('',*,*,#3451,.T.);
#4811=ORIENTED_EDGE('',*,*,#3450,.T.);
#4812=ORIENTED_EDGE('',*,*,#3452,.F.);
#4813=ORIENTED_EDGE('',*,*,#3453,.F.);
#4814=ORIENTED_EDGE('',*,*,#3454,.T.);
#4815=ORIENTED_EDGE('',*,*,#3453,.T.);
#4816=ORIENTED_EDGE('',*,*,#3455,.F.);
#4817=ORIENTED_EDGE('',*,*,#3456,.F.);
#4818=ORIENTED_EDGE('',*,*,#3457,.T.);
#4819=ORIENTED_EDGE('',*,*,#3456,.T.);
#4820=ORIENTED_EDGE('',*,*,#3458,.F.);
#4821=ORIENTED_EDGE('',*,*,#3459,.F.);
#4822=ORIENTED_EDGE('',*,*,#3460,.T.);
#4823=ORIENTED_EDGE('',*,*,#3459,.T.);
#4824=ORIENTED_EDGE('',*,*,#3461,.F.);
#4825=ORIENTED_EDGE('',*,*,#3462,.F.);
#4826=ORIENTED_EDGE('',*,*,#3463,.T.);
#4827=ORIENTED_EDGE('',*,*,#3462,.T.);
#4828=ORIENTED_EDGE('',*,*,#3464,.F.);
#4829=ORIENTED_EDGE('',*,*,#3465,.F.);
#4830=ORIENTED_EDGE('',*,*,#3466,.T.);
#4831=ORIENTED_EDGE('',*,*,#3465,.T.);
#4832=ORIENTED_EDGE('',*,*,#3467,.F.);
#4833=ORIENTED_EDGE('',*,*,#3468,.F.);
#4834=ORIENTED_EDGE('',*,*,#3469,.T.);
#4835=ORIENTED_EDGE('',*,*,#3468,.T.);
#4836=ORIENTED_EDGE('',*,*,#3470,.F.);
#4837=ORIENTED_EDGE('',*,*,#3471,.F.);
#4838=ORIENTED_EDGE('',*,*,#3472,.T.);
#4839=ORIENTED_EDGE('',*,*,#3471,.T.);
#4840=ORIENTED_EDGE('',*,*,#3473,.F.);
#4841=ORIENTED_EDGE('',*,*,#3474,.F.);
#4842=ORIENTED_EDGE('',*,*,#3475,.T.);
#4843=ORIENTED_EDGE('',*,*,#3474,.T.);
#4844=ORIENTED_EDGE('',*,*,#3476,.F.);
#4845=ORIENTED_EDGE('',*,*,#3477,.F.);
#4846=ORIENTED_EDGE('',*,*,#3478,.T.);
#4847=ORIENTED_EDGE('',*,*,#3477,.T.);
#4848=ORIENTED_EDGE('',*,*,#3479,.F.);
#4849=ORIENTED_EDGE('',*,*,#3480,.F.);
#4850=ORIENTED_EDGE('',*,*,#3481,.T.);
#4851=ORIENTED_EDGE('',*,*,#3480,.T.);
#4852=ORIENTED_EDGE('',*,*,#3482,.F.);
#4853=ORIENTED_EDGE('',*,*,#3483,.F.);
#4854=ORIENTED_EDGE('',*,*,#3484,.T.);
#4855=ORIENTED_EDGE('',*,*,#3483,.T.);
#4856=ORIENTED_EDGE('',*,*,#3485,.F.);
#4857=ORIENTED_EDGE('',*,*,#3486,.F.);
#4858=ORIENTED_EDGE('',*,*,#3487,.T.);
#4859=ORIENTED_EDGE('',*,*,#3486,.T.);
#4860=ORIENTED_EDGE('',*,*,#3488,.F.);
#4861=ORIENTED_EDGE('',*,*,#3489,.F.);
#4862=ORIENTED_EDGE('',*,*,#3490,.T.);
#4863=ORIENTED_EDGE('',*,*,#3489,.T.);
#4864=ORIENTED_EDGE('',*,*,#3491,.F.);
#4865=ORIENTED_EDGE('',*,*,#3492,.F.);
#4866=ORIENTED_EDGE('',*,*,#3493,.T.);
#4867=ORIENTED_EDGE('',*,*,#3492,.T.);
#4868=ORIENTED_EDGE('',*,*,#3494,.F.);
#4869=ORIENTED_EDGE('',*,*,#3495,.F.);
#4870=ORIENTED_EDGE('',*,*,#3496,.T.);
#4871=ORIENTED_EDGE('',*,*,#3495,.T.);
#4872=ORIENTED_EDGE('',*,*,#3497,.F.);
#4873=ORIENTED_EDGE('',*,*,#3498,.F.);
#4874=ORIENTED_EDGE('',*,*,#3499,.T.);
#4875=ORIENTED_EDGE('',*,*,#3498,.T.);
#4876=ORIENTED_EDGE('',*,*,#3500,.F.);
#4877=ORIENTED_EDGE('',*,*,#3501,.F.);
#4878=ORIENTED_EDGE('',*,*,#3502,.T.);
#4879=ORIENTED_EDGE('',*,*,#3501,.T.);
#4880=ORIENTED_EDGE('',*,*,#3503,.F.);
#4881=ORIENTED_EDGE('',*,*,#3504,.F.);
#4882=ORIENTED_EDGE('',*,*,#3505,.T.);
#4883=ORIENTED_EDGE('',*,*,#3504,.T.);
#4884=ORIENTED_EDGE('',*,*,#3506,.F.);
#4885=ORIENTED_EDGE('',*,*,#3507,.F.);
#4886=ORIENTED_EDGE('',*,*,#3508,.T.);
#4887=ORIENTED_EDGE('',*,*,#3507,.T.);
#4888=ORIENTED_EDGE('',*,*,#3509,.F.);
#4889=ORIENTED_EDGE('',*,*,#3510,.F.);
#4890=ORIENTED_EDGE('',*,*,#3511,.T.);
#4891=ORIENTED_EDGE('',*,*,#3510,.T.);
#4892=ORIENTED_EDGE('',*,*,#3512,.F.);
#4893=ORIENTED_EDGE('',*,*,#3513,.F.);
#4894=ORIENTED_EDGE('',*,*,#3514,.T.);
#4895=ORIENTED_EDGE('',*,*,#3513,.T.);
#4896=ORIENTED_EDGE('',*,*,#3515,.F.);
#4897=ORIENTED_EDGE('',*,*,#3516,.F.);
#4898=ORIENTED_EDGE('',*,*,#3517,.T.);
#4899=ORIENTED_EDGE('',*,*,#3516,.T.);
#4900=ORIENTED_EDGE('',*,*,#3518,.F.);
#4901=ORIENTED_EDGE('',*,*,#3519,.F.);
#4902=ORIENTED_EDGE('',*,*,#3520,.T.);
#4903=ORIENTED_EDGE('',*,*,#3519,.T.);
#4904=ORIENTED_EDGE('',*,*,#3521,.F.);
#4905=ORIENTED_EDGE('',*,*,#3415,.F.);
#4906=ORIENTED_EDGE('',*,*,#3521,.T.);
#4907=ORIENTED_EDGE('',*,*,#3518,.T.);
#4908=ORIENTED_EDGE('',*,*,#3515,.T.);
#4909=ORIENTED_EDGE('',*,*,#3512,.T.);
#4910=ORIENTED_EDGE('',*,*,#3509,.T.);
#4911=ORIENTED_EDGE('',*,*,#3506,.T.);
#4912=ORIENTED_EDGE('',*,*,#3503,.T.);
#4913=ORIENTED_EDGE('',*,*,#3500,.T.);
#4914=ORIENTED_EDGE('',*,*,#3497,.T.);
#4915=ORIENTED_EDGE('',*,*,#3494,.T.);
#4916=ORIENTED_EDGE('',*,*,#3491,.T.);
#4917=ORIENTED_EDGE('',*,*,#3488,.T.);
#4918=ORIENTED_EDGE('',*,*,#3485,.T.);
#4919=ORIENTED_EDGE('',*,*,#3482,.T.);
#4920=ORIENTED_EDGE('',*,*,#3479,.T.);
#4921=ORIENTED_EDGE('',*,*,#3476,.T.);
#4922=ORIENTED_EDGE('',*,*,#3473,.T.);
#4923=ORIENTED_EDGE('',*,*,#3470,.T.);
#4924=ORIENTED_EDGE('',*,*,#3467,.T.);
#4925=ORIENTED_EDGE('',*,*,#3464,.T.);
#4926=ORIENTED_EDGE('',*,*,#3461,.T.);
#4927=ORIENTED_EDGE('',*,*,#3458,.T.);
#4928=ORIENTED_EDGE('',*,*,#3455,.T.);
#4929=ORIENTED_EDGE('',*,*,#3452,.T.);
#4930=ORIENTED_EDGE('',*,*,#3449,.T.);
#4931=ORIENTED_EDGE('',*,*,#3446,.T.);
#4932=ORIENTED_EDGE('',*,*,#3443,.T.);
#4933=ORIENTED_EDGE('',*,*,#3440,.T.);
#4934=ORIENTED_EDGE('',*,*,#3437,.T.);
#4935=ORIENTED_EDGE('',*,*,#3434,.T.);
#4936=ORIENTED_EDGE('',*,*,#3431,.T.);
#4937=ORIENTED_EDGE('',*,*,#3428,.T.);
#4938=ORIENTED_EDGE('',*,*,#3425,.T.);
#4939=ORIENTED_EDGE('',*,*,#3422,.T.);
#4940=ORIENTED_EDGE('',*,*,#3419,.T.);
#4941=ORIENTED_EDGE('',*,*,#3416,.T.);
#4942=ORIENTED_EDGE('',*,*,#3389,.T.);
#4943=ORIENTED_EDGE('',*,*,#3393,.T.);
#4944=ORIENTED_EDGE('',*,*,#3396,.T.);
#4945=ORIENTED_EDGE('',*,*,#3399,.T.);
#4946=ORIENTED_EDGE('',*,*,#3402,.T.);
#4947=ORIENTED_EDGE('',*,*,#3405,.T.);
#4948=ORIENTED_EDGE('',*,*,#3408,.T.);
#4949=ORIENTED_EDGE('',*,*,#3411,.T.);
#4950=ORIENTED_EDGE('',*,*,#3413,.T.);
#4951=ORIENTED_EDGE('',*,*,#3520,.F.);
#4952=ORIENTED_EDGE('',*,*,#3414,.F.);
#4953=ORIENTED_EDGE('',*,*,#3418,.F.);
#4954=ORIENTED_EDGE('',*,*,#3421,.F.);
#4955=ORIENTED_EDGE('',*,*,#3424,.F.);
#4956=ORIENTED_EDGE('',*,*,#3427,.F.);
#4957=ORIENTED_EDGE('',*,*,#3430,.F.);
#4958=ORIENTED_EDGE('',*,*,#3433,.F.);
#4959=ORIENTED_EDGE('',*,*,#3436,.F.);
#4960=ORIENTED_EDGE('',*,*,#3439,.F.);
#4961=ORIENTED_EDGE('',*,*,#3442,.F.);
#4962=ORIENTED_EDGE('',*,*,#3445,.F.);
#4963=ORIENTED_EDGE('',*,*,#3448,.F.);
#4964=ORIENTED_EDGE('',*,*,#3451,.F.);
#4965=ORIENTED_EDGE('',*,*,#3454,.F.);
#4966=ORIENTED_EDGE('',*,*,#3457,.F.);
#4967=ORIENTED_EDGE('',*,*,#3460,.F.);
#4968=ORIENTED_EDGE('',*,*,#3463,.F.);
#4969=ORIENTED_EDGE('',*,*,#3466,.F.);
#4970=ORIENTED_EDGE('',*,*,#3469,.F.);
#4971=ORIENTED_EDGE('',*,*,#3472,.F.);
#4972=ORIENTED_EDGE('',*,*,#3475,.F.);
#4973=ORIENTED_EDGE('',*,*,#3478,.F.);
#4974=ORIENTED_EDGE('',*,*,#3481,.F.);
#4975=ORIENTED_EDGE('',*,*,#3484,.F.);
#4976=ORIENTED_EDGE('',*,*,#3487,.F.);
#4977=ORIENTED_EDGE('',*,*,#3490,.F.);
#4978=ORIENTED_EDGE('',*,*,#3493,.F.);
#4979=ORIENTED_EDGE('',*,*,#3496,.F.);
#4980=ORIENTED_EDGE('',*,*,#3499,.F.);
#4981=ORIENTED_EDGE('',*,*,#3502,.F.);
#4982=ORIENTED_EDGE('',*,*,#3505,.F.);
#4983=ORIENTED_EDGE('',*,*,#3508,.F.);
#4984=ORIENTED_EDGE('',*,*,#3511,.F.);
#4985=ORIENTED_EDGE('',*,*,#3514,.F.);
#4986=ORIENTED_EDGE('',*,*,#3517,.F.);
#4987=ORIENTED_EDGE('',*,*,#3387,.T.);
#4988=ORIENTED_EDGE('',*,*,#3412,.T.);
#4989=ORIENTED_EDGE('',*,*,#3409,.T.);
#4990=ORIENTED_EDGE('',*,*,#3406,.T.);
#4991=ORIENTED_EDGE('',*,*,#3403,.T.);
#4992=ORIENTED_EDGE('',*,*,#3400,.T.);
#4993=ORIENTED_EDGE('',*,*,#3397,.T.);
#4994=ORIENTED_EDGE('',*,*,#3394,.T.);
#4995=ORIENTED_EDGE('',*,*,#3391,.T.);
#4996=ORIENTED_EDGE('',*,*,#3522,.F.);
#4997=ORIENTED_EDGE('',*,*,#3523,.T.);
#4998=ORIENTED_EDGE('',*,*,#3524,.F.);
#4999=ORIENTED_EDGE('',*,*,#3525,.F.);
#5000=ORIENTED_EDGE('',*,*,#3526,.F.);
#5001=ORIENTED_EDGE('',*,*,#3527,.T.);
#5002=ORIENTED_EDGE('',*,*,#3528,.F.);
#5003=ORIENTED_EDGE('',*,*,#3523,.F.);
#5004=ORIENTED_EDGE('',*,*,#3529,.F.);
#5005=ORIENTED_EDGE('',*,*,#3530,.T.);
#5006=ORIENTED_EDGE('',*,*,#3531,.F.);
#5007=ORIENTED_EDGE('',*,*,#3527,.F.);
#5008=ORIENTED_EDGE('',*,*,#3532,.F.);
#5009=ORIENTED_EDGE('',*,*,#3533,.T.);
#5010=ORIENTED_EDGE('',*,*,#3534,.F.);
#5011=ORIENTED_EDGE('',*,*,#3530,.F.);
#5012=ORIENTED_EDGE('',*,*,#3535,.F.);
#5013=ORIENTED_EDGE('',*,*,#3536,.T.);
#5014=ORIENTED_EDGE('',*,*,#3537,.F.);
#5015=ORIENTED_EDGE('',*,*,#3533,.F.);
#5016=ORIENTED_EDGE('',*,*,#3538,.F.);
#5017=ORIENTED_EDGE('',*,*,#3539,.T.);
#5018=ORIENTED_EDGE('',*,*,#3540,.F.);
#5019=ORIENTED_EDGE('',*,*,#3536,.F.);
#5020=ORIENTED_EDGE('',*,*,#3541,.F.);
#5021=ORIENTED_EDGE('',*,*,#3542,.T.);
#5022=ORIENTED_EDGE('',*,*,#3543,.F.);
#5023=ORIENTED_EDGE('',*,*,#3539,.F.);
#5024=ORIENTED_EDGE('',*,*,#3544,.F.);
#5025=ORIENTED_EDGE('',*,*,#3545,.T.);
#5026=ORIENTED_EDGE('',*,*,#3546,.F.);
#5027=ORIENTED_EDGE('',*,*,#3542,.F.);
#5028=ORIENTED_EDGE('',*,*,#3547,.F.);
#5029=ORIENTED_EDGE('',*,*,#3548,.T.);
#5030=ORIENTED_EDGE('',*,*,#3549,.F.);
#5031=ORIENTED_EDGE('',*,*,#3545,.F.);
#5032=ORIENTED_EDGE('',*,*,#3550,.F.);
#5033=ORIENTED_EDGE('',*,*,#3551,.T.);
#5034=ORIENTED_EDGE('',*,*,#3552,.F.);
#5035=ORIENTED_EDGE('',*,*,#3548,.F.);
#5036=ORIENTED_EDGE('',*,*,#3553,.F.);
#5037=ORIENTED_EDGE('',*,*,#3554,.T.);
#5038=ORIENTED_EDGE('',*,*,#3555,.F.);
#5039=ORIENTED_EDGE('',*,*,#3551,.F.);
#5040=ORIENTED_EDGE('',*,*,#3556,.F.);
#5041=ORIENTED_EDGE('',*,*,#3557,.T.);
#5042=ORIENTED_EDGE('',*,*,#3558,.F.);
#5043=ORIENTED_EDGE('',*,*,#3554,.F.);
#5044=ORIENTED_EDGE('',*,*,#3559,.F.);
#5045=ORIENTED_EDGE('',*,*,#3560,.T.);
#5046=ORIENTED_EDGE('',*,*,#3561,.F.);
#5047=ORIENTED_EDGE('',*,*,#3557,.F.);
#5048=ORIENTED_EDGE('',*,*,#3562,.F.);
#5049=ORIENTED_EDGE('',*,*,#3563,.T.);
#5050=ORIENTED_EDGE('',*,*,#3564,.F.);
#5051=ORIENTED_EDGE('',*,*,#3560,.F.);
#5052=ORIENTED_EDGE('',*,*,#3565,.F.);
#5053=ORIENTED_EDGE('',*,*,#3566,.T.);
#5054=ORIENTED_EDGE('',*,*,#3567,.F.);
#5055=ORIENTED_EDGE('',*,*,#3563,.F.);
#5056=ORIENTED_EDGE('',*,*,#3568,.F.);
#5057=ORIENTED_EDGE('',*,*,#3569,.T.);
#5058=ORIENTED_EDGE('',*,*,#3570,.F.);
#5059=ORIENTED_EDGE('',*,*,#3566,.F.);
#5060=ORIENTED_EDGE('',*,*,#3571,.F.);
#5061=ORIENTED_EDGE('',*,*,#3572,.T.);
#5062=ORIENTED_EDGE('',*,*,#3573,.F.);
#5063=ORIENTED_EDGE('',*,*,#3569,.F.);
#5064=ORIENTED_EDGE('',*,*,#3574,.F.);
#5065=ORIENTED_EDGE('',*,*,#3575,.T.);
#5066=ORIENTED_EDGE('',*,*,#3576,.F.);
#5067=ORIENTED_EDGE('',*,*,#3572,.F.);
#5068=ORIENTED_EDGE('',*,*,#3577,.F.);
#5069=ORIENTED_EDGE('',*,*,#3578,.T.);
#5070=ORIENTED_EDGE('',*,*,#3579,.F.);
#5071=ORIENTED_EDGE('',*,*,#3575,.F.);
#5072=ORIENTED_EDGE('',*,*,#3580,.F.);
#5073=ORIENTED_EDGE('',*,*,#3581,.T.);
#5074=ORIENTED_EDGE('',*,*,#3582,.F.);
#5075=ORIENTED_EDGE('',*,*,#3578,.F.);
#5076=ORIENTED_EDGE('',*,*,#3583,.F.);
#5077=ORIENTED_EDGE('',*,*,#3584,.T.);
#5078=ORIENTED_EDGE('',*,*,#3585,.F.);
#5079=ORIENTED_EDGE('',*,*,#3581,.F.);
#5080=ORIENTED_EDGE('',*,*,#3586,.F.);
#5081=ORIENTED_EDGE('',*,*,#3587,.T.);
#5082=ORIENTED_EDGE('',*,*,#3588,.F.);
#5083=ORIENTED_EDGE('',*,*,#3584,.F.);
#5084=ORIENTED_EDGE('',*,*,#3589,.F.);
#5085=ORIENTED_EDGE('',*,*,#3590,.T.);
#5086=ORIENTED_EDGE('',*,*,#3591,.F.);
#5087=ORIENTED_EDGE('',*,*,#3587,.F.);
#5088=ORIENTED_EDGE('',*,*,#3592,.F.);
#5089=ORIENTED_EDGE('',*,*,#3593,.T.);
#5090=ORIENTED_EDGE('',*,*,#3594,.F.);
#5091=ORIENTED_EDGE('',*,*,#3590,.F.);
#5092=ORIENTED_EDGE('',*,*,#3595,.F.);
#5093=ORIENTED_EDGE('',*,*,#3596,.T.);
#5094=ORIENTED_EDGE('',*,*,#3597,.F.);
#5095=ORIENTED_EDGE('',*,*,#3593,.F.);
#5096=ORIENTED_EDGE('',*,*,#3598,.F.);
#5097=ORIENTED_EDGE('',*,*,#3599,.T.);
#5098=ORIENTED_EDGE('',*,*,#3600,.F.);
#5099=ORIENTED_EDGE('',*,*,#3596,.F.);
#5100=ORIENTED_EDGE('',*,*,#3601,.F.);
#5101=ORIENTED_EDGE('',*,*,#3602,.T.);
#5102=ORIENTED_EDGE('',*,*,#3603,.F.);
#5103=ORIENTED_EDGE('',*,*,#3599,.F.);
#5104=ORIENTED_EDGE('',*,*,#3604,.F.);
#5105=ORIENTED_EDGE('',*,*,#3605,.T.);
#5106=ORIENTED_EDGE('',*,*,#3606,.F.);
#5107=ORIENTED_EDGE('',*,*,#3602,.F.);
#5108=ORIENTED_EDGE('',*,*,#3607,.F.);
#5109=ORIENTED_EDGE('',*,*,#3608,.T.);
#5110=ORIENTED_EDGE('',*,*,#3609,.F.);
#5111=ORIENTED_EDGE('',*,*,#3605,.F.);
#5112=ORIENTED_EDGE('',*,*,#3610,.F.);
#5113=ORIENTED_EDGE('',*,*,#3611,.T.);
#5114=ORIENTED_EDGE('',*,*,#3612,.F.);
#5115=ORIENTED_EDGE('',*,*,#3608,.F.);
#5116=ORIENTED_EDGE('',*,*,#3613,.F.);
#5117=ORIENTED_EDGE('',*,*,#3614,.T.);
#5118=ORIENTED_EDGE('',*,*,#3615,.F.);
#5119=ORIENTED_EDGE('',*,*,#3611,.F.);
#5120=ORIENTED_EDGE('',*,*,#3616,.F.);
#5121=ORIENTED_EDGE('',*,*,#3617,.T.);
#5122=ORIENTED_EDGE('',*,*,#3618,.F.);
#5123=ORIENTED_EDGE('',*,*,#3614,.F.);
#5124=ORIENTED_EDGE('',*,*,#3619,.F.);
#5125=ORIENTED_EDGE('',*,*,#3620,.T.);
#5126=ORIENTED_EDGE('',*,*,#3621,.F.);
#5127=ORIENTED_EDGE('',*,*,#3617,.F.);
#5128=ORIENTED_EDGE('',*,*,#3622,.F.);
#5129=ORIENTED_EDGE('',*,*,#3623,.T.);
#5130=ORIENTED_EDGE('',*,*,#3624,.F.);
#5131=ORIENTED_EDGE('',*,*,#3620,.F.);
#5132=ORIENTED_EDGE('',*,*,#3625,.F.);
#5133=ORIENTED_EDGE('',*,*,#3626,.T.);
#5134=ORIENTED_EDGE('',*,*,#3627,.F.);
#5135=ORIENTED_EDGE('',*,*,#3623,.F.);
#5136=ORIENTED_EDGE('',*,*,#3628,.F.);
#5137=ORIENTED_EDGE('',*,*,#3525,.T.);
#5138=ORIENTED_EDGE('',*,*,#3629,.F.);
#5139=ORIENTED_EDGE('',*,*,#3626,.F.);
#5140=ORIENTED_EDGE('',*,*,#3630,.T.);
#5141=ORIENTED_EDGE('',*,*,#3631,.T.);
#5142=ORIENTED_EDGE('',*,*,#3632,.F.);
#5143=ORIENTED_EDGE('',*,*,#3633,.F.);
#5144=ORIENTED_EDGE('',*,*,#3634,.T.);
#5145=ORIENTED_EDGE('',*,*,#3633,.T.);
#5146=ORIENTED_EDGE('',*,*,#3635,.F.);
#5147=ORIENTED_EDGE('',*,*,#3636,.F.);
#5148=ORIENTED_EDGE('',*,*,#3637,.T.);
#5149=ORIENTED_EDGE('',*,*,#3636,.T.);
#5150=ORIENTED_EDGE('',*,*,#3638,.F.);
#5151=ORIENTED_EDGE('',*,*,#3639,.F.);
#5152=ORIENTED_EDGE('',*,*,#3640,.T.);
#5153=ORIENTED_EDGE('',*,*,#3639,.T.);
#5154=ORIENTED_EDGE('',*,*,#3641,.F.);
#5155=ORIENTED_EDGE('',*,*,#3642,.F.);
#5156=ORIENTED_EDGE('',*,*,#3643,.T.);
#5157=ORIENTED_EDGE('',*,*,#3642,.T.);
#5158=ORIENTED_EDGE('',*,*,#3644,.F.);
#5159=ORIENTED_EDGE('',*,*,#3645,.F.);
#5160=ORIENTED_EDGE('',*,*,#3646,.T.);
#5161=ORIENTED_EDGE('',*,*,#3645,.T.);
#5162=ORIENTED_EDGE('',*,*,#3647,.F.);
#5163=ORIENTED_EDGE('',*,*,#3648,.F.);
#5164=ORIENTED_EDGE('',*,*,#3649,.T.);
#5165=ORIENTED_EDGE('',*,*,#3648,.T.);
#5166=ORIENTED_EDGE('',*,*,#3650,.F.);
#5167=ORIENTED_EDGE('',*,*,#3651,.F.);
#5168=ORIENTED_EDGE('',*,*,#3652,.T.);
#5169=ORIENTED_EDGE('',*,*,#3651,.T.);
#5170=ORIENTED_EDGE('',*,*,#3653,.F.);
#5171=ORIENTED_EDGE('',*,*,#3654,.F.);
#5172=ORIENTED_EDGE('',*,*,#3655,.T.);
#5173=ORIENTED_EDGE('',*,*,#3654,.T.);
#5174=ORIENTED_EDGE('',*,*,#3656,.F.);
#5175=ORIENTED_EDGE('',*,*,#3657,.F.);
#5176=ORIENTED_EDGE('',*,*,#3658,.T.);
#5177=ORIENTED_EDGE('',*,*,#3657,.T.);
#5178=ORIENTED_EDGE('',*,*,#3659,.F.);
#5179=ORIENTED_EDGE('',*,*,#3660,.F.);
#5180=ORIENTED_EDGE('',*,*,#3661,.T.);
#5181=ORIENTED_EDGE('',*,*,#3660,.T.);
#5182=ORIENTED_EDGE('',*,*,#3662,.F.);
#5183=ORIENTED_EDGE('',*,*,#3663,.F.);
#5184=ORIENTED_EDGE('',*,*,#3664,.T.);
#5185=ORIENTED_EDGE('',*,*,#3663,.T.);
#5186=ORIENTED_EDGE('',*,*,#3665,.F.);
#5187=ORIENTED_EDGE('',*,*,#3666,.F.);
#5188=ORIENTED_EDGE('',*,*,#3667,.T.);
#5189=ORIENTED_EDGE('',*,*,#3666,.T.);
#5190=ORIENTED_EDGE('',*,*,#3668,.F.);
#5191=ORIENTED_EDGE('',*,*,#3669,.F.);
#5192=ORIENTED_EDGE('',*,*,#3670,.T.);
#5193=ORIENTED_EDGE('',*,*,#3669,.T.);
#5194=ORIENTED_EDGE('',*,*,#3671,.F.);
#5195=ORIENTED_EDGE('',*,*,#3672,.F.);
#5196=ORIENTED_EDGE('',*,*,#3673,.T.);
#5197=ORIENTED_EDGE('',*,*,#3672,.T.);
#5198=ORIENTED_EDGE('',*,*,#3674,.F.);
#5199=ORIENTED_EDGE('',*,*,#3675,.F.);
#5200=ORIENTED_EDGE('',*,*,#3676,.T.);
#5201=ORIENTED_EDGE('',*,*,#3675,.T.);
#5202=ORIENTED_EDGE('',*,*,#3677,.F.);
#5203=ORIENTED_EDGE('',*,*,#3678,.F.);
#5204=ORIENTED_EDGE('',*,*,#3679,.T.);
#5205=ORIENTED_EDGE('',*,*,#3678,.T.);
#5206=ORIENTED_EDGE('',*,*,#3680,.F.);
#5207=ORIENTED_EDGE('',*,*,#3681,.F.);
#5208=ORIENTED_EDGE('',*,*,#3682,.T.);
#5209=ORIENTED_EDGE('',*,*,#3681,.T.);
#5210=ORIENTED_EDGE('',*,*,#3683,.F.);
#5211=ORIENTED_EDGE('',*,*,#3684,.F.);
#5212=ORIENTED_EDGE('',*,*,#3685,.T.);
#5213=ORIENTED_EDGE('',*,*,#3684,.T.);
#5214=ORIENTED_EDGE('',*,*,#3686,.F.);
#5215=ORIENTED_EDGE('',*,*,#3687,.F.);
#5216=ORIENTED_EDGE('',*,*,#3688,.T.);
#5217=ORIENTED_EDGE('',*,*,#3687,.T.);
#5218=ORIENTED_EDGE('',*,*,#3689,.F.);
#5219=ORIENTED_EDGE('',*,*,#3631,.F.);
#5220=ORIENTED_EDGE('',*,*,#3689,.T.);
#5221=ORIENTED_EDGE('',*,*,#3686,.T.);
#5222=ORIENTED_EDGE('',*,*,#3683,.T.);
#5223=ORIENTED_EDGE('',*,*,#3680,.T.);
#5224=ORIENTED_EDGE('',*,*,#3677,.T.);
#5225=ORIENTED_EDGE('',*,*,#3674,.T.);
#5226=ORIENTED_EDGE('',*,*,#3671,.T.);
#5227=ORIENTED_EDGE('',*,*,#3668,.T.);
#5228=ORIENTED_EDGE('',*,*,#3665,.T.);
#5229=ORIENTED_EDGE('',*,*,#3662,.T.);
#5230=ORIENTED_EDGE('',*,*,#3659,.T.);
#5231=ORIENTED_EDGE('',*,*,#3656,.T.);
#5232=ORIENTED_EDGE('',*,*,#3653,.T.);
#5233=ORIENTED_EDGE('',*,*,#3650,.T.);
#5234=ORIENTED_EDGE('',*,*,#3647,.T.);
#5235=ORIENTED_EDGE('',*,*,#3644,.T.);
#5236=ORIENTED_EDGE('',*,*,#3641,.T.);
#5237=ORIENTED_EDGE('',*,*,#3638,.T.);
#5238=ORIENTED_EDGE('',*,*,#3635,.T.);
#5239=ORIENTED_EDGE('',*,*,#3632,.T.);
#5240=ORIENTED_EDGE('',*,*,#3524,.T.);
#5241=ORIENTED_EDGE('',*,*,#3528,.T.);
#5242=ORIENTED_EDGE('',*,*,#3531,.T.);
#5243=ORIENTED_EDGE('',*,*,#3534,.T.);
#5244=ORIENTED_EDGE('',*,*,#3537,.T.);
#5245=ORIENTED_EDGE('',*,*,#3540,.T.);
#5246=ORIENTED_EDGE('',*,*,#3543,.T.);
#5247=ORIENTED_EDGE('',*,*,#3546,.T.);
#5248=ORIENTED_EDGE('',*,*,#3549,.T.);
#5249=ORIENTED_EDGE('',*,*,#3552,.T.);
#5250=ORIENTED_EDGE('',*,*,#3555,.T.);
#5251=ORIENTED_EDGE('',*,*,#3558,.T.);
#5252=ORIENTED_EDGE('',*,*,#3561,.T.);
#5253=ORIENTED_EDGE('',*,*,#3564,.T.);
#5254=ORIENTED_EDGE('',*,*,#3567,.T.);
#5255=ORIENTED_EDGE('',*,*,#3570,.T.);
#5256=ORIENTED_EDGE('',*,*,#3573,.T.);
#5257=ORIENTED_EDGE('',*,*,#3576,.T.);
#5258=ORIENTED_EDGE('',*,*,#3579,.T.);
#5259=ORIENTED_EDGE('',*,*,#3582,.T.);
#5260=ORIENTED_EDGE('',*,*,#3585,.T.);
#5261=ORIENTED_EDGE('',*,*,#3588,.T.);
#5262=ORIENTED_EDGE('',*,*,#3591,.T.);
#5263=ORIENTED_EDGE('',*,*,#3594,.T.);
#5264=ORIENTED_EDGE('',*,*,#3597,.T.);
#5265=ORIENTED_EDGE('',*,*,#3600,.T.);
#5266=ORIENTED_EDGE('',*,*,#3603,.T.);
#5267=ORIENTED_EDGE('',*,*,#3606,.T.);
#5268=ORIENTED_EDGE('',*,*,#3609,.T.);
#5269=ORIENTED_EDGE('',*,*,#3612,.T.);
#5270=ORIENTED_EDGE('',*,*,#3615,.T.);
#5271=ORIENTED_EDGE('',*,*,#3618,.T.);
#5272=ORIENTED_EDGE('',*,*,#3621,.T.);
#5273=ORIENTED_EDGE('',*,*,#3624,.T.);
#5274=ORIENTED_EDGE('',*,*,#3627,.T.);
#5275=ORIENTED_EDGE('',*,*,#3629,.T.);
#5276=ORIENTED_EDGE('',*,*,#3688,.F.);
#5277=ORIENTED_EDGE('',*,*,#3630,.F.);
#5278=ORIENTED_EDGE('',*,*,#3634,.F.);
#5279=ORIENTED_EDGE('',*,*,#3637,.F.);
#5280=ORIENTED_EDGE('',*,*,#3640,.F.);
#5281=ORIENTED_EDGE('',*,*,#3643,.F.);
#5282=ORIENTED_EDGE('',*,*,#3646,.F.);
#5283=ORIENTED_EDGE('',*,*,#3649,.F.);
#5284=ORIENTED_EDGE('',*,*,#3652,.F.);
#5285=ORIENTED_EDGE('',*,*,#3655,.F.);
#5286=ORIENTED_EDGE('',*,*,#3658,.F.);
#5287=ORIENTED_EDGE('',*,*,#3661,.F.);
#5288=ORIENTED_EDGE('',*,*,#3664,.F.);
#5289=ORIENTED_EDGE('',*,*,#3667,.F.);
#5290=ORIENTED_EDGE('',*,*,#3670,.F.);
#5291=ORIENTED_EDGE('',*,*,#3673,.F.);
#5292=ORIENTED_EDGE('',*,*,#3676,.F.);
#5293=ORIENTED_EDGE('',*,*,#3679,.F.);
#5294=ORIENTED_EDGE('',*,*,#3682,.F.);
#5295=ORIENTED_EDGE('',*,*,#3685,.F.);
#5296=ORIENTED_EDGE('',*,*,#3522,.T.);
#5297=ORIENTED_EDGE('',*,*,#3628,.T.);
#5298=ORIENTED_EDGE('',*,*,#3625,.T.);
#5299=ORIENTED_EDGE('',*,*,#3622,.T.);
#5300=ORIENTED_EDGE('',*,*,#3619,.T.);
#5301=ORIENTED_EDGE('',*,*,#3616,.T.);
#5302=ORIENTED_EDGE('',*,*,#3613,.T.);
#5303=ORIENTED_EDGE('',*,*,#3610,.T.);
#5304=ORIENTED_EDGE('',*,*,#3607,.T.);
#5305=ORIENTED_EDGE('',*,*,#3604,.T.);
#5306=ORIENTED_EDGE('',*,*,#3601,.T.);
#5307=ORIENTED_EDGE('',*,*,#3598,.T.);
#5308=ORIENTED_EDGE('',*,*,#3595,.T.);
#5309=ORIENTED_EDGE('',*,*,#3592,.T.);
#5310=ORIENTED_EDGE('',*,*,#3589,.T.);
#5311=ORIENTED_EDGE('',*,*,#3586,.T.);
#5312=ORIENTED_EDGE('',*,*,#3583,.T.);
#5313=ORIENTED_EDGE('',*,*,#3580,.T.);
#5314=ORIENTED_EDGE('',*,*,#3577,.T.);
#5315=ORIENTED_EDGE('',*,*,#3574,.T.);
#5316=ORIENTED_EDGE('',*,*,#3571,.T.);
#5317=ORIENTED_EDGE('',*,*,#3568,.T.);
#5318=ORIENTED_EDGE('',*,*,#3565,.T.);
#5319=ORIENTED_EDGE('',*,*,#3562,.T.);
#5320=ORIENTED_EDGE('',*,*,#3559,.T.);
#5321=ORIENTED_EDGE('',*,*,#3556,.T.);
#5322=ORIENTED_EDGE('',*,*,#3553,.T.);
#5323=ORIENTED_EDGE('',*,*,#3550,.T.);
#5324=ORIENTED_EDGE('',*,*,#3547,.T.);
#5325=ORIENTED_EDGE('',*,*,#3544,.T.);
#5326=ORIENTED_EDGE('',*,*,#3541,.T.);
#5327=ORIENTED_EDGE('',*,*,#3538,.T.);
#5328=ORIENTED_EDGE('',*,*,#3535,.T.);
#5329=ORIENTED_EDGE('',*,*,#3532,.T.);
#5330=ORIENTED_EDGE('',*,*,#3529,.T.);
#5331=ORIENTED_EDGE('',*,*,#3526,.T.);
#5332=ORIENTED_EDGE('',*,*,#3690,.F.);
#5333=ORIENTED_EDGE('',*,*,#3691,.T.);
#5334=ORIENTED_EDGE('',*,*,#3692,.F.);
#5335=ORIENTED_EDGE('',*,*,#3693,.F.);
#5336=ORIENTED_EDGE('',*,*,#3694,.F.);
#5337=ORIENTED_EDGE('',*,*,#3693,.T.);
#5338=ORIENTED_EDGE('',*,*,#3695,.F.);
#5339=ORIENTED_EDGE('',*,*,#3696,.F.);
#5340=ORIENTED_EDGE('',*,*,#3697,.F.);
#5341=ORIENTED_EDGE('',*,*,#3696,.T.);
#5342=ORIENTED_EDGE('',*,*,#3698,.F.);
#5343=ORIENTED_EDGE('',*,*,#3699,.F.);
#5344=ORIENTED_EDGE('',*,*,#3700,.F.);
#5345=ORIENTED_EDGE('',*,*,#3699,.T.);
#5346=ORIENTED_EDGE('',*,*,#3701,.F.);
#5347=ORIENTED_EDGE('',*,*,#3691,.F.);
#5348=ORIENTED_EDGE('',*,*,#3700,.T.);
#5349=ORIENTED_EDGE('',*,*,#3690,.T.);
#5350=ORIENTED_EDGE('',*,*,#3694,.T.);
#5351=ORIENTED_EDGE('',*,*,#3697,.T.);
#5352=ORIENTED_EDGE('',*,*,#3701,.T.);
#5353=ORIENTED_EDGE('',*,*,#3698,.T.);
#5354=ORIENTED_EDGE('',*,*,#3695,.T.);
#5355=ORIENTED_EDGE('',*,*,#3692,.T.);
#5356=ORIENTED_EDGE('',*,*,#3702,.T.);
#5357=ORIENTED_EDGE('',*,*,#3703,.T.);
#5358=ORIENTED_EDGE('',*,*,#3704,.F.);
#5359=ORIENTED_EDGE('',*,*,#3705,.F.);
#5360=ORIENTED_EDGE('',*,*,#3706,.T.);
#5361=ORIENTED_EDGE('',*,*,#3705,.T.);
#5362=ORIENTED_EDGE('',*,*,#3707,.F.);
#5363=ORIENTED_EDGE('',*,*,#3708,.F.);
#5364=ORIENTED_EDGE('',*,*,#3709,.T.);
#5365=ORIENTED_EDGE('',*,*,#3708,.T.);
#5366=ORIENTED_EDGE('',*,*,#3710,.F.);
#5367=ORIENTED_EDGE('',*,*,#3711,.F.);
#5368=ORIENTED_EDGE('',*,*,#3712,.T.);
#5369=ORIENTED_EDGE('',*,*,#3711,.T.);
#5370=ORIENTED_EDGE('',*,*,#3713,.F.);
#5371=ORIENTED_EDGE('',*,*,#3703,.F.);
#5372=ORIENTED_EDGE('',*,*,#3713,.T.);
#5373=ORIENTED_EDGE('',*,*,#3710,.T.);
#5374=ORIENTED_EDGE('',*,*,#3707,.T.);
#5375=ORIENTED_EDGE('',*,*,#3704,.T.);
#5376=ORIENTED_EDGE('',*,*,#3712,.F.);
#5377=ORIENTED_EDGE('',*,*,#3702,.F.);
#5378=ORIENTED_EDGE('',*,*,#3706,.F.);
#5379=ORIENTED_EDGE('',*,*,#3709,.F.);
#5380=ORIENTED_EDGE('',*,*,#3714,.F.);
#5381=ORIENTED_EDGE('',*,*,#3715,.T.);
#5382=ORIENTED_EDGE('',*,*,#3716,.F.);
#5383=ORIENTED_EDGE('',*,*,#3717,.F.);
#5384=ORIENTED_EDGE('',*,*,#3718,.F.);
#5385=ORIENTED_EDGE('',*,*,#3717,.T.);
#5386=ORIENTED_EDGE('',*,*,#3719,.F.);
#5387=ORIENTED_EDGE('',*,*,#3720,.F.);
#5388=ORIENTED_EDGE('',*,*,#3721,.F.);
#5389=ORIENTED_EDGE('',*,*,#3720,.T.);
#5390=ORIENTED_EDGE('',*,*,#3722,.F.);
#5391=ORIENTED_EDGE('',*,*,#3723,.F.);
#5392=ORIENTED_EDGE('',*,*,#3724,.F.);
#5393=ORIENTED_EDGE('',*,*,#3723,.T.);
#5394=ORIENTED_EDGE('',*,*,#3725,.F.);
#5395=ORIENTED_EDGE('',*,*,#3726,.F.);
#5396=ORIENTED_EDGE('',*,*,#3727,.F.);
#5397=ORIENTED_EDGE('',*,*,#3726,.T.);
#5398=ORIENTED_EDGE('',*,*,#3728,.F.);
#5399=ORIENTED_EDGE('',*,*,#3729,.F.);
#5400=ORIENTED_EDGE('',*,*,#3730,.F.);
#5401=ORIENTED_EDGE('',*,*,#3729,.T.);
#5402=ORIENTED_EDGE('',*,*,#3731,.F.);
#5403=ORIENTED_EDGE('',*,*,#3732,.F.);
#5404=ORIENTED_EDGE('',*,*,#3733,.F.);
#5405=ORIENTED_EDGE('',*,*,#3732,.T.);
#5406=ORIENTED_EDGE('',*,*,#3734,.F.);
#5407=ORIENTED_EDGE('',*,*,#3735,.F.);
#5408=ORIENTED_EDGE('',*,*,#3736,.F.);
#5409=ORIENTED_EDGE('',*,*,#3735,.T.);
#5410=ORIENTED_EDGE('',*,*,#3737,.F.);
#5411=ORIENTED_EDGE('',*,*,#3738,.F.);
#5412=ORIENTED_EDGE('',*,*,#3739,.F.);
#5413=ORIENTED_EDGE('',*,*,#3738,.T.);
#5414=ORIENTED_EDGE('',*,*,#3740,.F.);
#5415=ORIENTED_EDGE('',*,*,#3741,.F.);
#5416=ORIENTED_EDGE('',*,*,#3742,.F.);
#5417=ORIENTED_EDGE('',*,*,#3741,.T.);
#5418=ORIENTED_EDGE('',*,*,#3743,.F.);
#5419=ORIENTED_EDGE('',*,*,#3744,.F.);
#5420=ORIENTED_EDGE('',*,*,#3745,.F.);
#5421=ORIENTED_EDGE('',*,*,#3744,.T.);
#5422=ORIENTED_EDGE('',*,*,#3746,.F.);
#5423=ORIENTED_EDGE('',*,*,#3747,.F.);
#5424=ORIENTED_EDGE('',*,*,#3748,.F.);
#5425=ORIENTED_EDGE('',*,*,#3747,.T.);
#5426=ORIENTED_EDGE('',*,*,#3749,.F.);
#5427=ORIENTED_EDGE('',*,*,#3715,.F.);
#5428=ORIENTED_EDGE('',*,*,#3748,.T.);
#5429=ORIENTED_EDGE('',*,*,#3714,.T.);
#5430=ORIENTED_EDGE('',*,*,#3718,.T.);
#5431=ORIENTED_EDGE('',*,*,#3721,.T.);
#5432=ORIENTED_EDGE('',*,*,#3724,.T.);
#5433=ORIENTED_EDGE('',*,*,#3727,.T.);
#5434=ORIENTED_EDGE('',*,*,#3730,.T.);
#5435=ORIENTED_EDGE('',*,*,#3733,.T.);
#5436=ORIENTED_EDGE('',*,*,#3736,.T.);
#5437=ORIENTED_EDGE('',*,*,#3739,.T.);
#5438=ORIENTED_EDGE('',*,*,#3742,.T.);
#5439=ORIENTED_EDGE('',*,*,#3745,.T.);
#5440=ORIENTED_EDGE('',*,*,#3749,.T.);
#5441=ORIENTED_EDGE('',*,*,#3746,.T.);
#5442=ORIENTED_EDGE('',*,*,#3743,.T.);
#5443=ORIENTED_EDGE('',*,*,#3740,.T.);
#5444=ORIENTED_EDGE('',*,*,#3737,.T.);
#5445=ORIENTED_EDGE('',*,*,#3734,.T.);
#5446=ORIENTED_EDGE('',*,*,#3731,.T.);
#5447=ORIENTED_EDGE('',*,*,#3728,.T.);
#5448=ORIENTED_EDGE('',*,*,#3725,.T.);
#5449=ORIENTED_EDGE('',*,*,#3722,.T.);
#5450=ORIENTED_EDGE('',*,*,#3719,.T.);
#5451=ORIENTED_EDGE('',*,*,#3716,.T.);
#5452=ORIENTED_EDGE('',*,*,#3750,.T.);
#5453=ORIENTED_EDGE('',*,*,#3751,.T.);
#5454=ORIENTED_EDGE('',*,*,#3752,.F.);
#5455=ORIENTED_EDGE('',*,*,#3753,.F.);
#5456=ORIENTED_EDGE('',*,*,#3754,.T.);
#5457=ORIENTED_EDGE('',*,*,#3755,.T.);
#5458=ORIENTED_EDGE('',*,*,#3756,.F.);
#5459=ORIENTED_EDGE('',*,*,#3757,.F.);
#5460=ORIENTED_EDGE('',*,*,#3758,.T.);
#5461=ORIENTED_EDGE('',*,*,#3757,.T.);
#5462=ORIENTED_EDGE('',*,*,#3759,.F.);
#5463=ORIENTED_EDGE('',*,*,#3753,.T.);
#5464=ORIENTED_EDGE('',*,*,#3760,.T.);
#5465=ORIENTED_EDGE('',*,*,#3751,.F.);
#5466=ORIENTED_EDGE('',*,*,#3761,.T.);
#5467=ORIENTED_EDGE('',*,*,#3755,.F.);
#5468=ORIENTED_EDGE('',*,*,#3761,.F.);
#5469=ORIENTED_EDGE('',*,*,#3750,.F.);
#5470=ORIENTED_EDGE('',*,*,#3759,.T.);
#5471=ORIENTED_EDGE('',*,*,#3756,.T.);
#5472=ORIENTED_EDGE('',*,*,#3760,.F.);
#5473=ORIENTED_EDGE('',*,*,#3754,.F.);
#5474=ORIENTED_EDGE('',*,*,#3758,.F.);
#5475=ORIENTED_EDGE('',*,*,#3752,.T.);
#5476=PLANE('',#6003);
#5477=PLANE('',#6004);
#5478=PLANE('',#6030);
#5479=PLANE('',#6032);
#5480=PLANE('',#6033);
#5481=PLANE('',#6037);
#5482=PLANE('',#6040);
#5483=PLANE('',#6041);
#5484=PLANE('',#6042);
#5485=PLANE('',#6043);
#5486=PLANE('',#6044);
#5487=PLANE('',#6045);
#5488=PLANE('',#6046);
#5489=PLANE('',#6047);
#5490=PLANE('',#6048);
#5491=PLANE('',#6049);
#5492=PLANE('',#6050);
#5493=PLANE('',#6051);
#5494=PLANE('',#6052);
#5495=PLANE('',#6053);
#5496=PLANE('',#6054);
#5497=PLANE('',#6055);
#5498=PLANE('',#6056);
#5499=PLANE('',#6057);
#5500=PLANE('',#6058);
#5501=PLANE('',#6059);
#5502=PLANE('',#6060);
#5503=PLANE('',#6061);
#5504=PLANE('',#6062);
#5505=PLANE('',#6063);
#5506=PLANE('',#6064);
#5507=PLANE('',#6065);
#5508=PLANE('',#6066);
#5509=PLANE('',#6067);
#5510=PLANE('',#6068);
#5511=PLANE('',#6069);
#5512=PLANE('',#6070);
#5513=PLANE('',#6071);
#5514=PLANE('',#6072);
#5515=PLANE('',#6073);
#5516=PLANE('',#6074);
#5517=PLANE('',#6075);
#5518=PLANE('',#6076);
#5519=PLANE('',#6077);
#5520=PLANE('',#6078);
#5521=PLANE('',#6079);
#5522=PLANE('',#6080);
#5523=PLANE('',#6081);
#5524=PLANE('',#6082);
#5525=PLANE('',#6084);
#5526=PLANE('',#6085);
#5527=PLANE('',#6086);
#5528=PLANE('',#6087);
#5529=PLANE('',#6088);
#5530=PLANE('',#6089);
#5531=PLANE('',#6090);
#5532=PLANE('',#6091);
#5533=PLANE('',#6092);
#5534=PLANE('',#6093);
#5535=PLANE('',#6094);
#5536=PLANE('',#6095);
#5537=PLANE('',#6096);
#5538=PLANE('',#6097);
#5539=PLANE('',#6098);
#5540=PLANE('',#6099);
#5541=PLANE('',#6100);
#5542=PLANE('',#6101);
#5543=PLANE('',#6106);
#5544=PLANE('',#6152);
#5545=PLANE('',#6159);
#5546=PLANE('',#6160);
#5547=PLANE('',#6161);
#5548=PLANE('',#6162);
#5549=PLANE('',#6163);
#5550=PLANE('',#6164);
#5551=PLANE('',#6165);
#5552=PLANE('',#6178);
#5553=PLANE('',#6179);
#5554=PLANE('',#6180);
#5555=PLANE('',#6184);
#5556=PLANE('',#6185);
#5557=PLANE('',#6186);
#5558=PLANE('',#6187);
#5559=PLANE('',#6188);
#5560=PLANE('',#6189);
#5561=PLANE('',#6190);
#5562=PLANE('',#6203);
#5563=PLANE('',#6204);
#5564=PLANE('',#6205);
#5565=PLANE('',#6209);
#5566=PLANE('',#6210);
#5567=PLANE('',#6220);
#5568=PLANE('',#6233);
#5569=PLANE('',#6234);
#5570=PLANE('',#6235);
#5571=PLANE('',#6236);
#5572=PLANE('',#6237);
#5573=PLANE('',#6238);
#5574=PLANE('',#6239);
#5575=PLANE('',#6240);
#5576=PLANE('',#6241);
#5577=PLANE('',#6242);
#5578=PLANE('',#6243);
#5579=PLANE('',#6244);
#5580=PLANE('',#6245);
#5581=PLANE('',#6249);
#5582=PLANE('',#6250);
#5583=PLANE('',#6254);
#5584=PLANE('',#6255);
#5585=PLANE('',#6256);
#5586=PLANE('',#6257);
#5587=PLANE('',#6258);
#5588=PLANE('',#6259);
#5589=PLANE('',#6260);
#5590=PLANE('',#6261);
#5591=PLANE('',#6262);
#5592=PLANE('',#6263);
#5593=PLANE('',#6264);
#5594=PLANE('',#6265);
#5595=PLANE('',#6266);
#5596=PLANE('',#6267);
#5597=PLANE('',#6268);
#5598=PLANE('',#6269);
#5599=PLANE('',#6270);
#5600=PLANE('',#6271);
#5601=PLANE('',#6272);
#5602=PLANE('',#6273);
#5603=PLANE('',#6274);
#5604=PLANE('',#6275);
#5605=PLANE('',#6276);
#5606=PLANE('',#6277);
#5607=PLANE('',#6278);
#5608=PLANE('',#6291);
#5609=PLANE('',#6292);
#5610=PLANE('',#6293);
#5611=PLANE('',#6297);
#5612=PLANE('',#6298);
#5613=PLANE('',#6302);
#5614=PLANE('',#6303);
#5615=PLANE('',#6343);
#5616=PLANE('',#6344);
#5617=PLANE('',#6372);
#5618=PLANE('',#6373);
#5619=PLANE('',#6422);
#5620=PLANE('',#6423);
#5621=PLANE('',#6592);
#5622=PLANE('',#6593);
#5623=PLANE('',#6595);
#5624=PLANE('',#6596);
#5625=PLANE('',#6597);
#5626=PLANE('',#6598);
#5627=PLANE('',#6599);
#5628=PLANE('',#6600);
#5629=PLANE('',#6602);
#5630=PLANE('',#6603);
#5631=PLANE('',#6604);
#5632=PLANE('',#6605);
#5633=PLANE('',#6606);
#5634=PLANE('',#6607);
#5635=PLANE('',#6609);
#5636=PLANE('',#6610);
#5637=PLANE('',#6611);
#5638=PLANE('',#6612);
#5639=PLANE('',#6613);
#5640=PLANE('',#6614);
#5641=PLANE('',#6615);
#5642=PLANE('',#6616);
#5643=PLANE('',#6617);
#5644=PLANE('',#6618);
#5645=PLANE('',#6619);
#5646=PLANE('',#6620);
#5647=PLANE('',#6621);
#5648=PLANE('',#6622);
#5649=PLANE('',#6624);
#5650=PLANE('',#6625);
#5651=PLANE('',#6626);
#5652=PLANE('',#6627);
#5653=PLANE('',#6628);
#5654=PLANE('',#6629);
#5655=ADVANCED_FACE('',(#543),#5476,.F.);
#5656=ADVANCED_FACE('',(#544),#5477,.T.);
#5657=ADVANCED_FACE('',(#545),#105,.T.);
#5658=ADVANCED_FACE('',(#546),#106,.T.);
#5659=ADVANCED_FACE('',(#547),#101,.T.);
#5660=ADVANCED_FACE('',(#548),#107,.T.);
#5661=ADVANCED_FACE('',(#549),#102,.T.);
#5662=ADVANCED_FACE('',(#550),#108,.T.);
#5663=ADVANCED_FACE('',(#551),#103,.T.);
#5664=ADVANCED_FACE('',(#552),#104,.T.);
#5665=ADVANCED_FACE('',(#553),#109,.T.);
#5666=ADVANCED_FACE('',(#554,#92),#5478,.T.);
#5667=ADVANCED_FACE('',(#555),#110,.T.);
#5668=ADVANCED_FACE('',(#556),#5479,.T.);
#5669=ADVANCED_FACE('',(#557,#93),#5480,.F.);
#5670=ADVANCED_FACE('',(#558),#111,.T.);
#5671=ADVANCED_FACE('',(#559),#5481,.T.);
#5672=ADVANCED_FACE('',(#560),#112,.T.);
#5673=ADVANCED_FACE('',(#561),#91,.T.);
#5674=ADVANCED_FACE('',(#562),#5482,.F.);
#5675=ADVANCED_FACE('',(#563),#5483,.F.);
#5676=ADVANCED_FACE('',(#564),#5484,.F.);
#5677=ADVANCED_FACE('',(#565),#5485,.F.);
#5678=ADVANCED_FACE('',(#566),#5486,.F.);
#5679=ADVANCED_FACE('',(#567),#5487,.F.);
#5680=ADVANCED_FACE('',(#568),#5488,.F.);
#5681=ADVANCED_FACE('',(#569),#5489,.F.);
#5682=ADVANCED_FACE('',(#570),#5490,.F.);
#5683=ADVANCED_FACE('',(#571),#5491,.F.);
#5684=ADVANCED_FACE('',(#572),#5492,.F.);
#5685=ADVANCED_FACE('',(#573),#5493,.F.);
#5686=ADVANCED_FACE('',(#574),#5494,.F.);
#5687=ADVANCED_FACE('',(#575),#5495,.F.);
#5688=ADVANCED_FACE('',(#576),#5496,.F.);
#5689=ADVANCED_FACE('',(#577),#5497,.F.);
#5690=ADVANCED_FACE('',(#578),#5498,.F.);
#5691=ADVANCED_FACE('',(#579),#5499,.F.);
#5692=ADVANCED_FACE('',(#580),#5500,.F.);
#5693=ADVANCED_FACE('',(#581),#5501,.F.);
#5694=ADVANCED_FACE('',(#582),#5502,.F.);
#5695=ADVANCED_FACE('',(#583),#5503,.F.);
#5696=ADVANCED_FACE('',(#584),#5504,.F.);
#5697=ADVANCED_FACE('',(#585),#5505,.F.);
#5698=ADVANCED_FACE('',(#586),#5506,.F.);
#5699=ADVANCED_FACE('',(#587),#5507,.F.);
#5700=ADVANCED_FACE('',(#588),#5508,.F.);
#5701=ADVANCED_FACE('',(#589),#5509,.F.);
#5702=ADVANCED_FACE('',(#590),#5510,.F.);
#5703=ADVANCED_FACE('',(#591),#5511,.F.);
#5704=ADVANCED_FACE('',(#592),#5512,.F.);
#5705=ADVANCED_FACE('',(#593),#5513,.F.);
#5706=ADVANCED_FACE('',(#594),#5514,.F.);
#5707=ADVANCED_FACE('',(#595),#5515,.F.);
#5708=ADVANCED_FACE('',(#596),#5516,.F.);
#5709=ADVANCED_FACE('',(#597),#5517,.F.);
#5710=ADVANCED_FACE('',(#598),#5518,.F.);
#5711=ADVANCED_FACE('',(#599),#5519,.T.);
#5712=ADVANCED_FACE('',(#600),#5520,.T.);
#5713=ADVANCED_FACE('',(#601),#5521,.T.);
#5714=ADVANCED_FACE('',(#602),#5522,.T.);
#5715=ADVANCED_FACE('',(#603,#94),#5523,.T.);
#5716=ADVANCED_FACE('',(#604),#5524,.T.);
#5717=ADVANCED_FACE('',(#605),#5525,.T.);
#5718=ADVANCED_FACE('',(#606),#5526,.T.);
#5719=ADVANCED_FACE('',(#607),#5527,.T.);
#5720=ADVANCED_FACE('',(#608),#5528,.T.);
#5721=ADVANCED_FACE('',(#609),#5529,.T.);
#5722=ADVANCED_FACE('',(#610),#5530,.T.);
#5723=ADVANCED_FACE('',(#611),#5531,.T.);
#5724=ADVANCED_FACE('',(#612),#5532,.T.);
#5725=ADVANCED_FACE('',(#613),#5533,.T.);
#5726=ADVANCED_FACE('',(#614),#5534,.T.);
#5727=ADVANCED_FACE('',(#615),#5535,.T.);
#5728=ADVANCED_FACE('',(#616),#5536,.T.);
#5729=ADVANCED_FACE('',(#617),#5537,.T.);
#5730=ADVANCED_FACE('',(#618),#5538,.T.);
#5731=ADVANCED_FACE('',(#619),#5539,.T.);
#5732=ADVANCED_FACE('',(#620),#5540,.T.);
#5733=ADVANCED_FACE('',(#621),#5541,.T.);
#5734=ADVANCED_FACE('',(#622),#5542,.T.);
#5735=ADVANCED_FACE('',(#623),#113,.T.);
#5736=ADVANCED_FACE('',(#624),#5543,.T.);
#5737=ADVANCED_FACE('',(#625),#114,.T.);
#5738=ADVANCED_FACE('',(#626),#115,.T.);
#5739=ADVANCED_FACE('',(#627),#116,.T.);
#5740=ADVANCED_FACE('',(#628),#117,.T.);
#5741=ADVANCED_FACE('',(#629),#118,.T.);
#5742=ADVANCED_FACE('',(#630),#119,.T.);
#5743=ADVANCED_FACE('',(#631),#120,.T.);
#5744=ADVANCED_FACE('',(#632),#121,.T.);
#5745=ADVANCED_FACE('',(#633),#122,.F.);
#5746=ADVANCED_FACE('',(#634),#123,.F.);
#5747=ADVANCED_FACE('',(#635),#124,.F.);
#5748=ADVANCED_FACE('',(#636),#125,.F.);
#5749=ADVANCED_FACE('',(#637),#126,.F.);
#5750=ADVANCED_FACE('',(#638),#127,.F.);
#5751=ADVANCED_FACE('',(#639),#128,.F.);
#5752=ADVANCED_FACE('',(#640),#5544,.T.);
#5753=ADVANCED_FACE('',(#641),#129,.F.);
#5754=ADVANCED_FACE('',(#642),#130,.F.);
#5755=ADVANCED_FACE('',(#643),#5545,.F.);
#5756=ADVANCED_FACE('',(#644),#5546,.T.);
#5757=ADVANCED_FACE('',(#645),#5547,.T.);
#5758=ADVANCED_FACE('',(#646),#5548,.T.);
#5759=ADVANCED_FACE('',(#647),#5549,.T.);
#5760=ADVANCED_FACE('',(#648),#5550,.T.);
#5761=ADVANCED_FACE('',(#649),#5551,.T.);
#5762=ADVANCED_FACE('',(#650),#131,.T.);
#5763=ADVANCED_FACE('',(#651),#132,.T.);
#5764=ADVANCED_FACE('',(#652),#133,.T.);
#5765=ADVANCED_FACE('',(#653),#134,.T.);
#5766=ADVANCED_FACE('',(#654),#5552,.T.);
#5767=ADVANCED_FACE('',(#655),#5553,.T.);
#5768=ADVANCED_FACE('',(#656),#5554,.T.);
#5769=ADVANCED_FACE('',(#657),#135,.F.);
#5770=ADVANCED_FACE('',(#658),#5555,.F.);
#5771=ADVANCED_FACE('',(#659),#5556,.T.);
#5772=ADVANCED_FACE('',(#660),#5557,.T.);
#5773=ADVANCED_FACE('',(#661),#5558,.T.);
#5774=ADVANCED_FACE('',(#662),#5559,.T.);
#5775=ADVANCED_FACE('',(#663),#5560,.T.);
#5776=ADVANCED_FACE('',(#664),#5561,.T.);
#5777=ADVANCED_FACE('',(#665),#136,.T.);
#5778=ADVANCED_FACE('',(#666),#137,.T.);
#5779=ADVANCED_FACE('',(#667),#138,.T.);
#5780=ADVANCED_FACE('',(#668),#139,.T.);
#5781=ADVANCED_FACE('',(#669),#5562,.T.);
#5782=ADVANCED_FACE('',(#670),#5563,.T.);
#5783=ADVANCED_FACE('',(#671),#5564,.T.);
#5784=ADVANCED_FACE('',(#672),#140,.F.);
#5785=ADVANCED_FACE('',(#673),#5565,.F.);
#5786=ADVANCED_FACE('',(#674),#5566,.T.);
#5787=ADVANCED_FACE('',(#675),#141,.T.);
#5788=ADVANCED_FACE('',(#676),#142,.T.);
#5789=ADVANCED_FACE('',(#677),#143,.T.);
#5790=ADVANCED_FACE('',(#678),#5567,.T.);
#5791=ADVANCED_FACE('',(#679),#144,.F.);
#5792=ADVANCED_FACE('',(#680),#145,.F.);
#5793=ADVANCED_FACE('',(#681),#146,.F.);
#5794=ADVANCED_FACE('',(#682),#147,.F.);
#5795=ADVANCED_FACE('',(#683),#5568,.T.);
#5796=ADVANCED_FACE('',(#684),#5569,.T.);
#5797=ADVANCED_FACE('',(#685),#5570,.T.);
#5798=ADVANCED_FACE('',(#686),#5571,.T.);
#5799=ADVANCED_FACE('',(#687),#5572,.T.);
#5800=ADVANCED_FACE('',(#688),#5573,.T.);
#5801=ADVANCED_FACE('',(#689),#5574,.T.);
#5802=ADVANCED_FACE('',(#690),#5575,.T.);
#5803=ADVANCED_FACE('',(#691),#5576,.T.);
#5804=ADVANCED_FACE('',(#692),#5577,.T.);
#5805=ADVANCED_FACE('',(#693),#5578,.T.);
#5806=ADVANCED_FACE('',(#694),#5579,.T.);
#5807=ADVANCED_FACE('',(#695),#5580,.F.);
#5808=ADVANCED_FACE('',(#696,#95),#148,.T.);
#5809=ADVANCED_FACE('',(#697),#5581,.F.);
#5810=ADVANCED_FACE('',(#698),#5582,.T.);
#5811=ADVANCED_FACE('',(#699,#96),#149,.T.);
#5812=ADVANCED_FACE('',(#700),#5583,.F.);
#5813=ADVANCED_FACE('',(#701),#5584,.T.);
#5814=ADVANCED_FACE('',(#702),#5585,.T.);
#5815=ADVANCED_FACE('',(#703),#5586,.T.);
#5816=ADVANCED_FACE('',(#704),#5587,.T.);
#5817=ADVANCED_FACE('',(#705),#5588,.T.);
#5818=ADVANCED_FACE('',(#706),#5589,.T.);
#5819=ADVANCED_FACE('',(#707),#5590,.F.);
#5820=ADVANCED_FACE('',(#708),#5591,.T.);
#5821=ADVANCED_FACE('',(#709),#5592,.T.);
#5822=ADVANCED_FACE('',(#710),#5593,.T.);
#5823=ADVANCED_FACE('',(#711),#5594,.T.);
#5824=ADVANCED_FACE('',(#712),#5595,.F.);
#5825=ADVANCED_FACE('',(#713),#5596,.T.);
#5826=ADVANCED_FACE('',(#714),#5597,.T.);
#5827=ADVANCED_FACE('',(#715),#5598,.T.);
#5828=ADVANCED_FACE('',(#716),#5599,.T.);
#5829=ADVANCED_FACE('',(#717),#5600,.T.);
#5830=ADVANCED_FACE('',(#718),#5601,.F.);
#5831=ADVANCED_FACE('',(#719),#5602,.T.);
#5832=ADVANCED_FACE('',(#720),#5603,.T.);
#5833=ADVANCED_FACE('',(#721),#5604,.T.);
#5834=ADVANCED_FACE('',(#722),#5605,.T.);
#5835=ADVANCED_FACE('',(#723),#5606,.T.);
#5836=ADVANCED_FACE('',(#724),#5607,.T.);
#5837=ADVANCED_FACE('',(#725),#150,.T.);
#5838=ADVANCED_FACE('',(#726),#151,.T.);
#5839=ADVANCED_FACE('',(#727),#152,.T.);
#5840=ADVANCED_FACE('',(#728),#153,.T.);
#5841=ADVANCED_FACE('',(#729),#5608,.T.);
#5842=ADVANCED_FACE('',(#730),#5609,.T.);
#5843=ADVANCED_FACE('',(#731),#5610,.T.);
#5844=ADVANCED_FACE('',(#732),#154,.F.);
#5845=ADVANCED_FACE('',(#733),#5611,.F.);
#5846=ADVANCED_FACE('',(#734),#5612,.T.);
#5847=ADVANCED_FACE('',(#735),#155,.F.);
#5848=ADVANCED_FACE('',(#736),#5613,.F.);
#5849=ADVANCED_FACE('',(#737),#5614,.F.);
#5850=ADVANCED_FACE('',(#738),#156,.F.);
#5851=ADVANCED_FACE('',(#739),#157,.F.);
#5852=ADVANCED_FACE('',(#740),#158,.F.);
#5853=ADVANCED_FACE('',(#741),#159,.F.);
#5854=ADVANCED_FACE('',(#742),#160,.F.);
#5855=ADVANCED_FACE('',(#743),#161,.F.);
#5856=ADVANCED_FACE('',(#744),#162,.T.);
#5857=ADVANCED_FACE('',(#745),#163,.T.);
#5858=ADVANCED_FACE('',(#746),#164,.T.);
#5859=ADVANCED_FACE('',(#747),#165,.T.);
#5860=ADVANCED_FACE('',(#748),#166,.T.);
#5861=ADVANCED_FACE('',(#749),#167,.T.);
#5862=ADVANCED_FACE('',(#750),#168,.T.);
#5863=ADVANCED_FACE('',(#751),#5615,.T.);
#5864=ADVANCED_FACE('',(#752),#5616,.T.);
#5865=ADVANCED_FACE('',(#753),#169,.F.);
#5866=ADVANCED_FACE('',(#754),#170,.F.);
#5867=ADVANCED_FACE('',(#755),#171,.F.);
#5868=ADVANCED_FACE('',(#756),#172,.F.);
#5869=ADVANCED_FACE('',(#757),#173,.F.);
#5870=ADVANCED_FACE('',(#758),#174,.F.);
#5871=ADVANCED_FACE('',(#759),#175,.F.);
#5872=ADVANCED_FACE('',(#760),#176,.F.);
#5873=ADVANCED_FACE('',(#761),#177,.F.);
#5874=ADVANCED_FACE('',(#762),#5617,.T.);
#5875=ADVANCED_FACE('',(#763),#5618,.T.);
#5876=ADVANCED_FACE('',(#764),#178,.T.);
#5877=ADVANCED_FACE('',(#765),#179,.T.);
#5878=ADVANCED_FACE('',(#766),#180,.T.);
#5879=ADVANCED_FACE('',(#767),#181,.T.);
#5880=ADVANCED_FACE('',(#768),#182,.T.);
#5881=ADVANCED_FACE('',(#769),#183,.T.);
#5882=ADVANCED_FACE('',(#770),#184,.T.);
#5883=ADVANCED_FACE('',(#771),#185,.T.);
#5884=ADVANCED_FACE('',(#772),#186,.T.);
#5885=ADVANCED_FACE('',(#773),#187,.T.);
#5886=ADVANCED_FACE('',(#774),#188,.T.);
#5887=ADVANCED_FACE('',(#775),#189,.T.);
#5888=ADVANCED_FACE('',(#776),#190,.T.);
#5889=ADVANCED_FACE('',(#777),#191,.T.);
#5890=ADVANCED_FACE('',(#778),#192,.T.);
#5891=ADVANCED_FACE('',(#779),#193,.T.);
#5892=ADVANCED_FACE('',(#780,#97),#5619,.T.);
#5893=ADVANCED_FACE('',(#781,#98),#5620,.F.);
#5894=ADVANCED_FACE('',(#782),#194,.F.);
#5895=ADVANCED_FACE('',(#783),#195,.F.);
#5896=ADVANCED_FACE('',(#784),#196,.F.);
#5897=ADVANCED_FACE('',(#785),#197,.F.);
#5898=ADVANCED_FACE('',(#786),#198,.F.);
#5899=ADVANCED_FACE('',(#787),#199,.F.);
#5900=ADVANCED_FACE('',(#788),#200,.F.);
#5901=ADVANCED_FACE('',(#789),#201,.F.);
#5902=ADVANCED_FACE('',(#790),#202,.F.);
#5903=ADVANCED_FACE('',(#791),#203,.F.);
#5904=ADVANCED_FACE('',(#792),#204,.F.);
#5905=ADVANCED_FACE('',(#793),#205,.F.);
#5906=ADVANCED_FACE('',(#794),#206,.F.);
#5907=ADVANCED_FACE('',(#795),#207,.F.);
#5908=ADVANCED_FACE('',(#796),#208,.F.);
#5909=ADVANCED_FACE('',(#797),#209,.F.);
#5910=ADVANCED_FACE('',(#798),#210,.F.);
#5911=ADVANCED_FACE('',(#799),#211,.F.);
#5912=ADVANCED_FACE('',(#800),#212,.F.);
#5913=ADVANCED_FACE('',(#801),#213,.F.);
#5914=ADVANCED_FACE('',(#802),#214,.F.);
#5915=ADVANCED_FACE('',(#803),#215,.F.);
#5916=ADVANCED_FACE('',(#804),#216,.F.);
#5917=ADVANCED_FACE('',(#805),#217,.F.);
#5918=ADVANCED_FACE('',(#806),#218,.F.);
#5919=ADVANCED_FACE('',(#807),#219,.F.);
#5920=ADVANCED_FACE('',(#808),#220,.F.);
#5921=ADVANCED_FACE('',(#809),#221,.F.);
#5922=ADVANCED_FACE('',(#810),#222,.F.);
#5923=ADVANCED_FACE('',(#811),#223,.F.);
#5924=ADVANCED_FACE('',(#812),#224,.F.);
#5925=ADVANCED_FACE('',(#813),#225,.F.);
#5926=ADVANCED_FACE('',(#814),#226,.F.);
#5927=ADVANCED_FACE('',(#815),#227,.F.);
#5928=ADVANCED_FACE('',(#816),#228,.F.);
#5929=ADVANCED_FACE('',(#817),#229,.F.);
#5930=ADVANCED_FACE('',(#818),#230,.T.);
#5931=ADVANCED_FACE('',(#819),#231,.T.);
#5932=ADVANCED_FACE('',(#820),#232,.T.);
#5933=ADVANCED_FACE('',(#821),#233,.T.);
#5934=ADVANCED_FACE('',(#822),#234,.T.);
#5935=ADVANCED_FACE('',(#823),#235,.T.);
#5936=ADVANCED_FACE('',(#824),#236,.T.);
#5937=ADVANCED_FACE('',(#825),#237,.T.);
#5938=ADVANCED_FACE('',(#826),#238,.T.);
#5939=ADVANCED_FACE('',(#827),#239,.T.);
#5940=ADVANCED_FACE('',(#828),#240,.T.);
#5941=ADVANCED_FACE('',(#829),#241,.T.);
#5942=ADVANCED_FACE('',(#830),#242,.T.);
#5943=ADVANCED_FACE('',(#831),#243,.T.);
#5944=ADVANCED_FACE('',(#832),#244,.T.);
#5945=ADVANCED_FACE('',(#833),#245,.T.);
#5946=ADVANCED_FACE('',(#834),#246,.T.);
#5947=ADVANCED_FACE('',(#835),#247,.T.);
#5948=ADVANCED_FACE('',(#836),#248,.T.);
#5949=ADVANCED_FACE('',(#837),#249,.T.);
#5950=ADVANCED_FACE('',(#838,#99),#5621,.T.);
#5951=ADVANCED_FACE('',(#839,#100),#5622,.F.);
#5952=ADVANCED_FACE('',(#840),#5623,.T.);
#5953=ADVANCED_FACE('',(#841),#5624,.T.);
#5954=ADVANCED_FACE('',(#842),#5625,.T.);
#5955=ADVANCED_FACE('',(#843),#5626,.T.);
#5956=ADVANCED_FACE('',(#844),#5627,.F.);
#5957=ADVANCED_FACE('',(#845),#5628,.T.);
#5958=ADVANCED_FACE('',(#846),#5629,.T.);
#5959=ADVANCED_FACE('',(#847),#5630,.T.);
#5960=ADVANCED_FACE('',(#848),#5631,.T.);
#5961=ADVANCED_FACE('',(#849),#5632,.T.);
#5962=ADVANCED_FACE('',(#850),#5633,.T.);
#5963=ADVANCED_FACE('',(#851),#5634,.F.);
#5964=ADVANCED_FACE('',(#852),#5635,.T.);
#5965=ADVANCED_FACE('',(#853),#5636,.T.);
#5966=ADVANCED_FACE('',(#854),#5637,.T.);
#5967=ADVANCED_FACE('',(#855),#5638,.T.);
#5968=ADVANCED_FACE('',(#856),#5639,.T.);
#5969=ADVANCED_FACE('',(#857),#5640,.T.);
#5970=ADVANCED_FACE('',(#858),#5641,.T.);
#5971=ADVANCED_FACE('',(#859),#5642,.T.);
#5972=ADVANCED_FACE('',(#860),#5643,.T.);
#5973=ADVANCED_FACE('',(#861),#5644,.T.);
#5974=ADVANCED_FACE('',(#862),#5645,.T.);
#5975=ADVANCED_FACE('',(#863),#5646,.T.);
#5976=ADVANCED_FACE('',(#864),#5647,.T.);
#5977=ADVANCED_FACE('',(#865),#5648,.T.);
#5978=ADVANCED_FACE('',(#866),#5649,.T.);
#5979=ADVANCED_FACE('',(#867),#5650,.T.);
#5980=ADVANCED_FACE('',(#868),#5651,.T.);
#5981=ADVANCED_FACE('',(#869),#5652,.T.);
#5982=ADVANCED_FACE('',(#870),#5653,.T.);
#5983=ADVANCED_FACE('',(#871),#5654,.T.);
#5984=CLOSED_SHELL('',(#5655,#5656,#5657,#5658,#5659,#5660,#5661,#5662,
#5663,#5664,#5665,#5666,#5667,#5668,#5669,#5670,#5671,#5672,#5673,#5674,
#5675,#5676,#5677,#5678,#5679,#5680,#5681,#5682,#5683,#5684,#5685,#5686,
#5687,#5688,#5689,#5690,#5691,#5692,#5693,#5694,#5695,#5696,#5697,#5698,
#5699,#5700,#5701,#5702,#5703,#5704,#5705,#5706,#5707,#5708,#5709,#5710,
#5711,#5712,#5713,#5714,#5715,#5716));
#5985=CLOSED_SHELL('',(#5717,#5718,#5719,#5720,#5721,#5722,#5723,#5724,
#5725,#5726,#5727,#5728,#5729,#5730,#5731,#5732,#5733,#5734));
#5986=CLOSED_SHELL('',(#5735,#5736,#5737,#5738,#5739,#5740,#5741,#5742,
#5743,#5744,#5745,#5746,#5747,#5748,#5749,#5750,#5751,#5752,#5753,#5754,
#5755,#5756));
#5987=CLOSED_SHELL('',(#5757,#5758,#5759,#5760,#5761,#5762,#5763,#5764,
#5765,#5766,#5767,#5768,#5769,#5770,#5771));
#5988=CLOSED_SHELL('',(#5772,#5773,#5774,#5775,#5776,#5777,#5778,#5779,
#5780,#5781,#5782,#5783,#5784,#5785,#5786));
#5989=CLOSED_SHELL('',(#5787,#5788,#5789,#5790,#5791,#5792,#5793,#5794,
#5795,#5796,#5797,#5798,#5799,#5800,#5801,#5802,#5803,#5804,#5805,#5806,
#5807));
#5990=CLOSED_SHELL('',(#5808,#5809,#5810));
#5991=CLOSED_SHELL('',(#5811,#5812,#5813));
#5992=CLOSED_SHELL('',(#5814,#5815,#5816,#5817,#5818,#5819));
#5993=CLOSED_SHELL('',(#5820,#5821,#5822,#5823,#5824,#5825));
#5994=CLOSED_SHELL('',(#5826,#5827,#5828,#5829,#5830,#5831));
#5995=CLOSED_SHELL('',(#5832,#5833,#5834,#5835,#5836,#5837,#5838,#5839,
#5840,#5841,#5842,#5843,#5844,#5845,#5846));
#5996=CLOSED_SHELL('',(#5847,#5848,#5849,#5850,#5851,#5852,#5853,#5854,
#5855,#5856,#5857,#5858,#5859,#5860,#5861,#5862,#5863,#5864,#5865,#5866,
#5867,#5868,#5869,#5870,#5871,#5872,#5873,#5874,#5875,#5876,#5877,#5878,
#5879,#5880,#5881,#5882,#5883,#5884,#5885,#5886,#5887,#5888,#5889,#5890,
#5891,#5892,#5893));
#5997=CLOSED_SHELL('',(#5894,#5895,#5896,#5897,#5898,#5899,#5900,#5901,
#5902,#5903,#5904,#5905,#5906,#5907,#5908,#5909,#5910,#5911,#5912,#5913,
#5914,#5915,#5916,#5917,#5918,#5919,#5920,#5921,#5922,#5923,#5924,#5925,
#5926,#5927,#5928,#5929,#5930,#5931,#5932,#5933,#5934,#5935,#5936,#5937,
#5938,#5939,#5940,#5941,#5942,#5943,#5944,#5945,#5946,#5947,#5948,#5949,
#5950,#5951));
#5998=CLOSED_SHELL('',(#5952,#5953,#5954,#5955,#5956,#5957));
#5999=CLOSED_SHELL('',(#5958,#5959,#5960,#5961,#5962,#5963));
#6000=CLOSED_SHELL('',(#5964,#5965,#5966,#5967,#5968,#5969,#5970,#5971,
#5972,#5973,#5974,#5975,#5976,#5977));
#6001=CLOSED_SHELL('',(#5978,#5979,#5980,#5981,#5982,#5983));
#6002=AXIS2_PLACEMENT_3D('placement',#8473,#6638,#6639);
#6003=AXIS2_PLACEMENT_3D('',#8474,#6640,#6641);
#6004=AXIS2_PLACEMENT_3D('',#8483,#6646,#6647);
#6005=AXIS2_PLACEMENT_3D('',#8499,#6655,#6656);
#6006=AXIS2_PLACEMENT_3D('',#8503,#6658,#6659);
#6007=AXIS2_PLACEMENT_3D('',#8515,#6665,#6666);
#6008=AXIS2_PLACEMENT_3D('',#8519,#6668,#6669);
#6009=AXIS2_PLACEMENT_3D('',#8521,#6671,#6672);
#6010=AXIS2_PLACEMENT_3D('',#8524,#6673,#6674);
#6011=AXIS2_PLACEMENT_3D('',#8528,#6676,#6677);
#6012=AXIS2_PLACEMENT_3D('',#8530,#6679,#6680);
#6013=AXIS2_PLACEMENT_3D('',#8533,#6681,#6682);
#6014=AXIS2_PLACEMENT_3D('',#8536,#6684,#6685);
#6015=AXIS2_PLACEMENT_3D('',#8538,#6687,#6688);
#6016=AXIS2_PLACEMENT_3D('',#8539,#6689,#6690);
#6017=AXIS2_PLACEMENT_3D('',#8540,#6691,#6692);
#6018=AXIS2_PLACEMENT_3D('',#8543,#6693,#6694);
#6019=AXIS2_PLACEMENT_3D('',#8546,#6696,#6697);
#6020=AXIS2_PLACEMENT_3D('',#8548,#6699,#6700);
#6021=AXIS2_PLACEMENT_3D('',#8549,#6701,#6702);
#6022=AXIS2_PLACEMENT_3D('',#8550,#6703,#6704);
#6023=AXIS2_PLACEMENT_3D('',#8552,#6705,#6706);
#6024=AXIS2_PLACEMENT_3D('',#8555,#6708,#6709);
#6025=AXIS2_PLACEMENT_3D('',#8557,#6711,#6712);
#6026=AXIS2_PLACEMENT_3D('',#8558,#6713,#6714);
#6027=AXIS2_PLACEMENT_3D('',#8559,#6715,#6716);
#6028=AXIS2_PLACEMENT_3D('',#8560,#6717,#6718);
#6029=AXIS2_PLACEMENT_3D('',#8561,#6719,#6720);
#6030=AXIS2_PLACEMENT_3D('',#8564,#6723,#6724);
#6031=AXIS2_PLACEMENT_3D('',#8574,#6730,#6731);
#6032=AXIS2_PLACEMENT_3D('',#8576,#6733,#6734);
#6033=AXIS2_PLACEMENT_3D('',#8607,#6751,#6752);
#6034=AXIS2_PLACEMENT_3D('',#8610,#6753,#6754);
#6035=AXIS2_PLACEMENT_3D('',#8611,#6755,#6756);
#6036=AXIS2_PLACEMENT_3D('',#8612,#6757,#6758);
#6037=AXIS2_PLACEMENT_3D('',#8614,#6760,#6761);
#6038=AXIS2_PLACEMENT_3D('',#8642,#6777,#6778);
#6039=AXIS2_PLACEMENT_3D('',#8675,#6780,#6781);
#6040=AXIS2_PLACEMENT_3D('',#8676,#6782,#6783);
#6041=AXIS2_PLACEMENT_3D('',#8677,#6784,#6785);
#6042=AXIS2_PLACEMENT_3D('',#8683,#6789,#6790);
#6043=AXIS2_PLACEMENT_3D('',#8687,#6793,#6794);
#6044=AXIS2_PLACEMENT_3D('',#8691,#6797,#6798);
#6045=AXIS2_PLACEMENT_3D('',#8693,#6800,#6801);
#6046=AXIS2_PLACEMENT_3D('',#8694,#6802,#6803);
#6047=AXIS2_PLACEMENT_3D('',#8703,#6808,#6809);
#6048=AXIS2_PLACEMENT_3D('',#8709,#6813,#6814);
#6049=AXIS2_PLACEMENT_3D('',#8715,#6818,#6819);
#6050=AXIS2_PLACEMENT_3D('',#8718,#6822,#6823);
#6051=AXIS2_PLACEMENT_3D('',#8719,#6824,#6825);
#6052=AXIS2_PLACEMENT_3D('',#8723,#6828,#6829);
#6053=AXIS2_PLACEMENT_3D('',#8729,#6833,#6834);
#6054=AXIS2_PLACEMENT_3D('',#8735,#6838,#6839);
#6055=AXIS2_PLACEMENT_3D('',#8738,#6842,#6843);
#6056=AXIS2_PLACEMENT_3D('',#8744,#6847,#6848);
#6057=AXIS2_PLACEMENT_3D('',#8750,#6852,#6853);
#6058=AXIS2_PLACEMENT_3D('',#8753,#6856,#6857);
#6059=AXIS2_PLACEMENT_3D('',#8757,#6860,#6861);
#6060=AXIS2_PLACEMENT_3D('',#8759,#6863,#6864);
#6061=AXIS2_PLACEMENT_3D('',#8760,#6865,#6866);
#6062=AXIS2_PLACEMENT_3D('',#8762,#6868,#6869);
#6063=AXIS2_PLACEMENT_3D('',#8764,#6871,#6872);
#6064=AXIS2_PLACEMENT_3D('',#8765,#6873,#6874);
#6065=AXIS2_PLACEMENT_3D('',#8769,#6877,#6878);
#6066=AXIS2_PLACEMENT_3D('',#8775,#6882,#6883);
#6067=AXIS2_PLACEMENT_3D('',#8781,#6887,#6888);
#6068=AXIS2_PLACEMENT_3D('',#8784,#6891,#6892);
#6069=AXIS2_PLACEMENT_3D('',#8790,#6896,#6897);
#6070=AXIS2_PLACEMENT_3D('',#8796,#6901,#6902);
#6071=AXIS2_PLACEMENT_3D('',#8799,#6905,#6906);
#6072=AXIS2_PLACEMENT_3D('',#8805,#6910,#6911);
#6073=AXIS2_PLACEMENT_3D('',#8811,#6915,#6916);
#6074=AXIS2_PLACEMENT_3D('',#8814,#6919,#6920);
#6075=AXIS2_PLACEMENT_3D('',#8818,#6923,#6924);
#6076=AXIS2_PLACEMENT_3D('',#8820,#6926,#6927);
#6077=AXIS2_PLACEMENT_3D('',#8821,#6928,#6929);
#6078=AXIS2_PLACEMENT_3D('',#8822,#6930,#6931);
#6079=AXIS2_PLACEMENT_3D('',#8823,#6932,#6933);
#6080=AXIS2_PLACEMENT_3D('',#8824,#6934,#6935);
#6081=AXIS2_PLACEMENT_3D('',#8825,#6936,#6937);
#6082=AXIS2_PLACEMENT_3D('',#8826,#6938,#6939);
#6083=AXIS2_PLACEMENT_3D('placement',#8827,#6940,#6941);
#6084=AXIS2_PLACEMENT_3D('',#8828,#6942,#6943);
#6085=AXIS2_PLACEMENT_3D('',#8837,#6948,#6949);
#6086=AXIS2_PLACEMENT_3D('',#8843,#6953,#6954);
#6087=AXIS2_PLACEMENT_3D('',#8849,#6958,#6959);
#6088=AXIS2_PLACEMENT_3D('',#8855,#6963,#6964);
#6089=AXIS2_PLACEMENT_3D('',#8861,#6968,#6969);
#6090=AXIS2_PLACEMENT_3D('',#8867,#6973,#6974);
#6091=AXIS2_PLACEMENT_3D('',#8873,#6978,#6979);
#6092=AXIS2_PLACEMENT_3D('',#8879,#6983,#6984);
#6093=AXIS2_PLACEMENT_3D('',#8885,#6988,#6989);
#6094=AXIS2_PLACEMENT_3D('',#8891,#6993,#6994);
#6095=AXIS2_PLACEMENT_3D('',#8897,#6998,#6999);
#6096=AXIS2_PLACEMENT_3D('',#8903,#7003,#7004);
#6097=AXIS2_PLACEMENT_3D('',#8909,#7008,#7009);
#6098=AXIS2_PLACEMENT_3D('',#8915,#7013,#7014);
#6099=AXIS2_PLACEMENT_3D('',#8921,#7018,#7019);
#6100=AXIS2_PLACEMENT_3D('',#8924,#7022,#7023);
#6101=AXIS2_PLACEMENT_3D('',#8925,#7024,#7025);
#6102=AXIS2_PLACEMENT_3D('placement',#8926,#7026,#7027);
#6103=AXIS2_PLACEMENT_3D('',#8927,#7028,#7029);
#6104=AXIS2_PLACEMENT_3D('',#8930,#7030,#7031);
#6105=AXIS2_PLACEMENT_3D('',#8934,#7033,#7034);
#6106=AXIS2_PLACEMENT_3D('',#8936,#7036,#7037);
#6107=AXIS2_PLACEMENT_3D('',#8942,#7041,#7042);
#6108=AXIS2_PLACEMENT_3D('',#8944,#7043,#7044);
#6109=AXIS2_PLACEMENT_3D('',#8946,#7045,#7046);
#6110=AXIS2_PLACEMENT_3D('',#8948,#7048,#7049);
#6111=AXIS2_PLACEMENT_3D('',#8950,#7050,#7051);
#6112=AXIS2_PLACEMENT_3D('',#8952,#7052,#7053);
#6113=AXIS2_PLACEMENT_3D('',#8954,#7055,#7056);
#6114=AXIS2_PLACEMENT_3D('',#8956,#7057,#7058);
#6115=AXIS2_PLACEMENT_3D('',#8958,#7059,#7060);
#6116=AXIS2_PLACEMENT_3D('',#8960,#7062,#7063);
#6117=AXIS2_PLACEMENT_3D('',#8962,#7064,#7065);
#6118=AXIS2_PLACEMENT_3D('',#8964,#7066,#7067);
#6119=AXIS2_PLACEMENT_3D('',#8966,#7069,#7070);
#6120=AXIS2_PLACEMENT_3D('',#8968,#7071,#7072);
#6121=AXIS2_PLACEMENT_3D('',#8970,#7073,#7074);
#6122=AXIS2_PLACEMENT_3D('',#8972,#7076,#7077);
#6123=AXIS2_PLACEMENT_3D('',#8974,#7078,#7079);
#6124=AXIS2_PLACEMENT_3D('',#8976,#7080,#7081);
#6125=AXIS2_PLACEMENT_3D('',#8978,#7083,#7084);
#6126=AXIS2_PLACEMENT_3D('',#8980,#7085,#7086);
#6127=AXIS2_PLACEMENT_3D('',#8982,#7087,#7088);
#6128=AXIS2_PLACEMENT_3D('',#8984,#7090,#7091);
#6129=AXIS2_PLACEMENT_3D('',#8986,#7092,#7093);
#6130=AXIS2_PLACEMENT_3D('',#8988,#7094,#7095);
#6131=AXIS2_PLACEMENT_3D('',#8990,#7097,#7098);
#6132=AXIS2_PLACEMENT_3D('',#8992,#7099,#7100);
#6133=AXIS2_PLACEMENT_3D('',#8994,#7101,#7102);
#6134=AXIS2_PLACEMENT_3D('',#8996,#7104,#7105);
#6135=AXIS2_PLACEMENT_3D('',#8998,#7106,#7107);
#6136=AXIS2_PLACEMENT_3D('',#9000,#7108,#7109);
#6137=AXIS2_PLACEMENT_3D('',#9002,#7111,#7112);
#6138=AXIS2_PLACEMENT_3D('',#9004,#7113,#7114);
#6139=AXIS2_PLACEMENT_3D('',#9006,#7115,#7116);
#6140=AXIS2_PLACEMENT_3D('',#9008,#7118,#7119);
#6141=AXIS2_PLACEMENT_3D('',#9010,#7120,#7121);
#6142=AXIS2_PLACEMENT_3D('',#9012,#7122,#7123);
#6143=AXIS2_PLACEMENT_3D('',#9014,#7125,#7126);
#6144=AXIS2_PLACEMENT_3D('',#9016,#7127,#7128);
#6145=AXIS2_PLACEMENT_3D('',#9018,#7129,#7130);
#6146=AXIS2_PLACEMENT_3D('',#9020,#7132,#7133);
#6147=AXIS2_PLACEMENT_3D('',#9022,#7134,#7135);
#6148=AXIS2_PLACEMENT_3D('',#9024,#7136,#7137);
#6149=AXIS2_PLACEMENT_3D('',#9026,#7139,#7140);
#6150=AXIS2_PLACEMENT_3D('',#9028,#7141,#7142);
#6151=AXIS2_PLACEMENT_3D('',#9030,#7143,#7144);
#6152=AXIS2_PLACEMENT_3D('',#9032,#7146,#7147);
#6153=AXIS2_PLACEMENT_3D('',#9038,#7151,#7152);
#6154=AXIS2_PLACEMENT_3D('',#9040,#7153,#7154);
#6155=AXIS2_PLACEMENT_3D('',#9042,#7155,#7156);
#6156=AXIS2_PLACEMENT_3D('',#9044,#7158,#7159);
#6157=AXIS2_PLACEMENT_3D('',#9045,#7160,#7161);
#6158=AXIS2_PLACEMENT_3D('',#9046,#7162,#7163);
#6159=AXIS2_PLACEMENT_3D('',#9047,#7164,#7165);
#6160=AXIS2_PLACEMENT_3D('',#9048,#7166,#7167);
#6161=AXIS2_PLACEMENT_3D('',#9049,#7168,#7169);
#6162=AXIS2_PLACEMENT_3D('',#9058,#7174,#7175);
#6163=AXIS2_PLACEMENT_3D('',#9064,#7179,#7180);
#6164=AXIS2_PLACEMENT_3D('',#9070,#7184,#7185);
#6165=AXIS2_PLACEMENT_3D('',#9076,#7189,#7190);
#6166=AXIS2_PLACEMENT_3D('',#9082,#7194,#7195);
#6167=AXIS2_PLACEMENT_3D('',#9084,#7196,#7197);
#6168=AXIS2_PLACEMENT_3D('',#9086,#7198,#7199);
#6169=AXIS2_PLACEMENT_3D('',#9088,#7201,#7202);
#6170=AXIS2_PLACEMENT_3D('',#9090,#7203,#7204);
#6171=AXIS2_PLACEMENT_3D('',#9092,#7205,#7206);
#6172=AXIS2_PLACEMENT_3D('',#9094,#7208,#7209);
#6173=AXIS2_PLACEMENT_3D('',#9096,#7210,#7211);
#6174=AXIS2_PLACEMENT_3D('',#9098,#7212,#7213);
#6175=AXIS2_PLACEMENT_3D('',#9100,#7215,#7216);
#6176=AXIS2_PLACEMENT_3D('',#9102,#7217,#7218);
#6177=AXIS2_PLACEMENT_3D('',#9104,#7219,#7220);
#6178=AXIS2_PLACEMENT_3D('',#9106,#7222,#7223);
#6179=AXIS2_PLACEMENT_3D('',#9112,#7227,#7228);
#6180=AXIS2_PLACEMENT_3D('',#9118,#7232,#7233);
#6181=AXIS2_PLACEMENT_3D('',#9124,#7237,#7238);
#6182=AXIS2_PLACEMENT_3D('',#9125,#7239,#7240);
#6183=AXIS2_PLACEMENT_3D('',#9126,#7241,#7242);
#6184=AXIS2_PLACEMENT_3D('',#9127,#7243,#7244);
#6185=AXIS2_PLACEMENT_3D('',#9128,#7245,#7246);
#6186=AXIS2_PLACEMENT_3D('',#9129,#7247,#7248);
#6187=AXIS2_PLACEMENT_3D('',#9138,#7253,#7254);
#6188=AXIS2_PLACEMENT_3D('',#9144,#7258,#7259);
#6189=AXIS2_PLACEMENT_3D('',#9150,#7263,#7264);
#6190=AXIS2_PLACEMENT_3D('',#9156,#7268,#7269);
#6191=AXIS2_PLACEMENT_3D('',#9162,#7273,#7274);
#6192=AXIS2_PLACEMENT_3D('',#9164,#7275,#7276);
#6193=AXIS2_PLACEMENT_3D('',#9166,#7277,#7278);
#6194=AXIS2_PLACEMENT_3D('',#9168,#7280,#7281);
#6195=AXIS2_PLACEMENT_3D('',#9170,#7282,#7283);
#6196=AXIS2_PLACEMENT_3D('',#9172,#7284,#7285);
#6197=AXIS2_PLACEMENT_3D('',#9174,#7287,#7288);
#6198=AXIS2_PLACEMENT_3D('',#9176,#7289,#7290);
#6199=AXIS2_PLACEMENT_3D('',#9178,#7291,#7292);
#6200=AXIS2_PLACEMENT_3D('',#9180,#7294,#7295);
#6201=AXIS2_PLACEMENT_3D('',#9182,#7296,#7297);
#6202=AXIS2_PLACEMENT_3D('',#9184,#7298,#7299);
#6203=AXIS2_PLACEMENT_3D('',#9186,#7301,#7302);
#6204=AXIS2_PLACEMENT_3D('',#9192,#7306,#7307);
#6205=AXIS2_PLACEMENT_3D('',#9198,#7311,#7312);
#6206=AXIS2_PLACEMENT_3D('',#9204,#7316,#7317);
#6207=AXIS2_PLACEMENT_3D('',#9205,#7318,#7319);
#6208=AXIS2_PLACEMENT_3D('',#9206,#7320,#7321);
#6209=AXIS2_PLACEMENT_3D('',#9207,#7322,#7323);
#6210=AXIS2_PLACEMENT_3D('',#9208,#7324,#7325);
#6211=AXIS2_PLACEMENT_3D('',#9209,#7326,#7327);
#6212=AXIS2_PLACEMENT_3D('',#9212,#7328,#7329);
#6213=AXIS2_PLACEMENT_3D('',#9216,#7331,#7332);
#6214=AXIS2_PLACEMENT_3D('',#9218,#7334,#7335);
#6215=AXIS2_PLACEMENT_3D('',#9220,#7336,#7337);
#6216=AXIS2_PLACEMENT_3D('',#9222,#7338,#7339);
#6217=AXIS2_PLACEMENT_3D('',#9224,#7341,#7342);
#6218=AXIS2_PLACEMENT_3D('',#9226,#7343,#7344);
#6219=AXIS2_PLACEMENT_3D('',#9228,#7345,#7346);
#6220=AXIS2_PLACEMENT_3D('',#9230,#7348,#7349);
#6221=AXIS2_PLACEMENT_3D('',#9236,#7353,#7354);
#6222=AXIS2_PLACEMENT_3D('',#9238,#7355,#7356);
#6223=AXIS2_PLACEMENT_3D('',#9240,#7357,#7358);
#6224=AXIS2_PLACEMENT_3D('',#9242,#7360,#7361);
#6225=AXIS2_PLACEMENT_3D('',#9244,#7362,#7363);
#6226=AXIS2_PLACEMENT_3D('',#9246,#7364,#7365);
#6227=AXIS2_PLACEMENT_3D('',#9248,#7367,#7368);
#6228=AXIS2_PLACEMENT_3D('',#9250,#7369,#7370);
#6229=AXIS2_PLACEMENT_3D('',#9252,#7371,#7372);
#6230=AXIS2_PLACEMENT_3D('',#9254,#7374,#7375);
#6231=AXIS2_PLACEMENT_3D('',#9256,#7376,#7377);
#6232=AXIS2_PLACEMENT_3D('',#9258,#7378,#7379);
#6233=AXIS2_PLACEMENT_3D('',#9260,#7381,#7382);
#6234=AXIS2_PLACEMENT_3D('',#9266,#7386,#7387);
#6235=AXIS2_PLACEMENT_3D('',#9272,#7391,#7392);
#6236=AXIS2_PLACEMENT_3D('',#9278,#7396,#7397);
#6237=AXIS2_PLACEMENT_3D('',#9284,#7401,#7402);
#6238=AXIS2_PLACEMENT_3D('',#9290,#7406,#7407);
#6239=AXIS2_PLACEMENT_3D('',#9296,#7411,#7412);
#6240=AXIS2_PLACEMENT_3D('',#9302,#7416,#7417);
#6241=AXIS2_PLACEMENT_3D('',#9308,#7421,#7422);
#6242=AXIS2_PLACEMENT_3D('',#9314,#7426,#7427);
#6243=AXIS2_PLACEMENT_3D('',#9320,#7431,#7432);
#6244=AXIS2_PLACEMENT_3D('',#9323,#7435,#7436);
#6245=AXIS2_PLACEMENT_3D('',#9324,#7437,#7438);
#6246=AXIS2_PLACEMENT_3D('',#9325,#7439,#7440);
#6247=AXIS2_PLACEMENT_3D('',#9327,#7441,#7442);
#6248=AXIS2_PLACEMENT_3D('',#9329,#7443,#7444);
#6249=AXIS2_PLACEMENT_3D('',#9330,#7445,#7446);
#6250=AXIS2_PLACEMENT_3D('',#9331,#7447,#7448);
#6251=AXIS2_PLACEMENT_3D('',#9332,#7449,#7450);
#6252=AXIS2_PLACEMENT_3D('',#9334,#7451,#7452);
#6253=AXIS2_PLACEMENT_3D('',#9336,#7453,#7454);
#6254=AXIS2_PLACEMENT_3D('',#9337,#7455,#7456);
#6255=AXIS2_PLACEMENT_3D('',#9338,#7457,#7458);
#6256=AXIS2_PLACEMENT_3D('',#9339,#7459,#7460);
#6257=AXIS2_PLACEMENT_3D('',#9348,#7465,#7466);
#6258=AXIS2_PLACEMENT_3D('',#9354,#7470,#7471);
#6259=AXIS2_PLACEMENT_3D('',#9360,#7475,#7476);
#6260=AXIS2_PLACEMENT_3D('',#9363,#7479,#7480);
#6261=AXIS2_PLACEMENT_3D('',#9364,#7481,#7482);
#6262=AXIS2_PLACEMENT_3D('',#9365,#7483,#7484);
#6263=AXIS2_PLACEMENT_3D('',#9374,#7489,#7490);
#6264=AXIS2_PLACEMENT_3D('',#9380,#7494,#7495);
#6265=AXIS2_PLACEMENT_3D('',#9386,#7499,#7500);
#6266=AXIS2_PLACEMENT_3D('',#9389,#7503,#7504);
#6267=AXIS2_PLACEMENT_3D('',#9390,#7505,#7506);
#6268=AXIS2_PLACEMENT_3D('',#9391,#7507,#7508);
#6269=AXIS2_PLACEMENT_3D('',#9400,#7513,#7514);
#6270=AXIS2_PLACEMENT_3D('',#9406,#7518,#7519);
#6271=AXIS2_PLACEMENT_3D('',#9412,#7523,#7524);
#6272=AXIS2_PLACEMENT_3D('',#9415,#7527,#7528);
#6273=AXIS2_PLACEMENT_3D('',#9416,#7529,#7530);
#6274=AXIS2_PLACEMENT_3D('',#9417,#7531,#7532);
#6275=AXIS2_PLACEMENT_3D('',#9426,#7537,#7538);
#6276=AXIS2_PLACEMENT_3D('',#9432,#7542,#7543);
#6277=AXIS2_PLACEMENT_3D('',#9438,#7547,#7548);
#6278=AXIS2_PLACEMENT_3D('',#9444,#7552,#7553);
#6279=AXIS2_PLACEMENT_3D('',#9450,#7557,#7558);
#6280=AXIS2_PLACEMENT_3D('',#9452,#7559,#7560);
#6281=AXIS2_PLACEMENT_3D('',#9454,#7561,#7562);
#6282=AXIS2_PLACEMENT_3D('',#9456,#7564,#7565);
#6283=AXIS2_PLACEMENT_3D('',#9458,#7566,#7567);
#6284=AXIS2_PLACEMENT_3D('',#9460,#7568,#7569);
#6285=AXIS2_PLACEMENT_3D('',#9462,#7571,#7572);
#6286=AXIS2_PLACEMENT_3D('',#9464,#7573,#7574);
#6287=AXIS2_PLACEMENT_3D('',#9466,#7575,#7576);
#6288=AXIS2_PLACEMENT_3D('',#9468,#7578,#7579);
#6289=AXIS2_PLACEMENT_3D('',#9470,#7580,#7581);
#6290=AXIS2_PLACEMENT_3D('',#9472,#7582,#7583);
#6291=AXIS2_PLACEMENT_3D('',#9474,#7585,#7586);
#6292=AXIS2_PLACEMENT_3D('',#9480,#7590,#7591);
#6293=AXIS2_PLACEMENT_3D('',#9486,#7595,#7596);
#6294=AXIS2_PLACEMENT_3D('',#9492,#7600,#7601);
#6295=AXIS2_PLACEMENT_3D('',#9493,#7602,#7603);
#6296=AXIS2_PLACEMENT_3D('',#9494,#7604,#7605);
#6297=AXIS2_PLACEMENT_3D('',#9495,#7606,#7607);
#6298=AXIS2_PLACEMENT_3D('',#9496,#7608,#7609);
#6299=AXIS2_PLACEMENT_3D('',#9497,#7610,#7611);
#6300=AXIS2_PLACEMENT_3D('',#9500,#7612,#7613);
#6301=AXIS2_PLACEMENT_3D('',#9504,#7615,#7616);
#6302=AXIS2_PLACEMENT_3D('',#9506,#7618,#7619);
#6303=AXIS2_PLACEMENT_3D('',#9512,#7623,#7624);
#6304=AXIS2_PLACEMENT_3D('',#9518,#7628,#7629);
#6305=AXIS2_PLACEMENT_3D('',#9520,#7630,#7631);
#6306=AXIS2_PLACEMENT_3D('',#9523,#7633,#7634);
#6307=AXIS2_PLACEMENT_3D('',#9524,#7635,#7636);
#6308=AXIS2_PLACEMENT_3D('',#9526,#7637,#7638);
#6309=AXIS2_PLACEMENT_3D('',#9529,#7640,#7641);
#6310=AXIS2_PLACEMENT_3D('',#9530,#7642,#7643);
#6311=AXIS2_PLACEMENT_3D('',#9532,#7644,#7645);
#6312=AXIS2_PLACEMENT_3D('',#9535,#7647,#7648);
#6313=AXIS2_PLACEMENT_3D('',#9536,#7649,#7650);
#6314=AXIS2_PLACEMENT_3D('',#9538,#7651,#7652);
#6315=AXIS2_PLACEMENT_3D('',#9541,#7654,#7655);
#6316=AXIS2_PLACEMENT_3D('',#9542,#7656,#7657);
#6317=AXIS2_PLACEMENT_3D('',#9544,#7658,#7659);
#6318=AXIS2_PLACEMENT_3D('',#9547,#7661,#7662);
#6319=AXIS2_PLACEMENT_3D('',#9548,#7663,#7664);
#6320=AXIS2_PLACEMENT_3D('',#9549,#7665,#7666);
#6321=AXIS2_PLACEMENT_3D('',#9550,#7667,#7668);
#6322=AXIS2_PLACEMENT_3D('',#9551,#7669,#7670);
#6323=AXIS2_PLACEMENT_3D('',#9554,#7671,#7672);
#6324=AXIS2_PLACEMENT_3D('',#9558,#7674,#7675);
#6325=AXIS2_PLACEMENT_3D('',#9560,#7677,#7678);
#6326=AXIS2_PLACEMENT_3D('',#9562,#7679,#7680);
#6327=AXIS2_PLACEMENT_3D('',#9564,#7681,#7682);
#6328=AXIS2_PLACEMENT_3D('',#9566,#7684,#7685);
#6329=AXIS2_PLACEMENT_3D('',#9568,#7686,#7687);
#6330=AXIS2_PLACEMENT_3D('',#9570,#7688,#7689);
#6331=AXIS2_PLACEMENT_3D('',#9572,#7691,#7692);
#6332=AXIS2_PLACEMENT_3D('',#9574,#7693,#7694);
#6333=AXIS2_PLACEMENT_3D('',#9576,#7695,#7696);
#6334=AXIS2_PLACEMENT_3D('',#9578,#7698,#7699);
#6335=AXIS2_PLACEMENT_3D('',#9580,#7700,#7701);
#6336=AXIS2_PLACEMENT_3D('',#9582,#7702,#7703);
#6337=AXIS2_PLACEMENT_3D('',#9584,#7705,#7706);
#6338=AXIS2_PLACEMENT_3D('',#9586,#7707,#7708);
#6339=AXIS2_PLACEMENT_3D('',#9588,#7709,#7710);
#6340=AXIS2_PLACEMENT_3D('',#9590,#7712,#7713);
#6341=AXIS2_PLACEMENT_3D('',#9592,#7714,#7715);
#6342=AXIS2_PLACEMENT_3D('',#9594,#7716,#7717);
#6343=AXIS2_PLACEMENT_3D('',#9596,#7719,#7720);
#6344=AXIS2_PLACEMENT_3D('',#9602,#7724,#7725);
#6345=AXIS2_PLACEMENT_3D('',#9608,#7729,#7730);
#6346=AXIS2_PLACEMENT_3D('',#9610,#7731,#7732);
#6347=AXIS2_PLACEMENT_3D('',#9612,#7733,#7734);
#6348=AXIS2_PLACEMENT_3D('',#9614,#7736,#7737);
#6349=AXIS2_PLACEMENT_3D('',#9616,#7738,#7739);
#6350=AXIS2_PLACEMENT_3D('',#9618,#7740,#7741);
#6351=AXIS2_PLACEMENT_3D('',#9620,#7743,#7744);
#6352=AXIS2_PLACEMENT_3D('',#9622,#7745,#7746);
#6353=AXIS2_PLACEMENT_3D('',#9624,#7747,#7748);
#6354=AXIS2_PLACEMENT_3D('',#9626,#7750,#7751);
#6355=AXIS2_PLACEMENT_3D('',#9628,#7752,#7753);
#6356=AXIS2_PLACEMENT_3D('',#9630,#7754,#7755);
#6357=AXIS2_PLACEMENT_3D('',#9632,#7757,#7758);
#6358=AXIS2_PLACEMENT_3D('',#9634,#7759,#7760);
#6359=AXIS2_PLACEMENT_3D('',#9636,#7761,#7762);
#6360=AXIS2_PLACEMENT_3D('',#9638,#7764,#7765);
#6361=AXIS2_PLACEMENT_3D('',#9640,#7766,#7767);
#6362=AXIS2_PLACEMENT_3D('',#9642,#7768,#7769);
#6363=AXIS2_PLACEMENT_3D('',#9644,#7771,#7772);
#6364=AXIS2_PLACEMENT_3D('',#9646,#7773,#7774);
#6365=AXIS2_PLACEMENT_3D('',#9648,#7775,#7776);
#6366=AXIS2_PLACEMENT_3D('',#9650,#7778,#7779);
#6367=AXIS2_PLACEMENT_3D('',#9652,#7780,#7781);
#6368=AXIS2_PLACEMENT_3D('',#9654,#7782,#7783);
#6369=AXIS2_PLACEMENT_3D('',#9656,#7785,#7786);
#6370=AXIS2_PLACEMENT_3D('',#9658,#7787,#7788);
#6371=AXIS2_PLACEMENT_3D('',#9660,#7789,#7790);
#6372=AXIS2_PLACEMENT_3D('',#9662,#7792,#7793);
#6373=AXIS2_PLACEMENT_3D('',#9668,#7797,#7798);
#6374=AXIS2_PLACEMENT_3D('',#9674,#7802,#7803);
#6375=AXIS2_PLACEMENT_3D('',#9676,#7804,#7805);
#6376=AXIS2_PLACEMENT_3D('',#9678,#7806,#7807);
#6377=AXIS2_PLACEMENT_3D('',#9680,#7809,#7810);
#6378=AXIS2_PLACEMENT_3D('',#9682,#7811,#7812);
#6379=AXIS2_PLACEMENT_3D('',#9684,#7813,#7814);
#6380=AXIS2_PLACEMENT_3D('',#9686,#7816,#7817);
#6381=AXIS2_PLACEMENT_3D('',#9688,#7818,#7819);
#6382=AXIS2_PLACEMENT_3D('',#9690,#7820,#7821);
#6383=AXIS2_PLACEMENT_3D('',#9692,#7823,#7824);
#6384=AXIS2_PLACEMENT_3D('',#9694,#7825,#7826);
#6385=AXIS2_PLACEMENT_3D('',#9696,#7827,#7828);
#6386=AXIS2_PLACEMENT_3D('',#9698,#7830,#7831);
#6387=AXIS2_PLACEMENT_3D('',#9700,#7832,#7833);
#6388=AXIS2_PLACEMENT_3D('',#9702,#7834,#7835);
#6389=AXIS2_PLACEMENT_3D('',#9704,#7837,#7838);
#6390=AXIS2_PLACEMENT_3D('',#9706,#7839,#7840);
#6391=AXIS2_PLACEMENT_3D('',#9708,#7841,#7842);
#6392=AXIS2_PLACEMENT_3D('',#9710,#7844,#7845);
#6393=AXIS2_PLACEMENT_3D('',#9712,#7846,#7847);
#6394=AXIS2_PLACEMENT_3D('',#9714,#7848,#7849);
#6395=AXIS2_PLACEMENT_3D('',#9716,#7851,#7852);
#6396=AXIS2_PLACEMENT_3D('',#9718,#7853,#7854);
#6397=AXIS2_PLACEMENT_3D('',#9720,#7855,#7856);
#6398=AXIS2_PLACEMENT_3D('',#9722,#7858,#7859);
#6399=AXIS2_PLACEMENT_3D('',#9724,#7860,#7861);
#6400=AXIS2_PLACEMENT_3D('',#9726,#7862,#7863);
#6401=AXIS2_PLACEMENT_3D('',#9728,#7865,#7866);
#6402=AXIS2_PLACEMENT_3D('',#9730,#7867,#7868);
#6403=AXIS2_PLACEMENT_3D('',#9732,#7869,#7870);
#6404=AXIS2_PLACEMENT_3D('',#9734,#7872,#7873);
#6405=AXIS2_PLACEMENT_3D('',#9736,#7874,#7875);
#6406=AXIS2_PLACEMENT_3D('',#9738,#7876,#7877);
#6407=AXIS2_PLACEMENT_3D('',#9740,#7879,#7880);
#6408=AXIS2_PLACEMENT_3D('',#9742,#7881,#7882);
#6409=AXIS2_PLACEMENT_3D('',#9744,#7883,#7884);
#6410=AXIS2_PLACEMENT_3D('',#9746,#7886,#7887);
#6411=AXIS2_PLACEMENT_3D('',#9748,#7888,#7889);
#6412=AXIS2_PLACEMENT_3D('',#9750,#7890,#7891);
#6413=AXIS2_PLACEMENT_3D('',#9752,#7893,#7894);
#6414=AXIS2_PLACEMENT_3D('',#9754,#7895,#7896);
#6415=AXIS2_PLACEMENT_3D('',#9756,#7897,#7898);
#6416=AXIS2_PLACEMENT_3D('',#9758,#7900,#7901);
#6417=AXIS2_PLACEMENT_3D('',#9760,#7902,#7903);
#6418=AXIS2_PLACEMENT_3D('',#9762,#7904,#7905);
#6419=AXIS2_PLACEMENT_3D('',#9764,#7907,#7908);
#6420=AXIS2_PLACEMENT_3D('',#9765,#7909,#7910);
#6421=AXIS2_PLACEMENT_3D('',#9766,#7911,#7912);
#6422=AXIS2_PLACEMENT_3D('',#9767,#7913,#7914);
#6423=AXIS2_PLACEMENT_3D('',#9768,#7915,#7916);
#6424=AXIS2_PLACEMENT_3D('',#9769,#7917,#7918);
#6425=AXIS2_PLACEMENT_3D('',#9772,#7919,#7920);
#6426=AXIS2_PLACEMENT_3D('',#9776,#7922,#7923);
#6427=AXIS2_PLACEMENT_3D('',#9778,#7925,#7926);
#6428=AXIS2_PLACEMENT_3D('',#9780,#7927,#7928);
#6429=AXIS2_PLACEMENT_3D('',#9783,#7930,#7931);
#6430=AXIS2_PLACEMENT_3D('',#9784,#7932,#7933);
#6431=AXIS2_PLACEMENT_3D('',#9786,#7934,#7935);
#6432=AXIS2_PLACEMENT_3D('',#9789,#7937,#7938);
#6433=AXIS2_PLACEMENT_3D('',#9790,#7939,#7940);
#6434=AXIS2_PLACEMENT_3D('',#9792,#7941,#7942);
#6435=AXIS2_PLACEMENT_3D('',#9795,#7944,#7945);
#6436=AXIS2_PLACEMENT_3D('',#9796,#7946,#7947);
#6437=AXIS2_PLACEMENT_3D('',#9798,#7948,#7949);
#6438=AXIS2_PLACEMENT_3D('',#9801,#7951,#7952);
#6439=AXIS2_PLACEMENT_3D('',#9802,#7953,#7954);
#6440=AXIS2_PLACEMENT_3D('',#9804,#7955,#7956);
#6441=AXIS2_PLACEMENT_3D('',#9807,#7958,#7959);
#6442=AXIS2_PLACEMENT_3D('',#9808,#7960,#7961);
#6443=AXIS2_PLACEMENT_3D('',#9810,#7962,#7963);
#6444=AXIS2_PLACEMENT_3D('',#9813,#7965,#7966);
#6445=AXIS2_PLACEMENT_3D('',#9814,#7967,#7968);
#6446=AXIS2_PLACEMENT_3D('',#9816,#7969,#7970);
#6447=AXIS2_PLACEMENT_3D('',#9819,#7972,#7973);
#6448=AXIS2_PLACEMENT_3D('',#9820,#7974,#7975);
#6449=AXIS2_PLACEMENT_3D('',#9822,#7976,#7977);
#6450=AXIS2_PLACEMENT_3D('',#9825,#7979,#7980);
#6451=AXIS2_PLACEMENT_3D('',#9826,#7981,#7982);
#6452=AXIS2_PLACEMENT_3D('',#9828,#7983,#7984);
#6453=AXIS2_PLACEMENT_3D('',#9831,#7986,#7987);
#6454=AXIS2_PLACEMENT_3D('',#9832,#7988,#7989);
#6455=AXIS2_PLACEMENT_3D('',#9834,#7990,#7991);
#6456=AXIS2_PLACEMENT_3D('',#9837,#7993,#7994);
#6457=AXIS2_PLACEMENT_3D('',#9838,#7995,#7996);
#6458=AXIS2_PLACEMENT_3D('',#9840,#7997,#7998);
#6459=AXIS2_PLACEMENT_3D('',#9843,#8000,#8001);
#6460=AXIS2_PLACEMENT_3D('',#9844,#8002,#8003);
#6461=AXIS2_PLACEMENT_3D('',#9846,#8004,#8005);
#6462=AXIS2_PLACEMENT_3D('',#9849,#8007,#8008);
#6463=AXIS2_PLACEMENT_3D('',#9850,#8009,#8010);
#6464=AXIS2_PLACEMENT_3D('',#9852,#8011,#8012);
#6465=AXIS2_PLACEMENT_3D('',#9855,#8014,#8015);
#6466=AXIS2_PLACEMENT_3D('',#9856,#8016,#8017);
#6467=AXIS2_PLACEMENT_3D('',#9858,#8018,#8019);
#6468=AXIS2_PLACEMENT_3D('',#9861,#8021,#8022);
#6469=AXIS2_PLACEMENT_3D('',#9862,#8023,#8024);
#6470=AXIS2_PLACEMENT_3D('',#9864,#8025,#8026);
#6471=AXIS2_PLACEMENT_3D('',#9867,#8028,#8029);
#6472=AXIS2_PLACEMENT_3D('',#9868,#8030,#8031);
#6473=AXIS2_PLACEMENT_3D('',#9870,#8032,#8033);
#6474=AXIS2_PLACEMENT_3D('',#9873,#8035,#8036);
#6475=AXIS2_PLACEMENT_3D('',#9874,#8037,#8038);
#6476=AXIS2_PLACEMENT_3D('',#9876,#8039,#8040);
#6477=AXIS2_PLACEMENT_3D('',#9879,#8042,#8043);
#6478=AXIS2_PLACEMENT_3D('',#9880,#8044,#8045);
#6479=AXIS2_PLACEMENT_3D('',#9882,#8046,#8047);
#6480=AXIS2_PLACEMENT_3D('',#9885,#8049,#8050);
#6481=AXIS2_PLACEMENT_3D('',#9886,#8051,#8052);
#6482=AXIS2_PLACEMENT_3D('',#9888,#8053,#8054);
#6483=AXIS2_PLACEMENT_3D('',#9891,#8056,#8057);
#6484=AXIS2_PLACEMENT_3D('',#9892,#8058,#8059);
#6485=AXIS2_PLACEMENT_3D('',#9894,#8060,#8061);
#6486=AXIS2_PLACEMENT_3D('',#9897,#8063,#8064);
#6487=AXIS2_PLACEMENT_3D('',#9898,#8065,#8066);
#6488=AXIS2_PLACEMENT_3D('',#9900,#8067,#8068);
#6489=AXIS2_PLACEMENT_3D('',#9903,#8070,#8071);
#6490=AXIS2_PLACEMENT_3D('',#9904,#8072,#8073);
#6491=AXIS2_PLACEMENT_3D('',#9906,#8074,#8075);
#6492=AXIS2_PLACEMENT_3D('',#9909,#8077,#8078);
#6493=AXIS2_PLACEMENT_3D('',#9910,#8079,#8080);
#6494=AXIS2_PLACEMENT_3D('',#9912,#8081,#8082);
#6495=AXIS2_PLACEMENT_3D('',#9915,#8084,#8085);
#6496=AXIS2_PLACEMENT_3D('',#9916,#8086,#8087);
#6497=AXIS2_PLACEMENT_3D('',#9918,#8088,#8089);
#6498=AXIS2_PLACEMENT_3D('',#9921,#8091,#8092);
#6499=AXIS2_PLACEMENT_3D('',#9922,#8093,#8094);
#6500=AXIS2_PLACEMENT_3D('',#9924,#8095,#8096);
#6501=AXIS2_PLACEMENT_3D('',#9927,#8098,#8099);
#6502=AXIS2_PLACEMENT_3D('',#9928,#8100,#8101);
#6503=AXIS2_PLACEMENT_3D('',#9930,#8102,#8103);
#6504=AXIS2_PLACEMENT_3D('',#9933,#8105,#8106);
#6505=AXIS2_PLACEMENT_3D('',#9934,#8107,#8108);
#6506=AXIS2_PLACEMENT_3D('',#9936,#8109,#8110);
#6507=AXIS2_PLACEMENT_3D('',#9939,#8112,#8113);
#6508=AXIS2_PLACEMENT_3D('',#9940,#8114,#8115);
#6509=AXIS2_PLACEMENT_3D('',#9942,#8116,#8117);
#6510=AXIS2_PLACEMENT_3D('',#9945,#8119,#8120);
#6511=AXIS2_PLACEMENT_3D('',#9946,#8121,#8122);
#6512=AXIS2_PLACEMENT_3D('',#9948,#8123,#8124);
#6513=AXIS2_PLACEMENT_3D('',#9951,#8126,#8127);
#6514=AXIS2_PLACEMENT_3D('',#9952,#8128,#8129);
#6515=AXIS2_PLACEMENT_3D('',#9954,#8130,#8131);
#6516=AXIS2_PLACEMENT_3D('',#9957,#8133,#8134);
#6517=AXIS2_PLACEMENT_3D('',#9958,#8135,#8136);
#6518=AXIS2_PLACEMENT_3D('',#9960,#8137,#8138);
#6519=AXIS2_PLACEMENT_3D('',#9963,#8140,#8141);
#6520=AXIS2_PLACEMENT_3D('',#9964,#8142,#8143);
#6521=AXIS2_PLACEMENT_3D('',#9966,#8144,#8145);
#6522=AXIS2_PLACEMENT_3D('',#9969,#8147,#8148);
#6523=AXIS2_PLACEMENT_3D('',#9970,#8149,#8150);
#6524=AXIS2_PLACEMENT_3D('',#9972,#8151,#8152);
#6525=AXIS2_PLACEMENT_3D('',#9975,#8154,#8155);
#6526=AXIS2_PLACEMENT_3D('',#9976,#8156,#8157);
#6527=AXIS2_PLACEMENT_3D('',#9978,#8158,#8159);
#6528=AXIS2_PLACEMENT_3D('',#9981,#8161,#8162);
#6529=AXIS2_PLACEMENT_3D('',#9982,#8163,#8164);
#6530=AXIS2_PLACEMENT_3D('',#9983,#8165,#8166);
#6531=AXIS2_PLACEMENT_3D('',#9984,#8167,#8168);
#6532=AXIS2_PLACEMENT_3D('',#9985,#8169,#8170);
#6533=AXIS2_PLACEMENT_3D('',#9988,#8171,#8172);
#6534=AXIS2_PLACEMENT_3D('',#9992,#8174,#8175);
#6535=AXIS2_PLACEMENT_3D('',#9994,#8177,#8178);
#6536=AXIS2_PLACEMENT_3D('',#9996,#8179,#8180);
#6537=AXIS2_PLACEMENT_3D('',#9998,#8181,#8182);
#6538=AXIS2_PLACEMENT_3D('',#10000,#8184,#8185);
#6539=AXIS2_PLACEMENT_3D('',#10002,#8186,#8187);
#6540=AXIS2_PLACEMENT_3D('',#10004,#8188,#8189);
#6541=AXIS2_PLACEMENT_3D('',#10006,#8191,#8192);
#6542=AXIS2_PLACEMENT_3D('',#10008,#8193,#8194);
#6543=AXIS2_PLACEMENT_3D('',#10010,#8195,#8196);
#6544=AXIS2_PLACEMENT_3D('',#10012,#8198,#8199);
#6545=AXIS2_PLACEMENT_3D('',#10014,#8200,#8201);
#6546=AXIS2_PLACEMENT_3D('',#10016,#8202,#8203);
#6547=AXIS2_PLACEMENT_3D('',#10018,#8205,#8206);
#6548=AXIS2_PLACEMENT_3D('',#10020,#8207,#8208);
#6549=AXIS2_PLACEMENT_3D('',#10022,#8209,#8210);
#6550=AXIS2_PLACEMENT_3D('',#10024,#8212,#8213);
#6551=AXIS2_PLACEMENT_3D('',#10026,#8214,#8215);
#6552=AXIS2_PLACEMENT_3D('',#10028,#8216,#8217);
#6553=AXIS2_PLACEMENT_3D('',#10030,#8219,#8220);
#6554=AXIS2_PLACEMENT_3D('',#10032,#8221,#8222);
#6555=AXIS2_PLACEMENT_3D('',#10034,#8223,#8224);
#6556=AXIS2_PLACEMENT_3D('',#10036,#8226,#8227);
#6557=AXIS2_PLACEMENT_3D('',#10038,#8228,#8229);
#6558=AXIS2_PLACEMENT_3D('',#10040,#8230,#8231);
#6559=AXIS2_PLACEMENT_3D('',#10042,#8233,#8234);
#6560=AXIS2_PLACEMENT_3D('',#10044,#8235,#8236);
#6561=AXIS2_PLACEMENT_3D('',#10046,#8237,#8238);
#6562=AXIS2_PLACEMENT_3D('',#10048,#8240,#8241);
#6563=AXIS2_PLACEMENT_3D('',#10050,#8242,#8243);
#6564=AXIS2_PLACEMENT_3D('',#10052,#8244,#8245);
#6565=AXIS2_PLACEMENT_3D('',#10054,#8247,#8248);
#6566=AXIS2_PLACEMENT_3D('',#10056,#8249,#8250);
#6567=AXIS2_PLACEMENT_3D('',#10058,#8251,#8252);
#6568=AXIS2_PLACEMENT_3D('',#10060,#8254,#8255);
#6569=AXIS2_PLACEMENT_3D('',#10062,#8256,#8257);
#6570=AXIS2_PLACEMENT_3D('',#10064,#8258,#8259);
#6571=AXIS2_PLACEMENT_3D('',#10066,#8261,#8262);
#6572=AXIS2_PLACEMENT_3D('',#10068,#8263,#8264);
#6573=AXIS2_PLACEMENT_3D('',#10070,#8265,#8266);
#6574=AXIS2_PLACEMENT_3D('',#10072,#8268,#8269);
#6575=AXIS2_PLACEMENT_3D('',#10074,#8270,#8271);
#6576=AXIS2_PLACEMENT_3D('',#10076,#8272,#8273);
#6577=AXIS2_PLACEMENT_3D('',#10078,#8275,#8276);
#6578=AXIS2_PLACEMENT_3D('',#10080,#8277,#8278);
#6579=AXIS2_PLACEMENT_3D('',#10082,#8279,#8280);
#6580=AXIS2_PLACEMENT_3D('',#10084,#8282,#8283);
#6581=AXIS2_PLACEMENT_3D('',#10086,#8284,#8285);
#6582=AXIS2_PLACEMENT_3D('',#10088,#8286,#8287);
#6583=AXIS2_PLACEMENT_3D('',#10090,#8289,#8290);
#6584=AXIS2_PLACEMENT_3D('',#10092,#8291,#8292);
#6585=AXIS2_PLACEMENT_3D('',#10094,#8293,#8294);
#6586=AXIS2_PLACEMENT_3D('',#10096,#8296,#8297);
#6587=AXIS2_PLACEMENT_3D('',#10098,#8298,#8299);
#6588=AXIS2_PLACEMENT_3D('',#10100,#8300,#8301);
#6589=AXIS2_PLACEMENT_3D('',#10102,#8303,#8304);
#6590=AXIS2_PLACEMENT_3D('',#10103,#8305,#8306);
#6591=AXIS2_PLACEMENT_3D('',#10104,#8307,#8308);
#6592=AXIS2_PLACEMENT_3D('',#10105,#8309,#8310);
#6593=AXIS2_PLACEMENT_3D('',#10106,#8311,#8312);
#6594=AXIS2_PLACEMENT_3D('placement',#10107,#8313,#8314);
#6595=AXIS2_PLACEMENT_3D('',#10108,#8315,#8316);
#6596=AXIS2_PLACEMENT_3D('',#10117,#8321,#8322);
#6597=AXIS2_PLACEMENT_3D('',#10123,#8326,#8327);
#6598=AXIS2_PLACEMENT_3D('',#10129,#8331,#8332);
#6599=AXIS2_PLACEMENT_3D('',#10132,#8335,#8336);
#6600=AXIS2_PLACEMENT_3D('',#10133,#8337,#8338);
#6601=AXIS2_PLACEMENT_3D('placement',#10134,#8339,#8340);
#6602=AXIS2_PLACEMENT_3D('',#10135,#8341,#8342);
#6603=AXIS2_PLACEMENT_3D('',#10144,#8347,#8348);
#6604=AXIS2_PLACEMENT_3D('',#10150,#8352,#8353);
#6605=AXIS2_PLACEMENT_3D('',#10156,#8357,#8358);
#6606=AXIS2_PLACEMENT_3D('',#10159,#8361,#8362);
#6607=AXIS2_PLACEMENT_3D('',#10160,#8363,#8364);
#6608=AXIS2_PLACEMENT_3D('placement',#10161,#8365,#8366);
#6609=AXIS2_PLACEMENT_3D('',#10162,#8367,#8368);
#6610=AXIS2_PLACEMENT_3D('',#10171,#8373,#8374);
#6611=AXIS2_PLACEMENT_3D('',#10177,#8378,#8379);
#6612=AXIS2_PLACEMENT_3D('',#10183,#8383,#8384);
#6613=AXIS2_PLACEMENT_3D('',#10189,#8388,#8389);
#6614=AXIS2_PLACEMENT_3D('',#10195,#8393,#8394);
#6615=AXIS2_PLACEMENT_3D('',#10201,#8398,#8399);
#6616=AXIS2_PLACEMENT_3D('',#10207,#8403,#8404);
#6617=AXIS2_PLACEMENT_3D('',#10213,#8408,#8409);
#6618=AXIS2_PLACEMENT_3D('',#10219,#8413,#8414);
#6619=AXIS2_PLACEMENT_3D('',#10225,#8418,#8419);
#6620=AXIS2_PLACEMENT_3D('',#10231,#8423,#8424);
#6621=AXIS2_PLACEMENT_3D('',#10234,#8427,#8428);
#6622=AXIS2_PLACEMENT_3D('',#10235,#8429,#8430);
#6623=AXIS2_PLACEMENT_3D('placement',#10236,#8431,#8432);
#6624=AXIS2_PLACEMENT_3D('',#10237,#8433,#8434);
#6625=AXIS2_PLACEMENT_3D('',#10246,#8439,#8440);
#6626=AXIS2_PLACEMENT_3D('',#10255,#8445,#8446);
#6627=AXIS2_PLACEMENT_3D('',#10258,#8449,#8450);
#6628=AXIS2_PLACEMENT_3D('',#10261,#8453,#8454);
#6629=AXIS2_PLACEMENT_3D('',#10262,#8455,#8456);
#6630=AXIS2_PLACEMENT_3D('placement',#10263,#8457,#8458);
#6631=AXIS2_PLACEMENT_3D('',#10264,#8459,#8460);
#6632=AXIS2_PLACEMENT_3D('',#10265,#8461,#8462);
#6633=AXIS2_PLACEMENT_3D('',#10266,#8463,#8464);
#6634=AXIS2_PLACEMENT_3D('',#10267,#8465,#8466);
#6635=AXIS2_PLACEMENT_3D('',#10268,#8467,#8468);
#6636=AXIS2_PLACEMENT_3D('',#10269,#8469,#8470);
#6637=AXIS2_PLACEMENT_3D('',#10270,#8471,#8472);
#6638=DIRECTION('axis',(0.,0.,1.));
#6639=DIRECTION('refdir',(1.,0.,0.));
#6640=DIRECTION('center_axis',(3.51489822206588E-15,-1.,0.));
#6641=DIRECTION('ref_axis',(-1.,-3.50830475781549E-15,0.));
#6642=DIRECTION('',(-1.,-3.51489822206588E-15,0.));
#6643=DIRECTION('',(0.,0.,-1.));
#6644=DIRECTION('',(-1.,-3.51489822206588E-15,0.));
#6645=DIRECTION('',(0.,0.,-1.));
#6646=DIRECTION('center_axis',(0.,0.,1.));
#6647=DIRECTION('ref_axis',(1.,0.,0.));
#6648=DIRECTION('',(3.51489822206588E-15,-1.,0.));
#6649=DIRECTION('',(-3.51489822206588E-15,1.,0.));
#6650=DIRECTION('',(-1.,-2.52323414687536E-16,0.));
#6651=DIRECTION('',(3.84414722276446E-13,-1.,0.));
#6652=DIRECTION('',(-1.,8.20820376437368E-15,0.));
#6653=DIRECTION('',(6.81399381363679E-13,1.,0.));
#6654=DIRECTION('',(-1.,-2.52323414687536E-16,0.));
#6655=DIRECTION('center_axis',(0.,0.,-1.));
#6656=DIRECTION('ref_axis',(-0.70710678118655,0.707106781186546,0.));
#6657=DIRECTION('',(-8.41078048958452E-17,-1.,0.));
#6658=DIRECTION('center_axis',(0.,0.,-1.));
#6659=DIRECTION('ref_axis',(-0.707106781186548,-0.707106781186548,0.));
#6660=DIRECTION('',(1.,1.6821560979169E-16,0.));
#6661=DIRECTION('',(2.5703503292395E-13,1.,0.));
#6662=DIRECTION('',(1.,3.75730499600146E-15,0.));
#6663=DIRECTION('',(-3.28857513976393E-16,-1.,0.));
#6664=DIRECTION('',(1.,1.6821560979169E-16,0.));
#6665=DIRECTION('center_axis',(0.,0.,-1.));
#6666=DIRECTION('ref_axis',(0.707106781186548,-0.707106781186548,0.));
#6667=DIRECTION('',(-8.41078048958452E-17,1.,0.));
#6668=DIRECTION('center_axis',(0.,0.,-1.));
#6669=DIRECTION('ref_axis',(0.707106781186548,0.707106781186548,0.));
#6670=DIRECTION('',(-1.,-2.52323414687536E-16,0.));
#6671=DIRECTION('center_axis',(8.41078048958452E-17,-1.,0.));
#6672=DIRECTION('ref_axis',(0.707106781186548,0.,-0.707106781186547));
#6673=DIRECTION('center_axis',(2.77555756156288E-15,-1.,0.));
#6674=DIRECTION('ref_axis',(0.,0.,-1.));
#6675=DIRECTION('',(8.41078048958452E-17,-1.,0.));
#6676=DIRECTION('center_axis',(0.,1.,0.));
#6677=DIRECTION('ref_axis',(1.,0.,0.));
#6678=DIRECTION('',(-8.41078048958452E-17,1.,0.));
#6679=DIRECTION('center_axis',(1.,2.52323414687536E-16,0.));
#6680=DIRECTION('ref_axis',(0.,0.707106781186548,-0.707106781186547));
#6681=DIRECTION('center_axis',(1.,2.77555756156289E-15,0.));
#6682=DIRECTION('ref_axis',(0.,0.,-1.));
#6683=DIRECTION('',(1.,2.52323414687536E-16,0.));
#6684=DIRECTION('center_axis',(-1.,0.,0.));
#6685=DIRECTION('ref_axis',(0.,1.,0.));
#6686=DIRECTION('',(-1.,-2.52323414687536E-16,0.));
#6687=DIRECTION('center_axis',(0.408248290463862,-0.816496580927726,-0.408248290463864));
#6688=DIRECTION('ref_axis',(0.577350269189625,0.577350269189625,-0.577350269189627));
#6689=DIRECTION('center_axis',(0.,0.,-1.));
#6690=DIRECTION('ref_axis',(0.707106781186548,0.707106781186548,0.));
#6691=DIRECTION('center_axis',(8.41078048958452E-17,1.,0.));
#6692=DIRECTION('ref_axis',(-0.707106781186548,0.,-0.707106781186547));
#6693=DIRECTION('center_axis',(-2.7755575615629E-15,1.,0.));
#6694=DIRECTION('ref_axis',(0.,0.,-1.));
#6695=DIRECTION('',(8.41078048958452E-17,1.,0.));
#6696=DIRECTION('center_axis',(0.,-1.,0.));
#6697=DIRECTION('ref_axis',(-1.,0.,0.));
#6698=DIRECTION('',(-8.41078048958452E-17,-1.,0.));
#6699=DIRECTION('center_axis',(-0.408248290463861,-0.816496580927727,-0.408248290463862));
#6700=DIRECTION('ref_axis',(-0.577350269189627,0.577350269189624,-0.577350269189627));
#6701=DIRECTION('center_axis',(0.,0.,-1.));
#6702=DIRECTION('ref_axis',(-0.70710678118655,0.707106781186545,0.));
#6703=DIRECTION('center_axis',(-1.,-1.6821560979169E-16,0.));
#6704=DIRECTION('ref_axis',(0.,-0.707106781186548,-0.707106781186547));
#6705=DIRECTION('center_axis',(-1.,2.77555756156289E-15,0.));
#6706=DIRECTION('ref_axis',(0.,0.,-1.));
#6707=DIRECTION('',(-1.,-1.6821560979169E-16,0.));
#6708=DIRECTION('center_axis',(1.,0.,0.));
#6709=DIRECTION('ref_axis',(0.,-1.,0.));
#6710=DIRECTION('',(1.,1.6821560979169E-16,0.));
#6711=DIRECTION('center_axis',(0.408248290463864,0.408248290463862,-0.816496580927726));
#6712=DIRECTION('ref_axis',(-0.577350269189627,-0.577350269189625,-0.577350269189626));
#6713=DIRECTION('center_axis',(0.,0.,-1.));
#6714=DIRECTION('ref_axis',(-0.707106781186548,-0.707106781186548,0.));
#6715=DIRECTION('center_axis',(-0.408248290463864,0.408248290463862,-0.816496580927726));
#6716=DIRECTION('ref_axis',(0.577350269189627,-0.577350269189625,-0.577350269189625));
#6717=DIRECTION('center_axis',(0.,0.,-1.));
#6718=DIRECTION('ref_axis',(0.707106781186548,-0.707106781186548,0.));
#6719=DIRECTION('center_axis',(0.,0.,1.));
#6720=DIRECTION('ref_axis',(-0.70710678118655,0.707106781186546,0.));
#6721=DIRECTION('',(0.,0.,1.));
#6722=DIRECTION('',(0.,0.,-1.));
#6723=DIRECTION('center_axis',(-1.,8.41078048958452E-17,0.));
#6724=DIRECTION('ref_axis',(0.,-1.,0.));
#6725=DIRECTION('',(0.,0.,-1.));
#6726=DIRECTION('',(0.,0.,-1.));
#6727=DIRECTION('',(8.41078048958452E-17,1.,1.11022302462516E-15));
#6728=DIRECTION('',(0.,0.,1.));
#6729=DIRECTION('',(-8.41078048958452E-17,-1.,0.));
#6730=DIRECTION('center_axis',(0.,0.,1.));
#6731=DIRECTION('ref_axis',(-0.707106781186548,-0.707106781186548,0.));
#6732=DIRECTION('',(0.,0.,1.));
#6733=DIRECTION('center_axis',(1.6821560979169E-16,-1.,0.));
#6734=DIRECTION('ref_axis',(1.,2.22044604925031E-16,0.));
#6735=DIRECTION('',(0.,0.,-1.));
#6736=DIRECTION('',(0.,0.,-1.));
#6737=DIRECTION('',(-1.,-1.6821560979169E-16,0.));
#6738=DIRECTION('',(0.,0.,1.));
#6739=DIRECTION('',(1.,1.6821560979169E-16,0.));
#6740=DIRECTION('',(0.,0.,-1.));
#6741=DIRECTION('',(-1.,-1.6821560979169E-16,0.));
#6742=DIRECTION('',(0.,0.,1.));
#6743=DIRECTION('',(1.,1.6821560979169E-16,0.));
#6744=DIRECTION('',(0.,0.,-1.));
#6745=DIRECTION('',(-1.,-1.6821560979169E-16,0.));
#6746=DIRECTION('',(0.,0.,1.));
#6747=DIRECTION('',(1.,1.6821560979169E-16,0.));
#6748=DIRECTION('',(0.,0.,-1.));
#6749=DIRECTION('',(-1.,-1.6821560979169E-16,0.));
#6750=DIRECTION('',(0.,0.,1.));
#6751=DIRECTION('center_axis',(0.,0.,1.));
#6752=DIRECTION('ref_axis',(1.,0.,0.));
#6753=DIRECTION('center_axis',(0.,0.,1.));
#6754=DIRECTION('ref_axis',(1.,0.,0.));
#6755=DIRECTION('center_axis',(0.,0.,1.));
#6756=DIRECTION('ref_axis',(1.,0.,0.));
#6757=DIRECTION('center_axis',(0.,0.,1.));
#6758=DIRECTION('ref_axis',(0.707106781186548,-0.707106781186548,0.));
#6759=DIRECTION('',(0.,0.,1.));
#6760=DIRECTION('center_axis',(-2.52323414687536E-16,1.,0.));
#6761=DIRECTION('ref_axis',(-1.,-2.22044604925031E-16,0.));
#6762=DIRECTION('',(0.,0.,-1.));
#6763=DIRECTION('',(1.,2.52323414687536E-16,0.));
#6764=DIRECTION('',(0.,0.,1.));
#6765=DIRECTION('',(-1.,-2.52323414687536E-16,0.));
#6766=DIRECTION('',(0.,0.,-1.));
#6767=DIRECTION('',(1.,2.52323414687536E-16,0.));
#6768=DIRECTION('',(0.,0.,1.));
#6769=DIRECTION('',(-1.,-2.52323414687536E-16,0.));
#6770=DIRECTION('',(0.,0.,-1.));
#6771=DIRECTION('',(1.,2.52323414687536E-16,0.));
#6772=DIRECTION('',(0.,0.,1.));
#6773=DIRECTION('',(0.,0.,-1.));
#6774=DIRECTION('',(1.,2.52323414687536E-16,0.));
#6775=DIRECTION('',(0.,0.,1.));
#6776=DIRECTION('',(0.,0.,1.));
#6777=DIRECTION('center_axis',(0.,0.,1.));
#6778=DIRECTION('ref_axis',(0.707106781186548,0.707106781186548,0.));
#6779=DIRECTION('',(0.,0.,-1.));
#6780=DIRECTION('center_axis',(0.,0.,1.));
#6781=DIRECTION('ref_axis',(-1.,0.,0.));
#6782=DIRECTION('center_axis',(0.,0.,1.));
#6783=DIRECTION('ref_axis',(1.,0.,0.));
#6784=DIRECTION('center_axis',(0.,-1.,0.));
#6785=DIRECTION('ref_axis',(0.,0.,-1.));
#6786=DIRECTION('',(1.,0.,0.));
#6787=DIRECTION('',(0.,0.,-1.));
#6788=DIRECTION('',(1.,0.,0.));
#6789=DIRECTION('center_axis',(0.,0.,1.));
#6790=DIRECTION('ref_axis',(0.,-1.,0.));
#6791=DIRECTION('',(1.,0.,0.));
#6792=DIRECTION('',(-8.41078048958452E-17,-1.,0.));
#6793=DIRECTION('center_axis',(0.,1.,0.));
#6794=DIRECTION('ref_axis',(0.,0.,1.));
#6795=DIRECTION('',(1.,0.,0.));
#6796=DIRECTION('',(0.,0.,1.));
#6797=DIRECTION('center_axis',(0.,1.11022302462516E-15,-1.));
#6798=DIRECTION('ref_axis',(0.,1.,1.11022302462516E-15));
#6799=DIRECTION('',(8.41078048958452E-17,1.,1.11022302462516E-15));
#6800=DIRECTION('center_axis',(1.,0.,0.));
#6801=DIRECTION('ref_axis',(0.,0.,-1.));
#6802=DIRECTION('center_axis',(-4.81482486096596E-32,5.55111512312334E-16,
-1.));
#6803=DIRECTION('ref_axis',(0.,-1.,-5.55111512312578E-16));
#6804=DIRECTION('',(8.41078048958452E-17,-1.,-5.55111512312334E-16));
#6805=DIRECTION('',(-1.,-8.67361737988403E-17,0.));
#6806=DIRECTION('',(8.41078048958452E-17,-1.,-5.55111512312334E-16));
#6807=DIRECTION('',(-1.,-8.67361737988403E-17,0.));
#6808=DIRECTION('center_axis',(-8.67361737988403E-17,1.,0.));
#6809=DIRECTION('ref_axis',(0.,0.,-1.));
#6810=DIRECTION('',(0.,0.,-1.));
#6811=DIRECTION('',(-1.,-8.67361737988403E-17,0.));
#6812=DIRECTION('',(0.,0.,-1.));
#6813=DIRECTION('center_axis',(-4.81482486096596E-32,5.55111512312334E-16,
1.));
#6814=DIRECTION('ref_axis',(0.,1.,-5.55111512312578E-16));
#6815=DIRECTION('',(-8.41078048958452E-17,1.,-5.55111512312334E-16));
#6816=DIRECTION('',(-1.,-8.67361737988403E-17,0.));
#6817=DIRECTION('',(-8.41078048958452E-17,1.,-5.55111512312334E-16));
#6818=DIRECTION('center_axis',(8.67361737988403E-17,-1.,0.));
#6819=DIRECTION('ref_axis',(0.,0.,1.));
#6820=DIRECTION('',(0.,0.,1.));
#6821=DIRECTION('',(0.,0.,1.));
#6822=DIRECTION('center_axis',(-1.,-8.67361737988403E-17,0.));
#6823=DIRECTION('ref_axis',(0.,0.,1.));
#6824=DIRECTION('center_axis',(1.,3.84414722276446E-13,0.));
#6825=DIRECTION('ref_axis',(3.8441472227646E-13,-1.,0.));
#6826=DIRECTION('',(3.84414722276446E-13,-1.,0.));
#6827=DIRECTION('',(0.,0.,-1.));
#6828=DIRECTION('center_axis',(-1.,6.07153216591895E-16,0.));
#6829=DIRECTION('ref_axis',(6.10622663543836E-16,1.,0.));
#6830=DIRECTION('',(6.07153216591895E-16,1.,0.));
#6831=DIRECTION('',(0.,0.,-1.));
#6832=DIRECTION('',(6.07153216591895E-16,1.,0.));
#6833=DIRECTION('center_axis',(0.,1.,0.));
#6834=DIRECTION('ref_axis',(1.,0.,0.));
#6835=DIRECTION('',(1.,0.,0.));
#6836=DIRECTION('',(0.,0.,-1.));
#6837=DIRECTION('',(1.,0.,0.));
#6838=DIRECTION('center_axis',(1.,-1.19956128363799E-12,0.));
#6839=DIRECTION('ref_axis',(-1.19956822253187E-12,-1.,0.));
#6840=DIRECTION('',(-1.19956128363799E-12,-1.,0.));
#6841=DIRECTION('',(-1.19956128363799E-12,-1.,0.));
#6842=DIRECTION('center_axis',(-1.,6.93889390390738E-16,0.));
#6843=DIRECTION('ref_axis',(7.21644966006352E-16,1.,0.));
#6844=DIRECTION('',(6.93889390390738E-16,1.,0.));
#6845=DIRECTION('',(0.,0.,-1.));
#6846=DIRECTION('',(6.93889390390738E-16,1.,0.));
#6847=DIRECTION('center_axis',(0.,1.,0.));
#6848=DIRECTION('ref_axis',(1.,0.,0.));
#6849=DIRECTION('',(1.,0.,0.));
#6850=DIRECTION('',(0.,0.,-1.));
#6851=DIRECTION('',(1.,0.,0.));
#6852=DIRECTION('center_axis',(0.999999999997897,-2.05104853170507E-6,0.));
#6853=DIRECTION('ref_axis',(-2.05104853168159E-6,-0.999999999997897,0.));
#6854=DIRECTION('',(-2.05104853170507E-6,-0.999999999997897,0.));
#6855=DIRECTION('',(-2.05104853170507E-6,-0.999999999997897,0.));
#6856=DIRECTION('center_axis',(-1.,6.81399381363679E-13,0.));
#6857=DIRECTION('ref_axis',(6.81454892514921E-13,1.,0.));
#6858=DIRECTION('',(0.,0.,-1.));
#6859=DIRECTION('',(6.81399381363679E-13,1.,0.));
#6860=DIRECTION('center_axis',(-8.20820376437368E-15,-1.,0.));
#6861=DIRECTION('ref_axis',(-1.,8.21565038222616E-15,0.));
#6862=DIRECTION('',(-1.,8.20820376437368E-15,0.));
#6863=DIRECTION('center_axis',(0.,0.,-1.));
#6864=DIRECTION('ref_axis',(-1.,0.,0.));
#6865=DIRECTION('center_axis',(1.,-5.5511151231257E-16,0.));
#6866=DIRECTION('ref_axis',(-4.44089209850063E-16,-1.,0.));
#6867=DIRECTION('',(3.51489822206588E-15,-1.,0.));
#6868=DIRECTION('center_axis',(-1.,-2.65898414397721E-13,0.));
#6869=DIRECTION('ref_axis',(-2.65898414397725E-13,1.,0.));
#6870=DIRECTION('',(-3.51489822206588E-15,1.,0.));
#6871=DIRECTION('center_axis',(0.,0.,-1.));
#6872=DIRECTION('ref_axis',(-1.,0.,0.));
#6873=DIRECTION('center_axis',(-1.,2.5703503292395E-13,0.));
#6874=DIRECTION('ref_axis',(2.57127652503186E-13,1.,0.));
#6875=DIRECTION('',(2.5703503292395E-13,1.,0.));
#6876=DIRECTION('',(0.,0.,-1.));
#6877=DIRECTION('center_axis',(1.,-6.93889201015516E-16,0.));
#6878=DIRECTION('ref_axis',(-6.66133814775094E-16,-1.,0.));
#6879=DIRECTION('',(-6.93889201015516E-16,-1.,0.));
#6880=DIRECTION('',(0.,0.,-1.));
#6881=DIRECTION('',(-6.93889201015516E-16,-1.,0.));
#6882=DIRECTION('center_axis',(4.47670574445696E-16,-1.,0.));
#6883=DIRECTION('ref_axis',(-1.,-4.44089209850063E-16,0.));
#6884=DIRECTION('',(-1.,-4.47670574445696E-16,0.));
#6885=DIRECTION('',(0.,0.,-1.));
#6886=DIRECTION('',(-1.,-4.47670574445696E-16,0.));
#6887=DIRECTION('center_axis',(-1.,1.73472300253879E-16,0.));
#6888=DIRECTION('ref_axis',(1.66533453693773E-16,1.,0.));
#6889=DIRECTION('',(1.73472300253879E-16,1.,0.));
#6890=DIRECTION('',(1.73472300253879E-16,1.,0.));
#6891=DIRECTION('center_axis',(1.,-3.90312675571228E-16,0.));
#6892=DIRECTION('ref_axis',(-3.88578058618805E-16,-1.,0.));
#6893=DIRECTION('',(-3.90312675571228E-16,-1.,0.));
#6894=DIRECTION('',(0.,0.,-1.));
#6895=DIRECTION('',(-3.90312675571228E-16,-1.,0.));
#6896=DIRECTION('center_axis',(0.,-1.,0.));
#6897=DIRECTION('ref_axis',(-1.,0.,0.));
#6898=DIRECTION('',(-1.,0.,0.));
#6899=DIRECTION('',(0.,0.,-1.));
#6900=DIRECTION('',(-1.,0.,0.));
#6901=DIRECTION('center_axis',(-1.,2.16840375317349E-16,0.));
#6902=DIRECTION('ref_axis',(2.22044604925031E-16,1.,0.));
#6903=DIRECTION('',(2.16840375317349E-16,1.,0.));
#6904=DIRECTION('',(2.16840375317349E-16,1.,0.));
#6905=DIRECTION('center_axis',(1.,4.57377066849377E-12,0.));
#6906=DIRECTION('ref_axis',(4.57378579454826E-12,-1.,0.));
#6907=DIRECTION('',(4.57377066849377E-12,-1.,0.));
#6908=DIRECTION('',(0.,0.,-1.));
#6909=DIRECTION('',(4.57377066849377E-12,-1.,0.));
#6910=DIRECTION('center_axis',(0.,-1.,0.));
#6911=DIRECTION('ref_axis',(-1.,0.,0.));
#6912=DIRECTION('',(-1.,0.,0.));
#6913=DIRECTION('',(0.,0.,-1.));
#6914=DIRECTION('',(-1.,0.,0.));
#6915=DIRECTION('center_axis',(-1.,1.04083380152327E-15,0.));
#6916=DIRECTION('ref_axis',(9.99200722162641E-16,1.,0.));
#6917=DIRECTION('',(1.04083380152327E-15,1.,0.));
#6918=DIRECTION('',(1.04083380152327E-15,1.,0.));
#6919=DIRECTION('center_axis',(1.,-3.28857513976393E-16,0.));
#6920=DIRECTION('ref_axis',(-2.22044604925031E-16,-1.,0.));
#6921=DIRECTION('',(0.,0.,-1.));
#6922=DIRECTION('',(-3.28857513976393E-16,-1.,0.));
#6923=DIRECTION('center_axis',(-3.75730499600146E-15,1.,0.));
#6924=DIRECTION('ref_axis',(1.,3.77475828372553E-15,0.));
#6925=DIRECTION('',(1.,3.75730499600146E-15,0.));
#6926=DIRECTION('center_axis',(0.,0.,-1.));
#6927=DIRECTION('ref_axis',(-1.,0.,0.));
#6928=DIRECTION('center_axis',(0.,0.,1.));
#6929=DIRECTION('ref_axis',(1.,0.,0.));
#6930=DIRECTION('center_axis',(0.,0.,1.));
#6931=DIRECTION('ref_axis',(1.,0.,0.));
#6932=DIRECTION('center_axis',(0.,0.,1.));
#6933=DIRECTION('ref_axis',(1.,0.,0.));
#6934=DIRECTION('center_axis',(0.,0.,1.));
#6935=DIRECTION('ref_axis',(1.,0.,0.));
#6936=DIRECTION('center_axis',(1.,8.41078048958452E-17,0.));
#6937=DIRECTION('ref_axis',(0.,1.,0.));
#6938=DIRECTION('center_axis',(0.,0.,1.));
#6939=DIRECTION('ref_axis',(1.,0.,0.));
#6940=DIRECTION('axis',(0.,0.,1.));
#6941=DIRECTION('refdir',(1.,0.,0.));
#6942=DIRECTION('center_axis',(1.,0.,0.));
#6943=DIRECTION('ref_axis',(0.,-1.,0.));
#6944=DIRECTION('',(0.,-1.,0.));
#6945=DIRECTION('',(0.,0.,-1.));
#6946=DIRECTION('',(0.,-1.,0.));
#6947=DIRECTION('',(0.,0.,-1.));
#6948=DIRECTION('center_axis',(0.,1.,0.));
#6949=DIRECTION('ref_axis',(1.,0.,0.));
#6950=DIRECTION('',(1.,0.,0.));
#6951=DIRECTION('',(1.,0.,0.));
#6952=DIRECTION('',(0.,0.,-1.));
#6953=DIRECTION('center_axis',(-1.,0.,0.));
#6954=DIRECTION('ref_axis',(0.,1.,0.));
#6955=DIRECTION('',(0.,1.,0.));
#6956=DIRECTION('',(0.,1.,0.));
#6957=DIRECTION('',(0.,0.,-1.));
#6958=DIRECTION('center_axis',(0.,1.,0.));
#6959=DIRECTION('ref_axis',(1.,0.,0.));
#6960=DIRECTION('',(1.,0.,0.));
#6961=DIRECTION('',(1.,0.,0.));
#6962=DIRECTION('',(0.,0.,-1.));
#6963=DIRECTION('center_axis',(1.,-4.57411761309428E-12,0.));
#6964=DIRECTION('ref_axis',(-4.57411886145564E-12,-1.,0.));
#6965=DIRECTION('',(-4.57411761309428E-12,-1.,0.));
#6966=DIRECTION('',(-4.57411761309428E-12,-1.,0.));
#6967=DIRECTION('',(0.,0.,-1.));
#6968=DIRECTION('center_axis',(0.,1.,0.));
#6969=DIRECTION('ref_axis',(1.,0.,0.));
#6970=DIRECTION('',(1.,0.,0.));
#6971=DIRECTION('',(1.,0.,0.));
#6972=DIRECTION('',(0.,0.,-1.));
#6973=DIRECTION('center_axis',(-1.,0.,0.));
#6974=DIRECTION('ref_axis',(0.,1.,0.));
#6975=DIRECTION('',(0.,1.,0.));
#6976=DIRECTION('',(0.,1.,0.));
#6977=DIRECTION('',(0.,0.,-1.));
#6978=DIRECTION('center_axis',(0.,1.,0.));
#6979=DIRECTION('ref_axis',(1.,0.,0.));
#6980=DIRECTION('',(1.,0.,0.));
#6981=DIRECTION('',(1.,0.,0.));
#6982=DIRECTION('',(0.,0.,-1.));
#6983=DIRECTION('center_axis',(1.,0.,0.));
#6984=DIRECTION('ref_axis',(0.,-1.,0.));
#6985=DIRECTION('',(0.,-1.,0.));
#6986=DIRECTION('',(0.,-1.,0.));
#6987=DIRECTION('',(0.,0.,-1.));
#6988=DIRECTION('center_axis',(0.,1.,0.));
#6989=DIRECTION('ref_axis',(1.,0.,0.));
#6990=DIRECTION('',(1.,0.,0.));
#6991=DIRECTION('',(1.,0.,0.));
#6992=DIRECTION('',(0.,0.,-1.));
#6993=DIRECTION('center_axis',(-1.,0.,0.));
#6994=DIRECTION('ref_axis',(0.,1.,0.));
#6995=DIRECTION('',(0.,1.,0.));
#6996=DIRECTION('',(0.,1.,0.));
#6997=DIRECTION('',(0.,0.,-1.));
#6998=DIRECTION('center_axis',(0.,1.,0.));
#6999=DIRECTION('ref_axis',(1.,0.,0.));
#7000=DIRECTION('',(1.,0.,0.));
#7001=DIRECTION('',(1.,0.,0.));
#7002=DIRECTION('',(0.,0.,-1.));
#7003=DIRECTION('center_axis',(1.,0.,0.));
#7004=DIRECTION('ref_axis',(0.,-1.,0.));
#7005=DIRECTION('',(0.,-1.,0.));
#7006=DIRECTION('',(0.,-1.,0.));
#7007=DIRECTION('',(0.,0.,-1.));
#7008=DIRECTION('center_axis',(0.,1.,0.));
#7009=DIRECTION('ref_axis',(1.,0.,0.));
#7010=DIRECTION('',(1.,0.,0.));
#7011=DIRECTION('',(1.,0.,0.));
#7012=DIRECTION('',(0.,0.,-1.));
#7013=DIRECTION('center_axis',(-1.,-2.56771946912769E-13,0.));
#7014=DIRECTION('ref_axis',(-2.56683563293336E-13,1.,0.));
#7015=DIRECTION('',(-2.56771946912769E-13,1.,0.));
#7016=DIRECTION('',(-2.56771946912769E-13,1.,0.));
#7017=DIRECTION('',(0.,0.,-1.));
#7018=DIRECTION('center_axis',(-3.87850838296926E-15,-1.,0.));
#7019=DIRECTION('ref_axis',(-1.,3.88578058618805E-15,0.));
#7020=DIRECTION('',(-1.,3.87850838296926E-15,0.));
#7021=DIRECTION('',(-1.,3.87850838296926E-15,0.));
#7022=DIRECTION('center_axis',(0.,0.,-1.));
#7023=DIRECTION('ref_axis',(-1.,0.,0.));
#7024=DIRECTION('center_axis',(0.,0.,1.));
#7025=DIRECTION('ref_axis',(1.,0.,0.));
#7026=DIRECTION('axis',(0.,0.,1.));
#7027=DIRECTION('refdir',(1.,0.,0.));
#7028=DIRECTION('center_axis',(0.,0.,1.));
#7029=DIRECTION('ref_axis',(-0.309693852670838,-0.950836325356732,0.));
#7030=DIRECTION('center_axis',(0.,0.,-1.));
#7031=DIRECTION('ref_axis',(-0.309693852670838,-0.950836325356732,0.));
#7032=DIRECTION('',(0.,0.,1.));
#7033=DIRECTION('center_axis',(0.,0.,1.));
#7034=DIRECTION('ref_axis',(-0.309693852670838,-0.950836325356732,0.));
#7035=DIRECTION('',(0.,0.,1.));
#7036=DIRECTION('center_axis',(0.974057022501049,0.226302710802126,0.));
#7037=DIRECTION('ref_axis',(-0.226302710802126,0.974057022501049,0.));
#7038=DIRECTION('',(0.226302710802126,-0.974057022501049,0.));
#7039=DIRECTION('',(-0.226302710802126,0.974057022501049,0.));
#7040=DIRECTION('',(0.,0.,1.));
#7041=DIRECTION('center_axis',(0.,0.,1.));
#7042=DIRECTION('ref_axis',(0.0571247638037592,0.998367047413107,0.));
#7043=DIRECTION('center_axis',(0.,0.,-1.));
#7044=DIRECTION('ref_axis',(0.0571247638037592,0.998367047413107,0.));
#7045=DIRECTION('center_axis',(0.,0.,1.));
#7046=DIRECTION('ref_axis',(0.0571247638037592,0.998367047413107,0.));
#7047=DIRECTION('',(0.,0.,1.));
#7048=DIRECTION('center_axis',(0.,0.,1.));
#7049=DIRECTION('ref_axis',(0.457567116683296,0.889175086093923,0.));
#7050=DIRECTION('center_axis',(0.,0.,-1.));
#7051=DIRECTION('ref_axis',(0.457567116683296,0.889175086093923,0.));
#7052=DIRECTION('center_axis',(0.,0.,1.));
#7053=DIRECTION('ref_axis',(0.457567116683296,0.889175086093923,0.));
#7054=DIRECTION('',(0.,0.,1.));
#7055=DIRECTION('center_axis',(0.,0.,1.));
#7056=DIRECTION('ref_axis',(0.630804460933895,0.775941835491487,0.));
#7057=DIRECTION('center_axis',(0.,0.,-1.));
#7058=DIRECTION('ref_axis',(0.630804460933895,0.775941835491487,0.));
#7059=DIRECTION('center_axis',(0.,0.,1.));
#7060=DIRECTION('ref_axis',(0.630804460933895,0.775941835491487,0.));
#7061=DIRECTION('',(0.,0.,1.));
#7062=DIRECTION('center_axis',(0.,0.,1.));
#7063=DIRECTION('ref_axis',(0.898503675579113,0.438965995232916,0.));
#7064=DIRECTION('center_axis',(0.,0.,-1.));
#7065=DIRECTION('ref_axis',(0.898503675579113,0.438965995232916,0.));
#7066=DIRECTION('center_axis',(0.,0.,1.));
#7067=DIRECTION('ref_axis',(0.898503675579113,0.438965995232916,0.));
#7068=DIRECTION('',(0.,0.,1.));
#7069=DIRECTION('center_axis',(0.,0.,1.));
#7070=DIRECTION('ref_axis',(0.998249081551459,0.0591504115088746,0.));
#7071=DIRECTION('center_axis',(0.,0.,-1.));
#7072=DIRECTION('ref_axis',(0.998249081551459,0.0591504115088746,0.));
#7073=DIRECTION('center_axis',(0.,0.,1.));
#7074=DIRECTION('ref_axis',(0.998249081551459,0.0591504115088746,0.));
#7075=DIRECTION('',(0.,0.,1.));
#7076=DIRECTION('center_axis',(0.,0.,1.));
#7077=DIRECTION('ref_axis',(0.891572507504535,-0.452877978998843,0.));
#7078=DIRECTION('center_axis',(0.,0.,-1.));
#7079=DIRECTION('ref_axis',(0.891572507504535,-0.452877978998843,0.));
#7080=DIRECTION('center_axis',(0.,0.,1.));
#7081=DIRECTION('ref_axis',(0.891572507504535,-0.452877978998843,0.));
#7082=DIRECTION('',(0.,0.,1.));
#7083=DIRECTION('center_axis',(0.,0.,1.));
#7084=DIRECTION('ref_axis',(0.697880046144972,-0.716214661391884,0.));
#7085=DIRECTION('center_axis',(0.,0.,-1.));
#7086=DIRECTION('ref_axis',(0.697880046144972,-0.716214661391884,0.));
#7087=DIRECTION('center_axis',(0.,0.,1.));
#7088=DIRECTION('ref_axis',(0.697880046144972,-0.716214661391884,0.));
#7089=DIRECTION('',(0.,0.,1.));
#7090=DIRECTION('center_axis',(0.,0.,1.));
#7091=DIRECTION('ref_axis',(0.404463831158212,-0.914553994734494,0.));
#7092=DIRECTION('center_axis',(0.,0.,-1.));
#7093=DIRECTION('ref_axis',(0.404463831158212,-0.914553994734494,0.));
#7094=DIRECTION('center_axis',(0.,0.,1.));
#7095=DIRECTION('ref_axis',(0.404463831158212,-0.914553994734494,0.));
#7096=DIRECTION('',(0.,0.,1.));
#7097=DIRECTION('center_axis',(0.,0.,1.));
#7098=DIRECTION('ref_axis',(-0.981906754621038,-0.18936505810096,0.));
#7099=DIRECTION('center_axis',(0.,0.,1.));
#7100=DIRECTION('ref_axis',(-0.981906754621038,-0.18936505810096,0.));
#7101=DIRECTION('center_axis',(0.,0.,-1.));
#7102=DIRECTION('ref_axis',(-0.981906754621038,-0.18936505810096,0.));
#7103=DIRECTION('',(0.,0.,1.));
#7104=DIRECTION('center_axis',(0.,0.,1.));
#7105=DIRECTION('ref_axis',(-0.668847885450417,0.743399291181063,0.));
#7106=DIRECTION('center_axis',(0.,0.,1.));
#7107=DIRECTION('ref_axis',(-0.668847885450417,0.743399291181063,0.));
#7108=DIRECTION('center_axis',(0.,0.,-1.));
#7109=DIRECTION('ref_axis',(-0.668847885450417,0.743399291181063,0.));
#7110=DIRECTION('',(0.,0.,1.));
#7111=DIRECTION('center_axis',(0.,0.,1.));
#7112=DIRECTION('ref_axis',(-0.81806630020698,0.575123924442083,0.));
#7113=DIRECTION('center_axis',(0.,0.,1.));
#7114=DIRECTION('ref_axis',(-0.81806630020698,0.575123924442083,0.));
#7115=DIRECTION('center_axis',(0.,0.,-1.));
#7116=DIRECTION('ref_axis',(-0.81806630020698,0.575123924442083,0.));
#7117=DIRECTION('',(0.,0.,1.));
#7118=DIRECTION('center_axis',(0.,0.,1.));
#7119=DIRECTION('ref_axis',(-0.955489509109147,0.2950250802599,0.));
#7120=DIRECTION('center_axis',(0.,0.,1.));
#7121=DIRECTION('ref_axis',(-0.955489509109147,0.2950250802599,0.));
#7122=DIRECTION('center_axis',(0.,0.,-1.));
#7123=DIRECTION('ref_axis',(-0.955489509109147,0.2950250802599,0.));
#7124=DIRECTION('',(0.,0.,1.));
#7125=DIRECTION('center_axis',(0.,0.,1.));
#7126=DIRECTION('ref_axis',(-0.94248834225903,-0.334239023313894,0.));
#7127=DIRECTION('center_axis',(0.,0.,1.));
#7128=DIRECTION('ref_axis',(-0.94248834225903,-0.334239023313894,0.));
#7129=DIRECTION('center_axis',(0.,0.,-1.));
#7130=DIRECTION('ref_axis',(-0.94248834225903,-0.334239023313894,0.));
#7131=DIRECTION('',(0.,0.,1.));
#7132=DIRECTION('center_axis',(0.,0.,1.));
#7133=DIRECTION('ref_axis',(-0.621321499216367,-0.783555738037522,0.));
#7134=DIRECTION('center_axis',(0.,0.,1.));
#7135=DIRECTION('ref_axis',(-0.621321499216367,-0.783555738037522,0.));
#7136=DIRECTION('center_axis',(0.,0.,-1.));
#7137=DIRECTION('ref_axis',(-0.621321499216367,-0.783555738037522,0.));
#7138=DIRECTION('',(0.,0.,1.));
#7139=DIRECTION('center_axis',(0.,0.,1.));
#7140=DIRECTION('ref_axis',(-0.169268124255514,-0.985570039170743,0.));
#7141=DIRECTION('center_axis',(0.,0.,1.));
#7142=DIRECTION('ref_axis',(-0.169268124255514,-0.985570039170743,0.));
#7143=DIRECTION('center_axis',(0.,0.,-1.));
#7144=DIRECTION('ref_axis',(-0.169268124255514,-0.985570039170743,0.));
#7145=DIRECTION('',(0.,0.,1.));
#7146=DIRECTION('center_axis',(-0.974252691808482,-0.225458848803781,0.));
#7147=DIRECTION('ref_axis',(0.225458848803781,-0.974252691808483,0.));
#7148=DIRECTION('',(-0.225458848803782,0.974252691808482,0.));
#7149=DIRECTION('',(0.225458848803782,-0.974252691808482,0.));
#7150=DIRECTION('',(0.,0.,1.));
#7151=DIRECTION('center_axis',(0.,0.,1.));
#7152=DIRECTION('ref_axis',(-0.0203939884836144,0.999792020989231,0.));
#7153=DIRECTION('center_axis',(0.,0.,1.));
#7154=DIRECTION('ref_axis',(-0.0203939884836144,0.999792020989231,0.));
#7155=DIRECTION('center_axis',(0.,0.,-1.));
#7156=DIRECTION('ref_axis',(-0.0203939884836144,0.999792020989231,0.));
#7157=DIRECTION('',(0.,0.,1.));
#7158=DIRECTION('center_axis',(0.,0.,1.));
#7159=DIRECTION('ref_axis',(0.998393191993445,0.056665987868739,0.));
#7160=DIRECTION('center_axis',(0.,0.,1.));
#7161=DIRECTION('ref_axis',(0.998393191993445,0.056665987868739,0.));
#7162=DIRECTION('center_axis',(0.,0.,-1.));
#7163=DIRECTION('ref_axis',(0.998393191993445,0.056665987868739,0.));
#7164=DIRECTION('center_axis',(0.,0.,1.));
#7165=DIRECTION('ref_axis',(1.,0.,0.));
#7166=DIRECTION('center_axis',(0.,0.,1.));
#7167=DIRECTION('ref_axis',(1.,0.,0.));
#7168=DIRECTION('center_axis',(1.,4.22568470655636E-14,0.));
#7169=DIRECTION('ref_axis',(-4.22994972382185E-14,1.,0.));
#7170=DIRECTION('',(4.22568470655636E-14,-1.,0.));
#7171=DIRECTION('',(0.,0.,1.));
#7172=DIRECTION('',(-4.22568470655636E-14,1.,0.));
#7173=DIRECTION('',(0.,0.,1.));
#7174=DIRECTION('center_axis',(0.,-1.,0.));
#7175=DIRECTION('ref_axis',(1.,0.,0.));
#7176=DIRECTION('',(-1.,0.,0.));
#7177=DIRECTION('',(1.,0.,0.));
#7178=DIRECTION('',(0.,0.,1.));
#7179=DIRECTION('center_axis',(-1.,0.,0.));
#7180=DIRECTION('ref_axis',(0.,-1.,0.));
#7181=DIRECTION('',(0.,1.,0.));
#7182=DIRECTION('',(0.,-1.,0.));
#7183=DIRECTION('',(0.,0.,1.));
#7184=DIRECTION('center_axis',(0.,1.,0.));
#7185=DIRECTION('ref_axis',(-1.,0.,0.));
#7186=DIRECTION('',(1.,0.,0.));
#7187=DIRECTION('',(-1.,0.,0.));
#7188=DIRECTION('',(0.,0.,1.));
#7189=DIRECTION('center_axis',(1.,-1.92069180177654E-14,0.));
#7190=DIRECTION('ref_axis',(1.92068583260152E-14,1.,0.));
#7191=DIRECTION('',(-1.92069180177654E-14,-1.,0.));
#7192=DIRECTION('',(1.92069180177654E-14,1.,0.));
#7193=DIRECTION('',(0.,0.,1.));
#7194=DIRECTION('center_axis',(0.,0.,1.));
#7195=DIRECTION('ref_axis',(0.0718228521568785,-0.997417404053113,0.));
#7196=DIRECTION('center_axis',(0.,0.,-1.));
#7197=DIRECTION('ref_axis',(0.0718228521568785,-0.997417404053113,0.));
#7198=DIRECTION('center_axis',(0.,0.,1.));
#7199=DIRECTION('ref_axis',(0.0718228521568785,-0.997417404053113,0.));
#7200=DIRECTION('',(0.,0.,1.));
#7201=DIRECTION('center_axis',(0.,0.,1.));
#7202=DIRECTION('ref_axis',(-0.317283230098101,-0.948330824079084,0.));
#7203=DIRECTION('center_axis',(0.,0.,-1.));
#7204=DIRECTION('ref_axis',(-0.317283230098101,-0.948330824079084,0.));
#7205=DIRECTION('center_axis',(0.,0.,1.));
#7206=DIRECTION('ref_axis',(-0.317283230098101,-0.948330824079084,0.));
#7207=DIRECTION('',(0.,0.,1.));
#7208=DIRECTION('center_axis',(0.,0.,1.));
#7209=DIRECTION('ref_axis',(-0.717118887448136,-0.696950860007467,0.));
#7210=DIRECTION('center_axis',(0.,0.,-1.));
#7211=DIRECTION('ref_axis',(-0.717118887448136,-0.696950860007467,0.));
#7212=DIRECTION('center_axis',(0.,0.,1.));
#7213=DIRECTION('ref_axis',(-0.717118887448136,-0.696950860007467,0.));
#7214=DIRECTION('',(0.,0.,1.));
#7215=DIRECTION('center_axis',(0.,0.,1.));
#7216=DIRECTION('ref_axis',(-0.986479631664658,-0.163883911079645,0.));
#7217=DIRECTION('center_axis',(0.,0.,-1.));
#7218=DIRECTION('ref_axis',(-0.986479631664658,-0.163883911079645,0.));
#7219=DIRECTION('center_axis',(0.,0.,1.));
#7220=DIRECTION('ref_axis',(-0.986479631664658,-0.163883911079645,0.));
#7221=DIRECTION('',(0.,0.,1.));
#7222=DIRECTION('center_axis',(1.,-2.18556065025805E-15,0.));
#7223=DIRECTION('ref_axis',(2.22044604925031E-15,1.,0.));
#7224=DIRECTION('',(-2.18556065025805E-15,-1.,0.));
#7225=DIRECTION('',(2.18556065025805E-15,1.,0.));
#7226=DIRECTION('',(0.,0.,1.));
#7227=DIRECTION('center_axis',(0.,-1.,0.));
#7228=DIRECTION('ref_axis',(1.,0.,0.));
#7229=DIRECTION('',(-1.,0.,0.));
#7230=DIRECTION('',(1.,0.,0.));
#7231=DIRECTION('',(0.,0.,1.));
#7232=DIRECTION('center_axis',(-1.,0.,0.));
#7233=DIRECTION('ref_axis',(0.,-1.,0.));
#7234=DIRECTION('',(0.,1.,0.));
#7235=DIRECTION('',(0.,-1.,0.));
#7236=DIRECTION('',(0.,0.,1.));
#7237=DIRECTION('center_axis',(0.,0.,1.));
#7238=DIRECTION('ref_axis',(1.,0.,0.));
#7239=DIRECTION('center_axis',(0.,0.,1.));
#7240=DIRECTION('ref_axis',(1.,0.,0.));
#7241=DIRECTION('center_axis',(0.,0.,-1.));
#7242=DIRECTION('ref_axis',(1.,0.,0.));
#7243=DIRECTION('center_axis',(0.,0.,1.));
#7244=DIRECTION('ref_axis',(1.,0.,0.));
#7245=DIRECTION('center_axis',(0.,0.,1.));
#7246=DIRECTION('ref_axis',(1.,0.,0.));
#7247=DIRECTION('center_axis',(1.,0.,0.));
#7248=DIRECTION('ref_axis',(0.,1.,0.));
#7249=DIRECTION('',(0.,-1.,0.));
#7250=DIRECTION('',(0.,0.,1.));
#7251=DIRECTION('',(0.,1.,0.));
#7252=DIRECTION('',(0.,0.,1.));
#7253=DIRECTION('center_axis',(0.,-1.,0.));
#7254=DIRECTION('ref_axis',(1.,0.,0.));
#7255=DIRECTION('',(-1.,0.,0.));
#7256=DIRECTION('',(1.,0.,0.));
#7257=DIRECTION('',(0.,0.,1.));
#7258=DIRECTION('center_axis',(-1.,0.,0.));
#7259=DIRECTION('ref_axis',(0.,-1.,0.));
#7260=DIRECTION('',(0.,1.,0.));
#7261=DIRECTION('',(0.,-1.,0.));
#7262=DIRECTION('',(0.,0.,1.));
#7263=DIRECTION('center_axis',(0.,1.,0.));
#7264=DIRECTION('ref_axis',(-1.,0.,0.));
#7265=DIRECTION('',(1.,0.,0.));
#7266=DIRECTION('',(-1.,0.,0.));
#7267=DIRECTION('',(0.,0.,1.));
#7268=DIRECTION('center_axis',(1.,0.,0.));
#7269=DIRECTION('ref_axis',(0.,1.,0.));
#7270=DIRECTION('',(0.,-1.,0.));
#7271=DIRECTION('',(0.,1.,0.));
#7272=DIRECTION('',(0.,0.,1.));
#7273=DIRECTION('center_axis',(0.,0.,1.));
#7274=DIRECTION('ref_axis',(0.0731270485656259,-0.99732263323765,0.));
#7275=DIRECTION('center_axis',(0.,0.,-1.));
#7276=DIRECTION('ref_axis',(0.0731270485656259,-0.99732263323765,0.));
#7277=DIRECTION('center_axis',(0.,0.,1.));
#7278=DIRECTION('ref_axis',(0.0731270485656259,-0.99732263323765,0.));
#7279=DIRECTION('',(0.,0.,1.));
#7280=DIRECTION('center_axis',(0.,0.,1.));
#7281=DIRECTION('ref_axis',(-0.317283230098143,-0.94833082407907,0.));
#7282=DIRECTION('center_axis',(0.,0.,-1.));
#7283=DIRECTION('ref_axis',(-0.317283230098143,-0.94833082407907,0.));
#7284=DIRECTION('center_axis',(0.,0.,1.));
#7285=DIRECTION('ref_axis',(-0.317283230098143,-0.94833082407907,0.));
#7286=DIRECTION('',(0.,0.,1.));
#7287=DIRECTION('center_axis',(0.,0.,1.));
#7288=DIRECTION('ref_axis',(-0.717118887448333,-0.696950860007264,0.));
#7289=DIRECTION('center_axis',(0.,0.,-1.));
#7290=DIRECTION('ref_axis',(-0.717118887448333,-0.696950860007264,0.));
#7291=DIRECTION('center_axis',(0.,0.,1.));
#7292=DIRECTION('ref_axis',(-0.717118887448333,-0.696950860007264,0.));
#7293=DIRECTION('',(0.,0.,1.));
#7294=DIRECTION('center_axis',(0.,0.,1.));
#7295=DIRECTION('ref_axis',(-0.986479631664652,-0.163883911079679,0.));
#7296=DIRECTION('center_axis',(0.,0.,-1.));
#7297=DIRECTION('ref_axis',(-0.986479631664652,-0.163883911079679,0.));
#7298=DIRECTION('center_axis',(0.,0.,1.));
#7299=DIRECTION('ref_axis',(-0.986479631664652,-0.163883911079679,0.));
#7300=DIRECTION('',(0.,0.,1.));
#7301=DIRECTION('center_axis',(1.,-1.14741938588425E-14,0.));
#7302=DIRECTION('ref_axis',(1.14352971536391E-14,1.,0.));
#7303=DIRECTION('',(-1.14741938588425E-14,-1.,0.));
#7304=DIRECTION('',(1.14741938588425E-14,1.,0.));
#7305=DIRECTION('',(0.,0.,1.));
#7306=DIRECTION('center_axis',(0.,-1.,0.));
#7307=DIRECTION('ref_axis',(1.,0.,0.));
#7308=DIRECTION('',(-1.,0.,0.));
#7309=DIRECTION('',(1.,0.,0.));
#7310=DIRECTION('',(0.,0.,1.));
#7311=DIRECTION('center_axis',(-1.,-1.24754150445479E-15,0.));
#7312=DIRECTION('ref_axis',(1.22124532708767E-15,-1.,0.));
#7313=DIRECTION('',(-1.24754150445479E-15,1.,0.));
#7314=DIRECTION('',(1.24754150445479E-15,-1.,0.));
#7315=DIRECTION('',(0.,0.,1.));
#7316=DIRECTION('center_axis',(0.,0.,1.));
#7317=DIRECTION('ref_axis',(1.,8.87237267511772E-13,0.));
#7318=DIRECTION('center_axis',(0.,0.,1.));
#7319=DIRECTION('ref_axis',(1.,8.87237267511772E-13,0.));
#7320=DIRECTION('center_axis',(0.,0.,-1.));
#7321=DIRECTION('ref_axis',(1.,8.87237267511772E-13,0.));
#7322=DIRECTION('center_axis',(0.,0.,1.));
#7323=DIRECTION('ref_axis',(1.,0.,0.));
#7324=DIRECTION('center_axis',(0.,0.,1.));
#7325=DIRECTION('ref_axis',(1.,0.,0.));
#7326=DIRECTION('center_axis',(0.,0.,1.));
#7327=DIRECTION('ref_axis',(-0.756160510382164,0.654386187612931,0.));
#7328=DIRECTION('center_axis',(0.,0.,1.));
#7329=DIRECTION('ref_axis',(-0.756160510382164,0.654386187612931,0.));
#7330=DIRECTION('',(0.,0.,1.));
#7331=DIRECTION('center_axis',(0.,0.,1.));
#7332=DIRECTION('ref_axis',(-0.756160510382164,0.654386187612931,0.));
#7333=DIRECTION('',(0.,0.,1.));
#7334=DIRECTION('center_axis',(0.,0.,1.));
#7335=DIRECTION('ref_axis',(0.014591066477118,0.999893544723167,0.));
#7336=DIRECTION('center_axis',(0.,0.,1.));
#7337=DIRECTION('ref_axis',(0.014591066477118,0.999893544723167,0.));
#7338=DIRECTION('center_axis',(0.,0.,1.));
#7339=DIRECTION('ref_axis',(0.014591066477118,0.999893544723167,0.));
#7340=DIRECTION('',(0.,0.,1.));
#7341=DIRECTION('center_axis',(0.,0.,1.));
#7342=DIRECTION('ref_axis',(0.416342930608933,0.909207657321453,0.));
#7343=DIRECTION('center_axis',(0.,0.,1.));
#7344=DIRECTION('ref_axis',(0.416342930608933,0.909207657321453,0.));
#7345=DIRECTION('center_axis',(0.,0.,1.));
#7346=DIRECTION('ref_axis',(0.416342930608933,0.909207657321453,0.));
#7347=DIRECTION('',(0.,0.,1.));
#7348=DIRECTION('center_axis',(1.,-2.72914929706257E-15,0.));
#7349=DIRECTION('ref_axis',(2.72004641033163E-15,1.,0.));
#7350=DIRECTION('',(2.72914929706257E-15,1.,0.));
#7351=DIRECTION('',(2.72914929706257E-15,1.,0.));
#7352=DIRECTION('',(0.,0.,1.));
#7353=DIRECTION('center_axis',(0.,0.,1.));
#7354=DIRECTION('ref_axis',(-0.502868779678966,-0.864362765523937,0.));
#7355=DIRECTION('center_axis',(0.,0.,-1.));
#7356=DIRECTION('ref_axis',(-0.502868779678966,-0.864362765523937,0.));
#7357=DIRECTION('center_axis',(0.,0.,-1.));
#7358=DIRECTION('ref_axis',(-0.502868779678966,-0.864362765523937,0.));
#7359=DIRECTION('',(0.,0.,1.));
#7360=DIRECTION('center_axis',(0.,0.,1.));
#7361=DIRECTION('ref_axis',(-0.135499191091627,-0.990777456956664,0.));
#7362=DIRECTION('center_axis',(0.,0.,-1.));
#7363=DIRECTION('ref_axis',(-0.135499191091627,-0.990777456956664,0.));
#7364=DIRECTION('center_axis',(0.,0.,-1.));
#7365=DIRECTION('ref_axis',(-0.135499191091627,-0.990777456956664,0.));
#7366=DIRECTION('',(0.,0.,1.));
#7367=DIRECTION('center_axis',(0.,0.,1.));
#7368=DIRECTION('ref_axis',(0.228513275013346,-0.973540796855825,0.));
#7369=DIRECTION('center_axis',(0.,0.,-1.));
#7370=DIRECTION('ref_axis',(0.228513275013346,-0.973540796855825,0.));
#7371=DIRECTION('center_axis',(0.,0.,-1.));
#7372=DIRECTION('ref_axis',(0.228513275013346,-0.973540796855825,0.));
#7373=DIRECTION('',(0.,0.,1.));
#7374=DIRECTION('center_axis',(0.,0.,1.));
#7375=DIRECTION('ref_axis',(0.864640914594916,-0.502390374916228,0.));
#7376=DIRECTION('center_axis',(0.,0.,-1.));
#7377=DIRECTION('ref_axis',(0.864640914594916,-0.502390374916228,0.));
#7378=DIRECTION('center_axis',(0.,0.,-1.));
#7379=DIRECTION('ref_axis',(0.864640914594916,-0.502390374916228,0.));
#7380=DIRECTION('',(0.,0.,1.));
#7381=DIRECTION('center_axis',(1.,0.,0.));
#7382=DIRECTION('ref_axis',(0.,1.,0.));
#7383=DIRECTION('',(0.,1.,0.));
#7384=DIRECTION('',(0.,1.,0.));
#7385=DIRECTION('',(0.,0.,1.));
#7386=DIRECTION('center_axis',(0.,1.,0.));
#7387=DIRECTION('ref_axis',(-1.,0.,0.));
#7388=DIRECTION('',(-1.,0.,0.));
#7389=DIRECTION('',(-1.,0.,0.));
#7390=DIRECTION('',(0.,0.,1.));
#7391=DIRECTION('center_axis',(1.,0.,0.));
#7392=DIRECTION('ref_axis',(0.,1.,0.));
#7393=DIRECTION('',(0.,1.,0.));
#7394=DIRECTION('',(0.,1.,0.));
#7395=DIRECTION('',(0.,0.,1.));
#7396=DIRECTION('center_axis',(0.,-1.,0.));
#7397=DIRECTION('ref_axis',(1.,0.,0.));
#7398=DIRECTION('',(1.,0.,0.));
#7399=DIRECTION('',(1.,0.,0.));
#7400=DIRECTION('',(0.,0.,1.));
#7401=DIRECTION('center_axis',(1.,0.,0.));
#7402=DIRECTION('ref_axis',(0.,1.,0.));
#7403=DIRECTION('',(0.,1.,0.));
#7404=DIRECTION('',(0.,1.,0.));
#7405=DIRECTION('',(0.,0.,1.));
#7406=DIRECTION('center_axis',(0.,-1.,0.));
#7407=DIRECTION('ref_axis',(1.,0.,0.));
#7408=DIRECTION('',(1.,0.,0.));
#7409=DIRECTION('',(1.,0.,0.));
#7410=DIRECTION('',(0.,0.,1.));
#7411=DIRECTION('center_axis',(-1.,0.,0.));
#7412=DIRECTION('ref_axis',(0.,-1.,0.));
#7413=DIRECTION('',(0.,-1.,0.));
#7414=DIRECTION('',(0.,-1.,0.));
#7415=DIRECTION('',(0.,0.,1.));
#7416=DIRECTION('center_axis',(0.,-1.,0.));
#7417=DIRECTION('ref_axis',(1.,0.,0.));
#7418=DIRECTION('',(1.,0.,0.));
#7419=DIRECTION('',(1.,0.,0.));
#7420=DIRECTION('',(0.,0.,1.));
#7421=DIRECTION('center_axis',(-1.,0.,0.));
#7422=DIRECTION('ref_axis',(0.,-1.,0.));
#7423=DIRECTION('',(0.,-1.,0.));
#7424=DIRECTION('',(0.,-1.,0.));
#7425=DIRECTION('',(0.,0.,1.));
#7426=DIRECTION('center_axis',(0.,1.,0.));
#7427=DIRECTION('ref_axis',(-1.,0.,0.));
#7428=DIRECTION('',(-1.,0.,0.));
#7429=DIRECTION('',(-1.,0.,0.));
#7430=DIRECTION('',(0.,0.,1.));
#7431=DIRECTION('center_axis',(-1.,0.,0.));
#7432=DIRECTION('ref_axis',(0.,-1.,0.));
#7433=DIRECTION('',(0.,-1.,0.));
#7434=DIRECTION('',(0.,-1.,0.));
#7435=DIRECTION('center_axis',(0.,0.,1.));
#7436=DIRECTION('ref_axis',(1.,0.,0.));
#7437=DIRECTION('center_axis',(0.,0.,1.));
#7438=DIRECTION('ref_axis',(1.,0.,0.));
#7439=DIRECTION('center_axis',(0.,0.,1.));
#7440=DIRECTION('ref_axis',(-1.,0.,0.));
#7441=DIRECTION('center_axis',(0.,0.,1.));
#7442=DIRECTION('ref_axis',(-1.,0.,0.));
#7443=DIRECTION('center_axis',(0.,0.,-1.));
#7444=DIRECTION('ref_axis',(-1.,0.,0.));
#7445=DIRECTION('center_axis',(0.,0.,1.));
#7446=DIRECTION('ref_axis',(1.,0.,0.));
#7447=DIRECTION('center_axis',(0.,0.,1.));
#7448=DIRECTION('ref_axis',(1.,0.,0.));
#7449=DIRECTION('center_axis',(0.,0.,1.));
#7450=DIRECTION('ref_axis',(-1.,0.,0.));
#7451=DIRECTION('center_axis',(0.,0.,1.));
#7452=DIRECTION('ref_axis',(-1.,0.,0.));
#7453=DIRECTION('center_axis',(0.,0.,-1.));
#7454=DIRECTION('ref_axis',(-1.,0.,0.));
#7455=DIRECTION('center_axis',(0.,0.,1.));
#7456=DIRECTION('ref_axis',(1.,0.,0.));
#7457=DIRECTION('center_axis',(0.,0.,1.));
#7458=DIRECTION('ref_axis',(1.,0.,0.));
#7459=DIRECTION('center_axis',(-1.,0.,0.));
#7460=DIRECTION('ref_axis',(0.,-1.,0.));
#7461=DIRECTION('',(0.,-1.,0.));
#7462=DIRECTION('',(0.,0.,1.));
#7463=DIRECTION('',(0.,-1.,0.));
#7464=DIRECTION('',(0.,0.,1.));
#7465=DIRECTION('center_axis',(-0.00176575282451872,0.999998441057266,0.));
#7466=DIRECTION('ref_axis',(-0.999998441057266,-0.00176575282451874,0.));
#7467=DIRECTION('',(-0.999998441057266,-0.00176575282451872,0.));
#7468=DIRECTION('',(-0.999998441057266,-0.00176575282451872,0.));
#7469=DIRECTION('',(0.,0.,1.));
#7470=DIRECTION('center_axis',(1.,0.,0.));
#7471=DIRECTION('ref_axis',(0.,1.,0.));
#7472=DIRECTION('',(0.,1.,0.));
#7473=DIRECTION('',(0.,1.,0.));
#7474=DIRECTION('',(0.,0.,1.));
#7475=DIRECTION('center_axis',(0.,-1.,0.));
#7476=DIRECTION('ref_axis',(1.,0.,0.));
#7477=DIRECTION('',(1.,0.,0.));
#7478=DIRECTION('',(1.,0.,0.));
#7479=DIRECTION('center_axis',(0.,0.,1.));
#7480=DIRECTION('ref_axis',(1.,0.,0.));
#7481=DIRECTION('center_axis',(0.,0.,1.));
#7482=DIRECTION('ref_axis',(1.,0.,0.));
#7483=DIRECTION('center_axis',(0.,-1.,0.));
#7484=DIRECTION('ref_axis',(1.,0.,0.));
#7485=DIRECTION('',(-1.,0.,0.));
#7486=DIRECTION('',(0.,0.,1.));
#7487=DIRECTION('',(1.,0.,0.));
#7488=DIRECTION('',(0.,0.,1.));
#7489=DIRECTION('center_axis',(-0.999999923743201,0.000390529887940075,
0.));
#7490=DIRECTION('ref_axis',(-0.000390529887940083,-0.999999923743201,0.));
#7491=DIRECTION('',(0.000390529887940075,0.9999999237432,0.));
#7492=DIRECTION('',(-0.000390529887940075,-0.9999999237432,0.));
#7493=DIRECTION('',(0.,0.,1.));
#7494=DIRECTION('center_axis',(0.,1.,0.));
#7495=DIRECTION('ref_axis',(-1.,0.,0.));
#7496=DIRECTION('',(1.,0.,0.));
#7497=DIRECTION('',(-1.,0.,0.));
#7498=DIRECTION('',(0.,0.,1.));
#7499=DIRECTION('center_axis',(1.,0.,0.));
#7500=DIRECTION('ref_axis',(0.,1.,0.));
#7501=DIRECTION('',(0.,-1.,0.));
#7502=DIRECTION('',(0.,1.,0.));
#7503=DIRECTION('center_axis',(0.,0.,1.));
#7504=DIRECTION('ref_axis',(1.,0.,0.));
#7505=DIRECTION('center_axis',(0.,0.,1.));
#7506=DIRECTION('ref_axis',(1.,0.,0.));
#7507=DIRECTION('center_axis',(0.,-1.,0.));
#7508=DIRECTION('ref_axis',(1.,0.,0.));
#7509=DIRECTION('',(-1.,0.,0.));
#7510=DIRECTION('',(0.,0.,1.));
#7511=DIRECTION('',(1.,0.,0.));
#7512=DIRECTION('',(0.,0.,1.));
#7513=DIRECTION('center_axis',(-0.973507603610222,-0.228654642885472,0.));
#7514=DIRECTION('ref_axis',(0.228654642885472,-0.973507603610222,0.));
#7515=DIRECTION('',(-0.228654642885472,0.973507603610222,0.));
#7516=DIRECTION('',(0.228654642885472,-0.973507603610222,0.));
#7517=DIRECTION('',(0.,0.,1.));
#7518=DIRECTION('center_axis',(0.,1.,0.));
#7519=DIRECTION('ref_axis',(-1.,0.,0.));
#7520=DIRECTION('',(1.,0.,0.));
#7521=DIRECTION('',(-1.,0.,0.));
#7522=DIRECTION('',(0.,0.,1.));
#7523=DIRECTION('center_axis',(0.973507603610223,0.228654642885469,0.));
#7524=DIRECTION('ref_axis',(-0.228654642885469,0.973507603610223,0.));
#7525=DIRECTION('',(0.228654642885469,-0.973507603610223,0.));
#7526=DIRECTION('',(-0.228654642885469,0.973507603610223,0.));
#7527=DIRECTION('center_axis',(0.,0.,1.));
#7528=DIRECTION('ref_axis',(1.,0.,0.));
#7529=DIRECTION('center_axis',(0.,0.,1.));
#7530=DIRECTION('ref_axis',(1.,0.,0.));
#7531=DIRECTION('center_axis',(1.,3.13070801252168E-14,0.));
#7532=DIRECTION('ref_axis',(-3.13082892944294E-14,1.,0.));
#7533=DIRECTION('',(3.13070801252168E-14,-1.,0.));
#7534=DIRECTION('',(0.,0.,1.));
#7535=DIRECTION('',(-3.13070801252168E-14,1.,0.));
#7536=DIRECTION('',(0.,0.,1.));
#7537=DIRECTION('center_axis',(0.,-1.,0.));
#7538=DIRECTION('ref_axis',(1.,0.,0.));
#7539=DIRECTION('',(-1.,0.,0.));
#7540=DIRECTION('',(1.,0.,0.));
#7541=DIRECTION('',(0.,0.,1.));
#7542=DIRECTION('center_axis',(-1.,0.,0.));
#7543=DIRECTION('ref_axis',(0.,-1.,0.));
#7544=DIRECTION('',(0.,1.,0.));
#7545=DIRECTION('',(0.,-1.,0.));
#7546=DIRECTION('',(0.,0.,1.));
#7547=DIRECTION('center_axis',(0.,1.,0.));
#7548=DIRECTION('ref_axis',(-1.,0.,0.));
#7549=DIRECTION('',(1.,0.,0.));
#7550=DIRECTION('',(-1.,0.,0.));
#7551=DIRECTION('',(0.,0.,1.));
#7552=DIRECTION('center_axis',(1.,0.,0.));
#7553=DIRECTION('ref_axis',(0.,1.,0.));
#7554=DIRECTION('',(0.,-1.,0.));
#7555=DIRECTION('',(0.,1.,0.));
#7556=DIRECTION('',(0.,0.,1.));
#7557=DIRECTION('center_axis',(0.,0.,1.));
#7558=DIRECTION('ref_axis',(0.0718228521568866,-0.997417404053113,0.));
#7559=DIRECTION('center_axis',(0.,0.,-1.));
#7560=DIRECTION('ref_axis',(0.0718228521568866,-0.997417404053113,0.));
#7561=DIRECTION('center_axis',(0.,0.,1.));
#7562=DIRECTION('ref_axis',(0.0718228521568866,-0.997417404053113,0.));
#7563=DIRECTION('',(0.,0.,1.));
#7564=DIRECTION('center_axis',(0.,0.,1.));
#7565=DIRECTION('ref_axis',(-0.3172832300981,-0.948330824079085,0.));
#7566=DIRECTION('center_axis',(0.,0.,-1.));
#7567=DIRECTION('ref_axis',(-0.3172832300981,-0.948330824079085,0.));
#7568=DIRECTION('center_axis',(0.,0.,1.));
#7569=DIRECTION('ref_axis',(-0.3172832300981,-0.948330824079085,0.));
#7570=DIRECTION('',(0.,0.,1.));
#7571=DIRECTION('center_axis',(0.,0.,1.));
#7572=DIRECTION('ref_axis',(-0.717118887448114,-0.69695086000749,0.));
#7573=DIRECTION('center_axis',(0.,0.,-1.));
#7574=DIRECTION('ref_axis',(-0.717118887448114,-0.69695086000749,0.));
#7575=DIRECTION('center_axis',(0.,0.,1.));
#7576=DIRECTION('ref_axis',(-0.717118887448114,-0.69695086000749,0.));
#7577=DIRECTION('',(0.,0.,1.));
#7578=DIRECTION('center_axis',(0.,0.,1.));
#7579=DIRECTION('ref_axis',(-0.986479631664659,-0.16388391107964,0.));
#7580=DIRECTION('center_axis',(0.,0.,-1.));
#7581=DIRECTION('ref_axis',(-0.986479631664659,-0.16388391107964,0.));
#7582=DIRECTION('center_axis',(0.,0.,1.));
#7583=DIRECTION('ref_axis',(-0.986479631664659,-0.16388391107964,0.));
#7584=DIRECTION('',(0.,0.,1.));
#7585=DIRECTION('center_axis',(1.,-4.88336207792033E-15,0.));
#7586=DIRECTION('ref_axis',(4.88498130835069E-15,1.,0.));
#7587=DIRECTION('',(-4.88336207792033E-15,-1.,0.));
#7588=DIRECTION('',(4.88336207792033E-15,1.,0.));
#7589=DIRECTION('',(0.,0.,1.));
#7590=DIRECTION('center_axis',(0.,-1.,0.));
#7591=DIRECTION('ref_axis',(1.,0.,0.));
#7592=DIRECTION('',(-1.,0.,0.));
#7593=DIRECTION('',(1.,0.,0.));
#7594=DIRECTION('',(0.,0.,1.));
#7595=DIRECTION('center_axis',(-1.,-4.99016601781916E-15,0.));
#7596=DIRECTION('ref_axis',(4.9960036108132E-15,-1.,0.));
#7597=DIRECTION('',(-4.99016601781916E-15,1.,0.));
#7598=DIRECTION('',(4.99016601781916E-15,-1.,0.));
#7599=DIRECTION('',(0.,0.,1.));
#7600=DIRECTION('center_axis',(0.,0.,1.));
#7601=DIRECTION('ref_axis',(1.,0.,0.));
#7602=DIRECTION('center_axis',(0.,0.,1.));
#7603=DIRECTION('ref_axis',(1.,0.,0.));
#7604=DIRECTION('center_axis',(0.,0.,-1.));
#7605=DIRECTION('ref_axis',(1.,0.,0.));
#7606=DIRECTION('center_axis',(0.,0.,1.));
#7607=DIRECTION('ref_axis',(1.,0.,0.));
#7608=DIRECTION('center_axis',(0.,0.,1.));
#7609=DIRECTION('ref_axis',(1.,0.,0.));
#7610=DIRECTION('center_axis',(0.,0.,1.));
#7611=DIRECTION('ref_axis',(0.999991655976625,0.00408509205866704,0.));
#7612=DIRECTION('center_axis',(0.,0.,1.));
#7613=DIRECTION('ref_axis',(0.999991655976625,0.00408509205866704,0.));
#7614=DIRECTION('',(0.,0.,1.));
#7615=DIRECTION('center_axis',(0.,0.,-1.));
#7616=DIRECTION('ref_axis',(0.999991655976625,0.00408509205866704,0.));
#7617=DIRECTION('',(0.,0.,1.));
#7618=DIRECTION('center_axis',(1.,-4.52487495232774E-15,0.));
#7619=DIRECTION('ref_axis',(4.52415882534751E-15,1.,0.));
#7620=DIRECTION('',(4.52487495232774E-15,1.,0.));
#7621=DIRECTION('',(0.,0.,1.));
#7622=DIRECTION('',(-4.52487495232774E-15,-1.,0.));
#7623=DIRECTION('center_axis',(0.,-1.,0.));
#7624=DIRECTION('ref_axis',(1.,0.,0.));
#7625=DIRECTION('',(1.,0.,0.));
#7626=DIRECTION('',(0.,0.,1.));
#7627=DIRECTION('',(-1.,0.,0.));
#7628=DIRECTION('center_axis',(0.,0.,1.));
#7629=DIRECTION('ref_axis',(-0.997827108809382,0.0658867279890968,0.));
#7630=DIRECTION('center_axis',(0.,0.,1.));
#7631=DIRECTION('ref_axis',(-0.997827108809382,0.0658867279890968,0.));
#7632=DIRECTION('',(0.,0.,1.));
#7633=DIRECTION('center_axis',(0.,0.,-1.));
#7634=DIRECTION('ref_axis',(-0.997827108809382,0.0658867279890968,0.));
#7635=DIRECTION('center_axis',(0.,0.,1.));
#7636=DIRECTION('ref_axis',(-0.963838628488533,0.266486581713496,0.));
#7637=DIRECTION('center_axis',(0.,0.,1.));
#7638=DIRECTION('ref_axis',(-0.963838628488533,0.266486581713496,0.));
#7639=DIRECTION('',(0.,0.,1.));
#7640=DIRECTION('center_axis',(0.,0.,-1.));
#7641=DIRECTION('ref_axis',(-0.963838628488533,0.266486581713496,0.));
#7642=DIRECTION('center_axis',(0.,0.,1.));
#7643=DIRECTION('ref_axis',(-0.624324209958545,0.781165335162563,0.));
#7644=DIRECTION('center_axis',(0.,0.,1.));
#7645=DIRECTION('ref_axis',(-0.624324209958545,0.781165335162563,0.));
#7646=DIRECTION('',(0.,0.,1.));
#7647=DIRECTION('center_axis',(0.,0.,-1.));
#7648=DIRECTION('ref_axis',(-0.624324209958545,0.781165335162563,0.));
#7649=DIRECTION('center_axis',(0.,0.,1.));
#7650=DIRECTION('ref_axis',(0.135913877080752,0.990720655894929,0.));
#7651=DIRECTION('center_axis',(0.,0.,1.));
#7652=DIRECTION('ref_axis',(0.135913877080752,0.990720655894929,0.));
#7653=DIRECTION('',(0.,0.,1.));
#7654=DIRECTION('center_axis',(0.,0.,-1.));
#7655=DIRECTION('ref_axis',(0.135913877080752,0.990720655894929,0.));
#7656=DIRECTION('center_axis',(0.,0.,1.));
#7657=DIRECTION('ref_axis',(0.461101158320105,0.887347576655201,0.));
#7658=DIRECTION('center_axis',(0.,0.,1.));
#7659=DIRECTION('ref_axis',(0.461101158320105,0.887347576655201,0.));
#7660=DIRECTION('',(0.,0.,1.));
#7661=DIRECTION('center_axis',(0.,0.,-1.));
#7662=DIRECTION('ref_axis',(0.461101158320105,0.887347576655201,0.));
#7663=DIRECTION('center_axis',(0.,0.,1.));
#7664=DIRECTION('ref_axis',(0.929640501689585,0.368467824400364,0.));
#7665=DIRECTION('center_axis',(0.,0.,1.));
#7666=DIRECTION('ref_axis',(0.929640501689585,0.368467824400364,0.));
#7667=DIRECTION('center_axis',(0.,0.,-1.));
#7668=DIRECTION('ref_axis',(0.929640501689585,0.368467824400364,0.));
#7669=DIRECTION('center_axis',(0.,0.,1.));
#7670=DIRECTION('ref_axis',(-0.868095053279126,0.496398004097833,0.));
#7671=DIRECTION('center_axis',(0.,0.,1.));
#7672=DIRECTION('ref_axis',(-0.868095053279126,0.496398004097833,0.));
#7673=DIRECTION('',(0.,0.,1.));
#7674=DIRECTION('center_axis',(0.,0.,1.));
#7675=DIRECTION('ref_axis',(-0.868095053279126,0.496398004097833,0.));
#7676=DIRECTION('',(0.,0.,1.));
#7677=DIRECTION('center_axis',(0.,0.,1.));
#7678=DIRECTION('ref_axis',(-0.538438713525827,0.842664673388325,0.));
#7679=DIRECTION('center_axis',(0.,0.,1.));
#7680=DIRECTION('ref_axis',(-0.538438713525827,0.842664673388325,0.));
#7681=DIRECTION('center_axis',(0.,0.,1.));
#7682=DIRECTION('ref_axis',(-0.538438713525827,0.842664673388325,0.));
#7683=DIRECTION('',(0.,0.,1.));
#7684=DIRECTION('center_axis',(0.,0.,1.));
#7685=DIRECTION('ref_axis',(0.02771630502917,0.999615829424249,0.));
#7686=DIRECTION('center_axis',(0.,0.,1.));
#7687=DIRECTION('ref_axis',(0.02771630502917,0.999615829424249,0.));
#7688=DIRECTION('center_axis',(0.,0.,1.));
#7689=DIRECTION('ref_axis',(0.02771630502917,0.999615829424249,0.));
#7690=DIRECTION('',(0.,0.,1.));
#7691=DIRECTION('center_axis',(0.,0.,1.));
#7692=DIRECTION('ref_axis',(0.355288463295828,0.934756710512895,0.));
#7693=DIRECTION('center_axis',(0.,0.,1.));
#7694=DIRECTION('ref_axis',(0.355288463295828,0.934756710512895,0.));
#7695=DIRECTION('center_axis',(0.,0.,1.));
#7696=DIRECTION('ref_axis',(0.355288463295828,0.934756710512895,0.));
#7697=DIRECTION('',(0.,0.,1.));
#7698=DIRECTION('center_axis',(0.,0.,1.));
#7699=DIRECTION('ref_axis',(0.632893008261036,0.774239265404627,0.));
#7700=DIRECTION('center_axis',(0.,0.,1.));
#7701=DIRECTION('ref_axis',(0.632893008261036,0.774239265404627,0.));
#7702=DIRECTION('center_axis',(0.,0.,1.));
#7703=DIRECTION('ref_axis',(0.632893008261036,0.774239265404627,0.));
#7704=DIRECTION('',(0.,0.,1.));
#7705=DIRECTION('center_axis',(0.,0.,1.));
#7706=DIRECTION('ref_axis',(0.940114567680053,0.340858621184424,0.));
#7707=DIRECTION('center_axis',(0.,0.,1.));
#7708=DIRECTION('ref_axis',(0.940114567680053,0.340858621184424,0.));
#7709=DIRECTION('center_axis',(0.,0.,1.));
#7710=DIRECTION('ref_axis',(0.940114567680053,0.340858621184424,0.));
#7711=DIRECTION('',(0.,0.,1.));
#7712=DIRECTION('center_axis',(0.,0.,1.));
#7713=DIRECTION('ref_axis',(0.999974888365239,0.00708679327542648,0.));
#7714=DIRECTION('center_axis',(0.,0.,1.));
#7715=DIRECTION('ref_axis',(0.999974888365239,0.00708679327542648,0.));
#7716=DIRECTION('center_axis',(0.,0.,1.));
#7717=DIRECTION('ref_axis',(0.999974888365239,0.00708679327542648,0.));
#7718=DIRECTION('',(0.,0.,1.));
#7719=DIRECTION('center_axis',(1.,1.20110001745223E-14,0.));
#7720=DIRECTION('ref_axis',(-1.20181642415673E-14,1.,0.));
#7721=DIRECTION('',(-1.20110001745223E-14,1.,0.));
#7722=DIRECTION('',(-1.20110001745223E-14,1.,0.));
#7723=DIRECTION('',(0.,0.,1.));
#7724=DIRECTION('center_axis',(-1.07948876683827E-13,-1.,0.));
#7725=DIRECTION('ref_axis',(1.,-1.07913677993565E-13,0.));
#7726=DIRECTION('',(1.,-1.07948876683827E-13,0.));
#7727=DIRECTION('',(1.,-1.07948876683827E-13,0.));
#7728=DIRECTION('',(0.,0.,1.));
#7729=DIRECTION('center_axis',(0.,0.,1.));
#7730=DIRECTION('ref_axis',(0.999945617878379,-0.0104288679072488,0.));
#7731=DIRECTION('center_axis',(0.,0.,-1.));
#7732=DIRECTION('ref_axis',(0.999945617878379,-0.0104288679072488,0.));
#7733=DIRECTION('center_axis',(0.,0.,-1.));
#7734=DIRECTION('ref_axis',(0.999945617878379,-0.0104288679072488,0.));
#7735=DIRECTION('',(0.,0.,1.));
#7736=DIRECTION('center_axis',(0.,0.,1.));
#7737=DIRECTION('ref_axis',(0.999933245573339,0.0115544102908553,0.));
#7738=DIRECTION('center_axis',(0.,0.,-1.));
#7739=DIRECTION('ref_axis',(0.999933245573339,0.0115544102908553,0.));
#7740=DIRECTION('center_axis',(0.,0.,-1.));
#7741=DIRECTION('ref_axis',(0.999933245573339,0.0115544102908553,0.));
#7742=DIRECTION('',(0.,0.,1.));
#7743=DIRECTION('center_axis',(0.,0.,1.));
#7744=DIRECTION('ref_axis',(0.961787839520116,0.273795821281531,0.));
#7745=DIRECTION('center_axis',(0.,0.,-1.));
#7746=DIRECTION('ref_axis',(0.961787839520116,0.273795821281531,0.));
#7747=DIRECTION('center_axis',(0.,0.,-1.));
#7748=DIRECTION('ref_axis',(0.961787839520116,0.273795821281531,0.));
#7749=DIRECTION('',(0.,0.,1.));
#7750=DIRECTION('center_axis',(0.,0.,1.));
#7751=DIRECTION('ref_axis',(0.855452682515478,0.517880978582022,0.));
#7752=DIRECTION('center_axis',(0.,0.,-1.));
#7753=DIRECTION('ref_axis',(0.855452682515478,0.517880978582022,0.));
#7754=DIRECTION('center_axis',(0.,0.,-1.));
#7755=DIRECTION('ref_axis',(0.855452682515478,0.517880978582022,0.));
#7756=DIRECTION('',(0.,0.,1.));
#7757=DIRECTION('center_axis',(0.,0.,1.));
#7758=DIRECTION('ref_axis',(0.486697749509961,0.873570432547908,0.));
#7759=DIRECTION('center_axis',(0.,0.,-1.));
#7760=DIRECTION('ref_axis',(0.486697749509961,0.873570432547908,0.));
#7761=DIRECTION('center_axis',(0.,0.,-1.));
#7762=DIRECTION('ref_axis',(0.486697749509961,0.873570432547908,0.));
#7763=DIRECTION('',(0.,0.,1.));
#7764=DIRECTION('center_axis',(0.,0.,1.));
#7765=DIRECTION('ref_axis',(0.00826469703713304,0.999965846808222,0.));
#7766=DIRECTION('center_axis',(0.,0.,-1.));
#7767=DIRECTION('ref_axis',(0.00826469703713304,0.999965846808222,0.));
#7768=DIRECTION('center_axis',(0.,0.,-1.));
#7769=DIRECTION('ref_axis',(0.00826469703713304,0.999965846808222,0.));
#7770=DIRECTION('',(0.,0.,1.));
#7771=DIRECTION('center_axis',(0.,0.,1.));
#7772=DIRECTION('ref_axis',(-0.427793240662209,0.903876619480626,0.));
#7773=DIRECTION('center_axis',(0.,0.,-1.));
#7774=DIRECTION('ref_axis',(-0.427793240662209,0.903876619480626,0.));
#7775=DIRECTION('center_axis',(0.,0.,-1.));
#7776=DIRECTION('ref_axis',(-0.427793240662209,0.903876619480626,0.));
#7777=DIRECTION('',(0.,0.,1.));
#7778=DIRECTION('center_axis',(0.,0.,1.));
#7779=DIRECTION('ref_axis',(-0.895606853566218,0.444846449738805,0.));
#7780=DIRECTION('center_axis',(0.,0.,-1.));
#7781=DIRECTION('ref_axis',(-0.895606853566218,0.444846449738805,0.));
#7782=DIRECTION('center_axis',(0.,0.,-1.));
#7783=DIRECTION('ref_axis',(-0.895606853566218,0.444846449738805,0.));
#7784=DIRECTION('',(0.,0.,1.));
#7785=DIRECTION('center_axis',(0.,0.,1.));
#7786=DIRECTION('ref_axis',(-0.977167718732027,0.212469408311045,0.));
#7787=DIRECTION('center_axis',(0.,0.,-1.));
#7788=DIRECTION('ref_axis',(-0.977167718732027,0.212469408311045,0.));
#7789=DIRECTION('center_axis',(0.,0.,-1.));
#7790=DIRECTION('ref_axis',(-0.977167718732027,0.212469408311045,0.));
#7791=DIRECTION('',(0.,0.,1.));
#7792=DIRECTION('center_axis',(1.59527102376532E-14,1.,0.));
#7793=DIRECTION('ref_axis',(-1.,1.59872115546023E-14,0.));
#7794=DIRECTION('',(-1.,1.59527102376532E-14,0.));
#7795=DIRECTION('',(-1.,1.59527102376532E-14,0.));
#7796=DIRECTION('',(0.,0.,1.));
#7797=DIRECTION('center_axis',(0.99996280043007,-0.0086254133843822,0.));
#7798=DIRECTION('ref_axis',(0.00862541338438219,0.99996280043007,0.));
#7799=DIRECTION('',(0.0086254133843822,0.99996280043007,0.));
#7800=DIRECTION('',(0.0086254133843822,0.99996280043007,0.));
#7801=DIRECTION('',(0.,0.,1.));
#7802=DIRECTION('center_axis',(0.,0.,1.));
#7803=DIRECTION('ref_axis',(0.975558799562538,-0.219738545995234,0.));
#7804=DIRECTION('center_axis',(0.,0.,1.));
#7805=DIRECTION('ref_axis',(0.975558799562538,-0.219738545995234,0.));
#7806=DIRECTION('center_axis',(0.,0.,1.));
#7807=DIRECTION('ref_axis',(0.975558799562538,-0.219738545995234,0.));
#7808=DIRECTION('',(0.,0.,1.));
#7809=DIRECTION('center_axis',(0.,0.,1.));
#7810=DIRECTION('ref_axis',(0.858277372272481,-0.513186079551117,0.));
#7811=DIRECTION('center_axis',(0.,0.,1.));
#7812=DIRECTION('ref_axis',(0.858277372272481,-0.513186079551117,0.));
#7813=DIRECTION('center_axis',(0.,0.,1.));
#7814=DIRECTION('ref_axis',(0.858277372272481,-0.513186079551117,0.));
#7815=DIRECTION('',(0.,0.,1.));
#7816=DIRECTION('center_axis',(0.,0.,1.));
#7817=DIRECTION('ref_axis',(0.784755070594151,-0.619806001242945,0.));
#7818=DIRECTION('center_axis',(0.,0.,1.));
#7819=DIRECTION('ref_axis',(0.784755070594151,-0.619806001242945,0.));
#7820=DIRECTION('center_axis',(0.,0.,1.));
#7821=DIRECTION('ref_axis',(0.784755070594151,-0.619806001242945,0.));
#7822=DIRECTION('',(0.,0.,1.));
#7823=DIRECTION('center_axis',(0.,0.,1.));
#7824=DIRECTION('ref_axis',(0.57840912057716,-0.815746829128472,0.));
#7825=DIRECTION('center_axis',(0.,0.,1.));
#7826=DIRECTION('ref_axis',(0.57840912057716,-0.815746829128472,0.));
#7827=DIRECTION('center_axis',(0.,0.,1.));
#7828=DIRECTION('ref_axis',(0.57840912057716,-0.815746829128472,0.));
#7829=DIRECTION('',(0.,0.,1.));
#7830=DIRECTION('center_axis',(0.,0.,1.));
#7831=DIRECTION('ref_axis',(0.47137314973187,-0.881933871507301,0.));
#7832=DIRECTION('center_axis',(0.,0.,1.));
#7833=DIRECTION('ref_axis',(0.47137314973187,-0.881933871507301,0.));
#7834=DIRECTION('center_axis',(0.,0.,1.));
#7835=DIRECTION('ref_axis',(0.47137314973187,-0.881933871507301,0.));
#7836=DIRECTION('',(0.,0.,1.));
#7837=DIRECTION('center_axis',(0.,0.,1.));
#7838=DIRECTION('ref_axis',(0.214741605431822,-0.976670897946982,0.));
#7839=DIRECTION('center_axis',(0.,0.,1.));
#7840=DIRECTION('ref_axis',(0.214741605431822,-0.976670897946982,0.));
#7841=DIRECTION('center_axis',(0.,0.,1.));
#7842=DIRECTION('ref_axis',(0.214741605431822,-0.976670897946982,0.));
#7843=DIRECTION('',(0.,0.,1.));
#7844=DIRECTION('center_axis',(0.,0.,1.));
#7845=DIRECTION('ref_axis',(-0.0477405014048033,-0.998859772203095,0.));
#7846=DIRECTION('center_axis',(0.,0.,1.));
#7847=DIRECTION('ref_axis',(-0.0477405014048033,-0.998859772203095,0.));
#7848=DIRECTION('center_axis',(0.,0.,1.));
#7849=DIRECTION('ref_axis',(-0.0477405014048033,-0.998859772203095,0.));
#7850=DIRECTION('',(0.,0.,1.));
#7851=DIRECTION('center_axis',(0.,0.,1.));
#7852=DIRECTION('ref_axis',(-0.251410871302568,-0.967880454287038,0.));
#7853=DIRECTION('center_axis',(0.,0.,1.));
#7854=DIRECTION('ref_axis',(-0.251410871302568,-0.967880454287038,0.));
#7855=DIRECTION('center_axis',(0.,0.,1.));
#7856=DIRECTION('ref_axis',(-0.251410871302568,-0.967880454287038,0.));
#7857=DIRECTION('',(0.,0.,1.));
#7858=DIRECTION('center_axis',(0.,0.,1.));
#7859=DIRECTION('ref_axis',(-0.378206768157657,-0.925721146198865,0.));
#7860=DIRECTION('center_axis',(0.,0.,1.));
#7861=DIRECTION('ref_axis',(-0.378206768157657,-0.925721146198865,0.));
#7862=DIRECTION('center_axis',(0.,0.,1.));
#7863=DIRECTION('ref_axis',(-0.378206768157657,-0.925721146198865,0.));
#7864=DIRECTION('',(0.,0.,1.));
#7865=DIRECTION('center_axis',(0.,0.,1.));
#7866=DIRECTION('ref_axis',(-0.566430322333958,-0.824109634660734,0.));
#7867=DIRECTION('center_axis',(0.,0.,1.));
#7868=DIRECTION('ref_axis',(-0.566430322333958,-0.824109634660734,0.));
#7869=DIRECTION('center_axis',(0.,0.,1.));
#7870=DIRECTION('ref_axis',(-0.566430322333958,-0.824109634660734,0.));
#7871=DIRECTION('',(0.,0.,1.));
#7872=DIRECTION('center_axis',(0.,0.,1.));
#7873=DIRECTION('ref_axis',(-0.70175246018798,-0.71242086200512,0.));
#7874=DIRECTION('center_axis',(0.,0.,1.));
#7875=DIRECTION('ref_axis',(-0.70175246018798,-0.71242086200512,0.));
#7876=DIRECTION('center_axis',(0.,0.,1.));
#7877=DIRECTION('ref_axis',(-0.70175246018798,-0.71242086200512,0.));
#7878=DIRECTION('',(0.,0.,1.));
#7879=DIRECTION('center_axis',(0.,0.,1.));
#7880=DIRECTION('ref_axis',(-0.84067242241196,-0.541543976234624,0.));
#7881=DIRECTION('center_axis',(0.,0.,1.));
#7882=DIRECTION('ref_axis',(-0.84067242241196,-0.541543976234624,0.));
#7883=DIRECTION('center_axis',(0.,0.,1.));
#7884=DIRECTION('ref_axis',(-0.84067242241196,-0.541543976234624,0.));
#7885=DIRECTION('',(0.,0.,1.));
#7886=DIRECTION('center_axis',(0.,0.,1.));
#7887=DIRECTION('ref_axis',(-0.981035470762077,-0.193828287684308,0.));
#7888=DIRECTION('center_axis',(0.,0.,1.));
#7889=DIRECTION('ref_axis',(-0.981035470762077,-0.193828287684308,0.));
#7890=DIRECTION('center_axis',(0.,0.,1.));
#7891=DIRECTION('ref_axis',(-0.981035470762077,-0.193828287684308,0.));
#7892=DIRECTION('',(0.,0.,1.));
#7893=DIRECTION('center_axis',(0.,0.,1.));
#7894=DIRECTION('ref_axis',(-0.997861500407972,-0.065363797346471,0.));
#7895=DIRECTION('center_axis',(0.,0.,1.));
#7896=DIRECTION('ref_axis',(-0.997861500407972,-0.065363797346471,0.));
#7897=DIRECTION('center_axis',(0.,0.,1.));
#7898=DIRECTION('ref_axis',(-0.997861500407972,-0.065363797346471,0.));
#7899=DIRECTION('',(0.,0.,1.));
#7900=DIRECTION('center_axis',(0.,0.,1.));
#7901=DIRECTION('ref_axis',(-0.996982234739567,0.0776300432416351,0.));
#7902=DIRECTION('center_axis',(0.,0.,1.));
#7903=DIRECTION('ref_axis',(-0.996982234739567,0.0776300432416351,0.));
#7904=DIRECTION('center_axis',(0.,0.,1.));
#7905=DIRECTION('ref_axis',(-0.996982234739567,0.0776300432416351,0.));
#7906=DIRECTION('',(0.,0.,1.));
#7907=DIRECTION('center_axis',(0.,0.,1.));
#7908=DIRECTION('ref_axis',(-0.966403424001739,0.257030002291008,0.));
#7909=DIRECTION('center_axis',(0.,0.,1.));
#7910=DIRECTION('ref_axis',(-0.966403424001739,0.257030002291008,0.));
#7911=DIRECTION('center_axis',(0.,0.,1.));
#7912=DIRECTION('ref_axis',(-0.966403424001739,0.257030002291008,0.));
#7913=DIRECTION('center_axis',(0.,0.,1.));
#7914=DIRECTION('ref_axis',(1.,0.,0.));
#7915=DIRECTION('center_axis',(0.,0.,1.));
#7916=DIRECTION('ref_axis',(1.,0.,0.));
#7917=DIRECTION('center_axis',(0.,0.,1.));
#7918=DIRECTION('ref_axis',(0.998718248738201,-0.0506148163811896,0.));
#7919=DIRECTION('center_axis',(0.,0.,1.));
#7920=DIRECTION('ref_axis',(0.998718248738201,-0.0506148163811896,0.));
#7921=DIRECTION('',(0.,0.,1.));
#7922=DIRECTION('center_axis',(0.,0.,-1.));
#7923=DIRECTION('ref_axis',(0.998718248738201,-0.0506148163811896,0.));
#7924=DIRECTION('',(0.,0.,1.));
#7925=DIRECTION('center_axis',(0.,0.,1.));
#7926=DIRECTION('ref_axis',(0.992370623563768,-0.123290492284111,0.));
#7927=DIRECTION('center_axis',(0.,0.,1.));
#7928=DIRECTION('ref_axis',(0.992370623563768,-0.123290492284111,0.));
#7929=DIRECTION('',(0.,0.,1.));
#7930=DIRECTION('center_axis',(0.,0.,-1.));
#7931=DIRECTION('ref_axis',(0.992370623563768,-0.123290492284111,0.));
#7932=DIRECTION('center_axis',(0.,0.,1.));
#7933=DIRECTION('ref_axis',(0.979896350957089,-0.199507246437272,0.));
#7934=DIRECTION('center_axis',(0.,0.,1.));
#7935=DIRECTION('ref_axis',(0.979896350957089,-0.199507246437272,0.));
#7936=DIRECTION('',(0.,0.,1.));
#7937=DIRECTION('center_axis',(0.,0.,-1.));
#7938=DIRECTION('ref_axis',(0.979896350957089,-0.199507246437272,0.));
#7939=DIRECTION('center_axis',(0.,0.,1.));
#7940=DIRECTION('ref_axis',(0.957815397979456,-0.287384173874374,0.));
#7941=DIRECTION('center_axis',(0.,0.,1.));
#7942=DIRECTION('ref_axis',(0.957815397979456,-0.287384173874374,0.));
#7943=DIRECTION('',(0.,0.,1.));
#7944=DIRECTION('center_axis',(0.,0.,-1.));
#7945=DIRECTION('ref_axis',(0.957815397979456,-0.287384173874374,0.));
#7946=DIRECTION('center_axis',(0.,0.,1.));
#7947=DIRECTION('ref_axis',(0.871514686994564,-0.490369401933651,0.));
#7948=DIRECTION('center_axis',(0.,0.,1.));
#7949=DIRECTION('ref_axis',(0.871514686994564,-0.490369401933651,0.));
#7950=DIRECTION('',(0.,0.,1.));
#7951=DIRECTION('center_axis',(0.,0.,-1.));
#7952=DIRECTION('ref_axis',(0.871514686994564,-0.490369401933651,0.));
#7953=DIRECTION('center_axis',(0.,0.,1.));
#7954=DIRECTION('ref_axis',(0.765468237237249,-0.643473680721207,0.));
#7955=DIRECTION('center_axis',(0.,0.,1.));
#7956=DIRECTION('ref_axis',(0.765468237237249,-0.643473680721207,0.));
#7957=DIRECTION('',(0.,0.,1.));
#7958=DIRECTION('center_axis',(0.,0.,-1.));
#7959=DIRECTION('ref_axis',(0.765468237237249,-0.643473680721207,0.));
#7960=DIRECTION('center_axis',(0.,0.,1.));
#7961=DIRECTION('ref_axis',(0.511196970623844,-0.859463586910466,0.));
#7962=DIRECTION('center_axis',(0.,0.,1.));
#7963=DIRECTION('ref_axis',(0.511196970623844,-0.859463586910466,0.));
#7964=DIRECTION('',(0.,0.,1.));
#7965=DIRECTION('center_axis',(0.,0.,-1.));
#7966=DIRECTION('ref_axis',(0.511196970623844,-0.859463586910466,0.));
#7967=DIRECTION('center_axis',(0.,0.,1.));
#7968=DIRECTION('ref_axis',(0.187045758561655,-0.982351202067822,0.));
#7969=DIRECTION('center_axis',(0.,0.,1.));
#7970=DIRECTION('ref_axis',(0.187045758561655,-0.982351202067822,0.));
#7971=DIRECTION('',(0.,0.,1.));
#7972=DIRECTION('center_axis',(0.,0.,-1.));
#7973=DIRECTION('ref_axis',(0.187045758561655,-0.982351202067822,0.));
#7974=DIRECTION('center_axis',(0.,0.,1.));
#7975=DIRECTION('ref_axis',(-0.0916175180977991,-0.995794271111056,0.));
#7976=DIRECTION('center_axis',(0.,0.,1.));
#7977=DIRECTION('ref_axis',(-0.0916175180977991,-0.995794271111056,0.));
#7978=DIRECTION('',(0.,0.,1.));
#7979=DIRECTION('center_axis',(0.,0.,-1.));
#7980=DIRECTION('ref_axis',(-0.0916175180977991,-0.995794271111056,0.));
#7981=DIRECTION('center_axis',(0.,0.,1.));
#7982=DIRECTION('ref_axis',(-0.229196007411577,-0.97338029062982,0.));
#7983=DIRECTION('center_axis',(0.,0.,1.));
#7984=DIRECTION('ref_axis',(-0.229196007411577,-0.97338029062982,0.));
#7985=DIRECTION('',(0.,0.,1.));
#7986=DIRECTION('center_axis',(0.,0.,-1.));
#7987=DIRECTION('ref_axis',(-0.229196007411577,-0.97338029062982,0.));
#7988=DIRECTION('center_axis',(0.,0.,1.));
#7989=DIRECTION('ref_axis',(-0.500017486716325,-0.866015307588665,0.));
#7990=DIRECTION('center_axis',(0.,0.,1.));
#7991=DIRECTION('ref_axis',(-0.500017486716325,-0.866015307588665,0.));
#7992=DIRECTION('',(0.,0.,1.));
#7993=DIRECTION('center_axis',(0.,0.,-1.));
#7994=DIRECTION('ref_axis',(-0.500017486716325,-0.866015307588665,0.));
#7995=DIRECTION('center_axis',(0.,0.,1.));
#7996=DIRECTION('ref_axis',(-0.81285057379632,-0.582472269450653,0.));
#7997=DIRECTION('center_axis',(0.,0.,1.));
#7998=DIRECTION('ref_axis',(-0.81285057379632,-0.582472269450653,0.));
#7999=DIRECTION('',(0.,0.,1.));
#8000=DIRECTION('center_axis',(0.,0.,-1.));
#8001=DIRECTION('ref_axis',(-0.81285057379632,-0.582472269450653,0.));
#8002=DIRECTION('center_axis',(0.,0.,1.));
#8003=DIRECTION('ref_axis',(-0.883714681190062,-0.46802602732022,0.));
#8004=DIRECTION('center_axis',(0.,0.,1.));
#8005=DIRECTION('ref_axis',(-0.883714681190062,-0.46802602732022,0.));
#8006=DIRECTION('',(0.,0.,1.));
#8007=DIRECTION('center_axis',(0.,0.,-1.));
#8008=DIRECTION('ref_axis',(-0.883714681190062,-0.46802602732022,0.));
#8009=DIRECTION('center_axis',(0.,0.,1.));
#8010=DIRECTION('ref_axis',(-0.946278764773171,-0.323351974386057,0.));
#8011=DIRECTION('center_axis',(0.,0.,1.));
#8012=DIRECTION('ref_axis',(-0.946278764773171,-0.323351974386057,0.));
#8013=DIRECTION('',(0.,0.,1.));
#8014=DIRECTION('center_axis',(0.,0.,-1.));
#8015=DIRECTION('ref_axis',(-0.946278764773171,-0.323351974386057,0.));
#8016=DIRECTION('center_axis',(0.,0.,1.));
#8017=DIRECTION('ref_axis',(-0.983595279619833,-0.180389373050584,0.));
#8018=DIRECTION('center_axis',(0.,0.,1.));
#8019=DIRECTION('ref_axis',(-0.983595279619833,-0.180389373050584,0.));
#8020=DIRECTION('',(0.,0.,1.));
#8021=DIRECTION('center_axis',(0.,0.,-1.));
#8022=DIRECTION('ref_axis',(-0.983595279619833,-0.180389373050584,0.));
#8023=DIRECTION('center_axis',(0.,0.,1.));
#8024=DIRECTION('ref_axis',(-0.992330710872539,-0.123611327390339,0.));
#8025=DIRECTION('center_axis',(0.,0.,1.));
#8026=DIRECTION('ref_axis',(-0.992330710872539,-0.123611327390339,0.));
#8027=DIRECTION('',(0.,0.,1.));
#8028=DIRECTION('center_axis',(0.,0.,-1.));
#8029=DIRECTION('ref_axis',(-0.992330710872539,-0.123611327390339,0.));
#8030=DIRECTION('center_axis',(0.,0.,1.));
#8031=DIRECTION('ref_axis',(-0.999646844824175,-0.0265741534779966,0.));
#8032=DIRECTION('center_axis',(0.,0.,1.));
#8033=DIRECTION('ref_axis',(-0.999646844824175,-0.0265741534779966,0.));
#8034=DIRECTION('',(0.,0.,1.));
#8035=DIRECTION('center_axis',(0.,0.,-1.));
#8036=DIRECTION('ref_axis',(-0.999646844824175,-0.0265741534779966,0.));
#8037=DIRECTION('center_axis',(0.,0.,1.));
#8038=DIRECTION('ref_axis',(-0.999676117594737,0.0254491632615695,0.));
#8039=DIRECTION('center_axis',(0.,0.,1.));
#8040=DIRECTION('ref_axis',(-0.999676117594737,0.0254491632615695,0.));
#8041=DIRECTION('',(0.,0.,1.));
#8042=DIRECTION('center_axis',(0.,0.,-1.));
#8043=DIRECTION('ref_axis',(-0.999676117594737,0.0254491632615695,0.));
#8044=DIRECTION('center_axis',(0.,0.,1.));
#8045=DIRECTION('ref_axis',(-0.998718248738194,0.0506148163813202,0.));
#8046=DIRECTION('center_axis',(0.,0.,1.));
#8047=DIRECTION('ref_axis',(-0.998718248738194,0.0506148163813202,0.));
#8048=DIRECTION('',(0.,0.,1.));
#8049=DIRECTION('center_axis',(0.,0.,-1.));
#8050=DIRECTION('ref_axis',(-0.998718248738194,0.0506148163813202,0.));
#8051=DIRECTION('center_axis',(0.,0.,1.));
#8052=DIRECTION('ref_axis',(-0.992339803042927,0.123538315095865,0.));
#8053=DIRECTION('center_axis',(0.,0.,1.));
#8054=DIRECTION('ref_axis',(-0.992339803042927,0.123538315095865,0.));
#8055=DIRECTION('',(0.,0.,1.));
#8056=DIRECTION('center_axis',(0.,0.,-1.));
#8057=DIRECTION('ref_axis',(-0.992339803042927,0.123538315095865,0.));
#8058=DIRECTION('center_axis',(0.,0.,1.));
#8059=DIRECTION('ref_axis',(-0.979896350957089,0.199507246437269,0.));
#8060=DIRECTION('center_axis',(0.,0.,1.));
#8061=DIRECTION('ref_axis',(-0.979896350957089,0.199507246437269,0.));
#8062=DIRECTION('',(0.,0.,1.));
#8063=DIRECTION('center_axis',(0.,0.,-1.));
#8064=DIRECTION('ref_axis',(-0.979896350957089,0.199507246437269,0.));
#8065=DIRECTION('center_axis',(0.,0.,1.));
#8066=DIRECTION('ref_axis',(-0.957815397979418,0.287384173874501,0.));
#8067=DIRECTION('center_axis',(0.,0.,1.));
#8068=DIRECTION('ref_axis',(-0.957815397979418,0.287384173874501,0.));
#8069=DIRECTION('',(0.,0.,1.));
#8070=DIRECTION('center_axis',(0.,0.,-1.));
#8071=DIRECTION('ref_axis',(-0.957815397979418,0.287384173874501,0.));
#8072=DIRECTION('center_axis',(0.,0.,1.));
#8073=DIRECTION('ref_axis',(-0.871514686993994,0.490369401934665,0.));
#8074=DIRECTION('center_axis',(0.,0.,1.));
#8075=DIRECTION('ref_axis',(-0.871514686993994,0.490369401934665,0.));
#8076=DIRECTION('',(0.,0.,1.));
#8077=DIRECTION('center_axis',(0.,0.,-1.));
#8078=DIRECTION('ref_axis',(-0.871514686993994,0.490369401934665,0.));
#8079=DIRECTION('center_axis',(0.,0.,1.));
#8080=DIRECTION('ref_axis',(-0.76546823723744,0.64347368072098,0.));
#8081=DIRECTION('center_axis',(0.,0.,1.));
#8082=DIRECTION('ref_axis',(-0.76546823723744,0.64347368072098,0.));
#8083=DIRECTION('',(0.,0.,1.));
#8084=DIRECTION('center_axis',(0.,0.,-1.));
#8085=DIRECTION('ref_axis',(-0.76546823723744,0.64347368072098,0.));
#8086=DIRECTION('center_axis',(0.,0.,1.));
#8087=DIRECTION('ref_axis',(-0.511196970623504,0.859463586910668,0.));
#8088=DIRECTION('center_axis',(0.,0.,1.));
#8089=DIRECTION('ref_axis',(-0.511196970623504,0.859463586910668,0.));
#8090=DIRECTION('',(0.,0.,1.));
#8091=DIRECTION('center_axis',(0.,0.,-1.));
#8092=DIRECTION('ref_axis',(-0.511196970623504,0.859463586910668,0.));
#8093=DIRECTION('center_axis',(0.,0.,1.));
#8094=DIRECTION('ref_axis',(-0.187045758561871,0.982351202067781,0.));
#8095=DIRECTION('center_axis',(0.,0.,1.));
#8096=DIRECTION('ref_axis',(-0.187045758561871,0.982351202067781,0.));
#8097=DIRECTION('',(0.,0.,1.));
#8098=DIRECTION('center_axis',(0.,0.,-1.));
#8099=DIRECTION('ref_axis',(-0.187045758561871,0.982351202067781,0.));
#8100=DIRECTION('center_axis',(0.,0.,1.));
#8101=DIRECTION('ref_axis',(0.0916175180977165,0.995794271111064,0.));
#8102=DIRECTION('center_axis',(0.,0.,1.));
#8103=DIRECTION('ref_axis',(0.0916175180977165,0.995794271111064,0.));
#8104=DIRECTION('',(0.,0.,1.));
#8105=DIRECTION('center_axis',(0.,0.,-1.));
#8106=DIRECTION('ref_axis',(0.0916175180977165,0.995794271111064,0.));
#8107=DIRECTION('center_axis',(0.,0.,1.));
#8108=DIRECTION('ref_axis',(0.229196007411517,0.973380290629834,0.));
#8109=DIRECTION('center_axis',(0.,0.,1.));
#8110=DIRECTION('ref_axis',(0.229196007411517,0.973380290629834,0.));
#8111=DIRECTION('',(0.,0.,1.));
#8112=DIRECTION('center_axis',(0.,0.,-1.));
#8113=DIRECTION('ref_axis',(0.229196007411517,0.973380290629834,0.));
#8114=DIRECTION('center_axis',(0.,0.,1.));
#8115=DIRECTION('ref_axis',(0.500017486716335,0.866015307588659,0.));
#8116=DIRECTION('center_axis',(0.,0.,1.));
#8117=DIRECTION('ref_axis',(0.500017486716335,0.866015307588659,0.));
#8118=DIRECTION('',(0.,0.,1.));
#8119=DIRECTION('center_axis',(0.,0.,-1.));
#8120=DIRECTION('ref_axis',(0.500017486716335,0.866015307588659,0.));
#8121=DIRECTION('center_axis',(0.,0.,1.));
#8122=DIRECTION('ref_axis',(0.812850573796583,0.582472269450285,0.));
#8123=DIRECTION('center_axis',(0.,0.,1.));
#8124=DIRECTION('ref_axis',(0.812850573796583,0.582472269450285,0.));
#8125=DIRECTION('',(0.,0.,1.));
#8126=DIRECTION('center_axis',(0.,0.,-1.));
#8127=DIRECTION('ref_axis',(0.812850573796583,0.582472269450285,0.));
#8128=DIRECTION('center_axis',(0.,0.,1.));
#8129=DIRECTION('ref_axis',(0.883714681189975,0.468026027320384,0.));
#8130=DIRECTION('center_axis',(0.,0.,1.));
#8131=DIRECTION('ref_axis',(0.883714681189975,0.468026027320384,0.));
#8132=DIRECTION('',(0.,0.,1.));
#8133=DIRECTION('center_axis',(0.,0.,-1.));
#8134=DIRECTION('ref_axis',(0.883714681189975,0.468026027320384,0.));
#8135=DIRECTION('center_axis',(0.,0.,1.));
#8136=DIRECTION('ref_axis',(0.946278764773164,0.32335197438608,0.));
#8137=DIRECTION('center_axis',(0.,0.,1.));
#8138=DIRECTION('ref_axis',(0.946278764773164,0.32335197438608,0.));
#8139=DIRECTION('',(0.,0.,1.));
#8140=DIRECTION('center_axis',(0.,0.,-1.));
#8141=DIRECTION('ref_axis',(0.946278764773164,0.32335197438608,0.));
#8142=DIRECTION('center_axis',(0.,0.,1.));
#8143=DIRECTION('ref_axis',(0.983595279619811,0.180389373050706,0.));
#8144=DIRECTION('center_axis',(0.,0.,1.));
#8145=DIRECTION('ref_axis',(0.983595279619811,0.180389373050706,0.));
#8146=DIRECTION('',(0.,0.,1.));
#8147=DIRECTION('center_axis',(0.,0.,-1.));
#8148=DIRECTION('ref_axis',(0.983595279619811,0.180389373050706,0.));
#8149=DIRECTION('center_axis',(0.,0.,1.));
#8150=DIRECTION('ref_axis',(0.992370623563822,0.123290492283673,0.));
#8151=DIRECTION('center_axis',(0.,0.,1.));
#8152=DIRECTION('ref_axis',(0.992370623563822,0.123290492283673,0.));
#8153=DIRECTION('',(0.,0.,1.));
#8154=DIRECTION('center_axis',(0.,0.,-1.));
#8155=DIRECTION('ref_axis',(0.992370623563822,0.123290492283673,0.));
#8156=DIRECTION('center_axis',(0.,0.,1.));
#8157=DIRECTION('ref_axis',(0.999646844824175,0.0265741534779903,0.));
#8158=DIRECTION('center_axis',(0.,0.,1.));
#8159=DIRECTION('ref_axis',(0.999646844824175,0.0265741534779903,0.));
#8160=DIRECTION('',(0.,0.,1.));
#8161=DIRECTION('center_axis',(0.,0.,-1.));
#8162=DIRECTION('ref_axis',(0.999646844824175,0.0265741534779903,0.));
#8163=DIRECTION('center_axis',(0.,0.,1.));
#8164=DIRECTION('ref_axis',(0.999676117594731,-0.0254491632618069,0.));
#8165=DIRECTION('center_axis',(0.,0.,1.));
#8166=DIRECTION('ref_axis',(0.999676117594731,-0.0254491632618069,0.));
#8167=DIRECTION('center_axis',(0.,0.,-1.));
#8168=DIRECTION('ref_axis',(0.999676117594731,-0.0254491632618069,0.));
#8169=DIRECTION('center_axis',(0.,0.,1.));
#8170=DIRECTION('ref_axis',(-0.986458567850793,0.164010651830186,0.));
#8171=DIRECTION('center_axis',(0.,0.,1.));
#8172=DIRECTION('ref_axis',(-0.986458567850793,0.164010651830186,0.));
#8173=DIRECTION('',(0.,0.,1.));
#8174=DIRECTION('center_axis',(0.,0.,1.));
#8175=DIRECTION('ref_axis',(-0.986458567850793,0.164010651830186,0.));
#8176=DIRECTION('',(0.,0.,1.));
#8177=DIRECTION('center_axis',(0.,0.,1.));
#8178=DIRECTION('ref_axis',(-0.90802488860349,0.418916222742233,0.));
#8179=DIRECTION('center_axis',(0.,0.,1.));
#8180=DIRECTION('ref_axis',(-0.90802488860349,0.418916222742233,0.));
#8181=DIRECTION('center_axis',(0.,0.,1.));
#8182=DIRECTION('ref_axis',(-0.90802488860349,0.418916222742233,0.));
#8183=DIRECTION('',(0.,0.,1.));
#8184=DIRECTION('center_axis',(0.,0.,1.));
#8185=DIRECTION('ref_axis',(-0.702458816587086,0.711724392584005,0.));
#8186=DIRECTION('center_axis',(0.,0.,1.));
#8187=DIRECTION('ref_axis',(-0.702458816587086,0.711724392584005,0.));
#8188=DIRECTION('center_axis',(0.,0.,1.));
#8189=DIRECTION('ref_axis',(-0.702458816587086,0.711724392584005,0.));
#8190=DIRECTION('',(0.,0.,1.));
#8191=DIRECTION('center_axis',(0.,0.,1.));
#8192=DIRECTION('ref_axis',(-0.313333583154143,0.949643125425434,0.));
#8193=DIRECTION('center_axis',(0.,0.,1.));
#8194=DIRECTION('ref_axis',(-0.313333583154143,0.949643125425434,0.));
#8195=DIRECTION('center_axis',(0.,0.,1.));
#8196=DIRECTION('ref_axis',(-0.313333583154143,0.949643125425434,0.));
#8197=DIRECTION('',(0.,0.,1.));
#8198=DIRECTION('center_axis',(0.,0.,1.));
#8199=DIRECTION('ref_axis',(0.00967410306676648,0.99995320477003,0.));
#8200=DIRECTION('center_axis',(0.,0.,1.));
#8201=DIRECTION('ref_axis',(0.00967410306676648,0.99995320477003,0.));
#8202=DIRECTION('center_axis',(0.,0.,1.));
#8203=DIRECTION('ref_axis',(0.00967410306676648,0.99995320477003,0.));
#8204=DIRECTION('',(0.,0.,1.));
#8205=DIRECTION('center_axis',(0.,0.,1.));
#8206=DIRECTION('ref_axis',(0.363750919818414,0.931496252451537,0.));
#8207=DIRECTION('center_axis',(0.,0.,1.));
#8208=DIRECTION('ref_axis',(0.363750919818414,0.931496252451537,0.));
#8209=DIRECTION('center_axis',(0.,0.,1.));
#8210=DIRECTION('ref_axis',(0.363750919818414,0.931496252451537,0.));
#8211=DIRECTION('',(0.,0.,1.));
#8212=DIRECTION('center_axis',(0.,0.,1.));
#8213=DIRECTION('ref_axis',(0.699261915460374,0.714865563296127,0.));
#8214=DIRECTION('center_axis',(0.,0.,1.));
#8215=DIRECTION('ref_axis',(0.699261915460374,0.714865563296127,0.));
#8216=DIRECTION('center_axis',(0.,0.,1.));
#8217=DIRECTION('ref_axis',(0.699261915460374,0.714865563296127,0.));
#8218=DIRECTION('',(0.,0.,1.));
#8219=DIRECTION('center_axis',(0.,0.,1.));
#8220=DIRECTION('ref_axis',(0.923692381192011,0.383134943496194,0.));
#8221=DIRECTION('center_axis',(0.,0.,1.));
#8222=DIRECTION('ref_axis',(0.923692381192011,0.383134943496194,0.));
#8223=DIRECTION('center_axis',(0.,0.,1.));
#8224=DIRECTION('ref_axis',(0.923692381192011,0.383134943496194,0.));
#8225=DIRECTION('',(0.,0.,1.));
#8226=DIRECTION('center_axis',(0.,0.,1.));
#8227=DIRECTION('ref_axis',(0.994276814280662,0.106834528987114,0.));
#8228=DIRECTION('center_axis',(0.,0.,1.));
#8229=DIRECTION('ref_axis',(0.994276814280662,0.106834528987114,0.));
#8230=DIRECTION('center_axis',(0.,0.,1.));
#8231=DIRECTION('ref_axis',(0.994276814280662,0.106834528987114,0.));
#8232=DIRECTION('',(0.,0.,1.));
#8233=DIRECTION('center_axis',(0.,0.,1.));
#8234=DIRECTION('ref_axis',(0.999983809690561,-0.00569037404329145,0.));
#8235=DIRECTION('center_axis',(0.,0.,1.));
#8236=DIRECTION('ref_axis',(0.999983809690561,-0.00569037404329145,0.));
#8237=DIRECTION('center_axis',(0.,0.,1.));
#8238=DIRECTION('ref_axis',(0.999983809690561,-0.00569037404329145,0.));
#8239=DIRECTION('',(0.,0.,1.));
#8240=DIRECTION('center_axis',(0.,0.,1.));
#8241=DIRECTION('ref_axis',(0.986458567850794,-0.164010651830181,0.));
#8242=DIRECTION('center_axis',(0.,0.,1.));
#8243=DIRECTION('ref_axis',(0.986458567850794,-0.164010651830181,0.));
#8244=DIRECTION('center_axis',(0.,0.,1.));
#8245=DIRECTION('ref_axis',(0.986458567850794,-0.164010651830181,0.));
#8246=DIRECTION('',(0.,0.,1.));
#8247=DIRECTION('center_axis',(0.,0.,1.));
#8248=DIRECTION('ref_axis',(0.908024888603487,-0.418916222742238,0.));
#8249=DIRECTION('center_axis',(0.,0.,1.));
#8250=DIRECTION('ref_axis',(0.908024888603487,-0.418916222742238,0.));
#8251=DIRECTION('center_axis',(0.,0.,1.));
#8252=DIRECTION('ref_axis',(0.908024888603487,-0.418916222742238,0.));
#8253=DIRECTION('',(0.,0.,1.));
#8254=DIRECTION('center_axis',(0.,0.,1.));
#8255=DIRECTION('ref_axis',(0.702458816587083,-0.711724392584008,0.));
#8256=DIRECTION('center_axis',(0.,0.,1.));
#8257=DIRECTION('ref_axis',(0.702458816587083,-0.711724392584008,0.));
#8258=DIRECTION('center_axis',(0.,0.,1.));
#8259=DIRECTION('ref_axis',(0.702458816587083,-0.711724392584008,0.));
#8260=DIRECTION('',(0.,0.,1.));
#8261=DIRECTION('center_axis',(0.,0.,1.));
#8262=DIRECTION('ref_axis',(0.313333583154348,-0.949643125425366,0.));
#8263=DIRECTION('center_axis',(0.,0.,1.));
#8264=DIRECTION('ref_axis',(0.313333583154348,-0.949643125425366,0.));
#8265=DIRECTION('center_axis',(0.,0.,1.));
#8266=DIRECTION('ref_axis',(0.313333583154348,-0.949643125425366,0.));
#8267=DIRECTION('',(0.,0.,1.));
#8268=DIRECTION('center_axis',(0.,0.,1.));
#8269=DIRECTION('ref_axis',(-0.00967410306683473,-0.999953204770029,0.));
#8270=DIRECTION('center_axis',(0.,0.,1.));
#8271=DIRECTION('ref_axis',(-0.00967410306683473,-0.999953204770029,0.));
#8272=DIRECTION('center_axis',(0.,0.,1.));
#8273=DIRECTION('ref_axis',(-0.00967410306683473,-0.999953204770029,0.));
#8274=DIRECTION('',(0.,0.,1.));
#8275=DIRECTION('center_axis',(0.,0.,1.));
#8276=DIRECTION('ref_axis',(-0.363750919818402,-0.931496252451542,0.));
#8277=DIRECTION('center_axis',(0.,0.,1.));
#8278=DIRECTION('ref_axis',(-0.363750919818402,-0.931496252451542,0.));
#8279=DIRECTION('center_axis',(0.,0.,1.));
#8280=DIRECTION('ref_axis',(-0.363750919818402,-0.931496252451542,0.));
#8281=DIRECTION('',(0.,0.,1.));
#8282=DIRECTION('center_axis',(0.,0.,1.));
#8283=DIRECTION('ref_axis',(-0.699261915460352,-0.714865563296149,0.));
#8284=DIRECTION('center_axis',(0.,0.,1.));
#8285=DIRECTION('ref_axis',(-0.699261915460352,-0.714865563296149,0.));
#8286=DIRECTION('center_axis',(0.,0.,1.));
#8287=DIRECTION('ref_axis',(-0.699261915460352,-0.714865563296149,0.));
#8288=DIRECTION('',(0.,0.,1.));
#8289=DIRECTION('center_axis',(0.,0.,1.));
#8290=DIRECTION('ref_axis',(-0.923692381191995,-0.383134943496233,0.));
#8291=DIRECTION('center_axis',(0.,0.,1.));
#8292=DIRECTION('ref_axis',(-0.923692381191995,-0.383134943496233,0.));
#8293=DIRECTION('center_axis',(0.,0.,1.));
#8294=DIRECTION('ref_axis',(-0.923692381191995,-0.383134943496233,0.));
#8295=DIRECTION('',(0.,0.,1.));
#8296=DIRECTION('center_axis',(0.,0.,1.));
#8297=DIRECTION('ref_axis',(-0.994276814280653,-0.106834528987199,0.));
#8298=DIRECTION('center_axis',(0.,0.,1.));
#8299=DIRECTION('ref_axis',(-0.994276814280653,-0.106834528987199,0.));
#8300=DIRECTION('center_axis',(0.,0.,1.));
#8301=DIRECTION('ref_axis',(-0.994276814280653,-0.106834528987199,0.));
#8302=DIRECTION('',(0.,0.,1.));
#8303=DIRECTION('center_axis',(0.,0.,1.));
#8304=DIRECTION('ref_axis',(-0.999983809690563,0.0056903740427975,0.));
#8305=DIRECTION('center_axis',(0.,0.,1.));
#8306=DIRECTION('ref_axis',(-0.999983809690563,0.0056903740427975,0.));
#8307=DIRECTION('center_axis',(0.,0.,1.));
#8308=DIRECTION('ref_axis',(-0.999983809690563,0.0056903740427975,0.));
#8309=DIRECTION('center_axis',(0.,0.,1.));
#8310=DIRECTION('ref_axis',(1.,0.,0.));
#8311=DIRECTION('center_axis',(0.,0.,1.));
#8312=DIRECTION('ref_axis',(1.,0.,0.));
#8313=DIRECTION('axis',(0.,0.,1.));
#8314=DIRECTION('refdir',(1.,0.,0.));
#8315=DIRECTION('center_axis',(0.,-1.11022302462516E-15,1.));
#8316=DIRECTION('ref_axis',(0.,-1.,-1.11022302462516E-15));
#8317=DIRECTION('',(0.,1.,1.11022302462516E-15));
#8318=DIRECTION('',(1.,0.,0.));
#8319=DIRECTION('',(0.,-1.,-1.11022302462516E-15));
#8320=DIRECTION('',(1.,0.,0.));
#8321=DIRECTION('center_axis',(0.,1.,0.));
#8322=DIRECTION('ref_axis',(0.,0.,1.));
#8323=DIRECTION('',(0.,0.,-1.));
#8324=DIRECTION('',(0.,0.,1.));
#8325=DIRECTION('',(1.,0.,0.));
#8326=DIRECTION('center_axis',(0.,0.,-1.));
#8327=DIRECTION('ref_axis',(0.,1.,0.));
#8328=DIRECTION('',(0.,-1.,0.));
#8329=DIRECTION('',(0.,1.,0.));
#8330=DIRECTION('',(1.,0.,0.));
#8331=DIRECTION('center_axis',(0.,-1.,0.));
#8332=DIRECTION('ref_axis',(0.,0.,-1.));
#8333=DIRECTION('',(0.,0.,1.));
#8334=DIRECTION('',(0.,0.,-1.));
#8335=DIRECTION('center_axis',(1.,0.,0.));
#8336=DIRECTION('ref_axis',(0.,0.,-1.));
#8337=DIRECTION('center_axis',(1.,0.,0.));
#8338=DIRECTION('ref_axis',(0.,0.,-1.));
#8339=DIRECTION('axis',(0.,0.,1.));
#8340=DIRECTION('refdir',(1.,0.,0.));
#8341=DIRECTION('center_axis',(0.,-5.55111512312334E-16,-1.));
#8342=DIRECTION('ref_axis',(0.,1.,-5.55111512312578E-16));
#8343=DIRECTION('',(0.,1.,-5.55111512312334E-16));
#8344=DIRECTION('',(1.,0.,0.));
#8345=DIRECTION('',(0.,1.,-5.55111512312334E-16));
#8346=DIRECTION('',(1.,0.,0.));
#8347=DIRECTION('center_axis',(0.,-1.,0.));
#8348=DIRECTION('ref_axis',(0.,0.,-1.));
#8349=DIRECTION('',(0.,0.,-1.));
#8350=DIRECTION('',(0.,0.,-1.));
#8351=DIRECTION('',(1.,0.,0.));
#8352=DIRECTION('center_axis',(0.,0.,1.));
#8353=DIRECTION('ref_axis',(0.,-1.,0.));
#8354=DIRECTION('',(0.,-1.,0.));
#8355=DIRECTION('',(0.,-1.,0.));
#8356=DIRECTION('',(1.,0.,0.));
#8357=DIRECTION('center_axis',(0.,1.,0.));
#8358=DIRECTION('ref_axis',(0.,0.,1.));
#8359=DIRECTION('',(0.,0.,1.));
#8360=DIRECTION('',(0.,0.,1.));
#8361=DIRECTION('center_axis',(1.,0.,0.));
#8362=DIRECTION('ref_axis',(0.,0.,-1.));
#8363=DIRECTION('center_axis',(1.,0.,0.));
#8364=DIRECTION('ref_axis',(0.,0.,-1.));
#8365=DIRECTION('axis',(0.,0.,1.));
#8366=DIRECTION('refdir',(1.,0.,0.));
#8367=DIRECTION('center_axis',(-1.,-6.80936788436752E-13,0.));
#8368=DIRECTION('ref_axis',(-6.81010803305071E-13,1.,0.));
#8369=DIRECTION('',(6.80936788436752E-13,-1.,0.));
#8370=DIRECTION('',(0.,0.,-1.));
#8371=DIRECTION('',(-6.80936788436752E-13,1.,0.));
#8372=DIRECTION('',(0.,0.,-1.));
#8373=DIRECTION('center_axis',(0.,-1.,0.));
#8374=DIRECTION('ref_axis',(-1.,0.,0.));
#8375=DIRECTION('',(1.,0.,0.));
#8376=DIRECTION('',(-1.,0.,0.));
#8377=DIRECTION('',(0.,0.,-1.));
#8378=DIRECTION('center_axis',(0.999999999997897,2.05104853101118E-6,0.));
#8379=DIRECTION('ref_axis',(2.05104853101545E-6,-0.999999999997897,0.));
#8380=DIRECTION('',(-2.05104853101118E-6,0.999999999997897,0.));
#8381=DIRECTION('',(2.05104853101118E-6,-0.999999999997897,0.));
#8382=DIRECTION('',(0.,0.,-1.));
#8383=DIRECTION('center_axis',(0.,-1.,0.));
#8384=DIRECTION('ref_axis',(-1.,0.,0.));
#8385=DIRECTION('',(1.,0.,0.));
#8386=DIRECTION('',(-1.,0.,0.));
#8387=DIRECTION('',(0.,0.,-1.));
#8388=DIRECTION('center_axis',(-1.,0.,0.));
#8389=DIRECTION('ref_axis',(0.,1.,0.));
#8390=DIRECTION('',(0.,-1.,0.));
#8391=DIRECTION('',(0.,1.,0.));
#8392=DIRECTION('',(0.,0.,-1.));
#8393=DIRECTION('center_axis',(0.,-1.,0.));
#8394=DIRECTION('ref_axis',(-1.,0.,0.));
#8395=DIRECTION('',(1.,0.,0.));
#8396=DIRECTION('',(-1.,0.,0.));
#8397=DIRECTION('',(0.,0.,-1.));
#8398=DIRECTION('center_axis',(1.,1.19904086659519E-12,0.));
#8399=DIRECTION('ref_axis',(1.19904086659517E-12,-1.,0.));
#8400=DIRECTION('',(-1.19904086659519E-12,1.,0.));
#8401=DIRECTION('',(1.19904086659519E-12,-1.,0.));
#8402=DIRECTION('',(0.,0.,-1.));
#8403=DIRECTION('center_axis',(0.,-1.,0.));
#8404=DIRECTION('ref_axis',(-1.,0.,0.));
#8405=DIRECTION('',(1.,0.,0.));
#8406=DIRECTION('',(-1.,0.,0.));
#8407=DIRECTION('',(0.,0.,-1.));
#8408=DIRECTION('center_axis',(-1.,0.,0.));
#8409=DIRECTION('ref_axis',(0.,1.,0.));
#8410=DIRECTION('',(0.,-1.,0.));
#8411=DIRECTION('',(0.,1.,0.));
#8412=DIRECTION('',(0.,0.,-1.));
#8413=DIRECTION('center_axis',(0.,-1.,0.));
#8414=DIRECTION('ref_axis',(-1.,0.,0.));
#8415=DIRECTION('',(1.,0.,0.));
#8416=DIRECTION('',(-1.,0.,0.));
#8417=DIRECTION('',(0.,0.,-1.));
#8418=DIRECTION('center_axis',(1.,-3.84877315203373E-13,0.));
#8419=DIRECTION('ref_axis',(-3.8485881148631E-13,-1.,0.));
#8420=DIRECTION('',(3.84877315203373E-13,1.,0.));
#8421=DIRECTION('',(-3.84877315203373E-13,-1.,0.));
#8422=DIRECTION('',(0.,0.,-1.));
#8423=DIRECTION('center_axis',(-8.123583107009E-15,1.,0.));
#8424=DIRECTION('ref_axis',(1.,8.21565038222616E-15,0.));
#8425=DIRECTION('',(-1.,-8.123583107009E-15,0.));
#8426=DIRECTION('',(1.,8.123583107009E-15,0.));
#8427=DIRECTION('center_axis',(0.,0.,1.));
#8428=DIRECTION('ref_axis',(1.,0.,0.));
#8429=DIRECTION('center_axis',(0.,0.,-1.));
#8430=DIRECTION('ref_axis',(-1.,0.,0.));
#8431=DIRECTION('axis',(0.,0.,1.));
#8432=DIRECTION('refdir',(1.,0.,0.));
#8433=DIRECTION('center_axis',(0.,1.,0.));
#8434=DIRECTION('ref_axis',(-1.,0.,0.));
#8435=DIRECTION('',(-1.,0.,0.));
#8436=DIRECTION('',(0.,0.,1.));
#8437=DIRECTION('',(-1.,0.,0.));
#8438=DIRECTION('',(0.,0.,1.));
#8439=DIRECTION('center_axis',(0.,-1.,0.));
#8440=DIRECTION('ref_axis',(-1.,0.,0.));
#8441=DIRECTION('',(-1.,0.,0.));
#8442=DIRECTION('',(0.,0.,-1.));
#8443=DIRECTION('',(-1.,0.,0.));
#8444=DIRECTION('',(0.,0.,-1.));
#8445=DIRECTION('center_axis',(1.,0.,0.));
#8446=DIRECTION('ref_axis',(0.,-1.,0.));
#8447=DIRECTION('',(0.,-1.,0.));
#8448=DIRECTION('',(0.,-1.,0.));
#8449=DIRECTION('center_axis',(-1.,2.66453525910034E-13,0.));
#8450=DIRECTION('ref_axis',(2.66453525910038E-13,1.,0.));
#8451=DIRECTION('',(2.66453525910034E-13,1.,0.));
#8452=DIRECTION('',(0.,-1.,0.));
#8453=DIRECTION('center_axis',(0.,0.,-1.));
#8454=DIRECTION('ref_axis',(-1.,0.,0.));
#8455=DIRECTION('center_axis',(0.,0.,1.));
#8456=DIRECTION('ref_axis',(1.,0.,0.));
#8457=DIRECTION('axis',(0.,0.,1.));
#8458=DIRECTION('refdir',(1.,0.,0.));
#8459=DIRECTION('',(-2.77555756156289E-17,-6.28529124033037E-32,-1.));
#8460=DIRECTION('',(1.,-1.22464679914735E-16,-2.77555756156289E-17));
#8461=DIRECTION('',(-1.97215226305253E-31,5.47382212626875E-47,1.));
#8462=DIRECTION('',(1.,7.34400907992113E-33,1.97215226305253E-31));
#8463=DIRECTION('',(1.35308431126191E-16,6.5838103817104E-32,1.));
#8464=DIRECTION('',(1.,-4.71844785465691E-16,-1.35308431126191E-16));
#8465=DIRECTION('',(0.,0.,1.));
#8466=DIRECTION('',(1.,0.,0.));
#8467=DIRECTION('',(0.,0.,1.));
#8468=DIRECTION('',(1.,0.,0.));
#8469=DIRECTION('',(0.,0.,1.));
#8470=DIRECTION('',(1.,0.,0.));
#8471=DIRECTION('',(0.,0.,1.));
#8472=DIRECTION('',(1.,0.,0.));
#8473=CARTESIAN_POINT('',(0.,0.,0.));
#8474=CARTESIAN_POINT('Origin',(1.14500070239661,1.09999994541722,1.));
#8475=CARTESIAN_POINT('',(1.14500070239661,1.09999994541722,1.));
#8476=CARTESIAN_POINT('',(0.805000702396592,1.09999994541722,1.));
#8477=CARTESIAN_POINT('',(0.572500351198303,1.09999994541722,1.));
#8478=CARTESIAN_POINT('',(1.14500070239661,1.09999994541722,0.8));
#8479=CARTESIAN_POINT('',(1.14500070239661,1.09999994541722,1.));
#8480=CARTESIAN_POINT('',(0.805000702396592,1.09999994541722,0.8));
#8481=CARTESIAN_POINT('',(1.14500070239661,1.09999994541722,0.8));
#8482=CARTESIAN_POINT('',(0.805000702396592,1.09999994541722,1.));
#8483=CARTESIAN_POINT('Origin',(2.77555756156289E-16,0.,1.));
#8484=CARTESIAN_POINT('',(1.14500070239661,1.64999999952673,1.));
#8485=CARTESIAN_POINT('',(1.14500070239661,0.574999972708613,1.));
#8486=CARTESIAN_POINT('',(0.805000702396459,1.64999999952673,1.));
#8487=CARTESIAN_POINT('',(0.805000702396594,0.549999972708611,1.));
#8488=CARTESIAN_POINT('',(0.495000702396009,1.64999999952673,1.));
#8489=CARTESIAN_POINT('',(-1.65,1.65,1.));
#8490=CARTESIAN_POINT('',(0.49500070239624,1.0499999454172,1.));
#8491=CARTESIAN_POINT('',(0.495000702396326,0.824999972708708,1.));
#8492=CARTESIAN_POINT('',(-1.14499929760464,1.04999994541722,1.));
#8493=CARTESIAN_POINT('',(0.247500351198124,1.0499999454172,1.));
#8494=CARTESIAN_POINT('',(-1.14499929760423,1.64999999952673,1.));
#8495=CARTESIAN_POINT('',(-1.14499929760499,0.524999972708998,1.));
#8496=CARTESIAN_POINT('',(-1.55,1.65,1.));
#8497=CARTESIAN_POINT('',(-1.65,1.65,1.));
#8498=CARTESIAN_POINT('',(-1.65,1.55,1.));
#8499=CARTESIAN_POINT('Origin',(-1.55,1.55,1.));
#8500=CARTESIAN_POINT('',(-1.65,-1.55,1.));
#8501=CARTESIAN_POINT('',(-1.65,-1.65,1.));
#8502=CARTESIAN_POINT('',(-1.55,-1.65,1.));
#8503=CARTESIAN_POINT('Origin',(-1.55,-1.55,1.));
#8504=CARTESIAN_POINT('',(-1.14499929760436,-1.64999999952673,1.));
#8505=CARTESIAN_POINT('',(1.65,-1.65,1.));
#8506=CARTESIAN_POINT('',(-1.14499929760382,0.460000163750211,1.));
#8507=CARTESIAN_POINT('',(-1.14499929760415,-0.824999972708464,1.));
#8508=CARTESIAN_POINT('',(1.14500070239661,0.460000163750219,1.));
#8509=CARTESIAN_POINT('',(-0.572499648801911,0.460000163750213,1.));
#8510=CARTESIAN_POINT('',(1.14500070239661,-1.64999999952673,1.));
#8511=CARTESIAN_POINT('',(1.14500070239661,0.23000008187511,1.));
#8512=CARTESIAN_POINT('',(1.55,-1.65,1.));
#8513=CARTESIAN_POINT('',(1.65,-1.65,1.));
#8514=CARTESIAN_POINT('',(1.65,-1.55,1.));
#8515=CARTESIAN_POINT('Origin',(1.55,-1.55,1.));
#8516=CARTESIAN_POINT('',(1.65,1.55,1.));
#8517=CARTESIAN_POINT('',(1.65,1.65,1.));
#8518=CARTESIAN_POINT('',(1.55,1.65,1.));
#8519=CARTESIAN_POINT('Origin',(1.55,1.55,1.));
#8520=CARTESIAN_POINT('',(-1.65,1.65,1.));
#8521=CARTESIAN_POINT('Origin',(1.55,-0.825,0.));
#8522=CARTESIAN_POINT('',(1.55,1.55,-0.1));
#8523=CARTESIAN_POINT('',(1.65,1.55,0.));
#8524=CARTESIAN_POINT('Origin',(1.55,1.55,0.));
#8525=CARTESIAN_POINT('',(1.65,-1.55,0.));
#8526=CARTESIAN_POINT('',(1.65,-0.825,0.));
#8527=CARTESIAN_POINT('',(1.55,-1.55,-0.1));
#8528=CARTESIAN_POINT('Origin',(1.55,-1.55,0.));
#8529=CARTESIAN_POINT('',(1.55,-0.825,-0.1));
#8530=CARTESIAN_POINT('Origin',(0.825,1.55,0.));
#8531=CARTESIAN_POINT('',(-1.55,1.55,-0.1));
#8532=CARTESIAN_POINT('',(-1.55,1.65,0.));
#8533=CARTESIAN_POINT('Origin',(-1.55,1.55,0.));
#8534=CARTESIAN_POINT('',(1.55,1.65,0.));
#8535=CARTESIAN_POINT('',(0.825,1.65,0.));
#8536=CARTESIAN_POINT('Origin',(1.55,1.55,0.));
#8537=CARTESIAN_POINT('',(0.825,1.55,-0.1));
#8538=CARTESIAN_POINT('Origin',(1.55,1.55,0.));
#8539=CARTESIAN_POINT('Origin',(1.55,1.55,0.));
#8540=CARTESIAN_POINT('Origin',(-1.55,0.825,0.));
#8541=CARTESIAN_POINT('',(-1.55,-1.55,-0.1));
#8542=CARTESIAN_POINT('',(-1.65,-1.55,0.));
#8543=CARTESIAN_POINT('Origin',(-1.55,-1.55,0.));
#8544=CARTESIAN_POINT('',(-1.65,1.55,0.));
#8545=CARTESIAN_POINT('',(-1.65,0.825,0.));
#8546=CARTESIAN_POINT('Origin',(-1.55,1.55,0.));
#8547=CARTESIAN_POINT('',(-1.55,0.825,-0.1));
#8548=CARTESIAN_POINT('Origin',(-1.55,1.55,0.));
#8549=CARTESIAN_POINT('Origin',(-1.55,1.55,0.));
#8550=CARTESIAN_POINT('Origin',(-0.825,-1.55,0.));
#8551=CARTESIAN_POINT('',(1.55,-1.65,0.));
#8552=CARTESIAN_POINT('Origin',(1.55,-1.55,0.));
#8553=CARTESIAN_POINT('',(-1.55,-1.65,0.));
#8554=CARTESIAN_POINT('',(-0.825,-1.65,0.));
#8555=CARTESIAN_POINT('Origin',(-1.55,-1.55,0.));
#8556=CARTESIAN_POINT('',(-0.825,-1.55,-0.1));
#8557=CARTESIAN_POINT('Origin',(-1.55,-1.55,0.));
#8558=CARTESIAN_POINT('Origin',(-1.55,-1.55,0.));
#8559=CARTESIAN_POINT('Origin',(1.55,-1.55,0.));
#8560=CARTESIAN_POINT('Origin',(1.55,-1.55,0.));
#8561=CARTESIAN_POINT('Origin',(-1.55,1.55,0.));
#8562=CARTESIAN_POINT('',(-1.65,1.55,0.));
#8563=CARTESIAN_POINT('',(-1.55,1.65,0.));
#8564=CARTESIAN_POINT('Origin',(-1.65,1.65,0.));
#8565=CARTESIAN_POINT('',(-1.65,-1.55,0.));
#8566=CARTESIAN_POINT('',(-1.65,-0.0500000000000012,0.89999999999991));
#8567=CARTESIAN_POINT('',(-1.65,-0.0500000000000012,0.8));
#8568=CARTESIAN_POINT('',(-1.65,-0.0500000000000012,0.449999999999955));
#8569=CARTESIAN_POINT('',(-1.65,0.199999999999999,0.8));
#8570=CARTESIAN_POINT('',(-1.65,0.799999999999999,0.800000000000001));
#8571=CARTESIAN_POINT('',(-1.65,0.199999999999999,0.89999999999991));
#8572=CARTESIAN_POINT('',(-1.65,0.199999999999999,0.4));
#8573=CARTESIAN_POINT('',(-1.65,0.924999999999999,0.89999999999991));
#8574=CARTESIAN_POINT('Origin',(-1.55,-1.55,0.));
#8575=CARTESIAN_POINT('',(-1.55,-1.65,0.));
#8576=CARTESIAN_POINT('Origin',(-1.65,-1.65,0.));
#8577=CARTESIAN_POINT('',(1.55,-1.65,0.));
#8578=CARTESIAN_POINT('',(1.14500070239661,-1.64999999952673,0.8));
#8579=CARTESIAN_POINT('',(1.14500070239661,-1.65,0.5));
#8580=CARTESIAN_POINT('',(0.805000702396458,-1.64999999952673,0.8));
#8581=CARTESIAN_POINT('',(-0.824999648801799,-1.65,0.8));
#8582=CARTESIAN_POINT('',(0.805000702396458,-1.64999999952673,1.));
#8583=CARTESIAN_POINT('',(0.805000702396458,-1.65,0.5));
#8584=CARTESIAN_POINT('',(0.495000702398336,-1.64999999952673,1.));
#8585=CARTESIAN_POINT('',(1.65,-1.65,1.));
#8586=CARTESIAN_POINT('',(0.495000702398335,-1.64999999952673,0.8));
#8587=CARTESIAN_POINT('',(0.495000702398336,-1.65,0.5));
#8588=CARTESIAN_POINT('',(0.155000702396365,-1.64999999952673,0.8));
#8589=CARTESIAN_POINT('',(-0.824999648801799,-1.65,0.8));
#8590=CARTESIAN_POINT('',(0.155000702396365,-1.64999999952673,1.));
#8591=CARTESIAN_POINT('',(0.155000702396365,-1.65,0.5));
#8592=CARTESIAN_POINT('',(-0.154999297603579,-1.64999999952673,1.));
#8593=CARTESIAN_POINT('',(1.65,-1.65,1.));
#8594=CARTESIAN_POINT('',(-0.154999297603579,-1.64999999952673,0.8));
#8595=CARTESIAN_POINT('',(-0.154999297603579,-1.65,0.5));
#8596=CARTESIAN_POINT('',(-0.494999297603719,-1.64999999952673,0.8));
#8597=CARTESIAN_POINT('',(-0.824999648801799,-1.65,0.8));
#8598=CARTESIAN_POINT('',(-0.494999297603719,-1.64999999952673,1.));
#8599=CARTESIAN_POINT('',(-0.494999297603719,-1.65,0.5));
#8600=CARTESIAN_POINT('',(-0.804999297603672,-1.64999999952673,1.));
#8601=CARTESIAN_POINT('',(1.65,-1.65,1.));
#8602=CARTESIAN_POINT('',(-0.804999297603672,-1.64999999952673,0.8));
#8603=CARTESIAN_POINT('',(-0.804999297603672,-1.65,0.5));
#8604=CARTESIAN_POINT('',(-1.14499929760436,-1.64999999952673,0.8));
#8605=CARTESIAN_POINT('',(-0.824999648801799,-1.65,0.8));
#8606=CARTESIAN_POINT('',(-1.14499929760436,-1.65,0.5));
#8607=CARTESIAN_POINT('Origin',(3.94255335449274E-16,-9.46212805078256E-18,
-0.1));
#8608=CARTESIAN_POINT('',(-1.39154757113718,1.1,-0.1));
#8609=CARTESIAN_POINT('',(-0.808452428862823,1.1,-0.1));
#8610=CARTESIAN_POINT('Origin',(-1.1,1.1,-0.1));
#8611=CARTESIAN_POINT('Origin',(-1.1,1.1,-0.1));
#8612=CARTESIAN_POINT('Origin',(1.55,-1.55,0.));
#8613=CARTESIAN_POINT('',(1.65,-1.55,0.));
#8614=CARTESIAN_POINT('Origin',(1.65,1.65,0.));
#8615=CARTESIAN_POINT('',(-1.14499929760423,1.64999999952673,0.8));
#8616=CARTESIAN_POINT('',(-1.14499929760423,1.65,0.5));
#8617=CARTESIAN_POINT('',(-0.804998046640577,1.64999999952673,0.8));
#8618=CARTESIAN_POINT('',(0.662500352360014,1.65,0.8));
#8619=CARTESIAN_POINT('',(-0.804998046640577,1.64999999952673,1.));
#8620=CARTESIAN_POINT('',(-0.804998046640571,1.65,0.5));
#8621=CARTESIAN_POINT('',(-0.494999297603948,1.64999999952673,1.));
#8622=CARTESIAN_POINT('',(-1.65,1.65,1.));
#8623=CARTESIAN_POINT('',(-0.494999297603948,1.64999999952673,0.8));
#8624=CARTESIAN_POINT('',(-0.494999297603948,1.65,0.5));
#8625=CARTESIAN_POINT('',(-0.154999297602893,1.64999999952673,0.8));
#8626=CARTESIAN_POINT('',(0.662500352360014,1.65,0.8));
#8627=CARTESIAN_POINT('',(-0.154999297602893,1.64999999952673,1.));
#8628=CARTESIAN_POINT('',(-0.154999297602893,1.65,0.5));
#8629=CARTESIAN_POINT('',(0.155000702396189,1.64999999952673,1.));
#8630=CARTESIAN_POINT('',(-1.65,1.65,1.));
#8631=CARTESIAN_POINT('',(0.155000702396189,1.64999999952673,0.8));
#8632=CARTESIAN_POINT('',(0.155000702396189,1.65,0.5));
#8633=CARTESIAN_POINT('',(0.495000702396009,1.64999999952673,0.8));
#8634=CARTESIAN_POINT('',(0.662500352360014,1.65,0.8));
#8635=CARTESIAN_POINT('',(0.495000702396009,1.65,0.5));
#8636=CARTESIAN_POINT('',(0.805000702396459,1.64999999952673,0.8));
#8637=CARTESIAN_POINT('',(0.805000702396459,1.65,0.5));
#8638=CARTESIAN_POINT('',(1.14500070239661,1.64999999952673,0.8));
#8639=CARTESIAN_POINT('',(1.31250035119828,1.65,0.8));
#8640=CARTESIAN_POINT('',(1.14500070239661,1.65,0.5));
#8641=CARTESIAN_POINT('',(1.55,1.65,0.));
#8642=CARTESIAN_POINT('Origin',(1.55,1.55,0.));
#8643=CARTESIAN_POINT('',(1.65,1.55,0.));
#8644=CARTESIAN_POINT('Ctrl Pts',(-1.02745468912513,1.1,-9.99999999999959E-5));
#8645=CARTESIAN_POINT('Ctrl Pts',(-1.02745468912513,1.02745468912513,-9.99999999999959E-5));
#8646=CARTESIAN_POINT('Ctrl Pts',(-1.1,1.02745468912513,-9.99999999999959E-5));
#8647=CARTESIAN_POINT('Ctrl Pts',(-1.17254531087487,1.02745468912513,-9.99999999999959E-5));
#8648=CARTESIAN_POINT('Ctrl Pts',(-1.17254531087487,1.1,-9.99999999999959E-5));
#8649=CARTESIAN_POINT('Ctrl Pts',(-1.17254531087487,1.17254531087487,-9.99999999999959E-5));
#8650=CARTESIAN_POINT('Ctrl Pts',(-1.1,1.17254531087487,-9.99999999999959E-5));
#8651=CARTESIAN_POINT('Ctrl Pts',(-1.02745468912513,1.17254531087487,-9.99999999999959E-5));
#8652=CARTESIAN_POINT('Ctrl Pts',(-1.02745468912513,1.1,-9.99999999999959E-5));
#8653=CARTESIAN_POINT('Ctrl Pts',(-0.895168383197056,1.1,-0.000100000000000081));
#8654=CARTESIAN_POINT('Ctrl Pts',(-0.895168383197056,0.895168383197056,
-0.000100000000000081));
#8655=CARTESIAN_POINT('Ctrl Pts',(-1.1,0.895168383197056,-0.000100000000000065));
#8656=CARTESIAN_POINT('Ctrl Pts',(-1.30483161680294,0.895168383197056,-0.000100000000000049));
#8657=CARTESIAN_POINT('Ctrl Pts',(-1.30483161680294,1.1,-0.000100000000000049));
#8658=CARTESIAN_POINT('Ctrl Pts',(-1.30483161680294,1.30483161680294,-0.000100000000000049));
#8659=CARTESIAN_POINT('Ctrl Pts',(-1.1,1.30483161680294,-0.000100000000000065));
#8660=CARTESIAN_POINT('Ctrl Pts',(-0.895168383197056,1.30483161680294,-0.000100000000000081));
#8661=CARTESIAN_POINT('Ctrl Pts',(-0.895168383197056,1.1,-0.000100000000000081));
#8662=CARTESIAN_POINT('Ctrl Pts',(-0.808452428862823,1.1,-0.1));
#8663=CARTESIAN_POINT('Ctrl Pts',(-0.808452428862823,0.808452428862823,
-0.1));
#8664=CARTESIAN_POINT('Ctrl Pts',(-1.1,0.808452428862823,-0.1));
#8665=CARTESIAN_POINT('Ctrl Pts',(-1.39154757113718,0.808452428862823,-0.1));
#8666=CARTESIAN_POINT('Ctrl Pts',(-1.39154757113718,1.1,-0.1));
#8667=CARTESIAN_POINT('Ctrl Pts',(-1.39154757113718,1.39154757113718,-0.1));
#8668=CARTESIAN_POINT('Ctrl Pts',(-1.1,1.39154757113718,-0.1));
#8669=CARTESIAN_POINT('Ctrl Pts',(-0.808452428862823,1.39154757113718,-0.1));
#8670=CARTESIAN_POINT('Ctrl Pts',(-0.808452428862823,1.1,-0.1));
#8671=CARTESIAN_POINT('',(-1.02745468912513,1.1,-9.99999999999959E-5));
#8672=CARTESIAN_POINT('Ctrl Pts',(-0.808452428862823,1.1,-0.1));
#8673=CARTESIAN_POINT('Ctrl Pts',(-0.895168383197056,1.1,-0.000100000000000081));
#8674=CARTESIAN_POINT('Ctrl Pts',(-1.02745468912513,1.1,-9.99999999999959E-5));
#8675=CARTESIAN_POINT('Origin',(-1.1,1.1,-9.99999999999959E-5));
#8676=CARTESIAN_POINT('Origin',(-1.1,1.1,-0.0001));
#8677=CARTESIAN_POINT('Origin',(-1.65,-0.0500000000000012,0.89999999999991));
#8678=CARTESIAN_POINT('',(-1.45,-0.0500000000000012,0.89999999999991));
#8679=CARTESIAN_POINT('',(-1.65,-0.0500000000000012,0.89999999999991));
#8680=CARTESIAN_POINT('',(-1.45,-0.0500000000000012,0.8));
#8681=CARTESIAN_POINT('',(-1.45,-0.0500000000000012,0.8));
#8682=CARTESIAN_POINT('',(-1.65,-0.0500000000000012,0.8));
#8683=CARTESIAN_POINT('Origin',(-1.65,0.199999999999999,0.89999999999991));
#8684=CARTESIAN_POINT('',(-1.45,0.199999999999999,0.89999999999991));
#8685=CARTESIAN_POINT('',(-1.65,0.199999999999999,0.89999999999991));
#8686=CARTESIAN_POINT('',(-1.45,-0.0500000000000012,0.89999999999991));
#8687=CARTESIAN_POINT('Origin',(-1.65,0.199999999999999,0.8));
#8688=CARTESIAN_POINT('',(-1.45,0.199999999999999,0.8));
#8689=CARTESIAN_POINT('',(-1.65,0.199999999999999,0.8));
#8690=CARTESIAN_POINT('',(-1.45,0.199999999999999,0.89999999999991));
#8691=CARTESIAN_POINT('Origin',(-1.65,-0.0500000000000012,0.8));
#8692=CARTESIAN_POINT('',(-1.45,0.199999999999999,0.8));
#8693=CARTESIAN_POINT('Origin',(-1.45,0.0749999999999988,0.849999999999955));
#8694=CARTESIAN_POINT('Origin',(1.65,0.200000000000002,0.8));
#8695=CARTESIAN_POINT('',(1.65,0.200000000000002,0.8));
#8696=CARTESIAN_POINT('',(1.65,-0.0500000000001083,0.8));
#8697=CARTESIAN_POINT('',(1.65,-0.724999999999999,0.8));
#8698=CARTESIAN_POINT('',(1.45,0.200000000000002,0.8));
#8699=CARTESIAN_POINT('',(1.65,0.200000000000002,0.8));
#8700=CARTESIAN_POINT('',(1.45,-0.0500000000001083,0.8));
#8701=CARTESIAN_POINT('',(1.45,-0.0500000000001083,0.8));
#8702=CARTESIAN_POINT('',(1.65,-0.0500000000001083,0.8));
#8703=CARTESIAN_POINT('Origin',(1.65,0.200000000000002,0.899999999999647));
#8704=CARTESIAN_POINT('',(1.65,0.200000000000002,0.899999999999647));
#8705=CARTESIAN_POINT('',(1.65,0.200000000000002,0.449999999999823));
#8706=CARTESIAN_POINT('',(1.45,0.200000000000002,0.899999999999647));
#8707=CARTESIAN_POINT('',(1.65,0.200000000000002,0.899999999999647));
#8708=CARTESIAN_POINT('',(1.45,0.200000000000002,0.8));
#8709=CARTESIAN_POINT('Origin',(1.65,-0.0500000000001083,0.899999999999647));
#8710=CARTESIAN_POINT('',(1.65,-0.0500000000001083,0.899999999999647));
#8711=CARTESIAN_POINT('',(1.65,-0.850000000000054,0.899999999999647));
#8712=CARTESIAN_POINT('',(1.45,-0.0500000000001083,0.899999999999647));
#8713=CARTESIAN_POINT('',(1.65,-0.0500000000001083,0.899999999999647));
#8714=CARTESIAN_POINT('',(1.45,0.200000000000002,0.899999999999647));
#8715=CARTESIAN_POINT('Origin',(1.65,-0.0500000000001083,0.8));
#8716=CARTESIAN_POINT('',(1.65,-0.0500000000001083,0.4));
#8717=CARTESIAN_POINT('',(1.45,-0.0500000000001083,0.899999999999647));
#8718=CARTESIAN_POINT('Origin',(1.45,0.0749999999999467,0.849999999999824));
#8719=CARTESIAN_POINT('Origin',(0.495000702396009,1.64999994541722,1.));
#8720=CARTESIAN_POINT('',(0.49500070239624,1.0499999454172,0.8));
#8721=CARTESIAN_POINT('',(0.49500070239624,1.0499999454172,0.8));
#8722=CARTESIAN_POINT('',(0.49500070239624,1.0499999454172,1.));
#8723=CARTESIAN_POINT('Origin',(0.155000702396189,1.44999994541723,1.));
#8724=CARTESIAN_POINT('',(0.155000702396189,1.44999994541723,1.));
#8725=CARTESIAN_POINT('',(0.155000702396188,0.724999972708614,1.));
#8726=CARTESIAN_POINT('',(0.155000702396189,1.44999994541723,0.8));
#8727=CARTESIAN_POINT('',(0.155000702396189,1.44999994541723,1.));
#8728=CARTESIAN_POINT('',(0.155000702396189,1.64999994541722,0.8));
#8729=CARTESIAN_POINT('Origin',(-0.154999297603133,1.44999994541723,1.));
#8730=CARTESIAN_POINT('',(-0.154999297603133,1.44999994541723,1.));
#8731=CARTESIAN_POINT('',(-0.0774996488015663,1.44999994541723,1.));
#8732=CARTESIAN_POINT('',(-0.154999297603133,1.44999994541723,0.8));
#8733=CARTESIAN_POINT('',(-0.154999297603133,1.44999994541723,1.));
#8734=CARTESIAN_POINT('',(0.155000702396189,1.44999994541723,0.8));
#8735=CARTESIAN_POINT('Origin',(-0.154999297602893,1.64999994541722,1.));
#8736=CARTESIAN_POINT('',(-0.154999297603883,0.824999972708705,1.));
#8737=CARTESIAN_POINT('',(-0.154999297603133,1.44999994541723,0.8));
#8738=CARTESIAN_POINT('Origin',(-0.494999297603948,1.44999994541723,1.));
#8739=CARTESIAN_POINT('',(-0.494999297603948,1.44999994541723,1.));
#8740=CARTESIAN_POINT('',(-0.494999297603949,0.724999972708615,1.));
#8741=CARTESIAN_POINT('',(-0.494999297603948,1.44999994541723,0.8));
#8742=CARTESIAN_POINT('',(-0.494999297603948,1.44999994541723,1.));
#8743=CARTESIAN_POINT('',(-0.494999297603948,1.64999994541722,0.8));
#8744=CARTESIAN_POINT('Origin',(-0.804998456850389,1.44999994541723,1.));
#8745=CARTESIAN_POINT('',(-0.804998456850389,1.44999994541723,1.));
#8746=CARTESIAN_POINT('',(-0.402499228425194,1.44999994541723,1.));
#8747=CARTESIAN_POINT('',(-0.804998456850389,1.44999994541723,0.8));
#8748=CARTESIAN_POINT('',(-0.804998456850389,1.44999994541723,1.));
#8749=CARTESIAN_POINT('',(-0.494999297603948,1.44999994541723,0.8));
#8750=CARTESIAN_POINT('Origin',(-0.804998046640683,1.64999994541722,1.));
#8751=CARTESIAN_POINT('',(-0.804999738753972,0.825000798257114,1.));
#8752=CARTESIAN_POINT('',(-0.804998456850389,1.44999994541723,0.8));
#8753=CARTESIAN_POINT('Origin',(-1.14499929760464,1.04999994541722,1.));
#8754=CARTESIAN_POINT('',(-1.14499929760464,1.04999994541722,0.8));
#8755=CARTESIAN_POINT('',(-1.14499929760464,1.04999994541722,1.));
#8756=CARTESIAN_POINT('',(-1.14499929760423,1.64999994541722,0.8));
#8757=CARTESIAN_POINT('Origin',(0.49500070239624,1.0499999454172,1.));
#8758=CARTESIAN_POINT('',(-1.14499929760464,1.04999994541722,0.8));
#8759=CARTESIAN_POINT('Origin',(-0.324999295279972,1.35681818185979,0.8));
#8760=CARTESIAN_POINT('Origin',(1.14500070239661,1.64999994541722,1.));
#8761=CARTESIAN_POINT('',(1.14500070239661,1.14999994541722,0.8));
#8762=CARTESIAN_POINT('Origin',(0.805000702396592,1.14999994541722,1.));
#8763=CARTESIAN_POINT('',(0.805000702396592,1.09999994541722,0.8));
#8764=CARTESIAN_POINT('Origin',(0.975000702396567,1.39999994541724,0.8));
#8765=CARTESIAN_POINT('Origin',(-1.14499929760436,-1.64999994541722,1.));
#8766=CARTESIAN_POINT('',(-1.14499929760382,0.460000163750211,0.8));
#8767=CARTESIAN_POINT('',(-1.14499929760382,0.460000163750211,0.8));
#8768=CARTESIAN_POINT('',(-1.14499929760382,0.460000163750211,1.));
#8769=CARTESIAN_POINT('Origin',(-0.804999297603672,-1.24999983624982,1.));
#8770=CARTESIAN_POINT('',(-0.804999297603672,-1.24999983624982,1.));
#8771=CARTESIAN_POINT('',(-0.804999297603671,-0.624999918124909,1.));
#8772=CARTESIAN_POINT('',(-0.804999297603671,-1.24999983624982,0.8));
#8773=CARTESIAN_POINT('',(-0.804999297603672,-1.24999983624982,1.));
#8774=CARTESIAN_POINT('',(-0.804999297603672,-1.64999994541722,0.8));
#8775=CARTESIAN_POINT('Origin',(-0.494999297603719,-1.24999983624982,1.));
#8776=CARTESIAN_POINT('',(-0.494999297603719,-1.24999983624982,1.));
#8777=CARTESIAN_POINT('',(-0.247499648801859,-1.24999983624982,1.));
#8778=CARTESIAN_POINT('',(-0.494999297603719,-1.24999983624982,0.8));
#8779=CARTESIAN_POINT('',(-0.494999297603719,-1.24999983624982,1.));
#8780=CARTESIAN_POINT('',(-0.804999297603672,-1.24999983624982,0.8));
#8781=CARTESIAN_POINT('Origin',(-0.494999297603719,-1.64999994541722,1.));
#8782=CARTESIAN_POINT('',(-0.494999297603719,-0.824999972708611,1.));
#8783=CARTESIAN_POINT('',(-0.494999297603719,-1.24999983624982,0.8));
#8784=CARTESIAN_POINT('Origin',(-0.154999297603578,-1.24999983624982,1.));
#8785=CARTESIAN_POINT('',(-0.154999297603578,-1.24999983624982,1.));
#8786=CARTESIAN_POINT('',(-0.154999297603578,-0.624999918124909,1.));
#8787=CARTESIAN_POINT('',(-0.154999297603578,-1.24999983624982,0.8));
#8788=CARTESIAN_POINT('',(-0.154999297603578,-1.24999983624982,1.));
#8789=CARTESIAN_POINT('',(-0.154999297603579,-1.64999994541722,0.8));
#8790=CARTESIAN_POINT('Origin',(0.155000702396366,-1.24999983624982,1.));
#8791=CARTESIAN_POINT('',(0.155000702396366,-1.24999983624982,1.));
#8792=CARTESIAN_POINT('',(0.0775003511981829,-1.24999983624982,1.));
#8793=CARTESIAN_POINT('',(0.155000702396366,-1.24999983624982,0.8));
#8794=CARTESIAN_POINT('',(0.155000702396366,-1.24999983624982,1.));
#8795=CARTESIAN_POINT('',(-0.154999297603578,-1.24999983624982,0.8));
#8796=CARTESIAN_POINT('Origin',(0.155000702396365,-1.64999994541722,1.));
#8797=CARTESIAN_POINT('',(0.155000702396366,-0.824999972708611,1.));
#8798=CARTESIAN_POINT('',(0.155000702396366,-1.24999983624982,0.8));
#8799=CARTESIAN_POINT('Origin',(0.495000702396506,-1.24999983624982,1.));
#8800=CARTESIAN_POINT('',(0.495000702396506,-1.24999983624982,1.));
#8801=CARTESIAN_POINT('',(0.495000702393647,-0.624999918123777,1.));
#8802=CARTESIAN_POINT('',(0.495000702396506,-1.24999983624982,0.8));
#8803=CARTESIAN_POINT('',(0.495000702396506,-1.24999983624982,1.));
#8804=CARTESIAN_POINT('',(0.495000702398335,-1.64999994541722,0.8));
#8805=CARTESIAN_POINT('Origin',(0.805000702396459,-1.24999983624982,1.));
#8806=CARTESIAN_POINT('',(0.805000702396459,-1.24999983624982,1.));
#8807=CARTESIAN_POINT('',(0.40250035119823,-1.24999983624982,1.));
#8808=CARTESIAN_POINT('',(0.805000702396459,-1.24999983624982,0.8));
#8809=CARTESIAN_POINT('',(0.805000702396459,-1.24999983624982,1.));
#8810=CARTESIAN_POINT('',(0.495000702396506,-1.24999983624982,0.8));
#8811=CARTESIAN_POINT('Origin',(0.805000702396458,-1.64999994541722,1.));
#8812=CARTESIAN_POINT('',(0.805000702396459,-0.824999972708611,1.));
#8813=CARTESIAN_POINT('',(0.805000702396459,-1.24999983624982,0.8));
#8814=CARTESIAN_POINT('Origin',(1.14500070239661,0.460000163750219,1.));
#8815=CARTESIAN_POINT('',(1.14500070239661,0.460000163750219,0.8));
#8816=CARTESIAN_POINT('',(1.14500070239661,0.460000163750219,1.));
#8817=CARTESIAN_POINT('',(1.14500070239661,-1.64999994541722,0.8));
#8818=CARTESIAN_POINT('Origin',(-1.14499929760382,0.460000163750211,1.));
#8819=CARTESIAN_POINT('',(1.14500070239661,0.460000163750219,0.8));
#8820=CARTESIAN_POINT('Origin',(7.02396401736083E-7,-0.744999920074958,
0.8));
#8821=CARTESIAN_POINT('Origin',(2.77555756156289E-16,0.,1.));
#8822=CARTESIAN_POINT('Origin',(2.77555756156289E-16,0.,1.));
#8823=CARTESIAN_POINT('Origin',(2.77555756156289E-16,0.,1.));
#8824=CARTESIAN_POINT('Origin',(2.77555756156289E-16,0.,1.));
#8825=CARTESIAN_POINT('Origin',(1.65,-1.65,0.));
#8826=CARTESIAN_POINT('Origin',(2.77555756156289E-16,0.,1.));
#8827=CARTESIAN_POINT('',(0.,0.,0.));
#8828=CARTESIAN_POINT('Origin',(1.14500070239661,1.64999994541722,1.));
#8829=CARTESIAN_POINT('',(1.14500070239661,1.64999994541722,1.));
#8830=CARTESIAN_POINT('',(1.14500070239661,-0.460000163750219,1.));
#8831=CARTESIAN_POINT('',(1.14500070239661,1.64999994541722,1.));
#8832=CARTESIAN_POINT('',(1.14500070239661,-0.460000163750219,0.8));
#8833=CARTESIAN_POINT('',(1.14500070239661,-0.460000163750219,1.));
#8834=CARTESIAN_POINT('',(1.14500070239661,1.64999994541722,0.8));
#8835=CARTESIAN_POINT('',(1.14500070239661,1.64999994541722,0.8));
#8836=CARTESIAN_POINT('',(1.14500070239661,1.64999994541722,1.));
#8837=CARTESIAN_POINT('Origin',(0.805000702396458,1.64999994541722,1.));
#8838=CARTESIAN_POINT('',(0.805000702396458,1.64999994541722,1.));
#8839=CARTESIAN_POINT('',(0.805000702396458,1.64999994541722,1.));
#8840=CARTESIAN_POINT('',(0.805000702396458,1.64999994541722,0.8));
#8841=CARTESIAN_POINT('',(0.805000702396458,1.64999994541722,0.8));
#8842=CARTESIAN_POINT('',(0.805000702396458,1.64999994541722,1.));
#8843=CARTESIAN_POINT('Origin',(0.805000702396458,1.24999983624982,1.));
#8844=CARTESIAN_POINT('',(0.805000702396458,1.24999983624982,1.));
#8845=CARTESIAN_POINT('',(0.805000702396458,1.24999983624982,1.));
#8846=CARTESIAN_POINT('',(0.805000702396458,1.24999983624982,0.8));
#8847=CARTESIAN_POINT('',(0.805000702396458,1.24999983624982,0.8));
#8848=CARTESIAN_POINT('',(0.805000702396458,1.24999983624982,1.));
#8849=CARTESIAN_POINT('Origin',(0.495000702396506,1.24999983624982,1.));
#8850=CARTESIAN_POINT('',(0.495000702396506,1.24999983624982,1.));
#8851=CARTESIAN_POINT('',(0.495000702396506,1.24999983624982,1.));
#8852=CARTESIAN_POINT('',(0.495000702396506,1.24999983624982,0.8));
#8853=CARTESIAN_POINT('',(0.495000702396506,1.24999983624982,0.8));
#8854=CARTESIAN_POINT('',(0.495000702396506,1.24999983624982,1.));
#8855=CARTESIAN_POINT('Origin',(0.495000702398335,1.64999994541722,1.));
#8856=CARTESIAN_POINT('',(0.495000702398335,1.64999994541722,1.));
#8857=CARTESIAN_POINT('',(0.495000702398335,1.64999994541722,1.));
#8858=CARTESIAN_POINT('',(0.495000702398335,1.64999994541722,0.8));
#8859=CARTESIAN_POINT('',(0.495000702398335,1.64999994541722,0.8));
#8860=CARTESIAN_POINT('',(0.495000702398335,1.64999994541722,1.));
#8861=CARTESIAN_POINT('Origin',(0.155000702396366,1.64999994541722,1.));
#8862=CARTESIAN_POINT('',(0.155000702396366,1.64999994541722,1.));
#8863=CARTESIAN_POINT('',(0.155000702396366,1.64999994541722,1.));
#8864=CARTESIAN_POINT('',(0.155000702396366,1.64999994541722,0.8));
#8865=CARTESIAN_POINT('',(0.155000702396366,1.64999994541722,0.8));
#8866=CARTESIAN_POINT('',(0.155000702396366,1.64999994541722,1.));
#8867=CARTESIAN_POINT('Origin',(0.155000702396366,1.24999983624982,1.));
#8868=CARTESIAN_POINT('',(0.155000702396366,1.24999983624982,1.));
#8869=CARTESIAN_POINT('',(0.155000702396366,1.24999983624982,1.));
#8870=CARTESIAN_POINT('',(0.155000702396366,1.24999983624982,0.8));
#8871=CARTESIAN_POINT('',(0.155000702396366,1.24999983624982,0.8));
#8872=CARTESIAN_POINT('',(0.155000702396366,1.24999983624982,1.));
#8873=CARTESIAN_POINT('Origin',(-0.154999297603578,1.24999983624982,1.));
#8874=CARTESIAN_POINT('',(-0.154999297603578,1.24999983624982,1.));
#8875=CARTESIAN_POINT('',(-0.154999297603578,1.24999983624982,1.));
#8876=CARTESIAN_POINT('',(-0.154999297603578,1.24999983624982,0.8));
#8877=CARTESIAN_POINT('',(-0.154999297603578,1.24999983624982,0.8));
#8878=CARTESIAN_POINT('',(-0.154999297603578,1.24999983624982,1.));
#8879=CARTESIAN_POINT('Origin',(-0.154999297603578,1.64999994541722,1.));
#8880=CARTESIAN_POINT('',(-0.154999297603578,1.64999994541722,1.));
#8881=CARTESIAN_POINT('',(-0.154999297603578,1.64999994541722,1.));
#8882=CARTESIAN_POINT('',(-0.154999297603578,1.64999994541722,0.8));
#8883=CARTESIAN_POINT('',(-0.154999297603578,1.64999994541722,0.8));
#8884=CARTESIAN_POINT('',(-0.154999297603578,1.64999994541722,1.));
#8885=CARTESIAN_POINT('Origin',(-0.494999297603718,1.64999994541722,1.));
#8886=CARTESIAN_POINT('',(-0.494999297603718,1.64999994541722,1.));
#8887=CARTESIAN_POINT('',(-0.494999297603718,1.64999994541722,1.));
#8888=CARTESIAN_POINT('',(-0.494999297603718,1.64999994541722,0.8));
#8889=CARTESIAN_POINT('',(-0.494999297603718,1.64999994541722,0.8));
#8890=CARTESIAN_POINT('',(-0.494999297603718,1.64999994541722,1.));
#8891=CARTESIAN_POINT('Origin',(-0.494999297603718,1.24999983624982,1.));
#8892=CARTESIAN_POINT('',(-0.494999297603718,1.24999983624982,1.));
#8893=CARTESIAN_POINT('',(-0.494999297603718,1.24999983624982,1.));
#8894=CARTESIAN_POINT('',(-0.494999297603718,1.24999983624982,0.8));
#8895=CARTESIAN_POINT('',(-0.494999297603718,1.24999983624982,0.8));
#8896=CARTESIAN_POINT('',(-0.494999297603718,1.24999983624982,1.));
#8897=CARTESIAN_POINT('Origin',(-0.804999297603671,1.24999983624982,1.));
#8898=CARTESIAN_POINT('',(-0.804999297603671,1.24999983624982,1.));
#8899=CARTESIAN_POINT('',(-0.804999297603671,1.24999983624982,1.));
#8900=CARTESIAN_POINT('',(-0.804999297603671,1.24999983624982,0.8));
#8901=CARTESIAN_POINT('',(-0.804999297603671,1.24999983624982,0.8));
#8902=CARTESIAN_POINT('',(-0.804999297603671,1.24999983624982,1.));
#8903=CARTESIAN_POINT('Origin',(-0.804999297603671,1.64999994541722,1.));
#8904=CARTESIAN_POINT('',(-0.804999297603671,1.64999994541722,1.));
#8905=CARTESIAN_POINT('',(-0.804999297603671,1.64999994541722,1.));
#8906=CARTESIAN_POINT('',(-0.804999297603671,1.64999994541722,0.8));
#8907=CARTESIAN_POINT('',(-0.804999297603671,1.64999994541722,0.8));
#8908=CARTESIAN_POINT('',(-0.804999297603671,1.64999994541722,1.));
#8909=CARTESIAN_POINT('Origin',(-1.14499929760436,1.64999994541722,1.));
#8910=CARTESIAN_POINT('',(-1.14499929760436,1.64999994541722,1.));
#8911=CARTESIAN_POINT('',(-1.14499929760436,1.64999994541722,1.));
#8912=CARTESIAN_POINT('',(-1.14499929760436,1.64999994541722,0.8));
#8913=CARTESIAN_POINT('',(-1.14499929760436,1.64999994541722,0.8));
#8914=CARTESIAN_POINT('',(-1.14499929760436,1.64999994541722,1.));
#8915=CARTESIAN_POINT('Origin',(-1.14499929760382,-0.46000016375021,1.));
#8916=CARTESIAN_POINT('',(-1.14499929760382,-0.46000016375021,1.));
#8917=CARTESIAN_POINT('',(-1.14499929760382,-0.46000016375021,1.));
#8918=CARTESIAN_POINT('',(-1.14499929760382,-0.46000016375021,0.8));
#8919=CARTESIAN_POINT('',(-1.14499929760382,-0.46000016375021,0.8));
#8920=CARTESIAN_POINT('',(-1.14499929760382,-0.46000016375021,1.));
#8921=CARTESIAN_POINT('Origin',(1.14500070239661,-0.460000163750219,1.));
#8922=CARTESIAN_POINT('',(1.14500070239661,-0.460000163750219,1.));
#8923=CARTESIAN_POINT('',(1.14500070239661,-0.460000163750219,0.8));
#8924=CARTESIAN_POINT('Origin',(7.02396401736083E-7,0.744999920074959,0.8));
#8925=CARTESIAN_POINT('Origin',(7.02396401796202E-7,0.744999920074959,1.));
#8926=CARTESIAN_POINT('',(0.,0.,0.));
#8927=CARTESIAN_POINT('Origin',(-1.39327943687531,0.991347492667917,1.55));
#8928=CARTESIAN_POINT('',(-1.38470492544558,1.38876484932143,1.55));
#8929=CARTESIAN_POINT('',(-1.27017308121293,1.36931429387042,1.55));
#8930=CARTESIAN_POINT('Origin',(-1.39327943687531,0.991347492667917,1.55));
#8931=CARTESIAN_POINT('',(-1.38470492544558,1.38876484932143,1.56));
#8932=CARTESIAN_POINT('',(-1.38470492544558,1.38876484932143,1.55));
#8933=CARTESIAN_POINT('',(-1.27017308121293,1.36931429387042,1.56));
#8934=CARTESIAN_POINT('Origin',(-1.39327943687531,0.991347492667917,1.56));
#8935=CARTESIAN_POINT('',(-1.27017308121293,1.36931429387042,1.55));
#8936=CARTESIAN_POINT('Origin',(-1.18195103661402,0.989587061366752,1.55));
#8937=CARTESIAN_POINT('',(-1.18195103661402,0.989587061366752,1.55));
#8938=CARTESIAN_POINT('',(-1.27017308121293,1.36931429387042,1.55));
#8939=CARTESIAN_POINT('',(-1.18195103661402,0.989587061366752,1.56));
#8940=CARTESIAN_POINT('',(-1.27017308121293,1.36931429387042,1.56));
#8941=CARTESIAN_POINT('',(-1.18195103661402,0.989587061366752,1.55));
#8942=CARTESIAN_POINT('Origin',(-1.38848543258311,1.32251326776452,1.55));
#8943=CARTESIAN_POINT('',(-1.41086611863578,0.931366977335301,1.55));
#8944=CARTESIAN_POINT('Origin',(-1.38848543258311,1.32251326776452,1.55));
#8945=CARTESIAN_POINT('',(-1.41086611863578,0.931366977335301,1.56));
#8946=CARTESIAN_POINT('Origin',(-1.38848543258311,1.32251326776452,1.56));
#8947=CARTESIAN_POINT('',(-1.41086611863578,0.931366977335301,1.55));
#8948=CARTESIAN_POINT('Origin',(-1.40545735550962,1.31384381433466,1.55));
#8949=CARTESIAN_POINT('',(-1.58048367723406,0.973720936152078,1.55));
#8950=CARTESIAN_POINT('Origin',(-1.40545735550962,1.31384381433466,1.55));
#8951=CARTESIAN_POINT('',(-1.58048367723406,0.973720936152078,1.56));
#8952=CARTESIAN_POINT('Origin',(-1.40545735550962,1.31384381433466,1.56));
#8953=CARTESIAN_POINT('',(-1.58048367723406,0.973720936152078,1.55));
#8954=CARTESIAN_POINT('Origin',(-1.41947319858723,1.30039064579556,1.55));
#8955=CARTESIAN_POINT('',(-1.64920857492613,1.01779706785887,1.55));
#8956=CARTESIAN_POINT('Origin',(-1.41947319858723,1.30039064579556,1.55));
#8957=CARTESIAN_POINT('',(-1.64920857492613,1.01779706785887,1.56));
#8958=CARTESIAN_POINT('Origin',(-1.41947319858723,1.30039064579556,1.56));
#8959=CARTESIAN_POINT('',(-1.64920857492613,1.01779706785887,1.55));
#8960=CARTESIAN_POINT('Origin',(-1.49440996908077,1.20037088222339,1.55));
#8961=CARTESIAN_POINT('',(-1.70948068208214,1.09529760078439,1.55));
#8962=CARTESIAN_POINT('Origin',(-1.49440996908077,1.20037088222339,1.55));
#8963=CARTESIAN_POINT('',(-1.70948068208214,1.09529760078439,1.56));
#8964=CARTESIAN_POINT('Origin',(-1.49440996908077,1.20037088222339,1.56));
#8965=CARTESIAN_POINT('',(-1.70948068208214,1.09529760078439,1.55));
#8966=CARTESIAN_POINT('Origin',(-1.54698717987407,1.16488901150656,1.55));
#8967=CARTESIAN_POINT('',(-1.7234461729679,1.1544330819707,1.55));
#8968=CARTESIAN_POINT('Origin',(-1.54698717987407,1.16488901150656,1.55));
#8969=CARTESIAN_POINT('',(-1.7234461729679,1.1544330819707,1.56));
#8970=CARTESIAN_POINT('Origin',(-1.54698717987407,1.16488901150656,1.56));
#8971=CARTESIAN_POINT('',(-1.7234461729679,1.1544330819707,1.55));
#8972=CARTESIAN_POINT('Origin',(-1.54435537683462,1.15365893443349,1.55));
#8973=CARTESIAN_POINT('',(-1.70402929877378,1.23476596998916,1.55));
#8974=CARTESIAN_POINT('Origin',(-1.54435537683462,1.15365893443349,1.55));
#8975=CARTESIAN_POINT('',(-1.70402929877378,1.23476596998916,1.56));
#8976=CARTESIAN_POINT('Origin',(-1.54435537683462,1.15365893443349,1.56));
#8977=CARTESIAN_POINT('',(-1.70402929877378,1.23476596998916,1.55));
#8978=CARTESIAN_POINT('Origin',(-1.50383922548358,1.12480814545959,1.55));
#8979=CARTESIAN_POINT('',(-1.66323537729763,1.28839193257213,1.55));
#8980=CARTESIAN_POINT('Origin',(-1.50383922548358,1.12480814545959,1.55));
#8981=CARTESIAN_POINT('',(-1.66323537729763,1.28839193257213,1.56));
#8982=CARTESIAN_POINT('Origin',(-1.50383922548358,1.12480814545959,1.56));
#8983=CARTESIAN_POINT('',(-1.66323537729763,1.28839193257213,1.55));
#8984=CARTESIAN_POINT('Origin',(-1.49597399270798,1.11496933613628,1.55));
#8985=CARTESIAN_POINT('',(-1.5934252430623,1.33532137613995,1.55));
#8986=CARTESIAN_POINT('Origin',(-1.49597399270798,1.11496933613628,1.55));
#8987=CARTESIAN_POINT('',(-1.5934252430623,1.33532137613995,1.56));
#8988=CARTESIAN_POINT('Origin',(-1.49597399270798,1.11496933613628,1.56));
#8989=CARTESIAN_POINT('',(-1.5934252430623,1.33532137613995,1.55));
#8990=CARTESIAN_POINT('Origin',(-1.48745577638756,1.35575805622118,1.55));
#8991=CARTESIAN_POINT('',(-1.57817274909977,1.2972976711557,1.55));
#8992=CARTESIAN_POINT('Origin',(-1.48745577638756,1.35575805622118,1.55));
#8993=CARTESIAN_POINT('',(-1.57817274909977,1.2972976711557,1.56));
#8994=CARTESIAN_POINT('Origin',(-1.48745577638756,1.35575805622118,1.56));
#8995=CARTESIAN_POINT('',(-1.57817274909977,1.2972976711557,1.55));
#8996=CARTESIAN_POINT('Origin',(-1.35192990790112,1.04583725475833,1.55));
#8997=CARTESIAN_POINT('',(-1.61215109294658,1.26194625286326,1.55));
#8998=CARTESIAN_POINT('Origin',(-1.35192990790112,1.04583725475833,1.55));
#8999=CARTESIAN_POINT('',(-1.61215109294658,1.26194625286326,1.56));
#9000=CARTESIAN_POINT('Origin',(-1.35192990790112,1.04583725475833,1.56));
#9001=CARTESIAN_POINT('',(-1.61215109294658,1.26194625286326,1.55));
#9002=CARTESIAN_POINT('Origin',(-1.44137242485461,1.14188398189672,1.55));
#9003=CARTESIAN_POINT('',(-1.6408170903202,1.20354537826616,1.55));
#9004=CARTESIAN_POINT('Origin',(-1.44137242485461,1.14188398189672,1.55));
#9005=CARTESIAN_POINT('',(-1.6408170903202,1.20354537826616,1.56));
#9006=CARTESIAN_POINT('Origin',(-1.44137242485461,1.14188398189672,1.56));
#9007=CARTESIAN_POINT('',(-1.6408170903202,1.20354537826616,1.55));
#9008=CARTESIAN_POINT('Origin',(-1.50697032558398,1.16221771099993,1.55));
#9009=CARTESIAN_POINT('',(-1.6378156775369,1.11219345304105,1.55));
#9010=CARTESIAN_POINT('Origin',(-1.50697032558398,1.16221771099993,1.55));
#9011=CARTESIAN_POINT('',(-1.6378156775369,1.11219345304105,1.56));
#9012=CARTESIAN_POINT('Origin',(-1.50697032558398,1.16221771099993,1.56));
#9013=CARTESIAN_POINT('',(-1.6378156775369,1.11219345304105,1.55));
#9014=CARTESIAN_POINT('Origin',(-1.46082483408968,1.17496053884659,1.55));
#9015=CARTESIAN_POINT('',(-1.57644103586655,1.02697959544046,1.55));
#9016=CARTESIAN_POINT('Origin',(-1.46082483408968,1.17496053884659,1.55));
#9017=CARTESIAN_POINT('',(-1.57644103586655,1.02697959544046,1.56));
#9018=CARTESIAN_POINT('Origin',(-1.46082483408968,1.17496053884659,1.56));
#9019=CARTESIAN_POINT('',(-1.57644103586655,1.02697959544046,1.55));
#9020=CARTESIAN_POINT('Origin',(-1.37810442136444,1.27710419687798,1.55));
#9021=CARTESIAN_POINT('',(-1.41160114534906,0.959649163245287,1.55));
#9022=CARTESIAN_POINT('Origin',(-1.37810442136444,1.27710419687798,1.55));
#9023=CARTESIAN_POINT('',(-1.41160114534906,0.959649163245287,1.56));
#9024=CARTESIAN_POINT('Origin',(-1.37810442136444,1.27710419687798,1.56));
#9025=CARTESIAN_POINT('',(-1.41160114534906,0.959649163245287,1.55));
#9026=CARTESIAN_POINT('Origin',(-1.35445289894674,1.2923969838583,1.55));
#9027=CARTESIAN_POINT('',(-1.21734759177854,0.983869563786949,1.55));
#9028=CARTESIAN_POINT('Origin',(-1.35445289894674,1.2923969838583,1.55));
#9029=CARTESIAN_POINT('',(-1.21734759177854,0.983869563786949,1.56));
#9030=CARTESIAN_POINT('Origin',(-1.35445289894674,1.2923969838583,1.56));
#9031=CARTESIAN_POINT('',(-1.21734759177854,0.983869563786949,1.55));
#9032=CARTESIAN_POINT('Origin',(-1.30609851738671,1.3673800298122,1.55));
#9033=CARTESIAN_POINT('',(-1.30609851738671,1.3673800298122,1.55));
#9034=CARTESIAN_POINT('',(-1.21734759177854,0.983869563786949,1.55));
#9035=CARTESIAN_POINT('',(-1.30609851738671,1.3673800298122,1.56));
#9036=CARTESIAN_POINT('',(-1.21734759177854,0.983869563786949,1.56));
#9037=CARTESIAN_POINT('',(-1.30609851738671,1.3673800298122,1.55));
#9038=CARTESIAN_POINT('Origin',(-1.29222320875915,0.687158852588846,1.55));
#9039=CARTESIAN_POINT('',(-1.37970705830481,1.36187357022979,1.55));
#9040=CARTESIAN_POINT('Origin',(-1.29222320875915,0.687158852588846,1.55));
#9041=CARTESIAN_POINT('',(-1.37970705830481,1.36187357022979,1.56));
#9042=CARTESIAN_POINT('Origin',(-1.29222320875915,0.687158852588846,1.56));
#9043=CARTESIAN_POINT('',(-1.37970705830481,1.36187357022979,1.55));
#9044=CARTESIAN_POINT('Origin',(-1.48745577638758,1.35575805622117,1.55));
#9045=CARTESIAN_POINT('Origin',(-1.48745577638758,1.35575805622117,1.55));
#9046=CARTESIAN_POINT('Origin',(-1.48745577638758,1.35575805622117,1.56));
#9047=CARTESIAN_POINT('Origin',(-1.40802786866846,1.12877481005217,1.55));
#9048=CARTESIAN_POINT('Origin',(-1.40802786866846,1.12877481005217,1.56));
#9049=CARTESIAN_POINT('Origin',(0.533176189640492,0.932146281038509,1.55));
#9050=CARTESIAN_POINT('',(0.533176189640483,1.15711064323059,1.55));
#9051=CARTESIAN_POINT('',(0.533176189640492,0.932146281038509,1.55));
#9052=CARTESIAN_POINT('',(0.533176189640483,1.15711064323059,1.55));
#9053=CARTESIAN_POINT('',(0.533176189640483,1.15711064323059,1.56));
#9054=CARTESIAN_POINT('',(0.533176189640483,1.15711064323059,1.55));
#9055=CARTESIAN_POINT('',(0.533176189640492,0.932146281038509,1.56));
#9056=CARTESIAN_POINT('',(0.533176189640483,1.15711064323059,1.56));
#9057=CARTESIAN_POINT('',(0.533176189640492,0.932146281038509,1.55));
#9058=CARTESIAN_POINT('Origin',(0.475951767772737,0.932146281038509,1.55));
#9059=CARTESIAN_POINT('',(0.475951767772737,0.932146281038509,1.55));
#9060=CARTESIAN_POINT('',(0.533176189640492,0.932146281038509,1.55));
#9061=CARTESIAN_POINT('',(0.475951767772737,0.932146281038509,1.56));
#9062=CARTESIAN_POINT('',(0.533176189640492,0.932146281038509,1.56));
#9063=CARTESIAN_POINT('',(0.475951767772737,0.932146281038509,1.55));
#9064=CARTESIAN_POINT('Origin',(0.475951767772737,1.23780742084243,1.55));
#9065=CARTESIAN_POINT('',(0.475951767772737,1.23780742084243,1.55));
#9066=CARTESIAN_POINT('',(0.475951767772737,0.932146281038509,1.55));
#9067=CARTESIAN_POINT('',(0.475951767772737,1.23780742084243,1.56));
#9068=CARTESIAN_POINT('',(0.475951767772737,0.932146281038509,1.56));
#9069=CARTESIAN_POINT('',(0.475951767772737,1.23780742084243,1.55));
#9070=CARTESIAN_POINT('Origin',(0.531657558139316,1.23780742084243,1.55));
#9071=CARTESIAN_POINT('',(0.531657558139316,1.23780742084243,1.55));
#9072=CARTESIAN_POINT('',(0.475951767772737,1.23780742084243,1.55));
#9073=CARTESIAN_POINT('',(0.531657558139316,1.23780742084243,1.56));
#9074=CARTESIAN_POINT('',(0.475951767772737,1.23780742084243,1.56));
#9075=CARTESIAN_POINT('',(0.531657558139316,1.23780742084243,1.55));
#9076=CARTESIAN_POINT('Origin',(0.531657558139315,1.20890577655994,1.55));
#9077=CARTESIAN_POINT('',(0.531657558139315,1.20890577655994,1.55));
#9078=CARTESIAN_POINT('',(0.531657558139316,1.23780742084243,1.55));
#9079=CARTESIAN_POINT('',(0.531657558139315,1.20890577655994,1.56));
#9080=CARTESIAN_POINT('',(0.531657558139316,1.23780742084243,1.56));
#9081=CARTESIAN_POINT('',(0.531657558139315,1.20890577655994,1.55));
#9082=CARTESIAN_POINT('Origin',(0.598947548044684,1.15776700531736,1.55));
#9083=CARTESIAN_POINT('',(0.592877298863209,1.24206569297345,1.55));
#9084=CARTESIAN_POINT('Origin',(0.598947548044684,1.15776700531736,1.55));
#9085=CARTESIAN_POINT('',(0.592877298863209,1.24206569297345,1.56));
#9086=CARTESIAN_POINT('Origin',(0.598947548044684,1.15776700531736,1.56));
#9087=CARTESIAN_POINT('',(0.592877298863209,1.24206569297345,1.55));
#9088=CARTESIAN_POINT('Origin',(0.59820435363414,1.16790285273741,1.55));
#9089=CARTESIAN_POINT('',(0.62179560333401,1.23841496036445,1.55));
#9090=CARTESIAN_POINT('Origin',(0.59820435363414,1.16790285273741,1.55));
#9091=CARTESIAN_POINT('',(0.62179560333401,1.23841496036445,1.56));
#9092=CARTESIAN_POINT('Origin',(0.59820435363414,1.16790285273741,1.56));
#9093=CARTESIAN_POINT('',(0.62179560333401,1.23841496036445,1.55));
#9094=CARTESIAN_POINT('Origin',(0.604922895012855,1.18612996666326,1.55));
#9095=CARTESIAN_POINT('',(0.644321440968575,1.22442048022732,1.55));
#9096=CARTESIAN_POINT('Origin',(0.604922895012855,1.18612996666326,1.55));
#9097=CARTESIAN_POINT('',(0.644321440968575,1.22442048022732,1.56));
#9098=CARTESIAN_POINT('Origin',(0.604922895012855,1.18612996666326,1.56));
#9099=CARTESIAN_POINT('',(0.644321440968575,1.22442048022732,1.55));
#9100=CARTESIAN_POINT('Origin',(0.58974597281831,1.17424207187459,1.55));
#9101=CARTESIAN_POINT('',(0.662881009924496,1.18639199928636,1.55));
#9102=CARTESIAN_POINT('Origin',(0.58974597281831,1.17424207187459,1.55));
#9103=CARTESIAN_POINT('',(0.662881009924496,1.18639199928636,1.56));
#9104=CARTESIAN_POINT('Origin',(0.58974597281831,1.17424207187459,1.56));
#9105=CARTESIAN_POINT('',(0.662881009924496,1.18639199928636,1.55));
#9106=CARTESIAN_POINT('Origin',(0.662881009924495,0.932401558779923,1.55));
#9107=CARTESIAN_POINT('',(0.662881009924495,0.932401558779923,1.55));
#9108=CARTESIAN_POINT('',(0.662881009924496,1.18639199928636,1.55));
#9109=CARTESIAN_POINT('',(0.662881009924495,0.932401558779923,1.56));
#9110=CARTESIAN_POINT('',(0.662881009924496,1.18639199928636,1.56));
#9111=CARTESIAN_POINT('',(0.662881009924495,0.932401558779923,1.55));
#9112=CARTESIAN_POINT('Origin',(0.606937189294334,0.932401558779923,1.55));
#9113=CARTESIAN_POINT('',(0.606937189294334,0.932401558779923,1.55));
#9114=CARTESIAN_POINT('',(0.662881009924495,0.932401558779923,1.55));
#9115=CARTESIAN_POINT('',(0.606937189294334,0.932401558779923,1.56));
#9116=CARTESIAN_POINT('',(0.662881009924495,0.932401558779923,1.56));
#9117=CARTESIAN_POINT('',(0.606937189294334,0.932401558779923,1.55));
#9118=CARTESIAN_POINT('Origin',(0.606937189294334,1.1548837408678,1.55));
#9119=CARTESIAN_POINT('',(0.606937189294334,1.1548837408678,1.55));
#9120=CARTESIAN_POINT('',(0.606937189294334,0.932401558779923,1.55));
#9121=CARTESIAN_POINT('',(0.606937189294334,1.1548837408678,1.56));
#9122=CARTESIAN_POINT('',(0.606937189294334,0.932401558779923,1.56));
#9123=CARTESIAN_POINT('',(0.606937189294334,1.1548837408678,1.55));
#9124=CARTESIAN_POINT('Origin',(0.570023073503981,1.1548837408678,1.55));
#9125=CARTESIAN_POINT('Origin',(0.570023073503981,1.1548837408678,1.55));
#9126=CARTESIAN_POINT('Origin',(0.570023073503981,1.1548837408678,1.56));
#9127=CARTESIAN_POINT('Origin',(0.565939364207915,1.08255664708359,1.55));
#9128=CARTESIAN_POINT('Origin',(0.565939364207915,1.08255664708359,1.56));
#9129=CARTESIAN_POINT('Origin',(-0.721156421124212,0.933336426141515,1.55));
#9130=CARTESIAN_POINT('',(-0.721156421124212,1.1583007883336,1.55));
#9131=CARTESIAN_POINT('',(-0.721156421124212,0.933336426141515,1.55));
#9132=CARTESIAN_POINT('',(-0.721156421124212,1.1583007883336,1.55));
#9133=CARTESIAN_POINT('',(-0.721156421124212,1.1583007883336,1.56));
#9134=CARTESIAN_POINT('',(-0.721156421124212,1.1583007883336,1.55));
#9135=CARTESIAN_POINT('',(-0.721156421124212,0.933336426141515,1.56));
#9136=CARTESIAN_POINT('',(-0.721156421124212,1.1583007883336,1.56));
#9137=CARTESIAN_POINT('',(-0.721156421124212,0.933336426141515,1.55));
#9138=CARTESIAN_POINT('Origin',(-0.778380842991963,0.933336426141515,1.55));
#9139=CARTESIAN_POINT('',(-0.778380842991963,0.933336426141515,1.55));
#9140=CARTESIAN_POINT('',(-0.721156421124212,0.933336426141515,1.55));
#9141=CARTESIAN_POINT('',(-0.778380842991963,0.933336426141515,1.56));
#9142=CARTESIAN_POINT('',(-0.721156421124212,0.933336426141515,1.56));
#9143=CARTESIAN_POINT('',(-0.778380842991963,0.933336426141515,1.55));
#9144=CARTESIAN_POINT('Origin',(-0.778380842991963,1.23899756594544,1.55));
#9145=CARTESIAN_POINT('',(-0.778380842991963,1.23899756594544,1.55));
#9146=CARTESIAN_POINT('',(-0.778380842991963,0.933336426141515,1.55));
#9147=CARTESIAN_POINT('',(-0.778380842991963,1.23899756594544,1.56));
#9148=CARTESIAN_POINT('',(-0.778380842991963,0.933336426141515,1.56));
#9149=CARTESIAN_POINT('',(-0.778380842991963,1.23899756594544,1.55));
#9150=CARTESIAN_POINT('Origin',(-0.722675052625386,1.23899756594544,1.55));
#9151=CARTESIAN_POINT('',(-0.722675052625386,1.23899756594544,1.55));
#9152=CARTESIAN_POINT('',(-0.778380842991963,1.23899756594544,1.55));
#9153=CARTESIAN_POINT('',(-0.722675052625386,1.23899756594544,1.56));
#9154=CARTESIAN_POINT('',(-0.778380842991963,1.23899756594544,1.56));
#9155=CARTESIAN_POINT('',(-0.722675052625386,1.23899756594544,1.55));
#9156=CARTESIAN_POINT('Origin',(-0.722675052625386,1.21009592166294,1.55));
#9157=CARTESIAN_POINT('',(-0.722675052625386,1.21009592166294,1.55));
#9158=CARTESIAN_POINT('',(-0.722675052625386,1.23899756594544,1.55));
#9159=CARTESIAN_POINT('',(-0.722675052625386,1.21009592166294,1.56));
#9160=CARTESIAN_POINT('',(-0.722675052625386,1.23899756594544,1.56));
#9161=CARTESIAN_POINT('',(-0.722675052625386,1.21009592166294,1.55));
#9162=CARTESIAN_POINT('Origin',(-0.655385062720015,1.15895715042036,1.55));
#9163=CARTESIAN_POINT('',(-0.661565538618265,1.24324782833516,1.55));
#9164=CARTESIAN_POINT('Origin',(-0.655385062720015,1.15895715042036,1.55));
#9165=CARTESIAN_POINT('',(-0.661565538618265,1.24324782833516,1.56));
#9166=CARTESIAN_POINT('Origin',(-0.655385062720015,1.15895715042036,1.56));
#9167=CARTESIAN_POINT('',(-0.661565538618265,1.24324782833516,1.55));
#9168=CARTESIAN_POINT('Origin',(-0.656128256408322,1.16909298799025,1.55));
#9169=CARTESIAN_POINT('',(-0.632537006708448,1.2396050956173,1.55));
#9170=CARTESIAN_POINT('Origin',(-0.656128256408322,1.16909298799025,1.55));
#9171=CARTESIAN_POINT('',(-0.632537006708448,1.2396050956173,1.56));
#9172=CARTESIAN_POINT('Origin',(-0.656128256408322,1.16909298799025,1.56));
#9173=CARTESIAN_POINT('',(-0.632537006708448,1.2396050956173,1.55));
#9174=CARTESIAN_POINT('Origin',(-0.6494097150296,1.1873201019161,1.55));
#9175=CARTESIAN_POINT('',(-0.610011169073869,1.22561061548016,1.55));
#9176=CARTESIAN_POINT('Origin',(-0.6494097150296,1.1873201019161,1.55));
#9177=CARTESIAN_POINT('',(-0.610011169073869,1.22561061548016,1.56));
#9178=CARTESIAN_POINT('Origin',(-0.6494097150296,1.1873201019161,1.56));
#9179=CARTESIAN_POINT('',(-0.610011169073869,1.22561061548016,1.55));
#9180=CARTESIAN_POINT('Origin',(-0.664586637224146,1.17543220712743,1.55));
#9181=CARTESIAN_POINT('',(-0.59145160011796,1.18758213453921,1.55));
#9182=CARTESIAN_POINT('Origin',(-0.664586637224146,1.17543220712743,1.55));
#9183=CARTESIAN_POINT('',(-0.59145160011796,1.18758213453921,1.56));
#9184=CARTESIAN_POINT('Origin',(-0.664586637224146,1.17543220712743,1.56));
#9185=CARTESIAN_POINT('',(-0.59145160011796,1.18758213453921,1.55));
#9186=CARTESIAN_POINT('Origin',(-0.591451600117962,0.933591703882929,1.55));
#9187=CARTESIAN_POINT('',(-0.591451600117962,0.933591703882929,1.55));
#9188=CARTESIAN_POINT('',(-0.59145160011796,1.18758213453921,1.55));
#9189=CARTESIAN_POINT('',(-0.591451600117962,0.933591703882929,1.56));
#9190=CARTESIAN_POINT('',(-0.59145160011796,1.18758213453921,1.56));
#9191=CARTESIAN_POINT('',(-0.591451600117962,0.933591703882929,1.55));
#9192=CARTESIAN_POINT('Origin',(-0.647395421470371,0.933591703882929,1.55));
#9193=CARTESIAN_POINT('',(-0.647395421470371,0.933591703882929,1.55));
#9194=CARTESIAN_POINT('',(-0.591451600117962,0.933591703882929,1.55));
#9195=CARTESIAN_POINT('',(-0.647395421470371,0.933591703882929,1.56));
#9196=CARTESIAN_POINT('',(-0.591451600117962,0.933591703882929,1.56));
#9197=CARTESIAN_POINT('',(-0.647395421470371,0.933591703882929,1.55));
#9198=CARTESIAN_POINT('Origin',(-0.647395421470371,1.1560738859708,1.55));
#9199=CARTESIAN_POINT('',(-0.647395421470371,1.1560738859708,1.55));
#9200=CARTESIAN_POINT('',(-0.647395421470371,0.933591703882929,1.55));
#9201=CARTESIAN_POINT('',(-0.647395421470371,1.1560738859708,1.56));
#9202=CARTESIAN_POINT('',(-0.647395421470371,0.933591703882929,1.56));
#9203=CARTESIAN_POINT('',(-0.647395421470371,1.1560738859708,1.55));
#9204=CARTESIAN_POINT('Origin',(-0.68430953726072,1.15607388597077,1.55));
#9205=CARTESIAN_POINT('Origin',(-0.68430953726072,1.15607388597077,1.55));
#9206=CARTESIAN_POINT('Origin',(-0.68430953726072,1.15607388597077,1.56));
#9207=CARTESIAN_POINT('Origin',(-0.688393247012906,1.08374679087346,1.55));
#9208=CARTESIAN_POINT('Origin',(-0.688393247012906,1.08374679087346,1.56));
#9209=CARTESIAN_POINT('Origin',(-0.448805811571795,1.35565703568866,1.55));
#9210=CARTESIAN_POINT('',(-0.502416256827547,1.40205186113308,1.55));
#9211=CARTESIAN_POINT('',(-0.519696101297587,1.3567183985537,1.55));
#9212=CARTESIAN_POINT('Origin',(-0.448805811571795,1.35565703568866,1.55));
#9213=CARTESIAN_POINT('',(-0.519696101297587,1.3567183985537,1.56));
#9214=CARTESIAN_POINT('',(-0.519696101297587,1.3567183985537,1.55));
#9215=CARTESIAN_POINT('',(-0.502416256827547,1.40205186113308,1.56));
#9216=CARTESIAN_POINT('Origin',(-0.448805811571795,1.35565703568866,1.56));
#9217=CARTESIAN_POINT('',(-0.502416256827547,1.40205186113308,1.55));
#9218=CARTESIAN_POINT('Origin',(-0.453211086980861,1.35895679599718,1.55));
#9219=CARTESIAN_POINT('',(-0.45225670034891,1.42435880303722,1.55));
#9220=CARTESIAN_POINT('Origin',(-0.453211086980861,1.35895679599718,1.55));
#9221=CARTESIAN_POINT('',(-0.45225670034891,1.42435880303722,1.56));
#9222=CARTESIAN_POINT('Origin',(-0.453211086980861,1.35895679599718,1.56));
#9223=CARTESIAN_POINT('',(-0.45225670034891,1.42435880303722,1.55));
#9224=CARTESIAN_POINT('Origin',(-0.45761767126732,1.32516080849421,1.55));
#9225=CARTESIAN_POINT('',(-0.416257019277002,1.41548399819363,1.55));
#9226=CARTESIAN_POINT('Origin',(-0.45761767126732,1.32516080849421,1.55));
#9227=CARTESIAN_POINT('',(-0.416257019277002,1.41548399819363,1.56));
#9228=CARTESIAN_POINT('Origin',(-0.45761767126732,1.32516080849421,1.56));
#9229=CARTESIAN_POINT('',(-0.416257019277002,1.41548399819363,1.55));
#9230=CARTESIAN_POINT('Origin',(-0.416257019277002,1.36463376503581,1.55));
#9231=CARTESIAN_POINT('',(-0.416257019277002,1.36463376503581,1.55));
#9232=CARTESIAN_POINT('',(-0.416257019277002,1.36463376503581,1.55));
#9233=CARTESIAN_POINT('',(-0.416257019277002,1.36463376503581,1.56));
#9234=CARTESIAN_POINT('',(-0.416257019277002,1.36463376503581,1.56));
#9235=CARTESIAN_POINT('',(-0.416257019277002,1.36463376503581,1.55));
#9236=CARTESIAN_POINT('Origin',(-0.435631972836421,1.33133086551755,1.55));
#9237=CARTESIAN_POINT('',(-0.432233885004269,1.36970956977965,1.55));
#9238=CARTESIAN_POINT('Origin',(-0.435631972836421,1.33133086551755,1.55));
#9239=CARTESIAN_POINT('',(-0.432233885004269,1.36970956977965,1.56));
#9240=CARTESIAN_POINT('Origin',(-0.435631972836421,1.33133086551755,1.56));
#9241=CARTESIAN_POINT('',(-0.432233885004269,1.36970956977965,1.55));
#9242=CARTESIAN_POINT('Origin',(-0.437525452906187,1.3310173373985,1.55));
#9243=CARTESIAN_POINT('',(-0.444518463875431,1.36943852081445,1.55));
#9244=CARTESIAN_POINT('Origin',(-0.437525452906187,1.3310173373985,1.55));
#9245=CARTESIAN_POINT('',(-0.444518463875431,1.36943852081445,1.56));
#9246=CARTESIAN_POINT('Origin',(-0.437525452906187,1.3310173373985,1.56));
#9247=CARTESIAN_POINT('',(-0.444518463875431,1.36943852081445,1.55));
#9248=CARTESIAN_POINT('Origin',(-0.438980920828117,1.34584678825278,1.55));
#9249=CARTESIAN_POINT('',(-0.45940499722345,1.35888869500217,1.55));
#9250=CARTESIAN_POINT('Origin',(-0.438980920828117,1.34584678825278,1.55));
#9251=CARTESIAN_POINT('',(-0.45940499722345,1.35888869500217,1.56));
#9252=CARTESIAN_POINT('Origin',(-0.438980920828117,1.34584678825278,1.56));
#9253=CARTESIAN_POINT('',(-0.45940499722345,1.35888869500217,1.55));
#9254=CARTESIAN_POINT('Origin',(-0.439070025189957,1.34707327654189,1.55));
#9255=CARTESIAN_POINT('',(-0.462423852265738,1.34985067854897,1.55));
#9256=CARTESIAN_POINT('Origin',(-0.439070025189957,1.34707327654189,1.55));
#9257=CARTESIAN_POINT('',(-0.462423852265738,1.34985067854897,1.56));
#9258=CARTESIAN_POINT('Origin',(-0.439070025189957,1.34707327654189,1.56));
#9259=CARTESIAN_POINT('',(-0.462423852265738,1.34985067854897,1.55));
#9260=CARTESIAN_POINT('Origin',(-0.462423852265738,1.2391156011608,1.55));
#9261=CARTESIAN_POINT('',(-0.462423852265738,1.2391156011608,1.55));
#9262=CARTESIAN_POINT('',(-0.462423852265738,1.2391156011608,1.55));
#9263=CARTESIAN_POINT('',(-0.462423852265738,1.2391156011608,1.56));
#9264=CARTESIAN_POINT('',(-0.462423852265738,1.2391156011608,1.56));
#9265=CARTESIAN_POINT('',(-0.462423852265738,1.2391156011608,1.55));
#9266=CARTESIAN_POINT('Origin',(-0.41909665271587,1.2391156011608,1.55));
#9267=CARTESIAN_POINT('',(-0.41909665271587,1.2391156011608,1.55));
#9268=CARTESIAN_POINT('',(-0.41909665271587,1.2391156011608,1.55));
#9269=CARTESIAN_POINT('',(-0.41909665271587,1.2391156011608,1.56));
#9270=CARTESIAN_POINT('',(-0.41909665271587,1.2391156011608,1.56));
#9271=CARTESIAN_POINT('',(-0.41909665271587,1.2391156011608,1.55));
#9272=CARTESIAN_POINT('Origin',(-0.41909665271587,1.19464460329391,1.55));
#9273=CARTESIAN_POINT('',(-0.41909665271587,1.19464460329391,1.55));
#9274=CARTESIAN_POINT('',(-0.41909665271587,1.19464460329391,1.55));
#9275=CARTESIAN_POINT('',(-0.41909665271587,1.19464460329391,1.56));
#9276=CARTESIAN_POINT('',(-0.41909665271587,1.19464460329391,1.56));
#9277=CARTESIAN_POINT('',(-0.41909665271587,1.19464460329391,1.55));
#9278=CARTESIAN_POINT('Origin',(-0.462423852265738,1.19464460329391,1.55));
#9279=CARTESIAN_POINT('',(-0.462423852265738,1.19464460329391,1.55));
#9280=CARTESIAN_POINT('',(-0.462423852265738,1.19464460329391,1.55));
#9281=CARTESIAN_POINT('',(-0.462423852265738,1.19464460329391,1.56));
#9282=CARTESIAN_POINT('',(-0.462423852265738,1.19464460329391,1.56));
#9283=CARTESIAN_POINT('',(-0.462423852265738,1.19464460329391,1.55));
#9284=CARTESIAN_POINT('Origin',(-0.462423852265738,0.933592791515306,1.55));
#9285=CARTESIAN_POINT('',(-0.462423852265738,0.933592791515306,1.55));
#9286=CARTESIAN_POINT('',(-0.462423852265738,0.933592791515306,1.55));
#9287=CARTESIAN_POINT('',(-0.462423852265738,0.933592791515306,1.56));
#9288=CARTESIAN_POINT('',(-0.462423852265738,0.933592791515306,1.56));
#9289=CARTESIAN_POINT('',(-0.462423852265738,0.933592791515306,1.55));
#9290=CARTESIAN_POINT('Origin',(-0.519295666848369,0.933592791515306,1.55));
#9291=CARTESIAN_POINT('',(-0.519295666848369,0.933592791515306,1.55));
#9292=CARTESIAN_POINT('',(-0.519295666848369,0.933592791515306,1.55));
#9293=CARTESIAN_POINT('',(-0.519295666848369,0.933592791515306,1.56));
#9294=CARTESIAN_POINT('',(-0.519295666848369,0.933592791515306,1.56));
#9295=CARTESIAN_POINT('',(-0.519295666848369,0.933592791515306,1.55));
#9296=CARTESIAN_POINT('Origin',(-0.519295666848369,1.19483149842641,1.55));
#9297=CARTESIAN_POINT('',(-0.519295666848369,1.19483149842641,1.55));
#9298=CARTESIAN_POINT('',(-0.519295666848369,1.19483149842641,1.55));
#9299=CARTESIAN_POINT('',(-0.519295666848369,1.19483149842641,1.56));
#9300=CARTESIAN_POINT('',(-0.519295666848369,1.19483149842641,1.56));
#9301=CARTESIAN_POINT('',(-0.519295666848369,1.19483149842641,1.55));
#9302=CARTESIAN_POINT('Origin',(-0.550234030437464,1.19483149842641,1.55));
#9303=CARTESIAN_POINT('',(-0.550234030437464,1.19483149842641,1.55));
#9304=CARTESIAN_POINT('',(-0.550234030437464,1.19483149842641,1.55));
#9305=CARTESIAN_POINT('',(-0.550234030437464,1.19483149842641,1.56));
#9306=CARTESIAN_POINT('',(-0.550234030437464,1.19483149842641,1.56));
#9307=CARTESIAN_POINT('',(-0.550234030437464,1.19483149842641,1.55));
#9308=CARTESIAN_POINT('Origin',(-0.550234030437464,1.23887734051495,1.55));
#9309=CARTESIAN_POINT('',(-0.550234030437464,1.23887734051495,1.55));
#9310=CARTESIAN_POINT('',(-0.550234030437464,1.23887734051495,1.55));
#9311=CARTESIAN_POINT('',(-0.550234030437464,1.23887734051495,1.56));
#9312=CARTESIAN_POINT('',(-0.550234030437464,1.23887734051495,1.56));
#9313=CARTESIAN_POINT('',(-0.550234030437464,1.23887734051495,1.55));
#9314=CARTESIAN_POINT('Origin',(-0.519696101297587,1.23887734051495,1.55));
#9315=CARTESIAN_POINT('',(-0.519696101297587,1.23887734051495,1.55));
#9316=CARTESIAN_POINT('',(-0.519696101297587,1.23887734051495,1.55));
#9317=CARTESIAN_POINT('',(-0.519696101297587,1.23887734051495,1.56));
#9318=CARTESIAN_POINT('',(-0.519696101297587,1.23887734051495,1.56));
#9319=CARTESIAN_POINT('',(-0.519696101297587,1.23887734051495,1.55));
#9320=CARTESIAN_POINT('Origin',(-0.519696101297587,1.3567183985537,1.55));
#9321=CARTESIAN_POINT('',(-0.519696101297587,1.3567183985537,1.55));
#9322=CARTESIAN_POINT('',(-0.519696101297587,1.3567183985537,1.56));
#9323=CARTESIAN_POINT('Origin',(-0.483571934880517,1.18295534066039,1.56));
#9324=CARTESIAN_POINT('Origin',(-0.483571934880517,1.18295534066039,1.55));
#9325=CARTESIAN_POINT('Origin',(-1.4875376890796,1.35402931505374,1.55));
#9326=CARTESIAN_POINT('',(-1.41178044987459,1.35402931505374,1.56));
#9327=CARTESIAN_POINT('Origin',(-1.4875376890796,1.35402931505374,1.56));
#9328=CARTESIAN_POINT('',(-1.41178044987459,1.35402931505374,1.55));
#9329=CARTESIAN_POINT('Origin',(-1.4875376890796,1.35402931505374,1.55));
#9330=CARTESIAN_POINT('Origin',(-1.4875376890796,1.35402931505374,1.55));
#9331=CARTESIAN_POINT('Origin',(-1.4875376890796,1.35402931505374,1.56));
#9332=CARTESIAN_POINT('Origin',(-0.354609625906598,1.33153493115641,1.55));
#9333=CARTESIAN_POINT('',(-0.318076489829511,1.33153493115641,1.56));
#9334=CARTESIAN_POINT('Origin',(-0.354609625906598,1.33153493115641,1.56));
#9335=CARTESIAN_POINT('',(-0.318076489829511,1.33153493115641,1.55));
#9336=CARTESIAN_POINT('Origin',(-0.354609625906598,1.33153493115641,1.55));
#9337=CARTESIAN_POINT('Origin',(-0.354609625906598,1.33153493115641,1.55));
#9338=CARTESIAN_POINT('Origin',(-0.354609625906598,1.33153493115641,1.56));
#9339=CARTESIAN_POINT('Origin',(-0.382555642921695,1.23887979921085,1.55));
#9340=CARTESIAN_POINT('',(-0.382555642921695,1.23887979921085,1.55));
#9341=CARTESIAN_POINT('',(-0.382555642921695,0.933497118110142,1.55));
#9342=CARTESIAN_POINT('',(-0.382555642921695,1.23887979921085,1.55));
#9343=CARTESIAN_POINT('',(-0.382555642921695,0.933497118110142,1.56));
#9344=CARTESIAN_POINT('',(-0.382555642921695,0.933497118110142,1.55));
#9345=CARTESIAN_POINT('',(-0.382555642921695,1.23887979921085,1.56));
#9346=CARTESIAN_POINT('',(-0.382555642921695,1.23887979921085,1.56));
#9347=CARTESIAN_POINT('',(-0.382555642921695,1.23887979921085,1.55));
#9348=CARTESIAN_POINT('Origin',(-0.326796274377452,1.23897825662684,1.55));
#9349=CARTESIAN_POINT('',(-0.326796274377452,1.23897825662684,1.55));
#9350=CARTESIAN_POINT('',(-0.326796274377452,1.23897825662684,1.55));
#9351=CARTESIAN_POINT('',(-0.326796274377452,1.23897825662684,1.56));
#9352=CARTESIAN_POINT('',(-0.326796274377452,1.23897825662684,1.56));
#9353=CARTESIAN_POINT('',(-0.326796274377452,1.23897825662684,1.55));
#9354=CARTESIAN_POINT('Origin',(-0.326796274377452,0.933497118110142,1.55));
#9355=CARTESIAN_POINT('',(-0.326796274377452,0.933497118110142,1.55));
#9356=CARTESIAN_POINT('',(-0.326796274377452,0.933497118110142,1.55));
#9357=CARTESIAN_POINT('',(-0.326796274377452,0.933497118110142,1.56));
#9358=CARTESIAN_POINT('',(-0.326796274377452,0.933497118110142,1.56));
#9359=CARTESIAN_POINT('',(-0.326796274377452,0.933497118110142,1.55));
#9360=CARTESIAN_POINT('Origin',(-0.382555642921695,0.933497118110142,1.55));
#9361=CARTESIAN_POINT('',(-0.382555642921695,0.933497118110142,1.55));
#9362=CARTESIAN_POINT('',(-0.382555642921695,0.933497118110142,1.56));
#9363=CARTESIAN_POINT('Origin',(-0.354672158777447,1.08621309474594,1.56));
#9364=CARTESIAN_POINT('Origin',(-0.354672158777447,1.08621309474594,1.55));
#9365=CARTESIAN_POINT('Origin',(-0.9156059814479,0.933406401880576,1.55));
#9366=CARTESIAN_POINT('',(-0.855259312725206,0.933406401880576,1.55));
#9367=CARTESIAN_POINT('',(-0.9156059814479,0.933406401880576,1.55));
#9368=CARTESIAN_POINT('',(-0.855259312725206,0.933406401880576,1.55));
#9369=CARTESIAN_POINT('',(-0.855259312725206,0.933406401880576,1.56));
#9370=CARTESIAN_POINT('',(-0.855259312725206,0.933406401880576,1.55));
#9371=CARTESIAN_POINT('',(-0.9156059814479,0.933406401880576,1.56));
#9372=CARTESIAN_POINT('',(-0.855259312725206,0.933406401880576,1.56));
#9373=CARTESIAN_POINT('',(-0.9156059814479,0.933406401880576,1.55));
#9374=CARTESIAN_POINT('Origin',(-0.915427735914362,1.3898260651371,1.55));
#9375=CARTESIAN_POINT('',(-0.915427735914362,1.3898260651371,1.55));
#9376=CARTESIAN_POINT('',(-0.9156059814479,0.933406401880576,1.55));
#9377=CARTESIAN_POINT('',(-0.915427735914362,1.3898260651371,1.56));
#9378=CARTESIAN_POINT('',(-0.9156059814479,0.933406401880576,1.56));
#9379=CARTESIAN_POINT('',(-0.915427735914362,1.3898260651371,1.55));
#9380=CARTESIAN_POINT('Origin',(-0.855259312725206,1.3898260651371,1.55));
#9381=CARTESIAN_POINT('',(-0.855259312725206,1.3898260651371,1.55));
#9382=CARTESIAN_POINT('',(-0.915427735914362,1.3898260651371,1.55));
#9383=CARTESIAN_POINT('',(-0.855259312725206,1.3898260651371,1.56));
#9384=CARTESIAN_POINT('',(-0.915427735914362,1.3898260651371,1.56));
#9385=CARTESIAN_POINT('',(-0.855259312725206,1.3898260651371,1.55));
#9386=CARTESIAN_POINT('Origin',(-0.855259312725206,0.933406401880576,1.55));
#9387=CARTESIAN_POINT('',(-0.855259312725206,1.3898260651371,1.55));
#9388=CARTESIAN_POINT('',(-0.855259312725206,1.3898260651371,1.56));
#9389=CARTESIAN_POINT('Origin',(-0.885388094404445,1.16157686910385,1.55));
#9390=CARTESIAN_POINT('Origin',(-0.885388094404445,1.16157686910385,1.56));
#9391=CARTESIAN_POINT('Origin',(-1.47949205851879,1.00621968138213,1.55));
#9392=CARTESIAN_POINT('',(-1.33354817851226,1.00621968138213,1.55));
#9393=CARTESIAN_POINT('',(-1.47949205851879,1.00621968138213,1.55));
#9394=CARTESIAN_POINT('',(-1.33354817851226,1.00621968138213,1.55));
#9395=CARTESIAN_POINT('',(-1.33354817851226,1.00621968138213,1.56));
#9396=CARTESIAN_POINT('',(-1.33354817851226,1.00621968138213,1.55));
#9397=CARTESIAN_POINT('',(-1.47949205851879,1.00621968138213,1.56));
#9398=CARTESIAN_POINT('',(-1.33354817851226,1.00621968138213,1.56));
#9399=CARTESIAN_POINT('',(-1.47949205851879,1.00621968138213,1.55));
#9400=CARTESIAN_POINT('Origin',(-1.53435818084128,1.23981470743331,1.55));
#9401=CARTESIAN_POINT('',(-1.53435818084128,1.23981470743331,1.55));
#9402=CARTESIAN_POINT('',(-1.47949205851879,1.00621968138213,1.55));
#9403=CARTESIAN_POINT('',(-1.53435818084128,1.23981470743331,1.56));
#9404=CARTESIAN_POINT('',(-1.47949205851879,1.00621968138213,1.56));
#9405=CARTESIAN_POINT('',(-1.53435818084128,1.23981470743331,1.55));
#9406=CARTESIAN_POINT('Origin',(-1.38841430083475,1.23981470743331,1.55));
#9407=CARTESIAN_POINT('',(-1.38841430083475,1.23981470743331,1.55));
#9408=CARTESIAN_POINT('',(-1.53435818084128,1.23981470743331,1.55));
#9409=CARTESIAN_POINT('',(-1.38841430083475,1.23981470743331,1.56));
#9410=CARTESIAN_POINT('',(-1.53435818084128,1.23981470743331,1.56));
#9411=CARTESIAN_POINT('',(-1.38841430083475,1.23981470743331,1.55));
#9412=CARTESIAN_POINT('Origin',(-1.33354817851226,1.00621968138213,1.55));
#9413=CARTESIAN_POINT('',(-1.38841430083475,1.23981470743331,1.55));
#9414=CARTESIAN_POINT('',(-1.38841430083475,1.23981470743331,1.56));
#9415=CARTESIAN_POINT('Origin',(-1.43395317967677,1.12301719440772,1.55));
#9416=CARTESIAN_POINT('Origin',(-1.43395317967677,1.12301719440772,1.56));
#9417=CARTESIAN_POINT('Origin',(-0.198744400819702,0.933336426141515,1.55));
#9418=CARTESIAN_POINT('',(-0.198744400819709,1.1583007883336,1.55));
#9419=CARTESIAN_POINT('',(-0.198744400819702,0.933336426141515,1.55));
#9420=CARTESIAN_POINT('',(-0.198744400819709,1.1583007883336,1.55));
#9421=CARTESIAN_POINT('',(-0.198744400819709,1.1583007883336,1.56));
#9422=CARTESIAN_POINT('',(-0.198744400819709,1.1583007883336,1.55));
#9423=CARTESIAN_POINT('',(-0.198744400819702,0.933336426141515,1.56));
#9424=CARTESIAN_POINT('',(-0.198744400819709,1.1583007883336,1.56));
#9425=CARTESIAN_POINT('',(-0.198744400819702,0.933336426141515,1.55));
#9426=CARTESIAN_POINT('Origin',(-0.255968822687455,0.933336426141515,1.55));
#9427=CARTESIAN_POINT('',(-0.255968822687455,0.933336426141515,1.55));
#9428=CARTESIAN_POINT('',(-0.198744400819702,0.933336426141515,1.55));
#9429=CARTESIAN_POINT('',(-0.255968822687455,0.933336426141515,1.56));
#9430=CARTESIAN_POINT('',(-0.198744400819702,0.933336426141515,1.56));
#9431=CARTESIAN_POINT('',(-0.255968822687455,0.933336426141515,1.55));
#9432=CARTESIAN_POINT('Origin',(-0.255968822687455,1.23899756594544,1.55));
#9433=CARTESIAN_POINT('',(-0.255968822687455,1.23899756594544,1.55));
#9434=CARTESIAN_POINT('',(-0.255968822687455,0.933336426141515,1.55));
#9435=CARTESIAN_POINT('',(-0.255968822687455,1.23899756594544,1.56));
#9436=CARTESIAN_POINT('',(-0.255968822687455,0.933336426141515,1.56));
#9437=CARTESIAN_POINT('',(-0.255968822687455,1.23899756594544,1.55));
#9438=CARTESIAN_POINT('Origin',(-0.200263032320878,1.23899756594544,1.55));
#9439=CARTESIAN_POINT('',(-0.200263032320878,1.23899756594544,1.55));
#9440=CARTESIAN_POINT('',(-0.255968822687455,1.23899756594544,1.55));
#9441=CARTESIAN_POINT('',(-0.200263032320878,1.23899756594544,1.56));
#9442=CARTESIAN_POINT('',(-0.255968822687455,1.23899756594544,1.56));
#9443=CARTESIAN_POINT('',(-0.200263032320878,1.23899756594544,1.55));
#9444=CARTESIAN_POINT('Origin',(-0.200263032320878,1.21009592166294,1.55));
#9445=CARTESIAN_POINT('',(-0.200263032320878,1.21009592166294,1.55));
#9446=CARTESIAN_POINT('',(-0.200263032320878,1.23899756594544,1.55));
#9447=CARTESIAN_POINT('',(-0.200263032320878,1.21009592166294,1.56));
#9448=CARTESIAN_POINT('',(-0.200263032320878,1.23899756594544,1.56));
#9449=CARTESIAN_POINT('',(-0.200263032320878,1.21009592166294,1.55));
#9450=CARTESIAN_POINT('Origin',(-0.132973042415508,1.15895715042036,1.55));
#9451=CARTESIAN_POINT('',(-0.139043291596984,1.24325583807646,1.55));
#9452=CARTESIAN_POINT('Origin',(-0.132973042415508,1.15895715042036,1.55));
#9453=CARTESIAN_POINT('',(-0.139043291596984,1.24325583807646,1.56));
#9454=CARTESIAN_POINT('Origin',(-0.132973042415508,1.15895715042036,1.56));
#9455=CARTESIAN_POINT('',(-0.139043291596984,1.24325583807646,1.55));
#9456=CARTESIAN_POINT('Origin',(-0.133716236826054,1.16909299784041,1.55));
#9457=CARTESIAN_POINT('',(-0.110124987126184,1.23960510546746,1.55));
#9458=CARTESIAN_POINT('Origin',(-0.133716236826054,1.16909299784041,1.55));
#9459=CARTESIAN_POINT('',(-0.110124987126184,1.23960510546746,1.56));
#9460=CARTESIAN_POINT('Origin',(-0.133716236826054,1.16909299784041,1.56));
#9461=CARTESIAN_POINT('',(-0.110124987126184,1.23960510546746,1.55));
#9462=CARTESIAN_POINT('Origin',(-0.126997695447336,1.18732011176626,1.55));
#9463=CARTESIAN_POINT('',(-0.0875991494916169,1.22561062533033,1.55));
#9464=CARTESIAN_POINT('Origin',(-0.126997695447336,1.18732011176626,1.55));
#9465=CARTESIAN_POINT('',(-0.0875991494916169,1.22561062533033,1.56));
#9466=CARTESIAN_POINT('Origin',(-0.126997695447336,1.18732011176626,1.56));
#9467=CARTESIAN_POINT('',(-0.0875991494916169,1.22561062533033,1.55));
#9468=CARTESIAN_POINT('Origin',(-0.142174617641884,1.1754322169776,1.55));
#9469=CARTESIAN_POINT('',(-0.0690395805356974,1.18758214438937,1.55));
#9470=CARTESIAN_POINT('Origin',(-0.142174617641884,1.1754322169776,1.55));
#9471=CARTESIAN_POINT('',(-0.0690395805356974,1.18758214438937,1.56));
#9472=CARTESIAN_POINT('Origin',(-0.142174617641884,1.1754322169776,1.56));
#9473=CARTESIAN_POINT('',(-0.0690395805356974,1.18758214438937,1.55));
#9474=CARTESIAN_POINT('Origin',(-0.0690395805356986,0.933591703882929,1.55));
#9475=CARTESIAN_POINT('',(-0.0690395805356986,0.933591703882929,1.55));
#9476=CARTESIAN_POINT('',(-0.0690395805356974,1.18758214438937,1.55));
#9477=CARTESIAN_POINT('',(-0.0690395805356986,0.933591703882929,1.56));
#9478=CARTESIAN_POINT('',(-0.0690395805356974,1.18758214438937,1.56));
#9479=CARTESIAN_POINT('',(-0.0690395805356986,0.933591703882929,1.55));
#9480=CARTESIAN_POINT('Origin',(-0.12498340116586,0.933591703882929,1.55));
#9481=CARTESIAN_POINT('',(-0.12498340116586,0.933591703882929,1.55));
#9482=CARTESIAN_POINT('',(-0.0690395805356986,0.933591703882929,1.55));
#9483=CARTESIAN_POINT('',(-0.12498340116586,0.933591703882929,1.56));
#9484=CARTESIAN_POINT('',(-0.0690395805356986,0.933591703882929,1.56));
#9485=CARTESIAN_POINT('',(-0.12498340116586,0.933591703882929,1.55));
#9486=CARTESIAN_POINT('Origin',(-0.124983401165861,1.1560738859708,1.55));
#9487=CARTESIAN_POINT('',(-0.124983401165861,1.1560738859708,1.55));
#9488=CARTESIAN_POINT('',(-0.12498340116586,0.933591703882929,1.55));
#9489=CARTESIAN_POINT('',(-0.124983401165861,1.1560738859708,1.56));
#9490=CARTESIAN_POINT('',(-0.12498340116586,0.933591703882929,1.56));
#9491=CARTESIAN_POINT('',(-0.124983401165861,1.1560738859708,1.55));
#9492=CARTESIAN_POINT('Origin',(-0.161897516956212,1.1560738859708,1.55));
#9493=CARTESIAN_POINT('Origin',(-0.161897516956212,1.1560738859708,1.55));
#9494=CARTESIAN_POINT('Origin',(-0.161897516956212,1.1560738859708,1.56));
#9495=CARTESIAN_POINT('Origin',(-0.165981226252278,1.0837467921866,1.55));
#9496=CARTESIAN_POINT('Origin',(-0.165981226252278,1.0837467921866,1.56));
#9497=CARTESIAN_POINT('Origin',(0.0240391766213708,1.14285137959011,1.55));
#9498=CARTESIAN_POINT('',(0.121047632975871,1.14324767137146,1.55));
#9499=CARTESIAN_POINT('',(0.114718304187867,1.17732011143853,1.55));
#9500=CARTESIAN_POINT('Origin',(0.0240391766213708,1.14285137959011,1.55));
#9501=CARTESIAN_POINT('',(0.121047632975871,1.14324767137146,1.56));
#9502=CARTESIAN_POINT('',(0.121047632975871,1.14324767137146,1.55));
#9503=CARTESIAN_POINT('',(0.114718304187867,1.17732011143853,1.56));
#9504=CARTESIAN_POINT('Origin',(0.0240391766213708,1.14285137959011,1.56));
#9505=CARTESIAN_POINT('',(0.114718304187867,1.17732011143853,1.55));
#9506=CARTESIAN_POINT('Origin',(0.121047632975871,1.12024517745611,1.55));
#9507=CARTESIAN_POINT('',(0.121047632975871,1.12024517745611,1.55));
#9508=CARTESIAN_POINT('',(0.121047632975871,1.09535334795712,1.55));
#9509=CARTESIAN_POINT('',(0.121047632975871,1.12024517745611,1.56));
#9510=CARTESIAN_POINT('',(0.121047632975871,1.12024517745611,1.55));
#9511=CARTESIAN_POINT('',(0.121047632975871,1.09535334795712,1.56));
#9512=CARTESIAN_POINT('Origin',(0.0366085970193797,1.12024517745611,1.55));
#9513=CARTESIAN_POINT('',(0.0366085970193797,1.12024517745611,1.55));
#9514=CARTESIAN_POINT('',(0.0607749655848652,1.12024517745611,1.55));
#9515=CARTESIAN_POINT('',(0.0366085970193797,1.12024517745611,1.56));
#9516=CARTESIAN_POINT('',(0.0366085970193797,1.12024517745611,1.55));
#9517=CARTESIAN_POINT('',(0.0607749655848652,1.12024517745611,1.56));
#9518=CARTESIAN_POINT('Origin',(0.0797186424320791,1.12700241114204,1.55));
#9519=CARTESIAN_POINT('',(0.0361770502331329,1.12987747137652,1.55));
#9520=CARTESIAN_POINT('Origin',(0.0797186424320791,1.12700241114204,1.55));
#9521=CARTESIAN_POINT('',(0.0361770502331329,1.12987747137652,1.56));
#9522=CARTESIAN_POINT('',(0.0361770502331329,1.12987747137652,1.55));
#9523=CARTESIAN_POINT('Origin',(0.0797186424320791,1.12700241114204,1.56));
#9524=CARTESIAN_POINT('Origin',(0.183453261718201,1.12887106268159,1.55));
#9525=CARTESIAN_POINT('',(0.0414994457802714,1.16811911318752,1.55));
#9526=CARTESIAN_POINT('Origin',(0.183453261718201,1.12887106268159,1.55));
#9527=CARTESIAN_POINT('',(0.0414994457802714,1.16811911318752,1.56));
#9528=CARTESIAN_POINT('',(0.0414994457802714,1.16811911318752,1.55));
#9529=CARTESIAN_POINT('Origin',(0.183453261718201,1.12887106268159,1.56));
#9530=CARTESIAN_POINT('Origin',(0.0913689765475739,1.15111241380477,1.55));
#9531=CARTESIAN_POINT('',(0.0584735601063294,1.19227173231229,1.55));
#9532=CARTESIAN_POINT('Origin',(0.0913689765475739,1.15111241380477,1.55));
#9533=CARTESIAN_POINT('',(0.0584735601063294,1.19227173231229,1.56));
#9534=CARTESIAN_POINT('',(0.0584735601063294,1.19227173231229,1.55));
#9535=CARTESIAN_POINT('Origin',(0.0913689765475739,1.15111241380477,1.56));
#9536=CARTESIAN_POINT('Origin',(0.0796016626924343,1.16429783396363,1.55));
#9537=CARTESIAN_POINT('',(0.0843662839378906,1.19902871492132,1.55));
#9538=CARTESIAN_POINT('Origin',(0.0796016626924343,1.16429783396363,1.55));
#9539=CARTESIAN_POINT('',(0.0843662839378906,1.19902871492132,1.56));
#9540=CARTESIAN_POINT('',(0.0843662839378906,1.19902871492132,1.55));
#9541=CARTESIAN_POINT('Origin',(0.0796016626924343,1.16429783396363,1.56));
#9542=CARTESIAN_POINT('Origin',(0.0807104655974756,1.15694236070188,1.55));
#9543=CARTESIAN_POINT('',(0.100189608686027,1.19442821408363,1.55));
#9544=CARTESIAN_POINT('Origin',(0.0807104655974756,1.15694236070188,1.55));
#9545=CARTESIAN_POINT('',(0.100189608686027,1.19442821408363,1.56));
#9546=CARTESIAN_POINT('',(0.100189608686027,1.19442821408363,1.55));
#9547=CARTESIAN_POINT('Origin',(0.0807104655974756,1.15694236070188,1.56));
#9548=CARTESIAN_POINT('Origin',(0.0822078181004424,1.16443441201272,1.55));
#9549=CARTESIAN_POINT('Origin',(0.0822078181004424,1.16443441201272,1.55));
#9550=CARTESIAN_POINT('Origin',(0.0822078181004424,1.16443441201272,1.56));
#9551=CARTESIAN_POINT('Origin',(0.161893553264856,1.12207418028785,1.55));
#9552=CARTESIAN_POINT('',(0.00902747951563391,1.2094867437125,1.55));
#9553=CARTESIAN_POINT('',(-0.00872008417675072,1.16566293419198,1.55));
#9554=CARTESIAN_POINT('Origin',(0.161893553264856,1.12207418028785,1.55));
#9555=CARTESIAN_POINT('',(-0.00872008417675072,1.16566293419198,1.56));
#9556=CARTESIAN_POINT('',(-0.00872008417675072,1.16566293419198,1.55));
#9557=CARTESIAN_POINT('',(0.00902747951563391,1.2094867437125,1.56));
#9558=CARTESIAN_POINT('Origin',(0.161893553264856,1.12207418028785,1.56));
#9559=CARTESIAN_POINT('',(0.00902747951563391,1.2094867437125,1.55));
#9560=CARTESIAN_POINT('Origin',(0.0853771374246,1.15474805758828,1.55));
#9561=CARTESIAN_POINT('',(0.0347937102272156,1.23391188085617,1.55));
#9562=CARTESIAN_POINT('Origin',(0.0853771374246,1.15474805758828,1.55));
#9563=CARTESIAN_POINT('',(0.0347937102272156,1.23391188085617,1.56));
#9564=CARTESIAN_POINT('Origin',(0.0853771374246,1.15474805758828,1.56));
#9565=CARTESIAN_POINT('',(0.0347937102272156,1.23391188085617,1.55));
#9566=CARTESIAN_POINT('Origin',(0.0775217786623421,1.16362125011754,1.55));
#9567=CARTESIAN_POINT('',(0.0798016803024498,1.24584814748295,1.55));
#9568=CARTESIAN_POINT('Origin',(0.0775217786623421,1.16362125011754,1.55));
#9569=CARTESIAN_POINT('',(0.0798016803024498,1.24584814748295,1.56));
#9570=CARTESIAN_POINT('Origin',(0.0775217786623421,1.16362125011754,1.56));
#9571=CARTESIAN_POINT('',(0.0798016803024498,1.24584814748295,1.55));
#9572=CARTESIAN_POINT('Origin',(0.0802210759130428,1.14115631128181,1.55));
#9573=CARTESIAN_POINT('',(0.117417175975314,1.23901849294563,1.55));
#9574=CARTESIAN_POINT('Origin',(0.0802210759130428,1.14115631128181,1.55));
#9575=CARTESIAN_POINT('',(0.117417175975314,1.23901849294563,1.56));
#9576=CARTESIAN_POINT('Origin',(0.0802210759130428,1.14115631128181,1.56));
#9577=CARTESIAN_POINT('',(0.117417175975314,1.23901849294563,1.55));
#9578=CARTESIAN_POINT('Origin',(0.0846588757543125,1.15877483338267,1.55));
#9579=CARTESIAN_POINT('',(0.13951340044502,1.22588021509221,1.55));
#9580=CARTESIAN_POINT('Origin',(0.0846588757543125,1.15877483338267,1.55));
#9581=CARTESIAN_POINT('',(0.13951340044502,1.22588021509221,1.56));
#9582=CARTESIAN_POINT('Origin',(0.0846588757543125,1.15877483338267,1.56));
#9583=CARTESIAN_POINT('',(0.13951340044502,1.22588021509221,1.55));
#9584=CARTESIAN_POINT('Origin',(0.0703929900793071,1.15197308851372,1.55));
#9585=CARTESIAN_POINT('',(0.165525405410716,1.18646537810756,1.55));
#9586=CARTESIAN_POINT('Origin',(0.0703929900793071,1.15197308851372,1.55));
#9587=CARTESIAN_POINT('',(0.165525405410716,1.18646537810756,1.56));
#9588=CARTESIAN_POINT('Origin',(0.0703929900793071,1.15197308851372,1.56));
#9589=CARTESIAN_POINT('',(0.165525405410716,1.18646537810756,1.55));
#9590=CARTESIAN_POINT('Origin',(-0.102656511075195,1.10817166305533,1.55));
#9591=CARTESIAN_POINT('',(0.176713362384951,1.1101515493141,1.55));
#9592=CARTESIAN_POINT('Origin',(-0.102656511075195,1.10817166305533,1.55));
#9593=CARTESIAN_POINT('',(0.176713362384951,1.1101515493141,1.56));
#9594=CARTESIAN_POINT('Origin',(-0.102656511075195,1.10817166305533,1.56));
#9595=CARTESIAN_POINT('',(0.176713362384951,1.1101515493141,1.55));
#9596=CARTESIAN_POINT('Origin',(0.176713362384952,1.07548885443566,1.55));
#9597=CARTESIAN_POINT('',(0.176713362384952,1.07548885443566,1.55));
#9598=CARTESIAN_POINT('',(0.176713362384952,1.07548885443566,1.55));
#9599=CARTESIAN_POINT('',(0.176713362384952,1.07548885443566,1.56));
#9600=CARTESIAN_POINT('',(0.176713362384952,1.07548885443566,1.56));
#9601=CARTESIAN_POINT('',(0.176713362384952,1.07548885443566,1.55));
#9602=CARTESIAN_POINT('Origin',(0.0365841718346616,1.07548885443567,1.55));
#9603=CARTESIAN_POINT('',(0.0365841718346616,1.07548885443567,1.55));
#9604=CARTESIAN_POINT('',(0.0365841718346616,1.07548885443567,1.55));
#9605=CARTESIAN_POINT('',(0.0365841718346616,1.07548885443567,1.56));
#9606=CARTESIAN_POINT('',(0.0365841718346616,1.07548885443567,1.56));
#9607=CARTESIAN_POINT('',(0.0365841718346616,1.07548885443567,1.55));
#9608=CARTESIAN_POINT('Origin',(0.645101423795617,1.06914236326003,1.55));
#9609=CARTESIAN_POINT('',(0.0373382910786778,1.03819889230981,1.55));
#9610=CARTESIAN_POINT('Origin',(0.645101423795617,1.06914236326003,1.55));
#9611=CARTESIAN_POINT('',(0.0373382910786778,1.03819889230981,1.56));
#9612=CARTESIAN_POINT('Origin',(0.645101423795617,1.06914236326003,1.56));
#9613=CARTESIAN_POINT('',(0.0373382910786778,1.03819889230981,1.55));
#9614=CARTESIAN_POINT('Origin',(0.138238504951269,1.03936481260967,1.55));
#9615=CARTESIAN_POINT('',(0.0413848929974106,1.01105244108816,1.55));
#9616=CARTESIAN_POINT('Origin',(0.138238504951269,1.03936481260967,1.55));
#9617=CARTESIAN_POINT('',(0.0413848929974106,1.01105244108816,1.56));
#9618=CARTESIAN_POINT('Origin',(0.138238504951269,1.03936481260967,1.56));
#9619=CARTESIAN_POINT('',(0.0413848929974106,1.01105244108816,1.55));
#9620=CARTESIAN_POINT('Origin',(0.119634077946915,1.03332793572173,1.55));
#9621=CARTESIAN_POINT('',(0.0486848117293576,0.99351167987538,1.55));
#9622=CARTESIAN_POINT('Origin',(0.119634077946915,1.03332793572173,1.55));
#9623=CARTESIAN_POINT('',(0.0486848117293576,0.99351167987538,1.56));
#9624=CARTESIAN_POINT('Origin',(0.119634077946915,1.03332793572173,1.56));
#9625=CARTESIAN_POINT('',(0.0486848117293576,0.99351167987538,1.55));
#9626=CARTESIAN_POINT('Origin',(0.0811864509821653,1.01318778947886,1.55));
#9627=CARTESIAN_POINT('',(0.0628186982341674,0.979929234154909,1.55));
#9628=CARTESIAN_POINT('Origin',(0.0811864509821653,1.01318778947886,1.55));
#9629=CARTESIAN_POINT('',(0.0628186982341674,0.979929234154909,1.56));
#9630=CARTESIAN_POINT('Origin',(0.0811864509821653,1.01318778947886,1.56));
#9631=CARTESIAN_POINT('',(0.0628186982341674,0.979929234154909,1.55));
#9632=CARTESIAN_POINT('Origin',(0.0814090495986213,1.01329692755192,1.55));
#9633=CARTESIAN_POINT('',(0.0803121366595649,0.975115768474505,1.55));
#9634=CARTESIAN_POINT('Origin',(0.0814090495986213,1.01329692755192,1.55));
#9635=CARTESIAN_POINT('',(0.0803121366595649,0.975115768474505,1.56));
#9636=CARTESIAN_POINT('Origin',(0.0814090495986213,1.01329692755192,1.56));
#9637=CARTESIAN_POINT('',(0.0803121366595649,0.975115768474505,1.55));
#9638=CARTESIAN_POINT('Origin',(0.0806116815787702,1.01135843864674,1.55));
#9639=CARTESIAN_POINT('',(0.0969311079106974,0.978996467251769,1.55));
#9640=CARTESIAN_POINT('Origin',(0.0806116815787702,1.01135843864674,1.55));
#9641=CARTESIAN_POINT('',(0.0969311079106974,0.978996467251769,1.56));
#9642=CARTESIAN_POINT('Origin',(0.0806116815787702,1.01135843864674,1.56));
#9643=CARTESIAN_POINT('',(0.0969311079106974,0.978996467251769,1.55));
#9644=CARTESIAN_POINT('Origin',(0.0824171723369053,1.0096626998493,1.55));
#9645=CARTESIAN_POINT('',(0.112391305282222,0.99376856565638,1.55));
#9646=CARTESIAN_POINT('Origin',(0.0824171723369053,1.0096626998493,1.55));
#9647=CARTESIAN_POINT('',(0.112391305282222,0.99376856565638,1.56));
#9648=CARTESIAN_POINT('Origin',(0.0824171723369053,1.0096626998493,1.56));
#9649=CARTESIAN_POINT('',(0.112391305282222,0.99376856565638,1.55));
#9650=CARTESIAN_POINT('Origin',(0.0351029195682744,1.03215757960149,1.55));
#9651=CARTESIAN_POINT('',(0.12024101291965,1.01806091267493,1.55));
#9652=CARTESIAN_POINT('Origin',(0.0351029195682744,1.03215757960149,1.55));
#9653=CARTESIAN_POINT('',(0.12024101291965,1.01806091267493,1.56));
#9654=CARTESIAN_POINT('Origin',(0.0351029195682744,1.03215757960149,1.56));
#9655=CARTESIAN_POINT('',(0.12024101291965,1.01806091267493,1.55));
#9656=CARTESIAN_POINT('Origin',(0.0635659090885981,1.03038400270964,1.55));
#9657=CARTESIAN_POINT('',(0.121346858157433,1.03541270701283,1.55));
#9658=CARTESIAN_POINT('Origin',(0.0635659090885981,1.03038400270964,1.55));
#9659=CARTESIAN_POINT('',(0.121346858157433,1.03541270701283,1.56));
#9660=CARTESIAN_POINT('Origin',(0.0635659090885981,1.03038400270964,1.56));
#9661=CARTESIAN_POINT('',(0.121346858157433,1.03541270701283,1.55));
#9662=CARTESIAN_POINT('Origin',(0.173542833390752,1.03541270701283,1.55));
#9663=CARTESIAN_POINT('',(0.173542833390752,1.03541270701283,1.55));
#9664=CARTESIAN_POINT('',(0.173542833390752,1.03541270701283,1.55));
#9665=CARTESIAN_POINT('',(0.173542833390752,1.03541270701283,1.56));
#9666=CARTESIAN_POINT('',(0.173542833390752,1.03541270701283,1.56));
#9667=CARTESIAN_POINT('',(0.173542833390752,1.03541270701283,1.55));
#9668=CARTESIAN_POINT('Origin',(0.173432247755722,1.02259227553164,1.55));
#9669=CARTESIAN_POINT('',(0.173432247755722,1.02259227553164,1.55));
#9670=CARTESIAN_POINT('',(0.173432247755722,1.02259227553164,1.55));
#9671=CARTESIAN_POINT('',(0.173432247755722,1.02259227553164,1.56));
#9672=CARTESIAN_POINT('',(0.173432247755722,1.02259227553164,1.56));
#9673=CARTESIAN_POINT('',(0.173432247755722,1.02259227553164,1.55));
#9674=CARTESIAN_POINT('Origin',(0.0536711339581997,1.02599665465782,1.55));
#9675=CARTESIAN_POINT('',(0.170552337343638,0.99966989127092,1.55));
#9676=CARTESIAN_POINT('Origin',(0.0536711339581997,1.02599665465782,1.55));
#9677=CARTESIAN_POINT('',(0.170552337343638,0.99966989127092,1.56));
#9678=CARTESIAN_POINT('Origin',(0.0536711339581997,1.02599665465782,1.56));
#9679=CARTESIAN_POINT('',(0.170552337343638,0.99966989127092,1.55));
#9680=CARTESIAN_POINT('Origin',(0.0672368075606397,1.02365787539493,1.55));
#9681=CARTESIAN_POINT('',(0.158268936393171,0.969227428061727,1.55));
#9682=CARTESIAN_POINT('Origin',(0.0672368075606397,1.02365787539493,1.55));
#9683=CARTESIAN_POINT('',(0.158268936393171,0.969227428061727,1.56));
#9684=CARTESIAN_POINT('Origin',(0.0672368075606397,1.02365787539493,1.56));
#9685=CARTESIAN_POINT('',(0.158268936393171,0.969227428061727,1.55));
#9686=CARTESIAN_POINT('Origin',(-0.0072068217191712,1.07439365963869,1.55));
#9687=CARTESIAN_POINT('',(0.14665753917148,0.952870323465487,1.55));
#9688=CARTESIAN_POINT('Origin',(-0.0072068217191712,1.07439365963869,1.55));
#9689=CARTESIAN_POINT('',(0.14665753917148,0.952870323465487,1.56));
#9690=CARTESIAN_POINT('Origin',(-0.0072068217191712,1.07439365963869,1.56));
#9691=CARTESIAN_POINT('',(0.14665753917148,0.952870323465487,1.55));
#9692=CARTESIAN_POINT('Origin',(0.100196453179925,0.993008712272108,1.55));
#9693=CARTESIAN_POINT('',(0.135709655759936,0.942923432897652,1.55));
#9694=CARTESIAN_POINT('Origin',(0.100196453179925,0.993008712272108,1.55));
#9695=CARTESIAN_POINT('',(0.135709655759936,0.942923432897652,1.56));
#9696=CARTESIAN_POINT('Origin',(0.100196453179925,0.993008712272108,1.56));
#9697=CARTESIAN_POINT('',(0.135709655759936,0.942923432897652,1.55));
#9698=CARTESIAN_POINT('Origin',(0.0491777377653426,1.07456309779897,1.55));
#9699=CARTESIAN_POINT('',(0.123434755840559,0.935629050590479,1.55));
#9700=CARTESIAN_POINT('Origin',(0.0491777377653426,1.07456309779897,1.55));
#9701=CARTESIAN_POINT('',(0.123434755840559,0.935629050590479,1.56));
#9702=CARTESIAN_POINT('Origin',(0.0491777377653426,1.07456309779897,1.56));
#9703=CARTESIAN_POINT('',(0.123434755840559,0.935629050590479,1.55));
#9704=CARTESIAN_POINT('Origin',(0.0905323944174402,1.00026733359757,1.55));
#9705=CARTESIAN_POINT('',(0.106107709818933,0.929428907814198,1.55));
#9706=CARTESIAN_POINT('Origin',(0.0905323944174402,1.00026733359757,1.55));
#9707=CARTESIAN_POINT('',(0.106107709818933,0.929428907814198,1.56));
#9708=CARTESIAN_POINT('Origin',(0.0905323944174402,1.00026733359757,1.56));
#9709=CARTESIAN_POINT('',(0.106107709818933,0.929428907814198,1.55));
#9710=CARTESIAN_POINT('Origin',(0.0862596890531084,0.99727500021534,1.55));
#9711=CARTESIAN_POINT('',(0.0828849264879997,0.926665884939378,1.55));
#9712=CARTESIAN_POINT('Origin',(0.0862596890531084,0.99727500021534,1.55));
#9713=CARTESIAN_POINT('',(0.0828849264879997,0.926665884939378,1.56));
#9714=CARTESIAN_POINT('Origin',(0.0862596890531084,0.99727500021534,1.56));
#9715=CARTESIAN_POINT('',(0.0828849264879997,0.926665884939378,1.55));
#9716=CARTESIAN_POINT('Origin',(0.0809575872294016,1.00650798200056,1.55));
#9717=CARTESIAN_POINT('',(0.0608785684736513,0.929207864888416,1.55));
#9718=CARTESIAN_POINT('Origin',(0.0809575872294016,1.00650798200056,1.55));
#9719=CARTESIAN_POINT('',(0.0608785684736513,0.929207864888416,1.56));
#9720=CARTESIAN_POINT('Origin',(0.0809575872294016,1.00650798200056,1.56));
#9721=CARTESIAN_POINT('',(0.0608785684736513,0.929207864888416,1.55));
#9722=CARTESIAN_POINT('Origin',(0.077816950333252,1.01889883585274,1.55));
#9723=CARTESIAN_POINT('',(0.0432956025229128,0.934402353098116,1.55));
#9724=CARTESIAN_POINT('Origin',(0.077816950333252,1.01889883585274,1.55));
#9725=CARTESIAN_POINT('',(0.0432956025229128,0.934402353098116,1.56));
#9726=CARTESIAN_POINT('Origin',(0.077816950333252,1.01889883585274,1.56));
#9727=CARTESIAN_POINT('',(0.0432956025229128,0.934402353098116,1.55));
#9728=CARTESIAN_POINT('Origin',(0.0673749207086208,0.996053581523756,1.55));
#9729=CARTESIAN_POINT('',(0.029884731489589,0.941508432857718,1.55));
#9730=CARTESIAN_POINT('Origin',(0.0673749207086208,0.996053581523756,1.55));
#9731=CARTESIAN_POINT('',(0.029884731489589,0.941508432857718,1.56));
#9732=CARTESIAN_POINT('Origin',(0.0673749207086208,0.996053581523756,1.56));
#9733=CARTESIAN_POINT('',(0.029884731489589,0.941508432857718,1.55));
#9734=CARTESIAN_POINT('Origin',(0.0738386167283805,1.00641983553533,1.55));
#9735=CARTESIAN_POINT('',(0.0188262624430154,0.950571155146789,1.55));
#9736=CARTESIAN_POINT('Origin',(0.0738386167283805,1.00641983553533,1.55));
#9737=CARTESIAN_POINT('',(0.0188262624430154,0.950571155146789,1.56));
#9738=CARTESIAN_POINT('Origin',(0.0738386167283805,1.00641983553533,1.56));
#9739=CARTESIAN_POINT('',(0.0188262624430154,0.950571155146789,1.55));
#9740=CARTESIAN_POINT('Origin',(0.0598871286896213,0.994713471582207,1.55));
#9741=CARTESIAN_POINT('',(0.00920539553930264,0.962065335922017,1.55));
#9742=CARTESIAN_POINT('Origin',(0.0598871286896213,0.994713471582207,1.55));
#9743=CARTESIAN_POINT('',(0.00920539553930264,0.962065335922017,1.56));
#9744=CARTESIAN_POINT('Origin',(0.0598871286896213,0.994713471582207,1.56));
#9745=CARTESIAN_POINT('',(0.00920539553930264,0.962065335922017,1.55));
#9746=CARTESIAN_POINT('Origin',(0.0752660007913838,1.01290812333632,1.55));
#9747=CARTESIAN_POINT('',(-0.00651372212522705,0.996750477529781,1.55));
#9748=CARTESIAN_POINT('Origin',(0.0752660007913838,1.01290812333632,1.55));
#9749=CARTESIAN_POINT('',(-0.00651372212522705,0.996750477529781,1.56));
#9750=CARTESIAN_POINT('Origin',(0.0752660007913838,1.01290812333632,1.56));
#9751=CARTESIAN_POINT('',(-0.00651372212522705,0.996750477529781,1.55));
#9752=CARTESIAN_POINT('Origin',(0.266084870193316,1.0761742559239,1.55));
#9753=CARTESIAN_POINT('',(-0.0172412565886826,1.05761529606187,1.55));
#9754=CARTESIAN_POINT('Origin',(0.266084870193316,1.0761742559239,1.55));
#9755=CARTESIAN_POINT('',(-0.0172412565886826,1.05761529606187,1.56));
#9756=CARTESIAN_POINT('Origin',(0.266084870193316,1.0761742559239,1.56));
#9757=CARTESIAN_POINT('',(-0.0172412565886826,1.05761529606187,1.55));
#9758=CARTESIAN_POINT('Origin',(0.415673033401791,1.07666487781592,1.55));
#9759=CARTESIAN_POINT('',(-0.0163524765673709,1.11030455348091,1.55));
#9760=CARTESIAN_POINT('Origin',(0.415673033401791,1.07666487781592,1.55));
#9761=CARTESIAN_POINT('',(-0.0163524765673709,1.11030455348091,1.56));
#9762=CARTESIAN_POINT('Origin',(0.415673033401791,1.07666487781592,1.56));
#9763=CARTESIAN_POINT('',(-0.0163524765673709,1.11030455348091,1.55));
#9764=CARTESIAN_POINT('Origin',(0.211473895077003,1.10709892501484,1.55));
#9765=CARTESIAN_POINT('Origin',(0.211473895077003,1.10709892501484,1.55));
#9766=CARTESIAN_POINT('Origin',(0.211473895077003,1.10709892501484,1.56));
#9767=CARTESIAN_POINT('Origin',(0.0849413341503506,1.07046151845814,1.56));
#9768=CARTESIAN_POINT('Origin',(0.0849413341503506,1.07046151845814,1.55));
#9769=CARTESIAN_POINT('Origin',(0.228919884113735,1.08470567441566,1.55));
#9770=CARTESIAN_POINT('',(0.370925234782779,1.07750887515987,1.55));
#9771=CARTESIAN_POINT('',(0.371061431856418,1.08832422985684,1.55));
#9772=CARTESIAN_POINT('Origin',(0.228919884113735,1.08470567441566,1.55));
#9773=CARTESIAN_POINT('',(0.370925234782779,1.07750887515987,1.56));
#9774=CARTESIAN_POINT('',(0.370925234782779,1.07750887515987,1.55));
#9775=CARTESIAN_POINT('',(0.371061431856418,1.08832422985684,1.56));
#9776=CARTESIAN_POINT('Origin',(0.228919884113735,1.08470567441566,1.56));
#9777=CARTESIAN_POINT('',(0.371061431856418,1.08832422985684,1.55));
#9778=CARTESIAN_POINT('Origin',(0.0862241050604945,1.08507723948349,1.55));
#9779=CARTESIAN_POINT('',(0.368852954533336,1.04996389658741,1.55));
#9780=CARTESIAN_POINT('Origin',(0.0862241050604945,1.08507723948349,1.55));
#9781=CARTESIAN_POINT('',(0.368852954533336,1.04996389658741,1.56));
#9782=CARTESIAN_POINT('',(0.368852954533336,1.04996389658741,1.55));
#9783=CARTESIAN_POINT('Origin',(0.0862241050604945,1.08507723948349,1.56));
#9784=CARTESIAN_POINT('Origin',(0.150543359051086,1.07708632127255,1.55));
#9785=CARTESIAN_POINT('',(0.366108764669151,1.03319712782879,1.55));
#9786=CARTESIAN_POINT('Origin',(0.150543359051086,1.07708632127255,1.55));
#9787=CARTESIAN_POINT('',(0.366108764669151,1.03319712782879,1.56));
#9788=CARTESIAN_POINT('',(0.366108764669151,1.03319712782879,1.55));
#9789=CARTESIAN_POINT('Origin',(0.150543359051086,1.07708632127255,1.56));
#9790=CARTESIAN_POINT('Origin',(0.20957502312641,1.06190509754285,1.55));
#9791=CARTESIAN_POINT('',(0.362006039276604,1.01616949782127,1.55));
#9792=CARTESIAN_POINT('Origin',(0.20957502312641,1.06190509754285,1.55));
#9793=CARTESIAN_POINT('',(0.362006039276604,1.01616949782127,1.56));
#9794=CARTESIAN_POINT('',(0.362006039276604,1.01616949782127,1.55));
#9795=CARTESIAN_POINT('Origin',(0.20957502312641,1.06190509754285,1.56));
#9796=CARTESIAN_POINT('Origin',(0.287563610304802,1.04160714609384,1.55));
#9797=CARTESIAN_POINT('',(0.356124453683782,1.00303047003144,1.55));
#9798=CARTESIAN_POINT('Origin',(0.287563610304802,1.04160714609384,1.55));
#9799=CARTESIAN_POINT('',(0.356124453683782,1.00303047003144,1.56));
#9800=CARTESIAN_POINT('',(0.356124453683782,1.00303047003144,1.55));
#9801=CARTESIAN_POINT('Origin',(0.287563610304802,1.04160714609384,1.56));
#9802=CARTESIAN_POINT('Origin',(0.307839461527552,1.02860278826831,1.55));
#9803=CARTESIAN_POINT('',(0.349663625613005,0.993444244127686,1.55));
#9804=CARTESIAN_POINT('Origin',(0.307839461527552,1.02860278826831,1.55));
#9805=CARTESIAN_POINT('',(0.349663625613005,0.993444244127686,1.56));
#9806=CARTESIAN_POINT('',(0.349663625613005,0.993444244127686,1.55));
#9807=CARTESIAN_POINT('Origin',(0.307839461527552,1.02860278826831,1.56));
#9808=CARTESIAN_POINT('Origin',(0.325799839047392,1.01054455058821,1.55));
#9809=CARTESIAN_POINT('',(0.340807634813559,0.98531229233545,1.55));
#9810=CARTESIAN_POINT('Origin',(0.325799839047392,1.01054455058821,1.55));
#9811=CARTESIAN_POINT('',(0.340807634813559,0.98531229233545,1.56));
#9812=CARTESIAN_POINT('',(0.340807634813559,0.98531229233545,1.55));
#9813=CARTESIAN_POINT('Origin',(0.325799839047392,1.01054455058821,1.56));
#9814=CARTESIAN_POINT('Origin',(0.32558146306037,1.01168356567,1.55));
#9815=CARTESIAN_POINT('',(0.331277245550441,0.981769715610722,1.55));
#9816=CARTESIAN_POINT('Origin',(0.32558146306037,1.01168356567,1.55));
#9817=CARTESIAN_POINT('',(0.331277245550441,0.981769715610722,1.56));
#9818=CARTESIAN_POINT('',(0.331277245550441,0.981769715610722,1.55));
#9819=CARTESIAN_POINT('Origin',(0.32558146306037,1.01168356567,1.56));
#9820=CARTESIAN_POINT('Origin',(0.325665119156392,1.00560404537143,1.55));
#9821=CARTESIAN_POINT('',(0.323421759434378,0.981220883661705,1.55));
#9822=CARTESIAN_POINT('Origin',(0.325665119156392,1.00560404537143,1.55));
#9823=CARTESIAN_POINT('',(0.323421759434378,0.981220883661705,1.56));
#9824=CARTESIAN_POINT('',(0.323421759434378,0.981220883661705,1.55));
#9825=CARTESIAN_POINT('Origin',(0.325665119156392,1.00560404537143,1.56));
#9826=CARTESIAN_POINT('Origin',(0.321178399712354,1.00560404537146,1.55));
#9827=CARTESIAN_POINT('',(0.315566273318303,0.981769715610721,1.55));
#9828=CARTESIAN_POINT('Origin',(0.321178399712354,1.00560404537146,1.55));
#9829=CARTESIAN_POINT('',(0.315566273318303,0.981769715610721,1.56));
#9830=CARTESIAN_POINT('',(0.315566273318303,0.981769715610721,1.55));
#9831=CARTESIAN_POINT('Origin',(0.321178399712354,1.00560404537146,1.56));
#9832=CARTESIAN_POINT('Origin',(0.32126205580839,1.01168356567,1.55));
#9833=CARTESIAN_POINT('',(0.306035884055184,0.985312292335455,1.55));
#9834=CARTESIAN_POINT('Origin',(0.32126205580839,1.01168356567,1.55));
#9835=CARTESIAN_POINT('',(0.306035884055184,0.985312292335455,1.56));
#9836=CARTESIAN_POINT('',(0.306035884055184,0.985312292335455,1.55));
#9837=CARTESIAN_POINT('Origin',(0.32126205580839,1.01168356567,1.56));
#9838=CARTESIAN_POINT('Origin',(0.321043679821331,1.01054455058822,1.55));
#9839=CARTESIAN_POINT('',(0.297179893255742,0.993444244127675,1.55));
#9840=CARTESIAN_POINT('Origin',(0.321043679821331,1.01054455058822,1.55));
#9841=CARTESIAN_POINT('',(0.297179893255742,0.993444244127675,1.56));
#9842=CARTESIAN_POINT('',(0.297179893255742,0.993444244127675,1.55));
#9843=CARTESIAN_POINT('Origin',(0.321043679821331,1.01054455058822,1.56));
#9844=CARTESIAN_POINT('Origin',(0.339004057341218,1.0286027882683,1.55));
#9845=CARTESIAN_POINT('',(0.290719065185009,1.00303047003135,1.55));
#9846=CARTESIAN_POINT('Origin',(0.339004057341218,1.0286027882683,1.55));
#9847=CARTESIAN_POINT('',(0.290719065185009,1.00303047003135,1.56));
#9848=CARTESIAN_POINT('',(0.290719065185009,1.00303047003135,1.55));
#9849=CARTESIAN_POINT('Origin',(0.339004057341218,1.0286027882683,1.56));
#9850=CARTESIAN_POINT('Origin',(0.359279908563913,1.04160714609386,1.55));
#9851=CARTESIAN_POINT('',(0.284837479592133,1.01616949782127,1.55));
#9852=CARTESIAN_POINT('Origin',(0.359279908563913,1.04160714609386,1.55));
#9853=CARTESIAN_POINT('',(0.284837479592133,1.01616949782127,1.56));
#9854=CARTESIAN_POINT('',(0.284837479592133,1.01616949782127,1.55));
#9855=CARTESIAN_POINT('Origin',(0.359279908563913,1.04160714609386,1.56));
#9856=CARTESIAN_POINT('Origin',(0.437268495742449,1.06190509754281,1.55));
#9857=CARTESIAN_POINT('',(0.280734754199592,1.03319712782879,1.55));
#9858=CARTESIAN_POINT('Origin',(0.437268495742449,1.06190509754281,1.55));
#9859=CARTESIAN_POINT('',(0.280734754199592,1.03319712782879,1.56));
#9860=CARTESIAN_POINT('',(0.280734754199592,1.03319712782879,1.55));
#9861=CARTESIAN_POINT('Origin',(0.437268495742449,1.06190509754281,1.56));
#9862=CARTESIAN_POINT('Origin',(0.496300159817706,1.07708632127261,1.55));
#9863=CARTESIAN_POINT('',(0.277999344647177,1.04989331672487,1.55));
#9864=CARTESIAN_POINT('Origin',(0.496300159817706,1.07708632127261,1.55));
#9865=CARTESIAN_POINT('',(0.277999344647177,1.04989331672487,1.56));
#9866=CARTESIAN_POINT('',(0.277999344647177,1.04989331672487,1.55));
#9867=CARTESIAN_POINT('Origin',(0.496300159817706,1.07708632127261,1.56));
#9868=CARTESIAN_POINT('Origin',(0.560619416404766,1.08507723980609,1.55));
#9869=CARTESIAN_POINT('',(0.275918286682534,1.07750887548246,1.55));
#9870=CARTESIAN_POINT('Origin',(0.560619416404766,1.08507723980609,1.55));
#9871=CARTESIAN_POINT('',(0.275918286682534,1.07750887548246,1.56));
#9872=CARTESIAN_POINT('',(0.275918286682534,1.07750887548246,1.55));
#9873=CARTESIAN_POINT('Origin',(0.560619416404766,1.08507723980609,1.56));
#9874=CARTESIAN_POINT('Origin',(0.417923637351592,1.08470567473825,1.55));
#9875=CARTESIAN_POINT('',(0.275782089608896,1.08832423017944,1.55));
#9876=CARTESIAN_POINT('Origin',(0.417923637351592,1.08470567473825,1.55));
#9877=CARTESIAN_POINT('',(0.275782089608896,1.08832423017944,1.56));
#9878=CARTESIAN_POINT('',(0.275782089608896,1.08832423017944,1.55));
#9879=CARTESIAN_POINT('Origin',(0.417923637351592,1.08470567473825,1.56));
#9880=CARTESIAN_POINT('Origin',(0.417923637351535,1.09194278562064,1.55));
#9881=CARTESIAN_POINT('',(0.275918286682535,1.09913958487644,1.55));
#9882=CARTESIAN_POINT('Origin',(0.417923637351535,1.09194278562064,1.55));
#9883=CARTESIAN_POINT('',(0.275918286682535,1.09913958487644,1.56));
#9884=CARTESIAN_POINT('',(0.275918286682535,1.09913958487644,1.55));
#9885=CARTESIAN_POINT('Origin',(0.417923637351535,1.09194278562064,1.56));
#9886=CARTESIAN_POINT('Origin',(0.560619416383012,1.09157121973247,1.55));
#9887=CARTESIAN_POINT('',(0.277999344647176,1.12675514298885,1.55));
#9888=CARTESIAN_POINT('Origin',(0.560619416383012,1.09157121973247,1.55));
#9889=CARTESIAN_POINT('',(0.277999344647176,1.12675514298885,1.56));
#9890=CARTESIAN_POINT('',(0.277999344647176,1.12675514298885,1.55));
#9891=CARTESIAN_POINT('Origin',(0.560619416383012,1.09157121973247,1.56));
#9892=CARTESIAN_POINT('Origin',(0.496300159817649,1.09956213844117,1.55));
#9893=CARTESIAN_POINT('',(0.280734754199588,1.14345133188493,1.55));
#9894=CARTESIAN_POINT('Origin',(0.496300159817649,1.09956213844117,1.55));
#9895=CARTESIAN_POINT('',(0.280734754199588,1.14345133188493,1.56));
#9896=CARTESIAN_POINT('',(0.280734754199588,1.14345133188493,1.55));
#9897=CARTESIAN_POINT('Origin',(0.496300159817649,1.09956213844117,1.56));
#9898=CARTESIAN_POINT('Origin',(0.437268495742327,1.11474336217084,1.55));
#9899=CARTESIAN_POINT('',(0.284837479592137,1.16047896189245,1.55));
#9900=CARTESIAN_POINT('Origin',(0.437268495742327,1.11474336217084,1.55));
#9901=CARTESIAN_POINT('',(0.284837479592137,1.16047896189245,1.56));
#9902=CARTESIAN_POINT('',(0.284837479592137,1.16047896189245,1.55));
#9903=CARTESIAN_POINT('Origin',(0.437268495742327,1.11474336217084,1.56));
#9904=CARTESIAN_POINT('Origin',(0.359279908563939,1.13504131361988,1.55));
#9905=CARTESIAN_POINT('',(0.290719065185004,1.17361798968236,1.55));
#9906=CARTESIAN_POINT('Origin',(0.359279908563939,1.13504131361988,1.55));
#9907=CARTESIAN_POINT('',(0.290719065185004,1.17361798968236,1.56));
#9908=CARTESIAN_POINT('',(0.290719065185004,1.17361798968236,1.55));
#9909=CARTESIAN_POINT('Origin',(0.359279908563939,1.13504131361988,1.56));
#9910=CARTESIAN_POINT('Origin',(0.3390040573412,1.14804567144542,1.55));
#9911=CARTESIAN_POINT('',(0.297179893255737,1.18320421558604,1.55));
#9912=CARTESIAN_POINT('Origin',(0.3390040573412,1.14804567144542,1.55));
#9913=CARTESIAN_POINT('',(0.297179893255737,1.18320421558604,1.56));
#9914=CARTESIAN_POINT('',(0.297179893255737,1.18320421558604,1.55));
#9915=CARTESIAN_POINT('Origin',(0.3390040573412,1.14804567144542,1.56));
#9916=CARTESIAN_POINT('Origin',(0.321043679821338,1.1661039091255,1.55));
#9917=CARTESIAN_POINT('',(0.306035884055183,1.19133616737827,1.55));
#9918=CARTESIAN_POINT('Origin',(0.321043679821338,1.1661039091255,1.55));
#9919=CARTESIAN_POINT('',(0.306035884055183,1.19133616737827,1.56));
#9920=CARTESIAN_POINT('',(0.306035884055183,1.19133616737827,1.55));
#9921=CARTESIAN_POINT('Origin',(0.321043679821338,1.1661039091255,1.56));
#9922=CARTESIAN_POINT('Origin',(0.32126205580838,1.16496489404371,1.55));
#9923=CARTESIAN_POINT('',(0.315566273318302,1.19487874410299,1.55));
#9924=CARTESIAN_POINT('Origin',(0.32126205580838,1.16496489404371,1.55));
#9925=CARTESIAN_POINT('',(0.315566273318302,1.19487874410299,1.56));
#9926=CARTESIAN_POINT('',(0.315566273318302,1.19487874410299,1.55));
#9927=CARTESIAN_POINT('Origin',(0.32126205580838,1.16496489404371,1.56));
#9928=CARTESIAN_POINT('Origin',(0.321178399712351,1.17104441434228,1.55));
#9929=CARTESIAN_POINT('',(0.323421759434363,1.19542757605201,1.55));
#9930=CARTESIAN_POINT('Origin',(0.321178399712351,1.17104441434228,1.55));
#9931=CARTESIAN_POINT('',(0.323421759434363,1.19542757605201,1.56));
#9932=CARTESIAN_POINT('',(0.323421759434363,1.19542757605201,1.55));
#9933=CARTESIAN_POINT('Origin',(0.321178399712351,1.17104441434228,1.56));
#9934=CARTESIAN_POINT('Origin',(0.325665119156387,1.17104441434226,1.55));
#9935=CARTESIAN_POINT('',(0.331277245550436,1.194878744103,1.55));
#9936=CARTESIAN_POINT('Origin',(0.325665119156387,1.17104441434226,1.55));
#9937=CARTESIAN_POINT('',(0.331277245550436,1.194878744103,1.56));
#9938=CARTESIAN_POINT('',(0.331277245550436,1.194878744103,1.55));
#9939=CARTESIAN_POINT('Origin',(0.325665119156387,1.17104441434226,1.56));
#9940=CARTESIAN_POINT('Origin',(0.325581463060351,1.16496489404371,1.55));
#9941=CARTESIAN_POINT('',(0.340807634813557,1.19133616737826,1.55));
#9942=CARTESIAN_POINT('Origin',(0.325581463060351,1.16496489404371,1.55));
#9943=CARTESIAN_POINT('',(0.340807634813557,1.19133616737826,1.56));
#9944=CARTESIAN_POINT('',(0.340807634813557,1.19133616737826,1.55));
#9945=CARTESIAN_POINT('Origin',(0.325581463060351,1.16496489404371,1.56));
#9946=CARTESIAN_POINT('Origin',(0.325799839047398,1.1661039091255,1.55));
#9947=CARTESIAN_POINT('',(0.349663625613002,1.18320421558603,1.55));
#9948=CARTESIAN_POINT('Origin',(0.325799839047398,1.1661039091255,1.55));
#9949=CARTESIAN_POINT('',(0.349663625613002,1.18320421558603,1.56));
#9950=CARTESIAN_POINT('',(0.349663625613002,1.18320421558603,1.55));
#9951=CARTESIAN_POINT('Origin',(0.325799839047398,1.1661039091255,1.56));
#9952=CARTESIAN_POINT('Origin',(0.30783946152754,1.14804567144541,1.55));
#9953=CARTESIAN_POINT('',(0.356124453683731,1.17361798968237,1.55));
#9954=CARTESIAN_POINT('Origin',(0.30783946152754,1.14804567144541,1.55));
#9955=CARTESIAN_POINT('',(0.356124453683731,1.17361798968237,1.56));
#9956=CARTESIAN_POINT('',(0.356124453683731,1.17361798968237,1.55));
#9957=CARTESIAN_POINT('Origin',(0.30783946152754,1.14804567144541,1.56));
#9958=CARTESIAN_POINT('Origin',(0.287563610304829,1.13504131361986,1.55));
#9959=CARTESIAN_POINT('',(0.362006039276606,1.16047896189245,1.55));
#9960=CARTESIAN_POINT('Origin',(0.287563610304829,1.13504131361986,1.55));
#9961=CARTESIAN_POINT('',(0.362006039276606,1.16047896189245,1.56));
#9962=CARTESIAN_POINT('',(0.362006039276606,1.16047896189245,1.55));
#9963=CARTESIAN_POINT('Origin',(0.287563610304829,1.13504131361986,1.56));
#9964=CARTESIAN_POINT('Origin',(0.209575023126298,1.11474336217088,1.55));
#9965=CARTESIAN_POINT('',(0.366108764669151,1.14345133188492,1.55));
#9966=CARTESIAN_POINT('Origin',(0.209575023126298,1.11474336217088,1.55));
#9967=CARTESIAN_POINT('',(0.366108764669151,1.14345133188492,1.56));
#9968=CARTESIAN_POINT('',(0.366108764669151,1.14345133188492,1.55));
#9969=CARTESIAN_POINT('Origin',(0.209575023126298,1.11474336217088,1.56));
#9970=CARTESIAN_POINT('Origin',(0.15054335905119,1.09956213844115,1.55));
#9971=CARTESIAN_POINT('',(0.368852954533354,1.12668456312618,1.55));
#9972=CARTESIAN_POINT('Origin',(0.15054335905119,1.09956213844115,1.55));
#9973=CARTESIAN_POINT('',(0.368852954533354,1.12668456312618,1.56));
#9974=CARTESIAN_POINT('',(0.368852954533354,1.12668456312618,1.55));
#9975=CARTESIAN_POINT('Origin',(0.15054335905119,1.09956213844115,1.56));
#9976=CARTESIAN_POINT('Origin',(0.0862241050605501,1.09157122023022,1.55));
#9977=CARTESIAN_POINT('',(0.370925234782781,1.09913958455385,1.55));
#9978=CARTESIAN_POINT('Origin',(0.0862241050605501,1.09157122023022,1.55));
#9979=CARTESIAN_POINT('',(0.370925234782781,1.09913958455385,1.56));
#9980=CARTESIAN_POINT('',(0.370925234782781,1.09913958455385,1.55));
#9981=CARTESIAN_POINT('Origin',(0.0862241050605501,1.09157122023022,1.56));
#9982=CARTESIAN_POINT('Origin',(0.228919884113724,1.09194278529807,1.55));
#9983=CARTESIAN_POINT('Origin',(0.228919884113724,1.09194278529807,1.55));
#9984=CARTESIAN_POINT('Origin',(0.228919884113724,1.09194278529807,1.56));
#9985=CARTESIAN_POINT('Origin',(0.520904542772664,1.0900789308987,1.55));
#9986=CARTESIAN_POINT('',(0.224130474662228,1.13942120430318,1.55));
#9987=CARTESIAN_POINT('',(0.220061432967237,1.0883669933589,1.55));
#9988=CARTESIAN_POINT('Origin',(0.520904542772664,1.0900789308987,1.55));
#9989=CARTESIAN_POINT('',(0.220061432967237,1.0883669933589,1.56));
#9990=CARTESIAN_POINT('',(0.220061432967237,1.0883669933589,1.55));
#9991=CARTESIAN_POINT('',(0.224130474662228,1.13942120430318,1.56));
#9992=CARTESIAN_POINT('Origin',(0.520904542772664,1.0900789308987,1.56));
#9993=CARTESIAN_POINT('',(0.224130474662228,1.13942120430318,1.55));
#9994=CARTESIAN_POINT('Origin',(0.374892169624274,1.12322193822433,1.55));
#9995=CARTESIAN_POINT('',(0.237208810918354,1.18674199509442,1.55));
#9996=CARTESIAN_POINT('Origin',(0.374892169624274,1.12322193822433,1.55));
#9997=CARTESIAN_POINT('',(0.237208810918354,1.18674199509442,1.56));
#9998=CARTESIAN_POINT('Origin',(0.374892169624274,1.12322193822433,1.56));
#9999=CARTESIAN_POINT('',(0.237208810918354,1.18674199509442,1.55));
#10000=CARTESIAN_POINT('Origin',(0.339890440366525,1.14415106211958,1.55));
#10001=CARTESIAN_POINT('',(0.261802088252683,1.22326941562838,1.55));
#10002=CARTESIAN_POINT('Origin',(0.339890440366525,1.14415106211958,1.55));
#10003=CARTESIAN_POINT('',(0.261802088252683,1.22326941562838,1.56));
#10004=CARTESIAN_POINT('Origin',(0.339890440366525,1.14415106211958,1.56));
#10005=CARTESIAN_POINT('',(0.261802088252683,1.22326941562838,1.55));
#10006=CARTESIAN_POINT('Origin',(0.308807631126375,1.1752149697312,1.55));
#10007=CARTESIAN_POINT('',(0.287744829261891,1.23905155179003,1.55));
#10008=CARTESIAN_POINT('Origin',(0.308807631126375,1.1752149697312,1.55));
#10009=CARTESIAN_POINT('',(0.287744829261891,1.23905155179003,1.56));
#10010=CARTESIAN_POINT('Origin',(0.308807631126375,1.1752149697312,1.56));
#10011=CARTESIAN_POINT('',(0.287744829261891,1.23905155179003,1.55));
#10012=CARTESIAN_POINT('Origin',(0.322497500657005,1.15005663410462,1.55));
#10013=CARTESIAN_POINT('',(0.323421762030941,1.24559191179743,1.55));
#10014=CARTESIAN_POINT('Origin',(0.322497500657005,1.15005663410462,1.55));
#10015=CARTESIAN_POINT('',(0.323421762030941,1.24559191179743,1.56));
#10016=CARTESIAN_POINT('Origin',(0.322497500657005,1.15005663410462,1.56));
#10017=CARTESIAN_POINT('',(0.323421762030941,1.24559191179743,1.55));
#10018=CARTESIAN_POINT('Origin',(0.324346023404882,1.15005663410461,1.55));
#10019=CARTESIAN_POINT('',(0.359098694800002,1.23905155179003,1.55));
#10020=CARTESIAN_POINT('Origin',(0.324346023404882,1.15005663410461,1.55));
#10021=CARTESIAN_POINT('',(0.359098694800002,1.23905155179003,1.56));
#10022=CARTESIAN_POINT('Origin',(0.324346023404882,1.15005663410461,1.56));
#10023=CARTESIAN_POINT('',(0.359098694800002,1.23905155179003,1.55));
#10024=CARTESIAN_POINT('Origin',(0.338035892935515,1.17521496973122,1.55));
#10025=CARTESIAN_POINT('',(0.385041435809199,1.22326941562838,1.55));
#10026=CARTESIAN_POINT('Origin',(0.338035892935515,1.17521496973122,1.55));
#10027=CARTESIAN_POINT('',(0.385041435809199,1.22326941562838,1.56));
#10028=CARTESIAN_POINT('Origin',(0.338035892935515,1.17521496973122,1.56));
#10029=CARTESIAN_POINT('',(0.385041435809199,1.22326941562838,1.55));
#10030=CARTESIAN_POINT('Origin',(0.30695308369537,1.14415106211958,1.55));
#10031=CARTESIAN_POINT('',(0.409634713143535,1.18674199509442,1.55));
#10032=CARTESIAN_POINT('Origin',(0.30695308369537,1.14415106211958,1.55));
#10033=CARTESIAN_POINT('',(0.409634713143535,1.18674199509442,1.56));
#10034=CARTESIAN_POINT('Origin',(0.30695308369537,1.14415106211958,1.56));
#10035=CARTESIAN_POINT('',(0.409634713143535,1.18674199509442,1.55));
#10036=CARTESIAN_POINT('Origin',(0.271951354437609,1.12322193822432,1.55));
#10037=CARTESIAN_POINT('',(0.422713049399663,1.13942120430318,1.55));
#10038=CARTESIAN_POINT('Origin',(0.271951354437609,1.12322193822432,1.55));
#10039=CARTESIAN_POINT('',(0.422713049399663,1.13942120430318,1.56));
#10040=CARTESIAN_POINT('Origin',(0.271951354437609,1.12322193822432,1.56));
#10041=CARTESIAN_POINT('',(0.422713049399663,1.13942120430318,1.55));
#10042=CARTESIAN_POINT('Origin',(0.125938981289298,1.09007893089871,1.55));
#10043=CARTESIAN_POINT('',(0.426782091094652,1.08836699335877,1.55));
#10044=CARTESIAN_POINT('Origin',(0.125938981289298,1.09007893089871,1.55));
#10045=CARTESIAN_POINT('',(0.426782091094652,1.08836699335877,1.56));
#10046=CARTESIAN_POINT('Origin',(0.125938981289298,1.09007893089871,1.56));
#10047=CARTESIAN_POINT('',(0.426782091094652,1.08836699335877,1.55));
#10048=CARTESIAN_POINT('Origin',(0.125938981289227,1.08665505581912,1.55));
#10049=CARTESIAN_POINT('',(0.42271304939966,1.03731278241463,1.55));
#10050=CARTESIAN_POINT('Origin',(0.125938981289227,1.08665505581912,1.55));
#10051=CARTESIAN_POINT('',(0.42271304939966,1.03731278241463,1.56));
#10052=CARTESIAN_POINT('Origin',(0.125938981289227,1.08665505581912,1.56));
#10053=CARTESIAN_POINT('',(0.42271304939966,1.03731278241463,1.55));
#10054=CARTESIAN_POINT('Origin',(0.271951354437604,1.05351204849349,1.55));
#10055=CARTESIAN_POINT('',(0.409634713143534,0.989991991623395,1.55));
#10056=CARTESIAN_POINT('Origin',(0.271951354437604,1.05351204849349,1.55));
#10057=CARTESIAN_POINT('',(0.409634713143534,0.989991991623395,1.56));
#10058=CARTESIAN_POINT('Origin',(0.271951354437604,1.05351204849349,1.56));
#10059=CARTESIAN_POINT('',(0.409634713143534,0.989991991623395,1.55));
#10060=CARTESIAN_POINT('Origin',(0.306953083695366,1.03258292459823,1.55));
#10061=CARTESIAN_POINT('',(0.385041435809205,0.953464571089434,1.55));
#10062=CARTESIAN_POINT('Origin',(0.306953083695366,1.03258292459823,1.55));
#10063=CARTESIAN_POINT('',(0.385041435809205,0.953464571089434,1.56));
#10064=CARTESIAN_POINT('Origin',(0.306953083695366,1.03258292459823,1.56));
#10065=CARTESIAN_POINT('',(0.385041435809205,0.953464571089434,1.55));
#10066=CARTESIAN_POINT('Origin',(0.338035892935519,1.00151901698661,1.55));
#10067=CARTESIAN_POINT('',(0.359098694800015,0.937682434927798,1.55));
#10068=CARTESIAN_POINT('Origin',(0.338035892935519,1.00151901698661,1.55));
#10069=CARTESIAN_POINT('',(0.359098694800015,0.937682434927798,1.56));
#10070=CARTESIAN_POINT('Origin',(0.338035892935519,1.00151901698661,1.56));
#10071=CARTESIAN_POINT('',(0.359098694800015,0.937682434927798,1.55));
#10072=CARTESIAN_POINT('Origin',(0.324346023404886,1.0266773526132,1.55));
#10073=CARTESIAN_POINT('',(0.323421762030943,0.931142074920391,1.55));
#10074=CARTESIAN_POINT('Origin',(0.324346023404886,1.0266773526132,1.55));
#10075=CARTESIAN_POINT('',(0.323421762030943,0.931142074920391,1.56));
#10076=CARTESIAN_POINT('Origin',(0.324346023404886,1.0266773526132,1.56));
#10077=CARTESIAN_POINT('',(0.323421762030943,0.931142074920391,1.55));
#10078=CARTESIAN_POINT('Origin',(0.322497500657008,1.02667735261321,1.55));
#10079=CARTESIAN_POINT('',(0.287744829261889,0.937682434927793,1.55));
#10080=CARTESIAN_POINT('Origin',(0.322497500657008,1.02667735261321,1.55));
#10081=CARTESIAN_POINT('',(0.287744829261889,0.937682434927793,1.56));
#10082=CARTESIAN_POINT('Origin',(0.322497500657008,1.02667735261321,1.56));
#10083=CARTESIAN_POINT('',(0.287744829261889,0.937682434927793,1.55));
#10084=CARTESIAN_POINT('Origin',(0.308807631126384,1.00151901698661,1.55));
#10085=CARTESIAN_POINT('',(0.261802088252691,0.953464571089436,1.55));
#10086=CARTESIAN_POINT('Origin',(0.308807631126384,1.00151901698661,1.55));
#10087=CARTESIAN_POINT('',(0.261802088252691,0.953464571089436,1.56));
#10088=CARTESIAN_POINT('Origin',(0.308807631126384,1.00151901698661,1.56));
#10089=CARTESIAN_POINT('',(0.261802088252691,0.953464571089436,1.55));
#10090=CARTESIAN_POINT('Origin',(0.339890440366513,1.03258292459823,1.55));
#10091=CARTESIAN_POINT('',(0.237208810918358,0.989991991623393,1.55));
#10092=CARTESIAN_POINT('Origin',(0.339890440366513,1.03258292459823,1.55));
#10093=CARTESIAN_POINT('',(0.237208810918358,0.989991991623393,1.56));
#10094=CARTESIAN_POINT('Origin',(0.339890440366513,1.03258292459823,1.56));
#10095=CARTESIAN_POINT('',(0.237208810918358,0.989991991623393,1.55));
#10096=CARTESIAN_POINT('Origin',(0.374892169624282,1.05351204849349,1.55));
#10097=CARTESIAN_POINT('',(0.22413047466223,1.03731278241462,1.55));
#10098=CARTESIAN_POINT('Origin',(0.374892169624282,1.05351204849349,1.55));
#10099=CARTESIAN_POINT('',(0.22413047466223,1.03731278241462,1.56));
#10100=CARTESIAN_POINT('Origin',(0.374892169624282,1.05351204849349,1.56));
#10101=CARTESIAN_POINT('',(0.22413047466223,1.03731278241462,1.55));
#10102=CARTESIAN_POINT('Origin',(0.520904542772612,1.08665505581911,1.55));
#10103=CARTESIAN_POINT('Origin',(0.520904542772612,1.08665505581911,1.55));
#10104=CARTESIAN_POINT('Origin',(0.520904542772612,1.08665505581911,1.56));
#10105=CARTESIAN_POINT('Origin',(0.323421762030945,1.08836699335891,1.56));
#10106=CARTESIAN_POINT('Origin',(0.323421762030945,1.08836699335891,1.55));
#10107=CARTESIAN_POINT('',(0.,0.,0.));
#10108=CARTESIAN_POINT('Origin',(0.,0.0500000000000012,-0.8));
#10109=CARTESIAN_POINT('',(0.,-0.199999999999999,-0.8));
#10110=CARTESIAN_POINT('',(0.,0.0500000000000012,-0.8));
#10111=CARTESIAN_POINT('',(0.,-0.199999999999999,-0.8));
#10112=CARTESIAN_POINT('',(0.2,-0.199999999999999,-0.8));
#10113=CARTESIAN_POINT('',(0.,-0.199999999999999,-0.8));
#10114=CARTESIAN_POINT('',(0.2,0.0500000000000012,-0.8));
#10115=CARTESIAN_POINT('',(0.2,-0.199999999999999,-0.8));
#10116=CARTESIAN_POINT('',(0.,0.0500000000000012,-0.8));
#10117=CARTESIAN_POINT('Origin',(0.,0.0500000000000012,-0.899999999999909));
#10118=CARTESIAN_POINT('',(0.,0.0500000000000012,-0.899999999999909));
#10119=CARTESIAN_POINT('',(0.,0.0500000000000012,-0.8));
#10120=CARTESIAN_POINT('',(0.2,0.0500000000000012,-0.899999999999909));
#10121=CARTESIAN_POINT('',(0.2,0.0500000000000012,-0.8));
#10122=CARTESIAN_POINT('',(0.,0.0500000000000012,-0.899999999999909));
#10123=CARTESIAN_POINT('Origin',(0.,-0.199999999999999,-0.899999999999909));
#10124=CARTESIAN_POINT('',(0.,-0.199999999999999,-0.899999999999909));
#10125=CARTESIAN_POINT('',(0.,0.0500000000000012,-0.899999999999909));
#10126=CARTESIAN_POINT('',(0.2,-0.199999999999999,-0.899999999999909));
#10127=CARTESIAN_POINT('',(0.2,0.0500000000000012,-0.899999999999909));
#10128=CARTESIAN_POINT('',(0.,-0.199999999999999,-0.899999999999909));
#10129=CARTESIAN_POINT('Origin',(0.,-0.199999999999999,-0.8));
#10130=CARTESIAN_POINT('',(0.,-0.199999999999999,-0.899999999999909));
#10131=CARTESIAN_POINT('',(0.2,-0.199999999999999,-0.899999999999909));
#10132=CARTESIAN_POINT('Origin',(0.,-0.0749999999999988,-0.849999999999954));
#10133=CARTESIAN_POINT('Origin',(0.2,-0.0749999999999988,-0.849999999999954));
#10134=CARTESIAN_POINT('',(0.,0.,0.));
#10135=CARTESIAN_POINT('Origin',(0.,-0.200000000000002,-0.899999999999646));
#10136=CARTESIAN_POINT('',(0.,-0.200000000000002,-0.899999999999646));
#10137=CARTESIAN_POINT('',(0.,0.050000000000108,-0.899999999999647));
#10138=CARTESIAN_POINT('',(0.,-0.200000000000002,-0.899999999999646));
#10139=CARTESIAN_POINT('',(0.2,0.050000000000108,-0.899999999999647));
#10140=CARTESIAN_POINT('',(0.,0.050000000000108,-0.899999999999647));
#10141=CARTESIAN_POINT('',(0.2,-0.200000000000002,-0.899999999999646));
#10142=CARTESIAN_POINT('',(0.2,-0.200000000000002,-0.899999999999646));
#10143=CARTESIAN_POINT('',(0.,-0.200000000000002,-0.899999999999646));
#10144=CARTESIAN_POINT('Origin',(0.,-0.200000000000002,-0.8));
#10145=CARTESIAN_POINT('',(0.,-0.200000000000002,-0.8));
#10146=CARTESIAN_POINT('',(0.,-0.200000000000002,-0.8));
#10147=CARTESIAN_POINT('',(0.2,-0.200000000000002,-0.8));
#10148=CARTESIAN_POINT('',(0.2,-0.200000000000002,-0.8));
#10149=CARTESIAN_POINT('',(0.,-0.200000000000002,-0.8));
#10150=CARTESIAN_POINT('Origin',(0.,0.050000000000108,-0.8));
#10151=CARTESIAN_POINT('',(0.,0.050000000000108,-0.8));
#10152=CARTESIAN_POINT('',(0.,0.050000000000108,-0.8));
#10153=CARTESIAN_POINT('',(0.2,0.050000000000108,-0.8));
#10154=CARTESIAN_POINT('',(0.2,0.050000000000108,-0.8));
#10155=CARTESIAN_POINT('',(0.,0.050000000000108,-0.8));
#10156=CARTESIAN_POINT('Origin',(0.,0.050000000000108,-0.899999999999647));
#10157=CARTESIAN_POINT('',(0.,0.050000000000108,-0.899999999999647));
#10158=CARTESIAN_POINT('',(0.2,0.050000000000108,-0.899999999999647));
#10159=CARTESIAN_POINT('Origin',(0.2,-0.074999999999947,-0.849999999999823));
#10160=CARTESIAN_POINT('Origin',(0.,-0.074999999999947,-0.849999999999823));
#10161=CARTESIAN_POINT('',(0.,0.,0.));
#10162=CARTESIAN_POINT('Origin',(-1.14499929760423,-1.64999994541723,1.));
#10163=CARTESIAN_POINT('',(-1.14499929760464,-1.04999994541722,1.));
#10164=CARTESIAN_POINT('',(-1.14499929760423,-1.64999994541723,1.));
#10165=CARTESIAN_POINT('',(-1.14499929760464,-1.04999994541722,1.));
#10166=CARTESIAN_POINT('',(-1.14499929760464,-1.04999994541722,0.8));
#10167=CARTESIAN_POINT('',(-1.14499929760464,-1.04999994541722,1.));
#10168=CARTESIAN_POINT('',(-1.14499929760423,-1.64999994541723,0.8));
#10169=CARTESIAN_POINT('',(-1.14499929760464,-1.04999994541722,0.8));
#10170=CARTESIAN_POINT('',(-1.14499929760423,-1.64999994541723,1.));
#10171=CARTESIAN_POINT('Origin',(-0.804998046640684,-1.64999994541723,1.));
#10172=CARTESIAN_POINT('',(-0.804998046640684,-1.64999994541723,1.));
#10173=CARTESIAN_POINT('',(-1.14499929760423,-1.64999994541723,1.));
#10174=CARTESIAN_POINT('',(-0.804998046640684,-1.64999994541723,0.8));
#10175=CARTESIAN_POINT('',(-1.14499929760423,-1.64999994541723,0.8));
#10176=CARTESIAN_POINT('',(-0.804998046640684,-1.64999994541723,1.));
#10177=CARTESIAN_POINT('Origin',(-0.80499845685039,-1.44999994541723,1.));
#10178=CARTESIAN_POINT('',(-0.80499845685039,-1.44999994541723,1.));
#10179=CARTESIAN_POINT('',(-0.804998046640684,-1.64999994541723,1.));
#10180=CARTESIAN_POINT('',(-0.80499845685039,-1.44999994541723,0.8));
#10181=CARTESIAN_POINT('',(-0.804998046640684,-1.64999994541723,0.8));
#10182=CARTESIAN_POINT('',(-0.80499845685039,-1.44999994541723,1.));
#10183=CARTESIAN_POINT('Origin',(-0.494999297603949,-1.44999994541723,1.));
#10184=CARTESIAN_POINT('',(-0.494999297603949,-1.44999994541723,1.));
#10185=CARTESIAN_POINT('',(-0.80499845685039,-1.44999994541723,1.));
#10186=CARTESIAN_POINT('',(-0.494999297603949,-1.44999994541723,0.8));
#10187=CARTESIAN_POINT('',(-0.80499845685039,-1.44999994541723,0.8));
#10188=CARTESIAN_POINT('',(-0.494999297603949,-1.44999994541723,1.));
#10189=CARTESIAN_POINT('Origin',(-0.494999297603949,-1.64999994541723,1.));
#10190=CARTESIAN_POINT('',(-0.494999297603949,-1.64999994541723,1.));
#10191=CARTESIAN_POINT('',(-0.494999297603949,-1.44999994541723,1.));
#10192=CARTESIAN_POINT('',(-0.494999297603949,-1.64999994541723,0.8));
#10193=CARTESIAN_POINT('',(-0.494999297603949,-1.44999994541723,0.8));
#10194=CARTESIAN_POINT('',(-0.494999297603949,-1.64999994541723,1.));
#10195=CARTESIAN_POINT('Origin',(-0.154999297602894,-1.64999994541723,1.));
#10196=CARTESIAN_POINT('',(-0.154999297602894,-1.64999994541723,1.));
#10197=CARTESIAN_POINT('',(-0.494999297603949,-1.64999994541723,1.));
#10198=CARTESIAN_POINT('',(-0.154999297602894,-1.64999994541723,0.8));
#10199=CARTESIAN_POINT('',(-0.494999297603949,-1.64999994541723,0.8));
#10200=CARTESIAN_POINT('',(-0.154999297602894,-1.64999994541723,1.));
#10201=CARTESIAN_POINT('Origin',(-0.154999297603134,-1.44999994541723,1.));
#10202=CARTESIAN_POINT('',(-0.154999297603134,-1.44999994541723,1.));
#10203=CARTESIAN_POINT('',(-0.154999297602894,-1.64999994541723,1.));
#10204=CARTESIAN_POINT('',(-0.154999297603134,-1.44999994541723,0.8));
#10205=CARTESIAN_POINT('',(-0.154999297602894,-1.64999994541723,0.8));
#10206=CARTESIAN_POINT('',(-0.154999297603134,-1.44999994541723,1.));
#10207=CARTESIAN_POINT('Origin',(0.155000702396188,-1.44999994541723,1.));
#10208=CARTESIAN_POINT('',(0.155000702396188,-1.44999994541723,1.));
#10209=CARTESIAN_POINT('',(-0.154999297603134,-1.44999994541723,1.));
#10210=CARTESIAN_POINT('',(0.155000702396188,-1.44999994541723,0.8));
#10211=CARTESIAN_POINT('',(-0.154999297603134,-1.44999994541723,0.8));
#10212=CARTESIAN_POINT('',(0.155000702396188,-1.44999994541723,1.));
#10213=CARTESIAN_POINT('Origin',(0.155000702396188,-1.64999994541723,1.));
#10214=CARTESIAN_POINT('',(0.155000702396188,-1.64999994541723,1.));
#10215=CARTESIAN_POINT('',(0.155000702396188,-1.44999994541723,1.));
#10216=CARTESIAN_POINT('',(0.155000702396188,-1.64999994541723,0.8));
#10217=CARTESIAN_POINT('',(0.155000702396188,-1.44999994541723,0.8));
#10218=CARTESIAN_POINT('',(0.155000702396188,-1.64999994541723,1.));
#10219=CARTESIAN_POINT('Origin',(0.495000702396008,-1.64999994541723,1.));
#10220=CARTESIAN_POINT('',(0.495000702396008,-1.64999994541723,1.));
#10221=CARTESIAN_POINT('',(0.155000702396188,-1.64999994541723,1.));
#10222=CARTESIAN_POINT('',(0.495000702396008,-1.64999994541723,0.8));
#10223=CARTESIAN_POINT('',(0.155000702396188,-1.64999994541723,0.8));
#10224=CARTESIAN_POINT('',(0.495000702396008,-1.64999994541723,1.));
#10225=CARTESIAN_POINT('Origin',(0.495000702396239,-1.0499999454172,1.));
#10226=CARTESIAN_POINT('',(0.495000702396239,-1.0499999454172,1.));
#10227=CARTESIAN_POINT('',(0.495000702396008,-1.64999994541723,1.));
#10228=CARTESIAN_POINT('',(0.495000702396239,-1.0499999454172,0.8));
#10229=CARTESIAN_POINT('',(0.495000702396008,-1.64999994541723,0.8));
#10230=CARTESIAN_POINT('',(0.495000702396239,-1.0499999454172,1.));
#10231=CARTESIAN_POINT('Origin',(-1.14499929760464,-1.04999994541722,1.));
#10232=CARTESIAN_POINT('',(0.495000702396239,-1.0499999454172,1.));
#10233=CARTESIAN_POINT('',(0.495000702396239,-1.0499999454172,0.8));
#10234=CARTESIAN_POINT('Origin',(-0.324999295279973,-1.3568181818598,1.));
#10235=CARTESIAN_POINT('Origin',(-0.324999295279973,-1.3568181818598,0.8));
#10236=CARTESIAN_POINT('',(0.,0.,0.));
#10237=CARTESIAN_POINT('Origin',(1.14500070239661,-1.09999994541722,0.8));
#10238=CARTESIAN_POINT('',(1.14500070239661,-1.09999994541722,0.8));
#10239=CARTESIAN_POINT('',(0.805000702396592,-1.09999994541722,0.8));
#10240=CARTESIAN_POINT('',(1.14500070239661,-1.09999994541722,0.8));
#10241=CARTESIAN_POINT('',(0.805000702396592,-1.09999994541722,1.));
#10242=CARTESIAN_POINT('',(0.805000702396592,-1.09999994541722,0.8));
#10243=CARTESIAN_POINT('',(1.14500070239661,-1.09999994541722,1.));
#10244=CARTESIAN_POINT('',(1.14500070239661,-1.09999994541722,1.));
#10245=CARTESIAN_POINT('',(1.14500070239661,-1.09999994541722,0.8));
#10246=CARTESIAN_POINT('Origin',(1.14500070239661,-1.64999994541723,1.));
#10247=CARTESIAN_POINT('',(1.14500070239661,-1.64999994541723,1.));
#10248=CARTESIAN_POINT('',(0.805000702396458,-1.64999994541723,1.));
#10249=CARTESIAN_POINT('',(1.14500070239661,-1.64999994541723,1.));
#10250=CARTESIAN_POINT('',(0.805000702396458,-1.64999994541723,0.8));
#10251=CARTESIAN_POINT('',(0.805000702396458,-1.64999994541723,1.));
#10252=CARTESIAN_POINT('',(1.14500070239661,-1.64999994541723,0.8));
#10253=CARTESIAN_POINT('',(1.14500070239661,-1.64999994541723,0.8));
#10254=CARTESIAN_POINT('',(1.14500070239661,-1.64999994541723,1.));
#10255=CARTESIAN_POINT('Origin',(1.14500070239661,-1.14999994541722,1.));
#10256=CARTESIAN_POINT('',(1.14500070239661,-1.14999994541722,1.));
#10257=CARTESIAN_POINT('',(1.14500070239661,-1.14999994541722,0.8));
#10258=CARTESIAN_POINT('Origin',(0.805000702396458,-1.64999994541723,1.));
#10259=CARTESIAN_POINT('',(0.805000702396458,-1.64999994541723,1.));
#10260=CARTESIAN_POINT('',(0.805000702396592,-1.09999994541722,0.8));
#10261=CARTESIAN_POINT('Origin',(0.975000702396566,-1.39999994541724,0.8));
#10262=CARTESIAN_POINT('Origin',(0.975000702396566,-1.39999994541724,1.));
#10263=CARTESIAN_POINT('',(0.,0.,0.));
#10264=CARTESIAN_POINT('',(-1.22464679914735E-16,1.54074395550979E-32,1.));
#10265=CARTESIAN_POINT('',(6.16297582203916E-32,0.,-0.800000000000002));
#10266=CARTESIAN_POINT('',(0.549770365170465,-0.22339868466363,-0.459));
#10267=CARTESIAN_POINT('',(-1.65,0.,1.));
#10268=CARTESIAN_POINT('',(1.45,0.,1.));
#10269=CARTESIAN_POINT('',(0.,0.,-0.8));
#10270=CARTESIAN_POINT('',(0.,0.,-0.8));
#10271=UNCERTAINTY_MEASURE_WITH_UNIT(LENGTH_MEASURE(0.01),#10289,
'DISTANCE_ACCURACY_VALUE',
'Maximum model space distance between geometric entities at asserted c
onnectivities');
#10272=UNCERTAINTY_MEASURE_WITH_UNIT(LENGTH_MEASURE(0.01),#10289,
'DISTANCE_ACCURACY_VALUE',
'Maximum model space distance between geometric entities at asserted c
onnectivities');
#10273=UNCERTAINTY_MEASURE_WITH_UNIT(LENGTH_MEASURE(0.01),#10289,
'DISTANCE_ACCURACY_VALUE',
'Maximum model space distance between geometric entities at asserted c
onnectivities');
#10274=UNCERTAINTY_MEASURE_WITH_UNIT(LENGTH_MEASURE(0.01),#10289,
'DISTANCE_ACCURACY_VALUE',
'Maximum model space distance between geometric entities at asserted c
onnectivities');
#10275=UNCERTAINTY_MEASURE_WITH_UNIT(LENGTH_MEASURE(0.01),#10289,
'DISTANCE_ACCURACY_VALUE',
'Maximum model space distance between geometric entities at asserted c
onnectivities');
#10276=UNCERTAINTY_MEASURE_WITH_UNIT(LENGTH_MEASURE(0.01),#10289,
'DISTANCE_ACCURACY_VALUE',
'Maximum model space distance between geometric entities at asserted c
onnectivities');
#10277=UNCERTAINTY_MEASURE_WITH_UNIT(LENGTH_MEASURE(0.01),#10289,
'DISTANCE_ACCURACY_VALUE',
'Maximum model space distance between geometric entities at asserted c
onnectivities');
#10278=UNCERTAINTY_MEASURE_WITH_UNIT(LENGTH_MEASURE(0.01),#10289,
'DISTANCE_ACCURACY_VALUE',
'Maximum model space distance between geometric entities at asserted c
onnectivities');
#10279=UNCERTAINTY_MEASURE_WITH_UNIT(LENGTH_MEASURE(1.E-6),#10289,
'DISTANCE_ACCURACY_VALUE',
'Maximum model space distance between geometric entities at asserted c
onnectivities');
#10280=(
GEOMETRIC_REPRESENTATION_CONTEXT(3)
GLOBAL_UNCERTAINTY_ASSIGNED_CONTEXT((#10271))
GLOBAL_UNIT_ASSIGNED_CONTEXT((#10289,#10292,#10290))
REPRESENTATION_CONTEXT('','3D')
);
#10281=(
GEOMETRIC_REPRESENTATION_CONTEXT(3)
GLOBAL_UNCERTAINTY_ASSIGNED_CONTEXT((#10272))
GLOBAL_UNIT_ASSIGNED_CONTEXT((#10289,#10292,#10290))
REPRESENTATION_CONTEXT('','3D')
);
#10282=(
GEOMETRIC_REPRESENTATION_CONTEXT(3)
GLOBAL_UNCERTAINTY_ASSIGNED_CONTEXT((#10273))
GLOBAL_UNIT_ASSIGNED_CONTEXT((#10289,#10292,#10290))
REPRESENTATION_CONTEXT('','3D')
);
#10283=(
GEOMETRIC_REPRESENTATION_CONTEXT(3)
GLOBAL_UNCERTAINTY_ASSIGNED_CONTEXT((#10274))
GLOBAL_UNIT_ASSIGNED_CONTEXT((#10289,#10292,#10290))
REPRESENTATION_CONTEXT('','3D')
);
#10284=(
GEOMETRIC_REPRESENTATION_CONTEXT(3)
GLOBAL_UNCERTAINTY_ASSIGNED_CONTEXT((#10275))
GLOBAL_UNIT_ASSIGNED_CONTEXT((#10289,#10292,#10290))
REPRESENTATION_CONTEXT('','3D')
);
#10285=(
GEOMETRIC_REPRESENTATION_CONTEXT(3)
GLOBAL_UNCERTAINTY_ASSIGNED_CONTEXT((#10276))
GLOBAL_UNIT_ASSIGNED_CONTEXT((#10289,#10292,#10290))
REPRESENTATION_CONTEXT('','3D')
);
#10286=(
GEOMETRIC_REPRESENTATION_CONTEXT(3)
GLOBAL_UNCERTAINTY_ASSIGNED_CONTEXT((#10277))
GLOBAL_UNIT_ASSIGNED_CONTEXT((#10289,#10292,#10290))
REPRESENTATION_CONTEXT('','3D')
);
#10287=(
GEOMETRIC_REPRESENTATION_CONTEXT(3)
GLOBAL_UNCERTAINTY_ASSIGNED_CONTEXT((#10278))
GLOBAL_UNIT_ASSIGNED_CONTEXT((#10289,#10292,#10290))
REPRESENTATION_CONTEXT('','3D')
);
#10288=(
GEOMETRIC_REPRESENTATION_CONTEXT(3)
GLOBAL_UNCERTAINTY_ASSIGNED_CONTEXT((#10279))
GLOBAL_UNIT_ASSIGNED_CONTEXT((#10289,#10292,#10290))
REPRESENTATION_CONTEXT('','3D')
);
#10289=(
LENGTH_UNIT()
NAMED_UNIT(*)
SI_UNIT(.MILLI.,.METRE.)
);
#10290=(
NAMED_UNIT(*)
SI_UNIT($,.STERADIAN.)
SOLID_ANGLE_UNIT()
);
#10291=DIMENSIONAL_EXPONENTS(0.,0.,0.,0.,0.,0.,0.);
#10292=(
CONVERSION_BASED_UNIT('degree',#10294)
NAMED_UNIT(#10291)
PLANE_ANGLE_UNIT()
);
#10293=(
NAMED_UNIT(*)
PLANE_ANGLE_UNIT()
SI_UNIT($,.RADIAN.)
);
#10294=PLANE_ANGLE_MEASURE_WITH_UNIT(PLANE_ANGLE_MEASURE(0.01745329252),
#10293);
#10295=SHAPE_DEFINITION_REPRESENTATION(#10303,#10318);
#10296=SHAPE_DEFINITION_REPRESENTATION(#10304,#10319);
#10297=SHAPE_DEFINITION_REPRESENTATION(#10305,#10320);
#10298=SHAPE_DEFINITION_REPRESENTATION(#10306,#10321);
#10299=SHAPE_DEFINITION_REPRESENTATION(#10307,#10322);
#10300=SHAPE_DEFINITION_REPRESENTATION(#10308,#10323);
#10301=SHAPE_DEFINITION_REPRESENTATION(#10309,#10324);
#10302=SHAPE_DEFINITION_REPRESENTATION(#10310,#10325);
#10303=PRODUCT_DEFINITION_SHAPE('',$,#10327);
#10304=PRODUCT_DEFINITION_SHAPE('',$,#10328);
#10305=PRODUCT_DEFINITION_SHAPE('',$,#10329);
#10306=PRODUCT_DEFINITION_SHAPE('',$,#10330);
#10307=PRODUCT_DEFINITION_SHAPE('',$,#10331);
#10308=PRODUCT_DEFINITION_SHAPE('',$,#10332);
#10309=PRODUCT_DEFINITION_SHAPE('',$,#10333);
#10310=PRODUCT_DEFINITION_SHAPE('',$,#10334);
#10311=PRODUCT_DEFINITION_SHAPE($,$,#32);
#10312=PRODUCT_DEFINITION_SHAPE($,$,#33);
#10313=PRODUCT_DEFINITION_SHAPE($,$,#34);
#10314=PRODUCT_DEFINITION_SHAPE($,$,#35);
#10315=PRODUCT_DEFINITION_SHAPE($,$,#36);
#10316=PRODUCT_DEFINITION_SHAPE($,$,#37);
#10317=PRODUCT_DEFINITION_SHAPE($,$,#38);
#10318=SHAPE_REPRESENTATION('',(#6002),#10280);
#10319=SHAPE_REPRESENTATION('',(#6083),#10281);
#10320=SHAPE_REPRESENTATION('',(#6102),#10282);
#10321=SHAPE_REPRESENTATION('',(#6594),#10283);
#10322=SHAPE_REPRESENTATION('',(#6601),#10284);
#10323=SHAPE_REPRESENTATION('',(#6608),#10285);
#10324=SHAPE_REPRESENTATION('',(#6623),#10286);
#10325=SHAPE_REPRESENTATION('',(#6630,#6631,#6632,#6633,#6634,#6635,#6636,
#6637),#10287);
#10326=PRODUCT_DEFINITION_CONTEXT('part definition',#10352,'design');
#10327=PRODUCT_DEFINITION('PG-TSDSON-8-25_MOLD','PG-TSDSON-8-25_MOLD',#10335,
#10326);
#10328=PRODUCT_DEFINITION('PG-TSDSON-8-25_EXPOSED_LEAD_3',
'PG-TSDSON-8-25_EXPOSED_LEAD_3',#10336,#10326);
#10329=PRODUCT_DEFINITION('PG-TSDSON-8-25_LOGO','PG-TSDSON-8-25_LOGO',#10337,
#10326);
#10330=PRODUCT_DEFINITION('PG-TSDSON-8-25_TIE_BAR',
'PG-TSDSON-8-25_TIE_BAR',#10338,#10326);
#10331=PRODUCT_DEFINITION('PG-TSDSON-8-25_TIE_BAR.',
'PG-TSDSON-8-25_TIE_BAR.',#10339,#10326);
#10332=PRODUCT_DEFINITION('PG-TSDSON-8-25_EXPOSED_LEAD_2',
'PG-TSDSON-8-25_EXPOSED_LEAD_2',#10340,#10326);
#10333=PRODUCT_DEFINITION('PG-TSDSON-8-25_EXPOSED_LEAD_1',
'PG-TSDSON-8-25_EXPOSED_LEAD_1',#10341,#10326);
#10334=PRODUCT_DEFINITION('Infineon-STP_PG-TSDSON-8-26-P-v01_00-EN',
'Infineon-STP_PG-TSDSON-8-26-P-v01_00-EN',#10342,#10326);
#10335=PRODUCT_DEFINITION_FORMATION('',$,#10354);
#10336=PRODUCT_DEFINITION_FORMATION('',$,#10355);
#10337=PRODUCT_DEFINITION_FORMATION('',$,#10356);
#10338=PRODUCT_DEFINITION_FORMATION('',$,#10357);
#10339=PRODUCT_DEFINITION_FORMATION('',$,#10358);
#10340=PRODUCT_DEFINITION_FORMATION('',$,#10359);
#10341=PRODUCT_DEFINITION_FORMATION('',$,#10360);
#10342=PRODUCT_DEFINITION_FORMATION('',$,#10361);
#10343=PRODUCT_RELATED_PRODUCT_CATEGORY('PG-TSDSON-8-25_MOLD',
'PG-TSDSON-8-25_MOLD',(#10354));
#10344=PRODUCT_RELATED_PRODUCT_CATEGORY('PG-TSDSON-8-25_EXPOSED_LEAD_3',
'PG-TSDSON-8-25_EXPOSED_LEAD_3',(#10355));
#10345=PRODUCT_RELATED_PRODUCT_CATEGORY('PG-TSDSON-8-25_LOGO',
'PG-TSDSON-8-25_LOGO',(#10356));
#10346=PRODUCT_RELATED_PRODUCT_CATEGORY('PG-TSDSON-8-25_TIE_BAR',
'PG-TSDSON-8-25_TIE_BAR',(#10357));
#10347=PRODUCT_RELATED_PRODUCT_CATEGORY('PG-TSDSON-8-25_TIE_BAR.',
'PG-TSDSON-8-25_TIE_BAR.',(#10358));
#10348=PRODUCT_RELATED_PRODUCT_CATEGORY('PG-TSDSON-8-25_EXPOSED_LEAD_2',
'PG-TSDSON-8-25_EXPOSED_LEAD_2',(#10359));
#10349=PRODUCT_RELATED_PRODUCT_CATEGORY('PG-TSDSON-8-25_EXPOSED_LEAD_1',
'PG-TSDSON-8-25_EXPOSED_LEAD_1',(#10360));
#10350=PRODUCT_RELATED_PRODUCT_CATEGORY(
'Infineon-STP_PG-TSDSON-8-26-P-v01_00-EN',
'Infineon-STP_PG-TSDSON-8-26-P-v01_00-EN',(#10361));
#10351=APPLICATION_PROTOCOL_DEFINITION('international standard',
'automotive_design',2009,#10352);
#10352=APPLICATION_CONTEXT(
'Core Data for Automotive Mechanical Design Process');
#10353=PRODUCT_CONTEXT('part definition',#10352,'mechanical');
#10354=PRODUCT('PG-TSDSON-8-25_MOLD','PG-TSDSON-8-25_MOLD',$,(#10353));
#10355=PRODUCT('PG-TSDSON-8-25_EXPOSED_LEAD_3',
'PG-TSDSON-8-25_EXPOSED_LEAD_3',$,(#10353));
#10356=PRODUCT('PG-TSDSON-8-25_LOGO','PG-TSDSON-8-25_LOGO',$,(#10353));
#10357=PRODUCT('PG-TSDSON-8-25_TIE_BAR','PG-TSDSON-8-25_TIE_BAR',$,(#10353));
#10358=PRODUCT('PG-TSDSON-8-25_TIE_BAR.','PG-TSDSON-8-25_TIE_BAR.',$,(#10353));
#10359=PRODUCT('PG-TSDSON-8-25_EXPOSED_LEAD_2',
'PG-TSDSON-8-25_EXPOSED_LEAD_2',$,(#10353));
#10360=PRODUCT('PG-TSDSON-8-25_EXPOSED_LEAD_1',
'PG-TSDSON-8-25_EXPOSED_LEAD_1',$,(#10353));
#10361=PRODUCT('Infineon-STP_PG-TSDSON-8-26-P-v01_00-EN',
'Infineon-STP_PG-TSDSON-8-26-P-v01_00-EN',$,(#10353));
#10362=PRESENTATION_STYLE_ASSIGNMENT((#10377));
#10363=PRESENTATION_STYLE_ASSIGNMENT((#10378));
#10364=PRESENTATION_STYLE_ASSIGNMENT((#10379));
#10365=PRESENTATION_STYLE_ASSIGNMENT((#10380));
#10366=PRESENTATION_STYLE_ASSIGNMENT((#10381));
#10367=PRESENTATION_STYLE_ASSIGNMENT((#10382));
#10368=PRESENTATION_STYLE_ASSIGNMENT((#10383));
#10369=PRESENTATION_STYLE_ASSIGNMENT((#10384));
#10370=PRESENTATION_STYLE_ASSIGNMENT((#10385));
#10371=PRESENTATION_STYLE_ASSIGNMENT((#10386));
#10372=PRESENTATION_STYLE_ASSIGNMENT((#10387));
#10373=PRESENTATION_STYLE_ASSIGNMENT((#10388));
#10374=PRESENTATION_STYLE_ASSIGNMENT((#10389));
#10375=PRESENTATION_STYLE_ASSIGNMENT((#10390));
#10376=PRESENTATION_STYLE_ASSIGNMENT((#10391));
#10377=SURFACE_STYLE_USAGE(.BOTH.,#10392);
#10378=SURFACE_STYLE_USAGE(.BOTH.,#10393);
#10379=SURFACE_STYLE_USAGE(.BOTH.,#10394);
#10380=SURFACE_STYLE_USAGE(.BOTH.,#10395);
#10381=SURFACE_STYLE_USAGE(.BOTH.,#10396);
#10382=SURFACE_STYLE_USAGE(.BOTH.,#10397);
#10383=SURFACE_STYLE_USAGE(.BOTH.,#10398);
#10384=SURFACE_STYLE_USAGE(.BOTH.,#10399);
#10385=SURFACE_STYLE_USAGE(.BOTH.,#10400);
#10386=SURFACE_STYLE_USAGE(.BOTH.,#10401);
#10387=SURFACE_STYLE_USAGE(.BOTH.,#10402);
#10388=SURFACE_STYLE_USAGE(.BOTH.,#10403);
#10389=SURFACE_STYLE_USAGE(.BOTH.,#10404);
#10390=SURFACE_STYLE_USAGE(.BOTH.,#10405);
#10391=SURFACE_STYLE_USAGE(.BOTH.,#10406);
#10392=SURFACE_SIDE_STYLE($,(#10407));
#10393=SURFACE_SIDE_STYLE($,(#10408));
#10394=SURFACE_SIDE_STYLE($,(#10409));
#10395=SURFACE_SIDE_STYLE($,(#10410));
#10396=SURFACE_SIDE_STYLE($,(#10411));
#10397=SURFACE_SIDE_STYLE($,(#10412));
#10398=SURFACE_SIDE_STYLE($,(#10413));
#10399=SURFACE_SIDE_STYLE($,(#10414));
#10400=SURFACE_SIDE_STYLE($,(#10415));
#10401=SURFACE_SIDE_STYLE($,(#10416));
#10402=SURFACE_SIDE_STYLE($,(#10417));
#10403=SURFACE_SIDE_STYLE($,(#10418));
#10404=SURFACE_SIDE_STYLE($,(#10419));
#10405=SURFACE_SIDE_STYLE($,(#10420));
#10406=SURFACE_SIDE_STYLE($,(#10421));
#10407=SURFACE_STYLE_FILL_AREA(#10422);
#10408=SURFACE_STYLE_FILL_AREA(#10423);
#10409=SURFACE_STYLE_FILL_AREA(#10424);
#10410=SURFACE_STYLE_FILL_AREA(#10425);
#10411=SURFACE_STYLE_FILL_AREA(#10426);
#10412=SURFACE_STYLE_FILL_AREA(#10427);
#10413=SURFACE_STYLE_FILL_AREA(#10428);
#10414=SURFACE_STYLE_FILL_AREA(#10429);
#10415=SURFACE_STYLE_FILL_AREA(#10430);
#10416=SURFACE_STYLE_FILL_AREA(#10431);
#10417=SURFACE_STYLE_FILL_AREA(#10432);
#10418=SURFACE_STYLE_FILL_AREA(#10433);
#10419=SURFACE_STYLE_FILL_AREA(#10434);
#10420=SURFACE_STYLE_FILL_AREA(#10435);
#10421=SURFACE_STYLE_FILL_AREA(#10436);
#10422=FILL_AREA_STYLE($,(#10437));
#10423=FILL_AREA_STYLE($,(#10438));
#10424=FILL_AREA_STYLE($,(#10439));
#10425=FILL_AREA_STYLE($,(#10440));
#10426=FILL_AREA_STYLE($,(#10441));
#10427=FILL_AREA_STYLE($,(#10442));
#10428=FILL_AREA_STYLE($,(#10443));
#10429=FILL_AREA_STYLE($,(#10444));
#10430=FILL_AREA_STYLE($,(#10445));
#10431=FILL_AREA_STYLE($,(#10446));
#10432=FILL_AREA_STYLE($,(#10447));
#10433=FILL_AREA_STYLE($,(#10448));
#10434=FILL_AREA_STYLE($,(#10449));
#10435=FILL_AREA_STYLE($,(#10450));
#10436=FILL_AREA_STYLE($,(#10451));
#10437=FILL_AREA_STYLE_COLOUR($,#10452);
#10438=FILL_AREA_STYLE_COLOUR($,#10453);
#10439=FILL_AREA_STYLE_COLOUR($,#10454);
#10440=FILL_AREA_STYLE_COLOUR($,#10455);
#10441=FILL_AREA_STYLE_COLOUR($,#10456);
#10442=FILL_AREA_STYLE_COLOUR($,#10457);
#10443=FILL_AREA_STYLE_COLOUR($,#10458);
#10444=FILL_AREA_STYLE_COLOUR($,#10459);
#10445=FILL_AREA_STYLE_COLOUR($,#10460);
#10446=FILL_AREA_STYLE_COLOUR($,#10461);
#10447=FILL_AREA_STYLE_COLOUR($,#10462);
#10448=FILL_AREA_STYLE_COLOUR($,#10463);
#10449=FILL_AREA_STYLE_COLOUR($,#10464);
#10450=FILL_AREA_STYLE_COLOUR($,#10465);
#10451=FILL_AREA_STYLE_COLOUR($,#10466);
#10452=COLOUR_RGB('',0.286274509803922,0.286274509803922,0.286274509803922);
#10453=COLOUR_RGB('',0.286274509803922,0.286274509803922,0.286274509803922);
#10454=COLOUR_RGB('',0.286274509803922,0.286274509803922,0.286274509803922);
#10455=COLOUR_RGB('',0.831372549019608,0.831372549019608,0.831372549019608);
#10456=COLOUR_RGB('',0.831372549019608,0.831372549019608,0.831372549019608);
#10457=COLOUR_RGB('',1.,1.,1.);
#10458=COLOUR_RGB('',1.,1.,1.);
#10459=COLOUR_RGB('',0.831372549019608,0.831372549019608,0.831372549019608);
#10460=COLOUR_RGB('',0.831372549019608,0.831372549019608,0.831372549019608);
#10461=COLOUR_RGB('',0.831372549019608,0.831372549019608,0.831372549019608);
#10462=COLOUR_RGB('',0.831372549019608,0.831372549019608,0.831372549019608);
#10463=COLOUR_RGB('',0.831372549019608,0.831372549019608,0.831372549019608);
#10464=COLOUR_RGB('',0.831372549019608,0.831372549019608,0.831372549019608);
#10465=COLOUR_RGB('',0.831372549019608,0.831372549019608,0.831372549019608);
#10466=COLOUR_RGB('',0.831372549019608,0.831372549019608,0.831372549019608);
ENDSEC;
END-ISO-10303-21;
