ISO-10303-21;
HEADER;
/* Generated by software containing ST-Developer
 * from STEP Tools, Inc. (www.steptools.com) 
 */

FILE_DESCRIPTION(
/* description */ ('',
'CAx-IF Rec.Pracs.---Representation and Presentation of Product Manufa
cturing Information (PMI)---4.0---2014-10-13'),
/* implementation_level */ '2;1');

FILE_NAME(
/* name */ 
'D:\\Upverter\\3D\\Samtec\\SSW-105-02-G-D-RA\\Samtec SSW-105-02-G-D-RA.
stp',
/* time_stamp */ '2024-01-07T21:26:19+02:00',
/* author */ ('AbuBakr'),
/* organization */ (''),
/* preprocessor_version */ 'ST-DEVELOPER v17',
/* originating_system */ 'Autodesk Inventor 2019',
/* authorisation */ '');

FILE_SCHEMA (('AP242_MANAGED_MODEL_BASED_3D_ENGINEERING_MIM_LF { 1 0 10303 442 1 1 4 }'));
ENDSEC;

DATA;
#10=MECHANICAL_DESIGN_AND_DRAUGHTING_RELATIONSHIP('','Isometric',#66,#67);
#11=MECHANICAL_DESIGN_AND_DRAUGHTING_RELATIONSHIP('','Front',#68,#67);
#12=MECHANICAL_DESIGN_AND_DRAUGHTING_RELATIONSHIP('','Top',#69,#67);
#13=MECHANICAL_DESIGN_AND_DRAUGHTING_RELATIONSHIP('','Right',#70,#67);
#14=MECHANICAL_DESIGN_AND_DRAUGHTING_RELATIONSHIP('','Isometric',#71,#72);
#15=MECHANICAL_DESIGN_AND_DRAUGHTING_RELATIONSHIP('','Front',#73,#72);
#16=MECHANICAL_DESIGN_AND_DRAUGHTING_RELATIONSHIP('','Top',#74,#72);
#17=MECHANICAL_DESIGN_AND_DRAUGHTING_RELATIONSHIP('','Right',#75,#72);
#18=MECHANICAL_DESIGN_AND_DRAUGHTING_RELATIONSHIP('','Isometric',#76,#77);
#19=MECHANICAL_DESIGN_AND_DRAUGHTING_RELATIONSHIP('','Front',#78,#77);
#20=MECHANICAL_DESIGN_AND_DRAUGHTING_RELATIONSHIP('','Top',#79,#77);
#21=MECHANICAL_DESIGN_AND_DRAUGHTING_RELATIONSHIP('','Right',#80,#77);
#22=MECHANICAL_DESIGN_AND_DRAUGHTING_RELATIONSHIP('','Isometric',#81,#82);
#23=MECHANICAL_DESIGN_AND_DRAUGHTING_RELATIONSHIP('','Front',#83,#82);
#24=MECHANICAL_DESIGN_AND_DRAUGHTING_RELATIONSHIP('','Top',#84,#82);
#25=MECHANICAL_DESIGN_AND_DRAUGHTING_RELATIONSHIP('','Right',#85,#82);
#26=MAPPED_ITEM('',#46,#8330);
#27=MAPPED_ITEM('',#47,#8331);
#28=MAPPED_ITEM('',#48,#8332);
#29=MAPPED_ITEM('',#49,#8333);
#30=MAPPED_ITEM('',#50,#8334);
#31=MAPPED_ITEM('',#51,#8335);
#32=MAPPED_ITEM('',#52,#8336);
#33=MAPPED_ITEM('',#53,#8337);
#34=MAPPED_ITEM('',#54,#8338);
#35=MAPPED_ITEM('',#55,#8339);
#36=MAPPED_ITEM('',#56,#8340);
#37=MAPPED_ITEM('',#57,#8341);
#38=MAPPED_ITEM('',#58,#8342);
#39=MAPPED_ITEM('',#59,#8343);
#40=MAPPED_ITEM('',#60,#8344);
#41=MAPPED_ITEM('',#61,#8345);
#42=MAPPED_ITEM('',#62,#8346);
#43=MAPPED_ITEM('',#63,#8347);
#44=MAPPED_ITEM('',#64,#8348);
#45=MAPPED_ITEM('',#65,#8349);
#46=REPRESENTATION_MAP(#8330,#269);
#47=REPRESENTATION_MAP(#8331,#13007);
#48=REPRESENTATION_MAP(#8332,#269);
#49=REPRESENTATION_MAP(#8333,#269);
#50=REPRESENTATION_MAP(#8334,#269);
#51=REPRESENTATION_MAP(#8335,#270);
#52=REPRESENTATION_MAP(#8336,#13008);
#53=REPRESENTATION_MAP(#8337,#270);
#54=REPRESENTATION_MAP(#8338,#270);
#55=REPRESENTATION_MAP(#8339,#270);
#56=REPRESENTATION_MAP(#8340,#271);
#57=REPRESENTATION_MAP(#8341,#13009);
#58=REPRESENTATION_MAP(#8342,#271);
#59=REPRESENTATION_MAP(#8343,#271);
#60=REPRESENTATION_MAP(#8344,#271);
#61=REPRESENTATION_MAP(#8345,#272);
#62=REPRESENTATION_MAP(#8346,#13010);
#63=REPRESENTATION_MAP(#8347,#272);
#64=REPRESENTATION_MAP(#8348,#272);
#65=REPRESENTATION_MAP(#8349,#272);
#66=DRAUGHTING_MODEL('Isometric',(#26,#87),#12979);
#67=DRAUGHTING_MODEL('',(#27,#8331),#12979);
#68=DRAUGHTING_MODEL('Front',(#28,#88),#12979);
#69=DRAUGHTING_MODEL('Top',(#29,#89),#12979);
#70=DRAUGHTING_MODEL('Right',(#30,#90),#12979);
#71=DRAUGHTING_MODEL('Isometric',(#31,#91),#12980);
#72=DRAUGHTING_MODEL('',(#32,#8336),#12980);
#73=DRAUGHTING_MODEL('Front',(#33,#92),#12980);
#74=DRAUGHTING_MODEL('Top',(#34,#93),#12980);
#75=DRAUGHTING_MODEL('Right',(#35,#94),#12980);
#76=DRAUGHTING_MODEL('Isometric',(#36,#95),#12981);
#77=DRAUGHTING_MODEL('',(#37,#8341),#12981);
#78=DRAUGHTING_MODEL('Front',(#38,#96),#12981);
#79=DRAUGHTING_MODEL('Top',(#39,#97),#12981);
#80=DRAUGHTING_MODEL('Right',(#40,#98),#12981);
#81=DRAUGHTING_MODEL('Isometric',(#41,#99),#12982);
#82=DRAUGHTING_MODEL('',(#42,#8346),#12982);
#83=DRAUGHTING_MODEL('Front',(#43,#100),#12982);
#84=DRAUGHTING_MODEL('Top',(#44,#101),#12982);
#85=DRAUGHTING_MODEL('Right',(#45,#102),#12982);
#86=MECHANICAL_DESIGN_GEOMETRIC_PRESENTATION_REPRESENTATION('',(#273,#274,
#275,#276,#277,#278,#279,#280,#281,#282,#283,#284,#285,#286,#287,#288,#289,
#290,#291,#292,#293,#294,#295,#296,#297,#298,#299,#300,#301,#302,#303,#304,
#305,#306,#307,#308,#309,#310,#311,#312,#313,#314,#315,#316,#317,#318,#319,
#320,#321,#322,#323,#324,#325,#326,#327,#328,#329,#330,#331,#332,#333,#334,
#335,#336,#337,#338,#339,#340,#341,#342,#343,#344,#345,#346,#347,#348,#349,
#350,#351,#352,#353,#354,#355,#356,#357,#358,#359,#360,#361,#362,#363,#364,
#365,#366,#367,#368,#369,#370,#371,#372,#373,#374,#375,#376,#377,#378,#379,
#380,#381,#382,#383,#384,#385,#386,#387,#388,#389,#390,#391,#392,#393,#394,
#395,#396,#397,#398,#399,#400,#401,#402,#403,#404,#405,#406,#407,#408,#409,
#410,#411,#412,#413,#414,#415,#416,#417,#418,#419,#420,#421,#422,#423,#424,
#425,#426,#427,#428,#429,#430,#431,#432,#433,#434,#435,#436,#437,#438,#439,
#440,#441,#442,#443,#444,#445,#446,#447,#448,#449,#450,#451,#452,#453,#454,
#455,#456,#457),#12983);
#87=CAMERA_MODEL_D3_MULTI_CLIPPING('Isometric',#8266,#103,(#799,#800));
#88=CAMERA_MODEL_D3_MULTI_CLIPPING('Front',#8270,#104,(#801,#802));
#89=CAMERA_MODEL_D3_MULTI_CLIPPING('Top',#8274,#105,(#803,#804));
#90=CAMERA_MODEL_D3_MULTI_CLIPPING('Right',#8278,#106,(#805,#806));
#91=CAMERA_MODEL_D3_MULTI_CLIPPING('Isometric',#8282,#107,(#807,#808));
#92=CAMERA_MODEL_D3_MULTI_CLIPPING('Front',#8286,#108,(#809,#810));
#93=CAMERA_MODEL_D3_MULTI_CLIPPING('Top',#8290,#109,(#811,#812));
#94=CAMERA_MODEL_D3_MULTI_CLIPPING('Right',#8294,#110,(#813,#814));
#95=CAMERA_MODEL_D3_MULTI_CLIPPING('Isometric',#8298,#111,(#815,#816));
#96=CAMERA_MODEL_D3_MULTI_CLIPPING('Front',#8302,#112,(#817,#818));
#97=CAMERA_MODEL_D3_MULTI_CLIPPING('Top',#8306,#113,(#819,#820));
#98=CAMERA_MODEL_D3_MULTI_CLIPPING('Right',#8310,#114,(#821,#822));
#99=CAMERA_MODEL_D3_MULTI_CLIPPING('Isometric',#8314,#115,(#823,#824));
#100=CAMERA_MODEL_D3_MULTI_CLIPPING('Front',#8318,#116,(#825,#826));
#101=CAMERA_MODEL_D3_MULTI_CLIPPING('Top',#8322,#117,(#827,#828));
#102=CAMERA_MODEL_D3_MULTI_CLIPPING('Right',#8326,#118,(#829,#830));
#103=VIEW_VOLUME(.PARALLEL.,#12872,0.424856115107914,0.,.F.,0.,.F.,.F.,
#119);
#104=VIEW_VOLUME(.PARALLEL.,#12877,2.77199092178618,0.,.F.,0.,.F.,.F.,#120);
#105=VIEW_VOLUME(.PARALLEL.,#12882,2.77199092178618,0.,.F.,0.,.F.,.F.,#121);
#106=VIEW_VOLUME(.PARALLEL.,#12887,2.77199092178618,0.,.F.,0.,.F.,.F.,#122);
#107=VIEW_VOLUME(.PARALLEL.,#12892,0.424856115107914,0.,.F.,0.,.F.,.F.,
#123);
#108=VIEW_VOLUME(.PARALLEL.,#12897,2.77199092178618,0.,.F.,0.,.F.,.F.,#124);
#109=VIEW_VOLUME(.PARALLEL.,#12902,2.77199092178618,0.,.F.,0.,.F.,.F.,#125);
#110=VIEW_VOLUME(.PARALLEL.,#12907,2.77199092178618,0.,.F.,0.,.F.,.F.,#126);
#111=VIEW_VOLUME(.PARALLEL.,#12912,16.9875424688562,0.,.F.,0.,.F.,.F.,#127);
#112=VIEW_VOLUME(.PARALLEL.,#12917,117.693146607172,0.,.F.,0.,.F.,.F.,#128);
#113=VIEW_VOLUME(.PARALLEL.,#12922,117.693146607172,0.,.F.,0.,.F.,.F.,#129);
#114=VIEW_VOLUME(.PARALLEL.,#12927,117.693146607172,0.,.F.,0.,.F.,.F.,#130);
#115=VIEW_VOLUME(.PARALLEL.,#12932,10.791345323741,0.,.F.,0.,.F.,.F.,#131);
#116=VIEW_VOLUME(.PARALLEL.,#12937,70.408569413369,0.,.F.,0.,.F.,.F.,#132);
#117=VIEW_VOLUME(.PARALLEL.,#12942,70.408569413369,0.,.F.,0.,.F.,.F.,#133);
#118=VIEW_VOLUME(.PARALLEL.,#12947,70.408569413369,0.,.F.,0.,.F.,.F.,#134);
#119=PLANAR_BOX('view window',0.,0.,#8267);
#120=PLANAR_BOX('view window',0.,0.,#8271);
#121=PLANAR_BOX('view window',0.,0.,#8275);
#122=PLANAR_BOX('view window',0.,0.,#8279);
#123=PLANAR_BOX('view window',0.,0.,#8283);
#124=PLANAR_BOX('view window',0.,0.,#8287);
#125=PLANAR_BOX('view window',0.,0.,#8291);
#126=PLANAR_BOX('view window',0.,0.,#8295);
#127=PLANAR_BOX('view window',0.,0.,#8299);
#128=PLANAR_BOX('view window',0.,0.,#8303);
#129=PLANAR_BOX('view window',0.,0.,#8307);
#130=PLANAR_BOX('view window',0.,0.,#8311);
#131=PLANAR_BOX('view window',0.,0.,#8315);
#132=PLANAR_BOX('view window',0.,0.,#8319);
#133=PLANAR_BOX('view window',0.,0.,#8323);
#134=PLANAR_BOX('view window',0.,0.,#8327);
#135=B_SPLINE_CURVE_WITH_KNOTS('',3,(#11531,#11532,#11533,#11534),
 .UNSPECIFIED.,.F.,.F.,(4,4),(0.,1.),.UNSPECIFIED.);
#136=B_SPLINE_CURVE_WITH_KNOTS('',3,(#11537,#11538,#11539,#11540),
 .UNSPECIFIED.,.F.,.F.,(4,4),(0.,1.),.UNSPECIFIED.);
#137=B_SPLINE_CURVE_WITH_KNOTS('',3,(#11744,#11745,#11746,#11747),
 .UNSPECIFIED.,.F.,.F.,(4,4),(0.,1.),.UNSPECIFIED.);
#138=B_SPLINE_CURVE_WITH_KNOTS('',3,(#11750,#11751,#11752,#11753),
 .UNSPECIFIED.,.F.,.F.,(4,4),(0.,1.),.UNSPECIFIED.);
#139=B_SPLINE_CURVE_WITH_KNOTS('',3,(#11775,#11776,#11777,#11778),
 .UNSPECIFIED.,.F.,.F.,(4,4),(0.,1.),.UNSPECIFIED.);
#140=B_SPLINE_CURVE_WITH_KNOTS('',3,(#11781,#11782,#11783,#11784),
 .UNSPECIFIED.,.F.,.F.,(4,4),(0.,1.),.UNSPECIFIED.);
#141=B_SPLINE_CURVE_WITH_KNOTS('',3,(#11794,#11795,#11796,#11797),
 .UNSPECIFIED.,.F.,.F.,(4,4),(0.,1.),.UNSPECIFIED.);
#142=B_SPLINE_CURVE_WITH_KNOTS('',3,(#11800,#11801,#11802,#11803),
 .UNSPECIFIED.,.F.,.F.,(4,4),(0.,1.),.UNSPECIFIED.);
#143=B_SPLINE_CURVE_WITH_KNOTS('',3,(#11949,#11950,#11951,#11952),
 .UNSPECIFIED.,.F.,.F.,(4,4),(0.,1.),.UNSPECIFIED.);
#144=B_SPLINE_CURVE_WITH_KNOTS('',3,(#11955,#11956,#11957,#11958),
 .UNSPECIFIED.,.F.,.F.,(4,4),(0.,1.),.UNSPECIFIED.);
#145=B_SPLINE_CURVE_WITH_KNOTS('',3,(#11968,#11969,#11970,#11971),
 .UNSPECIFIED.,.F.,.F.,(4,4),(0.,1.),.UNSPECIFIED.);
#146=B_SPLINE_CURVE_WITH_KNOTS('',3,(#11974,#11975,#11976,#11977),
 .UNSPECIFIED.,.F.,.F.,(4,4),(0.,1.),.UNSPECIFIED.);
#147=B_SPLINE_CURVE_WITH_KNOTS('',3,(#11987,#11988,#11989,#11990),
 .UNSPECIFIED.,.F.,.F.,(4,4),(0.,1.),.UNSPECIFIED.);
#148=B_SPLINE_CURVE_WITH_KNOTS('',3,(#11993,#11994,#11995,#11996),
 .UNSPECIFIED.,.F.,.F.,(4,4),(0.,1.),.UNSPECIFIED.);
#149=B_SPLINE_CURVE_WITH_KNOTS('',3,(#12006,#12007,#12008,#12009),
 .UNSPECIFIED.,.F.,.F.,(4,4),(0.,1.),.UNSPECIFIED.);
#150=B_SPLINE_CURVE_WITH_KNOTS('',3,(#12012,#12013,#12014,#12015),
 .UNSPECIFIED.,.F.,.F.,(4,4),(0.,1.),.UNSPECIFIED.);
#151=B_SPLINE_CURVE_WITH_KNOTS('',3,(#12025,#12026,#12027,#12028),
 .UNSPECIFIED.,.F.,.F.,(4,4),(0.,1.),.UNSPECIFIED.);
#152=B_SPLINE_CURVE_WITH_KNOTS('',3,(#12031,#12032,#12033,#12034),
 .UNSPECIFIED.,.F.,.F.,(4,4),(0.,1.),.UNSPECIFIED.);
#153=B_SPLINE_CURVE_WITH_KNOTS('',3,(#12074,#12075,#12076,#12077),
 .UNSPECIFIED.,.F.,.F.,(4,4),(0.,1.),.UNSPECIFIED.);
#154=B_SPLINE_CURVE_WITH_KNOTS('',3,(#12080,#12081,#12082,#12083),
 .UNSPECIFIED.,.F.,.F.,(4,4),(0.,1.),.UNSPECIFIED.);
#155=B_SPLINE_CURVE_WITH_KNOTS('',3,(#12106,#12107,#12108,#12109),
 .UNSPECIFIED.,.F.,.F.,(4,4),(0.,1.),.UNSPECIFIED.);
#156=B_SPLINE_CURVE_WITH_KNOTS('',3,(#12112,#12113,#12114,#12115),
 .UNSPECIFIED.,.F.,.F.,(4,4),(0.,1.),.UNSPECIFIED.);
#157=B_SPLINE_CURVE_WITH_KNOTS('',3,(#12150,#12151,#12152,#12153),
 .UNSPECIFIED.,.F.,.F.,(4,4),(0.,1.),.UNSPECIFIED.);
#158=B_SPLINE_CURVE_WITH_KNOTS('',3,(#12156,#12157,#12158,#12159),
 .UNSPECIFIED.,.F.,.F.,(4,4),(0.,1.),.UNSPECIFIED.);
#159=B_SPLINE_CURVE_WITH_KNOTS('',3,(#12183,#12184,#12185,#12186),
 .UNSPECIFIED.,.F.,.F.,(4,4),(6.55562168735709E-5,1.),.UNSPECIFIED.);
#160=B_SPLINE_CURVE_WITH_KNOTS('',3,(#12189,#12190,#12191,#12192),
 .UNSPECIFIED.,.F.,.F.,(4,4),(6.55013955897546E-5,1.),.UNSPECIFIED.);
#161=B_SPLINE_CURVE_WITH_KNOTS('',3,(#12202,#12203,#12204,#12205),
 .UNSPECIFIED.,.F.,.F.,(4,4),(0.,1.),.UNSPECIFIED.);
#162=B_SPLINE_CURVE_WITH_KNOTS('',3,(#12208,#12209,#12210,#12211),
 .UNSPECIFIED.,.F.,.F.,(4,4),(0.,1.),.UNSPECIFIED.);
#163=B_SPLINE_CURVE_WITH_KNOTS('',3,(#12221,#12222,#12223,#12224),
 .UNSPECIFIED.,.F.,.F.,(4,4),(0.,1.),.UNSPECIFIED.);
#164=B_SPLINE_CURVE_WITH_KNOTS('',3,(#12227,#12228,#12229,#12230),
 .UNSPECIFIED.,.F.,.F.,(4,4),(0.,1.),.UNSPECIFIED.);
#165=B_SPLINE_CURVE_WITH_KNOTS('',3,(#12253,#12254,#12255,#12256),
 .UNSPECIFIED.,.F.,.F.,(4,4),(0.,1.),.UNSPECIFIED.);
#166=B_SPLINE_CURVE_WITH_KNOTS('',3,(#12259,#12260,#12261,#12262),
 .UNSPECIFIED.,.F.,.F.,(4,4),(0.,1.),.UNSPECIFIED.);
#167=B_SPLINE_CURVE_WITH_KNOTS('',3,(#12272,#12273,#12274,#12275),
 .UNSPECIFIED.,.F.,.F.,(4,4),(0.,1.),.UNSPECIFIED.);
#168=B_SPLINE_CURVE_WITH_KNOTS('',3,(#12278,#12279,#12280,#12281),
 .UNSPECIFIED.,.F.,.F.,(4,4),(0.,1.),.UNSPECIFIED.);
#169=B_SPLINE_CURVE_WITH_KNOTS('',3,(#12304,#12305,#12306,#12307),
 .UNSPECIFIED.,.F.,.F.,(4,4),(0.,1.),.UNSPECIFIED.);
#170=B_SPLINE_CURVE_WITH_KNOTS('',3,(#12310,#12311,#12312,#12313),
 .UNSPECIFIED.,.F.,.F.,(4,4),(0.,1.),.UNSPECIFIED.);
#171=B_SPLINE_CURVE_WITH_KNOTS('',3,(#12377,#12378,#12379,#12380),
 .UNSPECIFIED.,.F.,.F.,(4,4),(0.,1.),.UNSPECIFIED.);
#172=B_SPLINE_CURVE_WITH_KNOTS('',3,(#12383,#12384,#12385,#12386),
 .UNSPECIFIED.,.F.,.F.,(4,4),(0.,1.),.UNSPECIFIED.);
#173=B_SPLINE_CURVE_WITH_KNOTS('',3,(#12408,#12409,#12410,#12411),
 .UNSPECIFIED.,.F.,.F.,(4,4),(0.,0.999944295704172),.UNSPECIFIED.);
#174=B_SPLINE_CURVE_WITH_KNOTS('',3,(#12412,#12413,#12414,#12415),
 .UNSPECIFIED.,.F.,.F.,(4,4),(0.,0.999944249123567),.UNSPECIFIED.);
#175=B_SPLINE_CURVE_WITH_KNOTS('',3,(#12455,#12456,#12457,#12458),
 .UNSPECIFIED.,.F.,.F.,(4,4),(0.,1.),.UNSPECIFIED.);
#176=B_SPLINE_CURVE_WITH_KNOTS('',3,(#12461,#12462,#12463,#12464),
 .UNSPECIFIED.,.F.,.F.,(4,4),(0.,1.),.UNSPECIFIED.);
#177=B_SPLINE_CURVE_WITH_KNOTS('',3,(#12474,#12475,#12476,#12477),
 .UNSPECIFIED.,.F.,.F.,(4,4),(0.,0.00478756196684606),.UNSPECIFIED.);
#178=B_SPLINE_CURVE_WITH_KNOTS('',3,(#12480,#12481,#12482,#12483),
 .UNSPECIFIED.,.F.,.F.,(4,4),(0.,0.00478756196687845),.UNSPECIFIED.);
#179=B_SPLINE_CURVE_WITH_KNOTS('',3,(#12505,#12506,#12507,#12508),
 .UNSPECIFIED.,.F.,.F.,(4,4),(0.,1.),.UNSPECIFIED.);
#180=B_SPLINE_CURVE_WITH_KNOTS('',3,(#12511,#12512,#12513,#12514),
 .UNSPECIFIED.,.F.,.F.,(4,4),(0.,1.),.UNSPECIFIED.);
#181=B_SPLINE_CURVE_WITH_KNOTS('',3,(#12524,#12525,#12526,#12527),
 .UNSPECIFIED.,.F.,.F.,(4,4),(0.,1.),.UNSPECIFIED.);
#182=B_SPLINE_CURVE_WITH_KNOTS('',3,(#12530,#12531,#12532,#12533),
 .UNSPECIFIED.,.F.,.F.,(4,4),(0.,1.),.UNSPECIFIED.);
#183=B_SPLINE_CURVE_WITH_KNOTS('',3,(#12543,#12544,#12545,#12546),
 .UNSPECIFIED.,.F.,.F.,(4,4),(0.,1.),.UNSPECIFIED.);
#184=B_SPLINE_CURVE_WITH_KNOTS('',3,(#12549,#12550,#12551,#12552),
 .UNSPECIFIED.,.F.,.F.,(4,4),(0.,1.),.UNSPECIFIED.);
#185=B_SPLINE_CURVE_WITH_KNOTS('',3,(#12597,#12598,#12599,#12600),
 .UNSPECIFIED.,.F.,.F.,(4,4),(0.,0.999638213727772),.UNSPECIFIED.);
#186=B_SPLINE_CURVE_WITH_KNOTS('',3,(#12601,#12602,#12603,#12604),
 .UNSPECIFIED.,.F.,.F.,(4,4),(0.,0.999638212078311),.UNSPECIFIED.);
#187=B_SPLINE_CURVE_WITH_KNOTS('',3,(#12662,#12663,#12664,#12665),
 .UNSPECIFIED.,.F.,.F.,(4,4),(0.,1.),.UNSPECIFIED.);
#188=B_SPLINE_CURVE_WITH_KNOTS('',3,(#12668,#12669,#12670,#12671),
 .UNSPECIFIED.,.F.,.F.,(4,4),(0.,1.),.UNSPECIFIED.);
#189=B_SPLINE_CURVE_WITH_KNOTS('',3,(#12681,#12682,#12683,#12684),
 .UNSPECIFIED.,.F.,.F.,(4,4),(0.,1.),.UNSPECIFIED.);
#190=B_SPLINE_CURVE_WITH_KNOTS('',3,(#12687,#12688,#12689,#12690),
 .UNSPECIFIED.,.F.,.F.,(4,4),(0.,1.),.UNSPECIFIED.);
#191=B_SPLINE_CURVE_WITH_KNOTS('',3,(#12700,#12701,#12702,#12703),
 .UNSPECIFIED.,.F.,.F.,(4,4),(0.,0.00545268747427558),.UNSPECIFIED.);
#192=B_SPLINE_CURVE_WITH_KNOTS('',3,(#12706,#12707,#12708,#12709,#12710,
#12711,#12712,#12713),.UNSPECIFIED.,.F.,.F.,(4,2,2,4),(0.,0.00282139427685103,
0.00419453754607021,0.00545268747427558),.UNSPECIFIED.);
#193=B_SPLINE_CURVE_WITH_KNOTS('',3,(#12723,#12724,#12725,#12726),
 .UNSPECIFIED.,.F.,.F.,(4,4),(0.,1.),.UNSPECIFIED.);
#194=B_SPLINE_CURVE_WITH_KNOTS('',3,(#12729,#12730,#12731,#12732),
 .UNSPECIFIED.,.F.,.F.,(4,4),(0.,1.),.UNSPECIFIED.);
#195=B_SPLINE_CURVE_WITH_KNOTS('',3,(#12778,#12779,#12780,#12781),
 .UNSPECIFIED.,.F.,.F.,(4,4),(0.,1.),.UNSPECIFIED.);
#196=B_SPLINE_CURVE_WITH_KNOTS('',3,(#12784,#12785,#12786,#12787),
 .UNSPECIFIED.,.F.,.F.,(4,4),(0.,1.),.UNSPECIFIED.);
#197=B_SPLINE_CURVE_WITH_KNOTS('',3,(#12797,#12798,#12799,#12800),
 .UNSPECIFIED.,.F.,.F.,(4,4),(0.,1.),.UNSPECIFIED.);
#198=B_SPLINE_CURVE_WITH_KNOTS('',3,(#12803,#12804,#12805,#12806),
 .UNSPECIFIED.,.F.,.F.,(4,4),(0.,1.),.UNSPECIFIED.);
#199=B_SPLINE_CURVE_WITH_KNOTS('',3,(#12827,#12828,#12829,#12830),
 .UNSPECIFIED.,.F.,.F.,(4,4),(0.,1.),.UNSPECIFIED.);
#200=B_SPLINE_CURVE_WITH_KNOTS('',3,(#12831,#12832,#12833,#12834),
 .UNSPECIFIED.,.F.,.F.,(4,4),(0.,1.),.UNSPECIFIED.);
#201=B_SPLINE_SURFACE_WITH_KNOTS('',3,1,((#11519,#11520),(#11521,#11522),
(#11523,#11524),(#11525,#11526)),.UNSPECIFIED.,.F.,.F.,.F.,(4,4),(2,2),
(0.,1.),(0.,0.00036),.UNSPECIFIED.);
#202=B_SPLINE_SURFACE_WITH_KNOTS('',3,1,((#11694,#11695),(#11696,#11697),
(#11698,#11699),(#11700,#11701)),.UNSPECIFIED.,.F.,.F.,.F.,(4,4),(2,2),
(0.,1.),(0.,0.00036),.UNSPECIFIED.);
#203=B_SPLINE_SURFACE_WITH_KNOTS('',3,1,((#11710,#11711),(#11712,#11713),
(#11714,#11715),(#11716,#11717)),.UNSPECIFIED.,.F.,.F.,.F.,(4,4),(2,2),
(0.,1.),(0.,0.00036),.UNSPECIFIED.);
#204=B_SPLINE_SURFACE_WITH_KNOTS('',3,1,((#11735,#11736),(#11737,#11738),
(#11739,#11740),(#11741,#11742)),.UNSPECIFIED.,.F.,.F.,.F.,(4,4),(2,2),
(0.,1.),(0.,0.00036),.UNSPECIFIED.);
#205=B_SPLINE_SURFACE_WITH_KNOTS('',3,1,((#11766,#11767),(#11768,#11769),
(#11770,#11771),(#11772,#11773)),.UNSPECIFIED.,.F.,.F.,.F.,(4,4),(2,2),
(0.,1.),(0.,0.00036),.UNSPECIFIED.);
#206=B_SPLINE_SURFACE_WITH_KNOTS('',3,1,((#11785,#11786),(#11787,#11788),
(#11789,#11790),(#11791,#11792)),.UNSPECIFIED.,.F.,.F.,.F.,(4,4),(2,2),
(0.,1.),(0.,0.00036),.UNSPECIFIED.);
#207=B_SPLINE_SURFACE_WITH_KNOTS('',3,1,((#11816,#11817),(#11818,#11819),
(#11820,#11821),(#11822,#11823)),.UNSPECIFIED.,.F.,.F.,.F.,(4,4),(2,2),
(0.,1.),(0.,0.00036),.UNSPECIFIED.);
#208=B_SPLINE_SURFACE_WITH_KNOTS('',3,1,((#11829,#11830),(#11831,#11832),
(#11833,#11834),(#11835,#11836)),.UNSPECIFIED.,.F.,.F.,.F.,(4,4),(2,2),
(0.,1.),(0.,0.00036),.UNSPECIFIED.);
#209=B_SPLINE_SURFACE_WITH_KNOTS('',3,1,((#11940,#11941),(#11942,#11943),
(#11944,#11945),(#11946,#11947)),.UNSPECIFIED.,.F.,.F.,.F.,(4,4),(2,2),
(0.,1.),(0.,0.00036),.UNSPECIFIED.);
#210=B_SPLINE_SURFACE_WITH_KNOTS('',3,1,((#11959,#11960),(#11961,#11962),
(#11963,#11964),(#11965,#11966)),.UNSPECIFIED.,.F.,.F.,.F.,(4,4),(2,2),
(0.,1.),(0.,0.00036),.UNSPECIFIED.);
#211=B_SPLINE_SURFACE_WITH_KNOTS('',3,1,((#11978,#11979),(#11980,#11981),
(#11982,#11983),(#11984,#11985)),.UNSPECIFIED.,.F.,.F.,.F.,(4,4),(2,2),
(0.,1.),(0.,0.00036),.UNSPECIFIED.);
#212=B_SPLINE_SURFACE_WITH_KNOTS('',3,1,((#11997,#11998),(#11999,#12000),
(#12001,#12002),(#12003,#12004)),.UNSPECIFIED.,.F.,.F.,.F.,(4,4),(2,2),
(0.,1.),(0.,0.00036),.UNSPECIFIED.);
#213=B_SPLINE_SURFACE_WITH_KNOTS('',3,1,((#12016,#12017),(#12018,#12019),
(#12020,#12021),(#12022,#12023)),.UNSPECIFIED.,.F.,.F.,.F.,(4,4),(2,2),
(0.,1.),(0.,0.00036),.UNSPECIFIED.);
#214=B_SPLINE_SURFACE_WITH_KNOTS('',3,1,((#12065,#12066),(#12067,#12068),
(#12069,#12070),(#12071,#12072)),.UNSPECIFIED.,.F.,.F.,.F.,(4,4),(2,2),
(0.,1.),(0.,0.00036),.UNSPECIFIED.);
#215=B_SPLINE_SURFACE_WITH_KNOTS('',3,1,((#12084,#12085),(#12086,#12087),
(#12088,#12089),(#12090,#12091)),.UNSPECIFIED.,.F.,.F.,.F.,(4,4),(2,2),
(0.,1.),(0.,0.00036),.UNSPECIFIED.);
#216=B_SPLINE_SURFACE_WITH_KNOTS('',3,1,((#12097,#12098),(#12099,#12100),
(#12101,#12102),(#12103,#12104)),.UNSPECIFIED.,.F.,.F.,.F.,(4,4),(2,2),
(0.,1.),(0.,0.00036),.UNSPECIFIED.);
#217=B_SPLINE_SURFACE_WITH_KNOTS('',3,1,((#12128,#12129),(#12130,#12131),
(#12132,#12133),(#12134,#12135)),.UNSPECIFIED.,.F.,.F.,.F.,(4,4),(2,2),
(0.,1.),(0.,0.00036),.UNSPECIFIED.);
#218=B_SPLINE_SURFACE_WITH_KNOTS('',3,1,((#12141,#12142),(#12143,#12144),
(#12145,#12146),(#12147,#12148)),.UNSPECIFIED.,.F.,.F.,.F.,(4,4),(2,2),
(0.,1.),(0.,0.00036),.UNSPECIFIED.);
#219=B_SPLINE_SURFACE_WITH_KNOTS('',3,1,((#12171,#12172),(#12173,#12174),
(#12175,#12176),(#12177,#12178)),.UNSPECIFIED.,.F.,.F.,.F.,(4,4),(2,2),
(0.,1.),(0.,0.00036),.UNSPECIFIED.);
#220=B_SPLINE_SURFACE_WITH_KNOTS('',3,1,((#12193,#12194),(#12195,#12196),
(#12197,#12198),(#12199,#12200)),.UNSPECIFIED.,.F.,.F.,.F.,(4,4),(2,2),
(0.,1.),(0.,0.00036),.UNSPECIFIED.);
#221=B_SPLINE_SURFACE_WITH_KNOTS('',3,1,((#12212,#12213),(#12214,#12215),
(#12216,#12217),(#12218,#12219)),.UNSPECIFIED.,.F.,.F.,.F.,(4,4),(2,2),
(0.,1.),(0.,0.00036),.UNSPECIFIED.);
#222=B_SPLINE_SURFACE_WITH_KNOTS('',3,1,((#12231,#12232),(#12233,#12234),
(#12235,#12236),(#12237,#12238)),.UNSPECIFIED.,.F.,.F.,.F.,(4,4),(2,2),
(0.,1.),(0.,0.00036),.UNSPECIFIED.);
#223=B_SPLINE_SURFACE_WITH_KNOTS('',3,1,((#12244,#12245),(#12246,#12247),
(#12248,#12249),(#12250,#12251)),.UNSPECIFIED.,.F.,.F.,.F.,(4,4),(2,2),
(0.,1.),(0.,0.00036),.UNSPECIFIED.);
#224=B_SPLINE_SURFACE_WITH_KNOTS('',3,1,((#12263,#12264),(#12265,#12266),
(#12267,#12268),(#12269,#12270)),.UNSPECIFIED.,.F.,.F.,.F.,(4,4),(2,2),
(0.,1.),(0.,0.00036),.UNSPECIFIED.);
#225=B_SPLINE_SURFACE_WITH_KNOTS('',3,1,((#12282,#12283),(#12284,#12285),
(#12286,#12287),(#12288,#12289)),.UNSPECIFIED.,.F.,.F.,.F.,(4,4),(2,2),
(0.,1.),(0.,0.00036),.UNSPECIFIED.);
#226=B_SPLINE_SURFACE_WITH_KNOTS('',3,1,((#12295,#12296),(#12297,#12298),
(#12299,#12300),(#12301,#12302)),.UNSPECIFIED.,.F.,.F.,.F.,(4,4),(2,2),
(0.,1.),(0.,0.00036),.UNSPECIFIED.);
#227=B_SPLINE_SURFACE_WITH_KNOTS('',3,1,((#12368,#12369),(#12370,#12371),
(#12372,#12373),(#12374,#12375)),.UNSPECIFIED.,.F.,.F.,.F.,(4,4),(2,2),
(0.,1.),(0.,0.00036),.UNSPECIFIED.);
#228=B_SPLINE_SURFACE_WITH_KNOTS('',3,1,((#12387,#12388),(#12389,#12390),
(#12391,#12392),(#12393,#12394)),.UNSPECIFIED.,.F.,.F.,.F.,(4,4),(2,2),
(0.,1.),(0.,0.00036),.UNSPECIFIED.);
#229=B_SPLINE_SURFACE_WITH_KNOTS('',3,1,((#12400,#12401),(#12402,#12403),
(#12404,#12405),(#12406,#12407)),.UNSPECIFIED.,.F.,.F.,.F.,(4,4),(2,2),
(0.,1.),(0.,0.00036),.UNSPECIFIED.);
#230=B_SPLINE_SURFACE_WITH_KNOTS('',3,1,((#12418,#12419),(#12420,#12421),
(#12422,#12423),(#12424,#12425)),.UNSPECIFIED.,.F.,.F.,.F.,(4,4),(2,2),
(0.,1.),(0.,0.00036),.UNSPECIFIED.);
#231=B_SPLINE_SURFACE_WITH_KNOTS('',3,1,((#12446,#12447),(#12448,#12449),
(#12450,#12451),(#12452,#12453)),.UNSPECIFIED.,.F.,.F.,.F.,(4,4),(2,2),
(0.,1.),(0.,0.00036),.UNSPECIFIED.);
#232=B_SPLINE_SURFACE_WITH_KNOTS('',3,1,((#12465,#12466),(#12467,#12468),
(#12469,#12470),(#12471,#12472)),.UNSPECIFIED.,.F.,.F.,.F.,(4,4),(2,2),
(0.,1.),(0.,0.00036),.UNSPECIFIED.);
#233=B_SPLINE_SURFACE_WITH_KNOTS('',3,1,((#12496,#12497),(#12498,#12499),
(#12500,#12501),(#12502,#12503)),.UNSPECIFIED.,.F.,.F.,.F.,(4,4),(2,2),
(0.,1.),(0.,0.00036),.UNSPECIFIED.);
#234=B_SPLINE_SURFACE_WITH_KNOTS('',3,1,((#12515,#12516),(#12517,#12518),
(#12519,#12520),(#12521,#12522)),.UNSPECIFIED.,.F.,.F.,.F.,(4,4),(2,2),
(0.,1.),(0.,0.00036),.UNSPECIFIED.);
#235=B_SPLINE_SURFACE_WITH_KNOTS('',3,1,((#12534,#12535),(#12536,#12537),
(#12538,#12539),(#12540,#12541)),.UNSPECIFIED.,.F.,.F.,.F.,(4,4),(2,2),
(0.,1.),(0.,0.00036),.UNSPECIFIED.);
#236=B_SPLINE_SURFACE_WITH_KNOTS('',3,1,((#12589,#12590),(#12591,#12592),
(#12593,#12594),(#12595,#12596)),.UNSPECIFIED.,.F.,.F.,.F.,(4,4),(2,2),
(0.,1.),(0.,0.00036),.UNSPECIFIED.);
#237=B_SPLINE_SURFACE_WITH_KNOTS('',3,1,((#12637,#12638),(#12639,#12640),
(#12641,#12642),(#12643,#12644)),.UNSPECIFIED.,.F.,.F.,.F.,(4,4),(2,2),
(0.,1.),(0.,0.00036),.UNSPECIFIED.);
#238=B_SPLINE_SURFACE_WITH_KNOTS('',3,1,((#12653,#12654),(#12655,#12656),
(#12657,#12658),(#12659,#12660)),.UNSPECIFIED.,.F.,.F.,.F.,(4,4),(2,2),
(0.,1.),(0.,0.00036),.UNSPECIFIED.);
#239=B_SPLINE_SURFACE_WITH_KNOTS('',3,1,((#12672,#12673),(#12674,#12675),
(#12676,#12677),(#12678,#12679)),.UNSPECIFIED.,.F.,.F.,.F.,(4,4),(2,2),
(0.,1.),(0.,0.00036),.UNSPECIFIED.);
#240=B_SPLINE_SURFACE_WITH_KNOTS('',3,1,((#12691,#12692),(#12693,#12694),
(#12695,#12696),(#12697,#12698)),.UNSPECIFIED.,.F.,.F.,.F.,(4,4),(2,2),
(0.,1.),(0.,0.00036),.UNSPECIFIED.);
#241=B_SPLINE_SURFACE_WITH_KNOTS('',3,1,((#12714,#12715),(#12716,#12717),
(#12718,#12719),(#12720,#12721)),.UNSPECIFIED.,.F.,.F.,.F.,(4,4),(2,2),
(0.,1.),(0.,0.00036),.UNSPECIFIED.);
#242=B_SPLINE_SURFACE_WITH_KNOTS('',3,1,((#12769,#12770),(#12771,#12772),
(#12773,#12774),(#12775,#12776)),.UNSPECIFIED.,.F.,.F.,.F.,(4,4),(2,2),
(0.,1.),(0.,0.00036),.UNSPECIFIED.);
#243=B_SPLINE_SURFACE_WITH_KNOTS('',3,1,((#12788,#12789),(#12790,#12791),
(#12792,#12793),(#12794,#12795)),.UNSPECIFIED.,.F.,.F.,.F.,(4,4),(2,2),
(0.,1.),(0.,0.00036),.UNSPECIFIED.);
#244=B_SPLINE_SURFACE_WITH_KNOTS('',3,1,((#12819,#12820),(#12821,#12822),
(#12823,#12824),(#12825,#12826)),.UNSPECIFIED.,.F.,.F.,.F.,(4,4),(2,2),
(0.,1.),(0.,0.00036),.UNSPECIFIED.);
#245=ITEM_DEFINED_TRANSFORMATION($,$,#7808,#8109);
#246=ITEM_DEFINED_TRANSFORMATION($,$,#7952,#8110);
#247=ITEM_DEFINED_TRANSFORMATION($,$,#7807,#8263);
#248=ITEM_DEFINED_TRANSFORMATION($,$,#8111,#8264);
#249=ITEM_DEFINED_TRANSFORMATION($,$,#8117,#8265);
#250=(
REPRESENTATION_RELATIONSHIP($,$,#13007,#13006)
REPRESENTATION_RELATIONSHIP_WITH_TRANSFORMATION(#245)
SHAPE_REPRESENTATION_RELATIONSHIP()
);
#251=(
REPRESENTATION_RELATIONSHIP($,$,#13008,#13006)
REPRESENTATION_RELATIONSHIP_WITH_TRANSFORMATION(#246)
SHAPE_REPRESENTATION_RELATIONSHIP()
);
#252=(
REPRESENTATION_RELATIONSHIP($,$,#13006,#13005)
REPRESENTATION_RELATIONSHIP_WITH_TRANSFORMATION(#247)
SHAPE_REPRESENTATION_RELATIONSHIP()
);
#253=(
REPRESENTATION_RELATIONSHIP($,$,#13009,#13005)
REPRESENTATION_RELATIONSHIP_WITH_TRANSFORMATION(#248)
SHAPE_REPRESENTATION_RELATIONSHIP()
);
#254=(
REPRESENTATION_RELATIONSHIP($,$,#13010,#13005)
REPRESENTATION_RELATIONSHIP_WITH_TRANSFORMATION(#249)
SHAPE_REPRESENTATION_RELATIONSHIP()
);
#255=CONTEXT_DEPENDENT_SHAPE_REPRESENTATION(#250,#12998);
#256=CONTEXT_DEPENDENT_SHAPE_REPRESENTATION(#251,#12999);
#257=CONTEXT_DEPENDENT_SHAPE_REPRESENTATION(#252,#13002);
#258=CONTEXT_DEPENDENT_SHAPE_REPRESENTATION(#253,#13003);
#259=CONTEXT_DEPENDENT_SHAPE_REPRESENTATION(#254,#13004);
#260=NEXT_ASSEMBLY_USAGE_OCCURRENCE('T1SSW-105-02-G-D-RA:1',
'T1SSW-105-02-G-D-RA:1','T1SSW-105-02-G-D-RA:1',#13013,#13014,
'T1SSW-105-02-G-D-RA:1');
#261=NEXT_ASSEMBLY_USAGE_OCCURRENCE('P2SSW-105-02-G-D-RA:1',
'P2SSW-105-02-G-D-RA:1','P2SSW-105-02-G-D-RA:1',#13013,#13015,
'P2SSW-105-02-G-D-RA:1');
#262=NEXT_ASSEMBLY_USAGE_OCCURRENCE('SSW-105-02-G-D-RA:1',
'SSW-105-02-G-D-RA:1','SSW-105-02-G-D-RA:1',#13012,#13013,
'SSW-105-02-G-D-RA:1');
#263=NEXT_ASSEMBLY_USAGE_OCCURRENCE('Pin1_Triangle:1','Pin1_Triangle:1',
'Pin1_Triangle:1',#13012,#13016,'Pin1_Triangle:1');
#264=NEXT_ASSEMBLY_USAGE_OCCURRENCE('Samtec:1','Samtec:1','Samtec:1',#13012,
#13017,'Samtec:1');
#265=SHAPE_REPRESENTATION_RELATIONSHIP('SRR','None',#13007,#269);
#266=SHAPE_REPRESENTATION_RELATIONSHIP('SRR','None',#13008,#270);
#267=SHAPE_REPRESENTATION_RELATIONSHIP('SRR','None',#13009,#271);
#268=SHAPE_REPRESENTATION_RELATIONSHIP('SRR','None',#13010,#272);
#269=ADVANCED_BREP_SHAPE_REPRESENTATION('',(#462),#12979);
#270=ADVANCED_BREP_SHAPE_REPRESENTATION('',(#463),#12980);
#271=ADVANCED_BREP_SHAPE_REPRESENTATION('',(#464),#12981);
#272=ADVANCED_BREP_SHAPE_REPRESENTATION('',(#465,#466,#467,#468,#469,#470,
#471,#472,#473,#474),#12982);
#273=STYLED_ITEM('',(#7714),#462);
#274=STYLED_ITEM('',(#7715),#463);
#275=STYLED_ITEM('',(#7717),#7484);
#276=STYLED_ITEM('',(#7717),#7485);
#277=STYLED_ITEM('',(#7717),#7486);
#278=STYLED_ITEM('',(#7717),#7487);
#279=STYLED_ITEM('',(#7717),#7488);
#280=STYLED_ITEM('',(#7716),#464);
#281=STYLED_ITEM('',(#7720),#7489);
#282=STYLED_ITEM('',(#7720),#7490);
#283=STYLED_ITEM('',(#7720),#7491);
#284=STYLED_ITEM('',(#7720),#7492);
#285=STYLED_ITEM('',(#7720),#7493);
#286=STYLED_ITEM('',(#7720),#7494);
#287=STYLED_ITEM('',(#7720),#7495);
#288=STYLED_ITEM('',(#7719),#465);
#289=STYLED_ITEM('',(#7720),#7496);
#290=STYLED_ITEM('',(#7720),#7497);
#291=STYLED_ITEM('',(#7720),#7498);
#292=STYLED_ITEM('',(#7720),#7499);
#293=STYLED_ITEM('',(#7720),#7500);
#294=STYLED_ITEM('',(#7720),#7501);
#295=STYLED_ITEM('',(#7720),#7502);
#296=STYLED_ITEM('',(#7719),#466);
#297=STYLED_ITEM('',(#7720),#7503);
#298=STYLED_ITEM('',(#7720),#7504);
#299=STYLED_ITEM('',(#7720),#7505);
#300=STYLED_ITEM('',(#7720),#7506);
#301=STYLED_ITEM('',(#7720),#7507);
#302=STYLED_ITEM('',(#7720),#7508);
#303=STYLED_ITEM('',(#7720),#7509);
#304=STYLED_ITEM('',(#7720),#7510);
#305=STYLED_ITEM('',(#7720),#7511);
#306=STYLED_ITEM('',(#7720),#7512);
#307=STYLED_ITEM('',(#7720),#7513);
#308=STYLED_ITEM('',(#7720),#7514);
#309=STYLED_ITEM('',(#7720),#7515);
#310=STYLED_ITEM('',(#7720),#7516);
#311=STYLED_ITEM('',(#7720),#7517);
#312=STYLED_ITEM('',(#7720),#7518);
#313=STYLED_ITEM('',(#7720),#7519);
#314=STYLED_ITEM('',(#7720),#7520);
#315=STYLED_ITEM('',(#7719),#467);
#316=STYLED_ITEM('',(#7720),#7521);
#317=STYLED_ITEM('',(#7720),#7522);
#318=STYLED_ITEM('',(#7720),#7523);
#319=STYLED_ITEM('',(#7720),#7524);
#320=STYLED_ITEM('',(#7720),#7525);
#321=STYLED_ITEM('',(#7720),#7526);
#322=STYLED_ITEM('',(#7720),#7527);
#323=STYLED_ITEM('',(#7719),#468);
#324=STYLED_ITEM('',(#7720),#7528);
#325=STYLED_ITEM('',(#7720),#7529);
#326=STYLED_ITEM('',(#7720),#7530);
#327=STYLED_ITEM('',(#7720),#7531);
#328=STYLED_ITEM('',(#7720),#7532);
#329=STYLED_ITEM('',(#7720),#7533);
#330=STYLED_ITEM('',(#7720),#7534);
#331=STYLED_ITEM('',(#7719),#469);
#332=STYLED_ITEM('',(#7720),#7535);
#333=STYLED_ITEM('',(#7720),#7536);
#334=STYLED_ITEM('',(#7720),#7537);
#335=STYLED_ITEM('',(#7720),#7538);
#336=STYLED_ITEM('',(#7720),#7539);
#337=STYLED_ITEM('',(#7720),#7540);
#338=STYLED_ITEM('',(#7720),#7541);
#339=STYLED_ITEM('',(#7720),#7542);
#340=STYLED_ITEM('',(#7720),#7543);
#341=STYLED_ITEM('',(#7720),#7544);
#342=STYLED_ITEM('',(#7720),#7545);
#343=STYLED_ITEM('',(#7720),#7546);
#344=STYLED_ITEM('',(#7720),#7547);
#345=STYLED_ITEM('',(#7720),#7548);
#346=STYLED_ITEM('',(#7720),#7549);
#347=STYLED_ITEM('',(#7720),#7550);
#348=STYLED_ITEM('',(#7720),#7551);
#349=STYLED_ITEM('',(#7720),#7552);
#350=STYLED_ITEM('',(#7720),#7553);
#351=STYLED_ITEM('',(#7720),#7554);
#352=STYLED_ITEM('',(#7720),#7555);
#353=STYLED_ITEM('',(#7720),#7556);
#354=STYLED_ITEM('',(#7720),#7557);
#355=STYLED_ITEM('',(#7720),#7558);
#356=STYLED_ITEM('',(#7720),#7559);
#357=STYLED_ITEM('',(#7720),#7560);
#358=STYLED_ITEM('',(#7719),#470);
#359=STYLED_ITEM('',(#7720),#7561);
#360=STYLED_ITEM('',(#7720),#7562);
#361=STYLED_ITEM('',(#7720),#7563);
#362=STYLED_ITEM('',(#7720),#7564);
#363=STYLED_ITEM('',(#7720),#7565);
#364=STYLED_ITEM('',(#7720),#7566);
#365=STYLED_ITEM('',(#7720),#7567);
#366=STYLED_ITEM('',(#7720),#7568);
#367=STYLED_ITEM('',(#7720),#7569);
#368=STYLED_ITEM('',(#7720),#7570);
#369=STYLED_ITEM('',(#7720),#7571);
#370=STYLED_ITEM('',(#7720),#7572);
#371=STYLED_ITEM('',(#7720),#7573);
#372=STYLED_ITEM('',(#7720),#7574);
#373=STYLED_ITEM('',(#7720),#7575);
#374=STYLED_ITEM('',(#7720),#7576);
#375=STYLED_ITEM('',(#7720),#7577);
#376=STYLED_ITEM('',(#7720),#7578);
#377=STYLED_ITEM('',(#7720),#7579);
#378=STYLED_ITEM('',(#7720),#7580);
#379=STYLED_ITEM('',(#7720),#7581);
#380=STYLED_ITEM('',(#7720),#7582);
#381=STYLED_ITEM('',(#7720),#7583);
#382=STYLED_ITEM('',(#7720),#7584);
#383=STYLED_ITEM('',(#7720),#7585);
#384=STYLED_ITEM('',(#7720),#7586);
#385=STYLED_ITEM('',(#7719),#471);
#386=STYLED_ITEM('',(#7720),#7587);
#387=STYLED_ITEM('',(#7720),#7588);
#388=STYLED_ITEM('',(#7720),#7589);
#389=STYLED_ITEM('',(#7720),#7590);
#390=STYLED_ITEM('',(#7720),#7591);
#391=STYLED_ITEM('',(#7720),#7592);
#392=STYLED_ITEM('',(#7720),#7593);
#393=STYLED_ITEM('',(#7720),#7594);
#394=STYLED_ITEM('',(#7720),#7595);
#395=STYLED_ITEM('',(#7720),#7596);
#396=STYLED_ITEM('',(#7720),#7597);
#397=STYLED_ITEM('',(#7720),#7598);
#398=STYLED_ITEM('',(#7720),#7599);
#399=STYLED_ITEM('',(#7720),#7600);
#400=STYLED_ITEM('',(#7720),#7601);
#401=STYLED_ITEM('',(#7720),#7602);
#402=STYLED_ITEM('',(#7720),#7603);
#403=STYLED_ITEM('',(#7720),#7604);
#404=STYLED_ITEM('',(#7720),#7605);
#405=STYLED_ITEM('',(#7720),#7606);
#406=STYLED_ITEM('',(#7720),#7607);
#407=STYLED_ITEM('',(#7720),#7608);
#408=STYLED_ITEM('',(#7719),#472);
#409=STYLED_ITEM('',(#7720),#7609);
#410=STYLED_ITEM('',(#7720),#7610);
#411=STYLED_ITEM('',(#7720),#7611);
#412=STYLED_ITEM('',(#7720),#7612);
#413=STYLED_ITEM('',(#7720),#7613);
#414=STYLED_ITEM('',(#7720),#7614);
#415=STYLED_ITEM('',(#7720),#7615);
#416=STYLED_ITEM('',(#7720),#7616);
#417=STYLED_ITEM('',(#7720),#7617);
#418=STYLED_ITEM('',(#7720),#7618);
#419=STYLED_ITEM('',(#7720),#7619);
#420=STYLED_ITEM('',(#7720),#7620);
#421=STYLED_ITEM('',(#7720),#7621);
#422=STYLED_ITEM('',(#7720),#7622);
#423=STYLED_ITEM('',(#7720),#7623);
#424=STYLED_ITEM('',(#7720),#7624);
#425=STYLED_ITEM('',(#7720),#7625);
#426=STYLED_ITEM('',(#7720),#7626);
#427=STYLED_ITEM('',(#7720),#7627);
#428=STYLED_ITEM('',(#7720),#7628);
#429=STYLED_ITEM('',(#7720),#7629);
#430=STYLED_ITEM('',(#7720),#7630);
#431=STYLED_ITEM('',(#7720),#7631);
#432=STYLED_ITEM('',(#7720),#7632);
#433=STYLED_ITEM('',(#7719),#473);
#434=STYLED_ITEM('',(#7720),#7633);
#435=STYLED_ITEM('',(#7720),#7634);
#436=STYLED_ITEM('',(#7720),#7635);
#437=STYLED_ITEM('',(#7720),#7636);
#438=STYLED_ITEM('',(#7720),#7637);
#439=STYLED_ITEM('',(#7720),#7638);
#440=STYLED_ITEM('',(#7720),#7639);
#441=STYLED_ITEM('',(#7720),#7640);
#442=STYLED_ITEM('',(#7720),#7641);
#443=STYLED_ITEM('',(#7720),#7642);
#444=STYLED_ITEM('',(#7720),#7643);
#445=STYLED_ITEM('',(#7720),#7644);
#446=STYLED_ITEM('',(#7720),#7645);
#447=STYLED_ITEM('',(#7720),#7646);
#448=STYLED_ITEM('',(#7720),#7647);
#449=STYLED_ITEM('',(#7720),#7648);
#450=STYLED_ITEM('',(#7720),#7649);
#451=STYLED_ITEM('',(#7720),#7650);
#452=STYLED_ITEM('',(#7720),#7651);
#453=STYLED_ITEM('',(#7720),#7652);
#454=STYLED_ITEM('',(#7720),#7653);
#455=STYLED_ITEM('',(#7720),#7654);
#456=STYLED_ITEM('',(#7720),#7655);
#457=STYLED_ITEM('',(#7719),#474);
#458=STYLED_ITEM('',(#7721),#27);
#459=STYLED_ITEM('',(#7722),#32);
#460=STYLED_ITEM('',(#7723),#37);
#461=STYLED_ITEM('',(#7724),#42);
#462=MANIFOLD_SOLID_BREP('Solid1',#7656);
#463=MANIFOLD_SOLID_BREP('Solid1',#7657);
#464=MANIFOLD_SOLID_BREP('Solid1',#7658);
#465=MANIFOLD_SOLID_BREP('Solid1',#7659);
#466=MANIFOLD_SOLID_BREP('Solid2',#7660);
#467=MANIFOLD_SOLID_BREP('Solid3',#7661);
#468=MANIFOLD_SOLID_BREP('Solid4',#7662);
#469=MANIFOLD_SOLID_BREP('Solid5',#7663);
#470=MANIFOLD_SOLID_BREP('Solid6',#7664);
#471=MANIFOLD_SOLID_BREP('Solid7',#7665);
#472=MANIFOLD_SOLID_BREP('Solid8',#7666);
#473=MANIFOLD_SOLID_BREP('Solid9',#7667);
#474=MANIFOLD_SOLID_BREP('Solid10',#7668);
#475=FACE_BOUND('',#1325,.T.);
#476=FACE_BOUND('',#1326,.T.);
#477=FACE_BOUND('',#1331,.T.);
#478=FACE_BOUND('',#1332,.T.);
#479=FACE_BOUND('',#1340,.T.);
#480=FACE_BOUND('',#1341,.T.);
#481=FACE_BOUND('',#1342,.T.);
#482=FACE_BOUND('',#1343,.T.);
#483=FACE_BOUND('',#1344,.T.);
#484=FACE_BOUND('',#1345,.T.);
#485=FACE_BOUND('',#1346,.T.);
#486=FACE_BOUND('',#1347,.T.);
#487=FACE_BOUND('',#1348,.T.);
#488=FACE_BOUND('',#1349,.T.);
#489=FACE_BOUND('',#1354,.T.);
#490=FACE_BOUND('',#1355,.T.);
#491=FACE_BOUND('',#1357,.T.);
#492=FACE_BOUND('',#1358,.T.);
#493=FACE_BOUND('',#1360,.T.);
#494=FACE_BOUND('',#1361,.T.);
#495=FACE_BOUND('',#1520,.T.);
#496=FACE_BOUND('',#1521,.T.);
#497=FACE_BOUND('',#1522,.T.);
#498=FACE_BOUND('',#1523,.T.);
#499=FACE_BOUND('',#1524,.T.);
#500=FACE_BOUND('',#1525,.T.);
#501=FACE_BOUND('',#1526,.T.);
#502=FACE_BOUND('',#1527,.T.);
#503=FACE_BOUND('',#1528,.T.);
#504=FACE_BOUND('',#1529,.T.);
#505=FACE_BOUND('',#1683,.T.);
#506=FACE_BOUND('',#1685,.T.);
#507=FACE_BOUND('',#1708,.T.);
#508=FACE_BOUND('',#1710,.T.);
#509=PLANE('',#7886);
#510=PLANE('',#7887);
#511=PLANE('',#7888);
#512=PLANE('',#7889);
#513=PLANE('',#7890);
#514=PLANE('',#7891);
#515=PLANE('',#7892);
#516=PLANE('',#7893);
#517=PLANE('',#7894);
#518=PLANE('',#7895);
#519=PLANE('',#7896);
#520=PLANE('',#7897);
#521=PLANE('',#7898);
#522=PLANE('',#7899);
#523=PLANE('',#7900);
#524=PLANE('',#7901);
#525=PLANE('',#7902);
#526=PLANE('',#7903);
#527=PLANE('',#7904);
#528=PLANE('',#7905);
#529=PLANE('',#7906);
#530=PLANE('',#7907);
#531=PLANE('',#7908);
#532=PLANE('',#7909);
#533=PLANE('',#7910);
#534=PLANE('',#7911);
#535=PLANE('',#7912);
#536=PLANE('',#7913);
#537=PLANE('',#7914);
#538=PLANE('',#7915);
#539=PLANE('',#7916);
#540=PLANE('',#7917);
#541=PLANE('',#7918);
#542=PLANE('',#7919);
#543=PLANE('',#7920);
#544=PLANE('',#7921);
#545=PLANE('',#7922);
#546=PLANE('',#7923);
#547=PLANE('',#7924);
#548=PLANE('',#7925);
#549=PLANE('',#7926);
#550=PLANE('',#7927);
#551=PLANE('',#7928);
#552=PLANE('',#7929);
#553=PLANE('',#7930);
#554=PLANE('',#7931);
#555=PLANE('',#7932);
#556=PLANE('',#7933);
#557=PLANE('',#7934);
#558=PLANE('',#7935);
#559=PLANE('',#7936);
#560=PLANE('',#7937);
#561=PLANE('',#7938);
#562=PLANE('',#7939);
#563=PLANE('',#7940);
#564=PLANE('',#7941);
#565=PLANE('',#7942);
#566=PLANE('',#7943);
#567=PLANE('',#7944);
#568=PLANE('',#7945);
#569=PLANE('',#7946);
#570=PLANE('',#7947);
#571=PLANE('',#7948);
#572=PLANE('',#7949);
#573=PLANE('',#7950);
#574=PLANE('',#7951);
#575=PLANE('',#7953);
#576=PLANE('',#7954);
#577=PLANE('',#7955);
#578=PLANE('',#7956);
#579=PLANE('',#7957);
#580=PLANE('',#7958);
#581=PLANE('',#7959);
#582=PLANE('',#7960);
#583=PLANE('',#7961);
#584=PLANE('',#7962);
#585=PLANE('',#7963);
#586=PLANE('',#7964);
#587=PLANE('',#7965);
#588=PLANE('',#7966);
#589=PLANE('',#7967);
#590=PLANE('',#7968);
#591=PLANE('',#7969);
#592=PLANE('',#7970);
#593=PLANE('',#7971);
#594=PLANE('',#7972);
#595=PLANE('',#7973);
#596=PLANE('',#7976);
#597=PLANE('',#7977);
#598=PLANE('',#7978);
#599=PLANE('',#7979);
#600=PLANE('',#7982);
#601=PLANE('',#7985);
#602=PLANE('',#7986);
#603=PLANE('',#7989);
#604=PLANE('',#7990);
#605=PLANE('',#7993);
#606=PLANE('',#7996);
#607=PLANE('',#7999);
#608=PLANE('',#8000);
#609=PLANE('',#8003);
#610=PLANE('',#8004);
#611=PLANE('',#8007);
#612=PLANE('',#8010);
#613=PLANE('',#8013);
#614=PLANE('',#8014);
#615=PLANE('',#8017);
#616=PLANE('',#8018);
#617=PLANE('',#8021);
#618=PLANE('',#8024);
#619=PLANE('',#8027);
#620=PLANE('',#8028);
#621=PLANE('',#8031);
#622=PLANE('',#8032);
#623=PLANE('',#8035);
#624=PLANE('',#8038);
#625=PLANE('',#8041);
#626=PLANE('',#8044);
#627=PLANE('',#8045);
#628=PLANE('',#8046);
#629=PLANE('',#8047);
#630=PLANE('',#8048);
#631=PLANE('',#8049);
#632=PLANE('',#8050);
#633=PLANE('',#8051);
#634=PLANE('',#8052);
#635=PLANE('',#8058);
#636=PLANE('',#8059);
#637=PLANE('',#8060);
#638=PLANE('',#8061);
#639=PLANE('',#8062);
#640=PLANE('',#8067);
#641=PLANE('',#8068);
#642=PLANE('',#8069);
#643=PLANE('',#8070);
#644=PLANE('',#8071);
#645=PLANE('',#8072);
#646=PLANE('',#8073);
#647=PLANE('',#8074);
#648=PLANE('',#8075);
#649=PLANE('',#8076);
#650=PLANE('',#8077);
#651=PLANE('',#8078);
#652=PLANE('',#8083);
#653=PLANE('',#8084);
#654=PLANE('',#8085);
#655=PLANE('',#8086);
#656=PLANE('',#8092);
#657=PLANE('',#8093);
#658=PLANE('',#8094);
#659=PLANE('',#8095);
#660=PLANE('',#8096);
#661=PLANE('',#8097);
#662=PLANE('',#8098);
#663=PLANE('',#8100);
#664=PLANE('',#8101);
#665=PLANE('',#8102);
#666=PLANE('',#8103);
#667=PLANE('',#8104);
#668=PLANE('',#8105);
#669=PLANE('',#8107);
#670=PLANE('',#8108);
#671=PLANE('',#8112);
#672=PLANE('',#8113);
#673=PLANE('',#8114);
#674=PLANE('',#8115);
#675=PLANE('',#8116);
#676=PLANE('',#8118);
#677=PLANE('',#8119);
#678=PLANE('',#8120);
#679=PLANE('',#8121);
#680=PLANE('',#8122);
#681=PLANE('',#8123);
#682=PLANE('',#8124);
#683=PLANE('',#8125);
#684=PLANE('',#8126);
#685=PLANE('',#8127);
#686=PLANE('',#8128);
#687=PLANE('',#8129);
#688=PLANE('',#8130);
#689=PLANE('',#8131);
#690=PLANE('',#8132);
#691=PLANE('',#8133);
#692=PLANE('',#8134);
#693=PLANE('',#8135);
#694=PLANE('',#8136);
#695=PLANE('',#8137);
#696=PLANE('',#8138);
#697=PLANE('',#8139);
#698=PLANE('',#8140);
#699=PLANE('',#8141);
#700=PLANE('',#8142);
#701=PLANE('',#8143);
#702=PLANE('',#8144);
#703=PLANE('',#8145);
#704=PLANE('',#8146);
#705=PLANE('',#8147);
#706=PLANE('',#8148);
#707=PLANE('',#8149);
#708=PLANE('',#8150);
#709=PLANE('',#8151);
#710=PLANE('',#8152);
#711=PLANE('',#8153);
#712=PLANE('',#8154);
#713=PLANE('',#8155);
#714=PLANE('',#8156);
#715=PLANE('',#8157);
#716=PLANE('',#8158);
#717=PLANE('',#8159);
#718=PLANE('',#8160);
#719=PLANE('',#8161);
#720=PLANE('',#8162);
#721=PLANE('',#8167);
#722=PLANE('',#8168);
#723=PLANE('',#8169);
#724=PLANE('',#8170);
#725=PLANE('',#8171);
#726=PLANE('',#8172);
#727=PLANE('',#8177);
#728=PLANE('',#8178);
#729=PLANE('',#8179);
#730=PLANE('',#8180);
#731=PLANE('',#8181);
#732=PLANE('',#8182);
#733=PLANE('',#8183);
#734=PLANE('',#8184);
#735=PLANE('',#8185);
#736=PLANE('',#8186);
#737=PLANE('',#8187);
#738=PLANE('',#8188);
#739=PLANE('',#8189);
#740=PLANE('',#8190);
#741=PLANE('',#8191);
#742=PLANE('',#8192);
#743=PLANE('',#8193);
#744=PLANE('',#8194);
#745=PLANE('',#8195);
#746=PLANE('',#8196);
#747=PLANE('',#8197);
#748=PLANE('',#8198);
#749=PLANE('',#8199);
#750=PLANE('',#8202);
#751=PLANE('',#8203);
#752=PLANE('',#8206);
#753=PLANE('',#8207);
#754=PLANE('',#8208);
#755=PLANE('',#8209);
#756=PLANE('',#8214);
#757=PLANE('',#8215);
#758=PLANE('',#8216);
#759=PLANE('',#8217);
#760=PLANE('',#8218);
#761=PLANE('',#8219);
#762=PLANE('',#8220);
#763=PLANE('',#8221);
#764=PLANE('',#8222);
#765=PLANE('',#8225);
#766=PLANE('',#8226);
#767=PLANE('',#8229);
#768=PLANE('',#8230);
#769=PLANE('',#8231);
#770=PLANE('',#8232);
#771=PLANE('',#8233);
#772=PLANE('',#8234);
#773=PLANE('',#8235);
#774=PLANE('',#8236);
#775=PLANE('',#8237);
#776=PLANE('',#8238);
#777=PLANE('',#8239);
#778=PLANE('',#8240);
#779=PLANE('',#8241);
#780=PLANE('',#8242);
#781=PLANE('',#8243);
#782=PLANE('',#8244);
#783=PLANE('',#8245);
#784=PLANE('',#8248);
#785=PLANE('',#8249);
#786=PLANE('',#8250);
#787=PLANE('',#8251);
#788=PLANE('',#8252);
#789=PLANE('',#8253);
#790=PLANE('',#8254);
#791=PLANE('',#8255);
#792=PLANE('',#8256);
#793=PLANE('',#8257);
#794=PLANE('',#8258);
#795=PLANE('',#8259);
#796=PLANE('',#8260);
#797=PLANE('',#8261);
#798=PLANE('',#8262);
#799=PLANE('Near clipping plane',#8268);
#800=PLANE('Far clipping plane',#8269);
#801=PLANE('Near clipping plane',#8272);
#802=PLANE('Far clipping plane',#8273);
#803=PLANE('Near clipping plane',#8276);
#804=PLANE('Far clipping plane',#8277);
#805=PLANE('Near clipping plane',#8280);
#806=PLANE('Far clipping plane',#8281);
#807=PLANE('Near clipping plane',#8284);
#808=PLANE('Far clipping plane',#8285);
#809=PLANE('Near clipping plane',#8288);
#810=PLANE('Far clipping plane',#8289);
#811=PLANE('Near clipping plane',#8292);
#812=PLANE('Far clipping plane',#8293);
#813=PLANE('Near clipping plane',#8296);
#814=PLANE('Far clipping plane',#8297);
#815=PLANE('Near clipping plane',#8300);
#816=PLANE('Far clipping plane',#8301);
#817=PLANE('Near clipping plane',#8304);
#818=PLANE('Far clipping plane',#8305);
#819=PLANE('Near clipping plane',#8308);
#820=PLANE('Far clipping plane',#8309);
#821=PLANE('Near clipping plane',#8312);
#822=PLANE('Far clipping plane',#8313);
#823=PLANE('Near clipping plane',#8316);
#824=PLANE('Far clipping plane',#8317);
#825=PLANE('Near clipping plane',#8320);
#826=PLANE('Far clipping plane',#8321);
#827=PLANE('Near clipping plane',#8324);
#828=PLANE('Far clipping plane',#8325);
#829=PLANE('Near clipping plane',#8328);
#830=PLANE('Far clipping plane',#8329);
#831=CIRCLE('',#7821,0.00196850393700788);
#832=CIRCLE('',#7822,0.00196850393700788);
#833=CIRCLE('',#7823,0.00196850393700788);
#834=CIRCLE('',#7825,0.00196850393700788);
#835=CIRCLE('',#7826,0.00196850393700787);
#836=CIRCLE('',#7827,0.00196850393700788);
#837=CIRCLE('',#7832,0.00196850393700788);
#838=CIRCLE('',#7833,0.00196850393700788);
#839=CIRCLE('',#7834,0.00196850393700788);
#840=CIRCLE('',#7836,0.00196850393700788);
#841=CIRCLE('',#7837,0.00196850393700788);
#842=CIRCLE('',#7838,0.00196850393700788);
#843=CIRCLE('',#7841,0.00196850393700788);
#844=CIRCLE('',#7842,0.00196850393700788);
#845=CIRCLE('',#7843,0.00196850393700788);
#846=CIRCLE('',#7845,0.00196850393700787);
#847=CIRCLE('',#7846,0.00196850393700788);
#848=CIRCLE('',#7847,0.00196850393700788);
#849=CIRCLE('',#7974,0.0159999999999992);
#850=CIRCLE('',#7975,0.0319999999999984);
#851=CIRCLE('',#7980,0.0159999999999992);
#852=CIRCLE('',#7981,0.0319999999999984);
#853=CIRCLE('',#7983,0.0159999999999992);
#854=CIRCLE('',#7984,0.0319999999999992);
#855=CIRCLE('',#7987,0.0319999999999984);
#856=CIRCLE('',#7988,0.0159999999999992);
#857=CIRCLE('',#7991,0.0319999999999992);
#858=CIRCLE('',#7992,0.0159999999999992);
#859=CIRCLE('',#7994,0.0159999999999992);
#860=CIRCLE('',#7995,0.0319999999999984);
#861=CIRCLE('',#7997,0.0159999999999992);
#862=CIRCLE('',#7998,0.0319999999999992);
#863=CIRCLE('',#8001,0.0319999999999984);
#864=CIRCLE('',#8002,0.0159999999999992);
#865=CIRCLE('',#8005,0.0319999999999992);
#866=CIRCLE('',#8006,0.0159999999999992);
#867=CIRCLE('',#8008,0.0159999999999992);
#868=CIRCLE('',#8009,0.0319999999999984);
#869=CIRCLE('',#8011,0.0159999999999992);
#870=CIRCLE('',#8012,0.0319999999999992);
#871=CIRCLE('',#8015,0.0319999999999984);
#872=CIRCLE('',#8016,0.0159999999999992);
#873=CIRCLE('',#8019,0.0319999999999992);
#874=CIRCLE('',#8020,0.0159999999999992);
#875=CIRCLE('',#8022,0.0159999999999992);
#876=CIRCLE('',#8023,0.0319999999999984);
#877=CIRCLE('',#8025,0.0159999999999992);
#878=CIRCLE('',#8026,0.0319999999999992);
#879=CIRCLE('',#8029,0.0319999999999984);
#880=CIRCLE('',#8030,0.0159999999999992);
#881=CIRCLE('',#8033,0.0319999999999992);
#882=CIRCLE('',#8034,0.0159999999999992);
#883=CIRCLE('',#8036,0.0159999999999992);
#884=CIRCLE('',#8037,0.0319999999999992);
#885=CIRCLE('',#8039,0.0319999999999992);
#886=CIRCLE('',#8040,0.0159999999999992);
#887=CIRCLE('',#8042,0.0319999999999984);
#888=CIRCLE('',#8043,0.0159999999999992);
#889=SPHERICAL_SURFACE('',#7820,0.00196850393700788);
#890=SPHERICAL_SURFACE('',#7824,0.00196850393700787);
#891=SPHERICAL_SURFACE('',#7831,0.00196850393700788);
#892=SPHERICAL_SURFACE('',#7835,0.00196850393700788);
#893=SPHERICAL_SURFACE('',#7840,0.00196850393700788);
#894=SPHERICAL_SURFACE('',#7844,0.00196850393700788);
#895=FACE_OUTER_BOUND('',#1286,.T.);
#896=FACE_OUTER_BOUND('',#1287,.T.);
#897=FACE_OUTER_BOUND('',#1288,.T.);
#898=FACE_OUTER_BOUND('',#1289,.T.);
#899=FACE_OUTER_BOUND('',#1290,.T.);
#900=FACE_OUTER_BOUND('',#1291,.T.);
#901=FACE_OUTER_BOUND('',#1292,.T.);
#902=FACE_OUTER_BOUND('',#1293,.T.);
#903=FACE_OUTER_BOUND('',#1294,.T.);
#904=FACE_OUTER_BOUND('',#1295,.T.);
#905=FACE_OUTER_BOUND('',#1296,.T.);
#906=FACE_OUTER_BOUND('',#1297,.T.);
#907=FACE_OUTER_BOUND('',#1298,.T.);
#908=FACE_OUTER_BOUND('',#1299,.T.);
#909=FACE_OUTER_BOUND('',#1300,.T.);
#910=FACE_OUTER_BOUND('',#1301,.T.);
#911=FACE_OUTER_BOUND('',#1302,.T.);
#912=FACE_OUTER_BOUND('',#1303,.T.);
#913=FACE_OUTER_BOUND('',#1304,.T.);
#914=FACE_OUTER_BOUND('',#1305,.T.);
#915=FACE_OUTER_BOUND('',#1306,.T.);
#916=FACE_OUTER_BOUND('',#1307,.T.);
#917=FACE_OUTER_BOUND('',#1308,.T.);
#918=FACE_OUTER_BOUND('',#1309,.T.);
#919=FACE_OUTER_BOUND('',#1310,.T.);
#920=FACE_OUTER_BOUND('',#1311,.T.);
#921=FACE_OUTER_BOUND('',#1312,.T.);
#922=FACE_OUTER_BOUND('',#1313,.T.);
#923=FACE_OUTER_BOUND('',#1314,.T.);
#924=FACE_OUTER_BOUND('',#1315,.T.);
#925=FACE_OUTER_BOUND('',#1316,.T.);
#926=FACE_OUTER_BOUND('',#1317,.T.);
#927=FACE_OUTER_BOUND('',#1318,.T.);
#928=FACE_OUTER_BOUND('',#1319,.T.);
#929=FACE_OUTER_BOUND('',#1320,.T.);
#930=FACE_OUTER_BOUND('',#1321,.T.);
#931=FACE_OUTER_BOUND('',#1322,.T.);
#932=FACE_OUTER_BOUND('',#1323,.T.);
#933=FACE_OUTER_BOUND('',#1324,.T.);
#934=FACE_OUTER_BOUND('',#1327,.T.);
#935=FACE_OUTER_BOUND('',#1328,.T.);
#936=FACE_OUTER_BOUND('',#1329,.T.);
#937=FACE_OUTER_BOUND('',#1330,.T.);
#938=FACE_OUTER_BOUND('',#1333,.T.);
#939=FACE_OUTER_BOUND('',#1334,.T.);
#940=FACE_OUTER_BOUND('',#1335,.T.);
#941=FACE_OUTER_BOUND('',#1336,.T.);
#942=FACE_OUTER_BOUND('',#1337,.T.);
#943=FACE_OUTER_BOUND('',#1338,.T.);
#944=FACE_OUTER_BOUND('',#1339,.T.);
#945=FACE_OUTER_BOUND('',#1350,.T.);
#946=FACE_OUTER_BOUND('',#1351,.T.);
#947=FACE_OUTER_BOUND('',#1352,.T.);
#948=FACE_OUTER_BOUND('',#1353,.T.);
#949=FACE_OUTER_BOUND('',#1356,.T.);
#950=FACE_OUTER_BOUND('',#1359,.T.);
#951=FACE_OUTER_BOUND('',#1362,.T.);
#952=FACE_OUTER_BOUND('',#1363,.T.);
#953=FACE_OUTER_BOUND('',#1364,.T.);
#954=FACE_OUTER_BOUND('',#1365,.T.);
#955=FACE_OUTER_BOUND('',#1366,.T.);
#956=FACE_OUTER_BOUND('',#1367,.T.);
#957=FACE_OUTER_BOUND('',#1368,.T.);
#958=FACE_OUTER_BOUND('',#1369,.T.);
#959=FACE_OUTER_BOUND('',#1370,.T.);
#960=FACE_OUTER_BOUND('',#1371,.T.);
#961=FACE_OUTER_BOUND('',#1372,.T.);
#962=FACE_OUTER_BOUND('',#1373,.T.);
#963=FACE_OUTER_BOUND('',#1374,.T.);
#964=FACE_OUTER_BOUND('',#1375,.T.);
#965=FACE_OUTER_BOUND('',#1376,.T.);
#966=FACE_OUTER_BOUND('',#1377,.T.);
#967=FACE_OUTER_BOUND('',#1378,.T.);
#968=FACE_OUTER_BOUND('',#1379,.T.);
#969=FACE_OUTER_BOUND('',#1380,.T.);
#970=FACE_OUTER_BOUND('',#1381,.T.);
#971=FACE_OUTER_BOUND('',#1382,.T.);
#972=FACE_OUTER_BOUND('',#1383,.T.);
#973=FACE_OUTER_BOUND('',#1384,.T.);
#974=FACE_OUTER_BOUND('',#1385,.T.);
#975=FACE_OUTER_BOUND('',#1386,.T.);
#976=FACE_OUTER_BOUND('',#1387,.T.);
#977=FACE_OUTER_BOUND('',#1388,.T.);
#978=FACE_OUTER_BOUND('',#1389,.T.);
#979=FACE_OUTER_BOUND('',#1390,.T.);
#980=FACE_OUTER_BOUND('',#1391,.T.);
#981=FACE_OUTER_BOUND('',#1392,.T.);
#982=FACE_OUTER_BOUND('',#1393,.T.);
#983=FACE_OUTER_BOUND('',#1394,.T.);
#984=FACE_OUTER_BOUND('',#1395,.T.);
#985=FACE_OUTER_BOUND('',#1396,.T.);
#986=FACE_OUTER_BOUND('',#1397,.T.);
#987=FACE_OUTER_BOUND('',#1398,.T.);
#988=FACE_OUTER_BOUND('',#1399,.T.);
#989=FACE_OUTER_BOUND('',#1400,.T.);
#990=FACE_OUTER_BOUND('',#1401,.T.);
#991=FACE_OUTER_BOUND('',#1402,.T.);
#992=FACE_OUTER_BOUND('',#1403,.T.);
#993=FACE_OUTER_BOUND('',#1404,.T.);
#994=FACE_OUTER_BOUND('',#1405,.T.);
#995=FACE_OUTER_BOUND('',#1406,.T.);
#996=FACE_OUTER_BOUND('',#1407,.T.);
#997=FACE_OUTER_BOUND('',#1408,.T.);
#998=FACE_OUTER_BOUND('',#1409,.T.);
#999=FACE_OUTER_BOUND('',#1410,.T.);
#1000=FACE_OUTER_BOUND('',#1411,.T.);
#1001=FACE_OUTER_BOUND('',#1412,.T.);
#1002=FACE_OUTER_BOUND('',#1413,.T.);
#1003=FACE_OUTER_BOUND('',#1414,.T.);
#1004=FACE_OUTER_BOUND('',#1415,.T.);
#1005=FACE_OUTER_BOUND('',#1416,.T.);
#1006=FACE_OUTER_BOUND('',#1417,.T.);
#1007=FACE_OUTER_BOUND('',#1418,.T.);
#1008=FACE_OUTER_BOUND('',#1419,.T.);
#1009=FACE_OUTER_BOUND('',#1420,.T.);
#1010=FACE_OUTER_BOUND('',#1421,.T.);
#1011=FACE_OUTER_BOUND('',#1422,.T.);
#1012=FACE_OUTER_BOUND('',#1423,.T.);
#1013=FACE_OUTER_BOUND('',#1424,.T.);
#1014=FACE_OUTER_BOUND('',#1425,.T.);
#1015=FACE_OUTER_BOUND('',#1426,.T.);
#1016=FACE_OUTER_BOUND('',#1427,.T.);
#1017=FACE_OUTER_BOUND('',#1428,.T.);
#1018=FACE_OUTER_BOUND('',#1429,.T.);
#1019=FACE_OUTER_BOUND('',#1430,.T.);
#1020=FACE_OUTER_BOUND('',#1431,.T.);
#1021=FACE_OUTER_BOUND('',#1432,.T.);
#1022=FACE_OUTER_BOUND('',#1433,.T.);
#1023=FACE_OUTER_BOUND('',#1434,.T.);
#1024=FACE_OUTER_BOUND('',#1435,.T.);
#1025=FACE_OUTER_BOUND('',#1436,.T.);
#1026=FACE_OUTER_BOUND('',#1437,.T.);
#1027=FACE_OUTER_BOUND('',#1438,.T.);
#1028=FACE_OUTER_BOUND('',#1439,.T.);
#1029=FACE_OUTER_BOUND('',#1440,.T.);
#1030=FACE_OUTER_BOUND('',#1441,.T.);
#1031=FACE_OUTER_BOUND('',#1442,.T.);
#1032=FACE_OUTER_BOUND('',#1443,.T.);
#1033=FACE_OUTER_BOUND('',#1444,.T.);
#1034=FACE_OUTER_BOUND('',#1445,.T.);
#1035=FACE_OUTER_BOUND('',#1446,.T.);
#1036=FACE_OUTER_BOUND('',#1447,.T.);
#1037=FACE_OUTER_BOUND('',#1448,.T.);
#1038=FACE_OUTER_BOUND('',#1449,.T.);
#1039=FACE_OUTER_BOUND('',#1450,.T.);
#1040=FACE_OUTER_BOUND('',#1451,.T.);
#1041=FACE_OUTER_BOUND('',#1452,.T.);
#1042=FACE_OUTER_BOUND('',#1453,.T.);
#1043=FACE_OUTER_BOUND('',#1454,.T.);
#1044=FACE_OUTER_BOUND('',#1455,.T.);
#1045=FACE_OUTER_BOUND('',#1456,.T.);
#1046=FACE_OUTER_BOUND('',#1457,.T.);
#1047=FACE_OUTER_BOUND('',#1458,.T.);
#1048=FACE_OUTER_BOUND('',#1459,.T.);
#1049=FACE_OUTER_BOUND('',#1460,.T.);
#1050=FACE_OUTER_BOUND('',#1461,.T.);
#1051=FACE_OUTER_BOUND('',#1462,.T.);
#1052=FACE_OUTER_BOUND('',#1463,.T.);
#1053=FACE_OUTER_BOUND('',#1464,.T.);
#1054=FACE_OUTER_BOUND('',#1465,.T.);
#1055=FACE_OUTER_BOUND('',#1466,.T.);
#1056=FACE_OUTER_BOUND('',#1467,.T.);
#1057=FACE_OUTER_BOUND('',#1468,.T.);
#1058=FACE_OUTER_BOUND('',#1469,.T.);
#1059=FACE_OUTER_BOUND('',#1470,.T.);
#1060=FACE_OUTER_BOUND('',#1471,.T.);
#1061=FACE_OUTER_BOUND('',#1472,.T.);
#1062=FACE_OUTER_BOUND('',#1473,.T.);
#1063=FACE_OUTER_BOUND('',#1474,.T.);
#1064=FACE_OUTER_BOUND('',#1475,.T.);
#1065=FACE_OUTER_BOUND('',#1476,.T.);
#1066=FACE_OUTER_BOUND('',#1477,.T.);
#1067=FACE_OUTER_BOUND('',#1478,.T.);
#1068=FACE_OUTER_BOUND('',#1479,.T.);
#1069=FACE_OUTER_BOUND('',#1480,.T.);
#1070=FACE_OUTER_BOUND('',#1481,.T.);
#1071=FACE_OUTER_BOUND('',#1482,.T.);
#1072=FACE_OUTER_BOUND('',#1483,.T.);
#1073=FACE_OUTER_BOUND('',#1484,.T.);
#1074=FACE_OUTER_BOUND('',#1485,.T.);
#1075=FACE_OUTER_BOUND('',#1486,.T.);
#1076=FACE_OUTER_BOUND('',#1487,.T.);
#1077=FACE_OUTER_BOUND('',#1488,.T.);
#1078=FACE_OUTER_BOUND('',#1489,.T.);
#1079=FACE_OUTER_BOUND('',#1490,.T.);
#1080=FACE_OUTER_BOUND('',#1491,.T.);
#1081=FACE_OUTER_BOUND('',#1492,.T.);
#1082=FACE_OUTER_BOUND('',#1493,.T.);
#1083=FACE_OUTER_BOUND('',#1494,.T.);
#1084=FACE_OUTER_BOUND('',#1495,.T.);
#1085=FACE_OUTER_BOUND('',#1496,.T.);
#1086=FACE_OUTER_BOUND('',#1497,.T.);
#1087=FACE_OUTER_BOUND('',#1498,.T.);
#1088=FACE_OUTER_BOUND('',#1499,.T.);
#1089=FACE_OUTER_BOUND('',#1500,.T.);
#1090=FACE_OUTER_BOUND('',#1501,.T.);
#1091=FACE_OUTER_BOUND('',#1502,.T.);
#1092=FACE_OUTER_BOUND('',#1503,.T.);
#1093=FACE_OUTER_BOUND('',#1504,.T.);
#1094=FACE_OUTER_BOUND('',#1505,.T.);
#1095=FACE_OUTER_BOUND('',#1506,.T.);
#1096=FACE_OUTER_BOUND('',#1507,.T.);
#1097=FACE_OUTER_BOUND('',#1508,.T.);
#1098=FACE_OUTER_BOUND('',#1509,.T.);
#1099=FACE_OUTER_BOUND('',#1510,.T.);
#1100=FACE_OUTER_BOUND('',#1511,.T.);
#1101=FACE_OUTER_BOUND('',#1512,.T.);
#1102=FACE_OUTER_BOUND('',#1513,.T.);
#1103=FACE_OUTER_BOUND('',#1514,.T.);
#1104=FACE_OUTER_BOUND('',#1515,.T.);
#1105=FACE_OUTER_BOUND('',#1516,.T.);
#1106=FACE_OUTER_BOUND('',#1517,.T.);
#1107=FACE_OUTER_BOUND('',#1518,.T.);
#1108=FACE_OUTER_BOUND('',#1519,.T.);
#1109=FACE_OUTER_BOUND('',#1530,.T.);
#1110=FACE_OUTER_BOUND('',#1531,.T.);
#1111=FACE_OUTER_BOUND('',#1532,.T.);
#1112=FACE_OUTER_BOUND('',#1533,.T.);
#1113=FACE_OUTER_BOUND('',#1534,.T.);
#1114=FACE_OUTER_BOUND('',#1535,.T.);
#1115=FACE_OUTER_BOUND('',#1536,.T.);
#1116=FACE_OUTER_BOUND('',#1537,.T.);
#1117=FACE_OUTER_BOUND('',#1538,.T.);
#1118=FACE_OUTER_BOUND('',#1539,.T.);
#1119=FACE_OUTER_BOUND('',#1540,.T.);
#1120=FACE_OUTER_BOUND('',#1541,.T.);
#1121=FACE_OUTER_BOUND('',#1542,.T.);
#1122=FACE_OUTER_BOUND('',#1543,.T.);
#1123=FACE_OUTER_BOUND('',#1544,.T.);
#1124=FACE_OUTER_BOUND('',#1545,.T.);
#1125=FACE_OUTER_BOUND('',#1546,.T.);
#1126=FACE_OUTER_BOUND('',#1547,.T.);
#1127=FACE_OUTER_BOUND('',#1548,.T.);
#1128=FACE_OUTER_BOUND('',#1549,.T.);
#1129=FACE_OUTER_BOUND('',#1550,.T.);
#1130=FACE_OUTER_BOUND('',#1551,.T.);
#1131=FACE_OUTER_BOUND('',#1552,.T.);
#1132=FACE_OUTER_BOUND('',#1553,.T.);
#1133=FACE_OUTER_BOUND('',#1554,.T.);
#1134=FACE_OUTER_BOUND('',#1555,.T.);
#1135=FACE_OUTER_BOUND('',#1556,.T.);
#1136=FACE_OUTER_BOUND('',#1557,.T.);
#1137=FACE_OUTER_BOUND('',#1558,.T.);
#1138=FACE_OUTER_BOUND('',#1559,.T.);
#1139=FACE_OUTER_BOUND('',#1560,.T.);
#1140=FACE_OUTER_BOUND('',#1561,.T.);
#1141=FACE_OUTER_BOUND('',#1562,.T.);
#1142=FACE_OUTER_BOUND('',#1563,.T.);
#1143=FACE_OUTER_BOUND('',#1564,.T.);
#1144=FACE_OUTER_BOUND('',#1565,.T.);
#1145=FACE_OUTER_BOUND('',#1566,.T.);
#1146=FACE_OUTER_BOUND('',#1567,.T.);
#1147=FACE_OUTER_BOUND('',#1568,.T.);
#1148=FACE_OUTER_BOUND('',#1569,.T.);
#1149=FACE_OUTER_BOUND('',#1570,.T.);
#1150=FACE_OUTER_BOUND('',#1571,.T.);
#1151=FACE_OUTER_BOUND('',#1572,.T.);
#1152=FACE_OUTER_BOUND('',#1573,.T.);
#1153=FACE_OUTER_BOUND('',#1574,.T.);
#1154=FACE_OUTER_BOUND('',#1575,.T.);
#1155=FACE_OUTER_BOUND('',#1576,.T.);
#1156=FACE_OUTER_BOUND('',#1577,.T.);
#1157=FACE_OUTER_BOUND('',#1578,.T.);
#1158=FACE_OUTER_BOUND('',#1579,.T.);
#1159=FACE_OUTER_BOUND('',#1580,.T.);
#1160=FACE_OUTER_BOUND('',#1581,.T.);
#1161=FACE_OUTER_BOUND('',#1582,.T.);
#1162=FACE_OUTER_BOUND('',#1583,.T.);
#1163=FACE_OUTER_BOUND('',#1584,.T.);
#1164=FACE_OUTER_BOUND('',#1585,.T.);
#1165=FACE_OUTER_BOUND('',#1586,.T.);
#1166=FACE_OUTER_BOUND('',#1587,.T.);
#1167=FACE_OUTER_BOUND('',#1588,.T.);
#1168=FACE_OUTER_BOUND('',#1589,.T.);
#1169=FACE_OUTER_BOUND('',#1590,.T.);
#1170=FACE_OUTER_BOUND('',#1591,.T.);
#1171=FACE_OUTER_BOUND('',#1592,.T.);
#1172=FACE_OUTER_BOUND('',#1593,.T.);
#1173=FACE_OUTER_BOUND('',#1594,.T.);
#1174=FACE_OUTER_BOUND('',#1595,.T.);
#1175=FACE_OUTER_BOUND('',#1596,.T.);
#1176=FACE_OUTER_BOUND('',#1597,.T.);
#1177=FACE_OUTER_BOUND('',#1598,.T.);
#1178=FACE_OUTER_BOUND('',#1599,.T.);
#1179=FACE_OUTER_BOUND('',#1600,.T.);
#1180=FACE_OUTER_BOUND('',#1601,.T.);
#1181=FACE_OUTER_BOUND('',#1602,.T.);
#1182=FACE_OUTER_BOUND('',#1603,.T.);
#1183=FACE_OUTER_BOUND('',#1604,.T.);
#1184=FACE_OUTER_BOUND('',#1605,.T.);
#1185=FACE_OUTER_BOUND('',#1606,.T.);
#1186=FACE_OUTER_BOUND('',#1607,.T.);
#1187=FACE_OUTER_BOUND('',#1608,.T.);
#1188=FACE_OUTER_BOUND('',#1609,.T.);
#1189=FACE_OUTER_BOUND('',#1610,.T.);
#1190=FACE_OUTER_BOUND('',#1611,.T.);
#1191=FACE_OUTER_BOUND('',#1612,.T.);
#1192=FACE_OUTER_BOUND('',#1613,.T.);
#1193=FACE_OUTER_BOUND('',#1614,.T.);
#1194=FACE_OUTER_BOUND('',#1615,.T.);
#1195=FACE_OUTER_BOUND('',#1616,.T.);
#1196=FACE_OUTER_BOUND('',#1617,.T.);
#1197=FACE_OUTER_BOUND('',#1618,.T.);
#1198=FACE_OUTER_BOUND('',#1619,.T.);
#1199=FACE_OUTER_BOUND('',#1620,.T.);
#1200=FACE_OUTER_BOUND('',#1621,.T.);
#1201=FACE_OUTER_BOUND('',#1622,.T.);
#1202=FACE_OUTER_BOUND('',#1623,.T.);
#1203=FACE_OUTER_BOUND('',#1624,.T.);
#1204=FACE_OUTER_BOUND('',#1625,.T.);
#1205=FACE_OUTER_BOUND('',#1626,.T.);
#1206=FACE_OUTER_BOUND('',#1627,.T.);
#1207=FACE_OUTER_BOUND('',#1628,.T.);
#1208=FACE_OUTER_BOUND('',#1629,.T.);
#1209=FACE_OUTER_BOUND('',#1630,.T.);
#1210=FACE_OUTER_BOUND('',#1631,.T.);
#1211=FACE_OUTER_BOUND('',#1632,.T.);
#1212=FACE_OUTER_BOUND('',#1633,.T.);
#1213=FACE_OUTER_BOUND('',#1634,.T.);
#1214=FACE_OUTER_BOUND('',#1635,.T.);
#1215=FACE_OUTER_BOUND('',#1636,.T.);
#1216=FACE_OUTER_BOUND('',#1637,.T.);
#1217=FACE_OUTER_BOUND('',#1638,.T.);
#1218=FACE_OUTER_BOUND('',#1639,.T.);
#1219=FACE_OUTER_BOUND('',#1640,.T.);
#1220=FACE_OUTER_BOUND('',#1641,.T.);
#1221=FACE_OUTER_BOUND('',#1642,.T.);
#1222=FACE_OUTER_BOUND('',#1643,.T.);
#1223=FACE_OUTER_BOUND('',#1644,.T.);
#1224=FACE_OUTER_BOUND('',#1645,.T.);
#1225=FACE_OUTER_BOUND('',#1646,.T.);
#1226=FACE_OUTER_BOUND('',#1647,.T.);
#1227=FACE_OUTER_BOUND('',#1648,.T.);
#1228=FACE_OUTER_BOUND('',#1649,.T.);
#1229=FACE_OUTER_BOUND('',#1650,.T.);
#1230=FACE_OUTER_BOUND('',#1651,.T.);
#1231=FACE_OUTER_BOUND('',#1652,.T.);
#1232=FACE_OUTER_BOUND('',#1653,.T.);
#1233=FACE_OUTER_BOUND('',#1654,.T.);
#1234=FACE_OUTER_BOUND('',#1655,.T.);
#1235=FACE_OUTER_BOUND('',#1656,.T.);
#1236=FACE_OUTER_BOUND('',#1657,.T.);
#1237=FACE_OUTER_BOUND('',#1658,.T.);
#1238=FACE_OUTER_BOUND('',#1659,.T.);
#1239=FACE_OUTER_BOUND('',#1660,.T.);
#1240=FACE_OUTER_BOUND('',#1661,.T.);
#1241=FACE_OUTER_BOUND('',#1662,.T.);
#1242=FACE_OUTER_BOUND('',#1663,.T.);
#1243=FACE_OUTER_BOUND('',#1664,.T.);
#1244=FACE_OUTER_BOUND('',#1665,.T.);
#1245=FACE_OUTER_BOUND('',#1666,.T.);
#1246=FACE_OUTER_BOUND('',#1667,.T.);
#1247=FACE_OUTER_BOUND('',#1668,.T.);
#1248=FACE_OUTER_BOUND('',#1669,.T.);
#1249=FACE_OUTER_BOUND('',#1670,.T.);
#1250=FACE_OUTER_BOUND('',#1671,.T.);
#1251=FACE_OUTER_BOUND('',#1672,.T.);
#1252=FACE_OUTER_BOUND('',#1673,.T.);
#1253=FACE_OUTER_BOUND('',#1674,.T.);
#1254=FACE_OUTER_BOUND('',#1675,.T.);
#1255=FACE_OUTER_BOUND('',#1676,.T.);
#1256=FACE_OUTER_BOUND('',#1677,.T.);
#1257=FACE_OUTER_BOUND('',#1678,.T.);
#1258=FACE_OUTER_BOUND('',#1679,.T.);
#1259=FACE_OUTER_BOUND('',#1680,.T.);
#1260=FACE_OUTER_BOUND('',#1681,.T.);
#1261=FACE_OUTER_BOUND('',#1682,.T.);
#1262=FACE_OUTER_BOUND('',#1684,.T.);
#1263=FACE_OUTER_BOUND('',#1686,.T.);
#1264=FACE_OUTER_BOUND('',#1687,.T.);
#1265=FACE_OUTER_BOUND('',#1688,.T.);
#1266=FACE_OUTER_BOUND('',#1689,.T.);
#1267=FACE_OUTER_BOUND('',#1690,.T.);
#1268=FACE_OUTER_BOUND('',#1691,.T.);
#1269=FACE_OUTER_BOUND('',#1692,.T.);
#1270=FACE_OUTER_BOUND('',#1693,.T.);
#1271=FACE_OUTER_BOUND('',#1694,.T.);
#1272=FACE_OUTER_BOUND('',#1695,.T.);
#1273=FACE_OUTER_BOUND('',#1696,.T.);
#1274=FACE_OUTER_BOUND('',#1697,.T.);
#1275=FACE_OUTER_BOUND('',#1698,.T.);
#1276=FACE_OUTER_BOUND('',#1699,.T.);
#1277=FACE_OUTER_BOUND('',#1700,.T.);
#1278=FACE_OUTER_BOUND('',#1701,.T.);
#1279=FACE_OUTER_BOUND('',#1702,.T.);
#1280=FACE_OUTER_BOUND('',#1703,.T.);
#1281=FACE_OUTER_BOUND('',#1704,.T.);
#1282=FACE_OUTER_BOUND('',#1705,.T.);
#1283=FACE_OUTER_BOUND('',#1706,.T.);
#1284=FACE_OUTER_BOUND('',#1707,.T.);
#1285=FACE_OUTER_BOUND('',#1709,.T.);
#1286=EDGE_LOOP('',(#5164,#5165,#5166,#5167));
#1287=EDGE_LOOP('',(#5168,#5169,#5170,#5171));
#1288=EDGE_LOOP('',(#5172,#5173,#5174,#5175));
#1289=EDGE_LOOP('',(#5176,#5177,#5178,#5179));
#1290=EDGE_LOOP('',(#5180,#5181,#5182,#5183));
#1291=EDGE_LOOP('',(#5184,#5185,#5186));
#1292=EDGE_LOOP('',(#5187,#5188,#5189));
#1293=EDGE_LOOP('',(#5190,#5191,#5192,#5193));
#1294=EDGE_LOOP('',(#5194,#5195,#5196,#5197));
#1295=EDGE_LOOP('',(#5198,#5199,#5200));
#1296=EDGE_LOOP('',(#5201,#5202,#5203));
#1297=EDGE_LOOP('',(#5204,#5205,#5206,#5207));
#1298=EDGE_LOOP('',(#5208,#5209,#5210));
#1299=EDGE_LOOP('',(#5211,#5212,#5213));
#1300=EDGE_LOOP('',(#5214,#5215,#5216,#5217));
#1301=EDGE_LOOP('',(#5218,#5219,#5220,#5221));
#1302=EDGE_LOOP('',(#5222,#5223,#5224,#5225));
#1303=EDGE_LOOP('',(#5226,#5227,#5228,#5229));
#1304=EDGE_LOOP('',(#5230,#5231,#5232,#5233));
#1305=EDGE_LOOP('',(#5234,#5235,#5236,#5237));
#1306=EDGE_LOOP('',(#5238,#5239,#5240,#5241));
#1307=EDGE_LOOP('',(#5242,#5243,#5244,#5245));
#1308=EDGE_LOOP('',(#5246,#5247,#5248,#5249));
#1309=EDGE_LOOP('',(#5250,#5251,#5252,#5253));
#1310=EDGE_LOOP('',(#5254,#5255,#5256,#5257));
#1311=EDGE_LOOP('',(#5258,#5259,#5260,#5261));
#1312=EDGE_LOOP('',(#5262,#5263,#5264,#5265));
#1313=EDGE_LOOP('',(#5266,#5267,#5268,#5269));
#1314=EDGE_LOOP('',(#5270,#5271,#5272,#5273));
#1315=EDGE_LOOP('',(#5274,#5275,#5276,#5277));
#1316=EDGE_LOOP('',(#5278,#5279,#5280,#5281));
#1317=EDGE_LOOP('',(#5282,#5283,#5284,#5285));
#1318=EDGE_LOOP('',(#5286,#5287,#5288,#5289));
#1319=EDGE_LOOP('',(#5290,#5291,#5292,#5293));
#1320=EDGE_LOOP('',(#5294,#5295,#5296,#5297));
#1321=EDGE_LOOP('',(#5298,#5299,#5300,#5301));
#1322=EDGE_LOOP('',(#5302,#5303,#5304,#5305));
#1323=EDGE_LOOP('',(#5306,#5307,#5308,#5309));
#1324=EDGE_LOOP('',(#5310,#5311,#5312,#5313));
#1325=EDGE_LOOP('',(#5314,#5315,#5316,#5317));
#1326=EDGE_LOOP('',(#5318,#5319,#5320,#5321));
#1327=EDGE_LOOP('',(#5322,#5323,#5324,#5325));
#1328=EDGE_LOOP('',(#5326,#5327,#5328,#5329));
#1329=EDGE_LOOP('',(#5330,#5331,#5332,#5333));
#1330=EDGE_LOOP('',(#5334,#5335,#5336,#5337));
#1331=EDGE_LOOP('',(#5338,#5339,#5340,#5341));
#1332=EDGE_LOOP('',(#5342,#5343,#5344,#5345));
#1333=EDGE_LOOP('',(#5346,#5347,#5348,#5349));
#1334=EDGE_LOOP('',(#5350,#5351,#5352,#5353));
#1335=EDGE_LOOP('',(#5354,#5355,#5356,#5357,#5358,#5359,#5360,#5361,#5362,
#5363,#5364,#5365,#5366,#5367,#5368,#5369,#5370,#5371,#5372,#5373,#5374,
#5375,#5376,#5377));
#1336=EDGE_LOOP('',(#5378,#5379,#5380,#5381));
#1337=EDGE_LOOP('',(#5382,#5383,#5384,#5385));
#1338=EDGE_LOOP('',(#5386,#5387,#5388,#5389,#5390,#5391,#5392,#5393,#5394,
#5395,#5396,#5397,#5398,#5399,#5400,#5401,#5402,#5403,#5404,#5405,#5406,
#5407,#5408,#5409));
#1339=EDGE_LOOP('',(#5410,#5411,#5412,#5413));
#1340=EDGE_LOOP('',(#5414,#5415,#5416,#5417));
#1341=EDGE_LOOP('',(#5418,#5419,#5420,#5421));
#1342=EDGE_LOOP('',(#5422,#5423,#5424,#5425));
#1343=EDGE_LOOP('',(#5426,#5427,#5428,#5429));
#1344=EDGE_LOOP('',(#5430,#5431,#5432,#5433));
#1345=EDGE_LOOP('',(#5434,#5435,#5436,#5437));
#1346=EDGE_LOOP('',(#5438,#5439,#5440,#5441));
#1347=EDGE_LOOP('',(#5442,#5443,#5444,#5445));
#1348=EDGE_LOOP('',(#5446,#5447,#5448,#5449));
#1349=EDGE_LOOP('',(#5450,#5451,#5452,#5453));
#1350=EDGE_LOOP('',(#5454,#5455,#5456,#5457));
#1351=EDGE_LOOP('',(#5458,#5459,#5460,#5461));
#1352=EDGE_LOOP('',(#5462,#5463,#5464,#5465));
#1353=EDGE_LOOP('',(#5466,#5467,#5468,#5469));
#1354=EDGE_LOOP('',(#5470,#5471,#5472,#5473));
#1355=EDGE_LOOP('',(#5474,#5475,#5476,#5477));
#1356=EDGE_LOOP('',(#5478,#5479,#5480,#5481));
#1357=EDGE_LOOP('',(#5482,#5483,#5484,#5485));
#1358=EDGE_LOOP('',(#5486,#5487,#5488,#5489));
#1359=EDGE_LOOP('',(#5490,#5491,#5492,#5493));
#1360=EDGE_LOOP('',(#5494,#5495,#5496,#5497));
#1361=EDGE_LOOP('',(#5498,#5499,#5500,#5501));
#1362=EDGE_LOOP('',(#5502,#5503,#5504,#5505));
#1363=EDGE_LOOP('',(#5506,#5507,#5508,#5509));
#1364=EDGE_LOOP('',(#5510,#5511,#5512,#5513));
#1365=EDGE_LOOP('',(#5514,#5515,#5516,#5517));
#1366=EDGE_LOOP('',(#5518,#5519,#5520,#5521));
#1367=EDGE_LOOP('',(#5522,#5523,#5524,#5525));
#1368=EDGE_LOOP('',(#5526,#5527,#5528,#5529));
#1369=EDGE_LOOP('',(#5530,#5531,#5532,#5533));
#1370=EDGE_LOOP('',(#5534,#5535,#5536,#5537));
#1371=EDGE_LOOP('',(#5538,#5539,#5540,#5541));
#1372=EDGE_LOOP('',(#5542,#5543,#5544,#5545));
#1373=EDGE_LOOP('',(#5546,#5547,#5548,#5549));
#1374=EDGE_LOOP('',(#5550,#5551,#5552,#5553));
#1375=EDGE_LOOP('',(#5554,#5555,#5556,#5557));
#1376=EDGE_LOOP('',(#5558,#5559,#5560,#5561));
#1377=EDGE_LOOP('',(#5562,#5563,#5564,#5565));
#1378=EDGE_LOOP('',(#5566,#5567,#5568,#5569));
#1379=EDGE_LOOP('',(#5570,#5571,#5572,#5573));
#1380=EDGE_LOOP('',(#5574,#5575,#5576,#5577));
#1381=EDGE_LOOP('',(#5578,#5579,#5580,#5581));
#1382=EDGE_LOOP('',(#5582,#5583,#5584,#5585));
#1383=EDGE_LOOP('',(#5586,#5587,#5588,#5589));
#1384=EDGE_LOOP('',(#5590,#5591,#5592,#5593));
#1385=EDGE_LOOP('',(#5594,#5595,#5596,#5597));
#1386=EDGE_LOOP('',(#5598,#5599,#5600,#5601));
#1387=EDGE_LOOP('',(#5602,#5603,#5604,#5605));
#1388=EDGE_LOOP('',(#5606,#5607,#5608,#5609));
#1389=EDGE_LOOP('',(#5610,#5611,#5612,#5613));
#1390=EDGE_LOOP('',(#5614,#5615,#5616,#5617));
#1391=EDGE_LOOP('',(#5618,#5619,#5620,#5621));
#1392=EDGE_LOOP('',(#5622,#5623,#5624,#5625));
#1393=EDGE_LOOP('',(#5626,#5627,#5628,#5629));
#1394=EDGE_LOOP('',(#5630,#5631,#5632,#5633));
#1395=EDGE_LOOP('',(#5634,#5635,#5636,#5637));
#1396=EDGE_LOOP('',(#5638,#5639,#5640,#5641));
#1397=EDGE_LOOP('',(#5642,#5643,#5644,#5645));
#1398=EDGE_LOOP('',(#5646,#5647,#5648,#5649));
#1399=EDGE_LOOP('',(#5650,#5651,#5652,#5653));
#1400=EDGE_LOOP('',(#5654,#5655,#5656,#5657));
#1401=EDGE_LOOP('',(#5658,#5659,#5660,#5661));
#1402=EDGE_LOOP('',(#5662,#5663,#5664,#5665));
#1403=EDGE_LOOP('',(#5666,#5667,#5668,#5669));
#1404=EDGE_LOOP('',(#5670,#5671,#5672,#5673));
#1405=EDGE_LOOP('',(#5674,#5675,#5676,#5677));
#1406=EDGE_LOOP('',(#5678,#5679,#5680,#5681));
#1407=EDGE_LOOP('',(#5682,#5683,#5684,#5685));
#1408=EDGE_LOOP('',(#5686,#5687,#5688,#5689));
#1409=EDGE_LOOP('',(#5690,#5691,#5692,#5693));
#1410=EDGE_LOOP('',(#5694,#5695,#5696,#5697));
#1411=EDGE_LOOP('',(#5698,#5699,#5700,#5701));
#1412=EDGE_LOOP('',(#5702,#5703,#5704,#5705));
#1413=EDGE_LOOP('',(#5706,#5707,#5708,#5709));
#1414=EDGE_LOOP('',(#5710,#5711,#5712,#5713));
#1415=EDGE_LOOP('',(#5714,#5715,#5716,#5717));
#1416=EDGE_LOOP('',(#5718,#5719,#5720,#5721));
#1417=EDGE_LOOP('',(#5722,#5723,#5724,#5725));
#1418=EDGE_LOOP('',(#5726,#5727,#5728,#5729));
#1419=EDGE_LOOP('',(#5730,#5731,#5732,#5733));
#1420=EDGE_LOOP('',(#5734,#5735,#5736,#5737));
#1421=EDGE_LOOP('',(#5738,#5739,#5740,#5741));
#1422=EDGE_LOOP('',(#5742,#5743,#5744,#5745));
#1423=EDGE_LOOP('',(#5746,#5747,#5748,#5749));
#1424=EDGE_LOOP('',(#5750,#5751,#5752,#5753));
#1425=EDGE_LOOP('',(#5754,#5755,#5756,#5757));
#1426=EDGE_LOOP('',(#5758,#5759,#5760,#5761));
#1427=EDGE_LOOP('',(#5762,#5763,#5764,#5765));
#1428=EDGE_LOOP('',(#5766,#5767,#5768,#5769));
#1429=EDGE_LOOP('',(#5770,#5771,#5772,#5773,#5774,#5775,#5776,#5777));
#1430=EDGE_LOOP('',(#5778,#5779,#5780,#5781));
#1431=EDGE_LOOP('',(#5782,#5783,#5784,#5785,#5786,#5787));
#1432=EDGE_LOOP('',(#5788,#5789,#5790,#5791,#5792,#5793));
#1433=EDGE_LOOP('',(#5794,#5795,#5796,#5797,#5798,#5799,#5800,#5801));
#1434=EDGE_LOOP('',(#5802,#5803,#5804,#5805,#5806,#5807,#5808,#5809));
#1435=EDGE_LOOP('',(#5810,#5811,#5812,#5813,#5814,#5815));
#1436=EDGE_LOOP('',(#5816,#5817,#5818,#5819,#5820,#5821,#5822,#5823));
#1437=EDGE_LOOP('',(#5824,#5825,#5826,#5827,#5828,#5829));
#1438=EDGE_LOOP('',(#5830,#5831,#5832,#5833,#5834,#5835,#5836,#5837));
#1439=EDGE_LOOP('',(#5838,#5839,#5840,#5841,#5842,#5843,#5844,#5845));
#1440=EDGE_LOOP('',(#5846,#5847,#5848,#5849,#5850,#5851,#5852,#5853));
#1441=EDGE_LOOP('',(#5854,#5855,#5856,#5857,#5858,#5859));
#1442=EDGE_LOOP('',(#5860,#5861,#5862,#5863,#5864,#5865,#5866,#5867));
#1443=EDGE_LOOP('',(#5868,#5869,#5870,#5871,#5872,#5873));
#1444=EDGE_LOOP('',(#5874,#5875,#5876,#5877,#5878,#5879,#5880,#5881));
#1445=EDGE_LOOP('',(#5882,#5883,#5884,#5885,#5886,#5887,#5888,#5889));
#1446=EDGE_LOOP('',(#5890,#5891,#5892,#5893,#5894,#5895,#5896,#5897));
#1447=EDGE_LOOP('',(#5898,#5899,#5900,#5901,#5902,#5903));
#1448=EDGE_LOOP('',(#5904,#5905,#5906,#5907,#5908,#5909,#5910,#5911));
#1449=EDGE_LOOP('',(#5912,#5913,#5914,#5915,#5916,#5917));
#1450=EDGE_LOOP('',(#5918,#5919,#5920,#5921,#5922,#5923,#5924,#5925));
#1451=EDGE_LOOP('',(#5926,#5927,#5928,#5929,#5930,#5931,#5932,#5933));
#1452=EDGE_LOOP('',(#5934,#5935,#5936,#5937,#5938,#5939,#5940,#5941));
#1453=EDGE_LOOP('',(#5942,#5943,#5944,#5945,#5946,#5947));
#1454=EDGE_LOOP('',(#5948,#5949,#5950,#5951,#5952,#5953,#5954,#5955));
#1455=EDGE_LOOP('',(#5956,#5957,#5958,#5959,#5960,#5961));
#1456=EDGE_LOOP('',(#5962,#5963,#5964,#5965,#5966,#5967,#5968,#5969));
#1457=EDGE_LOOP('',(#5970,#5971,#5972,#5973,#5974,#5975,#5976,#5977));
#1458=EDGE_LOOP('',(#5978,#5979,#5980,#5981,#5982,#5983,#5984,#5985));
#1459=EDGE_LOOP('',(#5986,#5987,#5988,#5989,#5990,#5991,#5992,#5993));
#1460=EDGE_LOOP('',(#5994,#5995,#5996,#5997));
#1461=EDGE_LOOP('',(#5998,#5999,#6000,#6001));
#1462=EDGE_LOOP('',(#6002,#6003,#6004,#6005));
#1463=EDGE_LOOP('',(#6006,#6007,#6008,#6009));
#1464=EDGE_LOOP('',(#6010,#6011,#6012,#6013));
#1465=EDGE_LOOP('',(#6014,#6015,#6016,#6017,#6018,#6019));
#1466=EDGE_LOOP('',(#6020,#6021,#6022,#6023,#6024,#6025));
#1467=EDGE_LOOP('',(#6026,#6027,#6028,#6029,#6030,#6031));
#1468=EDGE_LOOP('',(#6032,#6033,#6034,#6035,#6036,#6037));
#1469=EDGE_LOOP('',(#6038,#6039,#6040,#6041));
#1470=EDGE_LOOP('',(#6042,#6043,#6044,#6045));
#1471=EDGE_LOOP('',(#6046,#6047,#6048,#6049));
#1472=EDGE_LOOP('',(#6050,#6051,#6052,#6053));
#1473=EDGE_LOOP('',(#6054,#6055,#6056,#6057));
#1474=EDGE_LOOP('',(#6058,#6059,#6060,#6061));
#1475=EDGE_LOOP('',(#6062,#6063,#6064,#6065));
#1476=EDGE_LOOP('',(#6066,#6067,#6068,#6069));
#1477=EDGE_LOOP('',(#6070,#6071,#6072,#6073));
#1478=EDGE_LOOP('',(#6074,#6075,#6076,#6077));
#1479=EDGE_LOOP('',(#6078,#6079,#6080,#6081));
#1480=EDGE_LOOP('',(#6082,#6083,#6084,#6085));
#1481=EDGE_LOOP('',(#6086,#6087,#6088,#6089));
#1482=EDGE_LOOP('',(#6090,#6091,#6092,#6093));
#1483=EDGE_LOOP('',(#6094,#6095,#6096,#6097));
#1484=EDGE_LOOP('',(#6098,#6099,#6100,#6101));
#1485=EDGE_LOOP('',(#6102,#6103,#6104,#6105));
#1486=EDGE_LOOP('',(#6106,#6107,#6108,#6109));
#1487=EDGE_LOOP('',(#6110,#6111,#6112,#6113,#6114,#6115));
#1488=EDGE_LOOP('',(#6116,#6117,#6118,#6119,#6120,#6121));
#1489=EDGE_LOOP('',(#6122,#6123,#6124,#6125,#6126,#6127));
#1490=EDGE_LOOP('',(#6128,#6129,#6130,#6131,#6132,#6133));
#1491=EDGE_LOOP('',(#6134,#6135,#6136,#6137));
#1492=EDGE_LOOP('',(#6138,#6139,#6140,#6141));
#1493=EDGE_LOOP('',(#6142,#6143,#6144,#6145));
#1494=EDGE_LOOP('',(#6146,#6147,#6148,#6149));
#1495=EDGE_LOOP('',(#6150,#6151,#6152,#6153));
#1496=EDGE_LOOP('',(#6154,#6155,#6156,#6157));
#1497=EDGE_LOOP('',(#6158,#6159,#6160,#6161));
#1498=EDGE_LOOP('',(#6162,#6163,#6164,#6165));
#1499=EDGE_LOOP('',(#6166,#6167,#6168,#6169));
#1500=EDGE_LOOP('',(#6170,#6171,#6172,#6173));
#1501=EDGE_LOOP('',(#6174,#6175,#6176,#6177));
#1502=EDGE_LOOP('',(#6178,#6179,#6180,#6181));
#1503=EDGE_LOOP('',(#6182,#6183,#6184,#6185));
#1504=EDGE_LOOP('',(#6186,#6187,#6188,#6189));
#1505=EDGE_LOOP('',(#6190,#6191,#6192,#6193));
#1506=EDGE_LOOP('',(#6194,#6195,#6196,#6197));
#1507=EDGE_LOOP('',(#6198,#6199,#6200,#6201));
#1508=EDGE_LOOP('',(#6202,#6203,#6204,#6205));
#1509=EDGE_LOOP('',(#6206,#6207,#6208,#6209));
#1510=EDGE_LOOP('',(#6210,#6211,#6212,#6213));
#1511=EDGE_LOOP('',(#6214,#6215,#6216,#6217));
#1512=EDGE_LOOP('',(#6218,#6219,#6220,#6221));
#1513=EDGE_LOOP('',(#6222,#6223,#6224,#6225));
#1514=EDGE_LOOP('',(#6226,#6227,#6228,#6229,#6230,#6231));
#1515=EDGE_LOOP('',(#6232,#6233,#6234,#6235));
#1516=EDGE_LOOP('',(#6236,#6237,#6238,#6239));
#1517=EDGE_LOOP('',(#6240,#6241,#6242,#6243));
#1518=EDGE_LOOP('',(#6244,#6245,#6246,#6247));
#1519=EDGE_LOOP('',(#6248,#6249,#6250,#6251));
#1520=EDGE_LOOP('',(#6252,#6253,#6254,#6255));
#1521=EDGE_LOOP('',(#6256,#6257,#6258,#6259));
#1522=EDGE_LOOP('',(#6260,#6261,#6262,#6263));
#1523=EDGE_LOOP('',(#6264,#6265,#6266,#6267));
#1524=EDGE_LOOP('',(#6268,#6269,#6270,#6271));
#1525=EDGE_LOOP('',(#6272,#6273,#6274,#6275));
#1526=EDGE_LOOP('',(#6276,#6277,#6278,#6279));
#1527=EDGE_LOOP('',(#6280,#6281,#6282,#6283));
#1528=EDGE_LOOP('',(#6284,#6285,#6286,#6287));
#1529=EDGE_LOOP('',(#6288,#6289,#6290,#6291));
#1530=EDGE_LOOP('',(#6292,#6293,#6294,#6295));
#1531=EDGE_LOOP('',(#6296,#6297,#6298,#6299,#6300,#6301));
#1532=EDGE_LOOP('',(#6302,#6303,#6304,#6305));
#1533=EDGE_LOOP('',(#6306,#6307,#6308,#6309));
#1534=EDGE_LOOP('',(#6310,#6311,#6312,#6313));
#1535=EDGE_LOOP('',(#6314,#6315,#6316,#6317));
#1536=EDGE_LOOP('',(#6318,#6319,#6320,#6321));
#1537=EDGE_LOOP('',(#6322,#6323,#6324,#6325));
#1538=EDGE_LOOP('',(#6326,#6327,#6328));
#1539=EDGE_LOOP('',(#6329,#6330,#6331));
#1540=EDGE_LOOP('',(#6332,#6333,#6334,#6335));
#1541=EDGE_LOOP('',(#6336,#6337,#6338,#6339));
#1542=EDGE_LOOP('',(#6340,#6341,#6342,#6343));
#1543=EDGE_LOOP('',(#6344,#6345,#6346,#6347));
#1544=EDGE_LOOP('',(#6348,#6349,#6350,#6351));
#1545=EDGE_LOOP('',(#6352,#6353,#6354,#6355,#6356));
#1546=EDGE_LOOP('',(#6357,#6358,#6359,#6360,#6361));
#1547=EDGE_LOOP('',(#6362,#6363,#6364,#6365));
#1548=EDGE_LOOP('',(#6366,#6367,#6368,#6369));
#1549=EDGE_LOOP('',(#6370,#6371,#6372,#6373));
#1550=EDGE_LOOP('',(#6374,#6375,#6376,#6377));
#1551=EDGE_LOOP('',(#6378,#6379,#6380,#6381));
#1552=EDGE_LOOP('',(#6382,#6383,#6384,#6385,#6386));
#1553=EDGE_LOOP('',(#6387,#6388,#6389,#6390,#6391));
#1554=EDGE_LOOP('',(#6392,#6393,#6394,#6395));
#1555=EDGE_LOOP('',(#6396,#6397,#6398,#6399));
#1556=EDGE_LOOP('',(#6400,#6401,#6402,#6403));
#1557=EDGE_LOOP('',(#6404,#6405,#6406,#6407));
#1558=EDGE_LOOP('',(#6408,#6409,#6410,#6411));
#1559=EDGE_LOOP('',(#6412,#6413,#6414,#6415));
#1560=EDGE_LOOP('',(#6416,#6417,#6418,#6419));
#1561=EDGE_LOOP('',(#6420,#6421,#6422,#6423));
#1562=EDGE_LOOP('',(#6424,#6425,#6426,#6427));
#1563=EDGE_LOOP('',(#6428,#6429,#6430,#6431));
#1564=EDGE_LOOP('',(#6432,#6433,#6434,#6435));
#1565=EDGE_LOOP('',(#6436,#6437,#6438,#6439));
#1566=EDGE_LOOP('',(#6440,#6441,#6442,#6443));
#1567=EDGE_LOOP('',(#6444,#6445,#6446,#6447));
#1568=EDGE_LOOP('',(#6448,#6449,#6450,#6451));
#1569=EDGE_LOOP('',(#6452,#6453,#6454,#6455));
#1570=EDGE_LOOP('',(#6456,#6457,#6458,#6459,#6460,#6461,#6462,#6463,#6464,
#6465,#6466,#6467,#6468,#6469,#6470,#6471));
#1571=EDGE_LOOP('',(#6472,#6473,#6474,#6475,#6476,#6477,#6478,#6479,#6480,
#6481,#6482,#6483,#6484,#6485,#6486,#6487));
#1572=EDGE_LOOP('',(#6488,#6489,#6490,#6491));
#1573=EDGE_LOOP('',(#6492,#6493,#6494,#6495));
#1574=EDGE_LOOP('',(#6496,#6497,#6498,#6499));
#1575=EDGE_LOOP('',(#6500,#6501,#6502,#6503));
#1576=EDGE_LOOP('',(#6504,#6505,#6506,#6507));
#1577=EDGE_LOOP('',(#6508,#6509,#6510,#6511,#6512));
#1578=EDGE_LOOP('',(#6513,#6514,#6515,#6516,#6517));
#1579=EDGE_LOOP('',(#6518,#6519,#6520,#6521));
#1580=EDGE_LOOP('',(#6522,#6523,#6524,#6525));
#1581=EDGE_LOOP('',(#6526,#6527,#6528,#6529));
#1582=EDGE_LOOP('',(#6530,#6531,#6532,#6533));
#1583=EDGE_LOOP('',(#6534,#6535,#6536,#6537));
#1584=EDGE_LOOP('',(#6538,#6539,#6540,#6541,#6542));
#1585=EDGE_LOOP('',(#6543,#6544,#6545,#6546,#6547));
#1586=EDGE_LOOP('',(#6548,#6549,#6550,#6551));
#1587=EDGE_LOOP('',(#6552,#6553,#6554,#6555));
#1588=EDGE_LOOP('',(#6556,#6557,#6558,#6559));
#1589=EDGE_LOOP('',(#6560,#6561,#6562,#6563));
#1590=EDGE_LOOP('',(#6564,#6565,#6566,#6567));
#1591=EDGE_LOOP('',(#6568,#6569,#6570,#6571));
#1592=EDGE_LOOP('',(#6572,#6573,#6574,#6575));
#1593=EDGE_LOOP('',(#6576,#6577,#6578,#6579));
#1594=EDGE_LOOP('',(#6580,#6581,#6582,#6583));
#1595=EDGE_LOOP('',(#6584,#6585,#6586,#6587));
#1596=EDGE_LOOP('',(#6588,#6589,#6590,#6591));
#1597=EDGE_LOOP('',(#6592,#6593,#6594,#6595));
#1598=EDGE_LOOP('',(#6596,#6597,#6598,#6599));
#1599=EDGE_LOOP('',(#6600,#6601,#6602,#6603));
#1600=EDGE_LOOP('',(#6604,#6605,#6606,#6607));
#1601=EDGE_LOOP('',(#6608,#6609,#6610,#6611));
#1602=EDGE_LOOP('',(#6612,#6613,#6614,#6615));
#1603=EDGE_LOOP('',(#6616,#6617,#6618,#6619));
#1604=EDGE_LOOP('',(#6620,#6621,#6622,#6623));
#1605=EDGE_LOOP('',(#6624,#6625,#6626,#6627));
#1606=EDGE_LOOP('',(#6628,#6629,#6630,#6631));
#1607=EDGE_LOOP('',(#6632,#6633,#6634,#6635));
#1608=EDGE_LOOP('',(#6636,#6637,#6638,#6639));
#1609=EDGE_LOOP('',(#6640,#6641,#6642,#6643));
#1610=EDGE_LOOP('',(#6644,#6645,#6646,#6647,#6648,#6649,#6650,#6651,#6652,
#6653,#6654,#6655,#6656,#6657,#6658,#6659,#6660,#6661,#6662,#6663,#6664,
#6665,#6666,#6667));
#1611=EDGE_LOOP('',(#6668,#6669,#6670,#6671,#6672,#6673,#6674,#6675,#6676,
#6677,#6678,#6679,#6680,#6681,#6682,#6683,#6684,#6685,#6686,#6687,#6688,
#6689,#6690,#6691));
#1612=EDGE_LOOP('',(#6692,#6693,#6694,#6695));
#1613=EDGE_LOOP('',(#6696,#6697,#6698,#6699));
#1614=EDGE_LOOP('',(#6700,#6701,#6702,#6703));
#1615=EDGE_LOOP('',(#6704,#6705,#6706,#6707));
#1616=EDGE_LOOP('',(#6708,#6709,#6710,#6711));
#1617=EDGE_LOOP('',(#6712,#6713,#6714,#6715));
#1618=EDGE_LOOP('',(#6716,#6717,#6718,#6719));
#1619=EDGE_LOOP('',(#6720,#6721,#6722,#6723));
#1620=EDGE_LOOP('',(#6724,#6725,#6726,#6727));
#1621=EDGE_LOOP('',(#6728,#6729,#6730,#6731));
#1622=EDGE_LOOP('',(#6732,#6733,#6734,#6735));
#1623=EDGE_LOOP('',(#6736,#6737,#6738,#6739));
#1624=EDGE_LOOP('',(#6740,#6741,#6742,#6743));
#1625=EDGE_LOOP('',(#6744,#6745,#6746,#6747));
#1626=EDGE_LOOP('',(#6748,#6749,#6750,#6751));
#1627=EDGE_LOOP('',(#6752,#6753,#6754,#6755));
#1628=EDGE_LOOP('',(#6756,#6757,#6758,#6759));
#1629=EDGE_LOOP('',(#6760,#6761,#6762,#6763));
#1630=EDGE_LOOP('',(#6764,#6765,#6766,#6767));
#1631=EDGE_LOOP('',(#6768,#6769,#6770,#6771));
#1632=EDGE_LOOP('',(#6772,#6773,#6774,#6775));
#1633=EDGE_LOOP('',(#6776,#6777,#6778,#6779));
#1634=EDGE_LOOP('',(#6780,#6781,#6782,#6783));
#1635=EDGE_LOOP('',(#6784,#6785,#6786,#6787));
#1636=EDGE_LOOP('',(#6788,#6789,#6790,#6791,#6792,#6793,#6794,#6795,#6796,
#6797,#6798,#6799,#6800,#6801,#6802,#6803,#6804,#6805,#6806,#6807,#6808,
#6809,#6810,#6811));
#1637=EDGE_LOOP('',(#6812,#6813,#6814,#6815,#6816,#6817,#6818,#6819,#6820,
#6821,#6822,#6823,#6824,#6825,#6826,#6827,#6828,#6829,#6830,#6831,#6832,
#6833,#6834,#6835));
#1638=EDGE_LOOP('',(#6836,#6837,#6838,#6839));
#1639=EDGE_LOOP('',(#6840,#6841,#6842,#6843));
#1640=EDGE_LOOP('',(#6844,#6845,#6846,#6847));
#1641=EDGE_LOOP('',(#6848,#6849,#6850,#6851));
#1642=EDGE_LOOP('',(#6852,#6853,#6854,#6855));
#1643=EDGE_LOOP('',(#6856,#6857,#6858,#6859));
#1644=EDGE_LOOP('',(#6860,#6861,#6862,#6863));
#1645=EDGE_LOOP('',(#6864,#6865,#6866,#6867));
#1646=EDGE_LOOP('',(#6868,#6869,#6870,#6871));
#1647=EDGE_LOOP('',(#6872,#6873,#6874,#6875));
#1648=EDGE_LOOP('',(#6876,#6877,#6878,#6879));
#1649=EDGE_LOOP('',(#6880,#6881,#6882,#6883));
#1650=EDGE_LOOP('',(#6884,#6885,#6886,#6887));
#1651=EDGE_LOOP('',(#6888,#6889,#6890,#6891));
#1652=EDGE_LOOP('',(#6892,#6893,#6894,#6895));
#1653=EDGE_LOOP('',(#6896,#6897,#6898,#6899));
#1654=EDGE_LOOP('',(#6900,#6901,#6902,#6903));
#1655=EDGE_LOOP('',(#6904,#6905,#6906,#6907));
#1656=EDGE_LOOP('',(#6908,#6909,#6910,#6911));
#1657=EDGE_LOOP('',(#6912,#6913,#6914,#6915));
#1658=EDGE_LOOP('',(#6916,#6917,#6918,#6919,#6920,#6921,#6922,#6923,#6924,
#6925,#6926,#6927,#6928,#6929,#6930,#6931,#6932,#6933,#6934,#6935));
#1659=EDGE_LOOP('',(#6936,#6937,#6938,#6939,#6940,#6941,#6942,#6943,#6944,
#6945,#6946,#6947,#6948,#6949,#6950,#6951,#6952,#6953,#6954,#6955));
#1660=EDGE_LOOP('',(#6956,#6957,#6958,#6959));
#1661=EDGE_LOOP('',(#6960,#6961,#6962,#6963));
#1662=EDGE_LOOP('',(#6964,#6965,#6966,#6967));
#1663=EDGE_LOOP('',(#6968,#6969,#6970,#6971));
#1664=EDGE_LOOP('',(#6972,#6973,#6974,#6975));
#1665=EDGE_LOOP('',(#6976,#6977,#6978,#6979));
#1666=EDGE_LOOP('',(#6980,#6981,#6982,#6983));
#1667=EDGE_LOOP('',(#6984,#6985,#6986,#6987));
#1668=EDGE_LOOP('',(#6988,#6989,#6990,#6991));
#1669=EDGE_LOOP('',(#6992,#6993,#6994,#6995));
#1670=EDGE_LOOP('',(#6996,#6997,#6998,#6999));
#1671=EDGE_LOOP('',(#7000,#7001,#7002,#7003));
#1672=EDGE_LOOP('',(#7004,#7005,#7006,#7007));
#1673=EDGE_LOOP('',(#7008,#7009,#7010,#7011));
#1674=EDGE_LOOP('',(#7012,#7013,#7014,#7015));
#1675=EDGE_LOOP('',(#7016,#7017,#7018,#7019));
#1676=EDGE_LOOP('',(#7020,#7021,#7022,#7023));
#1677=EDGE_LOOP('',(#7024,#7025,#7026,#7027));
#1678=EDGE_LOOP('',(#7028,#7029,#7030,#7031));
#1679=EDGE_LOOP('',(#7032,#7033,#7034,#7035));
#1680=EDGE_LOOP('',(#7036,#7037,#7038,#7039));
#1681=EDGE_LOOP('',(#7040,#7041,#7042,#7043));
#1682=EDGE_LOOP('',(#7044,#7045,#7046,#7047,#7048,#7049,#7050,#7051,#7052,
#7053,#7054,#7055,#7056,#7057,#7058,#7059,#7060));
#1683=EDGE_LOOP('',(#7061,#7062,#7063,#7064,#7065));
#1684=EDGE_LOOP('',(#7066,#7067,#7068,#7069,#7070,#7071,#7072,#7073,#7074,
#7075,#7076,#7077,#7078,#7079,#7080,#7081,#7082));
#1685=EDGE_LOOP('',(#7083,#7084,#7085,#7086,#7087));
#1686=EDGE_LOOP('',(#7088,#7089,#7090,#7091));
#1687=EDGE_LOOP('',(#7092,#7093,#7094,#7095));
#1688=EDGE_LOOP('',(#7096,#7097,#7098,#7099));
#1689=EDGE_LOOP('',(#7100,#7101,#7102,#7103));
#1690=EDGE_LOOP('',(#7104,#7105,#7106,#7107));
#1691=EDGE_LOOP('',(#7108,#7109,#7110,#7111));
#1692=EDGE_LOOP('',(#7112,#7113,#7114,#7115));
#1693=EDGE_LOOP('',(#7116,#7117,#7118,#7119));
#1694=EDGE_LOOP('',(#7120,#7121,#7122,#7123));
#1695=EDGE_LOOP('',(#7124,#7125,#7126,#7127));
#1696=EDGE_LOOP('',(#7128,#7129,#7130,#7131));
#1697=EDGE_LOOP('',(#7132,#7133,#7134,#7135));
#1698=EDGE_LOOP('',(#7136,#7137,#7138,#7139));
#1699=EDGE_LOOP('',(#7140,#7141,#7142,#7143));
#1700=EDGE_LOOP('',(#7144,#7145,#7146,#7147));
#1701=EDGE_LOOP('',(#7148,#7149,#7150,#7151));
#1702=EDGE_LOOP('',(#7152,#7153,#7154,#7155));
#1703=EDGE_LOOP('',(#7156,#7157,#7158,#7159));
#1704=EDGE_LOOP('',(#7160,#7161,#7162,#7163));
#1705=EDGE_LOOP('',(#7164,#7165,#7166,#7167));
#1706=EDGE_LOOP('',(#7168,#7169,#7170,#7171));
#1707=EDGE_LOOP('',(#7172,#7173,#7174,#7175,#7176,#7177,#7178,#7179,#7180,
#7181,#7182,#7183,#7184,#7185,#7186,#7187));
#1708=EDGE_LOOP('',(#7188,#7189,#7190,#7191,#7192));
#1709=EDGE_LOOP('',(#7193,#7194,#7195,#7196,#7197,#7198,#7199,#7200,#7201,
#7202,#7203,#7204,#7205,#7206,#7207,#7208));
#1710=EDGE_LOOP('',(#7209,#7210,#7211,#7212,#7213));
#1711=ELLIPSE('',#7810,0.00278388496530137,0.00196850393700787);
#1712=ELLIPSE('',#7811,0.00278388496530137,0.00196850393700787);
#1713=ELLIPSE('',#7813,0.00278388496530137,0.00196850393700787);
#1714=ELLIPSE('',#7815,0.00278388496530137,0.00196850393700787);
#1715=ELLIPSE('',#7817,0.00278388496530137,0.00196850393700787);
#1716=ELLIPSE('',#7819,0.00278388496530137,0.00196850393700787);
#1717=ELLIPSE('',#7829,0.00278388496530137,0.00196850393700787);
#1718=ELLIPSE('',#7849,0.00278388496530138,0.00196850393700787);
#1719=ELLIPSE('',#7852,0.00278388496530137,0.00196850393700787);
#1720=ELLIPSE('',#7854,0.00278388496530137,0.00196850393700787);
#1721=ELLIPSE('',#7856,0.00278388496530136,0.00196850393700787);
#1722=ELLIPSE('',#7858,0.00278388496530138,0.00196850393700787);
#1723=ELLIPSE('',#7860,0.00278388496530135,0.00196850393700787);
#1724=ELLIPSE('',#7862,0.00278388496530138,0.00196850393700787);
#1725=ELLIPSE('',#7864,0.00278388496530136,0.00196850393700787);
#1726=ELLIPSE('',#7866,0.00278388496530138,0.00196850393700787);
#1727=ELLIPSE('',#7868,0.00278388496530137,0.00196850393700787);
#1728=ELLIPSE('',#7873,0.00278388496530136,0.00196850393700787);
#1729=ELLIPSE('',#7877,0.00278388496530137,0.00196850393700787);
#1730=ELLIPSE('',#7880,0.00278388496530136,0.00196850393700787);
#1731=ELLIPSE('',#7882,0.00278388496530136,0.00196850393700787);
#1732=ELLIPSE('',#7884,0.00278388496530137,0.00196850393700787);
#1733=ELLIPSE('',#8163,1.20233370319206,0.0127558304089407);
#1734=ELLIPSE('',#8164,1.20233370319206,0.0127558304089407);
#1735=ELLIPSE('',#8165,0.0539525782045051,0.043569671748213);
#1736=ELLIPSE('',#8166,0.0539525782045051,0.043569671748213);
#1737=ELLIPSE('',#8173,0.0533133766007101,0.038863941960371);
#1738=ELLIPSE('',#8174,0.0533133766007101,0.038863941960371);
#1739=ELLIPSE('',#8175,0.876375791391237,0.0106884571871901);
#1740=ELLIPSE('',#8176,0.876375791391237,0.0106884571871901);
#1741=ELLIPSE('',#8200,0.0414126259142837,0.020655960064362);
#1742=ELLIPSE('',#8201,0.0414126259142837,0.020655960064362);
#1743=ELLIPSE('',#8204,0.0557808914679983,0.0430985666679095);
#1744=ELLIPSE('',#8205,0.0557808914679983,0.0430985666679095);
#1745=ELLIPSE('',#8210,0.110375220281755,0.0807842869144368);
#1746=ELLIPSE('',#8211,0.110375220281755,0.0807842869144368);
#1747=ELLIPSE('',#8212,0.0529316949884533,0.0427968658702947);
#1748=ELLIPSE('',#8213,0.0529316949884533,0.0427968658702947);
#1749=ELLIPSE('',#8223,0.0414303420428479,0.0243432930511413);
#1750=ELLIPSE('',#8224,0.0414303420428479,0.0243432930511413);
#1751=ELLIPSE('',#8227,0.0444352083937491,0.0255724553363311);
#1752=ELLIPSE('',#8228,0.0444352083937491,0.0255724553363311);
#1753=ELLIPSE('',#8246,0.0375003967753785,0.0161637532670185);
#1754=ELLIPSE('',#8247,0.0375003967753785,0.0161637532670185);
#1755=LINE('',#10269,#2612);
#1756=LINE('',#10273,#2613);
#1757=LINE('',#10277,#2614);
#1758=LINE('',#10280,#2615);
#1759=LINE('',#10283,#2616);
#1760=LINE('',#10286,#2617);
#1761=LINE('',#10289,#2618);
#1762=LINE('',#10292,#2619);
#1763=LINE('',#10295,#2620);
#1764=LINE('',#10298,#2621);
#1765=LINE('',#10315,#2622);
#1766=LINE('',#10317,#2623);
#1767=LINE('',#10320,#2624);
#1768=LINE('',#10321,#2625);
#1769=LINE('',#10337,#2626);
#1770=LINE('',#10338,#2627);
#1771=LINE('',#10355,#2628);
#1772=LINE('',#10357,#2629);
#1773=LINE('',#10360,#2630);
#1774=LINE('',#10361,#2631);
#1775=LINE('',#10364,#2632);
#1776=LINE('',#10366,#2633);
#1777=LINE('',#10370,#2634);
#1778=LINE('',#10373,#2635);
#1779=LINE('',#10376,#2636);
#1780=LINE('',#10379,#2637);
#1781=LINE('',#10382,#2638);
#1782=LINE('',#10385,#2639);
#1783=LINE('',#10388,#2640);
#1784=LINE('',#10390,#2641);
#1785=LINE('',#10394,#2642);
#1786=LINE('',#10396,#2643);
#1787=LINE('',#10400,#2644);
#1788=LINE('',#10402,#2645);
#1789=LINE('',#10406,#2646);
#1790=LINE('',#10408,#2647);
#1791=LINE('',#10412,#2648);
#1792=LINE('',#10414,#2649);
#1793=LINE('',#10417,#2650);
#1794=LINE('',#10418,#2651);
#1795=LINE('',#10420,#2652);
#1796=LINE('',#10421,#2653);
#1797=LINE('',#10423,#2654);
#1798=LINE('',#10424,#2655);
#1799=LINE('',#10427,#2656);
#1800=LINE('',#10429,#2657);
#1801=LINE('',#10432,#2658);
#1802=LINE('',#10433,#2659);
#1803=LINE('',#10435,#2660);
#1804=LINE('',#10436,#2661);
#1805=LINE('',#10439,#2662);
#1806=LINE('',#10441,#2663);
#1807=LINE('',#10444,#2664);
#1808=LINE('',#10445,#2665);
#1809=LINE('',#10448,#2666);
#1810=LINE('',#10450,#2667);
#1811=LINE('',#10454,#2668);
#1812=LINE('',#10456,#2669);
#1813=LINE('',#10460,#2670);
#1814=LINE('',#10462,#2671);
#1815=LINE('',#10465,#2672);
#1816=LINE('',#10466,#2673);
#1817=LINE('',#10469,#2674);
#1818=LINE('',#10471,#2675);
#1819=LINE('',#10472,#2676);
#1820=LINE('',#10475,#2677);
#1821=LINE('',#10476,#2678);
#1822=LINE('',#10479,#2679);
#1823=LINE('',#10481,#2680);
#1824=LINE('',#10483,#2681);
#1825=LINE('',#10484,#2682);
#1826=LINE('',#10487,#2683);
#1827=LINE('',#10489,#2684);
#1828=LINE('',#10491,#2685);
#1829=LINE('',#10492,#2686);
#1830=LINE('',#10495,#2687);
#1831=LINE('',#10496,#2688);
#1832=LINE('',#10499,#2689);
#1833=LINE('',#10500,#2690);
#1834=LINE('',#10503,#2691);
#1835=LINE('',#10504,#2692);
#1836=LINE('',#10507,#2693);
#1837=LINE('',#10508,#2694);
#1838=LINE('',#10511,#2695);
#1839=LINE('',#10513,#2696);
#1840=LINE('',#10515,#2697);
#1841=LINE('',#10516,#2698);
#1842=LINE('',#10519,#2699);
#1843=LINE('',#10521,#2700);
#1844=LINE('',#10523,#2701);
#1845=LINE('',#10524,#2702);
#1846=LINE('',#10527,#2703);
#1847=LINE('',#10528,#2704);
#1848=LINE('',#10530,#2705);
#1849=LINE('',#10533,#2706);
#1850=LINE('',#10535,#2707);
#1851=LINE('',#10537,#2708);
#1852=LINE('',#10539,#2709);
#1853=LINE('',#10541,#2710);
#1854=LINE('',#10543,#2711);
#1855=LINE('',#10545,#2712);
#1856=LINE('',#10547,#2713);
#1857=LINE('',#10549,#2714);
#1858=LINE('',#10551,#2715);
#1859=LINE('',#10553,#2716);
#1860=LINE('',#10555,#2717);
#1861=LINE('',#10556,#2718);
#1862=LINE('',#10563,#2719);
#1863=LINE('',#10565,#2720);
#1864=LINE('',#10567,#2721);
#1865=LINE('',#10568,#2722);
#1866=LINE('',#10571,#2723);
#1867=LINE('',#10573,#2724);
#1868=LINE('',#10575,#2725);
#1869=LINE('',#10576,#2726);
#1870=LINE('',#10579,#2727);
#1871=LINE('',#10581,#2728);
#1872=LINE('',#10583,#2729);
#1873=LINE('',#10584,#2730);
#1874=LINE('',#10587,#2731);
#1875=LINE('',#10589,#2732);
#1876=LINE('',#10591,#2733);
#1877=LINE('',#10592,#2734);
#1878=LINE('',#10595,#2735);
#1879=LINE('',#10597,#2736);
#1880=LINE('',#10599,#2737);
#1881=LINE('',#10600,#2738);
#1882=LINE('',#10603,#2739);
#1883=LINE('',#10605,#2740);
#1884=LINE('',#10607,#2741);
#1885=LINE('',#10608,#2742);
#1886=LINE('',#10611,#2743);
#1887=LINE('',#10613,#2744);
#1888=LINE('',#10615,#2745);
#1889=LINE('',#10616,#2746);
#1890=LINE('',#10619,#2747);
#1891=LINE('',#10621,#2748);
#1892=LINE('',#10623,#2749);
#1893=LINE('',#10624,#2750);
#1894=LINE('',#10627,#2751);
#1895=LINE('',#10629,#2752);
#1896=LINE('',#10631,#2753);
#1897=LINE('',#10632,#2754);
#1898=LINE('',#10635,#2755);
#1899=LINE('',#10637,#2756);
#1900=LINE('',#10639,#2757);
#1901=LINE('',#10640,#2758);
#1902=LINE('',#10642,#2759);
#1903=LINE('',#10643,#2760);
#1904=LINE('',#10645,#2761);
#1905=LINE('',#10646,#2762);
#1906=LINE('',#10648,#2763);
#1907=LINE('',#10649,#2764);
#1908=LINE('',#10651,#2765);
#1909=LINE('',#10654,#2766);
#1910=LINE('',#10656,#2767);
#1911=LINE('',#10658,#2768);
#1912=LINE('',#10659,#2769);
#1913=LINE('',#10662,#2770);
#1914=LINE('',#10664,#2771);
#1915=LINE('',#10666,#2772);
#1916=LINE('',#10667,#2773);
#1917=LINE('',#10669,#2774);
#1918=LINE('',#10672,#2775);
#1919=LINE('',#10674,#2776);
#1920=LINE('',#10676,#2777);
#1921=LINE('',#10677,#2778);
#1922=LINE('',#10680,#2779);
#1923=LINE('',#10682,#2780);
#1924=LINE('',#10684,#2781);
#1925=LINE('',#10685,#2782);
#1926=LINE('',#10687,#2783);
#1927=LINE('',#10690,#2784);
#1928=LINE('',#10692,#2785);
#1929=LINE('',#10694,#2786);
#1930=LINE('',#10695,#2787);
#1931=LINE('',#10698,#2788);
#1932=LINE('',#10700,#2789);
#1933=LINE('',#10702,#2790);
#1934=LINE('',#10703,#2791);
#1935=LINE('',#10705,#2792);
#1936=LINE('',#10707,#2793);
#1937=LINE('',#10709,#2794);
#1938=LINE('',#10711,#2795);
#1939=LINE('',#10712,#2796);
#1940=LINE('',#10714,#2797);
#1941=LINE('',#10716,#2798);
#1942=LINE('',#10717,#2799);
#1943=LINE('',#10719,#2800);
#1944=LINE('',#10721,#2801);
#1945=LINE('',#10722,#2802);
#1946=LINE('',#10724,#2803);
#1947=LINE('',#10726,#2804);
#1948=LINE('',#10727,#2805);
#1949=LINE('',#10729,#2806);
#1950=LINE('',#10731,#2807);
#1951=LINE('',#10732,#2808);
#1952=LINE('',#10734,#2809);
#1953=LINE('',#10736,#2810);
#1954=LINE('',#10737,#2811);
#1955=LINE('',#10739,#2812);
#1956=LINE('',#10741,#2813);
#1957=LINE('',#10742,#2814);
#1958=LINE('',#10744,#2815);
#1959=LINE('',#10746,#2816);
#1960=LINE('',#10747,#2817);
#1961=LINE('',#10749,#2818);
#1962=LINE('',#10754,#2819);
#1963=LINE('',#10755,#2820);
#1964=LINE('',#10757,#2821);
#1965=LINE('',#10759,#2822);
#1966=LINE('',#10760,#2823);
#1967=LINE('',#10762,#2824);
#1968=LINE('',#10764,#2825);
#1969=LINE('',#10767,#2826);
#1970=LINE('',#10770,#2827);
#1971=LINE('',#10773,#2828);
#1972=LINE('',#10776,#2829);
#1973=LINE('',#10779,#2830);
#1974=LINE('',#10782,#2831);
#1975=LINE('',#10785,#2832);
#1976=LINE('',#10788,#2833);
#1977=LINE('',#10791,#2834);
#1978=LINE('',#10798,#2835);
#1979=LINE('',#10800,#2836);
#1980=LINE('',#10802,#2837);
#1981=LINE('',#10803,#2838);
#1982=LINE('',#10807,#2839);
#1983=LINE('',#10809,#2840);
#1984=LINE('',#10811,#2841);
#1985=LINE('',#10812,#2842);
#1986=LINE('',#10816,#2843);
#1987=LINE('',#10818,#2844);
#1988=LINE('',#10820,#2845);
#1989=LINE('',#10821,#2846);
#1990=LINE('',#10825,#2847);
#1991=LINE('',#10827,#2848);
#1992=LINE('',#10829,#2849);
#1993=LINE('',#10830,#2850);
#1994=LINE('',#10834,#2851);
#1995=LINE('',#10836,#2852);
#1996=LINE('',#10838,#2853);
#1997=LINE('',#10839,#2854);
#1998=LINE('',#10843,#2855);
#1999=LINE('',#10845,#2856);
#2000=LINE('',#10847,#2857);
#2001=LINE('',#10848,#2858);
#2002=LINE('',#10852,#2859);
#2003=LINE('',#10854,#2860);
#2004=LINE('',#10856,#2861);
#2005=LINE('',#10857,#2862);
#2006=LINE('',#10861,#2863);
#2007=LINE('',#10863,#2864);
#2008=LINE('',#10865,#2865);
#2009=LINE('',#10866,#2866);
#2010=LINE('',#10870,#2867);
#2011=LINE('',#10872,#2868);
#2012=LINE('',#10874,#2869);
#2013=LINE('',#10875,#2870);
#2014=LINE('',#10879,#2871);
#2015=LINE('',#10881,#2872);
#2016=LINE('',#10883,#2873);
#2017=LINE('',#10884,#2874);
#2018=LINE('',#10888,#2875);
#2019=LINE('',#10890,#2876);
#2020=LINE('',#10892,#2877);
#2021=LINE('',#10893,#2878);
#2022=LINE('',#10897,#2879);
#2023=LINE('',#10899,#2880);
#2024=LINE('',#10901,#2881);
#2025=LINE('',#10902,#2882);
#2026=LINE('',#10906,#2883);
#2027=LINE('',#10908,#2884);
#2028=LINE('',#10910,#2885);
#2029=LINE('',#10911,#2886);
#2030=LINE('',#10915,#2887);
#2031=LINE('',#10917,#2888);
#2032=LINE('',#10919,#2889);
#2033=LINE('',#10920,#2890);
#2034=LINE('',#10924,#2891);
#2035=LINE('',#10926,#2892);
#2036=LINE('',#10928,#2893);
#2037=LINE('',#10929,#2894);
#2038=LINE('',#10933,#2895);
#2039=LINE('',#10935,#2896);
#2040=LINE('',#10937,#2897);
#2041=LINE('',#10938,#2898);
#2042=LINE('',#10942,#2899);
#2043=LINE('',#10944,#2900);
#2044=LINE('',#10946,#2901);
#2045=LINE('',#10947,#2902);
#2046=LINE('',#10951,#2903);
#2047=LINE('',#10953,#2904);
#2048=LINE('',#10955,#2905);
#2049=LINE('',#10956,#2906);
#2050=LINE('',#10960,#2907);
#2051=LINE('',#10962,#2908);
#2052=LINE('',#10964,#2909);
#2053=LINE('',#10965,#2910);
#2054=LINE('',#10969,#2911);
#2055=LINE('',#10971,#2912);
#2056=LINE('',#10973,#2913);
#2057=LINE('',#10974,#2914);
#2058=LINE('',#10977,#2915);
#2059=LINE('',#10981,#2916);
#2060=LINE('',#10983,#2917);
#2061=LINE('',#10985,#2918);
#2062=LINE('',#10988,#2919);
#2063=LINE('',#10990,#2920);
#2064=LINE('',#10991,#2921);
#2065=LINE('',#10994,#2922);
#2066=LINE('',#10996,#2923);
#2067=LINE('',#10997,#2924);
#2068=LINE('',#11000,#2925);
#2069=LINE('',#11001,#2926);
#2070=LINE('',#11002,#2927);
#2071=LINE('',#11005,#2928);
#2072=LINE('',#11009,#2929);
#2073=LINE('',#11011,#2930);
#2074=LINE('',#11013,#2931);
#2075=LINE('',#11016,#2932);
#2076=LINE('',#11019,#2933);
#2077=LINE('',#11023,#2934);
#2078=LINE('',#11025,#2935);
#2079=LINE('',#11027,#2936);
#2080=LINE('',#11030,#2937);
#2081=LINE('',#11032,#2938);
#2082=LINE('',#11034,#2939);
#2083=LINE('',#11035,#2940);
#2084=LINE('',#11038,#2941);
#2085=LINE('',#11042,#2942);
#2086=LINE('',#11044,#2943);
#2087=LINE('',#11046,#2944);
#2088=LINE('',#11049,#2945);
#2089=LINE('',#11051,#2946);
#2090=LINE('',#11052,#2947);
#2091=LINE('',#11055,#2948);
#2092=LINE('',#11059,#2949);
#2093=LINE('',#11061,#2950);
#2094=LINE('',#11063,#2951);
#2095=LINE('',#11067,#2952);
#2096=LINE('',#11071,#2953);
#2097=LINE('',#11073,#2954);
#2098=LINE('',#11075,#2955);
#2099=LINE('',#11078,#2956);
#2100=LINE('',#11081,#2957);
#2101=LINE('',#11085,#2958);
#2102=LINE('',#11087,#2959);
#2103=LINE('',#11089,#2960);
#2104=LINE('',#11092,#2961);
#2105=LINE('',#11094,#2962);
#2106=LINE('',#11096,#2963);
#2107=LINE('',#11097,#2964);
#2108=LINE('',#11100,#2965);
#2109=LINE('',#11104,#2966);
#2110=LINE('',#11106,#2967);
#2111=LINE('',#11108,#2968);
#2112=LINE('',#11111,#2969);
#2113=LINE('',#11113,#2970);
#2114=LINE('',#11114,#2971);
#2115=LINE('',#11117,#2972);
#2116=LINE('',#11121,#2973);
#2117=LINE('',#11123,#2974);
#2118=LINE('',#11125,#2975);
#2119=LINE('',#11129,#2976);
#2120=LINE('',#11133,#2977);
#2121=LINE('',#11135,#2978);
#2122=LINE('',#11137,#2979);
#2123=LINE('',#11140,#2980);
#2124=LINE('',#11143,#2981);
#2125=LINE('',#11147,#2982);
#2126=LINE('',#11149,#2983);
#2127=LINE('',#11151,#2984);
#2128=LINE('',#11154,#2985);
#2129=LINE('',#11156,#2986);
#2130=LINE('',#11158,#2987);
#2131=LINE('',#11159,#2988);
#2132=LINE('',#11162,#2989);
#2133=LINE('',#11166,#2990);
#2134=LINE('',#11168,#2991);
#2135=LINE('',#11170,#2992);
#2136=LINE('',#11173,#2993);
#2137=LINE('',#11175,#2994);
#2138=LINE('',#11176,#2995);
#2139=LINE('',#11179,#2996);
#2140=LINE('',#11183,#2997);
#2141=LINE('',#11185,#2998);
#2142=LINE('',#11187,#2999);
#2143=LINE('',#11191,#3000);
#2144=LINE('',#11195,#3001);
#2145=LINE('',#11197,#3002);
#2146=LINE('',#11199,#3003);
#2147=LINE('',#11202,#3004);
#2148=LINE('',#11205,#3005);
#2149=LINE('',#11209,#3006);
#2150=LINE('',#11211,#3007);
#2151=LINE('',#11213,#3008);
#2152=LINE('',#11216,#3009);
#2153=LINE('',#11218,#3010);
#2154=LINE('',#11220,#3011);
#2155=LINE('',#11221,#3012);
#2156=LINE('',#11224,#3013);
#2157=LINE('',#11228,#3014);
#2158=LINE('',#11230,#3015);
#2159=LINE('',#11232,#3016);
#2160=LINE('',#11235,#3017);
#2161=LINE('',#11237,#3018);
#2162=LINE('',#11238,#3019);
#2163=LINE('',#11241,#3020);
#2164=LINE('',#11245,#3021);
#2165=LINE('',#11247,#3022);
#2166=LINE('',#11249,#3023);
#2167=LINE('',#11253,#3024);
#2168=LINE('',#11257,#3025);
#2169=LINE('',#11259,#3026);
#2170=LINE('',#11261,#3027);
#2171=LINE('',#11267,#3028);
#2172=LINE('',#11269,#3029);
#2173=LINE('',#11271,#3030);
#2174=LINE('',#11274,#3031);
#2175=LINE('',#11279,#3032);
#2176=LINE('',#11281,#3033);
#2177=LINE('',#11283,#3034);
#2178=LINE('',#11286,#3035);
#2179=LINE('',#11290,#3036);
#2180=LINE('',#11292,#3037);
#2181=LINE('',#11294,#3038);
#2182=LINE('',#11295,#3039);
#2183=LINE('',#11297,#3040);
#2184=LINE('',#11299,#3041);
#2185=LINE('',#11301,#3042);
#2186=LINE('',#11303,#3043);
#2187=LINE('',#11305,#3044);
#2188=LINE('',#11307,#3045);
#2189=LINE('',#11309,#3046);
#2190=LINE('',#11311,#3047);
#2191=LINE('',#11313,#3048);
#2192=LINE('',#11315,#3049);
#2193=LINE('',#11317,#3050);
#2194=LINE('',#11319,#3051);
#2195=LINE('',#11321,#3052);
#2196=LINE('',#11323,#3053);
#2197=LINE('',#11325,#3054);
#2198=LINE('',#11327,#3055);
#2199=LINE('',#11329,#3056);
#2200=LINE('',#11331,#3057);
#2201=LINE('',#11333,#3058);
#2202=LINE('',#11335,#3059);
#2203=LINE('',#11337,#3060);
#2204=LINE('',#11339,#3061);
#2205=LINE('',#11341,#3062);
#2206=LINE('',#11343,#3063);
#2207=LINE('',#11345,#3064);
#2208=LINE('',#11347,#3065);
#2209=LINE('',#11349,#3066);
#2210=LINE('',#11351,#3067);
#2211=LINE('',#11353,#3068);
#2212=LINE('',#11355,#3069);
#2213=LINE('',#11357,#3070);
#2214=LINE('',#11359,#3071);
#2215=LINE('',#11361,#3072);
#2216=LINE('',#11363,#3073);
#2217=LINE('',#11365,#3074);
#2218=LINE('',#11367,#3075);
#2219=LINE('',#11369,#3076);
#2220=LINE('',#11371,#3077);
#2221=LINE('',#11373,#3078);
#2222=LINE('',#11375,#3079);
#2223=LINE('',#11377,#3080);
#2224=LINE('',#11379,#3081);
#2225=LINE('',#11381,#3082);
#2226=LINE('',#11383,#3083);
#2227=LINE('',#11385,#3084);
#2228=LINE('',#11387,#3085);
#2229=LINE('',#11389,#3086);
#2230=LINE('',#11390,#3087);
#2231=LINE('',#11392,#3088);
#2232=LINE('',#11394,#3089);
#2233=LINE('',#11396,#3090);
#2234=LINE('',#11398,#3091);
#2235=LINE('',#11400,#3092);
#2236=LINE('',#11402,#3093);
#2237=LINE('',#11403,#3094);
#2238=LINE('',#11405,#3095);
#2239=LINE('',#11406,#3096);
#2240=LINE('',#11411,#3097);
#2241=LINE('',#11413,#3098);
#2242=LINE('',#11414,#3099);
#2243=LINE('',#11418,#3100);
#2244=LINE('',#11419,#3101);
#2245=LINE('',#11420,#3102);
#2246=LINE('',#11422,#3103);
#2247=LINE('',#11423,#3104);
#2248=LINE('',#11424,#3105);
#2249=LINE('',#11426,#3106);
#2250=LINE('',#11437,#3107);
#2251=LINE('',#11439,#3108);
#2252=LINE('',#11441,#3109);
#2253=LINE('',#11442,#3110);
#2254=LINE('',#11445,#3111);
#2255=LINE('',#11447,#3112);
#2256=LINE('',#11448,#3113);
#2257=LINE('',#11450,#3114);
#2258=LINE('',#11451,#3115);
#2259=LINE('',#11458,#3116);
#2260=LINE('',#11460,#3117);
#2261=LINE('',#11462,#3118);
#2262=LINE('',#11463,#3119);
#2263=LINE('',#11466,#3120);
#2264=LINE('',#11468,#3121);
#2265=LINE('',#11469,#3122);
#2266=LINE('',#11472,#3123);
#2267=LINE('',#11474,#3124);
#2268=LINE('',#11475,#3125);
#2269=LINE('',#11478,#3126);
#2270=LINE('',#11480,#3127);
#2271=LINE('',#11481,#3128);
#2272=LINE('',#11483,#3129);
#2273=LINE('',#11484,#3130);
#2274=LINE('',#11490,#3131);
#2275=LINE('',#11492,#3132);
#2276=LINE('',#11494,#3133);
#2277=LINE('',#11495,#3134);
#2278=LINE('',#11498,#3135);
#2279=LINE('',#11500,#3136);
#2280=LINE('',#11501,#3137);
#2281=LINE('',#11504,#3138);
#2282=LINE('',#11506,#3139);
#2283=LINE('',#11507,#3140);
#2284=LINE('',#11510,#3141);
#2285=LINE('',#11512,#3142);
#2286=LINE('',#11513,#3143);
#2287=LINE('',#11515,#3144);
#2288=LINE('',#11516,#3145);
#2289=LINE('',#11529,#3146);
#2290=LINE('',#11536,#3147);
#2291=LINE('',#11543,#3148);
#2292=LINE('',#11545,#3149);
#2293=LINE('',#11546,#3150);
#2294=LINE('',#11549,#3151);
#2295=LINE('',#11551,#3152);
#2296=LINE('',#11552,#3153);
#2297=LINE('',#11555,#3154);
#2298=LINE('',#11557,#3155);
#2299=LINE('',#11558,#3156);
#2300=LINE('',#11561,#3157);
#2301=LINE('',#11563,#3158);
#2302=LINE('',#11564,#3159);
#2303=LINE('',#11567,#3160);
#2304=LINE('',#11569,#3161);
#2305=LINE('',#11570,#3162);
#2306=LINE('',#11573,#3163);
#2307=LINE('',#11575,#3164);
#2308=LINE('',#11576,#3165);
#2309=LINE('',#11579,#3166);
#2310=LINE('',#11581,#3167);
#2311=LINE('',#11582,#3168);
#2312=LINE('',#11585,#3169);
#2313=LINE('',#11587,#3170);
#2314=LINE('',#11588,#3171);
#2315=LINE('',#11591,#3172);
#2316=LINE('',#11593,#3173);
#2317=LINE('',#11594,#3174);
#2318=LINE('',#11597,#3175);
#2319=LINE('',#11599,#3176);
#2320=LINE('',#11600,#3177);
#2321=LINE('',#11603,#3178);
#2322=LINE('',#11605,#3179);
#2323=LINE('',#11606,#3180);
#2324=LINE('',#11609,#3181);
#2325=LINE('',#11611,#3182);
#2326=LINE('',#11612,#3183);
#2327=LINE('',#11615,#3184);
#2328=LINE('',#11617,#3185);
#2329=LINE('',#11618,#3186);
#2330=LINE('',#11621,#3187);
#2331=LINE('',#11623,#3188);
#2332=LINE('',#11624,#3189);
#2333=LINE('',#11626,#3190);
#2334=LINE('',#11627,#3191);
#2335=LINE('',#11633,#3192);
#2336=LINE('',#11635,#3193);
#2337=LINE('',#11637,#3194);
#2338=LINE('',#11638,#3195);
#2339=LINE('',#11641,#3196);
#2340=LINE('',#11643,#3197);
#2341=LINE('',#11644,#3198);
#2342=LINE('',#11647,#3199);
#2343=LINE('',#11649,#3200);
#2344=LINE('',#11650,#3201);
#2345=LINE('',#11653,#3202);
#2346=LINE('',#11655,#3203);
#2347=LINE('',#11656,#3204);
#2348=LINE('',#11658,#3205);
#2349=LINE('',#11659,#3206);
#2350=LINE('',#11665,#3207);
#2351=LINE('',#11667,#3208);
#2352=LINE('',#11669,#3209);
#2353=LINE('',#11670,#3210);
#2354=LINE('',#11673,#3211);
#2355=LINE('',#11675,#3212);
#2356=LINE('',#11676,#3213);
#2357=LINE('',#11679,#3214);
#2358=LINE('',#11681,#3215);
#2359=LINE('',#11682,#3216);
#2360=LINE('',#11685,#3217);
#2361=LINE('',#11687,#3218);
#2362=LINE('',#11688,#3219);
#2363=LINE('',#11690,#3220);
#2364=LINE('',#11691,#3221);
#2365=LINE('',#11704,#3222);
#2366=LINE('',#11708,#3223);
#2367=LINE('',#11721,#3224);
#2368=LINE('',#11725,#3225);
#2369=LINE('',#11727,#3226);
#2370=LINE('',#11728,#3227);
#2371=LINE('',#11731,#3228);
#2372=LINE('',#11733,#3229);
#2373=LINE('',#11734,#3230);
#2374=LINE('',#11749,#3231);
#2375=LINE('',#11756,#3232);
#2376=LINE('',#11758,#3233);
#2377=LINE('',#11759,#3234);
#2378=LINE('',#11762,#3235);
#2379=LINE('',#11764,#3236);
#2380=LINE('',#11765,#3237);
#2381=LINE('',#11780,#3238);
#2382=LINE('',#11799,#3239);
#2383=LINE('',#11806,#3240);
#2384=LINE('',#11808,#3241);
#2385=LINE('',#11809,#3242);
#2386=LINE('',#11812,#3243);
#2387=LINE('',#11814,#3244);
#2388=LINE('',#11815,#3245);
#2389=LINE('',#11827,#3246);
#2390=LINE('',#11840,#3247);
#2391=LINE('',#11844,#3248);
#2392=LINE('',#11846,#3249);
#2393=LINE('',#11847,#3250);
#2394=LINE('',#11850,#3251);
#2395=LINE('',#11852,#3252);
#2396=LINE('',#11853,#3253);
#2397=LINE('',#11856,#3254);
#2398=LINE('',#11858,#3255);
#2399=LINE('',#11859,#3256);
#2400=LINE('',#11862,#3257);
#2401=LINE('',#11864,#3258);
#2402=LINE('',#11865,#3259);
#2403=LINE('',#11868,#3260);
#2404=LINE('',#11870,#3261);
#2405=LINE('',#11871,#3262);
#2406=LINE('',#11874,#3263);
#2407=LINE('',#11876,#3264);
#2408=LINE('',#11877,#3265);
#2409=LINE('',#11880,#3266);
#2410=LINE('',#11882,#3267);
#2411=LINE('',#11883,#3268);
#2412=LINE('',#11886,#3269);
#2413=LINE('',#11888,#3270);
#2414=LINE('',#11889,#3271);
#2415=LINE('',#11892,#3272);
#2416=LINE('',#11894,#3273);
#2417=LINE('',#11895,#3274);
#2418=LINE('',#11898,#3275);
#2419=LINE('',#11900,#3276);
#2420=LINE('',#11901,#3277);
#2421=LINE('',#11903,#3278);
#2422=LINE('',#11904,#3279);
#2423=LINE('',#11910,#3280);
#2424=LINE('',#11912,#3281);
#2425=LINE('',#11914,#3282);
#2426=LINE('',#11915,#3283);
#2427=LINE('',#11918,#3284);
#2428=LINE('',#11920,#3285);
#2429=LINE('',#11921,#3286);
#2430=LINE('',#11924,#3287);
#2431=LINE('',#11926,#3288);
#2432=LINE('',#11927,#3289);
#2433=LINE('',#11930,#3290);
#2434=LINE('',#11932,#3291);
#2435=LINE('',#11933,#3292);
#2436=LINE('',#11936,#3293);
#2437=LINE('',#11938,#3294);
#2438=LINE('',#11939,#3295);
#2439=LINE('',#11954,#3296);
#2440=LINE('',#11973,#3297);
#2441=LINE('',#11992,#3298);
#2442=LINE('',#12011,#3299);
#2443=LINE('',#12030,#3300);
#2444=LINE('',#12037,#3301);
#2445=LINE('',#12039,#3302);
#2446=LINE('',#12040,#3303);
#2447=LINE('',#12043,#3304);
#2448=LINE('',#12045,#3305);
#2449=LINE('',#12046,#3306);
#2450=LINE('',#12049,#3307);
#2451=LINE('',#12051,#3308);
#2452=LINE('',#12052,#3309);
#2453=LINE('',#12055,#3310);
#2454=LINE('',#12057,#3311);
#2455=LINE('',#12058,#3312);
#2456=LINE('',#12061,#3313);
#2457=LINE('',#12063,#3314);
#2458=LINE('',#12064,#3315);
#2459=LINE('',#12079,#3316);
#2460=LINE('',#12095,#3317);
#2461=LINE('',#12111,#3318);
#2462=LINE('',#12118,#3319);
#2463=LINE('',#12120,#3320);
#2464=LINE('',#12121,#3321);
#2465=LINE('',#12124,#3322);
#2466=LINE('',#12126,#3323);
#2467=LINE('',#12127,#3324);
#2468=LINE('',#12139,#3325);
#2469=LINE('',#12155,#3326);
#2470=LINE('',#12162,#3327);
#2471=LINE('',#12164,#3328);
#2472=LINE('',#12165,#3329);
#2473=LINE('',#12167,#3330);
#2474=LINE('',#12168,#3331);
#2475=LINE('',#12181,#3332);
#2476=LINE('',#12188,#3333);
#2477=LINE('',#12207,#3334);
#2478=LINE('',#12226,#3335);
#2479=LINE('',#12242,#3336);
#2480=LINE('',#12258,#3337);
#2481=LINE('',#12277,#3338);
#2482=LINE('',#12293,#3339);
#2483=LINE('',#12309,#3340);
#2484=LINE('',#12316,#3341);
#2485=LINE('',#12318,#3342);
#2486=LINE('',#12319,#3343);
#2487=LINE('',#12322,#3344);
#2488=LINE('',#12324,#3345);
#2489=LINE('',#12325,#3346);
#2490=LINE('',#12328,#3347);
#2491=LINE('',#12330,#3348);
#2492=LINE('',#12331,#3349);
#2493=LINE('',#12334,#3350);
#2494=LINE('',#12336,#3351);
#2495=LINE('',#12337,#3352);
#2496=LINE('',#12340,#3353);
#2497=LINE('',#12342,#3354);
#2498=LINE('',#12343,#3355);
#2499=LINE('',#12346,#3356);
#2500=LINE('',#12348,#3357);
#2501=LINE('',#12349,#3358);
#2502=LINE('',#12352,#3359);
#2503=LINE('',#12354,#3360);
#2504=LINE('',#12355,#3361);
#2505=LINE('',#12358,#3362);
#2506=LINE('',#12360,#3363);
#2507=LINE('',#12361,#3364);
#2508=LINE('',#12364,#3365);
#2509=LINE('',#12366,#3366);
#2510=LINE('',#12367,#3367);
#2511=LINE('',#12382,#3368);
#2512=LINE('',#12398,#3369);
#2513=LINE('',#12428,#3370);
#2514=LINE('',#12432,#3371);
#2515=LINE('',#12436,#3372);
#2516=LINE('',#12438,#3373);
#2517=LINE('',#12439,#3374);
#2518=LINE('',#12442,#3375);
#2519=LINE('',#12444,#3376);
#2520=LINE('',#12445,#3377);
#2521=LINE('',#12460,#3378);
#2522=LINE('',#12479,#3379);
#2523=LINE('',#12486,#3380);
#2524=LINE('',#12488,#3381);
#2525=LINE('',#12489,#3382);
#2526=LINE('',#12492,#3383);
#2527=LINE('',#12494,#3384);
#2528=LINE('',#12495,#3385);
#2529=LINE('',#12510,#3386);
#2530=LINE('',#12529,#3387);
#2531=LINE('',#12548,#3388);
#2532=LINE('',#12555,#3389);
#2533=LINE('',#12557,#3390);
#2534=LINE('',#12558,#3391);
#2535=LINE('',#12561,#3392);
#2536=LINE('',#12563,#3393);
#2537=LINE('',#12564,#3394);
#2538=LINE('',#12567,#3395);
#2539=LINE('',#12569,#3396);
#2540=LINE('',#12570,#3397);
#2541=LINE('',#12573,#3398);
#2542=LINE('',#12575,#3399);
#2543=LINE('',#12576,#3400);
#2544=LINE('',#12579,#3401);
#2545=LINE('',#12581,#3402);
#2546=LINE('',#12582,#3403);
#2547=LINE('',#12585,#3404);
#2548=LINE('',#12587,#3405);
#2549=LINE('',#12588,#3406);
#2550=LINE('',#12608,#3407);
#2551=LINE('',#12610,#3408);
#2552=LINE('',#12612,#3409);
#2553=LINE('',#12613,#3410);
#2554=LINE('',#12616,#3411);
#2555=LINE('',#12618,#3412);
#2556=LINE('',#12619,#3413);
#2557=LINE('',#12622,#3414);
#2558=LINE('',#12624,#3415);
#2559=LINE('',#12625,#3416);
#2560=LINE('',#12628,#3417);
#2561=LINE('',#12630,#3418);
#2562=LINE('',#12631,#3419);
#2563=LINE('',#12633,#3420);
#2564=LINE('',#12634,#3421);
#2565=LINE('',#12647,#3422);
#2566=LINE('',#12651,#3423);
#2567=LINE('',#12667,#3424);
#2568=LINE('',#12686,#3425);
#2569=LINE('',#12705,#3426);
#2570=LINE('',#12728,#3427);
#2571=LINE('',#12735,#3428);
#2572=LINE('',#12737,#3429);
#2573=LINE('',#12738,#3430);
#2574=LINE('',#12741,#3431);
#2575=LINE('',#12743,#3432);
#2576=LINE('',#12744,#3433);
#2577=LINE('',#12747,#3434);
#2578=LINE('',#12749,#3435);
#2579=LINE('',#12750,#3436);
#2580=LINE('',#12753,#3437);
#2581=LINE('',#12755,#3438);
#2582=LINE('',#12756,#3439);
#2583=LINE('',#12759,#3440);
#2584=LINE('',#12761,#3441);
#2585=LINE('',#12762,#3442);
#2586=LINE('',#12765,#3443);
#2587=LINE('',#12767,#3444);
#2588=LINE('',#12768,#3445);
#2589=LINE('',#12783,#3446);
#2590=LINE('',#12802,#3447);
#2591=LINE('',#12809,#3448);
#2592=LINE('',#12811,#3449);
#2593=LINE('',#12812,#3450);
#2594=LINE('',#12815,#3451);
#2595=LINE('',#12817,#3452);
#2596=LINE('',#12818,#3453);
#2597=LINE('',#12838,#3454);
#2598=LINE('',#12840,#3455);
#2599=LINE('',#12842,#3456);
#2600=LINE('',#12843,#3457);
#2601=LINE('',#12846,#3458);
#2602=LINE('',#12848,#3459);
#2603=LINE('',#12849,#3460);
#2604=LINE('',#12852,#3461);
#2605=LINE('',#12854,#3462);
#2606=LINE('',#12855,#3463);
#2607=LINE('',#12858,#3464);
#2608=LINE('',#12860,#3465);
#2609=LINE('',#12861,#3466);
#2610=LINE('',#12863,#3467);
#2611=LINE('',#12864,#3468);
#2612=VECTOR('',#8358,0.393700787401575);
#2613=VECTOR('',#8361,0.393700787401575);
#2614=VECTOR('',#8366,0.393700787401575);
#2615=VECTOR('',#8369,0.393700787401575);
#2616=VECTOR('',#8372,0.393700787401575);
#2617=VECTOR('',#8375,0.393700787401575);
#2618=VECTOR('',#8378,0.393700787401575);
#2619=VECTOR('',#8381,0.393700787401575);
#2620=VECTOR('',#8384,0.393700787401575);
#2621=VECTOR('',#8387,0.393700787401575);
#2622=VECTOR('',#8406,0.393700787401575);
#2623=VECTOR('',#8407,0.393700787401575);
#2624=VECTOR('',#8412,0.393700787401575);
#2625=VECTOR('',#8413,0.393700787401575);
#2626=VECTOR('',#8432,0.393700787401575);
#2627=VECTOR('',#8433,0.393700787401575);
#2628=VECTOR('',#8452,0.393700787401575);
#2629=VECTOR('',#8453,0.393700787401575);
#2630=VECTOR('',#8458,0.393700787401575);
#2631=VECTOR('',#8459,0.393700787401575);
#2632=VECTOR('',#8462,0.393700787401575);
#2633=VECTOR('',#8463,0.393700787401575);
#2634=VECTOR('',#8468,0.393700787401575);
#2635=VECTOR('',#8471,0.393700787401575);
#2636=VECTOR('',#8474,0.393700787401575);
#2637=VECTOR('',#8477,0.393700787401575);
#2638=VECTOR('',#8480,0.393700787401575);
#2639=VECTOR('',#8483,0.393700787401575);
#2640=VECTOR('',#8486,0.393700787401575);
#2641=VECTOR('',#8487,0.393700787401575);
#2642=VECTOR('',#8492,0.393700787401575);
#2643=VECTOR('',#8493,0.393700787401575);
#2644=VECTOR('',#8498,0.393700787401575);
#2645=VECTOR('',#8499,0.393700787401575);
#2646=VECTOR('',#8504,0.393700787401575);
#2647=VECTOR('',#8505,0.393700787401575);
#2648=VECTOR('',#8510,0.393700787401575);
#2649=VECTOR('',#8511,0.393700787401575);
#2650=VECTOR('',#8516,0.393700787401575);
#2651=VECTOR('',#8517,0.393700787401575);
#2652=VECTOR('',#8520,0.393700787401575);
#2653=VECTOR('',#8521,0.393700787401575);
#2654=VECTOR('',#8524,0.393700787401575);
#2655=VECTOR('',#8525,0.393700787401575);
#2656=VECTOR('',#8528,0.393700787401575);
#2657=VECTOR('',#8529,0.393700787401575);
#2658=VECTOR('',#8534,0.393700787401575);
#2659=VECTOR('',#8535,0.393700787401575);
#2660=VECTOR('',#8538,0.393700787401575);
#2661=VECTOR('',#8539,0.393700787401575);
#2662=VECTOR('',#8542,0.393700787401575);
#2663=VECTOR('',#8543,0.393700787401575);
#2664=VECTOR('',#8548,0.393700787401575);
#2665=VECTOR('',#8549,0.393700787401575);
#2666=VECTOR('',#8552,0.393700787401575);
#2667=VECTOR('',#8553,0.393700787401575);
#2668=VECTOR('',#8558,0.393700787401575);
#2669=VECTOR('',#8559,0.393700787401575);
#2670=VECTOR('',#8564,0.393700787401575);
#2671=VECTOR('',#8565,0.393700787401575);
#2672=VECTOR('',#8570,0.393700787401575);
#2673=VECTOR('',#8571,0.393700787401575);
#2674=VECTOR('',#8574,0.393700787401575);
#2675=VECTOR('',#8575,0.393700787401575);
#2676=VECTOR('',#8576,0.393700787401575);
#2677=VECTOR('',#8579,0.393700787401575);
#2678=VECTOR('',#8580,0.393700787401575);
#2679=VECTOR('',#8581,0.393700787401575);
#2680=VECTOR('',#8582,0.393700787401575);
#2681=VECTOR('',#8583,0.393700787401575);
#2682=VECTOR('',#8584,0.393700787401575);
#2683=VECTOR('',#8585,0.393700787401575);
#2684=VECTOR('',#8586,0.393700787401575);
#2685=VECTOR('',#8587,0.393700787401575);
#2686=VECTOR('',#8588,0.393700787401575);
#2687=VECTOR('',#8591,0.393700787401575);
#2688=VECTOR('',#8592,0.393700787401575);
#2689=VECTOR('',#8595,0.393700787401575);
#2690=VECTOR('',#8596,0.393700787401575);
#2691=VECTOR('',#8599,0.393700787401575);
#2692=VECTOR('',#8600,0.393700787401575);
#2693=VECTOR('',#8603,0.393700787401575);
#2694=VECTOR('',#8604,0.393700787401575);
#2695=VECTOR('',#8605,0.393700787401575);
#2696=VECTOR('',#8606,0.393700787401575);
#2697=VECTOR('',#8607,0.393700787401575);
#2698=VECTOR('',#8608,0.393700787401575);
#2699=VECTOR('',#8609,0.393700787401575);
#2700=VECTOR('',#8610,0.393700787401575);
#2701=VECTOR('',#8611,0.393700787401575);
#2702=VECTOR('',#8612,0.393700787401575);
#2703=VECTOR('',#8615,0.393700787401575);
#2704=VECTOR('',#8616,0.393700787401575);
#2705=VECTOR('',#8619,0.393700787401575);
#2706=VECTOR('',#8622,0.393700787401575);
#2707=VECTOR('',#8623,0.393700787401575);
#2708=VECTOR('',#8624,0.393700787401575);
#2709=VECTOR('',#8625,0.393700787401575);
#2710=VECTOR('',#8626,0.393700787401575);
#2711=VECTOR('',#8627,0.393700787401575);
#2712=VECTOR('',#8628,0.393700787401575);
#2713=VECTOR('',#8629,0.393700787401575);
#2714=VECTOR('',#8630,0.393700787401575);
#2715=VECTOR('',#8631,0.393700787401575);
#2716=VECTOR('',#8632,0.393700787401575);
#2717=VECTOR('',#8633,0.393700787401575);
#2718=VECTOR('',#8634,0.393700787401575);
#2719=VECTOR('',#8643,0.393700787401575);
#2720=VECTOR('',#8644,0.393700787401575);
#2721=VECTOR('',#8645,0.393700787401575);
#2722=VECTOR('',#8646,0.393700787401575);
#2723=VECTOR('',#8647,0.393700787401575);
#2724=VECTOR('',#8648,0.393700787401575);
#2725=VECTOR('',#8649,0.393700787401575);
#2726=VECTOR('',#8650,0.393700787401575);
#2727=VECTOR('',#8651,0.393700787401575);
#2728=VECTOR('',#8652,0.393700787401575);
#2729=VECTOR('',#8653,0.393700787401575);
#2730=VECTOR('',#8654,0.393700787401575);
#2731=VECTOR('',#8655,0.393700787401575);
#2732=VECTOR('',#8656,0.393700787401575);
#2733=VECTOR('',#8657,0.393700787401575);
#2734=VECTOR('',#8658,0.393700787401575);
#2735=VECTOR('',#8659,0.393700787401575);
#2736=VECTOR('',#8660,0.393700787401575);
#2737=VECTOR('',#8661,0.393700787401575);
#2738=VECTOR('',#8662,0.393700787401575);
#2739=VECTOR('',#8663,0.393700787401575);
#2740=VECTOR('',#8664,0.393700787401575);
#2741=VECTOR('',#8665,0.393700787401575);
#2742=VECTOR('',#8666,0.393700787401575);
#2743=VECTOR('',#8667,0.393700787401575);
#2744=VECTOR('',#8668,0.393700787401575);
#2745=VECTOR('',#8669,0.393700787401575);
#2746=VECTOR('',#8670,0.393700787401575);
#2747=VECTOR('',#8671,0.393700787401575);
#2748=VECTOR('',#8672,0.393700787401575);
#2749=VECTOR('',#8673,0.393700787401575);
#2750=VECTOR('',#8674,0.393700787401575);
#2751=VECTOR('',#8675,0.393700787401575);
#2752=VECTOR('',#8676,0.393700787401575);
#2753=VECTOR('',#8677,0.393700787401575);
#2754=VECTOR('',#8678,0.393700787401575);
#2755=VECTOR('',#8679,0.393700787401575);
#2756=VECTOR('',#8680,0.393700787401575);
#2757=VECTOR('',#8681,0.393700787401575);
#2758=VECTOR('',#8682,0.393700787401575);
#2759=VECTOR('',#8685,0.393700787401575);
#2760=VECTOR('',#8686,0.393700787401575);
#2761=VECTOR('',#8689,0.393700787401575);
#2762=VECTOR('',#8690,0.393700787401575);
#2763=VECTOR('',#8693,0.393700787401575);
#2764=VECTOR('',#8694,0.393700787401575);
#2765=VECTOR('',#8697,0.393700787401575);
#2766=VECTOR('',#8698,0.393700787401575);
#2767=VECTOR('',#8699,0.393700787401575);
#2768=VECTOR('',#8700,0.393700787401575);
#2769=VECTOR('',#8701,0.393700787401575);
#2770=VECTOR('',#8702,0.393700787401575);
#2771=VECTOR('',#8703,0.393700787401575);
#2772=VECTOR('',#8704,0.393700787401575);
#2773=VECTOR('',#8705,0.393700787401575);
#2774=VECTOR('',#8708,0.393700787401575);
#2775=VECTOR('',#8709,0.393700787401575);
#2776=VECTOR('',#8710,0.393700787401575);
#2777=VECTOR('',#8711,0.393700787401575);
#2778=VECTOR('',#8712,0.393700787401575);
#2779=VECTOR('',#8713,0.393700787401575);
#2780=VECTOR('',#8714,0.393700787401575);
#2781=VECTOR('',#8715,0.393700787401575);
#2782=VECTOR('',#8716,0.393700787401575);
#2783=VECTOR('',#8719,0.393700787401575);
#2784=VECTOR('',#8720,0.393700787401575);
#2785=VECTOR('',#8721,0.393700787401575);
#2786=VECTOR('',#8722,0.393700787401575);
#2787=VECTOR('',#8723,0.393700787401575);
#2788=VECTOR('',#8724,0.393700787401575);
#2789=VECTOR('',#8725,0.393700787401575);
#2790=VECTOR('',#8726,0.393700787401575);
#2791=VECTOR('',#8727,0.393700787401575);
#2792=VECTOR('',#8730,0.393700787401575);
#2793=VECTOR('',#8733,0.393700787401575);
#2794=VECTOR('',#8736,0.393700787401575);
#2795=VECTOR('',#8739,0.393700787401575);
#2796=VECTOR('',#8740,0.393700787401575);
#2797=VECTOR('',#8743,0.393700787401575);
#2798=VECTOR('',#8746,0.393700787401575);
#2799=VECTOR('',#8747,0.393700787401575);
#2800=VECTOR('',#8750,0.393700787401575);
#2801=VECTOR('',#8753,0.393700787401575);
#2802=VECTOR('',#8754,0.393700787401575);
#2803=VECTOR('',#8757,0.393700787401575);
#2804=VECTOR('',#8760,0.393700787401575);
#2805=VECTOR('',#8761,0.393700787401575);
#2806=VECTOR('',#8764,0.393700787401575);
#2807=VECTOR('',#8767,0.393700787401575);
#2808=VECTOR('',#8768,0.393700787401575);
#2809=VECTOR('',#8771,0.393700787401575);
#2810=VECTOR('',#8774,0.393700787401575);
#2811=VECTOR('',#8775,0.393700787401575);
#2812=VECTOR('',#8778,0.393700787401575);
#2813=VECTOR('',#8781,0.393700787401575);
#2814=VECTOR('',#8782,0.393700787401575);
#2815=VECTOR('',#8785,0.393700787401575);
#2816=VECTOR('',#8788,0.393700787401575);
#2817=VECTOR('',#8789,0.393700787401575);
#2818=VECTOR('',#8792,0.393700787401575);
#2819=VECTOR('',#8801,0.393700787401575);
#2820=VECTOR('',#8802,0.393700787401575);
#2821=VECTOR('',#8805,0.393700787401575);
#2822=VECTOR('',#8808,0.393700787401575);
#2823=VECTOR('',#8809,0.393700787401575);
#2824=VECTOR('',#8812,0.393700787401575);
#2825=VECTOR('',#8815,0.393700787401575);
#2826=VECTOR('',#8820,0.393700787401575);
#2827=VECTOR('',#8825,0.393700787401575);
#2828=VECTOR('',#8830,0.393700787401575);
#2829=VECTOR('',#8835,0.393700787401575);
#2830=VECTOR('',#8840,0.393700787401575);
#2831=VECTOR('',#8845,0.393700787401575);
#2832=VECTOR('',#8850,0.393700787401575);
#2833=VECTOR('',#8855,0.393700787401575);
#2834=VECTOR('',#8860,0.393700787401575);
#2835=VECTOR('',#8869,0.393700787401575);
#2836=VECTOR('',#8870,0.393700787401575);
#2837=VECTOR('',#8871,0.393700787401575);
#2838=VECTOR('',#8872,0.393700787401575);
#2839=VECTOR('',#8875,0.393700787401575);
#2840=VECTOR('',#8876,0.393700787401575);
#2841=VECTOR('',#8877,0.393700787401575);
#2842=VECTOR('',#8878,0.393700787401575);
#2843=VECTOR('',#8881,0.393700787401575);
#2844=VECTOR('',#8882,0.393700787401575);
#2845=VECTOR('',#8883,0.393700787401575);
#2846=VECTOR('',#8884,0.393700787401575);
#2847=VECTOR('',#8887,0.393700787401575);
#2848=VECTOR('',#8888,0.393700787401575);
#2849=VECTOR('',#8889,0.393700787401575);
#2850=VECTOR('',#8890,0.393700787401575);
#2851=VECTOR('',#8893,0.393700787401575);
#2852=VECTOR('',#8894,0.393700787401575);
#2853=VECTOR('',#8895,0.393700787401575);
#2854=VECTOR('',#8896,0.393700787401575);
#2855=VECTOR('',#8899,0.393700787401575);
#2856=VECTOR('',#8900,0.393700787401575);
#2857=VECTOR('',#8901,0.393700787401575);
#2858=VECTOR('',#8902,0.393700787401575);
#2859=VECTOR('',#8905,0.393700787401575);
#2860=VECTOR('',#8906,0.393700787401575);
#2861=VECTOR('',#8907,0.393700787401575);
#2862=VECTOR('',#8908,0.393700787401575);
#2863=VECTOR('',#8911,0.393700787401575);
#2864=VECTOR('',#8912,0.393700787401575);
#2865=VECTOR('',#8913,0.393700787401575);
#2866=VECTOR('',#8914,0.393700787401575);
#2867=VECTOR('',#8917,0.393700787401575);
#2868=VECTOR('',#8918,0.393700787401575);
#2869=VECTOR('',#8919,0.393700787401575);
#2870=VECTOR('',#8920,0.393700787401575);
#2871=VECTOR('',#8923,0.393700787401575);
#2872=VECTOR('',#8924,0.393700787401575);
#2873=VECTOR('',#8925,0.393700787401575);
#2874=VECTOR('',#8926,0.393700787401575);
#2875=VECTOR('',#8929,0.393700787401575);
#2876=VECTOR('',#8930,0.393700787401575);
#2877=VECTOR('',#8931,0.393700787401575);
#2878=VECTOR('',#8932,0.393700787401575);
#2879=VECTOR('',#8935,0.393700787401575);
#2880=VECTOR('',#8936,0.393700787401575);
#2881=VECTOR('',#8937,0.393700787401575);
#2882=VECTOR('',#8938,0.393700787401575);
#2883=VECTOR('',#8941,0.393700787401575);
#2884=VECTOR('',#8942,0.393700787401575);
#2885=VECTOR('',#8943,0.393700787401575);
#2886=VECTOR('',#8944,0.393700787401575);
#2887=VECTOR('',#8947,0.393700787401575);
#2888=VECTOR('',#8948,0.393700787401575);
#2889=VECTOR('',#8949,0.393700787401575);
#2890=VECTOR('',#8950,0.393700787401575);
#2891=VECTOR('',#8953,0.393700787401575);
#2892=VECTOR('',#8954,0.393700787401575);
#2893=VECTOR('',#8955,0.393700787401575);
#2894=VECTOR('',#8956,0.393700787401575);
#2895=VECTOR('',#8959,0.393700787401575);
#2896=VECTOR('',#8960,0.393700787401575);
#2897=VECTOR('',#8961,0.393700787401575);
#2898=VECTOR('',#8962,0.393700787401575);
#2899=VECTOR('',#8965,0.393700787401575);
#2900=VECTOR('',#8966,0.393700787401575);
#2901=VECTOR('',#8967,0.393700787401575);
#2902=VECTOR('',#8968,0.393700787401575);
#2903=VECTOR('',#8971,0.393700787401575);
#2904=VECTOR('',#8972,0.393700787401575);
#2905=VECTOR('',#8973,0.393700787401575);
#2906=VECTOR('',#8974,0.393700787401575);
#2907=VECTOR('',#8977,0.393700787401575);
#2908=VECTOR('',#8978,0.393700787401575);
#2909=VECTOR('',#8979,0.393700787401575);
#2910=VECTOR('',#8980,0.393700787401575);
#2911=VECTOR('',#8983,0.393700787401575);
#2912=VECTOR('',#8984,0.393700787401575);
#2913=VECTOR('',#8985,0.393700787401575);
#2914=VECTOR('',#8986,0.393700787401575);
#2915=VECTOR('',#8989,0.393700787401575);
#2916=VECTOR('',#8992,0.393700787401575);
#2917=VECTOR('',#8993,0.393700787401575);
#2918=VECTOR('',#8994,0.393700787401575);
#2919=VECTOR('',#8997,0.393700787401575);
#2920=VECTOR('',#9000,0.393700787401575);
#2921=VECTOR('',#9001,0.393700787401575);
#2922=VECTOR('',#9004,0.393700787401575);
#2923=VECTOR('',#9005,0.393700787401575);
#2924=VECTOR('',#9006,0.393700787401575);
#2925=VECTOR('',#9009,0.393700787401575);
#2926=VECTOR('',#9010,0.393700787401575);
#2927=VECTOR('',#9011,0.393700787401575);
#2928=VECTOR('',#9014,0.393700787401575);
#2929=VECTOR('',#9017,0.393700787401575);
#2930=VECTOR('',#9018,0.393700787401575);
#2931=VECTOR('',#9019,0.393700787401575);
#2932=VECTOR('',#9022,0.393700787401575);
#2933=VECTOR('',#9025,0.393700787401575);
#2934=VECTOR('',#9028,0.393700787401575);
#2935=VECTOR('',#9029,0.393700787401575);
#2936=VECTOR('',#9030,0.393700787401575);
#2937=VECTOR('',#9033,0.393700787401575);
#2938=VECTOR('',#9036,0.393700787401575);
#2939=VECTOR('',#9037,0.393700787401575);
#2940=VECTOR('',#9038,0.393700787401575);
#2941=VECTOR('',#9041,0.393700787401575);
#2942=VECTOR('',#9044,0.393700787401575);
#2943=VECTOR('',#9045,0.393700787401575);
#2944=VECTOR('',#9046,0.393700787401575);
#2945=VECTOR('',#9051,0.393700787401575);
#2946=VECTOR('',#9052,0.393700787401575);
#2947=VECTOR('',#9053,0.393700787401575);
#2948=VECTOR('',#9056,0.393700787401575);
#2949=VECTOR('',#9059,0.393700787401575);
#2950=VECTOR('',#9060,0.393700787401575);
#2951=VECTOR('',#9061,0.393700787401575);
#2952=VECTOR('',#9066,0.393700787401575);
#2953=VECTOR('',#9069,0.393700787401575);
#2954=VECTOR('',#9070,0.393700787401575);
#2955=VECTOR('',#9071,0.393700787401575);
#2956=VECTOR('',#9074,0.393700787401575);
#2957=VECTOR('',#9077,0.393700787401575);
#2958=VECTOR('',#9080,0.393700787401575);
#2959=VECTOR('',#9081,0.393700787401575);
#2960=VECTOR('',#9082,0.393700787401575);
#2961=VECTOR('',#9085,0.393700787401575);
#2962=VECTOR('',#9088,0.393700787401575);
#2963=VECTOR('',#9089,0.393700787401575);
#2964=VECTOR('',#9090,0.393700787401575);
#2965=VECTOR('',#9093,0.393700787401575);
#2966=VECTOR('',#9096,0.393700787401575);
#2967=VECTOR('',#9097,0.393700787401575);
#2968=VECTOR('',#9098,0.393700787401575);
#2969=VECTOR('',#9103,0.393700787401575);
#2970=VECTOR('',#9104,0.393700787401575);
#2971=VECTOR('',#9105,0.393700787401575);
#2972=VECTOR('',#9108,0.393700787401575);
#2973=VECTOR('',#9111,0.393700787401575);
#2974=VECTOR('',#9112,0.393700787401575);
#2975=VECTOR('',#9113,0.393700787401575);
#2976=VECTOR('',#9118,0.393700787401575);
#2977=VECTOR('',#9121,0.393700787401575);
#2978=VECTOR('',#9122,0.393700787401575);
#2979=VECTOR('',#9123,0.393700787401575);
#2980=VECTOR('',#9126,0.393700787401575);
#2981=VECTOR('',#9129,0.393700787401575);
#2982=VECTOR('',#9132,0.393700787401575);
#2983=VECTOR('',#9133,0.393700787401575);
#2984=VECTOR('',#9134,0.393700787401575);
#2985=VECTOR('',#9137,0.393700787401575);
#2986=VECTOR('',#9140,0.393700787401575);
#2987=VECTOR('',#9141,0.393700787401575);
#2988=VECTOR('',#9142,0.393700787401575);
#2989=VECTOR('',#9145,0.393700787401575);
#2990=VECTOR('',#9148,0.393700787401575);
#2991=VECTOR('',#9149,0.393700787401575);
#2992=VECTOR('',#9150,0.393700787401575);
#2993=VECTOR('',#9155,0.393700787401575);
#2994=VECTOR('',#9156,0.393700787401575);
#2995=VECTOR('',#9157,0.393700787401575);
#2996=VECTOR('',#9160,0.393700787401575);
#2997=VECTOR('',#9163,0.393700787401575);
#2998=VECTOR('',#9164,0.393700787401575);
#2999=VECTOR('',#9165,0.393700787401575);
#3000=VECTOR('',#9170,0.393700787401575);
#3001=VECTOR('',#9173,0.393700787401575);
#3002=VECTOR('',#9174,0.393700787401575);
#3003=VECTOR('',#9175,0.393700787401575);
#3004=VECTOR('',#9178,0.393700787401575);
#3005=VECTOR('',#9181,0.393700787401575);
#3006=VECTOR('',#9184,0.393700787401575);
#3007=VECTOR('',#9185,0.393700787401575);
#3008=VECTOR('',#9186,0.393700787401575);
#3009=VECTOR('',#9189,0.393700787401575);
#3010=VECTOR('',#9192,0.393700787401575);
#3011=VECTOR('',#9193,0.393700787401575);
#3012=VECTOR('',#9194,0.393700787401575);
#3013=VECTOR('',#9197,0.393700787401575);
#3014=VECTOR('',#9200,0.393700787401575);
#3015=VECTOR('',#9201,0.393700787401575);
#3016=VECTOR('',#9202,0.393700787401575);
#3017=VECTOR('',#9207,0.393700787401575);
#3018=VECTOR('',#9208,0.393700787401575);
#3019=VECTOR('',#9209,0.393700787401575);
#3020=VECTOR('',#9212,0.393700787401575);
#3021=VECTOR('',#9215,0.393700787401575);
#3022=VECTOR('',#9216,0.393700787401575);
#3023=VECTOR('',#9217,0.393700787401575);
#3024=VECTOR('',#9222,0.393700787401575);
#3025=VECTOR('',#9225,0.393700787401575);
#3026=VECTOR('',#9226,0.393700787401575);
#3027=VECTOR('',#9227,0.393700787401575);
#3028=VECTOR('',#9234,0.393700787401575);
#3029=VECTOR('',#9235,0.393700787401575);
#3030=VECTOR('',#9236,0.393700787401575);
#3031=VECTOR('',#9239,0.393700787401575);
#3032=VECTOR('',#9244,0.393700787401575);
#3033=VECTOR('',#9245,0.393700787401575);
#3034=VECTOR('',#9246,0.393700787401575);
#3035=VECTOR('',#9249,0.393700787401575);
#3036=VECTOR('',#9252,0.393700787401575);
#3037=VECTOR('',#9253,0.393700787401575);
#3038=VECTOR('',#9254,0.393700787401575);
#3039=VECTOR('',#9255,0.393700787401575);
#3040=VECTOR('',#9258,0.393700787401575);
#3041=VECTOR('',#9261,0.393700787401575);
#3042=VECTOR('',#9264,0.393700787401575);
#3043=VECTOR('',#9267,0.393700787401575);
#3044=VECTOR('',#9270,0.393700787401575);
#3045=VECTOR('',#9273,0.393700787401575);
#3046=VECTOR('',#9276,0.393700787401575);
#3047=VECTOR('',#9279,0.393700787401575);
#3048=VECTOR('',#9282,0.393700787401575);
#3049=VECTOR('',#9285,0.393700787401575);
#3050=VECTOR('',#9288,0.393700787401575);
#3051=VECTOR('',#9291,0.393700787401575);
#3052=VECTOR('',#9294,0.393700787401575);
#3053=VECTOR('',#9297,0.393700787401575);
#3054=VECTOR('',#9300,0.393700787401575);
#3055=VECTOR('',#9303,0.393700787401575);
#3056=VECTOR('',#9306,0.393700787401575);
#3057=VECTOR('',#9309,0.393700787401575);
#3058=VECTOR('',#9312,0.393700787401575);
#3059=VECTOR('',#9315,0.393700787401575);
#3060=VECTOR('',#9318,0.393700787401575);
#3061=VECTOR('',#9321,0.393700787401575);
#3062=VECTOR('',#9324,0.393700787401575);
#3063=VECTOR('',#9327,0.393700787401575);
#3064=VECTOR('',#9330,0.393700787401575);
#3065=VECTOR('',#9333,0.393700787401575);
#3066=VECTOR('',#9336,0.393700787401575);
#3067=VECTOR('',#9339,0.393700787401575);
#3068=VECTOR('',#9342,0.393700787401575);
#3069=VECTOR('',#9345,0.393700787401575);
#3070=VECTOR('',#9348,0.393700787401575);
#3071=VECTOR('',#9351,0.393700787401575);
#3072=VECTOR('',#9354,0.393700787401575);
#3073=VECTOR('',#9357,0.393700787401575);
#3074=VECTOR('',#9360,0.393700787401575);
#3075=VECTOR('',#9363,0.393700787401575);
#3076=VECTOR('',#9366,0.393700787401575);
#3077=VECTOR('',#9369,0.393700787401575);
#3078=VECTOR('',#9372,0.393700787401575);
#3079=VECTOR('',#9375,0.393700787401575);
#3080=VECTOR('',#9378,0.393700787401575);
#3081=VECTOR('',#9381,0.393700787401575);
#3082=VECTOR('',#9384,0.393700787401575);
#3083=VECTOR('',#9387,0.393700787401575);
#3084=VECTOR('',#9390,0.393700787401575);
#3085=VECTOR('',#9393,0.393700787401575);
#3086=VECTOR('',#9396,0.393700787401575);
#3087=VECTOR('',#9397,0.393700787401575);
#3088=VECTOR('',#9400,0.393700787401575);
#3089=VECTOR('',#9403,0.393700787401575);
#3090=VECTOR('',#9406,0.393700787401575);
#3091=VECTOR('',#9409,0.393700787401575);
#3092=VECTOR('',#9412,0.393700787401575);
#3093=VECTOR('',#9415,0.393700787401575);
#3094=VECTOR('',#9416,0.393700787401575);
#3095=VECTOR('',#9419,0.393700787401575);
#3096=VECTOR('',#9420,0.393700787401575);
#3097=VECTOR('',#9427,0.393700787401575);
#3098=VECTOR('',#9428,0.393700787401575);
#3099=VECTOR('',#9429,0.393700787401575);
#3100=VECTOR('',#9432,0.393700787401575);
#3101=VECTOR('',#9433,0.393700787401575);
#3102=VECTOR('',#9434,0.393700787401575);
#3103=VECTOR('',#9437,0.393700787401575);
#3104=VECTOR('',#9438,0.393700787401575);
#3105=VECTOR('',#9439,0.393700787401575);
#3106=VECTOR('',#9442,0.393700787401575);
#3107=VECTOR('',#9459,1.3);
#3108=VECTOR('',#9460,1.3);
#3109=VECTOR('',#9461,1.3);
#3110=VECTOR('',#9462,1.3);
#3111=VECTOR('',#9465,1.3);
#3112=VECTOR('',#9466,1.3);
#3113=VECTOR('',#9467,1.3);
#3114=VECTOR('',#9470,1.3);
#3115=VECTOR('',#9471,1.3);
#3116=VECTOR('',#9480,9.);
#3117=VECTOR('',#9481,9.);
#3118=VECTOR('',#9482,9.);
#3119=VECTOR('',#9483,9.);
#3120=VECTOR('',#9486,9.);
#3121=VECTOR('',#9487,9.);
#3122=VECTOR('',#9488,9.);
#3123=VECTOR('',#9491,9.);
#3124=VECTOR('',#9492,9.);
#3125=VECTOR('',#9493,9.);
#3126=VECTOR('',#9496,9.);
#3127=VECTOR('',#9497,9.);
#3128=VECTOR('',#9498,9.);
#3129=VECTOR('',#9501,9.);
#3130=VECTOR('',#9502,9.);
#3131=VECTOR('',#9509,9.);
#3132=VECTOR('',#9510,9.);
#3133=VECTOR('',#9511,9.);
#3134=VECTOR('',#9512,9.);
#3135=VECTOR('',#9515,9.);
#3136=VECTOR('',#9516,9.);
#3137=VECTOR('',#9517,9.);
#3138=VECTOR('',#9520,9.);
#3139=VECTOR('',#9521,9.);
#3140=VECTOR('',#9522,9.);
#3141=VECTOR('',#9525,9.);
#3142=VECTOR('',#9526,9.);
#3143=VECTOR('',#9527,9.);
#3144=VECTOR('',#9530,9.);
#3145=VECTOR('',#9531,9.);
#3146=VECTOR('',#9536,9.);
#3147=VECTOR('',#9537,9.);
#3148=VECTOR('',#9540,9.);
#3149=VECTOR('',#9541,9.);
#3150=VECTOR('',#9542,9.);
#3151=VECTOR('',#9545,9.);
#3152=VECTOR('',#9546,9.);
#3153=VECTOR('',#9547,9.);
#3154=VECTOR('',#9550,9.);
#3155=VECTOR('',#9551,9.);
#3156=VECTOR('',#9552,9.);
#3157=VECTOR('',#9555,9.);
#3158=VECTOR('',#9556,9.);
#3159=VECTOR('',#9557,9.);
#3160=VECTOR('',#9560,9.);
#3161=VECTOR('',#9561,9.);
#3162=VECTOR('',#9562,9.);
#3163=VECTOR('',#9565,9.);
#3164=VECTOR('',#9566,9.);
#3165=VECTOR('',#9567,9.);
#3166=VECTOR('',#9570,9.);
#3167=VECTOR('',#9571,9.);
#3168=VECTOR('',#9572,9.);
#3169=VECTOR('',#9575,9.);
#3170=VECTOR('',#9576,9.);
#3171=VECTOR('',#9577,9.);
#3172=VECTOR('',#9580,9.);
#3173=VECTOR('',#9581,9.);
#3174=VECTOR('',#9582,9.);
#3175=VECTOR('',#9585,9.);
#3176=VECTOR('',#9586,9.);
#3177=VECTOR('',#9587,9.);
#3178=VECTOR('',#9590,9.);
#3179=VECTOR('',#9591,9.);
#3180=VECTOR('',#9592,9.);
#3181=VECTOR('',#9595,9.);
#3182=VECTOR('',#9596,9.);
#3183=VECTOR('',#9597,9.);
#3184=VECTOR('',#9600,9.);
#3185=VECTOR('',#9601,9.);
#3186=VECTOR('',#9602,9.);
#3187=VECTOR('',#9605,9.);
#3188=VECTOR('',#9606,9.);
#3189=VECTOR('',#9607,9.);
#3190=VECTOR('',#9610,9.);
#3191=VECTOR('',#9611,9.);
#3192=VECTOR('',#9618,9.);
#3193=VECTOR('',#9619,9.);
#3194=VECTOR('',#9620,9.);
#3195=VECTOR('',#9621,9.);
#3196=VECTOR('',#9624,9.);
#3197=VECTOR('',#9625,9.);
#3198=VECTOR('',#9626,9.);
#3199=VECTOR('',#9629,9.);
#3200=VECTOR('',#9630,9.);
#3201=VECTOR('',#9631,9.);
#3202=VECTOR('',#9634,9.);
#3203=VECTOR('',#9635,9.);
#3204=VECTOR('',#9636,9.);
#3205=VECTOR('',#9639,9.);
#3206=VECTOR('',#9640,9.);
#3207=VECTOR('',#9647,9.);
#3208=VECTOR('',#9648,9.);
#3209=VECTOR('',#9649,9.);
#3210=VECTOR('',#9650,9.);
#3211=VECTOR('',#9653,9.);
#3212=VECTOR('',#9654,9.);
#3213=VECTOR('',#9655,9.);
#3214=VECTOR('',#9658,9.);
#3215=VECTOR('',#9659,9.);
#3216=VECTOR('',#9660,9.);
#3217=VECTOR('',#9663,9.);
#3218=VECTOR('',#9664,9.);
#3219=VECTOR('',#9665,9.);
#3220=VECTOR('',#9668,9.);
#3221=VECTOR('',#9669,9.);
#3222=VECTOR('',#9674,9.);
#3223=VECTOR('',#9677,9.);
#3224=VECTOR('',#9682,9.);
#3225=VECTOR('',#9687,9.);
#3226=VECTOR('',#9688,9.);
#3227=VECTOR('',#9689,9.);
#3228=VECTOR('',#9692,9.);
#3229=VECTOR('',#9693,9.);
#3230=VECTOR('',#9694,9.);
#3231=VECTOR('',#9695,9.);
#3232=VECTOR('',#9698,9.);
#3233=VECTOR('',#9699,9.);
#3234=VECTOR('',#9700,9.);
#3235=VECTOR('',#9703,9.);
#3236=VECTOR('',#9704,9.);
#3237=VECTOR('',#9705,9.);
#3238=VECTOR('',#9706,9.);
#3239=VECTOR('',#9707,9.);
#3240=VECTOR('',#9710,9.);
#3241=VECTOR('',#9711,9.);
#3242=VECTOR('',#9712,9.);
#3243=VECTOR('',#9715,9.);
#3244=VECTOR('',#9716,9.);
#3245=VECTOR('',#9717,9.);
#3246=VECTOR('',#9720,9.);
#3247=VECTOR('',#9725,9.);
#3248=VECTOR('',#9730,9.);
#3249=VECTOR('',#9731,9.);
#3250=VECTOR('',#9732,9.);
#3251=VECTOR('',#9735,9.);
#3252=VECTOR('',#9736,9.);
#3253=VECTOR('',#9737,9.);
#3254=VECTOR('',#9740,9.);
#3255=VECTOR('',#9741,9.);
#3256=VECTOR('',#9742,9.);
#3257=VECTOR('',#9745,9.);
#3258=VECTOR('',#9746,9.);
#3259=VECTOR('',#9747,9.);
#3260=VECTOR('',#9750,9.);
#3261=VECTOR('',#9751,9.);
#3262=VECTOR('',#9752,9.);
#3263=VECTOR('',#9755,9.);
#3264=VECTOR('',#9756,9.);
#3265=VECTOR('',#9757,9.);
#3266=VECTOR('',#9760,9.);
#3267=VECTOR('',#9761,9.);
#3268=VECTOR('',#9762,9.);
#3269=VECTOR('',#9765,9.);
#3270=VECTOR('',#9766,9.);
#3271=VECTOR('',#9767,9.);
#3272=VECTOR('',#9770,9.);
#3273=VECTOR('',#9771,9.);
#3274=VECTOR('',#9772,9.);
#3275=VECTOR('',#9775,9.);
#3276=VECTOR('',#9776,9.);
#3277=VECTOR('',#9777,9.);
#3278=VECTOR('',#9780,9.);
#3279=VECTOR('',#9781,9.);
#3280=VECTOR('',#9788,9.);
#3281=VECTOR('',#9789,9.);
#3282=VECTOR('',#9790,9.);
#3283=VECTOR('',#9791,9.);
#3284=VECTOR('',#9794,9.);
#3285=VECTOR('',#9795,9.);
#3286=VECTOR('',#9796,9.);
#3287=VECTOR('',#9799,9.);
#3288=VECTOR('',#9800,9.);
#3289=VECTOR('',#9801,9.);
#3290=VECTOR('',#9804,9.);
#3291=VECTOR('',#9805,9.);
#3292=VECTOR('',#9806,9.);
#3293=VECTOR('',#9809,9.);
#3294=VECTOR('',#9810,9.);
#3295=VECTOR('',#9811,9.);
#3296=VECTOR('',#9812,9.);
#3297=VECTOR('',#9813,9.);
#3298=VECTOR('',#9814,9.);
#3299=VECTOR('',#9815,9.);
#3300=VECTOR('',#9816,9.);
#3301=VECTOR('',#9819,9.);
#3302=VECTOR('',#9820,9.);
#3303=VECTOR('',#9821,9.);
#3304=VECTOR('',#9824,9.);
#3305=VECTOR('',#9825,9.);
#3306=VECTOR('',#9826,9.);
#3307=VECTOR('',#9829,9.);
#3308=VECTOR('',#9830,9.);
#3309=VECTOR('',#9831,9.);
#3310=VECTOR('',#9834,9.);
#3311=VECTOR('',#9835,9.);
#3312=VECTOR('',#9836,9.);
#3313=VECTOR('',#9839,9.);
#3314=VECTOR('',#9840,9.);
#3315=VECTOR('',#9841,9.);
#3316=VECTOR('',#9842,9.);
#3317=VECTOR('',#9845,9.);
#3318=VECTOR('',#9848,9.);
#3319=VECTOR('',#9851,9.);
#3320=VECTOR('',#9852,9.);
#3321=VECTOR('',#9853,9.);
#3322=VECTOR('',#9856,9.);
#3323=VECTOR('',#9857,9.);
#3324=VECTOR('',#9858,9.);
#3325=VECTOR('',#9861,9.);
#3326=VECTOR('',#9864,9.);
#3327=VECTOR('',#9867,9.);
#3328=VECTOR('',#9868,9.);
#3329=VECTOR('',#9869,9.);
#3330=VECTOR('',#9872,9.);
#3331=VECTOR('',#9873,9.);
#3332=VECTOR('',#9878,9.);
#3333=VECTOR('',#9879,9.);
#3334=VECTOR('',#9880,9.);
#3335=VECTOR('',#9881,9.);
#3336=VECTOR('',#9884,9.);
#3337=VECTOR('',#9887,9.);
#3338=VECTOR('',#9888,9.);
#3339=VECTOR('',#9891,9.);
#3340=VECTOR('',#9894,9.);
#3341=VECTOR('',#9897,9.);
#3342=VECTOR('',#9898,9.);
#3343=VECTOR('',#9899,9.);
#3344=VECTOR('',#9902,9.);
#3345=VECTOR('',#9903,9.);
#3346=VECTOR('',#9904,9.);
#3347=VECTOR('',#9907,9.);
#3348=VECTOR('',#9908,9.);
#3349=VECTOR('',#9909,9.);
#3350=VECTOR('',#9912,9.);
#3351=VECTOR('',#9913,9.);
#3352=VECTOR('',#9914,9.);
#3353=VECTOR('',#9917,9.);
#3354=VECTOR('',#9918,9.);
#3355=VECTOR('',#9919,9.);
#3356=VECTOR('',#9922,9.);
#3357=VECTOR('',#9923,9.);
#3358=VECTOR('',#9924,9.);
#3359=VECTOR('',#9927,9.);
#3360=VECTOR('',#9928,9.);
#3361=VECTOR('',#9929,9.);
#3362=VECTOR('',#9932,9.);
#3363=VECTOR('',#9933,9.);
#3364=VECTOR('',#9934,9.);
#3365=VECTOR('',#9937,9.);
#3366=VECTOR('',#9938,9.);
#3367=VECTOR('',#9939,9.);
#3368=VECTOR('',#9940,9.);
#3369=VECTOR('',#9943,9.);
#3370=VECTOR('',#9950,9.);
#3371=VECTOR('',#9953,9.);
#3372=VECTOR('',#9958,9.);
#3373=VECTOR('',#9959,9.);
#3374=VECTOR('',#9960,9.);
#3375=VECTOR('',#9963,9.);
#3376=VECTOR('',#9964,9.);
#3377=VECTOR('',#9965,9.);
#3378=VECTOR('',#9966,9.);
#3379=VECTOR('',#9967,9.);
#3380=VECTOR('',#9970,9.);
#3381=VECTOR('',#9971,9.);
#3382=VECTOR('',#9972,9.);
#3383=VECTOR('',#9975,9.);
#3384=VECTOR('',#9976,9.);
#3385=VECTOR('',#9977,9.);
#3386=VECTOR('',#9978,9.);
#3387=VECTOR('',#9979,9.);
#3388=VECTOR('',#9980,9.);
#3389=VECTOR('',#9983,9.);
#3390=VECTOR('',#9984,9.);
#3391=VECTOR('',#9985,9.);
#3392=VECTOR('',#9988,9.);
#3393=VECTOR('',#9989,9.);
#3394=VECTOR('',#9990,9.);
#3395=VECTOR('',#9993,9.);
#3396=VECTOR('',#9994,9.);
#3397=VECTOR('',#9995,9.);
#3398=VECTOR('',#9998,9.);
#3399=VECTOR('',#9999,9.);
#3400=VECTOR('',#10000,9.);
#3401=VECTOR('',#10003,9.);
#3402=VECTOR('',#10004,9.);
#3403=VECTOR('',#10005,9.);
#3404=VECTOR('',#10008,9.);
#3405=VECTOR('',#10009,9.);
#3406=VECTOR('',#10010,9.);
#3407=VECTOR('',#10013,9.);
#3408=VECTOR('',#10014,9.);
#3409=VECTOR('',#10015,9.);
#3410=VECTOR('',#10016,9.);
#3411=VECTOR('',#10019,9.);
#3412=VECTOR('',#10020,9.);
#3413=VECTOR('',#10021,9.);
#3414=VECTOR('',#10024,9.);
#3415=VECTOR('',#10025,9.);
#3416=VECTOR('',#10026,9.);
#3417=VECTOR('',#10029,9.);
#3418=VECTOR('',#10030,9.);
#3419=VECTOR('',#10031,9.);
#3420=VECTOR('',#10034,9.);
#3421=VECTOR('',#10035,9.);
#3422=VECTOR('',#10040,9.);
#3423=VECTOR('',#10043,9.);
#3424=VECTOR('',#10046,9.);
#3425=VECTOR('',#10047,9.);
#3426=VECTOR('',#10048,9.);
#3427=VECTOR('',#10049,9.);
#3428=VECTOR('',#10052,9.);
#3429=VECTOR('',#10053,9.);
#3430=VECTOR('',#10054,9.);
#3431=VECTOR('',#10057,9.);
#3432=VECTOR('',#10058,9.);
#3433=VECTOR('',#10059,9.);
#3434=VECTOR('',#10062,9.);
#3435=VECTOR('',#10063,9.);
#3436=VECTOR('',#10064,9.);
#3437=VECTOR('',#10067,9.);
#3438=VECTOR('',#10068,9.);
#3439=VECTOR('',#10069,9.);
#3440=VECTOR('',#10072,9.);
#3441=VECTOR('',#10073,9.);
#3442=VECTOR('',#10074,9.);
#3443=VECTOR('',#10077,9.);
#3444=VECTOR('',#10078,9.);
#3445=VECTOR('',#10079,9.);
#3446=VECTOR('',#10080,9.);
#3447=VECTOR('',#10081,9.);
#3448=VECTOR('',#10084,9.);
#3449=VECTOR('',#10085,9.);
#3450=VECTOR('',#10086,9.);
#3451=VECTOR('',#10089,9.);
#3452=VECTOR('',#10090,9.);
#3453=VECTOR('',#10091,9.);
#3454=VECTOR('',#10094,9.);
#3455=VECTOR('',#10095,9.);
#3456=VECTOR('',#10096,9.);
#3457=VECTOR('',#10097,9.);
#3458=VECTOR('',#10100,9.);
#3459=VECTOR('',#10101,9.);
#3460=VECTOR('',#10102,9.);
#3461=VECTOR('',#10105,9.);
#3462=VECTOR('',#10106,9.);
#3463=VECTOR('',#10107,9.);
#3464=VECTOR('',#10110,9.);
#3465=VECTOR('',#10111,9.);
#3466=VECTOR('',#10112,9.);
#3467=VECTOR('',#10115,9.);
#3468=VECTOR('',#10116,9.);
#3469=VERTEX_POINT('',#10267);
#3470=VERTEX_POINT('',#10268);
#3471=VERTEX_POINT('',#10270);
#3472=VERTEX_POINT('',#10272);
#3473=VERTEX_POINT('',#10276);
#3474=VERTEX_POINT('',#10278);
#3475=VERTEX_POINT('',#10282);
#3476=VERTEX_POINT('',#10284);
#3477=VERTEX_POINT('',#10288);
#3478=VERTEX_POINT('',#10290);
#3479=VERTEX_POINT('',#10294);
#3480=VERTEX_POINT('',#10296);
#3481=VERTEX_POINT('',#10300);
#3482=VERTEX_POINT('',#10301);
#3483=VERTEX_POINT('',#10303);
#3484=VERTEX_POINT('',#10307);
#3485=VERTEX_POINT('',#10308);
#3486=VERTEX_POINT('',#10310);
#3487=VERTEX_POINT('',#10314);
#3488=VERTEX_POINT('',#10316);
#3489=VERTEX_POINT('',#10323);
#3490=VERTEX_POINT('',#10324);
#3491=VERTEX_POINT('',#10326);
#3492=VERTEX_POINT('',#10330);
#3493=VERTEX_POINT('',#10331);
#3494=VERTEX_POINT('',#10333);
#3495=VERTEX_POINT('',#10340);
#3496=VERTEX_POINT('',#10341);
#3497=VERTEX_POINT('',#10343);
#3498=VERTEX_POINT('',#10347);
#3499=VERTEX_POINT('',#10348);
#3500=VERTEX_POINT('',#10350);
#3501=VERTEX_POINT('',#10354);
#3502=VERTEX_POINT('',#10356);
#3503=VERTEX_POINT('',#10363);
#3504=VERTEX_POINT('',#10365);
#3505=VERTEX_POINT('',#10369);
#3506=VERTEX_POINT('',#10371);
#3507=VERTEX_POINT('',#10375);
#3508=VERTEX_POINT('',#10377);
#3509=VERTEX_POINT('',#10381);
#3510=VERTEX_POINT('',#10383);
#3511=VERTEX_POINT('',#10387);
#3512=VERTEX_POINT('',#10389);
#3513=VERTEX_POINT('',#10393);
#3514=VERTEX_POINT('',#10395);
#3515=VERTEX_POINT('',#10399);
#3516=VERTEX_POINT('',#10401);
#3517=VERTEX_POINT('',#10405);
#3518=VERTEX_POINT('',#10407);
#3519=VERTEX_POINT('',#10411);
#3520=VERTEX_POINT('',#10413);
#3521=VERTEX_POINT('',#10426);
#3522=VERTEX_POINT('',#10428);
#3523=VERTEX_POINT('',#10438);
#3524=VERTEX_POINT('',#10440);
#3525=VERTEX_POINT('',#10447);
#3526=VERTEX_POINT('',#10449);
#3527=VERTEX_POINT('',#10453);
#3528=VERTEX_POINT('',#10455);
#3529=VERTEX_POINT('',#10459);
#3530=VERTEX_POINT('',#10461);
#3531=VERTEX_POINT('',#10468);
#3532=VERTEX_POINT('',#10470);
#3533=VERTEX_POINT('',#10474);
#3534=VERTEX_POINT('',#10477);
#3535=VERTEX_POINT('',#10478);
#3536=VERTEX_POINT('',#10480);
#3537=VERTEX_POINT('',#10482);
#3538=VERTEX_POINT('',#10485);
#3539=VERTEX_POINT('',#10486);
#3540=VERTEX_POINT('',#10488);
#3541=VERTEX_POINT('',#10490);
#3542=VERTEX_POINT('',#10494);
#3543=VERTEX_POINT('',#10498);
#3544=VERTEX_POINT('',#10502);
#3545=VERTEX_POINT('',#10506);
#3546=VERTEX_POINT('',#10509);
#3547=VERTEX_POINT('',#10510);
#3548=VERTEX_POINT('',#10512);
#3549=VERTEX_POINT('',#10514);
#3550=VERTEX_POINT('',#10517);
#3551=VERTEX_POINT('',#10518);
#3552=VERTEX_POINT('',#10520);
#3553=VERTEX_POINT('',#10522);
#3554=VERTEX_POINT('',#10526);
#3555=VERTEX_POINT('',#10532);
#3556=VERTEX_POINT('',#10534);
#3557=VERTEX_POINT('',#10536);
#3558=VERTEX_POINT('',#10538);
#3559=VERTEX_POINT('',#10540);
#3560=VERTEX_POINT('',#10542);
#3561=VERTEX_POINT('',#10544);
#3562=VERTEX_POINT('',#10546);
#3563=VERTEX_POINT('',#10548);
#3564=VERTEX_POINT('',#10550);
#3565=VERTEX_POINT('',#10552);
#3566=VERTEX_POINT('',#10554);
#3567=VERTEX_POINT('',#10561);
#3568=VERTEX_POINT('',#10562);
#3569=VERTEX_POINT('',#10564);
#3570=VERTEX_POINT('',#10566);
#3571=VERTEX_POINT('',#10569);
#3572=VERTEX_POINT('',#10570);
#3573=VERTEX_POINT('',#10572);
#3574=VERTEX_POINT('',#10574);
#3575=VERTEX_POINT('',#10577);
#3576=VERTEX_POINT('',#10578);
#3577=VERTEX_POINT('',#10580);
#3578=VERTEX_POINT('',#10582);
#3579=VERTEX_POINT('',#10585);
#3580=VERTEX_POINT('',#10586);
#3581=VERTEX_POINT('',#10588);
#3582=VERTEX_POINT('',#10590);
#3583=VERTEX_POINT('',#10593);
#3584=VERTEX_POINT('',#10594);
#3585=VERTEX_POINT('',#10596);
#3586=VERTEX_POINT('',#10598);
#3587=VERTEX_POINT('',#10601);
#3588=VERTEX_POINT('',#10602);
#3589=VERTEX_POINT('',#10604);
#3590=VERTEX_POINT('',#10606);
#3591=VERTEX_POINT('',#10609);
#3592=VERTEX_POINT('',#10610);
#3593=VERTEX_POINT('',#10612);
#3594=VERTEX_POINT('',#10614);
#3595=VERTEX_POINT('',#10617);
#3596=VERTEX_POINT('',#10618);
#3597=VERTEX_POINT('',#10620);
#3598=VERTEX_POINT('',#10622);
#3599=VERTEX_POINT('',#10625);
#3600=VERTEX_POINT('',#10626);
#3601=VERTEX_POINT('',#10628);
#3602=VERTEX_POINT('',#10630);
#3603=VERTEX_POINT('',#10633);
#3604=VERTEX_POINT('',#10634);
#3605=VERTEX_POINT('',#10636);
#3606=VERTEX_POINT('',#10638);
#3607=VERTEX_POINT('',#10652);
#3608=VERTEX_POINT('',#10653);
#3609=VERTEX_POINT('',#10655);
#3610=VERTEX_POINT('',#10657);
#3611=VERTEX_POINT('',#10660);
#3612=VERTEX_POINT('',#10661);
#3613=VERTEX_POINT('',#10663);
#3614=VERTEX_POINT('',#10665);
#3615=VERTEX_POINT('',#10670);
#3616=VERTEX_POINT('',#10671);
#3617=VERTEX_POINT('',#10673);
#3618=VERTEX_POINT('',#10675);
#3619=VERTEX_POINT('',#10678);
#3620=VERTEX_POINT('',#10679);
#3621=VERTEX_POINT('',#10681);
#3622=VERTEX_POINT('',#10683);
#3623=VERTEX_POINT('',#10688);
#3624=VERTEX_POINT('',#10689);
#3625=VERTEX_POINT('',#10691);
#3626=VERTEX_POINT('',#10693);
#3627=VERTEX_POINT('',#10696);
#3628=VERTEX_POINT('',#10697);
#3629=VERTEX_POINT('',#10699);
#3630=VERTEX_POINT('',#10701);
#3631=VERTEX_POINT('',#10796);
#3632=VERTEX_POINT('',#10797);
#3633=VERTEX_POINT('',#10799);
#3634=VERTEX_POINT('',#10801);
#3635=VERTEX_POINT('',#10805);
#3636=VERTEX_POINT('',#10806);
#3637=VERTEX_POINT('',#10808);
#3638=VERTEX_POINT('',#10810);
#3639=VERTEX_POINT('',#10814);
#3640=VERTEX_POINT('',#10815);
#3641=VERTEX_POINT('',#10817);
#3642=VERTEX_POINT('',#10819);
#3643=VERTEX_POINT('',#10823);
#3644=VERTEX_POINT('',#10824);
#3645=VERTEX_POINT('',#10826);
#3646=VERTEX_POINT('',#10828);
#3647=VERTEX_POINT('',#10832);
#3648=VERTEX_POINT('',#10833);
#3649=VERTEX_POINT('',#10835);
#3650=VERTEX_POINT('',#10837);
#3651=VERTEX_POINT('',#10841);
#3652=VERTEX_POINT('',#10842);
#3653=VERTEX_POINT('',#10844);
#3654=VERTEX_POINT('',#10846);
#3655=VERTEX_POINT('',#10850);
#3656=VERTEX_POINT('',#10851);
#3657=VERTEX_POINT('',#10853);
#3658=VERTEX_POINT('',#10855);
#3659=VERTEX_POINT('',#10859);
#3660=VERTEX_POINT('',#10860);
#3661=VERTEX_POINT('',#10862);
#3662=VERTEX_POINT('',#10864);
#3663=VERTEX_POINT('',#10868);
#3664=VERTEX_POINT('',#10869);
#3665=VERTEX_POINT('',#10871);
#3666=VERTEX_POINT('',#10873);
#3667=VERTEX_POINT('',#10877);
#3668=VERTEX_POINT('',#10878);
#3669=VERTEX_POINT('',#10880);
#3670=VERTEX_POINT('',#10882);
#3671=VERTEX_POINT('',#10886);
#3672=VERTEX_POINT('',#10887);
#3673=VERTEX_POINT('',#10889);
#3674=VERTEX_POINT('',#10891);
#3675=VERTEX_POINT('',#10895);
#3676=VERTEX_POINT('',#10896);
#3677=VERTEX_POINT('',#10898);
#3678=VERTEX_POINT('',#10900);
#3679=VERTEX_POINT('',#10904);
#3680=VERTEX_POINT('',#10905);
#3681=VERTEX_POINT('',#10907);
#3682=VERTEX_POINT('',#10909);
#3683=VERTEX_POINT('',#10913);
#3684=VERTEX_POINT('',#10914);
#3685=VERTEX_POINT('',#10916);
#3686=VERTEX_POINT('',#10918);
#3687=VERTEX_POINT('',#10922);
#3688=VERTEX_POINT('',#10923);
#3689=VERTEX_POINT('',#10925);
#3690=VERTEX_POINT('',#10927);
#3691=VERTEX_POINT('',#10931);
#3692=VERTEX_POINT('',#10932);
#3693=VERTEX_POINT('',#10934);
#3694=VERTEX_POINT('',#10936);
#3695=VERTEX_POINT('',#10940);
#3696=VERTEX_POINT('',#10941);
#3697=VERTEX_POINT('',#10943);
#3698=VERTEX_POINT('',#10945);
#3699=VERTEX_POINT('',#10949);
#3700=VERTEX_POINT('',#10950);
#3701=VERTEX_POINT('',#10952);
#3702=VERTEX_POINT('',#10954);
#3703=VERTEX_POINT('',#10958);
#3704=VERTEX_POINT('',#10959);
#3705=VERTEX_POINT('',#10961);
#3706=VERTEX_POINT('',#10963);
#3707=VERTEX_POINT('',#10967);
#3708=VERTEX_POINT('',#10968);
#3709=VERTEX_POINT('',#10970);
#3710=VERTEX_POINT('',#10972);
#3711=VERTEX_POINT('',#10976);
#3712=VERTEX_POINT('',#10978);
#3713=VERTEX_POINT('',#10980);
#3714=VERTEX_POINT('',#10982);
#3715=VERTEX_POINT('',#10984);
#3716=VERTEX_POINT('',#10986);
#3717=VERTEX_POINT('',#10993);
#3718=VERTEX_POINT('',#10995);
#3719=VERTEX_POINT('',#10999);
#3720=VERTEX_POINT('',#11004);
#3721=VERTEX_POINT('',#11006);
#3722=VERTEX_POINT('',#11008);
#3723=VERTEX_POINT('',#11010);
#3724=VERTEX_POINT('',#11012);
#3725=VERTEX_POINT('',#11014);
#3726=VERTEX_POINT('',#11018);
#3727=VERTEX_POINT('',#11020);
#3728=VERTEX_POINT('',#11022);
#3729=VERTEX_POINT('',#11024);
#3730=VERTEX_POINT('',#11026);
#3731=VERTEX_POINT('',#11028);
#3732=VERTEX_POINT('',#11033);
#3733=VERTEX_POINT('',#11037);
#3734=VERTEX_POINT('',#11039);
#3735=VERTEX_POINT('',#11041);
#3736=VERTEX_POINT('',#11043);
#3737=VERTEX_POINT('',#11045);
#3738=VERTEX_POINT('',#11050);
#3739=VERTEX_POINT('',#11054);
#3740=VERTEX_POINT('',#11056);
#3741=VERTEX_POINT('',#11058);
#3742=VERTEX_POINT('',#11060);
#3743=VERTEX_POINT('',#11062);
#3744=VERTEX_POINT('',#11066);
#3745=VERTEX_POINT('',#11068);
#3746=VERTEX_POINT('',#11070);
#3747=VERTEX_POINT('',#11072);
#3748=VERTEX_POINT('',#11074);
#3749=VERTEX_POINT('',#11076);
#3750=VERTEX_POINT('',#11080);
#3751=VERTEX_POINT('',#11082);
#3752=VERTEX_POINT('',#11084);
#3753=VERTEX_POINT('',#11086);
#3754=VERTEX_POINT('',#11088);
#3755=VERTEX_POINT('',#11090);
#3756=VERTEX_POINT('',#11095);
#3757=VERTEX_POINT('',#11099);
#3758=VERTEX_POINT('',#11101);
#3759=VERTEX_POINT('',#11103);
#3760=VERTEX_POINT('',#11105);
#3761=VERTEX_POINT('',#11107);
#3762=VERTEX_POINT('',#11112);
#3763=VERTEX_POINT('',#11116);
#3764=VERTEX_POINT('',#11118);
#3765=VERTEX_POINT('',#11120);
#3766=VERTEX_POINT('',#11122);
#3767=VERTEX_POINT('',#11124);
#3768=VERTEX_POINT('',#11128);
#3769=VERTEX_POINT('',#11130);
#3770=VERTEX_POINT('',#11132);
#3771=VERTEX_POINT('',#11134);
#3772=VERTEX_POINT('',#11136);
#3773=VERTEX_POINT('',#11138);
#3774=VERTEX_POINT('',#11142);
#3775=VERTEX_POINT('',#11144);
#3776=VERTEX_POINT('',#11146);
#3777=VERTEX_POINT('',#11148);
#3778=VERTEX_POINT('',#11150);
#3779=VERTEX_POINT('',#11152);
#3780=VERTEX_POINT('',#11157);
#3781=VERTEX_POINT('',#11161);
#3782=VERTEX_POINT('',#11163);
#3783=VERTEX_POINT('',#11165);
#3784=VERTEX_POINT('',#11167);
#3785=VERTEX_POINT('',#11169);
#3786=VERTEX_POINT('',#11174);
#3787=VERTEX_POINT('',#11178);
#3788=VERTEX_POINT('',#11180);
#3789=VERTEX_POINT('',#11182);
#3790=VERTEX_POINT('',#11184);
#3791=VERTEX_POINT('',#11186);
#3792=VERTEX_POINT('',#11190);
#3793=VERTEX_POINT('',#11192);
#3794=VERTEX_POINT('',#11194);
#3795=VERTEX_POINT('',#11196);
#3796=VERTEX_POINT('',#11198);
#3797=VERTEX_POINT('',#11200);
#3798=VERTEX_POINT('',#11204);
#3799=VERTEX_POINT('',#11206);
#3800=VERTEX_POINT('',#11208);
#3801=VERTEX_POINT('',#11210);
#3802=VERTEX_POINT('',#11212);
#3803=VERTEX_POINT('',#11214);
#3804=VERTEX_POINT('',#11219);
#3805=VERTEX_POINT('',#11223);
#3806=VERTEX_POINT('',#11225);
#3807=VERTEX_POINT('',#11227);
#3808=VERTEX_POINT('',#11229);
#3809=VERTEX_POINT('',#11231);
#3810=VERTEX_POINT('',#11236);
#3811=VERTEX_POINT('',#11240);
#3812=VERTEX_POINT('',#11242);
#3813=VERTEX_POINT('',#11244);
#3814=VERTEX_POINT('',#11246);
#3815=VERTEX_POINT('',#11248);
#3816=VERTEX_POINT('',#11252);
#3817=VERTEX_POINT('',#11254);
#3818=VERTEX_POINT('',#11256);
#3819=VERTEX_POINT('',#11258);
#3820=VERTEX_POINT('',#11260);
#3821=VERTEX_POINT('',#11264);
#3822=VERTEX_POINT('',#11266);
#3823=VERTEX_POINT('',#11268);
#3824=VERTEX_POINT('',#11270);
#3825=VERTEX_POINT('',#11272);
#3826=VERTEX_POINT('',#11276);
#3827=VERTEX_POINT('',#11278);
#3828=VERTEX_POINT('',#11280);
#3829=VERTEX_POINT('',#11282);
#3830=VERTEX_POINT('',#11284);
#3831=VERTEX_POINT('',#11288);
#3832=VERTEX_POINT('',#11289);
#3833=VERTEX_POINT('',#11291);
#3834=VERTEX_POINT('',#11293);
#3835=VERTEX_POINT('',#11410);
#3836=VERTEX_POINT('',#11412);
#3837=VERTEX_POINT('',#11416);
#3838=VERTEX_POINT('',#11417);
#3839=VERTEX_POINT('',#11435);
#3840=VERTEX_POINT('',#11436);
#3841=VERTEX_POINT('',#11438);
#3842=VERTEX_POINT('',#11440);
#3843=VERTEX_POINT('',#11444);
#3844=VERTEX_POINT('',#11446);
#3845=VERTEX_POINT('',#11456);
#3846=VERTEX_POINT('',#11457);
#3847=VERTEX_POINT('',#11459);
#3848=VERTEX_POINT('',#11461);
#3849=VERTEX_POINT('',#11465);
#3850=VERTEX_POINT('',#11467);
#3851=VERTEX_POINT('',#11471);
#3852=VERTEX_POINT('',#11473);
#3853=VERTEX_POINT('',#11477);
#3854=VERTEX_POINT('',#11479);
#3855=VERTEX_POINT('',#11488);
#3856=VERTEX_POINT('',#11489);
#3857=VERTEX_POINT('',#11491);
#3858=VERTEX_POINT('',#11493);
#3859=VERTEX_POINT('',#11497);
#3860=VERTEX_POINT('',#11499);
#3861=VERTEX_POINT('',#11503);
#3862=VERTEX_POINT('',#11505);
#3863=VERTEX_POINT('',#11509);
#3864=VERTEX_POINT('',#11511);
#3865=VERTEX_POINT('',#11527);
#3866=VERTEX_POINT('',#11528);
#3867=VERTEX_POINT('',#11530);
#3868=VERTEX_POINT('',#11535);
#3869=VERTEX_POINT('',#11542);
#3870=VERTEX_POINT('',#11544);
#3871=VERTEX_POINT('',#11548);
#3872=VERTEX_POINT('',#11550);
#3873=VERTEX_POINT('',#11554);
#3874=VERTEX_POINT('',#11556);
#3875=VERTEX_POINT('',#11560);
#3876=VERTEX_POINT('',#11562);
#3877=VERTEX_POINT('',#11566);
#3878=VERTEX_POINT('',#11568);
#3879=VERTEX_POINT('',#11572);
#3880=VERTEX_POINT('',#11574);
#3881=VERTEX_POINT('',#11578);
#3882=VERTEX_POINT('',#11580);
#3883=VERTEX_POINT('',#11584);
#3884=VERTEX_POINT('',#11586);
#3885=VERTEX_POINT('',#11590);
#3886=VERTEX_POINT('',#11592);
#3887=VERTEX_POINT('',#11596);
#3888=VERTEX_POINT('',#11598);
#3889=VERTEX_POINT('',#11602);
#3890=VERTEX_POINT('',#11604);
#3891=VERTEX_POINT('',#11608);
#3892=VERTEX_POINT('',#11610);
#3893=VERTEX_POINT('',#11614);
#3894=VERTEX_POINT('',#11616);
#3895=VERTEX_POINT('',#11620);
#3896=VERTEX_POINT('',#11622);
#3897=VERTEX_POINT('',#11631);
#3898=VERTEX_POINT('',#11632);
#3899=VERTEX_POINT('',#11634);
#3900=VERTEX_POINT('',#11636);
#3901=VERTEX_POINT('',#11640);
#3902=VERTEX_POINT('',#11642);
#3903=VERTEX_POINT('',#11646);
#3904=VERTEX_POINT('',#11648);
#3905=VERTEX_POINT('',#11652);
#3906=VERTEX_POINT('',#11654);
#3907=VERTEX_POINT('',#11663);
#3908=VERTEX_POINT('',#11664);
#3909=VERTEX_POINT('',#11666);
#3910=VERTEX_POINT('',#11668);
#3911=VERTEX_POINT('',#11672);
#3912=VERTEX_POINT('',#11674);
#3913=VERTEX_POINT('',#11678);
#3914=VERTEX_POINT('',#11680);
#3915=VERTEX_POINT('',#11684);
#3916=VERTEX_POINT('',#11686);
#3917=VERTEX_POINT('',#11702);
#3918=VERTEX_POINT('',#11703);
#3919=VERTEX_POINT('',#11705);
#3920=VERTEX_POINT('',#11707);
#3921=VERTEX_POINT('',#11718);
#3922=VERTEX_POINT('',#11720);
#3923=VERTEX_POINT('',#11724);
#3924=VERTEX_POINT('',#11726);
#3925=VERTEX_POINT('',#11730);
#3926=VERTEX_POINT('',#11732);
#3927=VERTEX_POINT('',#11743);
#3928=VERTEX_POINT('',#11748);
#3929=VERTEX_POINT('',#11755);
#3930=VERTEX_POINT('',#11757);
#3931=VERTEX_POINT('',#11761);
#3932=VERTEX_POINT('',#11763);
#3933=VERTEX_POINT('',#11774);
#3934=VERTEX_POINT('',#11779);
#3935=VERTEX_POINT('',#11793);
#3936=VERTEX_POINT('',#11798);
#3937=VERTEX_POINT('',#11805);
#3938=VERTEX_POINT('',#11807);
#3939=VERTEX_POINT('',#11811);
#3940=VERTEX_POINT('',#11813);
#3941=VERTEX_POINT('',#11824);
#3942=VERTEX_POINT('',#11826);
#3943=VERTEX_POINT('',#11837);
#3944=VERTEX_POINT('',#11839);
#3945=VERTEX_POINT('',#11843);
#3946=VERTEX_POINT('',#11845);
#3947=VERTEX_POINT('',#11849);
#3948=VERTEX_POINT('',#11851);
#3949=VERTEX_POINT('',#11855);
#3950=VERTEX_POINT('',#11857);
#3951=VERTEX_POINT('',#11861);
#3952=VERTEX_POINT('',#11863);
#3953=VERTEX_POINT('',#11867);
#3954=VERTEX_POINT('',#11869);
#3955=VERTEX_POINT('',#11873);
#3956=VERTEX_POINT('',#11875);
#3957=VERTEX_POINT('',#11879);
#3958=VERTEX_POINT('',#11881);
#3959=VERTEX_POINT('',#11885);
#3960=VERTEX_POINT('',#11887);
#3961=VERTEX_POINT('',#11891);
#3962=VERTEX_POINT('',#11893);
#3963=VERTEX_POINT('',#11897);
#3964=VERTEX_POINT('',#11899);
#3965=VERTEX_POINT('',#11908);
#3966=VERTEX_POINT('',#11909);
#3967=VERTEX_POINT('',#11911);
#3968=VERTEX_POINT('',#11913);
#3969=VERTEX_POINT('',#11917);
#3970=VERTEX_POINT('',#11919);
#3971=VERTEX_POINT('',#11923);
#3972=VERTEX_POINT('',#11925);
#3973=VERTEX_POINT('',#11929);
#3974=VERTEX_POINT('',#11931);
#3975=VERTEX_POINT('',#11935);
#3976=VERTEX_POINT('',#11937);
#3977=VERTEX_POINT('',#11948);
#3978=VERTEX_POINT('',#11953);
#3979=VERTEX_POINT('',#11967);
#3980=VERTEX_POINT('',#11972);
#3981=VERTEX_POINT('',#11986);
#3982=VERTEX_POINT('',#11991);
#3983=VERTEX_POINT('',#12005);
#3984=VERTEX_POINT('',#12010);
#3985=VERTEX_POINT('',#12024);
#3986=VERTEX_POINT('',#12029);
#3987=VERTEX_POINT('',#12036);
#3988=VERTEX_POINT('',#12038);
#3989=VERTEX_POINT('',#12042);
#3990=VERTEX_POINT('',#12044);
#3991=VERTEX_POINT('',#12048);
#3992=VERTEX_POINT('',#12050);
#3993=VERTEX_POINT('',#12054);
#3994=VERTEX_POINT('',#12056);
#3995=VERTEX_POINT('',#12060);
#3996=VERTEX_POINT('',#12062);
#3997=VERTEX_POINT('',#12073);
#3998=VERTEX_POINT('',#12078);
#3999=VERTEX_POINT('',#12092);
#4000=VERTEX_POINT('',#12094);
#4001=VERTEX_POINT('',#12105);
#4002=VERTEX_POINT('',#12110);
#4003=VERTEX_POINT('',#12117);
#4004=VERTEX_POINT('',#12119);
#4005=VERTEX_POINT('',#12123);
#4006=VERTEX_POINT('',#12125);
#4007=VERTEX_POINT('',#12136);
#4008=VERTEX_POINT('',#12138);
#4009=VERTEX_POINT('',#12149);
#4010=VERTEX_POINT('',#12154);
#4011=VERTEX_POINT('',#12161);
#4012=VERTEX_POINT('',#12163);
#4013=VERTEX_POINT('',#12179);
#4014=VERTEX_POINT('',#12180);
#4015=VERTEX_POINT('',#12182);
#4016=VERTEX_POINT('',#12187);
#4017=VERTEX_POINT('',#12201);
#4018=VERTEX_POINT('',#12206);
#4019=VERTEX_POINT('',#12220);
#4020=VERTEX_POINT('',#12225);
#4021=VERTEX_POINT('',#12239);
#4022=VERTEX_POINT('',#12241);
#4023=VERTEX_POINT('',#12252);
#4024=VERTEX_POINT('',#12257);
#4025=VERTEX_POINT('',#12271);
#4026=VERTEX_POINT('',#12276);
#4027=VERTEX_POINT('',#12290);
#4028=VERTEX_POINT('',#12292);
#4029=VERTEX_POINT('',#12303);
#4030=VERTEX_POINT('',#12308);
#4031=VERTEX_POINT('',#12315);
#4032=VERTEX_POINT('',#12317);
#4033=VERTEX_POINT('',#12321);
#4034=VERTEX_POINT('',#12323);
#4035=VERTEX_POINT('',#12327);
#4036=VERTEX_POINT('',#12329);
#4037=VERTEX_POINT('',#12333);
#4038=VERTEX_POINT('',#12335);
#4039=VERTEX_POINT('',#12339);
#4040=VERTEX_POINT('',#12341);
#4041=VERTEX_POINT('',#12345);
#4042=VERTEX_POINT('',#12347);
#4043=VERTEX_POINT('',#12351);
#4044=VERTEX_POINT('',#12353);
#4045=VERTEX_POINT('',#12357);
#4046=VERTEX_POINT('',#12359);
#4047=VERTEX_POINT('',#12363);
#4048=VERTEX_POINT('',#12365);
#4049=VERTEX_POINT('',#12376);
#4050=VERTEX_POINT('',#12381);
#4051=VERTEX_POINT('',#12395);
#4052=VERTEX_POINT('',#12397);
#4053=VERTEX_POINT('',#12426);
#4054=VERTEX_POINT('',#12427);
#4055=VERTEX_POINT('',#12429);
#4056=VERTEX_POINT('',#12431);
#4057=VERTEX_POINT('',#12435);
#4058=VERTEX_POINT('',#12437);
#4059=VERTEX_POINT('',#12441);
#4060=VERTEX_POINT('',#12443);
#4061=VERTEX_POINT('',#12454);
#4062=VERTEX_POINT('',#12459);
#4063=VERTEX_POINT('',#12473);
#4064=VERTEX_POINT('',#12478);
#4065=VERTEX_POINT('',#12485);
#4066=VERTEX_POINT('',#12487);
#4067=VERTEX_POINT('',#12491);
#4068=VERTEX_POINT('',#12493);
#4069=VERTEX_POINT('',#12504);
#4070=VERTEX_POINT('',#12509);
#4071=VERTEX_POINT('',#12523);
#4072=VERTEX_POINT('',#12528);
#4073=VERTEX_POINT('',#12542);
#4074=VERTEX_POINT('',#12547);
#4075=VERTEX_POINT('',#12554);
#4076=VERTEX_POINT('',#12556);
#4077=VERTEX_POINT('',#12560);
#4078=VERTEX_POINT('',#12562);
#4079=VERTEX_POINT('',#12566);
#4080=VERTEX_POINT('',#12568);
#4081=VERTEX_POINT('',#12572);
#4082=VERTEX_POINT('',#12574);
#4083=VERTEX_POINT('',#12578);
#4084=VERTEX_POINT('',#12580);
#4085=VERTEX_POINT('',#12584);
#4086=VERTEX_POINT('',#12586);
#4087=VERTEX_POINT('',#12606);
#4088=VERTEX_POINT('',#12607);
#4089=VERTEX_POINT('',#12609);
#4090=VERTEX_POINT('',#12611);
#4091=VERTEX_POINT('',#12615);
#4092=VERTEX_POINT('',#12617);
#4093=VERTEX_POINT('',#12621);
#4094=VERTEX_POINT('',#12623);
#4095=VERTEX_POINT('',#12627);
#4096=VERTEX_POINT('',#12629);
#4097=VERTEX_POINT('',#12645);
#4098=VERTEX_POINT('',#12646);
#4099=VERTEX_POINT('',#12648);
#4100=VERTEX_POINT('',#12650);
#4101=VERTEX_POINT('',#12661);
#4102=VERTEX_POINT('',#12666);
#4103=VERTEX_POINT('',#12680);
#4104=VERTEX_POINT('',#12685);
#4105=VERTEX_POINT('',#12699);
#4106=VERTEX_POINT('',#12704);
#4107=VERTEX_POINT('',#12722);
#4108=VERTEX_POINT('',#12727);
#4109=VERTEX_POINT('',#12734);
#4110=VERTEX_POINT('',#12736);
#4111=VERTEX_POINT('',#12740);
#4112=VERTEX_POINT('',#12742);
#4113=VERTEX_POINT('',#12746);
#4114=VERTEX_POINT('',#12748);
#4115=VERTEX_POINT('',#12752);
#4116=VERTEX_POINT('',#12754);
#4117=VERTEX_POINT('',#12758);
#4118=VERTEX_POINT('',#12760);
#4119=VERTEX_POINT('',#12764);
#4120=VERTEX_POINT('',#12766);
#4121=VERTEX_POINT('',#12777);
#4122=VERTEX_POINT('',#12782);
#4123=VERTEX_POINT('',#12796);
#4124=VERTEX_POINT('',#12801);
#4125=VERTEX_POINT('',#12808);
#4126=VERTEX_POINT('',#12810);
#4127=VERTEX_POINT('',#12814);
#4128=VERTEX_POINT('',#12816);
#4129=VERTEX_POINT('',#12836);
#4130=VERTEX_POINT('',#12837);
#4131=VERTEX_POINT('',#12839);
#4132=VERTEX_POINT('',#12841);
#4133=VERTEX_POINT('',#12845);
#4134=VERTEX_POINT('',#12847);
#4135=VERTEX_POINT('',#12851);
#4136=VERTEX_POINT('',#12853);
#4137=VERTEX_POINT('',#12857);
#4138=VERTEX_POINT('',#12859);
#4139=EDGE_CURVE('',#3469,#3470,#1755,.T.);
#4140=EDGE_CURVE('',#3470,#3471,#1711,.T.);
#4141=EDGE_CURVE('',#3471,#3472,#1756,.T.);
#4142=EDGE_CURVE('',#3469,#3472,#1712,.T.);
#4143=EDGE_CURVE('',#3470,#3473,#1757,.T.);
#4144=EDGE_CURVE('',#3473,#3474,#1713,.T.);
#4145=EDGE_CURVE('',#3474,#3471,#1758,.T.);
#4146=EDGE_CURVE('',#3473,#3475,#1759,.T.);
#4147=EDGE_CURVE('',#3475,#3476,#1714,.T.);
#4148=EDGE_CURVE('',#3476,#3474,#1760,.T.);
#4149=EDGE_CURVE('',#3475,#3477,#1761,.T.);
#4150=EDGE_CURVE('',#3477,#3478,#1715,.T.);
#4151=EDGE_CURVE('',#3478,#3476,#1762,.T.);
#4152=EDGE_CURVE('',#3477,#3479,#1763,.T.);
#4153=EDGE_CURVE('',#3479,#3480,#1716,.T.);
#4154=EDGE_CURVE('',#3480,#3478,#1764,.T.);
#4155=EDGE_CURVE('',#3481,#3482,#831,.F.);
#4156=EDGE_CURVE('',#3483,#3481,#832,.F.);
#4157=EDGE_CURVE('',#3482,#3483,#833,.F.);
#4158=EDGE_CURVE('',#3484,#3485,#834,.F.);
#4159=EDGE_CURVE('',#3486,#3484,#835,.F.);
#4160=EDGE_CURVE('',#3485,#3486,#836,.F.);
#4161=EDGE_CURVE('',#3487,#3486,#1765,.T.);
#4162=EDGE_CURVE('',#3484,#3488,#1766,.T.);
#4163=EDGE_CURVE('',#3488,#3487,#1717,.T.);
#4164=EDGE_CURVE('',#3479,#3485,#1767,.T.);
#4165=EDGE_CURVE('',#3486,#3480,#1768,.T.);
#4166=EDGE_CURVE('',#3489,#3490,#837,.F.);
#4167=EDGE_CURVE('',#3491,#3489,#838,.F.);
#4168=EDGE_CURVE('',#3490,#3491,#839,.F.);
#4169=EDGE_CURVE('',#3492,#3493,#840,.F.);
#4170=EDGE_CURVE('',#3494,#3492,#841,.F.);
#4171=EDGE_CURVE('',#3493,#3494,#842,.F.);
#4172=EDGE_CURVE('',#3492,#3484,#1769,.T.);
#4173=EDGE_CURVE('',#3485,#3494,#1770,.T.);
#4174=EDGE_CURVE('',#3495,#3496,#843,.F.);
#4175=EDGE_CURVE('',#3497,#3495,#844,.F.);
#4176=EDGE_CURVE('',#3496,#3497,#845,.F.);
#4177=EDGE_CURVE('',#3498,#3499,#846,.F.);
#4178=EDGE_CURVE('',#3500,#3498,#847,.F.);
#4179=EDGE_CURVE('',#3499,#3500,#848,.F.);
#4180=EDGE_CURVE('',#3501,#3500,#1771,.T.);
#4181=EDGE_CURVE('',#3498,#3502,#1772,.T.);
#4182=EDGE_CURVE('',#3502,#3501,#1718,.T.);
#4183=EDGE_CURVE('',#3495,#3499,#1773,.T.);
#4184=EDGE_CURVE('',#3500,#3497,#1774,.T.);
#4185=EDGE_CURVE('',#3503,#3498,#1775,.T.);
#4186=EDGE_CURVE('',#3499,#3504,#1776,.T.);
#4187=EDGE_CURVE('',#3504,#3503,#1719,.T.);
#4188=EDGE_CURVE('',#3504,#3505,#1777,.T.);
#4189=EDGE_CURVE('',#3505,#3506,#1720,.T.);
#4190=EDGE_CURVE('',#3506,#3503,#1778,.T.);
#4191=EDGE_CURVE('',#3505,#3507,#1779,.T.);
#4192=EDGE_CURVE('',#3507,#3508,#1721,.T.);
#4193=EDGE_CURVE('',#3508,#3506,#1780,.T.);
#4194=EDGE_CURVE('',#3507,#3509,#1781,.T.);
#4195=EDGE_CURVE('',#3509,#3510,#1722,.T.);
#4196=EDGE_CURVE('',#3510,#3508,#1782,.T.);
#4197=EDGE_CURVE('',#3511,#3510,#1783,.T.);
#4198=EDGE_CURVE('',#3509,#3512,#1784,.T.);
#4199=EDGE_CURVE('',#3512,#3511,#1723,.T.);
#4200=EDGE_CURVE('',#3513,#3511,#1785,.T.);
#4201=EDGE_CURVE('',#3512,#3514,#1786,.T.);
#4202=EDGE_CURVE('',#3514,#3513,#1724,.T.);
#4203=EDGE_CURVE('',#3515,#3513,#1787,.T.);
#4204=EDGE_CURVE('',#3514,#3516,#1788,.T.);
#4205=EDGE_CURVE('',#3516,#3515,#1725,.T.);
#4206=EDGE_CURVE('',#3517,#3515,#1789,.T.);
#4207=EDGE_CURVE('',#3516,#3518,#1790,.T.);
#4208=EDGE_CURVE('',#3518,#3517,#1726,.T.);
#4209=EDGE_CURVE('',#3519,#3517,#1791,.T.);
#4210=EDGE_CURVE('',#3518,#3520,#1792,.T.);
#4211=EDGE_CURVE('',#3520,#3519,#1727,.T.);
#4212=EDGE_CURVE('',#3490,#3496,#1793,.T.);
#4213=EDGE_CURVE('',#3497,#3489,#1794,.T.);
#4214=EDGE_CURVE('',#3496,#3493,#1795,.T.);
#4215=EDGE_CURVE('',#3494,#3495,#1796,.T.);
#4216=EDGE_CURVE('',#3502,#3491,#1797,.T.);
#4217=EDGE_CURVE('',#3489,#3501,#1798,.T.);
#4218=EDGE_CURVE('',#3521,#3519,#1799,.T.);
#4219=EDGE_CURVE('',#3520,#3522,#1800,.T.);
#4220=EDGE_CURVE('',#3522,#3521,#1728,.T.);
#4221=EDGE_CURVE('',#3493,#3482,#1801,.T.);
#4222=EDGE_CURVE('',#3483,#3492,#1802,.T.);
#4223=EDGE_CURVE('',#3482,#3490,#1803,.T.);
#4224=EDGE_CURVE('',#3491,#3481,#1804,.T.);
#4225=EDGE_CURVE('',#3523,#3521,#1805,.T.);
#4226=EDGE_CURVE('',#3522,#3524,#1806,.T.);
#4227=EDGE_CURVE('',#3524,#3523,#1729,.T.);
#4228=EDGE_CURVE('',#3488,#3483,#1807,.T.);
#4229=EDGE_CURVE('',#3481,#3487,#1808,.T.);
#4230=EDGE_CURVE('',#3525,#3523,#1809,.T.);
#4231=EDGE_CURVE('',#3524,#3526,#1810,.T.);
#4232=EDGE_CURVE('',#3526,#3525,#1730,.T.);
#4233=EDGE_CURVE('',#3527,#3525,#1811,.T.);
#4234=EDGE_CURVE('',#3526,#3528,#1812,.T.);
#4235=EDGE_CURVE('',#3528,#3527,#1731,.T.);
#4236=EDGE_CURVE('',#3529,#3527,#1813,.T.);
#4237=EDGE_CURVE('',#3528,#3530,#1814,.T.);
#4238=EDGE_CURVE('',#3530,#3529,#1732,.T.);
#4239=EDGE_CURVE('',#3472,#3529,#1815,.T.);
#4240=EDGE_CURVE('',#3530,#3469,#1816,.T.);
#4241=EDGE_CURVE('',#3529,#3531,#1817,.T.);
#4242=EDGE_CURVE('',#3532,#3531,#1818,.T.);
#4243=EDGE_CURVE('',#3527,#3532,#1819,.T.);
#4244=EDGE_CURVE('',#3472,#3533,#1820,.T.);
#4245=EDGE_CURVE('',#3531,#3533,#1821,.T.);
#4246=EDGE_CURVE('',#3534,#3535,#1822,.T.);
#4247=EDGE_CURVE('',#3536,#3534,#1823,.T.);
#4248=EDGE_CURVE('',#3537,#3536,#1824,.T.);
#4249=EDGE_CURVE('',#3535,#3537,#1825,.T.);
#4250=EDGE_CURVE('',#3538,#3539,#1826,.T.);
#4251=EDGE_CURVE('',#3540,#3538,#1827,.T.);
#4252=EDGE_CURVE('',#3541,#3540,#1828,.T.);
#4253=EDGE_CURVE('',#3539,#3541,#1829,.T.);
#4254=EDGE_CURVE('',#3542,#3471,#1830,.T.);
#4255=EDGE_CURVE('',#3533,#3542,#1831,.T.);
#4256=EDGE_CURVE('',#3474,#3543,#1832,.T.);
#4257=EDGE_CURVE('',#3542,#3543,#1833,.T.);
#4258=EDGE_CURVE('',#3476,#3544,#1834,.T.);
#4259=EDGE_CURVE('',#3543,#3544,#1835,.T.);
#4260=EDGE_CURVE('',#3478,#3545,#1836,.T.);
#4261=EDGE_CURVE('',#3544,#3545,#1837,.T.);
#4262=EDGE_CURVE('',#3546,#3547,#1838,.T.);
#4263=EDGE_CURVE('',#3548,#3546,#1839,.T.);
#4264=EDGE_CURVE('',#3549,#3548,#1840,.T.);
#4265=EDGE_CURVE('',#3547,#3549,#1841,.T.);
#4266=EDGE_CURVE('',#3550,#3551,#1842,.T.);
#4267=EDGE_CURVE('',#3552,#3550,#1843,.T.);
#4268=EDGE_CURVE('',#3553,#3552,#1844,.T.);
#4269=EDGE_CURVE('',#3551,#3553,#1845,.T.);
#4270=EDGE_CURVE('',#3554,#3480,#1846,.T.);
#4271=EDGE_CURVE('',#3545,#3554,#1847,.T.);
#4272=EDGE_CURVE('',#3554,#3487,#1848,.T.);
#4273=EDGE_CURVE('',#3502,#3555,#1849,.T.);
#4274=EDGE_CURVE('',#3555,#3556,#1850,.T.);
#4275=EDGE_CURVE('',#3556,#3557,#1851,.T.);
#4276=EDGE_CURVE('',#3557,#3558,#1852,.T.);
#4277=EDGE_CURVE('',#3558,#3559,#1853,.T.);
#4278=EDGE_CURVE('',#3559,#3560,#1854,.T.);
#4279=EDGE_CURVE('',#3560,#3561,#1855,.T.);
#4280=EDGE_CURVE('',#3561,#3562,#1856,.T.);
#4281=EDGE_CURVE('',#3562,#3563,#1857,.T.);
#4282=EDGE_CURVE('',#3563,#3564,#1858,.T.);
#4283=EDGE_CURVE('',#3564,#3565,#1859,.T.);
#4284=EDGE_CURVE('',#3565,#3566,#1860,.T.);
#4285=EDGE_CURVE('',#3566,#3532,#1861,.T.);
#4286=EDGE_CURVE('',#3567,#3568,#1862,.T.);
#4287=EDGE_CURVE('',#3568,#3569,#1863,.T.);
#4288=EDGE_CURVE('',#3569,#3570,#1864,.T.);
#4289=EDGE_CURVE('',#3570,#3567,#1865,.T.);
#4290=EDGE_CURVE('',#3571,#3572,#1866,.T.);
#4291=EDGE_CURVE('',#3572,#3573,#1867,.T.);
#4292=EDGE_CURVE('',#3573,#3574,#1868,.T.);
#4293=EDGE_CURVE('',#3574,#3571,#1869,.T.);
#4294=EDGE_CURVE('',#3575,#3576,#1870,.T.);
#4295=EDGE_CURVE('',#3576,#3577,#1871,.T.);
#4296=EDGE_CURVE('',#3577,#3578,#1872,.T.);
#4297=EDGE_CURVE('',#3578,#3575,#1873,.T.);
#4298=EDGE_CURVE('',#3579,#3580,#1874,.T.);
#4299=EDGE_CURVE('',#3580,#3581,#1875,.T.);
#4300=EDGE_CURVE('',#3581,#3582,#1876,.T.);
#4301=EDGE_CURVE('',#3582,#3579,#1877,.T.);
#4302=EDGE_CURVE('',#3583,#3584,#1878,.T.);
#4303=EDGE_CURVE('',#3584,#3585,#1879,.T.);
#4304=EDGE_CURVE('',#3585,#3586,#1880,.T.);
#4305=EDGE_CURVE('',#3586,#3583,#1881,.T.);
#4306=EDGE_CURVE('',#3587,#3588,#1882,.T.);
#4307=EDGE_CURVE('',#3588,#3589,#1883,.T.);
#4308=EDGE_CURVE('',#3589,#3590,#1884,.T.);
#4309=EDGE_CURVE('',#3590,#3587,#1885,.T.);
#4310=EDGE_CURVE('',#3591,#3592,#1886,.T.);
#4311=EDGE_CURVE('',#3592,#3593,#1887,.T.);
#4312=EDGE_CURVE('',#3593,#3594,#1888,.T.);
#4313=EDGE_CURVE('',#3594,#3591,#1889,.T.);
#4314=EDGE_CURVE('',#3595,#3596,#1890,.T.);
#4315=EDGE_CURVE('',#3596,#3597,#1891,.T.);
#4316=EDGE_CURVE('',#3597,#3598,#1892,.T.);
#4317=EDGE_CURVE('',#3598,#3595,#1893,.T.);
#4318=EDGE_CURVE('',#3599,#3600,#1894,.T.);
#4319=EDGE_CURVE('',#3600,#3601,#1895,.T.);
#4320=EDGE_CURVE('',#3601,#3602,#1896,.T.);
#4321=EDGE_CURVE('',#3602,#3599,#1897,.T.);
#4322=EDGE_CURVE('',#3603,#3604,#1898,.T.);
#4323=EDGE_CURVE('',#3604,#3605,#1899,.T.);
#4324=EDGE_CURVE('',#3605,#3606,#1900,.T.);
#4325=EDGE_CURVE('',#3606,#3603,#1901,.T.);
#4326=EDGE_CURVE('',#3506,#3556,#1902,.T.);
#4327=EDGE_CURVE('',#3503,#3555,#1903,.T.);
#4328=EDGE_CURVE('',#3513,#3560,#1904,.T.);
#4329=EDGE_CURVE('',#3511,#3559,#1905,.T.);
#4330=EDGE_CURVE('',#3521,#3564,#1906,.T.);
#4331=EDGE_CURVE('',#3519,#3563,#1907,.T.);
#4332=EDGE_CURVE('',#3508,#3557,#1908,.T.);
#4333=EDGE_CURVE('',#3607,#3608,#1909,.T.);
#4334=EDGE_CURVE('',#3609,#3607,#1910,.T.);
#4335=EDGE_CURVE('',#3610,#3609,#1911,.T.);
#4336=EDGE_CURVE('',#3608,#3610,#1912,.T.);
#4337=EDGE_CURVE('',#3611,#3612,#1913,.T.);
#4338=EDGE_CURVE('',#3613,#3611,#1914,.T.);
#4339=EDGE_CURVE('',#3614,#3613,#1915,.T.);
#4340=EDGE_CURVE('',#3612,#3614,#1916,.T.);
#4341=EDGE_CURVE('',#3515,#3561,#1917,.T.);
#4342=EDGE_CURVE('',#3615,#3616,#1918,.T.);
#4343=EDGE_CURVE('',#3617,#3615,#1919,.T.);
#4344=EDGE_CURVE('',#3618,#3617,#1920,.T.);
#4345=EDGE_CURVE('',#3616,#3618,#1921,.T.);
#4346=EDGE_CURVE('',#3619,#3620,#1922,.T.);
#4347=EDGE_CURVE('',#3621,#3619,#1923,.T.);
#4348=EDGE_CURVE('',#3622,#3621,#1924,.T.);
#4349=EDGE_CURVE('',#3620,#3622,#1925,.T.);
#4350=EDGE_CURVE('',#3523,#3565,#1926,.T.);
#4351=EDGE_CURVE('',#3623,#3624,#1927,.T.);
#4352=EDGE_CURVE('',#3625,#3623,#1928,.T.);
#4353=EDGE_CURVE('',#3626,#3625,#1929,.T.);
#4354=EDGE_CURVE('',#3624,#3626,#1930,.T.);
#4355=EDGE_CURVE('',#3627,#3628,#1931,.T.);
#4356=EDGE_CURVE('',#3629,#3627,#1932,.T.);
#4357=EDGE_CURVE('',#3630,#3629,#1933,.T.);
#4358=EDGE_CURVE('',#3628,#3630,#1934,.T.);
#4359=EDGE_CURVE('',#3558,#3510,#1935,.T.);
#4360=EDGE_CURVE('',#3562,#3517,#1936,.T.);
#4361=EDGE_CURVE('',#3566,#3525,#1937,.T.);
#4362=EDGE_CURVE('',#3613,#3606,#1938,.T.);
#4363=EDGE_CURVE('',#3614,#3605,#1939,.T.);
#4364=EDGE_CURVE('',#3611,#3603,#1940,.T.);
#4365=EDGE_CURVE('',#3609,#3602,#1941,.T.);
#4366=EDGE_CURVE('',#3610,#3601,#1942,.T.);
#4367=EDGE_CURVE('',#3607,#3599,#1943,.T.);
#4368=EDGE_CURVE('',#3621,#3598,#1944,.T.);
#4369=EDGE_CURVE('',#3622,#3597,#1945,.T.);
#4370=EDGE_CURVE('',#3619,#3595,#1946,.T.);
#4371=EDGE_CURVE('',#3617,#3594,#1947,.T.);
#4372=EDGE_CURVE('',#3618,#3593,#1948,.T.);
#4373=EDGE_CURVE('',#3615,#3591,#1949,.T.);
#4374=EDGE_CURVE('',#3629,#3590,#1950,.T.);
#4375=EDGE_CURVE('',#3630,#3589,#1951,.T.);
#4376=EDGE_CURVE('',#3627,#3587,#1952,.T.);
#4377=EDGE_CURVE('',#3625,#3586,#1953,.T.);
#4378=EDGE_CURVE('',#3626,#3585,#1954,.T.);
#4379=EDGE_CURVE('',#3623,#3583,#1955,.T.);
#4380=EDGE_CURVE('',#3536,#3582,#1956,.T.);
#4381=EDGE_CURVE('',#3537,#3581,#1957,.T.);
#4382=EDGE_CURVE('',#3534,#3579,#1958,.T.);
#4383=EDGE_CURVE('',#3540,#3578,#1959,.T.);
#4384=EDGE_CURVE('',#3541,#3577,#1960,.T.);
#4385=EDGE_CURVE('',#3538,#3575,#1961,.T.);
#4386=EDGE_CURVE('',#3548,#3574,#1962,.T.);
#4387=EDGE_CURVE('',#3549,#3573,#1963,.T.);
#4388=EDGE_CURVE('',#3546,#3571,#1964,.T.);
#4389=EDGE_CURVE('',#3552,#3570,#1965,.T.);
#4390=EDGE_CURVE('',#3553,#3569,#1966,.T.);
#4391=EDGE_CURVE('',#3550,#3567,#1967,.T.);
#4392=EDGE_CURVE('',#3612,#3604,#1968,.T.);
#4393=EDGE_CURVE('',#3608,#3600,#1969,.T.);
#4394=EDGE_CURVE('',#3620,#3596,#1970,.T.);
#4395=EDGE_CURVE('',#3616,#3592,#1971,.T.);
#4396=EDGE_CURVE('',#3628,#3588,#1972,.T.);
#4397=EDGE_CURVE('',#3624,#3584,#1973,.T.);
#4398=EDGE_CURVE('',#3535,#3580,#1974,.T.);
#4399=EDGE_CURVE('',#3539,#3576,#1975,.T.);
#4400=EDGE_CURVE('',#3547,#3572,#1976,.T.);
#4401=EDGE_CURVE('',#3551,#3568,#1977,.T.);
#4402=EDGE_CURVE('',#3631,#3632,#1978,.T.);
#4403=EDGE_CURVE('',#3633,#3631,#1979,.T.);
#4404=EDGE_CURVE('',#3634,#3633,#1980,.T.);
#4405=EDGE_CURVE('',#3632,#3634,#1981,.T.);
#4406=EDGE_CURVE('',#3635,#3636,#1982,.T.);
#4407=EDGE_CURVE('',#3637,#3635,#1983,.T.);
#4408=EDGE_CURVE('',#3638,#3637,#1984,.T.);
#4409=EDGE_CURVE('',#3636,#3638,#1985,.T.);
#4410=EDGE_CURVE('',#3639,#3640,#1986,.T.);
#4411=EDGE_CURVE('',#3641,#3639,#1987,.T.);
#4412=EDGE_CURVE('',#3642,#3641,#1988,.T.);
#4413=EDGE_CURVE('',#3640,#3642,#1989,.T.);
#4414=EDGE_CURVE('',#3643,#3644,#1990,.T.);
#4415=EDGE_CURVE('',#3645,#3643,#1991,.T.);
#4416=EDGE_CURVE('',#3646,#3645,#1992,.T.);
#4417=EDGE_CURVE('',#3644,#3646,#1993,.T.);
#4418=EDGE_CURVE('',#3647,#3648,#1994,.T.);
#4419=EDGE_CURVE('',#3649,#3647,#1995,.T.);
#4420=EDGE_CURVE('',#3650,#3649,#1996,.T.);
#4421=EDGE_CURVE('',#3648,#3650,#1997,.T.);
#4422=EDGE_CURVE('',#3651,#3652,#1998,.T.);
#4423=EDGE_CURVE('',#3653,#3651,#1999,.T.);
#4424=EDGE_CURVE('',#3654,#3653,#2000,.T.);
#4425=EDGE_CURVE('',#3652,#3654,#2001,.T.);
#4426=EDGE_CURVE('',#3655,#3656,#2002,.T.);
#4427=EDGE_CURVE('',#3657,#3655,#2003,.T.);
#4428=EDGE_CURVE('',#3658,#3657,#2004,.T.);
#4429=EDGE_CURVE('',#3656,#3658,#2005,.T.);
#4430=EDGE_CURVE('',#3659,#3660,#2006,.T.);
#4431=EDGE_CURVE('',#3661,#3659,#2007,.T.);
#4432=EDGE_CURVE('',#3662,#3661,#2008,.T.);
#4433=EDGE_CURVE('',#3660,#3662,#2009,.T.);
#4434=EDGE_CURVE('',#3663,#3664,#2010,.T.);
#4435=EDGE_CURVE('',#3665,#3663,#2011,.T.);
#4436=EDGE_CURVE('',#3666,#3665,#2012,.T.);
#4437=EDGE_CURVE('',#3664,#3666,#2013,.T.);
#4438=EDGE_CURVE('',#3667,#3668,#2014,.T.);
#4439=EDGE_CURVE('',#3669,#3667,#2015,.T.);
#4440=EDGE_CURVE('',#3670,#3669,#2016,.T.);
#4441=EDGE_CURVE('',#3668,#3670,#2017,.T.);
#4442=EDGE_CURVE('',#3671,#3672,#2018,.T.);
#4443=EDGE_CURVE('',#3673,#3671,#2019,.T.);
#4444=EDGE_CURVE('',#3674,#3673,#2020,.T.);
#4445=EDGE_CURVE('',#3672,#3674,#2021,.T.);
#4446=EDGE_CURVE('',#3675,#3676,#2022,.T.);
#4447=EDGE_CURVE('',#3677,#3675,#2023,.T.);
#4448=EDGE_CURVE('',#3678,#3677,#2024,.T.);
#4449=EDGE_CURVE('',#3676,#3678,#2025,.T.);
#4450=EDGE_CURVE('',#3679,#3680,#2026,.T.);
#4451=EDGE_CURVE('',#3681,#3679,#2027,.T.);
#4452=EDGE_CURVE('',#3682,#3681,#2028,.T.);
#4453=EDGE_CURVE('',#3680,#3682,#2029,.T.);
#4454=EDGE_CURVE('',#3683,#3684,#2030,.T.);
#4455=EDGE_CURVE('',#3685,#3683,#2031,.T.);
#4456=EDGE_CURVE('',#3686,#3685,#2032,.T.);
#4457=EDGE_CURVE('',#3684,#3686,#2033,.T.);
#4458=EDGE_CURVE('',#3687,#3688,#2034,.T.);
#4459=EDGE_CURVE('',#3689,#3687,#2035,.T.);
#4460=EDGE_CURVE('',#3690,#3689,#2036,.T.);
#4461=EDGE_CURVE('',#3688,#3690,#2037,.T.);
#4462=EDGE_CURVE('',#3691,#3692,#2038,.T.);
#4463=EDGE_CURVE('',#3693,#3691,#2039,.T.);
#4464=EDGE_CURVE('',#3694,#3693,#2040,.T.);
#4465=EDGE_CURVE('',#3692,#3694,#2041,.T.);
#4466=EDGE_CURVE('',#3695,#3696,#2042,.T.);
#4467=EDGE_CURVE('',#3697,#3695,#2043,.T.);
#4468=EDGE_CURVE('',#3698,#3697,#2044,.T.);
#4469=EDGE_CURVE('',#3696,#3698,#2045,.T.);
#4470=EDGE_CURVE('',#3699,#3700,#2046,.T.);
#4471=EDGE_CURVE('',#3701,#3699,#2047,.T.);
#4472=EDGE_CURVE('',#3702,#3701,#2048,.T.);
#4473=EDGE_CURVE('',#3700,#3702,#2049,.T.);
#4474=EDGE_CURVE('',#3703,#3704,#2050,.T.);
#4475=EDGE_CURVE('',#3705,#3703,#2051,.T.);
#4476=EDGE_CURVE('',#3706,#3705,#2052,.T.);
#4477=EDGE_CURVE('',#3704,#3706,#2053,.T.);
#4478=EDGE_CURVE('',#3707,#3708,#2054,.T.);
#4479=EDGE_CURVE('',#3709,#3707,#2055,.T.);
#4480=EDGE_CURVE('',#3710,#3709,#2056,.T.);
#4481=EDGE_CURVE('',#3708,#3710,#2057,.T.);
#4482=EDGE_CURVE('',#3711,#3678,#2058,.T.);
#4483=EDGE_CURVE('',#3712,#3711,#849,.T.);
#4484=EDGE_CURVE('',#3713,#3712,#2059,.T.);
#4485=EDGE_CURVE('',#3714,#3713,#2060,.T.);
#4486=EDGE_CURVE('',#3715,#3714,#2061,.T.);
#4487=EDGE_CURVE('',#3716,#3715,#850,.T.);
#4488=EDGE_CURVE('',#3676,#3716,#2062,.T.);
#4489=EDGE_CURVE('',#3634,#3640,#2063,.T.);
#4490=EDGE_CURVE('',#3642,#3632,#2064,.T.);
#4491=EDGE_CURVE('',#3633,#3717,#2065,.T.);
#4492=EDGE_CURVE('',#3717,#3718,#2066,.T.);
#4493=EDGE_CURVE('',#3718,#3639,#2067,.T.);
#4494=EDGE_CURVE('',#3716,#3719,#2068,.T.);
#4495=EDGE_CURVE('',#3719,#3635,#2069,.T.);
#4496=EDGE_CURVE('',#3675,#3636,#2070,.T.);
#4497=EDGE_CURVE('',#3720,#3682,#2071,.T.);
#4498=EDGE_CURVE('',#3721,#3720,#851,.T.);
#4499=EDGE_CURVE('',#3722,#3721,#2072,.T.);
#4500=EDGE_CURVE('',#3723,#3722,#2073,.T.);
#4501=EDGE_CURVE('',#3724,#3723,#2074,.T.);
#4502=EDGE_CURVE('',#3725,#3724,#852,.T.);
#4503=EDGE_CURVE('',#3680,#3725,#2075,.T.);
#4504=EDGE_CURVE('',#3726,#3646,#2076,.T.);
#4505=EDGE_CURVE('',#3727,#3726,#853,.T.);
#4506=EDGE_CURVE('',#3728,#3727,#2077,.T.);
#4507=EDGE_CURVE('',#3729,#3728,#2078,.T.);
#4508=EDGE_CURVE('',#3730,#3729,#2079,.T.);
#4509=EDGE_CURVE('',#3731,#3730,#854,.T.);
#4510=EDGE_CURVE('',#3644,#3731,#2080,.T.);
#4511=EDGE_CURVE('',#3683,#3681,#2081,.T.);
#4512=EDGE_CURVE('',#3684,#3732,#2082,.T.);
#4513=EDGE_CURVE('',#3720,#3732,#2083,.T.);
#4514=EDGE_CURVE('',#3733,#3686,#2084,.T.);
#4515=EDGE_CURVE('',#3734,#3733,#855,.T.);
#4516=EDGE_CURVE('',#3735,#3734,#2085,.T.);
#4517=EDGE_CURVE('',#3735,#3736,#2086,.T.);
#4518=EDGE_CURVE('',#3737,#3736,#2087,.T.);
#4519=EDGE_CURVE('',#3732,#3737,#856,.T.);
#4520=EDGE_CURVE('',#3647,#3645,#2088,.T.);
#4521=EDGE_CURVE('',#3648,#3738,#2089,.T.);
#4522=EDGE_CURVE('',#3726,#3738,#2090,.T.);
#4523=EDGE_CURVE('',#3739,#3650,#2091,.T.);
#4524=EDGE_CURVE('',#3740,#3739,#857,.T.);
#4525=EDGE_CURVE('',#3741,#3740,#2092,.T.);
#4526=EDGE_CURVE('',#3741,#3742,#2093,.T.);
#4527=EDGE_CURVE('',#3743,#3742,#2094,.T.);
#4528=EDGE_CURVE('',#3738,#3743,#858,.T.);
#4529=EDGE_CURVE('',#3744,#3690,#2095,.T.);
#4530=EDGE_CURVE('',#3745,#3744,#859,.T.);
#4531=EDGE_CURVE('',#3746,#3745,#2096,.T.);
#4532=EDGE_CURVE('',#3747,#3746,#2097,.T.);
#4533=EDGE_CURVE('',#3748,#3747,#2098,.T.);
#4534=EDGE_CURVE('',#3749,#3748,#860,.T.);
#4535=EDGE_CURVE('',#3688,#3749,#2099,.T.);
#4536=EDGE_CURVE('',#3750,#3654,#2100,.T.);
#4537=EDGE_CURVE('',#3751,#3750,#861,.T.);
#4538=EDGE_CURVE('',#3752,#3751,#2101,.T.);
#4539=EDGE_CURVE('',#3753,#3752,#2102,.T.);
#4540=EDGE_CURVE('',#3754,#3753,#2103,.T.);
#4541=EDGE_CURVE('',#3755,#3754,#862,.T.);
#4542=EDGE_CURVE('',#3652,#3755,#2104,.T.);
#4543=EDGE_CURVE('',#3691,#3689,#2105,.T.);
#4544=EDGE_CURVE('',#3692,#3756,#2106,.T.);
#4545=EDGE_CURVE('',#3744,#3756,#2107,.T.);
#4546=EDGE_CURVE('',#3757,#3694,#2108,.T.);
#4547=EDGE_CURVE('',#3758,#3757,#863,.T.);
#4548=EDGE_CURVE('',#3759,#3758,#2109,.T.);
#4549=EDGE_CURVE('',#3759,#3760,#2110,.T.);
#4550=EDGE_CURVE('',#3761,#3760,#2111,.T.);
#4551=EDGE_CURVE('',#3756,#3761,#864,.T.);
#4552=EDGE_CURVE('',#3655,#3653,#2112,.T.);
#4553=EDGE_CURVE('',#3656,#3762,#2113,.T.);
#4554=EDGE_CURVE('',#3750,#3762,#2114,.T.);
#4555=EDGE_CURVE('',#3763,#3658,#2115,.T.);
#4556=EDGE_CURVE('',#3764,#3763,#865,.T.);
#4557=EDGE_CURVE('',#3765,#3764,#2116,.T.);
#4558=EDGE_CURVE('',#3765,#3766,#2117,.T.);
#4559=EDGE_CURVE('',#3767,#3766,#2118,.T.);
#4560=EDGE_CURVE('',#3762,#3767,#866,.T.);
#4561=EDGE_CURVE('',#3768,#3698,#2119,.T.);
#4562=EDGE_CURVE('',#3769,#3768,#867,.T.);
#4563=EDGE_CURVE('',#3770,#3769,#2120,.T.);
#4564=EDGE_CURVE('',#3771,#3770,#2121,.T.);
#4565=EDGE_CURVE('',#3772,#3771,#2122,.T.);
#4566=EDGE_CURVE('',#3773,#3772,#868,.T.);
#4567=EDGE_CURVE('',#3696,#3773,#2123,.T.);
#4568=EDGE_CURVE('',#3774,#3662,#2124,.T.);
#4569=EDGE_CURVE('',#3775,#3774,#869,.T.);
#4570=EDGE_CURVE('',#3776,#3775,#2125,.T.);
#4571=EDGE_CURVE('',#3777,#3776,#2126,.T.);
#4572=EDGE_CURVE('',#3778,#3777,#2127,.T.);
#4573=EDGE_CURVE('',#3779,#3778,#870,.T.);
#4574=EDGE_CURVE('',#3660,#3779,#2128,.T.);
#4575=EDGE_CURVE('',#3699,#3697,#2129,.T.);
#4576=EDGE_CURVE('',#3700,#3780,#2130,.T.);
#4577=EDGE_CURVE('',#3768,#3780,#2131,.T.);
#4578=EDGE_CURVE('',#3781,#3702,#2132,.T.);
#4579=EDGE_CURVE('',#3782,#3781,#871,.T.);
#4580=EDGE_CURVE('',#3783,#3782,#2133,.T.);
#4581=EDGE_CURVE('',#3783,#3784,#2134,.T.);
#4582=EDGE_CURVE('',#3785,#3784,#2135,.T.);
#4583=EDGE_CURVE('',#3780,#3785,#872,.T.);
#4584=EDGE_CURVE('',#3663,#3661,#2136,.T.);
#4585=EDGE_CURVE('',#3664,#3786,#2137,.T.);
#4586=EDGE_CURVE('',#3774,#3786,#2138,.T.);
#4587=EDGE_CURVE('',#3787,#3666,#2139,.T.);
#4588=EDGE_CURVE('',#3788,#3787,#873,.T.);
#4589=EDGE_CURVE('',#3789,#3788,#2140,.T.);
#4590=EDGE_CURVE('',#3789,#3790,#2141,.T.);
#4591=EDGE_CURVE('',#3791,#3790,#2142,.T.);
#4592=EDGE_CURVE('',#3786,#3791,#874,.T.);
#4593=EDGE_CURVE('',#3792,#3706,#2143,.T.);
#4594=EDGE_CURVE('',#3793,#3792,#875,.T.);
#4595=EDGE_CURVE('',#3794,#3793,#2144,.T.);
#4596=EDGE_CURVE('',#3795,#3794,#2145,.T.);
#4597=EDGE_CURVE('',#3796,#3795,#2146,.T.);
#4598=EDGE_CURVE('',#3797,#3796,#876,.T.);
#4599=EDGE_CURVE('',#3704,#3797,#2147,.T.);
#4600=EDGE_CURVE('',#3798,#3670,#2148,.T.);
#4601=EDGE_CURVE('',#3799,#3798,#877,.T.);
#4602=EDGE_CURVE('',#3800,#3799,#2149,.T.);
#4603=EDGE_CURVE('',#3801,#3800,#2150,.T.);
#4604=EDGE_CURVE('',#3802,#3801,#2151,.T.);
#4605=EDGE_CURVE('',#3803,#3802,#878,.T.);
#4606=EDGE_CURVE('',#3668,#3803,#2152,.T.);
#4607=EDGE_CURVE('',#3707,#3705,#2153,.T.);
#4608=EDGE_CURVE('',#3708,#3804,#2154,.T.);
#4609=EDGE_CURVE('',#3792,#3804,#2155,.T.);
#4610=EDGE_CURVE('',#3805,#3710,#2156,.T.);
#4611=EDGE_CURVE('',#3806,#3805,#879,.T.);
#4612=EDGE_CURVE('',#3807,#3806,#2157,.T.);
#4613=EDGE_CURVE('',#3807,#3808,#2158,.T.);
#4614=EDGE_CURVE('',#3809,#3808,#2159,.T.);
#4615=EDGE_CURVE('',#3804,#3809,#880,.T.);
#4616=EDGE_CURVE('',#3671,#3669,#2160,.T.);
#4617=EDGE_CURVE('',#3672,#3810,#2161,.T.);
#4618=EDGE_CURVE('',#3798,#3810,#2162,.T.);
#4619=EDGE_CURVE('',#3811,#3674,#2163,.T.);
#4620=EDGE_CURVE('',#3812,#3811,#881,.T.);
#4621=EDGE_CURVE('',#3813,#3812,#2164,.T.);
#4622=EDGE_CURVE('',#3813,#3814,#2165,.T.);
#4623=EDGE_CURVE('',#3815,#3814,#2166,.T.);
#4624=EDGE_CURVE('',#3810,#3815,#882,.T.);
#4625=EDGE_CURVE('',#3816,#3631,#2167,.T.);
#4626=EDGE_CURVE('',#3817,#3816,#883,.T.);
#4627=EDGE_CURVE('',#3818,#3817,#2168,.T.);
#4628=EDGE_CURVE('',#3819,#3818,#2169,.T.);
#4629=EDGE_CURVE('',#3820,#3819,#2170,.T.);
#4630=EDGE_CURVE('',#3717,#3820,#884,.T.);
#4631=EDGE_CURVE('',#3821,#3718,#885,.T.);
#4632=EDGE_CURVE('',#3822,#3821,#2171,.T.);
#4633=EDGE_CURVE('',#3822,#3823,#2172,.T.);
#4634=EDGE_CURVE('',#3824,#3823,#2173,.T.);
#4635=EDGE_CURVE('',#3825,#3824,#886,.T.);
#4636=EDGE_CURVE('',#3641,#3825,#2174,.T.);
#4637=EDGE_CURVE('',#3826,#3719,#887,.T.);
#4638=EDGE_CURVE('',#3827,#3826,#2175,.T.);
#4639=EDGE_CURVE('',#3827,#3828,#2176,.T.);
#4640=EDGE_CURVE('',#3829,#3828,#2177,.T.);
#4641=EDGE_CURVE('',#3830,#3829,#888,.T.);
#4642=EDGE_CURVE('',#3637,#3830,#2178,.T.);
#4643=EDGE_CURVE('',#3831,#3832,#2179,.T.);
#4644=EDGE_CURVE('',#3832,#3833,#2180,.T.);
#4645=EDGE_CURVE('',#3834,#3833,#2181,.T.);
#4646=EDGE_CURVE('',#3831,#3834,#2182,.T.);
#4647=EDGE_CURVE('',#3703,#3709,#2183,.T.);
#4648=EDGE_CURVE('',#3695,#3701,#2184,.T.);
#4649=EDGE_CURVE('',#3687,#3693,#2185,.T.);
#4650=EDGE_CURVE('',#3679,#3685,#2186,.T.);
#4651=EDGE_CURVE('',#3797,#3805,#2187,.T.);
#4652=EDGE_CURVE('',#3773,#3781,#2188,.T.);
#4653=EDGE_CURVE('',#3749,#3757,#2189,.T.);
#4654=EDGE_CURVE('',#3725,#3733,#2190,.T.);
#4655=EDGE_CURVE('',#3796,#3806,#2191,.T.);
#4656=EDGE_CURVE('',#3772,#3782,#2192,.T.);
#4657=EDGE_CURVE('',#3748,#3758,#2193,.T.);
#4658=EDGE_CURVE('',#3724,#3734,#2194,.T.);
#4659=EDGE_CURVE('',#3715,#3826,#2195,.T.);
#4660=EDGE_CURVE('',#3807,#3795,#2196,.T.);
#4661=EDGE_CURVE('',#3783,#3771,#2197,.T.);
#4662=EDGE_CURVE('',#3759,#3747,#2198,.T.);
#4663=EDGE_CURVE('',#3735,#3723,#2199,.T.);
#4664=EDGE_CURVE('',#3827,#3714,#2200,.T.);
#4665=EDGE_CURVE('',#3793,#3809,#2201,.T.);
#4666=EDGE_CURVE('',#3769,#3785,#2202,.T.);
#4667=EDGE_CURVE('',#3745,#3761,#2203,.T.);
#4668=EDGE_CURVE('',#3721,#3737,#2204,.T.);
#4669=EDGE_CURVE('',#3667,#3673,#2205,.T.);
#4670=EDGE_CURVE('',#3659,#3665,#2206,.T.);
#4671=EDGE_CURVE('',#3651,#3657,#2207,.T.);
#4672=EDGE_CURVE('',#3643,#3649,#2208,.T.);
#4673=EDGE_CURVE('',#3803,#3811,#2209,.T.);
#4674=EDGE_CURVE('',#3779,#3787,#2210,.T.);
#4675=EDGE_CURVE('',#3755,#3763,#2211,.T.);
#4676=EDGE_CURVE('',#3731,#3739,#2212,.T.);
#4677=EDGE_CURVE('',#3794,#3808,#2213,.T.);
#4678=EDGE_CURVE('',#3770,#3784,#2214,.T.);
#4679=EDGE_CURVE('',#3746,#3760,#2215,.T.);
#4680=EDGE_CURVE('',#3722,#3736,#2216,.T.);
#4681=EDGE_CURVE('',#3802,#3812,#2217,.T.);
#4682=EDGE_CURVE('',#3778,#3788,#2218,.T.);
#4683=EDGE_CURVE('',#3754,#3764,#2219,.T.);
#4684=EDGE_CURVE('',#3730,#3740,#2220,.T.);
#4685=EDGE_CURVE('',#3813,#3801,#2221,.T.);
#4686=EDGE_CURVE('',#3789,#3777,#2222,.T.);
#4687=EDGE_CURVE('',#3765,#3753,#2223,.T.);
#4688=EDGE_CURVE('',#3741,#3729,#2224,.T.);
#4689=EDGE_CURVE('',#3799,#3815,#2225,.T.);
#4690=EDGE_CURVE('',#3775,#3791,#2226,.T.);
#4691=EDGE_CURVE('',#3751,#3767,#2227,.T.);
#4692=EDGE_CURVE('',#3727,#3743,#2228,.T.);
#4693=EDGE_CURVE('',#3816,#3825,#2229,.T.);
#4694=EDGE_CURVE('',#3817,#3824,#2230,.T.);
#4695=EDGE_CURVE('',#3800,#3814,#2231,.T.);
#4696=EDGE_CURVE('',#3776,#3790,#2232,.T.);
#4697=EDGE_CURVE('',#3752,#3766,#2233,.T.);
#4698=EDGE_CURVE('',#3728,#3742,#2234,.T.);
#4699=EDGE_CURVE('',#3818,#3823,#2235,.T.);
#4700=EDGE_CURVE('',#3712,#3829,#2236,.T.);
#4701=EDGE_CURVE('',#3713,#3828,#2237,.T.);
#4702=EDGE_CURVE('',#3638,#3677,#2238,.T.);
#4703=EDGE_CURVE('',#3711,#3830,#2239,.T.);
#4704=EDGE_CURVE('',#3833,#3835,#2240,.T.);
#4705=EDGE_CURVE('',#3835,#3836,#2241,.T.);
#4706=EDGE_CURVE('',#3836,#3834,#2242,.T.);
#4707=EDGE_CURVE('',#3837,#3838,#2243,.T.);
#4708=EDGE_CURVE('',#3838,#3836,#2244,.T.);
#4709=EDGE_CURVE('',#3837,#3835,#2245,.T.);
#4710=EDGE_CURVE('',#3838,#3831,#2246,.T.);
#4711=EDGE_CURVE('',#3832,#3837,#2247,.T.);
#4712=EDGE_CURVE('',#3822,#3819,#2248,.T.);
#4713=EDGE_CURVE('',#3820,#3821,#2249,.T.);
#4714=EDGE_CURVE('',#3839,#3840,#2250,.T.);
#4715=EDGE_CURVE('',#3840,#3841,#2251,.T.);
#4716=EDGE_CURVE('',#3842,#3841,#2252,.T.);
#4717=EDGE_CURVE('',#3839,#3842,#2253,.T.);
#4718=EDGE_CURVE('',#3843,#3839,#2254,.T.);
#4719=EDGE_CURVE('',#3844,#3842,#2255,.T.);
#4720=EDGE_CURVE('',#3843,#3844,#2256,.T.);
#4721=EDGE_CURVE('',#3840,#3843,#2257,.T.);
#4722=EDGE_CURVE('',#3841,#3844,#2258,.T.);
#4723=EDGE_CURVE('',#3845,#3846,#2259,.T.);
#4724=EDGE_CURVE('',#3846,#3847,#2260,.T.);
#4725=EDGE_CURVE('',#3848,#3847,#2261,.T.);
#4726=EDGE_CURVE('',#3845,#3848,#2262,.T.);
#4727=EDGE_CURVE('',#3847,#3849,#2263,.T.);
#4728=EDGE_CURVE('',#3850,#3849,#2264,.T.);
#4729=EDGE_CURVE('',#3848,#3850,#2265,.T.);
#4730=EDGE_CURVE('',#3849,#3851,#2266,.T.);
#4731=EDGE_CURVE('',#3852,#3851,#2267,.T.);
#4732=EDGE_CURVE('',#3850,#3852,#2268,.T.);
#4733=EDGE_CURVE('',#3851,#3853,#2269,.T.);
#4734=EDGE_CURVE('',#3854,#3853,#2270,.T.);
#4735=EDGE_CURVE('',#3852,#3854,#2271,.T.);
#4736=EDGE_CURVE('',#3853,#3846,#2272,.T.);
#4737=EDGE_CURVE('',#3854,#3845,#2273,.T.);
#4738=EDGE_CURVE('',#3855,#3856,#2274,.T.);
#4739=EDGE_CURVE('',#3856,#3857,#2275,.T.);
#4740=EDGE_CURVE('',#3858,#3857,#2276,.T.);
#4741=EDGE_CURVE('',#3855,#3858,#2277,.T.);
#4742=EDGE_CURVE('',#3857,#3859,#2278,.T.);
#4743=EDGE_CURVE('',#3860,#3859,#2279,.T.);
#4744=EDGE_CURVE('',#3858,#3860,#2280,.T.);
#4745=EDGE_CURVE('',#3859,#3861,#2281,.T.);
#4746=EDGE_CURVE('',#3862,#3861,#2282,.T.);
#4747=EDGE_CURVE('',#3860,#3862,#2283,.T.);
#4748=EDGE_CURVE('',#3861,#3863,#2284,.T.);
#4749=EDGE_CURVE('',#3864,#3863,#2285,.T.);
#4750=EDGE_CURVE('',#3862,#3864,#2286,.T.);
#4751=EDGE_CURVE('',#3863,#3856,#2287,.T.);
#4752=EDGE_CURVE('',#3864,#3855,#2288,.T.);
#4753=EDGE_CURVE('',#3865,#3866,#2289,.T.);
#4754=EDGE_CURVE('',#3866,#3867,#135,.T.);
#4755=EDGE_CURVE('',#3868,#3867,#2290,.T.);
#4756=EDGE_CURVE('',#3865,#3868,#136,.T.);
#4757=EDGE_CURVE('',#3867,#3869,#2291,.T.);
#4758=EDGE_CURVE('',#3870,#3869,#2292,.T.);
#4759=EDGE_CURVE('',#3868,#3870,#2293,.T.);
#4760=EDGE_CURVE('',#3869,#3871,#2294,.T.);
#4761=EDGE_CURVE('',#3872,#3871,#2295,.T.);
#4762=EDGE_CURVE('',#3870,#3872,#2296,.T.);
#4763=EDGE_CURVE('',#3871,#3873,#2297,.T.);
#4764=EDGE_CURVE('',#3874,#3873,#2298,.T.);
#4765=EDGE_CURVE('',#3872,#3874,#2299,.T.);
#4766=EDGE_CURVE('',#3873,#3875,#2300,.T.);
#4767=EDGE_CURVE('',#3876,#3875,#2301,.T.);
#4768=EDGE_CURVE('',#3874,#3876,#2302,.T.);
#4769=EDGE_CURVE('',#3875,#3877,#2303,.T.);
#4770=EDGE_CURVE('',#3878,#3877,#2304,.T.);
#4771=EDGE_CURVE('',#3876,#3878,#2305,.T.);
#4772=EDGE_CURVE('',#3877,#3879,#2306,.T.);
#4773=EDGE_CURVE('',#3880,#3879,#2307,.T.);
#4774=EDGE_CURVE('',#3878,#3880,#2308,.T.);
#4775=EDGE_CURVE('',#3879,#3881,#2309,.T.);
#4776=EDGE_CURVE('',#3882,#3881,#2310,.T.);
#4777=EDGE_CURVE('',#3880,#3882,#2311,.T.);
#4778=EDGE_CURVE('',#3881,#3883,#2312,.T.);
#4779=EDGE_CURVE('',#3884,#3883,#2313,.T.);
#4780=EDGE_CURVE('',#3882,#3884,#2314,.T.);
#4781=EDGE_CURVE('',#3883,#3885,#2315,.T.);
#4782=EDGE_CURVE('',#3886,#3885,#2316,.T.);
#4783=EDGE_CURVE('',#3884,#3886,#2317,.T.);
#4784=EDGE_CURVE('',#3885,#3887,#2318,.T.);
#4785=EDGE_CURVE('',#3888,#3887,#2319,.T.);
#4786=EDGE_CURVE('',#3886,#3888,#2320,.T.);
#4787=EDGE_CURVE('',#3887,#3889,#2321,.T.);
#4788=EDGE_CURVE('',#3890,#3889,#2322,.T.);
#4789=EDGE_CURVE('',#3888,#3890,#2323,.T.);
#4790=EDGE_CURVE('',#3889,#3891,#2324,.T.);
#4791=EDGE_CURVE('',#3892,#3891,#2325,.T.);
#4792=EDGE_CURVE('',#3890,#3892,#2326,.T.);
#4793=EDGE_CURVE('',#3891,#3893,#2327,.T.);
#4794=EDGE_CURVE('',#3894,#3893,#2328,.T.);
#4795=EDGE_CURVE('',#3892,#3894,#2329,.T.);
#4796=EDGE_CURVE('',#3893,#3895,#2330,.T.);
#4797=EDGE_CURVE('',#3896,#3895,#2331,.T.);
#4798=EDGE_CURVE('',#3894,#3896,#2332,.T.);
#4799=EDGE_CURVE('',#3895,#3866,#2333,.T.);
#4800=EDGE_CURVE('',#3896,#3865,#2334,.T.);
#4801=EDGE_CURVE('',#3897,#3898,#2335,.T.);
#4802=EDGE_CURVE('',#3898,#3899,#2336,.T.);
#4803=EDGE_CURVE('',#3900,#3899,#2337,.T.);
#4804=EDGE_CURVE('',#3897,#3900,#2338,.T.);
#4805=EDGE_CURVE('',#3899,#3901,#2339,.T.);
#4806=EDGE_CURVE('',#3902,#3901,#2340,.T.);
#4807=EDGE_CURVE('',#3900,#3902,#2341,.T.);
#4808=EDGE_CURVE('',#3901,#3903,#2342,.T.);
#4809=EDGE_CURVE('',#3904,#3903,#2343,.T.);
#4810=EDGE_CURVE('',#3902,#3904,#2344,.T.);
#4811=EDGE_CURVE('',#3903,#3905,#2345,.T.);
#4812=EDGE_CURVE('',#3906,#3905,#2346,.T.);
#4813=EDGE_CURVE('',#3904,#3906,#2347,.T.);
#4814=EDGE_CURVE('',#3905,#3898,#2348,.T.);
#4815=EDGE_CURVE('',#3906,#3897,#2349,.T.);
#4816=EDGE_CURVE('',#3907,#3908,#2350,.T.);
#4817=EDGE_CURVE('',#3908,#3909,#2351,.T.);
#4818=EDGE_CURVE('',#3910,#3909,#2352,.T.);
#4819=EDGE_CURVE('',#3907,#3910,#2353,.T.);
#4820=EDGE_CURVE('',#3909,#3911,#2354,.T.);
#4821=EDGE_CURVE('',#3912,#3911,#2355,.T.);
#4822=EDGE_CURVE('',#3910,#3912,#2356,.T.);
#4823=EDGE_CURVE('',#3911,#3913,#2357,.T.);
#4824=EDGE_CURVE('',#3914,#3913,#2358,.T.);
#4825=EDGE_CURVE('',#3912,#3914,#2359,.T.);
#4826=EDGE_CURVE('',#3913,#3915,#2360,.T.);
#4827=EDGE_CURVE('',#3916,#3915,#2361,.T.);
#4828=EDGE_CURVE('',#3914,#3916,#2362,.T.);
#4829=EDGE_CURVE('',#3915,#3908,#2363,.T.);
#4830=EDGE_CURVE('',#3916,#3907,#2364,.T.);
#4831=EDGE_CURVE('',#3917,#3918,#2365,.T.);
#4832=EDGE_CURVE('',#3918,#3919,#1733,.T.);
#4833=EDGE_CURVE('',#3920,#3919,#2366,.T.);
#4834=EDGE_CURVE('',#3917,#3920,#1734,.T.);
#4835=EDGE_CURVE('',#3919,#3921,#1735,.T.);
#4836=EDGE_CURVE('',#3922,#3921,#2367,.T.);
#4837=EDGE_CURVE('',#3920,#3922,#1736,.T.);
#4838=EDGE_CURVE('',#3921,#3923,#2368,.T.);
#4839=EDGE_CURVE('',#3924,#3923,#2369,.T.);
#4840=EDGE_CURVE('',#3922,#3924,#2370,.T.);
#4841=EDGE_CURVE('',#3923,#3925,#2371,.T.);
#4842=EDGE_CURVE('',#3926,#3925,#2372,.T.);
#4843=EDGE_CURVE('',#3924,#3926,#2373,.T.);
#4844=EDGE_CURVE('',#3925,#3927,#137,.T.);
#4845=EDGE_CURVE('',#3928,#3927,#2374,.T.);
#4846=EDGE_CURVE('',#3926,#3928,#138,.T.);
#4847=EDGE_CURVE('',#3927,#3929,#2375,.T.);
#4848=EDGE_CURVE('',#3930,#3929,#2376,.T.);
#4849=EDGE_CURVE('',#3928,#3930,#2377,.T.);
#4850=EDGE_CURVE('',#3929,#3931,#2378,.T.);
#4851=EDGE_CURVE('',#3932,#3931,#2379,.T.);
#4852=EDGE_CURVE('',#3930,#3932,#2380,.T.);
#4853=EDGE_CURVE('',#3931,#3933,#139,.T.);
#4854=EDGE_CURVE('',#3934,#3933,#2381,.T.);
#4855=EDGE_CURVE('',#3932,#3934,#140,.T.);
#4856=EDGE_CURVE('',#3933,#3935,#141,.T.);
#4857=EDGE_CURVE('',#3936,#3935,#2382,.T.);
#4858=EDGE_CURVE('',#3934,#3936,#142,.T.);
#4859=EDGE_CURVE('',#3935,#3937,#2383,.T.);
#4860=EDGE_CURVE('',#3938,#3937,#2384,.T.);
#4861=EDGE_CURVE('',#3936,#3938,#2385,.T.);
#4862=EDGE_CURVE('',#3937,#3939,#2386,.T.);
#4863=EDGE_CURVE('',#3940,#3939,#2387,.T.);
#4864=EDGE_CURVE('',#3938,#3940,#2388,.T.);
#4865=EDGE_CURVE('',#3939,#3941,#1737,.T.);
#4866=EDGE_CURVE('',#3942,#3941,#2389,.T.);
#4867=EDGE_CURVE('',#3940,#3942,#1738,.T.);
#4868=EDGE_CURVE('',#3941,#3943,#1739,.T.);
#4869=EDGE_CURVE('',#3944,#3943,#2390,.T.);
#4870=EDGE_CURVE('',#3942,#3944,#1740,.T.);
#4871=EDGE_CURVE('',#3943,#3945,#2391,.T.);
#4872=EDGE_CURVE('',#3946,#3945,#2392,.T.);
#4873=EDGE_CURVE('',#3944,#3946,#2393,.T.);
#4874=EDGE_CURVE('',#3945,#3947,#2394,.T.);
#4875=EDGE_CURVE('',#3948,#3947,#2395,.T.);
#4876=EDGE_CURVE('',#3946,#3948,#2396,.T.);
#4877=EDGE_CURVE('',#3947,#3949,#2397,.T.);
#4878=EDGE_CURVE('',#3950,#3949,#2398,.T.);
#4879=EDGE_CURVE('',#3948,#3950,#2399,.T.);
#4880=EDGE_CURVE('',#3949,#3951,#2400,.T.);
#4881=EDGE_CURVE('',#3952,#3951,#2401,.T.);
#4882=EDGE_CURVE('',#3950,#3952,#2402,.T.);
#4883=EDGE_CURVE('',#3951,#3953,#2403,.T.);
#4884=EDGE_CURVE('',#3954,#3953,#2404,.T.);
#4885=EDGE_CURVE('',#3952,#3954,#2405,.T.);
#4886=EDGE_CURVE('',#3953,#3955,#2406,.T.);
#4887=EDGE_CURVE('',#3956,#3955,#2407,.T.);
#4888=EDGE_CURVE('',#3954,#3956,#2408,.T.);
#4889=EDGE_CURVE('',#3955,#3957,#2409,.T.);
#4890=EDGE_CURVE('',#3958,#3957,#2410,.T.);
#4891=EDGE_CURVE('',#3956,#3958,#2411,.T.);
#4892=EDGE_CURVE('',#3957,#3959,#2412,.T.);
#4893=EDGE_CURVE('',#3960,#3959,#2413,.T.);
#4894=EDGE_CURVE('',#3958,#3960,#2414,.T.);
#4895=EDGE_CURVE('',#3959,#3961,#2415,.T.);
#4896=EDGE_CURVE('',#3962,#3961,#2416,.T.);
#4897=EDGE_CURVE('',#3960,#3962,#2417,.T.);
#4898=EDGE_CURVE('',#3961,#3963,#2418,.T.);
#4899=EDGE_CURVE('',#3964,#3963,#2419,.T.);
#4900=EDGE_CURVE('',#3962,#3964,#2420,.T.);
#4901=EDGE_CURVE('',#3963,#3918,#2421,.T.);
#4902=EDGE_CURVE('',#3964,#3917,#2422,.T.);
#4903=EDGE_CURVE('',#3965,#3966,#2423,.T.);
#4904=EDGE_CURVE('',#3966,#3967,#2424,.T.);
#4905=EDGE_CURVE('',#3968,#3967,#2425,.T.);
#4906=EDGE_CURVE('',#3965,#3968,#2426,.T.);
#4907=EDGE_CURVE('',#3967,#3969,#2427,.T.);
#4908=EDGE_CURVE('',#3970,#3969,#2428,.T.);
#4909=EDGE_CURVE('',#3968,#3970,#2429,.T.);
#4910=EDGE_CURVE('',#3969,#3971,#2430,.T.);
#4911=EDGE_CURVE('',#3972,#3971,#2431,.T.);
#4912=EDGE_CURVE('',#3970,#3972,#2432,.T.);
#4913=EDGE_CURVE('',#3971,#3973,#2433,.T.);
#4914=EDGE_CURVE('',#3974,#3973,#2434,.T.);
#4915=EDGE_CURVE('',#3972,#3974,#2435,.T.);
#4916=EDGE_CURVE('',#3973,#3975,#2436,.T.);
#4917=EDGE_CURVE('',#3976,#3975,#2437,.T.);
#4918=EDGE_CURVE('',#3974,#3976,#2438,.T.);
#4919=EDGE_CURVE('',#3975,#3977,#143,.T.);
#4920=EDGE_CURVE('',#3978,#3977,#2439,.T.);
#4921=EDGE_CURVE('',#3976,#3978,#144,.T.);
#4922=EDGE_CURVE('',#3977,#3979,#145,.T.);
#4923=EDGE_CURVE('',#3980,#3979,#2440,.T.);
#4924=EDGE_CURVE('',#3978,#3980,#146,.T.);
#4925=EDGE_CURVE('',#3979,#3981,#147,.T.);
#4926=EDGE_CURVE('',#3982,#3981,#2441,.T.);
#4927=EDGE_CURVE('',#3980,#3982,#148,.T.);
#4928=EDGE_CURVE('',#3981,#3983,#149,.T.);
#4929=EDGE_CURVE('',#3984,#3983,#2442,.T.);
#4930=EDGE_CURVE('',#3982,#3984,#150,.T.);
#4931=EDGE_CURVE('',#3983,#3985,#151,.T.);
#4932=EDGE_CURVE('',#3986,#3985,#2443,.T.);
#4933=EDGE_CURVE('',#3984,#3986,#152,.T.);
#4934=EDGE_CURVE('',#3985,#3987,#2444,.T.);
#4935=EDGE_CURVE('',#3988,#3987,#2445,.T.);
#4936=EDGE_CURVE('',#3986,#3988,#2446,.T.);
#4937=EDGE_CURVE('',#3987,#3989,#2447,.T.);
#4938=EDGE_CURVE('',#3990,#3989,#2448,.T.);
#4939=EDGE_CURVE('',#3988,#3990,#2449,.T.);
#4940=EDGE_CURVE('',#3989,#3991,#2450,.T.);
#4941=EDGE_CURVE('',#3992,#3991,#2451,.T.);
#4942=EDGE_CURVE('',#3990,#3992,#2452,.T.);
#4943=EDGE_CURVE('',#3991,#3993,#2453,.T.);
#4944=EDGE_CURVE('',#3994,#3993,#2454,.T.);
#4945=EDGE_CURVE('',#3992,#3994,#2455,.T.);
#4946=EDGE_CURVE('',#3993,#3995,#2456,.T.);
#4947=EDGE_CURVE('',#3996,#3995,#2457,.T.);
#4948=EDGE_CURVE('',#3994,#3996,#2458,.T.);
#4949=EDGE_CURVE('',#3995,#3997,#153,.T.);
#4950=EDGE_CURVE('',#3998,#3997,#2459,.T.);
#4951=EDGE_CURVE('',#3996,#3998,#154,.T.);
#4952=EDGE_CURVE('',#3997,#3999,#1741,.T.);
#4953=EDGE_CURVE('',#4000,#3999,#2460,.T.);
#4954=EDGE_CURVE('',#3998,#4000,#1742,.T.);
#4955=EDGE_CURVE('',#3999,#4001,#155,.T.);
#4956=EDGE_CURVE('',#4002,#4001,#2461,.T.);
#4957=EDGE_CURVE('',#4000,#4002,#156,.T.);
#4958=EDGE_CURVE('',#4001,#4003,#2462,.T.);
#4959=EDGE_CURVE('',#4004,#4003,#2463,.T.);
#4960=EDGE_CURVE('',#4002,#4004,#2464,.T.);
#4961=EDGE_CURVE('',#4003,#4005,#2465,.T.);
#4962=EDGE_CURVE('',#4006,#4005,#2466,.T.);
#4963=EDGE_CURVE('',#4004,#4006,#2467,.T.);
#4964=EDGE_CURVE('',#4005,#4007,#1743,.T.);
#4965=EDGE_CURVE('',#4008,#4007,#2468,.T.);
#4966=EDGE_CURVE('',#4006,#4008,#1744,.T.);
#4967=EDGE_CURVE('',#4007,#4009,#157,.T.);
#4968=EDGE_CURVE('',#4010,#4009,#2469,.T.);
#4969=EDGE_CURVE('',#4008,#4010,#158,.T.);
#4970=EDGE_CURVE('',#4009,#4011,#2470,.T.);
#4971=EDGE_CURVE('',#4012,#4011,#2471,.T.);
#4972=EDGE_CURVE('',#4010,#4012,#2472,.T.);
#4973=EDGE_CURVE('',#4011,#3966,#2473,.T.);
#4974=EDGE_CURVE('',#4012,#3965,#2474,.T.);
#4975=EDGE_CURVE('',#4013,#4014,#2475,.T.);
#4976=EDGE_CURVE('',#4014,#4015,#159,.T.);
#4977=EDGE_CURVE('',#4016,#4015,#2476,.T.);
#4978=EDGE_CURVE('',#4013,#4016,#160,.T.);
#4979=EDGE_CURVE('',#4015,#4017,#161,.T.);
#4980=EDGE_CURVE('',#4018,#4017,#2477,.T.);
#4981=EDGE_CURVE('',#4016,#4018,#162,.T.);
#4982=EDGE_CURVE('',#4017,#4019,#163,.T.);
#4983=EDGE_CURVE('',#4020,#4019,#2478,.T.);
#4984=EDGE_CURVE('',#4018,#4020,#164,.T.);
#4985=EDGE_CURVE('',#4019,#4021,#1745,.T.);
#4986=EDGE_CURVE('',#4022,#4021,#2479,.T.);
#4987=EDGE_CURVE('',#4020,#4022,#1746,.T.);
#4988=EDGE_CURVE('',#4021,#4023,#165,.T.);
#4989=EDGE_CURVE('',#4024,#4023,#2480,.T.);
#4990=EDGE_CURVE('',#4022,#4024,#166,.T.);
#4991=EDGE_CURVE('',#4023,#4025,#167,.T.);
#4992=EDGE_CURVE('',#4026,#4025,#2481,.T.);
#4993=EDGE_CURVE('',#4024,#4026,#168,.T.);
#4994=EDGE_CURVE('',#4025,#4027,#1747,.T.);
#4995=EDGE_CURVE('',#4028,#4027,#2482,.T.);
#4996=EDGE_CURVE('',#4026,#4028,#1748,.T.);
#4997=EDGE_CURVE('',#4027,#4029,#169,.T.);
#4998=EDGE_CURVE('',#4030,#4029,#2483,.T.);
#4999=EDGE_CURVE('',#4028,#4030,#170,.T.);
#5000=EDGE_CURVE('',#4029,#4031,#2484,.T.);
#5001=EDGE_CURVE('',#4032,#4031,#2485,.T.);
#5002=EDGE_CURVE('',#4030,#4032,#2486,.T.);
#5003=EDGE_CURVE('',#4031,#4033,#2487,.T.);
#5004=EDGE_CURVE('',#4034,#4033,#2488,.T.);
#5005=EDGE_CURVE('',#4032,#4034,#2489,.T.);
#5006=EDGE_CURVE('',#4033,#4035,#2490,.T.);
#5007=EDGE_CURVE('',#4036,#4035,#2491,.T.);
#5008=EDGE_CURVE('',#4034,#4036,#2492,.T.);
#5009=EDGE_CURVE('',#4035,#4037,#2493,.T.);
#5010=EDGE_CURVE('',#4038,#4037,#2494,.T.);
#5011=EDGE_CURVE('',#4036,#4038,#2495,.T.);
#5012=EDGE_CURVE('',#4037,#4039,#2496,.T.);
#5013=EDGE_CURVE('',#4040,#4039,#2497,.T.);
#5014=EDGE_CURVE('',#4038,#4040,#2498,.T.);
#5015=EDGE_CURVE('',#4039,#4041,#2499,.T.);
#5016=EDGE_CURVE('',#4042,#4041,#2500,.T.);
#5017=EDGE_CURVE('',#4040,#4042,#2501,.T.);
#5018=EDGE_CURVE('',#4041,#4043,#2502,.T.);
#5019=EDGE_CURVE('',#4044,#4043,#2503,.T.);
#5020=EDGE_CURVE('',#4042,#4044,#2504,.T.);
#5021=EDGE_CURVE('',#4043,#4045,#2505,.T.);
#5022=EDGE_CURVE('',#4046,#4045,#2506,.T.);
#5023=EDGE_CURVE('',#4044,#4046,#2507,.T.);
#5024=EDGE_CURVE('',#4045,#4047,#2508,.T.);
#5025=EDGE_CURVE('',#4048,#4047,#2509,.T.);
#5026=EDGE_CURVE('',#4046,#4048,#2510,.T.);
#5027=EDGE_CURVE('',#4047,#4049,#171,.T.);
#5028=EDGE_CURVE('',#4050,#4049,#2511,.T.);
#5029=EDGE_CURVE('',#4048,#4050,#172,.T.);
#5030=EDGE_CURVE('',#4049,#4051,#1749,.T.);
#5031=EDGE_CURVE('',#4052,#4051,#2512,.T.);
#5032=EDGE_CURVE('',#4050,#4052,#1750,.T.);
#5033=EDGE_CURVE('',#4051,#4014,#173,.T.);
#5034=EDGE_CURVE('',#4052,#4013,#174,.T.);
#5035=EDGE_CURVE('',#4053,#4054,#2513,.T.);
#5036=EDGE_CURVE('',#4054,#4055,#1751,.T.);
#5037=EDGE_CURVE('',#4056,#4055,#2514,.T.);
#5038=EDGE_CURVE('',#4053,#4056,#1752,.T.);
#5039=EDGE_CURVE('',#4055,#4057,#2515,.T.);
#5040=EDGE_CURVE('',#4058,#4057,#2516,.T.);
#5041=EDGE_CURVE('',#4056,#4058,#2517,.T.);
#5042=EDGE_CURVE('',#4057,#4059,#2518,.T.);
#5043=EDGE_CURVE('',#4060,#4059,#2519,.T.);
#5044=EDGE_CURVE('',#4058,#4060,#2520,.T.);
#5045=EDGE_CURVE('',#4059,#4061,#175,.T.);
#5046=EDGE_CURVE('',#4062,#4061,#2521,.T.);
#5047=EDGE_CURVE('',#4060,#4062,#176,.T.);
#5048=EDGE_CURVE('',#4061,#4063,#177,.T.);
#5049=EDGE_CURVE('',#4064,#4063,#2522,.T.);
#5050=EDGE_CURVE('',#4062,#4064,#178,.T.);
#5051=EDGE_CURVE('',#4063,#4065,#2523,.T.);
#5052=EDGE_CURVE('',#4066,#4065,#2524,.T.);
#5053=EDGE_CURVE('',#4064,#4066,#2525,.T.);
#5054=EDGE_CURVE('',#4065,#4067,#2526,.T.);
#5055=EDGE_CURVE('',#4068,#4067,#2527,.T.);
#5056=EDGE_CURVE('',#4066,#4068,#2528,.T.);
#5057=EDGE_CURVE('',#4067,#4069,#179,.T.);
#5058=EDGE_CURVE('',#4070,#4069,#2529,.T.);
#5059=EDGE_CURVE('',#4068,#4070,#180,.T.);
#5060=EDGE_CURVE('',#4069,#4071,#181,.T.);
#5061=EDGE_CURVE('',#4072,#4071,#2530,.T.);
#5062=EDGE_CURVE('',#4070,#4072,#182,.T.);
#5063=EDGE_CURVE('',#4071,#4073,#183,.T.);
#5064=EDGE_CURVE('',#4074,#4073,#2531,.T.);
#5065=EDGE_CURVE('',#4072,#4074,#184,.T.);
#5066=EDGE_CURVE('',#4073,#4075,#2532,.T.);
#5067=EDGE_CURVE('',#4076,#4075,#2533,.T.);
#5068=EDGE_CURVE('',#4074,#4076,#2534,.T.);
#5069=EDGE_CURVE('',#4075,#4077,#2535,.T.);
#5070=EDGE_CURVE('',#4078,#4077,#2536,.T.);
#5071=EDGE_CURVE('',#4076,#4078,#2537,.T.);
#5072=EDGE_CURVE('',#4077,#4079,#2538,.T.);
#5073=EDGE_CURVE('',#4080,#4079,#2539,.T.);
#5074=EDGE_CURVE('',#4078,#4080,#2540,.T.);
#5075=EDGE_CURVE('',#4079,#4081,#2541,.T.);
#5076=EDGE_CURVE('',#4082,#4081,#2542,.T.);
#5077=EDGE_CURVE('',#4080,#4082,#2543,.T.);
#5078=EDGE_CURVE('',#4081,#4083,#2544,.T.);
#5079=EDGE_CURVE('',#4084,#4083,#2545,.T.);
#5080=EDGE_CURVE('',#4082,#4084,#2546,.T.);
#5081=EDGE_CURVE('',#4083,#4085,#2547,.T.);
#5082=EDGE_CURVE('',#4086,#4085,#2548,.T.);
#5083=EDGE_CURVE('',#4084,#4086,#2549,.T.);
#5084=EDGE_CURVE('',#4085,#4054,#185,.T.);
#5085=EDGE_CURVE('',#4086,#4053,#186,.T.);
#5086=EDGE_CURVE('',#4087,#4088,#2550,.T.);
#5087=EDGE_CURVE('',#4088,#4089,#2551,.T.);
#5088=EDGE_CURVE('',#4090,#4089,#2552,.T.);
#5089=EDGE_CURVE('',#4087,#4090,#2553,.T.);
#5090=EDGE_CURVE('',#4089,#4091,#2554,.T.);
#5091=EDGE_CURVE('',#4092,#4091,#2555,.T.);
#5092=EDGE_CURVE('',#4090,#4092,#2556,.T.);
#5093=EDGE_CURVE('',#4091,#4093,#2557,.T.);
#5094=EDGE_CURVE('',#4094,#4093,#2558,.T.);
#5095=EDGE_CURVE('',#4092,#4094,#2559,.T.);
#5096=EDGE_CURVE('',#4093,#4095,#2560,.T.);
#5097=EDGE_CURVE('',#4096,#4095,#2561,.T.);
#5098=EDGE_CURVE('',#4094,#4096,#2562,.T.);
#5099=EDGE_CURVE('',#4095,#4088,#2563,.T.);
#5100=EDGE_CURVE('',#4096,#4087,#2564,.T.);
#5101=EDGE_CURVE('',#4097,#4098,#2565,.T.);
#5102=EDGE_CURVE('',#4098,#4099,#1753,.T.);
#5103=EDGE_CURVE('',#4100,#4099,#2566,.T.);
#5104=EDGE_CURVE('',#4097,#4100,#1754,.T.);
#5105=EDGE_CURVE('',#4099,#4101,#187,.T.);
#5106=EDGE_CURVE('',#4102,#4101,#2567,.T.);
#5107=EDGE_CURVE('',#4100,#4102,#188,.T.);
#5108=EDGE_CURVE('',#4101,#4103,#189,.T.);
#5109=EDGE_CURVE('',#4104,#4103,#2568,.T.);
#5110=EDGE_CURVE('',#4102,#4104,#190,.T.);
#5111=EDGE_CURVE('',#4103,#4105,#191,.T.);
#5112=EDGE_CURVE('',#4106,#4105,#2569,.T.);
#5113=EDGE_CURVE('',#4104,#4106,#192,.T.);
#5114=EDGE_CURVE('',#4105,#4107,#193,.T.);
#5115=EDGE_CURVE('',#4108,#4107,#2570,.T.);
#5116=EDGE_CURVE('',#4106,#4108,#194,.T.);
#5117=EDGE_CURVE('',#4107,#4109,#2571,.T.);
#5118=EDGE_CURVE('',#4110,#4109,#2572,.T.);
#5119=EDGE_CURVE('',#4108,#4110,#2573,.T.);
#5120=EDGE_CURVE('',#4109,#4111,#2574,.T.);
#5121=EDGE_CURVE('',#4112,#4111,#2575,.T.);
#5122=EDGE_CURVE('',#4110,#4112,#2576,.T.);
#5123=EDGE_CURVE('',#4111,#4113,#2577,.T.);
#5124=EDGE_CURVE('',#4114,#4113,#2578,.T.);
#5125=EDGE_CURVE('',#4112,#4114,#2579,.T.);
#5126=EDGE_CURVE('',#4113,#4115,#2580,.T.);
#5127=EDGE_CURVE('',#4116,#4115,#2581,.T.);
#5128=EDGE_CURVE('',#4114,#4116,#2582,.T.);
#5129=EDGE_CURVE('',#4115,#4117,#2583,.T.);
#5130=EDGE_CURVE('',#4118,#4117,#2584,.T.);
#5131=EDGE_CURVE('',#4116,#4118,#2585,.T.);
#5132=EDGE_CURVE('',#4117,#4119,#2586,.T.);
#5133=EDGE_CURVE('',#4120,#4119,#2587,.T.);
#5134=EDGE_CURVE('',#4118,#4120,#2588,.T.);
#5135=EDGE_CURVE('',#4119,#4121,#195,.T.);
#5136=EDGE_CURVE('',#4122,#4121,#2589,.T.);
#5137=EDGE_CURVE('',#4120,#4122,#196,.T.);
#5138=EDGE_CURVE('',#4121,#4123,#197,.T.);
#5139=EDGE_CURVE('',#4124,#4123,#2590,.T.);
#5140=EDGE_CURVE('',#4122,#4124,#198,.T.);
#5141=EDGE_CURVE('',#4123,#4125,#2591,.T.);
#5142=EDGE_CURVE('',#4126,#4125,#2592,.T.);
#5143=EDGE_CURVE('',#4124,#4126,#2593,.T.);
#5144=EDGE_CURVE('',#4125,#4127,#2594,.T.);
#5145=EDGE_CURVE('',#4128,#4127,#2595,.T.);
#5146=EDGE_CURVE('',#4126,#4128,#2596,.T.);
#5147=EDGE_CURVE('',#4127,#4098,#199,.T.);
#5148=EDGE_CURVE('',#4128,#4097,#200,.T.);
#5149=EDGE_CURVE('',#4129,#4130,#2597,.T.);
#5150=EDGE_CURVE('',#4130,#4131,#2598,.T.);
#5151=EDGE_CURVE('',#4132,#4131,#2599,.T.);
#5152=EDGE_CURVE('',#4129,#4132,#2600,.T.);
#5153=EDGE_CURVE('',#4131,#4133,#2601,.T.);
#5154=EDGE_CURVE('',#4134,#4133,#2602,.T.);
#5155=EDGE_CURVE('',#4132,#4134,#2603,.T.);
#5156=EDGE_CURVE('',#4133,#4135,#2604,.T.);
#5157=EDGE_CURVE('',#4136,#4135,#2605,.T.);
#5158=EDGE_CURVE('',#4134,#4136,#2606,.T.);
#5159=EDGE_CURVE('',#4135,#4137,#2607,.T.);
#5160=EDGE_CURVE('',#4138,#4137,#2608,.T.);
#5161=EDGE_CURVE('',#4136,#4138,#2609,.T.);
#5162=EDGE_CURVE('',#4137,#4130,#2610,.T.);
#5163=EDGE_CURVE('',#4138,#4129,#2611,.T.);
#5164=ORIENTED_EDGE('',*,*,#4139,.T.);
#5165=ORIENTED_EDGE('',*,*,#4140,.T.);
#5166=ORIENTED_EDGE('',*,*,#4141,.T.);
#5167=ORIENTED_EDGE('',*,*,#4142,.F.);
#5168=ORIENTED_EDGE('',*,*,#4143,.T.);
#5169=ORIENTED_EDGE('',*,*,#4144,.T.);
#5170=ORIENTED_EDGE('',*,*,#4145,.T.);
#5171=ORIENTED_EDGE('',*,*,#4140,.F.);
#5172=ORIENTED_EDGE('',*,*,#4146,.T.);
#5173=ORIENTED_EDGE('',*,*,#4147,.T.);
#5174=ORIENTED_EDGE('',*,*,#4148,.T.);
#5175=ORIENTED_EDGE('',*,*,#4144,.F.);
#5176=ORIENTED_EDGE('',*,*,#4149,.T.);
#5177=ORIENTED_EDGE('',*,*,#4150,.T.);
#5178=ORIENTED_EDGE('',*,*,#4151,.T.);
#5179=ORIENTED_EDGE('',*,*,#4147,.F.);
#5180=ORIENTED_EDGE('',*,*,#4152,.T.);
#5181=ORIENTED_EDGE('',*,*,#4153,.T.);
#5182=ORIENTED_EDGE('',*,*,#4154,.T.);
#5183=ORIENTED_EDGE('',*,*,#4150,.F.);
#5184=ORIENTED_EDGE('',*,*,#4155,.F.);
#5185=ORIENTED_EDGE('',*,*,#4156,.F.);
#5186=ORIENTED_EDGE('',*,*,#4157,.F.);
#5187=ORIENTED_EDGE('',*,*,#4158,.F.);
#5188=ORIENTED_EDGE('',*,*,#4159,.F.);
#5189=ORIENTED_EDGE('',*,*,#4160,.F.);
#5190=ORIENTED_EDGE('',*,*,#4161,.T.);
#5191=ORIENTED_EDGE('',*,*,#4159,.T.);
#5192=ORIENTED_EDGE('',*,*,#4162,.T.);
#5193=ORIENTED_EDGE('',*,*,#4163,.T.);
#5194=ORIENTED_EDGE('',*,*,#4164,.T.);
#5195=ORIENTED_EDGE('',*,*,#4160,.T.);
#5196=ORIENTED_EDGE('',*,*,#4165,.T.);
#5197=ORIENTED_EDGE('',*,*,#4153,.F.);
#5198=ORIENTED_EDGE('',*,*,#4166,.F.);
#5199=ORIENTED_EDGE('',*,*,#4167,.F.);
#5200=ORIENTED_EDGE('',*,*,#4168,.F.);
#5201=ORIENTED_EDGE('',*,*,#4169,.F.);
#5202=ORIENTED_EDGE('',*,*,#4170,.F.);
#5203=ORIENTED_EDGE('',*,*,#4171,.F.);
#5204=ORIENTED_EDGE('',*,*,#4170,.T.);
#5205=ORIENTED_EDGE('',*,*,#4172,.T.);
#5206=ORIENTED_EDGE('',*,*,#4158,.T.);
#5207=ORIENTED_EDGE('',*,*,#4173,.T.);
#5208=ORIENTED_EDGE('',*,*,#4174,.F.);
#5209=ORIENTED_EDGE('',*,*,#4175,.F.);
#5210=ORIENTED_EDGE('',*,*,#4176,.F.);
#5211=ORIENTED_EDGE('',*,*,#4177,.F.);
#5212=ORIENTED_EDGE('',*,*,#4178,.F.);
#5213=ORIENTED_EDGE('',*,*,#4179,.F.);
#5214=ORIENTED_EDGE('',*,*,#4180,.T.);
#5215=ORIENTED_EDGE('',*,*,#4178,.T.);
#5216=ORIENTED_EDGE('',*,*,#4181,.T.);
#5217=ORIENTED_EDGE('',*,*,#4182,.T.);
#5218=ORIENTED_EDGE('',*,*,#4175,.T.);
#5219=ORIENTED_EDGE('',*,*,#4183,.T.);
#5220=ORIENTED_EDGE('',*,*,#4179,.T.);
#5221=ORIENTED_EDGE('',*,*,#4184,.T.);
#5222=ORIENTED_EDGE('',*,*,#4185,.T.);
#5223=ORIENTED_EDGE('',*,*,#4177,.T.);
#5224=ORIENTED_EDGE('',*,*,#4186,.T.);
#5225=ORIENTED_EDGE('',*,*,#4187,.T.);
#5226=ORIENTED_EDGE('',*,*,#4188,.T.);
#5227=ORIENTED_EDGE('',*,*,#4189,.T.);
#5228=ORIENTED_EDGE('',*,*,#4190,.T.);
#5229=ORIENTED_EDGE('',*,*,#4187,.F.);
#5230=ORIENTED_EDGE('',*,*,#4191,.T.);
#5231=ORIENTED_EDGE('',*,*,#4192,.T.);
#5232=ORIENTED_EDGE('',*,*,#4193,.T.);
#5233=ORIENTED_EDGE('',*,*,#4189,.F.);
#5234=ORIENTED_EDGE('',*,*,#4194,.T.);
#5235=ORIENTED_EDGE('',*,*,#4195,.T.);
#5236=ORIENTED_EDGE('',*,*,#4196,.T.);
#5237=ORIENTED_EDGE('',*,*,#4192,.F.);
#5238=ORIENTED_EDGE('',*,*,#4197,.T.);
#5239=ORIENTED_EDGE('',*,*,#4195,.F.);
#5240=ORIENTED_EDGE('',*,*,#4198,.T.);
#5241=ORIENTED_EDGE('',*,*,#4199,.T.);
#5242=ORIENTED_EDGE('',*,*,#4200,.T.);
#5243=ORIENTED_EDGE('',*,*,#4199,.F.);
#5244=ORIENTED_EDGE('',*,*,#4201,.T.);
#5245=ORIENTED_EDGE('',*,*,#4202,.T.);
#5246=ORIENTED_EDGE('',*,*,#4203,.T.);
#5247=ORIENTED_EDGE('',*,*,#4202,.F.);
#5248=ORIENTED_EDGE('',*,*,#4204,.T.);
#5249=ORIENTED_EDGE('',*,*,#4205,.T.);
#5250=ORIENTED_EDGE('',*,*,#4206,.T.);
#5251=ORIENTED_EDGE('',*,*,#4205,.F.);
#5252=ORIENTED_EDGE('',*,*,#4207,.T.);
#5253=ORIENTED_EDGE('',*,*,#4208,.T.);
#5254=ORIENTED_EDGE('',*,*,#4209,.T.);
#5255=ORIENTED_EDGE('',*,*,#4208,.F.);
#5256=ORIENTED_EDGE('',*,*,#4210,.T.);
#5257=ORIENTED_EDGE('',*,*,#4211,.T.);
#5258=ORIENTED_EDGE('',*,*,#4166,.T.);
#5259=ORIENTED_EDGE('',*,*,#4212,.T.);
#5260=ORIENTED_EDGE('',*,*,#4176,.T.);
#5261=ORIENTED_EDGE('',*,*,#4213,.T.);
#5262=ORIENTED_EDGE('',*,*,#4174,.T.);
#5263=ORIENTED_EDGE('',*,*,#4214,.T.);
#5264=ORIENTED_EDGE('',*,*,#4171,.T.);
#5265=ORIENTED_EDGE('',*,*,#4215,.T.);
#5266=ORIENTED_EDGE('',*,*,#4216,.T.);
#5267=ORIENTED_EDGE('',*,*,#4167,.T.);
#5268=ORIENTED_EDGE('',*,*,#4217,.T.);
#5269=ORIENTED_EDGE('',*,*,#4182,.F.);
#5270=ORIENTED_EDGE('',*,*,#4218,.T.);
#5271=ORIENTED_EDGE('',*,*,#4211,.F.);
#5272=ORIENTED_EDGE('',*,*,#4219,.T.);
#5273=ORIENTED_EDGE('',*,*,#4220,.T.);
#5274=ORIENTED_EDGE('',*,*,#4169,.T.);
#5275=ORIENTED_EDGE('',*,*,#4221,.T.);
#5276=ORIENTED_EDGE('',*,*,#4157,.T.);
#5277=ORIENTED_EDGE('',*,*,#4222,.T.);
#5278=ORIENTED_EDGE('',*,*,#4155,.T.);
#5279=ORIENTED_EDGE('',*,*,#4223,.T.);
#5280=ORIENTED_EDGE('',*,*,#4168,.T.);
#5281=ORIENTED_EDGE('',*,*,#4224,.T.);
#5282=ORIENTED_EDGE('',*,*,#4225,.T.);
#5283=ORIENTED_EDGE('',*,*,#4220,.F.);
#5284=ORIENTED_EDGE('',*,*,#4226,.T.);
#5285=ORIENTED_EDGE('',*,*,#4227,.T.);
#5286=ORIENTED_EDGE('',*,*,#4228,.T.);
#5287=ORIENTED_EDGE('',*,*,#4156,.T.);
#5288=ORIENTED_EDGE('',*,*,#4229,.T.);
#5289=ORIENTED_EDGE('',*,*,#4163,.F.);
#5290=ORIENTED_EDGE('',*,*,#4230,.T.);
#5291=ORIENTED_EDGE('',*,*,#4227,.F.);
#5292=ORIENTED_EDGE('',*,*,#4231,.T.);
#5293=ORIENTED_EDGE('',*,*,#4232,.T.);
#5294=ORIENTED_EDGE('',*,*,#4233,.T.);
#5295=ORIENTED_EDGE('',*,*,#4232,.F.);
#5296=ORIENTED_EDGE('',*,*,#4234,.T.);
#5297=ORIENTED_EDGE('',*,*,#4235,.T.);
#5298=ORIENTED_EDGE('',*,*,#4236,.T.);
#5299=ORIENTED_EDGE('',*,*,#4235,.F.);
#5300=ORIENTED_EDGE('',*,*,#4237,.T.);
#5301=ORIENTED_EDGE('',*,*,#4238,.T.);
#5302=ORIENTED_EDGE('',*,*,#4239,.T.);
#5303=ORIENTED_EDGE('',*,*,#4238,.F.);
#5304=ORIENTED_EDGE('',*,*,#4240,.T.);
#5305=ORIENTED_EDGE('',*,*,#4142,.T.);
#5306=ORIENTED_EDGE('',*,*,#4236,.F.);
#5307=ORIENTED_EDGE('',*,*,#4241,.T.);
#5308=ORIENTED_EDGE('',*,*,#4242,.F.);
#5309=ORIENTED_EDGE('',*,*,#4243,.F.);
#5310=ORIENTED_EDGE('',*,*,#4239,.F.);
#5311=ORIENTED_EDGE('',*,*,#4244,.T.);
#5312=ORIENTED_EDGE('',*,*,#4245,.F.);
#5313=ORIENTED_EDGE('',*,*,#4241,.F.);
#5314=ORIENTED_EDGE('',*,*,#4246,.F.);
#5315=ORIENTED_EDGE('',*,*,#4247,.F.);
#5316=ORIENTED_EDGE('',*,*,#4248,.F.);
#5317=ORIENTED_EDGE('',*,*,#4249,.F.);
#5318=ORIENTED_EDGE('',*,*,#4250,.F.);
#5319=ORIENTED_EDGE('',*,*,#4251,.F.);
#5320=ORIENTED_EDGE('',*,*,#4252,.F.);
#5321=ORIENTED_EDGE('',*,*,#4253,.F.);
#5322=ORIENTED_EDGE('',*,*,#4141,.F.);
#5323=ORIENTED_EDGE('',*,*,#4254,.F.);
#5324=ORIENTED_EDGE('',*,*,#4255,.F.);
#5325=ORIENTED_EDGE('',*,*,#4244,.F.);
#5326=ORIENTED_EDGE('',*,*,#4145,.F.);
#5327=ORIENTED_EDGE('',*,*,#4256,.T.);
#5328=ORIENTED_EDGE('',*,*,#4257,.F.);
#5329=ORIENTED_EDGE('',*,*,#4254,.T.);
#5330=ORIENTED_EDGE('',*,*,#4148,.F.);
#5331=ORIENTED_EDGE('',*,*,#4258,.T.);
#5332=ORIENTED_EDGE('',*,*,#4259,.F.);
#5333=ORIENTED_EDGE('',*,*,#4256,.F.);
#5334=ORIENTED_EDGE('',*,*,#4151,.F.);
#5335=ORIENTED_EDGE('',*,*,#4260,.T.);
#5336=ORIENTED_EDGE('',*,*,#4261,.F.);
#5337=ORIENTED_EDGE('',*,*,#4258,.F.);
#5338=ORIENTED_EDGE('',*,*,#4262,.F.);
#5339=ORIENTED_EDGE('',*,*,#4263,.F.);
#5340=ORIENTED_EDGE('',*,*,#4264,.F.);
#5341=ORIENTED_EDGE('',*,*,#4265,.F.);
#5342=ORIENTED_EDGE('',*,*,#4266,.F.);
#5343=ORIENTED_EDGE('',*,*,#4267,.F.);
#5344=ORIENTED_EDGE('',*,*,#4268,.F.);
#5345=ORIENTED_EDGE('',*,*,#4269,.F.);
#5346=ORIENTED_EDGE('',*,*,#4154,.F.);
#5347=ORIENTED_EDGE('',*,*,#4270,.F.);
#5348=ORIENTED_EDGE('',*,*,#4271,.F.);
#5349=ORIENTED_EDGE('',*,*,#4260,.F.);
#5350=ORIENTED_EDGE('',*,*,#4165,.F.);
#5351=ORIENTED_EDGE('',*,*,#4161,.F.);
#5352=ORIENTED_EDGE('',*,*,#4272,.F.);
#5353=ORIENTED_EDGE('',*,*,#4270,.T.);
#5354=ORIENTED_EDGE('',*,*,#4229,.F.);
#5355=ORIENTED_EDGE('',*,*,#4224,.F.);
#5356=ORIENTED_EDGE('',*,*,#4216,.F.);
#5357=ORIENTED_EDGE('',*,*,#4273,.T.);
#5358=ORIENTED_EDGE('',*,*,#4274,.T.);
#5359=ORIENTED_EDGE('',*,*,#4275,.T.);
#5360=ORIENTED_EDGE('',*,*,#4276,.T.);
#5361=ORIENTED_EDGE('',*,*,#4277,.T.);
#5362=ORIENTED_EDGE('',*,*,#4278,.T.);
#5363=ORIENTED_EDGE('',*,*,#4279,.T.);
#5364=ORIENTED_EDGE('',*,*,#4280,.T.);
#5365=ORIENTED_EDGE('',*,*,#4281,.T.);
#5366=ORIENTED_EDGE('',*,*,#4282,.T.);
#5367=ORIENTED_EDGE('',*,*,#4283,.T.);
#5368=ORIENTED_EDGE('',*,*,#4284,.T.);
#5369=ORIENTED_EDGE('',*,*,#4285,.T.);
#5370=ORIENTED_EDGE('',*,*,#4242,.T.);
#5371=ORIENTED_EDGE('',*,*,#4245,.T.);
#5372=ORIENTED_EDGE('',*,*,#4255,.T.);
#5373=ORIENTED_EDGE('',*,*,#4257,.T.);
#5374=ORIENTED_EDGE('',*,*,#4259,.T.);
#5375=ORIENTED_EDGE('',*,*,#4261,.T.);
#5376=ORIENTED_EDGE('',*,*,#4271,.T.);
#5377=ORIENTED_EDGE('',*,*,#4272,.T.);
#5378=ORIENTED_EDGE('',*,*,#4162,.F.);
#5379=ORIENTED_EDGE('',*,*,#4172,.F.);
#5380=ORIENTED_EDGE('',*,*,#4222,.F.);
#5381=ORIENTED_EDGE('',*,*,#4228,.F.);
#5382=ORIENTED_EDGE('',*,*,#4180,.F.);
#5383=ORIENTED_EDGE('',*,*,#4217,.F.);
#5384=ORIENTED_EDGE('',*,*,#4213,.F.);
#5385=ORIENTED_EDGE('',*,*,#4184,.F.);
#5386=ORIENTED_EDGE('',*,*,#4183,.F.);
#5387=ORIENTED_EDGE('',*,*,#4215,.F.);
#5388=ORIENTED_EDGE('',*,*,#4173,.F.);
#5389=ORIENTED_EDGE('',*,*,#4164,.F.);
#5390=ORIENTED_EDGE('',*,*,#4152,.F.);
#5391=ORIENTED_EDGE('',*,*,#4149,.F.);
#5392=ORIENTED_EDGE('',*,*,#4146,.F.);
#5393=ORIENTED_EDGE('',*,*,#4143,.F.);
#5394=ORIENTED_EDGE('',*,*,#4139,.F.);
#5395=ORIENTED_EDGE('',*,*,#4240,.F.);
#5396=ORIENTED_EDGE('',*,*,#4237,.F.);
#5397=ORIENTED_EDGE('',*,*,#4234,.F.);
#5398=ORIENTED_EDGE('',*,*,#4231,.F.);
#5399=ORIENTED_EDGE('',*,*,#4226,.F.);
#5400=ORIENTED_EDGE('',*,*,#4219,.F.);
#5401=ORIENTED_EDGE('',*,*,#4210,.F.);
#5402=ORIENTED_EDGE('',*,*,#4207,.F.);
#5403=ORIENTED_EDGE('',*,*,#4204,.F.);
#5404=ORIENTED_EDGE('',*,*,#4201,.F.);
#5405=ORIENTED_EDGE('',*,*,#4198,.F.);
#5406=ORIENTED_EDGE('',*,*,#4194,.F.);
#5407=ORIENTED_EDGE('',*,*,#4191,.F.);
#5408=ORIENTED_EDGE('',*,*,#4188,.F.);
#5409=ORIENTED_EDGE('',*,*,#4186,.F.);
#5410=ORIENTED_EDGE('',*,*,#4212,.F.);
#5411=ORIENTED_EDGE('',*,*,#4223,.F.);
#5412=ORIENTED_EDGE('',*,*,#4221,.F.);
#5413=ORIENTED_EDGE('',*,*,#4214,.F.);
#5414=ORIENTED_EDGE('',*,*,#4286,.T.);
#5415=ORIENTED_EDGE('',*,*,#4287,.T.);
#5416=ORIENTED_EDGE('',*,*,#4288,.T.);
#5417=ORIENTED_EDGE('',*,*,#4289,.T.);
#5418=ORIENTED_EDGE('',*,*,#4290,.T.);
#5419=ORIENTED_EDGE('',*,*,#4291,.T.);
#5420=ORIENTED_EDGE('',*,*,#4292,.T.);
#5421=ORIENTED_EDGE('',*,*,#4293,.T.);
#5422=ORIENTED_EDGE('',*,*,#4294,.T.);
#5423=ORIENTED_EDGE('',*,*,#4295,.T.);
#5424=ORIENTED_EDGE('',*,*,#4296,.T.);
#5425=ORIENTED_EDGE('',*,*,#4297,.T.);
#5426=ORIENTED_EDGE('',*,*,#4298,.T.);
#5427=ORIENTED_EDGE('',*,*,#4299,.T.);
#5428=ORIENTED_EDGE('',*,*,#4300,.T.);
#5429=ORIENTED_EDGE('',*,*,#4301,.T.);
#5430=ORIENTED_EDGE('',*,*,#4302,.T.);
#5431=ORIENTED_EDGE('',*,*,#4303,.T.);
#5432=ORIENTED_EDGE('',*,*,#4304,.T.);
#5433=ORIENTED_EDGE('',*,*,#4305,.T.);
#5434=ORIENTED_EDGE('',*,*,#4306,.T.);
#5435=ORIENTED_EDGE('',*,*,#4307,.T.);
#5436=ORIENTED_EDGE('',*,*,#4308,.T.);
#5437=ORIENTED_EDGE('',*,*,#4309,.T.);
#5438=ORIENTED_EDGE('',*,*,#4310,.T.);
#5439=ORIENTED_EDGE('',*,*,#4311,.T.);
#5440=ORIENTED_EDGE('',*,*,#4312,.T.);
#5441=ORIENTED_EDGE('',*,*,#4313,.T.);
#5442=ORIENTED_EDGE('',*,*,#4314,.T.);
#5443=ORIENTED_EDGE('',*,*,#4315,.T.);
#5444=ORIENTED_EDGE('',*,*,#4316,.T.);
#5445=ORIENTED_EDGE('',*,*,#4317,.T.);
#5446=ORIENTED_EDGE('',*,*,#4318,.T.);
#5447=ORIENTED_EDGE('',*,*,#4319,.T.);
#5448=ORIENTED_EDGE('',*,*,#4320,.T.);
#5449=ORIENTED_EDGE('',*,*,#4321,.T.);
#5450=ORIENTED_EDGE('',*,*,#4322,.T.);
#5451=ORIENTED_EDGE('',*,*,#4323,.T.);
#5452=ORIENTED_EDGE('',*,*,#4324,.T.);
#5453=ORIENTED_EDGE('',*,*,#4325,.T.);
#5454=ORIENTED_EDGE('',*,*,#4190,.F.);
#5455=ORIENTED_EDGE('',*,*,#4326,.T.);
#5456=ORIENTED_EDGE('',*,*,#4274,.F.);
#5457=ORIENTED_EDGE('',*,*,#4327,.F.);
#5458=ORIENTED_EDGE('',*,*,#4200,.F.);
#5459=ORIENTED_EDGE('',*,*,#4328,.T.);
#5460=ORIENTED_EDGE('',*,*,#4278,.F.);
#5461=ORIENTED_EDGE('',*,*,#4329,.F.);
#5462=ORIENTED_EDGE('',*,*,#4218,.F.);
#5463=ORIENTED_EDGE('',*,*,#4330,.T.);
#5464=ORIENTED_EDGE('',*,*,#4282,.F.);
#5465=ORIENTED_EDGE('',*,*,#4331,.F.);
#5466=ORIENTED_EDGE('',*,*,#4193,.F.);
#5467=ORIENTED_EDGE('',*,*,#4332,.T.);
#5468=ORIENTED_EDGE('',*,*,#4275,.F.);
#5469=ORIENTED_EDGE('',*,*,#4326,.F.);
#5470=ORIENTED_EDGE('',*,*,#4333,.F.);
#5471=ORIENTED_EDGE('',*,*,#4334,.F.);
#5472=ORIENTED_EDGE('',*,*,#4335,.F.);
#5473=ORIENTED_EDGE('',*,*,#4336,.F.);
#5474=ORIENTED_EDGE('',*,*,#4337,.F.);
#5475=ORIENTED_EDGE('',*,*,#4338,.F.);
#5476=ORIENTED_EDGE('',*,*,#4339,.F.);
#5477=ORIENTED_EDGE('',*,*,#4340,.F.);
#5478=ORIENTED_EDGE('',*,*,#4203,.F.);
#5479=ORIENTED_EDGE('',*,*,#4341,.T.);
#5480=ORIENTED_EDGE('',*,*,#4279,.F.);
#5481=ORIENTED_EDGE('',*,*,#4328,.F.);
#5482=ORIENTED_EDGE('',*,*,#4342,.F.);
#5483=ORIENTED_EDGE('',*,*,#4343,.F.);
#5484=ORIENTED_EDGE('',*,*,#4344,.F.);
#5485=ORIENTED_EDGE('',*,*,#4345,.F.);
#5486=ORIENTED_EDGE('',*,*,#4346,.F.);
#5487=ORIENTED_EDGE('',*,*,#4347,.F.);
#5488=ORIENTED_EDGE('',*,*,#4348,.F.);
#5489=ORIENTED_EDGE('',*,*,#4349,.F.);
#5490=ORIENTED_EDGE('',*,*,#4225,.F.);
#5491=ORIENTED_EDGE('',*,*,#4350,.T.);
#5492=ORIENTED_EDGE('',*,*,#4283,.F.);
#5493=ORIENTED_EDGE('',*,*,#4330,.F.);
#5494=ORIENTED_EDGE('',*,*,#4351,.F.);
#5495=ORIENTED_EDGE('',*,*,#4352,.F.);
#5496=ORIENTED_EDGE('',*,*,#4353,.F.);
#5497=ORIENTED_EDGE('',*,*,#4354,.F.);
#5498=ORIENTED_EDGE('',*,*,#4355,.F.);
#5499=ORIENTED_EDGE('',*,*,#4356,.F.);
#5500=ORIENTED_EDGE('',*,*,#4357,.F.);
#5501=ORIENTED_EDGE('',*,*,#4358,.F.);
#5502=ORIENTED_EDGE('',*,*,#4196,.F.);
#5503=ORIENTED_EDGE('',*,*,#4359,.F.);
#5504=ORIENTED_EDGE('',*,*,#4276,.F.);
#5505=ORIENTED_EDGE('',*,*,#4332,.F.);
#5506=ORIENTED_EDGE('',*,*,#4206,.F.);
#5507=ORIENTED_EDGE('',*,*,#4360,.F.);
#5508=ORIENTED_EDGE('',*,*,#4280,.F.);
#5509=ORIENTED_EDGE('',*,*,#4341,.F.);
#5510=ORIENTED_EDGE('',*,*,#4230,.F.);
#5511=ORIENTED_EDGE('',*,*,#4361,.F.);
#5512=ORIENTED_EDGE('',*,*,#4284,.F.);
#5513=ORIENTED_EDGE('',*,*,#4350,.F.);
#5514=ORIENTED_EDGE('',*,*,#4339,.T.);
#5515=ORIENTED_EDGE('',*,*,#4362,.T.);
#5516=ORIENTED_EDGE('',*,*,#4324,.F.);
#5517=ORIENTED_EDGE('',*,*,#4363,.F.);
#5518=ORIENTED_EDGE('',*,*,#4338,.T.);
#5519=ORIENTED_EDGE('',*,*,#4364,.T.);
#5520=ORIENTED_EDGE('',*,*,#4325,.F.);
#5521=ORIENTED_EDGE('',*,*,#4362,.F.);
#5522=ORIENTED_EDGE('',*,*,#4335,.T.);
#5523=ORIENTED_EDGE('',*,*,#4365,.T.);
#5524=ORIENTED_EDGE('',*,*,#4320,.F.);
#5525=ORIENTED_EDGE('',*,*,#4366,.F.);
#5526=ORIENTED_EDGE('',*,*,#4334,.T.);
#5527=ORIENTED_EDGE('',*,*,#4367,.T.);
#5528=ORIENTED_EDGE('',*,*,#4321,.F.);
#5529=ORIENTED_EDGE('',*,*,#4365,.F.);
#5530=ORIENTED_EDGE('',*,*,#4348,.T.);
#5531=ORIENTED_EDGE('',*,*,#4368,.T.);
#5532=ORIENTED_EDGE('',*,*,#4316,.F.);
#5533=ORIENTED_EDGE('',*,*,#4369,.F.);
#5534=ORIENTED_EDGE('',*,*,#4347,.T.);
#5535=ORIENTED_EDGE('',*,*,#4370,.T.);
#5536=ORIENTED_EDGE('',*,*,#4317,.F.);
#5537=ORIENTED_EDGE('',*,*,#4368,.F.);
#5538=ORIENTED_EDGE('',*,*,#4344,.T.);
#5539=ORIENTED_EDGE('',*,*,#4371,.T.);
#5540=ORIENTED_EDGE('',*,*,#4312,.F.);
#5541=ORIENTED_EDGE('',*,*,#4372,.F.);
#5542=ORIENTED_EDGE('',*,*,#4343,.T.);
#5543=ORIENTED_EDGE('',*,*,#4373,.T.);
#5544=ORIENTED_EDGE('',*,*,#4313,.F.);
#5545=ORIENTED_EDGE('',*,*,#4371,.F.);
#5546=ORIENTED_EDGE('',*,*,#4357,.T.);
#5547=ORIENTED_EDGE('',*,*,#4374,.T.);
#5548=ORIENTED_EDGE('',*,*,#4308,.F.);
#5549=ORIENTED_EDGE('',*,*,#4375,.F.);
#5550=ORIENTED_EDGE('',*,*,#4356,.T.);
#5551=ORIENTED_EDGE('',*,*,#4376,.T.);
#5552=ORIENTED_EDGE('',*,*,#4309,.F.);
#5553=ORIENTED_EDGE('',*,*,#4374,.F.);
#5554=ORIENTED_EDGE('',*,*,#4353,.T.);
#5555=ORIENTED_EDGE('',*,*,#4377,.T.);
#5556=ORIENTED_EDGE('',*,*,#4304,.F.);
#5557=ORIENTED_EDGE('',*,*,#4378,.F.);
#5558=ORIENTED_EDGE('',*,*,#4352,.T.);
#5559=ORIENTED_EDGE('',*,*,#4379,.T.);
#5560=ORIENTED_EDGE('',*,*,#4305,.F.);
#5561=ORIENTED_EDGE('',*,*,#4377,.F.);
#5562=ORIENTED_EDGE('',*,*,#4248,.T.);
#5563=ORIENTED_EDGE('',*,*,#4380,.T.);
#5564=ORIENTED_EDGE('',*,*,#4300,.F.);
#5565=ORIENTED_EDGE('',*,*,#4381,.F.);
#5566=ORIENTED_EDGE('',*,*,#4247,.T.);
#5567=ORIENTED_EDGE('',*,*,#4382,.T.);
#5568=ORIENTED_EDGE('',*,*,#4301,.F.);
#5569=ORIENTED_EDGE('',*,*,#4380,.F.);
#5570=ORIENTED_EDGE('',*,*,#4252,.T.);
#5571=ORIENTED_EDGE('',*,*,#4383,.T.);
#5572=ORIENTED_EDGE('',*,*,#4296,.F.);
#5573=ORIENTED_EDGE('',*,*,#4384,.F.);
#5574=ORIENTED_EDGE('',*,*,#4251,.T.);
#5575=ORIENTED_EDGE('',*,*,#4385,.T.);
#5576=ORIENTED_EDGE('',*,*,#4297,.F.);
#5577=ORIENTED_EDGE('',*,*,#4383,.F.);
#5578=ORIENTED_EDGE('',*,*,#4185,.F.);
#5579=ORIENTED_EDGE('',*,*,#4327,.T.);
#5580=ORIENTED_EDGE('',*,*,#4273,.F.);
#5581=ORIENTED_EDGE('',*,*,#4181,.F.);
#5582=ORIENTED_EDGE('',*,*,#4233,.F.);
#5583=ORIENTED_EDGE('',*,*,#4243,.T.);
#5584=ORIENTED_EDGE('',*,*,#4285,.F.);
#5585=ORIENTED_EDGE('',*,*,#4361,.T.);
#5586=ORIENTED_EDGE('',*,*,#4209,.F.);
#5587=ORIENTED_EDGE('',*,*,#4331,.T.);
#5588=ORIENTED_EDGE('',*,*,#4281,.F.);
#5589=ORIENTED_EDGE('',*,*,#4360,.T.);
#5590=ORIENTED_EDGE('',*,*,#4264,.T.);
#5591=ORIENTED_EDGE('',*,*,#4386,.T.);
#5592=ORIENTED_EDGE('',*,*,#4292,.F.);
#5593=ORIENTED_EDGE('',*,*,#4387,.F.);
#5594=ORIENTED_EDGE('',*,*,#4263,.T.);
#5595=ORIENTED_EDGE('',*,*,#4388,.T.);
#5596=ORIENTED_EDGE('',*,*,#4293,.F.);
#5597=ORIENTED_EDGE('',*,*,#4386,.F.);
#5598=ORIENTED_EDGE('',*,*,#4268,.T.);
#5599=ORIENTED_EDGE('',*,*,#4389,.T.);
#5600=ORIENTED_EDGE('',*,*,#4288,.F.);
#5601=ORIENTED_EDGE('',*,*,#4390,.F.);
#5602=ORIENTED_EDGE('',*,*,#4267,.T.);
#5603=ORIENTED_EDGE('',*,*,#4391,.T.);
#5604=ORIENTED_EDGE('',*,*,#4289,.F.);
#5605=ORIENTED_EDGE('',*,*,#4389,.F.);
#5606=ORIENTED_EDGE('',*,*,#4337,.T.);
#5607=ORIENTED_EDGE('',*,*,#4392,.T.);
#5608=ORIENTED_EDGE('',*,*,#4322,.F.);
#5609=ORIENTED_EDGE('',*,*,#4364,.F.);
#5610=ORIENTED_EDGE('',*,*,#4340,.T.);
#5611=ORIENTED_EDGE('',*,*,#4363,.T.);
#5612=ORIENTED_EDGE('',*,*,#4323,.F.);
#5613=ORIENTED_EDGE('',*,*,#4392,.F.);
#5614=ORIENTED_EDGE('',*,*,#4333,.T.);
#5615=ORIENTED_EDGE('',*,*,#4393,.T.);
#5616=ORIENTED_EDGE('',*,*,#4318,.F.);
#5617=ORIENTED_EDGE('',*,*,#4367,.F.);
#5618=ORIENTED_EDGE('',*,*,#4336,.T.);
#5619=ORIENTED_EDGE('',*,*,#4366,.T.);
#5620=ORIENTED_EDGE('',*,*,#4319,.F.);
#5621=ORIENTED_EDGE('',*,*,#4393,.F.);
#5622=ORIENTED_EDGE('',*,*,#4346,.T.);
#5623=ORIENTED_EDGE('',*,*,#4394,.T.);
#5624=ORIENTED_EDGE('',*,*,#4314,.F.);
#5625=ORIENTED_EDGE('',*,*,#4370,.F.);
#5626=ORIENTED_EDGE('',*,*,#4349,.T.);
#5627=ORIENTED_EDGE('',*,*,#4369,.T.);
#5628=ORIENTED_EDGE('',*,*,#4315,.F.);
#5629=ORIENTED_EDGE('',*,*,#4394,.F.);
#5630=ORIENTED_EDGE('',*,*,#4342,.T.);
#5631=ORIENTED_EDGE('',*,*,#4395,.T.);
#5632=ORIENTED_EDGE('',*,*,#4310,.F.);
#5633=ORIENTED_EDGE('',*,*,#4373,.F.);
#5634=ORIENTED_EDGE('',*,*,#4345,.T.);
#5635=ORIENTED_EDGE('',*,*,#4372,.T.);
#5636=ORIENTED_EDGE('',*,*,#4311,.F.);
#5637=ORIENTED_EDGE('',*,*,#4395,.F.);
#5638=ORIENTED_EDGE('',*,*,#4355,.T.);
#5639=ORIENTED_EDGE('',*,*,#4396,.T.);
#5640=ORIENTED_EDGE('',*,*,#4306,.F.);
#5641=ORIENTED_EDGE('',*,*,#4376,.F.);
#5642=ORIENTED_EDGE('',*,*,#4358,.T.);
#5643=ORIENTED_EDGE('',*,*,#4375,.T.);
#5644=ORIENTED_EDGE('',*,*,#4307,.F.);
#5645=ORIENTED_EDGE('',*,*,#4396,.F.);
#5646=ORIENTED_EDGE('',*,*,#4351,.T.);
#5647=ORIENTED_EDGE('',*,*,#4397,.T.);
#5648=ORIENTED_EDGE('',*,*,#4302,.F.);
#5649=ORIENTED_EDGE('',*,*,#4379,.F.);
#5650=ORIENTED_EDGE('',*,*,#4354,.T.);
#5651=ORIENTED_EDGE('',*,*,#4378,.T.);
#5652=ORIENTED_EDGE('',*,*,#4303,.F.);
#5653=ORIENTED_EDGE('',*,*,#4397,.F.);
#5654=ORIENTED_EDGE('',*,*,#4246,.T.);
#5655=ORIENTED_EDGE('',*,*,#4398,.T.);
#5656=ORIENTED_EDGE('',*,*,#4298,.F.);
#5657=ORIENTED_EDGE('',*,*,#4382,.F.);
#5658=ORIENTED_EDGE('',*,*,#4249,.T.);
#5659=ORIENTED_EDGE('',*,*,#4381,.T.);
#5660=ORIENTED_EDGE('',*,*,#4299,.F.);
#5661=ORIENTED_EDGE('',*,*,#4398,.F.);
#5662=ORIENTED_EDGE('',*,*,#4250,.T.);
#5663=ORIENTED_EDGE('',*,*,#4399,.T.);
#5664=ORIENTED_EDGE('',*,*,#4294,.F.);
#5665=ORIENTED_EDGE('',*,*,#4385,.F.);
#5666=ORIENTED_EDGE('',*,*,#4253,.T.);
#5667=ORIENTED_EDGE('',*,*,#4384,.T.);
#5668=ORIENTED_EDGE('',*,*,#4295,.F.);
#5669=ORIENTED_EDGE('',*,*,#4399,.F.);
#5670=ORIENTED_EDGE('',*,*,#4262,.T.);
#5671=ORIENTED_EDGE('',*,*,#4400,.T.);
#5672=ORIENTED_EDGE('',*,*,#4290,.F.);
#5673=ORIENTED_EDGE('',*,*,#4388,.F.);
#5674=ORIENTED_EDGE('',*,*,#4265,.T.);
#5675=ORIENTED_EDGE('',*,*,#4387,.T.);
#5676=ORIENTED_EDGE('',*,*,#4291,.F.);
#5677=ORIENTED_EDGE('',*,*,#4400,.F.);
#5678=ORIENTED_EDGE('',*,*,#4266,.T.);
#5679=ORIENTED_EDGE('',*,*,#4401,.T.);
#5680=ORIENTED_EDGE('',*,*,#4286,.F.);
#5681=ORIENTED_EDGE('',*,*,#4391,.F.);
#5682=ORIENTED_EDGE('',*,*,#4269,.T.);
#5683=ORIENTED_EDGE('',*,*,#4390,.T.);
#5684=ORIENTED_EDGE('',*,*,#4287,.F.);
#5685=ORIENTED_EDGE('',*,*,#4401,.F.);
#5686=ORIENTED_EDGE('',*,*,#4197,.F.);
#5687=ORIENTED_EDGE('',*,*,#4329,.T.);
#5688=ORIENTED_EDGE('',*,*,#4277,.F.);
#5689=ORIENTED_EDGE('',*,*,#4359,.T.);
#5690=ORIENTED_EDGE('',*,*,#4402,.F.);
#5691=ORIENTED_EDGE('',*,*,#4403,.F.);
#5692=ORIENTED_EDGE('',*,*,#4404,.F.);
#5693=ORIENTED_EDGE('',*,*,#4405,.F.);
#5694=ORIENTED_EDGE('',*,*,#4406,.F.);
#5695=ORIENTED_EDGE('',*,*,#4407,.F.);
#5696=ORIENTED_EDGE('',*,*,#4408,.F.);
#5697=ORIENTED_EDGE('',*,*,#4409,.F.);
#5698=ORIENTED_EDGE('',*,*,#4410,.F.);
#5699=ORIENTED_EDGE('',*,*,#4411,.F.);
#5700=ORIENTED_EDGE('',*,*,#4412,.F.);
#5701=ORIENTED_EDGE('',*,*,#4413,.F.);
#5702=ORIENTED_EDGE('',*,*,#4414,.F.);
#5703=ORIENTED_EDGE('',*,*,#4415,.F.);
#5704=ORIENTED_EDGE('',*,*,#4416,.F.);
#5705=ORIENTED_EDGE('',*,*,#4417,.F.);
#5706=ORIENTED_EDGE('',*,*,#4418,.F.);
#5707=ORIENTED_EDGE('',*,*,#4419,.F.);
#5708=ORIENTED_EDGE('',*,*,#4420,.F.);
#5709=ORIENTED_EDGE('',*,*,#4421,.F.);
#5710=ORIENTED_EDGE('',*,*,#4422,.F.);
#5711=ORIENTED_EDGE('',*,*,#4423,.F.);
#5712=ORIENTED_EDGE('',*,*,#4424,.F.);
#5713=ORIENTED_EDGE('',*,*,#4425,.F.);
#5714=ORIENTED_EDGE('',*,*,#4426,.F.);
#5715=ORIENTED_EDGE('',*,*,#4427,.F.);
#5716=ORIENTED_EDGE('',*,*,#4428,.F.);
#5717=ORIENTED_EDGE('',*,*,#4429,.F.);
#5718=ORIENTED_EDGE('',*,*,#4430,.F.);
#5719=ORIENTED_EDGE('',*,*,#4431,.F.);
#5720=ORIENTED_EDGE('',*,*,#4432,.F.);
#5721=ORIENTED_EDGE('',*,*,#4433,.F.);
#5722=ORIENTED_EDGE('',*,*,#4434,.F.);
#5723=ORIENTED_EDGE('',*,*,#4435,.F.);
#5724=ORIENTED_EDGE('',*,*,#4436,.F.);
#5725=ORIENTED_EDGE('',*,*,#4437,.F.);
#5726=ORIENTED_EDGE('',*,*,#4438,.F.);
#5727=ORIENTED_EDGE('',*,*,#4439,.F.);
#5728=ORIENTED_EDGE('',*,*,#4440,.F.);
#5729=ORIENTED_EDGE('',*,*,#4441,.F.);
#5730=ORIENTED_EDGE('',*,*,#4442,.F.);
#5731=ORIENTED_EDGE('',*,*,#4443,.F.);
#5732=ORIENTED_EDGE('',*,*,#4444,.F.);
#5733=ORIENTED_EDGE('',*,*,#4445,.F.);
#5734=ORIENTED_EDGE('',*,*,#4446,.F.);
#5735=ORIENTED_EDGE('',*,*,#4447,.F.);
#5736=ORIENTED_EDGE('',*,*,#4448,.F.);
#5737=ORIENTED_EDGE('',*,*,#4449,.F.);
#5738=ORIENTED_EDGE('',*,*,#4450,.F.);
#5739=ORIENTED_EDGE('',*,*,#4451,.F.);
#5740=ORIENTED_EDGE('',*,*,#4452,.F.);
#5741=ORIENTED_EDGE('',*,*,#4453,.F.);
#5742=ORIENTED_EDGE('',*,*,#4454,.F.);
#5743=ORIENTED_EDGE('',*,*,#4455,.F.);
#5744=ORIENTED_EDGE('',*,*,#4456,.F.);
#5745=ORIENTED_EDGE('',*,*,#4457,.F.);
#5746=ORIENTED_EDGE('',*,*,#4458,.F.);
#5747=ORIENTED_EDGE('',*,*,#4459,.F.);
#5748=ORIENTED_EDGE('',*,*,#4460,.F.);
#5749=ORIENTED_EDGE('',*,*,#4461,.F.);
#5750=ORIENTED_EDGE('',*,*,#4462,.F.);
#5751=ORIENTED_EDGE('',*,*,#4463,.F.);
#5752=ORIENTED_EDGE('',*,*,#4464,.F.);
#5753=ORIENTED_EDGE('',*,*,#4465,.F.);
#5754=ORIENTED_EDGE('',*,*,#4466,.F.);
#5755=ORIENTED_EDGE('',*,*,#4467,.F.);
#5756=ORIENTED_EDGE('',*,*,#4468,.F.);
#5757=ORIENTED_EDGE('',*,*,#4469,.F.);
#5758=ORIENTED_EDGE('',*,*,#4470,.F.);
#5759=ORIENTED_EDGE('',*,*,#4471,.F.);
#5760=ORIENTED_EDGE('',*,*,#4472,.F.);
#5761=ORIENTED_EDGE('',*,*,#4473,.F.);
#5762=ORIENTED_EDGE('',*,*,#4474,.F.);
#5763=ORIENTED_EDGE('',*,*,#4475,.F.);
#5764=ORIENTED_EDGE('',*,*,#4476,.F.);
#5765=ORIENTED_EDGE('',*,*,#4477,.F.);
#5766=ORIENTED_EDGE('',*,*,#4478,.F.);
#5767=ORIENTED_EDGE('',*,*,#4479,.F.);
#5768=ORIENTED_EDGE('',*,*,#4480,.F.);
#5769=ORIENTED_EDGE('',*,*,#4481,.F.);
#5770=ORIENTED_EDGE('',*,*,#4449,.T.);
#5771=ORIENTED_EDGE('',*,*,#4482,.F.);
#5772=ORIENTED_EDGE('',*,*,#4483,.F.);
#5773=ORIENTED_EDGE('',*,*,#4484,.F.);
#5774=ORIENTED_EDGE('',*,*,#4485,.F.);
#5775=ORIENTED_EDGE('',*,*,#4486,.F.);
#5776=ORIENTED_EDGE('',*,*,#4487,.F.);
#5777=ORIENTED_EDGE('',*,*,#4488,.F.);
#5778=ORIENTED_EDGE('',*,*,#4405,.T.);
#5779=ORIENTED_EDGE('',*,*,#4489,.T.);
#5780=ORIENTED_EDGE('',*,*,#4413,.T.);
#5781=ORIENTED_EDGE('',*,*,#4490,.T.);
#5782=ORIENTED_EDGE('',*,*,#4404,.T.);
#5783=ORIENTED_EDGE('',*,*,#4491,.T.);
#5784=ORIENTED_EDGE('',*,*,#4492,.T.);
#5785=ORIENTED_EDGE('',*,*,#4493,.T.);
#5786=ORIENTED_EDGE('',*,*,#4410,.T.);
#5787=ORIENTED_EDGE('',*,*,#4489,.F.);
#5788=ORIENTED_EDGE('',*,*,#4446,.T.);
#5789=ORIENTED_EDGE('',*,*,#4488,.T.);
#5790=ORIENTED_EDGE('',*,*,#4494,.T.);
#5791=ORIENTED_EDGE('',*,*,#4495,.T.);
#5792=ORIENTED_EDGE('',*,*,#4406,.T.);
#5793=ORIENTED_EDGE('',*,*,#4496,.F.);
#5794=ORIENTED_EDGE('',*,*,#4453,.T.);
#5795=ORIENTED_EDGE('',*,*,#4497,.F.);
#5796=ORIENTED_EDGE('',*,*,#4498,.F.);
#5797=ORIENTED_EDGE('',*,*,#4499,.F.);
#5798=ORIENTED_EDGE('',*,*,#4500,.F.);
#5799=ORIENTED_EDGE('',*,*,#4501,.F.);
#5800=ORIENTED_EDGE('',*,*,#4502,.F.);
#5801=ORIENTED_EDGE('',*,*,#4503,.F.);
#5802=ORIENTED_EDGE('',*,*,#4417,.T.);
#5803=ORIENTED_EDGE('',*,*,#4504,.F.);
#5804=ORIENTED_EDGE('',*,*,#4505,.F.);
#5805=ORIENTED_EDGE('',*,*,#4506,.F.);
#5806=ORIENTED_EDGE('',*,*,#4507,.F.);
#5807=ORIENTED_EDGE('',*,*,#4508,.F.);
#5808=ORIENTED_EDGE('',*,*,#4509,.F.);
#5809=ORIENTED_EDGE('',*,*,#4510,.F.);
#5810=ORIENTED_EDGE('',*,*,#4452,.T.);
#5811=ORIENTED_EDGE('',*,*,#4511,.F.);
#5812=ORIENTED_EDGE('',*,*,#4454,.T.);
#5813=ORIENTED_EDGE('',*,*,#4512,.T.);
#5814=ORIENTED_EDGE('',*,*,#4513,.F.);
#5815=ORIENTED_EDGE('',*,*,#4497,.T.);
#5816=ORIENTED_EDGE('',*,*,#4457,.T.);
#5817=ORIENTED_EDGE('',*,*,#4514,.F.);
#5818=ORIENTED_EDGE('',*,*,#4515,.F.);
#5819=ORIENTED_EDGE('',*,*,#4516,.F.);
#5820=ORIENTED_EDGE('',*,*,#4517,.T.);
#5821=ORIENTED_EDGE('',*,*,#4518,.F.);
#5822=ORIENTED_EDGE('',*,*,#4519,.F.);
#5823=ORIENTED_EDGE('',*,*,#4512,.F.);
#5824=ORIENTED_EDGE('',*,*,#4416,.T.);
#5825=ORIENTED_EDGE('',*,*,#4520,.F.);
#5826=ORIENTED_EDGE('',*,*,#4418,.T.);
#5827=ORIENTED_EDGE('',*,*,#4521,.T.);
#5828=ORIENTED_EDGE('',*,*,#4522,.F.);
#5829=ORIENTED_EDGE('',*,*,#4504,.T.);
#5830=ORIENTED_EDGE('',*,*,#4421,.T.);
#5831=ORIENTED_EDGE('',*,*,#4523,.F.);
#5832=ORIENTED_EDGE('',*,*,#4524,.F.);
#5833=ORIENTED_EDGE('',*,*,#4525,.F.);
#5834=ORIENTED_EDGE('',*,*,#4526,.T.);
#5835=ORIENTED_EDGE('',*,*,#4527,.F.);
#5836=ORIENTED_EDGE('',*,*,#4528,.F.);
#5837=ORIENTED_EDGE('',*,*,#4521,.F.);
#5838=ORIENTED_EDGE('',*,*,#4461,.T.);
#5839=ORIENTED_EDGE('',*,*,#4529,.F.);
#5840=ORIENTED_EDGE('',*,*,#4530,.F.);
#5841=ORIENTED_EDGE('',*,*,#4531,.F.);
#5842=ORIENTED_EDGE('',*,*,#4532,.F.);
#5843=ORIENTED_EDGE('',*,*,#4533,.F.);
#5844=ORIENTED_EDGE('',*,*,#4534,.F.);
#5845=ORIENTED_EDGE('',*,*,#4535,.F.);
#5846=ORIENTED_EDGE('',*,*,#4425,.T.);
#5847=ORIENTED_EDGE('',*,*,#4536,.F.);
#5848=ORIENTED_EDGE('',*,*,#4537,.F.);
#5849=ORIENTED_EDGE('',*,*,#4538,.F.);
#5850=ORIENTED_EDGE('',*,*,#4539,.F.);
#5851=ORIENTED_EDGE('',*,*,#4540,.F.);
#5852=ORIENTED_EDGE('',*,*,#4541,.F.);
#5853=ORIENTED_EDGE('',*,*,#4542,.F.);
#5854=ORIENTED_EDGE('',*,*,#4460,.T.);
#5855=ORIENTED_EDGE('',*,*,#4543,.F.);
#5856=ORIENTED_EDGE('',*,*,#4462,.T.);
#5857=ORIENTED_EDGE('',*,*,#4544,.T.);
#5858=ORIENTED_EDGE('',*,*,#4545,.F.);
#5859=ORIENTED_EDGE('',*,*,#4529,.T.);
#5860=ORIENTED_EDGE('',*,*,#4465,.T.);
#5861=ORIENTED_EDGE('',*,*,#4546,.F.);
#5862=ORIENTED_EDGE('',*,*,#4547,.F.);
#5863=ORIENTED_EDGE('',*,*,#4548,.F.);
#5864=ORIENTED_EDGE('',*,*,#4549,.T.);
#5865=ORIENTED_EDGE('',*,*,#4550,.F.);
#5866=ORIENTED_EDGE('',*,*,#4551,.F.);
#5867=ORIENTED_EDGE('',*,*,#4544,.F.);
#5868=ORIENTED_EDGE('',*,*,#4424,.T.);
#5869=ORIENTED_EDGE('',*,*,#4552,.F.);
#5870=ORIENTED_EDGE('',*,*,#4426,.T.);
#5871=ORIENTED_EDGE('',*,*,#4553,.T.);
#5872=ORIENTED_EDGE('',*,*,#4554,.F.);
#5873=ORIENTED_EDGE('',*,*,#4536,.T.);
#5874=ORIENTED_EDGE('',*,*,#4429,.T.);
#5875=ORIENTED_EDGE('',*,*,#4555,.F.);
#5876=ORIENTED_EDGE('',*,*,#4556,.F.);
#5877=ORIENTED_EDGE('',*,*,#4557,.F.);
#5878=ORIENTED_EDGE('',*,*,#4558,.T.);
#5879=ORIENTED_EDGE('',*,*,#4559,.F.);
#5880=ORIENTED_EDGE('',*,*,#4560,.F.);
#5881=ORIENTED_EDGE('',*,*,#4553,.F.);
#5882=ORIENTED_EDGE('',*,*,#4469,.T.);
#5883=ORIENTED_EDGE('',*,*,#4561,.F.);
#5884=ORIENTED_EDGE('',*,*,#4562,.F.);
#5885=ORIENTED_EDGE('',*,*,#4563,.F.);
#5886=ORIENTED_EDGE('',*,*,#4564,.F.);
#5887=ORIENTED_EDGE('',*,*,#4565,.F.);
#5888=ORIENTED_EDGE('',*,*,#4566,.F.);
#5889=ORIENTED_EDGE('',*,*,#4567,.F.);
#5890=ORIENTED_EDGE('',*,*,#4433,.T.);
#5891=ORIENTED_EDGE('',*,*,#4568,.F.);
#5892=ORIENTED_EDGE('',*,*,#4569,.F.);
#5893=ORIENTED_EDGE('',*,*,#4570,.F.);
#5894=ORIENTED_EDGE('',*,*,#4571,.F.);
#5895=ORIENTED_EDGE('',*,*,#4572,.F.);
#5896=ORIENTED_EDGE('',*,*,#4573,.F.);
#5897=ORIENTED_EDGE('',*,*,#4574,.F.);
#5898=ORIENTED_EDGE('',*,*,#4468,.T.);
#5899=ORIENTED_EDGE('',*,*,#4575,.F.);
#5900=ORIENTED_EDGE('',*,*,#4470,.T.);
#5901=ORIENTED_EDGE('',*,*,#4576,.T.);
#5902=ORIENTED_EDGE('',*,*,#4577,.F.);
#5903=ORIENTED_EDGE('',*,*,#4561,.T.);
#5904=ORIENTED_EDGE('',*,*,#4473,.T.);
#5905=ORIENTED_EDGE('',*,*,#4578,.F.);
#5906=ORIENTED_EDGE('',*,*,#4579,.F.);
#5907=ORIENTED_EDGE('',*,*,#4580,.F.);
#5908=ORIENTED_EDGE('',*,*,#4581,.T.);
#5909=ORIENTED_EDGE('',*,*,#4582,.F.);
#5910=ORIENTED_EDGE('',*,*,#4583,.F.);
#5911=ORIENTED_EDGE('',*,*,#4576,.F.);
#5912=ORIENTED_EDGE('',*,*,#4432,.T.);
#5913=ORIENTED_EDGE('',*,*,#4584,.F.);
#5914=ORIENTED_EDGE('',*,*,#4434,.T.);
#5915=ORIENTED_EDGE('',*,*,#4585,.T.);
#5916=ORIENTED_EDGE('',*,*,#4586,.F.);
#5917=ORIENTED_EDGE('',*,*,#4568,.T.);
#5918=ORIENTED_EDGE('',*,*,#4437,.T.);
#5919=ORIENTED_EDGE('',*,*,#4587,.F.);
#5920=ORIENTED_EDGE('',*,*,#4588,.F.);
#5921=ORIENTED_EDGE('',*,*,#4589,.F.);
#5922=ORIENTED_EDGE('',*,*,#4590,.T.);
#5923=ORIENTED_EDGE('',*,*,#4591,.F.);
#5924=ORIENTED_EDGE('',*,*,#4592,.F.);
#5925=ORIENTED_EDGE('',*,*,#4585,.F.);
#5926=ORIENTED_EDGE('',*,*,#4477,.T.);
#5927=ORIENTED_EDGE('',*,*,#4593,.F.);
#5928=ORIENTED_EDGE('',*,*,#4594,.F.);
#5929=ORIENTED_EDGE('',*,*,#4595,.F.);
#5930=ORIENTED_EDGE('',*,*,#4596,.F.);
#5931=ORIENTED_EDGE('',*,*,#4597,.F.);
#5932=ORIENTED_EDGE('',*,*,#4598,.F.);
#5933=ORIENTED_EDGE('',*,*,#4599,.F.);
#5934=ORIENTED_EDGE('',*,*,#4441,.T.);
#5935=ORIENTED_EDGE('',*,*,#4600,.F.);
#5936=ORIENTED_EDGE('',*,*,#4601,.F.);
#5937=ORIENTED_EDGE('',*,*,#4602,.F.);
#5938=ORIENTED_EDGE('',*,*,#4603,.F.);
#5939=ORIENTED_EDGE('',*,*,#4604,.F.);
#5940=ORIENTED_EDGE('',*,*,#4605,.F.);
#5941=ORIENTED_EDGE('',*,*,#4606,.F.);
#5942=ORIENTED_EDGE('',*,*,#4476,.T.);
#5943=ORIENTED_EDGE('',*,*,#4607,.F.);
#5944=ORIENTED_EDGE('',*,*,#4478,.T.);
#5945=ORIENTED_EDGE('',*,*,#4608,.T.);
#5946=ORIENTED_EDGE('',*,*,#4609,.F.);
#5947=ORIENTED_EDGE('',*,*,#4593,.T.);
#5948=ORIENTED_EDGE('',*,*,#4481,.T.);
#5949=ORIENTED_EDGE('',*,*,#4610,.F.);
#5950=ORIENTED_EDGE('',*,*,#4611,.F.);
#5951=ORIENTED_EDGE('',*,*,#4612,.F.);
#5952=ORIENTED_EDGE('',*,*,#4613,.T.);
#5953=ORIENTED_EDGE('',*,*,#4614,.F.);
#5954=ORIENTED_EDGE('',*,*,#4615,.F.);
#5955=ORIENTED_EDGE('',*,*,#4608,.F.);
#5956=ORIENTED_EDGE('',*,*,#4440,.T.);
#5957=ORIENTED_EDGE('',*,*,#4616,.F.);
#5958=ORIENTED_EDGE('',*,*,#4442,.T.);
#5959=ORIENTED_EDGE('',*,*,#4617,.T.);
#5960=ORIENTED_EDGE('',*,*,#4618,.F.);
#5961=ORIENTED_EDGE('',*,*,#4600,.T.);
#5962=ORIENTED_EDGE('',*,*,#4445,.T.);
#5963=ORIENTED_EDGE('',*,*,#4619,.F.);
#5964=ORIENTED_EDGE('',*,*,#4620,.F.);
#5965=ORIENTED_EDGE('',*,*,#4621,.F.);
#5966=ORIENTED_EDGE('',*,*,#4622,.T.);
#5967=ORIENTED_EDGE('',*,*,#4623,.F.);
#5968=ORIENTED_EDGE('',*,*,#4624,.F.);
#5969=ORIENTED_EDGE('',*,*,#4617,.F.);
#5970=ORIENTED_EDGE('',*,*,#4403,.T.);
#5971=ORIENTED_EDGE('',*,*,#4625,.F.);
#5972=ORIENTED_EDGE('',*,*,#4626,.F.);
#5973=ORIENTED_EDGE('',*,*,#4627,.F.);
#5974=ORIENTED_EDGE('',*,*,#4628,.F.);
#5975=ORIENTED_EDGE('',*,*,#4629,.F.);
#5976=ORIENTED_EDGE('',*,*,#4630,.F.);
#5977=ORIENTED_EDGE('',*,*,#4491,.F.);
#5978=ORIENTED_EDGE('',*,*,#4411,.T.);
#5979=ORIENTED_EDGE('',*,*,#4493,.F.);
#5980=ORIENTED_EDGE('',*,*,#4631,.F.);
#5981=ORIENTED_EDGE('',*,*,#4632,.F.);
#5982=ORIENTED_EDGE('',*,*,#4633,.T.);
#5983=ORIENTED_EDGE('',*,*,#4634,.F.);
#5984=ORIENTED_EDGE('',*,*,#4635,.F.);
#5985=ORIENTED_EDGE('',*,*,#4636,.F.);
#5986=ORIENTED_EDGE('',*,*,#4407,.T.);
#5987=ORIENTED_EDGE('',*,*,#4495,.F.);
#5988=ORIENTED_EDGE('',*,*,#4637,.F.);
#5989=ORIENTED_EDGE('',*,*,#4638,.F.);
#5990=ORIENTED_EDGE('',*,*,#4639,.T.);
#5991=ORIENTED_EDGE('',*,*,#4640,.F.);
#5992=ORIENTED_EDGE('',*,*,#4641,.F.);
#5993=ORIENTED_EDGE('',*,*,#4642,.F.);
#5994=ORIENTED_EDGE('',*,*,#4643,.T.);
#5995=ORIENTED_EDGE('',*,*,#4644,.T.);
#5996=ORIENTED_EDGE('',*,*,#4645,.F.);
#5997=ORIENTED_EDGE('',*,*,#4646,.F.);
#5998=ORIENTED_EDGE('',*,*,#4475,.T.);
#5999=ORIENTED_EDGE('',*,*,#4647,.T.);
#6000=ORIENTED_EDGE('',*,*,#4479,.T.);
#6001=ORIENTED_EDGE('',*,*,#4607,.T.);
#6002=ORIENTED_EDGE('',*,*,#4467,.T.);
#6003=ORIENTED_EDGE('',*,*,#4648,.T.);
#6004=ORIENTED_EDGE('',*,*,#4471,.T.);
#6005=ORIENTED_EDGE('',*,*,#4575,.T.);
#6006=ORIENTED_EDGE('',*,*,#4459,.T.);
#6007=ORIENTED_EDGE('',*,*,#4649,.T.);
#6008=ORIENTED_EDGE('',*,*,#4463,.T.);
#6009=ORIENTED_EDGE('',*,*,#4543,.T.);
#6010=ORIENTED_EDGE('',*,*,#4451,.T.);
#6011=ORIENTED_EDGE('',*,*,#4650,.T.);
#6012=ORIENTED_EDGE('',*,*,#4455,.T.);
#6013=ORIENTED_EDGE('',*,*,#4511,.T.);
#6014=ORIENTED_EDGE('',*,*,#4474,.T.);
#6015=ORIENTED_EDGE('',*,*,#4599,.T.);
#6016=ORIENTED_EDGE('',*,*,#4651,.T.);
#6017=ORIENTED_EDGE('',*,*,#4610,.T.);
#6018=ORIENTED_EDGE('',*,*,#4480,.T.);
#6019=ORIENTED_EDGE('',*,*,#4647,.F.);
#6020=ORIENTED_EDGE('',*,*,#4466,.T.);
#6021=ORIENTED_EDGE('',*,*,#4567,.T.);
#6022=ORIENTED_EDGE('',*,*,#4652,.T.);
#6023=ORIENTED_EDGE('',*,*,#4578,.T.);
#6024=ORIENTED_EDGE('',*,*,#4472,.T.);
#6025=ORIENTED_EDGE('',*,*,#4648,.F.);
#6026=ORIENTED_EDGE('',*,*,#4458,.T.);
#6027=ORIENTED_EDGE('',*,*,#4535,.T.);
#6028=ORIENTED_EDGE('',*,*,#4653,.T.);
#6029=ORIENTED_EDGE('',*,*,#4546,.T.);
#6030=ORIENTED_EDGE('',*,*,#4464,.T.);
#6031=ORIENTED_EDGE('',*,*,#4649,.F.);
#6032=ORIENTED_EDGE('',*,*,#4450,.T.);
#6033=ORIENTED_EDGE('',*,*,#4503,.T.);
#6034=ORIENTED_EDGE('',*,*,#4654,.T.);
#6035=ORIENTED_EDGE('',*,*,#4514,.T.);
#6036=ORIENTED_EDGE('',*,*,#4456,.T.);
#6037=ORIENTED_EDGE('',*,*,#4650,.F.);
#6038=ORIENTED_EDGE('',*,*,#4598,.T.);
#6039=ORIENTED_EDGE('',*,*,#4655,.T.);
#6040=ORIENTED_EDGE('',*,*,#4611,.T.);
#6041=ORIENTED_EDGE('',*,*,#4651,.F.);
#6042=ORIENTED_EDGE('',*,*,#4566,.T.);
#6043=ORIENTED_EDGE('',*,*,#4656,.T.);
#6044=ORIENTED_EDGE('',*,*,#4579,.T.);
#6045=ORIENTED_EDGE('',*,*,#4652,.F.);
#6046=ORIENTED_EDGE('',*,*,#4534,.T.);
#6047=ORIENTED_EDGE('',*,*,#4657,.T.);
#6048=ORIENTED_EDGE('',*,*,#4547,.T.);
#6049=ORIENTED_EDGE('',*,*,#4653,.F.);
#6050=ORIENTED_EDGE('',*,*,#4502,.T.);
#6051=ORIENTED_EDGE('',*,*,#4658,.T.);
#6052=ORIENTED_EDGE('',*,*,#4515,.T.);
#6053=ORIENTED_EDGE('',*,*,#4654,.F.);
#6054=ORIENTED_EDGE('',*,*,#4487,.T.);
#6055=ORIENTED_EDGE('',*,*,#4659,.T.);
#6056=ORIENTED_EDGE('',*,*,#4637,.T.);
#6057=ORIENTED_EDGE('',*,*,#4494,.F.);
#6058=ORIENTED_EDGE('',*,*,#4597,.T.);
#6059=ORIENTED_EDGE('',*,*,#4660,.F.);
#6060=ORIENTED_EDGE('',*,*,#4612,.T.);
#6061=ORIENTED_EDGE('',*,*,#4655,.F.);
#6062=ORIENTED_EDGE('',*,*,#4565,.T.);
#6063=ORIENTED_EDGE('',*,*,#4661,.F.);
#6064=ORIENTED_EDGE('',*,*,#4580,.T.);
#6065=ORIENTED_EDGE('',*,*,#4656,.F.);
#6066=ORIENTED_EDGE('',*,*,#4533,.T.);
#6067=ORIENTED_EDGE('',*,*,#4662,.F.);
#6068=ORIENTED_EDGE('',*,*,#4548,.T.);
#6069=ORIENTED_EDGE('',*,*,#4657,.F.);
#6070=ORIENTED_EDGE('',*,*,#4501,.T.);
#6071=ORIENTED_EDGE('',*,*,#4663,.F.);
#6072=ORIENTED_EDGE('',*,*,#4516,.T.);
#6073=ORIENTED_EDGE('',*,*,#4658,.F.);
#6074=ORIENTED_EDGE('',*,*,#4486,.T.);
#6075=ORIENTED_EDGE('',*,*,#4664,.F.);
#6076=ORIENTED_EDGE('',*,*,#4638,.T.);
#6077=ORIENTED_EDGE('',*,*,#4659,.F.);
#6078=ORIENTED_EDGE('',*,*,#4594,.T.);
#6079=ORIENTED_EDGE('',*,*,#4609,.T.);
#6080=ORIENTED_EDGE('',*,*,#4615,.T.);
#6081=ORIENTED_EDGE('',*,*,#4665,.F.);
#6082=ORIENTED_EDGE('',*,*,#4562,.T.);
#6083=ORIENTED_EDGE('',*,*,#4577,.T.);
#6084=ORIENTED_EDGE('',*,*,#4583,.T.);
#6085=ORIENTED_EDGE('',*,*,#4666,.F.);
#6086=ORIENTED_EDGE('',*,*,#4530,.T.);
#6087=ORIENTED_EDGE('',*,*,#4545,.T.);
#6088=ORIENTED_EDGE('',*,*,#4551,.T.);
#6089=ORIENTED_EDGE('',*,*,#4667,.F.);
#6090=ORIENTED_EDGE('',*,*,#4498,.T.);
#6091=ORIENTED_EDGE('',*,*,#4513,.T.);
#6092=ORIENTED_EDGE('',*,*,#4519,.T.);
#6093=ORIENTED_EDGE('',*,*,#4668,.F.);
#6094=ORIENTED_EDGE('',*,*,#4439,.T.);
#6095=ORIENTED_EDGE('',*,*,#4669,.T.);
#6096=ORIENTED_EDGE('',*,*,#4443,.T.);
#6097=ORIENTED_EDGE('',*,*,#4616,.T.);
#6098=ORIENTED_EDGE('',*,*,#4431,.T.);
#6099=ORIENTED_EDGE('',*,*,#4670,.T.);
#6100=ORIENTED_EDGE('',*,*,#4435,.T.);
#6101=ORIENTED_EDGE('',*,*,#4584,.T.);
#6102=ORIENTED_EDGE('',*,*,#4423,.T.);
#6103=ORIENTED_EDGE('',*,*,#4671,.T.);
#6104=ORIENTED_EDGE('',*,*,#4427,.T.);
#6105=ORIENTED_EDGE('',*,*,#4552,.T.);
#6106=ORIENTED_EDGE('',*,*,#4415,.T.);
#6107=ORIENTED_EDGE('',*,*,#4672,.T.);
#6108=ORIENTED_EDGE('',*,*,#4419,.T.);
#6109=ORIENTED_EDGE('',*,*,#4520,.T.);
#6110=ORIENTED_EDGE('',*,*,#4438,.T.);
#6111=ORIENTED_EDGE('',*,*,#4606,.T.);
#6112=ORIENTED_EDGE('',*,*,#4673,.T.);
#6113=ORIENTED_EDGE('',*,*,#4619,.T.);
#6114=ORIENTED_EDGE('',*,*,#4444,.T.);
#6115=ORIENTED_EDGE('',*,*,#4669,.F.);
#6116=ORIENTED_EDGE('',*,*,#4430,.T.);
#6117=ORIENTED_EDGE('',*,*,#4574,.T.);
#6118=ORIENTED_EDGE('',*,*,#4674,.T.);
#6119=ORIENTED_EDGE('',*,*,#4587,.T.);
#6120=ORIENTED_EDGE('',*,*,#4436,.T.);
#6121=ORIENTED_EDGE('',*,*,#4670,.F.);
#6122=ORIENTED_EDGE('',*,*,#4422,.T.);
#6123=ORIENTED_EDGE('',*,*,#4542,.T.);
#6124=ORIENTED_EDGE('',*,*,#4675,.T.);
#6125=ORIENTED_EDGE('',*,*,#4555,.T.);
#6126=ORIENTED_EDGE('',*,*,#4428,.T.);
#6127=ORIENTED_EDGE('',*,*,#4671,.F.);
#6128=ORIENTED_EDGE('',*,*,#4414,.T.);
#6129=ORIENTED_EDGE('',*,*,#4510,.T.);
#6130=ORIENTED_EDGE('',*,*,#4676,.T.);
#6131=ORIENTED_EDGE('',*,*,#4523,.T.);
#6132=ORIENTED_EDGE('',*,*,#4420,.T.);
#6133=ORIENTED_EDGE('',*,*,#4672,.F.);
#6134=ORIENTED_EDGE('',*,*,#4595,.T.);
#6135=ORIENTED_EDGE('',*,*,#4665,.T.);
#6136=ORIENTED_EDGE('',*,*,#4614,.T.);
#6137=ORIENTED_EDGE('',*,*,#4677,.F.);
#6138=ORIENTED_EDGE('',*,*,#4563,.T.);
#6139=ORIENTED_EDGE('',*,*,#4666,.T.);
#6140=ORIENTED_EDGE('',*,*,#4582,.T.);
#6141=ORIENTED_EDGE('',*,*,#4678,.F.);
#6142=ORIENTED_EDGE('',*,*,#4531,.T.);
#6143=ORIENTED_EDGE('',*,*,#4667,.T.);
#6144=ORIENTED_EDGE('',*,*,#4550,.T.);
#6145=ORIENTED_EDGE('',*,*,#4679,.F.);
#6146=ORIENTED_EDGE('',*,*,#4499,.T.);
#6147=ORIENTED_EDGE('',*,*,#4668,.T.);
#6148=ORIENTED_EDGE('',*,*,#4518,.T.);
#6149=ORIENTED_EDGE('',*,*,#4680,.F.);
#6150=ORIENTED_EDGE('',*,*,#4605,.T.);
#6151=ORIENTED_EDGE('',*,*,#4681,.T.);
#6152=ORIENTED_EDGE('',*,*,#4620,.T.);
#6153=ORIENTED_EDGE('',*,*,#4673,.F.);
#6154=ORIENTED_EDGE('',*,*,#4573,.T.);
#6155=ORIENTED_EDGE('',*,*,#4682,.T.);
#6156=ORIENTED_EDGE('',*,*,#4588,.T.);
#6157=ORIENTED_EDGE('',*,*,#4674,.F.);
#6158=ORIENTED_EDGE('',*,*,#4541,.T.);
#6159=ORIENTED_EDGE('',*,*,#4683,.T.);
#6160=ORIENTED_EDGE('',*,*,#4556,.T.);
#6161=ORIENTED_EDGE('',*,*,#4675,.F.);
#6162=ORIENTED_EDGE('',*,*,#4509,.T.);
#6163=ORIENTED_EDGE('',*,*,#4684,.T.);
#6164=ORIENTED_EDGE('',*,*,#4524,.T.);
#6165=ORIENTED_EDGE('',*,*,#4676,.F.);
#6166=ORIENTED_EDGE('',*,*,#4604,.T.);
#6167=ORIENTED_EDGE('',*,*,#4685,.F.);
#6168=ORIENTED_EDGE('',*,*,#4621,.T.);
#6169=ORIENTED_EDGE('',*,*,#4681,.F.);
#6170=ORIENTED_EDGE('',*,*,#4572,.T.);
#6171=ORIENTED_EDGE('',*,*,#4686,.F.);
#6172=ORIENTED_EDGE('',*,*,#4589,.T.);
#6173=ORIENTED_EDGE('',*,*,#4682,.F.);
#6174=ORIENTED_EDGE('',*,*,#4540,.T.);
#6175=ORIENTED_EDGE('',*,*,#4687,.F.);
#6176=ORIENTED_EDGE('',*,*,#4557,.T.);
#6177=ORIENTED_EDGE('',*,*,#4683,.F.);
#6178=ORIENTED_EDGE('',*,*,#4508,.T.);
#6179=ORIENTED_EDGE('',*,*,#4688,.F.);
#6180=ORIENTED_EDGE('',*,*,#4525,.T.);
#6181=ORIENTED_EDGE('',*,*,#4684,.F.);
#6182=ORIENTED_EDGE('',*,*,#4601,.T.);
#6183=ORIENTED_EDGE('',*,*,#4618,.T.);
#6184=ORIENTED_EDGE('',*,*,#4624,.T.);
#6185=ORIENTED_EDGE('',*,*,#4689,.F.);
#6186=ORIENTED_EDGE('',*,*,#4569,.T.);
#6187=ORIENTED_EDGE('',*,*,#4586,.T.);
#6188=ORIENTED_EDGE('',*,*,#4592,.T.);
#6189=ORIENTED_EDGE('',*,*,#4690,.F.);
#6190=ORIENTED_EDGE('',*,*,#4537,.T.);
#6191=ORIENTED_EDGE('',*,*,#4554,.T.);
#6192=ORIENTED_EDGE('',*,*,#4560,.T.);
#6193=ORIENTED_EDGE('',*,*,#4691,.F.);
#6194=ORIENTED_EDGE('',*,*,#4505,.T.);
#6195=ORIENTED_EDGE('',*,*,#4522,.T.);
#6196=ORIENTED_EDGE('',*,*,#4528,.T.);
#6197=ORIENTED_EDGE('',*,*,#4692,.F.);
#6198=ORIENTED_EDGE('',*,*,#4626,.T.);
#6199=ORIENTED_EDGE('',*,*,#4693,.T.);
#6200=ORIENTED_EDGE('',*,*,#4635,.T.);
#6201=ORIENTED_EDGE('',*,*,#4694,.F.);
#6202=ORIENTED_EDGE('',*,*,#4602,.T.);
#6203=ORIENTED_EDGE('',*,*,#4689,.T.);
#6204=ORIENTED_EDGE('',*,*,#4623,.T.);
#6205=ORIENTED_EDGE('',*,*,#4695,.F.);
#6206=ORIENTED_EDGE('',*,*,#4570,.T.);
#6207=ORIENTED_EDGE('',*,*,#4690,.T.);
#6208=ORIENTED_EDGE('',*,*,#4591,.T.);
#6209=ORIENTED_EDGE('',*,*,#4696,.F.);
#6210=ORIENTED_EDGE('',*,*,#4538,.T.);
#6211=ORIENTED_EDGE('',*,*,#4691,.T.);
#6212=ORIENTED_EDGE('',*,*,#4559,.T.);
#6213=ORIENTED_EDGE('',*,*,#4697,.F.);
#6214=ORIENTED_EDGE('',*,*,#4506,.T.);
#6215=ORIENTED_EDGE('',*,*,#4692,.T.);
#6216=ORIENTED_EDGE('',*,*,#4527,.T.);
#6217=ORIENTED_EDGE('',*,*,#4698,.F.);
#6218=ORIENTED_EDGE('',*,*,#4627,.T.);
#6219=ORIENTED_EDGE('',*,*,#4694,.T.);
#6220=ORIENTED_EDGE('',*,*,#4634,.T.);
#6221=ORIENTED_EDGE('',*,*,#4699,.F.);
#6222=ORIENTED_EDGE('',*,*,#4484,.T.);
#6223=ORIENTED_EDGE('',*,*,#4700,.T.);
#6224=ORIENTED_EDGE('',*,*,#4640,.T.);
#6225=ORIENTED_EDGE('',*,*,#4701,.F.);
#6226=ORIENTED_EDGE('',*,*,#4448,.T.);
#6227=ORIENTED_EDGE('',*,*,#4702,.F.);
#6228=ORIENTED_EDGE('',*,*,#4408,.T.);
#6229=ORIENTED_EDGE('',*,*,#4642,.T.);
#6230=ORIENTED_EDGE('',*,*,#4703,.F.);
#6231=ORIENTED_EDGE('',*,*,#4482,.T.);
#6232=ORIENTED_EDGE('',*,*,#4483,.T.);
#6233=ORIENTED_EDGE('',*,*,#4703,.T.);
#6234=ORIENTED_EDGE('',*,*,#4641,.T.);
#6235=ORIENTED_EDGE('',*,*,#4700,.F.);
#6236=ORIENTED_EDGE('',*,*,#4447,.T.);
#6237=ORIENTED_EDGE('',*,*,#4496,.T.);
#6238=ORIENTED_EDGE('',*,*,#4409,.T.);
#6239=ORIENTED_EDGE('',*,*,#4702,.T.);
#6240=ORIENTED_EDGE('',*,*,#4645,.T.);
#6241=ORIENTED_EDGE('',*,*,#4704,.T.);
#6242=ORIENTED_EDGE('',*,*,#4705,.T.);
#6243=ORIENTED_EDGE('',*,*,#4706,.T.);
#6244=ORIENTED_EDGE('',*,*,#4707,.T.);
#6245=ORIENTED_EDGE('',*,*,#4708,.T.);
#6246=ORIENTED_EDGE('',*,*,#4705,.F.);
#6247=ORIENTED_EDGE('',*,*,#4709,.F.);
#6248=ORIENTED_EDGE('',*,*,#4643,.F.);
#6249=ORIENTED_EDGE('',*,*,#4710,.F.);
#6250=ORIENTED_EDGE('',*,*,#4707,.F.);
#6251=ORIENTED_EDGE('',*,*,#4711,.F.);
#6252=ORIENTED_EDGE('',*,*,#4485,.T.);
#6253=ORIENTED_EDGE('',*,*,#4701,.T.);
#6254=ORIENTED_EDGE('',*,*,#4639,.F.);
#6255=ORIENTED_EDGE('',*,*,#4664,.T.);
#6256=ORIENTED_EDGE('',*,*,#4628,.T.);
#6257=ORIENTED_EDGE('',*,*,#4699,.T.);
#6258=ORIENTED_EDGE('',*,*,#4633,.F.);
#6259=ORIENTED_EDGE('',*,*,#4712,.T.);
#6260=ORIENTED_EDGE('',*,*,#4500,.T.);
#6261=ORIENTED_EDGE('',*,*,#4680,.T.);
#6262=ORIENTED_EDGE('',*,*,#4517,.F.);
#6263=ORIENTED_EDGE('',*,*,#4663,.T.);
#6264=ORIENTED_EDGE('',*,*,#4507,.T.);
#6265=ORIENTED_EDGE('',*,*,#4698,.T.);
#6266=ORIENTED_EDGE('',*,*,#4526,.F.);
#6267=ORIENTED_EDGE('',*,*,#4688,.T.);
#6268=ORIENTED_EDGE('',*,*,#4532,.T.);
#6269=ORIENTED_EDGE('',*,*,#4679,.T.);
#6270=ORIENTED_EDGE('',*,*,#4549,.F.);
#6271=ORIENTED_EDGE('',*,*,#4662,.T.);
#6272=ORIENTED_EDGE('',*,*,#4539,.T.);
#6273=ORIENTED_EDGE('',*,*,#4697,.T.);
#6274=ORIENTED_EDGE('',*,*,#4558,.F.);
#6275=ORIENTED_EDGE('',*,*,#4687,.T.);
#6276=ORIENTED_EDGE('',*,*,#4564,.T.);
#6277=ORIENTED_EDGE('',*,*,#4678,.T.);
#6278=ORIENTED_EDGE('',*,*,#4581,.F.);
#6279=ORIENTED_EDGE('',*,*,#4661,.T.);
#6280=ORIENTED_EDGE('',*,*,#4571,.T.);
#6281=ORIENTED_EDGE('',*,*,#4696,.T.);
#6282=ORIENTED_EDGE('',*,*,#4590,.F.);
#6283=ORIENTED_EDGE('',*,*,#4686,.T.);
#6284=ORIENTED_EDGE('',*,*,#4596,.T.);
#6285=ORIENTED_EDGE('',*,*,#4677,.T.);
#6286=ORIENTED_EDGE('',*,*,#4613,.F.);
#6287=ORIENTED_EDGE('',*,*,#4660,.T.);
#6288=ORIENTED_EDGE('',*,*,#4603,.T.);
#6289=ORIENTED_EDGE('',*,*,#4695,.T.);
#6290=ORIENTED_EDGE('',*,*,#4622,.F.);
#6291=ORIENTED_EDGE('',*,*,#4685,.T.);
#6292=ORIENTED_EDGE('',*,*,#4629,.T.);
#6293=ORIENTED_EDGE('',*,*,#4712,.F.);
#6294=ORIENTED_EDGE('',*,*,#4632,.T.);
#6295=ORIENTED_EDGE('',*,*,#4713,.F.);
#6296=ORIENTED_EDGE('',*,*,#4402,.T.);
#6297=ORIENTED_EDGE('',*,*,#4490,.F.);
#6298=ORIENTED_EDGE('',*,*,#4412,.T.);
#6299=ORIENTED_EDGE('',*,*,#4636,.T.);
#6300=ORIENTED_EDGE('',*,*,#4693,.F.);
#6301=ORIENTED_EDGE('',*,*,#4625,.T.);
#6302=ORIENTED_EDGE('',*,*,#4630,.T.);
#6303=ORIENTED_EDGE('',*,*,#4713,.T.);
#6304=ORIENTED_EDGE('',*,*,#4631,.T.);
#6305=ORIENTED_EDGE('',*,*,#4492,.F.);
#6306=ORIENTED_EDGE('',*,*,#4710,.T.);
#6307=ORIENTED_EDGE('',*,*,#4646,.T.);
#6308=ORIENTED_EDGE('',*,*,#4706,.F.);
#6309=ORIENTED_EDGE('',*,*,#4708,.F.);
#6310=ORIENTED_EDGE('',*,*,#4711,.T.);
#6311=ORIENTED_EDGE('',*,*,#4709,.T.);
#6312=ORIENTED_EDGE('',*,*,#4704,.F.);
#6313=ORIENTED_EDGE('',*,*,#4644,.F.);
#6314=ORIENTED_EDGE('',*,*,#4714,.T.);
#6315=ORIENTED_EDGE('',*,*,#4715,.T.);
#6316=ORIENTED_EDGE('',*,*,#4716,.F.);
#6317=ORIENTED_EDGE('',*,*,#4717,.F.);
#6318=ORIENTED_EDGE('',*,*,#4718,.T.);
#6319=ORIENTED_EDGE('',*,*,#4717,.T.);
#6320=ORIENTED_EDGE('',*,*,#4719,.F.);
#6321=ORIENTED_EDGE('',*,*,#4720,.F.);
#6322=ORIENTED_EDGE('',*,*,#4721,.T.);
#6323=ORIENTED_EDGE('',*,*,#4720,.T.);
#6324=ORIENTED_EDGE('',*,*,#4722,.F.);
#6325=ORIENTED_EDGE('',*,*,#4715,.F.);
#6326=ORIENTED_EDGE('',*,*,#4722,.T.);
#6327=ORIENTED_EDGE('',*,*,#4719,.T.);
#6328=ORIENTED_EDGE('',*,*,#4716,.T.);
#6329=ORIENTED_EDGE('',*,*,#4721,.F.);
#6330=ORIENTED_EDGE('',*,*,#4714,.F.);
#6331=ORIENTED_EDGE('',*,*,#4718,.F.);
#6332=ORIENTED_EDGE('',*,*,#4723,.T.);
#6333=ORIENTED_EDGE('',*,*,#4724,.T.);
#6334=ORIENTED_EDGE('',*,*,#4725,.F.);
#6335=ORIENTED_EDGE('',*,*,#4726,.F.);
#6336=ORIENTED_EDGE('',*,*,#4725,.T.);
#6337=ORIENTED_EDGE('',*,*,#4727,.T.);
#6338=ORIENTED_EDGE('',*,*,#4728,.F.);
#6339=ORIENTED_EDGE('',*,*,#4729,.F.);
#6340=ORIENTED_EDGE('',*,*,#4728,.T.);
#6341=ORIENTED_EDGE('',*,*,#4730,.T.);
#6342=ORIENTED_EDGE('',*,*,#4731,.F.);
#6343=ORIENTED_EDGE('',*,*,#4732,.F.);
#6344=ORIENTED_EDGE('',*,*,#4731,.T.);
#6345=ORIENTED_EDGE('',*,*,#4733,.T.);
#6346=ORIENTED_EDGE('',*,*,#4734,.F.);
#6347=ORIENTED_EDGE('',*,*,#4735,.F.);
#6348=ORIENTED_EDGE('',*,*,#4734,.T.);
#6349=ORIENTED_EDGE('',*,*,#4736,.T.);
#6350=ORIENTED_EDGE('',*,*,#4723,.F.);
#6351=ORIENTED_EDGE('',*,*,#4737,.F.);
#6352=ORIENTED_EDGE('',*,*,#4726,.T.);
#6353=ORIENTED_EDGE('',*,*,#4729,.T.);
#6354=ORIENTED_EDGE('',*,*,#4732,.T.);
#6355=ORIENTED_EDGE('',*,*,#4735,.T.);
#6356=ORIENTED_EDGE('',*,*,#4737,.T.);
#6357=ORIENTED_EDGE('',*,*,#4724,.F.);
#6358=ORIENTED_EDGE('',*,*,#4736,.F.);
#6359=ORIENTED_EDGE('',*,*,#4733,.F.);
#6360=ORIENTED_EDGE('',*,*,#4730,.F.);
#6361=ORIENTED_EDGE('',*,*,#4727,.F.);
#6362=ORIENTED_EDGE('',*,*,#4738,.T.);
#6363=ORIENTED_EDGE('',*,*,#4739,.T.);
#6364=ORIENTED_EDGE('',*,*,#4740,.F.);
#6365=ORIENTED_EDGE('',*,*,#4741,.F.);
#6366=ORIENTED_EDGE('',*,*,#4740,.T.);
#6367=ORIENTED_EDGE('',*,*,#4742,.T.);
#6368=ORIENTED_EDGE('',*,*,#4743,.F.);
#6369=ORIENTED_EDGE('',*,*,#4744,.F.);
#6370=ORIENTED_EDGE('',*,*,#4743,.T.);
#6371=ORIENTED_EDGE('',*,*,#4745,.T.);
#6372=ORIENTED_EDGE('',*,*,#4746,.F.);
#6373=ORIENTED_EDGE('',*,*,#4747,.F.);
#6374=ORIENTED_EDGE('',*,*,#4746,.T.);
#6375=ORIENTED_EDGE('',*,*,#4748,.T.);
#6376=ORIENTED_EDGE('',*,*,#4749,.F.);
#6377=ORIENTED_EDGE('',*,*,#4750,.F.);
#6378=ORIENTED_EDGE('',*,*,#4749,.T.);
#6379=ORIENTED_EDGE('',*,*,#4751,.T.);
#6380=ORIENTED_EDGE('',*,*,#4738,.F.);
#6381=ORIENTED_EDGE('',*,*,#4752,.F.);
#6382=ORIENTED_EDGE('',*,*,#4741,.T.);
#6383=ORIENTED_EDGE('',*,*,#4744,.T.);
#6384=ORIENTED_EDGE('',*,*,#4747,.T.);
#6385=ORIENTED_EDGE('',*,*,#4750,.T.);
#6386=ORIENTED_EDGE('',*,*,#4752,.T.);
#6387=ORIENTED_EDGE('',*,*,#4739,.F.);
#6388=ORIENTED_EDGE('',*,*,#4751,.F.);
#6389=ORIENTED_EDGE('',*,*,#4748,.F.);
#6390=ORIENTED_EDGE('',*,*,#4745,.F.);
#6391=ORIENTED_EDGE('',*,*,#4742,.F.);
#6392=ORIENTED_EDGE('',*,*,#4753,.T.);
#6393=ORIENTED_EDGE('',*,*,#4754,.T.);
#6394=ORIENTED_EDGE('',*,*,#4755,.F.);
#6395=ORIENTED_EDGE('',*,*,#4756,.F.);
#6396=ORIENTED_EDGE('',*,*,#4755,.T.);
#6397=ORIENTED_EDGE('',*,*,#4757,.T.);
#6398=ORIENTED_EDGE('',*,*,#4758,.F.);
#6399=ORIENTED_EDGE('',*,*,#4759,.F.);
#6400=ORIENTED_EDGE('',*,*,#4758,.T.);
#6401=ORIENTED_EDGE('',*,*,#4760,.T.);
#6402=ORIENTED_EDGE('',*,*,#4761,.F.);
#6403=ORIENTED_EDGE('',*,*,#4762,.F.);
#6404=ORIENTED_EDGE('',*,*,#4761,.T.);
#6405=ORIENTED_EDGE('',*,*,#4763,.T.);
#6406=ORIENTED_EDGE('',*,*,#4764,.F.);
#6407=ORIENTED_EDGE('',*,*,#4765,.F.);
#6408=ORIENTED_EDGE('',*,*,#4764,.T.);
#6409=ORIENTED_EDGE('',*,*,#4766,.T.);
#6410=ORIENTED_EDGE('',*,*,#4767,.F.);
#6411=ORIENTED_EDGE('',*,*,#4768,.F.);
#6412=ORIENTED_EDGE('',*,*,#4767,.T.);
#6413=ORIENTED_EDGE('',*,*,#4769,.T.);
#6414=ORIENTED_EDGE('',*,*,#4770,.F.);
#6415=ORIENTED_EDGE('',*,*,#4771,.F.);
#6416=ORIENTED_EDGE('',*,*,#4770,.T.);
#6417=ORIENTED_EDGE('',*,*,#4772,.T.);
#6418=ORIENTED_EDGE('',*,*,#4773,.F.);
#6419=ORIENTED_EDGE('',*,*,#4774,.F.);
#6420=ORIENTED_EDGE('',*,*,#4773,.T.);
#6421=ORIENTED_EDGE('',*,*,#4775,.T.);
#6422=ORIENTED_EDGE('',*,*,#4776,.F.);
#6423=ORIENTED_EDGE('',*,*,#4777,.F.);
#6424=ORIENTED_EDGE('',*,*,#4776,.T.);
#6425=ORIENTED_EDGE('',*,*,#4778,.T.);
#6426=ORIENTED_EDGE('',*,*,#4779,.F.);
#6427=ORIENTED_EDGE('',*,*,#4780,.F.);
#6428=ORIENTED_EDGE('',*,*,#4779,.T.);
#6429=ORIENTED_EDGE('',*,*,#4781,.T.);
#6430=ORIENTED_EDGE('',*,*,#4782,.F.);
#6431=ORIENTED_EDGE('',*,*,#4783,.F.);
#6432=ORIENTED_EDGE('',*,*,#4782,.T.);
#6433=ORIENTED_EDGE('',*,*,#4784,.T.);
#6434=ORIENTED_EDGE('',*,*,#4785,.F.);
#6435=ORIENTED_EDGE('',*,*,#4786,.F.);
#6436=ORIENTED_EDGE('',*,*,#4785,.T.);
#6437=ORIENTED_EDGE('',*,*,#4787,.T.);
#6438=ORIENTED_EDGE('',*,*,#4788,.F.);
#6439=ORIENTED_EDGE('',*,*,#4789,.F.);
#6440=ORIENTED_EDGE('',*,*,#4788,.T.);
#6441=ORIENTED_EDGE('',*,*,#4790,.T.);
#6442=ORIENTED_EDGE('',*,*,#4791,.F.);
#6443=ORIENTED_EDGE('',*,*,#4792,.F.);
#6444=ORIENTED_EDGE('',*,*,#4791,.T.);
#6445=ORIENTED_EDGE('',*,*,#4793,.T.);
#6446=ORIENTED_EDGE('',*,*,#4794,.F.);
#6447=ORIENTED_EDGE('',*,*,#4795,.F.);
#6448=ORIENTED_EDGE('',*,*,#4794,.T.);
#6449=ORIENTED_EDGE('',*,*,#4796,.T.);
#6450=ORIENTED_EDGE('',*,*,#4797,.F.);
#6451=ORIENTED_EDGE('',*,*,#4798,.F.);
#6452=ORIENTED_EDGE('',*,*,#4797,.T.);
#6453=ORIENTED_EDGE('',*,*,#4799,.T.);
#6454=ORIENTED_EDGE('',*,*,#4753,.F.);
#6455=ORIENTED_EDGE('',*,*,#4800,.F.);
#6456=ORIENTED_EDGE('',*,*,#4756,.T.);
#6457=ORIENTED_EDGE('',*,*,#4759,.T.);
#6458=ORIENTED_EDGE('',*,*,#4762,.T.);
#6459=ORIENTED_EDGE('',*,*,#4765,.T.);
#6460=ORIENTED_EDGE('',*,*,#4768,.T.);
#6461=ORIENTED_EDGE('',*,*,#4771,.T.);
#6462=ORIENTED_EDGE('',*,*,#4774,.T.);
#6463=ORIENTED_EDGE('',*,*,#4777,.T.);
#6464=ORIENTED_EDGE('',*,*,#4780,.T.);
#6465=ORIENTED_EDGE('',*,*,#4783,.T.);
#6466=ORIENTED_EDGE('',*,*,#4786,.T.);
#6467=ORIENTED_EDGE('',*,*,#4789,.T.);
#6468=ORIENTED_EDGE('',*,*,#4792,.T.);
#6469=ORIENTED_EDGE('',*,*,#4795,.T.);
#6470=ORIENTED_EDGE('',*,*,#4798,.T.);
#6471=ORIENTED_EDGE('',*,*,#4800,.T.);
#6472=ORIENTED_EDGE('',*,*,#4754,.F.);
#6473=ORIENTED_EDGE('',*,*,#4799,.F.);
#6474=ORIENTED_EDGE('',*,*,#4796,.F.);
#6475=ORIENTED_EDGE('',*,*,#4793,.F.);
#6476=ORIENTED_EDGE('',*,*,#4790,.F.);
#6477=ORIENTED_EDGE('',*,*,#4787,.F.);
#6478=ORIENTED_EDGE('',*,*,#4784,.F.);
#6479=ORIENTED_EDGE('',*,*,#4781,.F.);
#6480=ORIENTED_EDGE('',*,*,#4778,.F.);
#6481=ORIENTED_EDGE('',*,*,#4775,.F.);
#6482=ORIENTED_EDGE('',*,*,#4772,.F.);
#6483=ORIENTED_EDGE('',*,*,#4769,.F.);
#6484=ORIENTED_EDGE('',*,*,#4766,.F.);
#6485=ORIENTED_EDGE('',*,*,#4763,.F.);
#6486=ORIENTED_EDGE('',*,*,#4760,.F.);
#6487=ORIENTED_EDGE('',*,*,#4757,.F.);
#6488=ORIENTED_EDGE('',*,*,#4801,.T.);
#6489=ORIENTED_EDGE('',*,*,#4802,.T.);
#6490=ORIENTED_EDGE('',*,*,#4803,.F.);
#6491=ORIENTED_EDGE('',*,*,#4804,.F.);
#6492=ORIENTED_EDGE('',*,*,#4803,.T.);
#6493=ORIENTED_EDGE('',*,*,#4805,.T.);
#6494=ORIENTED_EDGE('',*,*,#4806,.F.);
#6495=ORIENTED_EDGE('',*,*,#4807,.F.);
#6496=ORIENTED_EDGE('',*,*,#4806,.T.);
#6497=ORIENTED_EDGE('',*,*,#4808,.T.);
#6498=ORIENTED_EDGE('',*,*,#4809,.F.);
#6499=ORIENTED_EDGE('',*,*,#4810,.F.);
#6500=ORIENTED_EDGE('',*,*,#4809,.T.);
#6501=ORIENTED_EDGE('',*,*,#4811,.T.);
#6502=ORIENTED_EDGE('',*,*,#4812,.F.);
#6503=ORIENTED_EDGE('',*,*,#4813,.F.);
#6504=ORIENTED_EDGE('',*,*,#4812,.T.);
#6505=ORIENTED_EDGE('',*,*,#4814,.T.);
#6506=ORIENTED_EDGE('',*,*,#4801,.F.);
#6507=ORIENTED_EDGE('',*,*,#4815,.F.);
#6508=ORIENTED_EDGE('',*,*,#4804,.T.);
#6509=ORIENTED_EDGE('',*,*,#4807,.T.);
#6510=ORIENTED_EDGE('',*,*,#4810,.T.);
#6511=ORIENTED_EDGE('',*,*,#4813,.T.);
#6512=ORIENTED_EDGE('',*,*,#4815,.T.);
#6513=ORIENTED_EDGE('',*,*,#4802,.F.);
#6514=ORIENTED_EDGE('',*,*,#4814,.F.);
#6515=ORIENTED_EDGE('',*,*,#4811,.F.);
#6516=ORIENTED_EDGE('',*,*,#4808,.F.);
#6517=ORIENTED_EDGE('',*,*,#4805,.F.);
#6518=ORIENTED_EDGE('',*,*,#4816,.T.);
#6519=ORIENTED_EDGE('',*,*,#4817,.T.);
#6520=ORIENTED_EDGE('',*,*,#4818,.F.);
#6521=ORIENTED_EDGE('',*,*,#4819,.F.);
#6522=ORIENTED_EDGE('',*,*,#4818,.T.);
#6523=ORIENTED_EDGE('',*,*,#4820,.T.);
#6524=ORIENTED_EDGE('',*,*,#4821,.F.);
#6525=ORIENTED_EDGE('',*,*,#4822,.F.);
#6526=ORIENTED_EDGE('',*,*,#4821,.T.);
#6527=ORIENTED_EDGE('',*,*,#4823,.T.);
#6528=ORIENTED_EDGE('',*,*,#4824,.F.);
#6529=ORIENTED_EDGE('',*,*,#4825,.F.);
#6530=ORIENTED_EDGE('',*,*,#4824,.T.);
#6531=ORIENTED_EDGE('',*,*,#4826,.T.);
#6532=ORIENTED_EDGE('',*,*,#4827,.F.);
#6533=ORIENTED_EDGE('',*,*,#4828,.F.);
#6534=ORIENTED_EDGE('',*,*,#4827,.T.);
#6535=ORIENTED_EDGE('',*,*,#4829,.T.);
#6536=ORIENTED_EDGE('',*,*,#4816,.F.);
#6537=ORIENTED_EDGE('',*,*,#4830,.F.);
#6538=ORIENTED_EDGE('',*,*,#4819,.T.);
#6539=ORIENTED_EDGE('',*,*,#4822,.T.);
#6540=ORIENTED_EDGE('',*,*,#4825,.T.);
#6541=ORIENTED_EDGE('',*,*,#4828,.T.);
#6542=ORIENTED_EDGE('',*,*,#4830,.T.);
#6543=ORIENTED_EDGE('',*,*,#4817,.F.);
#6544=ORIENTED_EDGE('',*,*,#4829,.F.);
#6545=ORIENTED_EDGE('',*,*,#4826,.F.);
#6546=ORIENTED_EDGE('',*,*,#4823,.F.);
#6547=ORIENTED_EDGE('',*,*,#4820,.F.);
#6548=ORIENTED_EDGE('',*,*,#4831,.T.);
#6549=ORIENTED_EDGE('',*,*,#4832,.T.);
#6550=ORIENTED_EDGE('',*,*,#4833,.F.);
#6551=ORIENTED_EDGE('',*,*,#4834,.F.);
#6552=ORIENTED_EDGE('',*,*,#4833,.T.);
#6553=ORIENTED_EDGE('',*,*,#4835,.T.);
#6554=ORIENTED_EDGE('',*,*,#4836,.F.);
#6555=ORIENTED_EDGE('',*,*,#4837,.F.);
#6556=ORIENTED_EDGE('',*,*,#4836,.T.);
#6557=ORIENTED_EDGE('',*,*,#4838,.T.);
#6558=ORIENTED_EDGE('',*,*,#4839,.F.);
#6559=ORIENTED_EDGE('',*,*,#4840,.F.);
#6560=ORIENTED_EDGE('',*,*,#4839,.T.);
#6561=ORIENTED_EDGE('',*,*,#4841,.T.);
#6562=ORIENTED_EDGE('',*,*,#4842,.F.);
#6563=ORIENTED_EDGE('',*,*,#4843,.F.);
#6564=ORIENTED_EDGE('',*,*,#4842,.T.);
#6565=ORIENTED_EDGE('',*,*,#4844,.T.);
#6566=ORIENTED_EDGE('',*,*,#4845,.F.);
#6567=ORIENTED_EDGE('',*,*,#4846,.F.);
#6568=ORIENTED_EDGE('',*,*,#4845,.T.);
#6569=ORIENTED_EDGE('',*,*,#4847,.T.);
#6570=ORIENTED_EDGE('',*,*,#4848,.F.);
#6571=ORIENTED_EDGE('',*,*,#4849,.F.);
#6572=ORIENTED_EDGE('',*,*,#4848,.T.);
#6573=ORIENTED_EDGE('',*,*,#4850,.T.);
#6574=ORIENTED_EDGE('',*,*,#4851,.F.);
#6575=ORIENTED_EDGE('',*,*,#4852,.F.);
#6576=ORIENTED_EDGE('',*,*,#4851,.T.);
#6577=ORIENTED_EDGE('',*,*,#4853,.T.);
#6578=ORIENTED_EDGE('',*,*,#4854,.F.);
#6579=ORIENTED_EDGE('',*,*,#4855,.F.);
#6580=ORIENTED_EDGE('',*,*,#4854,.T.);
#6581=ORIENTED_EDGE('',*,*,#4856,.T.);
#6582=ORIENTED_EDGE('',*,*,#4857,.F.);
#6583=ORIENTED_EDGE('',*,*,#4858,.F.);
#6584=ORIENTED_EDGE('',*,*,#4857,.T.);
#6585=ORIENTED_EDGE('',*,*,#4859,.T.);
#6586=ORIENTED_EDGE('',*,*,#4860,.F.);
#6587=ORIENTED_EDGE('',*,*,#4861,.F.);
#6588=ORIENTED_EDGE('',*,*,#4860,.T.);
#6589=ORIENTED_EDGE('',*,*,#4862,.T.);
#6590=ORIENTED_EDGE('',*,*,#4863,.F.);
#6591=ORIENTED_EDGE('',*,*,#4864,.F.);
#6592=ORIENTED_EDGE('',*,*,#4863,.T.);
#6593=ORIENTED_EDGE('',*,*,#4865,.T.);
#6594=ORIENTED_EDGE('',*,*,#4866,.F.);
#6595=ORIENTED_EDGE('',*,*,#4867,.F.);
#6596=ORIENTED_EDGE('',*,*,#4866,.T.);
#6597=ORIENTED_EDGE('',*,*,#4868,.T.);
#6598=ORIENTED_EDGE('',*,*,#4869,.F.);
#6599=ORIENTED_EDGE('',*,*,#4870,.F.);
#6600=ORIENTED_EDGE('',*,*,#4869,.T.);
#6601=ORIENTED_EDGE('',*,*,#4871,.T.);
#6602=ORIENTED_EDGE('',*,*,#4872,.F.);
#6603=ORIENTED_EDGE('',*,*,#4873,.F.);
#6604=ORIENTED_EDGE('',*,*,#4872,.T.);
#6605=ORIENTED_EDGE('',*,*,#4874,.T.);
#6606=ORIENTED_EDGE('',*,*,#4875,.F.);
#6607=ORIENTED_EDGE('',*,*,#4876,.F.);
#6608=ORIENTED_EDGE('',*,*,#4875,.T.);
#6609=ORIENTED_EDGE('',*,*,#4877,.T.);
#6610=ORIENTED_EDGE('',*,*,#4878,.F.);
#6611=ORIENTED_EDGE('',*,*,#4879,.F.);
#6612=ORIENTED_EDGE('',*,*,#4878,.T.);
#6613=ORIENTED_EDGE('',*,*,#4880,.T.);
#6614=ORIENTED_EDGE('',*,*,#4881,.F.);
#6615=ORIENTED_EDGE('',*,*,#4882,.F.);
#6616=ORIENTED_EDGE('',*,*,#4881,.T.);
#6617=ORIENTED_EDGE('',*,*,#4883,.T.);
#6618=ORIENTED_EDGE('',*,*,#4884,.F.);
#6619=ORIENTED_EDGE('',*,*,#4885,.F.);
#6620=ORIENTED_EDGE('',*,*,#4884,.T.);
#6621=ORIENTED_EDGE('',*,*,#4886,.T.);
#6622=ORIENTED_EDGE('',*,*,#4887,.F.);
#6623=ORIENTED_EDGE('',*,*,#4888,.F.);
#6624=ORIENTED_EDGE('',*,*,#4887,.T.);
#6625=ORIENTED_EDGE('',*,*,#4889,.T.);
#6626=ORIENTED_EDGE('',*,*,#4890,.F.);
#6627=ORIENTED_EDGE('',*,*,#4891,.F.);
#6628=ORIENTED_EDGE('',*,*,#4890,.T.);
#6629=ORIENTED_EDGE('',*,*,#4892,.T.);
#6630=ORIENTED_EDGE('',*,*,#4893,.F.);
#6631=ORIENTED_EDGE('',*,*,#4894,.F.);
#6632=ORIENTED_EDGE('',*,*,#4893,.T.);
#6633=ORIENTED_EDGE('',*,*,#4895,.T.);
#6634=ORIENTED_EDGE('',*,*,#4896,.F.);
#6635=ORIENTED_EDGE('',*,*,#4897,.F.);
#6636=ORIENTED_EDGE('',*,*,#4896,.T.);
#6637=ORIENTED_EDGE('',*,*,#4898,.T.);
#6638=ORIENTED_EDGE('',*,*,#4899,.F.);
#6639=ORIENTED_EDGE('',*,*,#4900,.F.);
#6640=ORIENTED_EDGE('',*,*,#4899,.T.);
#6641=ORIENTED_EDGE('',*,*,#4901,.T.);
#6642=ORIENTED_EDGE('',*,*,#4831,.F.);
#6643=ORIENTED_EDGE('',*,*,#4902,.F.);
#6644=ORIENTED_EDGE('',*,*,#4834,.T.);
#6645=ORIENTED_EDGE('',*,*,#4837,.T.);
#6646=ORIENTED_EDGE('',*,*,#4840,.T.);
#6647=ORIENTED_EDGE('',*,*,#4843,.T.);
#6648=ORIENTED_EDGE('',*,*,#4846,.T.);
#6649=ORIENTED_EDGE('',*,*,#4849,.T.);
#6650=ORIENTED_EDGE('',*,*,#4852,.T.);
#6651=ORIENTED_EDGE('',*,*,#4855,.T.);
#6652=ORIENTED_EDGE('',*,*,#4858,.T.);
#6653=ORIENTED_EDGE('',*,*,#4861,.T.);
#6654=ORIENTED_EDGE('',*,*,#4864,.T.);
#6655=ORIENTED_EDGE('',*,*,#4867,.T.);
#6656=ORIENTED_EDGE('',*,*,#4870,.T.);
#6657=ORIENTED_EDGE('',*,*,#4873,.T.);
#6658=ORIENTED_EDGE('',*,*,#4876,.T.);
#6659=ORIENTED_EDGE('',*,*,#4879,.T.);
#6660=ORIENTED_EDGE('',*,*,#4882,.T.);
#6661=ORIENTED_EDGE('',*,*,#4885,.T.);
#6662=ORIENTED_EDGE('',*,*,#4888,.T.);
#6663=ORIENTED_EDGE('',*,*,#4891,.T.);
#6664=ORIENTED_EDGE('',*,*,#4894,.T.);
#6665=ORIENTED_EDGE('',*,*,#4897,.T.);
#6666=ORIENTED_EDGE('',*,*,#4900,.T.);
#6667=ORIENTED_EDGE('',*,*,#4902,.T.);
#6668=ORIENTED_EDGE('',*,*,#4832,.F.);
#6669=ORIENTED_EDGE('',*,*,#4901,.F.);
#6670=ORIENTED_EDGE('',*,*,#4898,.F.);
#6671=ORIENTED_EDGE('',*,*,#4895,.F.);
#6672=ORIENTED_EDGE('',*,*,#4892,.F.);
#6673=ORIENTED_EDGE('',*,*,#4889,.F.);
#6674=ORIENTED_EDGE('',*,*,#4886,.F.);
#6675=ORIENTED_EDGE('',*,*,#4883,.F.);
#6676=ORIENTED_EDGE('',*,*,#4880,.F.);
#6677=ORIENTED_EDGE('',*,*,#4877,.F.);
#6678=ORIENTED_EDGE('',*,*,#4874,.F.);
#6679=ORIENTED_EDGE('',*,*,#4871,.F.);
#6680=ORIENTED_EDGE('',*,*,#4868,.F.);
#6681=ORIENTED_EDGE('',*,*,#4865,.F.);
#6682=ORIENTED_EDGE('',*,*,#4862,.F.);
#6683=ORIENTED_EDGE('',*,*,#4859,.F.);
#6684=ORIENTED_EDGE('',*,*,#4856,.F.);
#6685=ORIENTED_EDGE('',*,*,#4853,.F.);
#6686=ORIENTED_EDGE('',*,*,#4850,.F.);
#6687=ORIENTED_EDGE('',*,*,#4847,.F.);
#6688=ORIENTED_EDGE('',*,*,#4844,.F.);
#6689=ORIENTED_EDGE('',*,*,#4841,.F.);
#6690=ORIENTED_EDGE('',*,*,#4838,.F.);
#6691=ORIENTED_EDGE('',*,*,#4835,.F.);
#6692=ORIENTED_EDGE('',*,*,#4903,.T.);
#6693=ORIENTED_EDGE('',*,*,#4904,.T.);
#6694=ORIENTED_EDGE('',*,*,#4905,.F.);
#6695=ORIENTED_EDGE('',*,*,#4906,.F.);
#6696=ORIENTED_EDGE('',*,*,#4905,.T.);
#6697=ORIENTED_EDGE('',*,*,#4907,.T.);
#6698=ORIENTED_EDGE('',*,*,#4908,.F.);
#6699=ORIENTED_EDGE('',*,*,#4909,.F.);
#6700=ORIENTED_EDGE('',*,*,#4908,.T.);
#6701=ORIENTED_EDGE('',*,*,#4910,.T.);
#6702=ORIENTED_EDGE('',*,*,#4911,.F.);
#6703=ORIENTED_EDGE('',*,*,#4912,.F.);
#6704=ORIENTED_EDGE('',*,*,#4911,.T.);
#6705=ORIENTED_EDGE('',*,*,#4913,.T.);
#6706=ORIENTED_EDGE('',*,*,#4914,.F.);
#6707=ORIENTED_EDGE('',*,*,#4915,.F.);
#6708=ORIENTED_EDGE('',*,*,#4914,.T.);
#6709=ORIENTED_EDGE('',*,*,#4916,.T.);
#6710=ORIENTED_EDGE('',*,*,#4917,.F.);
#6711=ORIENTED_EDGE('',*,*,#4918,.F.);
#6712=ORIENTED_EDGE('',*,*,#4917,.T.);
#6713=ORIENTED_EDGE('',*,*,#4919,.T.);
#6714=ORIENTED_EDGE('',*,*,#4920,.F.);
#6715=ORIENTED_EDGE('',*,*,#4921,.F.);
#6716=ORIENTED_EDGE('',*,*,#4920,.T.);
#6717=ORIENTED_EDGE('',*,*,#4922,.T.);
#6718=ORIENTED_EDGE('',*,*,#4923,.F.);
#6719=ORIENTED_EDGE('',*,*,#4924,.F.);
#6720=ORIENTED_EDGE('',*,*,#4923,.T.);
#6721=ORIENTED_EDGE('',*,*,#4925,.T.);
#6722=ORIENTED_EDGE('',*,*,#4926,.F.);
#6723=ORIENTED_EDGE('',*,*,#4927,.F.);
#6724=ORIENTED_EDGE('',*,*,#4926,.T.);
#6725=ORIENTED_EDGE('',*,*,#4928,.T.);
#6726=ORIENTED_EDGE('',*,*,#4929,.F.);
#6727=ORIENTED_EDGE('',*,*,#4930,.F.);
#6728=ORIENTED_EDGE('',*,*,#4929,.T.);
#6729=ORIENTED_EDGE('',*,*,#4931,.T.);
#6730=ORIENTED_EDGE('',*,*,#4932,.F.);
#6731=ORIENTED_EDGE('',*,*,#4933,.F.);
#6732=ORIENTED_EDGE('',*,*,#4932,.T.);
#6733=ORIENTED_EDGE('',*,*,#4934,.T.);
#6734=ORIENTED_EDGE('',*,*,#4935,.F.);
#6735=ORIENTED_EDGE('',*,*,#4936,.F.);
#6736=ORIENTED_EDGE('',*,*,#4935,.T.);
#6737=ORIENTED_EDGE('',*,*,#4937,.T.);
#6738=ORIENTED_EDGE('',*,*,#4938,.F.);
#6739=ORIENTED_EDGE('',*,*,#4939,.F.);
#6740=ORIENTED_EDGE('',*,*,#4938,.T.);
#6741=ORIENTED_EDGE('',*,*,#4940,.T.);
#6742=ORIENTED_EDGE('',*,*,#4941,.F.);
#6743=ORIENTED_EDGE('',*,*,#4942,.F.);
#6744=ORIENTED_EDGE('',*,*,#4941,.T.);
#6745=ORIENTED_EDGE('',*,*,#4943,.T.);
#6746=ORIENTED_EDGE('',*,*,#4944,.F.);
#6747=ORIENTED_EDGE('',*,*,#4945,.F.);
#6748=ORIENTED_EDGE('',*,*,#4944,.T.);
#6749=ORIENTED_EDGE('',*,*,#4946,.T.);
#6750=ORIENTED_EDGE('',*,*,#4947,.F.);
#6751=ORIENTED_EDGE('',*,*,#4948,.F.);
#6752=ORIENTED_EDGE('',*,*,#4947,.T.);
#6753=ORIENTED_EDGE('',*,*,#4949,.T.);
#6754=ORIENTED_EDGE('',*,*,#4950,.F.);
#6755=ORIENTED_EDGE('',*,*,#4951,.F.);
#6756=ORIENTED_EDGE('',*,*,#4950,.T.);
#6757=ORIENTED_EDGE('',*,*,#4952,.T.);
#6758=ORIENTED_EDGE('',*,*,#4953,.F.);
#6759=ORIENTED_EDGE('',*,*,#4954,.F.);
#6760=ORIENTED_EDGE('',*,*,#4953,.T.);
#6761=ORIENTED_EDGE('',*,*,#4955,.T.);
#6762=ORIENTED_EDGE('',*,*,#4956,.F.);
#6763=ORIENTED_EDGE('',*,*,#4957,.F.);
#6764=ORIENTED_EDGE('',*,*,#4956,.T.);
#6765=ORIENTED_EDGE('',*,*,#4958,.T.);
#6766=ORIENTED_EDGE('',*,*,#4959,.F.);
#6767=ORIENTED_EDGE('',*,*,#4960,.F.);
#6768=ORIENTED_EDGE('',*,*,#4959,.T.);
#6769=ORIENTED_EDGE('',*,*,#4961,.T.);
#6770=ORIENTED_EDGE('',*,*,#4962,.F.);
#6771=ORIENTED_EDGE('',*,*,#4963,.F.);
#6772=ORIENTED_EDGE('',*,*,#4962,.T.);
#6773=ORIENTED_EDGE('',*,*,#4964,.T.);
#6774=ORIENTED_EDGE('',*,*,#4965,.F.);
#6775=ORIENTED_EDGE('',*,*,#4966,.F.);
#6776=ORIENTED_EDGE('',*,*,#4965,.T.);
#6777=ORIENTED_EDGE('',*,*,#4967,.T.);
#6778=ORIENTED_EDGE('',*,*,#4968,.F.);
#6779=ORIENTED_EDGE('',*,*,#4969,.F.);
#6780=ORIENTED_EDGE('',*,*,#4968,.T.);
#6781=ORIENTED_EDGE('',*,*,#4970,.T.);
#6782=ORIENTED_EDGE('',*,*,#4971,.F.);
#6783=ORIENTED_EDGE('',*,*,#4972,.F.);
#6784=ORIENTED_EDGE('',*,*,#4971,.T.);
#6785=ORIENTED_EDGE('',*,*,#4973,.T.);
#6786=ORIENTED_EDGE('',*,*,#4903,.F.);
#6787=ORIENTED_EDGE('',*,*,#4974,.F.);
#6788=ORIENTED_EDGE('',*,*,#4906,.T.);
#6789=ORIENTED_EDGE('',*,*,#4909,.T.);
#6790=ORIENTED_EDGE('',*,*,#4912,.T.);
#6791=ORIENTED_EDGE('',*,*,#4915,.T.);
#6792=ORIENTED_EDGE('',*,*,#4918,.T.);
#6793=ORIENTED_EDGE('',*,*,#4921,.T.);
#6794=ORIENTED_EDGE('',*,*,#4924,.T.);
#6795=ORIENTED_EDGE('',*,*,#4927,.T.);
#6796=ORIENTED_EDGE('',*,*,#4930,.T.);
#6797=ORIENTED_EDGE('',*,*,#4933,.T.);
#6798=ORIENTED_EDGE('',*,*,#4936,.T.);
#6799=ORIENTED_EDGE('',*,*,#4939,.T.);
#6800=ORIENTED_EDGE('',*,*,#4942,.T.);
#6801=ORIENTED_EDGE('',*,*,#4945,.T.);
#6802=ORIENTED_EDGE('',*,*,#4948,.T.);
#6803=ORIENTED_EDGE('',*,*,#4951,.T.);
#6804=ORIENTED_EDGE('',*,*,#4954,.T.);
#6805=ORIENTED_EDGE('',*,*,#4957,.T.);
#6806=ORIENTED_EDGE('',*,*,#4960,.T.);
#6807=ORIENTED_EDGE('',*,*,#4963,.T.);
#6808=ORIENTED_EDGE('',*,*,#4966,.T.);
#6809=ORIENTED_EDGE('',*,*,#4969,.T.);
#6810=ORIENTED_EDGE('',*,*,#4972,.T.);
#6811=ORIENTED_EDGE('',*,*,#4974,.T.);
#6812=ORIENTED_EDGE('',*,*,#4904,.F.);
#6813=ORIENTED_EDGE('',*,*,#4973,.F.);
#6814=ORIENTED_EDGE('',*,*,#4970,.F.);
#6815=ORIENTED_EDGE('',*,*,#4967,.F.);
#6816=ORIENTED_EDGE('',*,*,#4964,.F.);
#6817=ORIENTED_EDGE('',*,*,#4961,.F.);
#6818=ORIENTED_EDGE('',*,*,#4958,.F.);
#6819=ORIENTED_EDGE('',*,*,#4955,.F.);
#6820=ORIENTED_EDGE('',*,*,#4952,.F.);
#6821=ORIENTED_EDGE('',*,*,#4949,.F.);
#6822=ORIENTED_EDGE('',*,*,#4946,.F.);
#6823=ORIENTED_EDGE('',*,*,#4943,.F.);
#6824=ORIENTED_EDGE('',*,*,#4940,.F.);
#6825=ORIENTED_EDGE('',*,*,#4937,.F.);
#6826=ORIENTED_EDGE('',*,*,#4934,.F.);
#6827=ORIENTED_EDGE('',*,*,#4931,.F.);
#6828=ORIENTED_EDGE('',*,*,#4928,.F.);
#6829=ORIENTED_EDGE('',*,*,#4925,.F.);
#6830=ORIENTED_EDGE('',*,*,#4922,.F.);
#6831=ORIENTED_EDGE('',*,*,#4919,.F.);
#6832=ORIENTED_EDGE('',*,*,#4916,.F.);
#6833=ORIENTED_EDGE('',*,*,#4913,.F.);
#6834=ORIENTED_EDGE('',*,*,#4910,.F.);
#6835=ORIENTED_EDGE('',*,*,#4907,.F.);
#6836=ORIENTED_EDGE('',*,*,#4975,.T.);
#6837=ORIENTED_EDGE('',*,*,#4976,.T.);
#6838=ORIENTED_EDGE('',*,*,#4977,.F.);
#6839=ORIENTED_EDGE('',*,*,#4978,.F.);
#6840=ORIENTED_EDGE('',*,*,#4977,.T.);
#6841=ORIENTED_EDGE('',*,*,#4979,.T.);
#6842=ORIENTED_EDGE('',*,*,#4980,.F.);
#6843=ORIENTED_EDGE('',*,*,#4981,.F.);
#6844=ORIENTED_EDGE('',*,*,#4980,.T.);
#6845=ORIENTED_EDGE('',*,*,#4982,.T.);
#6846=ORIENTED_EDGE('',*,*,#4983,.F.);
#6847=ORIENTED_EDGE('',*,*,#4984,.F.);
#6848=ORIENTED_EDGE('',*,*,#4983,.T.);
#6849=ORIENTED_EDGE('',*,*,#4985,.T.);
#6850=ORIENTED_EDGE('',*,*,#4986,.F.);
#6851=ORIENTED_EDGE('',*,*,#4987,.F.);
#6852=ORIENTED_EDGE('',*,*,#4986,.T.);
#6853=ORIENTED_EDGE('',*,*,#4988,.T.);
#6854=ORIENTED_EDGE('',*,*,#4989,.F.);
#6855=ORIENTED_EDGE('',*,*,#4990,.F.);
#6856=ORIENTED_EDGE('',*,*,#4989,.T.);
#6857=ORIENTED_EDGE('',*,*,#4991,.T.);
#6858=ORIENTED_EDGE('',*,*,#4992,.F.);
#6859=ORIENTED_EDGE('',*,*,#4993,.F.);
#6860=ORIENTED_EDGE('',*,*,#4992,.T.);
#6861=ORIENTED_EDGE('',*,*,#4994,.T.);
#6862=ORIENTED_EDGE('',*,*,#4995,.F.);
#6863=ORIENTED_EDGE('',*,*,#4996,.F.);
#6864=ORIENTED_EDGE('',*,*,#4995,.T.);
#6865=ORIENTED_EDGE('',*,*,#4997,.T.);
#6866=ORIENTED_EDGE('',*,*,#4998,.F.);
#6867=ORIENTED_EDGE('',*,*,#4999,.F.);
#6868=ORIENTED_EDGE('',*,*,#4998,.T.);
#6869=ORIENTED_EDGE('',*,*,#5000,.T.);
#6870=ORIENTED_EDGE('',*,*,#5001,.F.);
#6871=ORIENTED_EDGE('',*,*,#5002,.F.);
#6872=ORIENTED_EDGE('',*,*,#5001,.T.);
#6873=ORIENTED_EDGE('',*,*,#5003,.T.);
#6874=ORIENTED_EDGE('',*,*,#5004,.F.);
#6875=ORIENTED_EDGE('',*,*,#5005,.F.);
#6876=ORIENTED_EDGE('',*,*,#5004,.T.);
#6877=ORIENTED_EDGE('',*,*,#5006,.T.);
#6878=ORIENTED_EDGE('',*,*,#5007,.F.);
#6879=ORIENTED_EDGE('',*,*,#5008,.F.);
#6880=ORIENTED_EDGE('',*,*,#5007,.T.);
#6881=ORIENTED_EDGE('',*,*,#5009,.T.);
#6882=ORIENTED_EDGE('',*,*,#5010,.F.);
#6883=ORIENTED_EDGE('',*,*,#5011,.F.);
#6884=ORIENTED_EDGE('',*,*,#5010,.T.);
#6885=ORIENTED_EDGE('',*,*,#5012,.T.);
#6886=ORIENTED_EDGE('',*,*,#5013,.F.);
#6887=ORIENTED_EDGE('',*,*,#5014,.F.);
#6888=ORIENTED_EDGE('',*,*,#5013,.T.);
#6889=ORIENTED_EDGE('',*,*,#5015,.T.);
#6890=ORIENTED_EDGE('',*,*,#5016,.F.);
#6891=ORIENTED_EDGE('',*,*,#5017,.F.);
#6892=ORIENTED_EDGE('',*,*,#5016,.T.);
#6893=ORIENTED_EDGE('',*,*,#5018,.T.);
#6894=ORIENTED_EDGE('',*,*,#5019,.F.);
#6895=ORIENTED_EDGE('',*,*,#5020,.F.);
#6896=ORIENTED_EDGE('',*,*,#5019,.T.);
#6897=ORIENTED_EDGE('',*,*,#5021,.T.);
#6898=ORIENTED_EDGE('',*,*,#5022,.F.);
#6899=ORIENTED_EDGE('',*,*,#5023,.F.);
#6900=ORIENTED_EDGE('',*,*,#5022,.T.);
#6901=ORIENTED_EDGE('',*,*,#5024,.T.);
#6902=ORIENTED_EDGE('',*,*,#5025,.F.);
#6903=ORIENTED_EDGE('',*,*,#5026,.F.);
#6904=ORIENTED_EDGE('',*,*,#5025,.T.);
#6905=ORIENTED_EDGE('',*,*,#5027,.T.);
#6906=ORIENTED_EDGE('',*,*,#5028,.F.);
#6907=ORIENTED_EDGE('',*,*,#5029,.F.);
#6908=ORIENTED_EDGE('',*,*,#5028,.T.);
#6909=ORIENTED_EDGE('',*,*,#5030,.T.);
#6910=ORIENTED_EDGE('',*,*,#5031,.F.);
#6911=ORIENTED_EDGE('',*,*,#5032,.F.);
#6912=ORIENTED_EDGE('',*,*,#5031,.T.);
#6913=ORIENTED_EDGE('',*,*,#5033,.T.);
#6914=ORIENTED_EDGE('',*,*,#4975,.F.);
#6915=ORIENTED_EDGE('',*,*,#5034,.F.);
#6916=ORIENTED_EDGE('',*,*,#4978,.T.);
#6917=ORIENTED_EDGE('',*,*,#4981,.T.);
#6918=ORIENTED_EDGE('',*,*,#4984,.T.);
#6919=ORIENTED_EDGE('',*,*,#4987,.T.);
#6920=ORIENTED_EDGE('',*,*,#4990,.T.);
#6921=ORIENTED_EDGE('',*,*,#4993,.T.);
#6922=ORIENTED_EDGE('',*,*,#4996,.T.);
#6923=ORIENTED_EDGE('',*,*,#4999,.T.);
#6924=ORIENTED_EDGE('',*,*,#5002,.T.);
#6925=ORIENTED_EDGE('',*,*,#5005,.T.);
#6926=ORIENTED_EDGE('',*,*,#5008,.T.);
#6927=ORIENTED_EDGE('',*,*,#5011,.T.);
#6928=ORIENTED_EDGE('',*,*,#5014,.T.);
#6929=ORIENTED_EDGE('',*,*,#5017,.T.);
#6930=ORIENTED_EDGE('',*,*,#5020,.T.);
#6931=ORIENTED_EDGE('',*,*,#5023,.T.);
#6932=ORIENTED_EDGE('',*,*,#5026,.T.);
#6933=ORIENTED_EDGE('',*,*,#5029,.T.);
#6934=ORIENTED_EDGE('',*,*,#5032,.T.);
#6935=ORIENTED_EDGE('',*,*,#5034,.T.);
#6936=ORIENTED_EDGE('',*,*,#5033,.F.);
#6937=ORIENTED_EDGE('',*,*,#5030,.F.);
#6938=ORIENTED_EDGE('',*,*,#5027,.F.);
#6939=ORIENTED_EDGE('',*,*,#5024,.F.);
#6940=ORIENTED_EDGE('',*,*,#5021,.F.);
#6941=ORIENTED_EDGE('',*,*,#5018,.F.);
#6942=ORIENTED_EDGE('',*,*,#5015,.F.);
#6943=ORIENTED_EDGE('',*,*,#5012,.F.);
#6944=ORIENTED_EDGE('',*,*,#5009,.F.);
#6945=ORIENTED_EDGE('',*,*,#5006,.F.);
#6946=ORIENTED_EDGE('',*,*,#5003,.F.);
#6947=ORIENTED_EDGE('',*,*,#5000,.F.);
#6948=ORIENTED_EDGE('',*,*,#4997,.F.);
#6949=ORIENTED_EDGE('',*,*,#4994,.F.);
#6950=ORIENTED_EDGE('',*,*,#4991,.F.);
#6951=ORIENTED_EDGE('',*,*,#4988,.F.);
#6952=ORIENTED_EDGE('',*,*,#4985,.F.);
#6953=ORIENTED_EDGE('',*,*,#4982,.F.);
#6954=ORIENTED_EDGE('',*,*,#4979,.F.);
#6955=ORIENTED_EDGE('',*,*,#4976,.F.);
#6956=ORIENTED_EDGE('',*,*,#5035,.T.);
#6957=ORIENTED_EDGE('',*,*,#5036,.T.);
#6958=ORIENTED_EDGE('',*,*,#5037,.F.);
#6959=ORIENTED_EDGE('',*,*,#5038,.F.);
#6960=ORIENTED_EDGE('',*,*,#5037,.T.);
#6961=ORIENTED_EDGE('',*,*,#5039,.T.);
#6962=ORIENTED_EDGE('',*,*,#5040,.F.);
#6963=ORIENTED_EDGE('',*,*,#5041,.F.);
#6964=ORIENTED_EDGE('',*,*,#5040,.T.);
#6965=ORIENTED_EDGE('',*,*,#5042,.T.);
#6966=ORIENTED_EDGE('',*,*,#5043,.F.);
#6967=ORIENTED_EDGE('',*,*,#5044,.F.);
#6968=ORIENTED_EDGE('',*,*,#5043,.T.);
#6969=ORIENTED_EDGE('',*,*,#5045,.T.);
#6970=ORIENTED_EDGE('',*,*,#5046,.F.);
#6971=ORIENTED_EDGE('',*,*,#5047,.F.);
#6972=ORIENTED_EDGE('',*,*,#5046,.T.);
#6973=ORIENTED_EDGE('',*,*,#5048,.T.);
#6974=ORIENTED_EDGE('',*,*,#5049,.F.);
#6975=ORIENTED_EDGE('',*,*,#5050,.F.);
#6976=ORIENTED_EDGE('',*,*,#5049,.T.);
#6977=ORIENTED_EDGE('',*,*,#5051,.T.);
#6978=ORIENTED_EDGE('',*,*,#5052,.F.);
#6979=ORIENTED_EDGE('',*,*,#5053,.F.);
#6980=ORIENTED_EDGE('',*,*,#5052,.T.);
#6981=ORIENTED_EDGE('',*,*,#5054,.T.);
#6982=ORIENTED_EDGE('',*,*,#5055,.F.);
#6983=ORIENTED_EDGE('',*,*,#5056,.F.);
#6984=ORIENTED_EDGE('',*,*,#5055,.T.);
#6985=ORIENTED_EDGE('',*,*,#5057,.T.);
#6986=ORIENTED_EDGE('',*,*,#5058,.F.);
#6987=ORIENTED_EDGE('',*,*,#5059,.F.);
#6988=ORIENTED_EDGE('',*,*,#5058,.T.);
#6989=ORIENTED_EDGE('',*,*,#5060,.T.);
#6990=ORIENTED_EDGE('',*,*,#5061,.F.);
#6991=ORIENTED_EDGE('',*,*,#5062,.F.);
#6992=ORIENTED_EDGE('',*,*,#5061,.T.);
#6993=ORIENTED_EDGE('',*,*,#5063,.T.);
#6994=ORIENTED_EDGE('',*,*,#5064,.F.);
#6995=ORIENTED_EDGE('',*,*,#5065,.F.);
#6996=ORIENTED_EDGE('',*,*,#5064,.T.);
#6997=ORIENTED_EDGE('',*,*,#5066,.T.);
#6998=ORIENTED_EDGE('',*,*,#5067,.F.);
#6999=ORIENTED_EDGE('',*,*,#5068,.F.);
#7000=ORIENTED_EDGE('',*,*,#5067,.T.);
#7001=ORIENTED_EDGE('',*,*,#5069,.T.);
#7002=ORIENTED_EDGE('',*,*,#5070,.F.);
#7003=ORIENTED_EDGE('',*,*,#5071,.F.);
#7004=ORIENTED_EDGE('',*,*,#5070,.T.);
#7005=ORIENTED_EDGE('',*,*,#5072,.T.);
#7006=ORIENTED_EDGE('',*,*,#5073,.F.);
#7007=ORIENTED_EDGE('',*,*,#5074,.F.);
#7008=ORIENTED_EDGE('',*,*,#5073,.T.);
#7009=ORIENTED_EDGE('',*,*,#5075,.T.);
#7010=ORIENTED_EDGE('',*,*,#5076,.F.);
#7011=ORIENTED_EDGE('',*,*,#5077,.F.);
#7012=ORIENTED_EDGE('',*,*,#5076,.T.);
#7013=ORIENTED_EDGE('',*,*,#5078,.T.);
#7014=ORIENTED_EDGE('',*,*,#5079,.F.);
#7015=ORIENTED_EDGE('',*,*,#5080,.F.);
#7016=ORIENTED_EDGE('',*,*,#5079,.T.);
#7017=ORIENTED_EDGE('',*,*,#5081,.T.);
#7018=ORIENTED_EDGE('',*,*,#5082,.F.);
#7019=ORIENTED_EDGE('',*,*,#5083,.F.);
#7020=ORIENTED_EDGE('',*,*,#5082,.T.);
#7021=ORIENTED_EDGE('',*,*,#5084,.T.);
#7022=ORIENTED_EDGE('',*,*,#5035,.F.);
#7023=ORIENTED_EDGE('',*,*,#5085,.F.);
#7024=ORIENTED_EDGE('',*,*,#5086,.T.);
#7025=ORIENTED_EDGE('',*,*,#5087,.T.);
#7026=ORIENTED_EDGE('',*,*,#5088,.F.);
#7027=ORIENTED_EDGE('',*,*,#5089,.F.);
#7028=ORIENTED_EDGE('',*,*,#5088,.T.);
#7029=ORIENTED_EDGE('',*,*,#5090,.T.);
#7030=ORIENTED_EDGE('',*,*,#5091,.F.);
#7031=ORIENTED_EDGE('',*,*,#5092,.F.);
#7032=ORIENTED_EDGE('',*,*,#5091,.T.);
#7033=ORIENTED_EDGE('',*,*,#5093,.T.);
#7034=ORIENTED_EDGE('',*,*,#5094,.F.);
#7035=ORIENTED_EDGE('',*,*,#5095,.F.);
#7036=ORIENTED_EDGE('',*,*,#5094,.T.);
#7037=ORIENTED_EDGE('',*,*,#5096,.T.);
#7038=ORIENTED_EDGE('',*,*,#5097,.F.);
#7039=ORIENTED_EDGE('',*,*,#5098,.F.);
#7040=ORIENTED_EDGE('',*,*,#5097,.T.);
#7041=ORIENTED_EDGE('',*,*,#5099,.T.);
#7042=ORIENTED_EDGE('',*,*,#5086,.F.);
#7043=ORIENTED_EDGE('',*,*,#5100,.F.);
#7044=ORIENTED_EDGE('',*,*,#5038,.T.);
#7045=ORIENTED_EDGE('',*,*,#5041,.T.);
#7046=ORIENTED_EDGE('',*,*,#5044,.T.);
#7047=ORIENTED_EDGE('',*,*,#5047,.T.);
#7048=ORIENTED_EDGE('',*,*,#5050,.T.);
#7049=ORIENTED_EDGE('',*,*,#5053,.T.);
#7050=ORIENTED_EDGE('',*,*,#5056,.T.);
#7051=ORIENTED_EDGE('',*,*,#5059,.T.);
#7052=ORIENTED_EDGE('',*,*,#5062,.T.);
#7053=ORIENTED_EDGE('',*,*,#5065,.T.);
#7054=ORIENTED_EDGE('',*,*,#5068,.T.);
#7055=ORIENTED_EDGE('',*,*,#5071,.T.);
#7056=ORIENTED_EDGE('',*,*,#5074,.T.);
#7057=ORIENTED_EDGE('',*,*,#5077,.T.);
#7058=ORIENTED_EDGE('',*,*,#5080,.T.);
#7059=ORIENTED_EDGE('',*,*,#5083,.T.);
#7060=ORIENTED_EDGE('',*,*,#5085,.T.);
#7061=ORIENTED_EDGE('',*,*,#5089,.T.);
#7062=ORIENTED_EDGE('',*,*,#5092,.T.);
#7063=ORIENTED_EDGE('',*,*,#5095,.T.);
#7064=ORIENTED_EDGE('',*,*,#5098,.T.);
#7065=ORIENTED_EDGE('',*,*,#5100,.T.);
#7066=ORIENTED_EDGE('',*,*,#5084,.F.);
#7067=ORIENTED_EDGE('',*,*,#5081,.F.);
#7068=ORIENTED_EDGE('',*,*,#5078,.F.);
#7069=ORIENTED_EDGE('',*,*,#5075,.F.);
#7070=ORIENTED_EDGE('',*,*,#5072,.F.);
#7071=ORIENTED_EDGE('',*,*,#5069,.F.);
#7072=ORIENTED_EDGE('',*,*,#5066,.F.);
#7073=ORIENTED_EDGE('',*,*,#5063,.F.);
#7074=ORIENTED_EDGE('',*,*,#5060,.F.);
#7075=ORIENTED_EDGE('',*,*,#5057,.F.);
#7076=ORIENTED_EDGE('',*,*,#5054,.F.);
#7077=ORIENTED_EDGE('',*,*,#5051,.F.);
#7078=ORIENTED_EDGE('',*,*,#5048,.F.);
#7079=ORIENTED_EDGE('',*,*,#5045,.F.);
#7080=ORIENTED_EDGE('',*,*,#5042,.F.);
#7081=ORIENTED_EDGE('',*,*,#5039,.F.);
#7082=ORIENTED_EDGE('',*,*,#5036,.F.);
#7083=ORIENTED_EDGE('',*,*,#5087,.F.);
#7084=ORIENTED_EDGE('',*,*,#5099,.F.);
#7085=ORIENTED_EDGE('',*,*,#5096,.F.);
#7086=ORIENTED_EDGE('',*,*,#5093,.F.);
#7087=ORIENTED_EDGE('',*,*,#5090,.F.);
#7088=ORIENTED_EDGE('',*,*,#5101,.T.);
#7089=ORIENTED_EDGE('',*,*,#5102,.T.);
#7090=ORIENTED_EDGE('',*,*,#5103,.F.);
#7091=ORIENTED_EDGE('',*,*,#5104,.F.);
#7092=ORIENTED_EDGE('',*,*,#5103,.T.);
#7093=ORIENTED_EDGE('',*,*,#5105,.T.);
#7094=ORIENTED_EDGE('',*,*,#5106,.F.);
#7095=ORIENTED_EDGE('',*,*,#5107,.F.);
#7096=ORIENTED_EDGE('',*,*,#5106,.T.);
#7097=ORIENTED_EDGE('',*,*,#5108,.T.);
#7098=ORIENTED_EDGE('',*,*,#5109,.F.);
#7099=ORIENTED_EDGE('',*,*,#5110,.F.);
#7100=ORIENTED_EDGE('',*,*,#5109,.T.);
#7101=ORIENTED_EDGE('',*,*,#5111,.T.);
#7102=ORIENTED_EDGE('',*,*,#5112,.F.);
#7103=ORIENTED_EDGE('',*,*,#5113,.F.);
#7104=ORIENTED_EDGE('',*,*,#5112,.T.);
#7105=ORIENTED_EDGE('',*,*,#5114,.T.);
#7106=ORIENTED_EDGE('',*,*,#5115,.F.);
#7107=ORIENTED_EDGE('',*,*,#5116,.F.);
#7108=ORIENTED_EDGE('',*,*,#5115,.T.);
#7109=ORIENTED_EDGE('',*,*,#5117,.T.);
#7110=ORIENTED_EDGE('',*,*,#5118,.F.);
#7111=ORIENTED_EDGE('',*,*,#5119,.F.);
#7112=ORIENTED_EDGE('',*,*,#5118,.T.);
#7113=ORIENTED_EDGE('',*,*,#5120,.T.);
#7114=ORIENTED_EDGE('',*,*,#5121,.F.);
#7115=ORIENTED_EDGE('',*,*,#5122,.F.);
#7116=ORIENTED_EDGE('',*,*,#5121,.T.);
#7117=ORIENTED_EDGE('',*,*,#5123,.T.);
#7118=ORIENTED_EDGE('',*,*,#5124,.F.);
#7119=ORIENTED_EDGE('',*,*,#5125,.F.);
#7120=ORIENTED_EDGE('',*,*,#5124,.T.);
#7121=ORIENTED_EDGE('',*,*,#5126,.T.);
#7122=ORIENTED_EDGE('',*,*,#5127,.F.);
#7123=ORIENTED_EDGE('',*,*,#5128,.F.);
#7124=ORIENTED_EDGE('',*,*,#5127,.T.);
#7125=ORIENTED_EDGE('',*,*,#5129,.T.);
#7126=ORIENTED_EDGE('',*,*,#5130,.F.);
#7127=ORIENTED_EDGE('',*,*,#5131,.F.);
#7128=ORIENTED_EDGE('',*,*,#5130,.T.);
#7129=ORIENTED_EDGE('',*,*,#5132,.T.);
#7130=ORIENTED_EDGE('',*,*,#5133,.F.);
#7131=ORIENTED_EDGE('',*,*,#5134,.F.);
#7132=ORIENTED_EDGE('',*,*,#5133,.T.);
#7133=ORIENTED_EDGE('',*,*,#5135,.T.);
#7134=ORIENTED_EDGE('',*,*,#5136,.F.);
#7135=ORIENTED_EDGE('',*,*,#5137,.F.);
#7136=ORIENTED_EDGE('',*,*,#5136,.T.);
#7137=ORIENTED_EDGE('',*,*,#5138,.T.);
#7138=ORIENTED_EDGE('',*,*,#5139,.F.);
#7139=ORIENTED_EDGE('',*,*,#5140,.F.);
#7140=ORIENTED_EDGE('',*,*,#5139,.T.);
#7141=ORIENTED_EDGE('',*,*,#5141,.T.);
#7142=ORIENTED_EDGE('',*,*,#5142,.F.);
#7143=ORIENTED_EDGE('',*,*,#5143,.F.);
#7144=ORIENTED_EDGE('',*,*,#5142,.T.);
#7145=ORIENTED_EDGE('',*,*,#5144,.T.);
#7146=ORIENTED_EDGE('',*,*,#5145,.F.);
#7147=ORIENTED_EDGE('',*,*,#5146,.F.);
#7148=ORIENTED_EDGE('',*,*,#5145,.T.);
#7149=ORIENTED_EDGE('',*,*,#5147,.T.);
#7150=ORIENTED_EDGE('',*,*,#5101,.F.);
#7151=ORIENTED_EDGE('',*,*,#5148,.F.);
#7152=ORIENTED_EDGE('',*,*,#5149,.T.);
#7153=ORIENTED_EDGE('',*,*,#5150,.T.);
#7154=ORIENTED_EDGE('',*,*,#5151,.F.);
#7155=ORIENTED_EDGE('',*,*,#5152,.F.);
#7156=ORIENTED_EDGE('',*,*,#5151,.T.);
#7157=ORIENTED_EDGE('',*,*,#5153,.T.);
#7158=ORIENTED_EDGE('',*,*,#5154,.F.);
#7159=ORIENTED_EDGE('',*,*,#5155,.F.);
#7160=ORIENTED_EDGE('',*,*,#5154,.T.);
#7161=ORIENTED_EDGE('',*,*,#5156,.T.);
#7162=ORIENTED_EDGE('',*,*,#5157,.F.);
#7163=ORIENTED_EDGE('',*,*,#5158,.F.);
#7164=ORIENTED_EDGE('',*,*,#5157,.T.);
#7165=ORIENTED_EDGE('',*,*,#5159,.T.);
#7166=ORIENTED_EDGE('',*,*,#5160,.F.);
#7167=ORIENTED_EDGE('',*,*,#5161,.F.);
#7168=ORIENTED_EDGE('',*,*,#5160,.T.);
#7169=ORIENTED_EDGE('',*,*,#5162,.T.);
#7170=ORIENTED_EDGE('',*,*,#5149,.F.);
#7171=ORIENTED_EDGE('',*,*,#5163,.F.);
#7172=ORIENTED_EDGE('',*,*,#5104,.T.);
#7173=ORIENTED_EDGE('',*,*,#5107,.T.);
#7174=ORIENTED_EDGE('',*,*,#5110,.T.);
#7175=ORIENTED_EDGE('',*,*,#5113,.T.);
#7176=ORIENTED_EDGE('',*,*,#5116,.T.);
#7177=ORIENTED_EDGE('',*,*,#5119,.T.);
#7178=ORIENTED_EDGE('',*,*,#5122,.T.);
#7179=ORIENTED_EDGE('',*,*,#5125,.T.);
#7180=ORIENTED_EDGE('',*,*,#5128,.T.);
#7181=ORIENTED_EDGE('',*,*,#5131,.T.);
#7182=ORIENTED_EDGE('',*,*,#5134,.T.);
#7183=ORIENTED_EDGE('',*,*,#5137,.T.);
#7184=ORIENTED_EDGE('',*,*,#5140,.T.);
#7185=ORIENTED_EDGE('',*,*,#5143,.T.);
#7186=ORIENTED_EDGE('',*,*,#5146,.T.);
#7187=ORIENTED_EDGE('',*,*,#5148,.T.);
#7188=ORIENTED_EDGE('',*,*,#5152,.T.);
#7189=ORIENTED_EDGE('',*,*,#5155,.T.);
#7190=ORIENTED_EDGE('',*,*,#5158,.T.);
#7191=ORIENTED_EDGE('',*,*,#5161,.T.);
#7192=ORIENTED_EDGE('',*,*,#5163,.T.);
#7193=ORIENTED_EDGE('',*,*,#5147,.F.);
#7194=ORIENTED_EDGE('',*,*,#5144,.F.);
#7195=ORIENTED_EDGE('',*,*,#5141,.F.);
#7196=ORIENTED_EDGE('',*,*,#5138,.F.);
#7197=ORIENTED_EDGE('',*,*,#5135,.F.);
#7198=ORIENTED_EDGE('',*,*,#5132,.F.);
#7199=ORIENTED_EDGE('',*,*,#5129,.F.);
#7200=ORIENTED_EDGE('',*,*,#5126,.F.);
#7201=ORIENTED_EDGE('',*,*,#5123,.F.);
#7202=ORIENTED_EDGE('',*,*,#5120,.F.);
#7203=ORIENTED_EDGE('',*,*,#5117,.F.);
#7204=ORIENTED_EDGE('',*,*,#5114,.F.);
#7205=ORIENTED_EDGE('',*,*,#5111,.F.);
#7206=ORIENTED_EDGE('',*,*,#5108,.F.);
#7207=ORIENTED_EDGE('',*,*,#5105,.F.);
#7208=ORIENTED_EDGE('',*,*,#5102,.F.);
#7209=ORIENTED_EDGE('',*,*,#5150,.F.);
#7210=ORIENTED_EDGE('',*,*,#5162,.F.);
#7211=ORIENTED_EDGE('',*,*,#5159,.F.);
#7212=ORIENTED_EDGE('',*,*,#5156,.F.);
#7213=ORIENTED_EDGE('',*,*,#5153,.F.);
#7214=CYLINDRICAL_SURFACE('',#7809,0.00196850393700787);
#7215=CYLINDRICAL_SURFACE('',#7812,0.00196850393700787);
#7216=CYLINDRICAL_SURFACE('',#7814,0.00196850393700787);
#7217=CYLINDRICAL_SURFACE('',#7816,0.00196850393700787);
#7218=CYLINDRICAL_SURFACE('',#7818,0.00196850393700787);
#7219=CYLINDRICAL_SURFACE('',#7828,0.00196850393700787);
#7220=CYLINDRICAL_SURFACE('',#7830,0.00196850393700787);
#7221=CYLINDRICAL_SURFACE('',#7839,0.00196850393700787);
#7222=CYLINDRICAL_SURFACE('',#7848,0.00196850393700787);
#7223=CYLINDRICAL_SURFACE('',#7850,0.00196850393700787);
#7224=CYLINDRICAL_SURFACE('',#7851,0.00196850393700787);
#7225=CYLINDRICAL_SURFACE('',#7853,0.00196850393700787);
#7226=CYLINDRICAL_SURFACE('',#7855,0.00196850393700787);
#7227=CYLINDRICAL_SURFACE('',#7857,0.00196850393700787);
#7228=CYLINDRICAL_SURFACE('',#7859,0.00196850393700787);
#7229=CYLINDRICAL_SURFACE('',#7861,0.00196850393700787);
#7230=CYLINDRICAL_SURFACE('',#7863,0.00196850393700787);
#7231=CYLINDRICAL_SURFACE('',#7865,0.00196850393700787);
#7232=CYLINDRICAL_SURFACE('',#7867,0.00196850393700787);
#7233=CYLINDRICAL_SURFACE('',#7869,0.00196850393700787);
#7234=CYLINDRICAL_SURFACE('',#7870,0.00196850393700787);
#7235=CYLINDRICAL_SURFACE('',#7871,0.00196850393700787);
#7236=CYLINDRICAL_SURFACE('',#7872,0.00196850393700787);
#7237=CYLINDRICAL_SURFACE('',#7874,0.00196850393700787);
#7238=CYLINDRICAL_SURFACE('',#7875,0.00196850393700787);
#7239=CYLINDRICAL_SURFACE('',#7876,0.00196850393700787);
#7240=CYLINDRICAL_SURFACE('',#7878,0.00196850393700787);
#7241=CYLINDRICAL_SURFACE('',#7879,0.00196850393700787);
#7242=CYLINDRICAL_SURFACE('',#7881,0.00196850393700787);
#7243=CYLINDRICAL_SURFACE('',#7883,0.00196850393700787);
#7244=CYLINDRICAL_SURFACE('',#7885,0.00196850393700787);
#7245=CYLINDRICAL_SURFACE('',#8053,0.0319999999999984);
#7246=CYLINDRICAL_SURFACE('',#8054,0.0319999999999984);
#7247=CYLINDRICAL_SURFACE('',#8055,0.0319999999999984);
#7248=CYLINDRICAL_SURFACE('',#8056,0.0319999999999984);
#7249=CYLINDRICAL_SURFACE('',#8057,0.0319999999999984);
#7250=CYLINDRICAL_SURFACE('',#8063,0.0159999999999992);
#7251=CYLINDRICAL_SURFACE('',#8064,0.0159999999999992);
#7252=CYLINDRICAL_SURFACE('',#8065,0.0159999999999992);
#7253=CYLINDRICAL_SURFACE('',#8066,0.0159999999999992);
#7254=CYLINDRICAL_SURFACE('',#8079,0.0319999999999992);
#7255=CYLINDRICAL_SURFACE('',#8080,0.0319999999999992);
#7256=CYLINDRICAL_SURFACE('',#8081,0.0319999999999992);
#7257=CYLINDRICAL_SURFACE('',#8082,0.0319999999999992);
#7258=CYLINDRICAL_SURFACE('',#8087,0.0159999999999992);
#7259=CYLINDRICAL_SURFACE('',#8088,0.0159999999999992);
#7260=CYLINDRICAL_SURFACE('',#8089,0.0159999999999992);
#7261=CYLINDRICAL_SURFACE('',#8090,0.0159999999999992);
#7262=CYLINDRICAL_SURFACE('',#8091,0.0159999999999992);
#7263=CYLINDRICAL_SURFACE('',#8099,0.0159999999999992);
#7264=CYLINDRICAL_SURFACE('',#8106,0.0319999999999992);
#7265=ADVANCED_FACE('',(#895),#7214,.T.);
#7266=ADVANCED_FACE('',(#896),#7215,.T.);
#7267=ADVANCED_FACE('',(#897),#7216,.T.);
#7268=ADVANCED_FACE('',(#898),#7217,.T.);
#7269=ADVANCED_FACE('',(#899),#7218,.T.);
#7270=ADVANCED_FACE('',(#900),#889,.T.);
#7271=ADVANCED_FACE('',(#901),#890,.T.);
#7272=ADVANCED_FACE('',(#902),#7219,.T.);
#7273=ADVANCED_FACE('',(#903),#7220,.T.);
#7274=ADVANCED_FACE('',(#904),#891,.T.);
#7275=ADVANCED_FACE('',(#905),#892,.T.);
#7276=ADVANCED_FACE('',(#906),#7221,.T.);
#7277=ADVANCED_FACE('',(#907),#893,.T.);
#7278=ADVANCED_FACE('',(#908),#894,.T.);
#7279=ADVANCED_FACE('',(#909),#7222,.T.);
#7280=ADVANCED_FACE('',(#910),#7223,.T.);
#7281=ADVANCED_FACE('',(#911),#7224,.T.);
#7282=ADVANCED_FACE('',(#912),#7225,.T.);
#7283=ADVANCED_FACE('',(#913),#7226,.T.);
#7284=ADVANCED_FACE('',(#914),#7227,.T.);
#7285=ADVANCED_FACE('',(#915),#7228,.T.);
#7286=ADVANCED_FACE('',(#916),#7229,.T.);
#7287=ADVANCED_FACE('',(#917),#7230,.T.);
#7288=ADVANCED_FACE('',(#918),#7231,.T.);
#7289=ADVANCED_FACE('',(#919),#7232,.T.);
#7290=ADVANCED_FACE('',(#920),#7233,.T.);
#7291=ADVANCED_FACE('',(#921),#7234,.T.);
#7292=ADVANCED_FACE('',(#922),#7235,.T.);
#7293=ADVANCED_FACE('',(#923),#7236,.T.);
#7294=ADVANCED_FACE('',(#924),#7237,.T.);
#7295=ADVANCED_FACE('',(#925),#7238,.T.);
#7296=ADVANCED_FACE('',(#926),#7239,.T.);
#7297=ADVANCED_FACE('',(#927),#7240,.T.);
#7298=ADVANCED_FACE('',(#928),#7241,.T.);
#7299=ADVANCED_FACE('',(#929),#7242,.T.);
#7300=ADVANCED_FACE('',(#930),#7243,.T.);
#7301=ADVANCED_FACE('',(#931),#7244,.T.);
#7302=ADVANCED_FACE('',(#932),#509,.F.);
#7303=ADVANCED_FACE('',(#933,#475,#476),#510,.F.);
#7304=ADVANCED_FACE('',(#934),#511,.F.);
#7305=ADVANCED_FACE('',(#935),#512,.F.);
#7306=ADVANCED_FACE('',(#936),#513,.F.);
#7307=ADVANCED_FACE('',(#937,#477,#478),#514,.F.);
#7308=ADVANCED_FACE('',(#938),#515,.F.);
#7309=ADVANCED_FACE('',(#939),#516,.F.);
#7310=ADVANCED_FACE('',(#940),#517,.T.);
#7311=ADVANCED_FACE('',(#941),#518,.T.);
#7312=ADVANCED_FACE('',(#942),#519,.T.);
#7313=ADVANCED_FACE('',(#943),#520,.T.);
#7314=ADVANCED_FACE('',(#944,#479,#480,#481,#482,#483,#484,#485,#486,#487,
#488),#521,.T.);
#7315=ADVANCED_FACE('',(#945),#522,.F.);
#7316=ADVANCED_FACE('',(#946),#523,.F.);
#7317=ADVANCED_FACE('',(#947),#524,.F.);
#7318=ADVANCED_FACE('',(#948,#489,#490),#525,.F.);
#7319=ADVANCED_FACE('',(#949,#491,#492),#526,.F.);
#7320=ADVANCED_FACE('',(#950,#493,#494),#527,.F.);
#7321=ADVANCED_FACE('',(#951),#528,.F.);
#7322=ADVANCED_FACE('',(#952),#529,.F.);
#7323=ADVANCED_FACE('',(#953),#530,.F.);
#7324=ADVANCED_FACE('',(#954),#531,.F.);
#7325=ADVANCED_FACE('',(#955),#532,.F.);
#7326=ADVANCED_FACE('',(#956),#533,.F.);
#7327=ADVANCED_FACE('',(#957),#534,.F.);
#7328=ADVANCED_FACE('',(#958),#535,.F.);
#7329=ADVANCED_FACE('',(#959),#536,.F.);
#7330=ADVANCED_FACE('',(#960),#537,.F.);
#7331=ADVANCED_FACE('',(#961),#538,.F.);
#7332=ADVANCED_FACE('',(#962),#539,.F.);
#7333=ADVANCED_FACE('',(#963),#540,.F.);
#7334=ADVANCED_FACE('',(#964),#541,.F.);
#7335=ADVANCED_FACE('',(#965),#542,.F.);
#7336=ADVANCED_FACE('',(#966),#543,.F.);
#7337=ADVANCED_FACE('',(#967),#544,.F.);
#7338=ADVANCED_FACE('',(#968),#545,.F.);
#7339=ADVANCED_FACE('',(#969),#546,.F.);
#7340=ADVANCED_FACE('',(#970),#547,.F.);
#7341=ADVANCED_FACE('',(#971),#548,.F.);
#7342=ADVANCED_FACE('',(#972),#549,.F.);
#7343=ADVANCED_FACE('',(#973),#550,.F.);
#7344=ADVANCED_FACE('',(#974),#551,.F.);
#7345=ADVANCED_FACE('',(#975),#552,.F.);
#7346=ADVANCED_FACE('',(#976),#553,.F.);
#7347=ADVANCED_FACE('',(#977),#554,.F.);
#7348=ADVANCED_FACE('',(#978),#555,.F.);
#7349=ADVANCED_FACE('',(#979),#556,.F.);
#7350=ADVANCED_FACE('',(#980),#557,.F.);
#7351=ADVANCED_FACE('',(#981),#558,.F.);
#7352=ADVANCED_FACE('',(#982),#559,.F.);
#7353=ADVANCED_FACE('',(#983),#560,.F.);
#7354=ADVANCED_FACE('',(#984),#561,.F.);
#7355=ADVANCED_FACE('',(#985),#562,.F.);
#7356=ADVANCED_FACE('',(#986),#563,.F.);
#7357=ADVANCED_FACE('',(#987),#564,.F.);
#7358=ADVANCED_FACE('',(#988),#565,.F.);
#7359=ADVANCED_FACE('',(#989),#566,.F.);
#7360=ADVANCED_FACE('',(#990),#567,.F.);
#7361=ADVANCED_FACE('',(#991),#568,.F.);
#7362=ADVANCED_FACE('',(#992),#569,.F.);
#7363=ADVANCED_FACE('',(#993),#570,.F.);
#7364=ADVANCED_FACE('',(#994),#571,.F.);
#7365=ADVANCED_FACE('',(#995),#572,.F.);
#7366=ADVANCED_FACE('',(#996),#573,.F.);
#7367=ADVANCED_FACE('',(#997),#574,.F.);
#7368=ADVANCED_FACE('',(#998),#575,.F.);
#7369=ADVANCED_FACE('',(#999),#576,.F.);
#7370=ADVANCED_FACE('',(#1000),#577,.F.);
#7371=ADVANCED_FACE('',(#1001),#578,.F.);
#7372=ADVANCED_FACE('',(#1002),#579,.F.);
#7373=ADVANCED_FACE('',(#1003),#580,.F.);
#7374=ADVANCED_FACE('',(#1004),#581,.F.);
#7375=ADVANCED_FACE('',(#1005),#582,.F.);
#7376=ADVANCED_FACE('',(#1006),#583,.F.);
#7377=ADVANCED_FACE('',(#1007),#584,.F.);
#7378=ADVANCED_FACE('',(#1008),#585,.F.);
#7379=ADVANCED_FACE('',(#1009),#586,.F.);
#7380=ADVANCED_FACE('',(#1010),#587,.F.);
#7381=ADVANCED_FACE('',(#1011),#588,.F.);
#7382=ADVANCED_FACE('',(#1012),#589,.F.);
#7383=ADVANCED_FACE('',(#1013),#590,.F.);
#7384=ADVANCED_FACE('',(#1014),#591,.F.);
#7385=ADVANCED_FACE('',(#1015),#592,.F.);
#7386=ADVANCED_FACE('',(#1016),#593,.F.);
#7387=ADVANCED_FACE('',(#1017),#594,.F.);
#7388=ADVANCED_FACE('',(#1018),#595,.F.);
#7389=ADVANCED_FACE('',(#1019),#596,.T.);
#7390=ADVANCED_FACE('',(#1020),#597,.T.);
#7391=ADVANCED_FACE('',(#1021),#598,.T.);
#7392=ADVANCED_FACE('',(#1022),#599,.F.);
#7393=ADVANCED_FACE('',(#1023),#600,.F.);
#7394=ADVANCED_FACE('',(#1024),#601,.T.);
#7395=ADVANCED_FACE('',(#1025),#602,.F.);
#7396=ADVANCED_FACE('',(#1026),#603,.T.);
#7397=ADVANCED_FACE('',(#1027),#604,.F.);
#7398=ADVANCED_FACE('',(#1028),#605,.F.);
#7399=ADVANCED_FACE('',(#1029),#606,.F.);
#7400=ADVANCED_FACE('',(#1030),#607,.T.);
#7401=ADVANCED_FACE('',(#1031),#608,.F.);
#7402=ADVANCED_FACE('',(#1032),#609,.T.);
#7403=ADVANCED_FACE('',(#1033),#610,.F.);
#7404=ADVANCED_FACE('',(#1034),#611,.F.);
#7405=ADVANCED_FACE('',(#1035),#612,.F.);
#7406=ADVANCED_FACE('',(#1036),#613,.T.);
#7407=ADVANCED_FACE('',(#1037),#614,.F.);
#7408=ADVANCED_FACE('',(#1038),#615,.T.);
#7409=ADVANCED_FACE('',(#1039),#616,.F.);
#7410=ADVANCED_FACE('',(#1040),#617,.F.);
#7411=ADVANCED_FACE('',(#1041),#618,.F.);
#7412=ADVANCED_FACE('',(#1042),#619,.T.);
#7413=ADVANCED_FACE('',(#1043),#620,.F.);
#7414=ADVANCED_FACE('',(#1044),#621,.T.);
#7415=ADVANCED_FACE('',(#1045),#622,.F.);
#7416=ADVANCED_FACE('',(#1046),#623,.F.);
#7417=ADVANCED_FACE('',(#1047),#624,.F.);
#7418=ADVANCED_FACE('',(#1048),#625,.F.);
#7419=ADVANCED_FACE('',(#1049),#626,.T.);
#7420=ADVANCED_FACE('',(#1050),#627,.T.);
#7421=ADVANCED_FACE('',(#1051),#628,.T.);
#7422=ADVANCED_FACE('',(#1052),#629,.T.);
#7423=ADVANCED_FACE('',(#1053),#630,.T.);
#7424=ADVANCED_FACE('',(#1054),#631,.T.);
#7425=ADVANCED_FACE('',(#1055),#632,.T.);
#7426=ADVANCED_FACE('',(#1056),#633,.T.);
#7427=ADVANCED_FACE('',(#1057),#634,.T.);
#7428=ADVANCED_FACE('',(#1058),#7245,.T.);
#7429=ADVANCED_FACE('',(#1059),#7246,.T.);
#7430=ADVANCED_FACE('',(#1060),#7247,.T.);
#7431=ADVANCED_FACE('',(#1061),#7248,.T.);
#7432=ADVANCED_FACE('',(#1062),#7249,.T.);
#7433=ADVANCED_FACE('',(#1063),#635,.T.);
#7434=ADVANCED_FACE('',(#1064),#636,.T.);
#7435=ADVANCED_FACE('',(#1065),#637,.T.);
#7436=ADVANCED_FACE('',(#1066),#638,.T.);
#7437=ADVANCED_FACE('',(#1067),#639,.T.);
#7438=ADVANCED_FACE('',(#1068),#7250,.F.);
#7439=ADVANCED_FACE('',(#1069),#7251,.F.);
#7440=ADVANCED_FACE('',(#1070),#7252,.F.);
#7441=ADVANCED_FACE('',(#1071),#7253,.F.);
#7442=ADVANCED_FACE('',(#1072),#640,.T.);
#7443=ADVANCED_FACE('',(#1073),#641,.T.);
#7444=ADVANCED_FACE('',(#1074),#642,.T.);
#7445=ADVANCED_FACE('',(#1075),#643,.T.);
#7446=ADVANCED_FACE('',(#1076),#644,.T.);
#7447=ADVANCED_FACE('',(#1077),#645,.T.);
#7448=ADVANCED_FACE('',(#1078),#646,.T.);
#7449=ADVANCED_FACE('',(#1079),#647,.T.);
#7450=ADVANCED_FACE('',(#1080),#648,.T.);
#7451=ADVANCED_FACE('',(#1081),#649,.T.);
#7452=ADVANCED_FACE('',(#1082),#650,.T.);
#7453=ADVANCED_FACE('',(#1083),#651,.T.);
#7454=ADVANCED_FACE('',(#1084),#7254,.T.);
#7455=ADVANCED_FACE('',(#1085),#7255,.T.);
#7456=ADVANCED_FACE('',(#1086),#7256,.T.);
#7457=ADVANCED_FACE('',(#1087),#7257,.T.);
#7458=ADVANCED_FACE('',(#1088),#652,.T.);
#7459=ADVANCED_FACE('',(#1089),#653,.T.);
#7460=ADVANCED_FACE('',(#1090),#654,.T.);
#7461=ADVANCED_FACE('',(#1091),#655,.T.);
#7462=ADVANCED_FACE('',(#1092),#7258,.F.);
#7463=ADVANCED_FACE('',(#1093),#7259,.F.);
#7464=ADVANCED_FACE('',(#1094),#7260,.F.);
#7465=ADVANCED_FACE('',(#1095),#7261,.F.);
#7466=ADVANCED_FACE('',(#1096),#7262,.F.);
#7467=ADVANCED_FACE('',(#1097),#656,.T.);
#7468=ADVANCED_FACE('',(#1098),#657,.T.);
#7469=ADVANCED_FACE('',(#1099),#658,.T.);
#7470=ADVANCED_FACE('',(#1100),#659,.T.);
#7471=ADVANCED_FACE('',(#1101),#660,.T.);
#7472=ADVANCED_FACE('',(#1102),#661,.T.);
#7473=ADVANCED_FACE('',(#1103),#662,.T.);
#7474=ADVANCED_FACE('',(#1104),#7263,.F.);
#7475=ADVANCED_FACE('',(#1105),#663,.T.);
#7476=ADVANCED_FACE('',(#1106),#664,.T.);
#7477=ADVANCED_FACE('',(#1107),#665,.T.);
#7478=ADVANCED_FACE('',(#1108,#495,#496,#497,#498,#499,#500,#501,#502,#503,
#504),#666,.F.);
#7479=ADVANCED_FACE('',(#1109),#667,.T.);
#7480=ADVANCED_FACE('',(#1110),#668,.T.);
#7481=ADVANCED_FACE('',(#1111),#7264,.T.);
#7482=ADVANCED_FACE('',(#1112),#669,.T.);
#7483=ADVANCED_FACE('',(#1113),#670,.T.);
#7484=ADVANCED_FACE('',(#1114),#671,.T.);
#7485=ADVANCED_FACE('',(#1115),#672,.T.);
#7486=ADVANCED_FACE('',(#1116),#673,.T.);
#7487=ADVANCED_FACE('',(#1117),#674,.T.);
#7488=ADVANCED_FACE('',(#1118),#675,.F.);
#7489=ADVANCED_FACE('',(#1119),#676,.T.);
#7490=ADVANCED_FACE('',(#1120),#677,.T.);
#7491=ADVANCED_FACE('',(#1121),#678,.T.);
#7492=ADVANCED_FACE('',(#1122),#679,.T.);
#7493=ADVANCED_FACE('',(#1123),#680,.T.);
#7494=ADVANCED_FACE('',(#1124),#681,.F.);
#7495=ADVANCED_FACE('',(#1125),#682,.T.);
#7496=ADVANCED_FACE('',(#1126),#683,.T.);
#7497=ADVANCED_FACE('',(#1127),#684,.T.);
#7498=ADVANCED_FACE('',(#1128),#685,.T.);
#7499=ADVANCED_FACE('',(#1129),#686,.T.);
#7500=ADVANCED_FACE('',(#1130),#687,.T.);
#7501=ADVANCED_FACE('',(#1131),#688,.F.);
#7502=ADVANCED_FACE('',(#1132),#689,.T.);
#7503=ADVANCED_FACE('',(#1133),#201,.T.);
#7504=ADVANCED_FACE('',(#1134),#690,.T.);
#7505=ADVANCED_FACE('',(#1135),#691,.T.);
#7506=ADVANCED_FACE('',(#1136),#692,.T.);
#7507=ADVANCED_FACE('',(#1137),#693,.T.);
#7508=ADVANCED_FACE('',(#1138),#694,.T.);
#7509=ADVANCED_FACE('',(#1139),#695,.T.);
#7510=ADVANCED_FACE('',(#1140),#696,.T.);
#7511=ADVANCED_FACE('',(#1141),#697,.T.);
#7512=ADVANCED_FACE('',(#1142),#698,.T.);
#7513=ADVANCED_FACE('',(#1143),#699,.T.);
#7514=ADVANCED_FACE('',(#1144),#700,.T.);
#7515=ADVANCED_FACE('',(#1145),#701,.T.);
#7516=ADVANCED_FACE('',(#1146),#702,.T.);
#7517=ADVANCED_FACE('',(#1147),#703,.T.);
#7518=ADVANCED_FACE('',(#1148),#704,.T.);
#7519=ADVANCED_FACE('',(#1149),#705,.F.);
#7520=ADVANCED_FACE('',(#1150),#706,.T.);
#7521=ADVANCED_FACE('',(#1151),#707,.T.);
#7522=ADVANCED_FACE('',(#1152),#708,.T.);
#7523=ADVANCED_FACE('',(#1153),#709,.T.);
#7524=ADVANCED_FACE('',(#1154),#710,.T.);
#7525=ADVANCED_FACE('',(#1155),#711,.T.);
#7526=ADVANCED_FACE('',(#1156),#712,.F.);
#7527=ADVANCED_FACE('',(#1157),#713,.T.);
#7528=ADVANCED_FACE('',(#1158),#714,.T.);
#7529=ADVANCED_FACE('',(#1159),#715,.T.);
#7530=ADVANCED_FACE('',(#1160),#716,.T.);
#7531=ADVANCED_FACE('',(#1161),#717,.T.);
#7532=ADVANCED_FACE('',(#1162),#718,.T.);
#7533=ADVANCED_FACE('',(#1163),#719,.F.);
#7534=ADVANCED_FACE('',(#1164),#720,.T.);
#7535=ADVANCED_FACE('',(#1165),#202,.T.);
#7536=ADVANCED_FACE('',(#1166),#203,.T.);
#7537=ADVANCED_FACE('',(#1167),#721,.T.);
#7538=ADVANCED_FACE('',(#1168),#722,.T.);
#7539=ADVANCED_FACE('',(#1169),#204,.T.);
#7540=ADVANCED_FACE('',(#1170),#723,.T.);
#7541=ADVANCED_FACE('',(#1171),#724,.T.);
#7542=ADVANCED_FACE('',(#1172),#205,.T.);
#7543=ADVANCED_FACE('',(#1173),#206,.T.);
#7544=ADVANCED_FACE('',(#1174),#725,.T.);
#7545=ADVANCED_FACE('',(#1175),#726,.T.);
#7546=ADVANCED_FACE('',(#1176),#207,.T.);
#7547=ADVANCED_FACE('',(#1177),#208,.T.);
#7548=ADVANCED_FACE('',(#1178),#727,.T.);
#7549=ADVANCED_FACE('',(#1179),#728,.T.);
#7550=ADVANCED_FACE('',(#1180),#729,.T.);
#7551=ADVANCED_FACE('',(#1181),#730,.T.);
#7552=ADVANCED_FACE('',(#1182),#731,.T.);
#7553=ADVANCED_FACE('',(#1183),#732,.T.);
#7554=ADVANCED_FACE('',(#1184),#733,.T.);
#7555=ADVANCED_FACE('',(#1185),#734,.T.);
#7556=ADVANCED_FACE('',(#1186),#735,.T.);
#7557=ADVANCED_FACE('',(#1187),#736,.T.);
#7558=ADVANCED_FACE('',(#1188),#737,.T.);
#7559=ADVANCED_FACE('',(#1189),#738,.F.);
#7560=ADVANCED_FACE('',(#1190),#739,.T.);
#7561=ADVANCED_FACE('',(#1191),#740,.T.);
#7562=ADVANCED_FACE('',(#1192),#741,.T.);
#7563=ADVANCED_FACE('',(#1193),#742,.T.);
#7564=ADVANCED_FACE('',(#1194),#743,.T.);
#7565=ADVANCED_FACE('',(#1195),#744,.T.);
#7566=ADVANCED_FACE('',(#1196),#209,.T.);
#7567=ADVANCED_FACE('',(#1197),#210,.T.);
#7568=ADVANCED_FACE('',(#1198),#211,.T.);
#7569=ADVANCED_FACE('',(#1199),#212,.T.);
#7570=ADVANCED_FACE('',(#1200),#213,.T.);
#7571=ADVANCED_FACE('',(#1201),#745,.T.);
#7572=ADVANCED_FACE('',(#1202),#746,.T.);
#7573=ADVANCED_FACE('',(#1203),#747,.T.);
#7574=ADVANCED_FACE('',(#1204),#748,.T.);
#7575=ADVANCED_FACE('',(#1205),#749,.T.);
#7576=ADVANCED_FACE('',(#1206),#214,.T.);
#7577=ADVANCED_FACE('',(#1207),#215,.T.);
#7578=ADVANCED_FACE('',(#1208),#216,.T.);
#7579=ADVANCED_FACE('',(#1209),#750,.T.);
#7580=ADVANCED_FACE('',(#1210),#751,.T.);
#7581=ADVANCED_FACE('',(#1211),#217,.T.);
#7582=ADVANCED_FACE('',(#1212),#218,.T.);
#7583=ADVANCED_FACE('',(#1213),#752,.T.);
#7584=ADVANCED_FACE('',(#1214),#753,.T.);
#7585=ADVANCED_FACE('',(#1215),#754,.F.);
#7586=ADVANCED_FACE('',(#1216),#755,.T.);
#7587=ADVANCED_FACE('',(#1217),#219,.T.);
#7588=ADVANCED_FACE('',(#1218),#220,.T.);
#7589=ADVANCED_FACE('',(#1219),#221,.T.);
#7590=ADVANCED_FACE('',(#1220),#222,.T.);
#7591=ADVANCED_FACE('',(#1221),#223,.T.);
#7592=ADVANCED_FACE('',(#1222),#224,.T.);
#7593=ADVANCED_FACE('',(#1223),#225,.T.);
#7594=ADVANCED_FACE('',(#1224),#226,.T.);
#7595=ADVANCED_FACE('',(#1225),#756,.T.);
#7596=ADVANCED_FACE('',(#1226),#757,.T.);
#7597=ADVANCED_FACE('',(#1227),#758,.T.);
#7598=ADVANCED_FACE('',(#1228),#759,.T.);
#7599=ADVANCED_FACE('',(#1229),#760,.T.);
#7600=ADVANCED_FACE('',(#1230),#761,.T.);
#7601=ADVANCED_FACE('',(#1231),#762,.T.);
#7602=ADVANCED_FACE('',(#1232),#763,.T.);
#7603=ADVANCED_FACE('',(#1233),#764,.T.);
#7604=ADVANCED_FACE('',(#1234),#227,.T.);
#7605=ADVANCED_FACE('',(#1235),#228,.T.);
#7606=ADVANCED_FACE('',(#1236),#229,.T.);
#7607=ADVANCED_FACE('',(#1237),#765,.F.);
#7608=ADVANCED_FACE('',(#1238),#766,.T.);
#7609=ADVANCED_FACE('',(#1239),#230,.T.);
#7610=ADVANCED_FACE('',(#1240),#767,.T.);
#7611=ADVANCED_FACE('',(#1241),#768,.T.);
#7612=ADVANCED_FACE('',(#1242),#231,.T.);
#7613=ADVANCED_FACE('',(#1243),#232,.T.);
#7614=ADVANCED_FACE('',(#1244),#769,.T.);
#7615=ADVANCED_FACE('',(#1245),#770,.T.);
#7616=ADVANCED_FACE('',(#1246),#233,.T.);
#7617=ADVANCED_FACE('',(#1247),#234,.T.);
#7618=ADVANCED_FACE('',(#1248),#235,.T.);
#7619=ADVANCED_FACE('',(#1249),#771,.T.);
#7620=ADVANCED_FACE('',(#1250),#772,.T.);
#7621=ADVANCED_FACE('',(#1251),#773,.T.);
#7622=ADVANCED_FACE('',(#1252),#774,.T.);
#7623=ADVANCED_FACE('',(#1253),#775,.T.);
#7624=ADVANCED_FACE('',(#1254),#776,.T.);
#7625=ADVANCED_FACE('',(#1255),#236,.T.);
#7626=ADVANCED_FACE('',(#1256),#777,.T.);
#7627=ADVANCED_FACE('',(#1257),#778,.T.);
#7628=ADVANCED_FACE('',(#1258),#779,.T.);
#7629=ADVANCED_FACE('',(#1259),#780,.T.);
#7630=ADVANCED_FACE('',(#1260),#781,.T.);
#7631=ADVANCED_FACE('',(#1261,#505),#782,.F.);
#7632=ADVANCED_FACE('',(#1262,#506),#783,.T.);
#7633=ADVANCED_FACE('',(#1263),#237,.T.);
#7634=ADVANCED_FACE('',(#1264),#238,.T.);
#7635=ADVANCED_FACE('',(#1265),#239,.T.);
#7636=ADVANCED_FACE('',(#1266),#240,.T.);
#7637=ADVANCED_FACE('',(#1267),#241,.T.);
#7638=ADVANCED_FACE('',(#1268),#784,.T.);
#7639=ADVANCED_FACE('',(#1269),#785,.T.);
#7640=ADVANCED_FACE('',(#1270),#786,.T.);
#7641=ADVANCED_FACE('',(#1271),#787,.T.);
#7642=ADVANCED_FACE('',(#1272),#788,.T.);
#7643=ADVANCED_FACE('',(#1273),#789,.T.);
#7644=ADVANCED_FACE('',(#1274),#242,.T.);
#7645=ADVANCED_FACE('',(#1275),#243,.T.);
#7646=ADVANCED_FACE('',(#1276),#790,.T.);
#7647=ADVANCED_FACE('',(#1277),#791,.T.);
#7648=ADVANCED_FACE('',(#1278),#244,.T.);
#7649=ADVANCED_FACE('',(#1279),#792,.T.);
#7650=ADVANCED_FACE('',(#1280),#793,.T.);
#7651=ADVANCED_FACE('',(#1281),#794,.T.);
#7652=ADVANCED_FACE('',(#1282),#795,.T.);
#7653=ADVANCED_FACE('',(#1283),#796,.T.);
#7654=ADVANCED_FACE('',(#1284,#507),#797,.F.);
#7655=ADVANCED_FACE('',(#1285,#508),#798,.T.);
#7656=CLOSED_SHELL('',(#7265,#7266,#7267,#7268,#7269,#7270,#7271,#7272,
#7273,#7274,#7275,#7276,#7277,#7278,#7279,#7280,#7281,#7282,#7283,#7284,
#7285,#7286,#7287,#7288,#7289,#7290,#7291,#7292,#7293,#7294,#7295,#7296,
#7297,#7298,#7299,#7300,#7301,#7302,#7303,#7304,#7305,#7306,#7307,#7308,
#7309,#7310,#7311,#7312,#7313,#7314,#7315,#7316,#7317,#7318,#7319,#7320,
#7321,#7322,#7323,#7324,#7325,#7326,#7327,#7328,#7329,#7330,#7331,#7332,
#7333,#7334,#7335,#7336,#7337,#7338,#7339,#7340,#7341,#7342,#7343,#7344,
#7345,#7346,#7347,#7348,#7349,#7350,#7351,#7352,#7353,#7354,#7355,#7356,
#7357,#7358,#7359,#7360,#7361,#7362,#7363,#7364,#7365,#7366,#7367));
#7657=CLOSED_SHELL('',(#7368,#7369,#7370,#7371,#7372,#7373,#7374,#7375,
#7376,#7377,#7378,#7379,#7380,#7381,#7382,#7383,#7384,#7385,#7386,#7387,
#7388,#7389,#7390,#7391,#7392,#7393,#7394,#7395,#7396,#7397,#7398,#7399,
#7400,#7401,#7402,#7403,#7404,#7405,#7406,#7407,#7408,#7409,#7410,#7411,
#7412,#7413,#7414,#7415,#7416,#7417,#7418,#7419,#7420,#7421,#7422,#7423,
#7424,#7425,#7426,#7427,#7428,#7429,#7430,#7431,#7432,#7433,#7434,#7435,
#7436,#7437,#7438,#7439,#7440,#7441,#7442,#7443,#7444,#7445,#7446,#7447,
#7448,#7449,#7450,#7451,#7452,#7453,#7454,#7455,#7456,#7457,#7458,#7459,
#7460,#7461,#7462,#7463,#7464,#7465,#7466,#7467,#7468,#7469,#7470,#7471,
#7472,#7473,#7474,#7475,#7476,#7477,#7478,#7479,#7480,#7481,#7482,#7483));
#7658=CLOSED_SHELL('',(#7484,#7485,#7486,#7487,#7488));
#7659=CLOSED_SHELL('',(#7489,#7490,#7491,#7492,#7493,#7494,#7495));
#7660=CLOSED_SHELL('',(#7496,#7497,#7498,#7499,#7500,#7501,#7502));
#7661=CLOSED_SHELL('',(#7503,#7504,#7505,#7506,#7507,#7508,#7509,#7510,
#7511,#7512,#7513,#7514,#7515,#7516,#7517,#7518,#7519,#7520));
#7662=CLOSED_SHELL('',(#7521,#7522,#7523,#7524,#7525,#7526,#7527));
#7663=CLOSED_SHELL('',(#7528,#7529,#7530,#7531,#7532,#7533,#7534));
#7664=CLOSED_SHELL('',(#7535,#7536,#7537,#7538,#7539,#7540,#7541,#7542,
#7543,#7544,#7545,#7546,#7547,#7548,#7549,#7550,#7551,#7552,#7553,#7554,
#7555,#7556,#7557,#7558,#7559,#7560));
#7665=CLOSED_SHELL('',(#7561,#7562,#7563,#7564,#7565,#7566,#7567,#7568,
#7569,#7570,#7571,#7572,#7573,#7574,#7575,#7576,#7577,#7578,#7579,#7580,
#7581,#7582,#7583,#7584,#7585,#7586));
#7666=CLOSED_SHELL('',(#7587,#7588,#7589,#7590,#7591,#7592,#7593,#7594,
#7595,#7596,#7597,#7598,#7599,#7600,#7601,#7602,#7603,#7604,#7605,#7606,
#7607,#7608));
#7667=CLOSED_SHELL('',(#7609,#7610,#7611,#7612,#7613,#7614,#7615,#7616,
#7617,#7618,#7619,#7620,#7621,#7622,#7623,#7624,#7625,#7626,#7627,#7628,
#7629,#7630,#7631,#7632));
#7668=CLOSED_SHELL('',(#7633,#7634,#7635,#7636,#7637,#7638,#7639,#7640,
#7641,#7642,#7643,#7644,#7645,#7646,#7647,#7648,#7649,#7650,#7651,#7652,
#7653,#7654,#7655));
#7669=DERIVED_UNIT_ELEMENT(#7677,1.);
#7670=DERIVED_UNIT_ELEMENT(#12985,3.);
#7671=DERIVED_UNIT_ELEMENT(#7677,1.);
#7672=DERIVED_UNIT_ELEMENT(#12985,3.);
#7673=DERIVED_UNIT_ELEMENT(#7677,1.);
#7674=DERIVED_UNIT_ELEMENT(#12985,3.);
#7675=DERIVED_UNIT_ELEMENT(#7677,1.);
#7676=DERIVED_UNIT_ELEMENT(#12985,3.);
#7677=(
MASS_UNIT()
NAMED_UNIT(*)
SI_UNIT($,.GRAM.)
);
#7678=DERIVED_UNIT((#7669,#7670));
#7679=DERIVED_UNIT((#7671,#7672));
#7680=DERIVED_UNIT((#7673,#7674));
#7681=DERIVED_UNIT((#7675,#7676));
#7682=MEASURE_REPRESENTATION_ITEM('density measure',
POSITIVE_RATIO_MEASURE(1.),#7678);
#7683=MEASURE_REPRESENTATION_ITEM('density measure',
POSITIVE_RATIO_MEASURE(1.),#7679);
#7684=MEASURE_REPRESENTATION_ITEM('density measure',
POSITIVE_RATIO_MEASURE(1.),#7680);
#7685=MEASURE_REPRESENTATION_ITEM('density measure',
POSITIVE_RATIO_MEASURE(1.),#7681);
#7686=PROPERTY_DEFINITION_REPRESENTATION(#7706,#7694);
#7687=PROPERTY_DEFINITION_REPRESENTATION(#7707,#7695);
#7688=PROPERTY_DEFINITION_REPRESENTATION(#7708,#7696);
#7689=PROPERTY_DEFINITION_REPRESENTATION(#7709,#7697);
#7690=PROPERTY_DEFINITION_REPRESENTATION(#7710,#7698);
#7691=PROPERTY_DEFINITION_REPRESENTATION(#7711,#7699);
#7692=PROPERTY_DEFINITION_REPRESENTATION(#7712,#7700);
#7693=PROPERTY_DEFINITION_REPRESENTATION(#7713,#7701);
#7694=REPRESENTATION('material name',(#7702),#12979);
#7695=REPRESENTATION('density',(#7682),#12979);
#7696=REPRESENTATION('material name',(#7703),#12980);
#7697=REPRESENTATION('density',(#7683),#12980);
#7698=REPRESENTATION('material name',(#7704),#12981);
#7699=REPRESENTATION('density',(#7684),#12981);
#7700=REPRESENTATION('material name',(#7705),#12982);
#7701=REPRESENTATION('density',(#7685),#12982);
#7702=DESCRIPTIVE_REPRESENTATION_ITEM('Generic','Generic');
#7703=DESCRIPTIVE_REPRESENTATION_ITEM('Generic','Generic');
#7704=DESCRIPTIVE_REPRESENTATION_ITEM('Generic','Generic');
#7705=DESCRIPTIVE_REPRESENTATION_ITEM('Generic','Generic');
#7706=PROPERTY_DEFINITION('material property','material name',#13014);
#7707=PROPERTY_DEFINITION('material property','density of part',#13014);
#7708=PROPERTY_DEFINITION('material property','material name',#13015);
#7709=PROPERTY_DEFINITION('material property','density of part',#13015);
#7710=PROPERTY_DEFINITION('material property','material name',#13016);
#7711=PROPERTY_DEFINITION('material property','density of part',#13016);
#7712=PROPERTY_DEFINITION('material property','material name',#13017);
#7713=PROPERTY_DEFINITION('material property','density of part',#13017);
#7714=PRESENTATION_STYLE_ASSIGNMENT((#7725));
#7715=PRESENTATION_STYLE_ASSIGNMENT((#7726));
#7716=PRESENTATION_STYLE_ASSIGNMENT((#7727));
#7717=PRESENTATION_STYLE_ASSIGNMENT((#7728));
#7718=PRESENTATION_STYLE_ASSIGNMENT((#7729));
#7719=PRESENTATION_STYLE_ASSIGNMENT((#7730));
#7720=PRESENTATION_STYLE_ASSIGNMENT((#7731));
#7721=PRESENTATION_STYLE_ASSIGNMENT((NULL_STYLE(.NULL.)));
#7722=PRESENTATION_STYLE_ASSIGNMENT((NULL_STYLE(.NULL.)));
#7723=PRESENTATION_STYLE_ASSIGNMENT((NULL_STYLE(.NULL.)));
#7724=PRESENTATION_STYLE_ASSIGNMENT((NULL_STYLE(.NULL.)));
#7725=SURFACE_STYLE_USAGE(.BOTH.,#7732);
#7726=SURFACE_STYLE_USAGE(.BOTH.,#7733);
#7727=SURFACE_STYLE_USAGE(.BOTH.,#7734);
#7728=SURFACE_STYLE_USAGE(.BOTH.,#7735);
#7729=SURFACE_STYLE_USAGE(.BOTH.,#7736);
#7730=SURFACE_STYLE_USAGE(.BOTH.,#7737);
#7731=SURFACE_STYLE_USAGE(.BOTH.,#7738);
#7732=SURFACE_SIDE_STYLE('',(#7739));
#7733=SURFACE_SIDE_STYLE('',(#7740));
#7734=SURFACE_SIDE_STYLE('',(#7741));
#7735=SURFACE_SIDE_STYLE('',(#7742));
#7736=SURFACE_SIDE_STYLE('',(#7743));
#7737=SURFACE_SIDE_STYLE('',(#7744));
#7738=SURFACE_SIDE_STYLE('',(#7745));
#7739=SURFACE_STYLE_FILL_AREA(#7746);
#7740=SURFACE_STYLE_FILL_AREA(#7747);
#7741=SURFACE_STYLE_FILL_AREA(#7748);
#7742=SURFACE_STYLE_FILL_AREA(#7749);
#7743=SURFACE_STYLE_FILL_AREA(#7750);
#7744=SURFACE_STYLE_FILL_AREA(#7751);
#7745=SURFACE_STYLE_FILL_AREA(#7752);
#7746=FILL_AREA_STYLE('',(#7753));
#7747=FILL_AREA_STYLE('',(#7754));
#7748=FILL_AREA_STYLE('',(#7755));
#7749=FILL_AREA_STYLE('',(#7756));
#7750=FILL_AREA_STYLE('',(#7757));
#7751=FILL_AREA_STYLE('',(#7758));
#7752=FILL_AREA_STYLE('',(#7759));
#7753=FILL_AREA_STYLE_COLOUR('',#7760);
#7754=FILL_AREA_STYLE_COLOUR('',#7761);
#7755=FILL_AREA_STYLE_COLOUR('',#7762);
#7756=FILL_AREA_STYLE_COLOUR('',#7763);
#7757=FILL_AREA_STYLE_COLOUR('',#7764);
#7758=FILL_AREA_STYLE_COLOUR('',#7765);
#7759=FILL_AREA_STYLE_COLOUR('',#7766);
#7760=COLOUR_RGB('',0.286274509803922,0.286274509803922,0.286274509803922);
#7761=COLOUR_RGB('',0.862745098039216,0.627450980392157,0.0588235294117647);
#7762=COLOUR_RGB('',0.286274509803922,0.286274509803922,0.286274509803922);
#7763=COLOUR_RGB('',0.96078431372549,0.96078431372549,0.96078431372549);
#7764=COLOUR_RGB('',0.286274509803922,0.286274509803922,0.286274509803922);
#7765=COLOUR_RGB('',0.96078431372549,0.96078431372549,0.96078431372549);
#7766=COLOUR_RGB('',0.96078431372549,0.96078431372549,0.96078431372549);
#7767=DIMENSIONAL_EXPONENTS(1.,0.,0.,0.,0.,0.,0.);
#7768=(
CONVERSION_BASED_UNIT('inch',#7769)
LENGTH_UNIT()
NAMED_UNIT(#7767)
);
#7769=LENGTH_MEASURE_WITH_UNIT(LENGTH_MEASURE(25.4),#12984);
#7770=DATE_TIME_ROLE('creation_date');
#7771=DATE_TIME_ROLE('creation_date');
#7772=DATE_TIME_ROLE('creation_date');
#7773=DATE_TIME_ROLE('creation_date');
#7774=DATE_TIME_ROLE('creation_date');
#7775=DATE_TIME_ROLE('creation_date');
#7776=APPLIED_DATE_AND_TIME_ASSIGNMENT(#7782,#7770,(#13012));
#7777=APPLIED_DATE_AND_TIME_ASSIGNMENT(#7783,#7771,(#13013));
#7778=APPLIED_DATE_AND_TIME_ASSIGNMENT(#7784,#7772,(#13014));
#7779=APPLIED_DATE_AND_TIME_ASSIGNMENT(#7785,#7773,(#13015));
#7780=APPLIED_DATE_AND_TIME_ASSIGNMENT(#7786,#7774,(#13016));
#7781=APPLIED_DATE_AND_TIME_ASSIGNMENT(#7787,#7775,(#13017));
#7782=DATE_AND_TIME(#7788,#7794);
#7783=DATE_AND_TIME(#7789,#7795);
#7784=DATE_AND_TIME(#7790,#7796);
#7785=DATE_AND_TIME(#7791,#7797);
#7786=DATE_AND_TIME(#7792,#7798);
#7787=DATE_AND_TIME(#7793,#7799);
#7788=CALENDAR_DATE(2024,7,1);
#7789=CALENDAR_DATE(2024,7,1);
#7790=CALENDAR_DATE(2024,7,1);
#7791=CALENDAR_DATE(2024,7,1);
#7792=CALENDAR_DATE(2021,20,4);
#7793=CALENDAR_DATE(2019,7,7);
#7794=LOCAL_TIME(21,19,11.,#7800);
#7795=LOCAL_TIME(20,15,59.,#7801);
#7796=LOCAL_TIME(20,15,53.,#7802);
#7797=LOCAL_TIME(20,15,55.,#7803);
#7798=LOCAL_TIME(0,32,10.,#7804);
#7799=LOCAL_TIME(16,13,21.,#7805);
#7800=COORDINATED_UNIVERSAL_TIME_OFFSET(0,0,.BEHIND.);
#7801=COORDINATED_UNIVERSAL_TIME_OFFSET(0,0,.BEHIND.);
#7802=COORDINATED_UNIVERSAL_TIME_OFFSET(0,0,.BEHIND.);
#7803=COORDINATED_UNIVERSAL_TIME_OFFSET(0,0,.BEHIND.);
#7804=COORDINATED_UNIVERSAL_TIME_OFFSET(0,0,.BEHIND.);
#7805=COORDINATED_UNIVERSAL_TIME_OFFSET(0,0,.BEHIND.);
#7806=AXIS2_PLACEMENT_3D('placement',#10263,#8350,#8351);
#7807=AXIS2_PLACEMENT_3D('placement',#10264,#8352,#8353);
#7808=AXIS2_PLACEMENT_3D('placement',#10265,#8354,#8355);
#7809=AXIS2_PLACEMENT_3D('',#10266,#8356,#8357);
#7810=AXIS2_PLACEMENT_3D('',#10271,#8359,#8360);
#7811=AXIS2_PLACEMENT_3D('',#10274,#8362,#8363);
#7812=AXIS2_PLACEMENT_3D('',#10275,#8364,#8365);
#7813=AXIS2_PLACEMENT_3D('',#10279,#8367,#8368);
#7814=AXIS2_PLACEMENT_3D('',#10281,#8370,#8371);
#7815=AXIS2_PLACEMENT_3D('',#10285,#8373,#8374);
#7816=AXIS2_PLACEMENT_3D('',#10287,#8376,#8377);
#7817=AXIS2_PLACEMENT_3D('',#10291,#8379,#8380);
#7818=AXIS2_PLACEMENT_3D('',#10293,#8382,#8383);
#7819=AXIS2_PLACEMENT_3D('',#10297,#8385,#8386);
#7820=AXIS2_PLACEMENT_3D('',#10299,#8388,#8389);
#7821=AXIS2_PLACEMENT_3D('',#10302,#8390,#8391);
#7822=AXIS2_PLACEMENT_3D('',#10304,#8392,#8393);
#7823=AXIS2_PLACEMENT_3D('',#10305,#8394,#8395);
#7824=AXIS2_PLACEMENT_3D('',#10306,#8396,#8397);
#7825=AXIS2_PLACEMENT_3D('',#10309,#8398,#8399);
#7826=AXIS2_PLACEMENT_3D('',#10311,#8400,#8401);
#7827=AXIS2_PLACEMENT_3D('',#10312,#8402,#8403);
#7828=AXIS2_PLACEMENT_3D('',#10313,#8404,#8405);
#7829=AXIS2_PLACEMENT_3D('',#10318,#8408,#8409);
#7830=AXIS2_PLACEMENT_3D('',#10319,#8410,#8411);
#7831=AXIS2_PLACEMENT_3D('',#10322,#8414,#8415);
#7832=AXIS2_PLACEMENT_3D('',#10325,#8416,#8417);
#7833=AXIS2_PLACEMENT_3D('',#10327,#8418,#8419);
#7834=AXIS2_PLACEMENT_3D('',#10328,#8420,#8421);
#7835=AXIS2_PLACEMENT_3D('',#10329,#8422,#8423);
#7836=AXIS2_PLACEMENT_3D('',#10332,#8424,#8425);
#7837=AXIS2_PLACEMENT_3D('',#10334,#8426,#8427);
#7838=AXIS2_PLACEMENT_3D('',#10335,#8428,#8429);
#7839=AXIS2_PLACEMENT_3D('',#10336,#8430,#8431);
#7840=AXIS2_PLACEMENT_3D('',#10339,#8434,#8435);
#7841=AXIS2_PLACEMENT_3D('',#10342,#8436,#8437);
#7842=AXIS2_PLACEMENT_3D('',#10344,#8438,#8439);
#7843=AXIS2_PLACEMENT_3D('',#10345,#8440,#8441);
#7844=AXIS2_PLACEMENT_3D('',#10346,#8442,#8443);
#7845=AXIS2_PLACEMENT_3D('',#10349,#8444,#8445);
#7846=AXIS2_PLACEMENT_3D('',#10351,#8446,#8447);
#7847=AXIS2_PLACEMENT_3D('',#10352,#8448,#8449);
#7848=AXIS2_PLACEMENT_3D('',#10353,#8450,#8451);
#7849=AXIS2_PLACEMENT_3D('',#10358,#8454,#8455);
#7850=AXIS2_PLACEMENT_3D('',#10359,#8456,#8457);
#7851=AXIS2_PLACEMENT_3D('',#10362,#8460,#8461);
#7852=AXIS2_PLACEMENT_3D('',#10367,#8464,#8465);
#7853=AXIS2_PLACEMENT_3D('',#10368,#8466,#8467);
#7854=AXIS2_PLACEMENT_3D('',#10372,#8469,#8470);
#7855=AXIS2_PLACEMENT_3D('',#10374,#8472,#8473);
#7856=AXIS2_PLACEMENT_3D('',#10378,#8475,#8476);
#7857=AXIS2_PLACEMENT_3D('',#10380,#8478,#8479);
#7858=AXIS2_PLACEMENT_3D('',#10384,#8481,#8482);
#7859=AXIS2_PLACEMENT_3D('',#10386,#8484,#8485);
#7860=AXIS2_PLACEMENT_3D('',#10391,#8488,#8489);
#7861=AXIS2_PLACEMENT_3D('',#10392,#8490,#8491);
#7862=AXIS2_PLACEMENT_3D('',#10397,#8494,#8495);
#7863=AXIS2_PLACEMENT_3D('',#10398,#8496,#8497);
#7864=AXIS2_PLACEMENT_3D('',#10403,#8500,#8501);
#7865=AXIS2_PLACEMENT_3D('',#10404,#8502,#8503);
#7866=AXIS2_PLACEMENT_3D('',#10409,#8506,#8507);
#7867=AXIS2_PLACEMENT_3D('',#10410,#8508,#8509);
#7868=AXIS2_PLACEMENT_3D('',#10415,#8512,#8513);
#7869=AXIS2_PLACEMENT_3D('',#10416,#8514,#8515);
#7870=AXIS2_PLACEMENT_3D('',#10419,#8518,#8519);
#7871=AXIS2_PLACEMENT_3D('',#10422,#8522,#8523);
#7872=AXIS2_PLACEMENT_3D('',#10425,#8526,#8527);
#7873=AXIS2_PLACEMENT_3D('',#10430,#8530,#8531);
#7874=AXIS2_PLACEMENT_3D('',#10431,#8532,#8533);
#7875=AXIS2_PLACEMENT_3D('',#10434,#8536,#8537);
#7876=AXIS2_PLACEMENT_3D('',#10437,#8540,#8541);
#7877=AXIS2_PLACEMENT_3D('',#10442,#8544,#8545);
#7878=AXIS2_PLACEMENT_3D('',#10443,#8546,#8547);
#7879=AXIS2_PLACEMENT_3D('',#10446,#8550,#8551);
#7880=AXIS2_PLACEMENT_3D('',#10451,#8554,#8555);
#7881=AXIS2_PLACEMENT_3D('',#10452,#8556,#8557);
#7882=AXIS2_PLACEMENT_3D('',#10457,#8560,#8561);
#7883=AXIS2_PLACEMENT_3D('',#10458,#8562,#8563);
#7884=AXIS2_PLACEMENT_3D('',#10463,#8566,#8567);
#7885=AXIS2_PLACEMENT_3D('',#10464,#8568,#8569);
#7886=AXIS2_PLACEMENT_3D('',#10467,#8572,#8573);
#7887=AXIS2_PLACEMENT_3D('',#10473,#8577,#8578);
#7888=AXIS2_PLACEMENT_3D('',#10493,#8589,#8590);
#7889=AXIS2_PLACEMENT_3D('',#10497,#8593,#8594);
#7890=AXIS2_PLACEMENT_3D('',#10501,#8597,#8598);
#7891=AXIS2_PLACEMENT_3D('',#10505,#8601,#8602);
#7892=AXIS2_PLACEMENT_3D('',#10525,#8613,#8614);
#7893=AXIS2_PLACEMENT_3D('',#10529,#8617,#8618);
#7894=AXIS2_PLACEMENT_3D('',#10531,#8620,#8621);
#7895=AXIS2_PLACEMENT_3D('',#10557,#8635,#8636);
#7896=AXIS2_PLACEMENT_3D('',#10558,#8637,#8638);
#7897=AXIS2_PLACEMENT_3D('',#10559,#8639,#8640);
#7898=AXIS2_PLACEMENT_3D('',#10560,#8641,#8642);
#7899=AXIS2_PLACEMENT_3D('',#10641,#8683,#8684);
#7900=AXIS2_PLACEMENT_3D('',#10644,#8687,#8688);
#7901=AXIS2_PLACEMENT_3D('',#10647,#8691,#8692);
#7902=AXIS2_PLACEMENT_3D('',#10650,#8695,#8696);
#7903=AXIS2_PLACEMENT_3D('',#10668,#8706,#8707);
#7904=AXIS2_PLACEMENT_3D('',#10686,#8717,#8718);
#7905=AXIS2_PLACEMENT_3D('',#10704,#8728,#8729);
#7906=AXIS2_PLACEMENT_3D('',#10706,#8731,#8732);
#7907=AXIS2_PLACEMENT_3D('',#10708,#8734,#8735);
#7908=AXIS2_PLACEMENT_3D('',#10710,#8737,#8738);
#7909=AXIS2_PLACEMENT_3D('',#10713,#8741,#8742);
#7910=AXIS2_PLACEMENT_3D('',#10715,#8744,#8745);
#7911=AXIS2_PLACEMENT_3D('',#10718,#8748,#8749);
#7912=AXIS2_PLACEMENT_3D('',#10720,#8751,#8752);
#7913=AXIS2_PLACEMENT_3D('',#10723,#8755,#8756);
#7914=AXIS2_PLACEMENT_3D('',#10725,#8758,#8759);
#7915=AXIS2_PLACEMENT_3D('',#10728,#8762,#8763);
#7916=AXIS2_PLACEMENT_3D('',#10730,#8765,#8766);
#7917=AXIS2_PLACEMENT_3D('',#10733,#8769,#8770);
#7918=AXIS2_PLACEMENT_3D('',#10735,#8772,#8773);
#7919=AXIS2_PLACEMENT_3D('',#10738,#8776,#8777);
#7920=AXIS2_PLACEMENT_3D('',#10740,#8779,#8780);
#7921=AXIS2_PLACEMENT_3D('',#10743,#8783,#8784);
#7922=AXIS2_PLACEMENT_3D('',#10745,#8786,#8787);
#7923=AXIS2_PLACEMENT_3D('',#10748,#8790,#8791);
#7924=AXIS2_PLACEMENT_3D('',#10750,#8793,#8794);
#7925=AXIS2_PLACEMENT_3D('',#10751,#8795,#8796);
#7926=AXIS2_PLACEMENT_3D('',#10752,#8797,#8798);
#7927=AXIS2_PLACEMENT_3D('',#10753,#8799,#8800);
#7928=AXIS2_PLACEMENT_3D('',#10756,#8803,#8804);
#7929=AXIS2_PLACEMENT_3D('',#10758,#8806,#8807);
#7930=AXIS2_PLACEMENT_3D('',#10761,#8810,#8811);
#7931=AXIS2_PLACEMENT_3D('',#10763,#8813,#8814);
#7932=AXIS2_PLACEMENT_3D('',#10765,#8816,#8817);
#7933=AXIS2_PLACEMENT_3D('',#10766,#8818,#8819);
#7934=AXIS2_PLACEMENT_3D('',#10768,#8821,#8822);
#7935=AXIS2_PLACEMENT_3D('',#10769,#8823,#8824);
#7936=AXIS2_PLACEMENT_3D('',#10771,#8826,#8827);
#7937=AXIS2_PLACEMENT_3D('',#10772,#8828,#8829);
#7938=AXIS2_PLACEMENT_3D('',#10774,#8831,#8832);
#7939=AXIS2_PLACEMENT_3D('',#10775,#8833,#8834);
#7940=AXIS2_PLACEMENT_3D('',#10777,#8836,#8837);
#7941=AXIS2_PLACEMENT_3D('',#10778,#8838,#8839);
#7942=AXIS2_PLACEMENT_3D('',#10780,#8841,#8842);
#7943=AXIS2_PLACEMENT_3D('',#10781,#8843,#8844);
#7944=AXIS2_PLACEMENT_3D('',#10783,#8846,#8847);
#7945=AXIS2_PLACEMENT_3D('',#10784,#8848,#8849);
#7946=AXIS2_PLACEMENT_3D('',#10786,#8851,#8852);
#7947=AXIS2_PLACEMENT_3D('',#10787,#8853,#8854);
#7948=AXIS2_PLACEMENT_3D('',#10789,#8856,#8857);
#7949=AXIS2_PLACEMENT_3D('',#10790,#8858,#8859);
#7950=AXIS2_PLACEMENT_3D('',#10792,#8861,#8862);
#7951=AXIS2_PLACEMENT_3D('',#10793,#8863,#8864);
#7952=AXIS2_PLACEMENT_3D('placement',#10794,#8865,#8866);
#7953=AXIS2_PLACEMENT_3D('',#10795,#8867,#8868);
#7954=AXIS2_PLACEMENT_3D('',#10804,#8873,#8874);
#7955=AXIS2_PLACEMENT_3D('',#10813,#8879,#8880);
#7956=AXIS2_PLACEMENT_3D('',#10822,#8885,#8886);
#7957=AXIS2_PLACEMENT_3D('',#10831,#8891,#8892);
#7958=AXIS2_PLACEMENT_3D('',#10840,#8897,#8898);
#7959=AXIS2_PLACEMENT_3D('',#10849,#8903,#8904);
#7960=AXIS2_PLACEMENT_3D('',#10858,#8909,#8910);
#7961=AXIS2_PLACEMENT_3D('',#10867,#8915,#8916);
#7962=AXIS2_PLACEMENT_3D('',#10876,#8921,#8922);
#7963=AXIS2_PLACEMENT_3D('',#10885,#8927,#8928);
#7964=AXIS2_PLACEMENT_3D('',#10894,#8933,#8934);
#7965=AXIS2_PLACEMENT_3D('',#10903,#8939,#8940);
#7966=AXIS2_PLACEMENT_3D('',#10912,#8945,#8946);
#7967=AXIS2_PLACEMENT_3D('',#10921,#8951,#8952);
#7968=AXIS2_PLACEMENT_3D('',#10930,#8957,#8958);
#7969=AXIS2_PLACEMENT_3D('',#10939,#8963,#8964);
#7970=AXIS2_PLACEMENT_3D('',#10948,#8969,#8970);
#7971=AXIS2_PLACEMENT_3D('',#10957,#8975,#8976);
#7972=AXIS2_PLACEMENT_3D('',#10966,#8981,#8982);
#7973=AXIS2_PLACEMENT_3D('',#10975,#8987,#8988);
#7974=AXIS2_PLACEMENT_3D('',#10979,#8990,#8991);
#7975=AXIS2_PLACEMENT_3D('',#10987,#8995,#8996);
#7976=AXIS2_PLACEMENT_3D('',#10989,#8998,#8999);
#7977=AXIS2_PLACEMENT_3D('',#10992,#9002,#9003);
#7978=AXIS2_PLACEMENT_3D('',#10998,#9007,#9008);
#7979=AXIS2_PLACEMENT_3D('',#11003,#9012,#9013);
#7980=AXIS2_PLACEMENT_3D('',#11007,#9015,#9016);
#7981=AXIS2_PLACEMENT_3D('',#11015,#9020,#9021);
#7982=AXIS2_PLACEMENT_3D('',#11017,#9023,#9024);
#7983=AXIS2_PLACEMENT_3D('',#11021,#9026,#9027);
#7984=AXIS2_PLACEMENT_3D('',#11029,#9031,#9032);
#7985=AXIS2_PLACEMENT_3D('',#11031,#9034,#9035);
#7986=AXIS2_PLACEMENT_3D('',#11036,#9039,#9040);
#7987=AXIS2_PLACEMENT_3D('',#11040,#9042,#9043);
#7988=AXIS2_PLACEMENT_3D('',#11047,#9047,#9048);
#7989=AXIS2_PLACEMENT_3D('',#11048,#9049,#9050);
#7990=AXIS2_PLACEMENT_3D('',#11053,#9054,#9055);
#7991=AXIS2_PLACEMENT_3D('',#11057,#9057,#9058);
#7992=AXIS2_PLACEMENT_3D('',#11064,#9062,#9063);
#7993=AXIS2_PLACEMENT_3D('',#11065,#9064,#9065);
#7994=AXIS2_PLACEMENT_3D('',#11069,#9067,#9068);
#7995=AXIS2_PLACEMENT_3D('',#11077,#9072,#9073);
#7996=AXIS2_PLACEMENT_3D('',#11079,#9075,#9076);
#7997=AXIS2_PLACEMENT_3D('',#11083,#9078,#9079);
#7998=AXIS2_PLACEMENT_3D('',#11091,#9083,#9084);
#7999=AXIS2_PLACEMENT_3D('',#11093,#9086,#9087);
#8000=AXIS2_PLACEMENT_3D('',#11098,#9091,#9092);
#8001=AXIS2_PLACEMENT_3D('',#11102,#9094,#9095);
#8002=AXIS2_PLACEMENT_3D('',#11109,#9099,#9100);
#8003=AXIS2_PLACEMENT_3D('',#11110,#9101,#9102);
#8004=AXIS2_PLACEMENT_3D('',#11115,#9106,#9107);
#8005=AXIS2_PLACEMENT_3D('',#11119,#9109,#9110);
#8006=AXIS2_PLACEMENT_3D('',#11126,#9114,#9115);
#8007=AXIS2_PLACEMENT_3D('',#11127,#9116,#9117);
#8008=AXIS2_PLACEMENT_3D('',#11131,#9119,#9120);
#8009=AXIS2_PLACEMENT_3D('',#11139,#9124,#9125);
#8010=AXIS2_PLACEMENT_3D('',#11141,#9127,#9128);
#8011=AXIS2_PLACEMENT_3D('',#11145,#9130,#9131);
#8012=AXIS2_PLACEMENT_3D('',#11153,#9135,#9136);
#8013=AXIS2_PLACEMENT_3D('',#11155,#9138,#9139);
#8014=AXIS2_PLACEMENT_3D('',#11160,#9143,#9144);
#8015=AXIS2_PLACEMENT_3D('',#11164,#9146,#9147);
#8016=AXIS2_PLACEMENT_3D('',#11171,#9151,#9152);
#8017=AXIS2_PLACEMENT_3D('',#11172,#9153,#9154);
#8018=AXIS2_PLACEMENT_3D('',#11177,#9158,#9159);
#8019=AXIS2_PLACEMENT_3D('',#11181,#9161,#9162);
#8020=AXIS2_PLACEMENT_3D('',#11188,#9166,#9167);
#8021=AXIS2_PLACEMENT_3D('',#11189,#9168,#9169);
#8022=AXIS2_PLACEMENT_3D('',#11193,#9171,#9172);
#8023=AXIS2_PLACEMENT_3D('',#11201,#9176,#9177);
#8024=AXIS2_PLACEMENT_3D('',#11203,#9179,#9180);
#8025=AXIS2_PLACEMENT_3D('',#11207,#9182,#9183);
#8026=AXIS2_PLACEMENT_3D('',#11215,#9187,#9188);
#8027=AXIS2_PLACEMENT_3D('',#11217,#9190,#9191);
#8028=AXIS2_PLACEMENT_3D('',#11222,#9195,#9196);
#8029=AXIS2_PLACEMENT_3D('',#11226,#9198,#9199);
#8030=AXIS2_PLACEMENT_3D('',#11233,#9203,#9204);
#8031=AXIS2_PLACEMENT_3D('',#11234,#9205,#9206);
#8032=AXIS2_PLACEMENT_3D('',#11239,#9210,#9211);
#8033=AXIS2_PLACEMENT_3D('',#11243,#9213,#9214);
#8034=AXIS2_PLACEMENT_3D('',#11250,#9218,#9219);
#8035=AXIS2_PLACEMENT_3D('',#11251,#9220,#9221);
#8036=AXIS2_PLACEMENT_3D('',#11255,#9223,#9224);
#8037=AXIS2_PLACEMENT_3D('',#11262,#9228,#9229);
#8038=AXIS2_PLACEMENT_3D('',#11263,#9230,#9231);
#8039=AXIS2_PLACEMENT_3D('',#11265,#9232,#9233);
#8040=AXIS2_PLACEMENT_3D('',#11273,#9237,#9238);
#8041=AXIS2_PLACEMENT_3D('',#11275,#9240,#9241);
#8042=AXIS2_PLACEMENT_3D('',#11277,#9242,#9243);
#8043=AXIS2_PLACEMENT_3D('',#11285,#9247,#9248);
#8044=AXIS2_PLACEMENT_3D('',#11287,#9250,#9251);
#8045=AXIS2_PLACEMENT_3D('',#11296,#9256,#9257);
#8046=AXIS2_PLACEMENT_3D('',#11298,#9259,#9260);
#8047=AXIS2_PLACEMENT_3D('',#11300,#9262,#9263);
#8048=AXIS2_PLACEMENT_3D('',#11302,#9265,#9266);
#8049=AXIS2_PLACEMENT_3D('',#11304,#9268,#9269);
#8050=AXIS2_PLACEMENT_3D('',#11306,#9271,#9272);
#8051=AXIS2_PLACEMENT_3D('',#11308,#9274,#9275);
#8052=AXIS2_PLACEMENT_3D('',#11310,#9277,#9278);
#8053=AXIS2_PLACEMENT_3D('',#11312,#9280,#9281);
#8054=AXIS2_PLACEMENT_3D('',#11314,#9283,#9284);
#8055=AXIS2_PLACEMENT_3D('',#11316,#9286,#9287);
#8056=AXIS2_PLACEMENT_3D('',#11318,#9289,#9290);
#8057=AXIS2_PLACEMENT_3D('',#11320,#9292,#9293);
#8058=AXIS2_PLACEMENT_3D('',#11322,#9295,#9296);
#8059=AXIS2_PLACEMENT_3D('',#11324,#9298,#9299);
#8060=AXIS2_PLACEMENT_3D('',#11326,#9301,#9302);
#8061=AXIS2_PLACEMENT_3D('',#11328,#9304,#9305);
#8062=AXIS2_PLACEMENT_3D('',#11330,#9307,#9308);
#8063=AXIS2_PLACEMENT_3D('',#11332,#9310,#9311);
#8064=AXIS2_PLACEMENT_3D('',#11334,#9313,#9314);
#8065=AXIS2_PLACEMENT_3D('',#11336,#9316,#9317);
#8066=AXIS2_PLACEMENT_3D('',#11338,#9319,#9320);
#8067=AXIS2_PLACEMENT_3D('',#11340,#9322,#9323);
#8068=AXIS2_PLACEMENT_3D('',#11342,#9325,#9326);
#8069=AXIS2_PLACEMENT_3D('',#11344,#9328,#9329);
#8070=AXIS2_PLACEMENT_3D('',#11346,#9331,#9332);
#8071=AXIS2_PLACEMENT_3D('',#11348,#9334,#9335);
#8072=AXIS2_PLACEMENT_3D('',#11350,#9337,#9338);
#8073=AXIS2_PLACEMENT_3D('',#11352,#9340,#9341);
#8074=AXIS2_PLACEMENT_3D('',#11354,#9343,#9344);
#8075=AXIS2_PLACEMENT_3D('',#11356,#9346,#9347);
#8076=AXIS2_PLACEMENT_3D('',#11358,#9349,#9350);
#8077=AXIS2_PLACEMENT_3D('',#11360,#9352,#9353);
#8078=AXIS2_PLACEMENT_3D('',#11362,#9355,#9356);
#8079=AXIS2_PLACEMENT_3D('',#11364,#9358,#9359);
#8080=AXIS2_PLACEMENT_3D('',#11366,#9361,#9362);
#8081=AXIS2_PLACEMENT_3D('',#11368,#9364,#9365);
#8082=AXIS2_PLACEMENT_3D('',#11370,#9367,#9368);
#8083=AXIS2_PLACEMENT_3D('',#11372,#9370,#9371);
#8084=AXIS2_PLACEMENT_3D('',#11374,#9373,#9374);
#8085=AXIS2_PLACEMENT_3D('',#11376,#9376,#9377);
#8086=AXIS2_PLACEMENT_3D('',#11378,#9379,#9380);
#8087=AXIS2_PLACEMENT_3D('',#11380,#9382,#9383);
#8088=AXIS2_PLACEMENT_3D('',#11382,#9385,#9386);
#8089=AXIS2_PLACEMENT_3D('',#11384,#9388,#9389);
#8090=AXIS2_PLACEMENT_3D('',#11386,#9391,#9392);
#8091=AXIS2_PLACEMENT_3D('',#11388,#9394,#9395);
#8092=AXIS2_PLACEMENT_3D('',#11391,#9398,#9399);
#8093=AXIS2_PLACEMENT_3D('',#11393,#9401,#9402);
#8094=AXIS2_PLACEMENT_3D('',#11395,#9404,#9405);
#8095=AXIS2_PLACEMENT_3D('',#11397,#9407,#9408);
#8096=AXIS2_PLACEMENT_3D('',#11399,#9410,#9411);
#8097=AXIS2_PLACEMENT_3D('',#11401,#9413,#9414);
#8098=AXIS2_PLACEMENT_3D('',#11404,#9417,#9418);
#8099=AXIS2_PLACEMENT_3D('',#11407,#9421,#9422);
#8100=AXIS2_PLACEMENT_3D('',#11408,#9423,#9424);
#8101=AXIS2_PLACEMENT_3D('',#11409,#9425,#9426);
#8102=AXIS2_PLACEMENT_3D('',#11415,#9430,#9431);
#8103=AXIS2_PLACEMENT_3D('',#11421,#9435,#9436);
#8104=AXIS2_PLACEMENT_3D('',#11425,#9440,#9441);
#8105=AXIS2_PLACEMENT_3D('',#11427,#9443,#9444);
#8106=AXIS2_PLACEMENT_3D('',#11428,#9445,#9446);
#8107=AXIS2_PLACEMENT_3D('',#11429,#9447,#9448);
#8108=AXIS2_PLACEMENT_3D('',#11430,#9449,#9450);
#8109=AXIS2_PLACEMENT_3D('',#11431,#9451,#9452);
#8110=AXIS2_PLACEMENT_3D('',#11432,#9453,#9454);
#8111=AXIS2_PLACEMENT_3D('placement',#11433,#9455,#9456);
#8112=AXIS2_PLACEMENT_3D('',#11434,#9457,#9458);
#8113=AXIS2_PLACEMENT_3D('',#11443,#9463,#9464);
#8114=AXIS2_PLACEMENT_3D('',#11449,#9468,#9469);
#8115=AXIS2_PLACEMENT_3D('',#11452,#9472,#9473);
#8116=AXIS2_PLACEMENT_3D('',#11453,#9474,#9475);
#8117=AXIS2_PLACEMENT_3D('placement',#11454,#9476,#9477);
#8118=AXIS2_PLACEMENT_3D('',#11455,#9478,#9479);
#8119=AXIS2_PLACEMENT_3D('',#11464,#9484,#9485);
#8120=AXIS2_PLACEMENT_3D('',#11470,#9489,#9490);
#8121=AXIS2_PLACEMENT_3D('',#11476,#9494,#9495);
#8122=AXIS2_PLACEMENT_3D('',#11482,#9499,#9500);
#8123=AXIS2_PLACEMENT_3D('',#11485,#9503,#9504);
#8124=AXIS2_PLACEMENT_3D('',#11486,#9505,#9506);
#8125=AXIS2_PLACEMENT_3D('',#11487,#9507,#9508);
#8126=AXIS2_PLACEMENT_3D('',#11496,#9513,#9514);
#8127=AXIS2_PLACEMENT_3D('',#11502,#9518,#9519);
#8128=AXIS2_PLACEMENT_3D('',#11508,#9523,#9524);
#8129=AXIS2_PLACEMENT_3D('',#11514,#9528,#9529);
#8130=AXIS2_PLACEMENT_3D('',#11517,#9532,#9533);
#8131=AXIS2_PLACEMENT_3D('',#11518,#9534,#9535);
#8132=AXIS2_PLACEMENT_3D('',#11541,#9538,#9539);
#8133=AXIS2_PLACEMENT_3D('',#11547,#9543,#9544);
#8134=AXIS2_PLACEMENT_3D('',#11553,#9548,#9549);
#8135=AXIS2_PLACEMENT_3D('',#11559,#9553,#9554);
#8136=AXIS2_PLACEMENT_3D('',#11565,#9558,#9559);
#8137=AXIS2_PLACEMENT_3D('',#11571,#9563,#9564);
#8138=AXIS2_PLACEMENT_3D('',#11577,#9568,#9569);
#8139=AXIS2_PLACEMENT_3D('',#11583,#9573,#9574);
#8140=AXIS2_PLACEMENT_3D('',#11589,#9578,#9579);
#8141=AXIS2_PLACEMENT_3D('',#11595,#9583,#9584);
#8142=AXIS2_PLACEMENT_3D('',#11601,#9588,#9589);
#8143=AXIS2_PLACEMENT_3D('',#11607,#9593,#9594);
#8144=AXIS2_PLACEMENT_3D('',#11613,#9598,#9599);
#8145=AXIS2_PLACEMENT_3D('',#11619,#9603,#9604);
#8146=AXIS2_PLACEMENT_3D('',#11625,#9608,#9609);
#8147=AXIS2_PLACEMENT_3D('',#11628,#9612,#9613);
#8148=AXIS2_PLACEMENT_3D('',#11629,#9614,#9615);
#8149=AXIS2_PLACEMENT_3D('',#11630,#9616,#9617);
#8150=AXIS2_PLACEMENT_3D('',#11639,#9622,#9623);
#8151=AXIS2_PLACEMENT_3D('',#11645,#9627,#9628);
#8152=AXIS2_PLACEMENT_3D('',#11651,#9632,#9633);
#8153=AXIS2_PLACEMENT_3D('',#11657,#9637,#9638);
#8154=AXIS2_PLACEMENT_3D('',#11660,#9641,#9642);
#8155=AXIS2_PLACEMENT_3D('',#11661,#9643,#9644);
#8156=AXIS2_PLACEMENT_3D('',#11662,#9645,#9646);
#8157=AXIS2_PLACEMENT_3D('',#11671,#9651,#9652);
#8158=AXIS2_PLACEMENT_3D('',#11677,#9656,#9657);
#8159=AXIS2_PLACEMENT_3D('',#11683,#9661,#9662);
#8160=AXIS2_PLACEMENT_3D('',#11689,#9666,#9667);
#8161=AXIS2_PLACEMENT_3D('',#11692,#9670,#9671);
#8162=AXIS2_PLACEMENT_3D('',#11693,#9672,#9673);
#8163=AXIS2_PLACEMENT_3D('',#11706,#9675,#9676);
#8164=AXIS2_PLACEMENT_3D('',#11709,#9678,#9679);
#8165=AXIS2_PLACEMENT_3D('',#11719,#9680,#9681);
#8166=AXIS2_PLACEMENT_3D('',#11722,#9683,#9684);
#8167=AXIS2_PLACEMENT_3D('',#11723,#9685,#9686);
#8168=AXIS2_PLACEMENT_3D('',#11729,#9690,#9691);
#8169=AXIS2_PLACEMENT_3D('',#11754,#9696,#9697);
#8170=AXIS2_PLACEMENT_3D('',#11760,#9701,#9702);
#8171=AXIS2_PLACEMENT_3D('',#11804,#9708,#9709);
#8172=AXIS2_PLACEMENT_3D('',#11810,#9713,#9714);
#8173=AXIS2_PLACEMENT_3D('',#11825,#9718,#9719);
#8174=AXIS2_PLACEMENT_3D('',#11828,#9721,#9722);
#8175=AXIS2_PLACEMENT_3D('',#11838,#9723,#9724);
#8176=AXIS2_PLACEMENT_3D('',#11841,#9726,#9727);
#8177=AXIS2_PLACEMENT_3D('',#11842,#9728,#9729);
#8178=AXIS2_PLACEMENT_3D('',#11848,#9733,#9734);
#8179=AXIS2_PLACEMENT_3D('',#11854,#9738,#9739);
#8180=AXIS2_PLACEMENT_3D('',#11860,#9743,#9744);
#8181=AXIS2_PLACEMENT_3D('',#11866,#9748,#9749);
#8182=AXIS2_PLACEMENT_3D('',#11872,#9753,#9754);
#8183=AXIS2_PLACEMENT_3D('',#11878,#9758,#9759);
#8184=AXIS2_PLACEMENT_3D('',#11884,#9763,#9764);
#8185=AXIS2_PLACEMENT_3D('',#11890,#9768,#9769);
#8186=AXIS2_PLACEMENT_3D('',#11896,#9773,#9774);
#8187=AXIS2_PLACEMENT_3D('',#11902,#9778,#9779);
#8188=AXIS2_PLACEMENT_3D('',#11905,#9782,#9783);
#8189=AXIS2_PLACEMENT_3D('',#11906,#9784,#9785);
#8190=AXIS2_PLACEMENT_3D('',#11907,#9786,#9787);
#8191=AXIS2_PLACEMENT_3D('',#11916,#9792,#9793);
#8192=AXIS2_PLACEMENT_3D('',#11922,#9797,#9798);
#8193=AXIS2_PLACEMENT_3D('',#11928,#9802,#9803);
#8194=AXIS2_PLACEMENT_3D('',#11934,#9807,#9808);
#8195=AXIS2_PLACEMENT_3D('',#12035,#9817,#9818);
#8196=AXIS2_PLACEMENT_3D('',#12041,#9822,#9823);
#8197=AXIS2_PLACEMENT_3D('',#12047,#9827,#9828);
#8198=AXIS2_PLACEMENT_3D('',#12053,#9832,#9833);
#8199=AXIS2_PLACEMENT_3D('',#12059,#9837,#9838);
#8200=AXIS2_PLACEMENT_3D('',#12093,#9843,#9844);
#8201=AXIS2_PLACEMENT_3D('',#12096,#9846,#9847);
#8202=AXIS2_PLACEMENT_3D('',#12116,#9849,#9850);
#8203=AXIS2_PLACEMENT_3D('',#12122,#9854,#9855);
#8204=AXIS2_PLACEMENT_3D('',#12137,#9859,#9860);
#8205=AXIS2_PLACEMENT_3D('',#12140,#9862,#9863);
#8206=AXIS2_PLACEMENT_3D('',#12160,#9865,#9866);
#8207=AXIS2_PLACEMENT_3D('',#12166,#9870,#9871);
#8208=AXIS2_PLACEMENT_3D('',#12169,#9874,#9875);
#8209=AXIS2_PLACEMENT_3D('',#12170,#9876,#9877);
#8210=AXIS2_PLACEMENT_3D('',#12240,#9882,#9883);
#8211=AXIS2_PLACEMENT_3D('',#12243,#9885,#9886);
#8212=AXIS2_PLACEMENT_3D('',#12291,#9889,#9890);
#8213=AXIS2_PLACEMENT_3D('',#12294,#9892,#9893);
#8214=AXIS2_PLACEMENT_3D('',#12314,#9895,#9896);
#8215=AXIS2_PLACEMENT_3D('',#12320,#9900,#9901);
#8216=AXIS2_PLACEMENT_3D('',#12326,#9905,#9906);
#8217=AXIS2_PLACEMENT_3D('',#12332,#9910,#9911);
#8218=AXIS2_PLACEMENT_3D('',#12338,#9915,#9916);
#8219=AXIS2_PLACEMENT_3D('',#12344,#9920,#9921);
#8220=AXIS2_PLACEMENT_3D('',#12350,#9925,#9926);
#8221=AXIS2_PLACEMENT_3D('',#12356,#9930,#9931);
#8222=AXIS2_PLACEMENT_3D('',#12362,#9935,#9936);
#8223=AXIS2_PLACEMENT_3D('',#12396,#9941,#9942);
#8224=AXIS2_PLACEMENT_3D('',#12399,#9944,#9945);
#8225=AXIS2_PLACEMENT_3D('',#12416,#9946,#9947);
#8226=AXIS2_PLACEMENT_3D('',#12417,#9948,#9949);
#8227=AXIS2_PLACEMENT_3D('',#12430,#9951,#9952);
#8228=AXIS2_PLACEMENT_3D('',#12433,#9954,#9955);
#8229=AXIS2_PLACEMENT_3D('',#12434,#9956,#9957);
#8230=AXIS2_PLACEMENT_3D('',#12440,#9961,#9962);
#8231=AXIS2_PLACEMENT_3D('',#12484,#9968,#9969);
#8232=AXIS2_PLACEMENT_3D('',#12490,#9973,#9974);
#8233=AXIS2_PLACEMENT_3D('',#12553,#9981,#9982);
#8234=AXIS2_PLACEMENT_3D('',#12559,#9986,#9987);
#8235=AXIS2_PLACEMENT_3D('',#12565,#9991,#9992);
#8236=AXIS2_PLACEMENT_3D('',#12571,#9996,#9997);
#8237=AXIS2_PLACEMENT_3D('',#12577,#10001,#10002);
#8238=AXIS2_PLACEMENT_3D('',#12583,#10006,#10007);
#8239=AXIS2_PLACEMENT_3D('',#12605,#10011,#10012);
#8240=AXIS2_PLACEMENT_3D('',#12614,#10017,#10018);
#8241=AXIS2_PLACEMENT_3D('',#12620,#10022,#10023);
#8242=AXIS2_PLACEMENT_3D('',#12626,#10027,#10028);
#8243=AXIS2_PLACEMENT_3D('',#12632,#10032,#10033);
#8244=AXIS2_PLACEMENT_3D('',#12635,#10036,#10037);
#8245=AXIS2_PLACEMENT_3D('',#12636,#10038,#10039);
#8246=AXIS2_PLACEMENT_3D('',#12649,#10041,#10042);
#8247=AXIS2_PLACEMENT_3D('',#12652,#10044,#10045);
#8248=AXIS2_PLACEMENT_3D('',#12733,#10050,#10051);
#8249=AXIS2_PLACEMENT_3D('',#12739,#10055,#10056);
#8250=AXIS2_PLACEMENT_3D('',#12745,#10060,#10061);
#8251=AXIS2_PLACEMENT_3D('',#12751,#10065,#10066);
#8252=AXIS2_PLACEMENT_3D('',#12757,#10070,#10071);
#8253=AXIS2_PLACEMENT_3D('',#12763,#10075,#10076);
#8254=AXIS2_PLACEMENT_3D('',#12807,#10082,#10083);
#8255=AXIS2_PLACEMENT_3D('',#12813,#10087,#10088);
#8256=AXIS2_PLACEMENT_3D('',#12835,#10092,#10093);
#8257=AXIS2_PLACEMENT_3D('',#12844,#10098,#10099);
#8258=AXIS2_PLACEMENT_3D('',#12850,#10103,#10104);
#8259=AXIS2_PLACEMENT_3D('',#12856,#10108,#10109);
#8260=AXIS2_PLACEMENT_3D('',#12862,#10113,#10114);
#8261=AXIS2_PLACEMENT_3D('',#12865,#10117,#10118);
#8262=AXIS2_PLACEMENT_3D('',#12866,#10119,#10120);
#8263=AXIS2_PLACEMENT_3D('',#12867,#10121,#10122);
#8264=AXIS2_PLACEMENT_3D('',#12868,#10123,#10124);
#8265=AXIS2_PLACEMENT_3D('',#12869,#10125,#10126);
#8266=AXIS2_PLACEMENT_3D('view reference',#12870,#10127,#10128);
#8267=AXIS2_PLACEMENT_3D('view window',#12871,#10129,#10130);
#8268=AXIS2_PLACEMENT_3D('Near clipping plane',#12873,#10131,$);
#8269=AXIS2_PLACEMENT_3D('Far clipping plane',#12874,#10132,$);
#8270=AXIS2_PLACEMENT_3D('view reference',#12875,#10133,#10134);
#8271=AXIS2_PLACEMENT_3D('view window',#12876,#10135,#10136);
#8272=AXIS2_PLACEMENT_3D('Near clipping plane',#12878,#10137,$);
#8273=AXIS2_PLACEMENT_3D('Far clipping plane',#12879,#10138,$);
#8274=AXIS2_PLACEMENT_3D('view reference',#12880,#10139,#10140);
#8275=AXIS2_PLACEMENT_3D('view window',#12881,#10141,#10142);
#8276=AXIS2_PLACEMENT_3D('Near clipping plane',#12883,#10143,$);
#8277=AXIS2_PLACEMENT_3D('Far clipping plane',#12884,#10144,$);
#8278=AXIS2_PLACEMENT_3D('view reference',#12885,#10145,#10146);
#8279=AXIS2_PLACEMENT_3D('view window',#12886,#10147,#10148);
#8280=AXIS2_PLACEMENT_3D('Near clipping plane',#12888,#10149,$);
#8281=AXIS2_PLACEMENT_3D('Far clipping plane',#12889,#10150,$);
#8282=AXIS2_PLACEMENT_3D('view reference',#12890,#10151,#10152);
#8283=AXIS2_PLACEMENT_3D('view window',#12891,#10153,#10154);
#8284=AXIS2_PLACEMENT_3D('Near clipping plane',#12893,#10155,$);
#8285=AXIS2_PLACEMENT_3D('Far clipping plane',#12894,#10156,$);
#8286=AXIS2_PLACEMENT_3D('view reference',#12895,#10157,#10158);
#8287=AXIS2_PLACEMENT_3D('view window',#12896,#10159,#10160);
#8288=AXIS2_PLACEMENT_3D('Near clipping plane',#12898,#10161,$);
#8289=AXIS2_PLACEMENT_3D('Far clipping plane',#12899,#10162,$);
#8290=AXIS2_PLACEMENT_3D('view reference',#12900,#10163,#10164);
#8291=AXIS2_PLACEMENT_3D('view window',#12901,#10165,#10166);
#8292=AXIS2_PLACEMENT_3D('Near clipping plane',#12903,#10167,$);
#8293=AXIS2_PLACEMENT_3D('Far clipping plane',#12904,#10168,$);
#8294=AXIS2_PLACEMENT_3D('view reference',#12905,#10169,#10170);
#8295=AXIS2_PLACEMENT_3D('view window',#12906,#10171,#10172);
#8296=AXIS2_PLACEMENT_3D('Near clipping plane',#12908,#10173,$);
#8297=AXIS2_PLACEMENT_3D('Far clipping plane',#12909,#10174,$);
#8298=AXIS2_PLACEMENT_3D('view reference',#12910,#10175,#10176);
#8299=AXIS2_PLACEMENT_3D('view window',#12911,#10177,#10178);
#8300=AXIS2_PLACEMENT_3D('Near clipping plane',#12913,#10179,$);
#8301=AXIS2_PLACEMENT_3D('Far clipping plane',#12914,#10180,$);
#8302=AXIS2_PLACEMENT_3D('view reference',#12915,#10181,#10182);
#8303=AXIS2_PLACEMENT_3D('view window',#12916,#10183,#10184);
#8304=AXIS2_PLACEMENT_3D('Near clipping plane',#12918,#10185,$);
#8305=AXIS2_PLACEMENT_3D('Far clipping plane',#12919,#10186,$);
#8306=AXIS2_PLACEMENT_3D('view reference',#12920,#10187,#10188);
#8307=AXIS2_PLACEMENT_3D('view window',#12921,#10189,#10190);
#8308=AXIS2_PLACEMENT_3D('Near clipping plane',#12923,#10191,$);
#8309=AXIS2_PLACEMENT_3D('Far clipping plane',#12924,#10192,$);
#8310=AXIS2_PLACEMENT_3D('view reference',#12925,#10193,#10194);
#8311=AXIS2_PLACEMENT_3D('view window',#12926,#10195,#10196);
#8312=AXIS2_PLACEMENT_3D('Near clipping plane',#12928,#10197,$);
#8313=AXIS2_PLACEMENT_3D('Far clipping plane',#12929,#10198,$);
#8314=AXIS2_PLACEMENT_3D('view reference',#12930,#10199,#10200);
#8315=AXIS2_PLACEMENT_3D('view window',#12931,#10201,#10202);
#8316=AXIS2_PLACEMENT_3D('Near clipping plane',#12933,#10203,$);
#8317=AXIS2_PLACEMENT_3D('Far clipping plane',#12934,#10204,$);
#8318=AXIS2_PLACEMENT_3D('view reference',#12935,#10205,#10206);
#8319=AXIS2_PLACEMENT_3D('view window',#12936,#10207,#10208);
#8320=AXIS2_PLACEMENT_3D('Near clipping plane',#12938,#10209,$);
#8321=AXIS2_PLACEMENT_3D('Far clipping plane',#12939,#10210,$);
#8322=AXIS2_PLACEMENT_3D('view reference',#12940,#10211,#10212);
#8323=AXIS2_PLACEMENT_3D('view window',#12941,#10213,#10214);
#8324=AXIS2_PLACEMENT_3D('Near clipping plane',#12943,#10215,$);
#8325=AXIS2_PLACEMENT_3D('Far clipping plane',#12944,#10216,$);
#8326=AXIS2_PLACEMENT_3D('view reference',#12945,#10217,#10218);
#8327=AXIS2_PLACEMENT_3D('view window',#12946,#10219,#10220);
#8328=AXIS2_PLACEMENT_3D('Near clipping plane',#12948,#10221,$);
#8329=AXIS2_PLACEMENT_3D('Far clipping plane',#12949,#10222,$);
#8330=AXIS2_PLACEMENT_3D('',#12950,#10223,#10224);
#8331=AXIS2_PLACEMENT_3D('',#12951,#10225,#10226);
#8332=AXIS2_PLACEMENT_3D('',#12952,#10227,#10228);
#8333=AXIS2_PLACEMENT_3D('',#12953,#10229,#10230);
#8334=AXIS2_PLACEMENT_3D('',#12954,#10231,#10232);
#8335=AXIS2_PLACEMENT_3D('',#12955,#10233,#10234);
#8336=AXIS2_PLACEMENT_3D('',#12956,#10235,#10236);
#8337=AXIS2_PLACEMENT_3D('',#12957,#10237,#10238);
#8338=AXIS2_PLACEMENT_3D('',#12958,#10239,#10240);
#8339=AXIS2_PLACEMENT_3D('',#12959,#10241,#10242);
#8340=AXIS2_PLACEMENT_3D('',#12960,#10243,#10244);
#8341=AXIS2_PLACEMENT_3D('',#12961,#10245,#10246);
#8342=AXIS2_PLACEMENT_3D('',#12962,#10247,#10248);
#8343=AXIS2_PLACEMENT_3D('',#12963,#10249,#10250);
#8344=AXIS2_PLACEMENT_3D('',#12964,#10251,#10252);
#8345=AXIS2_PLACEMENT_3D('',#12965,#10253,#10254);
#8346=AXIS2_PLACEMENT_3D('',#12966,#10255,#10256);
#8347=AXIS2_PLACEMENT_3D('',#12967,#10257,#10258);
#8348=AXIS2_PLACEMENT_3D('',#12968,#10259,#10260);
#8349=AXIS2_PLACEMENT_3D('',#12969,#10261,#10262);
#8350=DIRECTION('axis',(0.,0.,1.));
#8351=DIRECTION('refdir',(1.,0.,0.));
#8352=DIRECTION('axis',(0.,0.,1.));
#8353=DIRECTION('refdir',(1.,0.,0.));
#8354=DIRECTION('axis',(0.,0.,1.));
#8355=DIRECTION('refdir',(1.,0.,0.));
#8356=DIRECTION('center_axis',(0.,1.,0.));
#8357=DIRECTION('ref_axis',(-0.707106781186547,0.,-0.707106781186547));
#8358=DIRECTION('',(0.,-1.,0.));
#8359=DIRECTION('center_axis',(-0.707106781186548,0.707106781186548,-4.90653893338679E-16));
#8360=DIRECTION('ref_axis',(-0.707106781186548,-0.707106781186548,-4.90653893338679E-16));
#8361=DIRECTION('',(0.,1.,0.));
#8362=DIRECTION('center_axis',(-0.707106781186547,0.707106781186548,0.));
#8363=DIRECTION('ref_axis',(0.707106781186548,0.707106781186547,0.));
#8364=DIRECTION('center_axis',(-1.,0.,0.));
#8365=DIRECTION('ref_axis',(0.,-0.707106781186547,-0.707106781186548));
#8366=DIRECTION('',(1.,0.,0.));
#8367=DIRECTION('center_axis',(-0.707106781186547,-0.707106781186548,0.));
#8368=DIRECTION('ref_axis',(0.707106781186548,-0.707106781186547,0.));
#8369=DIRECTION('',(-1.,0.,0.));
#8370=DIRECTION('center_axis',(0.,-1.,0.));
#8371=DIRECTION('ref_axis',(0.707106781186547,0.,-0.707106781186547));
#8372=DIRECTION('',(0.,1.,0.));
#8373=DIRECTION('center_axis',(-0.707106781186547,-0.707106781186548,0.));
#8374=DIRECTION('ref_axis',(-0.707106781186548,0.707106781186547,0.));
#8375=DIRECTION('',(0.,-1.,0.));
#8376=DIRECTION('center_axis',(-1.,0.,0.));
#8377=DIRECTION('ref_axis',(0.,-0.707106781186547,-0.707106781186547));
#8378=DIRECTION('',(1.,0.,0.));
#8379=DIRECTION('center_axis',(-0.707106781186547,0.707106781186548,0.));
#8380=DIRECTION('ref_axis',(0.707106781186548,0.707106781186547,0.));
#8381=DIRECTION('',(-1.,0.,0.));
#8382=DIRECTION('center_axis',(0.,1.,0.));
#8383=DIRECTION('ref_axis',(-0.70710678118654,0.,-0.707106781186555));
#8384=DIRECTION('',(0.,-1.,0.));
#8385=DIRECTION('center_axis',(-0.707106781186548,0.707106781186548,-4.90653893338679E-16));
#8386=DIRECTION('ref_axis',(-0.707106781186548,-0.707106781186548,-4.90653893338679E-16));
#8387=DIRECTION('',(0.,1.,0.));
#8388=DIRECTION('center_axis',(0.408248290463851,-0.816496580927731,0.408248290463865));
#8389=DIRECTION('ref_axis',(0.577350269189623,0.577350269189623,0.577350269189631));
#8390=DIRECTION('center_axis',(1.,0.,0.));
#8391=DIRECTION('ref_axis',(0.,0.,1.));
#8392=DIRECTION('center_axis',(0.,1.,0.));
#8393=DIRECTION('ref_axis',(1.,0.,0.));
#8394=DIRECTION('center_axis',(0.,0.,1.));
#8395=DIRECTION('ref_axis',(0.,1.,0.));
#8396=DIRECTION('center_axis',(-0.408248290463853,-0.816496580927729,0.408248290463867));
#8397=DIRECTION('ref_axis',(0.577350269189621,-0.577350269189628,-0.577350269189628));
#8398=DIRECTION('center_axis',(0.,-1.,0.));
#8399=DIRECTION('ref_axis',(1.,0.,0.));
#8400=DIRECTION('center_axis',(0.,0.,-1.));
#8401=DIRECTION('ref_axis',(0.,-1.,0.));
#8402=DIRECTION('center_axis',(1.,0.,0.));
#8403=DIRECTION('ref_axis',(0.,0.,-1.));
#8404=DIRECTION('center_axis',(0.,0.,-1.));
#8405=DIRECTION('ref_axis',(0.70710678118654,-0.707106781186555,0.));
#8406=DIRECTION('',(0.,0.,-1.));
#8407=DIRECTION('',(0.,0.,1.));
#8408=DIRECTION('center_axis',(0.,-0.707106781186548,-0.707106781186547));
#8409=DIRECTION('ref_axis',(0.,-0.707106781186547,0.707106781186548));
#8410=DIRECTION('center_axis',(-1.,0.,0.));
#8411=DIRECTION('ref_axis',(0.,-0.707106781186547,-0.707106781186548));
#8412=DIRECTION('',(1.,0.,0.));
#8413=DIRECTION('',(-1.,0.,0.));
#8414=DIRECTION('center_axis',(-0.816496580927731,-0.408248290463851,-0.408248290463865));
#8415=DIRECTION('ref_axis',(-0.577350269189623,0.577350269189623,0.577350269189631));
#8416=DIRECTION('center_axis',(0.,0.,1.));
#8417=DIRECTION('ref_axis',(-1.,0.,0.));
#8418=DIRECTION('center_axis',(0.,1.,0.));
#8419=DIRECTION('ref_axis',(0.,0.,1.));
#8420=DIRECTION('center_axis',(-1.,0.,0.));
#8421=DIRECTION('ref_axis',(0.,1.,0.));
#8422=DIRECTION('center_axis',(0.408248290463851,-0.816496580927731,-0.408248290463865));
#8423=DIRECTION('ref_axis',(0.577350269189623,0.577350269189623,-0.577350269189631));
#8424=DIRECTION('center_axis',(0.,0.,-1.));
#8425=DIRECTION('ref_axis',(1.,0.,0.));
#8426=DIRECTION('center_axis',(0.,1.,0.));
#8427=DIRECTION('ref_axis',(0.,0.,-1.));
#8428=DIRECTION('center_axis',(1.,0.,0.));
#8429=DIRECTION('ref_axis',(0.,1.,0.));
#8430=DIRECTION('center_axis',(0.,1.,0.));
#8431=DIRECTION('ref_axis',(0.70710678118654,0.,-0.707106781186555));
#8432=DIRECTION('',(0.,-1.,0.));
#8433=DIRECTION('',(0.,1.,0.));
#8434=DIRECTION('center_axis',(-0.408248290463851,-0.816496580927731,-0.408248290463865));
#8435=DIRECTION('ref_axis',(-0.577350269189623,0.577350269189623,-0.577350269189631));
#8436=DIRECTION('center_axis',(-1.,0.,0.));
#8437=DIRECTION('ref_axis',(0.,0.,-1.));
#8438=DIRECTION('center_axis',(0.,1.,0.));
#8439=DIRECTION('ref_axis',(-1.,0.,0.));
#8440=DIRECTION('center_axis',(0.,0.,-1.));
#8441=DIRECTION('ref_axis',(0.,1.,0.));
#8442=DIRECTION('center_axis',(0.408248290463853,-0.816496580927729,0.408248290463867));
#8443=DIRECTION('ref_axis',(-0.577350269189621,-0.577350269189628,-0.577350269189628));
#8444=DIRECTION('center_axis',(-1.,0.,0.));
#8445=DIRECTION('ref_axis',(0.,-1.,0.));
#8446=DIRECTION('center_axis',(0.,0.,-1.));
#8447=DIRECTION('ref_axis',(-1.,0.,0.));
#8448=DIRECTION('center_axis',(0.,-1.,0.));
#8449=DIRECTION('ref_axis',(0.,0.,-1.));
#8450=DIRECTION('center_axis',(0.,0.,1.));
#8451=DIRECTION('ref_axis',(-0.70710678118654,-0.707106781186555,0.));
#8452=DIRECTION('',(0.,0.,-1.));
#8453=DIRECTION('',(0.,0.,1.));
#8454=DIRECTION('center_axis',(-3.92523114670942E-15,-0.70710678118655,
-0.707106781186545));
#8455=DIRECTION('ref_axis',(3.9252311467094E-15,0.707106781186545,-0.70710678118655));
#8456=DIRECTION('center_axis',(0.,1.,0.));
#8457=DIRECTION('ref_axis',(-0.70710678118654,0.,-0.707106781186555));
#8458=DIRECTION('',(0.,-1.,0.));
#8459=DIRECTION('',(0.,1.,0.));
#8460=DIRECTION('center_axis',(-1.,0.,0.));
#8461=DIRECTION('ref_axis',(0.,-0.707106781186547,-0.707106781186548));
#8462=DIRECTION('',(-1.,0.,0.));
#8463=DIRECTION('',(1.,0.,0.));
#8464=DIRECTION('center_axis',(-0.707106781186547,-0.707106781186548,0.));
#8465=DIRECTION('ref_axis',(0.707106781186548,-0.707106781186547,0.));
#8466=DIRECTION('center_axis',(0.,-1.,0.));
#8467=DIRECTION('ref_axis',(0.70710678118654,0.,-0.707106781186555));
#8468=DIRECTION('',(0.,1.,0.));
#8469=DIRECTION('center_axis',(-0.707106781186547,-0.707106781186548,0.));
#8470=DIRECTION('ref_axis',(-0.707106781186548,0.707106781186547,0.));
#8471=DIRECTION('',(0.,-1.,0.));
#8472=DIRECTION('center_axis',(-1.,0.,0.));
#8473=DIRECTION('ref_axis',(0.,-0.707106781186547,-0.707106781186547));
#8474=DIRECTION('',(1.,0.,0.));
#8475=DIRECTION('center_axis',(-0.707106781186551,0.707106781186544,0.));
#8476=DIRECTION('ref_axis',(0.707106781186544,0.707106781186551,0.));
#8477=DIRECTION('',(-1.,0.,0.));
#8478=DIRECTION('center_axis',(0.,1.,0.));
#8479=DIRECTION('ref_axis',(-0.70710678118654,0.,-0.707106781186555));
#8480=DIRECTION('',(0.,-1.,0.));
#8481=DIRECTION('center_axis',(-0.707106781186551,0.707106781186544,-8.34111618675759E-15));
#8482=DIRECTION('ref_axis',(-0.707106781186544,-0.707106781186551,-8.3411161867575E-15));
#8483=DIRECTION('',(0.,1.,0.));
#8484=DIRECTION('center_axis',(-1.,0.,0.));
#8485=DIRECTION('ref_axis',(0.,-0.707106781186547,-0.707106781186548));
#8486=DIRECTION('',(-1.,0.,0.));
#8487=DIRECTION('',(1.,0.,0.));
#8488=DIRECTION('center_axis',(-0.707106781186551,-0.707106781186544,0.));
#8489=DIRECTION('ref_axis',(0.707106781186544,-0.707106781186551,0.));
#8490=DIRECTION('center_axis',(0.,-1.,0.));
#8491=DIRECTION('ref_axis',(0.707106781186547,0.,-0.707106781186547));
#8492=DIRECTION('',(0.,-1.,0.));
#8493=DIRECTION('',(0.,1.,0.));
#8494=DIRECTION('center_axis',(-0.707106781186551,-0.707106781186544,7.85046229341891E-15));
#8495=DIRECTION('ref_axis',(-0.707106781186544,0.707106781186551,7.85046229341883E-15));
#8496=DIRECTION('center_axis',(-1.,0.,0.));
#8497=DIRECTION('ref_axis',(0.,-0.707106781186547,-0.707106781186547));
#8498=DIRECTION('',(-1.,0.,0.));
#8499=DIRECTION('',(1.,0.,0.));
#8500=DIRECTION('center_axis',(-0.707106781186549,0.707106781186546,0.));
#8501=DIRECTION('ref_axis',(0.707106781186546,0.707106781186549,0.));
#8502=DIRECTION('center_axis',(0.,1.,0.));
#8503=DIRECTION('ref_axis',(-0.707106781186547,0.,-0.707106781186547));
#8504=DIRECTION('',(0.,1.,0.));
#8505=DIRECTION('',(0.,-1.,0.));
#8506=DIRECTION('center_axis',(-0.70710678118655,0.707106781186546,-4.90653893338678E-16));
#8507=DIRECTION('ref_axis',(-0.707106781186546,-0.70710678118655,-4.90653893338675E-16));
#8508=DIRECTION('center_axis',(-1.,0.,0.));
#8509=DIRECTION('ref_axis',(0.,-0.707106781186547,-0.707106781186548));
#8510=DIRECTION('',(-1.,0.,0.));
#8511=DIRECTION('',(1.,0.,0.));
#8512=DIRECTION('center_axis',(-0.707106781186546,-0.707106781186549,0.));
#8513=DIRECTION('ref_axis',(0.707106781186549,-0.707106781186546,0.));
#8514=DIRECTION('center_axis',(0.,0.,1.));
#8515=DIRECTION('ref_axis',(-0.707106781186547,0.707106781186547,0.));
#8516=DIRECTION('',(0.,0.,-1.));
#8517=DIRECTION('',(0.,0.,1.));
#8518=DIRECTION('center_axis',(-1.,0.,0.));
#8519=DIRECTION('ref_axis',(0.,0.70710678118654,-0.707106781186555));
#8520=DIRECTION('',(1.,0.,0.));
#8521=DIRECTION('',(-1.,0.,0.));
#8522=DIRECTION('center_axis',(0.,1.,0.));
#8523=DIRECTION('ref_axis',(-0.70710678118654,0.,0.707106781186555));
#8524=DIRECTION('',(0.,1.,0.));
#8525=DIRECTION('',(0.,-1.,0.));
#8526=DIRECTION('center_axis',(0.,-1.,0.));
#8527=DIRECTION('ref_axis',(0.707106781186547,0.,-0.707106781186547));
#8528=DIRECTION('',(0.,-1.,0.));
#8529=DIRECTION('',(0.,1.,0.));
#8530=DIRECTION('center_axis',(-0.707106781186546,-0.707106781186549,0.));
#8531=DIRECTION('ref_axis',(-0.707106781186549,0.707106781186546,0.));
#8532=DIRECTION('center_axis',(0.,0.,-1.));
#8533=DIRECTION('ref_axis',(0.707106781186547,0.707106781186547,0.));
#8534=DIRECTION('',(0.,0.,1.));
#8535=DIRECTION('',(0.,0.,-1.));
#8536=DIRECTION('center_axis',(1.,0.,0.));
#8537=DIRECTION('ref_axis',(0.,0.70710678118654,0.707106781186555));
#8538=DIRECTION('',(-1.,0.,0.));
#8539=DIRECTION('',(1.,0.,0.));
#8540=DIRECTION('center_axis',(-1.,0.,0.));
#8541=DIRECTION('ref_axis',(0.,-0.707106781186547,-0.707106781186547));
#8542=DIRECTION('',(-1.,0.,0.));
#8543=DIRECTION('',(1.,0.,0.));
#8544=DIRECTION('center_axis',(-0.707106781186546,0.707106781186549,0.));
#8545=DIRECTION('ref_axis',(0.707106781186549,0.707106781186546,0.));
#8546=DIRECTION('center_axis',(0.,1.,0.));
#8547=DIRECTION('ref_axis',(0.70710678118654,0.,0.707106781186555));
#8548=DIRECTION('',(0.,1.,0.));
#8549=DIRECTION('',(0.,-1.,0.));
#8550=DIRECTION('center_axis',(0.,1.,0.));
#8551=DIRECTION('ref_axis',(-0.707106781186547,0.,-0.707106781186547));
#8552=DIRECTION('',(0.,1.,0.));
#8553=DIRECTION('',(0.,-1.,0.));
#8554=DIRECTION('center_axis',(-0.707106781186547,0.707106781186549,-4.9065389333868E-16));
#8555=DIRECTION('ref_axis',(-0.707106781186549,-0.707106781186547,-4.90653893338681E-16));
#8556=DIRECTION('center_axis',(-1.,0.,0.));
#8557=DIRECTION('ref_axis',(0.,-0.707106781186547,-0.707106781186548));
#8558=DIRECTION('',(-1.,0.,0.));
#8559=DIRECTION('',(1.,0.,0.));
#8560=DIRECTION('center_axis',(-0.707106781186549,-0.707106781186546,0.));
#8561=DIRECTION('ref_axis',(0.707106781186546,-0.707106781186549,0.));
#8562=DIRECTION('center_axis',(0.,-1.,0.));
#8563=DIRECTION('ref_axis',(0.707106781186547,0.,-0.707106781186547));
#8564=DIRECTION('',(0.,-1.,0.));
#8565=DIRECTION('',(0.,1.,0.));
#8566=DIRECTION('center_axis',(-0.707106781186549,-0.707106781186546,0.));
#8567=DIRECTION('ref_axis',(-0.707106781186546,0.707106781186549,0.));
#8568=DIRECTION('center_axis',(-1.,0.,0.));
#8569=DIRECTION('ref_axis',(0.,-0.707106781186547,-0.707106781186547));
#8570=DIRECTION('',(-1.,0.,0.));
#8571=DIRECTION('',(1.,0.,0.));
#8572=DIRECTION('center_axis',(-1.,0.,0.));
#8573=DIRECTION('ref_axis',(0.,-1.,0.));
#8574=DIRECTION('',(0.,0.,1.));
#8575=DIRECTION('',(0.,1.,0.));
#8576=DIRECTION('',(0.,0.,1.));
#8577=DIRECTION('center_axis',(0.,1.,0.));
#8578=DIRECTION('ref_axis',(-1.,0.,0.));
#8579=DIRECTION('',(0.,0.,1.));
#8580=DIRECTION('',(1.,0.,0.));
#8581=DIRECTION('',(1.,0.,0.));
#8582=DIRECTION('',(0.,0.,-1.));
#8583=DIRECTION('',(-1.,0.,0.));
#8584=DIRECTION('',(0.,0.,1.));
#8585=DIRECTION('',(1.,0.,0.));
#8586=DIRECTION('',(0.,0.,-1.));
#8587=DIRECTION('',(-1.,0.,0.));
#8588=DIRECTION('',(0.,0.,1.));
#8589=DIRECTION('center_axis',(1.,0.,0.));
#8590=DIRECTION('ref_axis',(0.,1.,0.));
#8591=DIRECTION('',(0.,0.,-1.));
#8592=DIRECTION('',(0.,-1.,0.));
#8593=DIRECTION('center_axis',(0.,1.,0.));
#8594=DIRECTION('ref_axis',(0.,0.,1.));
#8595=DIRECTION('',(0.,0.,1.));
#8596=DIRECTION('',(1.,0.,0.));
#8597=DIRECTION('center_axis',(-1.,0.,0.));
#8598=DIRECTION('ref_axis',(0.,-1.,0.));
#8599=DIRECTION('',(0.,0.,1.));
#8600=DIRECTION('',(0.,1.,0.));
#8601=DIRECTION('center_axis',(0.,1.,0.));
#8602=DIRECTION('ref_axis',(-1.,0.,0.));
#8603=DIRECTION('',(0.,0.,1.));
#8604=DIRECTION('',(1.,0.,0.));
#8605=DIRECTION('',(1.,0.,0.));
#8606=DIRECTION('',(0.,0.,-1.));
#8607=DIRECTION('',(-1.,0.,0.));
#8608=DIRECTION('',(0.,0.,1.));
#8609=DIRECTION('',(1.,0.,0.));
#8610=DIRECTION('',(0.,0.,-1.));
#8611=DIRECTION('',(-1.,0.,0.));
#8612=DIRECTION('',(0.,0.,1.));
#8613=DIRECTION('center_axis',(1.,0.,0.));
#8614=DIRECTION('ref_axis',(0.,1.,0.));
#8615=DIRECTION('',(0.,0.,-1.));
#8616=DIRECTION('',(0.,-1.,0.));
#8617=DIRECTION('center_axis',(0.,1.,0.));
#8618=DIRECTION('ref_axis',(0.,0.,1.));
#8619=DIRECTION('',(1.,0.,0.));
#8620=DIRECTION('center_axis',(0.,0.,1.));
#8621=DIRECTION('ref_axis',(1.,0.,0.));
#8622=DIRECTION('',(1.,0.,0.));
#8623=DIRECTION('',(0.,1.,0.));
#8624=DIRECTION('',(1.,0.,0.));
#8625=DIRECTION('',(0.,-1.,0.));
#8626=DIRECTION('',(1.,0.,0.));
#8627=DIRECTION('',(0.,1.,0.));
#8628=DIRECTION('',(1.,0.,0.));
#8629=DIRECTION('',(0.,-1.,0.));
#8630=DIRECTION('',(1.,0.,0.));
#8631=DIRECTION('',(0.,1.,0.));
#8632=DIRECTION('',(1.,0.,0.));
#8633=DIRECTION('',(0.,-1.,0.));
#8634=DIRECTION('',(1.,0.,0.));
#8635=DIRECTION('center_axis',(1.,0.,0.));
#8636=DIRECTION('ref_axis',(0.,0.,-1.));
#8637=DIRECTION('center_axis',(-1.,0.,0.));
#8638=DIRECTION('ref_axis',(0.,0.,1.));
#8639=DIRECTION('center_axis',(0.,0.,-1.));
#8640=DIRECTION('ref_axis',(-1.,0.,0.));
#8641=DIRECTION('center_axis',(0.,1.,0.));
#8642=DIRECTION('ref_axis',(0.,0.,1.));
#8643=DIRECTION('',(1.,0.,0.));
#8644=DIRECTION('',(0.,0.,1.));
#8645=DIRECTION('',(-1.,0.,0.));
#8646=DIRECTION('',(0.,0.,-1.));
#8647=DIRECTION('',(1.,0.,0.));
#8648=DIRECTION('',(0.,0.,1.));
#8649=DIRECTION('',(-1.,0.,0.));
#8650=DIRECTION('',(0.,0.,-1.));
#8651=DIRECTION('',(1.,0.,0.));
#8652=DIRECTION('',(0.,0.,1.));
#8653=DIRECTION('',(-1.,0.,0.));
#8654=DIRECTION('',(0.,0.,-1.));
#8655=DIRECTION('',(1.,0.,0.));
#8656=DIRECTION('',(0.,0.,1.));
#8657=DIRECTION('',(-1.,0.,0.));
#8658=DIRECTION('',(0.,0.,-1.));
#8659=DIRECTION('',(1.,0.,0.));
#8660=DIRECTION('',(0.,0.,1.));
#8661=DIRECTION('',(-1.,0.,0.));
#8662=DIRECTION('',(0.,0.,-1.));
#8663=DIRECTION('',(1.,0.,0.));
#8664=DIRECTION('',(0.,0.,1.));
#8665=DIRECTION('',(-1.,0.,0.));
#8666=DIRECTION('',(0.,0.,-1.));
#8667=DIRECTION('',(1.,0.,0.));
#8668=DIRECTION('',(0.,0.,1.));
#8669=DIRECTION('',(-1.,0.,0.));
#8670=DIRECTION('',(0.,0.,-1.));
#8671=DIRECTION('',(1.,0.,0.));
#8672=DIRECTION('',(0.,0.,1.));
#8673=DIRECTION('',(-1.,0.,0.));
#8674=DIRECTION('',(0.,0.,-1.));
#8675=DIRECTION('',(1.,0.,0.));
#8676=DIRECTION('',(0.,0.,1.));
#8677=DIRECTION('',(-1.,0.,0.));
#8678=DIRECTION('',(0.,0.,-1.));
#8679=DIRECTION('',(1.,0.,0.));
#8680=DIRECTION('',(0.,0.,1.));
#8681=DIRECTION('',(-1.,0.,0.));
#8682=DIRECTION('',(0.,0.,-1.));
#8683=DIRECTION('center_axis',(-1.,0.,0.));
#8684=DIRECTION('ref_axis',(0.,-1.,0.));
#8685=DIRECTION('',(0.,0.,1.));
#8686=DIRECTION('',(0.,0.,1.));
#8687=DIRECTION('center_axis',(-1.,0.,0.));
#8688=DIRECTION('ref_axis',(0.,-1.,0.));
#8689=DIRECTION('',(0.,0.,1.));
#8690=DIRECTION('',(0.,0.,1.));
#8691=DIRECTION('center_axis',(-1.,0.,0.));
#8692=DIRECTION('ref_axis',(0.,-1.,0.));
#8693=DIRECTION('',(0.,0.,1.));
#8694=DIRECTION('',(0.,0.,1.));
#8695=DIRECTION('center_axis',(0.,1.,0.));
#8696=DIRECTION('ref_axis',(-1.,0.,0.));
#8697=DIRECTION('',(0.,0.,1.));
#8698=DIRECTION('',(1.,0.,0.));
#8699=DIRECTION('',(0.,0.,-1.));
#8700=DIRECTION('',(-1.,0.,0.));
#8701=DIRECTION('',(0.,0.,1.));
#8702=DIRECTION('',(1.,0.,0.));
#8703=DIRECTION('',(0.,0.,-1.));
#8704=DIRECTION('',(-1.,0.,0.));
#8705=DIRECTION('',(0.,0.,1.));
#8706=DIRECTION('center_axis',(0.,1.,0.));
#8707=DIRECTION('ref_axis',(-1.,0.,0.));
#8708=DIRECTION('',(0.,0.,1.));
#8709=DIRECTION('',(1.,0.,0.));
#8710=DIRECTION('',(0.,0.,-1.));
#8711=DIRECTION('',(-1.,0.,0.));
#8712=DIRECTION('',(0.,0.,1.));
#8713=DIRECTION('',(1.,0.,0.));
#8714=DIRECTION('',(0.,0.,-1.));
#8715=DIRECTION('',(-1.,0.,0.));
#8716=DIRECTION('',(0.,0.,1.));
#8717=DIRECTION('center_axis',(0.,1.,0.));
#8718=DIRECTION('ref_axis',(-1.,0.,0.));
#8719=DIRECTION('',(0.,0.,1.));
#8720=DIRECTION('',(1.,0.,0.));
#8721=DIRECTION('',(0.,0.,-1.));
#8722=DIRECTION('',(-1.,0.,0.));
#8723=DIRECTION('',(0.,0.,1.));
#8724=DIRECTION('',(1.,0.,0.));
#8725=DIRECTION('',(0.,0.,-1.));
#8726=DIRECTION('',(-1.,0.,0.));
#8727=DIRECTION('',(0.,0.,1.));
#8728=DIRECTION('center_axis',(1.,0.,0.));
#8729=DIRECTION('ref_axis',(0.,1.,0.));
#8730=DIRECTION('',(0.,0.,-1.));
#8731=DIRECTION('center_axis',(1.,0.,0.));
#8732=DIRECTION('ref_axis',(0.,1.,0.));
#8733=DIRECTION('',(0.,0.,-1.));
#8734=DIRECTION('center_axis',(1.,0.,0.));
#8735=DIRECTION('ref_axis',(0.,1.,0.));
#8736=DIRECTION('',(0.,0.,-1.));
#8737=DIRECTION('center_axis',(0.,0.,1.));
#8738=DIRECTION('ref_axis',(1.,0.,0.));
#8739=DIRECTION('',(0.,1.,0.));
#8740=DIRECTION('',(0.,1.,0.));
#8741=DIRECTION('center_axis',(-1.,0.,0.));
#8742=DIRECTION('ref_axis',(0.,0.,1.));
#8743=DIRECTION('',(0.,1.,0.));
#8744=DIRECTION('center_axis',(0.,0.,1.));
#8745=DIRECTION('ref_axis',(1.,0.,0.));
#8746=DIRECTION('',(0.,1.,0.));
#8747=DIRECTION('',(0.,1.,0.));
#8748=DIRECTION('center_axis',(-1.,0.,0.));
#8749=DIRECTION('ref_axis',(0.,0.,1.));
#8750=DIRECTION('',(0.,1.,0.));
#8751=DIRECTION('center_axis',(0.,0.,1.));
#8752=DIRECTION('ref_axis',(1.,0.,0.));
#8753=DIRECTION('',(0.,1.,0.));
#8754=DIRECTION('',(0.,1.,0.));
#8755=DIRECTION('center_axis',(-1.,0.,0.));
#8756=DIRECTION('ref_axis',(0.,0.,1.));
#8757=DIRECTION('',(0.,1.,0.));
#8758=DIRECTION('center_axis',(0.,0.,1.));
#8759=DIRECTION('ref_axis',(1.,0.,0.));
#8760=DIRECTION('',(0.,1.,0.));
#8761=DIRECTION('',(0.,1.,0.));
#8762=DIRECTION('center_axis',(-1.,0.,0.));
#8763=DIRECTION('ref_axis',(0.,0.,1.));
#8764=DIRECTION('',(0.,1.,0.));
#8765=DIRECTION('center_axis',(0.,0.,1.));
#8766=DIRECTION('ref_axis',(1.,0.,0.));
#8767=DIRECTION('',(0.,1.,0.));
#8768=DIRECTION('',(0.,1.,0.));
#8769=DIRECTION('center_axis',(-1.,0.,0.));
#8770=DIRECTION('ref_axis',(0.,0.,1.));
#8771=DIRECTION('',(0.,1.,0.));
#8772=DIRECTION('center_axis',(0.,0.,1.));
#8773=DIRECTION('ref_axis',(1.,0.,0.));
#8774=DIRECTION('',(0.,1.,0.));
#8775=DIRECTION('',(0.,1.,0.));
#8776=DIRECTION('center_axis',(-1.,0.,0.));
#8777=DIRECTION('ref_axis',(0.,0.,1.));
#8778=DIRECTION('',(0.,1.,0.));
#8779=DIRECTION('center_axis',(0.,0.,1.));
#8780=DIRECTION('ref_axis',(1.,0.,0.));
#8781=DIRECTION('',(0.,1.,0.));
#8782=DIRECTION('',(0.,1.,0.));
#8783=DIRECTION('center_axis',(-1.,0.,0.));
#8784=DIRECTION('ref_axis',(0.,0.,1.));
#8785=DIRECTION('',(0.,1.,0.));
#8786=DIRECTION('center_axis',(0.,0.,1.));
#8787=DIRECTION('ref_axis',(1.,0.,0.));
#8788=DIRECTION('',(0.,1.,0.));
#8789=DIRECTION('',(0.,1.,0.));
#8790=DIRECTION('center_axis',(-1.,0.,0.));
#8791=DIRECTION('ref_axis',(0.,0.,1.));
#8792=DIRECTION('',(0.,1.,0.));
#8793=DIRECTION('center_axis',(0.,1.,0.));
#8794=DIRECTION('ref_axis',(0.,0.,1.));
#8795=DIRECTION('center_axis',(0.,1.,0.));
#8796=DIRECTION('ref_axis',(0.,0.,1.));
#8797=DIRECTION('center_axis',(0.,1.,0.));
#8798=DIRECTION('ref_axis',(0.,0.,1.));
#8799=DIRECTION('center_axis',(0.,0.,1.));
#8800=DIRECTION('ref_axis',(1.,0.,0.));
#8801=DIRECTION('',(0.,1.,0.));
#8802=DIRECTION('',(0.,1.,0.));
#8803=DIRECTION('center_axis',(-1.,0.,0.));
#8804=DIRECTION('ref_axis',(0.,0.,1.));
#8805=DIRECTION('',(0.,1.,0.));
#8806=DIRECTION('center_axis',(0.,0.,1.));
#8807=DIRECTION('ref_axis',(1.,0.,0.));
#8808=DIRECTION('',(0.,1.,0.));
#8809=DIRECTION('',(0.,1.,0.));
#8810=DIRECTION('center_axis',(-1.,0.,0.));
#8811=DIRECTION('ref_axis',(0.,0.,1.));
#8812=DIRECTION('',(0.,1.,0.));
#8813=DIRECTION('center_axis',(0.,0.,-1.));
#8814=DIRECTION('ref_axis',(-1.,0.,0.));
#8815=DIRECTION('',(0.,1.,0.));
#8816=DIRECTION('center_axis',(1.,0.,0.));
#8817=DIRECTION('ref_axis',(0.,0.,-1.));
#8818=DIRECTION('center_axis',(0.,0.,-1.));
#8819=DIRECTION('ref_axis',(-1.,0.,0.));
#8820=DIRECTION('',(0.,1.,0.));
#8821=DIRECTION('center_axis',(1.,0.,0.));
#8822=DIRECTION('ref_axis',(0.,0.,-1.));
#8823=DIRECTION('center_axis',(0.,0.,-1.));
#8824=DIRECTION('ref_axis',(-1.,0.,0.));
#8825=DIRECTION('',(0.,1.,0.));
#8826=DIRECTION('center_axis',(1.,0.,0.));
#8827=DIRECTION('ref_axis',(0.,0.,-1.));
#8828=DIRECTION('center_axis',(0.,0.,-1.));
#8829=DIRECTION('ref_axis',(-1.,0.,0.));
#8830=DIRECTION('',(0.,1.,0.));
#8831=DIRECTION('center_axis',(1.,0.,0.));
#8832=DIRECTION('ref_axis',(0.,0.,-1.));
#8833=DIRECTION('center_axis',(0.,0.,-1.));
#8834=DIRECTION('ref_axis',(-1.,0.,0.));
#8835=DIRECTION('',(0.,1.,0.));
#8836=DIRECTION('center_axis',(1.,0.,0.));
#8837=DIRECTION('ref_axis',(0.,0.,-1.));
#8838=DIRECTION('center_axis',(0.,0.,-1.));
#8839=DIRECTION('ref_axis',(-1.,0.,0.));
#8840=DIRECTION('',(0.,1.,0.));
#8841=DIRECTION('center_axis',(1.,0.,0.));
#8842=DIRECTION('ref_axis',(0.,0.,-1.));
#8843=DIRECTION('center_axis',(0.,0.,-1.));
#8844=DIRECTION('ref_axis',(-1.,0.,0.));
#8845=DIRECTION('',(0.,1.,0.));
#8846=DIRECTION('center_axis',(1.,0.,0.));
#8847=DIRECTION('ref_axis',(0.,0.,-1.));
#8848=DIRECTION('center_axis',(0.,0.,-1.));
#8849=DIRECTION('ref_axis',(-1.,0.,0.));
#8850=DIRECTION('',(0.,1.,0.));
#8851=DIRECTION('center_axis',(1.,0.,0.));
#8852=DIRECTION('ref_axis',(0.,0.,-1.));
#8853=DIRECTION('center_axis',(0.,0.,-1.));
#8854=DIRECTION('ref_axis',(-1.,0.,0.));
#8855=DIRECTION('',(0.,1.,0.));
#8856=DIRECTION('center_axis',(1.,0.,0.));
#8857=DIRECTION('ref_axis',(0.,0.,-1.));
#8858=DIRECTION('center_axis',(0.,0.,-1.));
#8859=DIRECTION('ref_axis',(-1.,0.,0.));
#8860=DIRECTION('',(0.,1.,0.));
#8861=DIRECTION('center_axis',(1.,0.,0.));
#8862=DIRECTION('ref_axis',(0.,0.,-1.));
#8863=DIRECTION('center_axis',(0.,1.,0.));
#8864=DIRECTION('ref_axis',(0.,0.,1.));
#8865=DIRECTION('axis',(0.,0.,1.));
#8866=DIRECTION('refdir',(1.,0.,0.));
#8867=DIRECTION('center_axis',(0.866025403784454,0.,-0.499999999999974));
#8868=DIRECTION('ref_axis',(-0.499999999999974,0.,-0.866025403784454));
#8869=DIRECTION('',(0.499999999999974,0.,0.866025403784454));
#8870=DIRECTION('',(0.,1.,0.));
#8871=DIRECTION('',(-0.499999999999974,0.,-0.866025403784454));
#8872=DIRECTION('',(0.,-1.,0.));
#8873=DIRECTION('center_axis',(-0.866025403784454,0.,-0.499999999999973));
#8874=DIRECTION('ref_axis',(-0.499999999999973,0.,0.866025403784454));
#8875=DIRECTION('',(-0.499999999999973,0.,0.866025403784454));
#8876=DIRECTION('',(0.,-1.,0.));
#8877=DIRECTION('',(0.499999999999973,0.,-0.866025403784454));
#8878=DIRECTION('',(0.,1.,0.));
#8879=DIRECTION('center_axis',(-0.866025403784454,0.,-0.499999999999973));
#8880=DIRECTION('ref_axis',(-0.499999999999973,0.,0.866025403784454));
#8881=DIRECTION('',(-0.499999999999973,0.,0.866025403784454));
#8882=DIRECTION('',(0.,-1.,0.));
#8883=DIRECTION('',(0.499999999999973,0.,-0.866025403784454));
#8884=DIRECTION('',(0.,1.,0.));
#8885=DIRECTION('center_axis',(0.866025403784454,0.,-0.499999999999973));
#8886=DIRECTION('ref_axis',(-0.499999999999973,0.,-0.866025403784454));
#8887=DIRECTION('',(-0.499999999999973,0.,-0.866025403784454));
#8888=DIRECTION('',(0.,-1.,0.));
#8889=DIRECTION('',(0.499999999999973,0.,0.866025403784454));
#8890=DIRECTION('',(0.,1.,0.));
#8891=DIRECTION('center_axis',(-0.866025403784454,0.,-0.499999999999973));
#8892=DIRECTION('ref_axis',(-0.499999999999973,0.,0.866025403784454));
#8893=DIRECTION('',(0.499999999999973,0.,-0.866025403784454));
#8894=DIRECTION('',(0.,1.,0.));
#8895=DIRECTION('',(-0.499999999999973,0.,0.866025403784454));
#8896=DIRECTION('',(0.,-1.,0.));
#8897=DIRECTION('center_axis',(0.866025403784454,0.,-0.499999999999973));
#8898=DIRECTION('ref_axis',(-0.499999999999973,0.,-0.866025403784454));
#8899=DIRECTION('',(-0.499999999999973,0.,-0.866025403784454));
#8900=DIRECTION('',(0.,-1.,0.));
#8901=DIRECTION('',(0.499999999999973,0.,0.866025403784454));
#8902=DIRECTION('',(0.,1.,0.));
#8903=DIRECTION('center_axis',(-0.866025403784454,0.,-0.499999999999973));
#8904=DIRECTION('ref_axis',(-0.499999999999973,0.,0.866025403784454));
#8905=DIRECTION('',(0.499999999999973,0.,-0.866025403784454));
#8906=DIRECTION('',(0.,1.,0.));
#8907=DIRECTION('',(-0.499999999999973,0.,0.866025403784454));
#8908=DIRECTION('',(0.,-1.,0.));
#8909=DIRECTION('center_axis',(0.866025403784454,0.,-0.499999999999973));
#8910=DIRECTION('ref_axis',(-0.499999999999973,0.,-0.866025403784454));
#8911=DIRECTION('',(-0.499999999999973,0.,-0.866025403784454));
#8912=DIRECTION('',(0.,-1.,0.));
#8913=DIRECTION('',(0.499999999999973,0.,0.866025403784454));
#8914=DIRECTION('',(0.,1.,0.));
#8915=DIRECTION('center_axis',(-0.866025403784454,0.,-0.499999999999973));
#8916=DIRECTION('ref_axis',(-0.499999999999973,0.,0.866025403784454));
#8917=DIRECTION('',(0.499999999999973,0.,-0.866025403784454));
#8918=DIRECTION('',(0.,1.,0.));
#8919=DIRECTION('',(-0.499999999999973,0.,0.866025403784454));
#8920=DIRECTION('',(0.,-1.,0.));
#8921=DIRECTION('center_axis',(0.866025403784454,0.,-0.499999999999973));
#8922=DIRECTION('ref_axis',(-0.499999999999973,0.,-0.866025403784454));
#8923=DIRECTION('',(-0.499999999999973,0.,-0.866025403784454));
#8924=DIRECTION('',(0.,-1.,0.));
#8925=DIRECTION('',(0.499999999999973,0.,0.866025403784454));
#8926=DIRECTION('',(0.,1.,0.));
#8927=DIRECTION('center_axis',(-0.866025403784454,0.,-0.499999999999974));
#8928=DIRECTION('ref_axis',(-0.499999999999974,0.,0.866025403784454));
#8929=DIRECTION('',(0.499999999999974,0.,-0.866025403784454));
#8930=DIRECTION('',(0.,1.,0.));
#8931=DIRECTION('',(-0.499999999999974,0.,0.866025403784454));
#8932=DIRECTION('',(0.,-1.,0.));
#8933=DIRECTION('center_axis',(0.866025403784454,0.,-0.499999999999974));
#8934=DIRECTION('ref_axis',(-0.499999999999974,0.,-0.866025403784454));
#8935=DIRECTION('',(-0.499999999999974,0.,-0.866025403784454));
#8936=DIRECTION('',(0.,-1.,0.));
#8937=DIRECTION('',(0.499999999999974,0.,0.866025403784454));
#8938=DIRECTION('',(0.,1.,0.));
#8939=DIRECTION('center_axis',(0.866025403784454,0.,-0.499999999999973));
#8940=DIRECTION('ref_axis',(-0.499999999999973,0.,-0.866025403784454));
#8941=DIRECTION('',(-0.499999999999973,0.,-0.866025403784454));
#8942=DIRECTION('',(0.,-1.,0.));
#8943=DIRECTION('',(0.499999999999973,0.,0.866025403784454));
#8944=DIRECTION('',(0.,1.,0.));
#8945=DIRECTION('center_axis',(-0.866025403784454,0.,-0.499999999999973));
#8946=DIRECTION('ref_axis',(-0.499999999999973,0.,0.866025403784454));
#8947=DIRECTION('',(0.499999999999973,0.,-0.866025403784454));
#8948=DIRECTION('',(0.,1.,0.));
#8949=DIRECTION('',(-0.499999999999973,0.,0.866025403784454));
#8950=DIRECTION('',(0.,-1.,0.));
#8951=DIRECTION('center_axis',(0.866025403784454,0.,-0.499999999999973));
#8952=DIRECTION('ref_axis',(-0.499999999999973,0.,-0.866025403784454));
#8953=DIRECTION('',(-0.499999999999973,0.,-0.866025403784454));
#8954=DIRECTION('',(0.,-1.,0.));
#8955=DIRECTION('',(0.499999999999973,0.,0.866025403784454));
#8956=DIRECTION('',(0.,1.,0.));
#8957=DIRECTION('center_axis',(-0.866025403784454,0.,-0.499999999999973));
#8958=DIRECTION('ref_axis',(-0.499999999999973,0.,0.866025403784454));
#8959=DIRECTION('',(0.499999999999973,0.,-0.866025403784454));
#8960=DIRECTION('',(0.,1.,0.));
#8961=DIRECTION('',(-0.499999999999973,0.,0.866025403784454));
#8962=DIRECTION('',(0.,-1.,0.));
#8963=DIRECTION('center_axis',(0.866025403784454,0.,-0.499999999999973));
#8964=DIRECTION('ref_axis',(-0.499999999999973,0.,-0.866025403784454));
#8965=DIRECTION('',(-0.499999999999973,0.,-0.866025403784454));
#8966=DIRECTION('',(0.,-1.,0.));
#8967=DIRECTION('',(0.499999999999973,0.,0.866025403784454));
#8968=DIRECTION('',(0.,1.,0.));
#8969=DIRECTION('center_axis',(-0.866025403784454,0.,-0.499999999999973));
#8970=DIRECTION('ref_axis',(-0.499999999999973,0.,0.866025403784454));
#8971=DIRECTION('',(0.499999999999973,0.,-0.866025403784454));
#8972=DIRECTION('',(0.,1.,0.));
#8973=DIRECTION('',(-0.499999999999973,0.,0.866025403784454));
#8974=DIRECTION('',(0.,-1.,0.));
#8975=DIRECTION('center_axis',(0.866025403784454,0.,-0.499999999999973));
#8976=DIRECTION('ref_axis',(-0.499999999999973,0.,-0.866025403784454));
#8977=DIRECTION('',(-0.499999999999973,0.,-0.866025403784454));
#8978=DIRECTION('',(0.,-1.,0.));
#8979=DIRECTION('',(0.499999999999973,0.,0.866025403784454));
#8980=DIRECTION('',(0.,1.,0.));
#8981=DIRECTION('center_axis',(-0.866025403784454,0.,-0.499999999999974));
#8982=DIRECTION('ref_axis',(-0.499999999999974,0.,0.866025403784454));
#8983=DIRECTION('',(0.499999999999974,0.,-0.866025403784454));
#8984=DIRECTION('',(0.,1.,0.));
#8985=DIRECTION('',(-0.499999999999974,0.,0.866025403784454));
#8986=DIRECTION('',(0.,-1.,0.));
#8987=DIRECTION('center_axis',(1.,0.,0.));
#8988=DIRECTION('ref_axis',(0.,1.,0.));
#8989=DIRECTION('',(0.,0.,1.));
#8990=DIRECTION('center_axis',(-1.,0.,0.));
#8991=DIRECTION('ref_axis',(0.,1.,-4.98562258843753E-14));
#8992=DIRECTION('',(0.,-1.,0.));
#8993=DIRECTION('',(0.,0.,1.));
#8994=DIRECTION('',(0.,1.,0.));
#8995=DIRECTION('center_axis',(1.,0.,0.));
#8996=DIRECTION('ref_axis',(0.,-1.,5.10514093816035E-14));
#8997=DIRECTION('',(0.,0.,-1.));
#8998=DIRECTION('center_axis',(0.,0.,1.));
#8999=DIRECTION('ref_axis',(0.,-1.,0.));
#9000=DIRECTION('',(1.,0.,0.));
#9001=DIRECTION('',(-1.,0.,0.));
#9002=DIRECTION('center_axis',(0.,-1.,0.));
#9003=DIRECTION('ref_axis',(0.,0.,-1.));
#9004=DIRECTION('',(0.,0.,-1.));
#9005=DIRECTION('',(1.,0.,0.));
#9006=DIRECTION('',(0.,0.,1.));
#9007=DIRECTION('center_axis',(0.,-1.,0.));
#9008=DIRECTION('ref_axis',(0.,0.,-1.));
#9009=DIRECTION('',(1.,0.,0.));
#9010=DIRECTION('',(0.,0.,1.));
#9011=DIRECTION('',(1.,0.,0.));
#9012=DIRECTION('center_axis',(1.,0.,0.));
#9013=DIRECTION('ref_axis',(0.,1.,0.));
#9014=DIRECTION('',(0.,0.,1.));
#9015=DIRECTION('center_axis',(-1.,0.,0.));
#9016=DIRECTION('ref_axis',(0.,1.,-4.98562258843753E-14));
#9017=DIRECTION('',(0.,-1.,0.));
#9018=DIRECTION('',(0.,0.,1.));
#9019=DIRECTION('',(0.,1.,0.));
#9020=DIRECTION('center_axis',(1.,0.,0.));
#9021=DIRECTION('ref_axis',(0.,-1.,5.10514093816035E-14));
#9022=DIRECTION('',(0.,0.,-1.));
#9023=DIRECTION('center_axis',(1.,0.,0.));
#9024=DIRECTION('ref_axis',(0.,1.,0.));
#9025=DIRECTION('',(0.,0.,1.));
#9026=DIRECTION('center_axis',(-1.,0.,0.));
#9027=DIRECTION('ref_axis',(0.,1.,-5.05391878827915E-14));
#9028=DIRECTION('',(0.,-1.,0.));
#9029=DIRECTION('',(0.,0.,1.));
#9030=DIRECTION('',(0.,1.,0.));
#9031=DIRECTION('center_axis',(1.,0.,0.));
#9032=DIRECTION('ref_axis',(0.,-1.,2.42451509437709E-14));
#9033=DIRECTION('',(0.,0.,-1.));
#9034=DIRECTION('center_axis',(0.,1.,0.));
#9035=DIRECTION('ref_axis',(0.,0.,1.));
#9036=DIRECTION('',(-1.,0.,0.));
#9037=DIRECTION('',(0.,0.,-1.));
#9038=DIRECTION('',(1.,0.,0.));
#9039=DIRECTION('center_axis',(-1.,0.,0.));
#9040=DIRECTION('ref_axis',(0.,-1.,0.));
#9041=DIRECTION('',(0.,0.,1.));
#9042=DIRECTION('center_axis',(-1.,0.,0.));
#9043=DIRECTION('ref_axis',(0.,-1.,5.10514093816035E-14));
#9044=DIRECTION('',(0.,-1.,0.));
#9045=DIRECTION('',(0.,0.,1.));
#9046=DIRECTION('',(0.,1.,0.));
#9047=DIRECTION('center_axis',(1.,0.,0.));
#9048=DIRECTION('ref_axis',(0.,1.,-4.98562258843753E-14));
#9049=DIRECTION('center_axis',(0.,1.,0.));
#9050=DIRECTION('ref_axis',(0.,0.,1.));
#9051=DIRECTION('',(-1.,0.,0.));
#9052=DIRECTION('',(0.,0.,-1.));
#9053=DIRECTION('',(1.,0.,0.));
#9054=DIRECTION('center_axis',(-1.,0.,0.));
#9055=DIRECTION('ref_axis',(0.,-1.,0.));
#9056=DIRECTION('',(0.,0.,1.));
#9057=DIRECTION('center_axis',(-1.,0.,0.));
#9058=DIRECTION('ref_axis',(0.,-1.,2.42451509437709E-14));
#9059=DIRECTION('',(0.,-1.,0.));
#9060=DIRECTION('',(0.,0.,1.));
#9061=DIRECTION('',(0.,1.,0.));
#9062=DIRECTION('center_axis',(1.,0.,0.));
#9063=DIRECTION('ref_axis',(0.,1.,-5.05391878827915E-14));
#9064=DIRECTION('center_axis',(1.,0.,0.));
#9065=DIRECTION('ref_axis',(0.,1.,0.));
#9066=DIRECTION('',(0.,0.,1.));
#9067=DIRECTION('center_axis',(-1.,0.,0.));
#9068=DIRECTION('ref_axis',(0.,1.,-4.98562258843753E-14));
#9069=DIRECTION('',(0.,-1.,0.));
#9070=DIRECTION('',(0.,0.,1.));
#9071=DIRECTION('',(0.,1.,0.));
#9072=DIRECTION('center_axis',(1.,0.,0.));
#9073=DIRECTION('ref_axis',(0.,-1.,5.10514093816035E-14));
#9074=DIRECTION('',(0.,0.,-1.));
#9075=DIRECTION('center_axis',(1.,0.,0.));
#9076=DIRECTION('ref_axis',(0.,1.,0.));
#9077=DIRECTION('',(0.,0.,1.));
#9078=DIRECTION('center_axis',(-1.,0.,0.));
#9079=DIRECTION('ref_axis',(0.,1.,-5.05391878827915E-14));
#9080=DIRECTION('',(0.,-1.,0.));
#9081=DIRECTION('',(0.,0.,1.));
#9082=DIRECTION('',(0.,1.,0.));
#9083=DIRECTION('center_axis',(1.,0.,0.));
#9084=DIRECTION('ref_axis',(0.,-1.,2.42451509437709E-14));
#9085=DIRECTION('',(0.,0.,-1.));
#9086=DIRECTION('center_axis',(0.,1.,0.));
#9087=DIRECTION('ref_axis',(0.,0.,1.));
#9088=DIRECTION('',(-1.,0.,0.));
#9089=DIRECTION('',(0.,0.,-1.));
#9090=DIRECTION('',(1.,0.,0.));
#9091=DIRECTION('center_axis',(-1.,0.,0.));
#9092=DIRECTION('ref_axis',(0.,-1.,0.));
#9093=DIRECTION('',(0.,0.,1.));
#9094=DIRECTION('center_axis',(-1.,0.,0.));
#9095=DIRECTION('ref_axis',(0.,-1.,5.10514093816035E-14));
#9096=DIRECTION('',(0.,-1.,0.));
#9097=DIRECTION('',(0.,0.,1.));
#9098=DIRECTION('',(0.,1.,0.));
#9099=DIRECTION('center_axis',(1.,0.,0.));
#9100=DIRECTION('ref_axis',(0.,1.,-4.98562258843753E-14));
#9101=DIRECTION('center_axis',(0.,1.,0.));
#9102=DIRECTION('ref_axis',(0.,0.,1.));
#9103=DIRECTION('',(-1.,0.,0.));
#9104=DIRECTION('',(0.,0.,-1.));
#9105=DIRECTION('',(1.,0.,0.));
#9106=DIRECTION('center_axis',(-1.,0.,0.));
#9107=DIRECTION('ref_axis',(0.,-1.,0.));
#9108=DIRECTION('',(0.,0.,1.));
#9109=DIRECTION('center_axis',(-1.,0.,0.));
#9110=DIRECTION('ref_axis',(0.,-1.,2.42451509437709E-14));
#9111=DIRECTION('',(0.,-1.,0.));
#9112=DIRECTION('',(0.,0.,1.));
#9113=DIRECTION('',(0.,1.,0.));
#9114=DIRECTION('center_axis',(1.,0.,0.));
#9115=DIRECTION('ref_axis',(0.,1.,-5.05391878827915E-14));
#9116=DIRECTION('center_axis',(1.,0.,0.));
#9117=DIRECTION('ref_axis',(0.,1.,0.));
#9118=DIRECTION('',(0.,0.,1.));
#9119=DIRECTION('center_axis',(-1.,0.,0.));
#9120=DIRECTION('ref_axis',(0.,1.,-4.98562258843753E-14));
#9121=DIRECTION('',(0.,-1.,0.));
#9122=DIRECTION('',(0.,0.,1.));
#9123=DIRECTION('',(0.,1.,0.));
#9124=DIRECTION('center_axis',(1.,0.,0.));
#9125=DIRECTION('ref_axis',(0.,-1.,5.10514093816035E-14));
#9126=DIRECTION('',(0.,0.,-1.));
#9127=DIRECTION('center_axis',(1.,0.,0.));
#9128=DIRECTION('ref_axis',(0.,1.,0.));
#9129=DIRECTION('',(0.,0.,1.));
#9130=DIRECTION('center_axis',(-1.,0.,0.));
#9131=DIRECTION('ref_axis',(0.,1.,-5.05391878827915E-14));
#9132=DIRECTION('',(0.,-1.,0.));
#9133=DIRECTION('',(0.,0.,1.));
#9134=DIRECTION('',(0.,1.,0.));
#9135=DIRECTION('center_axis',(1.,0.,0.));
#9136=DIRECTION('ref_axis',(0.,-1.,2.42451509437709E-14));
#9137=DIRECTION('',(0.,0.,-1.));
#9138=DIRECTION('center_axis',(0.,1.,0.));
#9139=DIRECTION('ref_axis',(0.,0.,1.));
#9140=DIRECTION('',(-1.,0.,0.));
#9141=DIRECTION('',(0.,0.,-1.));
#9142=DIRECTION('',(1.,0.,0.));
#9143=DIRECTION('center_axis',(-1.,0.,0.));
#9144=DIRECTION('ref_axis',(0.,-1.,0.));
#9145=DIRECTION('',(0.,0.,1.));
#9146=DIRECTION('center_axis',(-1.,0.,0.));
#9147=DIRECTION('ref_axis',(0.,-1.,5.10514093816035E-14));
#9148=DIRECTION('',(0.,-1.,0.));
#9149=DIRECTION('',(0.,0.,1.));
#9150=DIRECTION('',(0.,1.,0.));
#9151=DIRECTION('center_axis',(1.,0.,0.));
#9152=DIRECTION('ref_axis',(0.,1.,-4.98562258843753E-14));
#9153=DIRECTION('center_axis',(0.,1.,0.));
#9154=DIRECTION('ref_axis',(0.,0.,1.));
#9155=DIRECTION('',(-1.,0.,0.));
#9156=DIRECTION('',(0.,0.,-1.));
#9157=DIRECTION('',(1.,0.,0.));
#9158=DIRECTION('center_axis',(-1.,0.,0.));
#9159=DIRECTION('ref_axis',(0.,-1.,0.));
#9160=DIRECTION('',(0.,0.,1.));
#9161=DIRECTION('center_axis',(-1.,0.,0.));
#9162=DIRECTION('ref_axis',(0.,-1.,2.42451509437709E-14));
#9163=DIRECTION('',(0.,-1.,0.));
#9164=DIRECTION('',(0.,0.,1.));
#9165=DIRECTION('',(0.,1.,0.));
#9166=DIRECTION('center_axis',(1.,0.,0.));
#9167=DIRECTION('ref_axis',(0.,1.,-5.05391878827915E-14));
#9168=DIRECTION('center_axis',(1.,0.,0.));
#9169=DIRECTION('ref_axis',(0.,1.,0.));
#9170=DIRECTION('',(0.,0.,1.));
#9171=DIRECTION('center_axis',(-1.,0.,0.));
#9172=DIRECTION('ref_axis',(0.,1.,-4.98562258843753E-14));
#9173=DIRECTION('',(0.,-1.,0.));
#9174=DIRECTION('',(0.,0.,1.));
#9175=DIRECTION('',(0.,1.,0.));
#9176=DIRECTION('center_axis',(1.,0.,0.));
#9177=DIRECTION('ref_axis',(0.,-1.,5.10514093816035E-14));
#9178=DIRECTION('',(0.,0.,-1.));
#9179=DIRECTION('center_axis',(1.,0.,0.));
#9180=DIRECTION('ref_axis',(0.,1.,0.));
#9181=DIRECTION('',(0.,0.,1.));
#9182=DIRECTION('center_axis',(-1.,0.,0.));
#9183=DIRECTION('ref_axis',(0.,1.,-5.05391878827915E-14));
#9184=DIRECTION('',(0.,-1.,0.));
#9185=DIRECTION('',(0.,0.,1.));
#9186=DIRECTION('',(0.,1.,0.));
#9187=DIRECTION('center_axis',(1.,0.,0.));
#9188=DIRECTION('ref_axis',(0.,-1.,2.42451509437709E-14));
#9189=DIRECTION('',(0.,0.,-1.));
#9190=DIRECTION('center_axis',(0.,1.,0.));
#9191=DIRECTION('ref_axis',(0.,0.,1.));
#9192=DIRECTION('',(-1.,0.,0.));
#9193=DIRECTION('',(0.,0.,-1.));
#9194=DIRECTION('',(1.,0.,0.));
#9195=DIRECTION('center_axis',(-1.,0.,0.));
#9196=DIRECTION('ref_axis',(0.,-1.,0.));
#9197=DIRECTION('',(0.,0.,1.));
#9198=DIRECTION('center_axis',(-1.,0.,0.));
#9199=DIRECTION('ref_axis',(0.,-1.,5.10514093816035E-14));
#9200=DIRECTION('',(0.,-1.,0.));
#9201=DIRECTION('',(0.,0.,1.));
#9202=DIRECTION('',(0.,1.,0.));
#9203=DIRECTION('center_axis',(1.,0.,0.));
#9204=DIRECTION('ref_axis',(0.,1.,-4.98562258843753E-14));
#9205=DIRECTION('center_axis',(0.,1.,0.));
#9206=DIRECTION('ref_axis',(0.,0.,1.));
#9207=DIRECTION('',(-1.,0.,0.));
#9208=DIRECTION('',(0.,0.,-1.));
#9209=DIRECTION('',(1.,0.,0.));
#9210=DIRECTION('center_axis',(-1.,0.,0.));
#9211=DIRECTION('ref_axis',(0.,-1.,0.));
#9212=DIRECTION('',(0.,0.,1.));
#9213=DIRECTION('center_axis',(-1.,0.,0.));
#9214=DIRECTION('ref_axis',(0.,-1.,2.42451509437709E-14));
#9215=DIRECTION('',(0.,-1.,0.));
#9216=DIRECTION('',(0.,0.,1.));
#9217=DIRECTION('',(0.,1.,0.));
#9218=DIRECTION('center_axis',(1.,0.,0.));
#9219=DIRECTION('ref_axis',(0.,1.,-5.05391878827915E-14));
#9220=DIRECTION('center_axis',(1.,0.,0.));
#9221=DIRECTION('ref_axis',(0.,1.,0.));
#9222=DIRECTION('',(0.,0.,1.));
#9223=DIRECTION('center_axis',(-1.,0.,0.));
#9224=DIRECTION('ref_axis',(0.,1.,-5.05391878827915E-14));
#9225=DIRECTION('',(0.,-1.,0.));
#9226=DIRECTION('',(0.,0.,1.));
#9227=DIRECTION('',(0.,1.,0.));
#9228=DIRECTION('center_axis',(1.,0.,0.));
#9229=DIRECTION('ref_axis',(0.,-1.,2.42451509437709E-14));
#9230=DIRECTION('center_axis',(-1.,0.,0.));
#9231=DIRECTION('ref_axis',(0.,-1.,0.));
#9232=DIRECTION('center_axis',(-1.,0.,0.));
#9233=DIRECTION('ref_axis',(0.,-1.,2.42451509437709E-14));
#9234=DIRECTION('',(0.,-1.,0.));
#9235=DIRECTION('',(0.,0.,1.));
#9236=DIRECTION('',(0.,1.,0.));
#9237=DIRECTION('center_axis',(1.,0.,0.));
#9238=DIRECTION('ref_axis',(0.,1.,-5.05391878827915E-14));
#9239=DIRECTION('',(0.,0.,-1.));
#9240=DIRECTION('center_axis',(-1.,0.,0.));
#9241=DIRECTION('ref_axis',(0.,-1.,0.));
#9242=DIRECTION('center_axis',(-1.,0.,0.));
#9243=DIRECTION('ref_axis',(0.,-1.,5.10514093816035E-14));
#9244=DIRECTION('',(0.,-1.,0.));
#9245=DIRECTION('',(0.,0.,1.));
#9246=DIRECTION('',(0.,1.,0.));
#9247=DIRECTION('center_axis',(1.,0.,0.));
#9248=DIRECTION('ref_axis',(0.,1.,-4.98562258843753E-14));
#9249=DIRECTION('',(0.,0.,-1.));
#9250=DIRECTION('center_axis',(-1.,0.,0.));
#9251=DIRECTION('ref_axis',(0.,0.,1.));
#9252=DIRECTION('',(0.,0.,1.));
#9253=DIRECTION('',(0.,1.,0.));
#9254=DIRECTION('',(0.,0.,1.));
#9255=DIRECTION('',(0.,1.,0.));
#9256=DIRECTION('center_axis',(0.,0.,1.));
#9257=DIRECTION('ref_axis',(0.,-1.,0.));
#9258=DIRECTION('',(1.,0.,0.));
#9259=DIRECTION('center_axis',(0.,0.,1.));
#9260=DIRECTION('ref_axis',(0.,-1.,0.));
#9261=DIRECTION('',(1.,0.,0.));
#9262=DIRECTION('center_axis',(0.,0.,1.));
#9263=DIRECTION('ref_axis',(0.,-1.,0.));
#9264=DIRECTION('',(1.,0.,0.));
#9265=DIRECTION('center_axis',(0.,0.,1.));
#9266=DIRECTION('ref_axis',(0.,-1.,0.));
#9267=DIRECTION('',(1.,0.,0.));
#9268=DIRECTION('center_axis',(0.,-1.,0.));
#9269=DIRECTION('ref_axis',(0.,0.,-1.));
#9270=DIRECTION('',(1.,0.,0.));
#9271=DIRECTION('center_axis',(0.,-1.,0.));
#9272=DIRECTION('ref_axis',(0.,0.,-1.));
#9273=DIRECTION('',(1.,0.,0.));
#9274=DIRECTION('center_axis',(0.,-1.,0.));
#9275=DIRECTION('ref_axis',(0.,0.,-1.));
#9276=DIRECTION('',(1.,0.,0.));
#9277=DIRECTION('center_axis',(0.,-1.,0.));
#9278=DIRECTION('ref_axis',(0.,0.,-1.));
#9279=DIRECTION('',(1.,0.,0.));
#9280=DIRECTION('center_axis',(1.,0.,0.));
#9281=DIRECTION('ref_axis',(0.,-1.,5.10514093816035E-14));
#9282=DIRECTION('',(1.,0.,0.));
#9283=DIRECTION('center_axis',(1.,0.,0.));
#9284=DIRECTION('ref_axis',(0.,-1.,5.10514093816035E-14));
#9285=DIRECTION('',(1.,0.,0.));
#9286=DIRECTION('center_axis',(1.,0.,0.));
#9287=DIRECTION('ref_axis',(0.,-1.,5.10514093816035E-14));
#9288=DIRECTION('',(1.,0.,0.));
#9289=DIRECTION('center_axis',(1.,0.,0.));
#9290=DIRECTION('ref_axis',(0.,-1.,5.10514093816035E-14));
#9291=DIRECTION('',(1.,0.,0.));
#9292=DIRECTION('center_axis',(1.,0.,0.));
#9293=DIRECTION('ref_axis',(0.,-1.,5.10514093816035E-14));
#9294=DIRECTION('',(1.,0.,0.));
#9295=DIRECTION('center_axis',(0.,0.,-1.));
#9296=DIRECTION('ref_axis',(0.,1.,0.));
#9297=DIRECTION('',(-1.,0.,0.));
#9298=DIRECTION('center_axis',(0.,0.,-1.));
#9299=DIRECTION('ref_axis',(0.,1.,0.));
#9300=DIRECTION('',(-1.,0.,0.));
#9301=DIRECTION('center_axis',(0.,0.,-1.));
#9302=DIRECTION('ref_axis',(0.,1.,0.));
#9303=DIRECTION('',(-1.,0.,0.));
#9304=DIRECTION('center_axis',(0.,0.,-1.));
#9305=DIRECTION('ref_axis',(0.,1.,0.));
#9306=DIRECTION('',(-1.,0.,0.));
#9307=DIRECTION('center_axis',(0.,0.,-1.));
#9308=DIRECTION('ref_axis',(0.,1.,0.));
#9309=DIRECTION('',(-1.,0.,0.));
#9310=DIRECTION('center_axis',(1.,0.,0.));
#9311=DIRECTION('ref_axis',(0.,1.,-4.98562258843753E-14));
#9312=DIRECTION('',(1.,0.,0.));
#9313=DIRECTION('center_axis',(1.,0.,0.));
#9314=DIRECTION('ref_axis',(0.,1.,-4.98562258843753E-14));
#9315=DIRECTION('',(1.,0.,0.));
#9316=DIRECTION('center_axis',(1.,0.,0.));
#9317=DIRECTION('ref_axis',(0.,1.,-4.98562258843753E-14));
#9318=DIRECTION('',(1.,0.,0.));
#9319=DIRECTION('center_axis',(1.,0.,0.));
#9320=DIRECTION('ref_axis',(0.,1.,-4.98562258843753E-14));
#9321=DIRECTION('',(1.,0.,0.));
#9322=DIRECTION('center_axis',(0.,0.,1.));
#9323=DIRECTION('ref_axis',(0.,-1.,0.));
#9324=DIRECTION('',(1.,0.,0.));
#9325=DIRECTION('center_axis',(0.,0.,1.));
#9326=DIRECTION('ref_axis',(0.,-1.,0.));
#9327=DIRECTION('',(1.,0.,0.));
#9328=DIRECTION('center_axis',(0.,0.,1.));
#9329=DIRECTION('ref_axis',(0.,-1.,0.));
#9330=DIRECTION('',(1.,0.,0.));
#9331=DIRECTION('center_axis',(0.,0.,1.));
#9332=DIRECTION('ref_axis',(0.,-1.,0.));
#9333=DIRECTION('',(1.,0.,0.));
#9334=DIRECTION('center_axis',(0.,-1.,0.));
#9335=DIRECTION('ref_axis',(0.,0.,-1.));
#9336=DIRECTION('',(1.,0.,0.));
#9337=DIRECTION('center_axis',(0.,-1.,0.));
#9338=DIRECTION('ref_axis',(0.,0.,-1.));
#9339=DIRECTION('',(1.,0.,0.));
#9340=DIRECTION('center_axis',(0.,-1.,0.));
#9341=DIRECTION('ref_axis',(0.,0.,-1.));
#9342=DIRECTION('',(1.,0.,0.));
#9343=DIRECTION('center_axis',(0.,-1.,0.));
#9344=DIRECTION('ref_axis',(0.,0.,-1.));
#9345=DIRECTION('',(1.,0.,0.));
#9346=DIRECTION('center_axis',(0.,0.,1.));
#9347=DIRECTION('ref_axis',(0.,-1.,0.));
#9348=DIRECTION('',(1.,0.,0.));
#9349=DIRECTION('center_axis',(0.,0.,1.));
#9350=DIRECTION('ref_axis',(0.,-1.,0.));
#9351=DIRECTION('',(1.,0.,0.));
#9352=DIRECTION('center_axis',(0.,0.,1.));
#9353=DIRECTION('ref_axis',(0.,-1.,0.));
#9354=DIRECTION('',(1.,0.,0.));
#9355=DIRECTION('center_axis',(0.,0.,1.));
#9356=DIRECTION('ref_axis',(0.,-1.,0.));
#9357=DIRECTION('',(1.,0.,0.));
#9358=DIRECTION('center_axis',(1.,0.,0.));
#9359=DIRECTION('ref_axis',(0.,-1.,2.42451509437709E-14));
#9360=DIRECTION('',(1.,0.,0.));
#9361=DIRECTION('center_axis',(1.,0.,0.));
#9362=DIRECTION('ref_axis',(0.,-1.,2.42451509437709E-14));
#9363=DIRECTION('',(1.,0.,0.));
#9364=DIRECTION('center_axis',(1.,0.,0.));
#9365=DIRECTION('ref_axis',(0.,-1.,2.42451509437709E-14));
#9366=DIRECTION('',(1.,0.,0.));
#9367=DIRECTION('center_axis',(1.,0.,0.));
#9368=DIRECTION('ref_axis',(0.,-1.,2.42451509437709E-14));
#9369=DIRECTION('',(1.,0.,0.));
#9370=DIRECTION('center_axis',(0.,0.,-1.));
#9371=DIRECTION('ref_axis',(0.,1.,0.));
#9372=DIRECTION('',(-1.,0.,0.));
#9373=DIRECTION('center_axis',(0.,0.,-1.));
#9374=DIRECTION('ref_axis',(0.,1.,0.));
#9375=DIRECTION('',(-1.,0.,0.));
#9376=DIRECTION('center_axis',(0.,0.,-1.));
#9377=DIRECTION('ref_axis',(0.,1.,0.));
#9378=DIRECTION('',(-1.,0.,0.));
#9379=DIRECTION('center_axis',(0.,0.,-1.));
#9380=DIRECTION('ref_axis',(0.,1.,0.));
#9381=DIRECTION('',(-1.,0.,0.));
#9382=DIRECTION('center_axis',(1.,0.,0.));
#9383=DIRECTION('ref_axis',(0.,1.,-5.05391878827915E-14));
#9384=DIRECTION('',(1.,0.,0.));
#9385=DIRECTION('center_axis',(1.,0.,0.));
#9386=DIRECTION('ref_axis',(0.,1.,-5.05391878827915E-14));
#9387=DIRECTION('',(1.,0.,0.));
#9388=DIRECTION('center_axis',(1.,0.,0.));
#9389=DIRECTION('ref_axis',(0.,1.,-5.05391878827915E-14));
#9390=DIRECTION('',(1.,0.,0.));
#9391=DIRECTION('center_axis',(1.,0.,0.));
#9392=DIRECTION('ref_axis',(0.,1.,-5.05391878827915E-14));
#9393=DIRECTION('',(1.,0.,0.));
#9394=DIRECTION('center_axis',(1.,0.,0.));
#9395=DIRECTION('ref_axis',(0.,1.,-5.05391878827915E-14));
#9396=DIRECTION('',(1.,0.,0.));
#9397=DIRECTION('',(1.,0.,0.));
#9398=DIRECTION('center_axis',(0.,0.,1.));
#9399=DIRECTION('ref_axis',(0.,-1.,0.));
#9400=DIRECTION('',(1.,0.,0.));
#9401=DIRECTION('center_axis',(0.,0.,1.));
#9402=DIRECTION('ref_axis',(0.,-1.,0.));
#9403=DIRECTION('',(1.,0.,0.));
#9404=DIRECTION('center_axis',(0.,0.,1.));
#9405=DIRECTION('ref_axis',(0.,-1.,0.));
#9406=DIRECTION('',(1.,0.,0.));
#9407=DIRECTION('center_axis',(0.,0.,1.));
#9408=DIRECTION('ref_axis',(0.,-1.,0.));
#9409=DIRECTION('',(1.,0.,0.));
#9410=DIRECTION('center_axis',(0.,0.,1.));
#9411=DIRECTION('ref_axis',(0.,-1.,0.));
#9412=DIRECTION('',(1.,0.,0.));
#9413=DIRECTION('center_axis',(0.,0.,1.));
#9414=DIRECTION('ref_axis',(0.,-1.,0.));
#9415=DIRECTION('',(1.,0.,0.));
#9416=DIRECTION('',(1.,0.,0.));
#9417=DIRECTION('center_axis',(0.,1.,0.));
#9418=DIRECTION('ref_axis',(0.,0.,1.));
#9419=DIRECTION('',(-1.,0.,0.));
#9420=DIRECTION('',(1.,0.,0.));
#9421=DIRECTION('center_axis',(1.,0.,0.));
#9422=DIRECTION('ref_axis',(0.,1.,-4.98562258843753E-14));
#9423=DIRECTION('center_axis',(0.,0.,1.));
#9424=DIRECTION('ref_axis',(0.,-1.,0.));
#9425=DIRECTION('center_axis',(0.,1.,0.));
#9426=DIRECTION('ref_axis',(0.,0.,1.));
#9427=DIRECTION('',(1.,0.,0.));
#9428=DIRECTION('',(0.,0.,-1.));
#9429=DIRECTION('',(-1.,0.,0.));
#9430=DIRECTION('center_axis',(1.,0.,0.));
#9431=DIRECTION('ref_axis',(0.,0.,-1.));
#9432=DIRECTION('',(0.,0.,-1.));
#9433=DIRECTION('',(0.,1.,0.));
#9434=DIRECTION('',(0.,1.,0.));
#9435=DIRECTION('center_axis',(0.,1.,0.));
#9436=DIRECTION('ref_axis',(0.,0.,1.));
#9437=DIRECTION('',(-1.,0.,0.));
#9438=DIRECTION('',(1.,0.,0.));
#9439=DIRECTION('',(-1.,0.,0.));
#9440=DIRECTION('center_axis',(0.,0.,-1.));
#9441=DIRECTION('ref_axis',(0.,1.,0.));
#9442=DIRECTION('',(1.,0.,0.));
#9443=DIRECTION('center_axis',(0.,1.,0.));
#9444=DIRECTION('ref_axis',(0.,0.,1.));
#9445=DIRECTION('center_axis',(1.,0.,0.));
#9446=DIRECTION('ref_axis',(0.,-1.,2.42451509437709E-14));
#9447=DIRECTION('center_axis',(0.,0.,-1.));
#9448=DIRECTION('ref_axis',(-1.,0.,0.));
#9449=DIRECTION('center_axis',(0.,0.,1.));
#9450=DIRECTION('ref_axis',(1.,0.,0.));
#9451=DIRECTION('',(0.,0.,1.));
#9452=DIRECTION('',(1.,0.,0.));
#9453=DIRECTION('',(0.,0.,1.));
#9454=DIRECTION('',(1.,0.,0.));
#9455=DIRECTION('axis',(0.,0.,1.));
#9456=DIRECTION('refdir',(1.,0.,0.));
#9457=DIRECTION('center_axis',(0.805970477030154,-0.591955733273854,0.));
#9458=DIRECTION('ref_axis',(0.591955733273854,0.805970477030154,0.));
#9459=DIRECTION('',(0.591955733273854,0.805970477030154,0.));
#9460=DIRECTION('',(0.,0.,1.));
#9461=DIRECTION('',(0.591955733273854,0.805970477030154,0.));
#9462=DIRECTION('',(0.,0.,1.));
#9463=DIRECTION('center_axis',(-0.805970477030154,-0.591955733273854,0.));
#9464=DIRECTION('ref_axis',(0.591955733273854,-0.805970477030154,0.));
#9465=DIRECTION('',(0.591955733273854,-0.805970477030154,0.));
#9466=DIRECTION('',(0.591955733273854,-0.805970477030154,0.));
#9467=DIRECTION('',(0.,0.,1.));
#9468=DIRECTION('center_axis',(0.,1.,0.));
#9469=DIRECTION('ref_axis',(-1.,0.,0.));
#9470=DIRECTION('',(-1.,0.,0.));
#9471=DIRECTION('',(-1.,0.,0.));
#9472=DIRECTION('center_axis',(0.,0.,1.));
#9473=DIRECTION('ref_axis',(1.,0.,0.));
#9474=DIRECTION('center_axis',(0.,0.,1.));
#9475=DIRECTION('ref_axis',(1.,0.,0.));
#9476=DIRECTION('axis',(0.,0.,1.));
#9477=DIRECTION('refdir',(1.,0.,0.));
#9478=DIRECTION('center_axis',(-1.,0.,0.));
#9479=DIRECTION('ref_axis',(0.,0.,1.));
#9480=DIRECTION('',(0.,0.,1.));
#9481=DIRECTION('',(0.,1.,0.));
#9482=DIRECTION('',(0.,0.,1.));
#9483=DIRECTION('',(0.,1.,0.));
#9484=DIRECTION('center_axis',(0.,1.,0.));
#9485=DIRECTION('ref_axis',(0.,0.,1.));
#9486=DIRECTION('',(1.,0.,0.));
#9487=DIRECTION('',(0.,0.,1.));
#9488=DIRECTION('',(1.,0.,0.));
#9489=DIRECTION('center_axis',(1.,0.,0.));
#9490=DIRECTION('ref_axis',(0.,0.,-1.));
#9491=DIRECTION('',(0.,-1.,0.));
#9492=DIRECTION('',(0.,0.,1.));
#9493=DIRECTION('',(0.,-1.,0.));
#9494=DIRECTION('center_axis',(0.,-1.,0.));
#9495=DIRECTION('ref_axis',(0.,0.,-1.));
#9496=DIRECTION('',(-1.,0.,0.));
#9497=DIRECTION('',(0.,0.,1.));
#9498=DIRECTION('',(-1.,0.,0.));
#9499=DIRECTION('center_axis',(-1.,0.,0.));
#9500=DIRECTION('ref_axis',(0.,0.,1.));
#9501=DIRECTION('',(0.,1.,0.));
#9502=DIRECTION('',(0.,1.,0.));
#9503=DIRECTION('center_axis',(0.,0.,1.));
#9504=DIRECTION('ref_axis',(1.,0.,0.));
#9505=DIRECTION('center_axis',(0.,0.,1.));
#9506=DIRECTION('ref_axis',(1.,0.,0.));
#9507=DIRECTION('center_axis',(-1.,0.,0.));
#9508=DIRECTION('ref_axis',(0.,0.,1.));
#9509=DIRECTION('',(0.,0.,1.));
#9510=DIRECTION('',(0.,1.,0.));
#9511=DIRECTION('',(0.,0.,1.));
#9512=DIRECTION('',(0.,1.,0.));
#9513=DIRECTION('center_axis',(0.,1.,0.));
#9514=DIRECTION('ref_axis',(0.,0.,1.));
#9515=DIRECTION('',(1.,0.,0.));
#9516=DIRECTION('',(0.,0.,1.));
#9517=DIRECTION('',(1.,0.,0.));
#9518=DIRECTION('center_axis',(1.,0.,0.));
#9519=DIRECTION('ref_axis',(0.,0.,-1.));
#9520=DIRECTION('',(0.,-1.,0.));
#9521=DIRECTION('',(0.,0.,1.));
#9522=DIRECTION('',(0.,-1.,0.));
#9523=DIRECTION('center_axis',(0.,-1.,0.));
#9524=DIRECTION('ref_axis',(0.,0.,-1.));
#9525=DIRECTION('',(-1.,0.,0.));
#9526=DIRECTION('',(0.,0.,1.));
#9527=DIRECTION('',(-1.,0.,0.));
#9528=DIRECTION('center_axis',(-1.,0.,0.));
#9529=DIRECTION('ref_axis',(0.,0.,1.));
#9530=DIRECTION('',(0.,1.,0.));
#9531=DIRECTION('',(0.,1.,0.));
#9532=DIRECTION('center_axis',(0.,0.,1.));
#9533=DIRECTION('ref_axis',(1.,0.,0.));
#9534=DIRECTION('center_axis',(0.,0.,1.));
#9535=DIRECTION('ref_axis',(1.,0.,0.));
#9536=DIRECTION('',(0.,0.,1.));
#9537=DIRECTION('',(0.,0.,1.));
#9538=DIRECTION('center_axis',(-0.999996329813046,-0.0027093099559053,0.));
#9539=DIRECTION('ref_axis',(0.,0.,1.));
#9540=DIRECTION('',(-0.0027093099559053,0.999996329813046,0.));
#9541=DIRECTION('',(0.,0.,1.));
#9542=DIRECTION('',(-0.0027093099559053,0.999996329813046,0.));
#9543=DIRECTION('center_axis',(0.,-1.,0.));
#9544=DIRECTION('ref_axis',(0.,0.,-1.));
#9545=DIRECTION('',(-1.,0.,0.));
#9546=DIRECTION('',(0.,0.,1.));
#9547=DIRECTION('',(-1.,0.,0.));
#9548=DIRECTION('center_axis',(-1.,0.,0.));
#9549=DIRECTION('ref_axis',(0.,0.,1.));
#9550=DIRECTION('',(0.,1.,0.));
#9551=DIRECTION('',(0.,0.,1.));
#9552=DIRECTION('',(0.,1.,0.));
#9553=DIRECTION('center_axis',(0.,1.,0.));
#9554=DIRECTION('ref_axis',(0.,0.,1.));
#9555=DIRECTION('',(1.,0.,0.));
#9556=DIRECTION('',(0.,0.,1.));
#9557=DIRECTION('',(1.,0.,0.));
#9558=DIRECTION('center_axis',(-1.,0.,0.));
#9559=DIRECTION('ref_axis',(0.,0.,1.));
#9560=DIRECTION('',(0.,1.,0.));
#9561=DIRECTION('',(0.,0.,1.));
#9562=DIRECTION('',(0.,1.,0.));
#9563=DIRECTION('center_axis',(0.,1.,0.));
#9564=DIRECTION('ref_axis',(0.,0.,1.));
#9565=DIRECTION('',(1.,0.,0.));
#9566=DIRECTION('',(0.,0.,1.));
#9567=DIRECTION('',(1.,0.,0.));
#9568=DIRECTION('center_axis',(1.,0.,0.));
#9569=DIRECTION('ref_axis',(0.,0.,-1.));
#9570=DIRECTION('',(0.,-1.,0.));
#9571=DIRECTION('',(0.,0.,1.));
#9572=DIRECTION('',(0.,-1.,0.));
#9573=DIRECTION('center_axis',(0.,1.,0.));
#9574=DIRECTION('ref_axis',(0.,0.,1.));
#9575=DIRECTION('',(1.,0.,0.));
#9576=DIRECTION('',(0.,0.,1.));
#9577=DIRECTION('',(1.,0.,0.));
#9578=DIRECTION('center_axis',(1.,0.,0.));
#9579=DIRECTION('ref_axis',(0.,0.,-1.));
#9580=DIRECTION('',(0.,-1.,0.));
#9581=DIRECTION('',(0.,0.,1.));
#9582=DIRECTION('',(0.,-1.,0.));
#9583=DIRECTION('center_axis',(0.,-1.,0.));
#9584=DIRECTION('ref_axis',(0.,0.,-1.));
#9585=DIRECTION('',(-1.,0.,0.));
#9586=DIRECTION('',(0.,0.,1.));
#9587=DIRECTION('',(-1.,0.,0.));
#9588=DIRECTION('center_axis',(1.,0.,0.));
#9589=DIRECTION('ref_axis',(0.,0.,-1.));
#9590=DIRECTION('',(0.,-1.,0.));
#9591=DIRECTION('',(0.,0.,1.));
#9592=DIRECTION('',(0.,-1.,0.));
#9593=DIRECTION('center_axis',(0.,1.,0.));
#9594=DIRECTION('ref_axis',(0.,0.,1.));
#9595=DIRECTION('',(1.,0.,0.));
#9596=DIRECTION('',(0.,0.,1.));
#9597=DIRECTION('',(1.,0.,0.));
#9598=DIRECTION('center_axis',(1.,0.,0.));
#9599=DIRECTION('ref_axis',(0.,0.,-1.));
#9600=DIRECTION('',(0.,-1.,0.));
#9601=DIRECTION('',(0.,0.,1.));
#9602=DIRECTION('',(0.,-1.,0.));
#9603=DIRECTION('center_axis',(0.,-1.,0.));
#9604=DIRECTION('ref_axis',(0.,0.,-1.));
#9605=DIRECTION('',(-1.,0.,0.));
#9606=DIRECTION('',(0.,0.,1.));
#9607=DIRECTION('',(-1.,0.,0.));
#9608=DIRECTION('center_axis',(-0.72205072327562,-0.691840120994117,0.));
#9609=DIRECTION('ref_axis',(0.,0.,1.));
#9610=DIRECTION('',(-0.691840120994117,0.72205072327562,0.));
#9611=DIRECTION('',(-0.691840120994117,0.72205072327562,0.));
#9612=DIRECTION('center_axis',(0.,0.,1.));
#9613=DIRECTION('ref_axis',(1.,0.,0.));
#9614=DIRECTION('center_axis',(0.,0.,1.));
#9615=DIRECTION('ref_axis',(1.,0.,0.));
#9616=DIRECTION('center_axis',(-1.,0.,0.));
#9617=DIRECTION('ref_axis',(0.,0.,1.));
#9618=DIRECTION('',(0.,0.,1.));
#9619=DIRECTION('',(0.,1.,0.));
#9620=DIRECTION('',(0.,0.,1.));
#9621=DIRECTION('',(0.,1.,0.));
#9622=DIRECTION('center_axis',(0.,1.,0.));
#9623=DIRECTION('ref_axis',(0.,0.,1.));
#9624=DIRECTION('',(1.,0.,0.));
#9625=DIRECTION('',(0.,0.,1.));
#9626=DIRECTION('',(1.,0.,0.));
#9627=DIRECTION('center_axis',(1.,0.,0.));
#9628=DIRECTION('ref_axis',(0.,0.,-1.));
#9629=DIRECTION('',(0.,-1.,0.));
#9630=DIRECTION('',(0.,0.,1.));
#9631=DIRECTION('',(0.,-1.,0.));
#9632=DIRECTION('center_axis',(0.,-1.,0.));
#9633=DIRECTION('ref_axis',(0.,0.,-1.));
#9634=DIRECTION('',(-1.,0.,0.));
#9635=DIRECTION('',(0.,0.,1.));
#9636=DIRECTION('',(-1.,0.,0.));
#9637=DIRECTION('center_axis',(-1.,0.,0.));
#9638=DIRECTION('ref_axis',(0.,0.,1.));
#9639=DIRECTION('',(0.,1.,0.));
#9640=DIRECTION('',(0.,1.,0.));
#9641=DIRECTION('center_axis',(0.,0.,1.));
#9642=DIRECTION('ref_axis',(1.,0.,0.));
#9643=DIRECTION('center_axis',(0.,0.,1.));
#9644=DIRECTION('ref_axis',(1.,0.,0.));
#9645=DIRECTION('center_axis',(-1.,0.,0.));
#9646=DIRECTION('ref_axis',(0.,0.,1.));
#9647=DIRECTION('',(0.,0.,1.));
#9648=DIRECTION('',(0.,1.,0.));
#9649=DIRECTION('',(0.,0.,1.));
#9650=DIRECTION('',(0.,1.,0.));
#9651=DIRECTION('center_axis',(0.,1.,0.));
#9652=DIRECTION('ref_axis',(0.,0.,1.));
#9653=DIRECTION('',(1.,0.,0.));
#9654=DIRECTION('',(0.,0.,1.));
#9655=DIRECTION('',(1.,0.,0.));
#9656=DIRECTION('center_axis',(1.,0.,0.));
#9657=DIRECTION('ref_axis',(0.,0.,-1.));
#9658=DIRECTION('',(0.,-1.,0.));
#9659=DIRECTION('',(0.,0.,1.));
#9660=DIRECTION('',(0.,-1.,0.));
#9661=DIRECTION('center_axis',(0.,-1.,0.));
#9662=DIRECTION('ref_axis',(0.,0.,-1.));
#9663=DIRECTION('',(-1.,0.,0.));
#9664=DIRECTION('',(0.,0.,1.));
#9665=DIRECTION('',(-1.,0.,0.));
#9666=DIRECTION('center_axis',(-1.,0.,0.));
#9667=DIRECTION('ref_axis',(0.,0.,1.));
#9668=DIRECTION('',(0.,1.,0.));
#9669=DIRECTION('',(0.,1.,0.));
#9670=DIRECTION('center_axis',(0.,0.,1.));
#9671=DIRECTION('ref_axis',(1.,0.,0.));
#9672=DIRECTION('center_axis',(0.,0.,1.));
#9673=DIRECTION('ref_axis',(1.,0.,0.));
#9674=DIRECTION('',(0.,0.,1.));
#9675=DIRECTION('center_axis',(0.,0.,-1.));
#9676=DIRECTION('ref_axis',(-0.0178852793319566,0.999840045598904,0.));
#9677=DIRECTION('',(0.,0.,1.));
#9678=DIRECTION('center_axis',(0.,0.,-1.));
#9679=DIRECTION('ref_axis',(-0.0178852793319566,0.999840045598904,0.));
#9680=DIRECTION('center_axis',(0.,0.,-1.));
#9681=DIRECTION('ref_axis',(0.676949249864876,0.736029695805394,0.));
#9682=DIRECTION('',(0.,0.,1.));
#9683=DIRECTION('center_axis',(0.,0.,-1.));
#9684=DIRECTION('ref_axis',(0.676949249864876,0.736029695805394,0.));
#9685=DIRECTION('center_axis',(-0.457175181275092,0.88937666577558,0.));
#9686=DIRECTION('ref_axis',(0.,0.,1.));
#9687=DIRECTION('',(0.88937666577558,0.457175181275092,0.));
#9688=DIRECTION('',(0.,0.,1.));
#9689=DIRECTION('',(0.88937666577558,0.457175181275092,0.));
#9690=DIRECTION('center_axis',(-0.0087303637443601,0.999961889648246,0.));
#9691=DIRECTION('ref_axis',(0.,0.,1.));
#9692=DIRECTION('',(0.999961889648246,0.00873036374436011,0.));
#9693=DIRECTION('',(0.,0.,1.));
#9694=DIRECTION('',(0.999961889648246,0.00873036374436011,0.));
#9695=DIRECTION('',(0.,0.,1.));
#9696=DIRECTION('center_axis',(0.641929043548023,0.766764046528996,0.));
#9697=DIRECTION('ref_axis',(0.,0.,-1.));
#9698=DIRECTION('',(0.766764046528996,-0.641929043548023,0.));
#9699=DIRECTION('',(0.,0.,1.));
#9700=DIRECTION('',(0.766764046528996,-0.641929043548023,0.));
#9701=DIRECTION('center_axis',(-0.715031252320348,0.699092489020727,0.));
#9702=DIRECTION('ref_axis',(0.,0.,1.));
#9703=DIRECTION('',(0.699092489020727,0.715031252320348,0.));
#9704=DIRECTION('',(0.,0.,1.));
#9705=DIRECTION('',(0.699092489020727,0.715031252320348,0.));
#9706=DIRECTION('',(0.,0.,1.));
#9707=DIRECTION('',(0.,0.,1.));
#9708=DIRECTION('center_axis',(0.,1.,0.));
#9709=DIRECTION('ref_axis',(0.,0.,1.));
#9710=DIRECTION('',(1.,0.,0.));
#9711=DIRECTION('',(0.,0.,1.));
#9712=DIRECTION('',(1.,0.,0.));
#9713=DIRECTION('center_axis',(0.455109797936335,0.890435327141926,0.));
#9714=DIRECTION('ref_axis',(0.,0.,1.));
#9715=DIRECTION('',(0.890435327141926,-0.455109797936335,0.));
#9716=DIRECTION('',(0.,0.,1.));
#9717=DIRECTION('',(0.890435327141926,-0.455109797936335,0.));
#9718=DIRECTION('center_axis',(0.,0.,-1.));
#9719=DIRECTION('ref_axis',(-0.453189419477542,0.891414241569882,0.));
#9720=DIRECTION('',(0.,0.,1.));
#9721=DIRECTION('center_axis',(0.,0.,-1.));
#9722=DIRECTION('ref_axis',(-0.453189419477542,0.891414241569882,0.));
#9723=DIRECTION('center_axis',(0.,0.,-1.));
#9724=DIRECTION('ref_axis',(0.0168272215008027,0.999858412284741,0.));
#9725=DIRECTION('',(0.,0.,1.));
#9726=DIRECTION('center_axis',(0.,0.,-1.));
#9727=DIRECTION('ref_axis',(0.0168272215008027,0.999858412284741,0.));
#9728=DIRECTION('center_axis',(1.,0.,0.));
#9729=DIRECTION('ref_axis',(0.,0.,-1.));
#9730=DIRECTION('',(0.,-1.,0.));
#9731=DIRECTION('',(0.,0.,1.));
#9732=DIRECTION('',(0.,-1.,0.));
#9733=DIRECTION('center_axis',(0.,-1.,0.));
#9734=DIRECTION('ref_axis',(0.,0.,-1.));
#9735=DIRECTION('',(-1.,0.,0.));
#9736=DIRECTION('',(0.,0.,1.));
#9737=DIRECTION('',(-1.,0.,0.));
#9738=DIRECTION('center_axis',(-1.,0.,0.));
#9739=DIRECTION('ref_axis',(0.,0.,1.));
#9740=DIRECTION('',(0.,1.,0.));
#9741=DIRECTION('',(0.,0.,1.));
#9742=DIRECTION('',(0.,1.,0.));
#9743=DIRECTION('center_axis',(0.,-1.,0.));
#9744=DIRECTION('ref_axis',(0.,0.,-1.));
#9745=DIRECTION('',(-1.,0.,0.));
#9746=DIRECTION('',(0.,0.,1.));
#9747=DIRECTION('',(-1.,0.,0.));
#9748=DIRECTION('center_axis',(1.,0.,0.));
#9749=DIRECTION('ref_axis',(0.,0.,-1.));
#9750=DIRECTION('',(0.,-1.,0.));
#9751=DIRECTION('',(0.,0.,1.));
#9752=DIRECTION('',(0.,-1.,0.));
#9753=DIRECTION('center_axis',(0.,-1.,0.));
#9754=DIRECTION('ref_axis',(0.,0.,-1.));
#9755=DIRECTION('',(-1.,0.,0.));
#9756=DIRECTION('',(0.,0.,1.));
#9757=DIRECTION('',(-1.,0.,0.));
#9758=DIRECTION('center_axis',(-1.,0.,0.));
#9759=DIRECTION('ref_axis',(0.,0.,1.));
#9760=DIRECTION('',(0.,1.,0.));
#9761=DIRECTION('',(0.,0.,1.));
#9762=DIRECTION('',(0.,1.,0.));
#9763=DIRECTION('center_axis',(0.,-1.,0.));
#9764=DIRECTION('ref_axis',(0.,0.,-1.));
#9765=DIRECTION('',(-1.,0.,0.));
#9766=DIRECTION('',(0.,0.,1.));
#9767=DIRECTION('',(-1.,0.,0.));
#9768=DIRECTION('center_axis',(1.,0.,0.));
#9769=DIRECTION('ref_axis',(0.,0.,-1.));
#9770=DIRECTION('',(0.,-1.,0.));
#9771=DIRECTION('',(0.,0.,1.));
#9772=DIRECTION('',(0.,-1.,0.));
#9773=DIRECTION('center_axis',(0.,-1.,0.));
#9774=DIRECTION('ref_axis',(0.,0.,-1.));
#9775=DIRECTION('',(-1.,0.,0.));
#9776=DIRECTION('',(0.,0.,1.));
#9777=DIRECTION('',(-1.,0.,0.));
#9778=DIRECTION('center_axis',(-0.999999999813467,-1.93149337391823E-5,
0.));
#9779=DIRECTION('ref_axis',(0.,0.,1.));
#9780=DIRECTION('',(-1.93149337391823E-5,0.999999999813467,0.));
#9781=DIRECTION('',(-1.93149337391823E-5,0.999999999813467,0.));
#9782=DIRECTION('center_axis',(0.,0.,1.));
#9783=DIRECTION('ref_axis',(1.,0.,0.));
#9784=DIRECTION('center_axis',(0.,0.,1.));
#9785=DIRECTION('ref_axis',(1.,0.,0.));
#9786=DIRECTION('center_axis',(-1.,0.,0.));
#9787=DIRECTION('ref_axis',(0.,0.,1.));
#9788=DIRECTION('',(0.,0.,1.));
#9789=DIRECTION('',(0.,1.,0.));
#9790=DIRECTION('',(0.,0.,1.));
#9791=DIRECTION('',(0.,1.,0.));
#9792=DIRECTION('center_axis',(-1.33624454136562E-5,0.999999999910723,0.));
#9793=DIRECTION('ref_axis',(0.,0.,1.));
#9794=DIRECTION('',(0.999999999910723,1.33624454136562E-5,0.));
#9795=DIRECTION('',(0.,0.,1.));
#9796=DIRECTION('',(0.999999999910723,1.33624454136562E-5,0.));
#9797=DIRECTION('center_axis',(-1.,0.,0.));
#9798=DIRECTION('ref_axis',(0.,0.,1.));
#9799=DIRECTION('',(0.,1.,0.));
#9800=DIRECTION('',(0.,0.,1.));
#9801=DIRECTION('',(0.,1.,0.));
#9802=DIRECTION('center_axis',(-0.000211640206931798,-0.999999977604211,
0.));
#9803=DIRECTION('ref_axis',(0.,0.,-1.));
#9804=DIRECTION('',(-0.999999977604211,0.000211640206931798,0.));
#9805=DIRECTION('',(0.,0.,1.));
#9806=DIRECTION('',(-0.999999977604211,0.000211640206931798,0.));
#9807=DIRECTION('center_axis',(-0.427994655761512,-0.90378126481997,0.));
#9808=DIRECTION('ref_axis',(0.,0.,-1.));
#9809=DIRECTION('',(-0.90378126481997,0.427994655761512,0.));
#9810=DIRECTION('',(0.,0.,1.));
#9811=DIRECTION('',(-0.90378126481997,0.427994655761512,0.));
#9812=DIRECTION('',(0.,0.,1.));
#9813=DIRECTION('',(0.,0.,1.));
#9814=DIRECTION('',(0.,0.,1.));
#9815=DIRECTION('',(0.,0.,1.));
#9816=DIRECTION('',(0.,0.,1.));
#9817=DIRECTION('center_axis',(0.,1.,0.));
#9818=DIRECTION('ref_axis',(0.,0.,1.));
#9819=DIRECTION('',(1.,0.,0.));
#9820=DIRECTION('',(0.,0.,1.));
#9821=DIRECTION('',(1.,0.,0.));
#9822=DIRECTION('center_axis',(1.,0.,0.));
#9823=DIRECTION('ref_axis',(0.,0.,-1.));
#9824=DIRECTION('',(0.,-1.,0.));
#9825=DIRECTION('',(0.,0.,1.));
#9826=DIRECTION('',(0.,-1.,0.));
#9827=DIRECTION('center_axis',(0.,-1.,0.));
#9828=DIRECTION('ref_axis',(0.,0.,-1.));
#9829=DIRECTION('',(-1.,0.,0.));
#9830=DIRECTION('',(0.,0.,1.));
#9831=DIRECTION('',(-1.,0.,0.));
#9832=DIRECTION('center_axis',(1.,0.,0.));
#9833=DIRECTION('ref_axis',(0.,0.,-1.));
#9834=DIRECTION('',(0.,-1.,0.));
#9835=DIRECTION('',(0.,0.,1.));
#9836=DIRECTION('',(0.,-1.,0.));
#9837=DIRECTION('center_axis',(0.0062225822291875,0.999980639547787,0.));
#9838=DIRECTION('ref_axis',(0.,0.,1.));
#9839=DIRECTION('',(0.999980639547787,-0.0062225822291875,0.));
#9840=DIRECTION('',(0.,0.,1.));
#9841=DIRECTION('',(0.999980639547787,-0.0062225822291875,0.));
#9842=DIRECTION('',(0.,0.,1.));
#9843=DIRECTION('center_axis',(0.,0.,-1.));
#9844=DIRECTION('ref_axis',(0.732572739543193,-0.680688755069585,0.));
#9845=DIRECTION('',(0.,0.,1.));
#9846=DIRECTION('center_axis',(0.,0.,-1.));
#9847=DIRECTION('ref_axis',(0.732572739543193,-0.680688755069585,0.));
#9848=DIRECTION('',(0.,0.,1.));
#9849=DIRECTION('center_axis',(0.999916980737522,-0.0128853262573548,0.));
#9850=DIRECTION('ref_axis',(0.,0.,-1.));
#9851=DIRECTION('',(-0.0128853262573548,-0.999916980737522,0.));
#9852=DIRECTION('',(0.,0.,1.));
#9853=DIRECTION('',(-0.0128853262573548,-0.999916980737522,0.));
#9854=DIRECTION('center_axis',(0.850401274890657,-0.526134651647603,0.));
#9855=DIRECTION('ref_axis',(0.,0.,-1.));
#9856=DIRECTION('',(-0.526134651647603,-0.850401274890657,0.));
#9857=DIRECTION('',(0.,0.,1.));
#9858=DIRECTION('',(-0.526134651647603,-0.850401274890657,0.));
#9859=DIRECTION('center_axis',(0.,0.,-1.));
#9860=DIRECTION('ref_axis',(0.724645515135154,0.689121816077903,0.));
#9861=DIRECTION('',(0.,0.,1.));
#9862=DIRECTION('center_axis',(0.,0.,-1.));
#9863=DIRECTION('ref_axis',(0.724645515135154,0.689121816077903,0.));
#9864=DIRECTION('',(0.,0.,1.));
#9865=DIRECTION('center_axis',(7.822831500033E-6,-0.999999999969402,0.));
#9866=DIRECTION('ref_axis',(0.,0.,-1.));
#9867=DIRECTION('',(-0.999999999969402,-7.822831500033E-6,0.));
#9868=DIRECTION('',(0.,0.,1.));
#9869=DIRECTION('',(-0.999999999969402,-7.822831500033E-6,0.));
#9870=DIRECTION('center_axis',(-0.999999997609229,6.91487007372567E-5,0.));
#9871=DIRECTION('ref_axis',(0.,0.,1.));
#9872=DIRECTION('',(6.91487007372567E-5,0.999999997609229,0.));
#9873=DIRECTION('',(6.91487007372567E-5,0.999999997609229,0.));
#9874=DIRECTION('center_axis',(0.,0.,1.));
#9875=DIRECTION('ref_axis',(1.,0.,0.));
#9876=DIRECTION('center_axis',(0.,0.,1.));
#9877=DIRECTION('ref_axis',(1.,0.,0.));
#9878=DIRECTION('',(0.,0.,1.));
#9879=DIRECTION('',(0.,0.,1.));
#9880=DIRECTION('',(0.,0.,1.));
#9881=DIRECTION('',(0.,0.,1.));
#9882=DIRECTION('center_axis',(0.,0.,-1.));
#9883=DIRECTION('ref_axis',(-0.421625001799683,0.906770289465539,0.));
#9884=DIRECTION('',(0.,0.,1.));
#9885=DIRECTION('center_axis',(0.,0.,-1.));
#9886=DIRECTION('ref_axis',(-0.421625001799683,0.906770289465539,0.));
#9887=DIRECTION('',(0.,0.,1.));
#9888=DIRECTION('',(0.,0.,1.));
#9889=DIRECTION('center_axis',(0.,0.,-1.));
#9890=DIRECTION('ref_axis',(-0.671019927975094,0.741439313943023,0.));
#9891=DIRECTION('',(0.,0.,1.));
#9892=DIRECTION('center_axis',(0.,0.,-1.));
#9893=DIRECTION('ref_axis',(-0.671019927975094,0.741439313943023,0.));
#9894=DIRECTION('',(0.,0.,1.));
#9895=DIRECTION('center_axis',(0.999936902513145,0.0112334764172715,0.));
#9896=DIRECTION('ref_axis',(0.,0.,-1.));
#9897=DIRECTION('',(0.0112334764172715,-0.999936902513145,0.));
#9898=DIRECTION('',(0.,0.,1.));
#9899=DIRECTION('',(0.0112334764172715,-0.999936902513145,0.));
#9900=DIRECTION('center_axis',(-1.44086021329392E-5,-0.999999999896196,
0.));
#9901=DIRECTION('ref_axis',(0.,0.,-1.));
#9902=DIRECTION('',(-0.999999999896196,1.44086021329392E-5,0.));
#9903=DIRECTION('',(0.,0.,1.));
#9904=DIRECTION('',(-0.999999999896196,1.44086021329392E-5,0.));
#9905=DIRECTION('center_axis',(-1.,0.,0.));
#9906=DIRECTION('ref_axis',(0.,0.,1.));
#9907=DIRECTION('',(0.,1.,0.));
#9908=DIRECTION('',(0.,0.,1.));
#9909=DIRECTION('',(0.,1.,0.));
#9910=DIRECTION('center_axis',(0.,-1.,0.));
#9911=DIRECTION('ref_axis',(0.,0.,-1.));
#9912=DIRECTION('',(-1.,0.,0.));
#9913=DIRECTION('',(0.,0.,1.));
#9914=DIRECTION('',(-1.,0.,0.));
#9915=DIRECTION('center_axis',(0.999971370015185,0.00756697759702372,0.));
#9916=DIRECTION('ref_axis',(0.,0.,-1.));
#9917=DIRECTION('',(0.00756697759702372,-0.999971370015185,0.));
#9918=DIRECTION('',(0.,0.,1.));
#9919=DIRECTION('',(0.00756697759702372,-0.999971370015185,0.));
#9920=DIRECTION('center_axis',(0.00845553771476325,0.999964251301992,0.));
#9921=DIRECTION('ref_axis',(0.,0.,1.));
#9922=DIRECTION('',(0.999964251301992,-0.00845553771476325,0.));
#9923=DIRECTION('',(0.,0.,1.));
#9924=DIRECTION('',(0.999964251301992,-0.00845553771476325,0.));
#9925=DIRECTION('center_axis',(-1.,0.,0.));
#9926=DIRECTION('ref_axis',(0.,0.,1.));
#9927=DIRECTION('',(0.,1.,0.));
#9928=DIRECTION('',(0.,0.,1.));
#9929=DIRECTION('',(0.,1.,0.));
#9930=DIRECTION('center_axis',(-4.30107527124514E-5,0.999999999075038,0.));
#9931=DIRECTION('ref_axis',(0.,0.,1.));
#9932=DIRECTION('',(0.999999999075038,4.30107527124514E-5,0.));
#9933=DIRECTION('',(0.,0.,1.));
#9934=DIRECTION('',(0.999999999075038,4.30107527124514E-5,0.));
#9935=DIRECTION('center_axis',(0.9998040139497,-0.0197973152237481,0.));
#9936=DIRECTION('ref_axis',(0.,0.,-1.));
#9937=DIRECTION('',(-0.0197973152237481,-0.9998040139497,0.));
#9938=DIRECTION('',(0.,0.,1.));
#9939=DIRECTION('',(-0.0197973152237481,-0.9998040139497,0.));
#9940=DIRECTION('',(0.,0.,1.));
#9941=DIRECTION('center_axis',(0.,0.,-1.));
#9942=DIRECTION('ref_axis',(0.826767952751273,0.562543111506549,0.));
#9943=DIRECTION('',(0.,0.,1.));
#9944=DIRECTION('center_axis',(0.,0.,-1.));
#9945=DIRECTION('ref_axis',(0.826767952751273,0.562543111506549,0.));
#9946=DIRECTION('center_axis',(0.,0.,1.));
#9947=DIRECTION('ref_axis',(1.,0.,0.));
#9948=DIRECTION('center_axis',(0.,0.,1.));
#9949=DIRECTION('ref_axis',(1.,0.,0.));
#9950=DIRECTION('',(0.,0.,1.));
#9951=DIRECTION('center_axis',(0.,0.,-1.));
#9952=DIRECTION('ref_axis',(0.737957938756327,-0.674846708983984,0.));
#9953=DIRECTION('',(0.,0.,1.));
#9954=DIRECTION('center_axis',(0.,0.,-1.));
#9955=DIRECTION('ref_axis',(0.737957938756327,-0.674846708983984,0.));
#9956=DIRECTION('center_axis',(-0.850507240198598,-0.525963339378102,0.));
#9957=DIRECTION('ref_axis',(0.,0.,1.));
#9958=DIRECTION('',(-0.525963339378102,0.850507240198598,0.));
#9959=DIRECTION('',(0.,0.,1.));
#9960=DIRECTION('',(-0.525963339378102,0.850507240198598,0.));
#9961=DIRECTION('center_axis',(-0.999984226952146,-0.00561656896320523,
0.));
#9962=DIRECTION('ref_axis',(0.,0.,1.));
#9963=DIRECTION('',(-0.00561656896320523,0.999984226952146,0.));
#9964=DIRECTION('',(0.,0.,1.));
#9965=DIRECTION('',(-0.00561656896320523,0.999984226952146,0.));
#9966=DIRECTION('',(0.,0.,1.));
#9967=DIRECTION('',(0.,0.,1.));
#9968=DIRECTION('center_axis',(-0.471667699786706,0.881776378101567,0.));
#9969=DIRECTION('ref_axis',(0.,0.,1.));
#9970=DIRECTION('',(0.881776378101567,0.471667699786706,0.));
#9971=DIRECTION('',(0.,0.,1.));
#9972=DIRECTION('',(0.881776378101567,0.471667699786706,0.));
#9973=DIRECTION('center_axis',(0.,1.,0.));
#9974=DIRECTION('ref_axis',(0.,0.,1.));
#9975=DIRECTION('',(1.,0.,0.));
#9976=DIRECTION('',(0.,0.,1.));
#9977=DIRECTION('',(1.,0.,0.));
#9978=DIRECTION('',(0.,0.,1.));
#9979=DIRECTION('',(0.,0.,1.));
#9980=DIRECTION('',(0.,0.,1.));
#9981=DIRECTION('center_axis',(0.999948375685299,0.0101610021322844,0.));
#9982=DIRECTION('ref_axis',(0.,0.,-1.));
#9983=DIRECTION('',(0.0101610021322844,-0.999948375685299,0.));
#9984=DIRECTION('',(0.,0.,1.));
#9985=DIRECTION('',(0.0101610021322844,-0.999948375685299,0.));
#9986=DIRECTION('center_axis',(0.,-1.,0.));
#9987=DIRECTION('ref_axis',(0.,0.,-1.));
#9988=DIRECTION('',(-1.,0.,0.));
#9989=DIRECTION('',(0.,0.,1.));
#9990=DIRECTION('',(-1.,0.,0.));
#9991=DIRECTION('center_axis',(1.,0.,0.));
#9992=DIRECTION('ref_axis',(0.,0.,-1.));
#9993=DIRECTION('',(0.,-1.,0.));
#9994=DIRECTION('',(0.,0.,1.));
#9995=DIRECTION('',(0.,-1.,0.));
#9996=DIRECTION('center_axis',(0.,1.,0.));
#9997=DIRECTION('ref_axis',(0.,0.,1.));
#9998=DIRECTION('',(1.,0.,0.));
#9999=DIRECTION('',(0.,0.,1.));
#10000=DIRECTION('',(1.,0.,0.));
#10001=DIRECTION('center_axis',(1.,0.,0.));
#10002=DIRECTION('ref_axis',(0.,0.,-1.));
#10003=DIRECTION('',(0.,-1.,0.));
#10004=DIRECTION('',(0.,0.,1.));
#10005=DIRECTION('',(0.,-1.,0.));
#10006=DIRECTION('center_axis',(-0.00150327103032264,-0.999998870087466,
0.));
#10007=DIRECTION('ref_axis',(0.,0.,-1.));
#10008=DIRECTION('',(-0.999998870087466,0.00150327103032264,0.));
#10009=DIRECTION('',(0.,0.,1.));
#10010=DIRECTION('',(-0.999998870087466,0.00150327103032264,0.));
#10011=DIRECTION('center_axis',(-1.,0.,0.));
#10012=DIRECTION('ref_axis',(0.,0.,1.));
#10013=DIRECTION('',(0.,0.,1.));
#10014=DIRECTION('',(0.,1.,0.));
#10015=DIRECTION('',(0.,0.,1.));
#10016=DIRECTION('',(0.,1.,0.));
#10017=DIRECTION('center_axis',(0.,-1.,0.));
#10018=DIRECTION('ref_axis',(0.,0.,-1.));
#10019=DIRECTION('',(-1.,0.,0.));
#10020=DIRECTION('',(0.,0.,1.));
#10021=DIRECTION('',(-1.,0.,0.));
#10022=DIRECTION('center_axis',(1.,0.,0.));
#10023=DIRECTION('ref_axis',(0.,0.,-1.));
#10024=DIRECTION('',(0.,-1.,0.));
#10025=DIRECTION('',(0.,0.,1.));
#10026=DIRECTION('',(0.,-1.,0.));
#10027=DIRECTION('center_axis',(0.,1.,0.));
#10028=DIRECTION('ref_axis',(0.,0.,1.));
#10029=DIRECTION('',(1.,0.,0.));
#10030=DIRECTION('',(0.,0.,1.));
#10031=DIRECTION('',(1.,0.,0.));
#10032=DIRECTION('center_axis',(-1.,0.,0.));
#10033=DIRECTION('ref_axis',(0.,0.,1.));
#10034=DIRECTION('',(0.,1.,0.));
#10035=DIRECTION('',(0.,1.,0.));
#10036=DIRECTION('center_axis',(0.,0.,1.));
#10037=DIRECTION('ref_axis',(1.,0.,0.));
#10038=DIRECTION('center_axis',(0.,0.,1.));
#10039=DIRECTION('ref_axis',(1.,0.,0.));
#10040=DIRECTION('',(0.,0.,1.));
#10041=DIRECTION('center_axis',(0.,0.,-1.));
#10042=DIRECTION('ref_axis',(-0.679081140813404,0.734063215391949,0.));
#10043=DIRECTION('',(0.,0.,1.));
#10044=DIRECTION('center_axis',(0.,0.,-1.));
#10045=DIRECTION('ref_axis',(-0.679081140813404,0.734063215391949,0.));
#10046=DIRECTION('',(0.,0.,1.));
#10047=DIRECTION('',(0.,0.,1.));
#10048=DIRECTION('',(0.,0.,1.));
#10049=DIRECTION('',(0.,0.,1.));
#10050=DIRECTION('center_axis',(-0.000134078208595455,0.999999991011517,
0.));
#10051=DIRECTION('ref_axis',(0.,0.,1.));
#10052=DIRECTION('',(0.999999991011517,0.000134078208595455,0.));
#10053=DIRECTION('',(0.,0.,1.));
#10054=DIRECTION('',(0.999999991011517,0.000134078208595455,0.));
#10055=DIRECTION('center_axis',(-1.,0.,0.));
#10056=DIRECTION('ref_axis',(0.,0.,1.));
#10057=DIRECTION('',(0.,1.,0.));
#10058=DIRECTION('',(0.,0.,1.));
#10059=DIRECTION('',(0.,1.,0.));
#10060=DIRECTION('center_axis',(0.,-1.,0.));
#10061=DIRECTION('ref_axis',(0.,0.,-1.));
#10062=DIRECTION('',(-1.,0.,0.));
#10063=DIRECTION('',(0.,0.,1.));
#10064=DIRECTION('',(-1.,0.,0.));
#10065=DIRECTION('center_axis',(-1.,0.,0.));
#10066=DIRECTION('ref_axis',(0.,0.,1.));
#10067=DIRECTION('',(0.,1.,0.));
#10068=DIRECTION('',(0.,0.,1.));
#10069=DIRECTION('',(0.,1.,0.));
#10070=DIRECTION('center_axis',(0.,1.,0.));
#10071=DIRECTION('ref_axis',(0.,0.,1.));
#10072=DIRECTION('',(1.,0.,0.));
#10073=DIRECTION('',(0.,0.,1.));
#10074=DIRECTION('',(1.,0.,0.));
#10075=DIRECTION('center_axis',(0.446016305613527,0.895024834921836,0.));
#10076=DIRECTION('ref_axis',(0.,0.,1.));
#10077=DIRECTION('',(0.895024834921836,-0.446016305613527,0.));
#10078=DIRECTION('',(0.,0.,1.));
#10079=DIRECTION('',(0.895024834921836,-0.446016305613527,0.));
#10080=DIRECTION('',(0.,0.,1.));
#10081=DIRECTION('',(0.,0.,1.));
#10082=DIRECTION('center_axis',(1.,0.,0.));
#10083=DIRECTION('ref_axis',(0.,0.,-1.));
#10084=DIRECTION('',(0.,-1.,0.));
#10085=DIRECTION('',(0.,0.,1.));
#10086=DIRECTION('',(0.,-1.,0.));
#10087=DIRECTION('center_axis',(-0.000556583542624638,-0.999999845107368,
0.));
#10088=DIRECTION('ref_axis',(0.,0.,-1.));
#10089=DIRECTION('',(-0.999999845107368,0.000556583542624638,0.));
#10090=DIRECTION('',(0.,0.,1.));
#10091=DIRECTION('',(-0.999999845107368,0.000556583542624638,0.));
#10092=DIRECTION('center_axis',(-1.,0.,0.));
#10093=DIRECTION('ref_axis',(0.,0.,1.));
#10094=DIRECTION('',(0.,0.,1.));
#10095=DIRECTION('',(0.,1.,0.));
#10096=DIRECTION('',(0.,0.,1.));
#10097=DIRECTION('',(0.,1.,0.));
#10098=DIRECTION('center_axis',(0.,-1.,0.));
#10099=DIRECTION('ref_axis',(0.,0.,-1.));
#10100=DIRECTION('',(-1.,0.,0.));
#10101=DIRECTION('',(0.,0.,1.));
#10102=DIRECTION('',(-1.,0.,0.));
#10103=DIRECTION('center_axis',(1.,0.,0.));
#10104=DIRECTION('ref_axis',(0.,0.,-1.));
#10105=DIRECTION('',(0.,-1.,0.));
#10106=DIRECTION('',(0.,0.,1.));
#10107=DIRECTION('',(0.,-1.,0.));
#10108=DIRECTION('center_axis',(0.,1.,0.));
#10109=DIRECTION('ref_axis',(0.,0.,1.));
#10110=DIRECTION('',(1.,0.,0.));
#10111=DIRECTION('',(0.,0.,1.));
#10112=DIRECTION('',(1.,0.,0.));
#10113=DIRECTION('center_axis',(-1.,0.,0.));
#10114=DIRECTION('ref_axis',(0.,0.,1.));
#10115=DIRECTION('',(0.,1.,0.));
#10116=DIRECTION('',(0.,1.,0.));
#10117=DIRECTION('center_axis',(0.,0.,1.));
#10118=DIRECTION('ref_axis',(1.,0.,0.));
#10119=DIRECTION('center_axis',(0.,0.,1.));
#10120=DIRECTION('ref_axis',(1.,0.,0.));
#10121=DIRECTION('',(8.7581154020301E-47,4.34484631272587E-47,-1.));
#10122=DIRECTION('',(-1.,-1.97215226305253E-31,-8.7581154020301E-47));
#10123=DIRECTION('',(1.,2.22044604925032E-16,1.53262675188035E-17));
#10124=DIRECTION('',(-2.22044604925032E-16,1.,4.41487124636097E-16));
#10125=DIRECTION('',(1.,2.22044604925032E-16,1.53262675188034E-17));
#10126=DIRECTION('',(-2.22044604925032E-16,1.,-2.7755575615629E-17));
#10127=DIRECTION('center_axis',(0.577350269189626,0.577350269189626,0.577350269189626));
#10128=DIRECTION('ref_axis',(0.707106781186548,0.,-0.707106781186548));
#10129=DIRECTION('center_axis',(0.577350269189626,0.577350269189626,0.577350269189626));
#10130=DIRECTION('ref_axis',(0.707106781186548,0.,-0.707106781186548));
#10131=DIRECTION('center_axis',(-0.577350269189626,-0.577350269189626,-0.577350269189626));
#10132=DIRECTION('center_axis',(-0.577350269189626,-0.577350269189626,-0.577350269189626));
#10133=DIRECTION('center_axis',(-4.44089209850062E-16,0.,1.));
#10134=DIRECTION('ref_axis',(1.,0.,4.44089209850062E-16));
#10135=DIRECTION('center_axis',(-4.44089209850062E-16,0.,1.));
#10136=DIRECTION('ref_axis',(1.,0.,4.44089209850062E-16));
#10137=DIRECTION('center_axis',(4.44089209850062E-16,0.,-1.));
#10138=DIRECTION('center_axis',(4.44089209850062E-16,0.,-1.));
#10139=DIRECTION('center_axis',(0.,1.,0.));
#10140=DIRECTION('ref_axis',(1.,0.,0.));
#10141=DIRECTION('center_axis',(0.,1.,0.));
#10142=DIRECTION('ref_axis',(1.,0.,0.));
#10143=DIRECTION('center_axis',(0.,-1.,0.));
#10144=DIRECTION('center_axis',(0.,-1.,0.));
#10145=DIRECTION('center_axis',(1.,0.,0.));
#10146=DIRECTION('ref_axis',(0.,0.,-1.));
#10147=DIRECTION('center_axis',(1.,0.,0.));
#10148=DIRECTION('ref_axis',(0.,0.,-1.));
#10149=DIRECTION('center_axis',(-1.,0.,0.));
#10150=DIRECTION('center_axis',(-1.,0.,0.));
#10151=DIRECTION('center_axis',(0.577350269189626,0.577350269189626,0.577350269189626));
#10152=DIRECTION('ref_axis',(0.707106781186548,0.,-0.707106781186548));
#10153=DIRECTION('center_axis',(0.577350269189626,0.577350269189626,0.577350269189626));
#10154=DIRECTION('ref_axis',(0.707106781186548,0.,-0.707106781186548));
#10155=DIRECTION('center_axis',(-0.577350269189626,-0.577350269189626,-0.577350269189626));
#10156=DIRECTION('center_axis',(-0.577350269189626,-0.577350269189626,-0.577350269189626));
#10157=DIRECTION('center_axis',(-4.44089209850062E-16,0.,1.));
#10158=DIRECTION('ref_axis',(1.,0.,4.44089209850062E-16));
#10159=DIRECTION('center_axis',(-4.44089209850062E-16,0.,1.));
#10160=DIRECTION('ref_axis',(1.,0.,4.44089209850062E-16));
#10161=DIRECTION('center_axis',(4.44089209850062E-16,0.,-1.));
#10162=DIRECTION('center_axis',(4.44089209850062E-16,0.,-1.));
#10163=DIRECTION('center_axis',(0.,1.,0.));
#10164=DIRECTION('ref_axis',(1.,0.,0.));
#10165=DIRECTION('center_axis',(0.,1.,0.));
#10166=DIRECTION('ref_axis',(1.,0.,0.));
#10167=DIRECTION('center_axis',(0.,-1.,0.));
#10168=DIRECTION('center_axis',(0.,-1.,0.));
#10169=DIRECTION('center_axis',(1.,0.,0.));
#10170=DIRECTION('ref_axis',(0.,0.,-1.));
#10171=DIRECTION('center_axis',(1.,0.,0.));
#10172=DIRECTION('ref_axis',(0.,0.,-1.));
#10173=DIRECTION('center_axis',(-1.,0.,0.));
#10174=DIRECTION('center_axis',(-1.,0.,0.));
#10175=DIRECTION('center_axis',(0.577350269189626,-0.577350269189626,0.577350269189626));
#10176=DIRECTION('ref_axis',(0.707106781186548,0.707106781186548,0.));
#10177=DIRECTION('center_axis',(0.577350269189626,-0.577350269189626,0.577350269189626));
#10178=DIRECTION('ref_axis',(0.707106781186548,0.707106781186548,0.));
#10179=DIRECTION('center_axis',(-0.577350269189626,0.577350269189626,-0.577350269189626));
#10180=DIRECTION('center_axis',(-0.577350269189626,0.577350269189626,-0.577350269189626));
#10181=DIRECTION('center_axis',(2.22044604925031E-16,0.,1.));
#10182=DIRECTION('ref_axis',(1.,0.,-2.22044604925031E-16));
#10183=DIRECTION('center_axis',(2.22044604925031E-16,0.,1.));
#10184=DIRECTION('ref_axis',(1.,0.,-2.22044604925031E-16));
#10185=DIRECTION('center_axis',(-2.22044604925031E-16,0.,-1.));
#10186=DIRECTION('center_axis',(-2.22044604925031E-16,0.,-1.));
#10187=DIRECTION('center_axis',(0.,1.,0.));
#10188=DIRECTION('ref_axis',(1.,0.,0.));
#10189=DIRECTION('center_axis',(0.,1.,0.));
#10190=DIRECTION('ref_axis',(1.,0.,0.));
#10191=DIRECTION('center_axis',(0.,-1.,0.));
#10192=DIRECTION('center_axis',(0.,-1.,0.));
#10193=DIRECTION('center_axis',(1.,0.,0.));
#10194=DIRECTION('ref_axis',(0.,0.,-1.));
#10195=DIRECTION('center_axis',(1.,0.,0.));
#10196=DIRECTION('ref_axis',(0.,0.,-1.));
#10197=DIRECTION('center_axis',(-1.,0.,0.));
#10198=DIRECTION('center_axis',(-1.,0.,0.));
#10199=DIRECTION('center_axis',(0.577350269189626,0.577350269189626,0.577350269189626));
#10200=DIRECTION('ref_axis',(0.707106781186548,0.,-0.707106781186548));
#10201=DIRECTION('center_axis',(0.577350269189626,0.577350269189626,0.577350269189626));
#10202=DIRECTION('ref_axis',(0.707106781186548,0.,-0.707106781186548));
#10203=DIRECTION('center_axis',(-0.577350269189626,-0.577350269189626,-0.577350269189626));
#10204=DIRECTION('center_axis',(-0.577350269189626,-0.577350269189626,-0.577350269189626));
#10205=DIRECTION('center_axis',(-4.44089209850062E-16,0.,1.));
#10206=DIRECTION('ref_axis',(1.,0.,4.44089209850062E-16));
#10207=DIRECTION('center_axis',(-4.44089209850062E-16,0.,1.));
#10208=DIRECTION('ref_axis',(1.,0.,4.44089209850062E-16));
#10209=DIRECTION('center_axis',(4.44089209850062E-16,0.,-1.));
#10210=DIRECTION('center_axis',(4.44089209850062E-16,0.,-1.));
#10211=DIRECTION('center_axis',(0.,1.,0.));
#10212=DIRECTION('ref_axis',(1.,0.,0.));
#10213=DIRECTION('center_axis',(0.,1.,0.));
#10214=DIRECTION('ref_axis',(1.,0.,0.));
#10215=DIRECTION('center_axis',(0.,-1.,0.));
#10216=DIRECTION('center_axis',(0.,-1.,0.));
#10217=DIRECTION('center_axis',(1.,0.,0.));
#10218=DIRECTION('ref_axis',(0.,0.,-1.));
#10219=DIRECTION('center_axis',(1.,0.,0.));
#10220=DIRECTION('ref_axis',(0.,0.,-1.));
#10221=DIRECTION('center_axis',(-1.,0.,0.));
#10222=DIRECTION('center_axis',(-1.,0.,0.));
#10223=DIRECTION('center_axis',(0.,0.,1.));
#10224=DIRECTION('ref_axis',(1.,0.,0.));
#10225=DIRECTION('center_axis',(0.,0.,1.));
#10226=DIRECTION('ref_axis',(1.,0.,0.));
#10227=DIRECTION('center_axis',(0.,0.,1.));
#10228=DIRECTION('ref_axis',(1.,0.,0.));
#10229=DIRECTION('center_axis',(0.,0.,1.));
#10230=DIRECTION('ref_axis',(1.,0.,0.));
#10231=DIRECTION('center_axis',(0.,0.,1.));
#10232=DIRECTION('ref_axis',(1.,0.,0.));
#10233=DIRECTION('center_axis',(0.,0.,1.));
#10234=DIRECTION('ref_axis',(1.,0.,0.));
#10235=DIRECTION('center_axis',(0.,0.,1.));
#10236=DIRECTION('ref_axis',(1.,0.,0.));
#10237=DIRECTION('center_axis',(0.,0.,1.));
#10238=DIRECTION('ref_axis',(1.,0.,0.));
#10239=DIRECTION('center_axis',(0.,0.,1.));
#10240=DIRECTION('ref_axis',(1.,0.,0.));
#10241=DIRECTION('center_axis',(0.,0.,1.));
#10242=DIRECTION('ref_axis',(1.,0.,0.));
#10243=DIRECTION('center_axis',(0.,0.,1.));
#10244=DIRECTION('ref_axis',(1.,0.,0.));
#10245=DIRECTION('center_axis',(0.,0.,1.));
#10246=DIRECTION('ref_axis',(1.,0.,0.));
#10247=DIRECTION('center_axis',(0.,0.,1.));
#10248=DIRECTION('ref_axis',(1.,0.,0.));
#10249=DIRECTION('center_axis',(0.,0.,1.));
#10250=DIRECTION('ref_axis',(1.,0.,0.));
#10251=DIRECTION('center_axis',(0.,0.,1.));
#10252=DIRECTION('ref_axis',(1.,0.,0.));
#10253=DIRECTION('center_axis',(0.,0.,1.));
#10254=DIRECTION('ref_axis',(1.,0.,0.));
#10255=DIRECTION('center_axis',(0.,0.,1.));
#10256=DIRECTION('ref_axis',(1.,0.,0.));
#10257=DIRECTION('center_axis',(0.,0.,1.));
#10258=DIRECTION('ref_axis',(1.,0.,0.));
#10259=DIRECTION('center_axis',(0.,0.,1.));
#10260=DIRECTION('ref_axis',(1.,0.,0.));
#10261=DIRECTION('center_axis',(0.,0.,1.));
#10262=DIRECTION('ref_axis',(1.,0.,0.));
#10263=CARTESIAN_POINT('',(0.,0.,0.));
#10264=CARTESIAN_POINT('',(0.,0.,0.));
#10265=CARTESIAN_POINT('',(0.,0.,0.));
#10266=CARTESIAN_POINT('Origin',(0.141968503937008,-0.025,-0.100531496062992));
#10267=CARTESIAN_POINT('',(0.141968503937008,0.0219685039370079,-0.1025));
#10268=CARTESIAN_POINT('',(0.141968503937008,0.00196850393700787,-0.1025));
#10269=CARTESIAN_POINT('',(0.141968503937008,-0.025,-0.1025));
#10270=CARTESIAN_POINT('',(0.14,0.,-0.100531496062992));
#10271=CARTESIAN_POINT('Origin',(0.141968503937008,0.00196850393700788,
-0.100531496062992));
#10272=CARTESIAN_POINT('',(0.14,0.02,-0.100531496062992));
#10273=CARTESIAN_POINT('',(0.14,-0.025,-0.100531496062992));
#10274=CARTESIAN_POINT('Origin',(0.141968503937008,0.0219685039370079,-0.100531496062992));
#10275=CARTESIAN_POINT('Origin',(0.13,0.00196850393700787,-0.100531496062992));
#10276=CARTESIAN_POINT('',(0.158031496062992,0.00196850393700787,-0.1025));
#10277=CARTESIAN_POINT('',(0.13,0.00196850393700787,-0.1025));
#10278=CARTESIAN_POINT('',(0.16,0.,-0.100531496062992));
#10279=CARTESIAN_POINT('Origin',(0.158031496062992,0.00196850393700787,
-0.100531496062992));
#10280=CARTESIAN_POINT('',(0.13,0.,-0.100531496062992));
#10281=CARTESIAN_POINT('Origin',(0.158031496062992,0.01,-0.100531496062992));
#10282=CARTESIAN_POINT('',(0.158031496062992,0.0219685039370079,-0.1025));
#10283=CARTESIAN_POINT('',(0.158031496062992,0.01,-0.1025));
#10284=CARTESIAN_POINT('',(0.16,0.02,-0.100531496062992));
#10285=CARTESIAN_POINT('Origin',(0.158031496062992,0.0219685039370079,-0.100531496062992));
#10286=CARTESIAN_POINT('',(0.16,0.01,-0.100531496062992));
#10287=CARTESIAN_POINT('Origin',(0.25,0.0219685039370079,-0.100531496062992));
#10288=CARTESIAN_POINT('',(0.241968503937008,0.0219685039370079,-0.1025));
#10289=CARTESIAN_POINT('',(0.25,0.0219685039370079,-0.1025));
#10290=CARTESIAN_POINT('',(0.24,0.02,-0.100531496062992));
#10291=CARTESIAN_POINT('Origin',(0.241968503937008,0.0219685039370079,-0.100531496062992));
#10292=CARTESIAN_POINT('',(0.25,0.02,-0.100531496062992));
#10293=CARTESIAN_POINT('Origin',(0.241968503937008,-0.04,-0.100531496062992));
#10294=CARTESIAN_POINT('',(0.241968503937008,0.00196850393700787,-0.1025));
#10295=CARTESIAN_POINT('',(0.241968503937008,-0.04,-0.1025));
#10296=CARTESIAN_POINT('',(0.24,0.,-0.100531496062992));
#10297=CARTESIAN_POINT('Origin',(0.241968503937008,0.00196850393700788,
-0.100531496062992));
#10298=CARTESIAN_POINT('',(0.24,-0.04,-0.100531496062992));
#10299=CARTESIAN_POINT('Origin',(0.258031496062992,0.333031496062992,0.0955314960629921));
#10300=CARTESIAN_POINT('',(0.258031496062992,0.333031496062992,0.0975));
#10301=CARTESIAN_POINT('',(0.258031496062992,0.335,0.0955314960629921));
#10302=CARTESIAN_POINT('Origin',(0.258031496062992,0.333031496062992,0.0955314960629921));
#10303=CARTESIAN_POINT('',(0.26,0.333031496062992,0.0955314960629921));
#10304=CARTESIAN_POINT('Origin',(0.258031496062992,0.333031496062992,0.0955314960629921));
#10305=CARTESIAN_POINT('Origin',(0.258031496062992,0.333031496062992,0.0955314960629921));
#10306=CARTESIAN_POINT('Origin',(0.258031496062992,0.00196850393700787,
-0.100531496062992));
#10307=CARTESIAN_POINT('',(0.26,0.00196850393700787,-0.100531496062992));
#10308=CARTESIAN_POINT('',(0.258031496062992,0.00196850393700787,-0.1025));
#10309=CARTESIAN_POINT('Origin',(0.258031496062992,0.00196850393700787,
-0.100531496062992));
#10310=CARTESIAN_POINT('',(0.258031496062992,0.,-0.100531496062992));
#10311=CARTESIAN_POINT('Origin',(0.258031496062992,0.00196850393700787,
-0.100531496062992));
#10312=CARTESIAN_POINT('Origin',(0.258031496062992,0.00196850393700787,
-0.100531496062992));
#10313=CARTESIAN_POINT('Origin',(0.258031496062992,0.00196850393700787,
0.04875));
#10314=CARTESIAN_POINT('',(0.258031496062992,0.,0.0975));
#10315=CARTESIAN_POINT('',(0.258031496062992,0.,0.04875));
#10316=CARTESIAN_POINT('',(0.26,0.00196850393700787,0.0955314960629921));
#10317=CARTESIAN_POINT('',(0.26,0.00196850393700787,0.04875));
#10318=CARTESIAN_POINT('Origin',(0.258031496062992,0.00196850393700787,
0.0955314960629921));
#10319=CARTESIAN_POINT('Origin',(0.13,0.00196850393700787,-0.100531496062992));
#10320=CARTESIAN_POINT('',(0.13,0.00196850393700787,-0.1025));
#10321=CARTESIAN_POINT('',(0.13,0.,-0.100531496062992));
#10322=CARTESIAN_POINT('Origin',(-0.258031496062992,0.333031496062992,0.0955314960629921));
#10323=CARTESIAN_POINT('',(-0.26,0.333031496062992,0.0955314960629921));
#10324=CARTESIAN_POINT('',(-0.258031496062992,0.335,0.0955314960629921));
#10325=CARTESIAN_POINT('Origin',(-0.258031496062992,0.333031496062992,0.0955314960629921));
#10326=CARTESIAN_POINT('',(-0.258031496062992,0.333031496062992,0.0975));
#10327=CARTESIAN_POINT('Origin',(-0.258031496062992,0.333031496062992,0.0955314960629921));
#10328=CARTESIAN_POINT('Origin',(-0.258031496062992,0.333031496062992,0.0955314960629921));
#10329=CARTESIAN_POINT('Origin',(0.258031496062992,0.333031496062992,-0.100531496062992));
#10330=CARTESIAN_POINT('',(0.26,0.333031496062992,-0.100531496062992));
#10331=CARTESIAN_POINT('',(0.258031496062992,0.335,-0.100531496062992));
#10332=CARTESIAN_POINT('Origin',(0.258031496062992,0.333031496062992,-0.100531496062992));
#10333=CARTESIAN_POINT('',(0.258031496062992,0.333031496062992,-0.1025));
#10334=CARTESIAN_POINT('Origin',(0.258031496062992,0.333031496062992,-0.100531496062992));
#10335=CARTESIAN_POINT('Origin',(0.258031496062992,0.333031496062992,-0.100531496062992));
#10336=CARTESIAN_POINT('Origin',(0.258031496062992,0.,-0.100531496062992));
#10337=CARTESIAN_POINT('',(0.26,0.,-0.100531496062992));
#10338=CARTESIAN_POINT('',(0.258031496062992,0.,-0.1025));
#10339=CARTESIAN_POINT('Origin',(-0.258031496062992,0.333031496062992,-0.100531496062992));
#10340=CARTESIAN_POINT('',(-0.258031496062992,0.333031496062992,-0.1025));
#10341=CARTESIAN_POINT('',(-0.258031496062992,0.335,-0.100531496062992));
#10342=CARTESIAN_POINT('Origin',(-0.258031496062992,0.333031496062992,-0.100531496062992));
#10343=CARTESIAN_POINT('',(-0.26,0.333031496062992,-0.100531496062992));
#10344=CARTESIAN_POINT('Origin',(-0.258031496062992,0.333031496062992,-0.100531496062992));
#10345=CARTESIAN_POINT('Origin',(-0.258031496062992,0.333031496062992,-0.100531496062992));
#10346=CARTESIAN_POINT('Origin',(-0.258031496062992,0.00196850393700787,
-0.100531496062992));
#10347=CARTESIAN_POINT('',(-0.258031496062992,0.,-0.100531496062992));
#10348=CARTESIAN_POINT('',(-0.258031496062992,0.00196850393700787,-0.1025));
#10349=CARTESIAN_POINT('Origin',(-0.258031496062992,0.00196850393700787,
-0.100531496062992));
#10350=CARTESIAN_POINT('',(-0.26,0.00196850393700787,-0.100531496062992));
#10351=CARTESIAN_POINT('Origin',(-0.258031496062992,0.00196850393700787,
-0.100531496062992));
#10352=CARTESIAN_POINT('Origin',(-0.258031496062992,0.00196850393700787,
-0.100531496062992));
#10353=CARTESIAN_POINT('Origin',(-0.258031496062992,0.00196850393700787,
-0.04875));
#10354=CARTESIAN_POINT('',(-0.26,0.00196850393700787,0.0955314960629921));
#10355=CARTESIAN_POINT('',(-0.26,0.00196850393700787,-0.04875));
#10356=CARTESIAN_POINT('',(-0.258031496062992,0.,0.0975));
#10357=CARTESIAN_POINT('',(-0.258031496062992,0.,-0.04875));
#10358=CARTESIAN_POINT('Origin',(-0.258031496062992,0.00196850393700787,
0.0955314960629921));
#10359=CARTESIAN_POINT('Origin',(-0.258031496062992,0.,-0.100531496062992));
#10360=CARTESIAN_POINT('',(-0.258031496062992,0.,-0.1025));
#10361=CARTESIAN_POINT('',(-0.26,0.,-0.100531496062992));
#10362=CARTESIAN_POINT('Origin',(0.13,0.00196850393700787,-0.100531496062992));
#10363=CARTESIAN_POINT('',(-0.24,0.,-0.100531496062992));
#10364=CARTESIAN_POINT('',(0.13,0.,-0.100531496062992));
#10365=CARTESIAN_POINT('',(-0.241968503937008,0.00196850393700787,-0.1025));
#10366=CARTESIAN_POINT('',(0.13,0.00196850393700787,-0.1025));
#10367=CARTESIAN_POINT('Origin',(-0.241968503937008,0.00196850393700787,
-0.100531496062992));
#10368=CARTESIAN_POINT('Origin',(-0.241968503937008,0.01,-0.100531496062992));
#10369=CARTESIAN_POINT('',(-0.241968503937008,0.0219685039370079,-0.1025));
#10370=CARTESIAN_POINT('',(-0.241968503937008,0.01,-0.1025));
#10371=CARTESIAN_POINT('',(-0.24,0.02,-0.100531496062992));
#10372=CARTESIAN_POINT('Origin',(-0.241968503937008,0.0219685039370079,
-0.100531496062992));
#10373=CARTESIAN_POINT('',(-0.24,0.01,-0.100531496062992));
#10374=CARTESIAN_POINT('Origin',(0.05,0.0219685039370079,-0.100531496062992));
#10375=CARTESIAN_POINT('',(-0.158031496062992,0.0219685039370079,-0.1025));
#10376=CARTESIAN_POINT('',(0.05,0.0219685039370079,-0.1025));
#10377=CARTESIAN_POINT('',(-0.16,0.02,-0.100531496062992));
#10378=CARTESIAN_POINT('Origin',(-0.158031496062992,0.0219685039370079,
-0.100531496062992));
#10379=CARTESIAN_POINT('',(0.05,0.02,-0.100531496062992));
#10380=CARTESIAN_POINT('Origin',(-0.158031496062992,-0.025,-0.100531496062992));
#10381=CARTESIAN_POINT('',(-0.158031496062992,0.00196850393700787,-0.1025));
#10382=CARTESIAN_POINT('',(-0.158031496062992,-0.025,-0.1025));
#10383=CARTESIAN_POINT('',(-0.16,0.,-0.100531496062992));
#10384=CARTESIAN_POINT('Origin',(-0.158031496062992,0.00196850393700788,
-0.100531496062992));
#10385=CARTESIAN_POINT('',(-0.16,-0.025,-0.100531496062992));
#10386=CARTESIAN_POINT('Origin',(0.13,0.00196850393700787,-0.100531496062992));
#10387=CARTESIAN_POINT('',(-0.14,0.,-0.100531496062992));
#10388=CARTESIAN_POINT('',(0.13,0.,-0.100531496062992));
#10389=CARTESIAN_POINT('',(-0.141968503937008,0.00196850393700787,-0.1025));
#10390=CARTESIAN_POINT('',(0.13,0.00196850393700787,-0.1025));
#10391=CARTESIAN_POINT('Origin',(-0.141968503937008,0.00196850393700787,
-0.100531496062992));
#10392=CARTESIAN_POINT('Origin',(-0.141968503937008,0.01,-0.100531496062992));
#10393=CARTESIAN_POINT('',(-0.14,0.02,-0.100531496062992));
#10394=CARTESIAN_POINT('',(-0.14,0.01,-0.100531496062992));
#10395=CARTESIAN_POINT('',(-0.141968503937008,0.0219685039370079,-0.1025));
#10396=CARTESIAN_POINT('',(-0.141968503937008,0.01,-0.1025));
#10397=CARTESIAN_POINT('Origin',(-0.141968503937008,0.0219685039370079,
-0.100531496062992));
#10398=CARTESIAN_POINT('Origin',(0.1,0.0219685039370079,-0.100531496062992));
#10399=CARTESIAN_POINT('',(-0.06,0.02,-0.100531496062992));
#10400=CARTESIAN_POINT('',(0.1,0.02,-0.100531496062992));
#10401=CARTESIAN_POINT('',(-0.0580314960629921,0.0219685039370079,-0.1025));
#10402=CARTESIAN_POINT('',(0.1,0.0219685039370079,-0.1025));
#10403=CARTESIAN_POINT('Origin',(-0.0580314960629921,0.0219685039370079,
-0.100531496062992));
#10404=CARTESIAN_POINT('Origin',(-0.0580314960629921,-0.025,-0.100531496062992));
#10405=CARTESIAN_POINT('',(-0.06,0.,-0.100531496062992));
#10406=CARTESIAN_POINT('',(-0.06,-0.025,-0.100531496062992));
#10407=CARTESIAN_POINT('',(-0.0580314960629921,0.00196850393700787,-0.1025));
#10408=CARTESIAN_POINT('',(-0.0580314960629921,-0.025,-0.1025));
#10409=CARTESIAN_POINT('Origin',(-0.0580314960629921,0.00196850393700788,
-0.100531496062992));
#10410=CARTESIAN_POINT('Origin',(0.13,0.00196850393700787,-0.100531496062992));
#10411=CARTESIAN_POINT('',(-0.04,0.,-0.100531496062992));
#10412=CARTESIAN_POINT('',(0.13,0.,-0.100531496062992));
#10413=CARTESIAN_POINT('',(-0.0419685039370079,0.00196850393700787,-0.1025));
#10414=CARTESIAN_POINT('',(0.13,0.00196850393700787,-0.1025));
#10415=CARTESIAN_POINT('Origin',(-0.0419685039370079,0.00196850393700787,
-0.100531496062992));
#10416=CARTESIAN_POINT('Origin',(-0.258031496062992,0.333031496062992,-0.04875));
#10417=CARTESIAN_POINT('',(-0.258031496062992,0.335,-0.04875));
#10418=CARTESIAN_POINT('',(-0.26,0.333031496062992,-0.04875));
#10419=CARTESIAN_POINT('Origin',(0.13,0.333031496062992,-0.100531496062992));
#10420=CARTESIAN_POINT('',(0.13,0.335,-0.100531496062992));
#10421=CARTESIAN_POINT('',(0.13,0.333031496062992,-0.1025));
#10422=CARTESIAN_POINT('Origin',(-0.258031496062992,0.,0.0955314960629921));
#10423=CARTESIAN_POINT('',(-0.258031496062992,0.,0.0975));
#10424=CARTESIAN_POINT('',(-0.26,0.,0.0955314960629921));
#10425=CARTESIAN_POINT('Origin',(-0.0419685039370079,0.01,-0.100531496062992));
#10426=CARTESIAN_POINT('',(-0.04,0.02,-0.100531496062992));
#10427=CARTESIAN_POINT('',(-0.04,0.01,-0.100531496062992));
#10428=CARTESIAN_POINT('',(-0.0419685039370079,0.0219685039370079,-0.1025));
#10429=CARTESIAN_POINT('',(-0.0419685039370079,0.01,-0.1025));
#10430=CARTESIAN_POINT('Origin',(-0.0419685039370079,0.0219685039370079,
-0.100531496062992));
#10431=CARTESIAN_POINT('Origin',(0.258031496062992,0.333031496062992,0.04875));
#10432=CARTESIAN_POINT('',(0.258031496062992,0.335,0.04875));
#10433=CARTESIAN_POINT('',(0.26,0.333031496062992,0.04875));
#10434=CARTESIAN_POINT('Origin',(-0.13,0.333031496062992,0.0955314960629921));
#10435=CARTESIAN_POINT('',(-0.13,0.335,0.0955314960629921));
#10436=CARTESIAN_POINT('',(-0.13,0.333031496062992,0.0975));
#10437=CARTESIAN_POINT('Origin',(0.15,0.0219685039370079,-0.100531496062992));
#10438=CARTESIAN_POINT('',(0.04,0.02,-0.100531496062992));
#10439=CARTESIAN_POINT('',(0.15,0.02,-0.100531496062992));
#10440=CARTESIAN_POINT('',(0.0419685039370079,0.0219685039370079,-0.1025));
#10441=CARTESIAN_POINT('',(0.15,0.0219685039370079,-0.1025));
#10442=CARTESIAN_POINT('Origin',(0.0419685039370079,0.0219685039370079,
-0.100531496062992));
#10443=CARTESIAN_POINT('Origin',(0.258031496062992,0.,0.0955314960629921));
#10444=CARTESIAN_POINT('',(0.26,0.,0.0955314960629921));
#10445=CARTESIAN_POINT('',(0.258031496062992,0.,0.0975));
#10446=CARTESIAN_POINT('Origin',(0.0419685039370079,-0.025,-0.100531496062992));
#10447=CARTESIAN_POINT('',(0.04,0.,-0.100531496062992));
#10448=CARTESIAN_POINT('',(0.04,-0.025,-0.100531496062992));
#10449=CARTESIAN_POINT('',(0.0419685039370079,0.00196850393700787,-0.1025));
#10450=CARTESIAN_POINT('',(0.0419685039370079,-0.025,-0.1025));
#10451=CARTESIAN_POINT('Origin',(0.0419685039370079,0.00196850393700788,
-0.100531496062992));
#10452=CARTESIAN_POINT('Origin',(0.13,0.00196850393700787,-0.100531496062992));
#10453=CARTESIAN_POINT('',(0.06,0.,-0.100531496062992));
#10454=CARTESIAN_POINT('',(0.13,0.,-0.100531496062992));
#10455=CARTESIAN_POINT('',(0.0580314960629921,0.00196850393700787,-0.1025));
#10456=CARTESIAN_POINT('',(0.13,0.00196850393700787,-0.1025));
#10457=CARTESIAN_POINT('Origin',(0.0580314960629921,0.00196850393700787,
-0.100531496062992));
#10458=CARTESIAN_POINT('Origin',(0.0580314960629921,0.01,-0.100531496062992));
#10459=CARTESIAN_POINT('',(0.06,0.02,-0.100531496062992));
#10460=CARTESIAN_POINT('',(0.06,0.01,-0.100531496062992));
#10461=CARTESIAN_POINT('',(0.0580314960629921,0.0219685039370079,-0.1025));
#10462=CARTESIAN_POINT('',(0.0580314960629921,0.01,-0.1025));
#10463=CARTESIAN_POINT('Origin',(0.0580314960629921,0.0219685039370079,
-0.100531496062992));
#10464=CARTESIAN_POINT('Origin',(0.2,0.0219685039370079,-0.100531496062992));
#10465=CARTESIAN_POINT('',(0.2,0.02,-0.100531496062992));
#10466=CARTESIAN_POINT('',(0.2,0.0219685039370079,-0.1025));
#10467=CARTESIAN_POINT('Origin',(0.06,0.02,0.));
#10468=CARTESIAN_POINT('',(0.06,0.02,0.0975));
#10469=CARTESIAN_POINT('',(0.06,0.02,0.));
#10470=CARTESIAN_POINT('',(0.06,0.,0.0975));
#10471=CARTESIAN_POINT('',(0.06,0.01,0.0975));
#10472=CARTESIAN_POINT('',(0.06,0.,0.));
#10473=CARTESIAN_POINT('Origin',(0.14,0.02,0.));
#10474=CARTESIAN_POINT('',(0.14,0.02,0.0975));
#10475=CARTESIAN_POINT('',(0.14,0.02,0.));
#10476=CARTESIAN_POINT('',(-0.06,0.02,0.0975));
#10477=CARTESIAN_POINT('',(0.0845,0.02,-0.0655));
#10478=CARTESIAN_POINT('',(0.1155,0.02,-0.0655));
#10479=CARTESIAN_POINT('',(0.12775,0.02,-0.0655));
#10480=CARTESIAN_POINT('',(0.0845,0.02,-0.0345));
#10481=CARTESIAN_POINT('',(0.0845,0.02,-0.03275));
#10482=CARTESIAN_POINT('',(0.1155,0.02,-0.0345));
#10483=CARTESIAN_POINT('',(0.11225,0.02,-0.0345));
#10484=CARTESIAN_POINT('',(0.1155,0.02,-0.01725));
#10485=CARTESIAN_POINT('',(0.0845,0.02,0.0345));
#10486=CARTESIAN_POINT('',(0.1155,0.02,0.0345));
#10487=CARTESIAN_POINT('',(0.12775,0.02,0.0345));
#10488=CARTESIAN_POINT('',(0.0845,0.02,0.0655));
#10489=CARTESIAN_POINT('',(0.0845,0.02,0.01725));
#10490=CARTESIAN_POINT('',(0.1155,0.02,0.0655));
#10491=CARTESIAN_POINT('',(0.11225,0.02,0.0655));
#10492=CARTESIAN_POINT('',(0.1155,0.02,0.03275));
#10493=CARTESIAN_POINT('Origin',(0.14,-0.05,0.));
#10494=CARTESIAN_POINT('',(0.14,0.,0.0975));
#10495=CARTESIAN_POINT('',(0.14,0.,0.));
#10496=CARTESIAN_POINT('',(0.14,-0.025,0.0975));
#10497=CARTESIAN_POINT('Origin',(0.,0.,0.));
#10498=CARTESIAN_POINT('',(0.16,0.,0.0975));
#10499=CARTESIAN_POINT('',(0.16,0.,0.));
#10500=CARTESIAN_POINT('',(-0.26,0.,0.0975));
#10501=CARTESIAN_POINT('Origin',(0.16,0.02,0.));
#10502=CARTESIAN_POINT('',(0.16,0.02,0.0975));
#10503=CARTESIAN_POINT('',(0.16,0.02,0.));
#10504=CARTESIAN_POINT('',(0.16,0.01,0.0975));
#10505=CARTESIAN_POINT('Origin',(0.24,0.02,0.));
#10506=CARTESIAN_POINT('',(0.24,0.02,0.0975));
#10507=CARTESIAN_POINT('',(0.24,0.02,0.));
#10508=CARTESIAN_POINT('',(-0.00999999999999999,0.02,0.0975));
#10509=CARTESIAN_POINT('',(0.1845,0.02,-0.0655));
#10510=CARTESIAN_POINT('',(0.2155,0.02,-0.0655));
#10511=CARTESIAN_POINT('',(0.22775,0.02,-0.0655));
#10512=CARTESIAN_POINT('',(0.1845,0.02,-0.0345));
#10513=CARTESIAN_POINT('',(0.1845,0.02,-0.03275));
#10514=CARTESIAN_POINT('',(0.2155,0.02,-0.0345));
#10515=CARTESIAN_POINT('',(0.21225,0.02,-0.0345));
#10516=CARTESIAN_POINT('',(0.2155,0.02,-0.01725));
#10517=CARTESIAN_POINT('',(0.1845,0.02,0.0345));
#10518=CARTESIAN_POINT('',(0.2155,0.02,0.0345));
#10519=CARTESIAN_POINT('',(0.22775,0.02,0.0345));
#10520=CARTESIAN_POINT('',(0.1845,0.02,0.0655));
#10521=CARTESIAN_POINT('',(0.1845,0.02,0.01725));
#10522=CARTESIAN_POINT('',(0.2155,0.02,0.0655));
#10523=CARTESIAN_POINT('',(0.21225,0.02,0.0655));
#10524=CARTESIAN_POINT('',(0.2155,0.02,0.03275));
#10525=CARTESIAN_POINT('Origin',(0.24,-0.08,0.));
#10526=CARTESIAN_POINT('',(0.24,0.,0.0975));
#10527=CARTESIAN_POINT('',(0.24,0.,0.));
#10528=CARTESIAN_POINT('',(0.24,-0.04,0.0975));
#10529=CARTESIAN_POINT('Origin',(0.,0.,0.));
#10530=CARTESIAN_POINT('',(-0.26,0.,0.0975));
#10531=CARTESIAN_POINT('Origin',(-0.26,0.,0.0975));
#10532=CARTESIAN_POINT('',(-0.24,0.,0.0975));
#10533=CARTESIAN_POINT('',(-0.26,0.,0.0975));
#10534=CARTESIAN_POINT('',(-0.24,0.02,0.0975));
#10535=CARTESIAN_POINT('',(-0.24,0.01,0.0975));
#10536=CARTESIAN_POINT('',(-0.16,0.02,0.0975));
#10537=CARTESIAN_POINT('',(-0.21,0.02,0.0975));
#10538=CARTESIAN_POINT('',(-0.16,0.,0.0975));
#10539=CARTESIAN_POINT('',(-0.16,-0.025,0.0975));
#10540=CARTESIAN_POINT('',(-0.14,0.,0.0975));
#10541=CARTESIAN_POINT('',(-0.26,0.,0.0975));
#10542=CARTESIAN_POINT('',(-0.14,0.02,0.0975));
#10543=CARTESIAN_POINT('',(-0.14,0.01,0.0975));
#10544=CARTESIAN_POINT('',(-0.06,0.02,0.0975));
#10545=CARTESIAN_POINT('',(-0.16,0.02,0.0975));
#10546=CARTESIAN_POINT('',(-0.06,0.,0.0975));
#10547=CARTESIAN_POINT('',(-0.06,-0.025,0.0975));
#10548=CARTESIAN_POINT('',(-0.04,0.,0.0975));
#10549=CARTESIAN_POINT('',(-0.26,0.,0.0975));
#10550=CARTESIAN_POINT('',(-0.04,0.02,0.0975));
#10551=CARTESIAN_POINT('',(-0.04,0.01,0.0975));
#10552=CARTESIAN_POINT('',(0.04,0.02,0.0975));
#10553=CARTESIAN_POINT('',(-0.11,0.02,0.0975));
#10554=CARTESIAN_POINT('',(0.04,0.,0.0975));
#10555=CARTESIAN_POINT('',(0.04,-0.025,0.0975));
#10556=CARTESIAN_POINT('',(-0.26,0.,0.0975));
#10557=CARTESIAN_POINT('Origin',(0.26,0.,0.0975));
#10558=CARTESIAN_POINT('Origin',(-0.26,0.,-0.0975));
#10559=CARTESIAN_POINT('Origin',(0.26,0.,-0.1025));
#10560=CARTESIAN_POINT('Origin',(0.,0.335,0.));
#10561=CARTESIAN_POINT('',(0.1845,0.335,0.0345));
#10562=CARTESIAN_POINT('',(0.2155,0.335,0.0345));
#10563=CARTESIAN_POINT('',(0.10775,0.335,0.0345));
#10564=CARTESIAN_POINT('',(0.2155,0.335,0.0655));
#10565=CARTESIAN_POINT('',(0.2155,0.335,0.03275));
#10566=CARTESIAN_POINT('',(0.1845,0.335,0.0655));
#10567=CARTESIAN_POINT('',(0.09225,0.335,0.0655));
#10568=CARTESIAN_POINT('',(0.1845,0.335,0.01725));
#10569=CARTESIAN_POINT('',(0.1845,0.335,-0.0655));
#10570=CARTESIAN_POINT('',(0.2155,0.335,-0.0655));
#10571=CARTESIAN_POINT('',(0.10775,0.335,-0.0655));
#10572=CARTESIAN_POINT('',(0.2155,0.335,-0.0345));
#10573=CARTESIAN_POINT('',(0.2155,0.335,-0.01725));
#10574=CARTESIAN_POINT('',(0.1845,0.335,-0.0345));
#10575=CARTESIAN_POINT('',(0.09225,0.335,-0.0345));
#10576=CARTESIAN_POINT('',(0.1845,0.335,-0.03275));
#10577=CARTESIAN_POINT('',(0.0845,0.335,0.0345));
#10578=CARTESIAN_POINT('',(0.1155,0.335,0.0345));
#10579=CARTESIAN_POINT('',(0.05775,0.335,0.0345));
#10580=CARTESIAN_POINT('',(0.1155,0.335,0.0655));
#10581=CARTESIAN_POINT('',(0.1155,0.335,0.03275));
#10582=CARTESIAN_POINT('',(0.0845,0.335,0.0655));
#10583=CARTESIAN_POINT('',(0.04225,0.335,0.0655));
#10584=CARTESIAN_POINT('',(0.0845,0.335,0.01725));
#10585=CARTESIAN_POINT('',(0.0845,0.335,-0.0655));
#10586=CARTESIAN_POINT('',(0.1155,0.335,-0.0655));
#10587=CARTESIAN_POINT('',(0.05775,0.335,-0.0655));
#10588=CARTESIAN_POINT('',(0.1155,0.335,-0.0345));
#10589=CARTESIAN_POINT('',(0.1155,0.335,-0.01725));
#10590=CARTESIAN_POINT('',(0.0845,0.335,-0.0345));
#10591=CARTESIAN_POINT('',(0.04225,0.335,-0.0345));
#10592=CARTESIAN_POINT('',(0.0845,0.335,-0.03275));
#10593=CARTESIAN_POINT('',(-0.0155,0.335,0.0345));
#10594=CARTESIAN_POINT('',(0.0155,0.335,0.0345));
#10595=CARTESIAN_POINT('',(0.00775,0.335,0.0345));
#10596=CARTESIAN_POINT('',(0.0155,0.335,0.0655));
#10597=CARTESIAN_POINT('',(0.0155,0.335,0.03275));
#10598=CARTESIAN_POINT('',(-0.0155,0.335,0.0655));
#10599=CARTESIAN_POINT('',(-0.00775,0.335,0.0655));
#10600=CARTESIAN_POINT('',(-0.0155,0.335,0.01725));
#10601=CARTESIAN_POINT('',(-0.0155,0.335,-0.0655));
#10602=CARTESIAN_POINT('',(0.0155,0.335,-0.0655));
#10603=CARTESIAN_POINT('',(0.00775,0.335,-0.0655));
#10604=CARTESIAN_POINT('',(0.0155,0.335,-0.0345));
#10605=CARTESIAN_POINT('',(0.0155,0.335,-0.01725));
#10606=CARTESIAN_POINT('',(-0.0155,0.335,-0.0345));
#10607=CARTESIAN_POINT('',(-0.00775,0.335,-0.0345));
#10608=CARTESIAN_POINT('',(-0.0155,0.335,-0.03275));
#10609=CARTESIAN_POINT('',(-0.1155,0.335,0.0345));
#10610=CARTESIAN_POINT('',(-0.0845,0.335,0.0345));
#10611=CARTESIAN_POINT('',(-0.04225,0.335,0.0345));
#10612=CARTESIAN_POINT('',(-0.0845,0.335,0.0655));
#10613=CARTESIAN_POINT('',(-0.0845,0.335,0.03275));
#10614=CARTESIAN_POINT('',(-0.1155,0.335,0.0655));
#10615=CARTESIAN_POINT('',(-0.05775,0.335,0.0655));
#10616=CARTESIAN_POINT('',(-0.1155,0.335,0.01725));
#10617=CARTESIAN_POINT('',(-0.1155,0.335,-0.0655));
#10618=CARTESIAN_POINT('',(-0.0845,0.335,-0.0655));
#10619=CARTESIAN_POINT('',(-0.04225,0.335,-0.0655));
#10620=CARTESIAN_POINT('',(-0.0845,0.335,-0.0345));
#10621=CARTESIAN_POINT('',(-0.0845,0.335,-0.01725));
#10622=CARTESIAN_POINT('',(-0.1155,0.335,-0.0345));
#10623=CARTESIAN_POINT('',(-0.05775,0.335,-0.0345));
#10624=CARTESIAN_POINT('',(-0.1155,0.335,-0.03275));
#10625=CARTESIAN_POINT('',(-0.2155,0.335,0.0345));
#10626=CARTESIAN_POINT('',(-0.1845,0.335,0.0345));
#10627=CARTESIAN_POINT('',(-0.09225,0.335,0.0345));
#10628=CARTESIAN_POINT('',(-0.1845,0.335,0.0655));
#10629=CARTESIAN_POINT('',(-0.1845,0.335,0.03275));
#10630=CARTESIAN_POINT('',(-0.2155,0.335,0.0655));
#10631=CARTESIAN_POINT('',(-0.10775,0.335,0.0655));
#10632=CARTESIAN_POINT('',(-0.2155,0.335,0.01725));
#10633=CARTESIAN_POINT('',(-0.2155,0.335,-0.0655));
#10634=CARTESIAN_POINT('',(-0.1845,0.335,-0.0655));
#10635=CARTESIAN_POINT('',(-0.09225,0.335,-0.0655));
#10636=CARTESIAN_POINT('',(-0.1845,0.335,-0.0345));
#10637=CARTESIAN_POINT('',(-0.1845,0.335,-0.01725));
#10638=CARTESIAN_POINT('',(-0.2155,0.335,-0.0345));
#10639=CARTESIAN_POINT('',(-0.10775,0.335,-0.0345));
#10640=CARTESIAN_POINT('',(-0.2155,0.335,-0.03275));
#10641=CARTESIAN_POINT('Origin',(-0.24,0.02,0.));
#10642=CARTESIAN_POINT('',(-0.24,0.02,0.));
#10643=CARTESIAN_POINT('',(-0.24,0.,0.));
#10644=CARTESIAN_POINT('Origin',(-0.14,0.02,0.));
#10645=CARTESIAN_POINT('',(-0.14,0.02,0.));
#10646=CARTESIAN_POINT('',(-0.14,0.,0.));
#10647=CARTESIAN_POINT('Origin',(-0.04,0.02,0.));
#10648=CARTESIAN_POINT('',(-0.04,0.02,0.));
#10649=CARTESIAN_POINT('',(-0.04,0.,0.));
#10650=CARTESIAN_POINT('Origin',(-0.16,0.02,0.));
#10651=CARTESIAN_POINT('',(-0.16,0.02,0.));
#10652=CARTESIAN_POINT('',(-0.2155,0.02,0.0345));
#10653=CARTESIAN_POINT('',(-0.1845,0.02,0.0345));
#10654=CARTESIAN_POINT('',(-0.17225,0.02,0.0345));
#10655=CARTESIAN_POINT('',(-0.2155,0.02,0.0655));
#10656=CARTESIAN_POINT('',(-0.2155,0.02,0.01725));
#10657=CARTESIAN_POINT('',(-0.1845,0.02,0.0655));
#10658=CARTESIAN_POINT('',(-0.18775,0.02,0.0655));
#10659=CARTESIAN_POINT('',(-0.1845,0.02,0.03275));
#10660=CARTESIAN_POINT('',(-0.2155,0.02,-0.0655));
#10661=CARTESIAN_POINT('',(-0.1845,0.02,-0.0655));
#10662=CARTESIAN_POINT('',(-0.17225,0.02,-0.0655));
#10663=CARTESIAN_POINT('',(-0.2155,0.02,-0.0345));
#10664=CARTESIAN_POINT('',(-0.2155,0.02,-0.03275));
#10665=CARTESIAN_POINT('',(-0.1845,0.02,-0.0345));
#10666=CARTESIAN_POINT('',(-0.18775,0.02,-0.0345));
#10667=CARTESIAN_POINT('',(-0.1845,0.02,-0.01725));
#10668=CARTESIAN_POINT('Origin',(-0.06,0.02,0.));
#10669=CARTESIAN_POINT('',(-0.06,0.02,0.));
#10670=CARTESIAN_POINT('',(-0.1155,0.02,0.0345));
#10671=CARTESIAN_POINT('',(-0.0845,0.02,0.0345));
#10672=CARTESIAN_POINT('',(-0.07225,0.02,0.0345));
#10673=CARTESIAN_POINT('',(-0.1155,0.02,0.0655));
#10674=CARTESIAN_POINT('',(-0.1155,0.02,0.01725));
#10675=CARTESIAN_POINT('',(-0.0845,0.02,0.0655));
#10676=CARTESIAN_POINT('',(-0.08775,0.02,0.0655));
#10677=CARTESIAN_POINT('',(-0.0845,0.02,0.03275));
#10678=CARTESIAN_POINT('',(-0.1155,0.02,-0.0655));
#10679=CARTESIAN_POINT('',(-0.0845,0.02,-0.0655));
#10680=CARTESIAN_POINT('',(-0.07225,0.02,-0.0655));
#10681=CARTESIAN_POINT('',(-0.1155,0.02,-0.0345));
#10682=CARTESIAN_POINT('',(-0.1155,0.02,-0.03275));
#10683=CARTESIAN_POINT('',(-0.0845,0.02,-0.0345));
#10684=CARTESIAN_POINT('',(-0.08775,0.02,-0.0345));
#10685=CARTESIAN_POINT('',(-0.0845,0.02,-0.01725));
#10686=CARTESIAN_POINT('Origin',(0.04,0.02,0.));
#10687=CARTESIAN_POINT('',(0.04,0.02,0.));
#10688=CARTESIAN_POINT('',(-0.0155,0.02,0.0345));
#10689=CARTESIAN_POINT('',(0.0155,0.02,0.0345));
#10690=CARTESIAN_POINT('',(0.02775,0.02,0.0345));
#10691=CARTESIAN_POINT('',(-0.0155,0.02,0.0655));
#10692=CARTESIAN_POINT('',(-0.0155,0.02,0.01725));
#10693=CARTESIAN_POINT('',(0.0155,0.02,0.0655));
#10694=CARTESIAN_POINT('',(0.01225,0.02,0.0655));
#10695=CARTESIAN_POINT('',(0.0155,0.02,0.03275));
#10696=CARTESIAN_POINT('',(-0.0155,0.02,-0.0655));
#10697=CARTESIAN_POINT('',(0.0155,0.02,-0.0655));
#10698=CARTESIAN_POINT('',(0.02775,0.02,-0.0655));
#10699=CARTESIAN_POINT('',(-0.0155,0.02,-0.0345));
#10700=CARTESIAN_POINT('',(-0.0155,0.02,-0.03275));
#10701=CARTESIAN_POINT('',(0.0155,0.02,-0.0345));
#10702=CARTESIAN_POINT('',(0.01225,0.02,-0.0345));
#10703=CARTESIAN_POINT('',(0.0155,0.02,-0.01725));
#10704=CARTESIAN_POINT('Origin',(-0.16,-0.05,0.));
#10705=CARTESIAN_POINT('',(-0.16,0.,0.));
#10706=CARTESIAN_POINT('Origin',(-0.06,-0.05,0.));
#10707=CARTESIAN_POINT('',(-0.06,0.,0.));
#10708=CARTESIAN_POINT('Origin',(0.04,-0.05,0.));
#10709=CARTESIAN_POINT('',(0.04,0.,0.));
#10710=CARTESIAN_POINT('Origin',(-0.2155,0.,-0.0345));
#10711=CARTESIAN_POINT('',(-0.2155,0.,-0.0345));
#10712=CARTESIAN_POINT('',(-0.1845,0.,-0.0345));
#10713=CARTESIAN_POINT('Origin',(-0.2155,0.,-0.0655));
#10714=CARTESIAN_POINT('',(-0.2155,0.,-0.0655));
#10715=CARTESIAN_POINT('Origin',(-0.2155,0.,0.0655));
#10716=CARTESIAN_POINT('',(-0.2155,0.,0.0655));
#10717=CARTESIAN_POINT('',(-0.1845,0.,0.0655));
#10718=CARTESIAN_POINT('Origin',(-0.2155,0.,0.0345));
#10719=CARTESIAN_POINT('',(-0.2155,0.,0.0345));
#10720=CARTESIAN_POINT('Origin',(-0.1155,0.,-0.0345));
#10721=CARTESIAN_POINT('',(-0.1155,0.,-0.0345));
#10722=CARTESIAN_POINT('',(-0.0845,0.,-0.0345));
#10723=CARTESIAN_POINT('Origin',(-0.1155,0.,-0.0655));
#10724=CARTESIAN_POINT('',(-0.1155,0.,-0.0655));
#10725=CARTESIAN_POINT('Origin',(-0.1155,0.,0.0655));
#10726=CARTESIAN_POINT('',(-0.1155,0.,0.0655));
#10727=CARTESIAN_POINT('',(-0.0845,0.,0.0655));
#10728=CARTESIAN_POINT('Origin',(-0.1155,0.,0.0345));
#10729=CARTESIAN_POINT('',(-0.1155,0.,0.0345));
#10730=CARTESIAN_POINT('Origin',(-0.0155,0.,-0.0345));
#10731=CARTESIAN_POINT('',(-0.0155,0.,-0.0345));
#10732=CARTESIAN_POINT('',(0.0155,0.,-0.0345));
#10733=CARTESIAN_POINT('Origin',(-0.0155,0.,-0.0655));
#10734=CARTESIAN_POINT('',(-0.0155,0.,-0.0655));
#10735=CARTESIAN_POINT('Origin',(-0.0155,0.,0.0655));
#10736=CARTESIAN_POINT('',(-0.0155,0.,0.0655));
#10737=CARTESIAN_POINT('',(0.0155,0.,0.0655));
#10738=CARTESIAN_POINT('Origin',(-0.0155,0.,0.0345));
#10739=CARTESIAN_POINT('',(-0.0155,0.,0.0345));
#10740=CARTESIAN_POINT('Origin',(0.0845,0.,-0.0345));
#10741=CARTESIAN_POINT('',(0.0845,0.,-0.0345));
#10742=CARTESIAN_POINT('',(0.1155,0.,-0.0345));
#10743=CARTESIAN_POINT('Origin',(0.0845,0.,-0.0655));
#10744=CARTESIAN_POINT('',(0.0845,0.,-0.0655));
#10745=CARTESIAN_POINT('Origin',(0.0845,0.,0.0655));
#10746=CARTESIAN_POINT('',(0.0845,0.,0.0655));
#10747=CARTESIAN_POINT('',(0.1155,0.,0.0655));
#10748=CARTESIAN_POINT('Origin',(0.0845,0.,0.0345));
#10749=CARTESIAN_POINT('',(0.0845,0.,0.0345));
#10750=CARTESIAN_POINT('Origin',(0.,0.,0.));
#10751=CARTESIAN_POINT('Origin',(0.,0.,0.));
#10752=CARTESIAN_POINT('Origin',(0.,0.,0.));
#10753=CARTESIAN_POINT('Origin',(0.1845,0.,-0.0345));
#10754=CARTESIAN_POINT('',(0.1845,0.,-0.0345));
#10755=CARTESIAN_POINT('',(0.2155,0.,-0.0345));
#10756=CARTESIAN_POINT('Origin',(0.1845,0.,-0.0655));
#10757=CARTESIAN_POINT('',(0.1845,0.,-0.0655));
#10758=CARTESIAN_POINT('Origin',(0.1845,0.,0.0655));
#10759=CARTESIAN_POINT('',(0.1845,0.,0.0655));
#10760=CARTESIAN_POINT('',(0.2155,0.,0.0655));
#10761=CARTESIAN_POINT('Origin',(0.1845,0.,0.0345));
#10762=CARTESIAN_POINT('',(0.1845,0.,0.0345));
#10763=CARTESIAN_POINT('Origin',(-0.1845,0.,-0.0655));
#10764=CARTESIAN_POINT('',(-0.1845,0.,-0.0655));
#10765=CARTESIAN_POINT('Origin',(-0.1845,0.,-0.0345));
#10766=CARTESIAN_POINT('Origin',(-0.1845,0.,0.0345));
#10767=CARTESIAN_POINT('',(-0.1845,0.,0.0345));
#10768=CARTESIAN_POINT('Origin',(-0.1845,0.,0.0655));
#10769=CARTESIAN_POINT('Origin',(-0.0845,0.,-0.0655));
#10770=CARTESIAN_POINT('',(-0.0845,0.,-0.0655));
#10771=CARTESIAN_POINT('Origin',(-0.0845,0.,-0.0345));
#10772=CARTESIAN_POINT('Origin',(-0.0845,0.,0.0345));
#10773=CARTESIAN_POINT('',(-0.0845,0.,0.0345));
#10774=CARTESIAN_POINT('Origin',(-0.0845,0.,0.0655));
#10775=CARTESIAN_POINT('Origin',(0.0155,0.,-0.0655));
#10776=CARTESIAN_POINT('',(0.0155,0.,-0.0655));
#10777=CARTESIAN_POINT('Origin',(0.0155,0.,-0.0345));
#10778=CARTESIAN_POINT('Origin',(0.0155,0.,0.0345));
#10779=CARTESIAN_POINT('',(0.0155,0.,0.0345));
#10780=CARTESIAN_POINT('Origin',(0.0155,0.,0.0655));
#10781=CARTESIAN_POINT('Origin',(0.1155,0.,-0.0655));
#10782=CARTESIAN_POINT('',(0.1155,0.,-0.0655));
#10783=CARTESIAN_POINT('Origin',(0.1155,0.,-0.0345));
#10784=CARTESIAN_POINT('Origin',(0.1155,0.,0.0345));
#10785=CARTESIAN_POINT('',(0.1155,0.,0.0345));
#10786=CARTESIAN_POINT('Origin',(0.1155,0.,0.0655));
#10787=CARTESIAN_POINT('Origin',(0.2155,0.,-0.0655));
#10788=CARTESIAN_POINT('',(0.2155,0.,-0.0655));
#10789=CARTESIAN_POINT('Origin',(0.2155,0.,-0.0345));
#10790=CARTESIAN_POINT('Origin',(0.2155,0.,0.0345));
#10791=CARTESIAN_POINT('',(0.2155,0.,0.0345));
#10792=CARTESIAN_POINT('Origin',(0.2155,0.,0.0655));
#10793=CARTESIAN_POINT('Origin',(0.,0.,0.));
#10794=CARTESIAN_POINT('',(0.,0.,0.));
#10795=CARTESIAN_POINT('Origin',(-0.2055,0.,0.1975));
#10796=CARTESIAN_POINT('',(-0.2155,0.016,0.18017949192431));
#10797=CARTESIAN_POINT('',(-0.205788675134595,0.016,0.197));
#10798=CARTESIAN_POINT('',(-0.206551034341846,0.016,0.195679555119422));
#10799=CARTESIAN_POINT('',(-0.2155,0.,0.18017949192431));
#10800=CARTESIAN_POINT('',(-0.2155,-0.175,0.18017949192431));
#10801=CARTESIAN_POINT('',(-0.205788675134595,0.,0.197));
#10802=CARTESIAN_POINT('',(-0.179920753175476,0.,0.241804555119424));
#10803=CARTESIAN_POINT('',(-0.205788675134595,0.008,0.197));
#10804=CARTESIAN_POINT('Origin',(-0.1845,0.,0.18017949192431));
#10805=CARTESIAN_POINT('',(-0.1845,-0.1,0.18017949192431));
#10806=CARTESIAN_POINT('',(-0.194211324865405,-0.1,0.197));
#10807=CARTESIAN_POINT('',(-0.16507924682453,-0.1,0.146541760703138));
#10808=CARTESIAN_POINT('',(-0.1845,-0.084,0.18017949192431));
#10809=CARTESIAN_POINT('',(-0.1845,0.0515,0.18017949192431));
#10810=CARTESIAN_POINT('',(-0.194211324865405,-0.084,0.197));
#10811=CARTESIAN_POINT('',(-0.116798330563549,-0.084,0.0629167607031352));
#10812=CARTESIAN_POINT('',(-0.194211324865405,-0.042,0.197));
#10813=CARTESIAN_POINT('Origin',(-0.1845,0.,0.18017949192431));
#10814=CARTESIAN_POINT('',(-0.1845,0.,0.18017949192431));
#10815=CARTESIAN_POINT('',(-0.194211324865405,0.,0.197));
#10816=CARTESIAN_POINT('',(-0.16507924682453,0.,0.146541760703138));
#10817=CARTESIAN_POINT('',(-0.1845,0.016,0.18017949192431));
#10818=CARTESIAN_POINT('',(-0.1845,0.0515,0.18017949192431));
#10819=CARTESIAN_POINT('',(-0.194211324865405,0.016,0.197));
#10820=CARTESIAN_POINT('',(-0.138448965658159,0.016,0.100416760703137));
#10821=CARTESIAN_POINT('',(-0.194211324865405,0.008,0.197));
#10822=CARTESIAN_POINT('Origin',(-0.1055,0.,0.1975));
#10823=CARTESIAN_POINT('',(-0.105788675134595,0.,0.197));
#10824=CARTESIAN_POINT('',(-0.1155,0.,0.18017949192431));
#10825=CARTESIAN_POINT('',(-0.0924207531754744,0.,0.220153920024814));
#10826=CARTESIAN_POINT('',(-0.105788675134595,0.016,0.197));
#10827=CARTESIAN_POINT('',(-0.105788675134595,0.008,0.197));
#10828=CARTESIAN_POINT('',(-0.1155,0.016,0.18017949192431));
#10829=CARTESIAN_POINT('',(-0.119051034341845,0.016,0.174028920024812));
#10830=CARTESIAN_POINT('',(-0.1155,-0.175,0.18017949192431));
#10831=CARTESIAN_POINT('Origin',(-0.0845,0.,0.18017949192431));
#10832=CARTESIAN_POINT('',(-0.0942113248654052,0.016,0.197));
#10833=CARTESIAN_POINT('',(-0.0845,0.016,0.18017949192431));
#10834=CARTESIAN_POINT('',(-0.0509489656581577,0.016,0.122067395797747));
#10835=CARTESIAN_POINT('',(-0.0942113248654052,0.,0.197));
#10836=CARTESIAN_POINT('',(-0.0942113248654052,0.008,0.197));
#10837=CARTESIAN_POINT('',(-0.0845,0.,0.18017949192431));
#10838=CARTESIAN_POINT('',(-0.0775792468245282,0.,0.168192395797748));
#10839=CARTESIAN_POINT('',(-0.0845,0.0515,0.18017949192431));
#10840=CARTESIAN_POINT('Origin',(-0.0055,0.,0.1975));
#10841=CARTESIAN_POINT('',(-0.00578867513459479,0.,0.197));
#10842=CARTESIAN_POINT('',(-0.0155,0.,0.18017949192431));
#10843=CARTESIAN_POINT('',(-0.00492075317547312,0.,0.198503284930204));
#10844=CARTESIAN_POINT('',(-0.00578867513459479,0.016,0.197));
#10845=CARTESIAN_POINT('',(-0.00578867513459477,0.008,0.197));
#10846=CARTESIAN_POINT('',(-0.0155,0.016,0.18017949192431));
#10847=CARTESIAN_POINT('',(-0.0315510343418437,0.016,0.152378284930202));
#10848=CARTESIAN_POINT('',(-0.0155,-0.175,0.18017949192431));
#10849=CARTESIAN_POINT('Origin',(0.0155,0.,0.18017949192431));
#10850=CARTESIAN_POINT('',(0.00578867513459479,0.016,0.197));
#10851=CARTESIAN_POINT('',(0.0155,0.016,0.18017949192431));
#10852=CARTESIAN_POINT('',(0.0365510343418437,0.016,0.143718030892357));
#10853=CARTESIAN_POINT('',(0.00578867513459479,0.,0.197));
#10854=CARTESIAN_POINT('',(0.00578867513459478,0.008,0.197));
#10855=CARTESIAN_POINT('',(0.0155,0.,0.18017949192431));
#10856=CARTESIAN_POINT('',(0.00992075317547312,0.,0.189843030892359));
#10857=CARTESIAN_POINT('',(0.0155,0.0515,0.18017949192431));
#10858=CARTESIAN_POINT('Origin',(0.0945,0.,0.1975));
#10859=CARTESIAN_POINT('',(0.0942113248654052,0.,0.197));
#10860=CARTESIAN_POINT('',(0.0845,0.,0.18017949192431));
#10861=CARTESIAN_POINT('',(0.0825792468245282,0.,0.176852649835593));
#10862=CARTESIAN_POINT('',(0.0942113248654052,0.016,0.197));
#10863=CARTESIAN_POINT('',(0.0942113248654052,0.008,0.197));
#10864=CARTESIAN_POINT('',(0.0845,0.016,0.18017949192431));
#10865=CARTESIAN_POINT('',(0.0559489656581577,0.016,0.130727649835592));
#10866=CARTESIAN_POINT('',(0.0845,-0.175,0.18017949192431));
#10867=CARTESIAN_POINT('Origin',(0.1155,0.,0.18017949192431));
#10868=CARTESIAN_POINT('',(0.105788675134595,0.016,0.197));
#10869=CARTESIAN_POINT('',(0.1155,0.016,0.18017949192431));
#10870=CARTESIAN_POINT('',(0.124051034341845,0.016,0.165368665986967));
#10871=CARTESIAN_POINT('',(0.105788675134595,0.,0.197));
#10872=CARTESIAN_POINT('',(0.105788675134595,0.008,0.197));
#10873=CARTESIAN_POINT('',(0.1155,0.,0.18017949192431));
#10874=CARTESIAN_POINT('',(0.0974207531754745,0.,0.211493665986969));
#10875=CARTESIAN_POINT('',(0.1155,0.0515,0.18017949192431));
#10876=CARTESIAN_POINT('Origin',(0.1945,0.,0.1975));
#10877=CARTESIAN_POINT('',(0.194211324865405,0.,0.197));
#10878=CARTESIAN_POINT('',(0.1845,0.,0.18017949192431));
#10879=CARTESIAN_POINT('',(0.17007924682453,0.,0.155202014740983));
#10880=CARTESIAN_POINT('',(0.194211324865405,0.016,0.197));
#10881=CARTESIAN_POINT('',(0.194211324865405,0.008,0.197));
#10882=CARTESIAN_POINT('',(0.1845,0.016,0.18017949192431));
#10883=CARTESIAN_POINT('',(0.143448965658159,0.016,0.109077014740982));
#10884=CARTESIAN_POINT('',(0.1845,-0.175,0.18017949192431));
#10885=CARTESIAN_POINT('Origin',(0.2155,0.,0.18017949192431));
#10886=CARTESIAN_POINT('',(0.205788675134595,0.016,0.197));
#10887=CARTESIAN_POINT('',(0.2155,0.016,0.18017949192431));
#10888=CARTESIAN_POINT('',(0.211551034341846,0.016,0.187019301081577));
#10889=CARTESIAN_POINT('',(0.205788675134595,0.,0.197));
#10890=CARTESIAN_POINT('',(0.205788675134595,0.008,0.197));
#10891=CARTESIAN_POINT('',(0.2155,0.,0.18017949192431));
#10892=CARTESIAN_POINT('',(0.184920753175476,0.,0.233144301081579));
#10893=CARTESIAN_POINT('',(0.2155,0.0515,0.18017949192431));
#10894=CARTESIAN_POINT('Origin',(-0.2055,0.,0.1975));
#10895=CARTESIAN_POINT('',(-0.205788675134595,-0.1,0.197));
#10896=CARTESIAN_POINT('',(-0.2155,-0.1,0.18017949192431));
#10897=CARTESIAN_POINT('',(-0.179920753175476,-0.1,0.241804555119424));
#10898=CARTESIAN_POINT('',(-0.205788675134595,-0.084,0.197));
#10899=CARTESIAN_POINT('',(-0.205788675134595,-0.042,0.197));
#10900=CARTESIAN_POINT('',(-0.2155,-0.084,0.18017949192431));
#10901=CARTESIAN_POINT('',(-0.228201669436456,-0.084,0.158179555119421));
#10902=CARTESIAN_POINT('',(-0.2155,-0.175,0.18017949192431));
#10903=CARTESIAN_POINT('Origin',(-0.1055,0.,0.1975));
#10904=CARTESIAN_POINT('',(-0.105788675134595,-0.1,0.197));
#10905=CARTESIAN_POINT('',(-0.1155,-0.1,0.18017949192431));
#10906=CARTESIAN_POINT('',(-0.0924207531754744,-0.1,0.220153920024814));
#10907=CARTESIAN_POINT('',(-0.105788675134595,-0.084,0.197));
#10908=CARTESIAN_POINT('',(-0.105788675134595,-0.042,0.197));
#10909=CARTESIAN_POINT('',(-0.1155,-0.084,0.18017949192431));
#10910=CARTESIAN_POINT('',(-0.140701669436455,-0.084,0.136528920024811));
#10911=CARTESIAN_POINT('',(-0.1155,-0.175,0.18017949192431));
#10912=CARTESIAN_POINT('Origin',(-0.0845,0.,0.18017949192431));
#10913=CARTESIAN_POINT('',(-0.0942113248654052,-0.084,0.197));
#10914=CARTESIAN_POINT('',(-0.0845,-0.084,0.18017949192431));
#10915=CARTESIAN_POINT('',(-0.0292983305635476,-0.084,0.0845673957977453));
#10916=CARTESIAN_POINT('',(-0.0942113248654052,-0.1,0.197));
#10917=CARTESIAN_POINT('',(-0.0942113248654052,-0.042,0.197));
#10918=CARTESIAN_POINT('',(-0.0845,-0.1,0.18017949192431));
#10919=CARTESIAN_POINT('',(-0.0775792468245282,-0.1,0.168192395797748));
#10920=CARTESIAN_POINT('',(-0.0845,0.0515,0.18017949192431));
#10921=CARTESIAN_POINT('Origin',(-0.0055,0.,0.1975));
#10922=CARTESIAN_POINT('',(-0.00578867513459479,-0.1,0.197));
#10923=CARTESIAN_POINT('',(-0.0155,-0.1,0.18017949192431));
#10924=CARTESIAN_POINT('',(-0.00492075317547312,-0.1,0.198503284930204));
#10925=CARTESIAN_POINT('',(-0.00578867513459479,-0.084,0.197));
#10926=CARTESIAN_POINT('',(-0.00578867513459477,-0.042,0.197));
#10927=CARTESIAN_POINT('',(-0.0155,-0.084,0.18017949192431));
#10928=CARTESIAN_POINT('',(-0.0532016694364538,-0.084,0.114878284930201));
#10929=CARTESIAN_POINT('',(-0.0155,-0.175,0.18017949192431));
#10930=CARTESIAN_POINT('Origin',(0.0155,0.,0.18017949192431));
#10931=CARTESIAN_POINT('',(0.00578867513459479,-0.084,0.197));
#10932=CARTESIAN_POINT('',(0.0155,-0.084,0.18017949192431));
#10933=CARTESIAN_POINT('',(0.0582016694364538,-0.084,0.106218030892356));
#10934=CARTESIAN_POINT('',(0.00578867513459479,-0.1,0.197));
#10935=CARTESIAN_POINT('',(0.00578867513459478,-0.042,0.197));
#10936=CARTESIAN_POINT('',(0.0155,-0.1,0.18017949192431));
#10937=CARTESIAN_POINT('',(0.00992075317547312,-0.1,0.189843030892359));
#10938=CARTESIAN_POINT('',(0.0155,0.0515,0.18017949192431));
#10939=CARTESIAN_POINT('Origin',(0.0945,0.,0.1975));
#10940=CARTESIAN_POINT('',(0.0942113248654052,-0.1,0.197));
#10941=CARTESIAN_POINT('',(0.0845,-0.1,0.18017949192431));
#10942=CARTESIAN_POINT('',(0.0825792468245282,-0.1,0.176852649835593));
#10943=CARTESIAN_POINT('',(0.0942113248654052,-0.084,0.197));
#10944=CARTESIAN_POINT('',(0.0942113248654052,-0.042,0.197));
#10945=CARTESIAN_POINT('',(0.0845,-0.084,0.18017949192431));
#10946=CARTESIAN_POINT('',(0.0342983305635476,-0.084,0.0932276498355903));
#10947=CARTESIAN_POINT('',(0.0845,-0.175,0.18017949192431));
#10948=CARTESIAN_POINT('Origin',(0.1155,0.,0.18017949192431));
#10949=CARTESIAN_POINT('',(0.105788675134595,-0.084,0.197));
#10950=CARTESIAN_POINT('',(0.1155,-0.084,0.18017949192431));
#10951=CARTESIAN_POINT('',(0.145701669436455,-0.084,0.127868665986966));
#10952=CARTESIAN_POINT('',(0.105788675134595,-0.1,0.197));
#10953=CARTESIAN_POINT('',(0.105788675134595,-0.042,0.197));
#10954=CARTESIAN_POINT('',(0.1155,-0.1,0.18017949192431));
#10955=CARTESIAN_POINT('',(0.0974207531754745,-0.1,0.211493665986969));
#10956=CARTESIAN_POINT('',(0.1155,0.0515,0.18017949192431));
#10957=CARTESIAN_POINT('Origin',(0.1945,0.,0.1975));
#10958=CARTESIAN_POINT('',(0.194211324865405,-0.1,0.197));
#10959=CARTESIAN_POINT('',(0.1845,-0.1,0.18017949192431));
#10960=CARTESIAN_POINT('',(0.17007924682453,-0.1,0.155202014740983));
#10961=CARTESIAN_POINT('',(0.194211324865405,-0.084,0.197));
#10962=CARTESIAN_POINT('',(0.194211324865405,-0.042,0.197));
#10963=CARTESIAN_POINT('',(0.1845,-0.084,0.18017949192431));
#10964=CARTESIAN_POINT('',(0.121798330563549,-0.084,0.0715770147409802));
#10965=CARTESIAN_POINT('',(0.1845,-0.175,0.18017949192431));
#10966=CARTESIAN_POINT('Origin',(0.2155,0.,0.18017949192431));
#10967=CARTESIAN_POINT('',(0.205788675134595,-0.084,0.197));
#10968=CARTESIAN_POINT('',(0.2155,-0.084,0.18017949192431));
#10969=CARTESIAN_POINT('',(0.233201669436456,-0.084,0.149519301081576));
#10970=CARTESIAN_POINT('',(0.205788675134595,-0.1,0.197));
#10971=CARTESIAN_POINT('',(0.205788675134595,-0.042,0.197));
#10972=CARTESIAN_POINT('',(0.2155,-0.1,0.18017949192431));
#10973=CARTESIAN_POINT('',(0.184920753175476,-0.1,0.233144301081579));
#10974=CARTESIAN_POINT('',(0.2155,0.0515,0.18017949192431));
#10975=CARTESIAN_POINT('Origin',(-0.2155,-0.35,0.));
#10976=CARTESIAN_POINT('',(-0.2155,-0.084,-0.026));
#10977=CARTESIAN_POINT('',(-0.2155,-0.084,-0.013));
#10978=CARTESIAN_POINT('',(-0.2155,-0.068,-0.042));
#10979=CARTESIAN_POINT('Origin',(-0.2155,-0.0680000000000008,-0.0260000000000008));
#10980=CARTESIAN_POINT('',(-0.2155,0.103,-0.042));
#10981=CARTESIAN_POINT('',(-0.2155,-0.121,-0.042));
#10982=CARTESIAN_POINT('',(-0.2155,0.103,-0.058));
#10983=CARTESIAN_POINT('',(-0.2155,0.103,0.));
#10984=CARTESIAN_POINT('',(-0.2155,-0.068,-0.058));
#10985=CARTESIAN_POINT('',(-0.2155,-0.209,-0.058));
#10986=CARTESIAN_POINT('',(-0.2155,-0.1,-0.026));
#10987=CARTESIAN_POINT('Origin',(-0.2155,-0.0680000000000016,-0.0260000000000016));
#10988=CARTESIAN_POINT('',(-0.2155,-0.1,0.0985));
#10989=CARTESIAN_POINT('Origin',(0.,0.016,0.197));
#10990=CARTESIAN_POINT('',(0.,0.,0.197));
#10991=CARTESIAN_POINT('',(0.,0.016,0.197));
#10992=CARTESIAN_POINT('Origin',(0.,0.,0.197));
#10993=CARTESIAN_POINT('',(-0.2155,0.,0.074));
#10994=CARTESIAN_POINT('',(-0.2155,0.,0.0985));
#10995=CARTESIAN_POINT('',(-0.1845,0.,0.074));
#10996=CARTESIAN_POINT('',(0.,0.,0.074));
#10997=CARTESIAN_POINT('',(-0.1845,0.,0.0985));
#10998=CARTESIAN_POINT('Origin',(0.,-0.1,0.197));
#10999=CARTESIAN_POINT('',(-0.1845,-0.1,-0.026));
#11000=CARTESIAN_POINT('',(0.,-0.1,-0.026));
#11001=CARTESIAN_POINT('',(-0.1845,-0.1,0.0985));
#11002=CARTESIAN_POINT('',(0.,-0.1,0.197));
#11003=CARTESIAN_POINT('Origin',(-0.1155,-0.35,0.));
#11004=CARTESIAN_POINT('',(-0.1155,-0.084,-0.026));
#11005=CARTESIAN_POINT('',(-0.1155,-0.084,-0.013));
#11006=CARTESIAN_POINT('',(-0.1155,-0.068,-0.042));
#11007=CARTESIAN_POINT('Origin',(-0.1155,-0.0680000000000008,-0.0260000000000008));
#11008=CARTESIAN_POINT('',(-0.1155,0.103,-0.042));
#11009=CARTESIAN_POINT('',(-0.1155,-0.121,-0.042));
#11010=CARTESIAN_POINT('',(-0.1155,0.103,-0.058));
#11011=CARTESIAN_POINT('',(-0.1155,0.103,0.));
#11012=CARTESIAN_POINT('',(-0.1155,-0.068,-0.058));
#11013=CARTESIAN_POINT('',(-0.1155,-0.209,-0.058));
#11014=CARTESIAN_POINT('',(-0.1155,-0.1,-0.026));
#11015=CARTESIAN_POINT('Origin',(-0.1155,-0.0680000000000016,-0.0260000000000016));
#11016=CARTESIAN_POINT('',(-0.1155,-0.1,0.0985));
#11017=CARTESIAN_POINT('Origin',(-0.1155,-0.35,0.));
#11018=CARTESIAN_POINT('',(-0.1155,0.016,0.074));
#11019=CARTESIAN_POINT('',(-0.1155,0.016,0.037));
#11020=CARTESIAN_POINT('',(-0.1155,0.032,0.058));
#11021=CARTESIAN_POINT('Origin',(-0.1155,0.0319999999999992,0.0739999999999992));
#11022=CARTESIAN_POINT('',(-0.1155,0.103,0.058));
#11023=CARTESIAN_POINT('',(-0.1155,-0.121,0.058));
#11024=CARTESIAN_POINT('',(-0.1155,0.103,0.042));
#11025=CARTESIAN_POINT('',(-0.1155,0.103,0.));
#11026=CARTESIAN_POINT('',(-0.1155,0.032,0.042));
#11027=CARTESIAN_POINT('',(-0.1155,-0.159,0.042));
#11028=CARTESIAN_POINT('',(-0.1155,0.,0.074));
#11029=CARTESIAN_POINT('Origin',(-0.1155,0.0319999999999992,0.0739999999999992));
#11030=CARTESIAN_POINT('',(-0.1155,0.,0.0985));
#11031=CARTESIAN_POINT('Origin',(0.,-0.084,-0.026));
#11032=CARTESIAN_POINT('',(0.,-0.084,0.197));
#11033=CARTESIAN_POINT('',(-0.0845,-0.084,-0.026));
#11034=CARTESIAN_POINT('',(-0.0845,-0.084,-0.013));
#11035=CARTESIAN_POINT('',(0.,-0.084,-0.026));
#11036=CARTESIAN_POINT('Origin',(-0.0845,0.103,0.));
#11037=CARTESIAN_POINT('',(-0.0845,-0.1,-0.026));
#11038=CARTESIAN_POINT('',(-0.0845,-0.1,0.0985));
#11039=CARTESIAN_POINT('',(-0.0845,-0.068,-0.058));
#11040=CARTESIAN_POINT('Origin',(-0.0845,-0.0680000000000016,-0.0260000000000016));
#11041=CARTESIAN_POINT('',(-0.0845,0.103,-0.058));
#11042=CARTESIAN_POINT('',(-0.0845,0.0175,-0.058));
#11043=CARTESIAN_POINT('',(-0.0845,0.103,-0.042));
#11044=CARTESIAN_POINT('',(-0.0845,0.103,0.));
#11045=CARTESIAN_POINT('',(-0.0845,-0.068,-0.042));
#11046=CARTESIAN_POINT('',(-0.0845,0.1055,-0.042));
#11047=CARTESIAN_POINT('Origin',(-0.0845,-0.0680000000000008,-0.0260000000000008));
#11048=CARTESIAN_POINT('Origin',(0.,0.016,0.074));
#11049=CARTESIAN_POINT('',(0.,0.016,0.197));
#11050=CARTESIAN_POINT('',(-0.0845,0.016,0.074));
#11051=CARTESIAN_POINT('',(-0.0845,0.016,0.037));
#11052=CARTESIAN_POINT('',(0.,0.016,0.074));
#11053=CARTESIAN_POINT('Origin',(-0.0845,0.103,0.));
#11054=CARTESIAN_POINT('',(-0.0845,0.,0.074));
#11055=CARTESIAN_POINT('',(-0.0845,0.,0.0985));
#11056=CARTESIAN_POINT('',(-0.0845,0.032,0.042));
#11057=CARTESIAN_POINT('Origin',(-0.0845,0.0319999999999992,0.0739999999999992));
#11058=CARTESIAN_POINT('',(-0.0845,0.103,0.042));
#11059=CARTESIAN_POINT('',(-0.0845,0.0675,0.042));
#11060=CARTESIAN_POINT('',(-0.0845,0.103,0.058));
#11061=CARTESIAN_POINT('',(-0.0845,0.103,0.));
#11062=CARTESIAN_POINT('',(-0.0845,0.032,0.058));
#11063=CARTESIAN_POINT('',(-0.0845,0.1055,0.058));
#11064=CARTESIAN_POINT('Origin',(-0.0845,0.0319999999999992,0.0739999999999992));
#11065=CARTESIAN_POINT('Origin',(-0.0155,-0.35,0.));
#11066=CARTESIAN_POINT('',(-0.0155,-0.084,-0.026));
#11067=CARTESIAN_POINT('',(-0.0155,-0.084,-0.013));
#11068=CARTESIAN_POINT('',(-0.0155,-0.068,-0.042));
#11069=CARTESIAN_POINT('Origin',(-0.0155,-0.0680000000000008,-0.0260000000000008));
#11070=CARTESIAN_POINT('',(-0.0155,0.103,-0.042));
#11071=CARTESIAN_POINT('',(-0.0155,-0.121,-0.042));
#11072=CARTESIAN_POINT('',(-0.0155,0.103,-0.058));
#11073=CARTESIAN_POINT('',(-0.0155,0.103,0.));
#11074=CARTESIAN_POINT('',(-0.0155,-0.068,-0.058));
#11075=CARTESIAN_POINT('',(-0.0155,-0.209,-0.058));
#11076=CARTESIAN_POINT('',(-0.0155,-0.1,-0.026));
#11077=CARTESIAN_POINT('Origin',(-0.0155,-0.0680000000000016,-0.0260000000000016));
#11078=CARTESIAN_POINT('',(-0.0155,-0.1,0.0985));
#11079=CARTESIAN_POINT('Origin',(-0.0155,-0.35,0.));
#11080=CARTESIAN_POINT('',(-0.0155,0.016,0.074));
#11081=CARTESIAN_POINT('',(-0.0155,0.016,0.037));
#11082=CARTESIAN_POINT('',(-0.0155,0.032,0.058));
#11083=CARTESIAN_POINT('Origin',(-0.0155,0.0319999999999992,0.0739999999999992));
#11084=CARTESIAN_POINT('',(-0.0155,0.103,0.058));
#11085=CARTESIAN_POINT('',(-0.0155,-0.121,0.058));
#11086=CARTESIAN_POINT('',(-0.0155,0.103,0.042));
#11087=CARTESIAN_POINT('',(-0.0155,0.103,0.));
#11088=CARTESIAN_POINT('',(-0.0155,0.032,0.042));
#11089=CARTESIAN_POINT('',(-0.0155,-0.159,0.042));
#11090=CARTESIAN_POINT('',(-0.0155,0.,0.074));
#11091=CARTESIAN_POINT('Origin',(-0.0155,0.0319999999999992,0.0739999999999992));
#11092=CARTESIAN_POINT('',(-0.0155,0.,0.0985));
#11093=CARTESIAN_POINT('Origin',(0.,-0.084,-0.026));
#11094=CARTESIAN_POINT('',(0.,-0.084,0.197));
#11095=CARTESIAN_POINT('',(0.0155,-0.084,-0.026));
#11096=CARTESIAN_POINT('',(0.0155,-0.084,-0.013));
#11097=CARTESIAN_POINT('',(0.,-0.084,-0.026));
#11098=CARTESIAN_POINT('Origin',(0.0155,0.103,0.));
#11099=CARTESIAN_POINT('',(0.0155,-0.1,-0.026));
#11100=CARTESIAN_POINT('',(0.0155,-0.1,0.0985));
#11101=CARTESIAN_POINT('',(0.0155,-0.068,-0.058));
#11102=CARTESIAN_POINT('Origin',(0.0155,-0.0680000000000016,-0.0260000000000016));
#11103=CARTESIAN_POINT('',(0.0155,0.103,-0.058));
#11104=CARTESIAN_POINT('',(0.0155,0.0175,-0.058));
#11105=CARTESIAN_POINT('',(0.0155,0.103,-0.042));
#11106=CARTESIAN_POINT('',(0.0155,0.103,0.));
#11107=CARTESIAN_POINT('',(0.0155,-0.068,-0.042));
#11108=CARTESIAN_POINT('',(0.0155,0.1055,-0.042));
#11109=CARTESIAN_POINT('Origin',(0.0155,-0.0680000000000008,-0.0260000000000008));
#11110=CARTESIAN_POINT('Origin',(0.,0.016,0.074));
#11111=CARTESIAN_POINT('',(0.,0.016,0.197));
#11112=CARTESIAN_POINT('',(0.0155,0.016,0.074));
#11113=CARTESIAN_POINT('',(0.0155,0.016,0.037));
#11114=CARTESIAN_POINT('',(0.,0.016,0.074));
#11115=CARTESIAN_POINT('Origin',(0.0155,0.103,0.));
#11116=CARTESIAN_POINT('',(0.0155,0.,0.074));
#11117=CARTESIAN_POINT('',(0.0155,0.,0.0985));
#11118=CARTESIAN_POINT('',(0.0155,0.032,0.042));
#11119=CARTESIAN_POINT('Origin',(0.0155,0.0319999999999992,0.0739999999999992));
#11120=CARTESIAN_POINT('',(0.0155,0.103,0.042));
#11121=CARTESIAN_POINT('',(0.0155,0.0675,0.042));
#11122=CARTESIAN_POINT('',(0.0155,0.103,0.058));
#11123=CARTESIAN_POINT('',(0.0155,0.103,0.));
#11124=CARTESIAN_POINT('',(0.0155,0.032,0.058));
#11125=CARTESIAN_POINT('',(0.0155,0.1055,0.058));
#11126=CARTESIAN_POINT('Origin',(0.0155,0.0319999999999992,0.0739999999999992));
#11127=CARTESIAN_POINT('Origin',(0.0845,-0.35,0.));
#11128=CARTESIAN_POINT('',(0.0845,-0.084,-0.026));
#11129=CARTESIAN_POINT('',(0.0845,-0.084,-0.013));
#11130=CARTESIAN_POINT('',(0.0845,-0.068,-0.042));
#11131=CARTESIAN_POINT('Origin',(0.0845,-0.0680000000000008,-0.0260000000000008));
#11132=CARTESIAN_POINT('',(0.0845,0.103,-0.042));
#11133=CARTESIAN_POINT('',(0.0845,-0.121,-0.042));
#11134=CARTESIAN_POINT('',(0.0845,0.103,-0.058));
#11135=CARTESIAN_POINT('',(0.0845,0.103,0.));
#11136=CARTESIAN_POINT('',(0.0845,-0.068,-0.058));
#11137=CARTESIAN_POINT('',(0.0845,-0.209,-0.058));
#11138=CARTESIAN_POINT('',(0.0845,-0.1,-0.026));
#11139=CARTESIAN_POINT('Origin',(0.0845,-0.0680000000000016,-0.0260000000000016));
#11140=CARTESIAN_POINT('',(0.0845,-0.1,0.0985));
#11141=CARTESIAN_POINT('Origin',(0.0845,-0.35,0.));
#11142=CARTESIAN_POINT('',(0.0845,0.016,0.074));
#11143=CARTESIAN_POINT('',(0.0845,0.016,0.037));
#11144=CARTESIAN_POINT('',(0.0845,0.032,0.058));
#11145=CARTESIAN_POINT('Origin',(0.0845,0.0319999999999992,0.0739999999999992));
#11146=CARTESIAN_POINT('',(0.0845,0.103,0.058));
#11147=CARTESIAN_POINT('',(0.0845,-0.121,0.058));
#11148=CARTESIAN_POINT('',(0.0845,0.103,0.042));
#11149=CARTESIAN_POINT('',(0.0845,0.103,0.));
#11150=CARTESIAN_POINT('',(0.0845,0.032,0.042));
#11151=CARTESIAN_POINT('',(0.0845,-0.159,0.042));
#11152=CARTESIAN_POINT('',(0.0845,0.,0.074));
#11153=CARTESIAN_POINT('Origin',(0.0845,0.0319999999999992,0.0739999999999992));
#11154=CARTESIAN_POINT('',(0.0845,0.,0.0985));
#11155=CARTESIAN_POINT('Origin',(0.,-0.084,-0.026));
#11156=CARTESIAN_POINT('',(0.,-0.084,0.197));
#11157=CARTESIAN_POINT('',(0.1155,-0.084,-0.026));
#11158=CARTESIAN_POINT('',(0.1155,-0.084,-0.013));
#11159=CARTESIAN_POINT('',(0.,-0.084,-0.026));
#11160=CARTESIAN_POINT('Origin',(0.1155,0.103,0.));
#11161=CARTESIAN_POINT('',(0.1155,-0.1,-0.026));
#11162=CARTESIAN_POINT('',(0.1155,-0.1,0.0985));
#11163=CARTESIAN_POINT('',(0.1155,-0.068,-0.058));
#11164=CARTESIAN_POINT('Origin',(0.1155,-0.0680000000000016,-0.0260000000000016));
#11165=CARTESIAN_POINT('',(0.1155,0.103,-0.058));
#11166=CARTESIAN_POINT('',(0.1155,0.0175,-0.058));
#11167=CARTESIAN_POINT('',(0.1155,0.103,-0.042));
#11168=CARTESIAN_POINT('',(0.1155,0.103,0.));
#11169=CARTESIAN_POINT('',(0.1155,-0.068,-0.042));
#11170=CARTESIAN_POINT('',(0.1155,0.1055,-0.042));
#11171=CARTESIAN_POINT('Origin',(0.1155,-0.0680000000000008,-0.0260000000000008));
#11172=CARTESIAN_POINT('Origin',(0.,0.016,0.074));
#11173=CARTESIAN_POINT('',(0.,0.016,0.197));
#11174=CARTESIAN_POINT('',(0.1155,0.016,0.074));
#11175=CARTESIAN_POINT('',(0.1155,0.016,0.037));
#11176=CARTESIAN_POINT('',(0.,0.016,0.074));
#11177=CARTESIAN_POINT('Origin',(0.1155,0.103,0.));
#11178=CARTESIAN_POINT('',(0.1155,0.,0.074));
#11179=CARTESIAN_POINT('',(0.1155,0.,0.0985));
#11180=CARTESIAN_POINT('',(0.1155,0.032,0.042));
#11181=CARTESIAN_POINT('Origin',(0.1155,0.0319999999999992,0.0739999999999992));
#11182=CARTESIAN_POINT('',(0.1155,0.103,0.042));
#11183=CARTESIAN_POINT('',(0.1155,0.0675,0.042));
#11184=CARTESIAN_POINT('',(0.1155,0.103,0.058));
#11185=CARTESIAN_POINT('',(0.1155,0.103,0.));
#11186=CARTESIAN_POINT('',(0.1155,0.032,0.058));
#11187=CARTESIAN_POINT('',(0.1155,0.1055,0.058));
#11188=CARTESIAN_POINT('Origin',(0.1155,0.0319999999999992,0.0739999999999992));
#11189=CARTESIAN_POINT('Origin',(0.1845,-0.35,0.));
#11190=CARTESIAN_POINT('',(0.1845,-0.084,-0.026));
#11191=CARTESIAN_POINT('',(0.1845,-0.084,-0.013));
#11192=CARTESIAN_POINT('',(0.1845,-0.068,-0.042));
#11193=CARTESIAN_POINT('Origin',(0.1845,-0.0680000000000008,-0.0260000000000008));
#11194=CARTESIAN_POINT('',(0.1845,0.103,-0.042));
#11195=CARTESIAN_POINT('',(0.1845,-0.121,-0.042));
#11196=CARTESIAN_POINT('',(0.1845,0.103,-0.058));
#11197=CARTESIAN_POINT('',(0.1845,0.103,0.));
#11198=CARTESIAN_POINT('',(0.1845,-0.068,-0.058));
#11199=CARTESIAN_POINT('',(0.1845,-0.209,-0.058));
#11200=CARTESIAN_POINT('',(0.1845,-0.1,-0.026));
#11201=CARTESIAN_POINT('Origin',(0.1845,-0.0680000000000016,-0.0260000000000016));
#11202=CARTESIAN_POINT('',(0.1845,-0.1,0.0985));
#11203=CARTESIAN_POINT('Origin',(0.1845,-0.35,0.));
#11204=CARTESIAN_POINT('',(0.1845,0.016,0.074));
#11205=CARTESIAN_POINT('',(0.1845,0.016,0.037));
#11206=CARTESIAN_POINT('',(0.1845,0.032,0.058));
#11207=CARTESIAN_POINT('Origin',(0.1845,0.0319999999999992,0.0739999999999992));
#11208=CARTESIAN_POINT('',(0.1845,0.103,0.058));
#11209=CARTESIAN_POINT('',(0.1845,-0.121,0.058));
#11210=CARTESIAN_POINT('',(0.1845,0.103,0.042));
#11211=CARTESIAN_POINT('',(0.1845,0.103,0.));
#11212=CARTESIAN_POINT('',(0.1845,0.032,0.042));
#11213=CARTESIAN_POINT('',(0.1845,-0.159,0.042));
#11214=CARTESIAN_POINT('',(0.1845,0.,0.074));
#11215=CARTESIAN_POINT('Origin',(0.1845,0.0319999999999992,0.0739999999999992));
#11216=CARTESIAN_POINT('',(0.1845,0.,0.0985));
#11217=CARTESIAN_POINT('Origin',(0.,-0.084,-0.026));
#11218=CARTESIAN_POINT('',(0.,-0.084,0.197));
#11219=CARTESIAN_POINT('',(0.2155,-0.084,-0.026));
#11220=CARTESIAN_POINT('',(0.2155,-0.084,-0.013));
#11221=CARTESIAN_POINT('',(0.,-0.084,-0.026));
#11222=CARTESIAN_POINT('Origin',(0.2155,0.103,0.));
#11223=CARTESIAN_POINT('',(0.2155,-0.1,-0.026));
#11224=CARTESIAN_POINT('',(0.2155,-0.1,0.0985));
#11225=CARTESIAN_POINT('',(0.2155,-0.068,-0.058));
#11226=CARTESIAN_POINT('Origin',(0.2155,-0.0680000000000016,-0.0260000000000016));
#11227=CARTESIAN_POINT('',(0.2155,0.103,-0.058));
#11228=CARTESIAN_POINT('',(0.2155,0.0175,-0.058));
#11229=CARTESIAN_POINT('',(0.2155,0.103,-0.042));
#11230=CARTESIAN_POINT('',(0.2155,0.103,0.));
#11231=CARTESIAN_POINT('',(0.2155,-0.068,-0.042));
#11232=CARTESIAN_POINT('',(0.2155,0.1055,-0.042));
#11233=CARTESIAN_POINT('Origin',(0.2155,-0.0680000000000008,-0.0260000000000008));
#11234=CARTESIAN_POINT('Origin',(0.,0.016,0.074));
#11235=CARTESIAN_POINT('',(0.,0.016,0.197));
#11236=CARTESIAN_POINT('',(0.2155,0.016,0.074));
#11237=CARTESIAN_POINT('',(0.2155,0.016,0.037));
#11238=CARTESIAN_POINT('',(0.,0.016,0.074));
#11239=CARTESIAN_POINT('Origin',(0.2155,0.103,0.));
#11240=CARTESIAN_POINT('',(0.2155,0.,0.074));
#11241=CARTESIAN_POINT('',(0.2155,0.,0.0985));
#11242=CARTESIAN_POINT('',(0.2155,0.032,0.042));
#11243=CARTESIAN_POINT('Origin',(0.2155,0.0319999999999992,0.0739999999999992));
#11244=CARTESIAN_POINT('',(0.2155,0.103,0.042));
#11245=CARTESIAN_POINT('',(0.2155,0.0675,0.042));
#11246=CARTESIAN_POINT('',(0.2155,0.103,0.058));
#11247=CARTESIAN_POINT('',(0.2155,0.103,0.));
#11248=CARTESIAN_POINT('',(0.2155,0.032,0.058));
#11249=CARTESIAN_POINT('',(0.2155,0.1055,0.058));
#11250=CARTESIAN_POINT('Origin',(0.2155,0.0319999999999992,0.0739999999999992));
#11251=CARTESIAN_POINT('Origin',(-0.2155,-0.35,0.));
#11252=CARTESIAN_POINT('',(-0.2155,0.016,0.074));
#11253=CARTESIAN_POINT('',(-0.2155,0.016,0.037));
#11254=CARTESIAN_POINT('',(-0.2155,0.032,0.058));
#11255=CARTESIAN_POINT('Origin',(-0.2155,0.0319999999999992,0.0739999999999992));
#11256=CARTESIAN_POINT('',(-0.2155,0.103,0.058));
#11257=CARTESIAN_POINT('',(-0.2155,-0.121,0.058));
#11258=CARTESIAN_POINT('',(-0.2155,0.103,0.042));
#11259=CARTESIAN_POINT('',(-0.2155,0.103,0.));
#11260=CARTESIAN_POINT('',(-0.2155,0.032,0.042));
#11261=CARTESIAN_POINT('',(-0.2155,-0.159,0.042));
#11262=CARTESIAN_POINT('Origin',(-0.2155,0.0319999999999992,0.0739999999999992));
#11263=CARTESIAN_POINT('Origin',(-0.1845,0.103,0.));
#11264=CARTESIAN_POINT('',(-0.1845,0.032,0.042));
#11265=CARTESIAN_POINT('Origin',(-0.1845,0.0319999999999992,0.0739999999999992));
#11266=CARTESIAN_POINT('',(-0.1845,0.103,0.042));
#11267=CARTESIAN_POINT('',(-0.1845,0.0675,0.042));
#11268=CARTESIAN_POINT('',(-0.1845,0.103,0.058));
#11269=CARTESIAN_POINT('',(-0.1845,0.103,0.));
#11270=CARTESIAN_POINT('',(-0.1845,0.032,0.058));
#11271=CARTESIAN_POINT('',(-0.1845,0.1055,0.058));
#11272=CARTESIAN_POINT('',(-0.1845,0.016,0.074));
#11273=CARTESIAN_POINT('Origin',(-0.1845,0.0319999999999992,0.0739999999999992));
#11274=CARTESIAN_POINT('',(-0.1845,0.016,0.037));
#11275=CARTESIAN_POINT('Origin',(-0.1845,0.103,0.));
#11276=CARTESIAN_POINT('',(-0.1845,-0.068,-0.058));
#11277=CARTESIAN_POINT('Origin',(-0.1845,-0.0680000000000016,-0.0260000000000016));
#11278=CARTESIAN_POINT('',(-0.1845,0.103,-0.058));
#11279=CARTESIAN_POINT('',(-0.1845,0.0175,-0.058));
#11280=CARTESIAN_POINT('',(-0.1845,0.103,-0.042));
#11281=CARTESIAN_POINT('',(-0.1845,0.103,0.));
#11282=CARTESIAN_POINT('',(-0.1845,-0.068,-0.042));
#11283=CARTESIAN_POINT('',(-0.1845,0.1055,-0.042));
#11284=CARTESIAN_POINT('',(-0.1845,-0.084,-0.026));
#11285=CARTESIAN_POINT('Origin',(-0.1845,-0.0680000000000008,-0.0260000000000008));
#11286=CARTESIAN_POINT('',(-0.1845,-0.084,-0.013));
#11287=CARTESIAN_POINT('Origin',(-0.2205,0.103,-0.074));
#11288=CARTESIAN_POINT('',(-0.2205,0.103,-0.074));
#11289=CARTESIAN_POINT('',(-0.2205,0.103,0.074));
#11290=CARTESIAN_POINT('',(-0.2205,0.103,-0.074));
#11291=CARTESIAN_POINT('',(-0.2205,0.108,0.074));
#11292=CARTESIAN_POINT('',(-0.2205,0.103,0.074));
#11293=CARTESIAN_POINT('',(-0.2205,0.108,-0.074));
#11294=CARTESIAN_POINT('',(-0.2205,0.108,-0.074));
#11295=CARTESIAN_POINT('',(-0.2205,0.103,-0.074));
#11296=CARTESIAN_POINT('Origin',(0.,-0.084,0.197));
#11297=CARTESIAN_POINT('',(0.,-0.1,0.197));
#11298=CARTESIAN_POINT('Origin',(0.,-0.084,0.197));
#11299=CARTESIAN_POINT('',(0.,-0.1,0.197));
#11300=CARTESIAN_POINT('Origin',(0.,-0.084,0.197));
#11301=CARTESIAN_POINT('',(0.,-0.1,0.197));
#11302=CARTESIAN_POINT('Origin',(0.,-0.084,0.197));
#11303=CARTESIAN_POINT('',(0.,-0.1,0.197));
#11304=CARTESIAN_POINT('Origin',(0.,-0.1,0.197));
#11305=CARTESIAN_POINT('',(0.,-0.1,-0.026));
#11306=CARTESIAN_POINT('Origin',(0.,-0.1,0.197));
#11307=CARTESIAN_POINT('',(0.,-0.1,-0.026));
#11308=CARTESIAN_POINT('Origin',(0.,-0.1,0.197));
#11309=CARTESIAN_POINT('',(0.,-0.1,-0.026));
#11310=CARTESIAN_POINT('Origin',(0.,-0.1,0.197));
#11311=CARTESIAN_POINT('',(0.,-0.1,-0.026));
#11312=CARTESIAN_POINT('Origin',(0.,-0.0680000000000016,-0.0260000000000016));
#11313=CARTESIAN_POINT('',(0.,-0.068,-0.058));
#11314=CARTESIAN_POINT('Origin',(0.,-0.0680000000000016,-0.0260000000000016));
#11315=CARTESIAN_POINT('',(0.,-0.068,-0.058));
#11316=CARTESIAN_POINT('Origin',(0.,-0.0680000000000016,-0.0260000000000016));
#11317=CARTESIAN_POINT('',(0.,-0.068,-0.058));
#11318=CARTESIAN_POINT('Origin',(0.,-0.0680000000000016,-0.0260000000000016));
#11319=CARTESIAN_POINT('',(0.,-0.068,-0.058));
#11320=CARTESIAN_POINT('Origin',(0.,-0.0680000000000016,-0.0260000000000016));
#11321=CARTESIAN_POINT('',(0.,-0.068,-0.058));
#11322=CARTESIAN_POINT('Origin',(0.,-0.068,-0.058));
#11323=CARTESIAN_POINT('',(0.,0.103,-0.058));
#11324=CARTESIAN_POINT('Origin',(0.,-0.068,-0.058));
#11325=CARTESIAN_POINT('',(0.,0.103,-0.058));
#11326=CARTESIAN_POINT('Origin',(0.,-0.068,-0.058));
#11327=CARTESIAN_POINT('',(0.,0.103,-0.058));
#11328=CARTESIAN_POINT('Origin',(0.,-0.068,-0.058));
#11329=CARTESIAN_POINT('',(0.,0.103,-0.058));
#11330=CARTESIAN_POINT('Origin',(0.,-0.068,-0.058));
#11331=CARTESIAN_POINT('',(0.,0.103,-0.058));
#11332=CARTESIAN_POINT('Origin',(0.,-0.0680000000000008,-0.0260000000000008));
#11333=CARTESIAN_POINT('',(0.,-0.068,-0.042));
#11334=CARTESIAN_POINT('Origin',(0.,-0.0680000000000008,-0.0260000000000008));
#11335=CARTESIAN_POINT('',(0.,-0.068,-0.042));
#11336=CARTESIAN_POINT('Origin',(0.,-0.0680000000000008,-0.0260000000000008));
#11337=CARTESIAN_POINT('',(0.,-0.068,-0.042));
#11338=CARTESIAN_POINT('Origin',(0.,-0.0680000000000008,-0.0260000000000008));
#11339=CARTESIAN_POINT('',(0.,-0.068,-0.042));
#11340=CARTESIAN_POINT('Origin',(0.,0.016,0.197));
#11341=CARTESIAN_POINT('',(0.,0.,0.197));
#11342=CARTESIAN_POINT('Origin',(0.,0.016,0.197));
#11343=CARTESIAN_POINT('',(0.,0.,0.197));
#11344=CARTESIAN_POINT('Origin',(0.,0.016,0.197));
#11345=CARTESIAN_POINT('',(0.,0.,0.197));
#11346=CARTESIAN_POINT('Origin',(0.,0.016,0.197));
#11347=CARTESIAN_POINT('',(0.,0.,0.197));
#11348=CARTESIAN_POINT('Origin',(0.,0.,0.197));
#11349=CARTESIAN_POINT('',(0.,0.,0.074));
#11350=CARTESIAN_POINT('Origin',(0.,0.,0.197));
#11351=CARTESIAN_POINT('',(0.,0.,0.074));
#11352=CARTESIAN_POINT('Origin',(0.,0.,0.197));
#11353=CARTESIAN_POINT('',(0.,0.,0.074));
#11354=CARTESIAN_POINT('Origin',(0.,0.,0.197));
#11355=CARTESIAN_POINT('',(0.,0.,0.074));
#11356=CARTESIAN_POINT('Origin',(0.,0.108,-0.042));
#11357=CARTESIAN_POINT('',(0.,0.103,-0.042));
#11358=CARTESIAN_POINT('Origin',(0.,0.108,-0.042));
#11359=CARTESIAN_POINT('',(0.,0.103,-0.042));
#11360=CARTESIAN_POINT('Origin',(0.,0.108,-0.042));
#11361=CARTESIAN_POINT('',(0.,0.103,-0.042));
#11362=CARTESIAN_POINT('Origin',(0.,0.108,-0.042));
#11363=CARTESIAN_POINT('',(0.,0.103,-0.042));
#11364=CARTESIAN_POINT('Origin',(0.,0.0319999999999992,0.0739999999999992));
#11365=CARTESIAN_POINT('',(0.,0.032,0.042));
#11366=CARTESIAN_POINT('Origin',(0.,0.0319999999999992,0.0739999999999992));
#11367=CARTESIAN_POINT('',(0.,0.032,0.042));
#11368=CARTESIAN_POINT('Origin',(0.,0.0319999999999992,0.0739999999999992));
#11369=CARTESIAN_POINT('',(0.,0.032,0.042));
#11370=CARTESIAN_POINT('Origin',(0.,0.0319999999999992,0.0739999999999992));
#11371=CARTESIAN_POINT('',(0.,0.032,0.042));
#11372=CARTESIAN_POINT('Origin',(0.,0.032,0.042));
#11373=CARTESIAN_POINT('',(0.,0.103,0.042));
#11374=CARTESIAN_POINT('Origin',(0.,0.032,0.042));
#11375=CARTESIAN_POINT('',(0.,0.103,0.042));
#11376=CARTESIAN_POINT('Origin',(0.,0.032,0.042));
#11377=CARTESIAN_POINT('',(0.,0.103,0.042));
#11378=CARTESIAN_POINT('Origin',(0.,0.032,0.042));
#11379=CARTESIAN_POINT('',(0.,0.103,0.042));
#11380=CARTESIAN_POINT('Origin',(0.,0.0319999999999992,0.0739999999999992));
#11381=CARTESIAN_POINT('',(0.,0.032,0.058));
#11382=CARTESIAN_POINT('Origin',(0.,0.0319999999999992,0.0739999999999992));
#11383=CARTESIAN_POINT('',(0.,0.032,0.058));
#11384=CARTESIAN_POINT('Origin',(0.,0.0319999999999992,0.0739999999999992));
#11385=CARTESIAN_POINT('',(0.,0.032,0.058));
#11386=CARTESIAN_POINT('Origin',(0.,0.0319999999999992,0.0739999999999992));
#11387=CARTESIAN_POINT('',(0.,0.032,0.058));
#11388=CARTESIAN_POINT('Origin',(0.,0.0319999999999992,0.0739999999999992));
#11389=CARTESIAN_POINT('',(0.,0.016,0.074));
#11390=CARTESIAN_POINT('',(0.,0.032,0.058));
#11391=CARTESIAN_POINT('Origin',(0.,0.108,0.058));
#11392=CARTESIAN_POINT('',(0.,0.103,0.058));
#11393=CARTESIAN_POINT('Origin',(0.,0.108,0.058));
#11394=CARTESIAN_POINT('',(0.,0.103,0.058));
#11395=CARTESIAN_POINT('Origin',(0.,0.108,0.058));
#11396=CARTESIAN_POINT('',(0.,0.103,0.058));
#11397=CARTESIAN_POINT('Origin',(0.,0.108,0.058));
#11398=CARTESIAN_POINT('',(0.,0.103,0.058));
#11399=CARTESIAN_POINT('Origin',(0.,0.108,0.058));
#11400=CARTESIAN_POINT('',(0.,0.103,0.058));
#11401=CARTESIAN_POINT('Origin',(0.,0.108,-0.042));
#11402=CARTESIAN_POINT('',(0.,-0.068,-0.042));
#11403=CARTESIAN_POINT('',(0.,0.103,-0.042));
#11404=CARTESIAN_POINT('Origin',(0.,-0.084,-0.026));
#11405=CARTESIAN_POINT('',(0.,-0.084,0.197));
#11406=CARTESIAN_POINT('',(0.,-0.084,-0.026));
#11407=CARTESIAN_POINT('Origin',(0.,-0.0680000000000008,-0.0260000000000008));
#11408=CARTESIAN_POINT('Origin',(0.,-0.084,0.197));
#11409=CARTESIAN_POINT('Origin',(0.,0.108,0.));
#11410=CARTESIAN_POINT('',(0.2205,0.108,0.074));
#11411=CARTESIAN_POINT('',(-0.2205,0.108,0.074));
#11412=CARTESIAN_POINT('',(0.2205,0.108,-0.074));
#11413=CARTESIAN_POINT('',(0.2205,0.108,0.074));
#11414=CARTESIAN_POINT('',(0.2205,0.108,-0.074));
#11415=CARTESIAN_POINT('Origin',(0.2205,0.103,0.074));
#11416=CARTESIAN_POINT('',(0.2205,0.103,0.074));
#11417=CARTESIAN_POINT('',(0.2205,0.103,-0.074));
#11418=CARTESIAN_POINT('',(0.2205,0.103,0.074));
#11419=CARTESIAN_POINT('',(0.2205,0.103,-0.074));
#11420=CARTESIAN_POINT('',(0.2205,0.103,0.074));
#11421=CARTESIAN_POINT('Origin',(0.,0.103,0.));
#11422=CARTESIAN_POINT('',(0.2205,0.103,-0.074));
#11423=CARTESIAN_POINT('',(-0.2205,0.103,0.074));
#11424=CARTESIAN_POINT('',(0.,0.103,0.042));
#11425=CARTESIAN_POINT('Origin',(0.,0.032,0.042));
#11426=CARTESIAN_POINT('',(0.,0.032,0.042));
#11427=CARTESIAN_POINT('Origin',(0.,0.016,0.074));
#11428=CARTESIAN_POINT('Origin',(0.,0.0319999999999992,0.0739999999999992));
#11429=CARTESIAN_POINT('Origin',(0.2205,0.103,-0.074));
#11430=CARTESIAN_POINT('Origin',(-0.2205,0.103,0.074));
#11431=CARTESIAN_POINT('',(0.,0.,0.));
#11432=CARTESIAN_POINT('',(0.,-0.068,0.));
#11433=CARTESIAN_POINT('',(0.,0.,0.));
#11434=CARTESIAN_POINT('Origin',(0.,3.09675640631964,0.087));
#11435=CARTESIAN_POINT('',(0.,3.09675640631964,0.087));
#11436=CARTESIAN_POINT('',(0.339860930275841,3.55949012220649,0.087));
#11437=CARTESIAN_POINT('',(0.,3.09675640631964,0.087));
#11438=CARTESIAN_POINT('',(0.339860930275841,3.55949012220649,0.1));
#11439=CARTESIAN_POINT('',(0.339860930275841,3.55949012220649,0.087));
#11440=CARTESIAN_POINT('',(0.,3.09675640631964,0.1));
#11441=CARTESIAN_POINT('',(0.,3.09675640631964,0.1));
#11442=CARTESIAN_POINT('',(0.,3.09675640631964,0.087));
#11443=CARTESIAN_POINT('Origin',(-0.339860930275841,3.55949012220649,0.087));
#11444=CARTESIAN_POINT('',(-0.339860930275841,3.55949012220649,0.087));
#11445=CARTESIAN_POINT('',(-0.339860930275841,3.55949012220649,0.087));
#11446=CARTESIAN_POINT('',(-0.339860930275841,3.55949012220649,0.1));
#11447=CARTESIAN_POINT('',(-0.339860930275841,3.55949012220649,0.1));
#11448=CARTESIAN_POINT('',(-0.339860930275841,3.55949012220649,0.087));
#11449=CARTESIAN_POINT('Origin',(0.339860930275841,3.55949012220649,0.087));
#11450=CARTESIAN_POINT('',(0.339860930275841,3.55949012220649,0.087));
#11451=CARTESIAN_POINT('',(0.339860930275841,3.55949012220649,0.1));
#11452=CARTESIAN_POINT('Origin',(0.,3.41415514014162,0.1));
#11453=CARTESIAN_POINT('Origin',(1.92453233737292E-17,3.41415514014162,
0.087));
#11454=CARTESIAN_POINT('',(0.,0.,0.));
#11455=CARTESIAN_POINT('Origin',(-1.3019017131757,-0.2305384630699,0.0027));
#11456=CARTESIAN_POINT('',(-1.3019017131757,-0.25544316307,0.));
#11457=CARTESIAN_POINT('',(-1.3019017131757,-0.25544316307,0.0027));
#11458=CARTESIAN_POINT('',(-1.3019017131757,-0.25544316307,0.));
#11459=CARTESIAN_POINT('',(-1.3019017131757,-0.2056337630698,0.0027));
#11460=CARTESIAN_POINT('',(-1.3019017131757,-0.25544316307,0.0027));
#11461=CARTESIAN_POINT('',(-1.3019017131757,-0.2056337630698,0.));
#11462=CARTESIAN_POINT('',(-1.3019017131757,-0.2056337630698,0.));
#11463=CARTESIAN_POINT('',(-1.3019017131757,-0.25544316307,0.));
#11464=CARTESIAN_POINT('Origin',(-0.522451913176,-0.2056337630698,0.0027));
#11465=CARTESIAN_POINT('',(0.2569978868237,-0.2056337630698,0.0027));
#11466=CARTESIAN_POINT('',(-1.3019017131757,-0.2056337630698,0.0027));
#11467=CARTESIAN_POINT('',(0.2569978868237,-0.2056337630698,0.));
#11468=CARTESIAN_POINT('',(0.2569978868237,-0.2056337630698,0.));
#11469=CARTESIAN_POINT('',(-1.3019017131757,-0.2056337630698,0.));
#11470=CARTESIAN_POINT('Origin',(0.2569978868237,-0.25544316307,0.0027));
#11471=CARTESIAN_POINT('',(0.2569978868237,-0.3052525630702,0.0027));
#11472=CARTESIAN_POINT('',(0.2569978868237,-0.2056337630698,0.0027));
#11473=CARTESIAN_POINT('',(0.2569978868237,-0.3052525630702,0.));
#11474=CARTESIAN_POINT('',(0.2569978868237,-0.3052525630702,0.));
#11475=CARTESIAN_POINT('',(0.2569978868237,-0.2056337630698,0.));
#11476=CARTESIAN_POINT('Origin',(-0.522451913176,-0.3052525630702,0.0027));
#11477=CARTESIAN_POINT('',(-1.3019017131757,-0.3052525630702,0.0027));
#11478=CARTESIAN_POINT('',(0.2569978868237,-0.3052525630702,0.0027));
#11479=CARTESIAN_POINT('',(-1.3019017131757,-0.3052525630702,0.));
#11480=CARTESIAN_POINT('',(-1.3019017131757,-0.3052525630702,0.));
#11481=CARTESIAN_POINT('',(0.2569978868237,-0.3052525630702,0.));
#11482=CARTESIAN_POINT('Origin',(-1.3019017131757,-0.2803478630701,0.0027));
#11483=CARTESIAN_POINT('',(-1.3019017131757,-0.3052525630702,0.0027));
#11484=CARTESIAN_POINT('',(-1.3019017131757,-0.3052525630702,0.));
#11485=CARTESIAN_POINT('Origin',(-0.522451913176,-0.3052525630702,0.));
#11486=CARTESIAN_POINT('Origin',(-0.522451913176,-0.3052525630702,0.0027));
#11487=CARTESIAN_POINT('Origin',(-1.3019044055761,0.35303815997015,0.0027));
#11488=CARTESIAN_POINT('',(-1.3019044055761,0.3274603599704,0.));
#11489=CARTESIAN_POINT('',(-1.3019044055761,0.3274603599704,0.0027));
#11490=CARTESIAN_POINT('',(-1.3019044055761,0.3274603599704,0.));
#11491=CARTESIAN_POINT('',(-1.3019044055761,0.3786159599699,0.0027));
#11492=CARTESIAN_POINT('',(-1.3019044055761,0.3274603599704,0.0027));
#11493=CARTESIAN_POINT('',(-1.3019044055761,0.3786159599699,0.));
#11494=CARTESIAN_POINT('',(-1.3019044055761,0.3786159599699,0.));
#11495=CARTESIAN_POINT('',(-1.3019044055761,0.3274603599704,0.));
#11496=CARTESIAN_POINT('Origin',(-0.5763026055763,0.3786159599699,0.0027));
#11497=CARTESIAN_POINT('',(0.1492991944235,0.3786159599699,0.0027));
#11498=CARTESIAN_POINT('',(-1.3019044055761,0.3786159599699,0.0027));
#11499=CARTESIAN_POINT('',(0.1492991944235,0.3786159599699,0.));
#11500=CARTESIAN_POINT('',(0.1492991944235,0.3786159599699,0.));
#11501=CARTESIAN_POINT('',(-1.3019044055761,0.3786159599699,0.));
#11502=CARTESIAN_POINT('Origin',(0.1492991944235,0.32746035996995,0.0027));
#11503=CARTESIAN_POINT('',(0.1492991944235,0.27630475997,0.0027));
#11504=CARTESIAN_POINT('',(0.1492991944235,0.3786159599699,0.0027));
#11505=CARTESIAN_POINT('',(0.1492991944235,0.27630475997,0.));
#11506=CARTESIAN_POINT('',(0.1492991944235,0.27630475997,0.));
#11507=CARTESIAN_POINT('',(0.1492991944235,0.3786159599699,0.));
#11508=CARTESIAN_POINT('Origin',(-0.5763026055763,0.27630475997,0.0027));
#11509=CARTESIAN_POINT('',(-1.3019044055761,0.27630475997,0.0027));
#11510=CARTESIAN_POINT('',(0.1492991944235,0.27630475997,0.0027));
#11511=CARTESIAN_POINT('',(-1.3019044055761,0.27630475997,0.));
#11512=CARTESIAN_POINT('',(-1.3019044055761,0.27630475997,0.));
#11513=CARTESIAN_POINT('',(0.1492991944235,0.27630475997,0.));
#11514=CARTESIAN_POINT('Origin',(-1.3019044055761,0.3018825599702,0.0027));
#11515=CARTESIAN_POINT('',(-1.3019044055761,0.27630475997,0.0027));
#11516=CARTESIAN_POINT('',(-1.3019044055761,0.27630475997,0.));
#11517=CARTESIAN_POINT('Origin',(-0.5763026055763,0.27630475997,0.));
#11518=CARTESIAN_POINT('Origin',(-0.5763026055763,0.27630475997,0.0027));
#11519=CARTESIAN_POINT('Ctrl Pts',(0.3184196080238,-0.2897712630697,0.0027));
#11520=CARTESIAN_POINT('Ctrl Pts',(0.3184196080238,-0.2897712630697,-0.00054));
#11521=CARTESIAN_POINT('Ctrl Pts',(0.297058375664,-0.2674752294298,0.0027));
#11522=CARTESIAN_POINT('Ctrl Pts',(0.297058375664,-0.2674752294298,-0.00054));
#11523=CARTESIAN_POINT('Ctrl Pts',(0.2988167821037,-0.2929878733504,0.0027));
#11524=CARTESIAN_POINT('Ctrl Pts',(0.2988167821037,-0.2929878733504,-0.00054));
#11525=CARTESIAN_POINT('Ctrl Pts',(0.298005831224,0.00639273693003802,0.0027));
#11526=CARTESIAN_POINT('Ctrl Pts',(0.298005831224,0.00639273693003802,-0.00054));
#11527=CARTESIAN_POINT('',(0.3184196080238,-0.2897712630697,0.));
#11528=CARTESIAN_POINT('',(0.3184196080238,-0.2897712630697,0.0027));
#11529=CARTESIAN_POINT('',(0.3184196080238,-0.2897712630697,0.));
#11530=CARTESIAN_POINT('',(0.298005831224,0.00639273693003802,0.0027));
#11531=CARTESIAN_POINT('Ctrl Pts',(0.3184196080238,-0.2897712630697,0.0027));
#11532=CARTESIAN_POINT('Ctrl Pts',(0.297058375664,-0.2674752294298,0.0027));
#11533=CARTESIAN_POINT('Ctrl Pts',(0.2988167821037,-0.2929878733504,0.0027));
#11534=CARTESIAN_POINT('Ctrl Pts',(0.298005831224,0.00639273693003802,0.0027));
#11535=CARTESIAN_POINT('',(0.298005831224,0.00639273693003802,0.));
#11536=CARTESIAN_POINT('',(0.298005831224,0.00639273693003802,0.));
#11537=CARTESIAN_POINT('Ctrl Pts',(0.3184196080238,-0.2897712630697,0.));
#11538=CARTESIAN_POINT('Ctrl Pts',(0.297058375664,-0.2674752294298,0.));
#11539=CARTESIAN_POINT('Ctrl Pts',(0.2988167821037,-0.2929878733504,0.));
#11540=CARTESIAN_POINT('Ctrl Pts',(0.298005831224,0.00639273693003802,0.));
#11541=CARTESIAN_POINT('Origin',(0.29764383804395,0.140003086930169,0.0027));
#11542=CARTESIAN_POINT('',(0.2972818448639,0.2736134369303,0.0027));
#11543=CARTESIAN_POINT('',(0.298005831224,0.00639273693003802,0.0027));
#11544=CARTESIAN_POINT('',(0.2972818448639,0.2736134369303,0.));
#11545=CARTESIAN_POINT('',(0.2972818448639,0.2736134369303,0.));
#11546=CARTESIAN_POINT('',(0.298005831224,0.00639273693003802,0.));
#11547=CARTESIAN_POINT('Origin',(0.2461774004639,0.2736134369303,0.0027));
#11548=CARTESIAN_POINT('',(0.1950729560639,0.2736134369303,0.0027));
#11549=CARTESIAN_POINT('',(0.2972818448639,0.2736134369303,0.0027));
#11550=CARTESIAN_POINT('',(0.1950729560639,0.2736134369303,0.));
#11551=CARTESIAN_POINT('',(0.1950729560639,0.2736134369303,0.));
#11552=CARTESIAN_POINT('',(0.2972818448639,0.2736134369303,0.));
#11553=CARTESIAN_POINT('Origin',(0.1950729560639,0.3274614369302,0.0027));
#11554=CARTESIAN_POINT('',(0.1950729560639,0.3813094369301,0.0027));
#11555=CARTESIAN_POINT('',(0.1950729560639,0.2736134369303,0.0027));
#11556=CARTESIAN_POINT('',(0.1950729560639,0.3813094369301,0.));
#11557=CARTESIAN_POINT('',(0.1950729560639,0.3813094369301,0.));
#11558=CARTESIAN_POINT('',(0.1950729560639,0.2736134369303,0.));
#11559=CARTESIAN_POINT('Origin',(0.24622855606385,0.3813094369301,0.0027));
#11560=CARTESIAN_POINT('',(0.2973841560638,0.3813094369301,0.0027));
#11561=CARTESIAN_POINT('',(0.1950729560639,0.3813094369301,0.0027));
#11562=CARTESIAN_POINT('',(0.2973841560638,0.3813094369301,0.));
#11563=CARTESIAN_POINT('',(0.2973841560638,0.3813094369301,0.));
#11564=CARTESIAN_POINT('',(0.1950729560639,0.3813094369301,0.));
#11565=CARTESIAN_POINT('Origin',(0.2973841560638,0.42708023693015,0.0027));
#11566=CARTESIAN_POINT('',(0.2973841560638,0.4728510369302,0.0027));
#11567=CARTESIAN_POINT('',(0.2973841560638,0.3813094369301,0.0027));
#11568=CARTESIAN_POINT('',(0.2973841560638,0.4728510369302,0.));
#11569=CARTESIAN_POINT('',(0.2973841560638,0.4728510369302,0.));
#11570=CARTESIAN_POINT('',(0.2973841560638,0.3813094369301,0.));
#11571=CARTESIAN_POINT('Origin',(0.3633479560637,0.4728510369302,0.0027));
#11572=CARTESIAN_POINT('',(0.4293117560636,0.4728510369302,0.0027));
#11573=CARTESIAN_POINT('',(0.2973841560638,0.4728510369302,0.0027));
#11574=CARTESIAN_POINT('',(0.4293117560636,0.4728510369302,0.));
#11575=CARTESIAN_POINT('',(0.4293117560636,0.4728510369302,0.));
#11576=CARTESIAN_POINT('',(0.2973841560638,0.4728510369302,0.));
#11577=CARTESIAN_POINT('Origin',(0.4293117560636,0.42708023693015,0.0027));
#11578=CARTESIAN_POINT('',(0.4293117560636,0.3813094369301,0.0027));
#11579=CARTESIAN_POINT('',(0.4293117560636,0.4728510369302,0.0027));
#11580=CARTESIAN_POINT('',(0.4293117560636,0.3813094369301,0.));
#11581=CARTESIAN_POINT('',(0.4293117560636,0.3813094369301,0.));
#11582=CARTESIAN_POINT('',(0.4293117560636,0.4728510369302,0.));
#11583=CARTESIAN_POINT('Origin',(0.4791211560638,0.3813094369301,0.0027));
#11584=CARTESIAN_POINT('',(0.528930556064,0.3813094369301,0.0027));
#11585=CARTESIAN_POINT('',(0.4293117560636,0.3813094369301,0.0027));
#11586=CARTESIAN_POINT('',(0.528930556064,0.3813094369301,0.));
#11587=CARTESIAN_POINT('',(0.528930556064,0.3813094369301,0.));
#11588=CARTESIAN_POINT('',(0.4293117560636,0.3813094369301,0.));
#11589=CARTESIAN_POINT('Origin',(0.528930556064,0.3274614369302,0.0027));
#11590=CARTESIAN_POINT('',(0.528930556064,0.2736134369303,0.0027));
#11591=CARTESIAN_POINT('',(0.528930556064,0.3813094369301,0.0027));
#11592=CARTESIAN_POINT('',(0.528930556064,0.2736134369303,0.));
#11593=CARTESIAN_POINT('',(0.528930556064,0.2736134369303,0.));
#11594=CARTESIAN_POINT('',(0.528930556064,0.3813094369301,0.));
#11595=CARTESIAN_POINT('Origin',(0.4791211560638,0.2736134369303,0.0027));
#11596=CARTESIAN_POINT('',(0.4293117560636,0.2736134369303,0.0027));
#11597=CARTESIAN_POINT('',(0.528930556064,0.2736134369303,0.0027));
#11598=CARTESIAN_POINT('',(0.4293117560636,0.2736134369303,0.));
#11599=CARTESIAN_POINT('',(0.4293117560636,0.2736134369303,0.));
#11600=CARTESIAN_POINT('',(0.528930556064,0.2736134369303,0.));
#11601=CARTESIAN_POINT('Origin',(0.4293117560636,0.0366822369302,0.0027));
#11602=CARTESIAN_POINT('',(0.4293117560636,-0.2002489630699,0.0027));
#11603=CARTESIAN_POINT('',(0.4293117560636,0.2736134369303,0.0027));
#11604=CARTESIAN_POINT('',(0.4293117560636,-0.2002489630699,0.));
#11605=CARTESIAN_POINT('',(0.4293117560636,-0.2002489630699,0.));
#11606=CARTESIAN_POINT('',(0.4293117560636,0.2736134369303,0.));
#11607=CARTESIAN_POINT('Origin',(0.4791211560638,-0.2002489630699,0.0027));
#11608=CARTESIAN_POINT('',(0.528930556064,-0.2002489630699,0.0027));
#11609=CARTESIAN_POINT('',(0.4293117560636,-0.2002489630699,0.0027));
#11610=CARTESIAN_POINT('',(0.528930556064,-0.2002489630699,0.));
#11611=CARTESIAN_POINT('',(0.528930556064,-0.2002489630699,0.));
#11612=CARTESIAN_POINT('',(0.4293117560636,-0.2002489630699,0.));
#11613=CARTESIAN_POINT('Origin',(0.528930556064,-0.2500583630701,0.0027));
#11614=CARTESIAN_POINT('',(0.528930556064,-0.2998677630703,0.0027));
#11615=CARTESIAN_POINT('',(0.528930556064,-0.2002489630699,0.0027));
#11616=CARTESIAN_POINT('',(0.528930556064,-0.2998677630703,0.));
#11617=CARTESIAN_POINT('',(0.528930556064,-0.2998677630703,0.));
#11618=CARTESIAN_POINT('',(0.528930556064,-0.2002489630699,0.));
#11619=CARTESIAN_POINT('Origin',(0.42851211326405,-0.2998677630703,0.0027));
#11620=CARTESIAN_POINT('',(0.3280936704641,-0.2998677630703,0.0027));
#11621=CARTESIAN_POINT('',(0.528930556064,-0.2998677630703,0.0027));
#11622=CARTESIAN_POINT('',(0.3280936704641,-0.2998677630703,0.));
#11623=CARTESIAN_POINT('',(0.3280936704641,-0.2998677630703,0.));
#11624=CARTESIAN_POINT('',(0.528930556064,-0.2998677630703,0.));
#11625=CARTESIAN_POINT('Origin',(0.32325663924395,-0.29481951307,0.0027));
#11626=CARTESIAN_POINT('',(0.3280936704641,-0.2998677630703,0.0027));
#11627=CARTESIAN_POINT('',(0.3280936704641,-0.2998677630703,0.));
#11628=CARTESIAN_POINT('Origin',(0.36200175606395,-0.2998677630703,0.));
#11629=CARTESIAN_POINT('Origin',(0.36200175606395,-0.2998677630703,0.0027));
#11630=CARTESIAN_POINT('Origin',(0.5746983944237,0.35303815997015,0.0027));
#11631=CARTESIAN_POINT('',(0.5746983944237,0.3274603599704,0.));
#11632=CARTESIAN_POINT('',(0.5746983944237,0.3274603599704,0.0027));
#11633=CARTESIAN_POINT('',(0.5746983944237,0.3274603599704,0.));
#11634=CARTESIAN_POINT('',(0.5746983944237,0.3786159599699,0.0027));
#11635=CARTESIAN_POINT('',(0.5746983944237,0.3274603599704,0.0027));
#11636=CARTESIAN_POINT('',(0.5746983944237,0.3786159599699,0.));
#11637=CARTESIAN_POINT('',(0.5746983944237,0.3786159599699,0.));
#11638=CARTESIAN_POINT('',(0.5746983944237,0.3274603599704,0.));
#11639=CARTESIAN_POINT('Origin',(0.97721219442365,0.3786159599699,0.0027));
#11640=CARTESIAN_POINT('',(1.3797259944236,0.3786159599699,0.0027));
#11641=CARTESIAN_POINT('',(0.5746983944237,0.3786159599699,0.0027));
#11642=CARTESIAN_POINT('',(1.3797259944236,0.3786159599699,0.));
#11643=CARTESIAN_POINT('',(1.3797259944236,0.3786159599699,0.));
#11644=CARTESIAN_POINT('',(0.5746983944237,0.3786159599699,0.));
#11645=CARTESIAN_POINT('Origin',(1.3797259944236,0.32746035996995,0.0027));
#11646=CARTESIAN_POINT('',(1.3797259944236,0.27630475997,0.0027));
#11647=CARTESIAN_POINT('',(1.3797259944236,0.3786159599699,0.0027));
#11648=CARTESIAN_POINT('',(1.3797259944236,0.27630475997,0.));
#11649=CARTESIAN_POINT('',(1.3797259944236,0.27630475997,0.));
#11650=CARTESIAN_POINT('',(1.3797259944236,0.3786159599699,0.));
#11651=CARTESIAN_POINT('Origin',(0.97721219442365,0.27630475997,0.0027));
#11652=CARTESIAN_POINT('',(0.5746983944237,0.27630475997,0.0027));
#11653=CARTESIAN_POINT('',(1.3797259944236,0.27630475997,0.0027));
#11654=CARTESIAN_POINT('',(0.5746983944237,0.27630475997,0.));
#11655=CARTESIAN_POINT('',(0.5746983944237,0.27630475997,0.));
#11656=CARTESIAN_POINT('',(1.3797259944236,0.27630475997,0.));
#11657=CARTESIAN_POINT('Origin',(0.5746983944237,0.3018825599702,0.0027));
#11658=CARTESIAN_POINT('',(0.5746983944237,0.27630475997,0.0027));
#11659=CARTESIAN_POINT('',(0.5746983944237,0.27630475997,0.));
#11660=CARTESIAN_POINT('Origin',(0.97721219442365,0.27630475997,0.));
#11661=CARTESIAN_POINT('Origin',(0.97721219442365,0.27630475997,0.0027));
#11662=CARTESIAN_POINT('Origin',(0.5747010868241,-0.2305384630699,0.0027));
#11663=CARTESIAN_POINT('',(0.5747010868241,-0.25544316307,0.));
#11664=CARTESIAN_POINT('',(0.5747010868241,-0.25544316307,0.0027));
#11665=CARTESIAN_POINT('',(0.5747010868241,-0.25544316307,0.));
#11666=CARTESIAN_POINT('',(0.5747010868241,-0.2056337630698,0.0027));
#11667=CARTESIAN_POINT('',(0.5747010868241,-0.25544316307,0.0027));
#11668=CARTESIAN_POINT('',(0.5747010868241,-0.2056337630698,0.));
#11669=CARTESIAN_POINT('',(0.5747010868241,-0.2056337630698,0.));
#11670=CARTESIAN_POINT('',(0.5747010868241,-0.25544316307,0.));
#11671=CARTESIAN_POINT('Origin',(0.97721488682405,-0.2056337630698,0.0027));
#11672=CARTESIAN_POINT('',(1.379728686824,-0.2056337630698,0.0027));
#11673=CARTESIAN_POINT('',(0.5747010868241,-0.2056337630698,0.0027));
#11674=CARTESIAN_POINT('',(1.379728686824,-0.2056337630698,0.));
#11675=CARTESIAN_POINT('',(1.379728686824,-0.2056337630698,0.));
#11676=CARTESIAN_POINT('',(0.5747010868241,-0.2056337630698,0.));
#11677=CARTESIAN_POINT('Origin',(1.379728686824,-0.25544316307,0.0027));
#11678=CARTESIAN_POINT('',(1.379728686824,-0.3052525630702,0.0027));
#11679=CARTESIAN_POINT('',(1.379728686824,-0.2056337630698,0.0027));
#11680=CARTESIAN_POINT('',(1.379728686824,-0.3052525630702,0.));
#11681=CARTESIAN_POINT('',(1.379728686824,-0.3052525630702,0.));
#11682=CARTESIAN_POINT('',(1.379728686824,-0.2056337630698,0.));
#11683=CARTESIAN_POINT('Origin',(0.97721488682405,-0.3052525630702,0.0027));
#11684=CARTESIAN_POINT('',(0.5747010868241,-0.3052525630702,0.0027));
#11685=CARTESIAN_POINT('',(1.379728686824,-0.3052525630702,0.0027));
#11686=CARTESIAN_POINT('',(0.5747010868241,-0.3052525630702,0.));
#11687=CARTESIAN_POINT('',(0.5747010868241,-0.3052525630702,0.));
#11688=CARTESIAN_POINT('',(1.379728686824,-0.3052525630702,0.));
#11689=CARTESIAN_POINT('Origin',(0.5747010868241,-0.2803478630701,0.0027));
#11690=CARTESIAN_POINT('',(0.5747010868241,-0.3052525630702,0.0027));
#11691=CARTESIAN_POINT('',(0.5747010868241,-0.3052525630702,0.));
#11692=CARTESIAN_POINT('Origin',(0.97721488682405,-0.3052525630702,0.));
#11693=CARTESIAN_POINT('Origin',(0.97721488682405,-0.3052525630702,0.0027));
#11694=CARTESIAN_POINT('Ctrl Pts',(-0.3326296359763,0.00154910933004202,
0.0027));
#11695=CARTESIAN_POINT('Ctrl Pts',(-0.3326296359763,0.00154910933004202,
-0.00054));
#11696=CARTESIAN_POINT('Ctrl Pts',(-0.3326296359763,0.1022260225298,0.0027));
#11697=CARTESIAN_POINT('Ctrl Pts',(-0.3326296359763,0.1022260225298,-0.00054));
#11698=CARTESIAN_POINT('Ctrl Pts',(-0.3316199052043,0.1595902969301,0.0027));
#11699=CARTESIAN_POINT('Ctrl Pts',(-0.3316199052043,0.1595902969301,-0.00054));
#11700=CARTESIAN_POINT('Ctrl Pts',(-0.3296892659365,0.1685936825303,0.0027));
#11701=CARTESIAN_POINT('Ctrl Pts',(-0.3296892659365,0.1685936825303,-0.00054));
#11702=CARTESIAN_POINT('',(-0.3326296359763,0.00154910933004202,0.));
#11703=CARTESIAN_POINT('',(-0.3326296359763,0.00154910933004202,0.0027));
#11704=CARTESIAN_POINT('',(-0.3326296359763,0.00154910933004202,0.));
#11705=CARTESIAN_POINT('',(-0.3296892659365,0.1685936825303,0.0027));
#11706=CARTESIAN_POINT('Origin',(-0.307627948732474,-1.0322959658515,0.0027));
#11707=CARTESIAN_POINT('',(-0.3296892659365,0.1685936825303,0.));
#11708=CARTESIAN_POINT('',(-0.3296892659365,0.1685936825303,0.));
#11709=CARTESIAN_POINT('Origin',(-0.307627948732474,-1.0322959658515,0.));
#11710=CARTESIAN_POINT('Ctrl Pts',(-0.3296892659365,0.1685936825303,0.0027));
#11711=CARTESIAN_POINT('Ctrl Pts',(-0.3296892659365,0.1685936825303,-0.00054));
#11712=CARTESIAN_POINT('Ctrl Pts',(-0.325853672896,0.1864779495296,0.0027));
#11713=CARTESIAN_POINT('Ctrl Pts',(-0.325853672896,0.1864779495296,-0.00054));
#11714=CARTESIAN_POINT('Ctrl Pts',(-0.3131046204157,0.2028517801304,0.0027));
#11715=CARTESIAN_POINT('Ctrl Pts',(-0.3131046204157,0.2028517801304,-0.00054));
#11716=CARTESIAN_POINT('Ctrl Pts',(-0.2962819667359,0.21149976893,0.0027));
#11717=CARTESIAN_POINT('Ctrl Pts',(-0.2962819667359,0.21149976893,-0.00054));
#11718=CARTESIAN_POINT('',(-0.2962819667359,0.21149976893,0.0027));
#11719=CARTESIAN_POINT('Origin',(-0.282252348045753,0.168190303322379,0.0027));
#11720=CARTESIAN_POINT('',(-0.2962819667359,0.21149976893,0.));
#11721=CARTESIAN_POINT('',(-0.2962819667359,0.21149976893,0.));
#11722=CARTESIAN_POINT('Origin',(-0.282252348045753,0.168190303322379,0.));
#11723=CARTESIAN_POINT('Origin',(-0.2895509667358,0.21495977217005,0.0027));
#11724=CARTESIAN_POINT('',(-0.2828199667357,0.2184197754101,0.0027));
#11725=CARTESIAN_POINT('',(-0.2962819667359,0.21149976893,0.0027));
#11726=CARTESIAN_POINT('',(-0.2828199667357,0.2184197754101,0.));
#11727=CARTESIAN_POINT('',(-0.2828199667357,0.2184197754101,0.));
#11728=CARTESIAN_POINT('',(-0.2962819667359,0.21149976893,0.));
#11729=CARTESIAN_POINT('Origin',(-0.23513621653585,0.21883608775985,0.0027));
#11730=CARTESIAN_POINT('',(-0.187452466336,0.2192524001096,0.0027));
#11731=CARTESIAN_POINT('',(-0.2828199667357,0.2184197754101,0.0027));
#11732=CARTESIAN_POINT('',(-0.187452466336,0.2192524001096,0.));
#11733=CARTESIAN_POINT('',(-0.187452466336,0.2192524001096,0.));
#11734=CARTESIAN_POINT('',(-0.2828199667357,0.2184197754101,0.));
#11735=CARTESIAN_POINT('Ctrl Pts',(-0.187452466336,0.2192524001096,0.0027));
#11736=CARTESIAN_POINT('Ctrl Pts',(-0.187452466336,0.2192524001096,-0.00054));
#11737=CARTESIAN_POINT('Ctrl Pts',(-0.079217986336093,0.2201973786617,0.0027));
#11738=CARTESIAN_POINT('Ctrl Pts',(-0.079217986336093,0.2201973786617,-0.00054));
#11739=CARTESIAN_POINT('Ctrl Pts',(-0.074678599936099,0.2195660108624,0.0027));
#11740=CARTESIAN_POINT('Ctrl Pts',(-0.074678599936099,0.2195660108624,-0.00054));
#11741=CARTESIAN_POINT('Ctrl Pts',(-0.0517581987360976,0.2003759837096,
0.0027));
#11742=CARTESIAN_POINT('Ctrl Pts',(-0.0517581987360976,0.2003759837096,
-0.00054));
#11743=CARTESIAN_POINT('',(-0.0517581987360976,0.2003759837096,0.0027));
#11744=CARTESIAN_POINT('Ctrl Pts',(-0.187452466336,0.2192524001096,0.0027));
#11745=CARTESIAN_POINT('Ctrl Pts',(-0.079217986336093,0.2201973786617,0.0027));
#11746=CARTESIAN_POINT('Ctrl Pts',(-0.074678599936099,0.2195660108624,0.0027));
#11747=CARTESIAN_POINT('Ctrl Pts',(-0.0517581987360976,0.2003759837096,
0.0027));
#11748=CARTESIAN_POINT('',(-0.0517581987360976,0.2003759837096,0.));
#11749=CARTESIAN_POINT('',(-0.0517581987360976,0.2003759837096,0.));
#11750=CARTESIAN_POINT('Ctrl Pts',(-0.187452466336,0.2192524001096,0.));
#11751=CARTESIAN_POINT('Ctrl Pts',(-0.079217986336093,0.2201973786617,0.));
#11752=CARTESIAN_POINT('Ctrl Pts',(-0.074678599936099,0.2195660108624,0.));
#11753=CARTESIAN_POINT('Ctrl Pts',(-0.0517581987360976,0.2003759837096,
0.));
#11754=CARTESIAN_POINT('Origin',(-0.0452697839760988,0.1949439320897,0.0027));
#11755=CARTESIAN_POINT('',(-0.0387813692161,0.1895118804698,0.0027));
#11756=CARTESIAN_POINT('',(-0.0517581987360976,0.2003759837096,0.0027));
#11757=CARTESIAN_POINT('',(-0.0387813692161,0.1895118804698,0.));
#11758=CARTESIAN_POINT('',(-0.0387813692161,0.1895118804698,0.));
#11759=CARTESIAN_POINT('',(-0.0517581987360976,0.2003759837096,0.));
#11760=CARTESIAN_POINT('Origin',(-0.0345713979560995,0.1938178357898,0.0027));
#11761=CARTESIAN_POINT('',(-0.030361426696099,0.1981237911098,0.0027));
#11762=CARTESIAN_POINT('',(-0.0387813692161,0.1895118804698,0.0027));
#11763=CARTESIAN_POINT('',(-0.030361426696099,0.1981237911098,0.));
#11764=CARTESIAN_POINT('',(-0.030361426696099,0.1981237911098,0.));
#11765=CARTESIAN_POINT('',(-0.0387813692161,0.1895118804698,0.));
#11766=CARTESIAN_POINT('Ctrl Pts',(-0.030361426696099,0.1981237911098,0.0027));
#11767=CARTESIAN_POINT('Ctrl Pts',(-0.030361426696099,0.1981237911098,-0.00054));
#11768=CARTESIAN_POINT('Ctrl Pts',(-0.025730498696095,0.2028602611904,0.0027));
#11769=CARTESIAN_POINT('Ctrl Pts',(-0.025730498696095,0.2028602611904,-0.00054));
#11770=CARTESIAN_POINT('Ctrl Pts',(-0.0170310850560999,0.2093645611103,
0.0027));
#11771=CARTESIAN_POINT('Ctrl Pts',(-0.0170310850560999,0.2093645611103,
-0.00054));
#11772=CARTESIAN_POINT('Ctrl Pts',(-0.0110294562160989,0.2125776712703,
0.0027));
#11773=CARTESIAN_POINT('Ctrl Pts',(-0.0110294562160989,0.2125776712703,
-0.00054));
#11774=CARTESIAN_POINT('',(-0.0110294562160989,0.2125776712703,0.0027));
#11775=CARTESIAN_POINT('Ctrl Pts',(-0.030361426696099,0.1981237911098,0.0027));
#11776=CARTESIAN_POINT('Ctrl Pts',(-0.025730498696095,0.2028602611904,0.0027));
#11777=CARTESIAN_POINT('Ctrl Pts',(-0.0170310850560999,0.2093645611103,
0.0027));
#11778=CARTESIAN_POINT('Ctrl Pts',(-0.0110294562160989,0.2125776712703,
0.0027));
#11779=CARTESIAN_POINT('',(-0.0110294562160989,0.2125776712703,0.));
#11780=CARTESIAN_POINT('',(-0.0110294562160989,0.2125776712703,0.));
#11781=CARTESIAN_POINT('Ctrl Pts',(-0.030361426696099,0.1981237911098,0.));
#11782=CARTESIAN_POINT('Ctrl Pts',(-0.025730498696095,0.2028602611904,0.));
#11783=CARTESIAN_POINT('Ctrl Pts',(-0.0170310850560999,0.2093645611103,
0.));
#11784=CARTESIAN_POINT('Ctrl Pts',(-0.0110294562160989,0.2125776712703,
0.));
#11785=CARTESIAN_POINT('Ctrl Pts',(-0.0110294562160989,0.2125776712703,
0.0027));
#11786=CARTESIAN_POINT('Ctrl Pts',(-0.0110294562160989,0.2125776712703,
-0.00054));
#11787=CARTESIAN_POINT('Ctrl Pts',(-0.000388822176099956,0.2182742511899,
0.0027));
#11788=CARTESIAN_POINT('Ctrl Pts',(-0.000388822176099956,0.2182742511899,
-0.00054));
#11789=CARTESIAN_POINT('Ctrl Pts',(0.00239511942390505,0.2184196407899,
0.0027));
#11790=CARTESIAN_POINT('Ctrl Pts',(0.00239511942390505,0.2184196407899,
-0.00054));
#11791=CARTESIAN_POINT('Ctrl Pts',(0.100920535784,0.2184196407899,0.0027));
#11792=CARTESIAN_POINT('Ctrl Pts',(0.100920535784,0.2184196407899,-0.00054));
#11793=CARTESIAN_POINT('',(0.100920535784,0.2184196407899,0.0027));
#11794=CARTESIAN_POINT('Ctrl Pts',(-0.0110294562160989,0.2125776712703,
0.0027));
#11795=CARTESIAN_POINT('Ctrl Pts',(-0.000388822176099956,0.2182742511899,
0.0027));
#11796=CARTESIAN_POINT('Ctrl Pts',(0.00239511942390505,0.2184196407899,
0.0027));
#11797=CARTESIAN_POINT('Ctrl Pts',(0.100920535784,0.2184196407899,0.0027));
#11798=CARTESIAN_POINT('',(0.100920535784,0.2184196407899,0.));
#11799=CARTESIAN_POINT('',(0.100920535784,0.2184196407899,0.));
#11800=CARTESIAN_POINT('Ctrl Pts',(-0.0110294562160989,0.2125776712703,
0.));
#11801=CARTESIAN_POINT('Ctrl Pts',(-0.000388822176099956,0.2182742511899,
0.));
#11802=CARTESIAN_POINT('Ctrl Pts',(0.00239511942390505,0.2184196407899,
0.));
#11803=CARTESIAN_POINT('Ctrl Pts',(0.100920535784,0.2184196407899,0.));
#11804=CARTESIAN_POINT('Origin',(0.15143938318385,0.2184196407899,0.0027));
#11805=CARTESIAN_POINT('',(0.2019582305837,0.2184196407899,0.0027));
#11806=CARTESIAN_POINT('',(0.100920535784,0.2184196407899,0.0027));
#11807=CARTESIAN_POINT('',(0.2019582305837,0.2184196407899,0.));
#11808=CARTESIAN_POINT('',(0.2019582305837,0.2184196407899,0.));
#11809=CARTESIAN_POINT('',(0.100920535784,0.2184196407899,0.));
#11810=CARTESIAN_POINT('Origin',(0.20865328704395,0.21499773500975,0.0027));
#11811=CARTESIAN_POINT('',(0.2153483435042,0.2115758292296,0.0027));
#11812=CARTESIAN_POINT('',(0.2019582305837,0.2184196407899,0.0027));
#11813=CARTESIAN_POINT('',(0.2153483435042,0.2115758292296,0.));
#11814=CARTESIAN_POINT('',(0.2153483435042,0.2115758292296,0.));
#11815=CARTESIAN_POINT('',(0.2019582305837,0.2184196407899,0.));
#11816=CARTESIAN_POINT('Ctrl Pts',(0.2153483435042,0.2115758292296,0.0027));
#11817=CARTESIAN_POINT('Ctrl Pts',(0.2153483435042,0.2115758292296,-0.00054));
#11818=CARTESIAN_POINT('Ctrl Pts',(0.231502205024,0.2033195846297,0.0027));
#11819=CARTESIAN_POINT('Ctrl Pts',(0.231502205024,0.2033195846297,-0.00054));
#11820=CARTESIAN_POINT('Ctrl Pts',(0.2444747267042,0.18552470531,0.0027));
#11821=CARTESIAN_POINT('Ctrl Pts',(0.2444747267042,0.18552470531,-0.00054));
#11822=CARTESIAN_POINT('Ctrl Pts',(0.2486991023036,0.16582926083,0.0027));
#11823=CARTESIAN_POINT('Ctrl Pts',(0.2486991023036,0.16582926083,-0.00054));
#11824=CARTESIAN_POINT('',(0.2486991023036,0.16582926083,0.0027));
#11825=CARTESIAN_POINT('Origin',(0.207878059971172,0.165546449636068,0.0027));
#11826=CARTESIAN_POINT('',(0.2486991023036,0.16582926083,0.));
#11827=CARTESIAN_POINT('',(0.2486991023036,0.16582926083,0.));
#11828=CARTESIAN_POINT('Origin',(0.207878059971172,0.165546449636068,0.));
#11829=CARTESIAN_POINT('Ctrl Pts',(0.2486991023036,0.16582926083,0.0027));
#11830=CARTESIAN_POINT('Ctrl Pts',(0.2486991023036,0.16582926083,-0.00054));
#11831=CARTESIAN_POINT('Ctrl Pts',(0.2506084177643,0.1569263017496,0.0027));
#11832=CARTESIAN_POINT('Ctrl Pts',(0.2506084177643,0.1569263017496,-0.00054));
#11833=CARTESIAN_POINT('Ctrl Pts',(0.251624125664,0.0994185224303,0.0027));
#11834=CARTESIAN_POINT('Ctrl Pts',(0.251624125664,0.0994185224303,-0.00054));
#11835=CARTESIAN_POINT('Ctrl Pts',(0.251624125664,0.000203582430041019,
0.0027));
#11836=CARTESIAN_POINT('Ctrl Pts',(0.251624125664,0.000203582430041019,
-0.00054));
#11837=CARTESIAN_POINT('',(0.251624125664,0.000203582430041019,0.0027));
#11838=CARTESIAN_POINT('Origin',(0.233411935254533,-0.709207057345588,0.0027));
#11839=CARTESIAN_POINT('',(0.251624125664,0.000203582430041019,0.));
#11840=CARTESIAN_POINT('',(0.251624125664,0.000203582430041019,0.));
#11841=CARTESIAN_POINT('Origin',(0.233411935254533,-0.709207057345588,0.));
#11842=CARTESIAN_POINT('Origin',(0.251624125664,-0.0757907537698795,0.0027));
#11843=CARTESIAN_POINT('',(0.251624125664,-0.1517850899698,0.0027));
#11844=CARTESIAN_POINT('',(0.251624125664,0.000203582430041019,0.0027));
#11845=CARTESIAN_POINT('',(0.251624125664,-0.1517850899698,0.));
#11846=CARTESIAN_POINT('',(0.251624125664,-0.1517850899698,0.));
#11847=CARTESIAN_POINT('',(0.251624125664,0.000203582430041019,0.));
#11848=CARTESIAN_POINT('Origin',(0.18700652566385,-0.1517850899698,0.0027));
#11849=CARTESIAN_POINT('',(0.1223889256637,-0.1517850899698,0.0027));
#11850=CARTESIAN_POINT('',(0.251624125664,-0.1517850899698,0.0027));
#11851=CARTESIAN_POINT('',(0.1223889256637,-0.1517850899698,0.));
#11852=CARTESIAN_POINT('',(0.1223889256637,-0.1517850899698,0.));
#11853=CARTESIAN_POINT('',(0.251624125664,-0.1517850899698,0.));
#11854=CARTESIAN_POINT('Origin',(0.1223889256637,-0.01043408996995,0.0027));
#11855=CARTESIAN_POINT('',(0.1223889256637,0.1309169100299,0.0027));
#11856=CARTESIAN_POINT('',(0.1223889256637,-0.1517850899698,0.0027));
#11857=CARTESIAN_POINT('',(0.1223889256637,0.1309169100299,0.));
#11858=CARTESIAN_POINT('',(0.1223889256637,0.1309169100299,0.));
#11859=CARTESIAN_POINT('',(0.1223889256637,-0.1517850899698,0.));
#11860=CARTESIAN_POINT('Origin',(0.0712333256637996,0.1309169100299,0.0027));
#11861=CARTESIAN_POINT('',(0.020077725663899,0.1309169100299,0.0027));
#11862=CARTESIAN_POINT('',(0.1223889256637,0.1309169100299,0.0027));
#11863=CARTESIAN_POINT('',(0.020077725663899,0.1309169100299,0.));
#11864=CARTESIAN_POINT('',(0.020077725663899,0.1309169100299,0.));
#11865=CARTESIAN_POINT('',(0.1223889256637,0.1309169100299,0.));
#11866=CARTESIAN_POINT('Origin',(0.020077725663899,-0.01043408996995,0.0027));
#11867=CARTESIAN_POINT('',(0.020077725663899,-0.1517850899698,0.0027));
#11868=CARTESIAN_POINT('',(0.020077725663899,0.1309169100299,0.0027));
#11869=CARTESIAN_POINT('',(0.020077725663899,-0.1517850899698,0.));
#11870=CARTESIAN_POINT('',(0.020077725663899,-0.1517850899698,0.));
#11871=CARTESIAN_POINT('',(0.020077725663899,0.1309169100299,0.));
#11872=CARTESIAN_POINT('Origin',(-0.0418474743360985,-0.1517850899698,0.0027));
#11873=CARTESIAN_POINT('',(-0.103772674336096,-0.1517850899698,0.0027));
#11874=CARTESIAN_POINT('',(0.020077725663899,-0.1517850899698,0.0027));
#11875=CARTESIAN_POINT('',(-0.103772674336096,-0.1517850899698,0.));
#11876=CARTESIAN_POINT('',(-0.103772674336096,-0.1517850899698,0.));
#11877=CARTESIAN_POINT('',(0.020077725663899,-0.1517850899698,0.));
#11878=CARTESIAN_POINT('Origin',(-0.103772674336096,-0.01043408996995,0.0027));
#11879=CARTESIAN_POINT('',(-0.103772674336096,0.1309169100299,0.0027));
#11880=CARTESIAN_POINT('',(-0.103772674336096,-0.1517850899698,0.0027));
#11881=CARTESIAN_POINT('',(-0.103772674336096,0.1309169100299,0.));
#11882=CARTESIAN_POINT('',(-0.103772674336096,0.1309169100299,0.));
#11883=CARTESIAN_POINT('',(-0.103772674336096,-0.1517850899698,0.));
#11884=CARTESIAN_POINT('Origin',(-0.156274474336048,0.1309169100299,0.0027));
#11885=CARTESIAN_POINT('',(-0.208776274336,0.1309169100299,0.0027));
#11886=CARTESIAN_POINT('',(-0.103772674336096,0.1309169100299,0.0027));
#11887=CARTESIAN_POINT('',(-0.208776274336,0.1309169100299,0.));
#11888=CARTESIAN_POINT('',(-0.208776274336,0.1309169100299,0.));
#11889=CARTESIAN_POINT('',(-0.103772674336096,0.1309169100299,0.));
#11890=CARTESIAN_POINT('Origin',(-0.208776274336,-0.01043408996995,0.0027));
#11891=CARTESIAN_POINT('',(-0.208776274336,-0.1517850899698,0.0027));
#11892=CARTESIAN_POINT('',(-0.208776274336,0.1309169100299,0.0027));
#11893=CARTESIAN_POINT('',(-0.208776274336,-0.1517850899698,0.));
#11894=CARTESIAN_POINT('',(-0.208776274336,-0.1517850899698,0.));
#11895=CARTESIAN_POINT('',(-0.208776274336,0.1309169100299,0.));
#11896=CARTESIAN_POINT('Origin',(-0.2707014743362,-0.1517850899698,0.0027));
#11897=CARTESIAN_POINT('',(-0.3326266743364,-0.1517850899698,0.0027));
#11898=CARTESIAN_POINT('',(-0.208776274336,-0.1517850899698,0.0027));
#11899=CARTESIAN_POINT('',(-0.3326266743364,-0.1517850899698,0.));
#11900=CARTESIAN_POINT('',(-0.3326266743364,-0.1517850899698,0.));
#11901=CARTESIAN_POINT('',(-0.208776274336,-0.1517850899698,0.));
#11902=CARTESIAN_POINT('Origin',(-0.33262815515635,-0.075117990319879,0.0027));
#11903=CARTESIAN_POINT('',(-0.3326266743364,-0.1517850899698,0.0027));
#11904=CARTESIAN_POINT('',(-0.3326266743364,-0.1517850899698,0.));
#11905=CARTESIAN_POINT('Origin',(-0.0405027551561499,-0.1517850899698,0.));
#11906=CARTESIAN_POINT('Origin',(-0.0405027551561499,-0.1517850899698,0.0027));
#11907=CARTESIAN_POINT('Origin',(-1.305932235976,-0.081112955469961,0.0027));
#11908=CARTESIAN_POINT('',(-1.305932235976,-0.10467145546996,0.));
#11909=CARTESIAN_POINT('',(-1.305932235976,-0.10467145546996,0.0027));
#11910=CARTESIAN_POINT('',(-1.305932235976,-0.10467145546996,0.));
#11911=CARTESIAN_POINT('',(-1.305932235976,-0.057554455469962,0.0027));
#11912=CARTESIAN_POINT('',(-1.305932235976,-0.10467145546996,0.0027));
#11913=CARTESIAN_POINT('',(-1.305932235976,-0.057554455469962,0.));
#11914=CARTESIAN_POINT('',(-1.305932235976,-0.057554455469962,0.));
#11915=CARTESIAN_POINT('',(-1.305932235976,-0.10467145546996,0.));
#11916=CARTESIAN_POINT('Origin',(-1.15179233597605,-0.057552395783962,0.0027));
#11917=CARTESIAN_POINT('',(-0.9976524359761,-0.057550336097962,0.0027));
#11918=CARTESIAN_POINT('',(-1.305932235976,-0.057554455469962,0.0027));
#11919=CARTESIAN_POINT('',(-0.9976524359761,-0.057550336097962,0.));
#11920=CARTESIAN_POINT('',(-0.9976524359761,-0.057550336097962,0.));
#11921=CARTESIAN_POINT('',(-1.305932235976,-0.057554455469962,0.));
#11922=CARTESIAN_POINT('Origin',(-0.9976524359761,-0.033318736097962,0.0027));
#11923=CARTESIAN_POINT('',(-0.9976524359761,-0.00908713609796198,0.0027));
#11924=CARTESIAN_POINT('',(-0.9976524359761,-0.057550336097962,0.0027));
#11925=CARTESIAN_POINT('',(-0.9976524359761,-0.00908713609796198,0.));
#11926=CARTESIAN_POINT('',(-0.9976524359761,-0.00908713609796198,0.));
#11927=CARTESIAN_POINT('',(-0.9976524359761,-0.057550336097962,0.));
#11928=CARTESIAN_POINT('Origin',(-1.1248683359761,-0.00906021209795799,
0.0027));
#11929=CARTESIAN_POINT('',(-1.2520842359761,-0.00903328809795398,0.0027));
#11930=CARTESIAN_POINT('',(-0.9976524359761,-0.00908713609796198,0.0027));
#11931=CARTESIAN_POINT('',(-1.2520842359761,-0.00903328809795398,0.));
#11932=CARTESIAN_POINT('',(-1.2520842359761,-0.00903328809795398,0.));
#11933=CARTESIAN_POINT('',(-0.9976524359761,-0.00908713609796198,0.));
#11934=CARTESIAN_POINT('Origin',(-1.2588152359762,-0.00584575573795599,
0.0027));
#11935=CARTESIAN_POINT('',(-1.2655462359763,-0.00265822337795798,0.0027));
#11936=CARTESIAN_POINT('',(-1.2520842359761,-0.00903328809795398,0.0027));
#11937=CARTESIAN_POINT('',(-1.2655462359763,-0.00265822337795798,0.));
#11938=CARTESIAN_POINT('',(-1.2655462359763,-0.00265822337795798,0.));
#11939=CARTESIAN_POINT('',(-1.2520842359761,-0.00903328809795398,0.));
#11940=CARTESIAN_POINT('Ctrl Pts',(-1.2655462359763,-0.00265822337795798,
0.0027));
#11941=CARTESIAN_POINT('Ctrl Pts',(-1.2655462359763,-0.00265822337795798,
-0.00054));
#11942=CARTESIAN_POINT('Ctrl Pts',(-1.2729503359765,0.000846742942040017,
0.0027));
#11943=CARTESIAN_POINT('Ctrl Pts',(-1.2729503359765,0.000846742942040017,
-0.00054));
#11944=CARTESIAN_POINT('Ctrl Pts',(-1.2828844842562,0.00780148138204401,
0.0027));
#11945=CARTESIAN_POINT('Ctrl Pts',(-1.2828844842562,0.00780148138204401,
-0.00054));
#11946=CARTESIAN_POINT('Ctrl Pts',(-1.2876220312957,0.012795614142044,0.0027));
#11947=CARTESIAN_POINT('Ctrl Pts',(-1.2876220312957,0.012795614142044,-0.00054));
#11948=CARTESIAN_POINT('',(-1.2876220312957,0.012795614142044,0.0027));
#11949=CARTESIAN_POINT('Ctrl Pts',(-1.2655462359763,-0.00265822337795798,
0.0027));
#11950=CARTESIAN_POINT('Ctrl Pts',(-1.2729503359765,0.000846742942040017,
0.0027));
#11951=CARTESIAN_POINT('Ctrl Pts',(-1.2828844842562,0.00780148138204402,
0.0027));
#11952=CARTESIAN_POINT('Ctrl Pts',(-1.2876220312957,0.012795614142044,0.0027));
#11953=CARTESIAN_POINT('',(-1.2876220312957,0.012795614142044,0.));
#11954=CARTESIAN_POINT('',(-1.2876220312957,0.012795614142044,0.));
#11955=CARTESIAN_POINT('Ctrl Pts',(-1.2655462359763,-0.00265822337795798,
0.));
#11956=CARTESIAN_POINT('Ctrl Pts',(-1.2729503359765,0.000846742942040017,
0.));
#11957=CARTESIAN_POINT('Ctrl Pts',(-1.2828844842562,0.00780148138204402,
0.));
#11958=CARTESIAN_POINT('Ctrl Pts',(-1.2876220312957,0.012795614142044,0.));
#11959=CARTESIAN_POINT('Ctrl Pts',(-1.2876220312957,0.012795614142044,0.0027));
#11960=CARTESIAN_POINT('Ctrl Pts',(-1.2876220312957,0.012795614142044,-0.00054));
#11961=CARTESIAN_POINT('Ctrl Pts',(-1.3033399932559,0.029364105262046,0.0027));
#11962=CARTESIAN_POINT('Ctrl Pts',(-1.3033399932559,0.029364105262046,-0.00054));
#11963=CARTESIAN_POINT('Ctrl Pts',(-1.3044387616957,0.035208228702038,0.0027));
#11964=CARTESIAN_POINT('Ctrl Pts',(-1.3044387616957,0.035208228702038,-0.00054));
#11965=CARTESIAN_POINT('Ctrl Pts',(-1.3046872702159,0.1035537257417,0.0027));
#11966=CARTESIAN_POINT('Ctrl Pts',(-1.3046872702159,0.1035537257417,-0.00054));
#11967=CARTESIAN_POINT('',(-1.3046872702159,0.1035537257417,0.0027));
#11968=CARTESIAN_POINT('Ctrl Pts',(-1.2876220312957,0.012795614142044,0.0027));
#11969=CARTESIAN_POINT('Ctrl Pts',(-1.3033399932559,0.029364105262046,0.0027));
#11970=CARTESIAN_POINT('Ctrl Pts',(-1.3044387616957,0.035208228702038,0.0027));
#11971=CARTESIAN_POINT('Ctrl Pts',(-1.3046872702159,0.1035537257417,0.0027));
#11972=CARTESIAN_POINT('',(-1.3046872702159,0.1035537257417,0.));
#11973=CARTESIAN_POINT('',(-1.3046872702159,0.1035537257417,0.));
#11974=CARTESIAN_POINT('Ctrl Pts',(-1.2876220312957,0.012795614142044,0.));
#11975=CARTESIAN_POINT('Ctrl Pts',(-1.3033399932559,0.029364105262046,0.));
#11976=CARTESIAN_POINT('Ctrl Pts',(-1.3044387616957,0.035208228702038,0.));
#11977=CARTESIAN_POINT('Ctrl Pts',(-1.3046872702159,0.1035537257417,0.));
#11978=CARTESIAN_POINT('Ctrl Pts',(-1.3046872702159,0.1035537257417,0.0027));
#11979=CARTESIAN_POINT('Ctrl Pts',(-1.3046872702159,0.1035537257417,-0.00054));
#11980=CARTESIAN_POINT('Ctrl Pts',(-1.3048987151575,0.1617149505416,0.0027));
#11981=CARTESIAN_POINT('Ctrl Pts',(-1.3048987151575,0.1617149505416,-0.00054));
#11982=CARTESIAN_POINT('Ctrl Pts',(-1.304549373565,0.1663512633419,0.0027));
#11983=CARTESIAN_POINT('Ctrl Pts',(-1.304549373565,0.1663512633419,-0.00054));
#11984=CARTESIAN_POINT('Ctrl Pts',(-1.298982613096,0.1792936301423,0.0027));
#11985=CARTESIAN_POINT('Ctrl Pts',(-1.298982613096,0.1792936301423,-0.00054));
#11986=CARTESIAN_POINT('',(-1.298982613096,0.1792936301423,0.0027));
#11987=CARTESIAN_POINT('Ctrl Pts',(-1.3046872702159,0.1035537257417,0.0027));
#11988=CARTESIAN_POINT('Ctrl Pts',(-1.3048987151575,0.1617149505416,0.0027));
#11989=CARTESIAN_POINT('Ctrl Pts',(-1.304549373565,0.1663512633419,0.0027));
#11990=CARTESIAN_POINT('Ctrl Pts',(-1.298982613096,0.1792936301423,0.0027));
#11991=CARTESIAN_POINT('',(-1.298982613096,0.1792936301423,0.));
#11992=CARTESIAN_POINT('',(-1.298982613096,0.1792936301423,0.));
#11993=CARTESIAN_POINT('Ctrl Pts',(-1.3046872702159,0.1035537257417,0.));
#11994=CARTESIAN_POINT('Ctrl Pts',(-1.3048987151575,0.1617149505416,0.));
#11995=CARTESIAN_POINT('Ctrl Pts',(-1.304549373565,0.1663512633419,0.));
#11996=CARTESIAN_POINT('Ctrl Pts',(-1.298982613096,0.1792936301423,0.));
#11997=CARTESIAN_POINT('Ctrl Pts',(-1.298982613096,0.1792936301423,0.0027));
#11998=CARTESIAN_POINT('Ctrl Pts',(-1.298982613096,0.1792936301423,-0.00054));
#11999=CARTESIAN_POINT('Ctrl Pts',(-1.2955463029765,0.1872817117016,0.0027));
#12000=CARTESIAN_POINT('Ctrl Pts',(-1.2955463029765,0.1872817117016,-0.00054));
#12001=CARTESIAN_POINT('Ctrl Pts',(-1.2884510212561,0.1970171608622,0.0027));
#12002=CARTESIAN_POINT('Ctrl Pts',(-1.2884510212561,0.1970171608622,-0.00054));
#12003=CARTESIAN_POINT('Ctrl Pts',(-1.2821093422957,0.2024453085017,0.0027));
#12004=CARTESIAN_POINT('Ctrl Pts',(-1.2821093422957,0.2024453085017,-0.00054));
#12005=CARTESIAN_POINT('',(-1.2821093422957,0.2024453085017,0.0027));
#12006=CARTESIAN_POINT('Ctrl Pts',(-1.298982613096,0.1792936301423,0.0027));
#12007=CARTESIAN_POINT('Ctrl Pts',(-1.2955463029765,0.1872817117016,0.0027));
#12008=CARTESIAN_POINT('Ctrl Pts',(-1.2884510212561,0.1970171608622,0.0027));
#12009=CARTESIAN_POINT('Ctrl Pts',(-1.2821093422957,0.2024453085017,0.0027));
#12010=CARTESIAN_POINT('',(-1.2821093422957,0.2024453085017,0.));
#12011=CARTESIAN_POINT('',(-1.2821093422957,0.2024453085017,0.));
#12012=CARTESIAN_POINT('Ctrl Pts',(-1.298982613096,0.1792936301423,0.));
#12013=CARTESIAN_POINT('Ctrl Pts',(-1.2955463029765,0.1872817117016,0.));
#12014=CARTESIAN_POINT('Ctrl Pts',(-1.2884510212561,0.1970171608622,0.));
#12015=CARTESIAN_POINT('Ctrl Pts',(-1.2821093422957,0.2024453085017,0.));
#12016=CARTESIAN_POINT('Ctrl Pts',(-1.2821093422957,0.2024453085017,0.0027));
#12017=CARTESIAN_POINT('Ctrl Pts',(-1.2821093422957,0.2024453085017,-0.00054));
#12018=CARTESIAN_POINT('Ctrl Pts',(-1.2615797922958,0.2200177955822,0.0027));
#12019=CARTESIAN_POINT('Ctrl Pts',(-1.2615797922958,0.2200177955822,-0.00054));
#12020=CARTESIAN_POINT('Ctrl Pts',(-1.2648521352565,0.2197682101022,0.0027));
#12021=CARTESIAN_POINT('Ctrl Pts',(-1.2648521352565,0.2197682101022,-0.00054));
#12022=CARTESIAN_POINT('Ctrl Pts',(-1.0550511730963,0.2197682101022,0.0027));
#12023=CARTESIAN_POINT('Ctrl Pts',(-1.0550511730963,0.2197682101022,-0.00054));
#12024=CARTESIAN_POINT('',(-1.0550511730963,0.2197682101022,0.0027));
#12025=CARTESIAN_POINT('Ctrl Pts',(-1.2821093422957,0.2024453085017,0.0027));
#12026=CARTESIAN_POINT('Ctrl Pts',(-1.2615797922958,0.2200177955822,0.0027));
#12027=CARTESIAN_POINT('Ctrl Pts',(-1.2648521352565,0.2197682101022,0.0027));
#12028=CARTESIAN_POINT('Ctrl Pts',(-1.0550511730963,0.2197682101022,0.0027));
#12029=CARTESIAN_POINT('',(-1.0550511730963,0.2197682101022,0.));
#12030=CARTESIAN_POINT('',(-1.0550511730963,0.2197682101022,0.));
#12031=CARTESIAN_POINT('Ctrl Pts',(-1.2821093422957,0.2024453085017,0.));
#12032=CARTESIAN_POINT('Ctrl Pts',(-1.2615797922958,0.2200177955822,0.));
#12033=CARTESIAN_POINT('Ctrl Pts',(-1.2648521352565,0.2197682101022,0.));
#12034=CARTESIAN_POINT('Ctrl Pts',(-1.0550511730963,0.2197682101022,0.));
#12035=CARTESIAN_POINT('Origin',(-0.9603890814961,0.2197682101022,0.0027));
#12036=CARTESIAN_POINT('',(-0.8657269898959,0.2197682101022,0.0027));
#12037=CARTESIAN_POINT('',(-1.0550511730963,0.2197682101022,0.0027));
#12038=CARTESIAN_POINT('',(-0.8657269898959,0.2197682101022,0.));
#12039=CARTESIAN_POINT('',(-0.8657269898959,0.2197682101022,0.));
#12040=CARTESIAN_POINT('',(-1.0550511730963,0.2197682101022,0.));
#12041=CARTESIAN_POINT('Origin',(-0.8657269898959,0.1753436101019,0.0027));
#12042=CARTESIAN_POINT('',(-0.8657269898959,0.1309190101016,0.0027));
#12043=CARTESIAN_POINT('',(-0.8657269898959,0.2197682101022,0.0027));
#12044=CARTESIAN_POINT('',(-0.8657269898959,0.1309190101016,0.));
#12045=CARTESIAN_POINT('',(-0.8657269898959,0.1309190101016,0.));
#12046=CARTESIAN_POINT('',(-0.8657269898959,0.2197682101022,0.));
#12047=CARTESIAN_POINT('Origin',(-1.0165013898958,0.1309190101016,0.0027));
#12048=CARTESIAN_POINT('',(-1.1672757898957,0.1309190101016,0.0027));
#12049=CARTESIAN_POINT('',(-0.8657269898959,0.1309190101016,0.0027));
#12050=CARTESIAN_POINT('',(-1.1672757898957,0.1309190101016,0.));
#12051=CARTESIAN_POINT('',(-1.1672757898957,0.1309190101016,0.));
#12052=CARTESIAN_POINT('',(-0.8657269898959,0.1309190101016,0.));
#12053=CARTESIAN_POINT('Origin',(-1.1672757898957,0.10678972130195,0.0027));
#12054=CARTESIAN_POINT('',(-1.1672757898957,0.0826604325023,0.0027));
#12055=CARTESIAN_POINT('',(-1.1672757898957,0.1309190101016,0.0027));
#12056=CARTESIAN_POINT('',(-1.1672757898957,0.0826604325023,0.));
#12057=CARTESIAN_POINT('',(-1.1672757898957,0.0826604325023,0.));
#12058=CARTESIAN_POINT('',(-1.1672757898957,0.1309190101016,0.));
#12059=CARTESIAN_POINT('Origin',(-1.1050140398959,0.08227299614225,0.0027));
#12060=CARTESIAN_POINT('',(-1.0427522898961,0.0818855597822,0.0027));
#12061=CARTESIAN_POINT('',(-1.1672757898957,0.0826604325023,0.0027));
#12062=CARTESIAN_POINT('',(-1.0427522898961,0.0818855597822,0.));
#12063=CARTESIAN_POINT('',(-1.0427522898961,0.0818855597822,0.));
#12064=CARTESIAN_POINT('',(-1.1672757898957,0.0826604325023,0.));
#12065=CARTESIAN_POINT('Ctrl Pts',(-1.0427522898961,0.0818855597822,0.0027));
#12066=CARTESIAN_POINT('Ctrl Pts',(-1.0427522898961,0.0818855597822,-0.00054));
#12067=CARTESIAN_POINT('Ctrl Pts',(-0.9225231678964,0.0811374225944,0.0027));
#12068=CARTESIAN_POINT('Ctrl Pts',(-0.9225231678964,0.0811374225944,-0.00054));
#12069=CARTESIAN_POINT('Ctrl Pts',(-0.9178033906963,0.0809143572542,0.0027));
#12070=CARTESIAN_POINT('Ctrl Pts',(-0.9178033906963,0.0809143572542,-0.00054));
#12071=CARTESIAN_POINT('Ctrl Pts',(-0.9059245218964,0.0754186842221,0.0027));
#12072=CARTESIAN_POINT('Ctrl Pts',(-0.9059245218964,0.0754186842221,-0.00054));
#12073=CARTESIAN_POINT('',(-0.9059245218964,0.0754186842221,0.0027));
#12074=CARTESIAN_POINT('Ctrl Pts',(-1.0427522898961,0.0818855597822,0.0027));
#12075=CARTESIAN_POINT('Ctrl Pts',(-0.9225231678964,0.0811374225944,0.0027));
#12076=CARTESIAN_POINT('Ctrl Pts',(-0.9178033906963,0.0809143572542,0.0027));
#12077=CARTESIAN_POINT('Ctrl Pts',(-0.9059245218964,0.0754186842221,0.0027));
#12078=CARTESIAN_POINT('',(-0.9059245218964,0.0754186842221,0.));
#12079=CARTESIAN_POINT('',(-0.9059245218964,0.0754186842221,0.));
#12080=CARTESIAN_POINT('Ctrl Pts',(-1.0427522898961,0.0818855597822,0.));
#12081=CARTESIAN_POINT('Ctrl Pts',(-0.9225231678964,0.0811374225944,0.));
#12082=CARTESIAN_POINT('Ctrl Pts',(-0.9178033906963,0.0809143572542,0.));
#12083=CARTESIAN_POINT('Ctrl Pts',(-0.9059245218964,0.0754186842221,0.));
#12084=CARTESIAN_POINT('Ctrl Pts',(-0.9059245218964,0.0754186842221,0.0027));
#12085=CARTESIAN_POINT('Ctrl Pts',(-0.9059245218964,0.0754186842221,-0.00054));
#12086=CARTESIAN_POINT('Ctrl Pts',(-0.8902760238559,0.0681793591019,0.0027));
#12087=CARTESIAN_POINT('Ctrl Pts',(-0.8902760238559,0.0681793591019,-0.00054));
#12088=CARTESIAN_POINT('Ctrl Pts',(-0.8752392390961,0.052742483702042,0.0027));
#12089=CARTESIAN_POINT('Ctrl Pts',(-0.8752392390961,0.052742483702042,-0.00054));
#12090=CARTESIAN_POINT('Ctrl Pts',(-0.869695587496,0.038223178222046,0.0027));
#12091=CARTESIAN_POINT('Ctrl Pts',(-0.869695587496,0.038223178222046,-0.00054));
#12092=CARTESIAN_POINT('',(-0.869695587496,0.038223178222046,0.0027));
#12093=CARTESIAN_POINT('Origin',(-0.901030656658816,0.0472996656730686,
0.0027));
#12094=CARTESIAN_POINT('',(-0.869695587496,0.038223178222046,0.));
#12095=CARTESIAN_POINT('',(-0.869695587496,0.038223178222046,0.));
#12096=CARTESIAN_POINT('Origin',(-0.901030656658816,0.0472996656730686,
0.));
#12097=CARTESIAN_POINT('Ctrl Pts',(-0.869695587496,0.038223178222046,0.0027));
#12098=CARTESIAN_POINT('Ctrl Pts',(-0.869695587496,0.038223178222046,-0.00054));
#12099=CARTESIAN_POINT('Ctrl Pts',(-0.8660570781358,0.028695582342041,0.0027));
#12100=CARTESIAN_POINT('Ctrl Pts',(-0.8660570781358,0.028695582342041,-0.00054));
#12101=CARTESIAN_POINT('Ctrl Pts',(-0.8655072900562,0.016453239542042,0.0027));
#12102=CARTESIAN_POINT('Ctrl Pts',(-0.8655072900562,0.016453239542042,-0.00054));
#12103=CARTESIAN_POINT('Ctrl Pts',(-0.8662229299765,-0.039099857377954,
0.0027));
#12104=CARTESIAN_POINT('Ctrl Pts',(-0.8662229299765,-0.039099857377954,
-0.00054));
#12105=CARTESIAN_POINT('',(-0.8662229299765,-0.039099857377954,0.0027));
#12106=CARTESIAN_POINT('Ctrl Pts',(-0.869695587496,0.038223178222046,0.0027));
#12107=CARTESIAN_POINT('Ctrl Pts',(-0.8660570781358,0.028695582342041,0.0027));
#12108=CARTESIAN_POINT('Ctrl Pts',(-0.8655072900562,0.016453239542042,0.0027));
#12109=CARTESIAN_POINT('Ctrl Pts',(-0.8662229299765,-0.039099857377954,
0.0027));
#12110=CARTESIAN_POINT('',(-0.8662229299765,-0.039099857377954,0.));
#12111=CARTESIAN_POINT('',(-0.8662229299765,-0.039099857377954,0.));
#12112=CARTESIAN_POINT('Ctrl Pts',(-0.869695587496,0.038223178222046,0.));
#12113=CARTESIAN_POINT('Ctrl Pts',(-0.8660570781358,0.028695582342041,0.));
#12114=CARTESIAN_POINT('Ctrl Pts',(-0.8655072900562,0.016453239542042,0.));
#12115=CARTESIAN_POINT('Ctrl Pts',(-0.8662229299765,-0.039099857377954,
0.));
#12116=CARTESIAN_POINT('Origin',(-0.86664820801825,-0.0721019503779565,
0.0027));
#12117=CARTESIAN_POINT('',(-0.86707348606,-0.105104043377959,0.0027));
#12118=CARTESIAN_POINT('',(-0.8662229299765,-0.039099857377954,0.0027));
#12119=CARTESIAN_POINT('',(-0.86707348606,-0.105104043377959,0.));
#12120=CARTESIAN_POINT('',(-0.86707348606,-0.105104043377959,0.));
#12121=CARTESIAN_POINT('',(-0.8662229299765,-0.039099857377954,0.));
#12122=CARTESIAN_POINT('Origin',(-0.8711421063202,-0.111680230377779,0.0027));
#12123=CARTESIAN_POINT('',(-0.8752107265804,-0.1182564173776,0.0027));
#12124=CARTESIAN_POINT('',(-0.86707348606,-0.105104043377959,0.0027));
#12125=CARTESIAN_POINT('',(-0.8752107265804,-0.1182564173776,0.));
#12126=CARTESIAN_POINT('',(-0.8752107265804,-0.1182564173776,0.));
#12127=CARTESIAN_POINT('',(-0.86707348606,-0.105104043377959,0.));
#12128=CARTESIAN_POINT('Ctrl Pts',(-0.8752107265804,-0.1182564173776,0.0027));
#12129=CARTESIAN_POINT('Ctrl Pts',(-0.8752107265804,-0.1182564173776,-0.00054));
#12130=CARTESIAN_POINT('Ctrl Pts',(-0.8845460850997,-0.133345703938,0.0027));
#12131=CARTESIAN_POINT('Ctrl Pts',(-0.8845460850997,-0.133345703938,-0.00054));
#12132=CARTESIAN_POINT('Ctrl Pts',(-0.8997594913,-0.1447622876578,0.0027));
#12133=CARTESIAN_POINT('Ctrl Pts',(-0.8997594913,-0.1447622876578,-0.00054));
#12134=CARTESIAN_POINT('Ctrl Pts',(-0.9160571269801,-0.1489093913776,0.0027));
#12135=CARTESIAN_POINT('Ctrl Pts',(-0.9160571269801,-0.1489093913776,-0.00054));
#12136=CARTESIAN_POINT('',(-0.9160571269801,-0.1489093913776,0.0027));
#12137=CARTESIAN_POINT('Origin',(-0.916335190804426,-0.101050810253931,
0.0027));
#12138=CARTESIAN_POINT('',(-0.9160571269801,-0.1489093913776,0.));
#12139=CARTESIAN_POINT('',(-0.9160571269801,-0.1489093913776,0.));
#12140=CARTESIAN_POINT('Origin',(-0.916335190804426,-0.101050810253931,
0.));
#12141=CARTESIAN_POINT('Ctrl Pts',(-0.9160571269801,-0.1489093913776,0.0027));
#12142=CARTESIAN_POINT('Ctrl Pts',(-0.9160571269801,-0.1489093913776,-0.00054));
#12143=CARTESIAN_POINT('Ctrl Pts',(-0.9235255753405,-0.1508094988303,0.0027));
#12144=CARTESIAN_POINT('Ctrl Pts',(-0.9235255753405,-0.1508094988303,-0.00054));
#12145=CARTESIAN_POINT('Ctrl Pts',(-0.9914066333803,-0.1517819129383,0.0027));
#12146=CARTESIAN_POINT('Ctrl Pts',(-0.9914066333803,-0.1517819129383,-0.00054));
#12147=CARTESIAN_POINT('Ctrl Pts',(-1.1166409269802,-0.1517829898981,0.0027));
#12148=CARTESIAN_POINT('Ctrl Pts',(-1.1166409269802,-0.1517829898981,-0.00054));
#12149=CARTESIAN_POINT('',(-1.1166409269802,-0.1517829898981,0.0027));
#12150=CARTESIAN_POINT('Ctrl Pts',(-0.9160571269801,-0.1489093913776,0.0027));
#12151=CARTESIAN_POINT('Ctrl Pts',(-0.9235255753405,-0.1508094988303,0.0027));
#12152=CARTESIAN_POINT('Ctrl Pts',(-0.9914066333803,-0.1517819129383,0.0027));
#12153=CARTESIAN_POINT('Ctrl Pts',(-1.1166409269802,-0.1517829898981,0.0027));
#12154=CARTESIAN_POINT('',(-1.1166409269802,-0.1517829898981,0.));
#12155=CARTESIAN_POINT('',(-1.1166409269802,-0.1517829898981,0.));
#12156=CARTESIAN_POINT('Ctrl Pts',(-0.9160571269801,-0.1489093913776,0.));
#12157=CARTESIAN_POINT('Ctrl Pts',(-0.9235255753405,-0.1508094988303,0.));
#12158=CARTESIAN_POINT('Ctrl Pts',(-0.9914066333803,-0.1517819129383,0.));
#12159=CARTESIAN_POINT('Ctrl Pts',(-1.1166409269802,-0.1517829898981,0.));
#12160=CARTESIAN_POINT('Origin',(-1.21128821038,-0.15178373030785,0.0027));
#12161=CARTESIAN_POINT('',(-1.3059354937798,-0.1517844707176,0.0027));
#12162=CARTESIAN_POINT('',(-1.1166409269802,-0.1517829898981,0.0027));
#12163=CARTESIAN_POINT('',(-1.3059354937798,-0.1517844707176,0.));
#12164=CARTESIAN_POINT('',(-1.3059354937798,-0.1517844707176,0.));
#12165=CARTESIAN_POINT('',(-1.1166409269802,-0.1517829898981,0.));
#12166=CARTESIAN_POINT('Origin',(-1.3059338648779,-0.12822796309378,0.0027));
#12167=CARTESIAN_POINT('',(-1.3059354937798,-0.1517844707176,0.0027));
#12168=CARTESIAN_POINT('',(-1.3059354937798,-0.1517844707176,0.));
#12169=CARTESIAN_POINT('Origin',(-1.085721391918,-0.1517844707176,0.));
#12170=CARTESIAN_POINT('Origin',(-1.085721391918,-0.1517844707176,0.0027));
#12171=CARTESIAN_POINT('Ctrl Pts',(1.003678486424,-0.1489748974699,0.0027));
#12172=CARTESIAN_POINT('Ctrl Pts',(1.003678486424,-0.1489748974699,-0.00054));
#12173=CARTESIAN_POINT('Ctrl Pts',(0.9887429359043,-0.1460216039098,0.0027));
#12174=CARTESIAN_POINT('Ctrl Pts',(0.9887429359043,-0.1460216039098,-0.00054));
#12175=CARTESIAN_POINT('Ctrl Pts',(0.9789934862636,-0.1406669587897,0.0027));
#12176=CARTESIAN_POINT('Ctrl Pts',(0.9789934862636,-0.1406669587897,-0.00054));
#12177=CARTESIAN_POINT('Ctrl Pts',(0.9687742128242,-0.1298042017501,0.0027));
#12178=CARTESIAN_POINT('Ctrl Pts',(0.9687742128242,-0.1298042017501,-0.00054));
#12179=CARTESIAN_POINT('',(1.00367421724923,-0.148975920809553,0.));
#12180=CARTESIAN_POINT('',(1.00367421561008,-0.148975920485817,0.0027));
#12181=CARTESIAN_POINT('',(1.0036720785122,-0.1489764321382,0.));
#12182=CARTESIAN_POINT('',(0.9687742128242,-0.1298042017501,0.0027));
#12183=CARTESIAN_POINT('Ctrl Pts',(1.0036755491363,-0.14897431661868,0.0027));
#12184=CARTESIAN_POINT('Ctrl Pts',(0.988741657628211,-0.146020901825575,
0.0027));
#12185=CARTESIAN_POINT('Ctrl Pts',(0.978992816326694,-0.140666246668444,
0.0027));
#12186=CARTESIAN_POINT('Ctrl Pts',(0.9687742128242,-0.1298042017501,0.0027));
#12187=CARTESIAN_POINT('',(0.9687742128242,-0.1298042017501,0.));
#12188=CARTESIAN_POINT('',(0.9687742128242,-0.1298042017501,0.));
#12189=CARTESIAN_POINT('Ctrl Pts',(1.00367555159254,-0.148974317104441,
0.));
#12190=CARTESIAN_POINT('Ctrl Pts',(0.988741658697169,-0.146020902412711,
0.));
#12191=CARTESIAN_POINT('Ctrl Pts',(0.978992816886928,-0.140666247263954,
0.));
#12192=CARTESIAN_POINT('Ctrl Pts',(0.9687742128242,-0.1298042017501,0.));
#12193=CARTESIAN_POINT('Ctrl Pts',(0.9687742128242,-0.1298042017501,0.0027));
#12194=CARTESIAN_POINT('Ctrl Pts',(0.9687742128242,-0.1298042017501,-0.00054));
#12195=CARTESIAN_POINT('Ctrl Pts',(0.9494791282241,-0.109295921709958,0.0027));
#12196=CARTESIAN_POINT('Ctrl Pts',(0.9494791282241,-0.109295921709958,-0.00054));
#12197=CARTESIAN_POINT('Ctrl Pts',(0.9502989640235,-0.1162676222698,0.0027));
#12198=CARTESIAN_POINT('Ctrl Pts',(0.9502989640235,-0.1162676222698,-0.00054));
#12199=CARTESIAN_POINT('Ctrl Pts',(0.9502989640235,0.027256952250041,0.0027));
#12200=CARTESIAN_POINT('Ctrl Pts',(0.9502989640235,0.027256952250041,-0.00054));
#12201=CARTESIAN_POINT('',(0.9502989640235,0.027256952250041,0.0027));
#12202=CARTESIAN_POINT('Ctrl Pts',(0.9687742128242,-0.1298042017501,0.0027));
#12203=CARTESIAN_POINT('Ctrl Pts',(0.9494791282241,-0.109295921709958,0.0027));
#12204=CARTESIAN_POINT('Ctrl Pts',(0.9502989640235,-0.1162676222698,0.0027));
#12205=CARTESIAN_POINT('Ctrl Pts',(0.9502989640235,0.027256952250041,0.0027));
#12206=CARTESIAN_POINT('',(0.9502989640235,0.027256952250041,0.));
#12207=CARTESIAN_POINT('',(0.9502989640235,0.027256952250041,0.));
#12208=CARTESIAN_POINT('Ctrl Pts',(0.9687742128242,-0.1298042017501,0.));
#12209=CARTESIAN_POINT('Ctrl Pts',(0.9494791282241,-0.109295921709958,0.));
#12210=CARTESIAN_POINT('Ctrl Pts',(0.9502989640235,-0.1162676222698,0.));
#12211=CARTESIAN_POINT('Ctrl Pts',(0.9502989640235,0.027256952250041,0.));
#12212=CARTESIAN_POINT('Ctrl Pts',(0.9502989640235,0.027256952250041,0.0027));
#12213=CARTESIAN_POINT('Ctrl Pts',(0.9502989640235,0.027256952250041,-0.00054));
#12214=CARTESIAN_POINT('Ctrl Pts',(0.9502989640235,0.1458760190504,0.0027));
#12215=CARTESIAN_POINT('Ctrl Pts',(0.9502989640235,0.1458760190504,-0.00054));
#12216=CARTESIAN_POINT('Ctrl Pts',(0.9507093396317,0.1577414258501,0.0027));
#12217=CARTESIAN_POINT('Ctrl Pts',(0.9507093396317,0.1577414258501,-0.00054));
#12218=CARTESIAN_POINT('Ctrl Pts',(0.9552947122241,0.17170421225,0.0027));
#12219=CARTESIAN_POINT('Ctrl Pts',(0.9552947122241,0.17170421225,-0.00054));
#12220=CARTESIAN_POINT('',(0.9552947122241,0.17170421225,0.0027));
#12221=CARTESIAN_POINT('Ctrl Pts',(0.9502989640235,0.027256952250041,0.0027));
#12222=CARTESIAN_POINT('Ctrl Pts',(0.9502989640235,0.1458760190504,0.0027));
#12223=CARTESIAN_POINT('Ctrl Pts',(0.9507093396317,0.1577414258501,0.0027));
#12224=CARTESIAN_POINT('Ctrl Pts',(0.9552947122241,0.17170421225,0.0027));
#12225=CARTESIAN_POINT('',(0.9552947122241,0.17170421225,0.));
#12226=CARTESIAN_POINT('',(0.9552947122241,0.17170421225,0.));
#12227=CARTESIAN_POINT('Ctrl Pts',(0.9502989640235,0.027256952250041,0.));
#12228=CARTESIAN_POINT('Ctrl Pts',(0.9502989640235,0.1458760190504,0.));
#12229=CARTESIAN_POINT('Ctrl Pts',(0.9507093396317,0.1577414258501,0.));
#12230=CARTESIAN_POINT('Ctrl Pts',(0.9552947122241,0.17170421225,0.));
#12231=CARTESIAN_POINT('Ctrl Pts',(0.9552947122241,0.17170421225,0.0027));
#12232=CARTESIAN_POINT('Ctrl Pts',(0.9552947122241,0.17170421225,-0.00054));
#12233=CARTESIAN_POINT('Ctrl Pts',(0.9613744206641,0.19021715465,0.0027));
#12234=CARTESIAN_POINT('Ctrl Pts',(0.9613744206641,0.19021715465,-0.00054));
#12235=CARTESIAN_POINT('Ctrl Pts',(0.9726639231041,0.2044599506501,0.0027));
#12236=CARTESIAN_POINT('Ctrl Pts',(0.9726639231041,0.2044599506501,-0.00054));
#12237=CARTESIAN_POINT('Ctrl Pts',(0.9875792806235,0.21243753185,0.0027));
#12238=CARTESIAN_POINT('Ctrl Pts',(0.9875792806235,0.21243753185,-0.00054));
#12239=CARTESIAN_POINT('',(0.9875792806235,0.21243753185,0.0027));
#12240=CARTESIAN_POINT('Origin',(1.03707284230927,0.113829127627322,0.0027));
#12241=CARTESIAN_POINT('',(0.9875792806235,0.21243753185,0.));
#12242=CARTESIAN_POINT('',(0.9875792806235,0.21243753185,0.));
#12243=CARTESIAN_POINT('Origin',(1.03707284230927,0.113829127627322,0.));
#12244=CARTESIAN_POINT('Ctrl Pts',(0.9875792806235,0.21243753185,0.0027));
#12245=CARTESIAN_POINT('Ctrl Pts',(0.9875792806235,0.21243753185,-0.00054));
#12246=CARTESIAN_POINT('Ctrl Pts',(0.9987325476236,0.2184017363303,0.0027));
#12247=CARTESIAN_POINT('Ctrl Pts',(0.9987325476236,0.2184017363303,-0.00054));
#12248=CARTESIAN_POINT('Ctrl Pts',(0.9991846015838,0.2184192369302,0.0027));
#12249=CARTESIAN_POINT('Ctrl Pts',(0.9991846015838,0.2184192369302,-0.00054));
#12250=CARTESIAN_POINT('Ctrl Pts',(1.1624129670239,0.2191704165302,0.0027));
#12251=CARTESIAN_POINT('Ctrl Pts',(1.1624129670239,0.2191704165302,-0.00054));
#12252=CARTESIAN_POINT('',(1.1624129670239,0.2191704165302,0.0027));
#12253=CARTESIAN_POINT('Ctrl Pts',(0.9875792806235,0.21243753185,0.0027));
#12254=CARTESIAN_POINT('Ctrl Pts',(0.9987325476236,0.2184017363303,0.0027));
#12255=CARTESIAN_POINT('Ctrl Pts',(0.9991846015838,0.2184192369302,0.0027));
#12256=CARTESIAN_POINT('Ctrl Pts',(1.1624129670239,0.2191704165302,0.0027));
#12257=CARTESIAN_POINT('',(1.1624129670239,0.2191704165302,0.));
#12258=CARTESIAN_POINT('',(1.1624129670239,0.2191704165302,0.));
#12259=CARTESIAN_POINT('Ctrl Pts',(0.9875792806235,0.21243753185,0.));
#12260=CARTESIAN_POINT('Ctrl Pts',(0.9987325476236,0.2184017363303,0.));
#12261=CARTESIAN_POINT('Ctrl Pts',(0.9991846015838,0.2184192369302,0.));
#12262=CARTESIAN_POINT('Ctrl Pts',(1.1624129670239,0.2191704165302,0.));
#12263=CARTESIAN_POINT('Ctrl Pts',(1.1624129670239,0.2191704165302,0.0027));
#12264=CARTESIAN_POINT('Ctrl Pts',(1.1624129670239,0.2191704165302,-0.00054));
#12265=CARTESIAN_POINT('Ctrl Pts',(1.2683077514243,0.2196577678541,0.0027));
#12266=CARTESIAN_POINT('Ctrl Pts',(1.2683077514243,0.2196577678541,-0.00054));
#12267=CARTESIAN_POINT('Ctrl Pts',(1.3296863942243,0.2189477550497,0.0027));
#12268=CARTESIAN_POINT('Ctrl Pts',(1.3296863942243,0.2189477550497,-0.00054));
#12269=CARTESIAN_POINT('Ctrl Pts',(1.3363312374242,0.21715905911,0.0027));
#12270=CARTESIAN_POINT('Ctrl Pts',(1.3363312374242,0.21715905911,-0.00054));
#12271=CARTESIAN_POINT('',(1.3363312374242,0.21715905911,0.0027));
#12272=CARTESIAN_POINT('Ctrl Pts',(1.1624129670239,0.2191704165302,0.0027));
#12273=CARTESIAN_POINT('Ctrl Pts',(1.2683077514243,0.2196577678541,0.0027));
#12274=CARTESIAN_POINT('Ctrl Pts',(1.3296863942243,0.2189477550497,0.0027));
#12275=CARTESIAN_POINT('Ctrl Pts',(1.3363312374242,0.21715905911,0.0027));
#12276=CARTESIAN_POINT('',(1.3363312374242,0.21715905911,0.));
#12277=CARTESIAN_POINT('',(1.3363312374242,0.21715905911,0.));
#12278=CARTESIAN_POINT('Ctrl Pts',(1.1624129670239,0.2191704165302,0.));
#12279=CARTESIAN_POINT('Ctrl Pts',(1.2683077514243,0.2196577678541,0.));
#12280=CARTESIAN_POINT('Ctrl Pts',(1.3296863942243,0.2189477550497,0.));
#12281=CARTESIAN_POINT('Ctrl Pts',(1.3363312374242,0.21715905911,0.));
#12282=CARTESIAN_POINT('Ctrl Pts',(1.3363312374242,0.21715905911,0.0027));
#12283=CARTESIAN_POINT('Ctrl Pts',(1.3363312374242,0.21715905911,-0.00054));
#12284=CARTESIAN_POINT('Ctrl Pts',(1.3527984943043,0.2127249455504,0.0027));
#12285=CARTESIAN_POINT('Ctrl Pts',(1.3527984943043,0.2127249455504,-0.00054));
#12286=CARTESIAN_POINT('Ctrl Pts',(1.3675846166243,0.20023813283,0.0027));
#12287=CARTESIAN_POINT('Ctrl Pts',(1.3675846166243,0.20023813283,-0.00054));
#12288=CARTESIAN_POINT('Ctrl Pts',(1.3754814258239,0.1840990795097,0.0027));
#12289=CARTESIAN_POINT('Ctrl Pts',(1.3754814258239,0.1840990795097,-0.00054));
#12290=CARTESIAN_POINT('',(1.3754814258239,0.1840990795097,0.0027));
#12291=CARTESIAN_POINT('Origin',(1.3336598067911,0.170239713810034,0.0027));
#12292=CARTESIAN_POINT('',(1.3754814258239,0.1840990795097,0.));
#12293=CARTESIAN_POINT('',(1.3754814258239,0.1840990795097,0.));
#12294=CARTESIAN_POINT('Origin',(1.3336598067911,0.170239713810034,0.));
#12295=CARTESIAN_POINT('Ctrl Pts',(1.3754814258239,0.1840990795097,0.0027));
#12296=CARTESIAN_POINT('Ctrl Pts',(1.3754814258239,0.1840990795097,-0.00054));
#12297=CARTESIAN_POINT('Ctrl Pts',(1.3823443534238,0.1700716755101,0.0027));
#12298=CARTESIAN_POINT('Ctrl Pts',(1.3823443534238,0.1700716755101,-0.00054));
#12299=CARTESIAN_POINT('Ctrl Pts',(1.3826041700237,0.1677930973898,0.0027));
#12300=CARTESIAN_POINT('Ctrl Pts',(1.3826041700237,0.1677930973898,-0.00054));
#12301=CARTESIAN_POINT('Ctrl Pts',(1.3831795359035,0.1165925343101,0.0027));
#12302=CARTESIAN_POINT('Ctrl Pts',(1.3831795359035,0.1165925343101,-0.00054));
#12303=CARTESIAN_POINT('',(1.3831795359035,0.1165925343101,0.0027));
#12304=CARTESIAN_POINT('Ctrl Pts',(1.3754814258239,0.1840990795097,0.0027));
#12305=CARTESIAN_POINT('Ctrl Pts',(1.3823443534238,0.1700716755101,0.0027));
#12306=CARTESIAN_POINT('Ctrl Pts',(1.3826041700237,0.1677930973898,0.0027));
#12307=CARTESIAN_POINT('Ctrl Pts',(1.3831795359035,0.1165925343101,0.0027));
#12308=CARTESIAN_POINT('',(1.3831795359035,0.1165925343101,0.));
#12309=CARTESIAN_POINT('',(1.3831795359035,0.1165925343101,0.));
#12310=CARTESIAN_POINT('Ctrl Pts',(1.3754814258239,0.1840990795097,0.));
#12311=CARTESIAN_POINT('Ctrl Pts',(1.3823443534238,0.1700716755101,0.));
#12312=CARTESIAN_POINT('Ctrl Pts',(1.3826041700237,0.1677930973898,0.));
#12313=CARTESIAN_POINT('Ctrl Pts',(1.3831795359035,0.1165925343101,0.));
#12314=CARTESIAN_POINT('Origin',(1.3834771807238,0.0900979721100725,0.0027));
#12315=CARTESIAN_POINT('',(1.3837748255441,0.063603409910045,0.0027));
#12316=CARTESIAN_POINT('',(1.3831795359035,0.1165925343101,0.0027));
#12317=CARTESIAN_POINT('',(1.3837748255441,0.063603409910045,0.));
#12318=CARTESIAN_POINT('',(1.3837748255441,0.063603409910045,0.));
#12319=CARTESIAN_POINT('',(1.3831795359035,0.1165925343101,0.));
#12320=CARTESIAN_POINT('Origin',(1.3211765255438,0.063604311864044,0.0027));
#12321=CARTESIAN_POINT('',(1.2585782255435,0.063605213818043,0.0027));
#12322=CARTESIAN_POINT('',(1.3837748255441,0.063603409910045,0.0027));
#12323=CARTESIAN_POINT('',(1.2585782255435,0.063605213818043,0.));
#12324=CARTESIAN_POINT('',(1.2585782255435,0.063605213818043,0.));
#12325=CARTESIAN_POINT('',(1.3837748255441,0.063603409910045,0.));
#12326=CARTESIAN_POINT('Origin',(1.2585782255435,0.0972602138179715,0.0027));
#12327=CARTESIAN_POINT('',(1.2585782255435,0.1309152138179,0.0027));
#12328=CARTESIAN_POINT('',(1.2585782255435,0.063605213818043,0.0027));
#12329=CARTESIAN_POINT('',(1.2585782255435,0.1309152138179,0.));
#12330=CARTESIAN_POINT('',(1.2585782255435,0.1309152138179,0.));
#12331=CARTESIAN_POINT('',(1.2585782255435,0.063605213818043,0.));
#12332=CARTESIAN_POINT('Origin',(1.1737326243437,0.1309152138179,0.0027));
#12333=CARTESIAN_POINT('',(1.0888870231439,0.1309152138179,0.0027));
#12334=CARTESIAN_POINT('',(1.2585782255435,0.1309152138179,0.0027));
#12335=CARTESIAN_POINT('',(1.0888870231439,0.1309152138179,0.));
#12336=CARTESIAN_POINT('',(1.0888870231439,0.1309152138179,0.));
#12337=CARTESIAN_POINT('',(1.2585782255435,0.1309152138179,0.));
#12338=CARTESIAN_POINT('Origin',(1.089595016648,0.0373543138179725,0.0027));
#12339=CARTESIAN_POINT('',(1.0903030101521,-0.056206586181955,0.0027));
#12340=CARTESIAN_POINT('',(1.0888870231439,0.1309152138179,0.0027));
#12341=CARTESIAN_POINT('',(1.0903030101521,-0.056206586181955,0.));
#12342=CARTESIAN_POINT('',(1.0903030101521,-0.056206586181955,0.));
#12343=CARTESIAN_POINT('',(1.0888870231439,0.1309152138179,0.));
#12344=CARTESIAN_POINT('Origin',(1.174440510152,-0.056918039419957,0.0027));
#12345=CARTESIAN_POINT('',(1.2585780101519,-0.057629492657959,0.0027));
#12346=CARTESIAN_POINT('',(1.0903030101521,-0.056206586181955,0.0027));
#12347=CARTESIAN_POINT('',(1.2585780101519,-0.057629492657959,0.));
#12348=CARTESIAN_POINT('',(1.2585780101519,-0.057629492657959,0.));
#12349=CARTESIAN_POINT('',(1.0903030101521,-0.056206586181955,0.));
#12350=CARTESIAN_POINT('Origin',(1.2585780101519,-0.0145133990579605,0.0027));
#12351=CARTESIAN_POINT('',(1.2585780101519,0.028602694542038,0.0027));
#12352=CARTESIAN_POINT('',(1.2585780101519,-0.057629492657959,0.0027));
#12353=CARTESIAN_POINT('',(1.2585780101519,0.028602694542038,0.));
#12354=CARTESIAN_POINT('',(1.2585780101519,0.028602694542038,0.));
#12355=CARTESIAN_POINT('',(1.2585780101519,-0.057629492657959,0.));
#12356=CARTESIAN_POINT('Origin',(1.32117631015175,0.028605386942042,0.0027));
#12357=CARTESIAN_POINT('',(1.3837746101516,0.028608079342046,0.0027));
#12358=CARTESIAN_POINT('',(1.2585780101519,0.028602694542038,0.0027));
#12359=CARTESIAN_POINT('',(1.3837746101516,0.028608079342046,0.));
#12360=CARTESIAN_POINT('',(1.3837746101516,0.028608079342046,0.));
#12361=CARTESIAN_POINT('',(1.2585780101519,0.028602694542038,0.));
#12362=CARTESIAN_POINT('Origin',(1.38310151015195,-0.00538481685795698,
0.0027));
#12363=CARTESIAN_POINT('',(1.3824284101523,-0.03937771305796,0.0027));
#12364=CARTESIAN_POINT('',(1.3837746101516,0.028608079342046,0.0027));
#12365=CARTESIAN_POINT('',(1.3824284101523,-0.03937771305796,0.));
#12366=CARTESIAN_POINT('',(1.3824284101523,-0.03937771305796,0.));
#12367=CARTESIAN_POINT('',(1.3837746101516,0.028608079342046,0.));
#12368=CARTESIAN_POINT('Ctrl Pts',(1.3824284101523,-0.03937771305796,0.0027));
#12369=CARTESIAN_POINT('Ctrl Pts',(1.3824284101523,-0.03937771305796,-0.00054));
#12370=CARTESIAN_POINT('Ctrl Pts',(1.3811969063915,-0.101577537857956,0.0027));
#12371=CARTESIAN_POINT('Ctrl Pts',(1.3811969063915,-0.101577537857956,-0.00054));
#12372=CARTESIAN_POINT('Ctrl Pts',(1.3806037706723,-0.108281613857962,0.0027));
#12373=CARTESIAN_POINT('Ctrl Pts',(1.3806037706723,-0.108281613857962,-0.00054));
#12374=CARTESIAN_POINT('Ctrl Pts',(1.3754602097117,-0.118133105458,0.0027));
#12375=CARTESIAN_POINT('Ctrl Pts',(1.3754602097117,-0.118133105458,-0.00054));
#12376=CARTESIAN_POINT('',(1.3754602097117,-0.118133105458,0.0027));
#12377=CARTESIAN_POINT('Ctrl Pts',(1.3824284101523,-0.03937771305796,0.0027));
#12378=CARTESIAN_POINT('Ctrl Pts',(1.3811969063915,-0.101577537857956,0.0027));
#12379=CARTESIAN_POINT('Ctrl Pts',(1.3806037706723,-0.108281613857962,0.0027));
#12380=CARTESIAN_POINT('Ctrl Pts',(1.3754602097117,-0.118133105458,0.0027));
#12381=CARTESIAN_POINT('',(1.3754602097117,-0.118133105458,0.));
#12382=CARTESIAN_POINT('',(1.3754602097117,-0.118133105458,0.));
#12383=CARTESIAN_POINT('Ctrl Pts',(1.3824284101523,-0.03937771305796,0.));
#12384=CARTESIAN_POINT('Ctrl Pts',(1.3811969063915,-0.101577537857956,0.));
#12385=CARTESIAN_POINT('Ctrl Pts',(1.3806037706723,-0.108281613857962,0.));
#12386=CARTESIAN_POINT('Ctrl Pts',(1.3754602097117,-0.118133105458,0.));
#12387=CARTESIAN_POINT('Ctrl Pts',(1.3754602097117,-0.118133105458,0.0027));
#12388=CARTESIAN_POINT('Ctrl Pts',(1.3754602097117,-0.118133105458,-0.00054));
#12389=CARTESIAN_POINT('Ctrl Pts',(1.3679387210717,-0.1325414840584,0.0027));
#12390=CARTESIAN_POINT('Ctrl Pts',(1.3679387210717,-0.1325414840584,-0.00054));
#12391=CARTESIAN_POINT('Ctrl Pts',(1.3507784404316,-0.1452374962582,0.0027));
#12392=CARTESIAN_POINT('Ctrl Pts',(1.3507784404316,-0.1452374962582,-0.00054));
#12393=CARTESIAN_POINT('Ctrl Pts',(1.3339487865122,-0.1488480046582,0.0027));
#12394=CARTESIAN_POINT('Ctrl Pts',(1.3339487865122,-0.1488480046582,-0.00054));
#12395=CARTESIAN_POINT('',(1.3339487865122,-0.1488480046582,0.0027));
#12396=CARTESIAN_POINT('Origin',(1.34223055553755,-0.119024804598609,0.0027));
#12397=CARTESIAN_POINT('',(1.3339487865122,-0.1488480046582,0.));
#12398=CARTESIAN_POINT('',(1.3339487865122,-0.1488480046582,0.));
#12399=CARTESIAN_POINT('Origin',(1.34223055553755,-0.119024804598609,0.));
#12400=CARTESIAN_POINT('Ctrl Pts',(1.3339487865122,-0.1488480046582,0.0027));
#12401=CARTESIAN_POINT('Ctrl Pts',(1.3339487865122,-0.1488480046582,-0.00054));
#12402=CARTESIAN_POINT('Ctrl Pts',(1.3176874982321,-0.1523354703781,0.0027));
#12403=CARTESIAN_POINT('Ctrl Pts',(1.3176874982321,-0.1523354703781,-0.00054));
#12404=CARTESIAN_POINT('Ctrl Pts',(1.0212534505115,-0.1524507050983,0.0027));
#12405=CARTESIAN_POINT('Ctrl Pts',(1.0212534505115,-0.1524507050983,-0.00054));
#12406=CARTESIAN_POINT('Ctrl Pts',(1.0036720785122,-0.1489764321382,0.0027));
#12407=CARTESIAN_POINT('Ctrl Pts',(1.0036720785122,-0.1489764321382,-0.00054));
#12408=CARTESIAN_POINT('Ctrl Pts',(1.3339487865122,-0.1488480046582,0.0027));
#12409=CARTESIAN_POINT('Ctrl Pts',(1.31768840405571,-0.152335276111278,
0.0027));
#12410=CARTESIAN_POINT('Ctrl Pts',(1.02128647494191,-0.152450692249698,
0.0027));
#12411=CARTESIAN_POINT('Ctrl Pts',(1.00367501918176,-0.148977012700572,
0.0027));
#12412=CARTESIAN_POINT('Ctrl Pts',(1.3339487865122,-0.1488480046582,0.));
#12413=CARTESIAN_POINT('Ctrl Pts',(1.31768840481317,-0.15233527594883,0.));
#12414=CARTESIAN_POINT('Ctrl Pts',(1.02128650255661,-0.152450692238945,
0.));
#12415=CARTESIAN_POINT('Ctrl Pts',(1.00367502164295,-0.148977013186017,
0.));
#12416=CARTESIAN_POINT('Origin',(1.1666269768841,-0.1524507050983,0.));
#12417=CARTESIAN_POINT('Origin',(1.1666269768841,-0.1524507050983,0.0027));
#12418=CARTESIAN_POINT('Ctrl Pts',(0.523553564024,-0.1486598866699,0.0027));
#12419=CARTESIAN_POINT('Ctrl Pts',(0.523553564024,-0.1486598866699,-0.00054));
#12420=CARTESIAN_POINT('Ctrl Pts',(0.5088635603837,-0.1446546724303,0.0027));
#12421=CARTESIAN_POINT('Ctrl Pts',(0.5088635603837,-0.1446546724303,-0.00054));
#12422=CARTESIAN_POINT('Ctrl Pts',(0.4934767636241,-0.1326532994302,0.0027));
#12423=CARTESIAN_POINT('Ctrl Pts',(0.4934767636241,-0.1326532994302,-0.00054));
#12424=CARTESIAN_POINT('Ctrl Pts',(0.4845729968243,-0.1182546134698,0.0027));
#12425=CARTESIAN_POINT('Ctrl Pts',(0.4845729968243,-0.1182546134698,-0.00054));
#12426=CARTESIAN_POINT('',(0.523547104128923,-0.148659953379619,0.));
#12427=CARTESIAN_POINT('',(0.523547104101435,-0.14865995337217,0.0027));
#12428=CARTESIAN_POINT('',(0.523553564024,-0.1486598866699,0.));
#12429=CARTESIAN_POINT('',(0.4845729968243,-0.1182546134698,0.0027));
#12430=CARTESIAN_POINT('Origin',(0.514561389525578,-0.114604233400564,0.0027));
#12431=CARTESIAN_POINT('',(0.4845729968243,-0.1182546134698,0.));
#12432=CARTESIAN_POINT('',(0.4845729968243,-0.1182546134698,0.));
#12433=CARTESIAN_POINT('Origin',(0.514561389525578,-0.114604233400564,0.));
#12434=CARTESIAN_POINT('Origin',(0.4805043765641,-0.111675464829877,0.0027));
#12435=CARTESIAN_POINT('',(0.4764357563039,-0.105096316189954,0.0027));
#12436=CARTESIAN_POINT('',(0.4845729968243,-0.1182546134698,0.0027));
#12437=CARTESIAN_POINT('',(0.4764357563039,-0.105096316189954,0.));
#12438=CARTESIAN_POINT('',(0.4764357563039,-0.105096316189954,0.));
#12439=CARTESIAN_POINT('',(0.4845729968243,-0.1182546134698,0.));
#12440=CARTESIAN_POINT('Origin',(0.4760624550437,-0.0386330759899555,0.0027));
#12441=CARTESIAN_POINT('',(0.4756891537835,0.027830164210043,0.0027));
#12442=CARTESIAN_POINT('',(0.4764357563039,-0.105096316189954,0.0027));
#12443=CARTESIAN_POINT('',(0.4756891537835,0.027830164210043,0.));
#12444=CARTESIAN_POINT('',(0.4756891537835,0.027830164210043,0.));
#12445=CARTESIAN_POINT('',(0.4764357563039,-0.105096316189954,0.));
#12446=CARTESIAN_POINT('Ctrl Pts',(0.4756891537835,0.027830164210043,0.0027));
#12447=CARTESIAN_POINT('Ctrl Pts',(0.4756891537835,0.027830164210043,-0.00054));
#12448=CARTESIAN_POINT('Ctrl Pts',(0.47521176434,0.1128265398104,0.0027));
#12449=CARTESIAN_POINT('Ctrl Pts',(0.47521176434,0.1128265398104,-0.00054));
#12450=CARTESIAN_POINT('Ctrl Pts',(0.4759406239436,0.1644640794104,0.0027));
#12451=CARTESIAN_POINT('Ctrl Pts',(0.4759406239436,0.1644640794104,-0.00054));
#12452=CARTESIAN_POINT('Ctrl Pts',(0.4777109038682,0.1710389202098,0.0027));
#12453=CARTESIAN_POINT('Ctrl Pts',(0.4777109038682,0.1710389202098,-0.00054));
#12454=CARTESIAN_POINT('',(0.4777109038682,0.1710389202098,0.0027));
#12455=CARTESIAN_POINT('Ctrl Pts',(0.4756891537835,0.027830164210043,0.0027));
#12456=CARTESIAN_POINT('Ctrl Pts',(0.47521176434,0.1128265398104,0.0027));
#12457=CARTESIAN_POINT('Ctrl Pts',(0.4759406239436,0.1644640794104,0.0027));
#12458=CARTESIAN_POINT('Ctrl Pts',(0.4777109038682,0.1710389202098,0.0027));
#12459=CARTESIAN_POINT('',(0.4777109038682,0.1710389202098,0.));
#12460=CARTESIAN_POINT('',(0.4777109038682,0.1710389202098,0.));
#12461=CARTESIAN_POINT('Ctrl Pts',(0.4756891537835,0.027830164210043,0.));
#12462=CARTESIAN_POINT('Ctrl Pts',(0.47521176434,0.1128265398104,0.));
#12463=CARTESIAN_POINT('Ctrl Pts',(0.4759406239436,0.1644640794104,0.));
#12464=CARTESIAN_POINT('Ctrl Pts',(0.4777109038682,0.1710389202098,0.));
#12465=CARTESIAN_POINT('Ctrl Pts',(0.4777109038682,0.1710389202098,0.0027));
#12466=CARTESIAN_POINT('Ctrl Pts',(0.4777109038682,0.1710389202098,-0.00054));
#12467=CARTESIAN_POINT('Ctrl Pts',(0.4811937925076,0.1839737482898,0.0027));
#12468=CARTESIAN_POINT('Ctrl Pts',(0.4811937925076,0.1839737482898,-0.00054));
#12469=CARTESIAN_POINT('Ctrl Pts',(0.4992274877075,0.2046885354104,0.0027));
#12470=CARTESIAN_POINT('Ctrl Pts',(0.4992274877075,0.2046885354104,-0.00054));
#12471=CARTESIAN_POINT('Ctrl Pts',(0.5137836790679,0.2124749562098,0.0027));
#12472=CARTESIAN_POINT('Ctrl Pts',(0.5137836790679,0.2124749562098,-0.00054));
#12473=CARTESIAN_POINT('',(0.5137836790679,0.2124749562098,0.0027));
#12474=CARTESIAN_POINT('Ctrl Pts',(0.4777109038682,0.1710389202098,0.0027));
#12475=CARTESIAN_POINT('Ctrl Pts',(0.4811937925076,0.1839737482898,0.0027));
#12476=CARTESIAN_POINT('Ctrl Pts',(0.4992274877075,0.2046885354104,0.0027));
#12477=CARTESIAN_POINT('Ctrl Pts',(0.5137836790679,0.2124749562098,0.0027));
#12478=CARTESIAN_POINT('',(0.5137836790679,0.2124749562098,0.));
#12479=CARTESIAN_POINT('',(0.5137836790679,0.2124749562098,0.));
#12480=CARTESIAN_POINT('Ctrl Pts',(0.4777109038682,0.1710389202098,0.));
#12481=CARTESIAN_POINT('Ctrl Pts',(0.4811937925076,0.1839737482898,0.));
#12482=CARTESIAN_POINT('Ctrl Pts',(0.4992274877075,0.2046885354104,0.));
#12483=CARTESIAN_POINT('Ctrl Pts',(0.5137836790679,0.2124749562098,0.));
#12484=CARTESIAN_POINT('Origin',(0.5193410619077,0.2154476350499,0.0027));
#12485=CARTESIAN_POINT('',(0.5248984447475,0.21842031389,0.0027));
#12486=CARTESIAN_POINT('',(0.5137836790679,0.2124749562098,0.0027));
#12487=CARTESIAN_POINT('',(0.5248984447475,0.21842031389,0.));
#12488=CARTESIAN_POINT('',(0.5248984447475,0.21842031389,0.));
#12489=CARTESIAN_POINT('',(0.5137836790679,0.2124749562098,0.));
#12490=CARTESIAN_POINT('Origin',(0.60701664474755,0.21842031389,0.0027));
#12491=CARTESIAN_POINT('',(0.6891348447476,0.21842031389,0.0027));
#12492=CARTESIAN_POINT('',(0.5248984447475,0.21842031389,0.0027));
#12493=CARTESIAN_POINT('',(0.6891348447476,0.21842031389,0.));
#12494=CARTESIAN_POINT('',(0.6891348447476,0.21842031389,0.));
#12495=CARTESIAN_POINT('',(0.5248984447475,0.21842031389,0.));
#12496=CARTESIAN_POINT('Ctrl Pts',(0.6891348447476,0.21842031389,0.0027));
#12497=CARTESIAN_POINT('Ctrl Pts',(0.6891348447476,0.21842031389,-0.00054));
#12498=CARTESIAN_POINT('Ctrl Pts',(0.8529970011479,0.21842031389,0.0027));
#12499=CARTESIAN_POINT('Ctrl Pts',(0.8529970011479,0.21842031389,-0.00054));
#12500=CARTESIAN_POINT('Ctrl Pts',(0.8533954763477,0.2184068518898,0.0027));
#12501=CARTESIAN_POINT('Ctrl Pts',(0.8533954763477,0.2184068518898,-0.00054));
#12502=CARTESIAN_POINT('Ctrl Pts',(0.8643966227477,0.2125209962498,0.0027));
#12503=CARTESIAN_POINT('Ctrl Pts',(0.8643966227477,0.2125209962498,-0.00054));
#12504=CARTESIAN_POINT('',(0.8643966227477,0.2125209962498,0.0027));
#12505=CARTESIAN_POINT('Ctrl Pts',(0.6891348447476,0.21842031389,0.0027));
#12506=CARTESIAN_POINT('Ctrl Pts',(0.8529970011479,0.21842031389,0.0027));
#12507=CARTESIAN_POINT('Ctrl Pts',(0.8533954763477,0.2184068518898,0.0027));
#12508=CARTESIAN_POINT('Ctrl Pts',(0.8643966227477,0.2125209962498,0.0027));
#12509=CARTESIAN_POINT('',(0.8643966227477,0.2125209962498,0.));
#12510=CARTESIAN_POINT('',(0.8643966227477,0.2125209962498,0.));
#12511=CARTESIAN_POINT('Ctrl Pts',(0.6891348447476,0.21842031389,0.));
#12512=CARTESIAN_POINT('Ctrl Pts',(0.8529970011479,0.21842031389,0.));
#12513=CARTESIAN_POINT('Ctrl Pts',(0.8533954763477,0.2184068518898,0.));
#12514=CARTESIAN_POINT('Ctrl Pts',(0.8643966227477,0.2125209962498,0.));
#12515=CARTESIAN_POINT('Ctrl Pts',(0.8643966227477,0.2125209962498,0.0027));
#12516=CARTESIAN_POINT('Ctrl Pts',(0.8643966227477,0.2125209962498,-0.00054));
#12517=CARTESIAN_POINT('Ctrl Pts',(0.870460176788,0.2092763850098,0.0027));
#12518=CARTESIAN_POINT('Ctrl Pts',(0.870460176788,0.2092763850098,-0.00054));
#12519=CARTESIAN_POINT('Ctrl Pts',(0.8793957139082,0.2020949464901,0.0027));
#12520=CARTESIAN_POINT('Ctrl Pts',(0.8793957139082,0.2020949464901,-0.00054));
#12521=CARTESIAN_POINT('Ctrl Pts',(0.8842533419879,0.1965623337302,0.0027));
#12522=CARTESIAN_POINT('Ctrl Pts',(0.8842533419879,0.1965623337302,-0.00054));
#12523=CARTESIAN_POINT('',(0.8842533419879,0.1965623337302,0.0027));
#12524=CARTESIAN_POINT('Ctrl Pts',(0.8643966227477,0.2125209962498,0.0027));
#12525=CARTESIAN_POINT('Ctrl Pts',(0.870460176788,0.2092763850098,0.0027));
#12526=CARTESIAN_POINT('Ctrl Pts',(0.8793957139082,0.2020949464901,0.0027));
#12527=CARTESIAN_POINT('Ctrl Pts',(0.8842533419879,0.1965623337302,0.0027));
#12528=CARTESIAN_POINT('',(0.8842533419879,0.1965623337302,0.));
#12529=CARTESIAN_POINT('',(0.8842533419879,0.1965623337302,0.));
#12530=CARTESIAN_POINT('Ctrl Pts',(0.8643966227477,0.2125209962498,0.));
#12531=CARTESIAN_POINT('Ctrl Pts',(0.870460176788,0.2092763850098,0.));
#12532=CARTESIAN_POINT('Ctrl Pts',(0.8793957139082,0.2020949464901,0.));
#12533=CARTESIAN_POINT('Ctrl Pts',(0.8842533419879,0.1965623337302,0.));
#12534=CARTESIAN_POINT('Ctrl Pts',(0.8842533419879,0.1965623337302,0.0027));
#12535=CARTESIAN_POINT('Ctrl Pts',(0.8842533419879,0.1965623337302,-0.00054));
#12536=CARTESIAN_POINT('Ctrl Pts',(0.9015778590281,0.1768308110897,0.0027));
#12537=CARTESIAN_POINT('Ctrl Pts',(0.9015778590281,0.1768308110897,-0.00054));
#12538=CARTESIAN_POINT('Ctrl Pts',(0.9016909398278,0.17610951713,0.0027));
#12539=CARTESIAN_POINT('Ctrl Pts',(0.9016909398278,0.17610951713,-0.00054));
#12540=CARTESIAN_POINT('Ctrl Pts',(0.9026768967083,0.0790875369302,0.0027));
#12541=CARTESIAN_POINT('Ctrl Pts',(0.9026768967083,0.0790875369302,-0.00054));
#12542=CARTESIAN_POINT('',(0.9026768967083,0.0790875369302,0.0027));
#12543=CARTESIAN_POINT('Ctrl Pts',(0.8842533419879,0.1965623337302,0.0027));
#12544=CARTESIAN_POINT('Ctrl Pts',(0.9015778590281,0.1768308110897,0.0027));
#12545=CARTESIAN_POINT('Ctrl Pts',(0.9016909398278,0.17610951713,0.0027));
#12546=CARTESIAN_POINT('Ctrl Pts',(0.9026768967083,0.0790875369302,0.0027));
#12547=CARTESIAN_POINT('',(0.9026768967083,0.0790875369302,0.));
#12548=CARTESIAN_POINT('',(0.9026768967083,0.0790875369302,0.));
#12549=CARTESIAN_POINT('Ctrl Pts',(0.8842533419879,0.1965623337302,0.));
#12550=CARTESIAN_POINT('Ctrl Pts',(0.9015778590281,0.1768308110897,0.));
#12551=CARTESIAN_POINT('Ctrl Pts',(0.9016909398278,0.17610951713,0.));
#12552=CARTESIAN_POINT('Ctrl Pts',(0.9026768967083,0.0790875369302,0.));
#12553=CARTESIAN_POINT('Origin',(0.90312489860615,0.034999486930121,0.0027));
#12554=CARTESIAN_POINT('',(0.903572900504,-0.00908856306995798,0.0027));
#12555=CARTESIAN_POINT('',(0.9026768967083,0.0790875369302,0.0027));
#12556=CARTESIAN_POINT('',(0.903572900504,-0.00908856306995798,0.));
#12557=CARTESIAN_POINT('',(0.903572900504,-0.00908856306995798,0.));
#12558=CARTESIAN_POINT('',(0.9026768967083,0.0790875369302,0.));
#12559=CARTESIAN_POINT('Origin',(0.753942770504,-0.00908856306995798,0.0027));
#12560=CARTESIAN_POINT('',(0.604312640504,-0.00908856306995798,0.0027));
#12561=CARTESIAN_POINT('',(0.903572900504,-0.00908856306995798,0.0027));
#12562=CARTESIAN_POINT('',(0.604312640504,-0.00908856306995798,0.));
#12563=CARTESIAN_POINT('',(0.604312640504,-0.00908856306995798,0.));
#12564=CARTESIAN_POINT('',(0.903572900504,-0.00908856306995798,0.));
#12565=CARTESIAN_POINT('Origin',(0.604312640504,-0.033320163069958,0.0027));
#12566=CARTESIAN_POINT('',(0.604312640504,-0.057551763069958,0.0027));
#12567=CARTESIAN_POINT('',(0.604312640504,-0.00908856306995798,0.0027));
#12568=CARTESIAN_POINT('',(0.604312640504,-0.057551763069958,0.));
#12569=CARTESIAN_POINT('',(0.604312640504,-0.057551763069958,0.));
#12570=CARTESIAN_POINT('',(0.604312640504,-0.00908856306995798,0.));
#12571=CARTESIAN_POINT('Origin',(0.75374084050415,-0.057551763069958,0.0027));
#12572=CARTESIAN_POINT('',(0.9031690405043,-0.057551763069958,0.0027));
#12573=CARTESIAN_POINT('',(0.604312640504,-0.057551763069958,0.0027));
#12574=CARTESIAN_POINT('',(0.9031690405043,-0.057551763069958,0.));
#12575=CARTESIAN_POINT('',(0.9031690405043,-0.057551763069958,0.));
#12576=CARTESIAN_POINT('',(0.604312640504,-0.057551763069958,0.));
#12577=CARTESIAN_POINT('Origin',(0.9031690405043,-0.104668763069929,0.0027));
#12578=CARTESIAN_POINT('',(0.9031690405043,-0.1517857630699,0.0027));
#12579=CARTESIAN_POINT('',(0.9031690405043,-0.057551763069958,0.0027));
#12580=CARTESIAN_POINT('',(0.9031690405043,-0.1517857630699,0.));
#12581=CARTESIAN_POINT('',(0.9031690405043,-0.1517857630699,0.));
#12582=CARTESIAN_POINT('',(0.9031690405043,-0.057551763069958,0.));
#12583=CARTESIAN_POINT('Origin',(0.81061779050405,-0.15164663329975,0.0027));
#12584=CARTESIAN_POINT('',(0.7180665405038,-0.1515075035296,0.0027));
#12585=CARTESIAN_POINT('',(0.9031690405043,-0.1517857630699,0.0027));
#12586=CARTESIAN_POINT('',(0.7180665405038,-0.1515075035296,0.));
#12587=CARTESIAN_POINT('',(0.7180665405038,-0.1515075035296,0.));
#12588=CARTESIAN_POINT('',(0.9031690405043,-0.1517857630699,0.));
#12589=CARTESIAN_POINT('Ctrl Pts',(0.7180665405038,-0.1515075035296,0.0027));
#12590=CARTESIAN_POINT('Ctrl Pts',(0.7180665405038,-0.1515075035296,-0.00054));
#12591=CARTESIAN_POINT('Ctrl Pts',(0.6099128325035,-0.1513448825701,0.0027));
#12592=CARTESIAN_POINT('Ctrl Pts',(0.6099128325035,-0.1513448825701,-0.00054));
#12593=CARTESIAN_POINT('Ctrl Pts',(0.5290465985036,-0.1501611419857,0.0027));
#12594=CARTESIAN_POINT('Ctrl Pts',(0.5290465985036,-0.1501611419857,-0.00054));
#12595=CARTESIAN_POINT('Ctrl Pts',(0.5235406405037,-0.1486600212901,0.0027));
#12596=CARTESIAN_POINT('Ctrl Pts',(0.5235406405037,-0.1486600212901,-0.00054));
#12597=CARTESIAN_POINT('Ctrl Pts',(0.7180665405038,-0.1515075035296,0.0027));
#12598=CARTESIAN_POINT('Ctrl Pts',(0.609951961030345,-0.151344941404131,
0.0027));
#12599=CARTESIAN_POINT('Ctrl Pts',(0.529105114661935,-0.150161998374233,
0.0027));
#12600=CARTESIAN_POINT('Ctrl Pts',(0.523546646033046,-0.148661650420024,
0.0027));
#12601=CARTESIAN_POINT('Ctrl Pts',(0.7180665405038,-0.1515075035296,0.));
#12602=CARTESIAN_POINT('Ctrl Pts',(0.60995196120874,-0.151344941404399,
0.));
#12603=CARTESIAN_POINT('Ctrl Pts',(0.529105114928738,-0.150161998378137,
0.));
#12604=CARTESIAN_POINT('Ctrl Pts',(0.523546646060561,-0.14866165042745,
0.));
#12605=CARTESIAN_POINT('Origin',(0.7712543640239,0.1188004369298,0.0027));
#12606=CARTESIAN_POINT('',(0.7712543640239,0.1066846369298,0.));
#12607=CARTESIAN_POINT('',(0.7712543640239,0.1066846369298,0.0027));
#12608=CARTESIAN_POINT('',(0.7712543640239,0.1066846369298,0.));
#12609=CARTESIAN_POINT('',(0.7712543640239,0.1309162369298,0.0027));
#12610=CARTESIAN_POINT('',(0.7712543640239,0.1066846369298,0.0027));
#12611=CARTESIAN_POINT('',(0.7712543640239,0.1309162369298,0.));
#12612=CARTESIAN_POINT('',(0.7712543640239,0.1309162369298,0.));
#12613=CARTESIAN_POINT('',(0.7712543640239,0.1066846369298,0.));
#12614=CARTESIAN_POINT('Origin',(0.6877899640241,0.1309162369298,0.0027));
#12615=CARTESIAN_POINT('',(0.6043255640243,0.1309162369298,0.0027));
#12616=CARTESIAN_POINT('',(0.7712543640239,0.1309162369298,0.0027));
#12617=CARTESIAN_POINT('',(0.6043255640243,0.1309162369298,0.));
#12618=CARTESIAN_POINT('',(0.6043255640243,0.1309162369298,0.));
#12619=CARTESIAN_POINT('',(0.7712543640239,0.1309162369298,0.));
#12620=CARTESIAN_POINT('Origin',(0.6043255640243,0.1066846369298,0.0027));
#12621=CARTESIAN_POINT('',(0.6043255640243,0.0824530369298,0.0027));
#12622=CARTESIAN_POINT('',(0.6043255640243,0.1309162369298,0.0027));
#12623=CARTESIAN_POINT('',(0.6043255640243,0.0824530369298,0.));
#12624=CARTESIAN_POINT('',(0.6043255640243,0.0824530369298,0.));
#12625=CARTESIAN_POINT('',(0.6043255640243,0.1309162369298,0.));
#12626=CARTESIAN_POINT('Origin',(0.6877899640241,0.0824530369298,0.0027));
#12627=CARTESIAN_POINT('',(0.7712543640239,0.0824530369298,0.0027));
#12628=CARTESIAN_POINT('',(0.6043255640243,0.0824530369298,0.0027));
#12629=CARTESIAN_POINT('',(0.7712543640239,0.0824530369298,0.));
#12630=CARTESIAN_POINT('',(0.7712543640239,0.0824530369298,0.));
#12631=CARTESIAN_POINT('',(0.6043255640243,0.0824530369298,0.));
#12632=CARTESIAN_POINT('Origin',(0.7712543640239,0.0945688369298,0.0027));
#12633=CARTESIAN_POINT('',(0.7712543640239,0.0824530369298,0.0027));
#12634=CARTESIAN_POINT('',(0.7712543640239,0.0824530369298,0.));
#12635=CARTESIAN_POINT('Origin',(0.689392332422,-0.1517857630699,0.));
#12636=CARTESIAN_POINT('Origin',(0.689392332422,-0.1517857630699,0.0027));
#12637=CARTESIAN_POINT('Ctrl Pts',(-0.774194005576,-0.1448081392297,0.0027));
#12638=CARTESIAN_POINT('Ctrl Pts',(-0.774194005576,-0.1448081392297,-0.00054));
#12639=CARTESIAN_POINT('Ctrl Pts',(-0.7863846542965,-0.13953615079,0.0027));
#12640=CARTESIAN_POINT('Ctrl Pts',(-0.7863846542965,-0.13953615079,-0.00054));
#12641=CARTESIAN_POINT('Ctrl Pts',(-0.800070931216,-0.1263261594298,0.0027));
#12642=CARTESIAN_POINT('Ctrl Pts',(-0.800070931216,-0.1263261594298,-0.00054));
#12643=CARTESIAN_POINT('Ctrl Pts',(-0.8074128367765,-0.112747040029957,
0.0027));
#12644=CARTESIAN_POINT('Ctrl Pts',(-0.8074128367765,-0.112747040029957,
-0.00054));
#12645=CARTESIAN_POINT('',(-0.77419010159605,-0.1448069276497,0.));
#12646=CARTESIAN_POINT('',(-0.77419010159605,-0.1448069276497,0.0027));
#12647=CARTESIAN_POINT('',(-0.7741861976161,-0.1448057160697,0.));
#12648=CARTESIAN_POINT('',(-0.8074128367765,-0.112747040029957,0.0027));
#12649=CARTESIAN_POINT('Origin',(-0.784177553552199,-0.117421328650399,
0.0027));
#12650=CARTESIAN_POINT('',(-0.8074128367765,-0.112747040029957,0.));
#12651=CARTESIAN_POINT('',(-0.8074128367765,-0.112747040029957,0.));
#12652=CARTESIAN_POINT('Origin',(-0.784177553552199,-0.117421328650399,
0.));
#12653=CARTESIAN_POINT('Ctrl Pts',(-0.8074128367765,-0.112747040029957,
0.0027));
#12654=CARTESIAN_POINT('Ctrl Pts',(-0.8074128367765,-0.112747040029957,
-0.00054));
#12655=CARTESIAN_POINT('Ctrl Pts',(-0.8129201409757,-0.102559536909958,
0.0027));
#12656=CARTESIAN_POINT('Ctrl Pts',(-0.8129201409757,-0.102559536909958,
-0.00054));
#12657=CARTESIAN_POINT('Ctrl Pts',(-0.8132348825362,-0.098481358629958,
0.0027));
#12658=CARTESIAN_POINT('Ctrl Pts',(-0.8132348825362,-0.098481358629958,
-0.00054));
#12659=CARTESIAN_POINT('Ctrl Pts',(-0.8132348825362,-0.037292530029961,
0.0027));
#12660=CARTESIAN_POINT('Ctrl Pts',(-0.8132348825362,-0.037292530029961,
-0.00054));
#12661=CARTESIAN_POINT('',(-0.8132348825362,-0.037292530029961,0.0027));
#12662=CARTESIAN_POINT('Ctrl Pts',(-0.8074128367765,-0.112747040029957,
0.0027));
#12663=CARTESIAN_POINT('Ctrl Pts',(-0.8129201409757,-0.102559536909958,
0.0027));
#12664=CARTESIAN_POINT('Ctrl Pts',(-0.8132348825362,-0.098481358629958,
0.0027));
#12665=CARTESIAN_POINT('Ctrl Pts',(-0.8132348825362,-0.037292530029961,
0.0027));
#12666=CARTESIAN_POINT('',(-0.8132348825362,-0.037292530029961,0.));
#12667=CARTESIAN_POINT('',(-0.8132348825362,-0.037292530029961,0.));
#12668=CARTESIAN_POINT('Ctrl Pts',(-0.8074128367765,-0.112747040029957,
0.));
#12669=CARTESIAN_POINT('Ctrl Pts',(-0.8129201409757,-0.102559536909958,
0.));
#12670=CARTESIAN_POINT('Ctrl Pts',(-0.8132348825362,-0.098481358629958,
0.));
#12671=CARTESIAN_POINT('Ctrl Pts',(-0.8132348825362,-0.037292530029961,
0.));
#12672=CARTESIAN_POINT('Ctrl Pts',(-0.8132348825362,-0.037292530029961,
0.0027));
#12673=CARTESIAN_POINT('Ctrl Pts',(-0.8132348825362,-0.037292530029961,
-0.00054));
#12674=CARTESIAN_POINT('Ctrl Pts',(-0.8132348825362,0.026789282370041,0.0027));
#12675=CARTESIAN_POINT('Ctrl Pts',(-0.8132348825362,0.026789282370041,-0.00054));
#12676=CARTESIAN_POINT('Ctrl Pts',(-0.8131708034164,0.027516230370041,0.0027));
#12677=CARTESIAN_POINT('Ctrl Pts',(-0.8131708034164,0.027516230370041,-0.00054));
#12678=CARTESIAN_POINT('Ctrl Pts',(-0.8063568774964,0.040762838370038,0.0027));
#12679=CARTESIAN_POINT('Ctrl Pts',(-0.8063568774964,0.040762838370038,-0.00054));
#12680=CARTESIAN_POINT('',(-0.8063568774964,0.040762838370038,0.0027));
#12681=CARTESIAN_POINT('Ctrl Pts',(-0.8132348825362,-0.037292530029961,
0.0027));
#12682=CARTESIAN_POINT('Ctrl Pts',(-0.8132348825362,0.026789282370041,0.0027));
#12683=CARTESIAN_POINT('Ctrl Pts',(-0.8131708034164,0.027516230370041,0.0027));
#12684=CARTESIAN_POINT('Ctrl Pts',(-0.8063568774964,0.040762838370038,0.0027));
#12685=CARTESIAN_POINT('',(-0.8063568774964,0.040762838370038,0.));
#12686=CARTESIAN_POINT('',(-0.8063568774964,0.040762838370038,0.));
#12687=CARTESIAN_POINT('Ctrl Pts',(-0.8132348825362,-0.037292530029961,
0.));
#12688=CARTESIAN_POINT('Ctrl Pts',(-0.8132348825362,0.026789282370041,0.));
#12689=CARTESIAN_POINT('Ctrl Pts',(-0.8131708034164,0.027516230370041,0.));
#12690=CARTESIAN_POINT('Ctrl Pts',(-0.8063568774964,0.040762838370038,0.));
#12691=CARTESIAN_POINT('Ctrl Pts',(-0.8063568774964,0.040762838370038,0.0027));
#12692=CARTESIAN_POINT('Ctrl Pts',(-0.8063568774964,0.040762838370038,-0.00054));
#12693=CARTESIAN_POINT('Ctrl Pts',(-0.7986162274957,0.05580958501004,0.0027));
#12694=CARTESIAN_POINT('Ctrl Pts',(-0.7986162274957,0.05580958501004,-0.00054));
#12695=CARTESIAN_POINT('Ctrl Pts',(-0.7817181866164,0.0700884591701,0.0027));
#12696=CARTESIAN_POINT('Ctrl Pts',(-0.7817181866164,0.0700884591701,-0.00054));
#12697=CARTESIAN_POINT('Ctrl Pts',(-0.7667220570958,0.0742536019697,0.0027));
#12698=CARTESIAN_POINT('Ctrl Pts',(-0.7667220570958,0.0742536019697,-0.00054));
#12699=CARTESIAN_POINT('',(-0.7667220570958,0.0742536019697,0.0027));
#12700=CARTESIAN_POINT('Ctrl Pts',(-0.8063568774964,0.040762838370038,0.0027));
#12701=CARTESIAN_POINT('Ctrl Pts',(-0.7986162274957,0.05580958501004,0.0027));
#12702=CARTESIAN_POINT('Ctrl Pts',(-0.7817181866164,0.0700884591701,0.0027));
#12703=CARTESIAN_POINT('Ctrl Pts',(-0.7667220570958,0.0742536019697,0.0027));
#12704=CARTESIAN_POINT('',(-0.7667220570958,0.0742536019697,0.));
#12705=CARTESIAN_POINT('',(-0.7667220570958,0.0742536019697,0.));
#12706=CARTESIAN_POINT('Ctrl Pts',(-0.8063568774964,0.040762838370038,0.));
#12707=CARTESIAN_POINT('Ctrl Pts',(-0.802484881318111,0.0482894602274413,
0.));
#12708=CARTESIAN_POINT('Ctrl Pts',(-0.796329504017239,0.0556154364366391,
0.));
#12709=CARTESIAN_POINT('Ctrl Pts',(-0.785819476334611,0.0644962376911366,
0.));
#12710=CARTESIAN_POINT('Ctrl Pts',(-0.782065516382028,0.0671641661379533,
0.));
#12711=CARTESIAN_POINT('Ctrl Pts',(-0.774567870383696,0.0714093223798187,
0.));
#12712=CARTESIAN_POINT('Ctrl Pts',(-0.770679623119877,0.0731543964976158,
0.));
#12713=CARTESIAN_POINT('Ctrl Pts',(-0.7667220570958,0.0742536019697,0.));
#12714=CARTESIAN_POINT('Ctrl Pts',(-0.7667220570958,0.0742536019697,0.0027));
#12715=CARTESIAN_POINT('Ctrl Pts',(-0.7667220570958,0.0742536019697,-0.00054));
#12716=CARTESIAN_POINT('Ctrl Pts',(-0.7605050362561,0.0759802111664,0.0027));
#12717=CARTESIAN_POINT('Ctrl Pts',(-0.7605050362561,0.0759802111664,-0.00054));
#12718=CARTESIAN_POINT('Ctrl Pts',(-0.7109005278961,0.0770445438098,0.0027));
#12719=CARTESIAN_POINT('Ctrl Pts',(-0.7109005278961,0.0770445438098,-0.00054));
#12720=CARTESIAN_POINT('Ctrl Pts',(-0.6362079670963,0.0770536979699,0.0027));
#12721=CARTESIAN_POINT('Ctrl Pts',(-0.6362079670963,0.0770536979699,-0.00054));
#12722=CARTESIAN_POINT('',(-0.6362079670963,0.0770536979699,0.0027));
#12723=CARTESIAN_POINT('Ctrl Pts',(-0.7667220570958,0.0742536019697,0.0027));
#12724=CARTESIAN_POINT('Ctrl Pts',(-0.7605050362561,0.0759802111664,0.0027));
#12725=CARTESIAN_POINT('Ctrl Pts',(-0.7109005278961,0.0770445438098,0.0027));
#12726=CARTESIAN_POINT('Ctrl Pts',(-0.6362079670963,0.0770536979699,0.0027));
#12727=CARTESIAN_POINT('',(-0.6362079670963,0.0770536979699,0.));
#12728=CARTESIAN_POINT('',(-0.6362079670963,0.0770536979699,0.));
#12729=CARTESIAN_POINT('Ctrl Pts',(-0.7667220570958,0.0742536019697,0.));
#12730=CARTESIAN_POINT('Ctrl Pts',(-0.7605050362561,0.0759802111664,0.));
#12731=CARTESIAN_POINT('Ctrl Pts',(-0.7109005278961,0.0770445438098,0.));
#12732=CARTESIAN_POINT('Ctrl Pts',(-0.6362079670963,0.0770536979699,0.));
#12733=CARTESIAN_POINT('Origin',(-0.57596551709635,0.07706177516975,0.0027));
#12734=CARTESIAN_POINT('',(-0.5157230670964,0.0770698523696,0.0027));
#12735=CARTESIAN_POINT('',(-0.6362079670963,0.0770536979699,0.0027));
#12736=CARTESIAN_POINT('',(-0.5157230670964,0.0770698523696,0.));
#12737=CARTESIAN_POINT('',(-0.5157230670964,0.0770698523696,0.));
#12738=CARTESIAN_POINT('',(-0.6362079670963,0.0770536979699,0.));
#12739=CARTESIAN_POINT('Origin',(-0.5157230670964,0.10399385237,0.0027));
#12740=CARTESIAN_POINT('',(-0.5157230670964,0.1309178523704,0.0027));
#12741=CARTESIAN_POINT('',(-0.5157230670964,0.0770698523696,0.0027));
#12742=CARTESIAN_POINT('',(-0.5157230670964,0.1309178523704,0.));
#12743=CARTESIAN_POINT('',(-0.5157230670964,0.1309178523704,0.));
#12744=CARTESIAN_POINT('',(-0.5157230670964,0.0770698523696,0.));
#12745=CARTESIAN_POINT('Origin',(-0.6651512670961,0.1309178523704,0.0027));
#12746=CARTESIAN_POINT('',(-0.8145794670958,0.1309178523704,0.0027));
#12747=CARTESIAN_POINT('',(-0.5157230670964,0.1309178523704,0.0027));
#12748=CARTESIAN_POINT('',(-0.8145794670958,0.1309178523704,0.));
#12749=CARTESIAN_POINT('',(-0.8145794670958,0.1309178523704,0.));
#12750=CARTESIAN_POINT('',(-0.5157230670964,0.1309178523704,0.));
#12751=CARTESIAN_POINT('Origin',(-0.8145794670958,0.17399625237005,0.0027));
#12752=CARTESIAN_POINT('',(-0.8145794670958,0.2170746523697,0.0027));
#12753=CARTESIAN_POINT('',(-0.8145794670958,0.1309178523704,0.0027));
#12754=CARTESIAN_POINT('',(-0.8145794670958,0.2170746523697,0.));
#12755=CARTESIAN_POINT('',(-0.8145794670958,0.2170746523697,0.));
#12756=CARTESIAN_POINT('',(-0.8145794670958,0.1309178523704,0.));
#12757=CARTESIAN_POINT('Origin',(-0.6252902850961,0.2170746523697,0.0027));
#12758=CARTESIAN_POINT('',(-0.4360011030964,0.2170746523697,0.0027));
#12759=CARTESIAN_POINT('',(-0.8145794670958,0.2170746523697,0.0027));
#12760=CARTESIAN_POINT('',(-0.4360011030964,0.2170746523697,0.));
#12761=CARTESIAN_POINT('',(-0.4360011030964,0.2170746523697,0.));
#12762=CARTESIAN_POINT('',(-0.8145794670958,0.2170746523697,0.));
#12763=CARTESIAN_POINT('Origin',(-0.42911542471645,0.21364332318995,0.0027));
#12764=CARTESIAN_POINT('',(-0.4222297463365,0.2102119940102,0.0027));
#12765=CARTESIAN_POINT('',(-0.4360011030964,0.2170746523697,0.0027));
#12766=CARTESIAN_POINT('',(-0.4222297463365,0.2102119940102,0.));
#12767=CARTESIAN_POINT('',(-0.4222297463365,0.2102119940102,0.));
#12768=CARTESIAN_POINT('',(-0.4360011030964,0.2170746523697,0.));
#12769=CARTESIAN_POINT('Ctrl Pts',(-0.4222297463365,0.2102119940102,0.0027));
#12770=CARTESIAN_POINT('Ctrl Pts',(-0.4222297463365,0.2102119940102,-0.00054));
#12771=CARTESIAN_POINT('Ctrl Pts',(-0.4146554866564,0.2064375184496,0.0027));
#12772=CARTESIAN_POINT('Ctrl Pts',(-0.4146554866564,0.2064375184496,-0.00054));
#12773=CARTESIAN_POINT('Ctrl Pts',(-0.4052837807362,0.1991874237296,0.0027));
#12774=CARTESIAN_POINT('Ctrl Pts',(-0.4052837807362,0.1991874237296,-0.00054));
#12775=CARTESIAN_POINT('Ctrl Pts',(-0.4014037630963,0.1941004031702,0.0027));
#12776=CARTESIAN_POINT('Ctrl Pts',(-0.4014037630963,0.1941004031702,-0.00054));
#12777=CARTESIAN_POINT('',(-0.4014037630963,0.1941004031702,0.0027));
#12778=CARTESIAN_POINT('Ctrl Pts',(-0.4222297463365,0.2102119940102,0.0027));
#12779=CARTESIAN_POINT('Ctrl Pts',(-0.4146554866564,0.2064375184496,0.0027));
#12780=CARTESIAN_POINT('Ctrl Pts',(-0.4052837807362,0.1991874237296,0.0027));
#12781=CARTESIAN_POINT('Ctrl Pts',(-0.4014037630963,0.1941004031702,0.0027));
#12782=CARTESIAN_POINT('',(-0.4014037630963,0.1941004031702,0.));
#12783=CARTESIAN_POINT('',(-0.4014037630963,0.1941004031702,0.));
#12784=CARTESIAN_POINT('Ctrl Pts',(-0.4222297463365,0.2102119940102,0.));
#12785=CARTESIAN_POINT('Ctrl Pts',(-0.4146554866564,0.2064375184496,0.));
#12786=CARTESIAN_POINT('Ctrl Pts',(-0.4052837807362,0.1991874237296,0.));
#12787=CARTESIAN_POINT('Ctrl Pts',(-0.4014037630963,0.1941004031702,0.));
#12788=CARTESIAN_POINT('Ctrl Pts',(-0.4014037630963,0.1941004031702,0.0027));
#12789=CARTESIAN_POINT('Ctrl Pts',(-0.4014037630963,0.1941004031702,-0.00054));
#12790=CARTESIAN_POINT('Ctrl Pts',(-0.3863809788157,0.1744044202103,0.0027));
#12791=CARTESIAN_POINT('Ctrl Pts',(-0.3863809788157,0.1744044202103,-0.00054));
#12792=CARTESIAN_POINT('Ctrl Pts',(-0.3864805976161,0.1756569246899,0.0027));
#12793=CARTESIAN_POINT('Ctrl Pts',(-0.3864805976161,0.1756569246899,-0.00054));
#12794=CARTESIAN_POINT('Ctrl Pts',(-0.3864805976161,0.00672820997004502,
0.0027));
#12795=CARTESIAN_POINT('Ctrl Pts',(-0.3864805976161,0.00672820997004502,
-0.00054));
#12796=CARTESIAN_POINT('',(-0.3864805976161,0.00672820997004502,0.0027));
#12797=CARTESIAN_POINT('Ctrl Pts',(-0.4014037630963,0.1941004031702,0.0027));
#12798=CARTESIAN_POINT('Ctrl Pts',(-0.3863809788157,0.1744044202103,0.0027));
#12799=CARTESIAN_POINT('Ctrl Pts',(-0.3864805976161,0.1756569246899,0.0027));
#12800=CARTESIAN_POINT('Ctrl Pts',(-0.3864805976161,0.00672820997004502,
0.0027));
#12801=CARTESIAN_POINT('',(-0.3864805976161,0.00672820997004502,0.));
#12802=CARTESIAN_POINT('',(-0.3864805976161,0.00672820997004502,0.));
#12803=CARTESIAN_POINT('Ctrl Pts',(-0.4014037630963,0.1941004031702,0.));
#12804=CARTESIAN_POINT('Ctrl Pts',(-0.3863809788157,0.1744044202103,0.));
#12805=CARTESIAN_POINT('Ctrl Pts',(-0.3864805976161,0.1756569246899,0.));
#12806=CARTESIAN_POINT('Ctrl Pts',(-0.3864805976161,0.00672820997004502,
0.));
#12807=CARTESIAN_POINT('Origin',(-0.3864805976161,-0.0711817688298775,0.0027));
#12808=CARTESIAN_POINT('',(-0.3864805976161,-0.1490917476298,0.0027));
#12809=CARTESIAN_POINT('',(-0.3864805976161,0.00672820997004502,0.0027));
#12810=CARTESIAN_POINT('',(-0.3864805976161,-0.1490917476298,0.));
#12811=CARTESIAN_POINT('',(-0.3864805976161,-0.1490917476298,0.));
#12812=CARTESIAN_POINT('',(-0.3864805976161,0.00672820997004502,0.));
#12813=CARTESIAN_POINT('Origin',(-0.4810511476162,-0.1490391112099,0.0027));
#12814=CARTESIAN_POINT('',(-0.5756216976163,-0.14898647479,0.0027));
#12815=CARTESIAN_POINT('',(-0.3864805976161,-0.1490917476298,0.0027));
#12816=CARTESIAN_POINT('',(-0.5756216976163,-0.14898647479,0.));
#12817=CARTESIAN_POINT('',(-0.5756216976163,-0.14898647479,0.));
#12818=CARTESIAN_POINT('',(-0.3864805976161,-0.1490917476298,0.));
#12819=CARTESIAN_POINT('Ctrl Pts',(-0.5756216976163,-0.14898647479,0.0027));
#12820=CARTESIAN_POINT('Ctrl Pts',(-0.5756216976163,-0.14898647479,-0.00054));
#12821=CARTESIAN_POINT('Ctrl Pts',(-0.7383988168165,-0.1488957409102,0.0027));
#12822=CARTESIAN_POINT('Ctrl Pts',(-0.7383988168165,-0.1488957409102,-0.00054));
#12823=CARTESIAN_POINT('Ctrl Pts',(-0.7660766888164,-0.1483130247781,0.0027));
#12824=CARTESIAN_POINT('Ctrl Pts',(-0.7660766888164,-0.1483130247781,-0.00054));
#12825=CARTESIAN_POINT('Ctrl Pts',(-0.7741861976161,-0.1448057160697,0.0027));
#12826=CARTESIAN_POINT('Ctrl Pts',(-0.7741861976161,-0.1448057160697,-0.00054));
#12827=CARTESIAN_POINT('Ctrl Pts',(-0.5756216976163,-0.14898647479,0.0027));
#12828=CARTESIAN_POINT('Ctrl Pts',(-0.7383988168165,-0.1488957409102,0.0027));
#12829=CARTESIAN_POINT('Ctrl Pts',(-0.7660766888164,-0.1483130247781,0.0027));
#12830=CARTESIAN_POINT('Ctrl Pts',(-0.7741861976161,-0.1448057160697,0.0027));
#12831=CARTESIAN_POINT('Ctrl Pts',(-0.5756216976163,-0.14898647479,0.));
#12832=CARTESIAN_POINT('Ctrl Pts',(-0.7383988168165,-0.1488957409102,0.));
#12833=CARTESIAN_POINT('Ctrl Pts',(-0.7660766888164,-0.1483130247781,0.));
#12834=CARTESIAN_POINT('Ctrl Pts',(-0.7741861976161,-0.1448057160697,0.));
#12835=CARTESIAN_POINT('Origin',(-0.5157236055763,-0.026590240029955,0.0027));
#12836=CARTESIAN_POINT('',(-0.5157236055763,-0.038706040029955,0.));
#12837=CARTESIAN_POINT('',(-0.5157236055763,-0.038706040029955,0.0027));
#12838=CARTESIAN_POINT('',(-0.5157236055763,-0.038706040029955,0.));
#12839=CARTESIAN_POINT('',(-0.5157236055763,-0.014474440029955,0.0027));
#12840=CARTESIAN_POINT('',(-0.5157236055763,-0.038706040029955,0.0027));
#12841=CARTESIAN_POINT('',(-0.5157236055763,-0.014474440029955,0.));
#12842=CARTESIAN_POINT('',(-0.5157236055763,-0.014474440029955,0.));
#12843=CARTESIAN_POINT('',(-0.5157236055763,-0.038706040029955,0.));
#12844=CARTESIAN_POINT('Origin',(-0.5991880055761,-0.014474440029955,0.0027));
#12845=CARTESIAN_POINT('',(-0.6826524055759,-0.014474440029955,0.0027));
#12846=CARTESIAN_POINT('',(-0.5157236055763,-0.014474440029955,0.0027));
#12847=CARTESIAN_POINT('',(-0.6826524055759,-0.014474440029955,0.));
#12848=CARTESIAN_POINT('',(-0.6826524055759,-0.014474440029955,0.));
#12849=CARTESIAN_POINT('',(-0.5157236055763,-0.014474440029955,0.));
#12850=CARTESIAN_POINT('Origin',(-0.6826524055759,-0.038706040029955,0.0027));
#12851=CARTESIAN_POINT('',(-0.6826524055759,-0.062937640029955,0.0027));
#12852=CARTESIAN_POINT('',(-0.6826524055759,-0.014474440029955,0.0027));
#12853=CARTESIAN_POINT('',(-0.6826524055759,-0.062937640029955,0.));
#12854=CARTESIAN_POINT('',(-0.6826524055759,-0.062937640029955,0.));
#12855=CARTESIAN_POINT('',(-0.6826524055759,-0.014474440029955,0.));
#12856=CARTESIAN_POINT('Origin',(-0.5991880055761,-0.062937640029955,0.0027));
#12857=CARTESIAN_POINT('',(-0.5157236055763,-0.062937640029955,0.0027));
#12858=CARTESIAN_POINT('',(-0.6826524055759,-0.062937640029955,0.0027));
#12859=CARTESIAN_POINT('',(-0.5157236055763,-0.062937640029955,0.));
#12860=CARTESIAN_POINT('',(-0.5157236055763,-0.062937640029955,0.));
#12861=CARTESIAN_POINT('',(-0.6826524055759,-0.062937640029955,0.));
#12862=CARTESIAN_POINT('Origin',(-0.5157236055763,-0.050821840029955,0.0027));
#12863=CARTESIAN_POINT('',(-0.5157236055763,-0.062937640029955,0.0027));
#12864=CARTESIAN_POINT('',(-0.5157236055763,-0.062937640029955,0.));
#12865=CARTESIAN_POINT('Origin',(-0.60048022295575,-0.1490917476298,0.));
#12866=CARTESIAN_POINT('Origin',(-0.60048022295575,-0.1490917476298,0.0027));
#12867=CARTESIAN_POINT('',(-1.14817852613547E-15,-4.2545,2.4765));
#12868=CARTESIAN_POINT('',(-6.69200000000001,-3.19815698056519,-2.48610940082206));
#12869=CARTESIAN_POINT('',(6.6023,-2.29595261719469,4.15372582359751));
#12870=CARTESIAN_POINT('Origin',(-0.332059476765213,-0.332059476765213,
-0.332059476765213));
#12871=CARTESIAN_POINT('Origin',(-0.332059476765213,-0.332059476765213,
-0.332059476765213));
#12872=CARTESIAN_POINT('',(0.245290792424413,0.245290792424413,0.245290792424413));
#12873=CARTESIAN_POINT('Origin',(0.245290792424413,0.245290792424413,0.245290792424413));
#12874=CARTESIAN_POINT('Origin',(-0.245290792424413,-0.245290792424413,
-0.245290792424413));
#12875=CARTESIAN_POINT('Origin',(-7.86922048317508E-16,0.,1.77199092178618));
#12876=CARTESIAN_POINT('Origin',(-7.86922048317508E-16,0.,1.77199092178618));
#12877=CARTESIAN_POINT('',(-1.23101125816757E-15,0.,2.77199092178618));
#12878=CARTESIAN_POINT('Origin',(-1.23101125816757E-15,0.,2.77199092178618));
#12879=CARTESIAN_POINT('Origin',(1.23101125816757E-15,0.,-2.77199092178618));
#12880=CARTESIAN_POINT('Origin',(0.,1.77199092178618,0.));
#12881=CARTESIAN_POINT('Origin',(0.,1.77199092178618,0.));
#12882=CARTESIAN_POINT('',(0.,2.77199092178618,0.));
#12883=CARTESIAN_POINT('Origin',(0.,2.77199092178618,0.));
#12884=CARTESIAN_POINT('Origin',(0.,-2.77199092178618,0.));
#12885=CARTESIAN_POINT('Origin',(1.77199092178618,0.,0.));
#12886=CARTESIAN_POINT('Origin',(1.77199092178618,0.,0.));
#12887=CARTESIAN_POINT('',(2.77199092178618,0.,0.));
#12888=CARTESIAN_POINT('Origin',(2.77199092178618,0.,0.));
#12889=CARTESIAN_POINT('Origin',(-2.77199092178618,0.,0.));
#12890=CARTESIAN_POINT('Origin',(-0.332059476765213,-0.332059476765213,
-0.332059476765213));
#12891=CARTESIAN_POINT('Origin',(-0.332059476765213,-0.332059476765213,
-0.332059476765213));
#12892=CARTESIAN_POINT('',(0.245290792424413,0.245290792424413,0.245290792424413));
#12893=CARTESIAN_POINT('Origin',(0.245290792424413,0.245290792424413,0.245290792424413));
#12894=CARTESIAN_POINT('Origin',(-0.245290792424413,-0.245290792424413,
-0.245290792424413));
#12895=CARTESIAN_POINT('Origin',(-7.86922048317508E-16,0.,1.77199092178618));
#12896=CARTESIAN_POINT('Origin',(-7.86922048317508E-16,0.,1.77199092178618));
#12897=CARTESIAN_POINT('',(-1.23101125816757E-15,0.,2.77199092178618));
#12898=CARTESIAN_POINT('Origin',(-1.23101125816757E-15,0.,2.77199092178618));
#12899=CARTESIAN_POINT('Origin',(1.23101125816757E-15,0.,-2.77199092178618));
#12900=CARTESIAN_POINT('Origin',(0.,1.77199092178618,0.));
#12901=CARTESIAN_POINT('Origin',(0.,1.77199092178618,0.));
#12902=CARTESIAN_POINT('',(0.,2.77199092178618,0.));
#12903=CARTESIAN_POINT('Origin',(0.,2.77199092178618,0.));
#12904=CARTESIAN_POINT('Origin',(0.,-2.77199092178618,0.));
#12905=CARTESIAN_POINT('Origin',(1.77199092178618,0.,0.));
#12906=CARTESIAN_POINT('Origin',(1.77199092178618,0.,0.));
#12907=CARTESIAN_POINT('',(2.77199092178618,0.,0.));
#12908=CARTESIAN_POINT('Origin',(2.77199092178618,0.,0.));
#12909=CARTESIAN_POINT('Origin',(-2.77199092178618,0.,0.));
#12910=CARTESIAN_POINT('Origin',(9.23041194807469,-9.23041194807469,9.23041194807469));
#12911=CARTESIAN_POINT('Origin',(9.23041194807469,-9.23041194807469,9.23041194807469));
#12912=CARTESIAN_POINT('',(9.80776221726431,-9.80776221726431,9.80776221726431));
#12913=CARTESIAN_POINT('Origin',(9.80776221726431,-9.80776221726431,9.80776221726431));
#12914=CARTESIAN_POINT('Origin',(-9.80776221726431,9.80776221726431,-9.80776221726431));
#12915=CARTESIAN_POINT('Origin',(2.59110836358482E-14,0.,116.693146607172));
#12916=CARTESIAN_POINT('Origin',(2.59110836358482E-14,0.,116.693146607172));
#12917=CARTESIAN_POINT('',(2.61331282407732E-14,0.,117.693146607172));
#12918=CARTESIAN_POINT('Origin',(2.61331282407732E-14,0.,117.693146607172));
#12919=CARTESIAN_POINT('Origin',(-2.61331282407732E-14,0.,-117.693146607172));
#12920=CARTESIAN_POINT('Origin',(0.,116.693146607172,0.));
#12921=CARTESIAN_POINT('Origin',(0.,116.693146607172,0.));
#12922=CARTESIAN_POINT('',(0.,117.693146607172,0.));
#12923=CARTESIAN_POINT('Origin',(0.,117.693146607172,0.));
#12924=CARTESIAN_POINT('Origin',(0.,-117.693146607172,0.));
#12925=CARTESIAN_POINT('Origin',(116.693146607172,0.,0.));
#12926=CARTESIAN_POINT('Origin',(116.693146607172,0.,0.));
#12927=CARTESIAN_POINT('',(117.693146607172,0.,0.));
#12928=CARTESIAN_POINT('Origin',(117.693146607172,0.,0.));
#12929=CARTESIAN_POINT('Origin',(-117.693146607172,0.,0.));
#12930=CARTESIAN_POINT('Origin',(5.65303585839045,5.65303585839045,5.65303585839045));
#12931=CARTESIAN_POINT('Origin',(5.65303585839045,5.65303585839045,5.65303585839045));
#12932=CARTESIAN_POINT('',(6.23038612758008,6.23038612758008,6.23038612758008));
#12933=CARTESIAN_POINT('Origin',(6.23038612758008,6.23038612758008,6.23038612758008));
#12934=CARTESIAN_POINT('Origin',(-6.23038612758008,-6.23038612758008,-6.23038612758008));
#12935=CARTESIAN_POINT('Origin',(-3.08235967476062E-14,0.,69.408569413369));
#12936=CARTESIAN_POINT('Origin',(-3.08235967476062E-14,0.,69.408569413369));
#12937=CARTESIAN_POINT('',(-3.12676859574563E-14,0.,70.408569413369));
#12938=CARTESIAN_POINT('Origin',(-3.12676859574563E-14,0.,70.408569413369));
#12939=CARTESIAN_POINT('Origin',(3.12676859574563E-14,0.,-70.408569413369));
#12940=CARTESIAN_POINT('Origin',(0.,69.408569413369,0.));
#12941=CARTESIAN_POINT('Origin',(0.,69.408569413369,0.));
#12942=CARTESIAN_POINT('',(0.,70.408569413369,0.));
#12943=CARTESIAN_POINT('Origin',(0.,70.408569413369,0.));
#12944=CARTESIAN_POINT('Origin',(0.,-70.408569413369,0.));
#12945=CARTESIAN_POINT('Origin',(69.408569413369,0.,0.));
#12946=CARTESIAN_POINT('Origin',(69.408569413369,0.,0.));
#12947=CARTESIAN_POINT('',(70.408569413369,0.,0.));
#12948=CARTESIAN_POINT('Origin',(70.408569413369,0.,0.));
#12949=CARTESIAN_POINT('Origin',(-70.408569413369,0.,0.));
#12950=CARTESIAN_POINT('Origin',(0.,0.,0.));
#12951=CARTESIAN_POINT('Origin',(0.,0.,0.));
#12952=CARTESIAN_POINT('Origin',(0.,0.,0.));
#12953=CARTESIAN_POINT('Origin',(0.,0.,0.));
#12954=CARTESIAN_POINT('Origin',(0.,0.,0.));
#12955=CARTESIAN_POINT('Origin',(0.,0.,0.));
#12956=CARTESIAN_POINT('Origin',(0.,0.,0.));
#12957=CARTESIAN_POINT('Origin',(0.,0.,0.));
#12958=CARTESIAN_POINT('Origin',(0.,0.,0.));
#12959=CARTESIAN_POINT('Origin',(0.,0.,0.));
#12960=CARTESIAN_POINT('Origin',(0.,0.,0.));
#12961=CARTESIAN_POINT('Origin',(0.,0.,0.));
#12962=CARTESIAN_POINT('Origin',(0.,0.,0.));
#12963=CARTESIAN_POINT('Origin',(0.,0.,0.));
#12964=CARTESIAN_POINT('Origin',(0.,0.,0.));
#12965=CARTESIAN_POINT('Origin',(0.,0.,0.));
#12966=CARTESIAN_POINT('Origin',(0.,0.,0.));
#12967=CARTESIAN_POINT('Origin',(0.,0.,0.));
#12968=CARTESIAN_POINT('Origin',(0.,0.,0.));
#12969=CARTESIAN_POINT('Origin',(0.,0.,0.));
#12970=UNCERTAINTY_MEASURE_WITH_UNIT(LENGTH_MEASURE(0.01),#12984,
'DISTANCE_ACCURACY_VALUE',
'Maximum model space distance between geometric entities at asserted c
onnectivities');
#12971=UNCERTAINTY_MEASURE_WITH_UNIT(LENGTH_MEASURE(0.000393700787401575),
#7768,'DISTANCE_ACCURACY_VALUE',
'Maximum model space distance between geometric entities at asserted c
onnectivities');
#12972=UNCERTAINTY_MEASURE_WITH_UNIT(LENGTH_MEASURE(0.000393700787401575),
#7768,'DISTANCE_ACCURACY_VALUE',
'Maximum model space distance between geometric entities at asserted c
onnectivities');
#12973=UNCERTAINTY_MEASURE_WITH_UNIT(LENGTH_MEASURE(0.000393700787401575),
#7768,'DISTANCE_ACCURACY_VALUE',
'Maximum model space distance between geometric entities at asserted c
onnectivities');
#12974=UNCERTAINTY_MEASURE_WITH_UNIT(LENGTH_MEASURE(0.01),#12984,
'DISTANCE_ACCURACY_VALUE',
'Maximum model space distance between geometric entities at asserted c
onnectivities');
#12975=UNCERTAINTY_MEASURE_WITH_UNIT(LENGTH_MEASURE(0.01),#12984,
'DISTANCE_ACCURACY_VALUE',
'Maximum model space distance between geometric entities at asserted c
onnectivities');
#12976=UNCERTAINTY_MEASURE_WITH_UNIT(LENGTH_MEASURE(0.01),#12984,
'DISTANCE_ACCURACY_VALUE',
'Maximum model space distance between geometric entities at asserted c
onnectivities');
#12977=(
GEOMETRIC_REPRESENTATION_CONTEXT(3)
GLOBAL_UNCERTAINTY_ASSIGNED_CONTEXT((#12970))
GLOBAL_UNIT_ASSIGNED_CONTEXT((#12984,#12987,#12986))
REPRESENTATION_CONTEXT('','3D')
);
#12978=(
GEOMETRIC_REPRESENTATION_CONTEXT(3)
GLOBAL_UNCERTAINTY_ASSIGNED_CONTEXT((#12971))
GLOBAL_UNIT_ASSIGNED_CONTEXT((#7768,#12987,#12986))
REPRESENTATION_CONTEXT('','3D')
);
#12979=(
GEOMETRIC_REPRESENTATION_CONTEXT(3)
GLOBAL_UNCERTAINTY_ASSIGNED_CONTEXT((#12972))
GLOBAL_UNIT_ASSIGNED_CONTEXT((#7768,#12987,#12986))
REPRESENTATION_CONTEXT('','3D')
);
#12980=(
GEOMETRIC_REPRESENTATION_CONTEXT(3)
GLOBAL_UNCERTAINTY_ASSIGNED_CONTEXT((#12973))
GLOBAL_UNIT_ASSIGNED_CONTEXT((#7768,#12987,#12986))
REPRESENTATION_CONTEXT('','3D')
);
#12981=(
GEOMETRIC_REPRESENTATION_CONTEXT(3)
GLOBAL_UNCERTAINTY_ASSIGNED_CONTEXT((#12974))
GLOBAL_UNIT_ASSIGNED_CONTEXT((#12984,#12987,#12986))
REPRESENTATION_CONTEXT('','3D')
);
#12982=(
GEOMETRIC_REPRESENTATION_CONTEXT(3)
GLOBAL_UNCERTAINTY_ASSIGNED_CONTEXT((#12975))
GLOBAL_UNIT_ASSIGNED_CONTEXT((#12984,#12987,#12986))
REPRESENTATION_CONTEXT('','3D')
);
#12983=(
GEOMETRIC_REPRESENTATION_CONTEXT(3)
GLOBAL_UNCERTAINTY_ASSIGNED_CONTEXT((#12976))
GLOBAL_UNIT_ASSIGNED_CONTEXT((#12984,#12987,#12986))
REPRESENTATION_CONTEXT('','3D')
);
#12984=(
LENGTH_UNIT()
NAMED_UNIT(*)
SI_UNIT(.MILLI.,.METRE.)
);
#12985=(
LENGTH_UNIT()
NAMED_UNIT(*)
SI_UNIT(.CENTI.,.METRE.)
);
#12986=(
NAMED_UNIT(*)
SI_UNIT($,.STERADIAN.)
SOLID_ANGLE_UNIT()
);
#12987=(
NAMED_UNIT(*)
PLANE_ANGLE_UNIT()
SI_UNIT($,.RADIAN.)
);
#12988=SHAPE_DEFINITION_REPRESENTATION(#12994,#13005);
#12989=SHAPE_DEFINITION_REPRESENTATION(#12995,#13006);
#12990=SHAPE_DEFINITION_REPRESENTATION(#12996,#13007);
#12991=SHAPE_DEFINITION_REPRESENTATION(#12997,#13008);
#12992=SHAPE_DEFINITION_REPRESENTATION(#13000,#13009);
#12993=SHAPE_DEFINITION_REPRESENTATION(#13001,#13010);
#12994=PRODUCT_DEFINITION_SHAPE('',$,#13012);
#12995=PRODUCT_DEFINITION_SHAPE('',$,#13013);
#12996=PRODUCT_DEFINITION_SHAPE('',$,#13014);
#12997=PRODUCT_DEFINITION_SHAPE('',$,#13015);
#12998=PRODUCT_DEFINITION_SHAPE($,$,#260);
#12999=PRODUCT_DEFINITION_SHAPE($,$,#261);
#13000=PRODUCT_DEFINITION_SHAPE('',$,#13016);
#13001=PRODUCT_DEFINITION_SHAPE('',$,#13017);
#13002=PRODUCT_DEFINITION_SHAPE($,$,#262);
#13003=PRODUCT_DEFINITION_SHAPE($,$,#263);
#13004=PRODUCT_DEFINITION_SHAPE($,$,#264);
#13005=SHAPE_REPRESENTATION('',(#7806,#8263,#8264,#8265),#12977);
#13006=SHAPE_REPRESENTATION('',(#7807,#8109,#8110),#12978);
#13007=SHAPE_REPRESENTATION('',(#7808),#12979);
#13008=SHAPE_REPRESENTATION('',(#7952),#12980);
#13009=SHAPE_REPRESENTATION('',(#8111),#12981);
#13010=SHAPE_REPRESENTATION('',(#8117),#12982);
#13011=PRODUCT_DEFINITION_CONTEXT('part definition',#13031,'design');
#13012=PRODUCT_DEFINITION('Samtec SSW-105-02-G-D-RA',
'Samtec SSW-105-02-G-D-RA',#13018,#13011);
#13013=PRODUCT_DEFINITION('SSW-105-02-G-D-RA','SSW-105-02-G-D-RA',#13019,
#13011);
#13014=PRODUCT_DEFINITION('T1SSW-105-02-G-D-RA','T1SSW-105-02-G-D-RA',#13020,
#13011);
#13015=PRODUCT_DEFINITION('P2SSW-105-02-G-D-RA','P2SSW-105-02-G-D-RA',#13021,
#13011);
#13016=PRODUCT_DEFINITION('Pin1_Triangle','Pin1_Triangle',#13022,#13011);
#13017=PRODUCT_DEFINITION('Samtec','Samtec',#13023,#13011);
#13018=PRODUCT_DEFINITION_FORMATION('',$,#13033);
#13019=PRODUCT_DEFINITION_FORMATION('',$,#13034);
#13020=PRODUCT_DEFINITION_FORMATION('',$,#13035);
#13021=PRODUCT_DEFINITION_FORMATION('',$,#13036);
#13022=PRODUCT_DEFINITION_FORMATION('',$,#13037);
#13023=PRODUCT_DEFINITION_FORMATION('',$,#13038);
#13024=PRODUCT_RELATED_PRODUCT_CATEGORY('Samtec SSW-105-02-G-D-RA',
'Samtec SSW-105-02-G-D-RA',(#13033));
#13025=PRODUCT_RELATED_PRODUCT_CATEGORY('SSW-105-02-G-D-RA',
'SSW-105-02-G-D-RA',(#13034));
#13026=PRODUCT_RELATED_PRODUCT_CATEGORY('T1SSW-105-02-G-D-RA',
'T1SSW-105-02-G-D-RA',(#13035));
#13027=PRODUCT_RELATED_PRODUCT_CATEGORY('P2SSW-105-02-G-D-RA',
'P2SSW-105-02-G-D-RA',(#13036));
#13028=PRODUCT_RELATED_PRODUCT_CATEGORY('Pin1_Triangle','Pin1_Triangle',
(#13037));
#13029=PRODUCT_RELATED_PRODUCT_CATEGORY('Samtec','Samtec',(#13038));
#13030=APPLICATION_PROTOCOL_DEFINITION('international standard',
'ap242_managed_model_based_3d_engineering',2011,#13031);
#13031=APPLICATION_CONTEXT('Managed model based 3d engineering');
#13032=PRODUCT_CONTEXT('part definition',#13031,'mechanical');
#13033=PRODUCT('Samtec SSW-105-02-G-D-RA','Samtec SSW-105-02-G-D-RA',$,
(#13032));
#13034=PRODUCT('SSW-105-02-G-D-RA','SSW-105-02-G-D-RA',
'SSW Series-SSW Series - (2,54 mm) .100" Surface Mount Terminal & Thro
ugh-Hole .025" Square Post Socket',(#13032));
#13035=PRODUCT('T1SSW-105-02-G-D-RA','T1SSW-105-02-G-D-RA',
'SSW Series Terminal-SSW Series - (2,54 mm) .100" Surface Mount Termin
al & Through-Hole .025" Square Post Socket',(#13032));
#13036=PRODUCT('P2SSW-105-02-G-D-RA','P2SSW-105-02-G-D-RA',
'SSW Series Pin-SSW Series - (2,54 mm) .100" Surface Mount Terminal & 
Through-Hole .025" Square Post Socket',(#13032));
#13037=PRODUCT('Pin1_Triangle','Pin1_Triangle',$,(#13032));
#13038=PRODUCT('Samtec','Samtec','FreeCAD Model',(#13032));
ENDSEC;
END-ISO-10303-21;
