ISO-10303-21;
HEADER;
/* Generated by software containing ST-Developer
 * from STEP Tools, Inc. (www.steptools.com) 
 */

FILE_DESCRIPTION(
/* description */ (''),
/* implementation_level */ '2;1');

FILE_NAME(
/* name */ 'D:\\Upverter\\3D\\Amass\\XT30PW-F\\Amass XT30PW-F.stp',
/* time_stamp */ '2023-06-06T10:35:26+03:00',
/* author */ ('AbuBakr'),
/* organization */ (''),
/* preprocessor_version */ 'ST-DEVELOPER v17',
/* originating_system */ 'Autodesk Inventor 2019',
/* authorisation */ '');

FILE_SCHEMA (('AUTOMOTIVE_DESIGN { 1 0 10303 214 3 1 1 }'));
ENDSEC;

DATA;
#10=MECHANICAL_DESIGN_GEOMETRIC_PRESENTATION_REPRESENTATION('',(#3767,#3768,
#3769,#3770,#3771,#3772,#3773,#3774,#3775,#3776,#3777,#3778,#3779,#3780,
#3781,#3782,#3783,#3784,#3785,#3786,#3787,#3788,#3789,#3790,#3791,#3792,
#3793,#3794,#3795,#3796,#3797,#3798,#3799,#3800,#3801,#3802,#3803,#3804,
#3805,#3806,#3807,#3808,#3809,#3810,#3811,#3812,#3813,#3814,#3815,#3816,
#3817,#3818,#3819,#3820,#3821,#3822,#3823,#3824,#3825,#3826,#3827,#3828,
#3829,#3830,#3831,#3832,#3833,#3834,#3835,#3836,#3837,#3838,#3839,#3840,
#3841,#3842,#3843,#3844,#3845,#3846,#3847,#3848,#3849,#3850,#3851,#3852,
#3853,#3854,#3855,#3856,#3857,#3858,#3859,#3860,#3861,#3862,#3863,#3864,
#3865,#3866,#3867,#3868,#3869,#3870,#3871,#3872,#3873,#3874,#3875,#3876,
#3877,#3878,#3879,#3880,#3881,#3882,#3883,#3884,#3885,#3886,#3887,#3888,
#3889,#3890,#3891,#3892,#3893,#3894,#3895,#3896,#3897,#3898,#3899,#3900,
#3901,#3902,#3903,#3904,#3905,#3906,#3907,#3908,#3909,#3910,#3911,#3912,
#3913,#3914),#7607);
#11=B_SPLINE_SURFACE_WITH_KNOTS('',2,1,((#6571,#6572),(#6573,#6574),(#6575,
#6576)),.UNSPECIFIED.,.F.,.F.,.F.,(3,3),(2,2),(-1.,0.),(0.,0.03),
 .UNSPECIFIED.);
#12=B_SPLINE_SURFACE_WITH_KNOTS('',2,1,((#6582,#6583),(#6584,#6585),(#6586,
#6587),(#6588,#6589)),.UNSPECIFIED.,.F.,.F.,.F.,(3,1,3),(2,2),(-2.,-1.,
0.),(0.,0.03),.UNSPECIFIED.);
#13=B_SPLINE_SURFACE_WITH_KNOTS('',2,1,((#6596,#6597),(#6598,#6599),(#6600,
#6601),(#6602,#6603)),.UNSPECIFIED.,.F.,.F.,.F.,(3,1,3),(2,2),(-2.,-1.,
0.),(0.,0.03),.UNSPECIFIED.);
#14=B_SPLINE_SURFACE_WITH_KNOTS('',2,1,((#6610,#6611),(#6612,#6613),(#6614,
#6615),(#6616,#6617),(#6618,#6619)),.UNSPECIFIED.,.F.,.F.,.F.,(3,1,1,3),
(2,2),(-3.,-2.,-1.,0.),(0.,0.03),.UNSPECIFIED.);
#15=B_SPLINE_SURFACE_WITH_KNOTS('',2,1,((#6627,#6628),(#6629,#6630),(#6631,
#6632),(#6633,#6634),(#6635,#6636)),.UNSPECIFIED.,.F.,.F.,.F.,(3,1,1,3),
(2,2),(-3.,-2.,-1.,0.),(0.,0.03),.UNSPECIFIED.);
#16=B_SPLINE_SURFACE_WITH_KNOTS('',2,1,((#6644,#6645),(#6646,#6647),(#6648,
#6649),(#6650,#6651)),.UNSPECIFIED.,.F.,.F.,.F.,(3,1,3),(2,2),(-2.,-1.,
0.),(0.,0.03),.UNSPECIFIED.);
#17=B_SPLINE_SURFACE_WITH_KNOTS('',2,1,((#6656,#6657),(#6658,#6659),(#6660,
#6661),(#6662,#6663)),.UNSPECIFIED.,.F.,.F.,.F.,(3,1,3),(2,2),(-2.,-1.,
0.),(0.,0.03),.UNSPECIFIED.);
#18=B_SPLINE_SURFACE_WITH_KNOTS('',2,1,((#6670,#6671),(#6672,#6673),(#6674,
#6675),(#6676,#6677)),.UNSPECIFIED.,.F.,.F.,.F.,(3,1,3),(2,2),(-2.,-1.,
0.),(0.,0.03),.UNSPECIFIED.);
#19=B_SPLINE_SURFACE_WITH_KNOTS('',2,1,((#6684,#6685),(#6686,#6687),(#6688,
#6689),(#6690,#6691)),.UNSPECIFIED.,.F.,.F.,.F.,(3,1,3),(2,2),(-2.,-1.,
0.),(0.,0.03),.UNSPECIFIED.);
#20=B_SPLINE_SURFACE_WITH_KNOTS('',2,1,((#6698,#6699),(#6700,#6701),(#6702,
#6703),(#6704,#6705),(#6706,#6707)),.UNSPECIFIED.,.F.,.F.,.F.,(3,1,1,3),
(2,2),(-3.,-2.,-1.,0.),(0.,0.03),.UNSPECIFIED.);
#21=B_SPLINE_SURFACE_WITH_KNOTS('',2,1,((#6715,#6716),(#6717,#6718),(#6719,
#6720),(#6721,#6722),(#6723,#6724)),.UNSPECIFIED.,.F.,.F.,.F.,(3,1,1,3),
(2,2),(-3.,-2.,-1.,0.),(0.,0.03),.UNSPECIFIED.);
#22=B_SPLINE_SURFACE_WITH_KNOTS('',2,1,((#6732,#6733),(#6734,#6735),(#6736,
#6737),(#6738,#6739)),.UNSPECIFIED.,.F.,.F.,.F.,(3,1,3),(2,2),(-2.,-1.,
0.),(0.,0.03),.UNSPECIFIED.);
#23=B_SPLINE_SURFACE_WITH_KNOTS('',2,1,((#6829,#6830),(#6831,#6832),(#6833,
#6834),(#6835,#6836)),.UNSPECIFIED.,.F.,.F.,.F.,(3,1,3),(2,2),(0.,1.,2.),
(0.,0.03),.UNSPECIFIED.);
#24=B_SPLINE_SURFACE_WITH_KNOTS('',2,1,((#6853,#6854),(#6855,#6856),(#6857,
#6858),(#6859,#6860)),.UNSPECIFIED.,.F.,.F.,.F.,(3,1,3),(2,2),(0.,1.,2.),
(0.,0.03),.UNSPECIFIED.);
#25=B_SPLINE_SURFACE_WITH_KNOTS('',2,1,((#6867,#6868),(#6869,#6870),(#6871,
#6872),(#6873,#6874)),.UNSPECIFIED.,.F.,.F.,.F.,(3,1,3),(2,2),(0.,1.,2.),
(0.,0.03),.UNSPECIFIED.);
#26=B_SPLINE_SURFACE_WITH_KNOTS('',2,1,((#6889,#6890),(#6891,#6892),(#6893,
#6894),(#6895,#6896)),.UNSPECIFIED.,.F.,.F.,.F.,(3,1,3),(2,2),(-2.,-1.,
0.),(0.,0.03),.UNSPECIFIED.);
#27=B_SPLINE_SURFACE_WITH_KNOTS('',2,1,((#6903,#6904),(#6905,#6906),(#6907,
#6908),(#6909,#6910)),.UNSPECIFIED.,.F.,.F.,.F.,(3,1,3),(2,2),(-2.,-1.,
0.),(0.,0.03),.UNSPECIFIED.);
#28=B_SPLINE_SURFACE_WITH_KNOTS('',2,1,((#6915,#6916),(#6917,#6918),(#6919,
#6920),(#6921,#6922)),.UNSPECIFIED.,.F.,.F.,.F.,(3,1,3),(2,2),(-2.,-1.,
0.),(0.,0.03),.UNSPECIFIED.);
#29=B_SPLINE_SURFACE_WITH_KNOTS('',2,1,((#6929,#6930),(#6931,#6932),(#6933,
#6934),(#6935,#6936)),.UNSPECIFIED.,.F.,.F.,.F.,(3,1,3),(2,2),(-2.,-1.,
0.),(0.,0.03),.UNSPECIFIED.);
#30=B_SPLINE_SURFACE_WITH_KNOTS('',2,1,((#6949,#6950),(#6951,#6952),(#6953,
#6954),(#6955,#6956)),.UNSPECIFIED.,.F.,.F.,.F.,(3,1,3),(2,2),(-2.,-1.,
0.),(0.,0.03),.UNSPECIFIED.);
#31=B_SPLINE_SURFACE_WITH_KNOTS('',2,1,((#6963,#6964),(#6965,#6966),(#6967,
#6968),(#6969,#6970)),.UNSPECIFIED.,.F.,.F.,.F.,(3,1,3),(2,2),(-2.,-1.,
0.),(0.,0.03),.UNSPECIFIED.);
#32=B_SPLINE_SURFACE_WITH_KNOTS('',2,1,((#6977,#6978),(#6979,#6980),(#6981,
#6982),(#6983,#6984)),.UNSPECIFIED.,.F.,.F.,.F.,(3,1,3),(2,2),(-2.,-1.,
0.),(0.,0.03),.UNSPECIFIED.);
#33=B_SPLINE_SURFACE_WITH_KNOTS('',2,1,((#7191,#7192),(#7193,#7194),(#7195,
#7196),(#7197,#7198)),.UNSPECIFIED.,.F.,.F.,.F.,(3,1,3),(2,2),(-2.,-1.,
0.),(0.,0.03),.UNSPECIFIED.);
#34=B_SPLINE_SURFACE_WITH_KNOTS('',2,1,((#7200,#7201),(#7202,#7203),(#7204,
#7205),(#7206,#7207)),.UNSPECIFIED.,.F.,.F.,.F.,(3,1,3),(2,2),(-2.,-1.,
0.),(0.,0.03),.UNSPECIFIED.);
#35=B_SPLINE_SURFACE_WITH_KNOTS('',2,1,((#7209,#7210),(#7211,#7212),(#7213,
#7214),(#7215,#7216)),.UNSPECIFIED.,.F.,.F.,.F.,(3,1,3),(2,2),(-2.,-1.,
0.),(0.,0.03),.UNSPECIFIED.);
#36=B_SPLINE_SURFACE_WITH_KNOTS('',2,1,((#7218,#7219),(#7220,#7221),(#7222,
#7223),(#7224,#7225)),.UNSPECIFIED.,.F.,.F.,.F.,(3,1,3),(2,2),(-2.,-1.,
0.),(0.,0.03),.UNSPECIFIED.);
#37=B_SPLINE_SURFACE_WITH_KNOTS('',2,1,((#7233,#7234),(#7235,#7236),(#7237,
#7238),(#7239,#7240)),.UNSPECIFIED.,.F.,.F.,.F.,(3,1,3),(2,2),(-2.,-1.,
0.),(0.,0.03),.UNSPECIFIED.);
#38=B_SPLINE_SURFACE_WITH_KNOTS('',2,1,((#7242,#7243),(#7244,#7245),(#7246,
#7247),(#7248,#7249)),.UNSPECIFIED.,.F.,.F.,.F.,(3,1,3),(2,2),(-2.,-1.,
0.),(0.,0.03),.UNSPECIFIED.);
#39=B_SPLINE_SURFACE_WITH_KNOTS('',2,1,((#7257,#7258),(#7259,#7260),(#7261,
#7262),(#7263,#7264)),.UNSPECIFIED.,.F.,.F.,.F.,(3,1,3),(2,2),(-2.,-1.,
0.),(0.,0.03),.UNSPECIFIED.);
#40=B_SPLINE_SURFACE_WITH_KNOTS('',2,1,((#7266,#7267),(#7268,#7269),(#7270,
#7271),(#7272,#7273)),.UNSPECIFIED.,.F.,.F.,.F.,(3,1,3),(2,2),(-2.,-1.,
0.),(0.,0.03),.UNSPECIFIED.);
#41=B_SPLINE_SURFACE_WITH_KNOTS('',2,1,((#7368,#7369),(#7370,#7371),(#7372,
#7373)),.UNSPECIFIED.,.F.,.F.,.F.,(3,3),(2,2),(-1.,0.),(0.,0.03),
 .UNSPECIFIED.);
#42=B_SPLINE_SURFACE_WITH_KNOTS('',2,1,((#7379,#7380),(#7381,#7382),(#7383,
#7384),(#7385,#7386)),.UNSPECIFIED.,.F.,.F.,.F.,(3,1,3),(2,2),(-2.,-1.,
0.),(0.,0.03),.UNSPECIFIED.);
#43=B_SPLINE_SURFACE_WITH_KNOTS('',2,1,((#7393,#7394),(#7395,#7396),(#7397,
#7398),(#7399,#7400)),.UNSPECIFIED.,.F.,.F.,.F.,(3,1,3),(2,2),(-2.,-1.,
0.),(0.,0.03),.UNSPECIFIED.);
#44=B_SPLINE_SURFACE_WITH_KNOTS('',2,1,((#7407,#7408),(#7409,#7410),(#7411,
#7412),(#7413,#7414),(#7415,#7416)),.UNSPECIFIED.,.F.,.F.,.F.,(3,1,1,3),
(2,2),(-3.,-2.,-1.,0.),(0.,0.03),.UNSPECIFIED.);
#45=B_SPLINE_SURFACE_WITH_KNOTS('',2,1,((#7424,#7425),(#7426,#7427),(#7428,
#7429),(#7430,#7431),(#7432,#7433)),.UNSPECIFIED.,.F.,.F.,.F.,(3,1,1,3),
(2,2),(-3.,-2.,-1.,0.),(0.,0.03),.UNSPECIFIED.);
#46=B_SPLINE_SURFACE_WITH_KNOTS('',2,1,((#7441,#7442),(#7443,#7444),(#7445,
#7446),(#7447,#7448)),.UNSPECIFIED.,.F.,.F.,.F.,(3,1,3),(2,2),(-2.,-1.,
0.),(0.,0.03),.UNSPECIFIED.);
#47=B_SPLINE_SURFACE_WITH_KNOTS('',2,1,((#7453,#7454),(#7455,#7456),(#7457,
#7458),(#7459,#7460)),.UNSPECIFIED.,.F.,.F.,.F.,(3,1,3),(2,2),(-2.,-1.,
0.),(0.,0.03),.UNSPECIFIED.);
#48=B_SPLINE_SURFACE_WITH_KNOTS('',2,1,((#7467,#7468),(#7469,#7470),(#7471,
#7472),(#7473,#7474)),.UNSPECIFIED.,.F.,.F.,.F.,(3,1,3),(2,2),(-2.,-1.,
0.),(0.,0.03),.UNSPECIFIED.);
#49=B_SPLINE_SURFACE_WITH_KNOTS('',2,1,((#7481,#7482),(#7483,#7484),(#7485,
#7486),(#7487,#7488)),.UNSPECIFIED.,.F.,.F.,.F.,(3,1,3),(2,2),(-2.,-1.,
0.),(0.,0.03),.UNSPECIFIED.);
#50=B_SPLINE_SURFACE_WITH_KNOTS('',2,1,((#7495,#7496),(#7497,#7498),(#7499,
#7500),(#7501,#7502),(#7503,#7504)),.UNSPECIFIED.,.F.,.F.,.F.,(3,1,1,3),
(2,2),(-3.,-2.,-1.,0.),(0.,0.03),.UNSPECIFIED.);
#51=B_SPLINE_SURFACE_WITH_KNOTS('',2,1,((#7512,#7513),(#7514,#7515),(#7516,
#7517),(#7518,#7519),(#7520,#7521)),.UNSPECIFIED.,.F.,.F.,.F.,(3,1,1,3),
(2,2),(-3.,-2.,-1.,0.),(0.,0.03),.UNSPECIFIED.);
#52=B_SPLINE_SURFACE_WITH_KNOTS('',2,1,((#7529,#7530),(#7531,#7532),(#7533,
#7534),(#7535,#7536)),.UNSPECIFIED.,.F.,.F.,.F.,(3,1,3),(2,2),(-2.,-1.,
0.),(0.,0.03),.UNSPECIFIED.);
#53=B_SPLINE_CURVE_WITH_KNOTS('',3,(#6484,#6485,#6486,#6487,#6488,#6489),
 .UNSPECIFIED.,.F.,.F.,(4,2,4),(-0.03,-0.015,0.),.UNSPECIFIED.);
#54=B_SPLINE_CURVE_WITH_KNOTS('',3,(#6498,#6499,#6500,#6501,#6502,#6503),
 .UNSPECIFIED.,.F.,.F.,(4,2,4),(-0.03,-0.015,0.),.UNSPECIFIED.);
#55=B_SPLINE_CURVE_WITH_KNOTS('',2,(#6511,#6512,#6513,#6514),
 .UNSPECIFIED.,.F.,.F.,(3,1,3),(-1.53445199877122,-1.,0.),.UNSPECIFIED.);
#56=B_SPLINE_CURVE_WITH_KNOTS('',2,(#6516,#6517,#6518,#6519,#6520),
 .UNSPECIFIED.,.F.,.F.,(3,1,1,3),(-3.,-2.,-1.,0.),.UNSPECIFIED.);
#57=B_SPLINE_CURVE_WITH_KNOTS('',2,(#6522,#6523,#6524,#6525,#6526),
 .UNSPECIFIED.,.F.,.F.,(3,1,1,3),(-3.,-2.,-1.,0.),.UNSPECIFIED.);
#58=B_SPLINE_CURVE_WITH_KNOTS('',2,(#6528,#6529,#6530,#6531),
 .UNSPECIFIED.,.F.,.F.,(3,1,3),(-2.,-1.,0.),.UNSPECIFIED.);
#59=B_SPLINE_CURVE_WITH_KNOTS('',2,(#6533,#6534,#6535,#6536),
 .UNSPECIFIED.,.F.,.F.,(3,1,3),(-2.,-1.,0.),.UNSPECIFIED.);
#60=B_SPLINE_CURVE_WITH_KNOTS('',2,(#6537,#6538,#6539),.UNSPECIFIED.,.F.,
 .F.,(3,3),(-1.,0.),.UNSPECIFIED.);
#61=B_SPLINE_CURVE_WITH_KNOTS('',2,(#6541,#6542,#6543,#6544),
 .UNSPECIFIED.,.F.,.F.,(3,1,3),(-1.54998911064208,-1.,0.),.UNSPECIFIED.);
#62=B_SPLINE_CURVE_WITH_KNOTS('',2,(#6546,#6547,#6548,#6549,#6550),
 .UNSPECIFIED.,.F.,.F.,(3,1,1,3),(-3.,-2.,-1.,0.),.UNSPECIFIED.);
#63=B_SPLINE_CURVE_WITH_KNOTS('',2,(#6552,#6553,#6554,#6555,#6556),
 .UNSPECIFIED.,.F.,.F.,(3,1,1,3),(-3.,-2.,-1.,0.),.UNSPECIFIED.);
#64=B_SPLINE_CURVE_WITH_KNOTS('',2,(#6558,#6559,#6560,#6561),
 .UNSPECIFIED.,.F.,.F.,(3,1,3),(-2.,-1.,0.),.UNSPECIFIED.);
#65=B_SPLINE_CURVE_WITH_KNOTS('',2,(#6563,#6564,#6565,#6566),
 .UNSPECIFIED.,.F.,.F.,(3,1,3),(-2.,-1.,0.),.UNSPECIFIED.);
#66=B_SPLINE_CURVE_WITH_KNOTS('',2,(#6567,#6568,#6569,#6570),
 .UNSPECIFIED.,.F.,.F.,(3,1,3),(-2.,-1.,0.),.UNSPECIFIED.);
#67=B_SPLINE_CURVE_WITH_KNOTS('',2,(#6578,#6579,#6580),.UNSPECIFIED.,.F.,
 .F.,(3,3),(0.,1.),.UNSPECIFIED.);
#68=B_SPLINE_CURVE_WITH_KNOTS('',2,(#6591,#6592,#6593,#6594),
 .UNSPECIFIED.,.F.,.F.,(3,1,3),(0.,1.,2.),.UNSPECIFIED.);
#69=B_SPLINE_CURVE_WITH_KNOTS('',2,(#6605,#6606,#6607,#6608),
 .UNSPECIFIED.,.F.,.F.,(3,1,3),(0.,1.,2.),.UNSPECIFIED.);
#70=B_SPLINE_CURVE_WITH_KNOTS('',2,(#6621,#6622,#6623,#6624,#6625),
 .UNSPECIFIED.,.F.,.F.,(3,1,1,3),(0.,1.,2.,3.),.UNSPECIFIED.);
#71=B_SPLINE_CURVE_WITH_KNOTS('',2,(#6638,#6639,#6640,#6641,#6642),
 .UNSPECIFIED.,.F.,.F.,(3,1,1,3),(0.,1.,2.,3.),.UNSPECIFIED.);
#72=B_SPLINE_CURVE_WITH_KNOTS('',2,(#6652,#6653,#6654,#6655),
 .UNSPECIFIED.,.F.,.F.,(3,1,3),(0.,1.,1.53445199877122),.UNSPECIFIED.);
#73=B_SPLINE_CURVE_WITH_KNOTS('',2,(#6665,#6666,#6667,#6668),
 .UNSPECIFIED.,.F.,.F.,(3,1,3),(0.,1.,2.),.UNSPECIFIED.);
#74=B_SPLINE_CURVE_WITH_KNOTS('',2,(#6679,#6680,#6681,#6682),
 .UNSPECIFIED.,.F.,.F.,(3,1,3),(0.,1.,2.),.UNSPECIFIED.);
#75=B_SPLINE_CURVE_WITH_KNOTS('',2,(#6693,#6694,#6695,#6696),
 .UNSPECIFIED.,.F.,.F.,(3,1,3),(0.,1.,2.),.UNSPECIFIED.);
#76=B_SPLINE_CURVE_WITH_KNOTS('',2,(#6709,#6710,#6711,#6712,#6713),
 .UNSPECIFIED.,.F.,.F.,(3,1,1,3),(0.,1.,2.,3.),.UNSPECIFIED.);
#77=B_SPLINE_CURVE_WITH_KNOTS('',2,(#6726,#6727,#6728,#6729,#6730),
 .UNSPECIFIED.,.F.,.F.,(3,1,1,3),(0.,1.,2.,3.),.UNSPECIFIED.);
#78=B_SPLINE_CURVE_WITH_KNOTS('',2,(#6740,#6741,#6742,#6743),
 .UNSPECIFIED.,.F.,.F.,(3,1,3),(0.,1.,1.54998911064208),.UNSPECIFIED.);
#79=B_SPLINE_CURVE_WITH_KNOTS('',3,(#6757,#6758,#6759,#6760,#6761,#6762),
 .UNSPECIFIED.,.F.,.F.,(4,2,4),(-0.03,-0.015,0.),.UNSPECIFIED.);
#80=B_SPLINE_CURVE_WITH_KNOTS('',2,(#6772,#6773,#6774,#6775),
 .UNSPECIFIED.,.F.,.F.,(3,1,3),(-2.,-1.,0.),.UNSPECIFIED.);
#81=B_SPLINE_CURVE_WITH_KNOTS('',2,(#6776,#6777,#6778,#6779),
 .UNSPECIFIED.,.F.,.F.,(3,1,3),(-2.,-1.,-0.379205727454693),
 .UNSPECIFIED.);
#82=B_SPLINE_CURVE_WITH_KNOTS('',2,(#6781,#6782,#6783,#6784),
 .UNSPECIFIED.,.F.,.F.,(3,1,3),(-2.,-1.,0.),.UNSPECIFIED.);
#83=B_SPLINE_CURVE_WITH_KNOTS('',2,(#6786,#6787,#6788,#6789),
 .UNSPECIFIED.,.F.,.F.,(3,1,3),(-2.,-1.,0.),.UNSPECIFIED.);
#84=B_SPLINE_CURVE_WITH_KNOTS('',2,(#6795,#6796,#6797,#6798),
 .UNSPECIFIED.,.F.,.F.,(3,1,3),(-2.,-1.,0.),.UNSPECIFIED.);
#85=B_SPLINE_CURVE_WITH_KNOTS('',2,(#6800,#6801,#6802,#6803),
 .UNSPECIFIED.,.F.,.F.,(3,1,3),(-2.,-1.,0.),.UNSPECIFIED.);
#86=B_SPLINE_CURVE_WITH_KNOTS('',2,(#6805,#6806,#6807,#6808),
 .UNSPECIFIED.,.F.,.F.,(3,1,3),(-2.,-1.,0.),.UNSPECIFIED.);
#87=B_SPLINE_CURVE_WITH_KNOTS('',2,(#6812,#6813,#6814,#6815),
 .UNSPECIFIED.,.F.,.F.,(3,1,3),(-2.,-1.,0.),.UNSPECIFIED.);
#88=B_SPLINE_CURVE_WITH_KNOTS('',2,(#6821,#6822,#6823,#6824),
 .UNSPECIFIED.,.F.,.F.,(3,1,3),(-2.,-1.,0.),.UNSPECIFIED.);
#89=B_SPLINE_CURVE_WITH_KNOTS('',2,(#6825,#6826,#6827,#6828),
 .UNSPECIFIED.,.F.,.F.,(3,1,3),(-2.,-1.,0.),.UNSPECIFIED.);
#90=B_SPLINE_CURVE_WITH_KNOTS('',2,(#6839,#6840,#6841,#6842),
 .UNSPECIFIED.,.F.,.F.,(3,1,3),(0.,1.,2.),.UNSPECIFIED.);
#91=B_SPLINE_CURVE_WITH_KNOTS('',2,(#6862,#6863,#6864,#6865),
 .UNSPECIFIED.,.F.,.F.,(3,1,3),(0.,1.,2.),.UNSPECIFIED.);
#92=B_SPLINE_CURVE_WITH_KNOTS('',2,(#6875,#6876,#6877,#6878),
 .UNSPECIFIED.,.F.,.F.,(3,1,3),(0.,1.,2.),.UNSPECIFIED.);
#93=B_SPLINE_CURVE_WITH_KNOTS('',2,(#6898,#6899,#6900,#6901),
 .UNSPECIFIED.,.F.,.F.,(3,1,3),(0.,1.,2.),.UNSPECIFIED.);
#94=B_SPLINE_CURVE_WITH_KNOTS('',2,(#6911,#6912,#6913,#6914),
 .UNSPECIFIED.,.F.,.F.,(3,1,3),(0.,1.,2.),.UNSPECIFIED.);
#95=B_SPLINE_CURVE_WITH_KNOTS('',2,(#6925,#6926,#6927,#6928),
 .UNSPECIFIED.,.F.,.F.,(3,1,3),(0.379205727454693,1.,2.),.UNSPECIFIED.);
#96=B_SPLINE_CURVE_WITH_KNOTS('',2,(#6938,#6939,#6940,#6941),
 .UNSPECIFIED.,.F.,.F.,(3,1,3),(0.,1.,2.),.UNSPECIFIED.);
#97=B_SPLINE_CURVE_WITH_KNOTS('',2,(#6958,#6959,#6960,#6961),
 .UNSPECIFIED.,.F.,.F.,(3,1,3),(0.,1.,2.),.UNSPECIFIED.);
#98=B_SPLINE_CURVE_WITH_KNOTS('',2,(#6972,#6973,#6974,#6975),
 .UNSPECIFIED.,.F.,.F.,(3,1,3),(0.,1.,2.),.UNSPECIFIED.);
#99=B_SPLINE_CURVE_WITH_KNOTS('',2,(#6985,#6986,#6987,#6988),
 .UNSPECIFIED.,.F.,.F.,(3,1,3),(0.,1.,2.),.UNSPECIFIED.);
#100=B_SPLINE_CURVE_WITH_KNOTS('',2,(#7075,#7076,#7077,#7078),
 .UNSPECIFIED.,.F.,.F.,(3,1,3),(-2.,-1.,0.),.UNSPECIFIED.);
#101=B_SPLINE_CURVE_WITH_KNOTS('',2,(#7080,#7081,#7082,#7083),
 .UNSPECIFIED.,.F.,.F.,(3,1,3),(-2.,-1.,0.),.UNSPECIFIED.);
#102=B_SPLINE_CURVE_WITH_KNOTS('',2,(#7091,#7092,#7093,#7094),
 .UNSPECIFIED.,.F.,.F.,(3,1,3),(-2.,-1.,0.),.UNSPECIFIED.);
#103=B_SPLINE_CURVE_WITH_KNOTS('',2,(#7096,#7097,#7098,#7099),
 .UNSPECIFIED.,.F.,.F.,(3,1,3),(-2.,-1.,0.),.UNSPECIFIED.);
#104=B_SPLINE_CURVE_WITH_KNOTS('',2,(#7107,#7108,#7109,#7110),
 .UNSPECIFIED.,.F.,.F.,(3,1,3),(-2.,-1.,0.),.UNSPECIFIED.);
#105=B_SPLINE_CURVE_WITH_KNOTS('',2,(#7112,#7113,#7114,#7115),
 .UNSPECIFIED.,.F.,.F.,(3,1,3),(-2.,-1.,0.),.UNSPECIFIED.);
#106=B_SPLINE_CURVE_WITH_KNOTS('',2,(#7117,#7118,#7119,#7120),
 .UNSPECIFIED.,.F.,.F.,(3,1,3),(-2.,-1.,0.),.UNSPECIFIED.);
#107=B_SPLINE_CURVE_WITH_KNOTS('',2,(#7122,#7123,#7124,#7125),
 .UNSPECIFIED.,.F.,.F.,(3,1,3),(-2.,-1.,0.),.UNSPECIFIED.);
#108=B_SPLINE_CURVE_WITH_KNOTS('',2,(#7137,#7138,#7139,#7140),
 .UNSPECIFIED.,.F.,.F.,(3,1,3),(0.,1.,2.),.UNSPECIFIED.);
#109=B_SPLINE_CURVE_WITH_KNOTS('',2,(#7142,#7143,#7144,#7145),
 .UNSPECIFIED.,.F.,.F.,(3,1,3),(0.,1.,2.),.UNSPECIFIED.);
#110=B_SPLINE_CURVE_WITH_KNOTS('',2,(#7147,#7148,#7149,#7150),
 .UNSPECIFIED.,.F.,.F.,(3,1,3),(0.,1.,2.),.UNSPECIFIED.);
#111=B_SPLINE_CURVE_WITH_KNOTS('',2,(#7152,#7153,#7154,#7155),
 .UNSPECIFIED.,.F.,.F.,(3,1,3),(0.,1.,2.),.UNSPECIFIED.);
#112=B_SPLINE_CURVE_WITH_KNOTS('',2,(#7163,#7164,#7165,#7166),
 .UNSPECIFIED.,.F.,.F.,(3,1,3),(0.,1.,2.),.UNSPECIFIED.);
#113=B_SPLINE_CURVE_WITH_KNOTS('',2,(#7168,#7169,#7170,#7171),
 .UNSPECIFIED.,.F.,.F.,(3,1,3),(0.,1.,2.),.UNSPECIFIED.);
#114=B_SPLINE_CURVE_WITH_KNOTS('',2,(#7179,#7180,#7181,#7182),
 .UNSPECIFIED.,.F.,.F.,(3,1,3),(0.,1.,2.),.UNSPECIFIED.);
#115=B_SPLINE_CURVE_WITH_KNOTS('',2,(#7184,#7185,#7186,#7187),
 .UNSPECIFIED.,.F.,.F.,(3,1,3),(0.,1.,2.),.UNSPECIFIED.);
#116=B_SPLINE_CURVE_WITH_KNOTS('',3,(#7281,#7282,#7283,#7284,#7285,#7286),
 .UNSPECIFIED.,.F.,.F.,(4,2,4),(-0.03,-0.015,0.),.UNSPECIFIED.);
#117=B_SPLINE_CURVE_WITH_KNOTS('',3,(#7295,#7296,#7297,#7298,#7299,#7300),
 .UNSPECIFIED.,.F.,.F.,(4,2,4),(-0.03,-0.015,0.),.UNSPECIFIED.);
#118=B_SPLINE_CURVE_WITH_KNOTS('',2,(#7308,#7309,#7310,#7311),
 .UNSPECIFIED.,.F.,.F.,(3,1,3),(-1.54998911064208,-1.,0.),.UNSPECIFIED.);
#119=B_SPLINE_CURVE_WITH_KNOTS('',2,(#7313,#7314,#7315,#7316,#7317),
 .UNSPECIFIED.,.F.,.F.,(3,1,1,3),(-3.,-2.,-1.,0.),.UNSPECIFIED.);
#120=B_SPLINE_CURVE_WITH_KNOTS('',2,(#7319,#7320,#7321,#7322,#7323),
 .UNSPECIFIED.,.F.,.F.,(3,1,1,3),(-3.,-2.,-1.,0.),.UNSPECIFIED.);
#121=B_SPLINE_CURVE_WITH_KNOTS('',2,(#7325,#7326,#7327,#7328),
 .UNSPECIFIED.,.F.,.F.,(3,1,3),(-2.,-1.,0.),.UNSPECIFIED.);
#122=B_SPLINE_CURVE_WITH_KNOTS('',2,(#7330,#7331,#7332,#7333),
 .UNSPECIFIED.,.F.,.F.,(3,1,3),(-2.,-1.,0.),.UNSPECIFIED.);
#123=B_SPLINE_CURVE_WITH_KNOTS('',2,(#7334,#7335,#7336,#7337),
 .UNSPECIFIED.,.F.,.F.,(3,1,3),(-2.,-1.,0.),.UNSPECIFIED.);
#124=B_SPLINE_CURVE_WITH_KNOTS('',2,(#7339,#7340,#7341,#7342),
 .UNSPECIFIED.,.F.,.F.,(3,1,3),(-1.53445199877122,-1.,0.),.UNSPECIFIED.);
#125=B_SPLINE_CURVE_WITH_KNOTS('',2,(#7344,#7345,#7346,#7347,#7348),
 .UNSPECIFIED.,.F.,.F.,(3,1,1,3),(-3.,-2.,-1.,0.),.UNSPECIFIED.);
#126=B_SPLINE_CURVE_WITH_KNOTS('',2,(#7350,#7351,#7352,#7353,#7354),
 .UNSPECIFIED.,.F.,.F.,(3,1,1,3),(-3.,-2.,-1.,0.),.UNSPECIFIED.);
#127=B_SPLINE_CURVE_WITH_KNOTS('',2,(#7356,#7357,#7358,#7359),
 .UNSPECIFIED.,.F.,.F.,(3,1,3),(-2.,-1.,0.),.UNSPECIFIED.);
#128=B_SPLINE_CURVE_WITH_KNOTS('',2,(#7361,#7362,#7363,#7364),
 .UNSPECIFIED.,.F.,.F.,(3,1,3),(-2.,-1.,0.),.UNSPECIFIED.);
#129=B_SPLINE_CURVE_WITH_KNOTS('',2,(#7365,#7366,#7367),.UNSPECIFIED.,.F.,
 .F.,(3,3),(-1.,0.),.UNSPECIFIED.);
#130=B_SPLINE_CURVE_WITH_KNOTS('',2,(#7375,#7376,#7377),.UNSPECIFIED.,.F.,
 .F.,(3,3),(0.,1.),.UNSPECIFIED.);
#131=B_SPLINE_CURVE_WITH_KNOTS('',2,(#7388,#7389,#7390,#7391),
 .UNSPECIFIED.,.F.,.F.,(3,1,3),(0.,1.,2.),.UNSPECIFIED.);
#132=B_SPLINE_CURVE_WITH_KNOTS('',2,(#7402,#7403,#7404,#7405),
 .UNSPECIFIED.,.F.,.F.,(3,1,3),(0.,1.,2.),.UNSPECIFIED.);
#133=B_SPLINE_CURVE_WITH_KNOTS('',2,(#7418,#7419,#7420,#7421,#7422),
 .UNSPECIFIED.,.F.,.F.,(3,1,1,3),(0.,1.,2.,3.),.UNSPECIFIED.);
#134=B_SPLINE_CURVE_WITH_KNOTS('',2,(#7435,#7436,#7437,#7438,#7439),
 .UNSPECIFIED.,.F.,.F.,(3,1,1,3),(0.,1.,2.,3.),.UNSPECIFIED.);
#135=B_SPLINE_CURVE_WITH_KNOTS('',2,(#7449,#7450,#7451,#7452),
 .UNSPECIFIED.,.F.,.F.,(3,1,3),(0.,1.,1.53445199877122),.UNSPECIFIED.);
#136=B_SPLINE_CURVE_WITH_KNOTS('',2,(#7462,#7463,#7464,#7465),
 .UNSPECIFIED.,.F.,.F.,(3,1,3),(0.,1.,2.),.UNSPECIFIED.);
#137=B_SPLINE_CURVE_WITH_KNOTS('',2,(#7476,#7477,#7478,#7479),
 .UNSPECIFIED.,.F.,.F.,(3,1,3),(0.,1.,2.),.UNSPECIFIED.);
#138=B_SPLINE_CURVE_WITH_KNOTS('',2,(#7490,#7491,#7492,#7493),
 .UNSPECIFIED.,.F.,.F.,(3,1,3),(0.,1.,2.),.UNSPECIFIED.);
#139=B_SPLINE_CURVE_WITH_KNOTS('',2,(#7506,#7507,#7508,#7509,#7510),
 .UNSPECIFIED.,.F.,.F.,(3,1,1,3),(0.,1.,2.,3.),.UNSPECIFIED.);
#140=B_SPLINE_CURVE_WITH_KNOTS('',2,(#7523,#7524,#7525,#7526,#7527),
 .UNSPECIFIED.,.F.,.F.,(3,1,1,3),(0.,1.,2.,3.),.UNSPECIFIED.);
#141=B_SPLINE_CURVE_WITH_KNOTS('',2,(#7537,#7538,#7539,#7540),
 .UNSPECIFIED.,.F.,.F.,(3,1,3),(0.,1.,1.54998911064208),.UNSPECIFIED.);
#142=ITEM_DEFINED_TRANSFORMATION($,$,#4318,#4622);
#143=ITEM_DEFINED_TRANSFORMATION($,$,#4347,#4623);
#144=ITEM_DEFINED_TRANSFORMATION($,$,#4426,#4624);
#145=ITEM_DEFINED_TRANSFORMATION($,$,#4317,#4686);
#146=ITEM_DEFINED_TRANSFORMATION($,$,#4625,#4687);
#147=ITEM_DEFINED_TRANSFORMATION($,$,#4680,#4688);
#148=(
REPRESENTATION_RELATIONSHIP($,$,#7634,#7633)
REPRESENTATION_RELATIONSHIP_WITH_TRANSFORMATION(#142)
SHAPE_REPRESENTATION_RELATIONSHIP()
);
#149=(
REPRESENTATION_RELATIONSHIP($,$,#7635,#7633)
REPRESENTATION_RELATIONSHIP_WITH_TRANSFORMATION(#143)
SHAPE_REPRESENTATION_RELATIONSHIP()
);
#150=(
REPRESENTATION_RELATIONSHIP($,$,#7636,#7633)
REPRESENTATION_RELATIONSHIP_WITH_TRANSFORMATION(#144)
SHAPE_REPRESENTATION_RELATIONSHIP()
);
#151=(
REPRESENTATION_RELATIONSHIP($,$,#7633,#7632)
REPRESENTATION_RELATIONSHIP_WITH_TRANSFORMATION(#145)
SHAPE_REPRESENTATION_RELATIONSHIP()
);
#152=(
REPRESENTATION_RELATIONSHIP($,$,#7637,#7632)
REPRESENTATION_RELATIONSHIP_WITH_TRANSFORMATION(#146)
SHAPE_REPRESENTATION_RELATIONSHIP()
);
#153=(
REPRESENTATION_RELATIONSHIP($,$,#7638,#7632)
REPRESENTATION_RELATIONSHIP_WITH_TRANSFORMATION(#147)
SHAPE_REPRESENTATION_RELATIONSHIP()
);
#154=CONTEXT_DEPENDENT_SHAPE_REPRESENTATION(#148,#7624);
#155=CONTEXT_DEPENDENT_SHAPE_REPRESENTATION(#149,#7625);
#156=CONTEXT_DEPENDENT_SHAPE_REPRESENTATION(#150,#7626);
#157=CONTEXT_DEPENDENT_SHAPE_REPRESENTATION(#151,#7629);
#158=CONTEXT_DEPENDENT_SHAPE_REPRESENTATION(#152,#7630);
#159=CONTEXT_DEPENDENT_SHAPE_REPRESENTATION(#153,#7631);
#160=NEXT_ASSEMBLY_USAGE_OCCURRENCE('1:1','1:1','1:1',#7641,#7642,'1:1');
#161=NEXT_ASSEMBLY_USAGE_OCCURRENCE('2:1','2:1','2:1',#7641,#7643,'2:1');
#162=NEXT_ASSEMBLY_USAGE_OCCURRENCE('3:1','3:1','3:1',#7641,#7644,'3:1');
#163=NEXT_ASSEMBLY_USAGE_OCCURRENCE('XT30PW-F:1','XT30PW-F:1',
'XT30PW-F:1',#7640,#7641,'XT30PW-F:1');
#164=NEXT_ASSEMBLY_USAGE_OCCURRENCE('AMASS logo:1','AMASS logo:1',
'AMASS logo:1',#7640,#7645,'AMASS logo:1');
#165=NEXT_ASSEMBLY_USAGE_OCCURRENCE('Pin1_Triangle:1','Pin1_Triangle:1',
'Pin1_Triangle:1',#7640,#7646,'Pin1_Triangle:1');
#166=ELLIPSE('',#4474,0.141421356237296,0.0999999999999892);
#167=ELLIPSE('',#4502,0.14142135623725,0.0999999999999592);
#168=(
BOUNDED_SURFACE()
B_SPLINE_SURFACE(2,2,((#5866,#5867,#5868),(#5869,#5870,#5871),(#5872,#5873,
#5874),(#5875,#5876,#5877),(#5878,#5879,#5880),(#5881,#5882,#5883),(#5884,
#5885,#5886),(#5887,#5888,#5889),(#5890,#5891,#5892)),.UNSPECIFIED.,.T.,
 .F.,.F.)
B_SPLINE_SURFACE_WITH_KNOTS((3,2,2,2,3),(3,3),(-3.14159265358979,-1.5707963267949,
0.,1.5707963267949,3.14159265358979),(-2.09321237680619E-15,1.5707963267949),
 .UNSPECIFIED.)
GEOMETRIC_REPRESENTATION_ITEM()
RATIONAL_B_SPLINE_SURFACE(((1.,0.707106781186547,1.),(0.707106781186545,
0.499999999999998,0.707106781186545),(1.,0.707106781186547,1.),(0.707106781186548,
0.5,0.707106781186548),(1.,0.707106781186547,1.),(0.707106781186548,0.5,
0.707106781186548),(1.,0.707106781186547,1.),(0.707106781186545,0.499999999999998,
0.707106781186545),(1.,0.707106781186547,1.)))
REPRESENTATION_ITEM('')
SURFACE()
);
#169=(
BOUNDED_SURFACE()
B_SPLINE_SURFACE(2,2,((#5963,#5964,#5965),(#5966,#5967,#5968),(#5969,#5970,
#5971),(#5972,#5973,#5974),(#5975,#5976,#5977),(#5978,#5979,#5980),(#5981,
#5982,#5983),(#5984,#5985,#5986),(#5987,#5988,#5989)),.UNSPECIFIED.,.T.,
 .F.,.F.)
B_SPLINE_SURFACE_WITH_KNOTS((3,2,2,2,3),(3,3),(-3.14159265358979,-1.5707963267949,
0.,1.5707963267949,3.14159265358979),(-1.5707963267949,2.09321237680619E-15),
 .UNSPECIFIED.)
GEOMETRIC_REPRESENTATION_ITEM()
RATIONAL_B_SPLINE_SURFACE(((1.,0.707106781186547,1.),(0.707106781186545,
0.499999999999998,0.707106781186545),(1.,0.707106781186547,1.),(0.707106781186548,
0.5,0.707106781186548),(1.,0.707106781186547,1.),(0.707106781186548,0.5,
0.707106781186548),(1.,0.707106781186547,1.),(0.707106781186545,0.499999999999998,
0.707106781186545),(1.,0.707106781186547,1.)))
REPRESENTATION_ITEM('')
SURFACE()
);
#170=FACE_BOUND('',#614,.T.);
#171=FACE_BOUND('',#618,.T.);
#172=FACE_BOUND('',#629,.T.);
#173=FACE_BOUND('',#632,.T.);
#174=FACE_BOUND('',#654,.T.);
#175=FACE_BOUND('',#657,.T.);
#176=FACE_BOUND('',#668,.T.);
#177=FACE_BOUND('',#675,.T.);
#178=FACE_BOUND('',#686,.T.);
#179=FACE_BOUND('',#713,.T.);
#180=FACE_BOUND('',#714,.T.);
#181=FACE_BOUND('',#756,.T.);
#182=FACE_BOUND('',#774,.T.);
#183=SHAPE_REPRESENTATION_RELATIONSHIP('SRR','None',#7634,#188);
#184=SHAPE_REPRESENTATION_RELATIONSHIP('SRR','None',#7635,#189);
#185=SHAPE_REPRESENTATION_RELATIONSHIP('SRR','None',#7636,#190);
#186=SHAPE_REPRESENTATION_RELATIONSHIP('SRR','None',#7637,#191);
#187=SHAPE_REPRESENTATION_RELATIONSHIP('SRR','None',#7638,#192);
#188=ADVANCED_BREP_SHAPE_REPRESENTATION('',(#193,#194),#7602);
#189=ADVANCED_BREP_SHAPE_REPRESENTATION('',(#195,#196),#7603);
#190=ADVANCED_BREP_SHAPE_REPRESENTATION('',(#197),#7604);
#191=ADVANCED_BREP_SHAPE_REPRESENTATION('',(#198,#199,#200,#201,#202,#203),
#7605);
#192=ADVANCED_BREP_SHAPE_REPRESENTATION('',(#204),#7606);
#193=MANIFOLD_SOLID_BREP('Solid1',#4143);
#194=MANIFOLD_SOLID_BREP('Solid2',#4144);
#195=MANIFOLD_SOLID_BREP('Solid3',#4145);
#196=MANIFOLD_SOLID_BREP('Solid4',#4146);
#197=MANIFOLD_SOLID_BREP('Solid5',#4147);
#198=MANIFOLD_SOLID_BREP('Solid1',#4148);
#199=MANIFOLD_SOLID_BREP('Solid1',#4149);
#200=MANIFOLD_SOLID_BREP('Solid1',#4150);
#201=MANIFOLD_SOLID_BREP('Solid1',#4151);
#202=MANIFOLD_SOLID_BREP('Solid1',#4152);
#203=MANIFOLD_SOLID_BREP('Solid1',#4153);
#204=MANIFOLD_SOLID_BREP('Solid1',#4154);
#205=PLANE('',#4331);
#206=PLANE('',#4332);
#207=PLANE('',#4345);
#208=PLANE('',#4346);
#209=PLANE('',#4383);
#210=PLANE('',#4384);
#211=PLANE('',#4385);
#212=PLANE('',#4386);
#213=PLANE('',#4422);
#214=PLANE('',#4423);
#215=PLANE('',#4424);
#216=PLANE('',#4425);
#217=PLANE('',#4465);
#218=PLANE('',#4466);
#219=PLANE('',#4485);
#220=PLANE('',#4488);
#221=PLANE('',#4503);
#222=PLANE('',#4504);
#223=PLANE('',#4507);
#224=PLANE('',#4510);
#225=PLANE('',#4513);
#226=PLANE('',#4514);
#227=PLANE('',#4517);
#228=PLANE('',#4520);
#229=PLANE('',#4528);
#230=PLANE('',#4531);
#231=PLANE('',#4532);
#232=PLANE('',#4537);
#233=PLANE('',#4561);
#234=PLANE('',#4566);
#235=PLANE('',#4567);
#236=PLANE('',#4568);
#237=PLANE('',#4569);
#238=PLANE('',#4570);
#239=PLANE('',#4575);
#240=PLANE('',#4580);
#241=PLANE('',#4583);
#242=PLANE('',#4586);
#243=PLANE('',#4589);
#244=PLANE('',#4600);
#245=PLANE('',#4601);
#246=PLANE('',#4603);
#247=PLANE('',#4604);
#248=PLANE('',#4607);
#249=PLANE('',#4610);
#250=PLANE('',#4613);
#251=PLANE('',#4616);
#252=PLANE('',#4618);
#253=PLANE('',#4619);
#254=PLANE('',#4620);
#255=PLANE('',#4621);
#256=PLANE('',#4626);
#257=PLANE('',#4627);
#258=PLANE('',#4628);
#259=PLANE('',#4629);
#260=PLANE('',#4630);
#261=PLANE('',#4631);
#262=PLANE('',#4632);
#263=PLANE('',#4633);
#264=PLANE('',#4634);
#265=PLANE('',#4635);
#266=PLANE('',#4636);
#267=PLANE('',#4637);
#268=PLANE('',#4638);
#269=PLANE('',#4639);
#270=PLANE('',#4640);
#271=PLANE('',#4641);
#272=PLANE('',#4642);
#273=PLANE('',#4643);
#274=PLANE('',#4644);
#275=PLANE('',#4645);
#276=PLANE('',#4646);
#277=PLANE('',#4647);
#278=PLANE('',#4648);
#279=PLANE('',#4649);
#280=PLANE('',#4650);
#281=PLANE('',#4651);
#282=PLANE('',#4652);
#283=PLANE('',#4653);
#284=PLANE('',#4654);
#285=PLANE('',#4655);
#286=PLANE('',#4656);
#287=PLANE('',#4657);
#288=PLANE('',#4658);
#289=PLANE('',#4659);
#290=PLANE('',#4660);
#291=PLANE('',#4661);
#292=PLANE('',#4662);
#293=PLANE('',#4663);
#294=PLANE('',#4664);
#295=PLANE('',#4665);
#296=PLANE('',#4666);
#297=PLANE('',#4667);
#298=PLANE('',#4668);
#299=PLANE('',#4669);
#300=PLANE('',#4673);
#301=PLANE('',#4677);
#302=PLANE('',#4678);
#303=PLANE('',#4679);
#304=PLANE('',#4681);
#305=PLANE('',#4682);
#306=PLANE('',#4683);
#307=PLANE('',#4684);
#308=PLANE('',#4685);
#309=CYLINDRICAL_SURFACE('',#4330,0.45);
#310=CYLINDRICAL_SURFACE('',#4344,0.45);
#311=CYLINDRICAL_SURFACE('',#4371,0.75);
#312=CYLINDRICAL_SURFACE('',#4374,1.);
#313=CYLINDRICAL_SURFACE('',#4377,1.);
#314=CYLINDRICAL_SURFACE('',#4380,1.25);
#315=CYLINDRICAL_SURFACE('',#4410,0.75);
#316=CYLINDRICAL_SURFACE('',#4413,1.);
#317=CYLINDRICAL_SURFACE('',#4416,1.);
#318=CYLINDRICAL_SURFACE('',#4419,1.25);
#319=CYLINDRICAL_SURFACE('',#4437,1.05);
#320=CYLINDRICAL_SURFACE('',#4440,1.05);
#321=CYLINDRICAL_SURFACE('',#4453,0.45);
#322=CYLINDRICAL_SURFACE('',#4464,0.45);
#323=CYLINDRICAL_SURFACE('',#4467,1.);
#324=CYLINDRICAL_SURFACE('',#4470,1.);
#325=CYLINDRICAL_SURFACE('',#4473,0.0999999999999998);
#326=CYLINDRICAL_SURFACE('',#4479,0.1);
#327=CYLINDRICAL_SURFACE('',#4487,1.);
#328=CYLINDRICAL_SURFACE('',#4490,1.);
#329=CYLINDRICAL_SURFACE('',#4496,0.1);
#330=CYLINDRICAL_SURFACE('',#4501,0.0999999999999998);
#331=CYLINDRICAL_SURFACE('',#4508,0.0999999999999998);
#332=CYLINDRICAL_SURFACE('',#4511,0.1);
#333=CYLINDRICAL_SURFACE('',#4518,0.1);
#334=CYLINDRICAL_SURFACE('',#4521,0.0999999999999998);
#335=CYLINDRICAL_SURFACE('',#4523,0.0999999999999998);
#336=CYLINDRICAL_SURFACE('',#4533,1.);
#337=CYLINDRICAL_SURFACE('',#4535,1.);
#338=CYLINDRICAL_SURFACE('',#4550,0.1);
#339=CYLINDRICAL_SURFACE('',#4554,0.1);
#340=CYLINDRICAL_SURFACE('',#4558,0.1);
#341=CYLINDRICAL_SURFACE('',#4559,0.6);
#342=CYLINDRICAL_SURFACE('',#4562,0.6);
#343=CYLINDRICAL_SURFACE('',#4564,1.80055555555556);
#344=CYLINDRICAL_SURFACE('',#4571,1.80055555555556);
#345=CYLINDRICAL_SURFACE('',#4573,0.6);
#346=CYLINDRICAL_SURFACE('',#4576,0.6);
#347=CYLINDRICAL_SURFACE('',#4578,1.80055555555556);
#348=CYLINDRICAL_SURFACE('',#4581,0.500000000000001);
#349=CYLINDRICAL_SURFACE('',#4584,0.5);
#350=CYLINDRICAL_SURFACE('',#4587,1.80055555555556);
#351=CYLINDRICAL_SURFACE('',#4670,0.458880362395275);
#352=CYLINDRICAL_SURFACE('',#4674,0.352791840913244);
#353=TOROIDAL_SURFACE('',#4324,0.4,0.05);
#354=TOROIDAL_SURFACE('',#4338,0.4,0.05);
#355=TOROIDAL_SURFACE('',#4353,1.15,0.1);
#356=TOROIDAL_SURFACE('',#4359,1.1,0.1);
#357=TOROIDAL_SURFACE('',#4392,1.15,0.1);
#358=TOROIDAL_SURFACE('',#4398,1.1,0.1);
#359=TOROIDAL_SURFACE('',#4476,0.9,0.1);
#360=TOROIDAL_SURFACE('',#4481,0.9,0.1);
#361=TOROIDAL_SURFACE('',#4492,0.9,0.1);
#362=TOROIDAL_SURFACE('',#4498,0.9,0.1);
#363=TOROIDAL_SURFACE('',#4526,0.9,0.1);
#364=TOROIDAL_SURFACE('',#4529,0.9,0.1);
#365=TOROIDAL_SURFACE('',#4552,0.9,0.1);
#366=TOROIDAL_SURFACE('',#4556,0.9,0.1);
#367=FACE_OUTER_BOUND('',#595,.T.);
#368=FACE_OUTER_BOUND('',#596,.T.);
#369=FACE_OUTER_BOUND('',#597,.T.);
#370=FACE_OUTER_BOUND('',#598,.T.);
#371=FACE_OUTER_BOUND('',#599,.T.);
#372=FACE_OUTER_BOUND('',#600,.T.);
#373=FACE_OUTER_BOUND('',#601,.T.);
#374=FACE_OUTER_BOUND('',#602,.T.);
#375=FACE_OUTER_BOUND('',#603,.T.);
#376=FACE_OUTER_BOUND('',#604,.T.);
#377=FACE_OUTER_BOUND('',#605,.T.);
#378=FACE_OUTER_BOUND('',#606,.T.);
#379=FACE_OUTER_BOUND('',#607,.T.);
#380=FACE_OUTER_BOUND('',#608,.T.);
#381=FACE_OUTER_BOUND('',#609,.T.);
#382=FACE_OUTER_BOUND('',#610,.T.);
#383=FACE_OUTER_BOUND('',#611,.T.);
#384=FACE_OUTER_BOUND('',#612,.T.);
#385=FACE_OUTER_BOUND('',#613,.T.);
#386=FACE_OUTER_BOUND('',#615,.T.);
#387=FACE_OUTER_BOUND('',#616,.T.);
#388=FACE_OUTER_BOUND('',#617,.T.);
#389=FACE_OUTER_BOUND('',#619,.T.);
#390=FACE_OUTER_BOUND('',#620,.T.);
#391=FACE_OUTER_BOUND('',#621,.T.);
#392=FACE_OUTER_BOUND('',#622,.T.);
#393=FACE_OUTER_BOUND('',#623,.T.);
#394=FACE_OUTER_BOUND('',#624,.T.);
#395=FACE_OUTER_BOUND('',#625,.T.);
#396=FACE_OUTER_BOUND('',#626,.T.);
#397=FACE_OUTER_BOUND('',#627,.T.);
#398=FACE_OUTER_BOUND('',#628,.T.);
#399=FACE_OUTER_BOUND('',#630,.T.);
#400=FACE_OUTER_BOUND('',#631,.T.);
#401=FACE_OUTER_BOUND('',#633,.T.);
#402=FACE_OUTER_BOUND('',#634,.T.);
#403=FACE_OUTER_BOUND('',#635,.T.);
#404=FACE_OUTER_BOUND('',#636,.T.);
#405=FACE_OUTER_BOUND('',#637,.T.);
#406=FACE_OUTER_BOUND('',#638,.T.);
#407=FACE_OUTER_BOUND('',#639,.T.);
#408=FACE_OUTER_BOUND('',#640,.T.);
#409=FACE_OUTER_BOUND('',#641,.T.);
#410=FACE_OUTER_BOUND('',#642,.T.);
#411=FACE_OUTER_BOUND('',#643,.T.);
#412=FACE_OUTER_BOUND('',#644,.T.);
#413=FACE_OUTER_BOUND('',#645,.T.);
#414=FACE_OUTER_BOUND('',#646,.T.);
#415=FACE_OUTER_BOUND('',#647,.T.);
#416=FACE_OUTER_BOUND('',#648,.T.);
#417=FACE_OUTER_BOUND('',#649,.T.);
#418=FACE_OUTER_BOUND('',#650,.T.);
#419=FACE_OUTER_BOUND('',#651,.T.);
#420=FACE_OUTER_BOUND('',#652,.T.);
#421=FACE_OUTER_BOUND('',#653,.T.);
#422=FACE_OUTER_BOUND('',#655,.T.);
#423=FACE_OUTER_BOUND('',#656,.T.);
#424=FACE_OUTER_BOUND('',#658,.T.);
#425=FACE_OUTER_BOUND('',#659,.T.);
#426=FACE_OUTER_BOUND('',#660,.T.);
#427=FACE_OUTER_BOUND('',#661,.T.);
#428=FACE_OUTER_BOUND('',#662,.T.);
#429=FACE_OUTER_BOUND('',#663,.T.);
#430=FACE_OUTER_BOUND('',#664,.T.);
#431=FACE_OUTER_BOUND('',#665,.T.);
#432=FACE_OUTER_BOUND('',#666,.T.);
#433=FACE_OUTER_BOUND('',#667,.T.);
#434=FACE_OUTER_BOUND('',#669,.T.);
#435=FACE_OUTER_BOUND('',#670,.T.);
#436=FACE_OUTER_BOUND('',#671,.T.);
#437=FACE_OUTER_BOUND('',#672,.T.);
#438=FACE_OUTER_BOUND('',#673,.T.);
#439=FACE_OUTER_BOUND('',#674,.T.);
#440=FACE_OUTER_BOUND('',#676,.T.);
#441=FACE_OUTER_BOUND('',#677,.T.);
#442=FACE_OUTER_BOUND('',#678,.T.);
#443=FACE_OUTER_BOUND('',#679,.T.);
#444=FACE_OUTER_BOUND('',#680,.T.);
#445=FACE_OUTER_BOUND('',#681,.T.);
#446=FACE_OUTER_BOUND('',#682,.T.);
#447=FACE_OUTER_BOUND('',#683,.T.);
#448=FACE_OUTER_BOUND('',#684,.T.);
#449=FACE_OUTER_BOUND('',#685,.T.);
#450=FACE_OUTER_BOUND('',#687,.T.);
#451=FACE_OUTER_BOUND('',#688,.T.);
#452=FACE_OUTER_BOUND('',#689,.T.);
#453=FACE_OUTER_BOUND('',#690,.T.);
#454=FACE_OUTER_BOUND('',#691,.T.);
#455=FACE_OUTER_BOUND('',#692,.T.);
#456=FACE_OUTER_BOUND('',#693,.T.);
#457=FACE_OUTER_BOUND('',#694,.T.);
#458=FACE_OUTER_BOUND('',#695,.T.);
#459=FACE_OUTER_BOUND('',#696,.T.);
#460=FACE_OUTER_BOUND('',#697,.T.);
#461=FACE_OUTER_BOUND('',#698,.T.);
#462=FACE_OUTER_BOUND('',#699,.T.);
#463=FACE_OUTER_BOUND('',#700,.T.);
#464=FACE_OUTER_BOUND('',#701,.T.);
#465=FACE_OUTER_BOUND('',#702,.T.);
#466=FACE_OUTER_BOUND('',#703,.T.);
#467=FACE_OUTER_BOUND('',#704,.T.);
#468=FACE_OUTER_BOUND('',#705,.T.);
#469=FACE_OUTER_BOUND('',#706,.T.);
#470=FACE_OUTER_BOUND('',#707,.T.);
#471=FACE_OUTER_BOUND('',#708,.T.);
#472=FACE_OUTER_BOUND('',#709,.T.);
#473=FACE_OUTER_BOUND('',#710,.T.);
#474=FACE_OUTER_BOUND('',#711,.T.);
#475=FACE_OUTER_BOUND('',#712,.T.);
#476=FACE_OUTER_BOUND('',#715,.T.);
#477=FACE_OUTER_BOUND('',#716,.T.);
#478=FACE_OUTER_BOUND('',#717,.T.);
#479=FACE_OUTER_BOUND('',#718,.T.);
#480=FACE_OUTER_BOUND('',#719,.T.);
#481=FACE_OUTER_BOUND('',#720,.T.);
#482=FACE_OUTER_BOUND('',#721,.T.);
#483=FACE_OUTER_BOUND('',#722,.T.);
#484=FACE_OUTER_BOUND('',#723,.T.);
#485=FACE_OUTER_BOUND('',#724,.T.);
#486=FACE_OUTER_BOUND('',#725,.T.);
#487=FACE_OUTER_BOUND('',#726,.T.);
#488=FACE_OUTER_BOUND('',#727,.T.);
#489=FACE_OUTER_BOUND('',#728,.T.);
#490=FACE_OUTER_BOUND('',#729,.T.);
#491=FACE_OUTER_BOUND('',#730,.T.);
#492=FACE_OUTER_BOUND('',#731,.T.);
#493=FACE_OUTER_BOUND('',#732,.T.);
#494=FACE_OUTER_BOUND('',#733,.T.);
#495=FACE_OUTER_BOUND('',#734,.T.);
#496=FACE_OUTER_BOUND('',#735,.T.);
#497=FACE_OUTER_BOUND('',#736,.T.);
#498=FACE_OUTER_BOUND('',#737,.T.);
#499=FACE_OUTER_BOUND('',#738,.T.);
#500=FACE_OUTER_BOUND('',#739,.T.);
#501=FACE_OUTER_BOUND('',#740,.T.);
#502=FACE_OUTER_BOUND('',#741,.T.);
#503=FACE_OUTER_BOUND('',#742,.T.);
#504=FACE_OUTER_BOUND('',#743,.T.);
#505=FACE_OUTER_BOUND('',#744,.T.);
#506=FACE_OUTER_BOUND('',#745,.T.);
#507=FACE_OUTER_BOUND('',#746,.T.);
#508=FACE_OUTER_BOUND('',#747,.T.);
#509=FACE_OUTER_BOUND('',#748,.T.);
#510=FACE_OUTER_BOUND('',#749,.T.);
#511=FACE_OUTER_BOUND('',#750,.T.);
#512=FACE_OUTER_BOUND('',#751,.T.);
#513=FACE_OUTER_BOUND('',#752,.T.);
#514=FACE_OUTER_BOUND('',#753,.T.);
#515=FACE_OUTER_BOUND('',#754,.T.);
#516=FACE_OUTER_BOUND('',#755,.T.);
#517=FACE_OUTER_BOUND('',#757,.T.);
#518=FACE_OUTER_BOUND('',#758,.T.);
#519=FACE_OUTER_BOUND('',#759,.T.);
#520=FACE_OUTER_BOUND('',#760,.T.);
#521=FACE_OUTER_BOUND('',#761,.T.);
#522=FACE_OUTER_BOUND('',#762,.T.);
#523=FACE_OUTER_BOUND('',#763,.T.);
#524=FACE_OUTER_BOUND('',#764,.T.);
#525=FACE_OUTER_BOUND('',#765,.T.);
#526=FACE_OUTER_BOUND('',#766,.T.);
#527=FACE_OUTER_BOUND('',#767,.T.);
#528=FACE_OUTER_BOUND('',#768,.T.);
#529=FACE_OUTER_BOUND('',#769,.T.);
#530=FACE_OUTER_BOUND('',#770,.T.);
#531=FACE_OUTER_BOUND('',#771,.T.);
#532=FACE_OUTER_BOUND('',#772,.T.);
#533=FACE_OUTER_BOUND('',#773,.T.);
#534=FACE_OUTER_BOUND('',#775,.T.);
#535=FACE_OUTER_BOUND('',#776,.T.);
#536=FACE_OUTER_BOUND('',#777,.T.);
#537=FACE_OUTER_BOUND('',#778,.T.);
#538=FACE_OUTER_BOUND('',#779,.T.);
#539=FACE_OUTER_BOUND('',#780,.T.);
#540=FACE_OUTER_BOUND('',#781,.T.);
#541=FACE_OUTER_BOUND('',#782,.T.);
#542=FACE_OUTER_BOUND('',#783,.T.);
#543=FACE_OUTER_BOUND('',#784,.T.);
#544=FACE_OUTER_BOUND('',#785,.T.);
#545=FACE_OUTER_BOUND('',#786,.T.);
#546=FACE_OUTER_BOUND('',#787,.T.);
#547=FACE_OUTER_BOUND('',#788,.T.);
#548=FACE_OUTER_BOUND('',#789,.T.);
#549=FACE_OUTER_BOUND('',#790,.T.);
#550=FACE_OUTER_BOUND('',#791,.T.);
#551=FACE_OUTER_BOUND('',#792,.T.);
#552=FACE_OUTER_BOUND('',#793,.T.);
#553=FACE_OUTER_BOUND('',#794,.T.);
#554=FACE_OUTER_BOUND('',#795,.T.);
#555=FACE_OUTER_BOUND('',#796,.T.);
#556=FACE_OUTER_BOUND('',#797,.T.);
#557=FACE_OUTER_BOUND('',#798,.T.);
#558=FACE_OUTER_BOUND('',#799,.T.);
#559=FACE_OUTER_BOUND('',#800,.T.);
#560=FACE_OUTER_BOUND('',#801,.T.);
#561=FACE_OUTER_BOUND('',#802,.T.);
#562=FACE_OUTER_BOUND('',#803,.T.);
#563=FACE_OUTER_BOUND('',#804,.T.);
#564=FACE_OUTER_BOUND('',#805,.T.);
#565=FACE_OUTER_BOUND('',#806,.T.);
#566=FACE_OUTER_BOUND('',#807,.T.);
#567=FACE_OUTER_BOUND('',#808,.T.);
#568=FACE_OUTER_BOUND('',#809,.T.);
#569=FACE_OUTER_BOUND('',#810,.T.);
#570=FACE_OUTER_BOUND('',#811,.T.);
#571=FACE_OUTER_BOUND('',#812,.T.);
#572=FACE_OUTER_BOUND('',#813,.T.);
#573=FACE_OUTER_BOUND('',#814,.T.);
#574=FACE_OUTER_BOUND('',#815,.T.);
#575=FACE_OUTER_BOUND('',#816,.T.);
#576=FACE_OUTER_BOUND('',#817,.T.);
#577=FACE_OUTER_BOUND('',#818,.T.);
#578=FACE_OUTER_BOUND('',#819,.T.);
#579=FACE_OUTER_BOUND('',#820,.T.);
#580=FACE_OUTER_BOUND('',#821,.T.);
#581=FACE_OUTER_BOUND('',#822,.T.);
#582=FACE_OUTER_BOUND('',#823,.T.);
#583=FACE_OUTER_BOUND('',#824,.T.);
#584=FACE_OUTER_BOUND('',#825,.T.);
#585=FACE_OUTER_BOUND('',#826,.T.);
#586=FACE_OUTER_BOUND('',#827,.T.);
#587=FACE_OUTER_BOUND('',#828,.T.);
#588=FACE_OUTER_BOUND('',#829,.T.);
#589=FACE_OUTER_BOUND('',#830,.T.);
#590=FACE_OUTER_BOUND('',#831,.T.);
#591=FACE_OUTER_BOUND('',#832,.T.);
#592=FACE_OUTER_BOUND('',#833,.T.);
#593=FACE_OUTER_BOUND('',#834,.T.);
#594=FACE_OUTER_BOUND('',#835,.T.);
#595=EDGE_LOOP('',(#2591,#2592,#2593,#2594,#2595,#2596));
#596=EDGE_LOOP('',(#2597,#2598,#2599,#2600,#2601,#2602));
#597=EDGE_LOOP('',(#2603,#2604,#2605,#2606,#2607,#2608));
#598=EDGE_LOOP('',(#2609,#2610));
#599=EDGE_LOOP('',(#2611,#2612));
#600=EDGE_LOOP('',(#2613,#2614,#2615,#2616,#2617,#2618));
#601=EDGE_LOOP('',(#2619,#2620,#2621,#2622,#2623,#2624));
#602=EDGE_LOOP('',(#2625,#2626,#2627,#2628,#2629,#2630));
#603=EDGE_LOOP('',(#2631,#2632));
#604=EDGE_LOOP('',(#2633,#2634));
#605=EDGE_LOOP('',(#2635,#2636,#2637,#2638,#2639,#2640));
#606=EDGE_LOOP('',(#2641,#2642,#2643,#2644,#2645,#2646));
#607=EDGE_LOOP('',(#2647,#2648,#2649,#2650,#2651,#2652));
#608=EDGE_LOOP('',(#2653,#2654,#2655,#2656,#2657,#2658,#2659));
#609=EDGE_LOOP('',(#2660,#2661,#2662,#2663,#2664,#2665,#2666));
#610=EDGE_LOOP('',(#2667,#2668,#2669,#2670,#2671,#2672));
#611=EDGE_LOOP('',(#2673,#2674,#2675,#2676,#2677,#2678));
#612=EDGE_LOOP('',(#2679,#2680,#2681,#2682,#2683,#2684));
#613=EDGE_LOOP('',(#2685,#2686));
#614=EDGE_LOOP('',(#2687,#2688));
#615=EDGE_LOOP('',(#2689,#2690));
#616=EDGE_LOOP('',(#2691,#2692,#2693,#2694));
#617=EDGE_LOOP('',(#2695,#2696));
#618=EDGE_LOOP('',(#2697,#2698));
#619=EDGE_LOOP('',(#2699,#2700));
#620=EDGE_LOOP('',(#2701,#2702,#2703,#2704,#2705,#2706));
#621=EDGE_LOOP('',(#2707,#2708,#2709,#2710,#2711,#2712));
#622=EDGE_LOOP('',(#2713,#2714,#2715,#2716,#2717,#2718));
#623=EDGE_LOOP('',(#2719,#2720,#2721,#2722,#2723,#2724,#2725));
#624=EDGE_LOOP('',(#2726,#2727,#2728,#2729,#2730,#2731,#2732));
#625=EDGE_LOOP('',(#2733,#2734,#2735,#2736,#2737,#2738));
#626=EDGE_LOOP('',(#2739,#2740,#2741,#2742,#2743,#2744));
#627=EDGE_LOOP('',(#2745,#2746,#2747,#2748,#2749,#2750));
#628=EDGE_LOOP('',(#2751,#2752));
#629=EDGE_LOOP('',(#2753,#2754));
#630=EDGE_LOOP('',(#2755,#2756));
#631=EDGE_LOOP('',(#2757,#2758));
#632=EDGE_LOOP('',(#2759,#2760));
#633=EDGE_LOOP('',(#2761,#2762,#2763,#2764));
#634=EDGE_LOOP('',(#2765,#2766));
#635=EDGE_LOOP('',(#2767,#2768,#2769,#2770,#2771,#2772));
#636=EDGE_LOOP('',(#2773,#2774,#2775,#2776,#2777,#2778));
#637=EDGE_LOOP('',(#2779,#2780,#2781,#2782,#2783,#2784));
#638=EDGE_LOOP('',(#2785,#2786,#2787,#2788,#2789,#2790));
#639=EDGE_LOOP('',(#2791,#2792,#2793,#2794,#2795,#2796));
#640=EDGE_LOOP('',(#2797,#2798,#2799,#2800,#2801,#2802));
#641=EDGE_LOOP('',(#2803,#2804,#2805,#2806,#2807,#2808));
#642=EDGE_LOOP('',(#2809,#2810,#2811,#2812,#2813,#2814));
#643=EDGE_LOOP('',(#2815,#2816,#2817,#2818,#2819,#2820));
#644=EDGE_LOOP('',(#2821,#2822,#2823,#2824,#2825,#2826));
#645=EDGE_LOOP('',(#2827,#2828,#2829,#2830));
#646=EDGE_LOOP('',(#2831,#2832,#2833,#2834));
#647=EDGE_LOOP('',(#2835,#2836,#2837,#2838));
#648=EDGE_LOOP('',(#2839,#2840,#2841,#2842));
#649=EDGE_LOOP('',(#2843,#2844,#2845,#2846));
#650=EDGE_LOOP('',(#2847,#2848,#2849,#2850));
#651=EDGE_LOOP('',(#2851,#2852,#2853,#2854));
#652=EDGE_LOOP('',(#2855,#2856,#2857,#2858));
#653=EDGE_LOOP('',(#2859,#2860,#2861,#2862,#2863,#2864));
#654=EDGE_LOOP('',(#2865,#2866));
#655=EDGE_LOOP('',(#2867,#2868,#2869,#2870));
#656=EDGE_LOOP('',(#2871,#2872,#2873,#2874,#2875,#2876));
#657=EDGE_LOOP('',(#2877,#2878));
#658=EDGE_LOOP('',(#2879,#2880,#2881,#2882));
#659=EDGE_LOOP('',(#2883,#2884,#2885,#2886));
#660=EDGE_LOOP('',(#2887,#2888,#2889,#2890));
#661=EDGE_LOOP('',(#2891,#2892,#2893,#2894));
#662=EDGE_LOOP('',(#2895,#2896,#2897,#2898));
#663=EDGE_LOOP('',(#2899,#2900,#2901,#2902));
#664=EDGE_LOOP('',(#2903,#2904,#2905,#2906,#2907,#2908,#2909,#2910,#2911,
#2912,#2913,#2914,#2915,#2916));
#665=EDGE_LOOP('',(#2917,#2918,#2919,#2920));
#666=EDGE_LOOP('',(#2921,#2922,#2923,#2924));
#667=EDGE_LOOP('',(#2925,#2926,#2927,#2928,#2929,#2930));
#668=EDGE_LOOP('',(#2931,#2932));
#669=EDGE_LOOP('',(#2933,#2934,#2935,#2936));
#670=EDGE_LOOP('',(#2937,#2938,#2939,#2940,#2941,#2942));
#671=EDGE_LOOP('',(#2943,#2944,#2945,#2946,#2947,#2948,#2949,#2950,#2951,
#2952));
#672=EDGE_LOOP('',(#2953,#2954,#2955,#2956,#2957,#2958));
#673=EDGE_LOOP('',(#2959,#2960,#2961,#2962));
#674=EDGE_LOOP('',(#2963,#2964,#2965,#2966,#2967,#2968));
#675=EDGE_LOOP('',(#2969,#2970));
#676=EDGE_LOOP('',(#2971,#2972,#2973,#2974));
#677=EDGE_LOOP('',(#2975,#2976,#2977,#2978));
#678=EDGE_LOOP('',(#2979,#2980,#2981,#2982));
#679=EDGE_LOOP('',(#2983,#2984,#2985,#2986,#2987,#2988,#2989));
#680=EDGE_LOOP('',(#2990,#2991,#2992,#2993));
#681=EDGE_LOOP('',(#2994,#2995,#2996,#2997));
#682=EDGE_LOOP('',(#2998,#2999,#3000,#3001,#3002,#3003,#3004));
#683=EDGE_LOOP('',(#3005,#3006,#3007,#3008));
#684=EDGE_LOOP('',(#3009,#3010,#3011,#3012));
#685=EDGE_LOOP('',(#3013,#3014,#3015,#3016,#3017,#3018));
#686=EDGE_LOOP('',(#3019,#3020,#3021,#3022,#3023,#3024,#3025,#3026,#3027,
#3028,#3029,#3030,#3031,#3032,#3033,#3034,#3035,#3036,#3037,#3038));
#687=EDGE_LOOP('',(#3039,#3040,#3041,#3042));
#688=EDGE_LOOP('',(#3043,#3044,#3045,#3046));
#689=EDGE_LOOP('',(#3047,#3048,#3049,#3050));
#690=EDGE_LOOP('',(#3051,#3052,#3053,#3054));
#691=EDGE_LOOP('',(#3055,#3056,#3057,#3058));
#692=EDGE_LOOP('',(#3059,#3060,#3061,#3062));
#693=EDGE_LOOP('',(#3063,#3064,#3065,#3066));
#694=EDGE_LOOP('',(#3067,#3068,#3069,#3070));
#695=EDGE_LOOP('',(#3071,#3072,#3073,#3074));
#696=EDGE_LOOP('',(#3075,#3076,#3077,#3078));
#697=EDGE_LOOP('',(#3079,#3080,#3081,#3082));
#698=EDGE_LOOP('',(#3083,#3084,#3085,#3086));
#699=EDGE_LOOP('',(#3087,#3088,#3089,#3090));
#700=EDGE_LOOP('',(#3091,#3092,#3093,#3094));
#701=EDGE_LOOP('',(#3095,#3096,#3097,#3098));
#702=EDGE_LOOP('',(#3099,#3100,#3101,#3102));
#703=EDGE_LOOP('',(#3103,#3104,#3105,#3106));
#704=EDGE_LOOP('',(#3107,#3108,#3109,#3110));
#705=EDGE_LOOP('',(#3111,#3112,#3113,#3114));
#706=EDGE_LOOP('',(#3115,#3116,#3117,#3118));
#707=EDGE_LOOP('',(#3119,#3120,#3121,#3122));
#708=EDGE_LOOP('',(#3123,#3124,#3125,#3126));
#709=EDGE_LOOP('',(#3127,#3128,#3129,#3130));
#710=EDGE_LOOP('',(#3131,#3132,#3133,#3134));
#711=EDGE_LOOP('',(#3135,#3136,#3137,#3138));
#712=EDGE_LOOP('',(#3139,#3140,#3141,#3142,#3143,#3144,#3145,#3146,#3147,
#3148,#3149,#3150,#3151,#3152,#3153,#3154,#3155,#3156,#3157,#3158));
#713=EDGE_LOOP('',(#3159,#3160));
#714=EDGE_LOOP('',(#3161,#3162));
#715=EDGE_LOOP('',(#3163,#3164));
#716=EDGE_LOOP('',(#3165,#3166));
#717=EDGE_LOOP('',(#3167,#3168,#3169,#3170));
#718=EDGE_LOOP('',(#3171,#3172,#3173,#3174));
#719=EDGE_LOOP('',(#3175,#3176,#3177,#3178));
#720=EDGE_LOOP('',(#3179,#3180,#3181,#3182));
#721=EDGE_LOOP('',(#3183,#3184,#3185,#3186));
#722=EDGE_LOOP('',(#3187,#3188,#3189,#3190));
#723=EDGE_LOOP('',(#3191,#3192,#3193,#3194));
#724=EDGE_LOOP('',(#3195,#3196,#3197,#3198));
#725=EDGE_LOOP('',(#3199,#3200,#3201,#3202));
#726=EDGE_LOOP('',(#3203,#3204,#3205,#3206));
#727=EDGE_LOOP('',(#3207,#3208,#3209,#3210));
#728=EDGE_LOOP('',(#3211,#3212,#3213,#3214));
#729=EDGE_LOOP('',(#3215,#3216,#3217,#3218));
#730=EDGE_LOOP('',(#3219,#3220,#3221,#3222));
#731=EDGE_LOOP('',(#3223,#3224,#3225,#3226));
#732=EDGE_LOOP('',(#3227,#3228,#3229,#3230));
#733=EDGE_LOOP('',(#3231,#3232,#3233,#3234));
#734=EDGE_LOOP('',(#3235,#3236,#3237,#3238));
#735=EDGE_LOOP('',(#3239,#3240,#3241,#3242));
#736=EDGE_LOOP('',(#3243,#3244,#3245,#3246));
#737=EDGE_LOOP('',(#3247,#3248,#3249,#3250));
#738=EDGE_LOOP('',(#3251,#3252,#3253,#3254));
#739=EDGE_LOOP('',(#3255,#3256,#3257,#3258,#3259,#3260,#3261,#3262,#3263,
#3264,#3265,#3266,#3267,#3268));
#740=EDGE_LOOP('',(#3269,#3270,#3271,#3272));
#741=EDGE_LOOP('',(#3273,#3274,#3275,#3276));
#742=EDGE_LOOP('',(#3277,#3278,#3279,#3280));
#743=EDGE_LOOP('',(#3281,#3282,#3283,#3284));
#744=EDGE_LOOP('',(#3285,#3286,#3287,#3288));
#745=EDGE_LOOP('',(#3289,#3290,#3291,#3292));
#746=EDGE_LOOP('',(#3293,#3294,#3295,#3296));
#747=EDGE_LOOP('',(#3297,#3298,#3299,#3300));
#748=EDGE_LOOP('',(#3301,#3302,#3303,#3304));
#749=EDGE_LOOP('',(#3305,#3306,#3307,#3308));
#750=EDGE_LOOP('',(#3309,#3310,#3311,#3312));
#751=EDGE_LOOP('',(#3313,#3314,#3315,#3316));
#752=EDGE_LOOP('',(#3317,#3318,#3319,#3320,#3321,#3322,#3323,#3324,#3325,
#3326,#3327,#3328,#3329,#3330));
#753=EDGE_LOOP('',(#3331,#3332,#3333,#3334));
#754=EDGE_LOOP('',(#3335,#3336,#3337,#3338));
#755=EDGE_LOOP('',(#3339,#3340,#3341,#3342,#3343,#3344,#3345,#3346,#3347,
#3348,#3349,#3350,#3351));
#756=EDGE_LOOP('',(#3352,#3353,#3354,#3355,#3356));
#757=EDGE_LOOP('',(#3357,#3358,#3359,#3360));
#758=EDGE_LOOP('',(#3361,#3362,#3363,#3364));
#759=EDGE_LOOP('',(#3365,#3366,#3367,#3368));
#760=EDGE_LOOP('',(#3369,#3370,#3371,#3372));
#761=EDGE_LOOP('',(#3373,#3374,#3375,#3376));
#762=EDGE_LOOP('',(#3377,#3378,#3379,#3380));
#763=EDGE_LOOP('',(#3381,#3382,#3383,#3384));
#764=EDGE_LOOP('',(#3385,#3386,#3387,#3388));
#765=EDGE_LOOP('',(#3389,#3390,#3391,#3392));
#766=EDGE_LOOP('',(#3393,#3394,#3395,#3396));
#767=EDGE_LOOP('',(#3397,#3398,#3399,#3400));
#768=EDGE_LOOP('',(#3401,#3402,#3403,#3404));
#769=EDGE_LOOP('',(#3405,#3406,#3407,#3408));
#770=EDGE_LOOP('',(#3409,#3410,#3411,#3412));
#771=EDGE_LOOP('',(#3413,#3414,#3415,#3416));
#772=EDGE_LOOP('',(#3417,#3418,#3419,#3420));
#773=EDGE_LOOP('',(#3421,#3422,#3423,#3424,#3425,#3426,#3427,#3428,#3429,
#3430,#3431,#3432,#3433));
#774=EDGE_LOOP('',(#3434,#3435,#3436,#3437,#3438));
#775=EDGE_LOOP('',(#3439,#3440,#3441,#3442));
#776=EDGE_LOOP('',(#3443,#3444,#3445,#3446));
#777=EDGE_LOOP('',(#3447,#3448,#3449,#3450,#3451,#3452,#3453,#3454,#3455,
#3456,#3457));
#778=EDGE_LOOP('',(#3458,#3459,#3460,#3461));
#779=EDGE_LOOP('',(#3462,#3463,#3464,#3465));
#780=EDGE_LOOP('',(#3466,#3467,#3468,#3469));
#781=EDGE_LOOP('',(#3470,#3471,#3472,#3473));
#782=EDGE_LOOP('',(#3474,#3475,#3476,#3477));
#783=EDGE_LOOP('',(#3478,#3479,#3480,#3481));
#784=EDGE_LOOP('',(#3482,#3483,#3484,#3485));
#785=EDGE_LOOP('',(#3486,#3487,#3488,#3489));
#786=EDGE_LOOP('',(#3490,#3491,#3492,#3493));
#787=EDGE_LOOP('',(#3494,#3495,#3496,#3497,#3498,#3499,#3500,#3501,#3502,
#3503,#3504));
#788=EDGE_LOOP('',(#3505,#3506,#3507,#3508));
#789=EDGE_LOOP('',(#3509,#3510,#3511,#3512,#3513,#3514,#3515,#3516,#3517,
#3518,#3519,#3520,#3521,#3522,#3523,#3524,#3525,#3526,#3527));
#790=EDGE_LOOP('',(#3528,#3529,#3530,#3531));
#791=EDGE_LOOP('',(#3532,#3533,#3534,#3535));
#792=EDGE_LOOP('',(#3536,#3537,#3538,#3539,#3540,#3541,#3542,#3543,#3544,
#3545,#3546,#3547,#3548,#3549,#3550,#3551,#3552,#3553,#3554));
#793=EDGE_LOOP('',(#3555,#3556,#3557,#3558));
#794=EDGE_LOOP('',(#3559,#3560,#3561,#3562));
#795=EDGE_LOOP('',(#3563,#3564,#3565,#3566));
#796=EDGE_LOOP('',(#3567,#3568,#3569,#3570));
#797=EDGE_LOOP('',(#3571,#3572,#3573,#3574));
#798=EDGE_LOOP('',(#3575,#3576,#3577,#3578));
#799=EDGE_LOOP('',(#3579,#3580,#3581,#3582));
#800=EDGE_LOOP('',(#3583,#3584,#3585,#3586));
#801=EDGE_LOOP('',(#3587,#3588,#3589,#3590));
#802=EDGE_LOOP('',(#3591,#3592,#3593,#3594));
#803=EDGE_LOOP('',(#3595,#3596,#3597,#3598));
#804=EDGE_LOOP('',(#3599,#3600,#3601,#3602));
#805=EDGE_LOOP('',(#3603,#3604,#3605,#3606));
#806=EDGE_LOOP('',(#3607,#3608,#3609,#3610));
#807=EDGE_LOOP('',(#3611,#3612,#3613,#3614));
#808=EDGE_LOOP('',(#3615,#3616,#3617,#3618));
#809=EDGE_LOOP('',(#3619,#3620,#3621,#3622));
#810=EDGE_LOOP('',(#3623,#3624,#3625,#3626));
#811=EDGE_LOOP('',(#3627,#3628,#3629,#3630,#3631,#3632,#3633,#3634,#3635,
#3636,#3637,#3638,#3639,#3640));
#812=EDGE_LOOP('',(#3641,#3642,#3643,#3644));
#813=EDGE_LOOP('',(#3645,#3646,#3647,#3648));
#814=EDGE_LOOP('',(#3649,#3650,#3651,#3652));
#815=EDGE_LOOP('',(#3653,#3654,#3655,#3656));
#816=EDGE_LOOP('',(#3657,#3658,#3659,#3660));
#817=EDGE_LOOP('',(#3661,#3662,#3663,#3664));
#818=EDGE_LOOP('',(#3665,#3666,#3667,#3668));
#819=EDGE_LOOP('',(#3669,#3670,#3671,#3672));
#820=EDGE_LOOP('',(#3673,#3674,#3675,#3676));
#821=EDGE_LOOP('',(#3677,#3678,#3679,#3680));
#822=EDGE_LOOP('',(#3681,#3682,#3683,#3684));
#823=EDGE_LOOP('',(#3685,#3686,#3687,#3688));
#824=EDGE_LOOP('',(#3689,#3690,#3691,#3692,#3693,#3694,#3695,#3696,#3697,
#3698,#3699,#3700,#3701,#3702));
#825=EDGE_LOOP('',(#3703,#3704,#3705,#3706));
#826=EDGE_LOOP('',(#3707,#3708,#3709,#3710));
#827=EDGE_LOOP('',(#3711,#3712,#3713,#3714));
#828=EDGE_LOOP('',(#3715,#3716,#3717,#3718));
#829=EDGE_LOOP('',(#3719,#3720,#3721,#3722));
#830=EDGE_LOOP('',(#3723,#3724,#3725,#3726));
#831=EDGE_LOOP('',(#3727,#3728,#3729,#3730));
#832=EDGE_LOOP('',(#3731,#3732,#3733,#3734));
#833=EDGE_LOOP('',(#3735,#3736,#3737,#3738));
#834=EDGE_LOOP('',(#3739,#3740,#3741));
#835=EDGE_LOOP('',(#3742,#3743,#3744));
#836=LINE('',#5756,#1148);
#837=LINE('',#5771,#1149);
#838=LINE('',#5780,#1150);
#839=LINE('',#5795,#1151);
#840=LINE('',#5805,#1152);
#841=LINE('',#5836,#1153);
#842=LINE('',#5845,#1154);
#843=LINE('',#5849,#1155);
#844=LINE('',#5856,#1156);
#845=LINE('',#5862,#1157);
#846=LINE('',#5900,#1158);
#847=LINE('',#5932,#1159);
#848=LINE('',#5942,#1160);
#849=LINE('',#5945,#1161);
#850=LINE('',#5953,#1162);
#851=LINE('',#5959,#1163);
#852=LINE('',#5998,#1164);
#853=LINE('',#6008,#1165);
#854=LINE('',#6016,#1166);
#855=LINE('',#6022,#1167);
#856=LINE('',#6030,#1168);
#857=LINE('',#6040,#1169);
#858=LINE('',#6048,#1170);
#859=LINE('',#6052,#1171);
#860=LINE('',#6062,#1172);
#861=LINE('',#6067,#1173);
#862=LINE('',#6071,#1174);
#863=LINE('',#6073,#1175);
#864=LINE('',#6075,#1176);
#865=LINE('',#6076,#1177);
#866=LINE('',#6080,#1178);
#867=LINE('',#6082,#1179);
#868=LINE('',#6084,#1180);
#869=LINE('',#6085,#1181);
#870=LINE('',#6089,#1182);
#871=LINE('',#6096,#1183);
#872=LINE('',#6103,#1184);
#873=LINE('',#6105,#1185);
#874=LINE('',#6112,#1186);
#875=LINE('',#6124,#1187);
#876=LINE('',#6126,#1188);
#877=LINE('',#6127,#1189);
#878=LINE('',#6129,#1190);
#879=LINE('',#6132,#1191);
#880=LINE('',#6134,#1192);
#881=LINE('',#6136,#1193);
#882=LINE('',#6140,#1194);
#883=LINE('',#6150,#1195);
#884=LINE('',#6160,#1196);
#885=LINE('',#6161,#1197);
#886=LINE('',#6165,#1198);
#887=LINE('',#6166,#1199);
#888=LINE('',#6167,#1200);
#889=LINE('',#6170,#1201);
#890=LINE('',#6174,#1202);
#891=LINE('',#6177,#1203);
#892=LINE('',#6179,#1204);
#893=LINE('',#6180,#1205);
#894=LINE('',#6183,#1206);
#895=LINE('',#6184,#1207);
#896=LINE('',#6188,#1208);
#897=LINE('',#6191,#1209);
#898=LINE('',#6192,#1210);
#899=LINE('',#6196,#1211);
#900=LINE('',#6199,#1212);
#901=LINE('',#6200,#1213);
#902=LINE('',#6204,#1214);
#903=LINE('',#6208,#1215);
#904=LINE('',#6209,#1216);
#905=LINE('',#6211,#1217);
#906=LINE('',#6215,#1218);
#907=LINE('',#6216,#1219);
#908=LINE('',#6220,#1220);
#909=LINE('',#6222,#1221);
#910=LINE('',#6225,#1222);
#911=LINE('',#6231,#1223);
#912=LINE('',#6237,#1224);
#913=LINE('',#6238,#1225);
#914=LINE('',#6243,#1226);
#915=LINE('',#6245,#1227);
#916=LINE('',#6246,#1228);
#917=LINE('',#6249,#1229);
#918=LINE('',#6250,#1230);
#919=LINE('',#6259,#1231);
#920=LINE('',#6261,#1232);
#921=LINE('',#6264,#1233);
#922=LINE('',#6267,#1234);
#923=LINE('',#6273,#1235);
#924=LINE('',#6277,#1236);
#925=LINE('',#6281,#1237);
#926=LINE('',#6287,#1238);
#927=LINE('',#6293,#1239);
#928=LINE('',#6295,#1240);
#929=LINE('',#6297,#1241);
#930=LINE('',#6299,#1242);
#931=LINE('',#6301,#1243);
#932=LINE('',#6316,#1244);
#933=LINE('',#6319,#1245);
#934=LINE('',#6322,#1246);
#935=LINE('',#6323,#1247);
#936=LINE('',#6326,#1248);
#937=LINE('',#6330,#1249);
#938=LINE('',#6334,#1250);
#939=LINE('',#6335,#1251);
#940=LINE('',#6338,#1252);
#941=LINE('',#6339,#1253);
#942=LINE('',#6342,#1254);
#943=LINE('',#6343,#1255);
#944=LINE('',#6346,#1256);
#945=LINE('',#6347,#1257);
#946=LINE('',#6350,#1258);
#947=LINE('',#6351,#1259);
#948=LINE('',#6354,#1260);
#949=LINE('',#6358,#1261);
#950=LINE('',#6362,#1262);
#951=LINE('',#6363,#1263);
#952=LINE('',#6366,#1264);
#953=LINE('',#6370,#1265);
#954=LINE('',#6374,#1266);
#955=LINE('',#6375,#1267);
#956=LINE('',#6378,#1268);
#957=LINE('',#6382,#1269);
#958=LINE('',#6383,#1270);
#959=LINE('',#6386,#1271);
#960=LINE('',#6390,#1272);
#961=LINE('',#6391,#1273);
#962=LINE('',#6397,#1274);
#963=LINE('',#6399,#1275);
#964=LINE('',#6401,#1276);
#965=LINE('',#6403,#1277);
#966=LINE('',#6405,#1278);
#967=LINE('',#6411,#1279);
#968=LINE('',#6417,#1280);
#969=LINE('',#6421,#1281);
#970=LINE('',#6425,#1282);
#971=LINE('',#6431,#1283);
#972=LINE('',#6438,#1284);
#973=LINE('',#6439,#1285);
#974=LINE('',#6441,#1286);
#975=LINE('',#6443,#1287);
#976=LINE('',#6445,#1288);
#977=LINE('',#6447,#1289);
#978=LINE('',#6449,#1290);
#979=LINE('',#6451,#1291);
#980=LINE('',#6453,#1292);
#981=LINE('',#6455,#1293);
#982=LINE('',#6457,#1294);
#983=LINE('',#6459,#1295);
#984=LINE('',#6461,#1296);
#985=LINE('',#6463,#1297);
#986=LINE('',#6465,#1298);
#987=LINE('',#6467,#1299);
#988=LINE('',#6469,#1300);
#989=LINE('',#6471,#1301);
#990=LINE('',#6473,#1302);
#991=LINE('',#6475,#1303);
#992=LINE('',#6491,#1304);
#993=LINE('',#6493,#1305);
#994=LINE('',#6494,#1306);
#995=LINE('',#6505,#1307);
#996=LINE('',#6507,#1308);
#997=LINE('',#6508,#1309);
#998=LINE('',#6581,#1310);
#999=LINE('',#6595,#1311);
#1000=LINE('',#6609,#1312);
#1001=LINE('',#6626,#1313);
#1002=LINE('',#6643,#1314);
#1003=LINE('',#6669,#1315);
#1004=LINE('',#6683,#1316);
#1005=LINE('',#6697,#1317);
#1006=LINE('',#6714,#1318);
#1007=LINE('',#6731,#1319);
#1008=LINE('',#6748,#1320);
#1009=LINE('',#6750,#1321);
#1010=LINE('',#6752,#1322);
#1011=LINE('',#6753,#1323);
#1012=LINE('',#6764,#1324);
#1013=LINE('',#6766,#1325);
#1014=LINE('',#6767,#1326);
#1015=LINE('',#6770,#1327);
#1016=LINE('',#6791,#1328);
#1017=LINE('',#6793,#1329);
#1018=LINE('',#6809,#1330);
#1019=LINE('',#6817,#1331);
#1020=LINE('',#6819,#1332);
#1021=LINE('',#6843,#1333);
#1022=LINE('',#6844,#1334);
#1023=LINE('',#6847,#1335);
#1024=LINE('',#6848,#1336);
#1025=LINE('',#6851,#1337);
#1026=LINE('',#6852,#1338);
#1027=LINE('',#6866,#1339);
#1028=LINE('',#6882,#1340);
#1029=LINE('',#6883,#1341);
#1030=LINE('',#6884,#1342);
#1031=LINE('',#6887,#1343);
#1032=LINE('',#6888,#1344);
#1033=LINE('',#6902,#1345);
#1034=LINE('',#6924,#1346);
#1035=LINE('',#6942,#1347);
#1036=LINE('',#6944,#1348);
#1037=LINE('',#6947,#1349);
#1038=LINE('',#6948,#1350);
#1039=LINE('',#6962,#1351);
#1040=LINE('',#6976,#1352);
#1041=LINE('',#6993,#1353);
#1042=LINE('',#6995,#1354);
#1043=LINE('',#6997,#1355);
#1044=LINE('',#6998,#1356);
#1045=LINE('',#7002,#1357);
#1046=LINE('',#7004,#1358);
#1047=LINE('',#7006,#1359);
#1048=LINE('',#7007,#1360);
#1049=LINE('',#7010,#1361);
#1050=LINE('',#7011,#1362);
#1051=LINE('',#7013,#1363);
#1052=LINE('',#7015,#1364);
#1053=LINE('',#7017,#1365);
#1054=LINE('',#7019,#1366);
#1055=LINE('',#7021,#1367);
#1056=LINE('',#7023,#1368);
#1057=LINE('',#7024,#1369);
#1058=LINE('',#7027,#1370);
#1059=LINE('',#7028,#1371);
#1060=LINE('',#7030,#1372);
#1061=LINE('',#7034,#1373);
#1062=LINE('',#7035,#1374);
#1063=LINE('',#7036,#1375);
#1064=LINE('',#7039,#1376);
#1065=LINE('',#7040,#1377);
#1066=LINE('',#7042,#1378);
#1067=LINE('',#7045,#1379);
#1068=LINE('',#7046,#1380);
#1069=LINE('',#7049,#1381);
#1070=LINE('',#7050,#1382);
#1071=LINE('',#7053,#1383);
#1072=LINE('',#7054,#1384);
#1073=LINE('',#7056,#1385);
#1074=LINE('',#7061,#1386);
#1075=LINE('',#7063,#1387);
#1076=LINE('',#7065,#1388);
#1077=LINE('',#7066,#1389);
#1078=LINE('',#7069,#1390);
#1079=LINE('',#7071,#1391);
#1080=LINE('',#7073,#1392);
#1081=LINE('',#7085,#1393);
#1082=LINE('',#7087,#1394);
#1083=LINE('',#7089,#1395);
#1084=LINE('',#7101,#1396);
#1085=LINE('',#7103,#1397);
#1086=LINE('',#7105,#1398);
#1087=LINE('',#7126,#1399);
#1088=LINE('',#7129,#1400);
#1089=LINE('',#7130,#1401);
#1090=LINE('',#7133,#1402);
#1091=LINE('',#7134,#1403);
#1092=LINE('',#7157,#1404);
#1093=LINE('',#7159,#1405);
#1094=LINE('',#7161,#1406);
#1095=LINE('',#7173,#1407);
#1096=LINE('',#7175,#1408);
#1097=LINE('',#7177,#1409);
#1098=LINE('',#7189,#1410);
#1099=LINE('',#7190,#1411);
#1100=LINE('',#7199,#1412);
#1101=LINE('',#7208,#1413);
#1102=LINE('',#7217,#1414);
#1103=LINE('',#7226,#1415);
#1104=LINE('',#7228,#1416);
#1105=LINE('',#7230,#1417);
#1106=LINE('',#7232,#1418);
#1107=LINE('',#7241,#1419);
#1108=LINE('',#7250,#1420);
#1109=LINE('',#7252,#1421);
#1110=LINE('',#7254,#1422);
#1111=LINE('',#7256,#1423);
#1112=LINE('',#7265,#1424);
#1113=LINE('',#7274,#1425);
#1114=LINE('',#7276,#1426);
#1115=LINE('',#7288,#1427);
#1116=LINE('',#7290,#1428);
#1117=LINE('',#7291,#1429);
#1118=LINE('',#7302,#1430);
#1119=LINE('',#7304,#1431);
#1120=LINE('',#7305,#1432);
#1121=LINE('',#7378,#1433);
#1122=LINE('',#7392,#1434);
#1123=LINE('',#7406,#1435);
#1124=LINE('',#7423,#1436);
#1125=LINE('',#7440,#1437);
#1126=LINE('',#7466,#1438);
#1127=LINE('',#7480,#1439);
#1128=LINE('',#7494,#1440);
#1129=LINE('',#7511,#1441);
#1130=LINE('',#7528,#1442);
#1131=LINE('',#7547,#1443);
#1132=LINE('',#7550,#1444);
#1133=LINE('',#7553,#1445);
#1134=LINE('',#7555,#1446);
#1135=LINE('',#7556,#1447);
#1136=LINE('',#7561,#1448);
#1137=LINE('',#7564,#1449);
#1138=LINE('',#7565,#1450);
#1139=LINE('',#7572,#1451);
#1140=LINE('',#7574,#1452);
#1141=LINE('',#7576,#1453);
#1142=LINE('',#7577,#1454);
#1143=LINE('',#7580,#1455);
#1144=LINE('',#7582,#1456);
#1145=LINE('',#7583,#1457);
#1146=LINE('',#7585,#1458);
#1147=LINE('',#7586,#1459);
#1148=VECTOR('',#4701,0.369615242270663);
#1149=VECTOR('',#4720,0.45);
#1150=VECTOR('',#4731,0.369615242270663);
#1151=VECTOR('',#4750,0.45);
#1152=VECTOR('',#4763,0.9);
#1153=VECTOR('',#4798,0.75);
#1154=VECTOR('',#4809,0.75);
#1155=VECTOR('',#4814,1.);
#1156=VECTOR('',#4823,1.);
#1157=VECTOR('',#4830,1.25);
#1158=VECTOR('',#4845,0.9);
#1159=VECTOR('',#4882,0.75);
#1160=VECTOR('',#4895,0.75);
#1161=VECTOR('',#4898,1.);
#1162=VECTOR('',#4909,1.);
#1163=VECTOR('',#4916,1.25);
#1164=VECTOR('',#4933,1.05);
#1165=VECTOR('',#4944,1.05);
#1166=VECTOR('',#4953,1.05);
#1167=VECTOR('',#4960,1.05);
#1168=VECTOR('',#4969,0.45);
#1169=VECTOR('',#4980,0.45);
#1170=VECTOR('',#4989,0.45);
#1171=VECTOR('',#4994,0.499999999999999);
#1172=VECTOR('',#5005,0.499999999999999);
#1173=VECTOR('',#5012,0.45);
#1174=VECTOR('',#5015,1000.);
#1175=VECTOR('',#5016,1000.);
#1176=VECTOR('',#5017,1000.);
#1177=VECTOR('',#5018,1000.);
#1178=VECTOR('',#5021,1000.);
#1179=VECTOR('',#5022,1000.);
#1180=VECTOR('',#5023,1000.);
#1181=VECTOR('',#5024,1000.);
#1182=VECTOR('',#5027,1000.);
#1183=VECTOR('',#5036,1000.);
#1184=VECTOR('',#5043,1000.);
#1185=VECTOR('',#5046,1000.);
#1186=VECTOR('',#5055,1000.);
#1187=VECTOR('',#5070,1000.);
#1188=VECTOR('',#5071,1000.);
#1189=VECTOR('',#5072,1000.);
#1190=VECTOR('',#5075,1000.);
#1191=VECTOR('',#5078,1000.);
#1192=VECTOR('',#5079,1000.);
#1193=VECTOR('',#5080,1000.);
#1194=VECTOR('',#5085,1000.);
#1195=VECTOR('',#5098,1000.);
#1196=VECTOR('',#5111,1000.);
#1197=VECTOR('',#5112,1000.);
#1198=VECTOR('',#5115,1000.);
#1199=VECTOR('',#5116,1000.);
#1200=VECTOR('',#5117,1000.);
#1201=VECTOR('',#5120,1000.);
#1202=VECTOR('',#5123,1000.);
#1203=VECTOR('',#5126,1000.);
#1204=VECTOR('',#5127,1000.);
#1205=VECTOR('',#5128,1000.);
#1206=VECTOR('',#5131,1000.);
#1207=VECTOR('',#5132,1000.);
#1208=VECTOR('',#5137,1000.);
#1209=VECTOR('',#5140,1000.);
#1210=VECTOR('',#5141,1000.);
#1211=VECTOR('',#5146,1000.);
#1212=VECTOR('',#5149,1000.);
#1213=VECTOR('',#5150,1000.);
#1214=VECTOR('',#5153,1000.);
#1215=VECTOR('',#5156,1000.);
#1216=VECTOR('',#5157,1000.);
#1217=VECTOR('',#5158,1000.);
#1218=VECTOR('',#5163,1000.);
#1219=VECTOR('',#5164,1000.);
#1220=VECTOR('',#5169,1000.);
#1221=VECTOR('',#5172,1000.);
#1222=VECTOR('',#5175,1000.);
#1223=VECTOR('',#5182,1000.);
#1224=VECTOR('',#5191,1000.);
#1225=VECTOR('',#5192,1000.);
#1226=VECTOR('',#5199,1000.);
#1227=VECTOR('',#5200,1000.);
#1228=VECTOR('',#5201,1000.);
#1229=VECTOR('',#5204,1000.);
#1230=VECTOR('',#5205,1000.);
#1231=VECTOR('',#5218,1000.);
#1232=VECTOR('',#5219,1000.);
#1233=VECTOR('',#5222,1000.);
#1234=VECTOR('',#5223,1000.);
#1235=VECTOR('',#5228,1000.);
#1236=VECTOR('',#5231,1000.);
#1237=VECTOR('',#5234,1000.);
#1238=VECTOR('',#5239,1000.);
#1239=VECTOR('',#5244,1000.);
#1240=VECTOR('',#5245,1000.);
#1241=VECTOR('',#5246,1000.);
#1242=VECTOR('',#5247,1000.);
#1243=VECTOR('',#5248,1000.);
#1244=VECTOR('',#5273,1000.);
#1245=VECTOR('',#5276,1000.);
#1246=VECTOR('',#5279,1000.);
#1247=VECTOR('',#5280,1000.);
#1248=VECTOR('',#5283,1000.);
#1249=VECTOR('',#5288,1000.);
#1250=VECTOR('',#5293,1000.);
#1251=VECTOR('',#5294,1000.);
#1252=VECTOR('',#5297,1000.);
#1253=VECTOR('',#5298,1000.);
#1254=VECTOR('',#5301,1000.);
#1255=VECTOR('',#5302,1000.);
#1256=VECTOR('',#5305,1000.);
#1257=VECTOR('',#5306,1000.);
#1258=VECTOR('',#5309,1000.);
#1259=VECTOR('',#5310,1000.);
#1260=VECTOR('',#5313,1000.);
#1261=VECTOR('',#5318,1000.);
#1262=VECTOR('',#5323,1000.);
#1263=VECTOR('',#5324,1000.);
#1264=VECTOR('',#5327,1000.);
#1265=VECTOR('',#5332,1000.);
#1266=VECTOR('',#5337,1000.);
#1267=VECTOR('',#5338,1000.);
#1268=VECTOR('',#5341,1000.);
#1269=VECTOR('',#5346,1000.);
#1270=VECTOR('',#5347,1000.);
#1271=VECTOR('',#5350,1000.);
#1272=VECTOR('',#5355,1000.);
#1273=VECTOR('',#5356,1000.);
#1274=VECTOR('',#5363,1000.);
#1275=VECTOR('',#5364,1000.);
#1276=VECTOR('',#5365,1000.);
#1277=VECTOR('',#5366,1000.);
#1278=VECTOR('',#5367,1000.);
#1279=VECTOR('',#5372,1000.);
#1280=VECTOR('',#5377,1000.);
#1281=VECTOR('',#5380,1000.);
#1282=VECTOR('',#5383,1000.);
#1283=VECTOR('',#5388,1000.);
#1284=VECTOR('',#5399,1000.);
#1285=VECTOR('',#5400,1000.);
#1286=VECTOR('',#5403,1000.);
#1287=VECTOR('',#5406,1000.);
#1288=VECTOR('',#5409,1000.);
#1289=VECTOR('',#5412,1000.);
#1290=VECTOR('',#5415,1000.);
#1291=VECTOR('',#5418,1000.);
#1292=VECTOR('',#5421,1000.);
#1293=VECTOR('',#5424,1000.);
#1294=VECTOR('',#5427,1000.);
#1295=VECTOR('',#5430,1000.);
#1296=VECTOR('',#5433,1000.);
#1297=VECTOR('',#5436,1000.);
#1298=VECTOR('',#5439,1000.);
#1299=VECTOR('',#5442,1000.);
#1300=VECTOR('',#5445,1000.);
#1301=VECTOR('',#5448,1000.);
#1302=VECTOR('',#5451,1000.);
#1303=VECTOR('',#5454,1000.);
#1304=VECTOR('',#5467,1.5);
#1305=VECTOR('',#5468,1.5);
#1306=VECTOR('',#5469,1.5);
#1307=VECTOR('',#5472,1.5);
#1308=VECTOR('',#5473,1.5);
#1309=VECTOR('',#5474,1.5);
#1310=VECTOR('',#5477,1.5);
#1311=VECTOR('',#5478,1.5);
#1312=VECTOR('',#5479,1.5);
#1313=VECTOR('',#5480,1.5);
#1314=VECTOR('',#5481,1.5);
#1315=VECTOR('',#5482,1.5);
#1316=VECTOR('',#5483,1.5);
#1317=VECTOR('',#5484,1.5);
#1318=VECTOR('',#5485,1.5);
#1319=VECTOR('',#5486,1.5);
#1320=VECTOR('',#5491,1.5);
#1321=VECTOR('',#5492,1.5);
#1322=VECTOR('',#5493,1.5);
#1323=VECTOR('',#5494,1.5);
#1324=VECTOR('',#5497,1.5);
#1325=VECTOR('',#5498,1.5);
#1326=VECTOR('',#5499,1.5);
#1327=VECTOR('',#5502,1.5);
#1328=VECTOR('',#5503,1.5);
#1329=VECTOR('',#5504,1.5);
#1330=VECTOR('',#5505,1.5);
#1331=VECTOR('',#5506,1.5);
#1332=VECTOR('',#5507,1.5);
#1333=VECTOR('',#5508,1.5);
#1334=VECTOR('',#5509,1.5);
#1335=VECTOR('',#5512,1.5);
#1336=VECTOR('',#5513,1.5);
#1337=VECTOR('',#5516,1.5);
#1338=VECTOR('',#5517,1.5);
#1339=VECTOR('',#5518,1.5);
#1340=VECTOR('',#5521,1.5);
#1341=VECTOR('',#5522,1.5);
#1342=VECTOR('',#5523,1.5);
#1343=VECTOR('',#5526,1.5);
#1344=VECTOR('',#5527,1.5);
#1345=VECTOR('',#5528,1.5);
#1346=VECTOR('',#5529,1.5);
#1347=VECTOR('',#5530,1.5);
#1348=VECTOR('',#5533,1.5);
#1349=VECTOR('',#5536,1.5);
#1350=VECTOR('',#5537,1.5);
#1351=VECTOR('',#5538,1.5);
#1352=VECTOR('',#5539,1.5);
#1353=VECTOR('',#5544,1.5);
#1354=VECTOR('',#5545,1.5);
#1355=VECTOR('',#5546,1.5);
#1356=VECTOR('',#5547,1.5);
#1357=VECTOR('',#5550,1.5);
#1358=VECTOR('',#5551,1.5);
#1359=VECTOR('',#5552,1.5);
#1360=VECTOR('',#5553,1.5);
#1361=VECTOR('',#5556,1.5);
#1362=VECTOR('',#5557,1.5);
#1363=VECTOR('',#5558,1.5);
#1364=VECTOR('',#5559,1.5);
#1365=VECTOR('',#5560,1.5);
#1366=VECTOR('',#5561,1.5);
#1367=VECTOR('',#5562,1.5);
#1368=VECTOR('',#5563,1.5);
#1369=VECTOR('',#5564,1.5);
#1370=VECTOR('',#5567,1.5);
#1371=VECTOR('',#5568,1.5);
#1372=VECTOR('',#5571,1.5);
#1373=VECTOR('',#5574,1.5);
#1374=VECTOR('',#5575,1.5);
#1375=VECTOR('',#5576,1.5);
#1376=VECTOR('',#5579,1.5);
#1377=VECTOR('',#5580,1.5);
#1378=VECTOR('',#5583,1.5);
#1379=VECTOR('',#5586,1.5);
#1380=VECTOR('',#5587,1.5);
#1381=VECTOR('',#5590,1.5);
#1382=VECTOR('',#5591,1.5);
#1383=VECTOR('',#5594,1.5);
#1384=VECTOR('',#5595,1.5);
#1385=VECTOR('',#5598,1.5);
#1386=VECTOR('',#5603,1.5);
#1387=VECTOR('',#5604,1.5);
#1388=VECTOR('',#5605,1.5);
#1389=VECTOR('',#5606,1.5);
#1390=VECTOR('',#5609,1.5);
#1391=VECTOR('',#5610,1.5);
#1392=VECTOR('',#5611,1.5);
#1393=VECTOR('',#5612,1.5);
#1394=VECTOR('',#5613,1.5);
#1395=VECTOR('',#5614,1.5);
#1396=VECTOR('',#5615,1.5);
#1397=VECTOR('',#5616,1.5);
#1398=VECTOR('',#5617,1.5);
#1399=VECTOR('',#5618,1.5);
#1400=VECTOR('',#5621,1.5);
#1401=VECTOR('',#5622,1.5);
#1402=VECTOR('',#5625,1.5);
#1403=VECTOR('',#5626,1.5);
#1404=VECTOR('',#5629,1.5);
#1405=VECTOR('',#5630,1.5);
#1406=VECTOR('',#5631,1.5);
#1407=VECTOR('',#5632,1.5);
#1408=VECTOR('',#5633,1.5);
#1409=VECTOR('',#5634,1.5);
#1410=VECTOR('',#5635,1.5);
#1411=VECTOR('',#5636,1.5);
#1412=VECTOR('',#5637,1.5);
#1413=VECTOR('',#5638,1.5);
#1414=VECTOR('',#5639,1.5);
#1415=VECTOR('',#5640,1.5);
#1416=VECTOR('',#5643,1.5);
#1417=VECTOR('',#5646,1.5);
#1418=VECTOR('',#5649,1.5);
#1419=VECTOR('',#5650,1.5);
#1420=VECTOR('',#5651,1.5);
#1421=VECTOR('',#5654,1.5);
#1422=VECTOR('',#5657,1.5);
#1423=VECTOR('',#5660,1.5);
#1424=VECTOR('',#5661,1.5);
#1425=VECTOR('',#5662,1.5);
#1426=VECTOR('',#5665,1.5);
#1427=VECTOR('',#5670,1.5);
#1428=VECTOR('',#5671,1.5);
#1429=VECTOR('',#5672,1.5);
#1430=VECTOR('',#5675,1.5);
#1431=VECTOR('',#5676,1.5);
#1432=VECTOR('',#5677,1.5);
#1433=VECTOR('',#5680,1.5);
#1434=VECTOR('',#5681,1.5);
#1435=VECTOR('',#5682,1.5);
#1436=VECTOR('',#5683,1.5);
#1437=VECTOR('',#5684,1.5);
#1438=VECTOR('',#5685,1.5);
#1439=VECTOR('',#5686,1.5);
#1440=VECTOR('',#5687,1.5);
#1441=VECTOR('',#5688,1.5);
#1442=VECTOR('',#5689,1.5);
#1443=VECTOR('',#5696,1.5);
#1444=VECTOR('',#5699,1.5);
#1445=VECTOR('',#5702,1.5);
#1446=VECTOR('',#5703,1.5);
#1447=VECTOR('',#5704,1.5);
#1448=VECTOR('',#5709,1.5);
#1449=VECTOR('',#5714,1.5);
#1450=VECTOR('',#5715,1.5);
#1451=VECTOR('',#5724,1.5);
#1452=VECTOR('',#5725,1.5);
#1453=VECTOR('',#5726,1.5);
#1454=VECTOR('',#5727,1.5);
#1455=VECTOR('',#5730,1.5);
#1456=VECTOR('',#5731,1.5);
#1457=VECTOR('',#5732,1.5);
#1458=VECTOR('',#5735,1.5);
#1459=VECTOR('',#5736,1.5);
#1460=CIRCLE('',#4320,0.45);
#1461=CIRCLE('',#4321,0.45);
#1462=CIRCLE('',#4322,0.369615242270663);
#1463=CIRCLE('',#4323,0.369615242270663);
#1464=CIRCLE('',#4325,0.45);
#1465=CIRCLE('',#4326,0.45);
#1466=CIRCLE('',#4327,0.05);
#1467=CIRCLE('',#4328,0.4);
#1468=CIRCLE('',#4329,0.4);
#1469=CIRCLE('',#4334,0.45);
#1470=CIRCLE('',#4335,0.45);
#1471=CIRCLE('',#4336,0.369615242270663);
#1472=CIRCLE('',#4337,0.369615242270663);
#1473=CIRCLE('',#4339,0.4);
#1474=CIRCLE('',#4340,0.4);
#1475=CIRCLE('',#4341,0.05);
#1476=CIRCLE('',#4342,0.45);
#1477=CIRCLE('',#4343,0.45);
#1478=CIRCLE('',#4349,1.);
#1479=CIRCLE('',#4350,1.);
#1480=CIRCLE('',#4351,0.9);
#1481=CIRCLE('',#4352,0.9);
#1482=CIRCLE('',#4354,1.15);
#1483=CIRCLE('',#4355,1.15);
#1484=CIRCLE('',#4356,0.1);
#1485=CIRCLE('',#4357,1.25);
#1486=CIRCLE('',#4358,1.25);
#1487=CIRCLE('',#4360,1.);
#1488=CIRCLE('',#4361,1.);
#1489=CIRCLE('',#4362,0.1);
#1490=CIRCLE('',#4363,1.1);
#1491=CIRCLE('',#4364,1.1);
#1492=CIRCLE('',#4366,0.75);
#1493=CIRCLE('',#4367,0.75);
#1494=CIRCLE('',#4368,0.616025403784436);
#1495=CIRCLE('',#4369,0.616025403784436);
#1496=CIRCLE('',#4370,0.75);
#1497=CIRCLE('',#4372,0.75);
#1498=CIRCLE('',#4373,0.75);
#1499=CIRCLE('',#4375,1.);
#1500=CIRCLE('',#4376,1.);
#1501=CIRCLE('',#4378,1.);
#1502=CIRCLE('',#4379,1.);
#1503=CIRCLE('',#4381,1.25);
#1504=CIRCLE('',#4382,1.25);
#1505=CIRCLE('',#4388,1.);
#1506=CIRCLE('',#4389,0.9);
#1507=CIRCLE('',#4390,0.9);
#1508=CIRCLE('',#4391,1.);
#1509=CIRCLE('',#4393,1.15);
#1510=CIRCLE('',#4394,0.1);
#1511=CIRCLE('',#4395,1.25);
#1512=CIRCLE('',#4396,1.25);
#1513=CIRCLE('',#4397,1.15);
#1514=CIRCLE('',#4399,1.);
#1515=CIRCLE('',#4400,0.1);
#1516=CIRCLE('',#4401,1.1);
#1517=CIRCLE('',#4402,1.1);
#1518=CIRCLE('',#4403,1.);
#1519=CIRCLE('',#4405,0.75);
#1520=CIRCLE('',#4406,0.75);
#1521=CIRCLE('',#4407,0.616025403784436);
#1522=CIRCLE('',#4408,0.616025403784436);
#1523=CIRCLE('',#4409,0.75);
#1524=CIRCLE('',#4411,0.75);
#1525=CIRCLE('',#4412,0.75);
#1526=CIRCLE('',#4414,1.);
#1527=CIRCLE('',#4415,1.);
#1528=CIRCLE('',#4417,1.);
#1529=CIRCLE('',#4418,1.);
#1530=CIRCLE('',#4420,1.25);
#1531=CIRCLE('',#4421,1.25);
#1532=CIRCLE('',#4428,1.05);
#1533=CIRCLE('',#4429,1.05);
#1534=CIRCLE('',#4430,1.2);
#1535=CIRCLE('',#4431,1.2);
#1536=CIRCLE('',#4433,1.05);
#1537=CIRCLE('',#4434,1.05);
#1538=CIRCLE('',#4435,1.2);
#1539=CIRCLE('',#4436,1.2);
#1540=CIRCLE('',#4438,1.05);
#1541=CIRCLE('',#4439,1.05);
#1542=CIRCLE('',#4441,1.05);
#1543=CIRCLE('',#4442,1.05);
#1544=CIRCLE('',#4444,0.45);
#1545=CIRCLE('',#4445,0.45);
#1546=CIRCLE('',#4446,0.499999999999997);
#1547=CIRCLE('',#4447,0.499999999999997);
#1548=CIRCLE('',#4449,0.45);
#1549=CIRCLE('',#4450,0.45);
#1550=CIRCLE('',#4451,0.499999999999997);
#1551=CIRCLE('',#4452,0.499999999999997);
#1552=CIRCLE('',#4454,0.45);
#1553=CIRCLE('',#4455,0.45);
#1554=CIRCLE('',#4457,0.499999999999999);
#1555=CIRCLE('',#4458,0.499999999999999);
#1556=CIRCLE('',#4460,0.45);
#1557=CIRCLE('',#4461,0.45);
#1558=CIRCLE('',#4462,0.499999999999999);
#1559=CIRCLE('',#4463,0.499999999999999);
#1560=CIRCLE('',#4468,1.);
#1561=CIRCLE('',#4469,1.);
#1562=CIRCLE('',#4471,1.);
#1563=CIRCLE('',#4472,1.);
#1564=CIRCLE('',#4475,0.0999999999999998);
#1565=CIRCLE('',#4477,0.9);
#1566=CIRCLE('',#4478,0.1);
#1567=CIRCLE('',#4480,0.1);
#1568=CIRCLE('',#4482,0.9);
#1569=CIRCLE('',#4483,0.1);
#1570=CIRCLE('',#4484,1.);
#1571=CIRCLE('',#4486,1.);
#1572=CIRCLE('',#4489,1.);
#1573=CIRCLE('',#4491,1.);
#1574=CIRCLE('',#4493,0.1);
#1575=CIRCLE('',#4494,0.9);
#1576=CIRCLE('',#4495,0.1);
#1577=CIRCLE('',#4497,0.1);
#1578=CIRCLE('',#4499,0.9);
#1579=CIRCLE('',#4500,0.0999999999999998);
#1580=CIRCLE('',#4505,0.9);
#1581=CIRCLE('',#4506,0.9);
#1582=CIRCLE('',#4509,0.0999999999999998);
#1583=CIRCLE('',#4512,0.1);
#1584=CIRCLE('',#4515,0.1);
#1585=CIRCLE('',#4516,0.1);
#1586=CIRCLE('',#4519,0.1);
#1587=CIRCLE('',#4522,0.0999999999999998);
#1588=CIRCLE('',#4524,0.0999999999999998);
#1589=CIRCLE('',#4525,0.0999999999999998);
#1590=CIRCLE('',#4527,1.);
#1591=CIRCLE('',#4530,1.);
#1592=CIRCLE('',#4534,1.);
#1593=CIRCLE('',#4536,1.);
#1594=CIRCLE('',#4538,0.9);
#1595=CIRCLE('',#4539,0.9);
#1596=CIRCLE('',#4540,0.6);
#1597=CIRCLE('',#4541,1.80055555555556);
#1598=CIRCLE('',#4542,0.5);
#1599=CIRCLE('',#4543,0.500000000000001);
#1600=CIRCLE('',#4544,1.80055555555556);
#1601=CIRCLE('',#4545,0.6);
#1602=CIRCLE('',#4546,0.6);
#1603=CIRCLE('',#4547,1.80055555555556);
#1604=CIRCLE('',#4548,1.80055555555556);
#1605=CIRCLE('',#4549,0.6);
#1606=CIRCLE('',#4551,0.1);
#1607=CIRCLE('',#4553,0.1);
#1608=CIRCLE('',#4555,0.1);
#1609=CIRCLE('',#4557,0.1);
#1610=CIRCLE('',#4560,0.6);
#1611=CIRCLE('',#4563,0.6);
#1612=CIRCLE('',#4565,1.80055555555556);
#1613=CIRCLE('',#4572,1.80055555555556);
#1614=CIRCLE('',#4574,0.6);
#1615=CIRCLE('',#4577,0.6);
#1616=CIRCLE('',#4579,1.80055555555556);
#1617=CIRCLE('',#4582,0.500000000000001);
#1618=CIRCLE('',#4585,0.5);
#1619=CIRCLE('',#4588,1.80055555555556);
#1620=CIRCLE('',#4590,1.70055555555555);
#1621=CIRCLE('',#4591,0.700000000000005);
#1622=CIRCLE('',#4592,0.700000000000005);
#1623=CIRCLE('',#4593,1.70055555555555);
#1624=CIRCLE('',#4594,0.399999999999995);
#1625=CIRCLE('',#4595,0.399999999999995);
#1626=CIRCLE('',#4596,1.70055555555555);
#1627=CIRCLE('',#4597,0.700000000000005);
#1628=CIRCLE('',#4598,0.700000000000005);
#1629=CIRCLE('',#4599,1.70055555555555);
#1630=CIRCLE('',#4671,0.458880362395275);
#1631=CIRCLE('',#4672,0.458880362395275);
#1632=CIRCLE('',#4675,0.352791840913244);
#1633=CIRCLE('',#4676,0.352791840913244);
#1634=VERTEX_POINT('',#5751);
#1635=VERTEX_POINT('',#5752);
#1636=VERTEX_POINT('',#5755);
#1637=VERTEX_POINT('',#5757);
#1638=VERTEX_POINT('',#5761);
#1639=VERTEX_POINT('',#5762);
#1640=VERTEX_POINT('',#5765);
#1641=VERTEX_POINT('',#5767);
#1642=VERTEX_POINT('',#5775);
#1643=VERTEX_POINT('',#5776);
#1644=VERTEX_POINT('',#5779);
#1645=VERTEX_POINT('',#5781);
#1646=VERTEX_POINT('',#5785);
#1647=VERTEX_POINT('',#5786);
#1648=VERTEX_POINT('',#5789);
#1649=VERTEX_POINT('',#5791);
#1650=VERTEX_POINT('',#5800);
#1651=VERTEX_POINT('',#5801);
#1652=VERTEX_POINT('',#5804);
#1653=VERTEX_POINT('',#5806);
#1654=VERTEX_POINT('',#5810);
#1655=VERTEX_POINT('',#5811);
#1656=VERTEX_POINT('',#5814);
#1657=VERTEX_POINT('',#5816);
#1658=VERTEX_POINT('',#5820);
#1659=VERTEX_POINT('',#5821);
#1660=VERTEX_POINT('',#5824);
#1661=VERTEX_POINT('',#5826);
#1662=VERTEX_POINT('',#5830);
#1663=VERTEX_POINT('',#5831);
#1664=VERTEX_POINT('',#5833);
#1665=VERTEX_POINT('',#5835);
#1666=VERTEX_POINT('',#5837);
#1667=VERTEX_POINT('',#5842);
#1668=VERTEX_POINT('',#5843);
#1669=VERTEX_POINT('',#5848);
#1670=VERTEX_POINT('',#5850);
#1671=VERTEX_POINT('',#5854);
#1672=VERTEX_POINT('',#5859);
#1673=VERTEX_POINT('',#5860);
#1674=VERTEX_POINT('',#5896);
#1675=VERTEX_POINT('',#5897);
#1676=VERTEX_POINT('',#5899);
#1677=VERTEX_POINT('',#5901);
#1678=VERTEX_POINT('',#5906);
#1679=VERTEX_POINT('',#5907);
#1680=VERTEX_POINT('',#5909);
#1681=VERTEX_POINT('',#5911);
#1682=VERTEX_POINT('',#5916);
#1683=VERTEX_POINT('',#5917);
#1684=VERTEX_POINT('',#5919);
#1685=VERTEX_POINT('',#5921);
#1686=VERTEX_POINT('',#5926);
#1687=VERTEX_POINT('',#5927);
#1688=VERTEX_POINT('',#5929);
#1689=VERTEX_POINT('',#5931);
#1690=VERTEX_POINT('',#5933);
#1691=VERTEX_POINT('',#5938);
#1692=VERTEX_POINT('',#5939);
#1693=VERTEX_POINT('',#5944);
#1694=VERTEX_POINT('',#5946);
#1695=VERTEX_POINT('',#5950);
#1696=VERTEX_POINT('',#5955);
#1697=VERTEX_POINT('',#5956);
#1698=VERTEX_POINT('',#5993);
#1699=VERTEX_POINT('',#5994);
#1700=VERTEX_POINT('',#5997);
#1701=VERTEX_POINT('',#5999);
#1702=VERTEX_POINT('',#6003);
#1703=VERTEX_POINT('',#6004);
#1704=VERTEX_POINT('',#6007);
#1705=VERTEX_POINT('',#6009);
#1706=VERTEX_POINT('',#6013);
#1707=VERTEX_POINT('',#6014);
#1708=VERTEX_POINT('',#6019);
#1709=VERTEX_POINT('',#6020);
#1710=VERTEX_POINT('',#6025);
#1711=VERTEX_POINT('',#6026);
#1712=VERTEX_POINT('',#6029);
#1713=VERTEX_POINT('',#6031);
#1714=VERTEX_POINT('',#6035);
#1715=VERTEX_POINT('',#6036);
#1716=VERTEX_POINT('',#6039);
#1717=VERTEX_POINT('',#6041);
#1718=VERTEX_POINT('',#6045);
#1719=VERTEX_POINT('',#6046);
#1720=VERTEX_POINT('',#6051);
#1721=VERTEX_POINT('',#6053);
#1722=VERTEX_POINT('',#6057);
#1723=VERTEX_POINT('',#6058);
#1724=VERTEX_POINT('',#6061);
#1725=VERTEX_POINT('',#6063);
#1726=VERTEX_POINT('',#6069);
#1727=VERTEX_POINT('',#6070);
#1728=VERTEX_POINT('',#6072);
#1729=VERTEX_POINT('',#6074);
#1730=VERTEX_POINT('',#6078);
#1731=VERTEX_POINT('',#6079);
#1732=VERTEX_POINT('',#6081);
#1733=VERTEX_POINT('',#6083);
#1734=VERTEX_POINT('',#6087);
#1735=VERTEX_POINT('',#6088);
#1736=VERTEX_POINT('',#6093);
#1737=VERTEX_POINT('',#6095);
#1738=VERTEX_POINT('',#6099);
#1739=VERTEX_POINT('',#6100);
#1740=VERTEX_POINT('',#6102);
#1741=VERTEX_POINT('',#6107);
#1742=VERTEX_POINT('',#6111);
#1743=VERTEX_POINT('',#6115);
#1744=VERTEX_POINT('',#6117);
#1745=VERTEX_POINT('',#6121);
#1746=VERTEX_POINT('',#6123);
#1747=VERTEX_POINT('',#6125);
#1748=VERTEX_POINT('',#6131);
#1749=VERTEX_POINT('',#6133);
#1750=VERTEX_POINT('',#6135);
#1751=VERTEX_POINT('',#6139);
#1752=VERTEX_POINT('',#6143);
#1753=VERTEX_POINT('',#6145);
#1754=VERTEX_POINT('',#6149);
#1755=VERTEX_POINT('',#6153);
#1756=VERTEX_POINT('',#6157);
#1757=VERTEX_POINT('',#6158);
#1758=VERTEX_POINT('',#6163);
#1759=VERTEX_POINT('',#6164);
#1760=VERTEX_POINT('',#6169);
#1761=VERTEX_POINT('',#6171);
#1762=VERTEX_POINT('',#6173);
#1763=VERTEX_POINT('',#6175);
#1764=VERTEX_POINT('',#6178);
#1765=VERTEX_POINT('',#6182);
#1766=VERTEX_POINT('',#6186);
#1767=VERTEX_POINT('',#6190);
#1768=VERTEX_POINT('',#6194);
#1769=VERTEX_POINT('',#6198);
#1770=VERTEX_POINT('',#6202);
#1771=VERTEX_POINT('',#6203);
#1772=VERTEX_POINT('',#6205);
#1773=VERTEX_POINT('',#6207);
#1774=VERTEX_POINT('',#6210);
#1775=VERTEX_POINT('',#6214);
#1776=VERTEX_POINT('',#6218);
#1777=VERTEX_POINT('',#6224);
#1778=VERTEX_POINT('',#6228);
#1779=VERTEX_POINT('',#6230);
#1780=VERTEX_POINT('',#6236);
#1781=VERTEX_POINT('',#6242);
#1782=VERTEX_POINT('',#6244);
#1783=VERTEX_POINT('',#6248);
#1784=VERTEX_POINT('',#6256);
#1785=VERTEX_POINT('',#6257);
#1786=VERTEX_POINT('',#6260);
#1787=VERTEX_POINT('',#6262);
#1788=VERTEX_POINT('',#6265);
#1789=VERTEX_POINT('',#6266);
#1790=VERTEX_POINT('',#6268);
#1791=VERTEX_POINT('',#6270);
#1792=VERTEX_POINT('',#6272);
#1793=VERTEX_POINT('',#6274);
#1794=VERTEX_POINT('',#6276);
#1795=VERTEX_POINT('',#6278);
#1796=VERTEX_POINT('',#6280);
#1797=VERTEX_POINT('',#6282);
#1798=VERTEX_POINT('',#6284);
#1799=VERTEX_POINT('',#6286);
#1800=VERTEX_POINT('',#6288);
#1801=VERTEX_POINT('',#6290);
#1802=VERTEX_POINT('',#6292);
#1803=VERTEX_POINT('',#6294);
#1804=VERTEX_POINT('',#6296);
#1805=VERTEX_POINT('',#6298);
#1806=VERTEX_POINT('',#6300);
#1807=VERTEX_POINT('',#6302);
#1808=VERTEX_POINT('',#6315);
#1809=VERTEX_POINT('',#6317);
#1810=VERTEX_POINT('',#6321);
#1811=VERTEX_POINT('',#6325);
#1812=VERTEX_POINT('',#6329);
#1813=VERTEX_POINT('',#6333);
#1814=VERTEX_POINT('',#6337);
#1815=VERTEX_POINT('',#6341);
#1816=VERTEX_POINT('',#6345);
#1817=VERTEX_POINT('',#6349);
#1818=VERTEX_POINT('',#6353);
#1819=VERTEX_POINT('',#6357);
#1820=VERTEX_POINT('',#6361);
#1821=VERTEX_POINT('',#6365);
#1822=VERTEX_POINT('',#6369);
#1823=VERTEX_POINT('',#6373);
#1824=VERTEX_POINT('',#6377);
#1825=VERTEX_POINT('',#6381);
#1826=VERTEX_POINT('',#6385);
#1827=VERTEX_POINT('',#6389);
#1828=VERTEX_POINT('',#6395);
#1829=VERTEX_POINT('',#6396);
#1830=VERTEX_POINT('',#6398);
#1831=VERTEX_POINT('',#6400);
#1832=VERTEX_POINT('',#6402);
#1833=VERTEX_POINT('',#6404);
#1834=VERTEX_POINT('',#6406);
#1835=VERTEX_POINT('',#6408);
#1836=VERTEX_POINT('',#6410);
#1837=VERTEX_POINT('',#6412);
#1838=VERTEX_POINT('',#6414);
#1839=VERTEX_POINT('',#6416);
#1840=VERTEX_POINT('',#6418);
#1841=VERTEX_POINT('',#6420);
#1842=VERTEX_POINT('',#6422);
#1843=VERTEX_POINT('',#6424);
#1844=VERTEX_POINT('',#6426);
#1845=VERTEX_POINT('',#6428);
#1846=VERTEX_POINT('',#6430);
#1847=VERTEX_POINT('',#6432);
#1848=VERTEX_POINT('',#6482);
#1849=VERTEX_POINT('',#6483);
#1850=VERTEX_POINT('',#6490);
#1851=VERTEX_POINT('',#6492);
#1852=VERTEX_POINT('',#6496);
#1853=VERTEX_POINT('',#6497);
#1854=VERTEX_POINT('',#6504);
#1855=VERTEX_POINT('',#6506);
#1856=VERTEX_POINT('',#6510);
#1857=VERTEX_POINT('',#6515);
#1858=VERTEX_POINT('',#6521);
#1859=VERTEX_POINT('',#6527);
#1860=VERTEX_POINT('',#6532);
#1861=VERTEX_POINT('',#6540);
#1862=VERTEX_POINT('',#6545);
#1863=VERTEX_POINT('',#6551);
#1864=VERTEX_POINT('',#6557);
#1865=VERTEX_POINT('',#6562);
#1866=VERTEX_POINT('',#6577);
#1867=VERTEX_POINT('',#6590);
#1868=VERTEX_POINT('',#6604);
#1869=VERTEX_POINT('',#6620);
#1870=VERTEX_POINT('',#6637);
#1871=VERTEX_POINT('',#6664);
#1872=VERTEX_POINT('',#6678);
#1873=VERTEX_POINT('',#6692);
#1874=VERTEX_POINT('',#6708);
#1875=VERTEX_POINT('',#6725);
#1876=VERTEX_POINT('',#6746);
#1877=VERTEX_POINT('',#6747);
#1878=VERTEX_POINT('',#6749);
#1879=VERTEX_POINT('',#6751);
#1880=VERTEX_POINT('',#6755);
#1881=VERTEX_POINT('',#6756);
#1882=VERTEX_POINT('',#6763);
#1883=VERTEX_POINT('',#6765);
#1884=VERTEX_POINT('',#6769);
#1885=VERTEX_POINT('',#6771);
#1886=VERTEX_POINT('',#6780);
#1887=VERTEX_POINT('',#6785);
#1888=VERTEX_POINT('',#6790);
#1889=VERTEX_POINT('',#6792);
#1890=VERTEX_POINT('',#6794);
#1891=VERTEX_POINT('',#6799);
#1892=VERTEX_POINT('',#6804);
#1893=VERTEX_POINT('',#6810);
#1894=VERTEX_POINT('',#6811);
#1895=VERTEX_POINT('',#6816);
#1896=VERTEX_POINT('',#6818);
#1897=VERTEX_POINT('',#6820);
#1898=VERTEX_POINT('',#6837);
#1899=VERTEX_POINT('',#6838);
#1900=VERTEX_POINT('',#6846);
#1901=VERTEX_POINT('',#6850);
#1902=VERTEX_POINT('',#6861);
#1903=VERTEX_POINT('',#6880);
#1904=VERTEX_POINT('',#6881);
#1905=VERTEX_POINT('',#6886);
#1906=VERTEX_POINT('',#6897);
#1907=VERTEX_POINT('',#6923);
#1908=VERTEX_POINT('',#6937);
#1909=VERTEX_POINT('',#6946);
#1910=VERTEX_POINT('',#6957);
#1911=VERTEX_POINT('',#6971);
#1912=VERTEX_POINT('',#6991);
#1913=VERTEX_POINT('',#6992);
#1914=VERTEX_POINT('',#6994);
#1915=VERTEX_POINT('',#6996);
#1916=VERTEX_POINT('',#7000);
#1917=VERTEX_POINT('',#7001);
#1918=VERTEX_POINT('',#7003);
#1919=VERTEX_POINT('',#7005);
#1920=VERTEX_POINT('',#7009);
#1921=VERTEX_POINT('',#7012);
#1922=VERTEX_POINT('',#7014);
#1923=VERTEX_POINT('',#7016);
#1924=VERTEX_POINT('',#7018);
#1925=VERTEX_POINT('',#7020);
#1926=VERTEX_POINT('',#7022);
#1927=VERTEX_POINT('',#7026);
#1928=VERTEX_POINT('',#7032);
#1929=VERTEX_POINT('',#7033);
#1930=VERTEX_POINT('',#7038);
#1931=VERTEX_POINT('',#7044);
#1932=VERTEX_POINT('',#7048);
#1933=VERTEX_POINT('',#7052);
#1934=VERTEX_POINT('',#7059);
#1935=VERTEX_POINT('',#7060);
#1936=VERTEX_POINT('',#7062);
#1937=VERTEX_POINT('',#7064);
#1938=VERTEX_POINT('',#7068);
#1939=VERTEX_POINT('',#7070);
#1940=VERTEX_POINT('',#7072);
#1941=VERTEX_POINT('',#7074);
#1942=VERTEX_POINT('',#7079);
#1943=VERTEX_POINT('',#7084);
#1944=VERTEX_POINT('',#7086);
#1945=VERTEX_POINT('',#7088);
#1946=VERTEX_POINT('',#7090);
#1947=VERTEX_POINT('',#7095);
#1948=VERTEX_POINT('',#7100);
#1949=VERTEX_POINT('',#7102);
#1950=VERTEX_POINT('',#7104);
#1951=VERTEX_POINT('',#7106);
#1952=VERTEX_POINT('',#7111);
#1953=VERTEX_POINT('',#7116);
#1954=VERTEX_POINT('',#7121);
#1955=VERTEX_POINT('',#7128);
#1956=VERTEX_POINT('',#7132);
#1957=VERTEX_POINT('',#7136);
#1958=VERTEX_POINT('',#7141);
#1959=VERTEX_POINT('',#7146);
#1960=VERTEX_POINT('',#7151);
#1961=VERTEX_POINT('',#7156);
#1962=VERTEX_POINT('',#7158);
#1963=VERTEX_POINT('',#7160);
#1964=VERTEX_POINT('',#7162);
#1965=VERTEX_POINT('',#7167);
#1966=VERTEX_POINT('',#7172);
#1967=VERTEX_POINT('',#7174);
#1968=VERTEX_POINT('',#7176);
#1969=VERTEX_POINT('',#7178);
#1970=VERTEX_POINT('',#7183);
#1971=VERTEX_POINT('',#7188);
#1972=VERTEX_POINT('',#7279);
#1973=VERTEX_POINT('',#7280);
#1974=VERTEX_POINT('',#7287);
#1975=VERTEX_POINT('',#7289);
#1976=VERTEX_POINT('',#7293);
#1977=VERTEX_POINT('',#7294);
#1978=VERTEX_POINT('',#7301);
#1979=VERTEX_POINT('',#7303);
#1980=VERTEX_POINT('',#7307);
#1981=VERTEX_POINT('',#7312);
#1982=VERTEX_POINT('',#7318);
#1983=VERTEX_POINT('',#7324);
#1984=VERTEX_POINT('',#7329);
#1985=VERTEX_POINT('',#7338);
#1986=VERTEX_POINT('',#7343);
#1987=VERTEX_POINT('',#7349);
#1988=VERTEX_POINT('',#7355);
#1989=VERTEX_POINT('',#7360);
#1990=VERTEX_POINT('',#7374);
#1991=VERTEX_POINT('',#7387);
#1992=VERTEX_POINT('',#7401);
#1993=VERTEX_POINT('',#7417);
#1994=VERTEX_POINT('',#7434);
#1995=VERTEX_POINT('',#7461);
#1996=VERTEX_POINT('',#7475);
#1997=VERTEX_POINT('',#7489);
#1998=VERTEX_POINT('',#7505);
#1999=VERTEX_POINT('',#7522);
#2000=VERTEX_POINT('',#7543);
#2001=VERTEX_POINT('',#7544);
#2002=VERTEX_POINT('',#7546);
#2003=VERTEX_POINT('',#7548);
#2004=VERTEX_POINT('',#7552);
#2005=VERTEX_POINT('',#7554);
#2006=VERTEX_POINT('',#7558);
#2007=VERTEX_POINT('',#7560);
#2008=VERTEX_POINT('',#7570);
#2009=VERTEX_POINT('',#7571);
#2010=VERTEX_POINT('',#7573);
#2011=VERTEX_POINT('',#7575);
#2012=VERTEX_POINT('',#7579);
#2013=VERTEX_POINT('',#7581);
#2014=EDGE_CURVE('',#1634,#1635,#1460,.T.);
#2015=EDGE_CURVE('',#1635,#1634,#1461,.T.);
#2016=EDGE_CURVE('',#1635,#1636,#836,.T.);
#2017=EDGE_CURVE('',#1637,#1636,#1462,.T.);
#2018=EDGE_CURVE('',#1636,#1637,#1463,.T.);
#2019=EDGE_CURVE('',#1638,#1639,#1464,.T.);
#2020=EDGE_CURVE('',#1639,#1638,#1465,.T.);
#2021=EDGE_CURVE('',#1639,#1640,#1466,.T.);
#2022=EDGE_CURVE('',#1641,#1640,#1467,.T.);
#2023=EDGE_CURVE('',#1640,#1641,#1468,.T.);
#2024=EDGE_CURVE('',#1638,#1635,#837,.T.);
#2025=EDGE_CURVE('',#1642,#1643,#1469,.T.);
#2026=EDGE_CURVE('',#1643,#1642,#1470,.T.);
#2027=EDGE_CURVE('',#1643,#1644,#838,.T.);
#2028=EDGE_CURVE('',#1645,#1644,#1471,.T.);
#2029=EDGE_CURVE('',#1644,#1645,#1472,.T.);
#2030=EDGE_CURVE('',#1646,#1647,#1473,.T.);
#2031=EDGE_CURVE('',#1647,#1646,#1474,.T.);
#2032=EDGE_CURVE('',#1647,#1648,#1475,.T.);
#2033=EDGE_CURVE('',#1649,#1648,#1476,.T.);
#2034=EDGE_CURVE('',#1648,#1649,#1477,.T.);
#2035=EDGE_CURVE('',#1648,#1643,#839,.T.);
#2036=EDGE_CURVE('',#1650,#1651,#1478,.T.);
#2037=EDGE_CURVE('',#1651,#1650,#1479,.T.);
#2038=EDGE_CURVE('',#1651,#1652,#840,.T.);
#2039=EDGE_CURVE('',#1653,#1652,#1480,.T.);
#2040=EDGE_CURVE('',#1652,#1653,#1481,.T.);
#2041=EDGE_CURVE('',#1654,#1655,#1482,.T.);
#2042=EDGE_CURVE('',#1655,#1654,#1483,.T.);
#2043=EDGE_CURVE('',#1655,#1656,#1484,.T.);
#2044=EDGE_CURVE('',#1657,#1656,#1485,.T.);
#2045=EDGE_CURVE('',#1656,#1657,#1486,.T.);
#2046=EDGE_CURVE('',#1658,#1659,#1487,.T.);
#2047=EDGE_CURVE('',#1659,#1658,#1488,.T.);
#2048=EDGE_CURVE('',#1659,#1660,#1489,.T.);
#2049=EDGE_CURVE('',#1661,#1660,#1490,.T.);
#2050=EDGE_CURVE('',#1660,#1661,#1491,.T.);
#2051=EDGE_CURVE('',#1662,#1663,#1492,.T.);
#2052=EDGE_CURVE('',#1664,#1662,#1493,.T.);
#2053=EDGE_CURVE('',#1664,#1665,#841,.T.);
#2054=EDGE_CURVE('',#1666,#1665,#1494,.T.);
#2055=EDGE_CURVE('',#1665,#1666,#1495,.T.);
#2056=EDGE_CURVE('',#1663,#1664,#1496,.T.);
#2057=EDGE_CURVE('',#1667,#1668,#1497,.T.);
#2058=EDGE_CURVE('',#1668,#1663,#842,.T.);
#2059=EDGE_CURVE('',#1668,#1667,#1498,.T.);
#2060=EDGE_CURVE('',#1658,#1669,#843,.T.);
#2061=EDGE_CURVE('',#1670,#1669,#1499,.T.);
#2062=EDGE_CURVE('',#1669,#1670,#1500,.T.);
#2063=EDGE_CURVE('',#1670,#1671,#1501,.T.);
#2064=EDGE_CURVE('',#1671,#1651,#844,.T.);
#2065=EDGE_CURVE('',#1671,#1670,#1502,.T.);
#2066=EDGE_CURVE('',#1672,#1673,#1503,.T.);
#2067=EDGE_CURVE('',#1673,#1657,#845,.T.);
#2068=EDGE_CURVE('',#1673,#1672,#1504,.T.);
#2069=EDGE_CURVE('',#1674,#1675,#1505,.T.);
#2070=EDGE_CURVE('',#1675,#1676,#846,.T.);
#2071=EDGE_CURVE('',#1676,#1677,#1506,.T.);
#2072=EDGE_CURVE('',#1677,#1676,#1507,.T.);
#2073=EDGE_CURVE('',#1675,#1674,#1508,.T.);
#2074=EDGE_CURVE('',#1678,#1679,#1509,.T.);
#2075=EDGE_CURVE('',#1679,#1680,#1510,.T.);
#2076=EDGE_CURVE('',#1680,#1681,#1511,.T.);
#2077=EDGE_CURVE('',#1681,#1680,#1512,.T.);
#2078=EDGE_CURVE('',#1679,#1678,#1513,.T.);
#2079=EDGE_CURVE('',#1682,#1683,#1514,.T.);
#2080=EDGE_CURVE('',#1683,#1684,#1515,.T.);
#2081=EDGE_CURVE('',#1684,#1685,#1516,.T.);
#2082=EDGE_CURVE('',#1685,#1684,#1517,.T.);
#2083=EDGE_CURVE('',#1683,#1682,#1518,.T.);
#2084=EDGE_CURVE('',#1686,#1687,#1519,.T.);
#2085=EDGE_CURVE('',#1687,#1688,#1520,.T.);
#2086=EDGE_CURVE('',#1688,#1689,#847,.T.);
#2087=EDGE_CURVE('',#1689,#1690,#1521,.T.);
#2088=EDGE_CURVE('',#1690,#1689,#1522,.T.);
#2089=EDGE_CURVE('',#1688,#1686,#1523,.T.);
#2090=EDGE_CURVE('',#1691,#1692,#1524,.T.);
#2091=EDGE_CURVE('',#1692,#1691,#1525,.T.);
#2092=EDGE_CURVE('',#1692,#1687,#848,.T.);
#2093=EDGE_CURVE('',#1682,#1693,#849,.T.);
#2094=EDGE_CURVE('',#1693,#1694,#1526,.T.);
#2095=EDGE_CURVE('',#1694,#1693,#1527,.T.);
#2096=EDGE_CURVE('',#1694,#1695,#1528,.T.);
#2097=EDGE_CURVE('',#1695,#1694,#1529,.T.);
#2098=EDGE_CURVE('',#1695,#1675,#850,.T.);
#2099=EDGE_CURVE('',#1696,#1697,#1530,.T.);
#2100=EDGE_CURVE('',#1697,#1696,#1531,.T.);
#2101=EDGE_CURVE('',#1697,#1681,#851,.T.);
#2102=EDGE_CURVE('',#1698,#1699,#1532,.T.);
#2103=EDGE_CURVE('',#1699,#1698,#1533,.T.);
#2104=EDGE_CURVE('',#1699,#1700,#852,.T.);
#2105=EDGE_CURVE('',#1701,#1700,#1534,.T.);
#2106=EDGE_CURVE('',#1700,#1701,#1535,.T.);
#2107=EDGE_CURVE('',#1702,#1703,#1536,.T.);
#2108=EDGE_CURVE('',#1703,#1702,#1537,.T.);
#2109=EDGE_CURVE('',#1703,#1704,#853,.T.);
#2110=EDGE_CURVE('',#1705,#1704,#1538,.T.);
#2111=EDGE_CURVE('',#1704,#1705,#1539,.T.);
#2112=EDGE_CURVE('',#1706,#1707,#1540,.T.);
#2113=EDGE_CURVE('',#1707,#1703,#854,.T.);
#2114=EDGE_CURVE('',#1707,#1706,#1541,.T.);
#2115=EDGE_CURVE('',#1708,#1709,#1542,.T.);
#2116=EDGE_CURVE('',#1709,#1699,#855,.T.);
#2117=EDGE_CURVE('',#1709,#1708,#1543,.T.);
#2118=EDGE_CURVE('',#1710,#1711,#1544,.T.);
#2119=EDGE_CURVE('',#1711,#1710,#1545,.T.);
#2120=EDGE_CURVE('',#1711,#1712,#856,.T.);
#2121=EDGE_CURVE('',#1713,#1712,#1546,.T.);
#2122=EDGE_CURVE('',#1712,#1713,#1547,.T.);
#2123=EDGE_CURVE('',#1714,#1715,#1548,.T.);
#2124=EDGE_CURVE('',#1715,#1714,#1549,.T.);
#2125=EDGE_CURVE('',#1715,#1716,#857,.T.);
#2126=EDGE_CURVE('',#1717,#1716,#1550,.T.);
#2127=EDGE_CURVE('',#1716,#1717,#1551,.T.);
#2128=EDGE_CURVE('',#1718,#1719,#1552,.T.);
#2129=EDGE_CURVE('',#1719,#1711,#858,.T.);
#2130=EDGE_CURVE('',#1719,#1718,#1553,.T.);
#2131=EDGE_CURVE('',#1718,#1720,#859,.T.);
#2132=EDGE_CURVE('',#1721,#1720,#1554,.T.);
#2133=EDGE_CURVE('',#1720,#1721,#1555,.T.);
#2134=EDGE_CURVE('',#1722,#1723,#1556,.T.);
#2135=EDGE_CURVE('',#1723,#1722,#1557,.T.);
#2136=EDGE_CURVE('',#1723,#1724,#860,.T.);
#2137=EDGE_CURVE('',#1725,#1724,#1558,.T.);
#2138=EDGE_CURVE('',#1724,#1725,#1559,.T.);
#2139=EDGE_CURVE('',#1722,#1715,#861,.T.);
#2140=EDGE_CURVE('',#1726,#1727,#862,.T.);
#2141=EDGE_CURVE('',#1727,#1728,#863,.T.);
#2142=EDGE_CURVE('',#1728,#1729,#864,.T.);
#2143=EDGE_CURVE('',#1729,#1726,#865,.T.);
#2144=EDGE_CURVE('',#1730,#1731,#866,.T.);
#2145=EDGE_CURVE('',#1731,#1732,#867,.T.);
#2146=EDGE_CURVE('',#1732,#1733,#868,.T.);
#2147=EDGE_CURVE('',#1733,#1730,#869,.T.);
#2148=EDGE_CURVE('',#1734,#1735,#870,.T.);
#2149=EDGE_CURVE('',#1734,#1727,#1560,.T.);
#2150=EDGE_CURVE('',#1735,#1726,#1561,.T.);
#2151=EDGE_CURVE('',#1732,#1736,#1562,.T.);
#2152=EDGE_CURVE('',#1737,#1736,#871,.T.);
#2153=EDGE_CURVE('',#1733,#1737,#1563,.T.);
#2154=EDGE_CURVE('',#1738,#1739,#166,.T.);
#2155=EDGE_CURVE('',#1740,#1738,#872,.T.);
#2156=EDGE_CURVE('',#1734,#1740,#1564,.T.);
#2157=EDGE_CURVE('',#1739,#1734,#873,.T.);
#2158=EDGE_CURVE('',#1741,#1740,#1565,.T.);
#2159=EDGE_CURVE('',#1727,#1741,#1566,.T.);
#2160=EDGE_CURVE('',#1742,#1741,#874,.T.);
#2161=EDGE_CURVE('',#1728,#1742,#1567,.T.);
#2162=EDGE_CURVE('',#1743,#1742,#1568,.T.);
#2163=EDGE_CURVE('',#1744,#1743,#1569,.T.);
#2164=EDGE_CURVE('',#1728,#1744,#1570,.T.);
#2165=EDGE_CURVE('',#1729,#1745,#1571,.T.);
#2166=EDGE_CURVE('',#1746,#1745,#875,.T.);
#2167=EDGE_CURVE('',#1747,#1746,#876,.T.);
#2168=EDGE_CURVE('',#1735,#1747,#877,.T.);
#2169=EDGE_CURVE('',#1745,#1744,#878,.T.);
#2170=EDGE_CURVE('',#1748,#1737,#879,.T.);
#2171=EDGE_CURVE('',#1749,#1748,#880,.T.);
#2172=EDGE_CURVE('',#1750,#1749,#881,.T.);
#2173=EDGE_CURVE('',#1750,#1730,#1572,.T.);
#2174=EDGE_CURVE('',#1751,#1750,#882,.T.);
#2175=EDGE_CURVE('',#1751,#1731,#1573,.T.);
#2176=EDGE_CURVE('',#1751,#1752,#1574,.T.);
#2177=EDGE_CURVE('',#1753,#1752,#1575,.T.);
#2178=EDGE_CURVE('',#1731,#1753,#1576,.T.);
#2179=EDGE_CURVE('',#1754,#1753,#883,.T.);
#2180=EDGE_CURVE('',#1732,#1754,#1577,.T.);
#2181=EDGE_CURVE('',#1755,#1754,#1578,.T.);
#2182=EDGE_CURVE('',#1736,#1755,#1579,.T.);
#2183=EDGE_CURVE('',#1756,#1757,#167,.T.);
#2184=EDGE_CURVE('',#1736,#1756,#884,.T.);
#2185=EDGE_CURVE('',#1757,#1755,#885,.T.);
#2186=EDGE_CURVE('',#1758,#1759,#886,.T.);
#2187=EDGE_CURVE('',#1758,#1747,#887,.T.);
#2188=EDGE_CURVE('',#1759,#1746,#888,.T.);
#2189=EDGE_CURVE('',#1756,#1760,#889,.T.);
#2190=EDGE_CURVE('',#1760,#1761,#1580,.T.);
#2191=EDGE_CURVE('',#1761,#1762,#890,.T.);
#2192=EDGE_CURVE('',#1762,#1763,#1581,.T.);
#2193=EDGE_CURVE('',#1763,#1739,#891,.T.);
#2194=EDGE_CURVE('',#1764,#1758,#892,.T.);
#2195=EDGE_CURVE('',#1764,#1748,#893,.T.);
#2196=EDGE_CURVE('',#1765,#1764,#894,.T.);
#2197=EDGE_CURVE('',#1765,#1749,#895,.T.);
#2198=EDGE_CURVE('',#1763,#1766,#1582,.T.);
#2199=EDGE_CURVE('',#1738,#1766,#896,.T.);
#2200=EDGE_CURVE('',#1738,#1767,#897,.T.);
#2201=EDGE_CURVE('',#1767,#1743,#898,.T.);
#2202=EDGE_CURVE('',#1768,#1767,#1583,.T.);
#2203=EDGE_CURVE('',#1744,#1768,#899,.T.);
#2204=EDGE_CURVE('',#1768,#1769,#900,.T.);
#2205=EDGE_CURVE('',#1759,#1769,#901,.T.);
#2206=EDGE_CURVE('',#1770,#1771,#902,.T.);
#2207=EDGE_CURVE('',#1771,#1772,#1584,.T.);
#2208=EDGE_CURVE('',#1772,#1773,#903,.T.);
#2209=EDGE_CURVE('',#1773,#1765,#904,.T.);
#2210=EDGE_CURVE('',#1769,#1774,#905,.T.);
#2211=EDGE_CURVE('',#1774,#1770,#1585,.T.);
#2212=EDGE_CURVE('',#1773,#1775,#906,.T.);
#2213=EDGE_CURVE('',#1775,#1751,#907,.T.);
#2214=EDGE_CURVE('',#1776,#1775,#1586,.T.);
#2215=EDGE_CURVE('',#1752,#1776,#908,.T.);
#2216=EDGE_CURVE('',#1757,#1776,#909,.T.);
#2217=EDGE_CURVE('',#1777,#1757,#910,.T.);
#2218=EDGE_CURVE('',#1760,#1777,#1587,.T.);
#2219=EDGE_CURVE('',#1761,#1778,#1588,.T.);
#2220=EDGE_CURVE('',#1779,#1778,#911,.T.);
#2221=EDGE_CURVE('',#1762,#1779,#1589,.T.);
#2222=EDGE_CURVE('',#1766,#1779,#1590,.T.);
#2223=EDGE_CURVE('',#1766,#1780,#912,.T.);
#2224=EDGE_CURVE('',#1780,#1774,#913,.T.);
#2225=EDGE_CURVE('',#1778,#1777,#1591,.T.);
#2226=EDGE_CURVE('',#1778,#1781,#914,.T.);
#2227=EDGE_CURVE('',#1781,#1782,#915,.T.);
#2228=EDGE_CURVE('',#1782,#1779,#916,.T.);
#2229=EDGE_CURVE('',#1772,#1783,#917,.T.);
#2230=EDGE_CURVE('',#1783,#1777,#918,.T.);
#2231=EDGE_CURVE('',#1783,#1781,#1592,.T.);
#2232=EDGE_CURVE('',#1782,#1780,#1593,.T.);
#2233=EDGE_CURVE('',#1784,#1785,#1594,.T.);
#2234=EDGE_CURVE('',#1785,#1771,#919,.T.);
#2235=EDGE_CURVE('',#1770,#1786,#920,.T.);
#2236=EDGE_CURVE('',#1786,#1787,#1595,.T.);
#2237=EDGE_CURVE('',#1787,#1784,#921,.T.);
#2238=EDGE_CURVE('',#1788,#1789,#922,.T.);
#2239=EDGE_CURVE('',#1790,#1788,#1596,.T.);
#2240=EDGE_CURVE('',#1791,#1790,#1597,.T.);
#2241=EDGE_CURVE('',#1792,#1791,#923,.T.);
#2242=EDGE_CURVE('',#1793,#1792,#1598,.T.);
#2243=EDGE_CURVE('',#1794,#1793,#924,.T.);
#2244=EDGE_CURVE('',#1795,#1794,#1599,.T.);
#2245=EDGE_CURVE('',#1796,#1795,#925,.T.);
#2246=EDGE_CURVE('',#1797,#1796,#1600,.T.);
#2247=EDGE_CURVE('',#1798,#1797,#1601,.T.);
#2248=EDGE_CURVE('',#1799,#1798,#926,.T.);
#2249=EDGE_CURVE('',#1800,#1799,#1602,.T.);
#2250=EDGE_CURVE('',#1801,#1800,#1603,.T.);
#2251=EDGE_CURVE('',#1802,#1801,#927,.T.);
#2252=EDGE_CURVE('',#1803,#1802,#928,.T.);
#2253=EDGE_CURVE('',#1804,#1803,#929,.T.);
#2254=EDGE_CURVE('',#1805,#1804,#930,.T.);
#2255=EDGE_CURVE('',#1806,#1805,#931,.T.);
#2256=EDGE_CURVE('',#1807,#1806,#1604,.T.);
#2257=EDGE_CURVE('',#1789,#1807,#1605,.T.);
#2258=EDGE_CURVE('',#1786,#1780,#1606,.T.);
#2259=EDGE_CURVE('',#1787,#1782,#1607,.T.);
#2260=EDGE_CURVE('',#1784,#1781,#1608,.T.);
#2261=EDGE_CURVE('',#1785,#1783,#1609,.T.);
#2262=EDGE_CURVE('',#1808,#1788,#932,.T.);
#2263=EDGE_CURVE('',#1808,#1809,#1610,.T.);
#2264=EDGE_CURVE('',#1809,#1790,#933,.T.);
#2265=EDGE_CURVE('',#1810,#1789,#934,.T.);
#2266=EDGE_CURVE('',#1810,#1808,#935,.T.);
#2267=EDGE_CURVE('',#1811,#1807,#936,.T.);
#2268=EDGE_CURVE('',#1811,#1810,#1611,.T.);
#2269=EDGE_CURVE('',#1812,#1806,#937,.T.);
#2270=EDGE_CURVE('',#1812,#1811,#1612,.T.);
#2271=EDGE_CURVE('',#1813,#1805,#938,.T.);
#2272=EDGE_CURVE('',#1813,#1812,#939,.T.);
#2273=EDGE_CURVE('',#1814,#1804,#940,.T.);
#2274=EDGE_CURVE('',#1814,#1813,#941,.T.);
#2275=EDGE_CURVE('',#1815,#1803,#942,.T.);
#2276=EDGE_CURVE('',#1815,#1814,#943,.T.);
#2277=EDGE_CURVE('',#1816,#1802,#944,.T.);
#2278=EDGE_CURVE('',#1816,#1815,#945,.T.);
#2279=EDGE_CURVE('',#1817,#1801,#946,.T.);
#2280=EDGE_CURVE('',#1817,#1816,#947,.T.);
#2281=EDGE_CURVE('',#1818,#1800,#948,.T.);
#2282=EDGE_CURVE('',#1818,#1817,#1613,.T.);
#2283=EDGE_CURVE('',#1819,#1799,#949,.T.);
#2284=EDGE_CURVE('',#1819,#1818,#1614,.T.);
#2285=EDGE_CURVE('',#1820,#1798,#950,.T.);
#2286=EDGE_CURVE('',#1820,#1819,#951,.T.);
#2287=EDGE_CURVE('',#1821,#1797,#952,.T.);
#2288=EDGE_CURVE('',#1821,#1820,#1615,.T.);
#2289=EDGE_CURVE('',#1822,#1796,#953,.T.);
#2290=EDGE_CURVE('',#1822,#1821,#1616,.T.);
#2291=EDGE_CURVE('',#1823,#1795,#954,.T.);
#2292=EDGE_CURVE('',#1823,#1822,#955,.T.);
#2293=EDGE_CURVE('',#1824,#1794,#956,.T.);
#2294=EDGE_CURVE('',#1824,#1823,#1617,.T.);
#2295=EDGE_CURVE('',#1825,#1793,#957,.T.);
#2296=EDGE_CURVE('',#1825,#1824,#958,.T.);
#2297=EDGE_CURVE('',#1826,#1792,#959,.T.);
#2298=EDGE_CURVE('',#1826,#1825,#1618,.T.);
#2299=EDGE_CURVE('',#1827,#1791,#960,.T.);
#2300=EDGE_CURVE('',#1827,#1826,#961,.T.);
#2301=EDGE_CURVE('',#1809,#1827,#1619,.T.);
#2302=EDGE_CURVE('',#1828,#1829,#962,.T.);
#2303=EDGE_CURVE('',#1829,#1830,#963,.T.);
#2304=EDGE_CURVE('',#1830,#1831,#964,.T.);
#2305=EDGE_CURVE('',#1831,#1832,#965,.T.);
#2306=EDGE_CURVE('',#1832,#1833,#966,.T.);
#2307=EDGE_CURVE('',#1833,#1834,#1620,.T.);
#2308=EDGE_CURVE('',#1834,#1835,#1621,.T.);
#2309=EDGE_CURVE('',#1835,#1836,#967,.T.);
#2310=EDGE_CURVE('',#1836,#1837,#1622,.T.);
#2311=EDGE_CURVE('',#1837,#1838,#1623,.T.);
#2312=EDGE_CURVE('',#1838,#1839,#968,.T.);
#2313=EDGE_CURVE('',#1839,#1840,#1624,.T.);
#2314=EDGE_CURVE('',#1840,#1841,#969,.T.);
#2315=EDGE_CURVE('',#1841,#1842,#1625,.T.);
#2316=EDGE_CURVE('',#1842,#1843,#970,.T.);
#2317=EDGE_CURVE('',#1843,#1844,#1626,.T.);
#2318=EDGE_CURVE('',#1844,#1845,#1627,.T.);
#2319=EDGE_CURVE('',#1845,#1846,#971,.T.);
#2320=EDGE_CURVE('',#1846,#1847,#1628,.T.);
#2321=EDGE_CURVE('',#1847,#1828,#1629,.T.);
#2322=EDGE_CURVE('',#1823,#1839,#972,.T.);
#2323=EDGE_CURVE('',#1840,#1824,#973,.T.);
#2324=EDGE_CURVE('',#1841,#1825,#974,.T.);
#2325=EDGE_CURVE('',#1822,#1838,#975,.T.);
#2326=EDGE_CURVE('',#1842,#1826,#976,.T.);
#2327=EDGE_CURVE('',#1821,#1837,#977,.T.);
#2328=EDGE_CURVE('',#1843,#1827,#978,.T.);
#2329=EDGE_CURVE('',#1820,#1836,#979,.T.);
#2330=EDGE_CURVE('',#1844,#1809,#980,.T.);
#2331=EDGE_CURVE('',#1819,#1835,#981,.T.);
#2332=EDGE_CURVE('',#1845,#1808,#982,.T.);
#2333=EDGE_CURVE('',#1818,#1834,#983,.T.);
#2334=EDGE_CURVE('',#1846,#1810,#984,.T.);
#2335=EDGE_CURVE('',#1817,#1833,#985,.T.);
#2336=EDGE_CURVE('',#1847,#1811,#986,.T.);
#2337=EDGE_CURVE('',#1816,#1832,#987,.T.);
#2338=EDGE_CURVE('',#1828,#1812,#988,.T.);
#2339=EDGE_CURVE('',#1815,#1831,#989,.T.);
#2340=EDGE_CURVE('',#1829,#1813,#990,.T.);
#2341=EDGE_CURVE('',#1814,#1830,#991,.T.);
#2342=EDGE_CURVE('',#1848,#1849,#53,.T.);
#2343=EDGE_CURVE('',#1850,#1848,#992,.T.);
#2344=EDGE_CURVE('',#1851,#1850,#993,.T.);
#2345=EDGE_CURVE('',#1849,#1851,#994,.T.);
#2346=EDGE_CURVE('',#1852,#1853,#54,.T.);
#2347=EDGE_CURVE('',#1854,#1852,#995,.T.);
#2348=EDGE_CURVE('',#1855,#1854,#996,.T.);
#2349=EDGE_CURVE('',#1853,#1855,#997,.T.);
#2350=EDGE_CURVE('',#1848,#1856,#55,.T.);
#2351=EDGE_CURVE('',#1856,#1857,#56,.T.);
#2352=EDGE_CURVE('',#1857,#1858,#57,.T.);
#2353=EDGE_CURVE('',#1858,#1859,#58,.T.);
#2354=EDGE_CURVE('',#1859,#1860,#59,.T.);
#2355=EDGE_CURVE('',#1860,#1854,#60,.T.);
#2356=EDGE_CURVE('',#1852,#1861,#61,.T.);
#2357=EDGE_CURVE('',#1861,#1862,#62,.T.);
#2358=EDGE_CURVE('',#1862,#1863,#63,.T.);
#2359=EDGE_CURVE('',#1863,#1864,#64,.T.);
#2360=EDGE_CURVE('',#1864,#1865,#65,.T.);
#2361=EDGE_CURVE('',#1865,#1850,#66,.T.);
#2362=EDGE_CURVE('',#1855,#1866,#67,.T.);
#2363=EDGE_CURVE('',#1866,#1860,#998,.T.);
#2364=EDGE_CURVE('',#1866,#1867,#68,.T.);
#2365=EDGE_CURVE('',#1867,#1859,#999,.T.);
#2366=EDGE_CURVE('',#1867,#1868,#69,.T.);
#2367=EDGE_CURVE('',#1868,#1858,#1000,.T.);
#2368=EDGE_CURVE('',#1868,#1869,#70,.T.);
#2369=EDGE_CURVE('',#1869,#1857,#1001,.T.);
#2370=EDGE_CURVE('',#1869,#1870,#71,.T.);
#2371=EDGE_CURVE('',#1870,#1856,#1002,.T.);
#2372=EDGE_CURVE('',#1870,#1849,#72,.T.);
#2373=EDGE_CURVE('',#1851,#1871,#73,.T.);
#2374=EDGE_CURVE('',#1871,#1865,#1003,.T.);
#2375=EDGE_CURVE('',#1871,#1872,#74,.T.);
#2376=EDGE_CURVE('',#1872,#1864,#1004,.T.);
#2377=EDGE_CURVE('',#1872,#1873,#75,.T.);
#2378=EDGE_CURVE('',#1873,#1863,#1005,.T.);
#2379=EDGE_CURVE('',#1873,#1874,#76,.T.);
#2380=EDGE_CURVE('',#1874,#1862,#1006,.T.);
#2381=EDGE_CURVE('',#1874,#1875,#77,.T.);
#2382=EDGE_CURVE('',#1875,#1861,#1007,.T.);
#2383=EDGE_CURVE('',#1875,#1853,#78,.T.);
#2384=EDGE_CURVE('',#1876,#1877,#1008,.T.);
#2385=EDGE_CURVE('',#1878,#1876,#1009,.T.);
#2386=EDGE_CURVE('',#1879,#1878,#1010,.T.);
#2387=EDGE_CURVE('',#1877,#1879,#1011,.T.);
#2388=EDGE_CURVE('',#1880,#1881,#79,.T.);
#2389=EDGE_CURVE('',#1882,#1880,#1012,.T.);
#2390=EDGE_CURVE('',#1882,#1883,#1013,.T.);
#2391=EDGE_CURVE('',#1881,#1883,#1014,.T.);
#2392=EDGE_CURVE('',#1876,#1884,#1015,.T.);
#2393=EDGE_CURVE('',#1884,#1885,#80,.T.);
#2394=EDGE_CURVE('',#1885,#1881,#81,.T.);
#2395=EDGE_CURVE('',#1883,#1886,#82,.T.);
#2396=EDGE_CURVE('',#1886,#1887,#83,.T.);
#2397=EDGE_CURVE('',#1887,#1888,#1016,.T.);
#2398=EDGE_CURVE('',#1888,#1889,#1017,.T.);
#2399=EDGE_CURVE('',#1889,#1890,#84,.T.);
#2400=EDGE_CURVE('',#1890,#1891,#85,.T.);
#2401=EDGE_CURVE('',#1891,#1892,#86,.T.);
#2402=EDGE_CURVE('',#1892,#1878,#1018,.T.);
#2403=EDGE_CURVE('',#1893,#1894,#87,.T.);
#2404=EDGE_CURVE('',#1894,#1895,#1019,.T.);
#2405=EDGE_CURVE('',#1895,#1896,#1020,.T.);
#2406=EDGE_CURVE('',#1896,#1897,#88,.T.);
#2407=EDGE_CURVE('',#1897,#1893,#89,.T.);
#2408=EDGE_CURVE('',#1898,#1899,#90,.T.);
#2409=EDGE_CURVE('',#1898,#1894,#1021,.T.);
#2410=EDGE_CURVE('',#1899,#1893,#1022,.T.);
#2411=EDGE_CURVE('',#1900,#1898,#1023,.T.);
#2412=EDGE_CURVE('',#1900,#1895,#1024,.T.);
#2413=EDGE_CURVE('',#1901,#1900,#1025,.T.);
#2414=EDGE_CURVE('',#1901,#1896,#1026,.T.);
#2415=EDGE_CURVE('',#1902,#1901,#91,.T.);
#2416=EDGE_CURVE('',#1902,#1897,#1027,.T.);
#2417=EDGE_CURVE('',#1899,#1902,#92,.T.);
#2418=EDGE_CURVE('',#1903,#1904,#1028,.T.);
#2419=EDGE_CURVE('',#1903,#1889,#1029,.T.);
#2420=EDGE_CURVE('',#1904,#1888,#1030,.T.);
#2421=EDGE_CURVE('',#1904,#1905,#1031,.T.);
#2422=EDGE_CURVE('',#1905,#1887,#1032,.T.);
#2423=EDGE_CURVE('',#1905,#1906,#93,.T.);
#2424=EDGE_CURVE('',#1906,#1886,#1033,.T.);
#2425=EDGE_CURVE('',#1906,#1882,#94,.T.);
#2426=EDGE_CURVE('',#1907,#1885,#1034,.T.);
#2427=EDGE_CURVE('',#1880,#1907,#95,.T.);
#2428=EDGE_CURVE('',#1907,#1908,#96,.T.);
#2429=EDGE_CURVE('',#1908,#1884,#1035,.T.);
#2430=EDGE_CURVE('',#1908,#1877,#1036,.T.);
#2431=EDGE_CURVE('',#1879,#1909,#1037,.T.);
#2432=EDGE_CURVE('',#1909,#1892,#1038,.T.);
#2433=EDGE_CURVE('',#1909,#1910,#97,.T.);
#2434=EDGE_CURVE('',#1910,#1891,#1039,.T.);
#2435=EDGE_CURVE('',#1910,#1911,#98,.T.);
#2436=EDGE_CURVE('',#1911,#1890,#1040,.T.);
#2437=EDGE_CURVE('',#1911,#1903,#99,.T.);
#2438=EDGE_CURVE('',#1912,#1913,#1041,.T.);
#2439=EDGE_CURVE('',#1914,#1912,#1042,.T.);
#2440=EDGE_CURVE('',#1915,#1914,#1043,.T.);
#2441=EDGE_CURVE('',#1915,#1913,#1044,.T.);
#2442=EDGE_CURVE('',#1916,#1917,#1045,.T.);
#2443=EDGE_CURVE('',#1918,#1916,#1046,.T.);
#2444=EDGE_CURVE('',#1919,#1918,#1047,.T.);
#2445=EDGE_CURVE('',#1919,#1917,#1048,.T.);
#2446=EDGE_CURVE('',#1913,#1920,#1049,.T.);
#2447=EDGE_CURVE('',#1920,#1916,#1050,.T.);
#2448=EDGE_CURVE('',#1917,#1921,#1051,.T.);
#2449=EDGE_CURVE('',#1921,#1922,#1052,.T.);
#2450=EDGE_CURVE('',#1922,#1923,#1053,.T.);
#2451=EDGE_CURVE('',#1923,#1924,#1054,.T.);
#2452=EDGE_CURVE('',#1924,#1925,#1055,.T.);
#2453=EDGE_CURVE('',#1925,#1926,#1056,.T.);
#2454=EDGE_CURVE('',#1926,#1912,#1057,.T.);
#2455=EDGE_CURVE('',#1927,#1915,#1058,.T.);
#2456=EDGE_CURVE('',#1927,#1920,#1059,.T.);
#2457=EDGE_CURVE('',#1918,#1927,#1060,.T.);
#2458=EDGE_CURVE('',#1928,#1929,#1061,.T.);
#2459=EDGE_CURVE('',#1928,#1923,#1062,.T.);
#2460=EDGE_CURVE('',#1929,#1922,#1063,.T.);
#2461=EDGE_CURVE('',#1929,#1930,#1064,.T.);
#2462=EDGE_CURVE('',#1930,#1921,#1065,.T.);
#2463=EDGE_CURVE('',#1930,#1919,#1066,.T.);
#2464=EDGE_CURVE('',#1914,#1931,#1067,.T.);
#2465=EDGE_CURVE('',#1931,#1926,#1068,.T.);
#2466=EDGE_CURVE('',#1931,#1932,#1069,.T.);
#2467=EDGE_CURVE('',#1932,#1925,#1070,.T.);
#2468=EDGE_CURVE('',#1932,#1933,#1071,.T.);
#2469=EDGE_CURVE('',#1933,#1924,#1072,.T.);
#2470=EDGE_CURVE('',#1933,#1928,#1073,.T.);
#2471=EDGE_CURVE('',#1934,#1935,#1074,.T.);
#2472=EDGE_CURVE('',#1936,#1934,#1075,.T.);
#2473=EDGE_CURVE('',#1936,#1937,#1076,.T.);
#2474=EDGE_CURVE('',#1935,#1937,#1077,.T.);
#2475=EDGE_CURVE('',#1934,#1938,#1078,.T.);
#2476=EDGE_CURVE('',#1938,#1939,#1079,.T.);
#2477=EDGE_CURVE('',#1939,#1940,#1080,.T.);
#2478=EDGE_CURVE('',#1940,#1941,#100,.T.);
#2479=EDGE_CURVE('',#1941,#1942,#101,.T.);
#2480=EDGE_CURVE('',#1942,#1943,#1081,.T.);
#2481=EDGE_CURVE('',#1943,#1944,#1082,.T.);
#2482=EDGE_CURVE('',#1944,#1945,#1083,.T.);
#2483=EDGE_CURVE('',#1945,#1946,#102,.T.);
#2484=EDGE_CURVE('',#1946,#1947,#103,.T.);
#2485=EDGE_CURVE('',#1947,#1948,#1084,.T.);
#2486=EDGE_CURVE('',#1948,#1949,#1085,.T.);
#2487=EDGE_CURVE('',#1949,#1950,#1086,.T.);
#2488=EDGE_CURVE('',#1950,#1951,#104,.T.);
#2489=EDGE_CURVE('',#1951,#1952,#105,.T.);
#2490=EDGE_CURVE('',#1952,#1953,#106,.T.);
#2491=EDGE_CURVE('',#1953,#1954,#107,.T.);
#2492=EDGE_CURVE('',#1936,#1954,#1087,.T.);
#2493=EDGE_CURVE('',#1955,#1954,#1088,.T.);
#2494=EDGE_CURVE('',#1937,#1955,#1089,.T.);
#2495=EDGE_CURVE('',#1956,#1935,#1090,.T.);
#2496=EDGE_CURVE('',#1956,#1938,#1091,.T.);
#2497=EDGE_CURVE('',#1955,#1957,#108,.T.);
#2498=EDGE_CURVE('',#1957,#1958,#109,.T.);
#2499=EDGE_CURVE('',#1958,#1959,#110,.T.);
#2500=EDGE_CURVE('',#1959,#1960,#111,.T.);
#2501=EDGE_CURVE('',#1960,#1961,#1092,.T.);
#2502=EDGE_CURVE('',#1961,#1962,#1093,.T.);
#2503=EDGE_CURVE('',#1962,#1963,#1094,.T.);
#2504=EDGE_CURVE('',#1963,#1964,#112,.T.);
#2505=EDGE_CURVE('',#1964,#1965,#113,.T.);
#2506=EDGE_CURVE('',#1965,#1966,#1095,.T.);
#2507=EDGE_CURVE('',#1966,#1967,#1096,.T.);
#2508=EDGE_CURVE('',#1967,#1968,#1097,.T.);
#2509=EDGE_CURVE('',#1968,#1969,#114,.T.);
#2510=EDGE_CURVE('',#1969,#1970,#115,.T.);
#2511=EDGE_CURVE('',#1970,#1971,#1098,.T.);
#2512=EDGE_CURVE('',#1971,#1956,#1099,.T.);
#2513=EDGE_CURVE('',#1957,#1953,#1100,.T.);
#2514=EDGE_CURVE('',#1958,#1952,#1101,.T.);
#2515=EDGE_CURVE('',#1959,#1951,#1102,.T.);
#2516=EDGE_CURVE('',#1960,#1950,#1103,.T.);
#2517=EDGE_CURVE('',#1961,#1949,#1104,.T.);
#2518=EDGE_CURVE('',#1962,#1948,#1105,.T.);
#2519=EDGE_CURVE('',#1963,#1947,#1106,.T.);
#2520=EDGE_CURVE('',#1964,#1946,#1107,.T.);
#2521=EDGE_CURVE('',#1965,#1945,#1108,.T.);
#2522=EDGE_CURVE('',#1966,#1944,#1109,.T.);
#2523=EDGE_CURVE('',#1967,#1943,#1110,.T.);
#2524=EDGE_CURVE('',#1968,#1942,#1111,.T.);
#2525=EDGE_CURVE('',#1969,#1941,#1112,.T.);
#2526=EDGE_CURVE('',#1970,#1940,#1113,.T.);
#2527=EDGE_CURVE('',#1971,#1939,#1114,.T.);
#2528=EDGE_CURVE('',#1972,#1973,#116,.T.);
#2529=EDGE_CURVE('',#1974,#1972,#1115,.T.);
#2530=EDGE_CURVE('',#1975,#1974,#1116,.T.);
#2531=EDGE_CURVE('',#1973,#1975,#1117,.T.);
#2532=EDGE_CURVE('',#1976,#1977,#117,.T.);
#2533=EDGE_CURVE('',#1978,#1976,#1118,.T.);
#2534=EDGE_CURVE('',#1979,#1978,#1119,.T.);
#2535=EDGE_CURVE('',#1977,#1979,#1120,.T.);
#2536=EDGE_CURVE('',#1972,#1980,#118,.T.);
#2537=EDGE_CURVE('',#1980,#1981,#119,.T.);
#2538=EDGE_CURVE('',#1981,#1982,#120,.T.);
#2539=EDGE_CURVE('',#1982,#1983,#121,.T.);
#2540=EDGE_CURVE('',#1983,#1984,#122,.T.);
#2541=EDGE_CURVE('',#1984,#1978,#123,.T.);
#2542=EDGE_CURVE('',#1976,#1985,#124,.T.);
#2543=EDGE_CURVE('',#1985,#1986,#125,.T.);
#2544=EDGE_CURVE('',#1986,#1987,#126,.T.);
#2545=EDGE_CURVE('',#1987,#1988,#127,.T.);
#2546=EDGE_CURVE('',#1988,#1989,#128,.T.);
#2547=EDGE_CURVE('',#1989,#1974,#129,.T.);
#2548=EDGE_CURVE('',#1975,#1990,#130,.T.);
#2549=EDGE_CURVE('',#1990,#1989,#1121,.T.);
#2550=EDGE_CURVE('',#1990,#1991,#131,.T.);
#2551=EDGE_CURVE('',#1991,#1988,#1122,.T.);
#2552=EDGE_CURVE('',#1991,#1992,#132,.T.);
#2553=EDGE_CURVE('',#1992,#1987,#1123,.T.);
#2554=EDGE_CURVE('',#1992,#1993,#133,.T.);
#2555=EDGE_CURVE('',#1993,#1986,#1124,.T.);
#2556=EDGE_CURVE('',#1993,#1994,#134,.T.);
#2557=EDGE_CURVE('',#1994,#1985,#1125,.T.);
#2558=EDGE_CURVE('',#1994,#1977,#135,.T.);
#2559=EDGE_CURVE('',#1979,#1995,#136,.T.);
#2560=EDGE_CURVE('',#1995,#1984,#1126,.T.);
#2561=EDGE_CURVE('',#1995,#1996,#137,.T.);
#2562=EDGE_CURVE('',#1996,#1983,#1127,.T.);
#2563=EDGE_CURVE('',#1996,#1997,#138,.T.);
#2564=EDGE_CURVE('',#1997,#1982,#1128,.T.);
#2565=EDGE_CURVE('',#1997,#1998,#139,.T.);
#2566=EDGE_CURVE('',#1998,#1981,#1129,.T.);
#2567=EDGE_CURVE('',#1998,#1999,#140,.T.);
#2568=EDGE_CURVE('',#1999,#1980,#1130,.T.);
#2569=EDGE_CURVE('',#1999,#1973,#141,.T.);
#2570=EDGE_CURVE('',#2000,#2001,#1630,.T.);
#2571=EDGE_CURVE('',#2002,#2000,#1131,.T.);
#2572=EDGE_CURVE('',#2002,#2003,#1631,.T.);
#2573=EDGE_CURVE('',#2003,#2001,#1132,.T.);
#2574=EDGE_CURVE('',#2004,#2000,#1133,.T.);
#2575=EDGE_CURVE('',#2005,#2004,#1134,.T.);
#2576=EDGE_CURVE('',#2005,#2002,#1135,.T.);
#2577=EDGE_CURVE('',#2006,#2004,#1632,.T.);
#2578=EDGE_CURVE('',#2007,#2006,#1136,.T.);
#2579=EDGE_CURVE('',#2007,#2005,#1633,.T.);
#2580=EDGE_CURVE('',#2001,#2006,#1137,.T.);
#2581=EDGE_CURVE('',#2003,#2007,#1138,.T.);
#2582=EDGE_CURVE('',#2008,#2009,#1139,.T.);
#2583=EDGE_CURVE('',#2009,#2010,#1140,.T.);
#2584=EDGE_CURVE('',#2011,#2010,#1141,.T.);
#2585=EDGE_CURVE('',#2008,#2011,#1142,.T.);
#2586=EDGE_CURVE('',#2012,#2008,#1143,.T.);
#2587=EDGE_CURVE('',#2013,#2011,#1144,.T.);
#2588=EDGE_CURVE('',#2012,#2013,#1145,.T.);
#2589=EDGE_CURVE('',#2009,#2012,#1146,.T.);
#2590=EDGE_CURVE('',#2010,#2013,#1147,.T.);
#2591=ORIENTED_EDGE('',*,*,#2014,.F.);
#2592=ORIENTED_EDGE('',*,*,#2015,.F.);
#2593=ORIENTED_EDGE('',*,*,#2016,.T.);
#2594=ORIENTED_EDGE('',*,*,#2017,.F.);
#2595=ORIENTED_EDGE('',*,*,#2018,.F.);
#2596=ORIENTED_EDGE('',*,*,#2016,.F.);
#2597=ORIENTED_EDGE('',*,*,#2019,.F.);
#2598=ORIENTED_EDGE('',*,*,#2020,.F.);
#2599=ORIENTED_EDGE('',*,*,#2021,.T.);
#2600=ORIENTED_EDGE('',*,*,#2022,.F.);
#2601=ORIENTED_EDGE('',*,*,#2023,.F.);
#2602=ORIENTED_EDGE('',*,*,#2021,.F.);
#2603=ORIENTED_EDGE('',*,*,#2019,.T.);
#2604=ORIENTED_EDGE('',*,*,#2020,.T.);
#2605=ORIENTED_EDGE('',*,*,#2024,.T.);
#2606=ORIENTED_EDGE('',*,*,#2015,.T.);
#2607=ORIENTED_EDGE('',*,*,#2014,.T.);
#2608=ORIENTED_EDGE('',*,*,#2024,.F.);
#2609=ORIENTED_EDGE('',*,*,#2022,.T.);
#2610=ORIENTED_EDGE('',*,*,#2023,.T.);
#2611=ORIENTED_EDGE('',*,*,#2017,.T.);
#2612=ORIENTED_EDGE('',*,*,#2018,.T.);
#2613=ORIENTED_EDGE('',*,*,#2025,.F.);
#2614=ORIENTED_EDGE('',*,*,#2026,.F.);
#2615=ORIENTED_EDGE('',*,*,#2027,.T.);
#2616=ORIENTED_EDGE('',*,*,#2028,.F.);
#2617=ORIENTED_EDGE('',*,*,#2029,.F.);
#2618=ORIENTED_EDGE('',*,*,#2027,.F.);
#2619=ORIENTED_EDGE('',*,*,#2030,.F.);
#2620=ORIENTED_EDGE('',*,*,#2031,.F.);
#2621=ORIENTED_EDGE('',*,*,#2032,.T.);
#2622=ORIENTED_EDGE('',*,*,#2033,.F.);
#2623=ORIENTED_EDGE('',*,*,#2034,.F.);
#2624=ORIENTED_EDGE('',*,*,#2032,.F.);
#2625=ORIENTED_EDGE('',*,*,#2033,.T.);
#2626=ORIENTED_EDGE('',*,*,#2035,.T.);
#2627=ORIENTED_EDGE('',*,*,#2026,.T.);
#2628=ORIENTED_EDGE('',*,*,#2025,.T.);
#2629=ORIENTED_EDGE('',*,*,#2035,.F.);
#2630=ORIENTED_EDGE('',*,*,#2034,.T.);
#2631=ORIENTED_EDGE('',*,*,#2030,.T.);
#2632=ORIENTED_EDGE('',*,*,#2031,.T.);
#2633=ORIENTED_EDGE('',*,*,#2028,.T.);
#2634=ORIENTED_EDGE('',*,*,#2029,.T.);
#2635=ORIENTED_EDGE('',*,*,#2036,.F.);
#2636=ORIENTED_EDGE('',*,*,#2037,.F.);
#2637=ORIENTED_EDGE('',*,*,#2038,.T.);
#2638=ORIENTED_EDGE('',*,*,#2039,.F.);
#2639=ORIENTED_EDGE('',*,*,#2040,.F.);
#2640=ORIENTED_EDGE('',*,*,#2038,.F.);
#2641=ORIENTED_EDGE('',*,*,#2041,.F.);
#2642=ORIENTED_EDGE('',*,*,#2042,.F.);
#2643=ORIENTED_EDGE('',*,*,#2043,.T.);
#2644=ORIENTED_EDGE('',*,*,#2044,.F.);
#2645=ORIENTED_EDGE('',*,*,#2045,.F.);
#2646=ORIENTED_EDGE('',*,*,#2043,.F.);
#2647=ORIENTED_EDGE('',*,*,#2046,.F.);
#2648=ORIENTED_EDGE('',*,*,#2047,.F.);
#2649=ORIENTED_EDGE('',*,*,#2048,.T.);
#2650=ORIENTED_EDGE('',*,*,#2049,.F.);
#2651=ORIENTED_EDGE('',*,*,#2050,.F.);
#2652=ORIENTED_EDGE('',*,*,#2048,.F.);
#2653=ORIENTED_EDGE('',*,*,#2051,.F.);
#2654=ORIENTED_EDGE('',*,*,#2052,.F.);
#2655=ORIENTED_EDGE('',*,*,#2053,.T.);
#2656=ORIENTED_EDGE('',*,*,#2054,.F.);
#2657=ORIENTED_EDGE('',*,*,#2055,.F.);
#2658=ORIENTED_EDGE('',*,*,#2053,.F.);
#2659=ORIENTED_EDGE('',*,*,#2056,.F.);
#2660=ORIENTED_EDGE('',*,*,#2057,.T.);
#2661=ORIENTED_EDGE('',*,*,#2058,.T.);
#2662=ORIENTED_EDGE('',*,*,#2056,.T.);
#2663=ORIENTED_EDGE('',*,*,#2052,.T.);
#2664=ORIENTED_EDGE('',*,*,#2051,.T.);
#2665=ORIENTED_EDGE('',*,*,#2058,.F.);
#2666=ORIENTED_EDGE('',*,*,#2059,.T.);
#2667=ORIENTED_EDGE('',*,*,#2046,.T.);
#2668=ORIENTED_EDGE('',*,*,#2047,.T.);
#2669=ORIENTED_EDGE('',*,*,#2060,.T.);
#2670=ORIENTED_EDGE('',*,*,#2061,.F.);
#2671=ORIENTED_EDGE('',*,*,#2062,.F.);
#2672=ORIENTED_EDGE('',*,*,#2060,.F.);
#2673=ORIENTED_EDGE('',*,*,#2063,.T.);
#2674=ORIENTED_EDGE('',*,*,#2064,.T.);
#2675=ORIENTED_EDGE('',*,*,#2037,.T.);
#2676=ORIENTED_EDGE('',*,*,#2036,.T.);
#2677=ORIENTED_EDGE('',*,*,#2064,.F.);
#2678=ORIENTED_EDGE('',*,*,#2065,.T.);
#2679=ORIENTED_EDGE('',*,*,#2066,.T.);
#2680=ORIENTED_EDGE('',*,*,#2067,.T.);
#2681=ORIENTED_EDGE('',*,*,#2044,.T.);
#2682=ORIENTED_EDGE('',*,*,#2045,.T.);
#2683=ORIENTED_EDGE('',*,*,#2067,.F.);
#2684=ORIENTED_EDGE('',*,*,#2068,.T.);
#2685=ORIENTED_EDGE('',*,*,#2041,.T.);
#2686=ORIENTED_EDGE('',*,*,#2042,.T.);
#2687=ORIENTED_EDGE('',*,*,#2049,.T.);
#2688=ORIENTED_EDGE('',*,*,#2050,.T.);
#2689=ORIENTED_EDGE('',*,*,#2066,.F.);
#2690=ORIENTED_EDGE('',*,*,#2068,.F.);
#2691=ORIENTED_EDGE('',*,*,#2061,.T.);
#2692=ORIENTED_EDGE('',*,*,#2062,.T.);
#2693=ORIENTED_EDGE('',*,*,#2065,.F.);
#2694=ORIENTED_EDGE('',*,*,#2063,.F.);
#2695=ORIENTED_EDGE('',*,*,#2039,.T.);
#2696=ORIENTED_EDGE('',*,*,#2040,.T.);
#2697=ORIENTED_EDGE('',*,*,#2057,.F.);
#2698=ORIENTED_EDGE('',*,*,#2059,.F.);
#2699=ORIENTED_EDGE('',*,*,#2054,.T.);
#2700=ORIENTED_EDGE('',*,*,#2055,.T.);
#2701=ORIENTED_EDGE('',*,*,#2069,.T.);
#2702=ORIENTED_EDGE('',*,*,#2070,.T.);
#2703=ORIENTED_EDGE('',*,*,#2071,.T.);
#2704=ORIENTED_EDGE('',*,*,#2072,.T.);
#2705=ORIENTED_EDGE('',*,*,#2070,.F.);
#2706=ORIENTED_EDGE('',*,*,#2073,.T.);
#2707=ORIENTED_EDGE('',*,*,#2074,.T.);
#2708=ORIENTED_EDGE('',*,*,#2075,.T.);
#2709=ORIENTED_EDGE('',*,*,#2076,.T.);
#2710=ORIENTED_EDGE('',*,*,#2077,.T.);
#2711=ORIENTED_EDGE('',*,*,#2075,.F.);
#2712=ORIENTED_EDGE('',*,*,#2078,.T.);
#2713=ORIENTED_EDGE('',*,*,#2079,.T.);
#2714=ORIENTED_EDGE('',*,*,#2080,.T.);
#2715=ORIENTED_EDGE('',*,*,#2081,.T.);
#2716=ORIENTED_EDGE('',*,*,#2082,.T.);
#2717=ORIENTED_EDGE('',*,*,#2080,.F.);
#2718=ORIENTED_EDGE('',*,*,#2083,.T.);
#2719=ORIENTED_EDGE('',*,*,#2084,.T.);
#2720=ORIENTED_EDGE('',*,*,#2085,.T.);
#2721=ORIENTED_EDGE('',*,*,#2086,.T.);
#2722=ORIENTED_EDGE('',*,*,#2087,.T.);
#2723=ORIENTED_EDGE('',*,*,#2088,.T.);
#2724=ORIENTED_EDGE('',*,*,#2086,.F.);
#2725=ORIENTED_EDGE('',*,*,#2089,.T.);
#2726=ORIENTED_EDGE('',*,*,#2090,.F.);
#2727=ORIENTED_EDGE('',*,*,#2091,.F.);
#2728=ORIENTED_EDGE('',*,*,#2092,.T.);
#2729=ORIENTED_EDGE('',*,*,#2084,.F.);
#2730=ORIENTED_EDGE('',*,*,#2089,.F.);
#2731=ORIENTED_EDGE('',*,*,#2085,.F.);
#2732=ORIENTED_EDGE('',*,*,#2092,.F.);
#2733=ORIENTED_EDGE('',*,*,#2079,.F.);
#2734=ORIENTED_EDGE('',*,*,#2093,.T.);
#2735=ORIENTED_EDGE('',*,*,#2094,.T.);
#2736=ORIENTED_EDGE('',*,*,#2095,.T.);
#2737=ORIENTED_EDGE('',*,*,#2093,.F.);
#2738=ORIENTED_EDGE('',*,*,#2083,.F.);
#2739=ORIENTED_EDGE('',*,*,#2096,.F.);
#2740=ORIENTED_EDGE('',*,*,#2097,.F.);
#2741=ORIENTED_EDGE('',*,*,#2098,.T.);
#2742=ORIENTED_EDGE('',*,*,#2069,.F.);
#2743=ORIENTED_EDGE('',*,*,#2073,.F.);
#2744=ORIENTED_EDGE('',*,*,#2098,.F.);
#2745=ORIENTED_EDGE('',*,*,#2099,.F.);
#2746=ORIENTED_EDGE('',*,*,#2100,.F.);
#2747=ORIENTED_EDGE('',*,*,#2101,.T.);
#2748=ORIENTED_EDGE('',*,*,#2076,.F.);
#2749=ORIENTED_EDGE('',*,*,#2077,.F.);
#2750=ORIENTED_EDGE('',*,*,#2101,.F.);
#2751=ORIENTED_EDGE('',*,*,#2074,.F.);
#2752=ORIENTED_EDGE('',*,*,#2078,.F.);
#2753=ORIENTED_EDGE('',*,*,#2082,.F.);
#2754=ORIENTED_EDGE('',*,*,#2081,.F.);
#2755=ORIENTED_EDGE('',*,*,#2099,.T.);
#2756=ORIENTED_EDGE('',*,*,#2100,.T.);
#2757=ORIENTED_EDGE('',*,*,#2072,.F.);
#2758=ORIENTED_EDGE('',*,*,#2071,.F.);
#2759=ORIENTED_EDGE('',*,*,#2090,.T.);
#2760=ORIENTED_EDGE('',*,*,#2091,.T.);
#2761=ORIENTED_EDGE('',*,*,#2095,.F.);
#2762=ORIENTED_EDGE('',*,*,#2096,.T.);
#2763=ORIENTED_EDGE('',*,*,#2097,.T.);
#2764=ORIENTED_EDGE('',*,*,#2094,.F.);
#2765=ORIENTED_EDGE('',*,*,#2088,.F.);
#2766=ORIENTED_EDGE('',*,*,#2087,.F.);
#2767=ORIENTED_EDGE('',*,*,#2102,.F.);
#2768=ORIENTED_EDGE('',*,*,#2103,.F.);
#2769=ORIENTED_EDGE('',*,*,#2104,.T.);
#2770=ORIENTED_EDGE('',*,*,#2105,.F.);
#2771=ORIENTED_EDGE('',*,*,#2106,.F.);
#2772=ORIENTED_EDGE('',*,*,#2104,.F.);
#2773=ORIENTED_EDGE('',*,*,#2107,.F.);
#2774=ORIENTED_EDGE('',*,*,#2108,.F.);
#2775=ORIENTED_EDGE('',*,*,#2109,.T.);
#2776=ORIENTED_EDGE('',*,*,#2110,.F.);
#2777=ORIENTED_EDGE('',*,*,#2111,.F.);
#2778=ORIENTED_EDGE('',*,*,#2109,.F.);
#2779=ORIENTED_EDGE('',*,*,#2112,.T.);
#2780=ORIENTED_EDGE('',*,*,#2113,.T.);
#2781=ORIENTED_EDGE('',*,*,#2108,.T.);
#2782=ORIENTED_EDGE('',*,*,#2107,.T.);
#2783=ORIENTED_EDGE('',*,*,#2113,.F.);
#2784=ORIENTED_EDGE('',*,*,#2114,.T.);
#2785=ORIENTED_EDGE('',*,*,#2115,.T.);
#2786=ORIENTED_EDGE('',*,*,#2116,.T.);
#2787=ORIENTED_EDGE('',*,*,#2103,.T.);
#2788=ORIENTED_EDGE('',*,*,#2102,.T.);
#2789=ORIENTED_EDGE('',*,*,#2116,.F.);
#2790=ORIENTED_EDGE('',*,*,#2117,.T.);
#2791=ORIENTED_EDGE('',*,*,#2118,.F.);
#2792=ORIENTED_EDGE('',*,*,#2119,.F.);
#2793=ORIENTED_EDGE('',*,*,#2120,.T.);
#2794=ORIENTED_EDGE('',*,*,#2121,.F.);
#2795=ORIENTED_EDGE('',*,*,#2122,.F.);
#2796=ORIENTED_EDGE('',*,*,#2120,.F.);
#2797=ORIENTED_EDGE('',*,*,#2123,.F.);
#2798=ORIENTED_EDGE('',*,*,#2124,.F.);
#2799=ORIENTED_EDGE('',*,*,#2125,.T.);
#2800=ORIENTED_EDGE('',*,*,#2126,.F.);
#2801=ORIENTED_EDGE('',*,*,#2127,.F.);
#2802=ORIENTED_EDGE('',*,*,#2125,.F.);
#2803=ORIENTED_EDGE('',*,*,#2128,.T.);
#2804=ORIENTED_EDGE('',*,*,#2129,.T.);
#2805=ORIENTED_EDGE('',*,*,#2119,.T.);
#2806=ORIENTED_EDGE('',*,*,#2118,.T.);
#2807=ORIENTED_EDGE('',*,*,#2129,.F.);
#2808=ORIENTED_EDGE('',*,*,#2130,.T.);
#2809=ORIENTED_EDGE('',*,*,#2128,.F.);
#2810=ORIENTED_EDGE('',*,*,#2131,.T.);
#2811=ORIENTED_EDGE('',*,*,#2132,.F.);
#2812=ORIENTED_EDGE('',*,*,#2133,.F.);
#2813=ORIENTED_EDGE('',*,*,#2131,.F.);
#2814=ORIENTED_EDGE('',*,*,#2130,.F.);
#2815=ORIENTED_EDGE('',*,*,#2134,.F.);
#2816=ORIENTED_EDGE('',*,*,#2135,.F.);
#2817=ORIENTED_EDGE('',*,*,#2136,.T.);
#2818=ORIENTED_EDGE('',*,*,#2137,.F.);
#2819=ORIENTED_EDGE('',*,*,#2138,.F.);
#2820=ORIENTED_EDGE('',*,*,#2136,.F.);
#2821=ORIENTED_EDGE('',*,*,#2134,.T.);
#2822=ORIENTED_EDGE('',*,*,#2135,.T.);
#2823=ORIENTED_EDGE('',*,*,#2139,.T.);
#2824=ORIENTED_EDGE('',*,*,#2124,.T.);
#2825=ORIENTED_EDGE('',*,*,#2123,.T.);
#2826=ORIENTED_EDGE('',*,*,#2139,.F.);
#2827=ORIENTED_EDGE('',*,*,#2140,.T.);
#2828=ORIENTED_EDGE('',*,*,#2141,.T.);
#2829=ORIENTED_EDGE('',*,*,#2142,.T.);
#2830=ORIENTED_EDGE('',*,*,#2143,.T.);
#2831=ORIENTED_EDGE('',*,*,#2144,.T.);
#2832=ORIENTED_EDGE('',*,*,#2145,.T.);
#2833=ORIENTED_EDGE('',*,*,#2146,.T.);
#2834=ORIENTED_EDGE('',*,*,#2147,.T.);
#2835=ORIENTED_EDGE('',*,*,#2148,.F.);
#2836=ORIENTED_EDGE('',*,*,#2149,.T.);
#2837=ORIENTED_EDGE('',*,*,#2140,.F.);
#2838=ORIENTED_EDGE('',*,*,#2150,.F.);
#2839=ORIENTED_EDGE('',*,*,#2146,.F.);
#2840=ORIENTED_EDGE('',*,*,#2151,.T.);
#2841=ORIENTED_EDGE('',*,*,#2152,.F.);
#2842=ORIENTED_EDGE('',*,*,#2153,.F.);
#2843=ORIENTED_EDGE('',*,*,#2154,.F.);
#2844=ORIENTED_EDGE('',*,*,#2155,.F.);
#2845=ORIENTED_EDGE('',*,*,#2156,.F.);
#2846=ORIENTED_EDGE('',*,*,#2157,.F.);
#2847=ORIENTED_EDGE('',*,*,#2156,.T.);
#2848=ORIENTED_EDGE('',*,*,#2158,.F.);
#2849=ORIENTED_EDGE('',*,*,#2159,.F.);
#2850=ORIENTED_EDGE('',*,*,#2149,.F.);
#2851=ORIENTED_EDGE('',*,*,#2159,.T.);
#2852=ORIENTED_EDGE('',*,*,#2160,.F.);
#2853=ORIENTED_EDGE('',*,*,#2161,.F.);
#2854=ORIENTED_EDGE('',*,*,#2141,.F.);
#2855=ORIENTED_EDGE('',*,*,#2161,.T.);
#2856=ORIENTED_EDGE('',*,*,#2162,.F.);
#2857=ORIENTED_EDGE('',*,*,#2163,.F.);
#2858=ORIENTED_EDGE('',*,*,#2164,.F.);
#2859=ORIENTED_EDGE('',*,*,#2143,.F.);
#2860=ORIENTED_EDGE('',*,*,#2165,.T.);
#2861=ORIENTED_EDGE('',*,*,#2166,.F.);
#2862=ORIENTED_EDGE('',*,*,#2167,.F.);
#2863=ORIENTED_EDGE('',*,*,#2168,.F.);
#2864=ORIENTED_EDGE('',*,*,#2150,.T.);
#2865=ORIENTED_EDGE('',*,*,#2137,.T.);
#2866=ORIENTED_EDGE('',*,*,#2138,.T.);
#2867=ORIENTED_EDGE('',*,*,#2142,.F.);
#2868=ORIENTED_EDGE('',*,*,#2164,.T.);
#2869=ORIENTED_EDGE('',*,*,#2169,.F.);
#2870=ORIENTED_EDGE('',*,*,#2165,.F.);
#2871=ORIENTED_EDGE('',*,*,#2147,.F.);
#2872=ORIENTED_EDGE('',*,*,#2153,.T.);
#2873=ORIENTED_EDGE('',*,*,#2170,.F.);
#2874=ORIENTED_EDGE('',*,*,#2171,.F.);
#2875=ORIENTED_EDGE('',*,*,#2172,.F.);
#2876=ORIENTED_EDGE('',*,*,#2173,.T.);
#2877=ORIENTED_EDGE('',*,*,#2132,.T.);
#2878=ORIENTED_EDGE('',*,*,#2133,.T.);
#2879=ORIENTED_EDGE('',*,*,#2174,.F.);
#2880=ORIENTED_EDGE('',*,*,#2175,.T.);
#2881=ORIENTED_EDGE('',*,*,#2144,.F.);
#2882=ORIENTED_EDGE('',*,*,#2173,.F.);
#2883=ORIENTED_EDGE('',*,*,#2176,.T.);
#2884=ORIENTED_EDGE('',*,*,#2177,.F.);
#2885=ORIENTED_EDGE('',*,*,#2178,.F.);
#2886=ORIENTED_EDGE('',*,*,#2175,.F.);
#2887=ORIENTED_EDGE('',*,*,#2178,.T.);
#2888=ORIENTED_EDGE('',*,*,#2179,.F.);
#2889=ORIENTED_EDGE('',*,*,#2180,.F.);
#2890=ORIENTED_EDGE('',*,*,#2145,.F.);
#2891=ORIENTED_EDGE('',*,*,#2180,.T.);
#2892=ORIENTED_EDGE('',*,*,#2181,.F.);
#2893=ORIENTED_EDGE('',*,*,#2182,.F.);
#2894=ORIENTED_EDGE('',*,*,#2151,.F.);
#2895=ORIENTED_EDGE('',*,*,#2183,.F.);
#2896=ORIENTED_EDGE('',*,*,#2184,.F.);
#2897=ORIENTED_EDGE('',*,*,#2182,.T.);
#2898=ORIENTED_EDGE('',*,*,#2185,.F.);
#2899=ORIENTED_EDGE('',*,*,#2186,.F.);
#2900=ORIENTED_EDGE('',*,*,#2187,.T.);
#2901=ORIENTED_EDGE('',*,*,#2167,.T.);
#2902=ORIENTED_EDGE('',*,*,#2188,.F.);
#2903=ORIENTED_EDGE('',*,*,#2152,.T.);
#2904=ORIENTED_EDGE('',*,*,#2184,.T.);
#2905=ORIENTED_EDGE('',*,*,#2189,.T.);
#2906=ORIENTED_EDGE('',*,*,#2190,.T.);
#2907=ORIENTED_EDGE('',*,*,#2191,.T.);
#2908=ORIENTED_EDGE('',*,*,#2192,.T.);
#2909=ORIENTED_EDGE('',*,*,#2193,.T.);
#2910=ORIENTED_EDGE('',*,*,#2157,.T.);
#2911=ORIENTED_EDGE('',*,*,#2148,.T.);
#2912=ORIENTED_EDGE('',*,*,#2168,.T.);
#2913=ORIENTED_EDGE('',*,*,#2187,.F.);
#2914=ORIENTED_EDGE('',*,*,#2194,.F.);
#2915=ORIENTED_EDGE('',*,*,#2195,.T.);
#2916=ORIENTED_EDGE('',*,*,#2170,.T.);
#2917=ORIENTED_EDGE('',*,*,#2196,.F.);
#2918=ORIENTED_EDGE('',*,*,#2197,.T.);
#2919=ORIENTED_EDGE('',*,*,#2171,.T.);
#2920=ORIENTED_EDGE('',*,*,#2195,.F.);
#2921=ORIENTED_EDGE('',*,*,#2198,.T.);
#2922=ORIENTED_EDGE('',*,*,#2199,.F.);
#2923=ORIENTED_EDGE('',*,*,#2154,.T.);
#2924=ORIENTED_EDGE('',*,*,#2193,.F.);
#2925=ORIENTED_EDGE('',*,*,#2200,.T.);
#2926=ORIENTED_EDGE('',*,*,#2201,.T.);
#2927=ORIENTED_EDGE('',*,*,#2162,.T.);
#2928=ORIENTED_EDGE('',*,*,#2160,.T.);
#2929=ORIENTED_EDGE('',*,*,#2158,.T.);
#2930=ORIENTED_EDGE('',*,*,#2155,.T.);
#2931=ORIENTED_EDGE('',*,*,#2126,.T.);
#2932=ORIENTED_EDGE('',*,*,#2127,.T.);
#2933=ORIENTED_EDGE('',*,*,#2202,.F.);
#2934=ORIENTED_EDGE('',*,*,#2203,.F.);
#2935=ORIENTED_EDGE('',*,*,#2163,.T.);
#2936=ORIENTED_EDGE('',*,*,#2201,.F.);
#2937=ORIENTED_EDGE('',*,*,#2169,.T.);
#2938=ORIENTED_EDGE('',*,*,#2203,.T.);
#2939=ORIENTED_EDGE('',*,*,#2204,.T.);
#2940=ORIENTED_EDGE('',*,*,#2205,.F.);
#2941=ORIENTED_EDGE('',*,*,#2188,.T.);
#2942=ORIENTED_EDGE('',*,*,#2166,.T.);
#2943=ORIENTED_EDGE('',*,*,#2206,.T.);
#2944=ORIENTED_EDGE('',*,*,#2207,.T.);
#2945=ORIENTED_EDGE('',*,*,#2208,.T.);
#2946=ORIENTED_EDGE('',*,*,#2209,.T.);
#2947=ORIENTED_EDGE('',*,*,#2196,.T.);
#2948=ORIENTED_EDGE('',*,*,#2194,.T.);
#2949=ORIENTED_EDGE('',*,*,#2186,.T.);
#2950=ORIENTED_EDGE('',*,*,#2205,.T.);
#2951=ORIENTED_EDGE('',*,*,#2210,.T.);
#2952=ORIENTED_EDGE('',*,*,#2211,.T.);
#2953=ORIENTED_EDGE('',*,*,#2212,.T.);
#2954=ORIENTED_EDGE('',*,*,#2213,.T.);
#2955=ORIENTED_EDGE('',*,*,#2174,.T.);
#2956=ORIENTED_EDGE('',*,*,#2172,.T.);
#2957=ORIENTED_EDGE('',*,*,#2197,.F.);
#2958=ORIENTED_EDGE('',*,*,#2209,.F.);
#2959=ORIENTED_EDGE('',*,*,#2214,.F.);
#2960=ORIENTED_EDGE('',*,*,#2215,.F.);
#2961=ORIENTED_EDGE('',*,*,#2176,.F.);
#2962=ORIENTED_EDGE('',*,*,#2213,.F.);
#2963=ORIENTED_EDGE('',*,*,#2216,.F.);
#2964=ORIENTED_EDGE('',*,*,#2185,.T.);
#2965=ORIENTED_EDGE('',*,*,#2181,.T.);
#2966=ORIENTED_EDGE('',*,*,#2179,.T.);
#2967=ORIENTED_EDGE('',*,*,#2177,.T.);
#2968=ORIENTED_EDGE('',*,*,#2215,.T.);
#2969=ORIENTED_EDGE('',*,*,#2121,.T.);
#2970=ORIENTED_EDGE('',*,*,#2122,.T.);
#2971=ORIENTED_EDGE('',*,*,#2189,.F.);
#2972=ORIENTED_EDGE('',*,*,#2183,.T.);
#2973=ORIENTED_EDGE('',*,*,#2217,.F.);
#2974=ORIENTED_EDGE('',*,*,#2218,.F.);
#2975=ORIENTED_EDGE('',*,*,#2219,.T.);
#2976=ORIENTED_EDGE('',*,*,#2220,.F.);
#2977=ORIENTED_EDGE('',*,*,#2221,.F.);
#2978=ORIENTED_EDGE('',*,*,#2191,.F.);
#2979=ORIENTED_EDGE('',*,*,#2221,.T.);
#2980=ORIENTED_EDGE('',*,*,#2222,.F.);
#2981=ORIENTED_EDGE('',*,*,#2198,.F.);
#2982=ORIENTED_EDGE('',*,*,#2192,.F.);
#2983=ORIENTED_EDGE('',*,*,#2223,.T.);
#2984=ORIENTED_EDGE('',*,*,#2224,.T.);
#2985=ORIENTED_EDGE('',*,*,#2210,.F.);
#2986=ORIENTED_EDGE('',*,*,#2204,.F.);
#2987=ORIENTED_EDGE('',*,*,#2202,.T.);
#2988=ORIENTED_EDGE('',*,*,#2200,.F.);
#2989=ORIENTED_EDGE('',*,*,#2199,.T.);
#2990=ORIENTED_EDGE('',*,*,#2218,.T.);
#2991=ORIENTED_EDGE('',*,*,#2225,.F.);
#2992=ORIENTED_EDGE('',*,*,#2219,.F.);
#2993=ORIENTED_EDGE('',*,*,#2190,.F.);
#2994=ORIENTED_EDGE('',*,*,#2226,.T.);
#2995=ORIENTED_EDGE('',*,*,#2227,.T.);
#2996=ORIENTED_EDGE('',*,*,#2228,.T.);
#2997=ORIENTED_EDGE('',*,*,#2220,.T.);
#2998=ORIENTED_EDGE('',*,*,#2208,.F.);
#2999=ORIENTED_EDGE('',*,*,#2229,.T.);
#3000=ORIENTED_EDGE('',*,*,#2230,.T.);
#3001=ORIENTED_EDGE('',*,*,#2217,.T.);
#3002=ORIENTED_EDGE('',*,*,#2216,.T.);
#3003=ORIENTED_EDGE('',*,*,#2214,.T.);
#3004=ORIENTED_EDGE('',*,*,#2212,.F.);
#3005=ORIENTED_EDGE('',*,*,#2230,.F.);
#3006=ORIENTED_EDGE('',*,*,#2231,.T.);
#3007=ORIENTED_EDGE('',*,*,#2226,.F.);
#3008=ORIENTED_EDGE('',*,*,#2225,.T.);
#3009=ORIENTED_EDGE('',*,*,#2228,.F.);
#3010=ORIENTED_EDGE('',*,*,#2232,.T.);
#3011=ORIENTED_EDGE('',*,*,#2223,.F.);
#3012=ORIENTED_EDGE('',*,*,#2222,.T.);
#3013=ORIENTED_EDGE('',*,*,#2233,.T.);
#3014=ORIENTED_EDGE('',*,*,#2234,.T.);
#3015=ORIENTED_EDGE('',*,*,#2206,.F.);
#3016=ORIENTED_EDGE('',*,*,#2235,.T.);
#3017=ORIENTED_EDGE('',*,*,#2236,.T.);
#3018=ORIENTED_EDGE('',*,*,#2237,.T.);
#3019=ORIENTED_EDGE('',*,*,#2238,.F.);
#3020=ORIENTED_EDGE('',*,*,#2239,.F.);
#3021=ORIENTED_EDGE('',*,*,#2240,.F.);
#3022=ORIENTED_EDGE('',*,*,#2241,.F.);
#3023=ORIENTED_EDGE('',*,*,#2242,.F.);
#3024=ORIENTED_EDGE('',*,*,#2243,.F.);
#3025=ORIENTED_EDGE('',*,*,#2244,.F.);
#3026=ORIENTED_EDGE('',*,*,#2245,.F.);
#3027=ORIENTED_EDGE('',*,*,#2246,.F.);
#3028=ORIENTED_EDGE('',*,*,#2247,.F.);
#3029=ORIENTED_EDGE('',*,*,#2248,.F.);
#3030=ORIENTED_EDGE('',*,*,#2249,.F.);
#3031=ORIENTED_EDGE('',*,*,#2250,.F.);
#3032=ORIENTED_EDGE('',*,*,#2251,.F.);
#3033=ORIENTED_EDGE('',*,*,#2252,.F.);
#3034=ORIENTED_EDGE('',*,*,#2253,.F.);
#3035=ORIENTED_EDGE('',*,*,#2254,.F.);
#3036=ORIENTED_EDGE('',*,*,#2255,.F.);
#3037=ORIENTED_EDGE('',*,*,#2256,.F.);
#3038=ORIENTED_EDGE('',*,*,#2257,.F.);
#3039=ORIENTED_EDGE('',*,*,#2211,.F.);
#3040=ORIENTED_EDGE('',*,*,#2224,.F.);
#3041=ORIENTED_EDGE('',*,*,#2258,.F.);
#3042=ORIENTED_EDGE('',*,*,#2235,.F.);
#3043=ORIENTED_EDGE('',*,*,#2258,.T.);
#3044=ORIENTED_EDGE('',*,*,#2232,.F.);
#3045=ORIENTED_EDGE('',*,*,#2259,.F.);
#3046=ORIENTED_EDGE('',*,*,#2236,.F.);
#3047=ORIENTED_EDGE('',*,*,#2259,.T.);
#3048=ORIENTED_EDGE('',*,*,#2227,.F.);
#3049=ORIENTED_EDGE('',*,*,#2260,.F.);
#3050=ORIENTED_EDGE('',*,*,#2237,.F.);
#3051=ORIENTED_EDGE('',*,*,#2260,.T.);
#3052=ORIENTED_EDGE('',*,*,#2231,.F.);
#3053=ORIENTED_EDGE('',*,*,#2261,.F.);
#3054=ORIENTED_EDGE('',*,*,#2233,.F.);
#3055=ORIENTED_EDGE('',*,*,#2261,.T.);
#3056=ORIENTED_EDGE('',*,*,#2229,.F.);
#3057=ORIENTED_EDGE('',*,*,#2207,.F.);
#3058=ORIENTED_EDGE('',*,*,#2234,.F.);
#3059=ORIENTED_EDGE('',*,*,#2262,.F.);
#3060=ORIENTED_EDGE('',*,*,#2263,.T.);
#3061=ORIENTED_EDGE('',*,*,#2264,.T.);
#3062=ORIENTED_EDGE('',*,*,#2239,.T.);
#3063=ORIENTED_EDGE('',*,*,#2265,.F.);
#3064=ORIENTED_EDGE('',*,*,#2266,.T.);
#3065=ORIENTED_EDGE('',*,*,#2262,.T.);
#3066=ORIENTED_EDGE('',*,*,#2238,.T.);
#3067=ORIENTED_EDGE('',*,*,#2267,.F.);
#3068=ORIENTED_EDGE('',*,*,#2268,.T.);
#3069=ORIENTED_EDGE('',*,*,#2265,.T.);
#3070=ORIENTED_EDGE('',*,*,#2257,.T.);
#3071=ORIENTED_EDGE('',*,*,#2269,.F.);
#3072=ORIENTED_EDGE('',*,*,#2270,.T.);
#3073=ORIENTED_EDGE('',*,*,#2267,.T.);
#3074=ORIENTED_EDGE('',*,*,#2256,.T.);
#3075=ORIENTED_EDGE('',*,*,#2271,.F.);
#3076=ORIENTED_EDGE('',*,*,#2272,.T.);
#3077=ORIENTED_EDGE('',*,*,#2269,.T.);
#3078=ORIENTED_EDGE('',*,*,#2255,.T.);
#3079=ORIENTED_EDGE('',*,*,#2273,.F.);
#3080=ORIENTED_EDGE('',*,*,#2274,.T.);
#3081=ORIENTED_EDGE('',*,*,#2271,.T.);
#3082=ORIENTED_EDGE('',*,*,#2254,.T.);
#3083=ORIENTED_EDGE('',*,*,#2275,.F.);
#3084=ORIENTED_EDGE('',*,*,#2276,.T.);
#3085=ORIENTED_EDGE('',*,*,#2273,.T.);
#3086=ORIENTED_EDGE('',*,*,#2253,.T.);
#3087=ORIENTED_EDGE('',*,*,#2277,.F.);
#3088=ORIENTED_EDGE('',*,*,#2278,.T.);
#3089=ORIENTED_EDGE('',*,*,#2275,.T.);
#3090=ORIENTED_EDGE('',*,*,#2252,.T.);
#3091=ORIENTED_EDGE('',*,*,#2279,.F.);
#3092=ORIENTED_EDGE('',*,*,#2280,.T.);
#3093=ORIENTED_EDGE('',*,*,#2277,.T.);
#3094=ORIENTED_EDGE('',*,*,#2251,.T.);
#3095=ORIENTED_EDGE('',*,*,#2281,.F.);
#3096=ORIENTED_EDGE('',*,*,#2282,.T.);
#3097=ORIENTED_EDGE('',*,*,#2279,.T.);
#3098=ORIENTED_EDGE('',*,*,#2250,.T.);
#3099=ORIENTED_EDGE('',*,*,#2283,.F.);
#3100=ORIENTED_EDGE('',*,*,#2284,.T.);
#3101=ORIENTED_EDGE('',*,*,#2281,.T.);
#3102=ORIENTED_EDGE('',*,*,#2249,.T.);
#3103=ORIENTED_EDGE('',*,*,#2285,.F.);
#3104=ORIENTED_EDGE('',*,*,#2286,.T.);
#3105=ORIENTED_EDGE('',*,*,#2283,.T.);
#3106=ORIENTED_EDGE('',*,*,#2248,.T.);
#3107=ORIENTED_EDGE('',*,*,#2287,.F.);
#3108=ORIENTED_EDGE('',*,*,#2288,.T.);
#3109=ORIENTED_EDGE('',*,*,#2285,.T.);
#3110=ORIENTED_EDGE('',*,*,#2247,.T.);
#3111=ORIENTED_EDGE('',*,*,#2289,.F.);
#3112=ORIENTED_EDGE('',*,*,#2290,.T.);
#3113=ORIENTED_EDGE('',*,*,#2287,.T.);
#3114=ORIENTED_EDGE('',*,*,#2246,.T.);
#3115=ORIENTED_EDGE('',*,*,#2291,.F.);
#3116=ORIENTED_EDGE('',*,*,#2292,.T.);
#3117=ORIENTED_EDGE('',*,*,#2289,.T.);
#3118=ORIENTED_EDGE('',*,*,#2245,.T.);
#3119=ORIENTED_EDGE('',*,*,#2293,.F.);
#3120=ORIENTED_EDGE('',*,*,#2294,.T.);
#3121=ORIENTED_EDGE('',*,*,#2291,.T.);
#3122=ORIENTED_EDGE('',*,*,#2244,.T.);
#3123=ORIENTED_EDGE('',*,*,#2295,.F.);
#3124=ORIENTED_EDGE('',*,*,#2296,.T.);
#3125=ORIENTED_EDGE('',*,*,#2293,.T.);
#3126=ORIENTED_EDGE('',*,*,#2243,.T.);
#3127=ORIENTED_EDGE('',*,*,#2297,.F.);
#3128=ORIENTED_EDGE('',*,*,#2298,.T.);
#3129=ORIENTED_EDGE('',*,*,#2295,.T.);
#3130=ORIENTED_EDGE('',*,*,#2242,.T.);
#3131=ORIENTED_EDGE('',*,*,#2299,.F.);
#3132=ORIENTED_EDGE('',*,*,#2300,.T.);
#3133=ORIENTED_EDGE('',*,*,#2297,.T.);
#3134=ORIENTED_EDGE('',*,*,#2241,.T.);
#3135=ORIENTED_EDGE('',*,*,#2264,.F.);
#3136=ORIENTED_EDGE('',*,*,#2301,.T.);
#3137=ORIENTED_EDGE('',*,*,#2299,.T.);
#3138=ORIENTED_EDGE('',*,*,#2240,.T.);
#3139=ORIENTED_EDGE('',*,*,#2302,.T.);
#3140=ORIENTED_EDGE('',*,*,#2303,.T.);
#3141=ORIENTED_EDGE('',*,*,#2304,.T.);
#3142=ORIENTED_EDGE('',*,*,#2305,.T.);
#3143=ORIENTED_EDGE('',*,*,#2306,.T.);
#3144=ORIENTED_EDGE('',*,*,#2307,.T.);
#3145=ORIENTED_EDGE('',*,*,#2308,.T.);
#3146=ORIENTED_EDGE('',*,*,#2309,.T.);
#3147=ORIENTED_EDGE('',*,*,#2310,.T.);
#3148=ORIENTED_EDGE('',*,*,#2311,.T.);
#3149=ORIENTED_EDGE('',*,*,#2312,.T.);
#3150=ORIENTED_EDGE('',*,*,#2313,.T.);
#3151=ORIENTED_EDGE('',*,*,#2314,.T.);
#3152=ORIENTED_EDGE('',*,*,#2315,.T.);
#3153=ORIENTED_EDGE('',*,*,#2316,.T.);
#3154=ORIENTED_EDGE('',*,*,#2317,.T.);
#3155=ORIENTED_EDGE('',*,*,#2318,.T.);
#3156=ORIENTED_EDGE('',*,*,#2319,.T.);
#3157=ORIENTED_EDGE('',*,*,#2320,.T.);
#3158=ORIENTED_EDGE('',*,*,#2321,.T.);
#3159=ORIENTED_EDGE('',*,*,#2110,.T.);
#3160=ORIENTED_EDGE('',*,*,#2111,.T.);
#3161=ORIENTED_EDGE('',*,*,#2105,.T.);
#3162=ORIENTED_EDGE('',*,*,#2106,.T.);
#3163=ORIENTED_EDGE('',*,*,#2115,.F.);
#3164=ORIENTED_EDGE('',*,*,#2117,.F.);
#3165=ORIENTED_EDGE('',*,*,#2112,.F.);
#3166=ORIENTED_EDGE('',*,*,#2114,.F.);
#3167=ORIENTED_EDGE('',*,*,#2322,.F.);
#3168=ORIENTED_EDGE('',*,*,#2294,.F.);
#3169=ORIENTED_EDGE('',*,*,#2323,.F.);
#3170=ORIENTED_EDGE('',*,*,#2313,.F.);
#3171=ORIENTED_EDGE('',*,*,#2323,.T.);
#3172=ORIENTED_EDGE('',*,*,#2296,.F.);
#3173=ORIENTED_EDGE('',*,*,#2324,.F.);
#3174=ORIENTED_EDGE('',*,*,#2314,.F.);
#3175=ORIENTED_EDGE('',*,*,#2322,.T.);
#3176=ORIENTED_EDGE('',*,*,#2312,.F.);
#3177=ORIENTED_EDGE('',*,*,#2325,.F.);
#3178=ORIENTED_EDGE('',*,*,#2292,.F.);
#3179=ORIENTED_EDGE('',*,*,#2324,.T.);
#3180=ORIENTED_EDGE('',*,*,#2298,.F.);
#3181=ORIENTED_EDGE('',*,*,#2326,.F.);
#3182=ORIENTED_EDGE('',*,*,#2315,.F.);
#3183=ORIENTED_EDGE('',*,*,#2325,.T.);
#3184=ORIENTED_EDGE('',*,*,#2311,.F.);
#3185=ORIENTED_EDGE('',*,*,#2327,.F.);
#3186=ORIENTED_EDGE('',*,*,#2290,.F.);
#3187=ORIENTED_EDGE('',*,*,#2326,.T.);
#3188=ORIENTED_EDGE('',*,*,#2300,.F.);
#3189=ORIENTED_EDGE('',*,*,#2328,.F.);
#3190=ORIENTED_EDGE('',*,*,#2316,.F.);
#3191=ORIENTED_EDGE('',*,*,#2327,.T.);
#3192=ORIENTED_EDGE('',*,*,#2310,.F.);
#3193=ORIENTED_EDGE('',*,*,#2329,.F.);
#3194=ORIENTED_EDGE('',*,*,#2288,.F.);
#3195=ORIENTED_EDGE('',*,*,#2328,.T.);
#3196=ORIENTED_EDGE('',*,*,#2301,.F.);
#3197=ORIENTED_EDGE('',*,*,#2330,.F.);
#3198=ORIENTED_EDGE('',*,*,#2317,.F.);
#3199=ORIENTED_EDGE('',*,*,#2329,.T.);
#3200=ORIENTED_EDGE('',*,*,#2309,.F.);
#3201=ORIENTED_EDGE('',*,*,#2331,.F.);
#3202=ORIENTED_EDGE('',*,*,#2286,.F.);
#3203=ORIENTED_EDGE('',*,*,#2330,.T.);
#3204=ORIENTED_EDGE('',*,*,#2263,.F.);
#3205=ORIENTED_EDGE('',*,*,#2332,.F.);
#3206=ORIENTED_EDGE('',*,*,#2318,.F.);
#3207=ORIENTED_EDGE('',*,*,#2331,.T.);
#3208=ORIENTED_EDGE('',*,*,#2308,.F.);
#3209=ORIENTED_EDGE('',*,*,#2333,.F.);
#3210=ORIENTED_EDGE('',*,*,#2284,.F.);
#3211=ORIENTED_EDGE('',*,*,#2332,.T.);
#3212=ORIENTED_EDGE('',*,*,#2266,.F.);
#3213=ORIENTED_EDGE('',*,*,#2334,.F.);
#3214=ORIENTED_EDGE('',*,*,#2319,.F.);
#3215=ORIENTED_EDGE('',*,*,#2333,.T.);
#3216=ORIENTED_EDGE('',*,*,#2307,.F.);
#3217=ORIENTED_EDGE('',*,*,#2335,.F.);
#3218=ORIENTED_EDGE('',*,*,#2282,.F.);
#3219=ORIENTED_EDGE('',*,*,#2334,.T.);
#3220=ORIENTED_EDGE('',*,*,#2268,.F.);
#3221=ORIENTED_EDGE('',*,*,#2336,.F.);
#3222=ORIENTED_EDGE('',*,*,#2320,.F.);
#3223=ORIENTED_EDGE('',*,*,#2335,.T.);
#3224=ORIENTED_EDGE('',*,*,#2306,.F.);
#3225=ORIENTED_EDGE('',*,*,#2337,.F.);
#3226=ORIENTED_EDGE('',*,*,#2280,.F.);
#3227=ORIENTED_EDGE('',*,*,#2336,.T.);
#3228=ORIENTED_EDGE('',*,*,#2270,.F.);
#3229=ORIENTED_EDGE('',*,*,#2338,.F.);
#3230=ORIENTED_EDGE('',*,*,#2321,.F.);
#3231=ORIENTED_EDGE('',*,*,#2337,.T.);
#3232=ORIENTED_EDGE('',*,*,#2305,.F.);
#3233=ORIENTED_EDGE('',*,*,#2339,.F.);
#3234=ORIENTED_EDGE('',*,*,#2278,.F.);
#3235=ORIENTED_EDGE('',*,*,#2338,.T.);
#3236=ORIENTED_EDGE('',*,*,#2272,.F.);
#3237=ORIENTED_EDGE('',*,*,#2340,.F.);
#3238=ORIENTED_EDGE('',*,*,#2302,.F.);
#3239=ORIENTED_EDGE('',*,*,#2339,.T.);
#3240=ORIENTED_EDGE('',*,*,#2304,.F.);
#3241=ORIENTED_EDGE('',*,*,#2341,.F.);
#3242=ORIENTED_EDGE('',*,*,#2276,.F.);
#3243=ORIENTED_EDGE('',*,*,#2340,.T.);
#3244=ORIENTED_EDGE('',*,*,#2274,.F.);
#3245=ORIENTED_EDGE('',*,*,#2341,.T.);
#3246=ORIENTED_EDGE('',*,*,#2303,.F.);
#3247=ORIENTED_EDGE('',*,*,#2342,.F.);
#3248=ORIENTED_EDGE('',*,*,#2343,.F.);
#3249=ORIENTED_EDGE('',*,*,#2344,.F.);
#3250=ORIENTED_EDGE('',*,*,#2345,.F.);
#3251=ORIENTED_EDGE('',*,*,#2346,.F.);
#3252=ORIENTED_EDGE('',*,*,#2347,.F.);
#3253=ORIENTED_EDGE('',*,*,#2348,.F.);
#3254=ORIENTED_EDGE('',*,*,#2349,.F.);
#3255=ORIENTED_EDGE('',*,*,#2343,.T.);
#3256=ORIENTED_EDGE('',*,*,#2350,.T.);
#3257=ORIENTED_EDGE('',*,*,#2351,.T.);
#3258=ORIENTED_EDGE('',*,*,#2352,.T.);
#3259=ORIENTED_EDGE('',*,*,#2353,.T.);
#3260=ORIENTED_EDGE('',*,*,#2354,.T.);
#3261=ORIENTED_EDGE('',*,*,#2355,.T.);
#3262=ORIENTED_EDGE('',*,*,#2347,.T.);
#3263=ORIENTED_EDGE('',*,*,#2356,.T.);
#3264=ORIENTED_EDGE('',*,*,#2357,.T.);
#3265=ORIENTED_EDGE('',*,*,#2358,.T.);
#3266=ORIENTED_EDGE('',*,*,#2359,.T.);
#3267=ORIENTED_EDGE('',*,*,#2360,.T.);
#3268=ORIENTED_EDGE('',*,*,#2361,.T.);
#3269=ORIENTED_EDGE('',*,*,#2362,.F.);
#3270=ORIENTED_EDGE('',*,*,#2348,.T.);
#3271=ORIENTED_EDGE('',*,*,#2355,.F.);
#3272=ORIENTED_EDGE('',*,*,#2363,.F.);
#3273=ORIENTED_EDGE('',*,*,#2364,.F.);
#3274=ORIENTED_EDGE('',*,*,#2363,.T.);
#3275=ORIENTED_EDGE('',*,*,#2354,.F.);
#3276=ORIENTED_EDGE('',*,*,#2365,.F.);
#3277=ORIENTED_EDGE('',*,*,#2366,.F.);
#3278=ORIENTED_EDGE('',*,*,#2365,.T.);
#3279=ORIENTED_EDGE('',*,*,#2353,.F.);
#3280=ORIENTED_EDGE('',*,*,#2367,.F.);
#3281=ORIENTED_EDGE('',*,*,#2368,.F.);
#3282=ORIENTED_EDGE('',*,*,#2367,.T.);
#3283=ORIENTED_EDGE('',*,*,#2352,.F.);
#3284=ORIENTED_EDGE('',*,*,#2369,.F.);
#3285=ORIENTED_EDGE('',*,*,#2370,.F.);
#3286=ORIENTED_EDGE('',*,*,#2369,.T.);
#3287=ORIENTED_EDGE('',*,*,#2351,.F.);
#3288=ORIENTED_EDGE('',*,*,#2371,.F.);
#3289=ORIENTED_EDGE('',*,*,#2342,.T.);
#3290=ORIENTED_EDGE('',*,*,#2372,.F.);
#3291=ORIENTED_EDGE('',*,*,#2371,.T.);
#3292=ORIENTED_EDGE('',*,*,#2350,.F.);
#3293=ORIENTED_EDGE('',*,*,#2373,.F.);
#3294=ORIENTED_EDGE('',*,*,#2344,.T.);
#3295=ORIENTED_EDGE('',*,*,#2361,.F.);
#3296=ORIENTED_EDGE('',*,*,#2374,.F.);
#3297=ORIENTED_EDGE('',*,*,#2375,.F.);
#3298=ORIENTED_EDGE('',*,*,#2374,.T.);
#3299=ORIENTED_EDGE('',*,*,#2360,.F.);
#3300=ORIENTED_EDGE('',*,*,#2376,.F.);
#3301=ORIENTED_EDGE('',*,*,#2377,.F.);
#3302=ORIENTED_EDGE('',*,*,#2376,.T.);
#3303=ORIENTED_EDGE('',*,*,#2359,.F.);
#3304=ORIENTED_EDGE('',*,*,#2378,.F.);
#3305=ORIENTED_EDGE('',*,*,#2379,.F.);
#3306=ORIENTED_EDGE('',*,*,#2378,.T.);
#3307=ORIENTED_EDGE('',*,*,#2358,.F.);
#3308=ORIENTED_EDGE('',*,*,#2380,.F.);
#3309=ORIENTED_EDGE('',*,*,#2381,.F.);
#3310=ORIENTED_EDGE('',*,*,#2380,.T.);
#3311=ORIENTED_EDGE('',*,*,#2357,.F.);
#3312=ORIENTED_EDGE('',*,*,#2382,.F.);
#3313=ORIENTED_EDGE('',*,*,#2346,.T.);
#3314=ORIENTED_EDGE('',*,*,#2383,.F.);
#3315=ORIENTED_EDGE('',*,*,#2382,.T.);
#3316=ORIENTED_EDGE('',*,*,#2356,.F.);
#3317=ORIENTED_EDGE('',*,*,#2345,.T.);
#3318=ORIENTED_EDGE('',*,*,#2373,.T.);
#3319=ORIENTED_EDGE('',*,*,#2375,.T.);
#3320=ORIENTED_EDGE('',*,*,#2377,.T.);
#3321=ORIENTED_EDGE('',*,*,#2379,.T.);
#3322=ORIENTED_EDGE('',*,*,#2381,.T.);
#3323=ORIENTED_EDGE('',*,*,#2383,.T.);
#3324=ORIENTED_EDGE('',*,*,#2349,.T.);
#3325=ORIENTED_EDGE('',*,*,#2362,.T.);
#3326=ORIENTED_EDGE('',*,*,#2364,.T.);
#3327=ORIENTED_EDGE('',*,*,#2366,.T.);
#3328=ORIENTED_EDGE('',*,*,#2368,.T.);
#3329=ORIENTED_EDGE('',*,*,#2370,.T.);
#3330=ORIENTED_EDGE('',*,*,#2372,.T.);
#3331=ORIENTED_EDGE('',*,*,#2384,.F.);
#3332=ORIENTED_EDGE('',*,*,#2385,.F.);
#3333=ORIENTED_EDGE('',*,*,#2386,.F.);
#3334=ORIENTED_EDGE('',*,*,#2387,.F.);
#3335=ORIENTED_EDGE('',*,*,#2388,.F.);
#3336=ORIENTED_EDGE('',*,*,#2389,.F.);
#3337=ORIENTED_EDGE('',*,*,#2390,.T.);
#3338=ORIENTED_EDGE('',*,*,#2391,.F.);
#3339=ORIENTED_EDGE('',*,*,#2385,.T.);
#3340=ORIENTED_EDGE('',*,*,#2392,.T.);
#3341=ORIENTED_EDGE('',*,*,#2393,.T.);
#3342=ORIENTED_EDGE('',*,*,#2394,.T.);
#3343=ORIENTED_EDGE('',*,*,#2391,.T.);
#3344=ORIENTED_EDGE('',*,*,#2395,.T.);
#3345=ORIENTED_EDGE('',*,*,#2396,.T.);
#3346=ORIENTED_EDGE('',*,*,#2397,.T.);
#3347=ORIENTED_EDGE('',*,*,#2398,.T.);
#3348=ORIENTED_EDGE('',*,*,#2399,.T.);
#3349=ORIENTED_EDGE('',*,*,#2400,.T.);
#3350=ORIENTED_EDGE('',*,*,#2401,.T.);
#3351=ORIENTED_EDGE('',*,*,#2402,.T.);
#3352=ORIENTED_EDGE('',*,*,#2403,.T.);
#3353=ORIENTED_EDGE('',*,*,#2404,.T.);
#3354=ORIENTED_EDGE('',*,*,#2405,.T.);
#3355=ORIENTED_EDGE('',*,*,#2406,.T.);
#3356=ORIENTED_EDGE('',*,*,#2407,.T.);
#3357=ORIENTED_EDGE('',*,*,#2408,.F.);
#3358=ORIENTED_EDGE('',*,*,#2409,.T.);
#3359=ORIENTED_EDGE('',*,*,#2403,.F.);
#3360=ORIENTED_EDGE('',*,*,#2410,.F.);
#3361=ORIENTED_EDGE('',*,*,#2411,.F.);
#3362=ORIENTED_EDGE('',*,*,#2412,.T.);
#3363=ORIENTED_EDGE('',*,*,#2404,.F.);
#3364=ORIENTED_EDGE('',*,*,#2409,.F.);
#3365=ORIENTED_EDGE('',*,*,#2413,.F.);
#3366=ORIENTED_EDGE('',*,*,#2414,.T.);
#3367=ORIENTED_EDGE('',*,*,#2405,.F.);
#3368=ORIENTED_EDGE('',*,*,#2412,.F.);
#3369=ORIENTED_EDGE('',*,*,#2415,.F.);
#3370=ORIENTED_EDGE('',*,*,#2416,.T.);
#3371=ORIENTED_EDGE('',*,*,#2406,.F.);
#3372=ORIENTED_EDGE('',*,*,#2414,.F.);
#3373=ORIENTED_EDGE('',*,*,#2417,.F.);
#3374=ORIENTED_EDGE('',*,*,#2410,.T.);
#3375=ORIENTED_EDGE('',*,*,#2407,.F.);
#3376=ORIENTED_EDGE('',*,*,#2416,.F.);
#3377=ORIENTED_EDGE('',*,*,#2418,.F.);
#3378=ORIENTED_EDGE('',*,*,#2419,.T.);
#3379=ORIENTED_EDGE('',*,*,#2398,.F.);
#3380=ORIENTED_EDGE('',*,*,#2420,.F.);
#3381=ORIENTED_EDGE('',*,*,#2421,.F.);
#3382=ORIENTED_EDGE('',*,*,#2420,.T.);
#3383=ORIENTED_EDGE('',*,*,#2397,.F.);
#3384=ORIENTED_EDGE('',*,*,#2422,.F.);
#3385=ORIENTED_EDGE('',*,*,#2423,.F.);
#3386=ORIENTED_EDGE('',*,*,#2422,.T.);
#3387=ORIENTED_EDGE('',*,*,#2396,.F.);
#3388=ORIENTED_EDGE('',*,*,#2424,.F.);
#3389=ORIENTED_EDGE('',*,*,#2425,.F.);
#3390=ORIENTED_EDGE('',*,*,#2424,.T.);
#3391=ORIENTED_EDGE('',*,*,#2395,.F.);
#3392=ORIENTED_EDGE('',*,*,#2390,.F.);
#3393=ORIENTED_EDGE('',*,*,#2388,.T.);
#3394=ORIENTED_EDGE('',*,*,#2394,.F.);
#3395=ORIENTED_EDGE('',*,*,#2426,.F.);
#3396=ORIENTED_EDGE('',*,*,#2427,.F.);
#3397=ORIENTED_EDGE('',*,*,#2428,.F.);
#3398=ORIENTED_EDGE('',*,*,#2426,.T.);
#3399=ORIENTED_EDGE('',*,*,#2393,.F.);
#3400=ORIENTED_EDGE('',*,*,#2429,.F.);
#3401=ORIENTED_EDGE('',*,*,#2384,.T.);
#3402=ORIENTED_EDGE('',*,*,#2430,.F.);
#3403=ORIENTED_EDGE('',*,*,#2429,.T.);
#3404=ORIENTED_EDGE('',*,*,#2392,.F.);
#3405=ORIENTED_EDGE('',*,*,#2431,.F.);
#3406=ORIENTED_EDGE('',*,*,#2386,.T.);
#3407=ORIENTED_EDGE('',*,*,#2402,.F.);
#3408=ORIENTED_EDGE('',*,*,#2432,.F.);
#3409=ORIENTED_EDGE('',*,*,#2433,.F.);
#3410=ORIENTED_EDGE('',*,*,#2432,.T.);
#3411=ORIENTED_EDGE('',*,*,#2401,.F.);
#3412=ORIENTED_EDGE('',*,*,#2434,.F.);
#3413=ORIENTED_EDGE('',*,*,#2435,.F.);
#3414=ORIENTED_EDGE('',*,*,#2434,.T.);
#3415=ORIENTED_EDGE('',*,*,#2400,.F.);
#3416=ORIENTED_EDGE('',*,*,#2436,.F.);
#3417=ORIENTED_EDGE('',*,*,#2437,.F.);
#3418=ORIENTED_EDGE('',*,*,#2436,.T.);
#3419=ORIENTED_EDGE('',*,*,#2399,.F.);
#3420=ORIENTED_EDGE('',*,*,#2419,.F.);
#3421=ORIENTED_EDGE('',*,*,#2387,.T.);
#3422=ORIENTED_EDGE('',*,*,#2431,.T.);
#3423=ORIENTED_EDGE('',*,*,#2433,.T.);
#3424=ORIENTED_EDGE('',*,*,#2435,.T.);
#3425=ORIENTED_EDGE('',*,*,#2437,.T.);
#3426=ORIENTED_EDGE('',*,*,#2418,.T.);
#3427=ORIENTED_EDGE('',*,*,#2421,.T.);
#3428=ORIENTED_EDGE('',*,*,#2423,.T.);
#3429=ORIENTED_EDGE('',*,*,#2425,.T.);
#3430=ORIENTED_EDGE('',*,*,#2389,.T.);
#3431=ORIENTED_EDGE('',*,*,#2427,.T.);
#3432=ORIENTED_EDGE('',*,*,#2428,.T.);
#3433=ORIENTED_EDGE('',*,*,#2430,.T.);
#3434=ORIENTED_EDGE('',*,*,#2408,.T.);
#3435=ORIENTED_EDGE('',*,*,#2417,.T.);
#3436=ORIENTED_EDGE('',*,*,#2415,.T.);
#3437=ORIENTED_EDGE('',*,*,#2413,.T.);
#3438=ORIENTED_EDGE('',*,*,#2411,.T.);
#3439=ORIENTED_EDGE('',*,*,#2438,.F.);
#3440=ORIENTED_EDGE('',*,*,#2439,.F.);
#3441=ORIENTED_EDGE('',*,*,#2440,.F.);
#3442=ORIENTED_EDGE('',*,*,#2441,.T.);
#3443=ORIENTED_EDGE('',*,*,#2442,.F.);
#3444=ORIENTED_EDGE('',*,*,#2443,.F.);
#3445=ORIENTED_EDGE('',*,*,#2444,.F.);
#3446=ORIENTED_EDGE('',*,*,#2445,.T.);
#3447=ORIENTED_EDGE('',*,*,#2438,.T.);
#3448=ORIENTED_EDGE('',*,*,#2446,.T.);
#3449=ORIENTED_EDGE('',*,*,#2447,.T.);
#3450=ORIENTED_EDGE('',*,*,#2442,.T.);
#3451=ORIENTED_EDGE('',*,*,#2448,.T.);
#3452=ORIENTED_EDGE('',*,*,#2449,.T.);
#3453=ORIENTED_EDGE('',*,*,#2450,.T.);
#3454=ORIENTED_EDGE('',*,*,#2451,.T.);
#3455=ORIENTED_EDGE('',*,*,#2452,.T.);
#3456=ORIENTED_EDGE('',*,*,#2453,.T.);
#3457=ORIENTED_EDGE('',*,*,#2454,.T.);
#3458=ORIENTED_EDGE('',*,*,#2455,.F.);
#3459=ORIENTED_EDGE('',*,*,#2456,.T.);
#3460=ORIENTED_EDGE('',*,*,#2446,.F.);
#3461=ORIENTED_EDGE('',*,*,#2441,.F.);
#3462=ORIENTED_EDGE('',*,*,#2457,.F.);
#3463=ORIENTED_EDGE('',*,*,#2443,.T.);
#3464=ORIENTED_EDGE('',*,*,#2447,.F.);
#3465=ORIENTED_EDGE('',*,*,#2456,.F.);
#3466=ORIENTED_EDGE('',*,*,#2458,.F.);
#3467=ORIENTED_EDGE('',*,*,#2459,.T.);
#3468=ORIENTED_EDGE('',*,*,#2450,.F.);
#3469=ORIENTED_EDGE('',*,*,#2460,.F.);
#3470=ORIENTED_EDGE('',*,*,#2461,.F.);
#3471=ORIENTED_EDGE('',*,*,#2460,.T.);
#3472=ORIENTED_EDGE('',*,*,#2449,.F.);
#3473=ORIENTED_EDGE('',*,*,#2462,.F.);
#3474=ORIENTED_EDGE('',*,*,#2463,.F.);
#3475=ORIENTED_EDGE('',*,*,#2462,.T.);
#3476=ORIENTED_EDGE('',*,*,#2448,.F.);
#3477=ORIENTED_EDGE('',*,*,#2445,.F.);
#3478=ORIENTED_EDGE('',*,*,#2464,.F.);
#3479=ORIENTED_EDGE('',*,*,#2439,.T.);
#3480=ORIENTED_EDGE('',*,*,#2454,.F.);
#3481=ORIENTED_EDGE('',*,*,#2465,.F.);
#3482=ORIENTED_EDGE('',*,*,#2466,.F.);
#3483=ORIENTED_EDGE('',*,*,#2465,.T.);
#3484=ORIENTED_EDGE('',*,*,#2453,.F.);
#3485=ORIENTED_EDGE('',*,*,#2467,.F.);
#3486=ORIENTED_EDGE('',*,*,#2468,.F.);
#3487=ORIENTED_EDGE('',*,*,#2467,.T.);
#3488=ORIENTED_EDGE('',*,*,#2452,.F.);
#3489=ORIENTED_EDGE('',*,*,#2469,.F.);
#3490=ORIENTED_EDGE('',*,*,#2470,.F.);
#3491=ORIENTED_EDGE('',*,*,#2469,.T.);
#3492=ORIENTED_EDGE('',*,*,#2451,.F.);
#3493=ORIENTED_EDGE('',*,*,#2459,.F.);
#3494=ORIENTED_EDGE('',*,*,#2440,.T.);
#3495=ORIENTED_EDGE('',*,*,#2464,.T.);
#3496=ORIENTED_EDGE('',*,*,#2466,.T.);
#3497=ORIENTED_EDGE('',*,*,#2468,.T.);
#3498=ORIENTED_EDGE('',*,*,#2470,.T.);
#3499=ORIENTED_EDGE('',*,*,#2458,.T.);
#3500=ORIENTED_EDGE('',*,*,#2461,.T.);
#3501=ORIENTED_EDGE('',*,*,#2463,.T.);
#3502=ORIENTED_EDGE('',*,*,#2444,.T.);
#3503=ORIENTED_EDGE('',*,*,#2457,.T.);
#3504=ORIENTED_EDGE('',*,*,#2455,.T.);
#3505=ORIENTED_EDGE('',*,*,#2471,.F.);
#3506=ORIENTED_EDGE('',*,*,#2472,.F.);
#3507=ORIENTED_EDGE('',*,*,#2473,.T.);
#3508=ORIENTED_EDGE('',*,*,#2474,.F.);
#3509=ORIENTED_EDGE('',*,*,#2472,.T.);
#3510=ORIENTED_EDGE('',*,*,#2475,.T.);
#3511=ORIENTED_EDGE('',*,*,#2476,.T.);
#3512=ORIENTED_EDGE('',*,*,#2477,.T.);
#3513=ORIENTED_EDGE('',*,*,#2478,.T.);
#3514=ORIENTED_EDGE('',*,*,#2479,.T.);
#3515=ORIENTED_EDGE('',*,*,#2480,.T.);
#3516=ORIENTED_EDGE('',*,*,#2481,.T.);
#3517=ORIENTED_EDGE('',*,*,#2482,.T.);
#3518=ORIENTED_EDGE('',*,*,#2483,.T.);
#3519=ORIENTED_EDGE('',*,*,#2484,.T.);
#3520=ORIENTED_EDGE('',*,*,#2485,.T.);
#3521=ORIENTED_EDGE('',*,*,#2486,.T.);
#3522=ORIENTED_EDGE('',*,*,#2487,.T.);
#3523=ORIENTED_EDGE('',*,*,#2488,.T.);
#3524=ORIENTED_EDGE('',*,*,#2489,.T.);
#3525=ORIENTED_EDGE('',*,*,#2490,.T.);
#3526=ORIENTED_EDGE('',*,*,#2491,.T.);
#3527=ORIENTED_EDGE('',*,*,#2492,.F.);
#3528=ORIENTED_EDGE('',*,*,#2493,.F.);
#3529=ORIENTED_EDGE('',*,*,#2494,.F.);
#3530=ORIENTED_EDGE('',*,*,#2473,.F.);
#3531=ORIENTED_EDGE('',*,*,#2492,.T.);
#3532=ORIENTED_EDGE('',*,*,#2471,.T.);
#3533=ORIENTED_EDGE('',*,*,#2495,.F.);
#3534=ORIENTED_EDGE('',*,*,#2496,.T.);
#3535=ORIENTED_EDGE('',*,*,#2475,.F.);
#3536=ORIENTED_EDGE('',*,*,#2474,.T.);
#3537=ORIENTED_EDGE('',*,*,#2494,.T.);
#3538=ORIENTED_EDGE('',*,*,#2497,.T.);
#3539=ORIENTED_EDGE('',*,*,#2498,.T.);
#3540=ORIENTED_EDGE('',*,*,#2499,.T.);
#3541=ORIENTED_EDGE('',*,*,#2500,.T.);
#3542=ORIENTED_EDGE('',*,*,#2501,.T.);
#3543=ORIENTED_EDGE('',*,*,#2502,.T.);
#3544=ORIENTED_EDGE('',*,*,#2503,.T.);
#3545=ORIENTED_EDGE('',*,*,#2504,.T.);
#3546=ORIENTED_EDGE('',*,*,#2505,.T.);
#3547=ORIENTED_EDGE('',*,*,#2506,.T.);
#3548=ORIENTED_EDGE('',*,*,#2507,.T.);
#3549=ORIENTED_EDGE('',*,*,#2508,.T.);
#3550=ORIENTED_EDGE('',*,*,#2509,.T.);
#3551=ORIENTED_EDGE('',*,*,#2510,.T.);
#3552=ORIENTED_EDGE('',*,*,#2511,.T.);
#3553=ORIENTED_EDGE('',*,*,#2512,.T.);
#3554=ORIENTED_EDGE('',*,*,#2495,.T.);
#3555=ORIENTED_EDGE('',*,*,#2497,.F.);
#3556=ORIENTED_EDGE('',*,*,#2493,.T.);
#3557=ORIENTED_EDGE('',*,*,#2491,.F.);
#3558=ORIENTED_EDGE('',*,*,#2513,.F.);
#3559=ORIENTED_EDGE('',*,*,#2498,.F.);
#3560=ORIENTED_EDGE('',*,*,#2513,.T.);
#3561=ORIENTED_EDGE('',*,*,#2490,.F.);
#3562=ORIENTED_EDGE('',*,*,#2514,.F.);
#3563=ORIENTED_EDGE('',*,*,#2499,.F.);
#3564=ORIENTED_EDGE('',*,*,#2514,.T.);
#3565=ORIENTED_EDGE('',*,*,#2489,.F.);
#3566=ORIENTED_EDGE('',*,*,#2515,.F.);
#3567=ORIENTED_EDGE('',*,*,#2500,.F.);
#3568=ORIENTED_EDGE('',*,*,#2515,.T.);
#3569=ORIENTED_EDGE('',*,*,#2488,.F.);
#3570=ORIENTED_EDGE('',*,*,#2516,.F.);
#3571=ORIENTED_EDGE('',*,*,#2501,.F.);
#3572=ORIENTED_EDGE('',*,*,#2516,.T.);
#3573=ORIENTED_EDGE('',*,*,#2487,.F.);
#3574=ORIENTED_EDGE('',*,*,#2517,.F.);
#3575=ORIENTED_EDGE('',*,*,#2502,.F.);
#3576=ORIENTED_EDGE('',*,*,#2517,.T.);
#3577=ORIENTED_EDGE('',*,*,#2486,.F.);
#3578=ORIENTED_EDGE('',*,*,#2518,.F.);
#3579=ORIENTED_EDGE('',*,*,#2503,.F.);
#3580=ORIENTED_EDGE('',*,*,#2518,.T.);
#3581=ORIENTED_EDGE('',*,*,#2485,.F.);
#3582=ORIENTED_EDGE('',*,*,#2519,.F.);
#3583=ORIENTED_EDGE('',*,*,#2504,.F.);
#3584=ORIENTED_EDGE('',*,*,#2519,.T.);
#3585=ORIENTED_EDGE('',*,*,#2484,.F.);
#3586=ORIENTED_EDGE('',*,*,#2520,.F.);
#3587=ORIENTED_EDGE('',*,*,#2505,.F.);
#3588=ORIENTED_EDGE('',*,*,#2520,.T.);
#3589=ORIENTED_EDGE('',*,*,#2483,.F.);
#3590=ORIENTED_EDGE('',*,*,#2521,.F.);
#3591=ORIENTED_EDGE('',*,*,#2506,.F.);
#3592=ORIENTED_EDGE('',*,*,#2521,.T.);
#3593=ORIENTED_EDGE('',*,*,#2482,.F.);
#3594=ORIENTED_EDGE('',*,*,#2522,.F.);
#3595=ORIENTED_EDGE('',*,*,#2507,.F.);
#3596=ORIENTED_EDGE('',*,*,#2522,.T.);
#3597=ORIENTED_EDGE('',*,*,#2481,.F.);
#3598=ORIENTED_EDGE('',*,*,#2523,.F.);
#3599=ORIENTED_EDGE('',*,*,#2508,.F.);
#3600=ORIENTED_EDGE('',*,*,#2523,.T.);
#3601=ORIENTED_EDGE('',*,*,#2480,.F.);
#3602=ORIENTED_EDGE('',*,*,#2524,.F.);
#3603=ORIENTED_EDGE('',*,*,#2509,.F.);
#3604=ORIENTED_EDGE('',*,*,#2524,.T.);
#3605=ORIENTED_EDGE('',*,*,#2479,.F.);
#3606=ORIENTED_EDGE('',*,*,#2525,.F.);
#3607=ORIENTED_EDGE('',*,*,#2510,.F.);
#3608=ORIENTED_EDGE('',*,*,#2525,.T.);
#3609=ORIENTED_EDGE('',*,*,#2478,.F.);
#3610=ORIENTED_EDGE('',*,*,#2526,.F.);
#3611=ORIENTED_EDGE('',*,*,#2511,.F.);
#3612=ORIENTED_EDGE('',*,*,#2526,.T.);
#3613=ORIENTED_EDGE('',*,*,#2477,.F.);
#3614=ORIENTED_EDGE('',*,*,#2527,.F.);
#3615=ORIENTED_EDGE('',*,*,#2512,.F.);
#3616=ORIENTED_EDGE('',*,*,#2527,.T.);
#3617=ORIENTED_EDGE('',*,*,#2476,.F.);
#3618=ORIENTED_EDGE('',*,*,#2496,.F.);
#3619=ORIENTED_EDGE('',*,*,#2528,.F.);
#3620=ORIENTED_EDGE('',*,*,#2529,.F.);
#3621=ORIENTED_EDGE('',*,*,#2530,.F.);
#3622=ORIENTED_EDGE('',*,*,#2531,.F.);
#3623=ORIENTED_EDGE('',*,*,#2532,.F.);
#3624=ORIENTED_EDGE('',*,*,#2533,.F.);
#3625=ORIENTED_EDGE('',*,*,#2534,.F.);
#3626=ORIENTED_EDGE('',*,*,#2535,.F.);
#3627=ORIENTED_EDGE('',*,*,#2529,.T.);
#3628=ORIENTED_EDGE('',*,*,#2536,.T.);
#3629=ORIENTED_EDGE('',*,*,#2537,.T.);
#3630=ORIENTED_EDGE('',*,*,#2538,.T.);
#3631=ORIENTED_EDGE('',*,*,#2539,.T.);
#3632=ORIENTED_EDGE('',*,*,#2540,.T.);
#3633=ORIENTED_EDGE('',*,*,#2541,.T.);
#3634=ORIENTED_EDGE('',*,*,#2533,.T.);
#3635=ORIENTED_EDGE('',*,*,#2542,.T.);
#3636=ORIENTED_EDGE('',*,*,#2543,.T.);
#3637=ORIENTED_EDGE('',*,*,#2544,.T.);
#3638=ORIENTED_EDGE('',*,*,#2545,.T.);
#3639=ORIENTED_EDGE('',*,*,#2546,.T.);
#3640=ORIENTED_EDGE('',*,*,#2547,.T.);
#3641=ORIENTED_EDGE('',*,*,#2548,.F.);
#3642=ORIENTED_EDGE('',*,*,#2530,.T.);
#3643=ORIENTED_EDGE('',*,*,#2547,.F.);
#3644=ORIENTED_EDGE('',*,*,#2549,.F.);
#3645=ORIENTED_EDGE('',*,*,#2550,.F.);
#3646=ORIENTED_EDGE('',*,*,#2549,.T.);
#3647=ORIENTED_EDGE('',*,*,#2546,.F.);
#3648=ORIENTED_EDGE('',*,*,#2551,.F.);
#3649=ORIENTED_EDGE('',*,*,#2552,.F.);
#3650=ORIENTED_EDGE('',*,*,#2551,.T.);
#3651=ORIENTED_EDGE('',*,*,#2545,.F.);
#3652=ORIENTED_EDGE('',*,*,#2553,.F.);
#3653=ORIENTED_EDGE('',*,*,#2554,.F.);
#3654=ORIENTED_EDGE('',*,*,#2553,.T.);
#3655=ORIENTED_EDGE('',*,*,#2544,.F.);
#3656=ORIENTED_EDGE('',*,*,#2555,.F.);
#3657=ORIENTED_EDGE('',*,*,#2556,.F.);
#3658=ORIENTED_EDGE('',*,*,#2555,.T.);
#3659=ORIENTED_EDGE('',*,*,#2543,.F.);
#3660=ORIENTED_EDGE('',*,*,#2557,.F.);
#3661=ORIENTED_EDGE('',*,*,#2532,.T.);
#3662=ORIENTED_EDGE('',*,*,#2558,.F.);
#3663=ORIENTED_EDGE('',*,*,#2557,.T.);
#3664=ORIENTED_EDGE('',*,*,#2542,.F.);
#3665=ORIENTED_EDGE('',*,*,#2559,.F.);
#3666=ORIENTED_EDGE('',*,*,#2534,.T.);
#3667=ORIENTED_EDGE('',*,*,#2541,.F.);
#3668=ORIENTED_EDGE('',*,*,#2560,.F.);
#3669=ORIENTED_EDGE('',*,*,#2561,.F.);
#3670=ORIENTED_EDGE('',*,*,#2560,.T.);
#3671=ORIENTED_EDGE('',*,*,#2540,.F.);
#3672=ORIENTED_EDGE('',*,*,#2562,.F.);
#3673=ORIENTED_EDGE('',*,*,#2563,.F.);
#3674=ORIENTED_EDGE('',*,*,#2562,.T.);
#3675=ORIENTED_EDGE('',*,*,#2539,.F.);
#3676=ORIENTED_EDGE('',*,*,#2564,.F.);
#3677=ORIENTED_EDGE('',*,*,#2565,.F.);
#3678=ORIENTED_EDGE('',*,*,#2564,.T.);
#3679=ORIENTED_EDGE('',*,*,#2538,.F.);
#3680=ORIENTED_EDGE('',*,*,#2566,.F.);
#3681=ORIENTED_EDGE('',*,*,#2567,.F.);
#3682=ORIENTED_EDGE('',*,*,#2566,.T.);
#3683=ORIENTED_EDGE('',*,*,#2537,.F.);
#3684=ORIENTED_EDGE('',*,*,#2568,.F.);
#3685=ORIENTED_EDGE('',*,*,#2528,.T.);
#3686=ORIENTED_EDGE('',*,*,#2569,.F.);
#3687=ORIENTED_EDGE('',*,*,#2568,.T.);
#3688=ORIENTED_EDGE('',*,*,#2536,.F.);
#3689=ORIENTED_EDGE('',*,*,#2531,.T.);
#3690=ORIENTED_EDGE('',*,*,#2548,.T.);
#3691=ORIENTED_EDGE('',*,*,#2550,.T.);
#3692=ORIENTED_EDGE('',*,*,#2552,.T.);
#3693=ORIENTED_EDGE('',*,*,#2554,.T.);
#3694=ORIENTED_EDGE('',*,*,#2556,.T.);
#3695=ORIENTED_EDGE('',*,*,#2558,.T.);
#3696=ORIENTED_EDGE('',*,*,#2535,.T.);
#3697=ORIENTED_EDGE('',*,*,#2559,.T.);
#3698=ORIENTED_EDGE('',*,*,#2561,.T.);
#3699=ORIENTED_EDGE('',*,*,#2563,.T.);
#3700=ORIENTED_EDGE('',*,*,#2565,.T.);
#3701=ORIENTED_EDGE('',*,*,#2567,.T.);
#3702=ORIENTED_EDGE('',*,*,#2569,.T.);
#3703=ORIENTED_EDGE('',*,*,#2570,.F.);
#3704=ORIENTED_EDGE('',*,*,#2571,.F.);
#3705=ORIENTED_EDGE('',*,*,#2572,.T.);
#3706=ORIENTED_EDGE('',*,*,#2573,.T.);
#3707=ORIENTED_EDGE('',*,*,#2574,.F.);
#3708=ORIENTED_EDGE('',*,*,#2575,.F.);
#3709=ORIENTED_EDGE('',*,*,#2576,.T.);
#3710=ORIENTED_EDGE('',*,*,#2571,.T.);
#3711=ORIENTED_EDGE('',*,*,#2577,.F.);
#3712=ORIENTED_EDGE('',*,*,#2578,.F.);
#3713=ORIENTED_EDGE('',*,*,#2579,.T.);
#3714=ORIENTED_EDGE('',*,*,#2575,.T.);
#3715=ORIENTED_EDGE('',*,*,#2580,.F.);
#3716=ORIENTED_EDGE('',*,*,#2573,.F.);
#3717=ORIENTED_EDGE('',*,*,#2581,.T.);
#3718=ORIENTED_EDGE('',*,*,#2578,.T.);
#3719=ORIENTED_EDGE('',*,*,#2572,.F.);
#3720=ORIENTED_EDGE('',*,*,#2576,.F.);
#3721=ORIENTED_EDGE('',*,*,#2579,.F.);
#3722=ORIENTED_EDGE('',*,*,#2581,.F.);
#3723=ORIENTED_EDGE('',*,*,#2574,.T.);
#3724=ORIENTED_EDGE('',*,*,#2570,.T.);
#3725=ORIENTED_EDGE('',*,*,#2580,.T.);
#3726=ORIENTED_EDGE('',*,*,#2577,.T.);
#3727=ORIENTED_EDGE('',*,*,#2582,.T.);
#3728=ORIENTED_EDGE('',*,*,#2583,.T.);
#3729=ORIENTED_EDGE('',*,*,#2584,.F.);
#3730=ORIENTED_EDGE('',*,*,#2585,.F.);
#3731=ORIENTED_EDGE('',*,*,#2586,.T.);
#3732=ORIENTED_EDGE('',*,*,#2585,.T.);
#3733=ORIENTED_EDGE('',*,*,#2587,.F.);
#3734=ORIENTED_EDGE('',*,*,#2588,.F.);
#3735=ORIENTED_EDGE('',*,*,#2589,.T.);
#3736=ORIENTED_EDGE('',*,*,#2588,.T.);
#3737=ORIENTED_EDGE('',*,*,#2590,.F.);
#3738=ORIENTED_EDGE('',*,*,#2583,.F.);
#3739=ORIENTED_EDGE('',*,*,#2590,.T.);
#3740=ORIENTED_EDGE('',*,*,#2587,.T.);
#3741=ORIENTED_EDGE('',*,*,#2584,.T.);
#3742=ORIENTED_EDGE('',*,*,#2589,.F.);
#3743=ORIENTED_EDGE('',*,*,#2582,.F.);
#3744=ORIENTED_EDGE('',*,*,#2586,.F.);
#3745=CONICAL_SURFACE('',#4319,0.369615242270663,0.261799387799146);
#3746=CONICAL_SURFACE('',#4333,0.369615242270663,0.261799387799146);
#3747=CONICAL_SURFACE('',#4348,0.9,0.785398163397447);
#3748=CONICAL_SURFACE('',#4365,0.75,0.261799387799146);
#3749=CONICAL_SURFACE('',#4387,0.9,0.785398163397447);
#3750=CONICAL_SURFACE('',#4404,0.75,0.261799387799146);
#3751=CONICAL_SURFACE('',#4427,1.05,0.785398163397456);
#3752=CONICAL_SURFACE('',#4432,1.05,0.785398163397454);
#3753=CONICAL_SURFACE('',#4443,0.45,0.785398163397446);
#3754=CONICAL_SURFACE('',#4448,0.45,0.785398163397446);
#3755=CONICAL_SURFACE('',#4456,0.499999999999999,0.785398163397438);
#3756=CONICAL_SURFACE('',#4459,0.499999999999999,0.785398163397438);
#3757=CONICAL_SURFACE('',#4602,0.399999999999995,0.785398163397451);
#3758=CONICAL_SURFACE('',#4605,0.399999999999995,0.785398163397451);
#3759=CONICAL_SURFACE('',#4606,1.70055555555555,0.785398163397453);
#3760=CONICAL_SURFACE('',#4608,0.700000000000005,0.785398163397451);
#3761=CONICAL_SURFACE('',#4609,1.70055555555556,0.785398163397451);
#3762=CONICAL_SURFACE('',#4611,0.700000000000005,0.785398163397451);
#3763=CONICAL_SURFACE('',#4612,0.700000000000005,0.785398163397451);
#3764=CONICAL_SURFACE('',#4614,1.70055555555555,0.785398163397451);
#3765=CONICAL_SURFACE('',#4615,0.700000000000005,0.785398163397451);
#3766=CONICAL_SURFACE('',#4617,1.70055555555555,0.785398163397451);
#3767=STYLED_ITEM('',(#4213),#3915);
#3768=STYLED_ITEM('',(#4213),#3916);
#3769=STYLED_ITEM('',(#4213),#3917);
#3770=STYLED_ITEM('',(#4213),#3918);
#3771=STYLED_ITEM('',(#4213),#3919);
#3772=STYLED_ITEM('',(#4212),#193);
#3773=STYLED_ITEM('',(#4213),#3920);
#3774=STYLED_ITEM('',(#4213),#3921);
#3775=STYLED_ITEM('',(#4213),#3922);
#3776=STYLED_ITEM('',(#4213),#3923);
#3777=STYLED_ITEM('',(#4213),#3924);
#3778=STYLED_ITEM('',(#4212),#194);
#3779=STYLED_ITEM('',(#4214),#3925);
#3780=STYLED_ITEM('',(#4214),#3926);
#3781=STYLED_ITEM('',(#4214),#3927);
#3782=STYLED_ITEM('',(#4214),#3928);
#3783=STYLED_ITEM('',(#4214),#3929);
#3784=STYLED_ITEM('',(#4214),#3930);
#3785=STYLED_ITEM('',(#4214),#3931);
#3786=STYLED_ITEM('',(#4214),#3932);
#3787=STYLED_ITEM('',(#4214),#3933);
#3788=STYLED_ITEM('',(#4214),#3934);
#3789=STYLED_ITEM('',(#4214),#3935);
#3790=STYLED_ITEM('',(#4214),#3936);
#3791=STYLED_ITEM('',(#4214),#3937);
#3792=STYLED_ITEM('',(#4215),#195);
#3793=STYLED_ITEM('',(#4214),#3938);
#3794=STYLED_ITEM('',(#4214),#3939);
#3795=STYLED_ITEM('',(#4214),#3940);
#3796=STYLED_ITEM('',(#4214),#3941);
#3797=STYLED_ITEM('',(#4214),#3942);
#3798=STYLED_ITEM('',(#4214),#3943);
#3799=STYLED_ITEM('',(#4214),#3944);
#3800=STYLED_ITEM('',(#4214),#3945);
#3801=STYLED_ITEM('',(#4214),#3946);
#3802=STYLED_ITEM('',(#4214),#3947);
#3803=STYLED_ITEM('',(#4214),#3948);
#3804=STYLED_ITEM('',(#4214),#3949);
#3805=STYLED_ITEM('',(#4214),#3950);
#3806=STYLED_ITEM('',(#4215),#196);
#3807=STYLED_ITEM('',(#4216),#3951);
#3808=STYLED_ITEM('',(#4216),#3952);
#3809=STYLED_ITEM('',(#4216),#3953);
#3810=STYLED_ITEM('',(#4216),#3954);
#3811=STYLED_ITEM('',(#4216),#3955);
#3812=STYLED_ITEM('',(#4216),#3956);
#3813=STYLED_ITEM('',(#4216),#3957);
#3814=STYLED_ITEM('',(#4216),#3958);
#3815=STYLED_ITEM('',(#4216),#3959);
#3816=STYLED_ITEM('',(#4216),#3960);
#3817=STYLED_ITEM('',(#4216),#3961);
#3818=STYLED_ITEM('',(#4216),#3962);
#3819=STYLED_ITEM('',(#4216),#3963);
#3820=STYLED_ITEM('',(#4216),#3964);
#3821=STYLED_ITEM('',(#4216),#3965);
#3822=STYLED_ITEM('',(#4216),#3966);
#3823=STYLED_ITEM('',(#4216),#3967);
#3824=STYLED_ITEM('',(#4216),#3968);
#3825=STYLED_ITEM('',(#4216),#3969);
#3826=STYLED_ITEM('',(#4216),#3970);
#3827=STYLED_ITEM('',(#4216),#3971);
#3828=STYLED_ITEM('',(#4216),#3972);
#3829=STYLED_ITEM('',(#4216),#3973);
#3830=STYLED_ITEM('',(#4216),#3974);
#3831=STYLED_ITEM('',(#4216),#3975);
#3832=STYLED_ITEM('',(#4216),#3976);
#3833=STYLED_ITEM('',(#4216),#3977);
#3834=STYLED_ITEM('',(#4216),#3978);
#3835=STYLED_ITEM('',(#4216),#3979);
#3836=STYLED_ITEM('',(#4216),#3980);
#3837=STYLED_ITEM('',(#4216),#3981);
#3838=STYLED_ITEM('',(#4216),#3982);
#3839=STYLED_ITEM('',(#4216),#3983);
#3840=STYLED_ITEM('',(#4216),#3984);
#3841=STYLED_ITEM('',(#4216),#3985);
#3842=STYLED_ITEM('',(#4216),#3986);
#3843=STYLED_ITEM('',(#4216),#3987);
#3844=STYLED_ITEM('',(#4216),#3988);
#3845=STYLED_ITEM('',(#4216),#3989);
#3846=STYLED_ITEM('',(#4216),#3990);
#3847=STYLED_ITEM('',(#4216),#3991);
#3848=STYLED_ITEM('',(#4216),#3992);
#3849=STYLED_ITEM('',(#4216),#3993);
#3850=STYLED_ITEM('',(#4216),#3994);
#3851=STYLED_ITEM('',(#4216),#3995);
#3852=STYLED_ITEM('',(#4216),#3996);
#3853=STYLED_ITEM('',(#4216),#3997);
#3854=STYLED_ITEM('',(#4216),#3998);
#3855=STYLED_ITEM('',(#4216),#3999);
#3856=STYLED_ITEM('',(#4216),#4000);
#3857=STYLED_ITEM('',(#4216),#4001);
#3858=STYLED_ITEM('',(#4216),#4002);
#3859=STYLED_ITEM('',(#4216),#4003);
#3860=STYLED_ITEM('',(#4216),#4004);
#3861=STYLED_ITEM('',(#4216),#4005);
#3862=STYLED_ITEM('',(#4216),#4006);
#3863=STYLED_ITEM('',(#4216),#4007);
#3864=STYLED_ITEM('',(#4216),#4008);
#3865=STYLED_ITEM('',(#4216),#4009);
#3866=STYLED_ITEM('',(#4216),#4010);
#3867=STYLED_ITEM('',(#4216),#4011);
#3868=STYLED_ITEM('',(#4216),#4012);
#3869=STYLED_ITEM('',(#4216),#4013);
#3870=STYLED_ITEM('',(#4216),#4014);
#3871=STYLED_ITEM('',(#4216),#4015);
#3872=STYLED_ITEM('',(#4216),#4016);
#3873=STYLED_ITEM('',(#4216),#4017);
#3874=STYLED_ITEM('',(#4216),#4018);
#3875=STYLED_ITEM('',(#4216),#4019);
#3876=STYLED_ITEM('',(#4216),#4020);
#3877=STYLED_ITEM('',(#4216),#4021);
#3878=STYLED_ITEM('',(#4216),#4022);
#3879=STYLED_ITEM('',(#4216),#4023);
#3880=STYLED_ITEM('',(#4216),#4024);
#3881=STYLED_ITEM('',(#4216),#4025);
#3882=STYLED_ITEM('',(#4216),#4026);
#3883=STYLED_ITEM('',(#4216),#4027);
#3884=STYLED_ITEM('',(#4216),#4028);
#3885=STYLED_ITEM('',(#4216),#4029);
#3886=STYLED_ITEM('',(#4216),#4030);
#3887=STYLED_ITEM('',(#4216),#4031);
#3888=STYLED_ITEM('',(#4216),#4032);
#3889=STYLED_ITEM('',(#4216),#4033);
#3890=STYLED_ITEM('',(#4216),#4034);
#3891=STYLED_ITEM('',(#4216),#4035);
#3892=STYLED_ITEM('',(#4216),#4036);
#3893=STYLED_ITEM('',(#4216),#4037);
#3894=STYLED_ITEM('',(#4216),#4038);
#3895=STYLED_ITEM('',(#4216),#4039);
#3896=STYLED_ITEM('',(#4216),#4040);
#3897=STYLED_ITEM('',(#4216),#4041);
#3898=STYLED_ITEM('',(#4216),#4042);
#3899=STYLED_ITEM('',(#4216),#4043);
#3900=STYLED_ITEM('',(#4216),#4044);
#3901=STYLED_ITEM('',(#4216),#4045);
#3902=STYLED_ITEM('',(#4217),#197);
#3903=STYLED_ITEM('',(#4218),#198);
#3904=STYLED_ITEM('',(#4218),#199);
#3905=STYLED_ITEM('',(#4218),#200);
#3906=STYLED_ITEM('',(#4218),#201);
#3907=STYLED_ITEM('',(#4218),#202);
#3908=STYLED_ITEM('',(#4218),#203);
#3909=STYLED_ITEM('',(#4219),#4138);
#3910=STYLED_ITEM('',(#4219),#4139);
#3911=STYLED_ITEM('',(#4219),#4140);
#3912=STYLED_ITEM('',(#4219),#4141);
#3913=STYLED_ITEM('',(#4219),#4142);
#3914=STYLED_ITEM('',(#4219),#204);
#3915=ADVANCED_FACE('',(#367),#3745,.T.);
#3916=ADVANCED_FACE('',(#368),#353,.T.);
#3917=ADVANCED_FACE('',(#369),#309,.T.);
#3918=ADVANCED_FACE('',(#370),#205,.F.);
#3919=ADVANCED_FACE('',(#371),#206,.F.);
#3920=ADVANCED_FACE('',(#372),#3746,.T.);
#3921=ADVANCED_FACE('',(#373),#354,.T.);
#3922=ADVANCED_FACE('',(#374),#310,.T.);
#3923=ADVANCED_FACE('',(#375),#207,.T.);
#3924=ADVANCED_FACE('',(#376),#208,.F.);
#3925=ADVANCED_FACE('',(#377),#3747,.T.);
#3926=ADVANCED_FACE('',(#378),#355,.T.);
#3927=ADVANCED_FACE('',(#379),#356,.F.);
#3928=ADVANCED_FACE('',(#380),#3748,.T.);
#3929=ADVANCED_FACE('',(#381),#311,.T.);
#3930=ADVANCED_FACE('',(#382),#312,.T.);
#3931=ADVANCED_FACE('',(#383),#313,.T.);
#3932=ADVANCED_FACE('',(#384),#314,.T.);
#3933=ADVANCED_FACE('',(#385,#170),#209,.T.);
#3934=ADVANCED_FACE('',(#386),#210,.F.);
#3935=ADVANCED_FACE('',(#387),#168,.F.);
#3936=ADVANCED_FACE('',(#388,#171),#211,.T.);
#3937=ADVANCED_FACE('',(#389),#212,.F.);
#3938=ADVANCED_FACE('',(#390),#3749,.T.);
#3939=ADVANCED_FACE('',(#391),#357,.T.);
#3940=ADVANCED_FACE('',(#392),#358,.F.);
#3941=ADVANCED_FACE('',(#393),#3750,.T.);
#3942=ADVANCED_FACE('',(#394),#315,.T.);
#3943=ADVANCED_FACE('',(#395),#316,.T.);
#3944=ADVANCED_FACE('',(#396),#317,.T.);
#3945=ADVANCED_FACE('',(#397),#318,.T.);
#3946=ADVANCED_FACE('',(#398,#172),#213,.T.);
#3947=ADVANCED_FACE('',(#399),#214,.F.);
#3948=ADVANCED_FACE('',(#400,#173),#215,.T.);
#3949=ADVANCED_FACE('',(#401),#169,.F.);
#3950=ADVANCED_FACE('',(#402),#216,.F.);
#3951=ADVANCED_FACE('',(#403),#3751,.F.);
#3952=ADVANCED_FACE('',(#404),#3752,.F.);
#3953=ADVANCED_FACE('',(#405),#319,.F.);
#3954=ADVANCED_FACE('',(#406),#320,.F.);
#3955=ADVANCED_FACE('',(#407),#3753,.F.);
#3956=ADVANCED_FACE('',(#408),#3754,.F.);
#3957=ADVANCED_FACE('',(#409),#321,.F.);
#3958=ADVANCED_FACE('',(#410),#3755,.F.);
#3959=ADVANCED_FACE('',(#411),#3756,.F.);
#3960=ADVANCED_FACE('',(#412),#322,.F.);
#3961=ADVANCED_FACE('',(#413),#217,.F.);
#3962=ADVANCED_FACE('',(#414),#218,.F.);
#3963=ADVANCED_FACE('',(#415),#323,.T.);
#3964=ADVANCED_FACE('',(#416),#324,.T.);
#3965=ADVANCED_FACE('',(#417),#325,.T.);
#3966=ADVANCED_FACE('',(#418),#359,.T.);
#3967=ADVANCED_FACE('',(#419),#326,.T.);
#3968=ADVANCED_FACE('',(#420),#360,.T.);
#3969=ADVANCED_FACE('',(#421,#174),#219,.T.);
#3970=ADVANCED_FACE('',(#422),#327,.T.);
#3971=ADVANCED_FACE('',(#423,#175),#220,.F.);
#3972=ADVANCED_FACE('',(#424),#328,.T.);
#3973=ADVANCED_FACE('',(#425),#361,.T.);
#3974=ADVANCED_FACE('',(#426),#329,.T.);
#3975=ADVANCED_FACE('',(#427),#362,.T.);
#3976=ADVANCED_FACE('',(#428),#330,.T.);
#3977=ADVANCED_FACE('',(#429),#221,.F.);
#3978=ADVANCED_FACE('',(#430),#222,.F.);
#3979=ADVANCED_FACE('',(#431),#223,.F.);
#3980=ADVANCED_FACE('',(#432),#331,.T.);
#3981=ADVANCED_FACE('',(#433,#176),#224,.F.);
#3982=ADVANCED_FACE('',(#434),#332,.T.);
#3983=ADVANCED_FACE('',(#435),#225,.F.);
#3984=ADVANCED_FACE('',(#436),#226,.T.);
#3985=ADVANCED_FACE('',(#437),#227,.F.);
#3986=ADVANCED_FACE('',(#438),#333,.T.);
#3987=ADVANCED_FACE('',(#439,#177),#228,.T.);
#3988=ADVANCED_FACE('',(#440),#334,.T.);
#3989=ADVANCED_FACE('',(#441),#335,.T.);
#3990=ADVANCED_FACE('',(#442),#363,.T.);
#3991=ADVANCED_FACE('',(#443),#229,.F.);
#3992=ADVANCED_FACE('',(#444),#364,.T.);
#3993=ADVANCED_FACE('',(#445),#230,.T.);
#3994=ADVANCED_FACE('',(#446),#231,.F.);
#3995=ADVANCED_FACE('',(#447),#336,.T.);
#3996=ADVANCED_FACE('',(#448),#337,.T.);
#3997=ADVANCED_FACE('',(#449,#178),#232,.T.);
#3998=ADVANCED_FACE('',(#450),#338,.T.);
#3999=ADVANCED_FACE('',(#451),#365,.T.);
#4000=ADVANCED_FACE('',(#452),#339,.T.);
#4001=ADVANCED_FACE('',(#453),#366,.T.);
#4002=ADVANCED_FACE('',(#454),#340,.T.);
#4003=ADVANCED_FACE('',(#455),#341,.F.);
#4004=ADVANCED_FACE('',(#456),#233,.F.);
#4005=ADVANCED_FACE('',(#457),#342,.F.);
#4006=ADVANCED_FACE('',(#458),#343,.T.);
#4007=ADVANCED_FACE('',(#459),#234,.F.);
#4008=ADVANCED_FACE('',(#460),#235,.F.);
#4009=ADVANCED_FACE('',(#461),#236,.F.);
#4010=ADVANCED_FACE('',(#462),#237,.F.);
#4011=ADVANCED_FACE('',(#463),#238,.F.);
#4012=ADVANCED_FACE('',(#464),#344,.T.);
#4013=ADVANCED_FACE('',(#465),#345,.F.);
#4014=ADVANCED_FACE('',(#466),#239,.F.);
#4015=ADVANCED_FACE('',(#467),#346,.F.);
#4016=ADVANCED_FACE('',(#468),#347,.T.);
#4017=ADVANCED_FACE('',(#469),#240,.F.);
#4018=ADVANCED_FACE('',(#470),#348,.T.);
#4019=ADVANCED_FACE('',(#471),#241,.F.);
#4020=ADVANCED_FACE('',(#472),#349,.T.);
#4021=ADVANCED_FACE('',(#473),#242,.F.);
#4022=ADVANCED_FACE('',(#474),#350,.T.);
#4023=ADVANCED_FACE('',(#475,#179,#180),#243,.T.);
#4024=ADVANCED_FACE('',(#476),#244,.T.);
#4025=ADVANCED_FACE('',(#477),#245,.T.);
#4026=ADVANCED_FACE('',(#478),#3757,.T.);
#4027=ADVANCED_FACE('',(#479),#246,.T.);
#4028=ADVANCED_FACE('',(#480),#247,.T.);
#4029=ADVANCED_FACE('',(#481),#3758,.T.);
#4030=ADVANCED_FACE('',(#482),#3759,.T.);
#4031=ADVANCED_FACE('',(#483),#248,.T.);
#4032=ADVANCED_FACE('',(#484),#3760,.F.);
#4033=ADVANCED_FACE('',(#485),#3761,.T.);
#4034=ADVANCED_FACE('',(#486),#249,.T.);
#4035=ADVANCED_FACE('',(#487),#3762,.F.);
#4036=ADVANCED_FACE('',(#488),#3763,.F.);
#4037=ADVANCED_FACE('',(#489),#250,.T.);
#4038=ADVANCED_FACE('',(#490),#3764,.T.);
#4039=ADVANCED_FACE('',(#491),#3765,.F.);
#4040=ADVANCED_FACE('',(#492),#251,.T.);
#4041=ADVANCED_FACE('',(#493),#3766,.T.);
#4042=ADVANCED_FACE('',(#494),#252,.T.);
#4043=ADVANCED_FACE('',(#495),#253,.T.);
#4044=ADVANCED_FACE('',(#496),#254,.T.);
#4045=ADVANCED_FACE('',(#497),#255,.T.);
#4046=ADVANCED_FACE('',(#498),#256,.F.);
#4047=ADVANCED_FACE('',(#499),#257,.F.);
#4048=ADVANCED_FACE('',(#500),#258,.T.);
#4049=ADVANCED_FACE('',(#501),#11,.T.);
#4050=ADVANCED_FACE('',(#502),#12,.T.);
#4051=ADVANCED_FACE('',(#503),#13,.T.);
#4052=ADVANCED_FACE('',(#504),#14,.T.);
#4053=ADVANCED_FACE('',(#505),#15,.T.);
#4054=ADVANCED_FACE('',(#506),#16,.T.);
#4055=ADVANCED_FACE('',(#507),#17,.T.);
#4056=ADVANCED_FACE('',(#508),#18,.T.);
#4057=ADVANCED_FACE('',(#509),#19,.T.);
#4058=ADVANCED_FACE('',(#510),#20,.T.);
#4059=ADVANCED_FACE('',(#511),#21,.T.);
#4060=ADVANCED_FACE('',(#512),#22,.T.);
#4061=ADVANCED_FACE('',(#513),#259,.F.);
#4062=ADVANCED_FACE('',(#514),#260,.F.);
#4063=ADVANCED_FACE('',(#515),#261,.F.);
#4064=ADVANCED_FACE('',(#516,#181),#262,.T.);
#4065=ADVANCED_FACE('',(#517),#23,.F.);
#4066=ADVANCED_FACE('',(#518),#263,.F.);
#4067=ADVANCED_FACE('',(#519),#264,.F.);
#4068=ADVANCED_FACE('',(#520),#24,.F.);
#4069=ADVANCED_FACE('',(#521),#25,.F.);
#4070=ADVANCED_FACE('',(#522),#265,.T.);
#4071=ADVANCED_FACE('',(#523),#266,.T.);
#4072=ADVANCED_FACE('',(#524),#26,.T.);
#4073=ADVANCED_FACE('',(#525),#27,.T.);
#4074=ADVANCED_FACE('',(#526),#28,.T.);
#4075=ADVANCED_FACE('',(#527),#29,.T.);
#4076=ADVANCED_FACE('',(#528),#267,.T.);
#4077=ADVANCED_FACE('',(#529),#268,.T.);
#4078=ADVANCED_FACE('',(#530),#30,.T.);
#4079=ADVANCED_FACE('',(#531),#31,.T.);
#4080=ADVANCED_FACE('',(#532),#32,.T.);
#4081=ADVANCED_FACE('',(#533,#182),#269,.F.);
#4082=ADVANCED_FACE('',(#534),#270,.F.);
#4083=ADVANCED_FACE('',(#535),#271,.F.);
#4084=ADVANCED_FACE('',(#536),#272,.T.);
#4085=ADVANCED_FACE('',(#537),#273,.F.);
#4086=ADVANCED_FACE('',(#538),#274,.F.);
#4087=ADVANCED_FACE('',(#539),#275,.T.);
#4088=ADVANCED_FACE('',(#540),#276,.T.);
#4089=ADVANCED_FACE('',(#541),#277,.T.);
#4090=ADVANCED_FACE('',(#542),#278,.T.);
#4091=ADVANCED_FACE('',(#543),#279,.T.);
#4092=ADVANCED_FACE('',(#544),#280,.T.);
#4093=ADVANCED_FACE('',(#545),#281,.T.);
#4094=ADVANCED_FACE('',(#546),#282,.F.);
#4095=ADVANCED_FACE('',(#547),#283,.F.);
#4096=ADVANCED_FACE('',(#548),#284,.T.);
#4097=ADVANCED_FACE('',(#549),#285,.T.);
#4098=ADVANCED_FACE('',(#550),#286,.T.);
#4099=ADVANCED_FACE('',(#551),#287,.F.);
#4100=ADVANCED_FACE('',(#552),#33,.T.);
#4101=ADVANCED_FACE('',(#553),#34,.T.);
#4102=ADVANCED_FACE('',(#554),#35,.T.);
#4103=ADVANCED_FACE('',(#555),#36,.T.);
#4104=ADVANCED_FACE('',(#556),#288,.T.);
#4105=ADVANCED_FACE('',(#557),#289,.T.);
#4106=ADVANCED_FACE('',(#558),#290,.T.);
#4107=ADVANCED_FACE('',(#559),#37,.T.);
#4108=ADVANCED_FACE('',(#560),#38,.T.);
#4109=ADVANCED_FACE('',(#561),#291,.T.);
#4110=ADVANCED_FACE('',(#562),#292,.T.);
#4111=ADVANCED_FACE('',(#563),#293,.T.);
#4112=ADVANCED_FACE('',(#564),#39,.T.);
#4113=ADVANCED_FACE('',(#565),#40,.T.);
#4114=ADVANCED_FACE('',(#566),#294,.T.);
#4115=ADVANCED_FACE('',(#567),#295,.T.);
#4116=ADVANCED_FACE('',(#568),#296,.F.);
#4117=ADVANCED_FACE('',(#569),#297,.F.);
#4118=ADVANCED_FACE('',(#570),#298,.T.);
#4119=ADVANCED_FACE('',(#571),#41,.T.);
#4120=ADVANCED_FACE('',(#572),#42,.T.);
#4121=ADVANCED_FACE('',(#573),#43,.T.);
#4122=ADVANCED_FACE('',(#574),#44,.T.);
#4123=ADVANCED_FACE('',(#575),#45,.T.);
#4124=ADVANCED_FACE('',(#576),#46,.T.);
#4125=ADVANCED_FACE('',(#577),#47,.T.);
#4126=ADVANCED_FACE('',(#578),#48,.T.);
#4127=ADVANCED_FACE('',(#579),#49,.T.);
#4128=ADVANCED_FACE('',(#580),#50,.T.);
#4129=ADVANCED_FACE('',(#581),#51,.T.);
#4130=ADVANCED_FACE('',(#582),#52,.T.);
#4131=ADVANCED_FACE('',(#583),#299,.F.);
#4132=ADVANCED_FACE('',(#584),#351,.F.);
#4133=ADVANCED_FACE('',(#585),#300,.T.);
#4134=ADVANCED_FACE('',(#586),#352,.T.);
#4135=ADVANCED_FACE('',(#587),#301,.T.);
#4136=ADVANCED_FACE('',(#588),#302,.T.);
#4137=ADVANCED_FACE('',(#589),#303,.F.);
#4138=ADVANCED_FACE('',(#590),#304,.T.);
#4139=ADVANCED_FACE('',(#591),#305,.T.);
#4140=ADVANCED_FACE('',(#592),#306,.T.);
#4141=ADVANCED_FACE('',(#593),#307,.T.);
#4142=ADVANCED_FACE('',(#594),#308,.F.);
#4143=CLOSED_SHELL('',(#3915,#3916,#3917,#3918,#3919));
#4144=CLOSED_SHELL('',(#3920,#3921,#3922,#3923,#3924));
#4145=CLOSED_SHELL('',(#3925,#3926,#3927,#3928,#3929,#3930,#3931,#3932,
#3933,#3934,#3935,#3936,#3937));
#4146=CLOSED_SHELL('',(#3938,#3939,#3940,#3941,#3942,#3943,#3944,#3945,
#3946,#3947,#3948,#3949,#3950));
#4147=CLOSED_SHELL('',(#3951,#3952,#3953,#3954,#3955,#3956,#3957,#3958,
#3959,#3960,#3961,#3962,#3963,#3964,#3965,#3966,#3967,#3968,#3969,#3970,
#3971,#3972,#3973,#3974,#3975,#3976,#3977,#3978,#3979,#3980,#3981,#3982,
#3983,#3984,#3985,#3986,#3987,#3988,#3989,#3990,#3991,#3992,#3993,#3994,
#3995,#3996,#3997,#3998,#3999,#4000,#4001,#4002,#4003,#4004,#4005,#4006,
#4007,#4008,#4009,#4010,#4011,#4012,#4013,#4014,#4015,#4016,#4017,#4018,
#4019,#4020,#4021,#4022,#4023,#4024,#4025,#4026,#4027,#4028,#4029,#4030,
#4031,#4032,#4033,#4034,#4035,#4036,#4037,#4038,#4039,#4040,#4041,#4042,
#4043,#4044,#4045));
#4148=CLOSED_SHELL('',(#4046,#4047,#4048,#4049,#4050,#4051,#4052,#4053,
#4054,#4055,#4056,#4057,#4058,#4059,#4060,#4061));
#4149=CLOSED_SHELL('',(#4062,#4063,#4064,#4065,#4066,#4067,#4068,#4069,
#4070,#4071,#4072,#4073,#4074,#4075,#4076,#4077,#4078,#4079,#4080,#4081));
#4150=CLOSED_SHELL('',(#4082,#4083,#4084,#4085,#4086,#4087,#4088,#4089,
#4090,#4091,#4092,#4093,#4094));
#4151=CLOSED_SHELL('',(#4095,#4096,#4097,#4098,#4099,#4100,#4101,#4102,
#4103,#4104,#4105,#4106,#4107,#4108,#4109,#4110,#4111,#4112,#4113,#4114,
#4115));
#4152=CLOSED_SHELL('',(#4116,#4117,#4118,#4119,#4120,#4121,#4122,#4123,
#4124,#4125,#4126,#4127,#4128,#4129,#4130,#4131));
#4153=CLOSED_SHELL('',(#4132,#4133,#4134,#4135,#4136,#4137));
#4154=CLOSED_SHELL('',(#4138,#4139,#4140,#4141,#4142));
#4155=DERIVED_UNIT_ELEMENT(#4165,1.);
#4156=DERIVED_UNIT_ELEMENT(#7609,3.);
#4157=DERIVED_UNIT_ELEMENT(#4165,1.);
#4158=DERIVED_UNIT_ELEMENT(#7609,3.);
#4159=DERIVED_UNIT_ELEMENT(#4165,1.);
#4160=DERIVED_UNIT_ELEMENT(#7609,3.);
#4161=DERIVED_UNIT_ELEMENT(#4165,1.);
#4162=DERIVED_UNIT_ELEMENT(#7609,3.);
#4163=DERIVED_UNIT_ELEMENT(#4165,1.);
#4164=DERIVED_UNIT_ELEMENT(#7609,3.);
#4165=(
MASS_UNIT()
NAMED_UNIT(*)
SI_UNIT($,.GRAM.)
);
#4166=DERIVED_UNIT((#4155,#4156));
#4167=DERIVED_UNIT((#4157,#4158));
#4168=DERIVED_UNIT((#4159,#4160));
#4169=DERIVED_UNIT((#4161,#4162));
#4170=DERIVED_UNIT((#4163,#4164));
#4171=MEASURE_REPRESENTATION_ITEM('density measure',
POSITIVE_RATIO_MEASURE(1.),#4166);
#4172=MEASURE_REPRESENTATION_ITEM('density measure',
POSITIVE_RATIO_MEASURE(1.),#4167);
#4173=MEASURE_REPRESENTATION_ITEM('density measure',
POSITIVE_RATIO_MEASURE(1.),#4168);
#4174=MEASURE_REPRESENTATION_ITEM('density measure',
POSITIVE_RATIO_MEASURE(1.),#4169);
#4175=MEASURE_REPRESENTATION_ITEM('density measure',
POSITIVE_RATIO_MEASURE(1.),#4170);
#4176=PROPERTY_DEFINITION_REPRESENTATION(#4201,#4186);
#4177=PROPERTY_DEFINITION_REPRESENTATION(#4202,#4187);
#4178=PROPERTY_DEFINITION_REPRESENTATION(#4203,#4188);
#4179=PROPERTY_DEFINITION_REPRESENTATION(#4204,#4189);
#4180=PROPERTY_DEFINITION_REPRESENTATION(#4205,#4190);
#4181=PROPERTY_DEFINITION_REPRESENTATION(#4206,#4191);
#4182=PROPERTY_DEFINITION_REPRESENTATION(#4207,#4192);
#4183=PROPERTY_DEFINITION_REPRESENTATION(#4208,#4193);
#4184=PROPERTY_DEFINITION_REPRESENTATION(#4209,#4194);
#4185=PROPERTY_DEFINITION_REPRESENTATION(#4210,#4195);
#4186=REPRESENTATION('material name',(#4196),#7602);
#4187=REPRESENTATION('density',(#4171),#7602);
#4188=REPRESENTATION('material name',(#4197),#7603);
#4189=REPRESENTATION('density',(#4172),#7603);
#4190=REPRESENTATION('material name',(#4198),#7604);
#4191=REPRESENTATION('density',(#4173),#7604);
#4192=REPRESENTATION('material name',(#4199),#7605);
#4193=REPRESENTATION('density',(#4174),#7605);
#4194=REPRESENTATION('material name',(#4200),#7606);
#4195=REPRESENTATION('density',(#4175),#7606);
#4196=DESCRIPTIVE_REPRESENTATION_ITEM('Generic','Generic');
#4197=DESCRIPTIVE_REPRESENTATION_ITEM('Generic','Generic');
#4198=DESCRIPTIVE_REPRESENTATION_ITEM('Generic','Generic');
#4199=DESCRIPTIVE_REPRESENTATION_ITEM('Generic','Generic');
#4200=DESCRIPTIVE_REPRESENTATION_ITEM('Generic','Generic');
#4201=PROPERTY_DEFINITION('material property','material name',#7642);
#4202=PROPERTY_DEFINITION('material property','density of part',#7642);
#4203=PROPERTY_DEFINITION('material property','material name',#7643);
#4204=PROPERTY_DEFINITION('material property','density of part',#7643);
#4205=PROPERTY_DEFINITION('material property','material name',#7644);
#4206=PROPERTY_DEFINITION('material property','density of part',#7644);
#4207=PROPERTY_DEFINITION('material property','material name',#7645);
#4208=PROPERTY_DEFINITION('material property','density of part',#7645);
#4209=PROPERTY_DEFINITION('material property','material name',#7646);
#4210=PROPERTY_DEFINITION('material property','density of part',#7646);
#4211=PRESENTATION_STYLE_ASSIGNMENT((#4220));
#4212=PRESENTATION_STYLE_ASSIGNMENT((#4221));
#4213=PRESENTATION_STYLE_ASSIGNMENT((#4222));
#4214=PRESENTATION_STYLE_ASSIGNMENT((#4223));
#4215=PRESENTATION_STYLE_ASSIGNMENT((#4224));
#4216=PRESENTATION_STYLE_ASSIGNMENT((#4225));
#4217=PRESENTATION_STYLE_ASSIGNMENT((#4226));
#4218=PRESENTATION_STYLE_ASSIGNMENT((#4227));
#4219=PRESENTATION_STYLE_ASSIGNMENT((#4228));
#4220=SURFACE_STYLE_USAGE(.BOTH.,#4229);
#4221=SURFACE_STYLE_USAGE(.BOTH.,#4230);
#4222=SURFACE_STYLE_USAGE(.BOTH.,#4231);
#4223=SURFACE_STYLE_USAGE(.BOTH.,#4232);
#4224=SURFACE_STYLE_USAGE(.BOTH.,#4233);
#4225=SURFACE_STYLE_USAGE(.BOTH.,#4234);
#4226=SURFACE_STYLE_USAGE(.BOTH.,#4235);
#4227=SURFACE_STYLE_USAGE(.BOTH.,#4236);
#4228=SURFACE_STYLE_USAGE(.BOTH.,#4237);
#4229=SURFACE_SIDE_STYLE('',(#4238));
#4230=SURFACE_SIDE_STYLE('',(#4239));
#4231=SURFACE_SIDE_STYLE('',(#4240));
#4232=SURFACE_SIDE_STYLE('',(#4241));
#4233=SURFACE_SIDE_STYLE('',(#4242));
#4234=SURFACE_SIDE_STYLE('',(#4243));
#4235=SURFACE_SIDE_STYLE('',(#4244));
#4236=SURFACE_SIDE_STYLE('',(#4245));
#4237=SURFACE_SIDE_STYLE('',(#4246));
#4238=SURFACE_STYLE_FILL_AREA(#4247);
#4239=SURFACE_STYLE_FILL_AREA(#4248);
#4240=SURFACE_STYLE_FILL_AREA(#4249);
#4241=SURFACE_STYLE_FILL_AREA(#4250);
#4242=SURFACE_STYLE_FILL_AREA(#4251);
#4243=SURFACE_STYLE_FILL_AREA(#4252);
#4244=SURFACE_STYLE_FILL_AREA(#4253);
#4245=SURFACE_STYLE_FILL_AREA(#4254);
#4246=SURFACE_STYLE_FILL_AREA(#4255);
#4247=FILL_AREA_STYLE('',(#4256));
#4248=FILL_AREA_STYLE('',(#4257));
#4249=FILL_AREA_STYLE('',(#4258));
#4250=FILL_AREA_STYLE('',(#4259));
#4251=FILL_AREA_STYLE('',(#4260));
#4252=FILL_AREA_STYLE('',(#4261));
#4253=FILL_AREA_STYLE('',(#4262));
#4254=FILL_AREA_STYLE('',(#4263));
#4255=FILL_AREA_STYLE('',(#4264));
#4256=FILL_AREA_STYLE_COLOUR('',#4265);
#4257=FILL_AREA_STYLE_COLOUR('',#4266);
#4258=FILL_AREA_STYLE_COLOUR('',#4267);
#4259=FILL_AREA_STYLE_COLOUR('',#4268);
#4260=FILL_AREA_STYLE_COLOUR('',#4269);
#4261=FILL_AREA_STYLE_COLOUR('',#4270);
#4262=FILL_AREA_STYLE_COLOUR('',#4271);
#4263=FILL_AREA_STYLE_COLOUR('',#4272);
#4264=FILL_AREA_STYLE_COLOUR('',#4273);
#4265=COLOUR_RGB('',0.749019607843137,0.749019607843137,0.749019607843137);
#4266=COLOUR_RGB('',0.792156862745098,0.819607843137255,0.933333333333333);
#4267=COLOUR_RGB('',0.831372549019608,0.831372549019608,0.831372549019608);
#4268=COLOUR_RGB('',0.862745098039216,0.627450980392157,0.0588235294117647);
#4269=COLOUR_RGB('',1.,0.811764705882353,0.501960784313725);
#4270=COLOUR_RGB('',0.937254901960784,0.847058823529412,0.486274509803922);
#4271=COLOUR_RGB('',0.752941176470588,0.752941176470588,0.);
#4272=COLOUR_RGB('',0.286274509803922,0.286274509803922,0.286274509803922);
#4273=COLOUR_RGB('',0.286274509803922,0.286274509803922,0.286274509803922);
#4274=DATE_TIME_ROLE('creation_date');
#4275=DATE_TIME_ROLE('creation_date');
#4276=DATE_TIME_ROLE('creation_date');
#4277=DATE_TIME_ROLE('creation_date');
#4278=DATE_TIME_ROLE('creation_date');
#4279=DATE_TIME_ROLE('creation_date');
#4280=DATE_TIME_ROLE('creation_date');
#4281=APPLIED_DATE_AND_TIME_ASSIGNMENT(#4288,#4274,(#7640));
#4282=APPLIED_DATE_AND_TIME_ASSIGNMENT(#4289,#4275,(#7641));
#4283=APPLIED_DATE_AND_TIME_ASSIGNMENT(#4290,#4276,(#7642));
#4284=APPLIED_DATE_AND_TIME_ASSIGNMENT(#4291,#4277,(#7643));
#4285=APPLIED_DATE_AND_TIME_ASSIGNMENT(#4292,#4278,(#7644));
#4286=APPLIED_DATE_AND_TIME_ASSIGNMENT(#4293,#4279,(#7645));
#4287=APPLIED_DATE_AND_TIME_ASSIGNMENT(#4294,#4280,(#7646));
#4288=DATE_AND_TIME(#4295,#4302);
#4289=DATE_AND_TIME(#4296,#4303);
#4290=DATE_AND_TIME(#4297,#4304);
#4291=DATE_AND_TIME(#4298,#4305);
#4292=DATE_AND_TIME(#4299,#4306);
#4293=DATE_AND_TIME(#4300,#4307);
#4294=DATE_AND_TIME(#4301,#4308);
#4295=CALENDAR_DATE(2023,6,6);
#4296=CALENDAR_DATE(2023,6,6);
#4297=CALENDAR_DATE(2023,6,6);
#4298=CALENDAR_DATE(2023,6,6);
#4299=CALENDAR_DATE(2023,6,6);
#4300=CALENDAR_DATE(2023,6,6);
#4301=CALENDAR_DATE(2021,20,4);
#4302=LOCAL_TIME(10,22,6.,#4309);
#4303=LOCAL_TIME(10,13,33.,#4310);
#4304=LOCAL_TIME(10,12,17.,#4311);
#4305=LOCAL_TIME(10,12,17.,#4312);
#4306=LOCAL_TIME(10,12,17.,#4313);
#4307=LOCAL_TIME(10,24,44.,#4314);
#4308=LOCAL_TIME(0,32,10.,#4315);
#4309=COORDINATED_UNIVERSAL_TIME_OFFSET(0,0,.BEHIND.);
#4310=COORDINATED_UNIVERSAL_TIME_OFFSET(0,0,.BEHIND.);
#4311=COORDINATED_UNIVERSAL_TIME_OFFSET(0,0,.BEHIND.);
#4312=COORDINATED_UNIVERSAL_TIME_OFFSET(0,0,.BEHIND.);
#4313=COORDINATED_UNIVERSAL_TIME_OFFSET(0,0,.BEHIND.);
#4314=COORDINATED_UNIVERSAL_TIME_OFFSET(0,0,.BEHIND.);
#4315=COORDINATED_UNIVERSAL_TIME_OFFSET(0,0,.BEHIND.);
#4316=AXIS2_PLACEMENT_3D('placement',#5747,#4689,#4690);
#4317=AXIS2_PLACEMENT_3D('placement',#5748,#4691,#4692);
#4318=AXIS2_PLACEMENT_3D('placement',#5749,#4693,#4694);
#4319=AXIS2_PLACEMENT_3D('',#5750,#4695,#4696);
#4320=AXIS2_PLACEMENT_3D('',#5753,#4697,#4698);
#4321=AXIS2_PLACEMENT_3D('',#5754,#4699,#4700);
#4322=AXIS2_PLACEMENT_3D('',#5758,#4702,#4703);
#4323=AXIS2_PLACEMENT_3D('',#5759,#4704,#4705);
#4324=AXIS2_PLACEMENT_3D('',#5760,#4706,#4707);
#4325=AXIS2_PLACEMENT_3D('',#5763,#4708,#4709);
#4326=AXIS2_PLACEMENT_3D('',#5764,#4710,#4711);
#4327=AXIS2_PLACEMENT_3D('',#5766,#4712,#4713);
#4328=AXIS2_PLACEMENT_3D('',#5768,#4714,#4715);
#4329=AXIS2_PLACEMENT_3D('',#5769,#4716,#4717);
#4330=AXIS2_PLACEMENT_3D('',#5770,#4718,#4719);
#4331=AXIS2_PLACEMENT_3D('',#5772,#4721,#4722);
#4332=AXIS2_PLACEMENT_3D('',#5773,#4723,#4724);
#4333=AXIS2_PLACEMENT_3D('',#5774,#4725,#4726);
#4334=AXIS2_PLACEMENT_3D('',#5777,#4727,#4728);
#4335=AXIS2_PLACEMENT_3D('',#5778,#4729,#4730);
#4336=AXIS2_PLACEMENT_3D('',#5782,#4732,#4733);
#4337=AXIS2_PLACEMENT_3D('',#5783,#4734,#4735);
#4338=AXIS2_PLACEMENT_3D('',#5784,#4736,#4737);
#4339=AXIS2_PLACEMENT_3D('',#5787,#4738,#4739);
#4340=AXIS2_PLACEMENT_3D('',#5788,#4740,#4741);
#4341=AXIS2_PLACEMENT_3D('',#5790,#4742,#4743);
#4342=AXIS2_PLACEMENT_3D('',#5792,#4744,#4745);
#4343=AXIS2_PLACEMENT_3D('',#5793,#4746,#4747);
#4344=AXIS2_PLACEMENT_3D('',#5794,#4748,#4749);
#4345=AXIS2_PLACEMENT_3D('',#5796,#4751,#4752);
#4346=AXIS2_PLACEMENT_3D('',#5797,#4753,#4754);
#4347=AXIS2_PLACEMENT_3D('placement',#5798,#4755,#4756);
#4348=AXIS2_PLACEMENT_3D('',#5799,#4757,#4758);
#4349=AXIS2_PLACEMENT_3D('',#5802,#4759,#4760);
#4350=AXIS2_PLACEMENT_3D('',#5803,#4761,#4762);
#4351=AXIS2_PLACEMENT_3D('',#5807,#4764,#4765);
#4352=AXIS2_PLACEMENT_3D('',#5808,#4766,#4767);
#4353=AXIS2_PLACEMENT_3D('',#5809,#4768,#4769);
#4354=AXIS2_PLACEMENT_3D('',#5812,#4770,#4771);
#4355=AXIS2_PLACEMENT_3D('',#5813,#4772,#4773);
#4356=AXIS2_PLACEMENT_3D('',#5815,#4774,#4775);
#4357=AXIS2_PLACEMENT_3D('',#5817,#4776,#4777);
#4358=AXIS2_PLACEMENT_3D('',#5818,#4778,#4779);
#4359=AXIS2_PLACEMENT_3D('',#5819,#4780,#4781);
#4360=AXIS2_PLACEMENT_3D('',#5822,#4782,#4783);
#4361=AXIS2_PLACEMENT_3D('',#5823,#4784,#4785);
#4362=AXIS2_PLACEMENT_3D('',#5825,#4786,#4787);
#4363=AXIS2_PLACEMENT_3D('',#5827,#4788,#4789);
#4364=AXIS2_PLACEMENT_3D('',#5828,#4790,#4791);
#4365=AXIS2_PLACEMENT_3D('',#5829,#4792,#4793);
#4366=AXIS2_PLACEMENT_3D('',#5832,#4794,#4795);
#4367=AXIS2_PLACEMENT_3D('',#5834,#4796,#4797);
#4368=AXIS2_PLACEMENT_3D('',#5838,#4799,#4800);
#4369=AXIS2_PLACEMENT_3D('',#5839,#4801,#4802);
#4370=AXIS2_PLACEMENT_3D('',#5840,#4803,#4804);
#4371=AXIS2_PLACEMENT_3D('',#5841,#4805,#4806);
#4372=AXIS2_PLACEMENT_3D('',#5844,#4807,#4808);
#4373=AXIS2_PLACEMENT_3D('',#5846,#4810,#4811);
#4374=AXIS2_PLACEMENT_3D('',#5847,#4812,#4813);
#4375=AXIS2_PLACEMENT_3D('',#5851,#4815,#4816);
#4376=AXIS2_PLACEMENT_3D('',#5852,#4817,#4818);
#4377=AXIS2_PLACEMENT_3D('',#5853,#4819,#4820);
#4378=AXIS2_PLACEMENT_3D('',#5855,#4821,#4822);
#4379=AXIS2_PLACEMENT_3D('',#5857,#4824,#4825);
#4380=AXIS2_PLACEMENT_3D('',#5858,#4826,#4827);
#4381=AXIS2_PLACEMENT_3D('',#5861,#4828,#4829);
#4382=AXIS2_PLACEMENT_3D('',#5863,#4831,#4832);
#4383=AXIS2_PLACEMENT_3D('',#5864,#4833,#4834);
#4384=AXIS2_PLACEMENT_3D('',#5865,#4835,#4836);
#4385=AXIS2_PLACEMENT_3D('',#5893,#4837,#4838);
#4386=AXIS2_PLACEMENT_3D('',#5894,#4839,#4840);
#4387=AXIS2_PLACEMENT_3D('',#5895,#4841,#4842);
#4388=AXIS2_PLACEMENT_3D('',#5898,#4843,#4844);
#4389=AXIS2_PLACEMENT_3D('',#5902,#4846,#4847);
#4390=AXIS2_PLACEMENT_3D('',#5903,#4848,#4849);
#4391=AXIS2_PLACEMENT_3D('',#5904,#4850,#4851);
#4392=AXIS2_PLACEMENT_3D('',#5905,#4852,#4853);
#4393=AXIS2_PLACEMENT_3D('',#5908,#4854,#4855);
#4394=AXIS2_PLACEMENT_3D('',#5910,#4856,#4857);
#4395=AXIS2_PLACEMENT_3D('',#5912,#4858,#4859);
#4396=AXIS2_PLACEMENT_3D('',#5913,#4860,#4861);
#4397=AXIS2_PLACEMENT_3D('',#5914,#4862,#4863);
#4398=AXIS2_PLACEMENT_3D('',#5915,#4864,#4865);
#4399=AXIS2_PLACEMENT_3D('',#5918,#4866,#4867);
#4400=AXIS2_PLACEMENT_3D('',#5920,#4868,#4869);
#4401=AXIS2_PLACEMENT_3D('',#5922,#4870,#4871);
#4402=AXIS2_PLACEMENT_3D('',#5923,#4872,#4873);
#4403=AXIS2_PLACEMENT_3D('',#5924,#4874,#4875);
#4404=AXIS2_PLACEMENT_3D('',#5925,#4876,#4877);
#4405=AXIS2_PLACEMENT_3D('',#5928,#4878,#4879);
#4406=AXIS2_PLACEMENT_3D('',#5930,#4880,#4881);
#4407=AXIS2_PLACEMENT_3D('',#5934,#4883,#4884);
#4408=AXIS2_PLACEMENT_3D('',#5935,#4885,#4886);
#4409=AXIS2_PLACEMENT_3D('',#5936,#4887,#4888);
#4410=AXIS2_PLACEMENT_3D('',#5937,#4889,#4890);
#4411=AXIS2_PLACEMENT_3D('',#5940,#4891,#4892);
#4412=AXIS2_PLACEMENT_3D('',#5941,#4893,#4894);
#4413=AXIS2_PLACEMENT_3D('',#5943,#4896,#4897);
#4414=AXIS2_PLACEMENT_3D('',#5947,#4899,#4900);
#4415=AXIS2_PLACEMENT_3D('',#5948,#4901,#4902);
#4416=AXIS2_PLACEMENT_3D('',#5949,#4903,#4904);
#4417=AXIS2_PLACEMENT_3D('',#5951,#4905,#4906);
#4418=AXIS2_PLACEMENT_3D('',#5952,#4907,#4908);
#4419=AXIS2_PLACEMENT_3D('',#5954,#4910,#4911);
#4420=AXIS2_PLACEMENT_3D('',#5957,#4912,#4913);
#4421=AXIS2_PLACEMENT_3D('',#5958,#4914,#4915);
#4422=AXIS2_PLACEMENT_3D('',#5960,#4917,#4918);
#4423=AXIS2_PLACEMENT_3D('',#5961,#4919,#4920);
#4424=AXIS2_PLACEMENT_3D('',#5962,#4921,#4922);
#4425=AXIS2_PLACEMENT_3D('',#5990,#4923,#4924);
#4426=AXIS2_PLACEMENT_3D('placement',#5991,#4925,#4926);
#4427=AXIS2_PLACEMENT_3D('',#5992,#4927,#4928);
#4428=AXIS2_PLACEMENT_3D('',#5995,#4929,#4930);
#4429=AXIS2_PLACEMENT_3D('',#5996,#4931,#4932);
#4430=AXIS2_PLACEMENT_3D('',#6000,#4934,#4935);
#4431=AXIS2_PLACEMENT_3D('',#6001,#4936,#4937);
#4432=AXIS2_PLACEMENT_3D('',#6002,#4938,#4939);
#4433=AXIS2_PLACEMENT_3D('',#6005,#4940,#4941);
#4434=AXIS2_PLACEMENT_3D('',#6006,#4942,#4943);
#4435=AXIS2_PLACEMENT_3D('',#6010,#4945,#4946);
#4436=AXIS2_PLACEMENT_3D('',#6011,#4947,#4948);
#4437=AXIS2_PLACEMENT_3D('',#6012,#4949,#4950);
#4438=AXIS2_PLACEMENT_3D('',#6015,#4951,#4952);
#4439=AXIS2_PLACEMENT_3D('',#6017,#4954,#4955);
#4440=AXIS2_PLACEMENT_3D('',#6018,#4956,#4957);
#4441=AXIS2_PLACEMENT_3D('',#6021,#4958,#4959);
#4442=AXIS2_PLACEMENT_3D('',#6023,#4961,#4962);
#4443=AXIS2_PLACEMENT_3D('',#6024,#4963,#4964);
#4444=AXIS2_PLACEMENT_3D('',#6027,#4965,#4966);
#4445=AXIS2_PLACEMENT_3D('',#6028,#4967,#4968);
#4446=AXIS2_PLACEMENT_3D('',#6032,#4970,#4971);
#4447=AXIS2_PLACEMENT_3D('',#6033,#4972,#4973);
#4448=AXIS2_PLACEMENT_3D('',#6034,#4974,#4975);
#4449=AXIS2_PLACEMENT_3D('',#6037,#4976,#4977);
#4450=AXIS2_PLACEMENT_3D('',#6038,#4978,#4979);
#4451=AXIS2_PLACEMENT_3D('',#6042,#4981,#4982);
#4452=AXIS2_PLACEMENT_3D('',#6043,#4983,#4984);
#4453=AXIS2_PLACEMENT_3D('',#6044,#4985,#4986);
#4454=AXIS2_PLACEMENT_3D('',#6047,#4987,#4988);
#4455=AXIS2_PLACEMENT_3D('',#6049,#4990,#4991);
#4456=AXIS2_PLACEMENT_3D('',#6050,#4992,#4993);
#4457=AXIS2_PLACEMENT_3D('',#6054,#4995,#4996);
#4458=AXIS2_PLACEMENT_3D('',#6055,#4997,#4998);
#4459=AXIS2_PLACEMENT_3D('',#6056,#4999,#5000);
#4460=AXIS2_PLACEMENT_3D('',#6059,#5001,#5002);
#4461=AXIS2_PLACEMENT_3D('',#6060,#5003,#5004);
#4462=AXIS2_PLACEMENT_3D('',#6064,#5006,#5007);
#4463=AXIS2_PLACEMENT_3D('',#6065,#5008,#5009);
#4464=AXIS2_PLACEMENT_3D('',#6066,#5010,#5011);
#4465=AXIS2_PLACEMENT_3D('',#6068,#5013,#5014);
#4466=AXIS2_PLACEMENT_3D('',#6077,#5019,#5020);
#4467=AXIS2_PLACEMENT_3D('',#6086,#5025,#5026);
#4468=AXIS2_PLACEMENT_3D('',#6090,#5028,#5029);
#4469=AXIS2_PLACEMENT_3D('',#6091,#5030,#5031);
#4470=AXIS2_PLACEMENT_3D('',#6092,#5032,#5033);
#4471=AXIS2_PLACEMENT_3D('',#6094,#5034,#5035);
#4472=AXIS2_PLACEMENT_3D('',#6097,#5037,#5038);
#4473=AXIS2_PLACEMENT_3D('',#6098,#5039,#5040);
#4474=AXIS2_PLACEMENT_3D('',#6101,#5041,#5042);
#4475=AXIS2_PLACEMENT_3D('',#6104,#5044,#5045);
#4476=AXIS2_PLACEMENT_3D('',#6106,#5047,#5048);
#4477=AXIS2_PLACEMENT_3D('',#6108,#5049,#5050);
#4478=AXIS2_PLACEMENT_3D('',#6109,#5051,#5052);
#4479=AXIS2_PLACEMENT_3D('',#6110,#5053,#5054);
#4480=AXIS2_PLACEMENT_3D('',#6113,#5056,#5057);
#4481=AXIS2_PLACEMENT_3D('',#6114,#5058,#5059);
#4482=AXIS2_PLACEMENT_3D('',#6116,#5060,#5061);
#4483=AXIS2_PLACEMENT_3D('',#6118,#5062,#5063);
#4484=AXIS2_PLACEMENT_3D('',#6119,#5064,#5065);
#4485=AXIS2_PLACEMENT_3D('',#6120,#5066,#5067);
#4486=AXIS2_PLACEMENT_3D('',#6122,#5068,#5069);
#4487=AXIS2_PLACEMENT_3D('',#6128,#5073,#5074);
#4488=AXIS2_PLACEMENT_3D('',#6130,#5076,#5077);
#4489=AXIS2_PLACEMENT_3D('',#6137,#5081,#5082);
#4490=AXIS2_PLACEMENT_3D('',#6138,#5083,#5084);
#4491=AXIS2_PLACEMENT_3D('',#6141,#5086,#5087);
#4492=AXIS2_PLACEMENT_3D('',#6142,#5088,#5089);
#4493=AXIS2_PLACEMENT_3D('',#6144,#5090,#5091);
#4494=AXIS2_PLACEMENT_3D('',#6146,#5092,#5093);
#4495=AXIS2_PLACEMENT_3D('',#6147,#5094,#5095);
#4496=AXIS2_PLACEMENT_3D('',#6148,#5096,#5097);
#4497=AXIS2_PLACEMENT_3D('',#6151,#5099,#5100);
#4498=AXIS2_PLACEMENT_3D('',#6152,#5101,#5102);
#4499=AXIS2_PLACEMENT_3D('',#6154,#5103,#5104);
#4500=AXIS2_PLACEMENT_3D('',#6155,#5105,#5106);
#4501=AXIS2_PLACEMENT_3D('',#6156,#5107,#5108);
#4502=AXIS2_PLACEMENT_3D('',#6159,#5109,#5110);
#4503=AXIS2_PLACEMENT_3D('',#6162,#5113,#5114);
#4504=AXIS2_PLACEMENT_3D('',#6168,#5118,#5119);
#4505=AXIS2_PLACEMENT_3D('',#6172,#5121,#5122);
#4506=AXIS2_PLACEMENT_3D('',#6176,#5124,#5125);
#4507=AXIS2_PLACEMENT_3D('',#6181,#5129,#5130);
#4508=AXIS2_PLACEMENT_3D('',#6185,#5133,#5134);
#4509=AXIS2_PLACEMENT_3D('',#6187,#5135,#5136);
#4510=AXIS2_PLACEMENT_3D('',#6189,#5138,#5139);
#4511=AXIS2_PLACEMENT_3D('',#6193,#5142,#5143);
#4512=AXIS2_PLACEMENT_3D('',#6195,#5144,#5145);
#4513=AXIS2_PLACEMENT_3D('',#6197,#5147,#5148);
#4514=AXIS2_PLACEMENT_3D('',#6201,#5151,#5152);
#4515=AXIS2_PLACEMENT_3D('',#6206,#5154,#5155);
#4516=AXIS2_PLACEMENT_3D('',#6212,#5159,#5160);
#4517=AXIS2_PLACEMENT_3D('',#6213,#5161,#5162);
#4518=AXIS2_PLACEMENT_3D('',#6217,#5165,#5166);
#4519=AXIS2_PLACEMENT_3D('',#6219,#5167,#5168);
#4520=AXIS2_PLACEMENT_3D('',#6221,#5170,#5171);
#4521=AXIS2_PLACEMENT_3D('',#6223,#5173,#5174);
#4522=AXIS2_PLACEMENT_3D('',#6226,#5176,#5177);
#4523=AXIS2_PLACEMENT_3D('',#6227,#5178,#5179);
#4524=AXIS2_PLACEMENT_3D('',#6229,#5180,#5181);
#4525=AXIS2_PLACEMENT_3D('',#6232,#5183,#5184);
#4526=AXIS2_PLACEMENT_3D('',#6233,#5185,#5186);
#4527=AXIS2_PLACEMENT_3D('',#6234,#5187,#5188);
#4528=AXIS2_PLACEMENT_3D('',#6235,#5189,#5190);
#4529=AXIS2_PLACEMENT_3D('',#6239,#5193,#5194);
#4530=AXIS2_PLACEMENT_3D('',#6240,#5195,#5196);
#4531=AXIS2_PLACEMENT_3D('',#6241,#5197,#5198);
#4532=AXIS2_PLACEMENT_3D('',#6247,#5202,#5203);
#4533=AXIS2_PLACEMENT_3D('',#6251,#5206,#5207);
#4534=AXIS2_PLACEMENT_3D('',#6252,#5208,#5209);
#4535=AXIS2_PLACEMENT_3D('',#6253,#5210,#5211);
#4536=AXIS2_PLACEMENT_3D('',#6254,#5212,#5213);
#4537=AXIS2_PLACEMENT_3D('',#6255,#5214,#5215);
#4538=AXIS2_PLACEMENT_3D('',#6258,#5216,#5217);
#4539=AXIS2_PLACEMENT_3D('',#6263,#5220,#5221);
#4540=AXIS2_PLACEMENT_3D('',#6269,#5224,#5225);
#4541=AXIS2_PLACEMENT_3D('',#6271,#5226,#5227);
#4542=AXIS2_PLACEMENT_3D('',#6275,#5229,#5230);
#4543=AXIS2_PLACEMENT_3D('',#6279,#5232,#5233);
#4544=AXIS2_PLACEMENT_3D('',#6283,#5235,#5236);
#4545=AXIS2_PLACEMENT_3D('',#6285,#5237,#5238);
#4546=AXIS2_PLACEMENT_3D('',#6289,#5240,#5241);
#4547=AXIS2_PLACEMENT_3D('',#6291,#5242,#5243);
#4548=AXIS2_PLACEMENT_3D('',#6303,#5249,#5250);
#4549=AXIS2_PLACEMENT_3D('',#6304,#5251,#5252);
#4550=AXIS2_PLACEMENT_3D('',#6305,#5253,#5254);
#4551=AXIS2_PLACEMENT_3D('',#6306,#5255,#5256);
#4552=AXIS2_PLACEMENT_3D('',#6307,#5257,#5258);
#4553=AXIS2_PLACEMENT_3D('',#6308,#5259,#5260);
#4554=AXIS2_PLACEMENT_3D('',#6309,#5261,#5262);
#4555=AXIS2_PLACEMENT_3D('',#6310,#5263,#5264);
#4556=AXIS2_PLACEMENT_3D('',#6311,#5265,#5266);
#4557=AXIS2_PLACEMENT_3D('',#6312,#5267,#5268);
#4558=AXIS2_PLACEMENT_3D('',#6313,#5269,#5270);
#4559=AXIS2_PLACEMENT_3D('',#6314,#5271,#5272);
#4560=AXIS2_PLACEMENT_3D('',#6318,#5274,#5275);
#4561=AXIS2_PLACEMENT_3D('',#6320,#5277,#5278);
#4562=AXIS2_PLACEMENT_3D('',#6324,#5281,#5282);
#4563=AXIS2_PLACEMENT_3D('',#6327,#5284,#5285);
#4564=AXIS2_PLACEMENT_3D('',#6328,#5286,#5287);
#4565=AXIS2_PLACEMENT_3D('',#6331,#5289,#5290);
#4566=AXIS2_PLACEMENT_3D('',#6332,#5291,#5292);
#4567=AXIS2_PLACEMENT_3D('',#6336,#5295,#5296);
#4568=AXIS2_PLACEMENT_3D('',#6340,#5299,#5300);
#4569=AXIS2_PLACEMENT_3D('',#6344,#5303,#5304);
#4570=AXIS2_PLACEMENT_3D('',#6348,#5307,#5308);
#4571=AXIS2_PLACEMENT_3D('',#6352,#5311,#5312);
#4572=AXIS2_PLACEMENT_3D('',#6355,#5314,#5315);
#4573=AXIS2_PLACEMENT_3D('',#6356,#5316,#5317);
#4574=AXIS2_PLACEMENT_3D('',#6359,#5319,#5320);
#4575=AXIS2_PLACEMENT_3D('',#6360,#5321,#5322);
#4576=AXIS2_PLACEMENT_3D('',#6364,#5325,#5326);
#4577=AXIS2_PLACEMENT_3D('',#6367,#5328,#5329);
#4578=AXIS2_PLACEMENT_3D('',#6368,#5330,#5331);
#4579=AXIS2_PLACEMENT_3D('',#6371,#5333,#5334);
#4580=AXIS2_PLACEMENT_3D('',#6372,#5335,#5336);
#4581=AXIS2_PLACEMENT_3D('',#6376,#5339,#5340);
#4582=AXIS2_PLACEMENT_3D('',#6379,#5342,#5343);
#4583=AXIS2_PLACEMENT_3D('',#6380,#5344,#5345);
#4584=AXIS2_PLACEMENT_3D('',#6384,#5348,#5349);
#4585=AXIS2_PLACEMENT_3D('',#6387,#5351,#5352);
#4586=AXIS2_PLACEMENT_3D('',#6388,#5353,#5354);
#4587=AXIS2_PLACEMENT_3D('',#6392,#5357,#5358);
#4588=AXIS2_PLACEMENT_3D('',#6393,#5359,#5360);
#4589=AXIS2_PLACEMENT_3D('',#6394,#5361,#5362);
#4590=AXIS2_PLACEMENT_3D('',#6407,#5368,#5369);
#4591=AXIS2_PLACEMENT_3D('',#6409,#5370,#5371);
#4592=AXIS2_PLACEMENT_3D('',#6413,#5373,#5374);
#4593=AXIS2_PLACEMENT_3D('',#6415,#5375,#5376);
#4594=AXIS2_PLACEMENT_3D('',#6419,#5378,#5379);
#4595=AXIS2_PLACEMENT_3D('',#6423,#5381,#5382);
#4596=AXIS2_PLACEMENT_3D('',#6427,#5384,#5385);
#4597=AXIS2_PLACEMENT_3D('',#6429,#5386,#5387);
#4598=AXIS2_PLACEMENT_3D('',#6433,#5389,#5390);
#4599=AXIS2_PLACEMENT_3D('',#6434,#5391,#5392);
#4600=AXIS2_PLACEMENT_3D('',#6435,#5393,#5394);
#4601=AXIS2_PLACEMENT_3D('',#6436,#5395,#5396);
#4602=AXIS2_PLACEMENT_3D('',#6437,#5397,#5398);
#4603=AXIS2_PLACEMENT_3D('',#6440,#5401,#5402);
#4604=AXIS2_PLACEMENT_3D('',#6442,#5404,#5405);
#4605=AXIS2_PLACEMENT_3D('',#6444,#5407,#5408);
#4606=AXIS2_PLACEMENT_3D('',#6446,#5410,#5411);
#4607=AXIS2_PLACEMENT_3D('',#6448,#5413,#5414);
#4608=AXIS2_PLACEMENT_3D('',#6450,#5416,#5417);
#4609=AXIS2_PLACEMENT_3D('',#6452,#5419,#5420);
#4610=AXIS2_PLACEMENT_3D('',#6454,#5422,#5423);
#4611=AXIS2_PLACEMENT_3D('',#6456,#5425,#5426);
#4612=AXIS2_PLACEMENT_3D('',#6458,#5428,#5429);
#4613=AXIS2_PLACEMENT_3D('',#6460,#5431,#5432);
#4614=AXIS2_PLACEMENT_3D('',#6462,#5434,#5435);
#4615=AXIS2_PLACEMENT_3D('',#6464,#5437,#5438);
#4616=AXIS2_PLACEMENT_3D('',#6466,#5440,#5441);
#4617=AXIS2_PLACEMENT_3D('',#6468,#5443,#5444);
#4618=AXIS2_PLACEMENT_3D('',#6470,#5446,#5447);
#4619=AXIS2_PLACEMENT_3D('',#6472,#5449,#5450);
#4620=AXIS2_PLACEMENT_3D('',#6474,#5452,#5453);
#4621=AXIS2_PLACEMENT_3D('',#6476,#5455,#5456);
#4622=AXIS2_PLACEMENT_3D('',#6477,#5457,#5458);
#4623=AXIS2_PLACEMENT_3D('',#6478,#5459,#5460);
#4624=AXIS2_PLACEMENT_3D('',#6479,#5461,#5462);
#4625=AXIS2_PLACEMENT_3D('placement',#6480,#5463,#5464);
#4626=AXIS2_PLACEMENT_3D('',#6481,#5465,#5466);
#4627=AXIS2_PLACEMENT_3D('',#6495,#5470,#5471);
#4628=AXIS2_PLACEMENT_3D('',#6509,#5475,#5476);
#4629=AXIS2_PLACEMENT_3D('',#6744,#5487,#5488);
#4630=AXIS2_PLACEMENT_3D('',#6745,#5489,#5490);
#4631=AXIS2_PLACEMENT_3D('',#6754,#5495,#5496);
#4632=AXIS2_PLACEMENT_3D('',#6768,#5500,#5501);
#4633=AXIS2_PLACEMENT_3D('',#6845,#5510,#5511);
#4634=AXIS2_PLACEMENT_3D('',#6849,#5514,#5515);
#4635=AXIS2_PLACEMENT_3D('',#6879,#5519,#5520);
#4636=AXIS2_PLACEMENT_3D('',#6885,#5524,#5525);
#4637=AXIS2_PLACEMENT_3D('',#6943,#5531,#5532);
#4638=AXIS2_PLACEMENT_3D('',#6945,#5534,#5535);
#4639=AXIS2_PLACEMENT_3D('',#6989,#5540,#5541);
#4640=AXIS2_PLACEMENT_3D('',#6990,#5542,#5543);
#4641=AXIS2_PLACEMENT_3D('',#6999,#5548,#5549);
#4642=AXIS2_PLACEMENT_3D('',#7008,#5554,#5555);
#4643=AXIS2_PLACEMENT_3D('',#7025,#5565,#5566);
#4644=AXIS2_PLACEMENT_3D('',#7029,#5569,#5570);
#4645=AXIS2_PLACEMENT_3D('',#7031,#5572,#5573);
#4646=AXIS2_PLACEMENT_3D('',#7037,#5577,#5578);
#4647=AXIS2_PLACEMENT_3D('',#7041,#5581,#5582);
#4648=AXIS2_PLACEMENT_3D('',#7043,#5584,#5585);
#4649=AXIS2_PLACEMENT_3D('',#7047,#5588,#5589);
#4650=AXIS2_PLACEMENT_3D('',#7051,#5592,#5593);
#4651=AXIS2_PLACEMENT_3D('',#7055,#5596,#5597);
#4652=AXIS2_PLACEMENT_3D('',#7057,#5599,#5600);
#4653=AXIS2_PLACEMENT_3D('',#7058,#5601,#5602);
#4654=AXIS2_PLACEMENT_3D('',#7067,#5607,#5608);
#4655=AXIS2_PLACEMENT_3D('',#7127,#5619,#5620);
#4656=AXIS2_PLACEMENT_3D('',#7131,#5623,#5624);
#4657=AXIS2_PLACEMENT_3D('',#7135,#5627,#5628);
#4658=AXIS2_PLACEMENT_3D('',#7227,#5641,#5642);
#4659=AXIS2_PLACEMENT_3D('',#7229,#5644,#5645);
#4660=AXIS2_PLACEMENT_3D('',#7231,#5647,#5648);
#4661=AXIS2_PLACEMENT_3D('',#7251,#5652,#5653);
#4662=AXIS2_PLACEMENT_3D('',#7253,#5655,#5656);
#4663=AXIS2_PLACEMENT_3D('',#7255,#5658,#5659);
#4664=AXIS2_PLACEMENT_3D('',#7275,#5663,#5664);
#4665=AXIS2_PLACEMENT_3D('',#7277,#5666,#5667);
#4666=AXIS2_PLACEMENT_3D('',#7278,#5668,#5669);
#4667=AXIS2_PLACEMENT_3D('',#7292,#5673,#5674);
#4668=AXIS2_PLACEMENT_3D('',#7306,#5678,#5679);
#4669=AXIS2_PLACEMENT_3D('',#7541,#5690,#5691);
#4670=AXIS2_PLACEMENT_3D('',#7542,#5692,#5693);
#4671=AXIS2_PLACEMENT_3D('',#7545,#5694,#5695);
#4672=AXIS2_PLACEMENT_3D('',#7549,#5697,#5698);
#4673=AXIS2_PLACEMENT_3D('',#7551,#5700,#5701);
#4674=AXIS2_PLACEMENT_3D('',#7557,#5705,#5706);
#4675=AXIS2_PLACEMENT_3D('',#7559,#5707,#5708);
#4676=AXIS2_PLACEMENT_3D('',#7562,#5710,#5711);
#4677=AXIS2_PLACEMENT_3D('',#7563,#5712,#5713);
#4678=AXIS2_PLACEMENT_3D('',#7566,#5716,#5717);
#4679=AXIS2_PLACEMENT_3D('',#7567,#5718,#5719);
#4680=AXIS2_PLACEMENT_3D('placement',#7568,#5720,#5721);
#4681=AXIS2_PLACEMENT_3D('',#7569,#5722,#5723);
#4682=AXIS2_PLACEMENT_3D('',#7578,#5728,#5729);
#4683=AXIS2_PLACEMENT_3D('',#7584,#5733,#5734);
#4684=AXIS2_PLACEMENT_3D('',#7587,#5737,#5738);
#4685=AXIS2_PLACEMENT_3D('',#7588,#5739,#5740);
#4686=AXIS2_PLACEMENT_3D('',#7589,#5741,#5742);
#4687=AXIS2_PLACEMENT_3D('',#7590,#5743,#5744);
#4688=AXIS2_PLACEMENT_3D('',#7591,#5745,#5746);
#4689=DIRECTION('axis',(0.,0.,1.));
#4690=DIRECTION('refdir',(1.,0.,0.));
#4691=DIRECTION('axis',(0.,0.,1.));
#4692=DIRECTION('refdir',(1.,0.,0.));
#4693=DIRECTION('axis',(0.,0.,1.));
#4694=DIRECTION('refdir',(1.,0.,0.));
#4695=DIRECTION('center_axis',(0.,1.,0.));
#4696=DIRECTION('ref_axis',(0.,0.,1.));
#4697=DIRECTION('center_axis',(0.,1.,0.));
#4698=DIRECTION('ref_axis',(0.,0.,1.));
#4699=DIRECTION('center_axis',(0.,1.,0.));
#4700=DIRECTION('ref_axis',(0.,0.,1.));
#4701=DIRECTION('',(3.16961915143173E-17,-0.965925826289069,0.258819045102518));
#4702=DIRECTION('center_axis',(0.,-1.,0.));
#4703=DIRECTION('ref_axis',(0.,0.,1.));
#4704=DIRECTION('center_axis',(0.,-1.,0.));
#4705=DIRECTION('ref_axis',(0.,0.,1.));
#4706=DIRECTION('center_axis',(0.,-1.,0.));
#4707=DIRECTION('ref_axis',(0.,0.,-1.));
#4708=DIRECTION('center_axis',(0.,-1.,0.));
#4709=DIRECTION('ref_axis',(0.,0.,-1.));
#4710=DIRECTION('center_axis',(0.,-1.,0.));
#4711=DIRECTION('ref_axis',(0.,0.,-1.));
#4712=DIRECTION('center_axis',(-1.,0.,0.));
#4713=DIRECTION('ref_axis',(0.,0.,1.));
#4714=DIRECTION('center_axis',(0.,1.,0.));
#4715=DIRECTION('ref_axis',(0.,0.,-1.));
#4716=DIRECTION('center_axis',(0.,1.,0.));
#4717=DIRECTION('ref_axis',(0.,0.,-1.));
#4718=DIRECTION('center_axis',(0.,1.,0.));
#4719=DIRECTION('ref_axis',(0.,0.,1.));
#4720=DIRECTION('',(0.,-1.,0.));
#4721=DIRECTION('center_axis',(0.,-1.,0.));
#4722=DIRECTION('ref_axis',(0.,0.,-1.));
#4723=DIRECTION('center_axis',(0.,1.,0.));
#4724=DIRECTION('ref_axis',(0.,0.,1.));
#4725=DIRECTION('center_axis',(0.,1.,0.));
#4726=DIRECTION('ref_axis',(0.,0.,1.));
#4727=DIRECTION('center_axis',(0.,1.,0.));
#4728=DIRECTION('ref_axis',(0.,0.,1.));
#4729=DIRECTION('center_axis',(0.,1.,0.));
#4730=DIRECTION('ref_axis',(0.,0.,1.));
#4731=DIRECTION('',(3.16961915143173E-17,-0.965925826289069,0.258819045102518));
#4732=DIRECTION('center_axis',(0.,-1.,0.));
#4733=DIRECTION('ref_axis',(0.,0.,1.));
#4734=DIRECTION('center_axis',(0.,-1.,0.));
#4735=DIRECTION('ref_axis',(0.,0.,1.));
#4736=DIRECTION('center_axis',(0.,1.,0.));
#4737=DIRECTION('ref_axis',(0.,0.,1.));
#4738=DIRECTION('center_axis',(0.,1.,0.));
#4739=DIRECTION('ref_axis',(0.,0.,1.));
#4740=DIRECTION('center_axis',(0.,1.,0.));
#4741=DIRECTION('ref_axis',(0.,0.,1.));
#4742=DIRECTION('center_axis',(-1.,0.,0.));
#4743=DIRECTION('ref_axis',(0.,0.,-1.));
#4744=DIRECTION('center_axis',(0.,-1.,0.));
#4745=DIRECTION('ref_axis',(0.,0.,1.));
#4746=DIRECTION('center_axis',(0.,-1.,0.));
#4747=DIRECTION('ref_axis',(0.,0.,1.));
#4748=DIRECTION('center_axis',(0.,1.,0.));
#4749=DIRECTION('ref_axis',(0.,0.,1.));
#4750=DIRECTION('',(0.,-1.,0.));
#4751=DIRECTION('center_axis',(0.,1.,0.));
#4752=DIRECTION('ref_axis',(0.,0.,1.));
#4753=DIRECTION('center_axis',(0.,1.,0.));
#4754=DIRECTION('ref_axis',(0.,0.,1.));
#4755=DIRECTION('axis',(0.,0.,1.));
#4756=DIRECTION('refdir',(1.,0.,0.));
#4757=DIRECTION('center_axis',(0.,1.,0.));
#4758=DIRECTION('ref_axis',(0.,0.,1.));
#4759=DIRECTION('center_axis',(0.,1.,0.));
#4760=DIRECTION('ref_axis',(0.,0.,-1.));
#4761=DIRECTION('center_axis',(0.,1.,0.));
#4762=DIRECTION('ref_axis',(0.,0.,-1.));
#4763=DIRECTION('',(8.65956056235492E-17,-0.707106781186548,0.707106781186547));
#4764=DIRECTION('center_axis',(-1.31418445149758E-16,-1.,0.));
#4765=DIRECTION('ref_axis',(1.,-1.31418445149758E-16,0.));
#4766=DIRECTION('center_axis',(-1.31418445149758E-16,-1.,0.));
#4767=DIRECTION('ref_axis',(1.,-1.31418445149758E-16,0.));
#4768=DIRECTION('center_axis',(-1.31418445149758E-16,0.,-1.));
#4769=DIRECTION('ref_axis',(-1.,0.,0.));
#4770=DIRECTION('center_axis',(-1.31418445149758E-16,0.,-1.));
#4771=DIRECTION('ref_axis',(-1.,0.,1.31418445149758E-16));
#4772=DIRECTION('center_axis',(-1.31418445149758E-16,0.,-1.));
#4773=DIRECTION('ref_axis',(-1.,0.,1.31418445149758E-16));
#4774=DIRECTION('center_axis',(0.,-1.,0.));
#4775=DIRECTION('ref_axis',(1.,0.,0.));
#4776=DIRECTION('center_axis',(1.31418445149758E-16,0.,1.));
#4777=DIRECTION('ref_axis',(-1.,0.,1.31418445149758E-16));
#4778=DIRECTION('center_axis',(1.31418445149758E-16,0.,1.));
#4779=DIRECTION('ref_axis',(-1.,0.,1.31418445149758E-16));
#4780=DIRECTION('center_axis',(-1.31418445149758E-16,0.,-1.));
#4781=DIRECTION('ref_axis',(-1.,0.,0.));
#4782=DIRECTION('center_axis',(-1.31418445149758E-16,0.,-1.));
#4783=DIRECTION('ref_axis',(-1.,0.,1.31418445149758E-16));
#4784=DIRECTION('center_axis',(-1.31418445149758E-16,0.,-1.));
#4785=DIRECTION('ref_axis',(-1.,0.,1.31418445149758E-16));
#4786=DIRECTION('center_axis',(0.,1.,0.));
#4787=DIRECTION('ref_axis',(1.,0.,0.));
#4788=DIRECTION('center_axis',(1.31418445149758E-16,0.,1.));
#4789=DIRECTION('ref_axis',(-1.,0.,1.31418445149758E-16));
#4790=DIRECTION('center_axis',(1.31418445149758E-16,0.,1.));
#4791=DIRECTION('ref_axis',(-1.,0.,1.31418445149758E-16));
#4792=DIRECTION('center_axis',(0.,1.,0.));
#4793=DIRECTION('ref_axis',(0.,0.,1.));
#4794=DIRECTION('center_axis',(0.,1.,0.));
#4795=DIRECTION('ref_axis',(0.,0.,1.));
#4796=DIRECTION('center_axis',(0.,1.,0.));
#4797=DIRECTION('ref_axis',(0.,0.,1.));
#4798=DIRECTION('',(3.16961915143173E-17,-0.965925826289069,0.258819045102518));
#4799=DIRECTION('center_axis',(0.,-1.,0.));
#4800=DIRECTION('ref_axis',(0.,0.,1.));
#4801=DIRECTION('center_axis',(0.,-1.,0.));
#4802=DIRECTION('ref_axis',(0.,0.,1.));
#4803=DIRECTION('center_axis',(0.,1.,0.));
#4804=DIRECTION('ref_axis',(0.,0.,1.));
#4805=DIRECTION('center_axis',(1.31418445149758E-16,1.,0.));
#4806=DIRECTION('ref_axis',(-1.,1.31418445149758E-16,0.));
#4807=DIRECTION('center_axis',(-1.31418445149758E-16,-1.,0.));
#4808=DIRECTION('ref_axis',(1.,-1.31418445149758E-16,0.));
#4809=DIRECTION('',(-1.31418445149758E-16,-1.,0.));
#4810=DIRECTION('center_axis',(-1.31418445149758E-16,-1.,0.));
#4811=DIRECTION('ref_axis',(1.,-1.31418445149758E-16,0.));
#4812=DIRECTION('center_axis',(0.,0.,1.));
#4813=DIRECTION('ref_axis',(1.,0.,0.));
#4814=DIRECTION('',(0.,0.,-1.));
#4815=DIRECTION('center_axis',(-1.31418445149758E-16,0.,-1.));
#4816=DIRECTION('ref_axis',(-1.,0.,1.31418445149758E-16));
#4817=DIRECTION('center_axis',(-1.31418445149758E-16,0.,-1.));
#4818=DIRECTION('ref_axis',(-1.,0.,1.31418445149758E-16));
#4819=DIRECTION('center_axis',(0.,1.,0.));
#4820=DIRECTION('ref_axis',(0.,0.,1.));
#4821=DIRECTION('center_axis',(-1.31418445149758E-16,-1.,0.));
#4822=DIRECTION('ref_axis',(-1.,1.31418445149758E-16,0.));
#4823=DIRECTION('',(0.,-1.,0.));
#4824=DIRECTION('center_axis',(-1.31418445149758E-16,-1.,0.));
#4825=DIRECTION('ref_axis',(-1.,1.31418445149758E-16,0.));
#4826=DIRECTION('center_axis',(1.31418445149758E-16,0.,1.));
#4827=DIRECTION('ref_axis',(1.,0.,-1.31418445149758E-16));
#4828=DIRECTION('center_axis',(-1.31418445149758E-16,0.,-1.));
#4829=DIRECTION('ref_axis',(-1.,0.,1.31418445149758E-16));
#4830=DIRECTION('',(-1.31418445149758E-16,0.,-1.));
#4831=DIRECTION('center_axis',(-1.31418445149758E-16,0.,-1.));
#4832=DIRECTION('ref_axis',(-1.,0.,1.31418445149758E-16));
#4833=DIRECTION('center_axis',(-1.31418445149758E-16,0.,-1.));
#4834=DIRECTION('ref_axis',(-1.,0.,1.31418445149758E-16));
#4835=DIRECTION('center_axis',(-1.31418445149758E-16,0.,-1.));
#4836=DIRECTION('ref_axis',(-1.,0.,1.31418445149758E-16));
#4837=DIRECTION('center_axis',(-1.31418445149758E-16,-1.,0.));
#4838=DIRECTION('ref_axis',(-1.,1.31418445149758E-16,0.));
#4839=DIRECTION('center_axis',(0.,1.,0.));
#4840=DIRECTION('ref_axis',(0.,0.,1.));
#4841=DIRECTION('center_axis',(0.,1.,0.));
#4842=DIRECTION('ref_axis',(0.,0.,1.));
#4843=DIRECTION('center_axis',(0.,-1.,0.));
#4844=DIRECTION('ref_axis',(0.,0.,-1.));
#4845=DIRECTION('',(8.65956056235492E-17,-0.707106781186548,0.707106781186547));
#4846=DIRECTION('center_axis',(-1.31418445149758E-16,1.,0.));
#4847=DIRECTION('ref_axis',(-1.,-1.31418445149758E-16,0.));
#4848=DIRECTION('center_axis',(-1.31418445149758E-16,1.,0.));
#4849=DIRECTION('ref_axis',(-1.,-1.31418445149758E-16,0.));
#4850=DIRECTION('center_axis',(0.,-1.,0.));
#4851=DIRECTION('ref_axis',(0.,0.,-1.));
#4852=DIRECTION('center_axis',(1.31418445149758E-16,0.,-1.));
#4853=DIRECTION('ref_axis',(1.,0.,0.));
#4854=DIRECTION('center_axis',(-1.31418445149758E-16,0.,1.));
#4855=DIRECTION('ref_axis',(1.,0.,1.31418445149758E-16));
#4856=DIRECTION('center_axis',(0.,1.,0.));
#4857=DIRECTION('ref_axis',(-1.,0.,0.));
#4858=DIRECTION('center_axis',(1.31418445149758E-16,0.,-1.));
#4859=DIRECTION('ref_axis',(1.,0.,1.31418445149758E-16));
#4860=DIRECTION('center_axis',(1.31418445149758E-16,0.,-1.));
#4861=DIRECTION('ref_axis',(1.,0.,1.31418445149758E-16));
#4862=DIRECTION('center_axis',(-1.31418445149758E-16,0.,1.));
#4863=DIRECTION('ref_axis',(1.,0.,1.31418445149758E-16));
#4864=DIRECTION('center_axis',(1.31418445149758E-16,0.,-1.));
#4865=DIRECTION('ref_axis',(1.,0.,0.));
#4866=DIRECTION('center_axis',(-1.31418445149758E-16,0.,1.));
#4867=DIRECTION('ref_axis',(1.,0.,1.31418445149758E-16));
#4868=DIRECTION('center_axis',(0.,-1.,0.));
#4869=DIRECTION('ref_axis',(-1.,0.,0.));
#4870=DIRECTION('center_axis',(1.31418445149758E-16,0.,-1.));
#4871=DIRECTION('ref_axis',(1.,0.,1.31418445149758E-16));
#4872=DIRECTION('center_axis',(1.31418445149758E-16,0.,-1.));
#4873=DIRECTION('ref_axis',(1.,0.,1.31418445149758E-16));
#4874=DIRECTION('center_axis',(-1.31418445149758E-16,0.,1.));
#4875=DIRECTION('ref_axis',(1.,0.,1.31418445149758E-16));
#4876=DIRECTION('center_axis',(0.,1.,0.));
#4877=DIRECTION('ref_axis',(0.,0.,1.));
#4878=DIRECTION('center_axis',(0.,-1.,0.));
#4879=DIRECTION('ref_axis',(0.,0.,1.));
#4880=DIRECTION('center_axis',(0.,-1.,0.));
#4881=DIRECTION('ref_axis',(0.,0.,1.));
#4882=DIRECTION('',(3.16961915143173E-17,-0.965925826289069,0.258819045102518));
#4883=DIRECTION('center_axis',(0.,1.,0.));
#4884=DIRECTION('ref_axis',(0.,0.,1.));
#4885=DIRECTION('center_axis',(0.,1.,0.));
#4886=DIRECTION('ref_axis',(0.,0.,1.));
#4887=DIRECTION('center_axis',(0.,-1.,0.));
#4888=DIRECTION('ref_axis',(0.,0.,1.));
#4889=DIRECTION('center_axis',(-1.31418445149758E-16,1.,0.));
#4890=DIRECTION('ref_axis',(1.,1.31418445149758E-16,0.));
#4891=DIRECTION('center_axis',(-1.31418445149758E-16,1.,0.));
#4892=DIRECTION('ref_axis',(-1.,-1.31418445149758E-16,0.));
#4893=DIRECTION('center_axis',(-1.31418445149758E-16,1.,0.));
#4894=DIRECTION('ref_axis',(-1.,-1.31418445149758E-16,0.));
#4895=DIRECTION('',(1.31418445149758E-16,-1.,0.));
#4896=DIRECTION('center_axis',(0.,0.,1.));
#4897=DIRECTION('ref_axis',(-1.,0.,0.));
#4898=DIRECTION('',(0.,0.,-1.));
#4899=DIRECTION('center_axis',(-1.31418445149758E-16,0.,1.));
#4900=DIRECTION('ref_axis',(1.,0.,1.31418445149758E-16));
#4901=DIRECTION('center_axis',(-1.31418445149758E-16,0.,1.));
#4902=DIRECTION('ref_axis',(1.,0.,1.31418445149758E-16));
#4903=DIRECTION('center_axis',(0.,1.,0.));
#4904=DIRECTION('ref_axis',(0.,0.,1.));
#4905=DIRECTION('center_axis',(-1.31418445149758E-16,1.,0.));
#4906=DIRECTION('ref_axis',(1.,1.31418445149758E-16,0.));
#4907=DIRECTION('center_axis',(-1.31418445149758E-16,1.,0.));
#4908=DIRECTION('ref_axis',(1.,1.31418445149758E-16,0.));
#4909=DIRECTION('',(0.,-1.,0.));
#4910=DIRECTION('center_axis',(-1.31418445149758E-16,0.,1.));
#4911=DIRECTION('ref_axis',(-1.,0.,-1.31418445149758E-16));
#4912=DIRECTION('center_axis',(-1.31418445149758E-16,0.,1.));
#4913=DIRECTION('ref_axis',(1.,0.,1.31418445149758E-16));
#4914=DIRECTION('center_axis',(-1.31418445149758E-16,0.,1.));
#4915=DIRECTION('ref_axis',(1.,0.,1.31418445149758E-16));
#4916=DIRECTION('',(1.31418445149758E-16,0.,-1.));
#4917=DIRECTION('center_axis',(1.31418445149758E-16,0.,-1.));
#4918=DIRECTION('ref_axis',(1.,0.,1.31418445149758E-16));
#4919=DIRECTION('center_axis',(1.31418445149758E-16,0.,-1.));
#4920=DIRECTION('ref_axis',(1.,0.,1.31418445149758E-16));
#4921=DIRECTION('center_axis',(1.31418445149758E-16,-1.,0.));
#4922=DIRECTION('ref_axis',(1.,1.31418445149758E-16,0.));
#4923=DIRECTION('center_axis',(0.,1.,0.));
#4924=DIRECTION('ref_axis',(0.,0.,1.));
#4925=DIRECTION('axis',(0.,0.,1.));
#4926=DIRECTION('refdir',(1.,0.,0.));
#4927=DIRECTION('center_axis',(0.,0.,1.));
#4928=DIRECTION('ref_axis',(1.,0.,0.));
#4929=DIRECTION('center_axis',(0.,0.,1.));
#4930=DIRECTION('ref_axis',(1.,0.,0.));
#4931=DIRECTION('center_axis',(0.,0.,1.));
#4932=DIRECTION('ref_axis',(1.,0.,0.));
#4933=DIRECTION('',(-0.707106781186553,-8.659560562355E-17,0.707106781186542));
#4934=DIRECTION('center_axis',(0.,0.,-1.));
#4935=DIRECTION('ref_axis',(1.,0.,0.));
#4936=DIRECTION('center_axis',(0.,0.,-1.));
#4937=DIRECTION('ref_axis',(1.,0.,0.));
#4938=DIRECTION('center_axis',(0.,0.,1.));
#4939=DIRECTION('ref_axis',(1.,0.,0.));
#4940=DIRECTION('center_axis',(0.,0.,1.));
#4941=DIRECTION('ref_axis',(1.,0.,0.));
#4942=DIRECTION('center_axis',(0.,0.,1.));
#4943=DIRECTION('ref_axis',(1.,0.,0.));
#4944=DIRECTION('',(-0.707106781186552,-8.65956056235499E-17,0.707106781186543));
#4945=DIRECTION('center_axis',(0.,0.,-1.));
#4946=DIRECTION('ref_axis',(1.,0.,0.));
#4947=DIRECTION('center_axis',(0.,0.,-1.));
#4948=DIRECTION('ref_axis',(1.,0.,0.));
#4949=DIRECTION('center_axis',(0.,0.,1.));
#4950=DIRECTION('ref_axis',(1.,0.,0.));
#4951=DIRECTION('center_axis',(0.,0.,-1.));
#4952=DIRECTION('ref_axis',(1.,0.,0.));
#4953=DIRECTION('',(0.,0.,1.));
#4954=DIRECTION('center_axis',(0.,0.,-1.));
#4955=DIRECTION('ref_axis',(1.,0.,0.));
#4956=DIRECTION('center_axis',(0.,0.,1.));
#4957=DIRECTION('ref_axis',(1.,0.,0.));
#4958=DIRECTION('center_axis',(0.,0.,-1.));
#4959=DIRECTION('ref_axis',(1.,0.,0.));
#4960=DIRECTION('',(0.,0.,1.));
#4961=DIRECTION('center_axis',(0.,0.,-1.));
#4962=DIRECTION('ref_axis',(1.,0.,0.));
#4963=DIRECTION('center_axis',(0.,1.,0.));
#4964=DIRECTION('ref_axis',(0.,0.,1.));
#4965=DIRECTION('center_axis',(0.,1.,0.));
#4966=DIRECTION('ref_axis',(0.,0.,1.));
#4967=DIRECTION('center_axis',(0.,1.,0.));
#4968=DIRECTION('ref_axis',(0.,0.,1.));
#4969=DIRECTION('',(-8.65956056235491E-17,0.707106781186549,-0.707106781186546));
#4970=DIRECTION('center_axis',(0.,-1.,0.));
#4971=DIRECTION('ref_axis',(0.,0.,1.));
#4972=DIRECTION('center_axis',(0.,-1.,0.));
#4973=DIRECTION('ref_axis',(0.,0.,1.));
#4974=DIRECTION('center_axis',(0.,1.,0.));
#4975=DIRECTION('ref_axis',(0.,0.,1.));
#4976=DIRECTION('center_axis',(0.,1.,0.));
#4977=DIRECTION('ref_axis',(0.,0.,-1.));
#4978=DIRECTION('center_axis',(0.,1.,0.));
#4979=DIRECTION('ref_axis',(0.,0.,-1.));
#4980=DIRECTION('',(-8.65956056235491E-17,0.707106781186549,-0.707106781186546));
#4981=DIRECTION('center_axis',(0.,-1.,0.));
#4982=DIRECTION('ref_axis',(0.,0.,-1.));
#4983=DIRECTION('center_axis',(0.,-1.,0.));
#4984=DIRECTION('ref_axis',(0.,0.,-1.));
#4985=DIRECTION('center_axis',(0.,1.,0.));
#4986=DIRECTION('ref_axis',(0.,0.,1.));
#4987=DIRECTION('center_axis',(0.,-1.,0.));
#4988=DIRECTION('ref_axis',(0.,0.,1.));
#4989=DIRECTION('',(0.,1.,0.));
#4990=DIRECTION('center_axis',(0.,-1.,0.));
#4991=DIRECTION('ref_axis',(0.,0.,1.));
#4992=DIRECTION('center_axis',(0.,-1.,0.));
#4993=DIRECTION('ref_axis',(0.,0.,-1.));
#4994=DIRECTION('',(-8.65956056235485E-17,-0.707106781186555,0.70710678118654));
#4995=DIRECTION('center_axis',(0.,1.,0.));
#4996=DIRECTION('ref_axis',(0.,0.,1.));
#4997=DIRECTION('center_axis',(0.,1.,0.));
#4998=DIRECTION('ref_axis',(0.,0.,1.));
#4999=DIRECTION('center_axis',(0.,-1.,0.));
#5000=DIRECTION('ref_axis',(0.,0.,-1.));
#5001=DIRECTION('center_axis',(0.,-1.,0.));
#5002=DIRECTION('ref_axis',(0.,0.,-1.));
#5003=DIRECTION('center_axis',(0.,-1.,0.));
#5004=DIRECTION('ref_axis',(0.,0.,-1.));
#5005=DIRECTION('',(-8.65956056235485E-17,-0.707106781186555,0.70710678118654));
#5006=DIRECTION('center_axis',(0.,1.,0.));
#5007=DIRECTION('ref_axis',(0.,0.,-1.));
#5008=DIRECTION('center_axis',(0.,1.,0.));
#5009=DIRECTION('ref_axis',(0.,0.,-1.));
#5010=DIRECTION('center_axis',(0.,1.,0.));
#5011=DIRECTION('ref_axis',(0.,0.,1.));
#5012=DIRECTION('',(0.,1.,0.));
#5013=DIRECTION('center_axis',(-1.,0.,0.));
#5014=DIRECTION('ref_axis',(0.,0.,1.));
#5015=DIRECTION('',(0.,1.,0.));
#5016=DIRECTION('',(0.,0.,1.));
#5017=DIRECTION('',(0.,-1.,0.));
#5018=DIRECTION('',(0.,0.,-1.));
#5019=DIRECTION('center_axis',(1.,0.,0.));
#5020=DIRECTION('ref_axis',(0.,0.,-1.));
#5021=DIRECTION('',(0.,1.,0.));
#5022=DIRECTION('',(0.,0.,-1.));
#5023=DIRECTION('',(0.,-1.,0.));
#5024=DIRECTION('',(0.,0.,1.));
#5025=DIRECTION('center_axis',(0.,-1.,0.));
#5026=DIRECTION('ref_axis',(0.,0.,-1.));
#5027=DIRECTION('',(0.,-1.,0.));
#5028=DIRECTION('center_axis',(0.,-1.,0.));
#5029=DIRECTION('ref_axis',(0.,0.,-1.));
#5030=DIRECTION('center_axis',(0.,-1.,0.));
#5031=DIRECTION('ref_axis',(0.,0.,-1.));
#5032=DIRECTION('center_axis',(0.,-1.,0.));
#5033=DIRECTION('ref_axis',(0.,0.,-1.));
#5034=DIRECTION('center_axis',(0.,-1.,0.));
#5035=DIRECTION('ref_axis',(0.,0.,1.));
#5036=DIRECTION('',(0.,1.,0.));
#5037=DIRECTION('center_axis',(0.,-1.,0.));
#5038=DIRECTION('ref_axis',(0.,0.,1.));
#5039=DIRECTION('center_axis',(-1.,0.,8.76122967665054E-17));
#5040=DIRECTION('ref_axis',(8.76122967665054E-17,0.,1.));
#5041=DIRECTION('center_axis',(-0.707106781186557,0.707106781186538,1.89140093624762E-14));
#5042=DIRECTION('ref_axis',(0.707106781186538,0.707106781186557,1.36791303451289E-13));
#5043=DIRECTION('',(-1.,0.,8.76122967665054E-17));
#5044=DIRECTION('center_axis',(1.,0.,0.));
#5045=DIRECTION('ref_axis',(0.,0.,-1.));
#5046=DIRECTION('',(1.,0.,-8.76122967665054E-17));
#5047=DIRECTION('center_axis',(0.,-1.,0.));
#5048=DIRECTION('ref_axis',(0.,0.,-1.));
#5049=DIRECTION('center_axis',(0.,1.,0.));
#5050=DIRECTION('ref_axis',(0.,0.,-1.));
#5051=DIRECTION('center_axis',(0.,0.,1.));
#5052=DIRECTION('ref_axis',(1.,0.,0.));
#5053=DIRECTION('center_axis',(0.,0.,-1.));
#5054=DIRECTION('ref_axis',(-1.,0.,0.));
#5055=DIRECTION('',(0.,0.,-1.));
#5056=DIRECTION('center_axis',(0.,0.,1.));
#5057=DIRECTION('ref_axis',(1.,0.,0.));
#5058=DIRECTION('center_axis',(0.,-1.,0.));
#5059=DIRECTION('ref_axis',(0.,0.,-1.));
#5060=DIRECTION('center_axis',(0.,1.,0.));
#5061=DIRECTION('ref_axis',(0.,0.,-1.));
#5062=DIRECTION('center_axis',(-1.,0.,0.));
#5063=DIRECTION('ref_axis',(0.,0.,1.));
#5064=DIRECTION('center_axis',(0.,-1.,0.));
#5065=DIRECTION('ref_axis',(0.,0.,-1.));
#5066=DIRECTION('center_axis',(0.,-1.,0.));
#5067=DIRECTION('ref_axis',(0.,0.,-1.));
#5068=DIRECTION('center_axis',(0.,-1.,0.));
#5069=DIRECTION('ref_axis',(0.,0.,-1.));
#5070=DIRECTION('',(1.,0.,0.));
#5071=DIRECTION('',(0.,0.,1.));
#5072=DIRECTION('',(-1.,0.,-1.44560289664734E-16));
#5073=DIRECTION('center_axis',(0.,-1.,0.));
#5074=DIRECTION('ref_axis',(0.,0.,-1.));
#5075=DIRECTION('',(0.,1.,0.));
#5076=DIRECTION('center_axis',(0.,1.,0.));
#5077=DIRECTION('ref_axis',(0.,0.,1.));
#5078=DIRECTION('',(-1.,0.,0.));
#5079=DIRECTION('',(0.,0.,-1.));
#5080=DIRECTION('',(1.,0.,0.));
#5081=DIRECTION('center_axis',(0.,-1.,0.));
#5082=DIRECTION('ref_axis',(0.,0.,1.));
#5083=DIRECTION('center_axis',(0.,-1.,0.));
#5084=DIRECTION('ref_axis',(0.,0.,-1.));
#5085=DIRECTION('',(0.,-1.,0.));
#5086=DIRECTION('center_axis',(0.,-1.,0.));
#5087=DIRECTION('ref_axis',(0.,0.,1.));
#5088=DIRECTION('center_axis',(0.,1.,0.));
#5089=DIRECTION('ref_axis',(0.,0.,1.));
#5090=DIRECTION('center_axis',(-1.,0.,0.));
#5091=DIRECTION('ref_axis',(0.,0.,1.));
#5092=DIRECTION('center_axis',(0.,1.,0.));
#5093=DIRECTION('ref_axis',(0.,0.,1.));
#5094=DIRECTION('center_axis',(0.,0.,-1.));
#5095=DIRECTION('ref_axis',(-1.,0.,0.));
#5096=DIRECTION('center_axis',(0.,0.,-1.));
#5097=DIRECTION('ref_axis',(-1.,0.,0.));
#5098=DIRECTION('',(0.,0.,1.));
#5099=DIRECTION('center_axis',(0.,0.,-1.));
#5100=DIRECTION('ref_axis',(-1.,0.,0.));
#5101=DIRECTION('center_axis',(0.,1.,0.));
#5102=DIRECTION('ref_axis',(0.,0.,1.));
#5103=DIRECTION('center_axis',(0.,1.,0.));
#5104=DIRECTION('ref_axis',(0.,0.,1.));
#5105=DIRECTION('center_axis',(1.,0.,0.));
#5106=DIRECTION('ref_axis',(0.,0.,-1.));
#5107=DIRECTION('center_axis',(1.,0.,-8.76122967665054E-17));
#5108=DIRECTION('ref_axis',(-8.76122967665054E-17,0.,-1.));
#5109=DIRECTION('center_axis',(0.707106781186554,0.707106781186541,1.61570520655731E-14));
#5110=DIRECTION('ref_axis',(0.707106781186541,-0.707106781186554,-4.92851446635839E-13));
#5111=DIRECTION('',(1.,0.,-8.76122967665054E-17));
#5112=DIRECTION('',(-1.,0.,8.76122967665054E-17));
#5113=DIRECTION('center_axis',(1.,0.,0.));
#5114=DIRECTION('ref_axis',(0.,0.,-1.));
#5115=DIRECTION('',(0.,0.,1.));
#5116=DIRECTION('',(0.,-1.,0.));
#5117=DIRECTION('',(0.,-1.,0.));
#5118=DIRECTION('center_axis',(8.76122967665054E-17,0.,1.));
#5119=DIRECTION('ref_axis',(1.,0.,-8.76122967665054E-17));
#5120=DIRECTION('',(0.,1.,0.));
#5121=DIRECTION('center_axis',(-8.76122967665054E-17,0.,-1.));
#5122=DIRECTION('ref_axis',(1.,0.,-8.76122967665054E-17));
#5123=DIRECTION('',(1.,0.,-8.76122967665054E-17));
#5124=DIRECTION('center_axis',(-8.76122967665054E-17,0.,-1.));
#5125=DIRECTION('ref_axis',(1.,0.,-8.76122967665054E-17));
#5126=DIRECTION('',(0.,-1.,0.));
#5127=DIRECTION('',(1.,0.,-8.76122967665054E-17));
#5128=DIRECTION('',(0.,-1.,0.));
#5129=DIRECTION('center_axis',(-1.,0.,0.));
#5130=DIRECTION('ref_axis',(0.,0.,1.));
#5131=DIRECTION('',(0.,0.,-1.));
#5132=DIRECTION('',(0.,-1.,0.));
#5133=DIRECTION('center_axis',(0.,-1.,0.));
#5134=DIRECTION('ref_axis',(0.,0.,-1.));
#5135=DIRECTION('center_axis',(0.,-1.,0.));
#5136=DIRECTION('ref_axis',(0.,0.,-1.));
#5137=DIRECTION('',(0.,1.,0.));
#5138=DIRECTION('center_axis',(0.,-1.,0.));
#5139=DIRECTION('ref_axis',(0.,0.,-1.));
#5140=DIRECTION('',(0.,0.,1.));
#5141=DIRECTION('',(1.,0.,0.));
#5142=DIRECTION('center_axis',(1.,0.,0.));
#5143=DIRECTION('ref_axis',(0.,0.,-1.));
#5144=DIRECTION('center_axis',(-1.,0.,0.));
#5145=DIRECTION('ref_axis',(0.,0.,1.));
#5146=DIRECTION('',(-1.,0.,0.));
#5147=DIRECTION('center_axis',(0.,0.,-1.));
#5148=DIRECTION('ref_axis',(-1.,0.,0.));
#5149=DIRECTION('',(0.,-1.,0.));
#5150=DIRECTION('',(1.,0.,0.));
#5151=DIRECTION('center_axis',(0.,-1.,0.));
#5152=DIRECTION('ref_axis',(0.,0.,-1.));
#5153=DIRECTION('',(-1.,0.,0.));
#5154=DIRECTION('center_axis',(0.,-1.,0.));
#5155=DIRECTION('ref_axis',(0.,0.,-1.));
#5156=DIRECTION('',(0.,0.,-1.));
#5157=DIRECTION('',(1.,0.,0.));
#5158=DIRECTION('',(0.,0.,1.));
#5159=DIRECTION('center_axis',(0.,-1.,0.));
#5160=DIRECTION('ref_axis',(0.,0.,-1.));
#5161=DIRECTION('center_axis',(0.,0.,-1.));
#5162=DIRECTION('ref_axis',(-1.,0.,0.));
#5163=DIRECTION('',(0.,1.,0.));
#5164=DIRECTION('',(-1.,0.,0.));
#5165=DIRECTION('center_axis',(-1.,0.,0.));
#5166=DIRECTION('ref_axis',(0.,0.,1.));
#5167=DIRECTION('center_axis',(1.,0.,0.));
#5168=DIRECTION('ref_axis',(0.,0.,-1.));
#5169=DIRECTION('',(1.,0.,0.));
#5170=DIRECTION('center_axis',(0.,1.,0.));
#5171=DIRECTION('ref_axis',(0.,0.,1.));
#5172=DIRECTION('',(0.,0.,1.));
#5173=DIRECTION('center_axis',(0.,-1.,0.));
#5174=DIRECTION('ref_axis',(0.,0.,-1.));
#5175=DIRECTION('',(0.,-1.,0.));
#5176=DIRECTION('center_axis',(0.,1.,0.));
#5177=DIRECTION('ref_axis',(0.,0.,1.));
#5178=DIRECTION('center_axis',(1.,0.,-8.76122967665054E-17));
#5179=DIRECTION('ref_axis',(-8.76122967665054E-17,0.,-1.));
#5180=DIRECTION('center_axis',(1.,0.,0.));
#5181=DIRECTION('ref_axis',(0.,0.,-1.));
#5182=DIRECTION('',(-1.,0.,8.76122967665054E-17));
#5183=DIRECTION('center_axis',(1.,0.,0.));
#5184=DIRECTION('ref_axis',(0.,0.,-1.));
#5185=DIRECTION('center_axis',(8.76122967665054E-17,0.,1.));
#5186=DIRECTION('ref_axis',(1.,0.,0.));
#5187=DIRECTION('center_axis',(8.76122967665054E-17,0.,1.));
#5188=DIRECTION('ref_axis',(1.,0.,-8.76122967665054E-17));
#5189=DIRECTION('center_axis',(-1.,0.,0.));
#5190=DIRECTION('ref_axis',(0.,0.,1.));
#5191=DIRECTION('',(0.,0.,1.));
#5192=DIRECTION('',(0.,-1.,0.));
#5193=DIRECTION('center_axis',(8.76122967665054E-17,0.,1.));
#5194=DIRECTION('ref_axis',(1.,0.,0.));
#5195=DIRECTION('center_axis',(8.76122967665054E-17,0.,1.));
#5196=DIRECTION('ref_axis',(1.,0.,-8.76122967665054E-17));
#5197=DIRECTION('center_axis',(0.,1.,0.));
#5198=DIRECTION('ref_axis',(0.,0.,1.));
#5199=DIRECTION('',(0.,0.,1.));
#5200=DIRECTION('',(1.,0.,0.));
#5201=DIRECTION('',(0.,0.,-1.));
#5202=DIRECTION('center_axis',(1.,0.,0.));
#5203=DIRECTION('ref_axis',(0.,0.,-1.));
#5204=DIRECTION('',(0.,1.,0.));
#5205=DIRECTION('',(0.,0.,-1.));
#5206=DIRECTION('center_axis',(0.,0.,-1.));
#5207=DIRECTION('ref_axis',(-1.,0.,0.));
#5208=DIRECTION('center_axis',(0.,0.,-1.));
#5209=DIRECTION('ref_axis',(1.,0.,0.));
#5210=DIRECTION('center_axis',(0.,0.,1.));
#5211=DIRECTION('ref_axis',(1.,0.,0.));
#5212=DIRECTION('center_axis',(0.,0.,-1.));
#5213=DIRECTION('ref_axis',(1.,0.,0.));
#5214=DIRECTION('center_axis',(0.,0.,1.));
#5215=DIRECTION('ref_axis',(1.,0.,0.));
#5216=DIRECTION('center_axis',(0.,0.,1.));
#5217=DIRECTION('ref_axis',(1.,0.,0.));
#5218=DIRECTION('',(0.,-1.,0.));
#5219=DIRECTION('',(0.,1.,0.));
#5220=DIRECTION('center_axis',(0.,0.,1.));
#5221=DIRECTION('ref_axis',(1.,0.,0.));
#5222=DIRECTION('',(-1.,0.,0.));
#5223=DIRECTION('',(1.,0.,0.));
#5224=DIRECTION('center_axis',(0.,0.,-1.));
#5225=DIRECTION('ref_axis',(1.,0.,0.));
#5226=DIRECTION('center_axis',(0.,0.,1.));
#5227=DIRECTION('ref_axis',(-1.,0.,0.));
#5228=DIRECTION('',(1.,8.40466800376362E-17,0.));
#5229=DIRECTION('center_axis',(0.,0.,1.));
#5230=DIRECTION('ref_axis',(-1.,0.,0.));
#5231=DIRECTION('',(0.,-1.,0.));
#5232=DIRECTION('center_axis',(0.,0.,1.));
#5233=DIRECTION('ref_axis',(1.,0.,0.));
#5234=DIRECTION('',(-1.,0.,0.));
#5235=DIRECTION('center_axis',(0.,0.,1.));
#5236=DIRECTION('ref_axis',(1.,0.,0.));
#5237=DIRECTION('center_axis',(0.,0.,-1.));
#5238=DIRECTION('ref_axis',(-1.,0.,0.));
#5239=DIRECTION('',(-1.,0.,0.));
#5240=DIRECTION('center_axis',(0.,0.,-1.));
#5241=DIRECTION('ref_axis',(1.,0.,0.));
#5242=DIRECTION('center_axis',(0.,0.,1.));
#5243=DIRECTION('ref_axis',(-1.,0.,0.));
#5244=DIRECTION('',(-1.,0.,0.));
#5245=DIRECTION('',(-0.707106781186547,0.707106781186547,0.));
#5246=DIRECTION('',(0.,1.,0.));
#5247=DIRECTION('',(0.707106781186547,0.707106781186547,0.));
#5248=DIRECTION('',(1.,0.,0.));
#5249=DIRECTION('center_axis',(0.,0.,1.));
#5250=DIRECTION('ref_axis',(1.,0.,0.));
#5251=DIRECTION('center_axis',(0.,0.,-1.));
#5252=DIRECTION('ref_axis',(-1.,0.,0.));
#5253=DIRECTION('center_axis',(0.,-1.,0.));
#5254=DIRECTION('ref_axis',(0.,0.,-1.));
#5255=DIRECTION('center_axis',(0.,1.,0.));
#5256=DIRECTION('ref_axis',(0.,0.,1.));
#5257=DIRECTION('center_axis',(0.,0.,1.));
#5258=DIRECTION('ref_axis',(1.,0.,0.));
#5259=DIRECTION('center_axis',(-1.,0.,0.));
#5260=DIRECTION('ref_axis',(0.,0.,1.));
#5261=DIRECTION('center_axis',(1.,0.,0.));
#5262=DIRECTION('ref_axis',(0.,0.,-1.));
#5263=DIRECTION('center_axis',(-1.,0.,0.));
#5264=DIRECTION('ref_axis',(0.,0.,1.));
#5265=DIRECTION('center_axis',(0.,0.,1.));
#5266=DIRECTION('ref_axis',(1.,0.,0.));
#5267=DIRECTION('center_axis',(0.,-1.,0.));
#5268=DIRECTION('ref_axis',(0.,0.,-1.));
#5269=DIRECTION('center_axis',(0.,1.,0.));
#5270=DIRECTION('ref_axis',(0.,0.,1.));
#5271=DIRECTION('center_axis',(0.,0.,-1.));
#5272=DIRECTION('ref_axis',(-1.,0.,0.));
#5273=DIRECTION('',(0.,0.,-1.));
#5274=DIRECTION('center_axis',(0.,0.,1.));
#5275=DIRECTION('ref_axis',(1.,0.,0.));
#5276=DIRECTION('',(0.,0.,-1.));
#5277=DIRECTION('center_axis',(0.,1.,0.));
#5278=DIRECTION('ref_axis',(0.,0.,1.));
#5279=DIRECTION('',(0.,0.,-1.));
#5280=DIRECTION('',(-1.,0.,0.));
#5281=DIRECTION('center_axis',(0.,0.,-1.));
#5282=DIRECTION('ref_axis',(-1.,0.,0.));
#5283=DIRECTION('',(0.,0.,-1.));
#5284=DIRECTION('center_axis',(0.,0.,1.));
#5285=DIRECTION('ref_axis',(1.,0.,0.));
#5286=DIRECTION('center_axis',(0.,0.,-1.));
#5287=DIRECTION('ref_axis',(-1.,0.,0.));
#5288=DIRECTION('',(0.,0.,-1.));
#5289=DIRECTION('center_axis',(0.,0.,-1.));
#5290=DIRECTION('ref_axis',(1.,0.,0.));
#5291=DIRECTION('center_axis',(0.,1.,0.));
#5292=DIRECTION('ref_axis',(0.,0.,1.));
#5293=DIRECTION('',(0.,0.,-1.));
#5294=DIRECTION('',(-1.,0.,0.));
#5295=DIRECTION('center_axis',(-0.707106781186548,0.707106781186548,0.));
#5296=DIRECTION('ref_axis',(-0.707106781186548,-0.707106781186548,0.));
#5297=DIRECTION('',(0.,0.,-1.));
#5298=DIRECTION('',(-0.707106781186547,-0.707106781186547,0.));
#5299=DIRECTION('center_axis',(-1.,0.,0.));
#5300=DIRECTION('ref_axis',(0.,0.,1.));
#5301=DIRECTION('',(0.,0.,-1.));
#5302=DIRECTION('',(0.,-1.,0.));
#5303=DIRECTION('center_axis',(-0.707106781186548,-0.707106781186548,0.));
#5304=DIRECTION('ref_axis',(0.707106781186548,-0.707106781186548,0.));
#5305=DIRECTION('',(0.,0.,-1.));
#5306=DIRECTION('',(0.707106781186547,-0.707106781186547,0.));
#5307=DIRECTION('center_axis',(0.,-1.,0.));
#5308=DIRECTION('ref_axis',(0.,0.,-1.));
#5309=DIRECTION('',(0.,0.,-1.));
#5310=DIRECTION('',(1.,0.,0.));
#5311=DIRECTION('center_axis',(0.,0.,-1.));
#5312=DIRECTION('ref_axis',(-1.,0.,0.));
#5313=DIRECTION('',(0.,0.,-1.));
#5314=DIRECTION('center_axis',(0.,0.,-1.));
#5315=DIRECTION('ref_axis',(1.,0.,0.));
#5316=DIRECTION('center_axis',(0.,0.,-1.));
#5317=DIRECTION('ref_axis',(-1.,0.,0.));
#5318=DIRECTION('',(0.,0.,-1.));
#5319=DIRECTION('center_axis',(0.,0.,1.));
#5320=DIRECTION('ref_axis',(1.,0.,0.));
#5321=DIRECTION('center_axis',(0.,-1.,0.));
#5322=DIRECTION('ref_axis',(0.,0.,-1.));
#5323=DIRECTION('',(0.,0.,-1.));
#5324=DIRECTION('',(1.,0.,0.));
#5325=DIRECTION('center_axis',(0.,0.,-1.));
#5326=DIRECTION('ref_axis',(-1.,0.,0.));
#5327=DIRECTION('',(0.,0.,-1.));
#5328=DIRECTION('center_axis',(0.,0.,1.));
#5329=DIRECTION('ref_axis',(1.,0.,0.));
#5330=DIRECTION('center_axis',(0.,0.,-1.));
#5331=DIRECTION('ref_axis',(-1.,0.,0.));
#5332=DIRECTION('',(0.,0.,-1.));
#5333=DIRECTION('center_axis',(0.,0.,-1.));
#5334=DIRECTION('ref_axis',(1.,9.63437907052837E-16,0.));
#5335=DIRECTION('center_axis',(0.,-1.,0.));
#5336=DIRECTION('ref_axis',(0.,0.,-1.));
#5337=DIRECTION('',(0.,0.,-1.));
#5338=DIRECTION('',(1.,0.,0.));
#5339=DIRECTION('center_axis',(0.,0.,-1.));
#5340=DIRECTION('ref_axis',(-1.,0.,0.));
#5341=DIRECTION('',(0.,0.,-1.));
#5342=DIRECTION('center_axis',(0.,0.,-1.));
#5343=DIRECTION('ref_axis',(1.,0.,0.));
#5344=DIRECTION('center_axis',(1.,0.,0.));
#5345=DIRECTION('ref_axis',(0.,0.,-1.));
#5346=DIRECTION('',(0.,0.,-1.));
#5347=DIRECTION('',(0.,1.,0.));
#5348=DIRECTION('center_axis',(0.,0.,-1.));
#5349=DIRECTION('ref_axis',(-1.,0.,0.));
#5350=DIRECTION('',(0.,0.,-1.));
#5351=DIRECTION('center_axis',(0.,0.,-1.));
#5352=DIRECTION('ref_axis',(1.,0.,0.));
#5353=DIRECTION('center_axis',(-8.40466800376361E-17,1.,0.));
#5354=DIRECTION('ref_axis',(-1.,-8.40466800376361E-17,0.));
#5355=DIRECTION('',(0.,0.,-1.));
#5356=DIRECTION('',(-1.,-8.40466800376362E-17,0.));
#5357=DIRECTION('center_axis',(0.,0.,-1.));
#5358=DIRECTION('ref_axis',(-1.,0.,0.));
#5359=DIRECTION('center_axis',(0.,0.,-1.));
#5360=DIRECTION('ref_axis',(1.,0.,0.));
#5361=DIRECTION('center_axis',(0.,0.,1.));
#5362=DIRECTION('ref_axis',(1.,0.,0.));
#5363=DIRECTION('',(1.,0.,0.));
#5364=DIRECTION('',(0.707106781186548,0.707106781186548,0.));
#5365=DIRECTION('',(0.,1.,0.));
#5366=DIRECTION('',(-0.707106781186548,0.707106781186548,0.));
#5367=DIRECTION('',(-1.,0.,0.));
#5368=DIRECTION('center_axis',(0.,0.,1.));
#5369=DIRECTION('ref_axis',(1.,0.,0.));
#5370=DIRECTION('center_axis',(0.,0.,-1.));
#5371=DIRECTION('ref_axis',(1.,0.,0.));
#5372=DIRECTION('',(-1.,0.,0.));
#5373=DIRECTION('center_axis',(0.,0.,-1.));
#5374=DIRECTION('ref_axis',(1.,0.,0.));
#5375=DIRECTION('center_axis',(0.,0.,1.));
#5376=DIRECTION('ref_axis',(1.,0.,0.));
#5377=DIRECTION('',(-1.,0.,0.));
#5378=DIRECTION('center_axis',(0.,0.,1.));
#5379=DIRECTION('ref_axis',(1.,0.,0.));
#5380=DIRECTION('',(0.,-1.,0.));
#5381=DIRECTION('center_axis',(0.,0.,1.));
#5382=DIRECTION('ref_axis',(1.,0.,0.));
#5383=DIRECTION('',(1.,8.40466800376362E-17,0.));
#5384=DIRECTION('center_axis',(0.,0.,1.));
#5385=DIRECTION('ref_axis',(1.,0.,0.));
#5386=DIRECTION('center_axis',(0.,0.,-1.));
#5387=DIRECTION('ref_axis',(1.,0.,0.));
#5388=DIRECTION('',(1.,0.,0.));
#5389=DIRECTION('center_axis',(0.,0.,-1.));
#5390=DIRECTION('ref_axis',(1.,0.,0.));
#5391=DIRECTION('center_axis',(0.,0.,1.));
#5392=DIRECTION('ref_axis',(1.,0.,0.));
#5393=DIRECTION('center_axis',(0.,0.,1.));
#5394=DIRECTION('ref_axis',(1.,0.,0.));
#5395=DIRECTION('center_axis',(0.,0.,1.));
#5396=DIRECTION('ref_axis',(1.,0.,0.));
#5397=DIRECTION('center_axis',(0.,0.,-1.));
#5398=DIRECTION('ref_axis',(-1.,0.,0.));
#5399=DIRECTION('',(0.,-0.707106781186551,0.707106781186544));
#5400=DIRECTION('',(-0.707106781186551,0.,-0.707106781186544));
#5401=DIRECTION('center_axis',(-0.707106781186544,0.,0.707106781186551));
#5402=DIRECTION('ref_axis',(0.,1.,0.));
#5403=DIRECTION('',(-0.707106781186551,0.,-0.707106781186544));
#5404=DIRECTION('center_axis',(0.,0.707106781186544,0.707106781186551));
#5405=DIRECTION('ref_axis',(1.,0.,0.));
#5406=DIRECTION('',(0.,-0.707106781186551,0.707106781186544));
#5407=DIRECTION('center_axis',(0.,0.,-1.));
#5408=DIRECTION('ref_axis',(-1.,0.,0.));
#5409=DIRECTION('',(0.,-0.707106781186549,-0.707106781186546));
#5410=DIRECTION('center_axis',(0.,0.,-1.));
#5411=DIRECTION('ref_axis',(-1.,0.,0.));
#5412=DIRECTION('',(-0.648031208863398,-0.282940899021418,0.707106781186544));
#5413=DIRECTION('center_axis',(5.94299773908284E-17,-0.707106781186546,
0.70710678118655));
#5414=DIRECTION('ref_axis',(-1.,-8.40466800376362E-17,6.16297582203915E-33));
#5415=DIRECTION('',(0.,-0.707106781186549,-0.707106781186546));
#5416=DIRECTION('center_axis',(0.,0.,1.));
#5417=DIRECTION('ref_axis',(1.,0.,0.));
#5418=DIRECTION('',(0.,-0.707106781186549,0.707106781186546));
#5419=DIRECTION('center_axis',(0.,0.,-1.));
#5420=DIRECTION('ref_axis',(-1.,0.,0.));
#5421=DIRECTION('',(0.648031208863396,-0.282940899021418,-0.707106781186545));
#5422=DIRECTION('center_axis',(0.,0.707106781186546,0.707106781186549));
#5423=DIRECTION('ref_axis',(1.,0.,0.));
#5424=DIRECTION('',(0.,-0.707106781186549,0.707106781186546));
#5425=DIRECTION('center_axis',(0.,0.,1.));
#5426=DIRECTION('ref_axis',(1.,0.,0.));
#5427=DIRECTION('',(0.,-0.707106781186549,-0.707106781186546));
#5428=DIRECTION('center_axis',(0.,0.,1.));
#5429=DIRECTION('ref_axis',(1.,0.,0.));
#5430=DIRECTION('',(0.648031208863397,-0.282940899021418,0.707106781186545));
#5431=DIRECTION('center_axis',(0.,-0.707106781186546,0.707106781186549));
#5432=DIRECTION('ref_axis',(-1.,0.,0.));
#5433=DIRECTION('',(0.,-0.707106781186549,-0.707106781186546));
#5434=DIRECTION('center_axis',(0.,0.,-1.));
#5435=DIRECTION('ref_axis',(-1.,0.,0.));
#5436=DIRECTION('',(0.,-0.707106781186551,0.707106781186544));
#5437=DIRECTION('center_axis',(0.,0.,1.));
#5438=DIRECTION('ref_axis',(1.,0.,0.));
#5439=DIRECTION('',(-0.648031208863396,-0.282940899021418,-0.707106781186545));
#5440=DIRECTION('center_axis',(0.,0.707106781186544,0.707106781186551));
#5441=DIRECTION('ref_axis',(1.,0.,0.));
#5442=DIRECTION('',(-0.281084637714819,-0.67859834454585,0.678598344545844));
#5443=DIRECTION('center_axis',(0.,0.,-1.));
#5444=DIRECTION('ref_axis',(-1.,0.,0.));
#5445=DIRECTION('',(0.,-0.707106781186549,-0.707106781186546));
#5446=DIRECTION('center_axis',(0.499999999999999,0.499999999999999,0.70710678118655));
#5447=DIRECTION('ref_axis',(0.707106781186548,-0.707106781186548,0.));
#5448=DIRECTION('',(-0.678598344545846,-0.281084637714826,0.678598344545846));
#5449=DIRECTION('center_axis',(0.,-0.707106781186546,0.707106781186549));
#5450=DIRECTION('ref_axis',(-1.,0.,0.));
#5451=DIRECTION('',(0.28108463771482,-0.678598344545849,-0.678598344545845));
#5452=DIRECTION('center_axis',(0.707106781186548,0.,0.707106781186548));
#5453=DIRECTION('ref_axis',(0.,-1.,0.));
#5454=DIRECTION('',(-0.678598344545846,0.281084637714824,0.678598344545846));
#5455=DIRECTION('center_axis',(0.499999999999999,-0.499999999999999,0.707106781186549));
#5456=DIRECTION('ref_axis',(-0.707106781186548,-0.707106781186548,0.));
#5457=DIRECTION('',(-4.44089209850063E-16,1.,2.22044604925031E-16));
#5458=DIRECTION('',(-1.,-4.44089209850063E-16,-9.86076131526264E-32));
#5459=DIRECTION('',(-4.44089209850063E-16,1.,2.22044604925031E-16));
#5460=DIRECTION('',(-1.,-4.44089209850063E-16,-9.86076131526264E-32));
#5461=DIRECTION('',(-4.44089209850063E-16,1.,2.22044604925031E-16));
#5462=DIRECTION('',(-1.,-4.44089209850063E-16,-9.86076131526264E-32));
#5463=DIRECTION('axis',(0.,0.,1.));
#5464=DIRECTION('refdir',(1.,0.,0.));
#5465=DIRECTION('center_axis',(-0.507146256329164,0.861860008755085,0.));
#5466=DIRECTION('ref_axis',(0.861860008755084,0.507146256329164,0.));
#5467=DIRECTION('',(0.861860008755084,0.507146256329164,0.));
#5468=DIRECTION('',(0.,0.,1.));
#5469=DIRECTION('',(-0.861860008755084,-0.507146256329164,0.));
#5470=DIRECTION('center_axis',(0.507146256329163,-0.861860008755085,0.));
#5471=DIRECTION('ref_axis',(-0.861860008755085,-0.507146256329163,0.));
#5472=DIRECTION('',(-0.861860008755085,-0.507146256329163,0.));
#5473=DIRECTION('',(0.,0.,1.));
#5474=DIRECTION('',(0.861860008755085,0.507146256329163,0.));
#5475=DIRECTION('center_axis',(0.,0.,1.));
#5476=DIRECTION('ref_axis',(1.,0.,0.));
#5477=DIRECTION('',(0.,0.,1.));
#5478=DIRECTION('',(0.,0.,1.));
#5479=DIRECTION('',(0.,0.,1.));
#5480=DIRECTION('',(0.,0.,1.));
#5481=DIRECTION('',(0.,0.,1.));
#5482=DIRECTION('',(0.,0.,1.));
#5483=DIRECTION('',(0.,0.,1.));
#5484=DIRECTION('',(0.,0.,1.));
#5485=DIRECTION('',(0.,0.,1.));
#5486=DIRECTION('',(0.,0.,1.));
#5487=DIRECTION('center_axis',(0.,0.,1.));
#5488=DIRECTION('ref_axis',(1.,0.,0.));
#5489=DIRECTION('center_axis',(-0.507146256329163,0.861860008755085,0.));
#5490=DIRECTION('ref_axis',(0.861860008755085,0.507146256329163,0.));
#5491=DIRECTION('',(0.,0.,-1.));
#5492=DIRECTION('',(0.861860008755085,0.507146256329163,0.));
#5493=DIRECTION('',(0.,0.,1.));
#5494=DIRECTION('',(-0.861860008755085,-0.507146256329163,0.));
#5495=DIRECTION('center_axis',(0.458268043048809,0.888814041698383,0.));
#5496=DIRECTION('ref_axis',(0.888814041698383,-0.458268043048809,0.));
#5497=DIRECTION('',(-0.888814041698383,0.458268043048809,0.));
#5498=DIRECTION('',(0.,0.,1.));
#5499=DIRECTION('',(0.888814041698383,-0.458268043048809,0.));
#5500=DIRECTION('center_axis',(0.,0.,1.));
#5501=DIRECTION('ref_axis',(1.,0.,0.));
#5502=DIRECTION('',(0.,1.,0.));
#5503=DIRECTION('',(0.,-1.,0.));
#5504=DIRECTION('',(-1.,0.,0.));
#5505=DIRECTION('',(0.290305798508053,-0.956933928415438,0.));
#5506=DIRECTION('',(1.,0.,0.));
#5507=DIRECTION('',(0.,-1.,0.));
#5508=DIRECTION('',(0.,0.,1.));
#5509=DIRECTION('',(0.,0.,1.));
#5510=DIRECTION('center_axis',(0.,1.,0.));
#5511=DIRECTION('ref_axis',(-1.,0.,0.));
#5512=DIRECTION('',(-1.,0.,0.));
#5513=DIRECTION('',(0.,0.,1.));
#5514=DIRECTION('center_axis',(1.,0.,0.));
#5515=DIRECTION('ref_axis',(0.,1.,0.));
#5516=DIRECTION('',(0.,1.,0.));
#5517=DIRECTION('',(0.,0.,1.));
#5518=DIRECTION('',(0.,0.,1.));
#5519=DIRECTION('center_axis',(0.,1.,0.));
#5520=DIRECTION('ref_axis',(-1.,0.,0.));
#5521=DIRECTION('',(1.,0.,0.));
#5522=DIRECTION('',(0.,0.,1.));
#5523=DIRECTION('',(0.,0.,1.));
#5524=DIRECTION('center_axis',(-1.,0.,0.));
#5525=DIRECTION('ref_axis',(0.,-1.,0.));
#5526=DIRECTION('',(0.,1.,0.));
#5527=DIRECTION('',(0.,0.,1.));
#5528=DIRECTION('',(0.,0.,1.));
#5529=DIRECTION('',(0.,0.,1.));
#5530=DIRECTION('',(0.,0.,1.));
#5531=DIRECTION('center_axis',(1.,0.,0.));
#5532=DIRECTION('ref_axis',(0.,1.,0.));
#5533=DIRECTION('',(0.,-1.,0.));
#5534=DIRECTION('center_axis',(-0.956933928415438,-0.290305798508053,0.));
#5535=DIRECTION('ref_axis',(0.290305798508053,-0.956933928415438,0.));
#5536=DIRECTION('',(-0.290305798508053,0.956933928415438,0.));
#5537=DIRECTION('',(0.,0.,1.));
#5538=DIRECTION('',(0.,0.,1.));
#5539=DIRECTION('',(0.,0.,1.));
#5540=DIRECTION('center_axis',(0.,0.,1.));
#5541=DIRECTION('ref_axis',(1.,0.,0.));
#5542=DIRECTION('center_axis',(-0.944119345339113,0.329603795118388,0.));
#5543=DIRECTION('ref_axis',(0.329603795118388,0.944119345339113,0.));
#5544=DIRECTION('',(0.329603795118388,0.944119345339113,0.));
#5545=DIRECTION('',(0.,0.,1.));
#5546=DIRECTION('',(-0.329603795118388,-0.944119345339113,0.));
#5547=DIRECTION('',(0.,0.,1.));
#5548=DIRECTION('center_axis',(0.942371042697612,0.334569600957732,0.));
#5549=DIRECTION('ref_axis',(0.334569600957732,-0.942371042697612,0.));
#5550=DIRECTION('',(0.334569600957732,-0.942371042697612,0.));
#5551=DIRECTION('',(0.,0.,1.));
#5552=DIRECTION('',(-0.334569600957732,0.942371042697612,0.));
#5553=DIRECTION('',(0.,0.,1.));
#5554=DIRECTION('center_axis',(0.,0.,1.));
#5555=DIRECTION('ref_axis',(1.,0.,0.));
#5556=DIRECTION('',(0.363637508764164,0.931540531710667,0.));
#5557=DIRECTION('',(0.363637508764164,-0.931540531710667,0.));
#5558=DIRECTION('',(0.372885324440014,-0.927877435234453,0.));
#5559=DIRECTION('',(1.,0.,0.));
#5560=DIRECTION('',(-0.374005485857371,0.927426491183313,0.));
#5561=DIRECTION('',(-1.,0.,0.));
#5562=DIRECTION('',(-0.372468437714137,-0.928044860395655,0.));
#5563=DIRECTION('',(1.,0.,0.));
#5564=DIRECTION('',(0.372885324440014,0.927877435234453,0.));
#5565=DIRECTION('center_axis',(-0.931540531710667,0.363637508764164,0.));
#5566=DIRECTION('ref_axis',(-0.363637508764164,-0.931540531710667,0.));
#5567=DIRECTION('',(-0.363637508764164,-0.931540531710667,0.));
#5568=DIRECTION('',(0.,0.,1.));
#5569=DIRECTION('center_axis',(0.931540531710667,0.363637508764164,0.));
#5570=DIRECTION('ref_axis',(-0.363637508764164,0.931540531710667,0.));
#5571=DIRECTION('',(-0.363637508764164,0.931540531710667,0.));
#5572=DIRECTION('center_axis',(0.927426491183313,0.374005485857371,0.));
#5573=DIRECTION('ref_axis',(-0.374005485857371,0.927426491183313,0.));
#5574=DIRECTION('',(0.374005485857371,-0.927426491183313,0.));
#5575=DIRECTION('',(0.,0.,1.));
#5576=DIRECTION('',(0.,0.,1.));
#5577=DIRECTION('center_axis',(0.,-1.,0.));
#5578=DIRECTION('ref_axis',(1.,0.,0.));
#5579=DIRECTION('',(-1.,0.,0.));
#5580=DIRECTION('',(0.,0.,1.));
#5581=DIRECTION('center_axis',(-0.927877435234453,-0.372885324440014,0.));
#5582=DIRECTION('ref_axis',(0.372885324440014,-0.927877435234453,0.));
#5583=DIRECTION('',(-0.372885324440014,0.927877435234453,0.));
#5584=DIRECTION('center_axis',(0.927877435234453,-0.372885324440014,0.));
#5585=DIRECTION('ref_axis',(0.372885324440014,0.927877435234453,0.));
#5586=DIRECTION('',(-0.372885324440014,-0.927877435234453,0.));
#5587=DIRECTION('',(0.,0.,1.));
#5588=DIRECTION('center_axis',(0.,-1.,0.));
#5589=DIRECTION('ref_axis',(1.,0.,0.));
#5590=DIRECTION('',(-1.,0.,0.));
#5591=DIRECTION('',(0.,0.,1.));
#5592=DIRECTION('center_axis',(-0.928044860395655,0.372468437714137,0.));
#5593=DIRECTION('ref_axis',(-0.372468437714137,-0.928044860395655,0.));
#5594=DIRECTION('',(0.372468437714137,0.928044860395655,0.));
#5595=DIRECTION('',(0.,0.,1.));
#5596=DIRECTION('center_axis',(0.,1.,0.));
#5597=DIRECTION('ref_axis',(-1.,0.,0.));
#5598=DIRECTION('',(1.,0.,0.));
#5599=DIRECTION('center_axis',(0.,0.,1.));
#5600=DIRECTION('ref_axis',(1.,0.,0.));
#5601=DIRECTION('center_axis',(0.478914303480794,-0.877861657621237,0.));
#5602=DIRECTION('ref_axis',(-0.877861657621237,-0.478914303480795,0.));
#5603=DIRECTION('',(0.,0.,-1.));
#5604=DIRECTION('',(-0.877861657621237,-0.478914303480795,0.));
#5605=DIRECTION('',(0.,0.,-1.));
#5606=DIRECTION('',(0.877861657621237,0.478914303480795,0.));
#5607=DIRECTION('center_axis',(0.,0.,1.));
#5608=DIRECTION('ref_axis',(1.,0.,0.));
#5609=DIRECTION('',(0.,-1.,0.));
#5610=DIRECTION('',(1.,0.,0.));
#5611=DIRECTION('',(0.,1.,0.));
#5612=DIRECTION('',(0.,-1.,0.));
#5613=DIRECTION('',(1.,0.,0.));
#5614=DIRECTION('',(0.,1.,0.));
#5615=DIRECTION('',(0.,-1.,0.));
#5616=DIRECTION('',(1.,0.,0.));
#5617=DIRECTION('',(0.,1.,0.));
#5618=DIRECTION('',(0.,-1.,0.));
#5619=DIRECTION('center_axis',(1.,0.,0.));
#5620=DIRECTION('ref_axis',(0.,-1.,0.));
#5621=DIRECTION('',(0.,0.,1.));
#5622=DIRECTION('',(0.,-1.,0.));
#5623=DIRECTION('center_axis',(-1.,0.,0.));
#5624=DIRECTION('ref_axis',(0.,-1.,0.));
#5625=DIRECTION('',(0.,1.,0.));
#5626=DIRECTION('',(0.,0.,1.));
#5627=DIRECTION('center_axis',(0.,0.,1.));
#5628=DIRECTION('ref_axis',(1.,0.,0.));
#5629=DIRECTION('',(0.,-1.,0.));
#5630=DIRECTION('',(-1.,0.,0.));
#5631=DIRECTION('',(0.,1.,0.));
#5632=DIRECTION('',(0.,-1.,0.));
#5633=DIRECTION('',(-1.,0.,0.));
#5634=DIRECTION('',(0.,1.,0.));
#5635=DIRECTION('',(0.,-1.,0.));
#5636=DIRECTION('',(-1.,0.,0.));
#5637=DIRECTION('',(0.,0.,1.));
#5638=DIRECTION('',(0.,0.,1.));
#5639=DIRECTION('',(0.,0.,1.));
#5640=DIRECTION('',(0.,0.,1.));
#5641=DIRECTION('center_axis',(1.,0.,0.));
#5642=DIRECTION('ref_axis',(0.,1.,0.));
#5643=DIRECTION('',(0.,0.,1.));
#5644=DIRECTION('center_axis',(0.,-1.,0.));
#5645=DIRECTION('ref_axis',(1.,0.,0.));
#5646=DIRECTION('',(0.,0.,1.));
#5647=DIRECTION('center_axis',(-1.,0.,0.));
#5648=DIRECTION('ref_axis',(0.,-1.,0.));
#5649=DIRECTION('',(0.,0.,1.));
#5650=DIRECTION('',(0.,0.,1.));
#5651=DIRECTION('',(0.,0.,1.));
#5652=DIRECTION('center_axis',(1.,0.,0.));
#5653=DIRECTION('ref_axis',(0.,1.,0.));
#5654=DIRECTION('',(0.,0.,1.));
#5655=DIRECTION('center_axis',(0.,-1.,0.));
#5656=DIRECTION('ref_axis',(1.,0.,0.));
#5657=DIRECTION('',(0.,0.,1.));
#5658=DIRECTION('center_axis',(-1.,0.,0.));
#5659=DIRECTION('ref_axis',(0.,-1.,0.));
#5660=DIRECTION('',(0.,0.,1.));
#5661=DIRECTION('',(0.,0.,1.));
#5662=DIRECTION('',(0.,0.,1.));
#5663=DIRECTION('center_axis',(1.,0.,0.));
#5664=DIRECTION('ref_axis',(0.,1.,0.));
#5665=DIRECTION('',(0.,0.,1.));
#5666=DIRECTION('center_axis',(0.,-1.,0.));
#5667=DIRECTION('ref_axis',(1.,0.,0.));
#5668=DIRECTION('center_axis',(0.507146256329163,-0.861860008755085,0.));
#5669=DIRECTION('ref_axis',(-0.861860008755085,-0.507146256329163,0.));
#5670=DIRECTION('',(-0.861860008755085,-0.507146256329163,0.));
#5671=DIRECTION('',(0.,0.,1.));
#5672=DIRECTION('',(0.861860008755085,0.507146256329163,0.));
#5673=DIRECTION('center_axis',(-0.507146256329163,0.861860008755085,0.));
#5674=DIRECTION('ref_axis',(0.861860008755085,0.507146256329163,0.));
#5675=DIRECTION('',(0.861860008755085,0.507146256329163,0.));
#5676=DIRECTION('',(0.,0.,1.));
#5677=DIRECTION('',(-0.861860008755085,-0.507146256329163,0.));
#5678=DIRECTION('center_axis',(0.,0.,1.));
#5679=DIRECTION('ref_axis',(1.,0.,0.));
#5680=DIRECTION('',(0.,0.,1.));
#5681=DIRECTION('',(0.,0.,1.));
#5682=DIRECTION('',(0.,0.,1.));
#5683=DIRECTION('',(0.,0.,1.));
#5684=DIRECTION('',(0.,0.,1.));
#5685=DIRECTION('',(0.,0.,1.));
#5686=DIRECTION('',(0.,0.,1.));
#5687=DIRECTION('',(0.,0.,1.));
#5688=DIRECTION('',(0.,0.,1.));
#5689=DIRECTION('',(0.,0.,1.));
#5690=DIRECTION('center_axis',(0.,0.,1.));
#5691=DIRECTION('ref_axis',(1.,0.,0.));
#5692=DIRECTION('center_axis',(0.,0.,-1.));
#5693=DIRECTION('ref_axis',(0.50901472326648,0.860757812336286,0.));
#5694=DIRECTION('center_axis',(0.,0.,1.));
#5695=DIRECTION('ref_axis',(0.50901472326648,0.860757812336286,0.));
#5696=DIRECTION('',(0.,0.,-1.));
#5697=DIRECTION('center_axis',(0.,0.,1.));
#5698=DIRECTION('ref_axis',(0.50901472326648,0.860757812336286,0.));
#5699=DIRECTION('',(0.,0.,-1.));
#5700=DIRECTION('center_axis',(0.927877435234453,0.372885324440013,0.));
#5701=DIRECTION('ref_axis',(0.372885324440013,-0.927877435234453,0.));
#5702=DIRECTION('',(0.372885324440013,-0.927877435234453,0.));
#5703=DIRECTION('',(0.,0.,-1.));
#5704=DIRECTION('',(0.372885324440013,-0.927877435234453,0.));
#5705=DIRECTION('center_axis',(0.,0.,-1.));
#5706=DIRECTION('ref_axis',(-0.498248316348248,-0.867034379512218,0.));
#5707=DIRECTION('center_axis',(0.,0.,-1.));
#5708=DIRECTION('ref_axis',(-0.498248316348248,-0.867034379512218,0.));
#5709=DIRECTION('',(0.,0.,-1.));
#5710=DIRECTION('center_axis',(0.,0.,-1.));
#5711=DIRECTION('ref_axis',(-0.498248316348248,-0.867034379512218,0.));
#5712=DIRECTION('center_axis',(-0.927877435234453,0.372885324440014,0.));
#5713=DIRECTION('ref_axis',(0.372885324440013,0.927877435234453,0.));
#5714=DIRECTION('',(0.372885324440013,0.927877435234453,0.));
#5715=DIRECTION('',(0.372885324440013,0.927877435234453,0.));
#5716=DIRECTION('center_axis',(0.,0.,1.));
#5717=DIRECTION('ref_axis',(1.,0.,0.));
#5718=DIRECTION('center_axis',(0.,0.,1.));
#5719=DIRECTION('ref_axis',(1.,0.,0.));
#5720=DIRECTION('axis',(0.,0.,1.));
#5721=DIRECTION('refdir',(1.,0.,0.));
#5722=DIRECTION('center_axis',(0.805970477030154,-0.591955733273854,0.));
#5723=DIRECTION('ref_axis',(0.591955733273854,0.805970477030154,0.));
#5724=DIRECTION('',(0.591955733273854,0.805970477030154,0.));
#5725=DIRECTION('',(0.,0.,1.));
#5726=DIRECTION('',(0.591955733273854,0.805970477030154,0.));
#5727=DIRECTION('',(0.,0.,1.));
#5728=DIRECTION('center_axis',(-0.805970477030154,-0.591955733273854,0.));
#5729=DIRECTION('ref_axis',(0.591955733273854,-0.805970477030154,0.));
#5730=DIRECTION('',(0.591955733273854,-0.805970477030154,0.));
#5731=DIRECTION('',(0.591955733273854,-0.805970477030154,0.));
#5732=DIRECTION('',(0.,0.,1.));
#5733=DIRECTION('center_axis',(0.,1.,0.));
#5734=DIRECTION('ref_axis',(-1.,0.,0.));
#5735=DIRECTION('',(-1.,0.,0.));
#5736=DIRECTION('',(-1.,0.,0.));
#5737=DIRECTION('center_axis',(0.,0.,1.));
#5738=DIRECTION('ref_axis',(1.,0.,0.));
#5739=DIRECTION('center_axis',(0.,0.,1.));
#5740=DIRECTION('ref_axis',(1.,0.,0.));
#5741=DIRECTION('',(9.86076131526264E-32,2.22044604925031E-16,1.));
#5742=DIRECTION('',(1.,-4.44089209850063E-16,0.));
#5743=DIRECTION('',(-7.29259602874353E-63,4.86173068582902E-63,1.));
#5744=DIRECTION('',(1.,-3.33066907387547E-16,7.29259602874353E-63));
#5745=DIRECTION('',(6.16297582203916E-32,-1.,6.16297582203916E-33));
#5746=DIRECTION('',(1.,6.16297582203916E-32,-1.07552855510562E-16));
#5747=CARTESIAN_POINT('',(0.,0.,0.));
#5748=CARTESIAN_POINT('',(0.,0.,0.));
#5749=CARTESIAN_POINT('',(0.,0.,0.));
#5750=CARTESIAN_POINT('Origin',(5.5,-2.,-1.45));
#5751=CARTESIAN_POINT('',(5.5,-1.69999999999999,-1.));
#5752=CARTESIAN_POINT('',(5.5,-1.69999999999999,-1.9));
#5753=CARTESIAN_POINT('Origin',(5.5,-1.69999999999999,-1.45));
#5754=CARTESIAN_POINT('Origin',(5.5,-1.69999999999999,-1.45));
#5755=CARTESIAN_POINT('',(5.5,-2.,-1.81961524227066));
#5756=CARTESIAN_POINT('',(5.5,-2.,-1.81961524227066));
#5757=CARTESIAN_POINT('',(5.5,-2.,-1.08038475772934));
#5758=CARTESIAN_POINT('Origin',(5.5,-2.,-1.45));
#5759=CARTESIAN_POINT('Origin',(5.5,-2.,-1.45));
#5760=CARTESIAN_POINT('Origin',(5.5,3.45,-1.45));
#5761=CARTESIAN_POINT('',(5.5,3.45,-1.9));
#5762=CARTESIAN_POINT('',(5.5,3.45,-1.));
#5763=CARTESIAN_POINT('Origin',(5.5,3.45,-1.45));
#5764=CARTESIAN_POINT('Origin',(5.5,3.45,-1.45));
#5765=CARTESIAN_POINT('',(5.5,3.5,-1.05));
#5766=CARTESIAN_POINT('Origin',(5.5,3.45,-1.05));
#5767=CARTESIAN_POINT('',(5.5,3.5,-1.85));
#5768=CARTESIAN_POINT('Origin',(5.5,3.5,-1.45));
#5769=CARTESIAN_POINT('Origin',(5.5,3.5,-1.45));
#5770=CARTESIAN_POINT('Origin',(5.5,-5.27279220613579,-1.45));
#5771=CARTESIAN_POINT('',(5.5,-5.27279220613579,-1.9));
#5772=CARTESIAN_POINT('Origin',(5.5,3.5,-1.45));
#5773=CARTESIAN_POINT('Origin',(0.,-2.,0.));
#5774=CARTESIAN_POINT('Origin',(-5.5,-2.,-1.45));
#5775=CARTESIAN_POINT('',(-5.5,-1.69999999999999,-1.));
#5776=CARTESIAN_POINT('',(-5.5,-1.69999999999999,-1.9));
#5777=CARTESIAN_POINT('Origin',(-5.5,-1.69999999999999,-1.45));
#5778=CARTESIAN_POINT('Origin',(-5.5,-1.69999999999999,-1.45));
#5779=CARTESIAN_POINT('',(-5.5,-2.,-1.81961524227066));
#5780=CARTESIAN_POINT('',(-5.5,-2.,-1.81961524227066));
#5781=CARTESIAN_POINT('',(-5.5,-2.,-1.08038475772934));
#5782=CARTESIAN_POINT('Origin',(-5.5,-2.,-1.45));
#5783=CARTESIAN_POINT('Origin',(-5.5,-2.,-1.45));
#5784=CARTESIAN_POINT('Origin',(-5.5,3.45,-1.45));
#5785=CARTESIAN_POINT('',(-5.5,3.5,-1.05));
#5786=CARTESIAN_POINT('',(-5.5,3.5,-1.85));
#5787=CARTESIAN_POINT('Origin',(-5.5,3.5,-1.45));
#5788=CARTESIAN_POINT('Origin',(-5.5,3.5,-1.45));
#5789=CARTESIAN_POINT('',(-5.5,3.45,-1.9));
#5790=CARTESIAN_POINT('Origin',(-5.5,3.45,-1.85));
#5791=CARTESIAN_POINT('',(-5.5,3.45,-1.));
#5792=CARTESIAN_POINT('Origin',(-5.5,3.45,-1.45));
#5793=CARTESIAN_POINT('Origin',(-5.5,3.45,-1.45));
#5794=CARTESIAN_POINT('Origin',(-5.5,-5.27279220613579,-1.45));
#5795=CARTESIAN_POINT('',(-5.5,-5.27279220613579,-1.9));
#5796=CARTESIAN_POINT('Origin',(-5.5,3.5,-1.45));
#5797=CARTESIAN_POINT('Origin',(0.,-2.,0.));
#5798=CARTESIAN_POINT('',(0.,0.,0.));
#5799=CARTESIAN_POINT('Origin',(-2.5,0.,-6.45));
#5800=CARTESIAN_POINT('',(-2.5,0.100000000000001,-5.45));
#5801=CARTESIAN_POINT('',(-2.5,0.100000000000001,-7.45));
#5802=CARTESIAN_POINT('Origin',(-2.5,0.100000000000001,-6.45));
#5803=CARTESIAN_POINT('Origin',(-2.5,0.100000000000001,-6.45));
#5804=CARTESIAN_POINT('',(-2.5,-7.35658305203047E-17,-7.35));
#5805=CARTESIAN_POINT('',(-2.5,0.,-7.35));
#5806=CARTESIAN_POINT('',(-2.5,0.,-5.55));
#5807=CARTESIAN_POINT('Origin',(-2.5,0.,-6.45));
#5808=CARTESIAN_POINT('Origin',(-2.5,0.,-6.45));
#5809=CARTESIAN_POINT('Origin',(-2.5,2.55,-4.6));
#5810=CARTESIAN_POINT('',(-3.65,2.55,-4.7));
#5811=CARTESIAN_POINT('',(-1.35,2.55,-4.7));
#5812=CARTESIAN_POINT('Origin',(-2.5,2.55,-4.7));
#5813=CARTESIAN_POINT('Origin',(-2.5,2.55,-4.7));
#5814=CARTESIAN_POINT('',(-1.25,2.55,-4.6));
#5815=CARTESIAN_POINT('Origin',(-1.35,2.55,-4.6));
#5816=CARTESIAN_POINT('',(-3.75,2.55,-4.6));
#5817=CARTESIAN_POINT('Origin',(-2.5,2.55,-4.6));
#5818=CARTESIAN_POINT('Origin',(-2.5,2.55,-4.6));
#5819=CARTESIAN_POINT('Origin',(-2.5,2.55,-4.8));
#5820=CARTESIAN_POINT('',(-3.5,2.55,-4.8));
#5821=CARTESIAN_POINT('',(-1.5,2.55,-4.8));
#5822=CARTESIAN_POINT('Origin',(-2.5,2.55,-4.8));
#5823=CARTESIAN_POINT('Origin',(-2.5,2.55,-4.8));
#5824=CARTESIAN_POINT('',(-1.4,2.55,-4.7));
#5825=CARTESIAN_POINT('Origin',(-1.4,2.55,-4.8));
#5826=CARTESIAN_POINT('',(-3.6,2.55,-4.7));
#5827=CARTESIAN_POINT('Origin',(-2.5,2.55,-4.7));
#5828=CARTESIAN_POINT('Origin',(-2.5,2.55,-4.7));
#5829=CARTESIAN_POINT('Origin',(-2.5,-1.49999999999998,-6.45));
#5830=CARTESIAN_POINT('',(-3.25,-1.49999999999998,-6.45));
#5831=CARTESIAN_POINT('',(-1.75,-1.49999999999998,-6.45));
#5832=CARTESIAN_POINT('Origin',(-2.5,-1.49999999999998,-6.45));
#5833=CARTESIAN_POINT('',(-2.5,-1.49999999999998,-7.2));
#5834=CARTESIAN_POINT('Origin',(-2.5,-1.49999999999998,-6.45));
#5835=CARTESIAN_POINT('',(-2.5,-2.,-7.06602540378443));
#5836=CARTESIAN_POINT('',(-2.5,-1.49999999999998,-7.2));
#5837=CARTESIAN_POINT('',(-2.5,-2.,-5.83397459621556));
#5838=CARTESIAN_POINT('Origin',(-2.5,-2.,-6.45));
#5839=CARTESIAN_POINT('Origin',(-2.5,-2.,-6.45));
#5840=CARTESIAN_POINT('Origin',(-2.5,-1.49999999999998,-6.45));
#5841=CARTESIAN_POINT('Origin',(-2.5,-4.12132034355964,-6.45));
#5842=CARTESIAN_POINT('',(-3.25,4.27109946736714E-16,-6.45));
#5843=CARTESIAN_POINT('',(-1.75,0.,-6.45));
#5844=CARTESIAN_POINT('Origin',(-2.5,3.28546112874395E-16,-6.45));
#5845=CARTESIAN_POINT('',(-1.75,-4.12132034355964,-6.45));
#5846=CARTESIAN_POINT('Origin',(-2.5,3.28546112874395E-16,-6.45));
#5847=CARTESIAN_POINT('Origin',(-2.5,2.55,-5.45));
#5848=CARTESIAN_POINT('',(-3.5,2.55,-5.45));
#5849=CARTESIAN_POINT('',(-3.5,2.55,-5.45));
#5850=CARTESIAN_POINT('',(-2.5,1.55,-5.45));
#5851=CARTESIAN_POINT('Origin',(-2.5,2.55,-5.45));
#5852=CARTESIAN_POINT('Origin',(-2.5,2.55,-5.45));
#5853=CARTESIAN_POINT('Origin',(-2.5,0.,-6.45));
#5854=CARTESIAN_POINT('',(-2.5,1.55,-7.45));
#5855=CARTESIAN_POINT('Origin',(-2.5,1.55,-6.45));
#5856=CARTESIAN_POINT('',(-2.5,0.,-7.45));
#5857=CARTESIAN_POINT('Origin',(-2.5,1.55,-6.45));
#5858=CARTESIAN_POINT('Origin',(-2.5,2.55,-4.7));
#5859=CARTESIAN_POINT('',(-1.25,2.55,-2.7));
#5860=CARTESIAN_POINT('',(-3.75,2.55,-2.7));
#5861=CARTESIAN_POINT('Origin',(-2.5,2.55,-2.7));
#5862=CARTESIAN_POINT('',(-3.75,2.55,-4.7));
#5863=CARTESIAN_POINT('Origin',(-2.5,2.55,-2.7));
#5864=CARTESIAN_POINT('Origin',(-2.5,2.55,-4.7));
#5865=CARTESIAN_POINT('Origin',(-2.5,2.55,-2.7));
#5866=CARTESIAN_POINT('Ctrl Pts',(-2.5,1.55,-5.45));
#5867=CARTESIAN_POINT('Ctrl Pts',(-2.5,1.55,-5.45));
#5868=CARTESIAN_POINT('Ctrl Pts',(-2.5,1.55,-5.45));
#5869=CARTESIAN_POINT('Ctrl Pts',(-3.5,1.55,-5.45));
#5870=CARTESIAN_POINT('Ctrl Pts',(-3.5,1.55,-5.45));
#5871=CARTESIAN_POINT('Ctrl Pts',(-3.5,1.55,-5.45));
#5872=CARTESIAN_POINT('Ctrl Pts',(-3.5,1.55,-6.45));
#5873=CARTESIAN_POINT('Ctrl Pts',(-3.5,2.55,-6.45));
#5874=CARTESIAN_POINT('Ctrl Pts',(-3.5,2.55,-5.45));
#5875=CARTESIAN_POINT('Ctrl Pts',(-3.5,1.55,-7.45));
#5876=CARTESIAN_POINT('Ctrl Pts',(-3.5,3.55,-7.45));
#5877=CARTESIAN_POINT('Ctrl Pts',(-3.5,3.55,-5.45));
#5878=CARTESIAN_POINT('Ctrl Pts',(-2.5,1.55,-7.45));
#5879=CARTESIAN_POINT('Ctrl Pts',(-2.5,3.55,-7.45));
#5880=CARTESIAN_POINT('Ctrl Pts',(-2.5,3.55,-5.45));
#5881=CARTESIAN_POINT('Ctrl Pts',(-1.5,1.55,-7.45));
#5882=CARTESIAN_POINT('Ctrl Pts',(-1.5,3.55,-7.45));
#5883=CARTESIAN_POINT('Ctrl Pts',(-1.5,3.55,-5.45));
#5884=CARTESIAN_POINT('Ctrl Pts',(-1.5,1.55,-6.45));
#5885=CARTESIAN_POINT('Ctrl Pts',(-1.5,2.55,-6.45));
#5886=CARTESIAN_POINT('Ctrl Pts',(-1.5,2.55,-5.45));
#5887=CARTESIAN_POINT('Ctrl Pts',(-1.5,1.55,-5.45));
#5888=CARTESIAN_POINT('Ctrl Pts',(-1.5,1.55,-5.45));
#5889=CARTESIAN_POINT('Ctrl Pts',(-1.5,1.55,-5.45));
#5890=CARTESIAN_POINT('Ctrl Pts',(-2.5,1.55,-5.45));
#5891=CARTESIAN_POINT('Ctrl Pts',(-2.5,1.55,-5.45));
#5892=CARTESIAN_POINT('Ctrl Pts',(-2.5,1.55,-5.45));
#5893=CARTESIAN_POINT('Origin',(-2.5,0.,-6.45));
#5894=CARTESIAN_POINT('Origin',(0.,-2.,0.));
#5895=CARTESIAN_POINT('Origin',(2.5,0.,-6.45));
#5896=CARTESIAN_POINT('',(2.5,0.100000000000001,-5.45));
#5897=CARTESIAN_POINT('',(2.5,0.100000000000001,-7.45));
#5898=CARTESIAN_POINT('Origin',(2.5,0.100000000000001,-6.45));
#5899=CARTESIAN_POINT('',(2.5,-7.35658305203047E-17,-7.35));
#5900=CARTESIAN_POINT('',(2.5,0.,-7.35));
#5901=CARTESIAN_POINT('',(2.5,0.,-5.55));
#5902=CARTESIAN_POINT('Origin',(2.5,0.,-6.45));
#5903=CARTESIAN_POINT('Origin',(2.5,0.,-6.45));
#5904=CARTESIAN_POINT('Origin',(2.5,0.100000000000001,-6.45));
#5905=CARTESIAN_POINT('Origin',(2.5,2.55,-4.6));
#5906=CARTESIAN_POINT('',(3.65,2.55,-4.7));
#5907=CARTESIAN_POINT('',(1.35,2.55,-4.7));
#5908=CARTESIAN_POINT('Origin',(2.5,2.55,-4.7));
#5909=CARTESIAN_POINT('',(1.25,2.55,-4.6));
#5910=CARTESIAN_POINT('Origin',(1.35,2.55,-4.6));
#5911=CARTESIAN_POINT('',(3.75,2.55,-4.6));
#5912=CARTESIAN_POINT('Origin',(2.5,2.55,-4.6));
#5913=CARTESIAN_POINT('Origin',(2.5,2.55,-4.6));
#5914=CARTESIAN_POINT('Origin',(2.5,2.55,-4.7));
#5915=CARTESIAN_POINT('Origin',(2.5,2.55,-4.8));
#5916=CARTESIAN_POINT('',(3.5,2.55,-4.8));
#5917=CARTESIAN_POINT('',(1.5,2.55,-4.8));
#5918=CARTESIAN_POINT('Origin',(2.5,2.55,-4.8));
#5919=CARTESIAN_POINT('',(1.4,2.55,-4.7));
#5920=CARTESIAN_POINT('Origin',(1.4,2.55,-4.8));
#5921=CARTESIAN_POINT('',(3.6,2.55,-4.7));
#5922=CARTESIAN_POINT('Origin',(2.5,2.55,-4.7));
#5923=CARTESIAN_POINT('Origin',(2.5,2.55,-4.7));
#5924=CARTESIAN_POINT('Origin',(2.5,2.55,-4.8));
#5925=CARTESIAN_POINT('Origin',(2.5,-1.49999999999998,-6.45));
#5926=CARTESIAN_POINT('',(3.25,-1.49999999999998,-6.45));
#5927=CARTESIAN_POINT('',(1.75,-1.49999999999998,-6.45));
#5928=CARTESIAN_POINT('Origin',(2.5,-1.49999999999998,-6.45));
#5929=CARTESIAN_POINT('',(2.5,-1.49999999999998,-7.2));
#5930=CARTESIAN_POINT('Origin',(2.5,-1.49999999999998,-6.45));
#5931=CARTESIAN_POINT('',(2.5,-2.,-7.06602540378443));
#5932=CARTESIAN_POINT('',(2.5,-1.49999999999998,-7.2));
#5933=CARTESIAN_POINT('',(2.5,-2.,-5.83397459621556));
#5934=CARTESIAN_POINT('Origin',(2.5,-2.,-6.45));
#5935=CARTESIAN_POINT('Origin',(2.5,-2.,-6.45));
#5936=CARTESIAN_POINT('Origin',(2.5,-1.49999999999998,-6.45));
#5937=CARTESIAN_POINT('Origin',(2.5,-4.12132034355964,-6.45));
#5938=CARTESIAN_POINT('',(3.25,4.27109946736714E-16,-6.45));
#5939=CARTESIAN_POINT('',(1.75,0.,-6.45));
#5940=CARTESIAN_POINT('Origin',(2.5,3.28546112874395E-16,-6.45));
#5941=CARTESIAN_POINT('Origin',(2.5,3.28546112874395E-16,-6.45));
#5942=CARTESIAN_POINT('',(1.75,-4.12132034355964,-6.45));
#5943=CARTESIAN_POINT('Origin',(2.5,2.55,-5.45));
#5944=CARTESIAN_POINT('',(3.5,2.55,-5.45));
#5945=CARTESIAN_POINT('',(3.5,2.55,-5.45));
#5946=CARTESIAN_POINT('',(2.5,1.55,-5.45));
#5947=CARTESIAN_POINT('Origin',(2.5,2.55,-5.45));
#5948=CARTESIAN_POINT('Origin',(2.5,2.55,-5.45));
#5949=CARTESIAN_POINT('Origin',(2.5,0.,-6.45));
#5950=CARTESIAN_POINT('',(2.5,1.55,-7.45));
#5951=CARTESIAN_POINT('Origin',(2.5,1.55,-6.45));
#5952=CARTESIAN_POINT('Origin',(2.5,1.55,-6.45));
#5953=CARTESIAN_POINT('',(2.5,0.,-7.45));
#5954=CARTESIAN_POINT('Origin',(2.5,2.55,-4.7));
#5955=CARTESIAN_POINT('',(1.25,2.55,-2.7));
#5956=CARTESIAN_POINT('',(3.75,2.55,-2.7));
#5957=CARTESIAN_POINT('Origin',(2.5,2.55,-2.7));
#5958=CARTESIAN_POINT('Origin',(2.5,2.55,-2.7));
#5959=CARTESIAN_POINT('',(3.75,2.55,-4.7));
#5960=CARTESIAN_POINT('Origin',(2.5,2.55,-4.7));
#5961=CARTESIAN_POINT('Origin',(2.5,2.55,-2.7));
#5962=CARTESIAN_POINT('Origin',(2.5,0.,-6.45));
#5963=CARTESIAN_POINT('Ctrl Pts',(2.5,1.55,-5.45));
#5964=CARTESIAN_POINT('Ctrl Pts',(2.5,1.55,-5.45));
#5965=CARTESIAN_POINT('Ctrl Pts',(2.5,1.55,-5.45));
#5966=CARTESIAN_POINT('Ctrl Pts',(3.5,1.55,-5.45));
#5967=CARTESIAN_POINT('Ctrl Pts',(3.5,1.55,-5.45));
#5968=CARTESIAN_POINT('Ctrl Pts',(3.5,1.55,-5.45));
#5969=CARTESIAN_POINT('Ctrl Pts',(3.5,2.55,-5.45));
#5970=CARTESIAN_POINT('Ctrl Pts',(3.5,2.55,-6.45));
#5971=CARTESIAN_POINT('Ctrl Pts',(3.5,1.55,-6.45));
#5972=CARTESIAN_POINT('Ctrl Pts',(3.5,3.55,-5.45));
#5973=CARTESIAN_POINT('Ctrl Pts',(3.5,3.55,-7.45));
#5974=CARTESIAN_POINT('Ctrl Pts',(3.5,1.55,-7.45));
#5975=CARTESIAN_POINT('Ctrl Pts',(2.5,3.55,-5.45));
#5976=CARTESIAN_POINT('Ctrl Pts',(2.5,3.55,-7.45));
#5977=CARTESIAN_POINT('Ctrl Pts',(2.5,1.55,-7.45));
#5978=CARTESIAN_POINT('Ctrl Pts',(1.5,3.55,-5.45));
#5979=CARTESIAN_POINT('Ctrl Pts',(1.5,3.55,-7.45));
#5980=CARTESIAN_POINT('Ctrl Pts',(1.5,1.55,-7.45));
#5981=CARTESIAN_POINT('Ctrl Pts',(1.5,2.55,-5.45));
#5982=CARTESIAN_POINT('Ctrl Pts',(1.5,2.55,-6.45));
#5983=CARTESIAN_POINT('Ctrl Pts',(1.5,1.55,-6.45));
#5984=CARTESIAN_POINT('Ctrl Pts',(1.5,1.55,-5.45));
#5985=CARTESIAN_POINT('Ctrl Pts',(1.5,1.55,-5.45));
#5986=CARTESIAN_POINT('Ctrl Pts',(1.5,1.55,-5.45));
#5987=CARTESIAN_POINT('Ctrl Pts',(2.5,1.55,-5.45));
#5988=CARTESIAN_POINT('Ctrl Pts',(2.5,1.55,-5.45));
#5989=CARTESIAN_POINT('Ctrl Pts',(2.5,1.55,-5.45));
#5990=CARTESIAN_POINT('Origin',(0.,-2.,0.));
#5991=CARTESIAN_POINT('',(0.,0.,0.));
#5992=CARTESIAN_POINT('Origin',(-2.5,2.55,7.3));
#5993=CARTESIAN_POINT('',(-1.45,2.55,7.3));
#5994=CARTESIAN_POINT('',(-3.55,2.55,7.3));
#5995=CARTESIAN_POINT('Origin',(-2.5,2.55,7.3));
#5996=CARTESIAN_POINT('Origin',(-2.5,2.55,7.3));
#5997=CARTESIAN_POINT('',(-3.70000000000001,2.55,7.45));
#5998=CARTESIAN_POINT('',(-3.55,2.55,7.3));
#5999=CARTESIAN_POINT('',(-1.3,2.55,7.45));
#6000=CARTESIAN_POINT('Origin',(-2.5,2.55,7.45));
#6001=CARTESIAN_POINT('Origin',(-2.5,2.55,7.45));
#6002=CARTESIAN_POINT('Origin',(2.5,2.55,7.3));
#6003=CARTESIAN_POINT('',(3.55,2.55,7.3));
#6004=CARTESIAN_POINT('',(1.45,2.55,7.3));
#6005=CARTESIAN_POINT('Origin',(2.5,2.55,7.3));
#6006=CARTESIAN_POINT('Origin',(2.5,2.55,7.3));
#6007=CARTESIAN_POINT('',(1.29999999999999,2.55,7.45));
#6008=CARTESIAN_POINT('',(1.45,2.55,7.3));
#6009=CARTESIAN_POINT('',(3.7,2.55,7.45));
#6010=CARTESIAN_POINT('Origin',(2.5,2.55,7.45));
#6011=CARTESIAN_POINT('Origin',(2.5,2.55,7.45));
#6012=CARTESIAN_POINT('Origin',(2.5,2.55,-1.5198484809835));
#6013=CARTESIAN_POINT('',(3.55,2.55,1.45));
#6014=CARTESIAN_POINT('',(1.45,2.55,1.45));
#6015=CARTESIAN_POINT('Origin',(2.5,2.55,1.45));
#6016=CARTESIAN_POINT('',(1.45,2.55,-1.5198484809835));
#6017=CARTESIAN_POINT('Origin',(2.5,2.55,1.45));
#6018=CARTESIAN_POINT('Origin',(-2.5,2.55,-1.5198484809835));
#6019=CARTESIAN_POINT('',(-1.45,2.55,1.45));
#6020=CARTESIAN_POINT('',(-3.55,2.55,1.45));
#6021=CARTESIAN_POINT('Origin',(-2.5,2.55,1.45));
#6022=CARTESIAN_POINT('',(-3.55,2.55,-1.5198484809835));
#6023=CARTESIAN_POINT('Origin',(-2.5,2.55,1.45));
#6024=CARTESIAN_POINT('Origin',(-5.5,3.45,-1.45));
#6025=CARTESIAN_POINT('',(-5.5,3.45,-1.));
#6026=CARTESIAN_POINT('',(-5.5,3.45,-1.9));
#6027=CARTESIAN_POINT('Origin',(-5.5,3.45,-1.45));
#6028=CARTESIAN_POINT('Origin',(-5.5,3.45,-1.45));
#6029=CARTESIAN_POINT('',(-5.5,3.5,-1.95));
#6030=CARTESIAN_POINT('',(-5.5,3.45,-1.9));
#6031=CARTESIAN_POINT('',(-5.5,3.5,-0.950000000000003));
#6032=CARTESIAN_POINT('Origin',(-5.5,3.5,-1.45));
#6033=CARTESIAN_POINT('Origin',(-5.5,3.5,-1.45));
#6034=CARTESIAN_POINT('Origin',(5.5,3.45,-1.45));
#6035=CARTESIAN_POINT('',(5.5,3.45,-1.));
#6036=CARTESIAN_POINT('',(5.5,3.45,-1.9));
#6037=CARTESIAN_POINT('Origin',(5.5,3.45,-1.45));
#6038=CARTESIAN_POINT('Origin',(5.5,3.45,-1.45));
#6039=CARTESIAN_POINT('',(5.5,3.5,-1.95));
#6040=CARTESIAN_POINT('',(5.5,3.45,-1.9));
#6041=CARTESIAN_POINT('',(5.5,3.5,-0.950000000000003));
#6042=CARTESIAN_POINT('Origin',(5.5,3.5,-1.45));
#6043=CARTESIAN_POINT('Origin',(5.5,3.5,-1.45));
#6044=CARTESIAN_POINT('Origin',(-5.5,0.,-1.45));
#6045=CARTESIAN_POINT('',(-5.5,0.0499999999999996,-1.));
#6046=CARTESIAN_POINT('',(-5.5,0.0499999999999996,-1.9));
#6047=CARTESIAN_POINT('Origin',(-5.5,0.0499999999999996,-1.45));
#6048=CARTESIAN_POINT('',(-5.5,0.,-1.9));
#6049=CARTESIAN_POINT('Origin',(-5.5,0.0499999999999996,-1.45));
#6050=CARTESIAN_POINT('Origin',(-5.5,0.,-1.45));
#6051=CARTESIAN_POINT('',(-5.5,-1.92367069372179E-17,-0.950000000000001));
#6052=CARTESIAN_POINT('',(-5.5,0.,-0.950000000000001));
#6053=CARTESIAN_POINT('',(-5.5,0.,-1.95));
#6054=CARTESIAN_POINT('Origin',(-5.5,0.,-1.45));
#6055=CARTESIAN_POINT('Origin',(-5.5,0.,-1.45));
#6056=CARTESIAN_POINT('Origin',(5.5,0.,-1.45));
#6057=CARTESIAN_POINT('',(5.5,0.0499999999999996,-1.9));
#6058=CARTESIAN_POINT('',(5.5,0.0499999999999997,-1.));
#6059=CARTESIAN_POINT('Origin',(5.5,0.0499999999999996,-1.45));
#6060=CARTESIAN_POINT('Origin',(5.5,0.0499999999999996,-1.45));
#6061=CARTESIAN_POINT('',(5.5,-3.84734138744357E-17,-0.950000000000001));
#6062=CARTESIAN_POINT('',(5.5,0.,-0.950000000000001));
#6063=CARTESIAN_POINT('',(5.5,0.,-1.95));
#6064=CARTESIAN_POINT('Origin',(5.5,0.,-1.45));
#6065=CARTESIAN_POINT('Origin',(5.5,0.,-1.45));
#6066=CARTESIAN_POINT('Origin',(5.5,0.,-1.45));
#6067=CARTESIAN_POINT('',(5.5,0.,-1.9));
#6068=CARTESIAN_POINT('Origin',(6.65,3.5,-0.2));
#6069=CARTESIAN_POINT('',(6.65,0.,-1.7));
#6070=CARTESIAN_POINT('',(6.65,3.4,-1.7));
#6071=CARTESIAN_POINT('',(6.65,3.5,-1.7));
#6072=CARTESIAN_POINT('',(6.65,3.4,-1.2));
#6073=CARTESIAN_POINT('',(6.65,3.4,-0.2));
#6074=CARTESIAN_POINT('',(6.65,0.,-1.2));
#6075=CARTESIAN_POINT('',(6.65,3.5,-1.2));
#6076=CARTESIAN_POINT('',(6.65,0.,-0.2));
#6077=CARTESIAN_POINT('Origin',(-6.65,3.5,-0.2));
#6078=CARTESIAN_POINT('',(-6.65,0.,-1.2));
#6079=CARTESIAN_POINT('',(-6.65,3.4,-1.2));
#6080=CARTESIAN_POINT('',(-6.65,3.5,-1.2));
#6081=CARTESIAN_POINT('',(-6.65,3.4,-1.7));
#6082=CARTESIAN_POINT('',(-6.65,3.4,-1.7));
#6083=CARTESIAN_POINT('',(-6.65,0.,-1.7));
#6084=CARTESIAN_POINT('',(-6.65,3.5,-1.7));
#6085=CARTESIAN_POINT('',(-6.65,0.,-0.2));
#6086=CARTESIAN_POINT('Origin',(5.65,5.,-1.7));
#6087=CARTESIAN_POINT('',(5.65,3.4,-2.7));
#6088=CARTESIAN_POINT('',(5.65,0.,-2.7));
#6089=CARTESIAN_POINT('',(5.65,5.,-2.7));
#6090=CARTESIAN_POINT('Origin',(5.65,3.4,-1.7));
#6091=CARTESIAN_POINT('Origin',(5.65,0.,-1.7));
#6092=CARTESIAN_POINT('Origin',(-5.65,3.5,-1.7));
#6093=CARTESIAN_POINT('',(-5.65,3.4,-2.7));
#6094=CARTESIAN_POINT('Origin',(-5.65,3.4,-1.7));
#6095=CARTESIAN_POINT('',(-5.65,0.,-2.7));
#6096=CARTESIAN_POINT('',(-5.65,5.,-2.7));
#6097=CARTESIAN_POINT('Origin',(-5.65,0.,-1.7));
#6098=CARTESIAN_POINT('Origin',(-2.27791971592914E-16,3.4,-2.6));
#6099=CARTESIAN_POINT('',(4.95,3.5,-2.6));
#6100=CARTESIAN_POINT('',(4.85,3.4,-2.7));
#6101=CARTESIAN_POINT('Origin',(4.85000000000001,3.40000000000001,-2.60000000000001));
#6102=CARTESIAN_POINT('',(5.65,3.5,-2.6));
#6103=CARTESIAN_POINT('',(-2.27791971592914E-16,3.5,-2.6));
#6104=CARTESIAN_POINT('Origin',(5.65,3.4,-2.6));
#6105=CARTESIAN_POINT('',(4.95,3.4,-2.7));
#6106=CARTESIAN_POINT('Origin',(5.65,3.4,-1.7));
#6107=CARTESIAN_POINT('',(6.55,3.5,-1.7));
#6108=CARTESIAN_POINT('Origin',(5.65,3.5,-1.7));
#6109=CARTESIAN_POINT('Origin',(6.55,3.4,-1.7));
#6110=CARTESIAN_POINT('Origin',(6.55,3.4,0.));
#6111=CARTESIAN_POINT('',(6.55,3.5,-1.2));
#6112=CARTESIAN_POINT('',(6.55,3.5,0.));
#6113=CARTESIAN_POINT('Origin',(6.55,3.4,-1.2));
#6114=CARTESIAN_POINT('Origin',(5.65,3.4,-1.2));
#6115=CARTESIAN_POINT('',(5.65,3.5,-0.3));
#6116=CARTESIAN_POINT('Origin',(5.65,3.5,-1.2));
#6117=CARTESIAN_POINT('',(5.65,3.4,-0.2));
#6118=CARTESIAN_POINT('Origin',(5.65,3.4,-0.3));
#6119=CARTESIAN_POINT('Origin',(5.65,3.4,-1.2));
#6120=CARTESIAN_POINT('Origin',(0.,0.,0.));
#6121=CARTESIAN_POINT('',(5.65,0.,-0.2));
#6122=CARTESIAN_POINT('Origin',(5.65,0.,-1.2));
#6123=CARTESIAN_POINT('',(3.65,0.,-0.2));
#6124=CARTESIAN_POINT('',(3.65,0.,-0.2));
#6125=CARTESIAN_POINT('',(3.65,0.,-2.7));
#6126=CARTESIAN_POINT('',(3.65,0.,-0.2));
#6127=CARTESIAN_POINT('',(3.65,0.,-2.7));
#6128=CARTESIAN_POINT('Origin',(5.65,3.5,-1.2));
#6129=CARTESIAN_POINT('',(5.65,3.5,-0.2));
#6130=CARTESIAN_POINT('Origin',(0.,0.,0.));
#6131=CARTESIAN_POINT('',(-3.65,0.,-2.7));
#6132=CARTESIAN_POINT('',(-3.65,0.,-2.7));
#6133=CARTESIAN_POINT('',(-3.65,0.,-0.2));
#6134=CARTESIAN_POINT('',(-3.65,0.,-0.2));
#6135=CARTESIAN_POINT('',(-5.65,0.,-0.2));
#6136=CARTESIAN_POINT('',(-3.65,0.,-0.2));
#6137=CARTESIAN_POINT('Origin',(-5.65,0.,-1.2));
#6138=CARTESIAN_POINT('Origin',(-5.65,3.5,-1.2));
#6139=CARTESIAN_POINT('',(-5.65,3.4,-0.2));
#6140=CARTESIAN_POINT('',(-5.65,3.5,-0.2));
#6141=CARTESIAN_POINT('Origin',(-5.65,3.4,-1.2));
#6142=CARTESIAN_POINT('Origin',(-5.65,3.4,-1.2));
#6143=CARTESIAN_POINT('',(-5.65,3.5,-0.3));
#6144=CARTESIAN_POINT('Origin',(-5.65,3.4,-0.3));
#6145=CARTESIAN_POINT('',(-6.55,3.5,-1.2));
#6146=CARTESIAN_POINT('Origin',(-5.65,3.5,-1.2));
#6147=CARTESIAN_POINT('Origin',(-6.55,3.4,-1.2));
#6148=CARTESIAN_POINT('Origin',(-6.55,3.4,0.));
#6149=CARTESIAN_POINT('',(-6.55,3.5,-1.7));
#6150=CARTESIAN_POINT('',(-6.55,3.5,-1.2));
#6151=CARTESIAN_POINT('Origin',(-6.55,3.4,-1.7));
#6152=CARTESIAN_POINT('Origin',(-5.65,3.4,-1.7));
#6153=CARTESIAN_POINT('',(-5.65,3.5,-2.6));
#6154=CARTESIAN_POINT('Origin',(-5.65,3.5,-1.7));
#6155=CARTESIAN_POINT('Origin',(-5.65,3.4,-2.6));
#6156=CARTESIAN_POINT('Origin',(-2.27791971592914E-16,3.4,-2.6));
#6157=CARTESIAN_POINT('',(-4.85,3.4,-2.7));
#6158=CARTESIAN_POINT('',(-4.95,3.5,-2.6));
#6159=CARTESIAN_POINT('Origin',(-4.85000000000004,3.40000000000004,-2.60000000000004));
#6160=CARTESIAN_POINT('',(-4.85,3.4,-2.7));
#6161=CARTESIAN_POINT('',(-5.65,3.5,-2.6));
#6162=CARTESIAN_POINT('Origin',(3.65,3.5,-0.2));
#6163=CARTESIAN_POINT('',(3.65,0.1,-2.7));
#6164=CARTESIAN_POINT('',(3.65,0.1,-0.2));
#6165=CARTESIAN_POINT('',(3.65,0.1,0.));
#6166=CARTESIAN_POINT('',(3.65,3.5,-2.7));
#6167=CARTESIAN_POINT('',(3.65,3.5,-0.2));
#6168=CARTESIAN_POINT('Origin',(4.95,5.,-2.7));
#6169=CARTESIAN_POINT('',(-4.85,4.,-2.7));
#6170=CARTESIAN_POINT('',(-4.85,5.,-2.7));
#6171=CARTESIAN_POINT('',(-3.95,4.9,-2.7));
#6172=CARTESIAN_POINT('Origin',(-3.95,4.,-2.7));
#6173=CARTESIAN_POINT('',(3.95,4.9,-2.7));
#6174=CARTESIAN_POINT('',(3.95,4.9,-2.7));
#6175=CARTESIAN_POINT('',(4.85,4.,-2.7));
#6176=CARTESIAN_POINT('Origin',(3.95,4.,-2.7));
#6177=CARTESIAN_POINT('',(4.85,5.,-2.7));
#6178=CARTESIAN_POINT('',(-3.65,0.0999999999999998,-2.7));
#6179=CARTESIAN_POINT('',(-4.95,0.1,-2.7));
#6180=CARTESIAN_POINT('',(-3.65,3.5,-2.7));
#6181=CARTESIAN_POINT('Origin',(-3.65,3.5,-0.2));
#6182=CARTESIAN_POINT('',(-3.65,0.1,-0.2));
#6183=CARTESIAN_POINT('',(-3.65,0.1,0.));
#6184=CARTESIAN_POINT('',(-3.65,3.5,-0.2));
#6185=CARTESIAN_POINT('Origin',(4.85,5.,-2.6));
#6186=CARTESIAN_POINT('',(4.95,4.,-2.6));
#6187=CARTESIAN_POINT('Origin',(4.85,4.,-2.6));
#6188=CARTESIAN_POINT('',(4.95,5.,-2.6));
#6189=CARTESIAN_POINT('Origin',(0.,3.5,0.));
#6190=CARTESIAN_POINT('',(4.95,3.5,-0.3));
#6191=CARTESIAN_POINT('',(4.95,3.5,7.45));
#6192=CARTESIAN_POINT('',(0.,3.5,-0.3));
#6193=CARTESIAN_POINT('Origin',(0.,3.4,-0.3));
#6194=CARTESIAN_POINT('',(4.95,3.4,-0.2));
#6195=CARTESIAN_POINT('Origin',(4.95,3.4,-0.3));
#6196=CARTESIAN_POINT('',(3.65,3.4,-0.2));
#6197=CARTESIAN_POINT('Origin',(3.65,3.5,-0.2));
#6198=CARTESIAN_POINT('',(4.95,0.1,-0.2));
#6199=CARTESIAN_POINT('',(4.95,5.,-0.2));
#6200=CARTESIAN_POINT('',(0.,0.1,-0.2));
#6201=CARTESIAN_POINT('Origin',(0.,0.1,0.));
#6202=CARTESIAN_POINT('',(4.85,0.1,1.45));
#6203=CARTESIAN_POINT('',(-4.85,0.1,1.45));
#6204=CARTESIAN_POINT('',(0.,0.1,1.45));
#6205=CARTESIAN_POINT('',(-4.95,0.1,1.35));
#6206=CARTESIAN_POINT('Origin',(-4.85,0.1,1.35));
#6207=CARTESIAN_POINT('',(-4.95,0.1,-0.2));
#6208=CARTESIAN_POINT('',(-4.95,0.1,7.45));
#6209=CARTESIAN_POINT('',(0.,0.1,-0.2));
#6210=CARTESIAN_POINT('',(4.95,0.1,1.35));
#6211=CARTESIAN_POINT('',(4.95,0.1,-2.7));
#6212=CARTESIAN_POINT('Origin',(4.85,0.1,1.35));
#6213=CARTESIAN_POINT('Origin',(-3.65,3.5,-0.2));
#6214=CARTESIAN_POINT('',(-4.95,3.4,-0.2));
#6215=CARTESIAN_POINT('',(-4.95,5.,-0.2));
#6216=CARTESIAN_POINT('',(-5.65,3.4,-0.2));
#6217=CARTESIAN_POINT('Origin',(0.,3.4,-0.3));
#6218=CARTESIAN_POINT('',(-4.95,3.5,-0.3));
#6219=CARTESIAN_POINT('Origin',(-4.95,3.4,-0.3));
#6220=CARTESIAN_POINT('',(-4.95,3.5,-0.3));
#6221=CARTESIAN_POINT('Origin',(0.,3.5,0.));
#6222=CARTESIAN_POINT('',(-4.95,3.5,7.45));
#6223=CARTESIAN_POINT('Origin',(-4.85,5.,-2.6));
#6224=CARTESIAN_POINT('',(-4.95,4.,-2.6));
#6225=CARTESIAN_POINT('',(-4.95,5.,-2.6));
#6226=CARTESIAN_POINT('Origin',(-4.85,4.,-2.6));
#6227=CARTESIAN_POINT('Origin',(-2.27791971592914E-16,4.9,-2.6));
#6228=CARTESIAN_POINT('',(-3.95,5.,-2.6));
#6229=CARTESIAN_POINT('Origin',(-3.95,4.9,-2.6));
#6230=CARTESIAN_POINT('',(3.95,5.,-2.6));
#6231=CARTESIAN_POINT('',(-3.95,5.,-2.6));
#6232=CARTESIAN_POINT('Origin',(3.95,4.9,-2.6));
#6233=CARTESIAN_POINT('Origin',(3.95,4.,-2.6));
#6234=CARTESIAN_POINT('Origin',(3.95,4.,-2.6));
#6235=CARTESIAN_POINT('Origin',(4.95,5.,7.45));
#6236=CARTESIAN_POINT('',(4.95,4.,1.35));
#6237=CARTESIAN_POINT('',(4.95,4.,7.45));
#6238=CARTESIAN_POINT('',(4.95,0.1,1.35));
#6239=CARTESIAN_POINT('Origin',(-3.95,4.,-2.6));
#6240=CARTESIAN_POINT('Origin',(-3.95,4.,-2.6));
#6241=CARTESIAN_POINT('Origin',(0.,5.,0.));
#6242=CARTESIAN_POINT('',(-3.95,5.,1.35));
#6243=CARTESIAN_POINT('',(-3.95,5.,7.45));
#6244=CARTESIAN_POINT('',(3.95,5.,1.35));
#6245=CARTESIAN_POINT('',(0.,5.,1.35));
#6246=CARTESIAN_POINT('',(3.95,5.,-2.7));
#6247=CARTESIAN_POINT('Origin',(-4.95,5.,7.45));
#6248=CARTESIAN_POINT('',(-4.95,4.,1.35));
#6249=CARTESIAN_POINT('',(-4.95,4.,1.35));
#6250=CARTESIAN_POINT('',(-4.95,4.,-2.7));
#6251=CARTESIAN_POINT('Origin',(-3.95,4.,0.));
#6252=CARTESIAN_POINT('Origin',(-3.95,4.,1.35));
#6253=CARTESIAN_POINT('Origin',(3.95,4.,0.));
#6254=CARTESIAN_POINT('Origin',(3.95,4.,1.35));
#6255=CARTESIAN_POINT('Origin',(0.,0.,1.45));
#6256=CARTESIAN_POINT('',(-3.95,4.9,1.45));
#6257=CARTESIAN_POINT('',(-4.85,4.,1.45));
#6258=CARTESIAN_POINT('Origin',(-3.95,4.,1.45));
#6259=CARTESIAN_POINT('',(-4.85,0.1,1.45));
#6260=CARTESIAN_POINT('',(4.85,4.,1.45));
#6261=CARTESIAN_POINT('',(4.85,4.,1.45));
#6262=CARTESIAN_POINT('',(3.95,4.9,1.45));
#6263=CARTESIAN_POINT('Origin',(3.95,4.,1.45));
#6264=CARTESIAN_POINT('',(0.,4.9,1.45));
#6265=CARTESIAN_POINT('',(-0.3,2.2,1.45));
#6266=CARTESIAN_POINT('',(0.3,2.2,1.45));
#6267=CARTESIAN_POINT('',(-0.3,2.2,1.45));
#6268=CARTESIAN_POINT('',(-0.849872714649386,1.84008331404768,1.45));
#6269=CARTESIAN_POINT('Origin',(-0.3,1.6,1.45));
#6270=CARTESIAN_POINT('',(-2.5,0.759999999999999,1.45));
#6271=CARTESIAN_POINT('Origin',(-2.5,2.56055555555556,1.45));
#6272=CARTESIAN_POINT('',(-3.79,0.759999999999999,1.45));
#6273=CARTESIAN_POINT('',(-2.5,0.76,1.45));
#6274=CARTESIAN_POINT('',(-4.29,1.26,1.45));
#6275=CARTESIAN_POINT('Origin',(-3.79,1.26,1.45));
#6276=CARTESIAN_POINT('',(-4.29,3.84,1.45));
#6277=CARTESIAN_POINT('',(-4.29,1.26,1.45));
#6278=CARTESIAN_POINT('',(-3.79,4.34,1.45));
#6279=CARTESIAN_POINT('Origin',(-3.79,3.84,1.45));
#6280=CARTESIAN_POINT('',(-2.5,4.34,1.45));
#6281=CARTESIAN_POINT('',(-2.5,4.34,1.45));
#6282=CARTESIAN_POINT('',(-0.849872714649387,3.25991668595232,1.45));
#6283=CARTESIAN_POINT('Origin',(-2.5,2.53944444444444,1.45));
#6284=CARTESIAN_POINT('',(-0.3,2.9,1.45));
#6285=CARTESIAN_POINT('Origin',(-0.3,3.5,1.45));
#6286=CARTESIAN_POINT('',(0.3,2.9,1.45));
#6287=CARTESIAN_POINT('',(-0.3,2.9,1.45));
#6288=CARTESIAN_POINT('',(0.849872714649386,3.25991668595233,1.45));
#6289=CARTESIAN_POINT('Origin',(0.3,3.5,1.45));
#6290=CARTESIAN_POINT('',(2.5,4.34,1.45));
#6291=CARTESIAN_POINT('Origin',(2.5,2.53944444444444,1.45));
#6292=CARTESIAN_POINT('',(3.18573593128806,4.34,1.45));
#6293=CARTESIAN_POINT('',(2.5,4.34,1.45));
#6294=CARTESIAN_POINT('',(4.24999999999999,3.27573593128807,1.45));
#6295=CARTESIAN_POINT('',(3.18573593128806,4.34,1.45));
#6296=CARTESIAN_POINT('',(4.24999999999999,1.82426406871193,1.45));
#6297=CARTESIAN_POINT('',(4.24999999999999,1.82426406871193,1.45));
#6298=CARTESIAN_POINT('',(3.18573593128806,0.76,1.45));
#6299=CARTESIAN_POINT('',(3.18573593128806,0.76,1.45));
#6300=CARTESIAN_POINT('',(2.5,0.76,1.45));
#6301=CARTESIAN_POINT('',(2.5,0.76,1.45));
#6302=CARTESIAN_POINT('',(0.849872714649387,1.84008331404768,1.45));
#6303=CARTESIAN_POINT('Origin',(2.5,2.56055555555556,1.45));
#6304=CARTESIAN_POINT('Origin',(0.3,1.6,1.45));
#6305=CARTESIAN_POINT('Origin',(4.85,0.,1.35));
#6306=CARTESIAN_POINT('Origin',(4.85,4.,1.35));
#6307=CARTESIAN_POINT('Origin',(3.95,4.,1.35));
#6308=CARTESIAN_POINT('Origin',(3.95,4.9,1.35));
#6309=CARTESIAN_POINT('Origin',(0.,4.9,1.35));
#6310=CARTESIAN_POINT('Origin',(-3.95,4.9,1.35));
#6311=CARTESIAN_POINT('Origin',(-3.95,4.,1.35));
#6312=CARTESIAN_POINT('Origin',(-4.85,4.,1.35));
#6313=CARTESIAN_POINT('Origin',(-4.85,0.,1.35));
#6314=CARTESIAN_POINT('Origin',(-0.3,1.6,7.45));
#6315=CARTESIAN_POINT('',(-0.3,2.2,7.35));
#6316=CARTESIAN_POINT('',(-0.3,2.2,7.45));
#6317=CARTESIAN_POINT('',(-0.849872714649386,1.84008331404768,7.35));
#6318=CARTESIAN_POINT('Origin',(-0.3,1.6,7.35));
#6319=CARTESIAN_POINT('',(-0.849872714649386,1.84008331404768,7.45));
#6320=CARTESIAN_POINT('Origin',(-0.3,2.2,7.45));
#6321=CARTESIAN_POINT('',(0.3,2.2,7.35));
#6322=CARTESIAN_POINT('',(0.3,2.2,7.45));
#6323=CARTESIAN_POINT('',(-0.3,2.2,7.35));
#6324=CARTESIAN_POINT('Origin',(0.3,1.6,7.45));
#6325=CARTESIAN_POINT('',(0.849872714649387,1.84008331404768,7.35));
#6326=CARTESIAN_POINT('',(0.849872714649387,1.84008331404768,7.45));
#6327=CARTESIAN_POINT('Origin',(0.3,1.6,7.35));
#6328=CARTESIAN_POINT('Origin',(2.5,2.56055555555556,7.45));
#6329=CARTESIAN_POINT('',(2.5,0.76,7.35));
#6330=CARTESIAN_POINT('',(2.5,0.76,7.45));
#6331=CARTESIAN_POINT('Origin',(2.5,2.56055555555556,7.35));
#6332=CARTESIAN_POINT('Origin',(2.5,0.76,7.45));
#6333=CARTESIAN_POINT('',(3.18573593128806,0.76,7.35));
#6334=CARTESIAN_POINT('',(3.18573593128806,0.76,7.45));
#6335=CARTESIAN_POINT('',(2.5,0.76,7.35));
#6336=CARTESIAN_POINT('Origin',(3.18573593128806,0.76,7.45));
#6337=CARTESIAN_POINT('',(4.24999999999999,1.82426406871193,7.35));
#6338=CARTESIAN_POINT('',(4.24999999999999,1.82426406871193,7.45));
#6339=CARTESIAN_POINT('',(3.18573593128806,0.76,7.35));
#6340=CARTESIAN_POINT('Origin',(4.24999999999999,1.82426406871193,7.45));
#6341=CARTESIAN_POINT('',(4.24999999999999,3.27573593128807,7.35));
#6342=CARTESIAN_POINT('',(4.24999999999999,3.27573593128807,7.45));
#6343=CARTESIAN_POINT('',(4.24999999999999,1.82426406871193,7.35));
#6344=CARTESIAN_POINT('Origin',(3.18573593128806,4.34,7.45));
#6345=CARTESIAN_POINT('',(3.18573593128806,4.34,7.35));
#6346=CARTESIAN_POINT('',(3.18573593128806,4.34,7.45));
#6347=CARTESIAN_POINT('',(4.24999999999999,3.27573593128807,7.35));
#6348=CARTESIAN_POINT('Origin',(2.5,4.34,7.45));
#6349=CARTESIAN_POINT('',(2.5,4.34,7.35));
#6350=CARTESIAN_POINT('',(2.5,4.34,7.45));
#6351=CARTESIAN_POINT('',(3.18573593128806,4.34,7.35));
#6352=CARTESIAN_POINT('Origin',(2.5,2.53944444444444,7.45));
#6353=CARTESIAN_POINT('',(0.849872714649386,3.25991668595233,7.35));
#6354=CARTESIAN_POINT('',(0.849872714649386,3.25991668595233,7.45));
#6355=CARTESIAN_POINT('Origin',(2.5,2.53944444444444,7.35));
#6356=CARTESIAN_POINT('Origin',(0.3,3.5,7.45));
#6357=CARTESIAN_POINT('',(0.3,2.9,7.35));
#6358=CARTESIAN_POINT('',(0.3,2.9,7.45));
#6359=CARTESIAN_POINT('Origin',(0.3,3.5,7.35));
#6360=CARTESIAN_POINT('Origin',(-0.3,2.9,7.45));
#6361=CARTESIAN_POINT('',(-0.3,2.9,7.35));
#6362=CARTESIAN_POINT('',(-0.3,2.9,7.45));
#6363=CARTESIAN_POINT('',(0.3,2.9,7.35));
#6364=CARTESIAN_POINT('Origin',(-0.3,3.5,7.45));
#6365=CARTESIAN_POINT('',(-0.849872714649387,3.25991668595232,7.35));
#6366=CARTESIAN_POINT('',(-0.849872714649387,3.25991668595232,7.45));
#6367=CARTESIAN_POINT('Origin',(-0.3,3.5,7.35));
#6368=CARTESIAN_POINT('Origin',(-2.5,2.53944444444444,7.45));
#6369=CARTESIAN_POINT('',(-2.5,4.34,7.35));
#6370=CARTESIAN_POINT('',(-2.5,4.34,7.45));
#6371=CARTESIAN_POINT('Origin',(-2.5,2.53944444444444,7.35));
#6372=CARTESIAN_POINT('Origin',(-2.5,4.34,7.45));
#6373=CARTESIAN_POINT('',(-3.79,4.34,7.35));
#6374=CARTESIAN_POINT('',(-3.79,4.34,7.45));
#6375=CARTESIAN_POINT('',(-2.5,4.34,7.35));
#6376=CARTESIAN_POINT('Origin',(-3.79,3.84,7.45));
#6377=CARTESIAN_POINT('',(-4.29,3.84,7.35));
#6378=CARTESIAN_POINT('',(-4.29,3.84,7.45));
#6379=CARTESIAN_POINT('Origin',(-3.79,3.84,7.35));
#6380=CARTESIAN_POINT('Origin',(-4.29,1.26,7.45));
#6381=CARTESIAN_POINT('',(-4.29,1.26,7.35));
#6382=CARTESIAN_POINT('',(-4.29,1.26,7.45));
#6383=CARTESIAN_POINT('',(-4.29,3.84,7.35));
#6384=CARTESIAN_POINT('Origin',(-3.79,1.26,7.45));
#6385=CARTESIAN_POINT('',(-3.79,0.759999999999999,7.35));
#6386=CARTESIAN_POINT('',(-3.79,0.759999999999999,7.45));
#6387=CARTESIAN_POINT('Origin',(-3.79,1.26,7.35));
#6388=CARTESIAN_POINT('Origin',(-2.5,0.76,7.45));
#6389=CARTESIAN_POINT('',(-2.5,0.76,7.35));
#6390=CARTESIAN_POINT('',(-2.5,0.76,7.45));
#6391=CARTESIAN_POINT('',(-3.79,0.76,7.35));
#6392=CARTESIAN_POINT('Origin',(-2.5,2.56055555555556,7.45));
#6393=CARTESIAN_POINT('Origin',(-2.5,2.56055555555556,7.35));
#6394=CARTESIAN_POINT('Origin',(-0.3,1.6,7.45));
#6395=CARTESIAN_POINT('',(2.5,0.860000000000005,7.45));
#6396=CARTESIAN_POINT('',(3.14431457505075,0.860000000000005,7.45));
#6397=CARTESIAN_POINT('',(3.18573593128806,0.860000000000005,7.45));
#6398=CARTESIAN_POINT('',(4.14999999999999,1.86568542494924,7.45));
#6399=CARTESIAN_POINT('',(4.17928932188133,1.89497474683059,7.45));
#6400=CARTESIAN_POINT('',(4.14999999999999,3.23431457505076,7.45));
#6401=CARTESIAN_POINT('',(4.14999999999999,3.27573593128807,7.45));
#6402=CARTESIAN_POINT('',(3.14431457505075,4.23999999999999,7.45));
#6403=CARTESIAN_POINT('',(3.11502525316941,4.26928932188134,7.45));
#6404=CARTESIAN_POINT('',(2.5,4.23999999999999,7.45));
#6405=CARTESIAN_POINT('',(2.5,4.23999999999999,7.45));
#6406=CARTESIAN_POINT('',(0.941518167090956,3.21990280027771,7.45));
#6407=CARTESIAN_POINT('Origin',(2.5,2.53944444444444,7.45));
#6408=CARTESIAN_POINT('',(0.3,2.79999999999999,7.45));
#6409=CARTESIAN_POINT('Origin',(0.3,3.5,7.45));
#6410=CARTESIAN_POINT('',(-0.3,2.79999999999999,7.45));
#6411=CARTESIAN_POINT('',(-0.3,2.79999999999999,7.45));
#6412=CARTESIAN_POINT('',(-0.941518167090956,3.21990280027771,7.45));
#6413=CARTESIAN_POINT('Origin',(-0.3,3.5,7.45));
#6414=CARTESIAN_POINT('',(-2.5,4.24,7.45));
#6415=CARTESIAN_POINT('Origin',(-2.5,2.53944444444444,7.45));
#6416=CARTESIAN_POINT('',(-3.79,4.24,7.45));
#6417=CARTESIAN_POINT('',(-3.79,4.24,7.45));
#6418=CARTESIAN_POINT('',(-4.19,3.84,7.45));
#6419=CARTESIAN_POINT('Origin',(-3.79,3.84,7.45));
#6420=CARTESIAN_POINT('',(-4.19,1.26,7.45));
#6421=CARTESIAN_POINT('',(-4.19,1.26,7.45));
#6422=CARTESIAN_POINT('',(-3.79,0.860000000000004,7.45));
#6423=CARTESIAN_POINT('Origin',(-3.79,1.26,7.45));
#6424=CARTESIAN_POINT('',(-2.5,0.860000000000005,7.45));
#6425=CARTESIAN_POINT('',(-2.5,0.860000000000005,7.45));
#6426=CARTESIAN_POINT('',(-0.941518167090956,1.88009719972229,7.45));
#6427=CARTESIAN_POINT('Origin',(-2.5,2.56055555555556,7.45));
#6428=CARTESIAN_POINT('',(-0.3,2.30000000000001,7.45));
#6429=CARTESIAN_POINT('Origin',(-0.3,1.6,7.45));
#6430=CARTESIAN_POINT('',(0.3,2.30000000000001,7.45));
#6431=CARTESIAN_POINT('',(0.3,2.30000000000001,7.45));
#6432=CARTESIAN_POINT('',(0.941518167090956,1.88009719972229,7.45));
#6433=CARTESIAN_POINT('Origin',(0.3,1.6,7.45));
#6434=CARTESIAN_POINT('Origin',(2.5,2.56055555555556,7.45));
#6435=CARTESIAN_POINT('Origin',(0.,0.,1.45));
#6436=CARTESIAN_POINT('Origin',(0.,0.,1.45));
#6437=CARTESIAN_POINT('Origin',(-3.79,3.84,7.45));
#6438=CARTESIAN_POINT('',(-3.79,4.34,7.35));
#6439=CARTESIAN_POINT('',(-4.19,3.84,7.45));
#6440=CARTESIAN_POINT('Origin',(-4.19,1.6,7.45));
#6441=CARTESIAN_POINT('',(-4.19,1.26,7.45));
#6442=CARTESIAN_POINT('Origin',(-0.3,4.24,7.45));
#6443=CARTESIAN_POINT('',(-2.5,4.34,7.35));
#6444=CARTESIAN_POINT('Origin',(-3.79,1.26,7.45));
#6445=CARTESIAN_POINT('',(-3.79,0.860000000000004,7.45));
#6446=CARTESIAN_POINT('Origin',(-2.5,2.53944444444444,7.45));
#6447=CARTESIAN_POINT('',(-0.849872714649386,3.25991668595232,7.35));
#6448=CARTESIAN_POINT('Origin',(-0.3,0.860000000000005,7.45));
#6449=CARTESIAN_POINT('',(-2.5,0.860000000000005,7.45));
#6450=CARTESIAN_POINT('Origin',(-0.3,3.5,7.45));
#6451=CARTESIAN_POINT('',(-0.3,2.9,7.35));
#6452=CARTESIAN_POINT('Origin',(-2.5,2.56055555555556,7.45));
#6453=CARTESIAN_POINT('',(-0.941518167090956,1.88009719972229,7.45));
#6454=CARTESIAN_POINT('Origin',(-0.3,2.79999999999999,7.45));
#6455=CARTESIAN_POINT('',(0.3,2.9,7.35));
#6456=CARTESIAN_POINT('Origin',(-0.3,1.6,7.45));
#6457=CARTESIAN_POINT('',(-0.3,2.30000000000001,7.45));
#6458=CARTESIAN_POINT('Origin',(0.3,3.5,7.45));
#6459=CARTESIAN_POINT('',(0.849872714649387,3.25991668595233,7.35));
#6460=CARTESIAN_POINT('Origin',(-0.3,2.30000000000001,7.45));
#6461=CARTESIAN_POINT('',(0.3,2.30000000000001,7.45));
#6462=CARTESIAN_POINT('Origin',(2.5,2.53944444444444,7.45));
#6463=CARTESIAN_POINT('',(2.5,4.34,7.35));
#6464=CARTESIAN_POINT('Origin',(0.3,1.6,7.45));
#6465=CARTESIAN_POINT('',(0.941518167090956,1.88009719972229,7.45));
#6466=CARTESIAN_POINT('Origin',(-0.3,4.23999999999999,7.45));
#6467=CARTESIAN_POINT('',(2.87218419358659,3.58301914233543,8.10698085766456));
#6468=CARTESIAN_POINT('Origin',(2.5,2.56055555555556,7.45));
#6469=CARTESIAN_POINT('',(2.5,0.860000000000005,7.45));
#6470=CARTESIAN_POINT('Origin',(2.74215728752537,4.64215728752538,7.45));
#6471=CARTESIAN_POINT('',(3.77023141075423,3.07700927482187,7.82976858924576));
#6472=CARTESIAN_POINT('Origin',(-0.3,0.860000000000005,7.45));
#6473=CARTESIAN_POINT('',(2.87218419358658,1.51698085766457,8.10698085766456));
#6474=CARTESIAN_POINT('Origin',(4.14999999999999,1.6,7.45));
#6475=CARTESIAN_POINT('',(4.20067778640675,1.84469399850851,7.39932221359324));
#6476=CARTESIAN_POINT('Origin',(1.79215728752537,-0.492157287525374,7.45));
#6477=CARTESIAN_POINT('',(0.,0.,0.));
#6478=CARTESIAN_POINT('',(0.,0.,0.));
#6479=CARTESIAN_POINT('',(0.,0.,0.));
#6480=CARTESIAN_POINT('',(0.,0.,0.));
#6481=CARTESIAN_POINT('Origin',(12.6547115575935,-3.64791743323671,0.3));
#6482=CARTESIAN_POINT('',(12.7891222968509,-3.56882581449075,0.3));
#6483=CARTESIAN_POINT('',(12.7891222968509,-3.56882581449075,0.255));
#6484=CARTESIAN_POINT('Ctrl Pts',(12.7891222968509,-3.56882581449075,0.3));
#6485=CARTESIAN_POINT('Ctrl Pts',(12.7891222968509,-3.56882581449075,0.2925));
#6486=CARTESIAN_POINT('Ctrl Pts',(12.7891222968509,-3.56882581449075,0.285));
#6487=CARTESIAN_POINT('Ctrl Pts',(12.7891222968509,-3.56882581449075,0.27));
#6488=CARTESIAN_POINT('Ctrl Pts',(12.7891222968509,-3.56882581449075,0.2625));
#6489=CARTESIAN_POINT('Ctrl Pts',(12.7891222968509,-3.56882581449075,0.255));
#6490=CARTESIAN_POINT('',(12.6547115575935,-3.64791743323671,0.3));
#6491=CARTESIAN_POINT('',(12.5807964563689,-3.69141146532013,0.3));
#6492=CARTESIAN_POINT('',(12.6547115575935,-3.64791743323671,0.255));
#6493=CARTESIAN_POINT('',(12.6547115575935,-3.64791743323671,0.255));
#6494=CARTESIAN_POINT('',(12.5807964563689,-3.69141146532013,0.255));
#6495=CARTESIAN_POINT('Origin',(12.4090089531789,-3.91915901803841,0.3));
#6496=CARTESIAN_POINT('',(12.2707414963498,-4.00052005392674,0.3));
#6497=CARTESIAN_POINT('',(12.2707414963498,-4.00052005392674,0.255));
#6498=CARTESIAN_POINT('Ctrl Pts',(12.2707414963498,-4.00052005392674,0.3));
#6499=CARTESIAN_POINT('Ctrl Pts',(12.2707414963498,-4.00052005392674,0.2925));
#6500=CARTESIAN_POINT('Ctrl Pts',(12.2707414963498,-4.00052005392674,0.285));
#6501=CARTESIAN_POINT('Ctrl Pts',(12.2707414963498,-4.00052005392674,0.27));
#6502=CARTESIAN_POINT('Ctrl Pts',(12.2707414963498,-4.00052005392674,0.2625));
#6503=CARTESIAN_POINT('Ctrl Pts',(12.2707414963498,-4.00052005392674,0.255));
#6504=CARTESIAN_POINT('',(12.4090089531789,-3.91915901803841,0.3));
#6505=CARTESIAN_POINT('',(12.4856264947849,-3.8740747827799,0.3));
#6506=CARTESIAN_POINT('',(12.4090089531789,-3.91915901803841,0.255));
#6507=CARTESIAN_POINT('',(12.4090089531789,-3.91915901803841,0.255));
#6508=CARTESIAN_POINT('',(12.4856264947849,-3.8740747827799,0.255));
#6509=CARTESIAN_POINT('Origin',(12.539957976626,-3.79111692936015,0.3));
#6510=CARTESIAN_POINT('',(12.5358232006187,-3.44008297215489,0.3));
#6511=CARTESIAN_POINT('Ctrl Pts',(12.7891222968509,-3.56882581449075,0.3));
#6512=CARTESIAN_POINT('Ctrl Pts',(12.769186896679,-3.52791890552071,0.3));
#6513=CARTESIAN_POINT('Ctrl Pts',(12.6617567935623,-3.44008297215489,0.3));
#6514=CARTESIAN_POINT('Ctrl Pts',(12.5358232006187,-3.44008297215489,0.3));
#6515=CARTESIAN_POINT('',(12.2672235793053,-3.64263350626005,0.3));
#6516=CARTESIAN_POINT('Ctrl Pts',(12.5358232006187,-3.44008297215489,0.3));
#6517=CARTESIAN_POINT('Ctrl Pts',(12.4512803689922,-3.44008297215489,0.3));
#6518=CARTESIAN_POINT('Ctrl Pts',(12.3297500485291,-3.49468355091367,0.3));
#6519=CARTESIAN_POINT('Ctrl Pts',(12.2672235793053,-3.58627161850905,0.3));
#6520=CARTESIAN_POINT('Ctrl Pts',(12.2672235793053,-3.64263350626005,0.3));
#6521=CARTESIAN_POINT('',(12.5182101106965,-3.84782600385354,0.3));
#6522=CARTESIAN_POINT('Ctrl Pts',(12.2672235793053,-3.64263350626005,0.3));
#6523=CARTESIAN_POINT('Ctrl Pts',(12.2672235793053,-3.71132455695659,0.3));
#6524=CARTESIAN_POINT('Ctrl Pts',(12.3385565934902,-3.79234477059865,0.3));
#6525=CARTESIAN_POINT('Ctrl Pts',(12.4407125150389,-3.83109356842746,0.3));
#6526=CARTESIAN_POINT('Ctrl Pts',(12.5182101106965,-3.84782600385354,0.3));
#6527=CARTESIAN_POINT('',(12.667040720539,-3.93148818098394,0.3));
#6528=CARTESIAN_POINT('Ctrl Pts',(12.5182101106965,-3.84782600385354,0.3));
#6529=CARTESIAN_POINT('Ctrl Pts',(12.5992303243386,-3.86455843927962,0.3));
#6530=CARTESIAN_POINT('Ctrl Pts',(12.667040720539,-3.89626200113956,0.3));
#6531=CARTESIAN_POINT('Ctrl Pts',(12.667040720539,-3.93148818098394,0.3));
#6532=CARTESIAN_POINT('',(12.5490330180603,-4.00722446764935,0.3));
#6533=CARTESIAN_POINT('Ctrl Pts',(12.667040720539,-3.93148818098394,0.3));
#6534=CARTESIAN_POINT('Ctrl Pts',(12.667040720539,-3.96671436082831,0.3));
#6535=CARTESIAN_POINT('Ctrl Pts',(12.610678832788,-4.00722446764935,0.3));
#6536=CARTESIAN_POINT('Ctrl Pts',(12.5490330180603,-4.00722446764935,0.3));
#6537=CARTESIAN_POINT('Ctrl Pts',(12.5490330180603,-4.00722446764935,0.3));
#6538=CARTESIAN_POINT('Ctrl Pts',(12.4239800796128,-4.00722446764935,0.3));
#6539=CARTESIAN_POINT('Ctrl Pts',(12.4090089531789,-3.91915901803841,0.3));
#6540=CARTESIAN_POINT('',(12.5455104000759,-4.13668067857743,0.3));
#6541=CARTESIAN_POINT('Ctrl Pts',(12.2707414963498,-4.00052005392674,0.3));
#6542=CARTESIAN_POINT('Ctrl Pts',(12.2910240773976,-4.04522535167052,0.3));
#6543=CARTESIAN_POINT('Ctrl Pts',(12.4063669896906,-4.13668067857743,0.3));
#6544=CARTESIAN_POINT('Ctrl Pts',(12.5455104000759,-4.13668067857743,0.3));
#6545=CARTESIAN_POINT('',(12.8246778753426,-3.92444294501506,0.3));
#6546=CARTESIAN_POINT('Ctrl Pts',(12.5455104000759,-4.13668067857743,0.3));
#6547=CARTESIAN_POINT('Ctrl Pts',(12.635337158679,-4.13668067857743,0.3));
#6548=CARTESIAN_POINT('Ctrl Pts',(12.7612707516227,-4.08031879082643,0.3));
#6549=CARTESIAN_POINT('Ctrl Pts',(12.8246778753426,-3.98344679625439,0.3));
#6550=CARTESIAN_POINT('Ctrl Pts',(12.8246778753426,-3.92444294501506,0.3));
#6551=CARTESIAN_POINT('',(12.5736913439514,-3.71925044742157,0.3));
#6552=CARTESIAN_POINT('Ctrl Pts',(12.8246778753426,-3.92444294501506,0.3));
#6553=CARTESIAN_POINT('Ctrl Pts',(12.8246778753426,-3.85399058532631,0.3));
#6554=CARTESIAN_POINT('Ctrl Pts',(12.7515835521655,-3.77208971718813,0.3));
#6555=CARTESIAN_POINT('Ctrl Pts',(12.6494276306168,-3.73422157385543,0.3));
#6556=CARTESIAN_POINT('Ctrl Pts',(12.5736913439514,-3.71925044742157,0.3));
#6557=CARTESIAN_POINT('',(12.4248607341089,-3.63558827029118,0.3));
#6558=CARTESIAN_POINT('Ctrl Pts',(12.5736913439514,-3.71925044742157,0.3));
#6559=CARTESIAN_POINT('Ctrl Pts',(12.497955057286,-3.70515997548382,0.3));
#6560=CARTESIAN_POINT('Ctrl Pts',(12.4248607341089,-3.67081445013555,0.3));
#6561=CARTESIAN_POINT('Ctrl Pts',(12.4248607341089,-3.63558827029118,0.3));
#6562=CARTESIAN_POINT('',(12.5349425461226,-3.56953918308297,0.3));
#6563=CARTESIAN_POINT('Ctrl Pts',(12.4248607341089,-3.63558827029118,0.3));
#6564=CARTESIAN_POINT('Ctrl Pts',(12.4248607341089,-3.60740732641568,0.3));
#6565=CARTESIAN_POINT('Ctrl Pts',(12.4794613128677,-3.56953918308297,0.3));
#6566=CARTESIAN_POINT('Ctrl Pts',(12.5349425461226,-3.56953918308297,0.3));
#6567=CARTESIAN_POINT('Ctrl Pts',(12.5349425461226,-3.56953918308297,0.3));
#6568=CARTESIAN_POINT('Ctrl Pts',(12.5895431248814,-3.56953918308297,0.3));
#6569=CARTESIAN_POINT('Ctrl Pts',(12.6494276306168,-3.610049289904,0.3));
#6570=CARTESIAN_POINT('Ctrl Pts',(12.6547115575935,-3.64791743323671,0.3));
#6571=CARTESIAN_POINT('Ctrl Pts',(12.5490330180603,-4.00722446764935,0.255));
#6572=CARTESIAN_POINT('Ctrl Pts',(12.5490330180603,-4.00722446764935,0.3));
#6573=CARTESIAN_POINT('Ctrl Pts',(12.4239800796128,-4.00722446764935,0.255));
#6574=CARTESIAN_POINT('Ctrl Pts',(12.4239800796128,-4.00722446764935,0.3));
#6575=CARTESIAN_POINT('Ctrl Pts',(12.4090089531789,-3.91915901803841,0.255));
#6576=CARTESIAN_POINT('Ctrl Pts',(12.4090089531789,-3.91915901803841,0.3));
#6577=CARTESIAN_POINT('',(12.5490330180603,-4.00722446764935,0.255));
#6578=CARTESIAN_POINT('Ctrl Pts',(12.4090089531789,-3.91915901803841,0.255));
#6579=CARTESIAN_POINT('Ctrl Pts',(12.4239800796128,-4.00722446764935,0.255));
#6580=CARTESIAN_POINT('Ctrl Pts',(12.5490330180603,-4.00722446764935,0.255));
#6581=CARTESIAN_POINT('',(12.5490330180603,-4.00722446764935,0.255));
#6582=CARTESIAN_POINT('Ctrl Pts',(12.667040720539,-3.93148818098394,0.255));
#6583=CARTESIAN_POINT('Ctrl Pts',(12.667040720539,-3.93148818098394,0.3));
#6584=CARTESIAN_POINT('Ctrl Pts',(12.667040720539,-3.96671436082831,0.255));
#6585=CARTESIAN_POINT('Ctrl Pts',(12.667040720539,-3.96671436082831,0.3));
#6586=CARTESIAN_POINT('Ctrl Pts',(12.610678832788,-4.00722446764935,0.255));
#6587=CARTESIAN_POINT('Ctrl Pts',(12.610678832788,-4.00722446764935,0.3));
#6588=CARTESIAN_POINT('Ctrl Pts',(12.5490330180603,-4.00722446764935,0.255));
#6589=CARTESIAN_POINT('Ctrl Pts',(12.5490330180603,-4.00722446764935,0.3));
#6590=CARTESIAN_POINT('',(12.667040720539,-3.93148818098394,0.255));
#6591=CARTESIAN_POINT('Ctrl Pts',(12.5490330180603,-4.00722446764935,0.255));
#6592=CARTESIAN_POINT('Ctrl Pts',(12.610678832788,-4.00722446764935,0.255));
#6593=CARTESIAN_POINT('Ctrl Pts',(12.667040720539,-3.96671436082831,0.255));
#6594=CARTESIAN_POINT('Ctrl Pts',(12.667040720539,-3.93148818098394,0.255));
#6595=CARTESIAN_POINT('',(12.667040720539,-3.93148818098394,0.255));
#6596=CARTESIAN_POINT('Ctrl Pts',(12.5182101106965,-3.84782600385354,0.255));
#6597=CARTESIAN_POINT('Ctrl Pts',(12.5182101106965,-3.84782600385354,0.3));
#6598=CARTESIAN_POINT('Ctrl Pts',(12.5992303243386,-3.86455843927962,0.255));
#6599=CARTESIAN_POINT('Ctrl Pts',(12.5992303243386,-3.86455843927962,0.3));
#6600=CARTESIAN_POINT('Ctrl Pts',(12.667040720539,-3.89626200113956,0.255));
#6601=CARTESIAN_POINT('Ctrl Pts',(12.667040720539,-3.89626200113956,0.3));
#6602=CARTESIAN_POINT('Ctrl Pts',(12.667040720539,-3.93148818098394,0.255));
#6603=CARTESIAN_POINT('Ctrl Pts',(12.667040720539,-3.93148818098394,0.3));
#6604=CARTESIAN_POINT('',(12.5182101106965,-3.84782600385354,0.255));
#6605=CARTESIAN_POINT('Ctrl Pts',(12.667040720539,-3.93148818098394,0.255));
#6606=CARTESIAN_POINT('Ctrl Pts',(12.667040720539,-3.89626200113956,0.255));
#6607=CARTESIAN_POINT('Ctrl Pts',(12.5992303243386,-3.86455843927962,0.255));
#6608=CARTESIAN_POINT('Ctrl Pts',(12.5182101106965,-3.84782600385354,0.255));
#6609=CARTESIAN_POINT('',(12.5182101106965,-3.84782600385354,0.255));
#6610=CARTESIAN_POINT('Ctrl Pts',(12.2672235793053,-3.64263350626005,0.255));
#6611=CARTESIAN_POINT('Ctrl Pts',(12.2672235793053,-3.64263350626005,0.3));
#6612=CARTESIAN_POINT('Ctrl Pts',(12.2672235793053,-3.71132455695659,0.255));
#6613=CARTESIAN_POINT('Ctrl Pts',(12.2672235793053,-3.71132455695659,0.3));
#6614=CARTESIAN_POINT('Ctrl Pts',(12.3385565934902,-3.79234477059865,0.255));
#6615=CARTESIAN_POINT('Ctrl Pts',(12.3385565934902,-3.79234477059865,0.3));
#6616=CARTESIAN_POINT('Ctrl Pts',(12.4407125150389,-3.83109356842746,0.255));
#6617=CARTESIAN_POINT('Ctrl Pts',(12.4407125150389,-3.83109356842746,0.3));
#6618=CARTESIAN_POINT('Ctrl Pts',(12.5182101106965,-3.84782600385354,0.255));
#6619=CARTESIAN_POINT('Ctrl Pts',(12.5182101106965,-3.84782600385354,0.3));
#6620=CARTESIAN_POINT('',(12.2672235793053,-3.64263350626005,0.255));
#6621=CARTESIAN_POINT('Ctrl Pts',(12.5182101106965,-3.84782600385354,0.255));
#6622=CARTESIAN_POINT('Ctrl Pts',(12.4407125150389,-3.83109356842746,0.255));
#6623=CARTESIAN_POINT('Ctrl Pts',(12.3385565934902,-3.79234477059865,0.255));
#6624=CARTESIAN_POINT('Ctrl Pts',(12.2672235793053,-3.71132455695659,0.255));
#6625=CARTESIAN_POINT('Ctrl Pts',(12.2672235793053,-3.64263350626005,0.255));
#6626=CARTESIAN_POINT('',(12.2672235793053,-3.64263350626005,0.255));
#6627=CARTESIAN_POINT('Ctrl Pts',(12.5358232006187,-3.44008297215489,0.255));
#6628=CARTESIAN_POINT('Ctrl Pts',(12.5358232006187,-3.44008297215489,0.3));
#6629=CARTESIAN_POINT('Ctrl Pts',(12.4512803689922,-3.44008297215489,0.255));
#6630=CARTESIAN_POINT('Ctrl Pts',(12.4512803689922,-3.44008297215489,0.3));
#6631=CARTESIAN_POINT('Ctrl Pts',(12.3297500485291,-3.49468355091367,0.255));
#6632=CARTESIAN_POINT('Ctrl Pts',(12.3297500485291,-3.49468355091367,0.3));
#6633=CARTESIAN_POINT('Ctrl Pts',(12.2672235793053,-3.58627161850905,0.255));
#6634=CARTESIAN_POINT('Ctrl Pts',(12.2672235793053,-3.58627161850905,0.3));
#6635=CARTESIAN_POINT('Ctrl Pts',(12.2672235793053,-3.64263350626005,0.255));
#6636=CARTESIAN_POINT('Ctrl Pts',(12.2672235793053,-3.64263350626005,0.3));
#6637=CARTESIAN_POINT('',(12.5358232006187,-3.44008297215489,0.255));
#6638=CARTESIAN_POINT('Ctrl Pts',(12.2672235793053,-3.64263350626005,0.255));
#6639=CARTESIAN_POINT('Ctrl Pts',(12.2672235793053,-3.58627161850905,0.255));
#6640=CARTESIAN_POINT('Ctrl Pts',(12.3297500485291,-3.49468355091367,0.255));
#6641=CARTESIAN_POINT('Ctrl Pts',(12.4512803689922,-3.44008297215489,0.255));
#6642=CARTESIAN_POINT('Ctrl Pts',(12.5358232006187,-3.44008297215489,0.255));
#6643=CARTESIAN_POINT('',(12.5358232006187,-3.44008297215489,0.255));
#6644=CARTESIAN_POINT('Ctrl Pts',(12.8105874034048,-3.64791743323671,0.255));
#6645=CARTESIAN_POINT('Ctrl Pts',(12.8105874034048,-3.64791743323671,0.3));
#6646=CARTESIAN_POINT('Ctrl Pts',(12.8017808584437,-3.55456805664911,0.255));
#6647=CARTESIAN_POINT('Ctrl Pts',(12.8017808584437,-3.55456805664911,0.3));
#6648=CARTESIAN_POINT('Ctrl Pts',(12.6617567935623,-3.44008297215489,0.255));
#6649=CARTESIAN_POINT('Ctrl Pts',(12.6617567935623,-3.44008297215489,0.3));
#6650=CARTESIAN_POINT('Ctrl Pts',(12.5358232006187,-3.44008297215489,0.255));
#6651=CARTESIAN_POINT('Ctrl Pts',(12.5358232006187,-3.44008297215489,0.3));
#6652=CARTESIAN_POINT('Ctrl Pts',(12.5358232006187,-3.44008297215489,0.255));
#6653=CARTESIAN_POINT('Ctrl Pts',(12.6617567935623,-3.44008297215489,0.255));
#6654=CARTESIAN_POINT('Ctrl Pts',(12.769186896679,-3.52791890552071,0.255));
#6655=CARTESIAN_POINT('Ctrl Pts',(12.7891222968509,-3.56882581449075,0.255));
#6656=CARTESIAN_POINT('Ctrl Pts',(12.5349425461226,-3.56953918308297,0.255));
#6657=CARTESIAN_POINT('Ctrl Pts',(12.5349425461226,-3.56953918308297,0.3));
#6658=CARTESIAN_POINT('Ctrl Pts',(12.5895431248814,-3.56953918308297,0.255));
#6659=CARTESIAN_POINT('Ctrl Pts',(12.5895431248814,-3.56953918308297,0.3));
#6660=CARTESIAN_POINT('Ctrl Pts',(12.6494276306168,-3.610049289904,0.255));
#6661=CARTESIAN_POINT('Ctrl Pts',(12.6494276306168,-3.610049289904,0.3));
#6662=CARTESIAN_POINT('Ctrl Pts',(12.6547115575935,-3.64791743323671,0.255));
#6663=CARTESIAN_POINT('Ctrl Pts',(12.6547115575935,-3.64791743323671,0.3));
#6664=CARTESIAN_POINT('',(12.5349425461226,-3.56953918308297,0.255));
#6665=CARTESIAN_POINT('Ctrl Pts',(12.6547115575935,-3.64791743323671,0.255));
#6666=CARTESIAN_POINT('Ctrl Pts',(12.6494276306168,-3.610049289904,0.255));
#6667=CARTESIAN_POINT('Ctrl Pts',(12.5895431248814,-3.56953918308297,0.255));
#6668=CARTESIAN_POINT('Ctrl Pts',(12.5349425461226,-3.56953918308297,0.255));
#6669=CARTESIAN_POINT('',(12.5349425461226,-3.56953918308297,0.255));
#6670=CARTESIAN_POINT('Ctrl Pts',(12.4248607341089,-3.63558827029118,0.255));
#6671=CARTESIAN_POINT('Ctrl Pts',(12.4248607341089,-3.63558827029118,0.3));
#6672=CARTESIAN_POINT('Ctrl Pts',(12.4248607341089,-3.60740732641568,0.255));
#6673=CARTESIAN_POINT('Ctrl Pts',(12.4248607341089,-3.60740732641568,0.3));
#6674=CARTESIAN_POINT('Ctrl Pts',(12.4794613128677,-3.56953918308297,0.255));
#6675=CARTESIAN_POINT('Ctrl Pts',(12.4794613128677,-3.56953918308297,0.3));
#6676=CARTESIAN_POINT('Ctrl Pts',(12.5349425461226,-3.56953918308297,0.255));
#6677=CARTESIAN_POINT('Ctrl Pts',(12.5349425461226,-3.56953918308297,0.3));
#6678=CARTESIAN_POINT('',(12.4248607341089,-3.63558827029118,0.255));
#6679=CARTESIAN_POINT('Ctrl Pts',(12.5349425461226,-3.56953918308297,0.255));
#6680=CARTESIAN_POINT('Ctrl Pts',(12.4794613128677,-3.56953918308297,0.255));
#6681=CARTESIAN_POINT('Ctrl Pts',(12.4248607341089,-3.60740732641568,0.255));
#6682=CARTESIAN_POINT('Ctrl Pts',(12.4248607341089,-3.63558827029118,0.255));
#6683=CARTESIAN_POINT('',(12.4248607341089,-3.63558827029118,0.255));
#6684=CARTESIAN_POINT('Ctrl Pts',(12.5736913439514,-3.71925044742157,0.255));
#6685=CARTESIAN_POINT('Ctrl Pts',(12.5736913439514,-3.71925044742157,0.3));
#6686=CARTESIAN_POINT('Ctrl Pts',(12.497955057286,-3.70515997548382,0.255));
#6687=CARTESIAN_POINT('Ctrl Pts',(12.497955057286,-3.70515997548382,0.3));
#6688=CARTESIAN_POINT('Ctrl Pts',(12.4248607341089,-3.67081445013555,0.255));
#6689=CARTESIAN_POINT('Ctrl Pts',(12.4248607341089,-3.67081445013555,0.3));
#6690=CARTESIAN_POINT('Ctrl Pts',(12.4248607341089,-3.63558827029118,0.255));
#6691=CARTESIAN_POINT('Ctrl Pts',(12.4248607341089,-3.63558827029118,0.3));
#6692=CARTESIAN_POINT('',(12.5736913439514,-3.71925044742157,0.255));
#6693=CARTESIAN_POINT('Ctrl Pts',(12.4248607341089,-3.63558827029118,0.255));
#6694=CARTESIAN_POINT('Ctrl Pts',(12.4248607341089,-3.67081445013555,0.255));
#6695=CARTESIAN_POINT('Ctrl Pts',(12.497955057286,-3.70515997548382,0.255));
#6696=CARTESIAN_POINT('Ctrl Pts',(12.5736913439514,-3.71925044742157,0.255));
#6697=CARTESIAN_POINT('',(12.5736913439514,-3.71925044742157,0.255));
#6698=CARTESIAN_POINT('Ctrl Pts',(12.8246778753426,-3.92444294501506,0.255));
#6699=CARTESIAN_POINT('Ctrl Pts',(12.8246778753426,-3.92444294501506,0.3));
#6700=CARTESIAN_POINT('Ctrl Pts',(12.8246778753426,-3.85399058532631,0.255));
#6701=CARTESIAN_POINT('Ctrl Pts',(12.8246778753426,-3.85399058532631,0.3));
#6702=CARTESIAN_POINT('Ctrl Pts',(12.7515835521655,-3.77208971718813,0.255));
#6703=CARTESIAN_POINT('Ctrl Pts',(12.7515835521655,-3.77208971718813,0.3));
#6704=CARTESIAN_POINT('Ctrl Pts',(12.6494276306168,-3.73422157385543,0.255));
#6705=CARTESIAN_POINT('Ctrl Pts',(12.6494276306168,-3.73422157385543,0.3));
#6706=CARTESIAN_POINT('Ctrl Pts',(12.5736913439514,-3.71925044742157,0.255));
#6707=CARTESIAN_POINT('Ctrl Pts',(12.5736913439514,-3.71925044742157,0.3));
#6708=CARTESIAN_POINT('',(12.8246778753426,-3.92444294501506,0.255));
#6709=CARTESIAN_POINT('Ctrl Pts',(12.5736913439514,-3.71925044742157,0.255));
#6710=CARTESIAN_POINT('Ctrl Pts',(12.6494276306168,-3.73422157385543,0.255));
#6711=CARTESIAN_POINT('Ctrl Pts',(12.7515835521655,-3.77208971718813,0.255));
#6712=CARTESIAN_POINT('Ctrl Pts',(12.8246778753426,-3.85399058532631,0.255));
#6713=CARTESIAN_POINT('Ctrl Pts',(12.8246778753426,-3.92444294501506,0.255));
#6714=CARTESIAN_POINT('',(12.8246778753426,-3.92444294501506,0.255));
#6715=CARTESIAN_POINT('Ctrl Pts',(12.5455104000759,-4.13668067857743,0.255));
#6716=CARTESIAN_POINT('Ctrl Pts',(12.5455104000759,-4.13668067857743,0.3));
#6717=CARTESIAN_POINT('Ctrl Pts',(12.635337158679,-4.13668067857743,0.255));
#6718=CARTESIAN_POINT('Ctrl Pts',(12.635337158679,-4.13668067857743,0.3));
#6719=CARTESIAN_POINT('Ctrl Pts',(12.7612707516227,-4.08031879082643,0.255));
#6720=CARTESIAN_POINT('Ctrl Pts',(12.7612707516227,-4.08031879082643,0.3));
#6721=CARTESIAN_POINT('Ctrl Pts',(12.8246778753426,-3.98344679625439,0.255));
#6722=CARTESIAN_POINT('Ctrl Pts',(12.8246778753426,-3.98344679625439,0.3));
#6723=CARTESIAN_POINT('Ctrl Pts',(12.8246778753426,-3.92444294501506,0.255));
#6724=CARTESIAN_POINT('Ctrl Pts',(12.8246778753426,-3.92444294501506,0.3));
#6725=CARTESIAN_POINT('',(12.5455104000759,-4.13668067857743,0.255));
#6726=CARTESIAN_POINT('Ctrl Pts',(12.8246778753426,-3.92444294501506,0.255));
#6727=CARTESIAN_POINT('Ctrl Pts',(12.8246778753426,-3.98344679625439,0.255));
#6728=CARTESIAN_POINT('Ctrl Pts',(12.7612707516227,-4.08031879082643,0.255));
#6729=CARTESIAN_POINT('Ctrl Pts',(12.635337158679,-4.13668067857743,0.255));
#6730=CARTESIAN_POINT('Ctrl Pts',(12.5455104000759,-4.13668067857743,0.255));
#6731=CARTESIAN_POINT('',(12.5455104000759,-4.13668067857743,0.255));
#6732=CARTESIAN_POINT('Ctrl Pts',(12.2513717983753,-3.91915901803841,0.255));
#6733=CARTESIAN_POINT('Ctrl Pts',(12.2513717983753,-3.91915901803841,0.3));
#6734=CARTESIAN_POINT('Ctrl Pts',(12.2575363798481,-4.01867297609877,0.255));
#6735=CARTESIAN_POINT('Ctrl Pts',(12.2575363798481,-4.01867297609877,0.3));
#6736=CARTESIAN_POINT('Ctrl Pts',(12.4063669896906,-4.13668067857743,0.255));
#6737=CARTESIAN_POINT('Ctrl Pts',(12.4063669896906,-4.13668067857743,0.3));
#6738=CARTESIAN_POINT('Ctrl Pts',(12.5455104000759,-4.13668067857743,0.255));
#6739=CARTESIAN_POINT('Ctrl Pts',(12.5455104000759,-4.13668067857743,0.3));
#6740=CARTESIAN_POINT('Ctrl Pts',(12.5455104000759,-4.13668067857743,0.255));
#6741=CARTESIAN_POINT('Ctrl Pts',(12.4063669896906,-4.13668067857743,0.255));
#6742=CARTESIAN_POINT('Ctrl Pts',(12.2910240773976,-4.04522535167052,0.255));
#6743=CARTESIAN_POINT('Ctrl Pts',(12.2707414963498,-4.00052005392674,0.255));
#6744=CARTESIAN_POINT('Origin',(12.539957976626,-3.79111692936015,0.255));
#6745=CARTESIAN_POINT('Origin',(11.9862947950464,-4.11818693415913,0.3));
#6746=CARTESIAN_POINT('',(12.0981379160523,-4.05237483064102,0.3));
#6747=CARTESIAN_POINT('',(12.0981379160523,-4.05237483064102,0.255));
#6748=CARTESIAN_POINT('',(12.0981379160523,-4.05237483064102,0.2775));
#6749=CARTESIAN_POINT('',(11.9862947950464,-4.11818693415913,0.3));
#6750=CARTESIAN_POINT('',(11.9973998781118,-4.11165234472973,0.3));
#6751=CARTESIAN_POINT('',(11.9862947950464,-4.11818693415913,0.255));
#6752=CARTESIAN_POINT('',(11.9862947950464,-4.11818693415913,0.255));
#6753=CARTESIAN_POINT('',(11.9973998781118,-4.11165234472973,0.255));
#6754=CARTESIAN_POINT('Origin',(11.493085888621,-3.56890354022307,0.3));
#6755=CARTESIAN_POINT('',(11.5342591005516,-3.59013224090995,0.255));
#6756=CARTESIAN_POINT('',(11.5342591005516,-3.59013224090995,0.3));
#6757=CARTESIAN_POINT('Ctrl Pts',(11.5342591005516,-3.59013224090995,0.255));
#6758=CARTESIAN_POINT('Ctrl Pts',(11.5342591005516,-3.59013224090995,0.2625));
#6759=CARTESIAN_POINT('Ctrl Pts',(11.5342591005516,-3.59013224090995,0.27));
#6760=CARTESIAN_POINT('Ctrl Pts',(11.5342591005516,-3.59013224090995,0.285));
#6761=CARTESIAN_POINT('Ctrl Pts',(11.5342591005516,-3.59013224090995,0.2925));
#6762=CARTESIAN_POINT('Ctrl Pts',(11.5342591005516,-3.59013224090995,0.3));
#6763=CARTESIAN_POINT('',(11.6736624489276,-3.66200790517446,0.255));
#6764=CARTESIAN_POINT('',(11.6670336024093,-3.65859010529836,0.255));
#6765=CARTESIAN_POINT('',(11.6736624489276,-3.66200790517446,0.3));
#6766=CARTESIAN_POINT('',(11.6736624489276,-3.66200790517446,0.255));
#6767=CARTESIAN_POINT('',(11.6670336024093,-3.65859010529836,0.3));
#6768=CARTESIAN_POINT('Origin',(11.8211551379518,-3.78672968032158,0.3));
#6769=CARTESIAN_POINT('',(12.0981379160523,-3.71132455695659,0.3));
#6770=CARTESIAN_POINT('',(12.0981379160523,-3.71132455695659,0.3));
#6771=CARTESIAN_POINT('',(11.8110445503206,-3.44008297215489,0.3));
#6772=CARTESIAN_POINT('Ctrl Pts',(12.0981379160523,-3.71132455695659,0.3));
#6773=CARTESIAN_POINT('Ctrl Pts',(12.0981379160523,-3.58539096401294,0.3));
#6774=CARTESIAN_POINT('Ctrl Pts',(11.9457846882254,-3.44008297215489,0.3));
#6775=CARTESIAN_POINT('Ctrl Pts',(11.8110445503206,-3.44008297215489,0.3));
#6776=CARTESIAN_POINT('Ctrl Pts',(11.8110445503206,-3.44008297215489,0.3));
#6777=CARTESIAN_POINT('Ctrl Pts',(11.6868722663692,-3.44008297215489,0.3));
#6778=CARTESIAN_POINT('Ctrl Pts',(11.5598372474279,-3.5364297561834,0.3));
#6779=CARTESIAN_POINT('Ctrl Pts',(11.5342591005516,-3.59013224090995,0.3));
#6780=CARTESIAN_POINT('',(11.8084025868323,-3.57306180106741,0.3));
#6781=CARTESIAN_POINT('Ctrl Pts',(11.6736624489276,-3.66200790517446,0.3));
#6782=CARTESIAN_POINT('Ctrl Pts',(11.6842303028809,-3.62061714385732,0.3));
#6783=CARTESIAN_POINT('Ctrl Pts',(11.7520406990813,-3.57306180106741,0.3));
#6784=CARTESIAN_POINT('Ctrl Pts',(11.8084025868323,-3.57306180106741,0.3));
#6785=CARTESIAN_POINT('',(11.9431427247371,-3.70956324796437,0.3));
#6786=CARTESIAN_POINT('Ctrl Pts',(11.8084025868323,-3.57306180106741,0.3));
#6787=CARTESIAN_POINT('Ctrl Pts',(11.8726903650483,-3.57306180106741,0.3));
#6788=CARTESIAN_POINT('Ctrl Pts',(11.9431427247371,-3.64263350626005,0.3));
#6789=CARTESIAN_POINT('Ctrl Pts',(11.9431427247371,-3.70956324796437,0.3));
#6790=CARTESIAN_POINT('',(11.9431427247371,-3.73246026486321,0.3));
#6791=CARTESIAN_POINT('',(11.9431427247371,-3.73246026486321,0.3));
#6792=CARTESIAN_POINT('',(11.7467567721047,-3.73246026486321,0.3));
#6793=CARTESIAN_POINT('',(11.7467567721047,-3.73246026486321,0.3));
#6794=CARTESIAN_POINT('',(11.492247622729,-3.93677210796059,0.3));
#6795=CARTESIAN_POINT('Ctrl Pts',(11.7467567721047,-3.73246026486321,0.3));
#6796=CARTESIAN_POINT('Ctrl Pts',(11.6269877606338,-3.73246026486321,0.3));
#6797=CARTESIAN_POINT('Ctrl Pts',(11.492247622729,-3.84078076788467,0.3));
#6798=CARTESIAN_POINT('Ctrl Pts',(11.492247622729,-3.93677210796059,0.3));
#6799=CARTESIAN_POINT('',(11.7361889181513,-4.13668067857743,0.3));
#6800=CARTESIAN_POINT('Ctrl Pts',(11.492247622729,-3.93677210796059,0.3));
#6801=CARTESIAN_POINT('Ctrl Pts',(11.492247622729,-4.02924083005208,0.3));
#6802=CARTESIAN_POINT('Ctrl Pts',(11.6243457971454,-4.13668067857743,0.3));
#6803=CARTESIAN_POINT('Ctrl Pts',(11.7361889181513,-4.13668067857743,0.3));
#6804=CARTESIAN_POINT('',(11.9625171236515,-4.03980868400539,0.3));
#6805=CARTESIAN_POINT('Ctrl Pts',(11.7361889181513,-4.13668067857743,0.3));
#6806=CARTESIAN_POINT('Ctrl Pts',(11.805760623344,-4.13668067857743,0.3));
#6807=CARTESIAN_POINT('Ctrl Pts',(11.9202457078382,-4.08824468129141,0.3));
#6808=CARTESIAN_POINT('Ctrl Pts',(11.9625171236515,-4.03980868400539,0.3));
#6809=CARTESIAN_POINT('',(11.9862947950464,-4.11818693415913,0.3));
#6810=CARTESIAN_POINT('',(11.6525267410209,-3.92356229051895,0.3));
#6811=CARTESIAN_POINT('',(11.7608472440424,-3.84518404036521,0.3));
#6812=CARTESIAN_POINT('Ctrl Pts',(11.6525267410209,-3.92356229051895,0.3));
#6813=CARTESIAN_POINT('Ctrl Pts',(11.6525267410209,-3.88569414718625,0.3));
#6814=CARTESIAN_POINT('Ctrl Pts',(11.7080079742758,-3.84518404036521,0.3));
#6815=CARTESIAN_POINT('Ctrl Pts',(11.7608472440424,-3.84518404036521,0.3));
#6816=CARTESIAN_POINT('',(11.9431427247371,-3.84518404036521,0.3));
#6817=CARTESIAN_POINT('',(11.8821489313444,-3.84518404036521,0.3));
#6818=CARTESIAN_POINT('',(11.9431427247371,-3.85399058532631,0.3));
#6819=CARTESIAN_POINT('',(11.9431427247371,-3.82036013282395,0.3));
#6820=CARTESIAN_POINT('',(11.7626085530346,-4.0028211951688,0.3));
#6821=CARTESIAN_POINT('Ctrl Pts',(11.9431427247371,-3.85399058532631,0.3));
#6822=CARTESIAN_POINT('Ctrl Pts',(11.9431427247371,-3.92092032703062,0.3));
#6823=CARTESIAN_POINT('Ctrl Pts',(11.8471513846611,-4.0028211951688,0.3));
#6824=CARTESIAN_POINT('Ctrl Pts',(11.7626085530346,-4.0028211951688,0.3));
#6825=CARTESIAN_POINT('Ctrl Pts',(11.7626085530346,-4.0028211951688,0.3));
#6826=CARTESIAN_POINT('Ctrl Pts',(11.708888628772,-4.0028211951688,0.3));
#6827=CARTESIAN_POINT('Ctrl Pts',(11.6525267410209,-3.96143043385166,0.3));
#6828=CARTESIAN_POINT('Ctrl Pts',(11.6525267410209,-3.92356229051895,0.3));
#6829=CARTESIAN_POINT('Ctrl Pts',(11.7608472440424,-3.84518404036521,0.255));
#6830=CARTESIAN_POINT('Ctrl Pts',(11.7608472440424,-3.84518404036521,0.3));
#6831=CARTESIAN_POINT('Ctrl Pts',(11.7080079742758,-3.84518404036521,0.255));
#6832=CARTESIAN_POINT('Ctrl Pts',(11.7080079742758,-3.84518404036521,0.3));
#6833=CARTESIAN_POINT('Ctrl Pts',(11.6525267410209,-3.88569414718625,0.255));
#6834=CARTESIAN_POINT('Ctrl Pts',(11.6525267410209,-3.88569414718625,0.3));
#6835=CARTESIAN_POINT('Ctrl Pts',(11.6525267410209,-3.92356229051895,0.255));
#6836=CARTESIAN_POINT('Ctrl Pts',(11.6525267410209,-3.92356229051895,0.3));
#6837=CARTESIAN_POINT('',(11.7608472440424,-3.84518404036521,0.255));
#6838=CARTESIAN_POINT('',(11.6525267410209,-3.92356229051895,0.255));
#6839=CARTESIAN_POINT('Ctrl Pts',(11.7608472440424,-3.84518404036521,0.255));
#6840=CARTESIAN_POINT('Ctrl Pts',(11.7080079742758,-3.84518404036521,0.255));
#6841=CARTESIAN_POINT('Ctrl Pts',(11.6525267410209,-3.88569414718625,0.255));
#6842=CARTESIAN_POINT('Ctrl Pts',(11.6525267410209,-3.92356229051895,0.255));
#6843=CARTESIAN_POINT('',(11.7608472440424,-3.84518404036521,0.255));
#6844=CARTESIAN_POINT('',(11.6525267410209,-3.92356229051895,0.255));
#6845=CARTESIAN_POINT('Origin',(11.9431427247371,-3.84518404036521,0.255));
#6846=CARTESIAN_POINT('',(11.9431427247371,-3.84518404036521,0.255));
#6847=CARTESIAN_POINT('',(11.8821489313444,-3.84518404036521,0.255));
#6848=CARTESIAN_POINT('',(11.9431427247371,-3.84518404036521,0.255));
#6849=CARTESIAN_POINT('Origin',(11.9431427247371,-3.85399058532631,0.255));
#6850=CARTESIAN_POINT('',(11.9431427247371,-3.85399058532631,0.255));
#6851=CARTESIAN_POINT('',(11.9431427247371,-3.82036013282395,0.255));
#6852=CARTESIAN_POINT('',(11.9431427247371,-3.85399058532631,0.255));
#6853=CARTESIAN_POINT('Ctrl Pts',(11.7626085530346,-4.0028211951688,0.255));
#6854=CARTESIAN_POINT('Ctrl Pts',(11.7626085530346,-4.0028211951688,0.3));
#6855=CARTESIAN_POINT('Ctrl Pts',(11.8471513846611,-4.0028211951688,0.255));
#6856=CARTESIAN_POINT('Ctrl Pts',(11.8471513846611,-4.0028211951688,0.3));
#6857=CARTESIAN_POINT('Ctrl Pts',(11.9431427247371,-3.92092032703062,0.255));
#6858=CARTESIAN_POINT('Ctrl Pts',(11.9431427247371,-3.92092032703062,0.3));
#6859=CARTESIAN_POINT('Ctrl Pts',(11.9431427247371,-3.85399058532631,0.255));
#6860=CARTESIAN_POINT('Ctrl Pts',(11.9431427247371,-3.85399058532631,0.3));
#6861=CARTESIAN_POINT('',(11.7626085530346,-4.0028211951688,0.255));
#6862=CARTESIAN_POINT('Ctrl Pts',(11.7626085530346,-4.0028211951688,0.255));
#6863=CARTESIAN_POINT('Ctrl Pts',(11.8471513846611,-4.0028211951688,0.255));
#6864=CARTESIAN_POINT('Ctrl Pts',(11.9431427247371,-3.92092032703062,0.255));
#6865=CARTESIAN_POINT('Ctrl Pts',(11.9431427247371,-3.85399058532631,0.255));
#6866=CARTESIAN_POINT('',(11.7626085530346,-4.0028211951688,0.255));
#6867=CARTESIAN_POINT('Ctrl Pts',(11.6525267410209,-3.92356229051895,0.255));
#6868=CARTESIAN_POINT('Ctrl Pts',(11.6525267410209,-3.92356229051895,0.3));
#6869=CARTESIAN_POINT('Ctrl Pts',(11.6525267410209,-3.96143043385166,0.255));
#6870=CARTESIAN_POINT('Ctrl Pts',(11.6525267410209,-3.96143043385166,0.3));
#6871=CARTESIAN_POINT('Ctrl Pts',(11.708888628772,-4.0028211951688,0.255));
#6872=CARTESIAN_POINT('Ctrl Pts',(11.708888628772,-4.0028211951688,0.3));
#6873=CARTESIAN_POINT('Ctrl Pts',(11.7626085530346,-4.0028211951688,0.255));
#6874=CARTESIAN_POINT('Ctrl Pts',(11.7626085530346,-4.0028211951688,0.3));
#6875=CARTESIAN_POINT('Ctrl Pts',(11.6525267410209,-3.92356229051895,0.255));
#6876=CARTESIAN_POINT('Ctrl Pts',(11.6525267410209,-3.96143043385166,0.255));
#6877=CARTESIAN_POINT('Ctrl Pts',(11.708888628772,-4.0028211951688,0.255));
#6878=CARTESIAN_POINT('Ctrl Pts',(11.7626085530346,-4.0028211951688,0.255));
#6879=CARTESIAN_POINT('Origin',(11.9431427247371,-3.73246026486321,0.255));
#6880=CARTESIAN_POINT('',(11.7467567721047,-3.73246026486321,0.255));
#6881=CARTESIAN_POINT('',(11.9431427247371,-3.73246026486321,0.255));
#6882=CARTESIAN_POINT('',(11.7467567721047,-3.73246026486321,0.255));
#6883=CARTESIAN_POINT('',(11.7467567721047,-3.73246026486321,0.255));
#6884=CARTESIAN_POINT('',(11.9431427247371,-3.73246026486321,0.255));
#6885=CARTESIAN_POINT('Origin',(11.9431427247371,-3.70956324796437,0.255));
#6886=CARTESIAN_POINT('',(11.9431427247371,-3.70956324796437,0.255));
#6887=CARTESIAN_POINT('',(11.9431427247371,-3.73246026486321,0.255));
#6888=CARTESIAN_POINT('',(11.9431427247371,-3.70956324796437,0.255));
#6889=CARTESIAN_POINT('Ctrl Pts',(11.8084025868323,-3.57306180106741,0.255));
#6890=CARTESIAN_POINT('Ctrl Pts',(11.8084025868323,-3.57306180106741,0.3));
#6891=CARTESIAN_POINT('Ctrl Pts',(11.8726903650483,-3.57306180106741,0.255));
#6892=CARTESIAN_POINT('Ctrl Pts',(11.8726903650483,-3.57306180106741,0.3));
#6893=CARTESIAN_POINT('Ctrl Pts',(11.9431427247371,-3.64263350626005,0.255));
#6894=CARTESIAN_POINT('Ctrl Pts',(11.9431427247371,-3.64263350626005,0.3));
#6895=CARTESIAN_POINT('Ctrl Pts',(11.9431427247371,-3.70956324796437,0.255));
#6896=CARTESIAN_POINT('Ctrl Pts',(11.9431427247371,-3.70956324796437,0.3));
#6897=CARTESIAN_POINT('',(11.8084025868323,-3.57306180106741,0.255));
#6898=CARTESIAN_POINT('Ctrl Pts',(11.9431427247371,-3.70956324796437,0.255));
#6899=CARTESIAN_POINT('Ctrl Pts',(11.9431427247371,-3.64263350626005,0.255));
#6900=CARTESIAN_POINT('Ctrl Pts',(11.8726903650483,-3.57306180106741,0.255));
#6901=CARTESIAN_POINT('Ctrl Pts',(11.8084025868323,-3.57306180106741,0.255));
#6902=CARTESIAN_POINT('',(11.8084025868323,-3.57306180106741,0.255));
#6903=CARTESIAN_POINT('Ctrl Pts',(11.6736624489276,-3.66200790517446,0.255));
#6904=CARTESIAN_POINT('Ctrl Pts',(11.6736624489276,-3.66200790517446,0.3));
#6905=CARTESIAN_POINT('Ctrl Pts',(11.6842303028809,-3.62061714385732,0.255));
#6906=CARTESIAN_POINT('Ctrl Pts',(11.6842303028809,-3.62061714385732,0.3));
#6907=CARTESIAN_POINT('Ctrl Pts',(11.7520406990813,-3.57306180106741,0.255));
#6908=CARTESIAN_POINT('Ctrl Pts',(11.7520406990813,-3.57306180106741,0.3));
#6909=CARTESIAN_POINT('Ctrl Pts',(11.8084025868323,-3.57306180106741,0.255));
#6910=CARTESIAN_POINT('Ctrl Pts',(11.8084025868323,-3.57306180106741,0.3));
#6911=CARTESIAN_POINT('Ctrl Pts',(11.8084025868323,-3.57306180106741,0.255));
#6912=CARTESIAN_POINT('Ctrl Pts',(11.7520406990813,-3.57306180106741,0.255));
#6913=CARTESIAN_POINT('Ctrl Pts',(11.6842303028809,-3.62061714385732,0.255));
#6914=CARTESIAN_POINT('Ctrl Pts',(11.6736624489276,-3.66200790517446,0.255));
#6915=CARTESIAN_POINT('Ctrl Pts',(11.8110445503206,-3.44008297215489,0.255));
#6916=CARTESIAN_POINT('Ctrl Pts',(11.8110445503206,-3.44008297215489,0.3));
#6917=CARTESIAN_POINT('Ctrl Pts',(11.6868722663692,-3.44008297215489,0.255));
#6918=CARTESIAN_POINT('Ctrl Pts',(11.6868722663692,-3.44008297215489,0.3));
#6919=CARTESIAN_POINT('Ctrl Pts',(11.5301157660617,-3.55897132912966,0.255));
#6920=CARTESIAN_POINT('Ctrl Pts',(11.5301157660617,-3.55897132912966,0.3));
#6921=CARTESIAN_POINT('Ctrl Pts',(11.5116220216434,-3.66200790517446,0.255));
#6922=CARTESIAN_POINT('Ctrl Pts',(11.5116220216434,-3.66200790517446,0.3));
#6923=CARTESIAN_POINT('',(11.8110445503206,-3.44008297215489,0.255));
#6924=CARTESIAN_POINT('',(11.8110445503206,-3.44008297215489,0.255));
#6925=CARTESIAN_POINT('Ctrl Pts',(11.5342591005516,-3.59013224090995,0.255));
#6926=CARTESIAN_POINT('Ctrl Pts',(11.5598372474279,-3.5364297561834,0.255));
#6927=CARTESIAN_POINT('Ctrl Pts',(11.6868722663692,-3.44008297215489,0.255));
#6928=CARTESIAN_POINT('Ctrl Pts',(11.8110445503206,-3.44008297215489,0.255));
#6929=CARTESIAN_POINT('Ctrl Pts',(12.0981379160523,-3.71132455695659,0.255));
#6930=CARTESIAN_POINT('Ctrl Pts',(12.0981379160523,-3.71132455695659,0.3));
#6931=CARTESIAN_POINT('Ctrl Pts',(12.0981379160523,-3.58539096401294,0.255));
#6932=CARTESIAN_POINT('Ctrl Pts',(12.0981379160523,-3.58539096401294,0.3));
#6933=CARTESIAN_POINT('Ctrl Pts',(11.9457846882254,-3.44008297215489,0.255));
#6934=CARTESIAN_POINT('Ctrl Pts',(11.9457846882254,-3.44008297215489,0.3));
#6935=CARTESIAN_POINT('Ctrl Pts',(11.8110445503206,-3.44008297215489,0.255));
#6936=CARTESIAN_POINT('Ctrl Pts',(11.8110445503206,-3.44008297215489,0.3));
#6937=CARTESIAN_POINT('',(12.0981379160523,-3.71132455695659,0.255));
#6938=CARTESIAN_POINT('Ctrl Pts',(11.8110445503206,-3.44008297215489,0.255));
#6939=CARTESIAN_POINT('Ctrl Pts',(11.9457846882254,-3.44008297215489,0.255));
#6940=CARTESIAN_POINT('Ctrl Pts',(12.0981379160523,-3.58539096401294,0.255));
#6941=CARTESIAN_POINT('Ctrl Pts',(12.0981379160523,-3.71132455695659,0.255));
#6942=CARTESIAN_POINT('',(12.0981379160523,-3.71132455695659,0.255));
#6943=CARTESIAN_POINT('Origin',(12.0981379160523,-4.11818693415913,0.255));
#6944=CARTESIAN_POINT('',(12.0981379160523,-3.71132455695659,0.255));
#6945=CARTESIAN_POINT('Origin',(11.9625171236515,-4.03980868400539,0.255));
#6946=CARTESIAN_POINT('',(11.9625171236515,-4.03980868400539,0.255));
#6947=CARTESIAN_POINT('',(11.9862947950464,-4.11818693415913,0.255));
#6948=CARTESIAN_POINT('',(11.9625171236515,-4.03980868400539,0.255));
#6949=CARTESIAN_POINT('Ctrl Pts',(11.7361889181513,-4.13668067857743,0.255));
#6950=CARTESIAN_POINT('Ctrl Pts',(11.7361889181513,-4.13668067857743,0.3));
#6951=CARTESIAN_POINT('Ctrl Pts',(11.805760623344,-4.13668067857743,0.255));
#6952=CARTESIAN_POINT('Ctrl Pts',(11.805760623344,-4.13668067857743,0.3));
#6953=CARTESIAN_POINT('Ctrl Pts',(11.9202457078382,-4.08824468129141,0.255));
#6954=CARTESIAN_POINT('Ctrl Pts',(11.9202457078382,-4.08824468129141,0.3));
#6955=CARTESIAN_POINT('Ctrl Pts',(11.9625171236515,-4.03980868400539,0.255));
#6956=CARTESIAN_POINT('Ctrl Pts',(11.9625171236515,-4.03980868400539,0.3));
#6957=CARTESIAN_POINT('',(11.7361889181513,-4.13668067857743,0.255));
#6958=CARTESIAN_POINT('Ctrl Pts',(11.9625171236515,-4.03980868400539,0.255));
#6959=CARTESIAN_POINT('Ctrl Pts',(11.9202457078382,-4.08824468129141,0.255));
#6960=CARTESIAN_POINT('Ctrl Pts',(11.805760623344,-4.13668067857743,0.255));
#6961=CARTESIAN_POINT('Ctrl Pts',(11.7361889181513,-4.13668067857743,0.255));
#6962=CARTESIAN_POINT('',(11.7361889181513,-4.13668067857743,0.255));
#6963=CARTESIAN_POINT('Ctrl Pts',(11.492247622729,-3.93677210796059,0.255));
#6964=CARTESIAN_POINT('Ctrl Pts',(11.492247622729,-3.93677210796059,0.3));
#6965=CARTESIAN_POINT('Ctrl Pts',(11.492247622729,-4.02924083005208,0.255));
#6966=CARTESIAN_POINT('Ctrl Pts',(11.492247622729,-4.02924083005208,0.3));
#6967=CARTESIAN_POINT('Ctrl Pts',(11.6243457971454,-4.13668067857743,0.255));
#6968=CARTESIAN_POINT('Ctrl Pts',(11.6243457971454,-4.13668067857743,0.3));
#6969=CARTESIAN_POINT('Ctrl Pts',(11.7361889181513,-4.13668067857743,0.255));
#6970=CARTESIAN_POINT('Ctrl Pts',(11.7361889181513,-4.13668067857743,0.3));
#6971=CARTESIAN_POINT('',(11.492247622729,-3.93677210796059,0.255));
#6972=CARTESIAN_POINT('Ctrl Pts',(11.7361889181513,-4.13668067857743,0.255));
#6973=CARTESIAN_POINT('Ctrl Pts',(11.6243457971454,-4.13668067857743,0.255));
#6974=CARTESIAN_POINT('Ctrl Pts',(11.492247622729,-4.02924083005208,0.255));
#6975=CARTESIAN_POINT('Ctrl Pts',(11.492247622729,-3.93677210796059,0.255));
#6976=CARTESIAN_POINT('',(11.492247622729,-3.93677210796059,0.255));
#6977=CARTESIAN_POINT('Ctrl Pts',(11.7467567721047,-3.73246026486321,0.255));
#6978=CARTESIAN_POINT('Ctrl Pts',(11.7467567721047,-3.73246026486321,0.3));
#6979=CARTESIAN_POINT('Ctrl Pts',(11.6269877606338,-3.73246026486321,0.255));
#6980=CARTESIAN_POINT('Ctrl Pts',(11.6269877606338,-3.73246026486321,0.3));
#6981=CARTESIAN_POINT('Ctrl Pts',(11.492247622729,-3.84078076788467,0.255));
#6982=CARTESIAN_POINT('Ctrl Pts',(11.492247622729,-3.84078076788467,0.3));
#6983=CARTESIAN_POINT('Ctrl Pts',(11.492247622729,-3.93677210796059,0.255));
#6984=CARTESIAN_POINT('Ctrl Pts',(11.492247622729,-3.93677210796059,0.3));
#6985=CARTESIAN_POINT('Ctrl Pts',(11.492247622729,-3.93677210796059,0.255));
#6986=CARTESIAN_POINT('Ctrl Pts',(11.492247622729,-3.84078076788467,0.255));
#6987=CARTESIAN_POINT('Ctrl Pts',(11.6269877606338,-3.73246026486321,0.255));
#6988=CARTESIAN_POINT('Ctrl Pts',(11.7467567721047,-3.73246026486321,0.255));
#6989=CARTESIAN_POINT('Origin',(11.8211551379518,-3.78672968032158,0.255));
#6990=CARTESIAN_POINT('Origin',(9.52926875090117,-3.92972687199172,0.3));
#6991=CARTESIAN_POINT('',(9.52926875090117,-3.92972687199172,0.3));
#6992=CARTESIAN_POINT('',(9.58122736617163,-3.78089626214923,0.3));
#6993=CARTESIAN_POINT('',(9.56561211542314,-3.8256246922593,0.3));
#6994=CARTESIAN_POINT('',(9.52926875090117,-3.92972687199172,0.255));
#6995=CARTESIAN_POINT('',(9.52926875090117,-3.92972687199172,0.255));
#6996=CARTESIAN_POINT('',(9.58122736617163,-3.78089626214923,0.255));
#6997=CARTESIAN_POINT('',(9.56561211542314,-3.8256246922593,0.255));
#6998=CARTESIAN_POINT('',(9.58122736617163,-3.78089626214923,0.255));
#6999=CARTESIAN_POINT('Origin',(9.86655942291108,-3.78089626214923,0.3));
#7000=CARTESIAN_POINT('',(9.86655942291108,-3.78089626214923,0.3));
#7001=CARTESIAN_POINT('',(9.91939869267764,-3.92972687199172,0.3));
#7002=CARTESIAN_POINT('',(9.8560815115638,-3.75138347852107,0.3));
#7003=CARTESIAN_POINT('',(9.86655942291108,-3.78089626214923,0.255));
#7004=CARTESIAN_POINT('',(9.86655942291108,-3.78089626214923,0.255));
#7005=CARTESIAN_POINT('',(9.91939869267764,-3.92972687199172,0.255));
#7006=CARTESIAN_POINT('',(9.8560815115638,-3.75138347852107,0.255));
#7007=CARTESIAN_POINT('',(9.91939869267764,-3.92972687199172,0.255));
#7008=CARTESIAN_POINT('Origin',(9.72529774915641,-3.76458283136395,0.3));
#7009=CARTESIAN_POINT('',(9.72389339454135,-3.41542464626383,0.3));
#7010=CARTESIAN_POINT('',(9.66484878580708,-3.56668089703372,0.3));
#7011=CARTESIAN_POINT('',(9.85445671841387,-3.7498924203817,0.3));
#7012=CARTESIAN_POINT('',(9.99513497934305,-4.11818693415913,0.3));
#7013=CARTESIAN_POINT('',(9.99513497934305,-4.11818693415913,0.3));
#7014=CARTESIAN_POINT('',(10.1747884965494,-4.11818693415913,0.3));
#7015=CARTESIAN_POINT('',(10.1747884965494,-4.11818693415913,0.3));
#7016=CARTESIAN_POINT('',(9.80579426267953,-3.20318691270146,0.3));
#7017=CARTESIAN_POINT('',(9.80579426267953,-3.20318691270146,0.3));
#7018=CARTESIAN_POINT('',(9.6437538353954,-3.20318691270146,0.3));
#7019=CARTESIAN_POINT('',(9.6437538353954,-3.20318691270146,0.3));
#7020=CARTESIAN_POINT('',(9.27652091051777,-4.11818693415913,0.3));
#7021=CARTESIAN_POINT('',(9.27652091051777,-4.11818693415913,0.3));
#7022=CARTESIAN_POINT('',(9.45353246423576,-4.11818693415913,0.3));
#7023=CARTESIAN_POINT('',(9.45353246423576,-4.11818693415913,0.3));
#7024=CARTESIAN_POINT('',(9.52926875090117,-3.92972687199172,0.3));
#7025=CARTESIAN_POINT('Origin',(9.72389339454135,-3.41542464626383,0.255));
#7026=CARTESIAN_POINT('',(9.72389339454135,-3.41542464626383,0.255));
#7027=CARTESIAN_POINT('',(9.66484878580708,-3.56668089703372,0.255));
#7028=CARTESIAN_POINT('',(9.72389339454135,-3.41542464626383,0.255));
#7029=CARTESIAN_POINT('Origin',(9.86655942291108,-3.78089626214923,0.255));
#7030=CARTESIAN_POINT('',(9.85445671841387,-3.7498924203817,0.255));
#7031=CARTESIAN_POINT('Origin',(10.1747884965494,-4.11818693415913,0.255));
#7032=CARTESIAN_POINT('',(9.80579426267953,-3.20318691270146,0.255));
#7033=CARTESIAN_POINT('',(10.1747884965494,-4.11818693415913,0.255));
#7034=CARTESIAN_POINT('',(9.80579426267953,-3.20318691270146,0.255));
#7035=CARTESIAN_POINT('',(9.80579426267953,-3.20318691270146,0.255));
#7036=CARTESIAN_POINT('',(10.1747884965494,-4.11818693415913,0.255));
#7037=CARTESIAN_POINT('Origin',(9.99513497934305,-4.11818693415913,0.255));
#7038=CARTESIAN_POINT('',(9.99513497934305,-4.11818693415913,0.255));
#7039=CARTESIAN_POINT('',(10.1747884965494,-4.11818693415913,0.255));
#7040=CARTESIAN_POINT('',(9.99513497934305,-4.11818693415913,0.255));
#7041=CARTESIAN_POINT('Origin',(9.91939869267764,-3.92972687199172,0.255));
#7042=CARTESIAN_POINT('',(9.99513497934305,-4.11818693415913,0.255));
#7043=CARTESIAN_POINT('Origin',(9.45353246423576,-4.11818693415913,0.255));
#7044=CARTESIAN_POINT('',(9.45353246423576,-4.11818693415913,0.255));
#7045=CARTESIAN_POINT('',(9.52926875090117,-3.92972687199172,0.255));
#7046=CARTESIAN_POINT('',(9.45353246423576,-4.11818693415913,0.255));
#7047=CARTESIAN_POINT('Origin',(9.27652091051777,-4.11818693415913,0.255));
#7048=CARTESIAN_POINT('',(9.27652091051777,-4.11818693415913,0.255));
#7049=CARTESIAN_POINT('',(9.45353246423576,-4.11818693415913,0.255));
#7050=CARTESIAN_POINT('',(9.27652091051777,-4.11818693415913,0.255));
#7051=CARTESIAN_POINT('Origin',(9.6437538353954,-3.20318691270146,0.255));
#7052=CARTESIAN_POINT('',(9.6437538353954,-3.20318691270146,0.255));
#7053=CARTESIAN_POINT('',(9.27652091051777,-4.11818693415913,0.255));
#7054=CARTESIAN_POINT('',(9.6437538353954,-3.20318691270146,0.255));
#7055=CARTESIAN_POINT('Origin',(9.80579426267953,-3.20318691270146,0.255));
#7056=CARTESIAN_POINT('',(9.6437538353954,-3.20318691270146,0.255));
#7057=CARTESIAN_POINT('Origin',(9.72529774915641,-3.76458283136395,0.255));
#7058=CARTESIAN_POINT('Origin',(10.4363428818939,-3.45857671657319,0.3));
#7059=CARTESIAN_POINT('',(10.2963188170125,-3.53496634689938,0.3));
#7060=CARTESIAN_POINT('',(10.2963188170125,-3.53496634689938,0.255));
#7061=CARTESIAN_POINT('',(10.2963188170125,-3.53496634689938,0.2775));
#7062=CARTESIAN_POINT('',(10.4363428818939,-3.45857671657319,0.3));
#7063=CARTESIAN_POINT('',(10.5034447147335,-3.4219695504466,0.3));
#7064=CARTESIAN_POINT('',(10.4363428818939,-3.45857671657319,0.255));
#7065=CARTESIAN_POINT('',(10.4363428818939,-3.45857671657319,0.3));
#7066=CARTESIAN_POINT('',(10.5034447147335,-3.4219695504466,0.255));
#7067=CARTESIAN_POINT('Origin',(10.7905857432926,-3.78869962376329,0.3));
#7068=CARTESIAN_POINT('',(10.2963188170125,-4.11818693415913,0.3));
#7069=CARTESIAN_POINT('',(10.2963188170125,-4.11818693415913,0.3));
#7070=CARTESIAN_POINT('',(10.4530753173199,-4.11818693415913,0.3));
#7071=CARTESIAN_POINT('',(10.4530753173199,-4.11818693415913,0.3));
#7072=CARTESIAN_POINT('',(10.4530753173199,-3.77561233517257,0.3));
#7073=CARTESIAN_POINT('',(10.4530753173199,-3.77561233517257,0.3));
#7074=CARTESIAN_POINT('',(10.6071898541391,-3.58362965502072,0.3));
#7075=CARTESIAN_POINT('Ctrl Pts',(10.4530753173199,-3.77561233517257,0.3));
#7076=CARTESIAN_POINT('Ctrl Pts',(10.4530753173199,-3.68930819455385,0.3));
#7077=CARTESIAN_POINT('Ctrl Pts',(10.5429020759231,-3.58362965502072,0.3));
#7078=CARTESIAN_POINT('Ctrl Pts',(10.6071898541391,-3.58362965502072,0.3));
#7079=CARTESIAN_POINT('',(10.7340041015788,-3.7500733547854,0.3));
#7080=CARTESIAN_POINT('Ctrl Pts',(10.6071898541391,-3.58362965502072,0.3));
#7081=CARTESIAN_POINT('Ctrl Pts',(10.6670743598745,-3.58362965502072,0.3));
#7082=CARTESIAN_POINT('Ctrl Pts',(10.7340041015788,-3.66729183215111,0.3));
#7083=CARTESIAN_POINT('Ctrl Pts',(10.7340041015788,-3.7500733547854,0.3));
#7084=CARTESIAN_POINT('',(10.7340041015788,-4.11818693415913,0.3));
#7085=CARTESIAN_POINT('',(10.7340041015788,-4.11818693415913,0.3));
#7086=CARTESIAN_POINT('',(10.8907606018863,-4.11818693415913,0.3));
#7087=CARTESIAN_POINT('',(10.8907606018863,-4.11818693415913,0.3));
#7088=CARTESIAN_POINT('',(10.8907606018863,-3.77561233517257,0.3));
#7089=CARTESIAN_POINT('',(10.8907606018863,-3.77561233517257,0.3));
#7090=CARTESIAN_POINT('',(11.041352520721,-3.58362965502072,0.3));
#7091=CARTESIAN_POINT('Ctrl Pts',(10.8907606018863,-3.77561233517257,0.3));
#7092=CARTESIAN_POINT('Ctrl Pts',(10.8907606018863,-3.69106950354607,0.3));
#7093=CARTESIAN_POINT('Ctrl Pts',(10.9779453970011,-3.58362965502072,0.3));
#7094=CARTESIAN_POINT('Ctrl Pts',(11.041352520721,-3.58362965502072,0.3));
#7095=CARTESIAN_POINT('',(11.1716893861452,-3.7500733547854,0.3));
#7096=CARTESIAN_POINT('Ctrl Pts',(11.041352520721,-3.58362965502072,0.3));
#7097=CARTESIAN_POINT('Ctrl Pts',(11.1047596444409,-3.58362965502072,0.3));
#7098=CARTESIAN_POINT('Ctrl Pts',(11.1716893861452,-3.66729183215111,0.3));
#7099=CARTESIAN_POINT('Ctrl Pts',(11.1716893861452,-3.7500733547854,0.3));
#7100=CARTESIAN_POINT('',(11.1716893861452,-4.11818693415913,0.3));
#7101=CARTESIAN_POINT('',(11.1716893861452,-4.11818693415913,0.3));
#7102=CARTESIAN_POINT('',(11.3284458864527,-4.11818693415913,0.3));
#7103=CARTESIAN_POINT('',(11.3284458864527,-4.11818693415913,0.3));
#7104=CARTESIAN_POINT('',(11.3284458864527,-3.71132455695659,0.3));
#7105=CARTESIAN_POINT('',(11.3284458864527,-3.71132455695659,0.3));
#7106=CARTESIAN_POINT('',(11.0818626275421,-3.44008297215489,0.3));
#7107=CARTESIAN_POINT('Ctrl Pts',(11.3284458864527,-3.71132455695659,0.3));
#7108=CARTESIAN_POINT('Ctrl Pts',(11.3284458864527,-3.58362965502072,0.3));
#7109=CARTESIAN_POINT('Ctrl Pts',(11.1954670575402,-3.44008297215489,0.3));
#7110=CARTESIAN_POINT('Ctrl Pts',(11.0818626275421,-3.44008297215489,0.3));
#7111=CARTESIAN_POINT('',(10.8537731130497,-3.553687402153,0.3));
#7112=CARTESIAN_POINT('Ctrl Pts',(11.0818626275421,-3.44008297215489,0.3));
#7113=CARTESIAN_POINT('Ctrl Pts',(11.0122909223494,-3.44008297215489,0.3));
#7114=CARTESIAN_POINT('Ctrl Pts',(10.8916412563824,-3.49996747789033,0.3));
#7115=CARTESIAN_POINT('Ctrl Pts',(10.8537731130497,-3.553687402153,0.3));
#7116=CARTESIAN_POINT('',(10.6485806154562,-3.44008297215489,0.3));
#7117=CARTESIAN_POINT('Ctrl Pts',(10.8537731130497,-3.553687402153,0.3));
#7118=CARTESIAN_POINT('Ctrl Pts',(10.823830860182,-3.49908682339422,0.3));
#7119=CARTESIAN_POINT('Ctrl Pts',(10.7181523206489,-3.44008297215489,0.3));
#7120=CARTESIAN_POINT('Ctrl Pts',(10.6485806154562,-3.44008297215489,0.3));
#7121=CARTESIAN_POINT('',(10.4363428818939,-3.53783562122303,0.3));
#7122=CARTESIAN_POINT('Ctrl Pts',(10.6485806154562,-3.44008297215489,0.3));
#7123=CARTESIAN_POINT('Ctrl Pts',(10.5860541462325,-3.44008297215489,0.3));
#7124=CARTESIAN_POINT('Ctrl Pts',(10.4750916797227,-3.49116093292923,0.3));
#7125=CARTESIAN_POINT('Ctrl Pts',(10.4363428818939,-3.53783562122303,0.3));
#7126=CARTESIAN_POINT('',(10.4363428818939,-3.45857671657319,0.3));
#7127=CARTESIAN_POINT('Origin',(10.4363428818939,-3.45857671657319,0.3));
#7128=CARTESIAN_POINT('',(10.4363428818939,-3.53783562122303,0.255));
#7129=CARTESIAN_POINT('',(10.4363428818939,-3.53783562122303,0.255));
#7130=CARTESIAN_POINT('',(10.4363428818939,-3.48558529769133,0.255));
#7131=CARTESIAN_POINT('Origin',(10.2963188170125,-3.45857671657319,0.255));
#7132=CARTESIAN_POINT('',(10.2963188170125,-4.11818693415913,0.255));
#7133=CARTESIAN_POINT('',(10.2963188170125,-4.11818693415913,0.255));
#7134=CARTESIAN_POINT('',(10.2963188170125,-4.11818693415913,0.255));
#7135=CARTESIAN_POINT('Origin',(10.7905857432926,-3.78869962376329,0.255));
#7136=CARTESIAN_POINT('',(10.6485806154562,-3.44008297215489,0.255));
#7137=CARTESIAN_POINT('Ctrl Pts',(10.4363428818939,-3.53783562122303,0.255));
#7138=CARTESIAN_POINT('Ctrl Pts',(10.4750916797227,-3.49116093292923,0.255));
#7139=CARTESIAN_POINT('Ctrl Pts',(10.5860541462325,-3.44008297215489,0.255));
#7140=CARTESIAN_POINT('Ctrl Pts',(10.6485806154562,-3.44008297215489,0.255));
#7141=CARTESIAN_POINT('',(10.8537731130497,-3.553687402153,0.255));
#7142=CARTESIAN_POINT('Ctrl Pts',(10.6485806154562,-3.44008297215489,0.255));
#7143=CARTESIAN_POINT('Ctrl Pts',(10.7181523206489,-3.44008297215489,0.255));
#7144=CARTESIAN_POINT('Ctrl Pts',(10.823830860182,-3.49908682339422,0.255));
#7145=CARTESIAN_POINT('Ctrl Pts',(10.8537731130497,-3.553687402153,0.255));
#7146=CARTESIAN_POINT('',(11.0818626275421,-3.44008297215489,0.255));
#7147=CARTESIAN_POINT('Ctrl Pts',(10.8537731130497,-3.553687402153,0.255));
#7148=CARTESIAN_POINT('Ctrl Pts',(10.8916412563824,-3.49996747789033,0.255));
#7149=CARTESIAN_POINT('Ctrl Pts',(11.0122909223494,-3.44008297215489,0.255));
#7150=CARTESIAN_POINT('Ctrl Pts',(11.0818626275421,-3.44008297215489,0.255));
#7151=CARTESIAN_POINT('',(11.3284458864527,-3.71132455695659,0.255));
#7152=CARTESIAN_POINT('Ctrl Pts',(11.0818626275421,-3.44008297215489,0.255));
#7153=CARTESIAN_POINT('Ctrl Pts',(11.1954670575402,-3.44008297215489,0.255));
#7154=CARTESIAN_POINT('Ctrl Pts',(11.3284458864527,-3.58362965502072,0.255));
#7155=CARTESIAN_POINT('Ctrl Pts',(11.3284458864527,-3.71132455695659,0.255));
#7156=CARTESIAN_POINT('',(11.3284458864527,-4.11818693415913,0.255));
#7157=CARTESIAN_POINT('',(11.3284458864527,-3.71132455695659,0.255));
#7158=CARTESIAN_POINT('',(11.1716893861452,-4.11818693415913,0.255));
#7159=CARTESIAN_POINT('',(11.3284458864527,-4.11818693415913,0.255));
#7160=CARTESIAN_POINT('',(11.1716893861452,-3.7500733547854,0.255));
#7161=CARTESIAN_POINT('',(11.1716893861452,-4.11818693415913,0.255));
#7162=CARTESIAN_POINT('',(11.041352520721,-3.58362965502072,0.255));
#7163=CARTESIAN_POINT('Ctrl Pts',(11.1716893861452,-3.7500733547854,0.255));
#7164=CARTESIAN_POINT('Ctrl Pts',(11.1716893861452,-3.66729183215111,0.255));
#7165=CARTESIAN_POINT('Ctrl Pts',(11.1047596444409,-3.58362965502072,0.255));
#7166=CARTESIAN_POINT('Ctrl Pts',(11.041352520721,-3.58362965502072,0.255));
#7167=CARTESIAN_POINT('',(10.8907606018863,-3.77561233517257,0.255));
#7168=CARTESIAN_POINT('Ctrl Pts',(11.041352520721,-3.58362965502072,0.255));
#7169=CARTESIAN_POINT('Ctrl Pts',(10.9779453970011,-3.58362965502072,0.255));
#7170=CARTESIAN_POINT('Ctrl Pts',(10.8907606018863,-3.69106950354607,0.255));
#7171=CARTESIAN_POINT('Ctrl Pts',(10.8907606018863,-3.77561233517257,0.255));
#7172=CARTESIAN_POINT('',(10.8907606018863,-4.11818693415913,0.255));
#7173=CARTESIAN_POINT('',(10.8907606018863,-3.77561233517257,0.255));
#7174=CARTESIAN_POINT('',(10.7340041015788,-4.11818693415913,0.255));
#7175=CARTESIAN_POINT('',(10.8907606018863,-4.11818693415913,0.255));
#7176=CARTESIAN_POINT('',(10.7340041015788,-3.7500733547854,0.255));
#7177=CARTESIAN_POINT('',(10.7340041015788,-4.11818693415913,0.255));
#7178=CARTESIAN_POINT('',(10.6071898541391,-3.58362965502072,0.255));
#7179=CARTESIAN_POINT('Ctrl Pts',(10.7340041015788,-3.7500733547854,0.255));
#7180=CARTESIAN_POINT('Ctrl Pts',(10.7340041015788,-3.66729183215111,0.255));
#7181=CARTESIAN_POINT('Ctrl Pts',(10.6670743598745,-3.58362965502072,0.255));
#7182=CARTESIAN_POINT('Ctrl Pts',(10.6071898541391,-3.58362965502072,0.255));
#7183=CARTESIAN_POINT('',(10.4530753173199,-3.77561233517257,0.255));
#7184=CARTESIAN_POINT('Ctrl Pts',(10.6071898541391,-3.58362965502072,0.255));
#7185=CARTESIAN_POINT('Ctrl Pts',(10.5429020759231,-3.58362965502072,0.255));
#7186=CARTESIAN_POINT('Ctrl Pts',(10.4530753173199,-3.68930819455385,0.255));
#7187=CARTESIAN_POINT('Ctrl Pts',(10.4530753173199,-3.77561233517257,0.255));
#7188=CARTESIAN_POINT('',(10.4530753173199,-4.11818693415913,0.255));
#7189=CARTESIAN_POINT('',(10.4530753173199,-3.77561233517257,0.255));
#7190=CARTESIAN_POINT('',(10.4530753173199,-4.11818693415913,0.255));
#7191=CARTESIAN_POINT('Ctrl Pts',(10.6485806154562,-3.44008297215489,0.255));
#7192=CARTESIAN_POINT('Ctrl Pts',(10.6485806154562,-3.44008297215489,0.3));
#7193=CARTESIAN_POINT('Ctrl Pts',(10.5860541462325,-3.44008297215489,0.255));
#7194=CARTESIAN_POINT('Ctrl Pts',(10.5860541462325,-3.44008297215489,0.3));
#7195=CARTESIAN_POINT('Ctrl Pts',(10.4750916797227,-3.49116093292923,0.255));
#7196=CARTESIAN_POINT('Ctrl Pts',(10.4750916797227,-3.49116093292923,0.3));
#7197=CARTESIAN_POINT('Ctrl Pts',(10.4363428818939,-3.53783562122303,0.255));
#7198=CARTESIAN_POINT('Ctrl Pts',(10.4363428818939,-3.53783562122303,0.3));
#7199=CARTESIAN_POINT('',(10.6485806154562,-3.44008297215489,0.255));
#7200=CARTESIAN_POINT('Ctrl Pts',(10.8537731130497,-3.553687402153,0.255));
#7201=CARTESIAN_POINT('Ctrl Pts',(10.8537731130497,-3.553687402153,0.3));
#7202=CARTESIAN_POINT('Ctrl Pts',(10.823830860182,-3.49908682339422,0.255));
#7203=CARTESIAN_POINT('Ctrl Pts',(10.823830860182,-3.49908682339422,0.3));
#7204=CARTESIAN_POINT('Ctrl Pts',(10.7181523206489,-3.44008297215489,0.255));
#7205=CARTESIAN_POINT('Ctrl Pts',(10.7181523206489,-3.44008297215489,0.3));
#7206=CARTESIAN_POINT('Ctrl Pts',(10.6485806154562,-3.44008297215489,0.255));
#7207=CARTESIAN_POINT('Ctrl Pts',(10.6485806154562,-3.44008297215489,0.3));
#7208=CARTESIAN_POINT('',(10.8537731130497,-3.553687402153,0.255));
#7209=CARTESIAN_POINT('Ctrl Pts',(11.0818626275421,-3.44008297215489,0.255));
#7210=CARTESIAN_POINT('Ctrl Pts',(11.0818626275421,-3.44008297215489,0.3));
#7211=CARTESIAN_POINT('Ctrl Pts',(11.0122909223494,-3.44008297215489,0.255));
#7212=CARTESIAN_POINT('Ctrl Pts',(11.0122909223494,-3.44008297215489,0.3));
#7213=CARTESIAN_POINT('Ctrl Pts',(10.8916412563824,-3.49996747789033,0.255));
#7214=CARTESIAN_POINT('Ctrl Pts',(10.8916412563824,-3.49996747789033,0.3));
#7215=CARTESIAN_POINT('Ctrl Pts',(10.8537731130497,-3.553687402153,0.255));
#7216=CARTESIAN_POINT('Ctrl Pts',(10.8537731130497,-3.553687402153,0.3));
#7217=CARTESIAN_POINT('',(11.0818626275421,-3.44008297215489,0.255));
#7218=CARTESIAN_POINT('Ctrl Pts',(11.3284458864527,-3.71132455695659,0.255));
#7219=CARTESIAN_POINT('Ctrl Pts',(11.3284458864527,-3.71132455695659,0.3));
#7220=CARTESIAN_POINT('Ctrl Pts',(11.3284458864527,-3.58362965502072,0.255));
#7221=CARTESIAN_POINT('Ctrl Pts',(11.3284458864527,-3.58362965502072,0.3));
#7222=CARTESIAN_POINT('Ctrl Pts',(11.1954670575402,-3.44008297215489,0.255));
#7223=CARTESIAN_POINT('Ctrl Pts',(11.1954670575402,-3.44008297215489,0.3));
#7224=CARTESIAN_POINT('Ctrl Pts',(11.0818626275421,-3.44008297215489,0.255));
#7225=CARTESIAN_POINT('Ctrl Pts',(11.0818626275421,-3.44008297215489,0.3));
#7226=CARTESIAN_POINT('',(11.3284458864527,-3.71132455695659,0.255));
#7227=CARTESIAN_POINT('Origin',(11.3284458864527,-4.11818693415913,0.255));
#7228=CARTESIAN_POINT('',(11.3284458864527,-4.11818693415913,0.255));
#7229=CARTESIAN_POINT('Origin',(11.1716893861452,-4.11818693415913,0.255));
#7230=CARTESIAN_POINT('',(11.1716893861452,-4.11818693415913,0.255));
#7231=CARTESIAN_POINT('Origin',(11.1716893861452,-3.7500733547854,0.255));
#7232=CARTESIAN_POINT('',(11.1716893861452,-3.7500733547854,0.255));
#7233=CARTESIAN_POINT('Ctrl Pts',(11.041352520721,-3.58362965502072,0.255));
#7234=CARTESIAN_POINT('Ctrl Pts',(11.041352520721,-3.58362965502072,0.3));
#7235=CARTESIAN_POINT('Ctrl Pts',(11.1047596444409,-3.58362965502072,0.255));
#7236=CARTESIAN_POINT('Ctrl Pts',(11.1047596444409,-3.58362965502072,0.3));
#7237=CARTESIAN_POINT('Ctrl Pts',(11.1716893861452,-3.66729183215111,0.255));
#7238=CARTESIAN_POINT('Ctrl Pts',(11.1716893861452,-3.66729183215111,0.3));
#7239=CARTESIAN_POINT('Ctrl Pts',(11.1716893861452,-3.7500733547854,0.255));
#7240=CARTESIAN_POINT('Ctrl Pts',(11.1716893861452,-3.7500733547854,0.3));
#7241=CARTESIAN_POINT('',(11.041352520721,-3.58362965502072,0.255));
#7242=CARTESIAN_POINT('Ctrl Pts',(10.8907606018863,-3.77561233517257,0.255));
#7243=CARTESIAN_POINT('Ctrl Pts',(10.8907606018863,-3.77561233517257,0.3));
#7244=CARTESIAN_POINT('Ctrl Pts',(10.8907606018863,-3.69106950354607,0.255));
#7245=CARTESIAN_POINT('Ctrl Pts',(10.8907606018863,-3.69106950354607,0.3));
#7246=CARTESIAN_POINT('Ctrl Pts',(10.9779453970011,-3.58362965502072,0.255));
#7247=CARTESIAN_POINT('Ctrl Pts',(10.9779453970011,-3.58362965502072,0.3));
#7248=CARTESIAN_POINT('Ctrl Pts',(11.041352520721,-3.58362965502072,0.255));
#7249=CARTESIAN_POINT('Ctrl Pts',(11.041352520721,-3.58362965502072,0.3));
#7250=CARTESIAN_POINT('',(10.8907606018863,-3.77561233517257,0.255));
#7251=CARTESIAN_POINT('Origin',(10.8907606018863,-4.11818693415913,0.255));
#7252=CARTESIAN_POINT('',(10.8907606018863,-4.11818693415913,0.255));
#7253=CARTESIAN_POINT('Origin',(10.7340041015788,-4.11818693415913,0.255));
#7254=CARTESIAN_POINT('',(10.7340041015788,-4.11818693415913,0.255));
#7255=CARTESIAN_POINT('Origin',(10.7340041015788,-3.7500733547854,0.255));
#7256=CARTESIAN_POINT('',(10.7340041015788,-3.7500733547854,0.255));
#7257=CARTESIAN_POINT('Ctrl Pts',(10.6071898541391,-3.58362965502072,0.255));
#7258=CARTESIAN_POINT('Ctrl Pts',(10.6071898541391,-3.58362965502072,0.3));
#7259=CARTESIAN_POINT('Ctrl Pts',(10.6670743598745,-3.58362965502072,0.255));
#7260=CARTESIAN_POINT('Ctrl Pts',(10.6670743598745,-3.58362965502072,0.3));
#7261=CARTESIAN_POINT('Ctrl Pts',(10.7340041015788,-3.66729183215111,0.255));
#7262=CARTESIAN_POINT('Ctrl Pts',(10.7340041015788,-3.66729183215111,0.3));
#7263=CARTESIAN_POINT('Ctrl Pts',(10.7340041015788,-3.7500733547854,0.255));
#7264=CARTESIAN_POINT('Ctrl Pts',(10.7340041015788,-3.7500733547854,0.3));
#7265=CARTESIAN_POINT('',(10.6071898541391,-3.58362965502072,0.255));
#7266=CARTESIAN_POINT('Ctrl Pts',(10.4530753173199,-3.77561233517257,0.255));
#7267=CARTESIAN_POINT('Ctrl Pts',(10.4530753173199,-3.77561233517257,0.3));
#7268=CARTESIAN_POINT('Ctrl Pts',(10.4530753173199,-3.68930819455385,0.255));
#7269=CARTESIAN_POINT('Ctrl Pts',(10.4530753173199,-3.68930819455385,0.3));
#7270=CARTESIAN_POINT('Ctrl Pts',(10.5429020759231,-3.58362965502072,0.255));
#7271=CARTESIAN_POINT('Ctrl Pts',(10.5429020759231,-3.58362965502072,0.3));
#7272=CARTESIAN_POINT('Ctrl Pts',(10.6071898541391,-3.58362965502072,0.255));
#7273=CARTESIAN_POINT('Ctrl Pts',(10.6071898541391,-3.58362965502072,0.3));
#7274=CARTESIAN_POINT('',(10.4530753173199,-3.77561233517257,0.255));
#7275=CARTESIAN_POINT('Origin',(10.4530753173199,-4.11818693415913,0.255));
#7276=CARTESIAN_POINT('',(10.4530753173199,-4.11818693415913,0.255));
#7277=CARTESIAN_POINT('Origin',(10.2963188170125,-4.11818693415913,0.255));
#7278=CARTESIAN_POINT('Origin',(13.1003227326248,-3.91915901803841,0.3));
#7279=CARTESIAN_POINT('',(12.9620552757957,-4.00052005392674,0.3));
#7280=CARTESIAN_POINT('',(12.9620552757957,-4.00052005392674,0.255));
#7281=CARTESIAN_POINT('Ctrl Pts',(12.9620552757957,-4.00052005392674,0.3));
#7282=CARTESIAN_POINT('Ctrl Pts',(12.9620552757957,-4.00052005392674,0.2925));
#7283=CARTESIAN_POINT('Ctrl Pts',(12.9620552757957,-4.00052005392674,0.285));
#7284=CARTESIAN_POINT('Ctrl Pts',(12.9620552757957,-4.00052005392674,0.27));
#7285=CARTESIAN_POINT('Ctrl Pts',(12.9620552757957,-4.00052005392674,0.2625));
#7286=CARTESIAN_POINT('Ctrl Pts',(12.9620552757957,-4.00052005392674,0.255));
#7287=CARTESIAN_POINT('',(13.1003227326248,-3.91915901803841,0.3));
#7288=CARTESIAN_POINT('',(13.1769402742308,-3.8740747827799,0.3));
#7289=CARTESIAN_POINT('',(13.1003227326248,-3.91915901803841,0.255));
#7290=CARTESIAN_POINT('',(13.1003227326248,-3.91915901803841,0.255));
#7291=CARTESIAN_POINT('',(13.1769402742308,-3.8740747827799,0.255));
#7292=CARTESIAN_POINT('Origin',(13.3460253370393,-3.64791743323671,0.3));
#7293=CARTESIAN_POINT('',(13.4804360762968,-3.56882581449075,0.3));
#7294=CARTESIAN_POINT('',(13.4804360762968,-3.56882581449075,0.255));
#7295=CARTESIAN_POINT('Ctrl Pts',(13.4804360762968,-3.56882581449075,0.3));
#7296=CARTESIAN_POINT('Ctrl Pts',(13.4804360762968,-3.56882581449075,0.2925));
#7297=CARTESIAN_POINT('Ctrl Pts',(13.4804360762968,-3.56882581449075,0.285));
#7298=CARTESIAN_POINT('Ctrl Pts',(13.4804360762968,-3.56882581449075,0.27));
#7299=CARTESIAN_POINT('Ctrl Pts',(13.4804360762968,-3.56882581449075,0.2625));
#7300=CARTESIAN_POINT('Ctrl Pts',(13.4804360762968,-3.56882581449075,0.255));
#7301=CARTESIAN_POINT('',(13.3460253370393,-3.64791743323671,0.3));
#7302=CARTESIAN_POINT('',(13.2721102358148,-3.69141146532013,0.3));
#7303=CARTESIAN_POINT('',(13.3460253370393,-3.64791743323671,0.255));
#7304=CARTESIAN_POINT('',(13.3460253370393,-3.64791743323671,0.255));
#7305=CARTESIAN_POINT('',(13.2721102358148,-3.69141146532013,0.255));
#7306=CARTESIAN_POINT('Origin',(13.2312717560718,-3.79111692936015,0.3));
#7307=CARTESIAN_POINT('',(13.2368241795218,-4.13668067857743,0.3));
#7308=CARTESIAN_POINT('Ctrl Pts',(12.9620552757957,-4.00052005392674,0.3));
#7309=CARTESIAN_POINT('Ctrl Pts',(12.9823378568434,-4.04522535167052,0.3));
#7310=CARTESIAN_POINT('Ctrl Pts',(13.0976807691365,-4.13668067857743,0.3));
#7311=CARTESIAN_POINT('Ctrl Pts',(13.2368241795218,-4.13668067857743,0.3));
#7312=CARTESIAN_POINT('',(13.5159916547885,-3.92444294501506,0.3));
#7313=CARTESIAN_POINT('Ctrl Pts',(13.2368241795218,-4.13668067857743,0.3));
#7314=CARTESIAN_POINT('Ctrl Pts',(13.3266509381249,-4.13668067857743,0.3));
#7315=CARTESIAN_POINT('Ctrl Pts',(13.4525845310686,-4.08031879082643,0.3));
#7316=CARTESIAN_POINT('Ctrl Pts',(13.5159916547885,-3.98344679625439,0.3));
#7317=CARTESIAN_POINT('Ctrl Pts',(13.5159916547885,-3.92444294501506,0.3));
#7318=CARTESIAN_POINT('',(13.2650051233973,-3.71925044742157,0.3));
#7319=CARTESIAN_POINT('Ctrl Pts',(13.5159916547885,-3.92444294501506,0.3));
#7320=CARTESIAN_POINT('Ctrl Pts',(13.5159916547885,-3.85399058532631,0.3));
#7321=CARTESIAN_POINT('Ctrl Pts',(13.4428973316114,-3.77208971718813,0.3));
#7322=CARTESIAN_POINT('Ctrl Pts',(13.3407414100627,-3.73422157385543,0.3));
#7323=CARTESIAN_POINT('Ctrl Pts',(13.2650051233973,-3.71925044742157,0.3));
#7324=CARTESIAN_POINT('',(13.1161745135548,-3.63558827029118,0.3));
#7325=CARTESIAN_POINT('Ctrl Pts',(13.2650051233973,-3.71925044742157,0.3));
#7326=CARTESIAN_POINT('Ctrl Pts',(13.1892688367319,-3.70515997548382,0.3));
#7327=CARTESIAN_POINT('Ctrl Pts',(13.1161745135548,-3.67081445013555,0.3));
#7328=CARTESIAN_POINT('Ctrl Pts',(13.1161745135548,-3.63558827029118,0.3));
#7329=CARTESIAN_POINT('',(13.2262563255685,-3.56953918308297,0.3));
#7330=CARTESIAN_POINT('Ctrl Pts',(13.1161745135548,-3.63558827029118,0.3));
#7331=CARTESIAN_POINT('Ctrl Pts',(13.1161745135548,-3.60740732641568,0.3));
#7332=CARTESIAN_POINT('Ctrl Pts',(13.1707750923136,-3.56953918308297,0.3));
#7333=CARTESIAN_POINT('Ctrl Pts',(13.2262563255685,-3.56953918308297,0.3));
#7334=CARTESIAN_POINT('Ctrl Pts',(13.2262563255685,-3.56953918308297,0.3));
#7335=CARTESIAN_POINT('Ctrl Pts',(13.2808569043272,-3.56953918308297,0.3));
#7336=CARTESIAN_POINT('Ctrl Pts',(13.3407414100627,-3.610049289904,0.3));
#7337=CARTESIAN_POINT('Ctrl Pts',(13.3460253370393,-3.64791743323671,0.3));
#7338=CARTESIAN_POINT('',(13.2271369800646,-3.44008297215489,0.3));
#7339=CARTESIAN_POINT('Ctrl Pts',(13.4804360762968,-3.56882581449075,0.3));
#7340=CARTESIAN_POINT('Ctrl Pts',(13.4605006761249,-3.52791890552071,0.3));
#7341=CARTESIAN_POINT('Ctrl Pts',(13.3530705730082,-3.44008297215489,0.3));
#7342=CARTESIAN_POINT('Ctrl Pts',(13.2271369800646,-3.44008297215489,0.3));
#7343=CARTESIAN_POINT('',(12.9585373587512,-3.64263350626005,0.3));
#7344=CARTESIAN_POINT('Ctrl Pts',(13.2271369800646,-3.44008297215489,0.3));
#7345=CARTESIAN_POINT('Ctrl Pts',(13.1425941484381,-3.44008297215489,0.3));
#7346=CARTESIAN_POINT('Ctrl Pts',(13.021063827975,-3.49468355091367,0.3));
#7347=CARTESIAN_POINT('Ctrl Pts',(12.9585373587512,-3.58627161850905,0.3));
#7348=CARTESIAN_POINT('Ctrl Pts',(12.9585373587512,-3.64263350626005,0.3));
#7349=CARTESIAN_POINT('',(13.2095238901424,-3.84782600385354,0.3));
#7350=CARTESIAN_POINT('Ctrl Pts',(12.9585373587512,-3.64263350626005,0.3));
#7351=CARTESIAN_POINT('Ctrl Pts',(12.9585373587512,-3.71132455695659,0.3));
#7352=CARTESIAN_POINT('Ctrl Pts',(13.0298703729361,-3.79234477059865,0.3));
#7353=CARTESIAN_POINT('Ctrl Pts',(13.1320262944848,-3.83109356842746,0.3));
#7354=CARTESIAN_POINT('Ctrl Pts',(13.2095238901424,-3.84782600385354,0.3));
#7355=CARTESIAN_POINT('',(13.3583544999849,-3.93148818098394,0.3));
#7356=CARTESIAN_POINT('Ctrl Pts',(13.2095238901424,-3.84782600385354,0.3));
#7357=CARTESIAN_POINT('Ctrl Pts',(13.2905441037844,-3.86455843927962,0.3));
#7358=CARTESIAN_POINT('Ctrl Pts',(13.3583544999849,-3.89626200113956,0.3));
#7359=CARTESIAN_POINT('Ctrl Pts',(13.3583544999849,-3.93148818098394,0.3));
#7360=CARTESIAN_POINT('',(13.2403467975062,-4.00722446764935,0.3));
#7361=CARTESIAN_POINT('Ctrl Pts',(13.3583544999849,-3.93148818098394,0.3));
#7362=CARTESIAN_POINT('Ctrl Pts',(13.3583544999849,-3.96671436082831,0.3));
#7363=CARTESIAN_POINT('Ctrl Pts',(13.3019926122339,-4.00722446764935,0.3));
#7364=CARTESIAN_POINT('Ctrl Pts',(13.2403467975062,-4.00722446764935,0.3));
#7365=CARTESIAN_POINT('Ctrl Pts',(13.2403467975062,-4.00722446764935,0.3));
#7366=CARTESIAN_POINT('Ctrl Pts',(13.1152938590587,-4.00722446764935,0.3));
#7367=CARTESIAN_POINT('Ctrl Pts',(13.1003227326248,-3.91915901803841,0.3));
#7368=CARTESIAN_POINT('Ctrl Pts',(13.2403467975062,-4.00722446764935,0.255));
#7369=CARTESIAN_POINT('Ctrl Pts',(13.2403467975062,-4.00722446764935,0.3));
#7370=CARTESIAN_POINT('Ctrl Pts',(13.1152938590587,-4.00722446764935,0.255));
#7371=CARTESIAN_POINT('Ctrl Pts',(13.1152938590587,-4.00722446764935,0.3));
#7372=CARTESIAN_POINT('Ctrl Pts',(13.1003227326248,-3.91915901803841,0.255));
#7373=CARTESIAN_POINT('Ctrl Pts',(13.1003227326248,-3.91915901803841,0.3));
#7374=CARTESIAN_POINT('',(13.2403467975062,-4.00722446764935,0.255));
#7375=CARTESIAN_POINT('Ctrl Pts',(13.1003227326248,-3.91915901803841,0.255));
#7376=CARTESIAN_POINT('Ctrl Pts',(13.1152938590587,-4.00722446764935,0.255));
#7377=CARTESIAN_POINT('Ctrl Pts',(13.2403467975062,-4.00722446764935,0.255));
#7378=CARTESIAN_POINT('',(13.2403467975062,-4.00722446764935,0.255));
#7379=CARTESIAN_POINT('Ctrl Pts',(13.3583544999849,-3.93148818098394,0.255));
#7380=CARTESIAN_POINT('Ctrl Pts',(13.3583544999849,-3.93148818098394,0.3));
#7381=CARTESIAN_POINT('Ctrl Pts',(13.3583544999849,-3.96671436082831,0.255));
#7382=CARTESIAN_POINT('Ctrl Pts',(13.3583544999849,-3.96671436082831,0.3));
#7383=CARTESIAN_POINT('Ctrl Pts',(13.3019926122339,-4.00722446764935,0.255));
#7384=CARTESIAN_POINT('Ctrl Pts',(13.3019926122339,-4.00722446764935,0.3));
#7385=CARTESIAN_POINT('Ctrl Pts',(13.2403467975062,-4.00722446764935,0.255));
#7386=CARTESIAN_POINT('Ctrl Pts',(13.2403467975062,-4.00722446764935,0.3));
#7387=CARTESIAN_POINT('',(13.3583544999849,-3.93148818098394,0.255));
#7388=CARTESIAN_POINT('Ctrl Pts',(13.2403467975062,-4.00722446764935,0.255));
#7389=CARTESIAN_POINT('Ctrl Pts',(13.3019926122339,-4.00722446764935,0.255));
#7390=CARTESIAN_POINT('Ctrl Pts',(13.3583544999849,-3.96671436082831,0.255));
#7391=CARTESIAN_POINT('Ctrl Pts',(13.3583544999849,-3.93148818098394,0.255));
#7392=CARTESIAN_POINT('',(13.3583544999849,-3.93148818098394,0.255));
#7393=CARTESIAN_POINT('Ctrl Pts',(13.2095238901424,-3.84782600385354,0.255));
#7394=CARTESIAN_POINT('Ctrl Pts',(13.2095238901424,-3.84782600385354,0.3));
#7395=CARTESIAN_POINT('Ctrl Pts',(13.2905441037844,-3.86455843927962,0.255));
#7396=CARTESIAN_POINT('Ctrl Pts',(13.2905441037844,-3.86455843927962,0.3));
#7397=CARTESIAN_POINT('Ctrl Pts',(13.3583544999849,-3.89626200113956,0.255));
#7398=CARTESIAN_POINT('Ctrl Pts',(13.3583544999849,-3.89626200113956,0.3));
#7399=CARTESIAN_POINT('Ctrl Pts',(13.3583544999849,-3.93148818098394,0.255));
#7400=CARTESIAN_POINT('Ctrl Pts',(13.3583544999849,-3.93148818098394,0.3));
#7401=CARTESIAN_POINT('',(13.2095238901424,-3.84782600385354,0.255));
#7402=CARTESIAN_POINT('Ctrl Pts',(13.3583544999849,-3.93148818098394,0.255));
#7403=CARTESIAN_POINT('Ctrl Pts',(13.3583544999849,-3.89626200113956,0.255));
#7404=CARTESIAN_POINT('Ctrl Pts',(13.2905441037844,-3.86455843927962,0.255));
#7405=CARTESIAN_POINT('Ctrl Pts',(13.2095238901424,-3.84782600385354,0.255));
#7406=CARTESIAN_POINT('',(13.2095238901424,-3.84782600385354,0.255));
#7407=CARTESIAN_POINT('Ctrl Pts',(12.9585373587512,-3.64263350626005,0.255));
#7408=CARTESIAN_POINT('Ctrl Pts',(12.9585373587512,-3.64263350626005,0.3));
#7409=CARTESIAN_POINT('Ctrl Pts',(12.9585373587512,-3.71132455695659,0.255));
#7410=CARTESIAN_POINT('Ctrl Pts',(12.9585373587512,-3.71132455695659,0.3));
#7411=CARTESIAN_POINT('Ctrl Pts',(13.0298703729361,-3.79234477059865,0.255));
#7412=CARTESIAN_POINT('Ctrl Pts',(13.0298703729361,-3.79234477059865,0.3));
#7413=CARTESIAN_POINT('Ctrl Pts',(13.1320262944848,-3.83109356842746,0.255));
#7414=CARTESIAN_POINT('Ctrl Pts',(13.1320262944848,-3.83109356842746,0.3));
#7415=CARTESIAN_POINT('Ctrl Pts',(13.2095238901424,-3.84782600385354,0.255));
#7416=CARTESIAN_POINT('Ctrl Pts',(13.2095238901424,-3.84782600385354,0.3));
#7417=CARTESIAN_POINT('',(12.9585373587512,-3.64263350626005,0.255));
#7418=CARTESIAN_POINT('Ctrl Pts',(13.2095238901424,-3.84782600385354,0.255));
#7419=CARTESIAN_POINT('Ctrl Pts',(13.1320262944848,-3.83109356842746,0.255));
#7420=CARTESIAN_POINT('Ctrl Pts',(13.0298703729361,-3.79234477059865,0.255));
#7421=CARTESIAN_POINT('Ctrl Pts',(12.9585373587512,-3.71132455695659,0.255));
#7422=CARTESIAN_POINT('Ctrl Pts',(12.9585373587512,-3.64263350626005,0.255));
#7423=CARTESIAN_POINT('',(12.9585373587512,-3.64263350626005,0.255));
#7424=CARTESIAN_POINT('Ctrl Pts',(13.2271369800646,-3.44008297215489,0.255));
#7425=CARTESIAN_POINT('Ctrl Pts',(13.2271369800646,-3.44008297215489,0.3));
#7426=CARTESIAN_POINT('Ctrl Pts',(13.1425941484381,-3.44008297215489,0.255));
#7427=CARTESIAN_POINT('Ctrl Pts',(13.1425941484381,-3.44008297215489,0.3));
#7428=CARTESIAN_POINT('Ctrl Pts',(13.021063827975,-3.49468355091367,0.255));
#7429=CARTESIAN_POINT('Ctrl Pts',(13.021063827975,-3.49468355091367,0.3));
#7430=CARTESIAN_POINT('Ctrl Pts',(12.9585373587512,-3.58627161850905,0.255));
#7431=CARTESIAN_POINT('Ctrl Pts',(12.9585373587512,-3.58627161850905,0.3));
#7432=CARTESIAN_POINT('Ctrl Pts',(12.9585373587512,-3.64263350626005,0.255));
#7433=CARTESIAN_POINT('Ctrl Pts',(12.9585373587512,-3.64263350626005,0.3));
#7434=CARTESIAN_POINT('',(13.2271369800646,-3.44008297215489,0.255));
#7435=CARTESIAN_POINT('Ctrl Pts',(12.9585373587512,-3.64263350626005,0.255));
#7436=CARTESIAN_POINT('Ctrl Pts',(12.9585373587512,-3.58627161850905,0.255));
#7437=CARTESIAN_POINT('Ctrl Pts',(13.021063827975,-3.49468355091367,0.255));
#7438=CARTESIAN_POINT('Ctrl Pts',(13.1425941484381,-3.44008297215489,0.255));
#7439=CARTESIAN_POINT('Ctrl Pts',(13.2271369800646,-3.44008297215489,0.255));
#7440=CARTESIAN_POINT('',(13.2271369800646,-3.44008297215489,0.255));
#7441=CARTESIAN_POINT('Ctrl Pts',(13.5019011828507,-3.64791743323671,0.255));
#7442=CARTESIAN_POINT('Ctrl Pts',(13.5019011828507,-3.64791743323671,0.3));
#7443=CARTESIAN_POINT('Ctrl Pts',(13.4930946378896,-3.55456805664911,0.255));
#7444=CARTESIAN_POINT('Ctrl Pts',(13.4930946378896,-3.55456805664911,0.3));
#7445=CARTESIAN_POINT('Ctrl Pts',(13.3530705730082,-3.44008297215489,0.255));
#7446=CARTESIAN_POINT('Ctrl Pts',(13.3530705730082,-3.44008297215489,0.3));
#7447=CARTESIAN_POINT('Ctrl Pts',(13.2271369800646,-3.44008297215489,0.255));
#7448=CARTESIAN_POINT('Ctrl Pts',(13.2271369800646,-3.44008297215489,0.3));
#7449=CARTESIAN_POINT('Ctrl Pts',(13.2271369800646,-3.44008297215489,0.255));
#7450=CARTESIAN_POINT('Ctrl Pts',(13.3530705730082,-3.44008297215489,0.255));
#7451=CARTESIAN_POINT('Ctrl Pts',(13.4605006761249,-3.52791890552071,0.255));
#7452=CARTESIAN_POINT('Ctrl Pts',(13.4804360762968,-3.56882581449075,0.255));
#7453=CARTESIAN_POINT('Ctrl Pts',(13.2262563255685,-3.56953918308297,0.255));
#7454=CARTESIAN_POINT('Ctrl Pts',(13.2262563255685,-3.56953918308297,0.3));
#7455=CARTESIAN_POINT('Ctrl Pts',(13.2808569043272,-3.56953918308297,0.255));
#7456=CARTESIAN_POINT('Ctrl Pts',(13.2808569043272,-3.56953918308297,0.3));
#7457=CARTESIAN_POINT('Ctrl Pts',(13.3407414100627,-3.610049289904,0.255));
#7458=CARTESIAN_POINT('Ctrl Pts',(13.3407414100627,-3.610049289904,0.3));
#7459=CARTESIAN_POINT('Ctrl Pts',(13.3460253370393,-3.64791743323671,0.255));
#7460=CARTESIAN_POINT('Ctrl Pts',(13.3460253370393,-3.64791743323671,0.3));
#7461=CARTESIAN_POINT('',(13.2262563255685,-3.56953918308297,0.255));
#7462=CARTESIAN_POINT('Ctrl Pts',(13.3460253370393,-3.64791743323671,0.255));
#7463=CARTESIAN_POINT('Ctrl Pts',(13.3407414100627,-3.610049289904,0.255));
#7464=CARTESIAN_POINT('Ctrl Pts',(13.2808569043272,-3.56953918308297,0.255));
#7465=CARTESIAN_POINT('Ctrl Pts',(13.2262563255685,-3.56953918308297,0.255));
#7466=CARTESIAN_POINT('',(13.2262563255685,-3.56953918308297,0.255));
#7467=CARTESIAN_POINT('Ctrl Pts',(13.1161745135548,-3.63558827029118,0.255));
#7468=CARTESIAN_POINT('Ctrl Pts',(13.1161745135548,-3.63558827029118,0.3));
#7469=CARTESIAN_POINT('Ctrl Pts',(13.1161745135548,-3.60740732641568,0.255));
#7470=CARTESIAN_POINT('Ctrl Pts',(13.1161745135548,-3.60740732641568,0.3));
#7471=CARTESIAN_POINT('Ctrl Pts',(13.1707750923136,-3.56953918308297,0.255));
#7472=CARTESIAN_POINT('Ctrl Pts',(13.1707750923136,-3.56953918308297,0.3));
#7473=CARTESIAN_POINT('Ctrl Pts',(13.2262563255685,-3.56953918308297,0.255));
#7474=CARTESIAN_POINT('Ctrl Pts',(13.2262563255685,-3.56953918308297,0.3));
#7475=CARTESIAN_POINT('',(13.1161745135548,-3.63558827029118,0.255));
#7476=CARTESIAN_POINT('Ctrl Pts',(13.2262563255685,-3.56953918308297,0.255));
#7477=CARTESIAN_POINT('Ctrl Pts',(13.1707750923136,-3.56953918308297,0.255));
#7478=CARTESIAN_POINT('Ctrl Pts',(13.1161745135548,-3.60740732641568,0.255));
#7479=CARTESIAN_POINT('Ctrl Pts',(13.1161745135548,-3.63558827029118,0.255));
#7480=CARTESIAN_POINT('',(13.1161745135548,-3.63558827029118,0.255));
#7481=CARTESIAN_POINT('Ctrl Pts',(13.2650051233973,-3.71925044742157,0.255));
#7482=CARTESIAN_POINT('Ctrl Pts',(13.2650051233973,-3.71925044742157,0.3));
#7483=CARTESIAN_POINT('Ctrl Pts',(13.1892688367319,-3.70515997548382,0.255));
#7484=CARTESIAN_POINT('Ctrl Pts',(13.1892688367319,-3.70515997548382,0.3));
#7485=CARTESIAN_POINT('Ctrl Pts',(13.1161745135548,-3.67081445013555,0.255));
#7486=CARTESIAN_POINT('Ctrl Pts',(13.1161745135548,-3.67081445013555,0.3));
#7487=CARTESIAN_POINT('Ctrl Pts',(13.1161745135548,-3.63558827029118,0.255));
#7488=CARTESIAN_POINT('Ctrl Pts',(13.1161745135548,-3.63558827029118,0.3));
#7489=CARTESIAN_POINT('',(13.2650051233973,-3.71925044742157,0.255));
#7490=CARTESIAN_POINT('Ctrl Pts',(13.1161745135548,-3.63558827029118,0.255));
#7491=CARTESIAN_POINT('Ctrl Pts',(13.1161745135548,-3.67081445013555,0.255));
#7492=CARTESIAN_POINT('Ctrl Pts',(13.1892688367319,-3.70515997548382,0.255));
#7493=CARTESIAN_POINT('Ctrl Pts',(13.2650051233973,-3.71925044742157,0.255));
#7494=CARTESIAN_POINT('',(13.2650051233973,-3.71925044742157,0.255));
#7495=CARTESIAN_POINT('Ctrl Pts',(13.5159916547885,-3.92444294501506,0.255));
#7496=CARTESIAN_POINT('Ctrl Pts',(13.5159916547885,-3.92444294501506,0.3));
#7497=CARTESIAN_POINT('Ctrl Pts',(13.5159916547885,-3.85399058532631,0.255));
#7498=CARTESIAN_POINT('Ctrl Pts',(13.5159916547885,-3.85399058532631,0.3));
#7499=CARTESIAN_POINT('Ctrl Pts',(13.4428973316114,-3.77208971718813,0.255));
#7500=CARTESIAN_POINT('Ctrl Pts',(13.4428973316114,-3.77208971718813,0.3));
#7501=CARTESIAN_POINT('Ctrl Pts',(13.3407414100627,-3.73422157385543,0.255));
#7502=CARTESIAN_POINT('Ctrl Pts',(13.3407414100627,-3.73422157385543,0.3));
#7503=CARTESIAN_POINT('Ctrl Pts',(13.2650051233973,-3.71925044742157,0.255));
#7504=CARTESIAN_POINT('Ctrl Pts',(13.2650051233973,-3.71925044742157,0.3));
#7505=CARTESIAN_POINT('',(13.5159916547885,-3.92444294501506,0.255));
#7506=CARTESIAN_POINT('Ctrl Pts',(13.2650051233973,-3.71925044742157,0.255));
#7507=CARTESIAN_POINT('Ctrl Pts',(13.3407414100627,-3.73422157385543,0.255));
#7508=CARTESIAN_POINT('Ctrl Pts',(13.4428973316114,-3.77208971718813,0.255));
#7509=CARTESIAN_POINT('Ctrl Pts',(13.5159916547885,-3.85399058532631,0.255));
#7510=CARTESIAN_POINT('Ctrl Pts',(13.5159916547885,-3.92444294501506,0.255));
#7511=CARTESIAN_POINT('',(13.5159916547885,-3.92444294501506,0.255));
#7512=CARTESIAN_POINT('Ctrl Pts',(13.2368241795218,-4.13668067857743,0.255));
#7513=CARTESIAN_POINT('Ctrl Pts',(13.2368241795218,-4.13668067857743,0.3));
#7514=CARTESIAN_POINT('Ctrl Pts',(13.3266509381249,-4.13668067857743,0.255));
#7515=CARTESIAN_POINT('Ctrl Pts',(13.3266509381249,-4.13668067857743,0.3));
#7516=CARTESIAN_POINT('Ctrl Pts',(13.4525845310686,-4.08031879082643,0.255));
#7517=CARTESIAN_POINT('Ctrl Pts',(13.4525845310686,-4.08031879082643,0.3));
#7518=CARTESIAN_POINT('Ctrl Pts',(13.5159916547885,-3.98344679625439,0.255));
#7519=CARTESIAN_POINT('Ctrl Pts',(13.5159916547885,-3.98344679625439,0.3));
#7520=CARTESIAN_POINT('Ctrl Pts',(13.5159916547885,-3.92444294501506,0.255));
#7521=CARTESIAN_POINT('Ctrl Pts',(13.5159916547885,-3.92444294501506,0.3));
#7522=CARTESIAN_POINT('',(13.2368241795218,-4.13668067857743,0.255));
#7523=CARTESIAN_POINT('Ctrl Pts',(13.5159916547885,-3.92444294501506,0.255));
#7524=CARTESIAN_POINT('Ctrl Pts',(13.5159916547885,-3.98344679625439,0.255));
#7525=CARTESIAN_POINT('Ctrl Pts',(13.4525845310686,-4.08031879082643,0.255));
#7526=CARTESIAN_POINT('Ctrl Pts',(13.3266509381249,-4.13668067857743,0.255));
#7527=CARTESIAN_POINT('Ctrl Pts',(13.2368241795218,-4.13668067857743,0.255));
#7528=CARTESIAN_POINT('',(13.2368241795218,-4.13668067857743,0.255));
#7529=CARTESIAN_POINT('Ctrl Pts',(12.9426855778212,-3.91915901803841,0.255));
#7530=CARTESIAN_POINT('Ctrl Pts',(12.9426855778212,-3.91915901803841,0.3));
#7531=CARTESIAN_POINT('Ctrl Pts',(12.948850159294,-4.01867297609877,0.255));
#7532=CARTESIAN_POINT('Ctrl Pts',(12.948850159294,-4.01867297609877,0.3));
#7533=CARTESIAN_POINT('Ctrl Pts',(13.0976807691365,-4.13668067857743,0.255));
#7534=CARTESIAN_POINT('Ctrl Pts',(13.0976807691365,-4.13668067857743,0.3));
#7535=CARTESIAN_POINT('Ctrl Pts',(13.2368241795218,-4.13668067857743,0.255));
#7536=CARTESIAN_POINT('Ctrl Pts',(13.2368241795218,-4.13668067857743,0.3));
#7537=CARTESIAN_POINT('Ctrl Pts',(13.2368241795218,-4.13668067857743,0.255));
#7538=CARTESIAN_POINT('Ctrl Pts',(13.0976807691365,-4.13668067857743,0.255));
#7539=CARTESIAN_POINT('Ctrl Pts',(12.9823378568434,-4.04522535167052,0.255));
#7540=CARTESIAN_POINT('Ctrl Pts',(12.9620552757957,-4.00052005392674,0.255));
#7541=CARTESIAN_POINT('Origin',(13.2312717560718,-3.79111692936015,0.255));
#7542=CARTESIAN_POINT('Origin',(9.72630797340134,-4.51043861602928,0.3));
#7543=CARTESIAN_POINT('',(9.95988483407839,-4.11545375916984,0.255));
#7544=CARTESIAN_POINT('',(9.49273111272429,-4.11545375916984,0.255));
#7545=CARTESIAN_POINT('Origin',(9.72630797340134,-4.51043861602928,0.255));
#7546=CARTESIAN_POINT('',(9.95988483407839,-4.11545375916984,0.3));
#7547=CARTESIAN_POINT('',(9.95988483407839,-4.11545375916984,0.3));
#7548=CARTESIAN_POINT('',(9.49273111272429,-4.11545375916984,0.3));
#7549=CARTESIAN_POINT('Origin',(9.72630797340134,-4.51043861602928,0.3));
#7550=CARTESIAN_POINT('',(9.49273111272429,-4.11545375916984,0.3));
#7551=CARTESIAN_POINT('Origin',(9.90208591415776,-3.97162853983246,0.3));
#7552=CARTESIAN_POINT('',(9.90208591415776,-3.97162853983246,0.255));
#7553=CARTESIAN_POINT('',(9.89824856726969,-3.96207979292494,0.255));
#7554=CARTESIAN_POINT('',(9.90208591415776,-3.97162853983246,0.3));
#7555=CARTESIAN_POINT('',(9.90208591415776,-3.97162853983246,0.3));
#7556=CARTESIAN_POINT('',(9.90208591415776,-3.97162853983246,0.3));
#7557=CARTESIAN_POINT('Origin',(9.72630797340134,-4.27751119471565,0.3));
#7558=CARTESIAN_POINT('',(9.55053003264492,-3.97162853983246,0.255));
#7559=CARTESIAN_POINT('Origin',(9.72630797340134,-4.27751119471565,0.255));
#7560=CARTESIAN_POINT('',(9.55053003264492,-3.97162853983246,0.3));
#7561=CARTESIAN_POINT('',(9.55053003264492,-3.97162853983246,0.3));
#7562=CARTESIAN_POINT('Origin',(9.72630797340134,-4.27751119471565,0.3));
#7563=CARTESIAN_POINT('Origin',(9.49273111272429,-4.11545375916984,0.3));
#7564=CARTESIAN_POINT('',(9.52546791957267,-4.03399240259363,0.255));
#7565=CARTESIAN_POINT('',(9.49273111272429,-4.11545375916984,0.3));
#7566=CARTESIAN_POINT('Origin',(9.72630797340134,-4.02509589435583,0.3));
#7567=CARTESIAN_POINT('Origin',(9.72630797340134,-4.02008655648612,0.255));
#7568=CARTESIAN_POINT('',(0.,0.,0.));
#7569=CARTESIAN_POINT('Origin',(0.,3.02556660387551,0.085));
#7570=CARTESIAN_POINT('',(0.,3.02556660387551,0.085));
#7571=CARTESIAN_POINT('',(0.392147227241355,3.55949012220649,0.085));
#7572=CARTESIAN_POINT('',(0.,3.02556660387551,0.085));
#7573=CARTESIAN_POINT('',(0.392147227241355,3.55949012220649,0.1));
#7574=CARTESIAN_POINT('',(0.392147227241355,3.55949012220649,0.085));
#7575=CARTESIAN_POINT('',(0.,3.02556660387551,0.1));
#7576=CARTESIAN_POINT('',(0.,3.02556660387551,0.1));
#7577=CARTESIAN_POINT('',(0.,3.02556660387551,0.085));
#7578=CARTESIAN_POINT('Origin',(-0.392147227241355,3.55949012220649,0.085));
#7579=CARTESIAN_POINT('',(-0.392147227241355,3.55949012220649,0.085));
#7580=CARTESIAN_POINT('',(-0.392147227241355,3.55949012220649,0.085));
#7581=CARTESIAN_POINT('',(-0.392147227241355,3.55949012220649,0.1));
#7582=CARTESIAN_POINT('',(-0.392147227241355,3.55949012220649,0.1));
#7583=CARTESIAN_POINT('',(-0.392147227241355,3.55949012220649,0.085));
#7584=CARTESIAN_POINT('Origin',(0.392147227241355,3.55949012220649,0.085));
#7585=CARTESIAN_POINT('',(0.392147227241355,3.55949012220649,0.085));
#7586=CARTESIAN_POINT('',(0.392147227241355,3.55949012220649,0.1));
#7587=CARTESIAN_POINT('Origin',(0.,3.39179591213164,0.1));
#7588=CARTESIAN_POINT('Origin',(2.22061423543029E-17,3.39179591213164,0.085));
#7589=CARTESIAN_POINT('',(3.33066907387547E-15,-2.375,-7.29259602874353E-62));
#7590=CARTESIAN_POINT('',(-11.4436679964405,0.668021038558882,4.701));
#7591=CARTESIAN_POINT('',(4.43503493118905,-4.976,-2.38455903383556));
#7592=UNCERTAINTY_MEASURE_WITH_UNIT(LENGTH_MEASURE(0.01),#7608,
'DISTANCE_ACCURACY_VALUE',
'Maximum model space distance between geometric entities at asserted c
onnectivities');
#7593=UNCERTAINTY_MEASURE_WITH_UNIT(LENGTH_MEASURE(0.01),#7608,
'DISTANCE_ACCURACY_VALUE',
'Maximum model space distance between geometric entities at asserted c
onnectivities');
#7594=UNCERTAINTY_MEASURE_WITH_UNIT(LENGTH_MEASURE(0.01),#7608,
'DISTANCE_ACCURACY_VALUE',
'Maximum model space distance between geometric entities at asserted c
onnectivities');
#7595=UNCERTAINTY_MEASURE_WITH_UNIT(LENGTH_MEASURE(0.01),#7608,
'DISTANCE_ACCURACY_VALUE',
'Maximum model space distance between geometric entities at asserted c
onnectivities');
#7596=UNCERTAINTY_MEASURE_WITH_UNIT(LENGTH_MEASURE(0.01),#7608,
'DISTANCE_ACCURACY_VALUE',
'Maximum model space distance between geometric entities at asserted c
onnectivities');
#7597=UNCERTAINTY_MEASURE_WITH_UNIT(LENGTH_MEASURE(0.01),#7608,
'DISTANCE_ACCURACY_VALUE',
'Maximum model space distance between geometric entities at asserted c
onnectivities');
#7598=UNCERTAINTY_MEASURE_WITH_UNIT(LENGTH_MEASURE(0.01),#7608,
'DISTANCE_ACCURACY_VALUE',
'Maximum model space distance between geometric entities at asserted c
onnectivities');
#7599=UNCERTAINTY_MEASURE_WITH_UNIT(LENGTH_MEASURE(0.01),#7608,
'DISTANCE_ACCURACY_VALUE',
'Maximum model space distance between geometric entities at asserted c
onnectivities');
#7600=(
GEOMETRIC_REPRESENTATION_CONTEXT(3)
GLOBAL_UNCERTAINTY_ASSIGNED_CONTEXT((#7592))
GLOBAL_UNIT_ASSIGNED_CONTEXT((#7608,#7611,#7610))
REPRESENTATION_CONTEXT('','3D')
);
#7601=(
GEOMETRIC_REPRESENTATION_CONTEXT(3)
GLOBAL_UNCERTAINTY_ASSIGNED_CONTEXT((#7593))
GLOBAL_UNIT_ASSIGNED_CONTEXT((#7608,#7611,#7610))
REPRESENTATION_CONTEXT('','3D')
);
#7602=(
GEOMETRIC_REPRESENTATION_CONTEXT(3)
GLOBAL_UNCERTAINTY_ASSIGNED_CONTEXT((#7594))
GLOBAL_UNIT_ASSIGNED_CONTEXT((#7608,#7611,#7610))
REPRESENTATION_CONTEXT('','3D')
);
#7603=(
GEOMETRIC_REPRESENTATION_CONTEXT(3)
GLOBAL_UNCERTAINTY_ASSIGNED_CONTEXT((#7595))
GLOBAL_UNIT_ASSIGNED_CONTEXT((#7608,#7611,#7610))
REPRESENTATION_CONTEXT('','3D')
);
#7604=(
GEOMETRIC_REPRESENTATION_CONTEXT(3)
GLOBAL_UNCERTAINTY_ASSIGNED_CONTEXT((#7596))
GLOBAL_UNIT_ASSIGNED_CONTEXT((#7608,#7611,#7610))
REPRESENTATION_CONTEXT('','3D')
);
#7605=(
GEOMETRIC_REPRESENTATION_CONTEXT(3)
GLOBAL_UNCERTAINTY_ASSIGNED_CONTEXT((#7597))
GLOBAL_UNIT_ASSIGNED_CONTEXT((#7608,#7611,#7610))
REPRESENTATION_CONTEXT('','3D')
);
#7606=(
GEOMETRIC_REPRESENTATION_CONTEXT(3)
GLOBAL_UNCERTAINTY_ASSIGNED_CONTEXT((#7598))
GLOBAL_UNIT_ASSIGNED_CONTEXT((#7608,#7611,#7610))
REPRESENTATION_CONTEXT('','3D')
);
#7607=(
GEOMETRIC_REPRESENTATION_CONTEXT(3)
GLOBAL_UNCERTAINTY_ASSIGNED_CONTEXT((#7599))
GLOBAL_UNIT_ASSIGNED_CONTEXT((#7608,#7611,#7610))
REPRESENTATION_CONTEXT('','3D')
);
#7608=(
LENGTH_UNIT()
NAMED_UNIT(*)
SI_UNIT(.MILLI.,.METRE.)
);
#7609=(
LENGTH_UNIT()
NAMED_UNIT(*)
SI_UNIT(.CENTI.,.METRE.)
);
#7610=(
NAMED_UNIT(*)
SI_UNIT($,.STERADIAN.)
SOLID_ANGLE_UNIT()
);
#7611=(
NAMED_UNIT(*)
PLANE_ANGLE_UNIT()
SI_UNIT($,.RADIAN.)
);
#7612=SHAPE_DEFINITION_REPRESENTATION(#7619,#7632);
#7613=SHAPE_DEFINITION_REPRESENTATION(#7620,#7633);
#7614=SHAPE_DEFINITION_REPRESENTATION(#7621,#7634);
#7615=SHAPE_DEFINITION_REPRESENTATION(#7622,#7635);
#7616=SHAPE_DEFINITION_REPRESENTATION(#7623,#7636);
#7617=SHAPE_DEFINITION_REPRESENTATION(#7627,#7637);
#7618=SHAPE_DEFINITION_REPRESENTATION(#7628,#7638);
#7619=PRODUCT_DEFINITION_SHAPE('',$,#7640);
#7620=PRODUCT_DEFINITION_SHAPE('',$,#7641);
#7621=PRODUCT_DEFINITION_SHAPE('',$,#7642);
#7622=PRODUCT_DEFINITION_SHAPE('',$,#7643);
#7623=PRODUCT_DEFINITION_SHAPE('',$,#7644);
#7624=PRODUCT_DEFINITION_SHAPE($,$,#160);
#7625=PRODUCT_DEFINITION_SHAPE($,$,#161);
#7626=PRODUCT_DEFINITION_SHAPE($,$,#162);
#7627=PRODUCT_DEFINITION_SHAPE('',$,#7645);
#7628=PRODUCT_DEFINITION_SHAPE('',$,#7646);
#7629=PRODUCT_DEFINITION_SHAPE($,$,#163);
#7630=PRODUCT_DEFINITION_SHAPE($,$,#164);
#7631=PRODUCT_DEFINITION_SHAPE($,$,#165);
#7632=SHAPE_REPRESENTATION('',(#4316,#4686,#4687,#4688),#7600);
#7633=SHAPE_REPRESENTATION('',(#4317,#4622,#4623,#4624),#7601);
#7634=SHAPE_REPRESENTATION('',(#4318),#7602);
#7635=SHAPE_REPRESENTATION('',(#4347),#7603);
#7636=SHAPE_REPRESENTATION('',(#4426),#7604);
#7637=SHAPE_REPRESENTATION('',(#4625),#7605);
#7638=SHAPE_REPRESENTATION('',(#4680),#7606);
#7639=PRODUCT_DEFINITION_CONTEXT('part definition',#7662,'design');
#7640=PRODUCT_DEFINITION('Amass XT30PW-F','Amass XT30PW-F',#7647,#7639);
#7641=PRODUCT_DEFINITION('XT30PW-F','XT30PW-F',#7648,#7639);
#7642=PRODUCT_DEFINITION('1','1',#7649,#7639);
#7643=PRODUCT_DEFINITION('2','2',#7650,#7639);
#7644=PRODUCT_DEFINITION('3','3',#7651,#7639);
#7645=PRODUCT_DEFINITION('AMASS logo','AMASS logo',#7652,#7639);
#7646=PRODUCT_DEFINITION('Pin1_Triangle','Pin1_Triangle',#7653,#7639);
#7647=PRODUCT_DEFINITION_FORMATION('',$,#7664);
#7648=PRODUCT_DEFINITION_FORMATION('',$,#7665);
#7649=PRODUCT_DEFINITION_FORMATION('ANY',$,#7666);
#7650=PRODUCT_DEFINITION_FORMATION('ANY',$,#7667);
#7651=PRODUCT_DEFINITION_FORMATION('ANY',$,#7668);
#7652=PRODUCT_DEFINITION_FORMATION('',$,#7669);
#7653=PRODUCT_DEFINITION_FORMATION('',$,#7670);
#7654=PRODUCT_RELATED_PRODUCT_CATEGORY('Amass XT30PW-F',
'Amass XT30PW-F',(#7664));
#7655=PRODUCT_RELATED_PRODUCT_CATEGORY('XT30PW-F','XT30PW-F',(#7665));
#7656=PRODUCT_RELATED_PRODUCT_CATEGORY('1','1',(#7666));
#7657=PRODUCT_RELATED_PRODUCT_CATEGORY('2','2',(#7667));
#7658=PRODUCT_RELATED_PRODUCT_CATEGORY('3','3',(#7668));
#7659=PRODUCT_RELATED_PRODUCT_CATEGORY('AMASS logo','AMASS logo',(#7669));
#7660=PRODUCT_RELATED_PRODUCT_CATEGORY('Pin1_Triangle','Pin1_Triangle',
(#7670));
#7661=APPLICATION_PROTOCOL_DEFINITION('international standard',
'automotive_design',2009,#7662);
#7662=APPLICATION_CONTEXT(
'Core Data for Automotive Mechanical Design Process');
#7663=PRODUCT_CONTEXT('part definition',#7662,'mechanical');
#7664=PRODUCT('Amass XT30PW-F','Amass XT30PW-F',$,(#7663));
#7665=PRODUCT('XT30PW-F','XT30PW-F',$,(#7663));
#7666=PRODUCT('1','1',$,(#7663));
#7667=PRODUCT('2','2',$,(#7663));
#7668=PRODUCT('3','3',$,(#7663));
#7669=PRODUCT('AMASS logo','AMASS logo',$,(#7663));
#7670=PRODUCT('Pin1_Triangle','Pin1_Triangle',$,(#7663));
ENDSEC;
END-ISO-10303-21;
