ISO-10303-21;
HEADER;
/* Generated by software containing ST-Developer
 * from STEP Tools, Inc. (www.steptools.com) 
 */

FILE_DESCRIPTION(
/* description */ (''),
/* implementation_level */ '2;1');

FILE_NAME(
/* name */ 'C:\\Users\\thall\\Desktop\\3D\\XT30PW-M\\XT30PW-M.stp',
/* time_stamp */ '2024-01-10T20:29:07+02:00',
/* author */ ('thall'),
/* organization */ (''),
/* preprocessor_version */ 'ST-DEVELOPER v18.1',
/* originating_system */ 'Autodesk Inventor 2021',
/* authorisation */ '');

FILE_SCHEMA (('AUTOMOTIVE_DESIGN { 1 0 10303 214 3 1 1 }'));
ENDSEC;

DATA;
#10=MECHANICAL_DESIGN_GEOMETRIC_PRESENTATION_REPRESENTATION('',(#5239,#5240,
#5241,#5242,#5243,#5244,#5245,#5246,#5247,#5248,#5249,#5250,#5251,#5252,
#5253,#5254,#5255,#5256,#5257,#5258,#5259,#5260,#5261,#5262,#5263,#5264,
#5265,#5266,#5267,#5268,#5269,#5270,#5271,#5272,#5273,#5274,#5275,#5276,
#5277,#5278,#5279,#5280,#5281,#5282,#5283,#5284,#5285,#5286,#5287,#5288,
#5289,#5290,#5291,#5292,#5293,#5294,#5295,#5296,#5297,#5298,#5299,#5300,
#5301,#5302,#5303,#5304,#5305,#5306,#5307,#5308,#5309,#5310,#5311,#5312,
#5313,#5314,#5315,#5316,#5317,#5318,#5319,#5320,#5321,#5322,#5323,#5324,
#5325,#5326,#5327,#5328,#5329,#5330,#5331,#5332,#5333,#5334,#5335,#5336,
#5337,#5338,#5339,#5340,#5341,#5342,#5343,#5344,#5345,#5346,#5347,#5348,
#5349,#5350,#5351,#5352,#5353,#5354,#5355,#5356,#5357,#5358,#5359,#5360,
#5361,#5362,#5363,#5364,#5365,#5366,#5367,#5368,#5369,#5370,#5371,#5372,
#5373,#5374,#5375,#5376,#5377,#5378,#5379,#5380,#5381,#5382,#5383,#5384,
#5385,#5386,#5387,#5388,#5389,#5390,#5391,#5392,#5393,#5394,#5395,#5396,
#5397,#5398,#5399,#5400,#5401,#5402,#5403,#5404,#5405,#5406,#5407,#5408,
#5409,#5410,#5411,#5412,#5413,#5414,#5415,#5416,#5417,#5418,#5419,#5420,
#5421,#5422,#5423,#5424,#5425,#5426,#5427,#5428,#5429,#5430,#5431,#5432,
#5433,#5434,#5435,#5436,#5437,#5438,#5439,#5440,#5441,#5442,#5443,#5444,
#5445,#5446,#5447,#5448,#5449,#5450,#5451,#5452,#5453,#5454,#5455,#5456,
#5457,#5458,#5459,#5460,#5461,#5462,#5463,#5464,#5465,#5466,#5467,#5468,
#5469,#5470,#5471,#5472,#5473,#5474,#5475,#5476,#5477,#5478,#5479,#5480,
#5481,#5482,#5483,#5484,#5485,#5486,#5487,#5488,#5489,#5490,#5491,#5492,
#5493,#5494,#5495,#5496,#5497,#5498,#5499,#5500,#5501,#5502,#5503,#5504,
#5505,#5506,#5507,#5508,#5509,#5510,#5511,#5512,#5513,#5514,#5515,#5516,
#5517,#5518,#5519,#5520,#5521,#5522,#5523,#5524,#5525,#5526,#5527,#5528,
#5529,#5530,#5531,#5532,#5533,#5534,#5535,#5536,#5537,#5538,#5539,#5540,
#5541,#5542,#5543,#5544,#5545,#5546,#5547,#5548,#5549,#5550,#5551,#5552,
#5553,#5554,#5555,#5556,#5557,#5558,#5559,#5560,#5561,#5562,#5563,#5564,
#5565,#5566,#5567,#5568,#5569,#5570,#5571),#12043);
#11=ITEM_DEFINED_TRANSFORMATION($,$,#6009,#6457);
#12=ITEM_DEFINED_TRANSFORMATION($,$,#6299,#6458);
#13=ITEM_DEFINED_TRANSFORMATION($,$,#6321,#6459);
#14=(
REPRESENTATION_RELATIONSHIP($,$,#12060,#12059)
REPRESENTATION_RELATIONSHIP_WITH_TRANSFORMATION(#11)
SHAPE_REPRESENTATION_RELATIONSHIP()
);
#15=(
REPRESENTATION_RELATIONSHIP($,$,#12061,#12059)
REPRESENTATION_RELATIONSHIP_WITH_TRANSFORMATION(#12)
SHAPE_REPRESENTATION_RELATIONSHIP()
);
#16=(
REPRESENTATION_RELATIONSHIP($,$,#12062,#12059)
REPRESENTATION_RELATIONSHIP_WITH_TRANSFORMATION(#13)
SHAPE_REPRESENTATION_RELATIONSHIP()
);
#17=CONTEXT_DEPENDENT_SHAPE_REPRESENTATION(#14,#12056);
#18=CONTEXT_DEPENDENT_SHAPE_REPRESENTATION(#15,#12057);
#19=CONTEXT_DEPENDENT_SHAPE_REPRESENTATION(#16,#12058);
#20=NEXT_ASSEMBLY_USAGE_OCCURRENCE('Package:1','Package:1','Package:1',
#12064,#12065,'Package:1');
#21=NEXT_ASSEMBLY_USAGE_OCCURRENCE('MNT:1','MNT:1','MNT:1',#12064,#12066,
'MNT:1');
#22=NEXT_ASSEMBLY_USAGE_OCCURRENCE('Teminals:1','Teminals:1',
'Teminals:1',#12064,#12067,'Teminals:1');
#23=(
BOUNDED_SURFACE()
B_SPLINE_SURFACE(2,2,((#11141,#11142,#11143),(#11144,#11145,#11146),(#11147,
#11148,#11149)),.UNSPECIFIED.,.F.,.F.,.F.)
B_SPLINE_SURFACE_WITH_KNOTS((3,3),(3,3),(-1.57079632679488,5.12567802285835E-14),
(-0.732742255135896,0.732742255135896),.UNSPECIFIED.)
GEOMETRIC_REPRESENTATION_ITEM()
RATIONAL_B_SPLINE_SURFACE(((1.,0.743342876115003,1.),(0.707106781186532,
0.525622788447619,0.707106781186532),(1.,0.743342876115003,1.)))
REPRESENTATION_ITEM('')
SURFACE()
);
#24=(
BOUNDED_SURFACE()
B_SPLINE_SURFACE(2,2,((#11268,#11269,#11270),(#11271,#11272,#11273),(#11274,
#11275,#11276)),.UNSPECIFIED.,.F.,.F.,.F.)
B_SPLINE_SURFACE_WITH_KNOTS((3,3),(3,3),(2.15052803563974E-14,1.57079632679494),
(0.838054071659031,2.30353858193076),.UNSPECIFIED.)
GEOMETRIC_REPRESENTATION_ITEM()
RATIONAL_B_SPLINE_SURFACE(((1.,0.743342876115024,1.),(0.707106781186541,
0.52562278844764,0.707106781186541),(1.,0.743342876115024,1.)))
REPRESENTATION_ITEM('')
SURFACE()
);
#25=(
BOUNDED_SURFACE()
B_SPLINE_SURFACE(2,2,((#11477,#11478,#11479),(#11480,#11481,#11482),(#11483,
#11484,#11485)),.UNSPECIFIED.,.F.,.F.,.F.)
B_SPLINE_SURFACE_WITH_KNOTS((3,3),(3,3),(-1.57079632679494,3.42181418551606E-14),
(-2.30353858193101,-0.838054071659079),.UNSPECIFIED.)
GEOMETRIC_REPRESENTATION_ITEM()
RATIONAL_B_SPLINE_SURFACE(((1.,0.743342876114958,1.),(0.707106781186522,
0.52562278844758,0.707106781186522),(1.,0.743342876114958,1.)))
REPRESENTATION_ITEM('')
SURFACE()
);
#26=(
BOUNDED_SURFACE()
B_SPLINE_SURFACE(2,2,((#11586,#11587,#11588),(#11589,#11590,#11591),(#11592,
#11593,#11594)),.UNSPECIFIED.,.F.,.F.,.F.)
B_SPLINE_SURFACE_WITH_KNOTS((3,3),(3,3),(-1.57079632679496,-2.78170284360824E-14),
(-0.732742255135884,0.732742255135907),.UNSPECIFIED.)
GEOMETRIC_REPRESENTATION_ITEM()
RATIONAL_B_SPLINE_SURFACE(((1.,0.743342876115004,1.),(0.707106781186535,
0.525622788447622,0.707106781186535),(1.,0.743342876115004,1.)))
REPRESENTATION_ITEM('')
SURFACE()
);
#27=(
BOUNDED_SURFACE()
B_SPLINE_SURFACE(2,2,((#11695,#11696,#11697),(#11698,#11699,#11700),(#11701,
#11702,#11703)),.UNSPECIFIED.,.F.,.F.,.F.)
B_SPLINE_SURFACE_WITH_KNOTS((3,3),(3,3),(-6.10670422863157E-14,1.57079632679492),
(-0.732742255135967,0.732742255135919),.UNSPECIFIED.)
GEOMETRIC_REPRESENTATION_ITEM()
RATIONAL_B_SPLINE_SURFACE(((1.,0.743342876114972,1.),(0.707106781186517,
0.525622788447586,0.707106781186517),(1.,0.743342876114972,1.)))
REPRESENTATION_ITEM('')
SURFACE()
);
#28=(
BOUNDED_SURFACE()
B_SPLINE_SURFACE(2,2,((#11804,#11805,#11806),(#11807,#11808,#11809),(#11810,
#11811,#11812)),.UNSPECIFIED.,.F.,.F.,.F.)
B_SPLINE_SURFACE_WITH_KNOTS((3,3),(3,3),(-1.5707963267949,-1.11022302462515E-15),
(-2.30353858193076,-0.838054071659035),.UNSPECIFIED.)
GEOMETRIC_REPRESENTATION_ITEM()
RATIONAL_B_SPLINE_SURFACE(((1.,0.743342876115026,1.),(0.707106781186543,
0.525622788447644,0.707106781186543),(1.,0.743342876115026,1.)))
REPRESENTATION_ITEM('')
SURFACE()
);
#29=(
BOUNDED_SURFACE()
B_SPLINE_SURFACE(2,2,((#11913,#11914,#11915),(#11916,#11917,#11918),(#11919,
#11920,#11921)),.UNSPECIFIED.,.F.,.F.,.F.)
B_SPLINE_SURFACE_WITH_KNOTS((3,3),(3,3),(-5.090825673194E-14,1.57079632679489),
(0.838054071659011,2.30353858193074),.UNSPECIFIED.)
GEOMETRIC_REPRESENTATION_ITEM()
RATIONAL_B_SPLINE_SURFACE(((1.,0.743342876115025,1.),(0.707106781186533,
0.525622788447635,0.707106781186533),(1.,0.743342876115025,1.)))
REPRESENTATION_ITEM('')
SURFACE()
);
#30=(
BOUNDED_SURFACE()
B_SPLINE_SURFACE(2,2,((#12022,#12023,#12024),(#12025,#12026,#12027),(#12028,
#12029,#12030)),.UNSPECIFIED.,.F.,.F.,.F.)
B_SPLINE_SURFACE_WITH_KNOTS((3,3),(3,3),(-1.10828839556745E-13,1.57079632679485),
(-0.732742255135935,0.732742255135936),.UNSPECIFIED.)
GEOMETRIC_REPRESENTATION_ITEM()
RATIONAL_B_SPLINE_SURFACE(((1.,0.743342876114977,1.),(0.707106781186526,
0.525622788447596,0.707106781186526),(1.,0.743342876114977,1.)))
REPRESENTATION_ITEM('')
SURFACE()
);
#31=CONICAL_SURFACE('',#6300,0.3875,0.785398163397446);
#32=CONICAL_SURFACE('',#6309,0.43,0.785398163397452);
#33=CONICAL_SURFACE('',#6310,0.3875,0.785398163397446);
#34=CONICAL_SURFACE('',#6320,0.45,0.785398163397452);
#35=CONICAL_SURFACE('',#6365,0.6875,0.785398163397448);
#36=CONICAL_SURFACE('',#6398,0.6875,0.785398163397448);
#37=SHAPE_REPRESENTATION_RELATIONSHIP('SRR','None',#12060,#40);
#38=SHAPE_REPRESENTATION_RELATIONSHIP('SRR','None',#12061,#41);
#39=SHAPE_REPRESENTATION_RELATIONSHIP('SRR','None',#12062,#42);
#40=ADVANCED_BREP_SHAPE_REPRESENTATION('',(#43),#12040);
#41=ADVANCED_BREP_SHAPE_REPRESENTATION('',(#44,#45),#12041);
#42=ADVANCED_BREP_SHAPE_REPRESENTATION('',(#46,#47,#48,#49,#50,#51,#52,
#53,#54,#55),#12042);
#43=MANIFOLD_SOLID_BREP('\X2\04220432043504400434043E0435\X0\ \X2\04420435043B043E\X0\1',
#5892);
#44=MANIFOLD_SOLID_BREP('\X2\04220432043504400434043E0435\X0\ \X2\04420435043B043E\X0\2',
#5893);
#45=MANIFOLD_SOLID_BREP('\X2\04220432043504400434043E0435\X0\ \X2\04420435043B043E\X0\2',
#5894);
#46=MANIFOLD_SOLID_BREP('\X2\04220432043504400434043E0435\X0\ \X2\04420435043B043E\X0\2',
#5895);
#47=MANIFOLD_SOLID_BREP('\X2\04220432043504400434043E0435\X0\ \X2\04420435043B043E\X0\2',
#5896);
#48=MANIFOLD_SOLID_BREP('\X2\04220432043504400434043E0435\X0\ \X2\04420435043B043E\X0\2',
#5897);
#49=MANIFOLD_SOLID_BREP('\X2\04220432043504400434043E0435\X0\ \X2\04420435043B043E\X0\2',
#5898);
#50=MANIFOLD_SOLID_BREP('\X2\04220432043504400434043E0435\X0\ \X2\04420435043B043E\X0\2',
#5899);
#51=MANIFOLD_SOLID_BREP('\X2\04220432043504400434043E0435\X0\ \X2\04420435043B043E\X0\2',
#5900);
#52=MANIFOLD_SOLID_BREP('\X2\04220432043504400434043E0435\X0\ \X2\04420435043B043E\X0\2',
#5901);
#53=MANIFOLD_SOLID_BREP('\X2\04220432043504400434043E0435\X0\ \X2\04420435043B043E\X0\2',
#5902);
#54=MANIFOLD_SOLID_BREP('\X2\04220432043504400434043E0435\X0\ \X2\04420435043B043E\X0\2',
#5903);
#55=MANIFOLD_SOLID_BREP('\X2\04220432043504400434043E0435\X0\ \X2\04420435043B043E\X0\2',
#5904);
#56=B_SPLINE_SURFACE_WITH_KNOTS('',3,1,((#8624,#8625),(#8626,#8627),(#8628,
#8629),(#8630,#8631),(#8632,#8633),(#8634,#8635),(#8636,#8637),(#8638,#8639),
(#8640,#8641),(#8642,#8643),(#8644,#8645),(#8646,#8647),(#8648,#8649),(#8650,
#8651),(#8652,#8653),(#8654,#8655),(#8656,#8657),(#8658,#8659),(#8660,#8661),
(#8662,#8663),(#8664,#8665),(#8666,#8667),(#8668,#8669),(#8670,#8671),(#8672,
#8673),(#8674,#8675),(#8676,#8677),(#8678,#8679),(#8680,#8681),(#8682,#8683),
(#8684,#8685),(#8686,#8687)),.UNSPECIFIED.,.T.,.F.,.F.,(4,3,3,2,3,3,2,2,
3,2,3,2,4),(2,2),(0.,0.08183209632406,0.166518832809376,0.249724190497783,
0.33292954818619,0.41744290120556,0.500688200963179,0.583933500720798,0.667178800478417,
0.750338086534991,0.833497372591566,0.916748686295783,1.),(0.,0.00599999999999997),
 .UNSPECIFIED.);
#57=B_SPLINE_SURFACE_WITH_KNOTS('',3,1,((#8755,#8756),(#8757,#8758),(#8759,
#8760),(#8761,#8762),(#8763,#8764),(#8765,#8766),(#8767,#8768),(#8769,#8770),
(#8771,#8772),(#8773,#8774),(#8775,#8776),(#8777,#8778),(#8779,#8780),(#8781,
#8782),(#8783,#8784),(#8785,#8786),(#8787,#8788),(#8789,#8790),(#8791,#8792),
(#8793,#8794),(#8795,#8796),(#8797,#8798),(#8799,#8800),(#8801,#8802),(#8803,
#8804),(#8805,#8806),(#8807,#8808),(#8809,#8810),(#8811,#8812),(#8813,#8814),
(#8815,#8816)),.UNSPECIFIED.,.T.,.F.,.F.,(4,3,2,2,2,2,2,3,3,2,3,3,4),(2,
2),(0.,0.0817158688166279,0.165213075870363,0.248710282924099,0.332207489977834,
0.415704697031569,0.499201904085305,0.58269911113904,0.667121810901241,
0.750281342666973,0.833440874432704,0.918368025225648,1.),(0.,0.00599999999999997),
 .UNSPECIFIED.);
#58=B_SPLINE_SURFACE_WITH_KNOTS('',3,1,((#8900,#8901),(#8902,#8903),(#8904,
#8905),(#8906,#8907),(#8908,#8909),(#8910,#8911),(#8912,#8913),(#8914,#8915),
(#8916,#8917),(#8918,#8919),(#8920,#8921),(#8922,#8923)),.UNSPECIFIED.,
 .F.,.F.,.F.,(4,1,1,1,1,1,1,1,1,4),(2,2),(0.22567210982324,0.264193966075695,
0.283454894201922,0.30271582232815,0.321976750454377,0.347657987956014,
0.37975953483306,0.418281391085515,0.45680324733797,0.533846959842881),
(0.,0.00599999999999997),.UNSPECIFIED.);
#59=B_SPLINE_SURFACE_WITH_KNOTS('',3,1,((#8938,#8939),(#8940,#8941),(#8942,
#8943),(#8944,#8945),(#8946,#8947),(#8948,#8949),(#8950,#8951)),
 .UNSPECIFIED.,.F.,.F.,.F.,(4,1,1,1,4),(2,2),(0.533846959842881,0.572045805434734,
0.593873717201508,0.615701628968281,0.664814430443521),(0.,0.00599999999999997),
 .UNSPECIFIED.);
#60=B_SPLINE_SURFACE_WITH_KNOTS('',3,1,((#8965,#8966),(#8967,#8968),(#8969,
#8970),(#8971,#8972),(#8973,#8974),(#8975,#8976),(#8977,#8978),(#8979,#8980)),
 .UNSPECIFIED.,.F.,.F.,.F.,(4,1,1,1,1,4),(2,2),(0.709515388571774,0.749084923903698,
0.76886969156966,0.795249381790943,0.821629072012226,0.867793529899471),
(0.,0.00599999999999997),.UNSPECIFIED.);
#61=B_SPLINE_SURFACE_WITH_KNOTS('',3,1,((#8991,#8992),(#8993,#8994),(#8995,
#8996),(#8997,#8998),(#8999,#9000),(#9001,#9002),(#9003,#9004),(#9005,#9006),
(#9007,#9008),(#9009,#9010),(#9011,#9012),(#9013,#9014),(#9015,#9016)),
 .UNSPECIFIED.,.F.,.F.,.F.,(4,1,1,1,1,1,1,1,1,1,4),(2,2),(0.,0.0969051049957325,
0.145357657493599,0.209961060824087,0.290715314987197,0.38762041998293,
0.46837467414604,0.532978077476529,0.581430629974395,0.629883182472261,
0.77524083996586),(0.,0.00599999999999997),.UNSPECIFIED.);
#62=B_SPLINE_SURFACE_WITH_KNOTS('',3,1,((#9070,#9071),(#9072,#9073),(#9074,
#9075),(#9076,#9077),(#9078,#9079),(#9080,#9081),(#9082,#9083),(#9084,#9085),
(#9086,#9087)),.UNSPECIFIED.,.F.,.F.,.F.,(4,1,1,1,1,1,4),(2,2),(0.0612463866718308,
0.0845537863832638,0.0962074862389803,0.107861186094697,0.119514885950413,
0.13116858580613,0.154475985517563),(0.,0.00599999999999997),
 .UNSPECIFIED.);
#63=B_SPLINE_SURFACE_WITH_KNOTS('',3,1,((#9099,#9100),(#9101,#9102),(#9103,
#9104),(#9105,#9106),(#9107,#9108),(#9109,#9110),(#9111,#9112),(#9113,#9114),
(#9115,#9116),(#9117,#9118),(#9119,#9120),(#9121,#9122),(#9123,#9124)),
 .UNSPECIFIED.,.F.,.F.,.F.,(4,1,1,1,1,1,1,1,1,1,4),(2,2),(0.154475985517563,
0.17909582105028,0.191405738816639,0.207818962505117,0.228335492115714,
0.248852021726312,0.26526524541479,0.277575163181149,0.289885080947507,
0.306298304635986,0.3514346697793),(0.,0.00599999999999997),
 .UNSPECIFIED.);
#64=B_SPLINE_SURFACE_WITH_KNOTS('',3,1,((#9144,#9145),(#9146,#9147),(#9148,
#9149),(#9150,#9151),(#9152,#9153),(#9154,#9155),(#9156,#9157),(#9158,#9159),
(#9160,#9161),(#9162,#9163),(#9164,#9165),(#9166,#9167),(#9168,#9169)),
 .UNSPECIFIED.,.F.,.F.,.F.,(4,1,1,1,1,1,1,1,1,1,4),(2,2),(0.398093280716568,
0.442461122092588,0.45859488259296,0.470695202968238,0.482795523343516,
0.494895843718794,0.506996164094073,0.519096484469351,0.531196804844629,
0.547330565345,0.591698406721021),(0.,0.00599999999999997),
 .UNSPECIFIED.);
#65=B_SPLINE_SURFACE_WITH_KNOTS('',3,1,((#9189,#9190),(#9191,#9192),(#9193,
#9194),(#9195,#9196),(#9197,#9198),(#9199,#9200),(#9201,#9202),(#9203,#9204),
(#9205,#9206),(#9207,#9208),(#9209,#9210),(#9211,#9212),(#9213,#9214),(#9215,
#9216),(#9217,#9218),(#9219,#9220),(#9221,#9222)),.UNSPECIFIED.,.F.,.F.,
 .F.,(4,1,1,1,1,1,1,1,1,1,1,1,1,1,4),(2,2),(0.638357017658288,0.682750388152797,
0.696875551491959,0.704947073400051,0.71100071483112,0.71705435626219,0.725125878170282,
0.735215280555398,0.747322563417537,0.759429846279675,0.771537129141814,
0.783644412003953,0.795751694866091,0.80785897772823,0.832073543452507),
(0.,0.00599999999999997),.UNSPECIFIED.);
#66=B_SPLINE_SURFACE_WITH_KNOTS('',3,1,((#9245,#9246),(#9247,#9248),(#9249,
#9250),(#9251,#9252),(#9253,#9254),(#9255,#9256)),.UNSPECIFIED.,.F.,.F.,
 .F.,(4,1,1,4),(2,2),(0.491402540354248,0.745701270177124,0.851659074269989,
1.),(0.,0.00599999999999997),.UNSPECIFIED.);
#67=B_SPLINE_SURFACE_WITH_KNOTS('',3,1,((#9275,#9276),(#9277,#9278),(#9279,
#9280),(#9281,#9282),(#9283,#9284),(#9285,#9286),(#9287,#9288)),
 .UNSPECIFIED.,.F.,.F.,.F.,(4,1,1,1,4),(2,2),(0.911185154439638,0.933388865829728,
0.944490721524774,0.959293195784834,1.),(0.,0.00599999999999997),
 .UNSPECIFIED.);
#68=B_SPLINE_SURFACE_WITH_KNOTS('',3,1,((#9304,#9305),(#9306,#9307),(#9308,
#9309),(#9310,#9311),(#9312,#9313),(#9314,#9315),(#9316,#9317),(#9318,#9319),
(#9320,#9321),(#9322,#9323),(#9324,#9325),(#9326,#9327),(#9328,#9329),(#9330,
#9331),(#9332,#9333),(#9334,#9335),(#9336,#9337),(#9338,#9339)),
 .UNSPECIFIED.,.F.,.F.,.F.,(4,1,1,1,1,1,1,1,1,1,1,1,1,1,1,4),(2,2),(0.0699074392233636,
0.115419068789021,0.131968752267441,0.148518435745862,0.169205540093888,
0.194030065311519,0.227129432268361,0.260228799225202,0.293328166182044,
0.318152691399675,0.342977216617306,0.367801741834937,0.392626267052568,
0.417450792270199,0.438137896618225,0.467099842705461),(0.,0.00599999999999997),
 .UNSPECIFIED.);
#69=B_SPLINE_SURFACE_WITH_KNOTS('',3,1,((#9364,#9365),(#9366,#9367),(#9368,
#9369),(#9370,#9371),(#9372,#9373)),.UNSPECIFIED.,.F.,.F.,.F.,(4,1,4),(2,
2),(0.535367000799988,0.547706974713043,0.560046948626099),(0.,0.00599999999999997),
 .UNSPECIFIED.);
#70=B_SPLINE_SURFACE_WITH_KNOTS('',3,1,((#9381,#9382),(#9383,#9384),(#9385,
#9386),(#9387,#9388),(#9389,#9390),(#9391,#9392),(#9393,#9394),(#9395,#9396),
(#9397,#9398),(#9399,#9400),(#9401,#9402),(#9403,#9404),(#9405,#9406),(#9407,
#9408),(#9409,#9410),(#9411,#9412)),.UNSPECIFIED.,.F.,.F.,.F.,(4,1,1,1,
1,1,1,1,1,1,1,1,1,4),(2,2),(0.560046948626099,0.603939224352791,0.625885362216138,
0.655146879367266,0.691723775806176,0.735616051532869,0.772192947971779,
0.801454465122907,0.823400602986253,0.8453467408496,0.863635189069055,0.878265947644619,
0.889239016576292,0.911185154439638),(0.,0.00599999999999997),
 .UNSPECIFIED.);
#71=B_SPLINE_SURFACE_WITH_KNOTS('',3,1,((#9429,#9430),(#9431,#9432),(#9433,
#9434),(#9435,#9436),(#9437,#9438),(#9439,#9440),(#9441,#9442),(#9443,#9444),
(#9445,#9446),(#9447,#9448)),.UNSPECIFIED.,.F.,.F.,.F.,(4,1,1,1,1,1,1,4),
(2,2),(0.,0.122850635088562,0.184275952632843,0.245701270177124,0.296889034797358,
0.337839246493546,0.378789458189733,0.491402540354248),(0.,0.00599999999999997),
 .UNSPECIFIED.);
#72=B_SPLINE_SURFACE_WITH_KNOTS('',3,1,((#9471,#9472),(#9473,#9474),(#9475,
#9476),(#9477,#9478),(#9479,#9480),(#9481,#9482),(#9483,#9484),(#9485,#9486),
(#9487,#9488),(#9489,#9490),(#9491,#9492),(#9493,#9494),(#9495,#9496),(#9497,
#9498),(#9499,#9500),(#9501,#9502),(#9503,#9504),(#9505,#9506),(#9507,#9508),
(#9509,#9510),(#9511,#9512),(#9513,#9514),(#9515,#9516),(#9517,#9518),(#9519,
#9520)),.UNSPECIFIED.,.F.,.F.,.F.,(4,1,1,1,1,1,1,1,1,1,1,1,1,1,1,1,1,1,
1,1,1,1,4),(2,2),(0.558699968489402,0.586281220458814,0.60007184644352,
0.613862472428226,0.627653098412932,0.639145286733521,0.648339037389992,
0.655234350382345,0.662129663374698,0.671323414031169,0.682815602351757,
0.696606228336463,0.71039685432117,0.728784355634111,0.751768732275288,
0.779349984244701,0.806931236214113,0.834512488183525,0.862093740152938,
0.88967499212235,0.917256244091763,0.944837496061175,1.),(0.,0.00599999999999997),
 .UNSPECIFIED.);
#73=B_SPLINE_SURFACE_WITH_KNOTS('',3,1,((#9554,#9555),(#9556,#9557),(#9558,
#9559),(#9560,#9561),(#9562,#9563),(#9564,#9565),(#9566,#9567),(#9568,#9569),
(#9570,#9571),(#9572,#9573),(#9574,#9575),(#9576,#9577),(#9578,#9579),(#9580,
#9581),(#9582,#9583),(#9584,#9585),(#9586,#9587),(#9588,#9589),(#9590,#9591),
(#9592,#9593),(#9594,#9595),(#9596,#9597),(#9598,#9599),(#9600,#9601),(#9602,
#9603),(#9604,#9605),(#9606,#9607),(#9608,#9609)),.UNSPECIFIED.,.F.,.F.,
 .F.,(4,1,1,1,1,1,1,1,1,1,1,1,1,1,1,1,1,1,1,1,1,1,1,1,1,4),(2,2),(0.0642491879387054,
0.0913098073623446,0.104840117074164,0.118370426785984,0.131900736497803,
0.143175994590986,0.152196201065533,0.161216407540079,0.172491665633262,
0.186021975345082,0.199552285056901,0.213082594768721,0.226612904480541,
0.24014321419236,0.258183627141453,0.280734143327819,0.307794762751458,
0.330345278937824,0.348385691886917,0.361916001598737,0.375446311310556,
0.393486724259649,0.416037240446015,0.443097859869654,0.46564837605602,
0.497219098716933),(0.,0.00599999999999997),.UNSPECIFIED.);
#74=B_SPLINE_SURFACE_WITH_KNOTS('',3,1,((#9643,#9644),(#9645,#9646),(#9647,
#9648),(#9649,#9650),(#9651,#9652),(#9653,#9654),(#9655,#9656),(#9657,#9658),
(#9659,#9660),(#9661,#9662),(#9663,#9664),(#9665,#9666),(#9667,#9668),(#9669,
#9670),(#9671,#9672),(#9673,#9674),(#9675,#9676),(#9677,#9678),(#9679,#9680),
(#9681,#9682),(#9683,#9684),(#9685,#9686),(#9687,#9688),(#9689,#9690),(#9691,
#9692)),.UNSPECIFIED.,.F.,.F.,.F.,(4,1,1,1,1,1,1,1,1,1,1,1,1,1,1,1,1,1,
1,1,1,1,4),(2,2),(0.558689785213868,0.586271673638002,0.600062617850068,
0.613853562062135,0.627644506274201,0.639136959784257,0.648330922592301,
0.655226394698335,0.662121866804368,0.671315829612412,0.682808283122468,
0.696599227334535,0.710390171546601,0.72877809716269,0.751763004182801,
0.779344892606934,0.806926781031068,0.834508669455201,0.862090557879334,
0.889672446303467,0.9172543347276,0.944836223151734,1.),(0.,0.00599999999999997),
 .UNSPECIFIED.);
#75=B_SPLINE_SURFACE_WITH_KNOTS('',3,1,((#9726,#9727),(#9728,#9729),(#9730,
#9731),(#9732,#9733),(#9734,#9735),(#9736,#9737),(#9738,#9739),(#9740,#9741),
(#9742,#9743),(#9744,#9745),(#9746,#9747),(#9748,#9749),(#9750,#9751),(#9752,
#9753),(#9754,#9755),(#9756,#9757),(#9758,#9759),(#9760,#9761),(#9762,#9763),
(#9764,#9765),(#9766,#9767),(#9768,#9769),(#9770,#9771),(#9772,#9773),(#9774,
#9775),(#9776,#9777),(#9778,#9779),(#9780,#9781)),.UNSPECIFIED.,.F.,.F.,
 .F.,(4,1,1,1,1,1,1,1,1,1,1,1,1,1,1,1,1,1,1,1,1,1,1,1,1,4),(2,2),(0.0643813351795439,
0.0914343525004943,0.104960861160969,0.118487369821445,0.13201387848192,
0.143285969032316,0.152303641472632,0.161321313912949,0.172593404463345,
0.18611991312382,0.199646421784296,0.213172930444771,0.226699439105246,
0.240225947765721,0.258261292646355,0.280805473747146,0.307858491068097,
0.330402672168889,0.348438017049522,0.361964525709997,0.375491034370473,
0.393526379251106,0.416070560351898,0.443123577672848,0.46566775877364,
0.497229612314749),(0.,0.00599999999999997),.UNSPECIFIED.);
#76=B_SPLINE_SURFACE_WITH_KNOTS('',3,1,((#10179,#10180),(#10181,#10182),
(#10183,#10184),(#10185,#10186),(#10187,#10188),(#10189,#10190)),
 .UNSPECIFIED.,.F.,.F.,.F.,(4,1,1,4),(2,2),(0.27609737515956,0.317891576127264,
0.333089467388247,0.367284722725459),(0.,0.012),.UNSPECIFIED.);
#77=B_SPLINE_SURFACE_WITH_KNOTS('',3,1,((#10223,#10224),(#10225,#10226),
(#10227,#10228),(#10229,#10230),(#10231,#10232),(#10233,#10234)),
 .UNSPECIFIED.,.F.,.F.,.F.,(4,1,1,4),(2,2),(0.866538711861441,0.896284780716906,
0.917531972756524,0.968525233651608),(0.,0.012),.UNSPECIFIED.);
#78=B_SPLINE_SURFACE_WITH_KNOTS('',3,1,((#10275,#10276),(#10277,#10278),
(#10279,#10280),(#10281,#10282),(#10283,#10284),(#10285,#10286),(#10287,
#10288),(#10289,#10290)),.UNSPECIFIED.,.F.,.F.,.F.,(4,1,1,1,1,4),(2,2),
(0.718379035745218,0.788784276808913,0.823986897340761,0.870923724716558,
0.917860552092355,1.),(0.,0.012),.UNSPECIFIED.);
#79=B_SPLINE_SURFACE_WITH_KNOTS('',3,1,((#10307,#10308),(#10309,#10310),
(#10311,#10312),(#10313,#10314),(#10315,#10316),(#10317,#10318),(#10319,
#10320),(#10321,#10322)),.UNSPECIFIED.,.F.,.F.,.F.,(4,1,1,1,1,4),(2,2),
(0.0263135595252346,0.0903450808541379,0.126934521613511,0.163523962372885,
0.190966042942415,0.245850204081474),(0.,0.012),.UNSPECIFIED.);
#80=B_SPLINE_SURFACE_WITH_KNOTS('',3,1,((#10337,#10338),(#10339,#10340),
(#10341,#10342),(#10343,#10344),(#10345,#10346),(#10347,#10348),(#10349,
#10350),(#10351,#10352)),.UNSPECIFIED.,.F.,.F.,.F.,(4,1,1,1,1,4),(2,2),
(0.268997389376915,0.314443214579964,0.337166127181488,0.36746334398352,
0.397760560785553,0.450780690189109),(0.,0.012),.UNSPECIFIED.);
#81=B_SPLINE_SURFACE_WITH_KNOTS('',3,1,((#10367,#10368),(#10369,#10370),
(#10371,#10372),(#10373,#10374),(#10375,#10376),(#10377,#10378),(#10379,
#10380),(#10381,#10382)),.UNSPECIFIED.,.F.,.F.,.F.,(4,1,1,1,1,4),(2,2),
(0.477264881346341,0.547589843046013,0.587775535445826,0.627961227845639,
0.658100497145499,0.718379035745218),(0.,0.012),.UNSPECIFIED.);
#82=B_SPLINE_SURFACE_WITH_KNOTS('',3,1,((#10392,#10393),(#10394,#10395),
(#10396,#10397),(#10398,#10399),(#10400,#10401),(#10402,#10403),(#10404,
#10405),(#10406,#10407),(#10408,#10409),(#10410,#10411),(#10412,#10413),
(#10414,#10415),(#10416,#10417),(#10418,#10419),(#10420,#10421),(#10422,
#10423),(#10424,#10425),(#10426,#10427),(#10428,#10429),(#10430,#10431),
(#10432,#10433)),.UNSPECIFIED.,.T.,.F.,.F.,(4,3,2,2,2,3,2,3,4),(2,2),(0.,
0.165859330308162,0.289561188302995,0.414735687464428,0.539910186625862,
0.665591465136128,0.748567817867782,0.828682917056965,1.),(0.,0.012),
 .UNSPECIFIED.);
#83=B_SPLINE_SURFACE_WITH_KNOTS('',3,1,((#10479,#10480),(#10481,#10482),
(#10483,#10484),(#10485,#10486),(#10487,#10488),(#10489,#10490),(#10491,
#10492),(#10493,#10494),(#10495,#10496),(#10497,#10498),(#10499,#10500),
(#10501,#10502),(#10503,#10504),(#10505,#10506),(#10507,#10508),(#10509,
#10510),(#10511,#10512),(#10513,#10514),(#10515,#10516),(#10517,#10518),
(#10519,#10520),(#10521,#10522),(#10523,#10524),(#10525,#10526),(#10527,
#10528),(#10529,#10530),(#10531,#10532),(#10533,#10534),(#10535,#10536),
(#10537,#10538),(#10539,#10540),(#10541,#10542),(#10543,#10544),(#10545,
#10546)),.UNSPECIFIED.,.T.,.F.,.F.,(4,3,3,2,3,3,3,2,3,3,2,3,4),(2,2),(0.,
0.105675844339202,0.17910855290584,0.250481141570535,0.303519487275491,
0.354059222498505,0.413175898501826,0.500923136035644,0.605159787334206,
0.678665791990376,0.750036793108699,0.844116749128305,1.),(0.,0.012),
 .UNSPECIFIED.);
#84=B_SPLINE_SURFACE_WITH_KNOTS('',3,1,((#10595,#10596),(#10597,#10598),
(#10599,#10600),(#10601,#10602),(#10603,#10604),(#10605,#10606),(#10607,
#10608),(#10609,#10610),(#10611,#10612),(#10613,#10614),(#10615,#10616),
(#10617,#10618),(#10619,#10620),(#10621,#10622)),.UNSPECIFIED.,.F.,.F.,
 .F.,(4,1,1,1,1,1,1,1,1,1,1,4),(2,2),(0.305229424821841,0.371502187582599,
0.404638568962978,0.437774950343357,0.470911331723736,0.515093173564241,
0.570320475864872,0.625547778165504,0.669729620006009,0.713911461846514,
0.758093303687019,0.835411526907903),(0.,0.012),.UNSPECIFIED.);
#85=B_SPLINE_SURFACE_WITH_KNOTS('',3,1,((#10639,#10640),(#10641,#10642),
(#10643,#10644),(#10645,#10646),(#10647,#10648),(#10649,#10650),(#10651,
#10652),(#10653,#10654),(#10655,#10656),(#10657,#10658),(#10659,#10660),
(#10661,#10662),(#10663,#10664),(#10665,#10666)),.UNSPECIFIED.,.F.,.F.,
 .F.,(4,1,1,1,1,1,1,1,1,1,1,4),(2,2),(0.,0.0962471395147058,0.144370709272059,
0.208535468948529,0.288741418544117,0.384988558058823,0.465194507654411,
0.529359267330882,0.577482837088235,0.625606406845587,0.67372997660294,
0.769977116117646),(0.,0.012),.UNSPECIFIED.);
#86=B_SPLINE_SURFACE_WITH_KNOTS('',3,1,((#10726,#10727),(#10728,#10729),
(#10730,#10731),(#10732,#10733),(#10734,#10735),(#10736,#10737),(#10738,
#10739),(#10740,#10741),(#10742,#10743),(#10744,#10745),(#10746,#10747)),
 .UNSPECIFIED.,.F.,.F.,.F.,(4,1,1,1,1,1,1,1,4),(2,2),(0.252169736258335,
0.26586660294321,0.271573630728575,0.276139252956867,0.280704875185159,
0.286411902970524,0.295543147427108,0.31152282522613,0.361744669737341),
(0.,0.012),.UNSPECIFIED.);
#87=B_SPLINE_SURFACE_WITH_KNOTS('',3,1,((#10765,#10766),(#10767,#10768),
(#10769,#10770),(#10771,#10772),(#10773,#10774)),.UNSPECIFIED.,.F.,.F.,
 .F.,(4,1,4),(2,2),(0.381278160089509,0.435879979395313,0.490481798701118),
(0.,0.012),.UNSPECIFIED.);
#88=B_SPLINE_SURFACE_WITH_KNOTS('',3,1,((#10782,#10783),(#10784,#10785),
(#10786,#10787),(#10788,#10789),(#10790,#10791),(#10792,#10793)),
 .UNSPECIFIED.,.F.,.F.,.F.,(4,1,1,4),(2,2),(0.490481798701118,0.522183911385716,
0.544828277589,0.599174756476882),(0.,0.012),.UNSPECIFIED.);
#89=B_SPLINE_SURFACE_WITH_KNOTS('',3,1,((#10852,#10853),(#10854,#10855),
(#10856,#10857),(#10858,#10859),(#10860,#10861),(#10862,#10863),(#10864,
#10865)),.UNSPECIFIED.,.F.,.F.,.F.,(4,1,1,1,4),(2,2),(0.149280571249414,
0.205385504990087,0.226424855142839,0.240451088578007,0.261490438730759),
(0.,0.012),.UNSPECIFIED.);
#90=B_SPLINE_SURFACE_WITH_KNOTS('',3,1,((#10875,#10876),(#10877,#10878),
(#10879,#10880),(#10881,#10882),(#10883,#10884),(#10885,#10886),(#10887,
#10888),(#10889,#10890),(#10891,#10892)),.UNSPECIFIED.,.F.,.F.,.F.,(4,1,
1,1,1,1,4),(2,2),(0.261490438730759,0.275566207608618,0.282604092047547,
0.291987937966119,0.303717745364335,0.322485437201479,0.374096589753627),
(0.,0.012),.UNSPECIFIED.);
#91=B_SPLINE_CURVE_WITH_KNOTS('',3,(#8257,#8258,#8259,#8260,#8261,#8262,
#8263,#8264,#8265,#8266,#8267,#8268,#8269,#8270,#8271,#8272,#8273,#8274,
#8275,#8276,#8277,#8278,#8279,#8280,#8281,#8282,#8283,#8284,#8285,#8286,
#8287),.UNSPECIFIED.,.T.,.F.,(4,3,2,2,2,2,2,3,3,2,3,3,4),(0.,0.0817158688166279,
0.165213075870363,0.248710282924099,0.332207489977834,0.415704697031569,
0.499201904085305,0.58269911113904,0.667121810901241,0.750281342666973,
0.833440874432704,0.918368025225648,1.),.UNSPECIFIED.);
#92=B_SPLINE_CURVE_WITH_KNOTS('',3,(#8298,#8299,#8300,#8301,#8302,#8303,
#8304,#8305,#8306),.UNSPECIFIED.,.F.,.F.,(4,1,1,1,1,1,4),(0.0612463866718308,
0.0845537863832638,0.0962074862389803,0.107861186094697,0.119514885950413,
0.13116858580613,0.154475985517563),.UNSPECIFIED.);
#93=B_SPLINE_CURVE_WITH_KNOTS('',3,(#8308,#8309,#8310,#8311,#8312,#8313,
#8314,#8315,#8316,#8317,#8318,#8319,#8320),.UNSPECIFIED.,.F.,.F.,(4,1,1,
1,1,1,1,1,1,1,4),(0.154475985517563,0.17909582105028,0.191405738816639,
0.207818962505117,0.228335492115714,0.248852021726312,0.26526524541479,
0.277575163181149,0.289885080947507,0.306298304635986,0.3514346697793),
 .UNSPECIFIED.);
#94=B_SPLINE_CURVE_WITH_KNOTS('',3,(#8324,#8325,#8326,#8327,#8328,#8329,
#8330,#8331,#8332,#8333,#8334,#8335,#8336),.UNSPECIFIED.,.F.,.F.,(4,1,1,
1,1,1,1,1,1,1,4),(0.398093280716568,0.442461122092588,0.45859488259296,
0.470695202968238,0.482795523343516,0.494895843718794,0.506996164094073,
0.519096484469351,0.531196804844629,0.547330565345,0.591698406721021),
 .UNSPECIFIED.);
#95=B_SPLINE_CURVE_WITH_KNOTS('',3,(#8339,#8340,#8341,#8342,#8343,#8344,
#8345,#8346,#8347,#8348,#8349,#8350,#8351,#8352,#8353,#8354,#8355),
 .UNSPECIFIED.,.F.,.F.,(4,1,1,1,1,1,1,1,1,1,1,1,1,1,4),(0.638357017658288,
0.682750388152797,0.696875551491959,0.704947073400051,0.71100071483112,
0.71705435626219,0.725125878170282,0.735215280555398,0.747322563417537,
0.759429846279675,0.771537129141814,0.783644412003953,0.795751694866091,
0.80785897772823,0.832073543452507),.UNSPECIFIED.);
#96=B_SPLINE_CURVE_WITH_KNOTS('',3,(#8360,#8361,#8362,#8363,#8364,#8365,
#8366,#8367,#8368,#8369,#8370,#8371,#8372,#8373,#8374,#8375,#8376,#8377,
#8378,#8379,#8380,#8381,#8382,#8383,#8384),.UNSPECIFIED.,.F.,.F.,(4,1,1,
1,1,1,1,1,1,1,1,1,1,1,1,1,1,1,1,1,1,1,4),(0.558689785213868,0.586271673638002,
0.600062617850068,0.613853562062135,0.627644506274201,0.639136959784257,
0.648330922592301,0.655226394698335,0.662121866804368,0.671315829612412,
0.682808283122468,0.696599227334535,0.710390171546601,0.72877809716269,
0.751763004182801,0.779344892606934,0.806926781031068,0.834508669455201,
0.862090557879334,0.889672446303467,0.9172543347276,0.944836223151734,1.),
 .UNSPECIFIED.);
#97=B_SPLINE_CURVE_WITH_KNOTS('',3,(#8387,#8388,#8389,#8390,#8391,#8392,
#8393,#8394,#8395,#8396,#8397,#8398,#8399,#8400,#8401,#8402,#8403,#8404,
#8405,#8406,#8407,#8408,#8409,#8410,#8411,#8412,#8413,#8414),
 .UNSPECIFIED.,.F.,.F.,(4,1,1,1,1,1,1,1,1,1,1,1,1,1,1,1,1,1,1,1,1,1,1,1,
1,4),(0.0643813351795439,0.0914343525004943,0.104960861160969,0.118487369821445,
0.13201387848192,0.143285969032316,0.152303641472632,0.161321313912949,
0.172593404463345,0.18611991312382,0.199646421784296,0.213172930444771,
0.226699439105246,0.240225947765721,0.258261292646355,0.280805473747146,
0.307858491068097,0.330402672168889,0.348438017049522,0.361964525709997,
0.375491034370473,0.393526379251106,0.416070560351898,0.443123577672848,
0.46566775877364,0.497229612314749),.UNSPECIFIED.);
#98=B_SPLINE_CURVE_WITH_KNOTS('',3,(#8419,#8420,#8421,#8422,#8423,#8424,
#8425,#8426,#8427,#8428,#8429,#8430,#8431,#8432,#8433,#8434,#8435,#8436,
#8437,#8438,#8439,#8440,#8441,#8442,#8443),.UNSPECIFIED.,.F.,.F.,(4,1,1,
1,1,1,1,1,1,1,1,1,1,1,1,1,1,1,1,1,1,1,4),(0.558699968489402,0.586281220458814,
0.60007184644352,0.613862472428226,0.627653098412932,0.639145286733521,
0.648339037389992,0.655234350382345,0.662129663374698,0.671323414031169,
0.682815602351757,0.696606228336463,0.71039685432117,0.728784355634111,
0.751768732275288,0.779349984244701,0.806931236214113,0.834512488183525,
0.862093740152938,0.88967499212235,0.917256244091763,0.944837496061175,
1.),.UNSPECIFIED.);
#99=B_SPLINE_CURVE_WITH_KNOTS('',3,(#8446,#8447,#8448,#8449,#8450,#8451,
#8452,#8453,#8454,#8455,#8456,#8457,#8458,#8459,#8460,#8461,#8462,#8463,
#8464,#8465,#8466,#8467,#8468,#8469,#8470,#8471,#8472,#8473),
 .UNSPECIFIED.,.F.,.F.,(4,1,1,1,1,1,1,1,1,1,1,1,1,1,1,1,1,1,1,1,1,1,1,1,
1,4),(0.0642491879387054,0.0913098073623446,0.104840117074164,0.118370426785984,
0.131900736497803,0.143175994590986,0.152196201065533,0.161216407540079,
0.172491665633262,0.186021975345082,0.199552285056901,0.213082594768721,
0.226612904480541,0.24014321419236,0.258183627141453,0.280734143327819,
0.307794762751458,0.330345278937824,0.348385691886917,0.361916001598737,
0.375446311310556,0.393486724259649,0.416037240446015,0.443097859869654,
0.46564837605602,0.497219098716933),.UNSPECIFIED.);
#100=B_SPLINE_CURVE_WITH_KNOTS('',3,(#8476,#8477,#8478,#8479,#8480,#8481,
#8482,#8483,#8484,#8485,#8486,#8487,#8488,#8489,#8490,#8491),
 .UNSPECIFIED.,.F.,.F.,(4,1,1,1,1,1,1,1,1,1,1,1,1,4),(0.560046948626099,
0.603939224352791,0.625885362216138,0.655146879367266,0.691723775806176,
0.735616051532869,0.772192947971779,0.801454465122907,0.823400602986253,
0.8453467408496,0.863635189069055,0.878265947644619,0.889239016576292,0.911185154439638),
 .UNSPECIFIED.);
#101=B_SPLINE_CURVE_WITH_KNOTS('',3,(#8493,#8494,#8495,#8496,#8497,#8498,
#8499),.UNSPECIFIED.,.F.,.F.,(4,1,1,1,4),(0.911185154439638,0.933388865829728,
0.944490721524774,0.959293195784834,1.),.UNSPECIFIED.);
#102=B_SPLINE_CURVE_WITH_KNOTS('',3,(#8503,#8504,#8505,#8506,#8507,#8508,
#8509,#8510,#8511,#8512,#8513,#8514,#8515,#8516,#8517,#8518,#8519,#8520),
 .UNSPECIFIED.,.F.,.F.,(4,1,1,1,1,1,1,1,1,1,1,1,1,1,1,4),(0.0699074392233636,
0.115419068789021,0.131968752267441,0.148518435745862,0.169205540093888,
0.194030065311519,0.227129432268361,0.260228799225202,0.293328166182044,
0.318152691399675,0.342977216617306,0.367801741834937,0.392626267052568,
0.417450792270199,0.438137896618225,0.467099842705461),.UNSPECIFIED.);
#103=B_SPLINE_CURVE_WITH_KNOTS('',3,(#8523,#8524,#8525,#8526,#8527),
 .UNSPECIFIED.,.F.,.F.,(4,1,4),(0.535367000799988,0.547706974713043,0.560046948626099),
 .UNSPECIFIED.);
#104=B_SPLINE_CURVE_WITH_KNOTS('',3,(#8689,#8690,#8691,#8692,#8693,#8694,
#8695,#8696,#8697,#8698,#8699,#8700,#8701,#8702,#8703,#8704,#8705,#8706,
#8707,#8708,#8709,#8710,#8711,#8712,#8713,#8714,#8715,#8716,#8717,#8718,
#8719,#8720),.UNSPECIFIED.,.T.,.F.,(4,3,3,2,3,3,2,2,3,2,3,2,4),(0.,0.08183209632406,
0.166518832809376,0.249724190497783,0.33292954818619,0.41744290120556,0.500688200963179,
0.583933500720798,0.667178800478417,0.750338086534991,0.833497372591566,
0.916748686295783,1.),.UNSPECIFIED.);
#105=B_SPLINE_CURVE_WITH_KNOTS('',3,(#8723,#8724,#8725,#8726,#8727,#8728,
#8729,#8730,#8731,#8732,#8733,#8734,#8735,#8736,#8737,#8738,#8739,#8740,
#8741,#8742,#8743,#8744,#8745,#8746,#8747,#8748,#8749,#8750,#8751,#8752,
#8753,#8754),.UNSPECIFIED.,.T.,.F.,(4,3,3,2,3,3,2,2,3,2,3,2,4),(0.,0.08183209632406,
0.166518832809376,0.249724190497783,0.33292954818619,0.41744290120556,0.500688200963179,
0.583933500720798,0.667178800478417,0.750338086534991,0.833497372591566,
0.916748686295783,1.),.UNSPECIFIED.);
#106=B_SPLINE_CURVE_WITH_KNOTS('',3,(#8819,#8820,#8821,#8822,#8823,#8824,
#8825,#8826,#8827,#8828,#8829,#8830,#8831,#8832,#8833,#8834,#8835,#8836,
#8837,#8838,#8839,#8840,#8841,#8842,#8843,#8844,#8845,#8846,#8847,#8848,
#8849),.UNSPECIFIED.,.T.,.F.,(4,3,2,2,2,2,2,3,3,2,3,3,4),(0.,0.0817158688166279,
0.165213075870363,0.248710282924099,0.332207489977834,0.415704697031569,
0.499201904085305,0.58269911113904,0.667121810901241,0.750281342666973,
0.833440874432704,0.918368025225648,1.),.UNSPECIFIED.);
#107=B_SPLINE_CURVE_WITH_KNOTS('',3,(#8860,#8861,#8862,#8863,#8864,#8865,
#8866,#8867,#8868,#8869,#8870,#8871),.UNSPECIFIED.,.F.,.F.,(4,1,1,1,1,1,
1,1,1,4),(0.22567210982324,0.264193966075695,0.283454894201922,0.30271582232815,
0.321976750454377,0.347657987956014,0.37975953483306,0.418281391085515,
0.45680324733797,0.533846959842881),.UNSPECIFIED.);
#108=B_SPLINE_CURVE_WITH_KNOTS('',3,(#8873,#8874,#8875,#8876,#8877,#8878,
#8879),.UNSPECIFIED.,.F.,.F.,(4,1,1,1,4),(0.533846959842881,0.572045805434734,
0.593873717201508,0.615701628968281,0.664814430443521),.UNSPECIFIED.);
#109=B_SPLINE_CURVE_WITH_KNOTS('',3,(#8882,#8883,#8884,#8885,#8886,#8887,
#8888,#8889),.UNSPECIFIED.,.F.,.F.,(4,1,1,1,1,4),(0.709515388571774,0.749084923903698,
0.76886969156966,0.795249381790943,0.821629072012226,0.867793529899471),
 .UNSPECIFIED.);
#110=B_SPLINE_CURVE_WITH_KNOTS('',3,(#8925,#8926,#8927,#8928,#8929,#8930,
#8931,#8932,#8933,#8934,#8935,#8936),.UNSPECIFIED.,.F.,.F.,(4,1,1,1,1,1,
1,1,1,4),(0.22567210982324,0.264193966075695,0.283454894201922,0.30271582232815,
0.321976750454377,0.347657987956014,0.37975953483306,0.418281391085515,
0.45680324733797,0.533846959842881),.UNSPECIFIED.);
#111=B_SPLINE_CURVE_WITH_KNOTS('',3,(#8953,#8954,#8955,#8956,#8957,#8958,
#8959),.UNSPECIFIED.,.F.,.F.,(4,1,1,1,4),(0.533846959842881,0.572045805434734,
0.593873717201508,0.615701628968281,0.664814430443521),.UNSPECIFIED.);
#112=B_SPLINE_CURVE_WITH_KNOTS('',3,(#8982,#8983,#8984,#8985,#8986,#8987,
#8988,#8989),.UNSPECIFIED.,.F.,.F.,(4,1,1,1,1,4),(0.709515388571774,0.749084923903698,
0.76886969156966,0.795249381790943,0.821629072012226,0.867793529899471),
 .UNSPECIFIED.);
#113=B_SPLINE_CURVE_WITH_KNOTS('',3,(#9019,#9020,#9021,#9022,#9023,#9024,
#9025,#9026,#9027,#9028,#9029,#9030,#9031),.UNSPECIFIED.,.F.,.F.,(4,1,1,
1,1,1,1,1,1,1,4),(0.,0.0969051049957325,0.145357657493599,0.209961060824087,
0.290715314987197,0.38762041998293,0.46837467414604,0.532978077476529,0.581430629974395,
0.629883182472261,0.77524083996586),.UNSPECIFIED.);
#114=B_SPLINE_CURVE_WITH_KNOTS('',3,(#9035,#9036,#9037,#9038,#9039,#9040,
#9041,#9042,#9043,#9044,#9045,#9046,#9047),.UNSPECIFIED.,.F.,.F.,(4,1,1,
1,1,1,1,1,1,1,4),(0.,0.0969051049957325,0.145357657493599,0.209961060824087,
0.290715314987197,0.38762041998293,0.46837467414604,0.532978077476529,0.581430629974395,
0.629883182472261,0.77524083996586),.UNSPECIFIED.);
#115=B_SPLINE_CURVE_WITH_KNOTS('',3,(#9089,#9090,#9091,#9092,#9093,#9094,
#9095,#9096,#9097),.UNSPECIFIED.,.F.,.F.,(4,1,1,1,1,1,4),(0.0612463866718308,
0.0845537863832638,0.0962074862389803,0.107861186094697,0.119514885950413,
0.13116858580613,0.154475985517563),.UNSPECIFIED.);
#116=B_SPLINE_CURVE_WITH_KNOTS('',3,(#9126,#9127,#9128,#9129,#9130,#9131,
#9132,#9133,#9134,#9135,#9136,#9137,#9138),.UNSPECIFIED.,.F.,.F.,(4,1,1,
1,1,1,1,1,1,1,4),(0.154475985517563,0.17909582105028,0.191405738816639,
0.207818962505117,0.228335492115714,0.248852021726312,0.26526524541479,
0.277575163181149,0.289885080947507,0.306298304635986,0.3514346697793),
 .UNSPECIFIED.);
#117=B_SPLINE_CURVE_WITH_KNOTS('',3,(#9171,#9172,#9173,#9174,#9175,#9176,
#9177,#9178,#9179,#9180,#9181,#9182,#9183),.UNSPECIFIED.,.F.,.F.,(4,1,1,
1,1,1,1,1,1,1,4),(0.398093280716568,0.442461122092588,0.45859488259296,
0.470695202968238,0.482795523343516,0.494895843718794,0.506996164094073,
0.519096484469351,0.531196804844629,0.547330565345,0.591698406721021),
 .UNSPECIFIED.);
#118=B_SPLINE_CURVE_WITH_KNOTS('',3,(#9224,#9225,#9226,#9227,#9228,#9229,
#9230,#9231,#9232,#9233,#9234,#9235,#9236,#9237,#9238,#9239,#9240),
 .UNSPECIFIED.,.F.,.F.,(4,1,1,1,1,1,1,1,1,1,1,1,1,1,4),(0.638357017658288,
0.682750388152797,0.696875551491959,0.704947073400051,0.71100071483112,
0.71705435626219,0.725125878170282,0.735215280555398,0.747322563417537,
0.759429846279675,0.771537129141814,0.783644412003953,0.795751694866091,
0.80785897772823,0.832073543452507),.UNSPECIFIED.);
#119=B_SPLINE_CURVE_WITH_KNOTS('',3,(#9259,#9260,#9261,#9262,#9263,#9264),
 .UNSPECIFIED.,.F.,.F.,(4,1,1,4),(0.491402540354248,0.745701270177124,0.851659074269989,
1.),.UNSPECIFIED.);
#120=B_SPLINE_CURVE_WITH_KNOTS('',3,(#9268,#9269,#9270,#9271,#9272,#9273),
 .UNSPECIFIED.,.F.,.F.,(4,1,1,4),(0.491402540354248,0.745701270177124,0.851659074269989,
1.),.UNSPECIFIED.);
#121=B_SPLINE_CURVE_WITH_KNOTS('',3,(#9292,#9293,#9294,#9295,#9296,#9297,
#9298),.UNSPECIFIED.,.F.,.F.,(4,1,1,1,4),(0.911185154439638,0.933388865829728,
0.944490721524774,0.959293195784834,1.),.UNSPECIFIED.);
#122=B_SPLINE_CURVE_WITH_KNOTS('',3,(#9341,#9342,#9343,#9344,#9345,#9346,
#9347,#9348,#9349,#9350,#9351,#9352,#9353,#9354,#9355,#9356,#9357,#9358),
 .UNSPECIFIED.,.F.,.F.,(4,1,1,1,1,1,1,1,1,1,1,1,1,1,1,4),(0.0699074392233636,
0.115419068789021,0.131968752267441,0.148518435745862,0.169205540093888,
0.194030065311519,0.227129432268361,0.260228799225202,0.293328166182044,
0.318152691399675,0.342977216617306,0.367801741834937,0.392626267052568,
0.417450792270199,0.438137896618225,0.467099842705461),.UNSPECIFIED.);
#123=B_SPLINE_CURVE_WITH_KNOTS('',3,(#9375,#9376,#9377,#9378,#9379),
 .UNSPECIFIED.,.F.,.F.,(4,1,4),(0.535367000799988,0.547706974713043,0.560046948626099),
 .UNSPECIFIED.);
#124=B_SPLINE_CURVE_WITH_KNOTS('',3,(#9413,#9414,#9415,#9416,#9417,#9418,
#9419,#9420,#9421,#9422,#9423,#9424,#9425,#9426,#9427,#9428),
 .UNSPECIFIED.,.F.,.F.,(4,1,1,1,1,1,1,1,1,1,1,1,1,4),(0.560046948626099,
0.603939224352791,0.625885362216138,0.655146879367266,0.691723775806176,
0.735616051532869,0.772192947971779,0.801454465122907,0.823400602986253,
0.8453467408496,0.863635189069055,0.878265947644619,0.889239016576292,0.911185154439638),
 .UNSPECIFIED.);
#125=B_SPLINE_CURVE_WITH_KNOTS('',3,(#9449,#9450,#9451,#9452,#9453,#9454,
#9455,#9456,#9457,#9458),.UNSPECIFIED.,.F.,.F.,(4,1,1,1,1,1,1,4),(0.,0.122850635088562,
0.184275952632843,0.245701270177124,0.296889034797358,0.337839246493546,
0.378789458189733,0.491402540354248),.UNSPECIFIED.);
#126=B_SPLINE_CURVE_WITH_KNOTS('',3,(#9459,#9460,#9461,#9462,#9463,#9464,
#9465,#9466,#9467,#9468),.UNSPECIFIED.,.F.,.F.,(4,1,1,1,1,1,1,4),(0.,0.122850635088562,
0.184275952632843,0.245701270177124,0.296889034797358,0.337839246493546,
0.378789458189733,0.491402540354248),.UNSPECIFIED.);
#127=B_SPLINE_CURVE_WITH_KNOTS('',3,(#9524,#9525,#9526,#9527,#9528,#9529,
#9530,#9531,#9532,#9533,#9534,#9535,#9536,#9537,#9538,#9539,#9540,#9541,
#9542,#9543,#9544,#9545,#9546,#9547,#9548),.UNSPECIFIED.,.F.,.F.,(4,1,1,
1,1,1,1,1,1,1,1,1,1,1,1,1,1,1,1,1,1,1,4),(0.558699968489402,0.586281220458814,
0.60007184644352,0.613862472428226,0.627653098412932,0.639145286733521,
0.648339037389992,0.655234350382345,0.662129663374698,0.671323414031169,
0.682815602351757,0.696606228336463,0.71039685432117,0.728784355634111,
0.751768732275288,0.779349984244701,0.806931236214113,0.834512488183525,
0.862093740152938,0.88967499212235,0.917256244091763,0.944837496061175,
1.),.UNSPECIFIED.);
#128=B_SPLINE_CURVE_WITH_KNOTS('',3,(#9611,#9612,#9613,#9614,#9615,#9616,
#9617,#9618,#9619,#9620,#9621,#9622,#9623,#9624,#9625,#9626,#9627,#9628,
#9629,#9630,#9631,#9632,#9633,#9634,#9635,#9636,#9637,#9638),
 .UNSPECIFIED.,.F.,.F.,(4,1,1,1,1,1,1,1,1,1,1,1,1,1,1,1,1,1,1,1,1,1,1,1,
1,4),(0.0642491879387054,0.0913098073623446,0.104840117074164,0.118370426785984,
0.131900736497803,0.143175994590986,0.152196201065533,0.161216407540079,
0.172491665633262,0.186021975345082,0.199552285056901,0.213082594768721,
0.226612904480541,0.24014321419236,0.258183627141453,0.280734143327819,
0.307794762751458,0.330345278937824,0.348385691886917,0.361916001598737,
0.375446311310556,0.393486724259649,0.416037240446015,0.443097859869654,
0.46564837605602,0.497219098716933),.UNSPECIFIED.);
#129=B_SPLINE_CURVE_WITH_KNOTS('',3,(#9696,#9697,#9698,#9699,#9700,#9701,
#9702,#9703,#9704,#9705,#9706,#9707,#9708,#9709,#9710,#9711,#9712,#9713,
#9714,#9715,#9716,#9717,#9718,#9719,#9720),.UNSPECIFIED.,.F.,.F.,(4,1,1,
1,1,1,1,1,1,1,1,1,1,1,1,1,1,1,1,1,1,1,4),(0.558689785213868,0.586271673638002,
0.600062617850068,0.613853562062135,0.627644506274201,0.639136959784257,
0.648330922592301,0.655226394698335,0.662121866804368,0.671315829612412,
0.682808283122468,0.696599227334535,0.710390171546601,0.72877809716269,
0.751763004182801,0.779344892606934,0.806926781031068,0.834508669455201,
0.862090557879334,0.889672446303467,0.9172543347276,0.944836223151734,1.),
 .UNSPECIFIED.);
#130=B_SPLINE_CURVE_WITH_KNOTS('',3,(#9783,#9784,#9785,#9786,#9787,#9788,
#9789,#9790,#9791,#9792,#9793,#9794,#9795,#9796,#9797,#9798,#9799,#9800,
#9801,#9802,#9803,#9804,#9805,#9806,#9807,#9808,#9809,#9810),
 .UNSPECIFIED.,.F.,.F.,(4,1,1,1,1,1,1,1,1,1,1,1,1,1,1,1,1,1,1,1,1,1,1,1,
1,4),(0.0643813351795439,0.0914343525004943,0.104960861160969,0.118487369821445,
0.13201387848192,0.143285969032316,0.152303641472632,0.161321313912949,
0.172593404463345,0.18611991312382,0.199646421784296,0.213172930444771,
0.226699439105246,0.240225947765721,0.258261292646355,0.280805473747146,
0.307858491068097,0.330402672168889,0.348438017049522,0.361964525709997,
0.375491034370473,0.393526379251106,0.416070560351898,0.443123577672848,
0.46566775877364,0.497229612314749),.UNSPECIFIED.);
#131=B_SPLINE_CURVE_WITH_KNOTS('',3,(#9928,#9929,#9930,#9931,#9932,#9933,
#9934),.UNSPECIFIED.,.F.,.F.,(4,1,1,1,4),(0.149280571249414,0.205385504990087,
0.226424855142839,0.240451088578007,0.261490438730759),.UNSPECIFIED.);
#132=B_SPLINE_CURVE_WITH_KNOTS('',3,(#9936,#9937,#9938,#9939,#9940,#9941,
#9942,#9943,#9944),.UNSPECIFIED.,.F.,.F.,(4,1,1,1,1,1,4),(0.261490438730759,
0.275566207608618,0.282604092047547,0.291987937966119,0.303717745364335,
0.322485437201479,0.374096589753627),.UNSPECIFIED.);
#133=B_SPLINE_CURVE_WITH_KNOTS('',3,(#9978,#9979,#9980,#9981,#9982,#9983,
#9984,#9985,#9986,#9987,#9988),.UNSPECIFIED.,.F.,.F.,(4,1,1,1,1,1,1,1,4),
(0.252169736258335,0.26586660294321,0.271573630728575,0.276139252956867,
0.280704875185159,0.286411902970524,0.295543147427108,0.31152282522613,
0.361744669737341),.UNSPECIFIED.);
#134=B_SPLINE_CURVE_WITH_KNOTS('',3,(#9992,#9993,#9994,#9995,#9996),
 .UNSPECIFIED.,.F.,.F.,(4,1,4),(0.381278160089509,0.435879979395313,0.490481798701118),
 .UNSPECIFIED.);
#135=B_SPLINE_CURVE_WITH_KNOTS('',3,(#9998,#9999,#10000,#10001,#10002,#10003),
 .UNSPECIFIED.,.F.,.F.,(4,1,1,4),(0.490481798701118,0.522183911385716,0.544828277589,
0.599174756476882),.UNSPECIFIED.);
#136=B_SPLINE_CURVE_WITH_KNOTS('',3,(#10019,#10020,#10021,#10022,#10023,
#10024,#10025,#10026,#10027,#10028,#10029,#10030,#10031,#10032),
 .UNSPECIFIED.,.F.,.F.,(4,1,1,1,1,1,1,1,1,1,1,4),(0.305229424821841,0.371502187582599,
0.404638568962978,0.437774950343357,0.470911331723736,0.515093173564241,
0.570320475864872,0.625547778165504,0.669729620006009,0.713911461846514,
0.758093303687019,0.835411526907903),.UNSPECIFIED.);
#137=B_SPLINE_CURVE_WITH_KNOTS('',3,(#10035,#10036,#10037,#10038,#10039,
#10040,#10041,#10042,#10043,#10044,#10045,#10046,#10047,#10048,#10049,#10050,
#10051,#10052,#10053,#10054,#10055,#10056,#10057,#10058,#10059,#10060,#10061,
#10062,#10063,#10064,#10065,#10066,#10067,#10068),.UNSPECIFIED.,.T.,.F.,
(4,3,3,2,3,3,3,2,3,3,2,3,4),(0.,0.105675844339202,0.17910855290584,0.250481141570535,
0.303519487275491,0.354059222498505,0.413175898501826,0.500923136035644,
0.605159787334206,0.678665791990376,0.750036793108699,0.844116749128305,
1.),.UNSPECIFIED.);
#138=B_SPLINE_CURVE_WITH_KNOTS('',3,(#10071,#10072,#10073,#10074,#10075,
#10076,#10077,#10078),.UNSPECIFIED.,.F.,.F.,(4,1,1,1,1,4),(0.718379035745218,
0.788784276808913,0.823986897340761,0.870923724716558,0.917860552092355,
1.),.UNSPECIFIED.);
#139=B_SPLINE_CURVE_WITH_KNOTS('',3,(#10082,#10083,#10084,#10085,#10086,
#10087,#10088,#10089),.UNSPECIFIED.,.F.,.F.,(4,1,1,1,1,4),(0.0263135595252346,
0.0903450808541379,0.126934521613511,0.163523962372885,0.190966042942415,
0.245850204081474),.UNSPECIFIED.);
#140=B_SPLINE_CURVE_WITH_KNOTS('',3,(#10093,#10094,#10095,#10096,#10097,
#10098,#10099,#10100),.UNSPECIFIED.,.F.,.F.,(4,1,1,1,1,4),(0.268997389376915,
0.314443214579964,0.337166127181488,0.36746334398352,0.397760560785553,
0.450780690189109),.UNSPECIFIED.);
#141=B_SPLINE_CURVE_WITH_KNOTS('',3,(#10103,#10104,#10105,#10106,#10107,
#10108,#10109,#10110),.UNSPECIFIED.,.F.,.F.,(4,1,1,1,1,4),(0.477264881346341,
0.547589843046013,0.587775535445826,0.627961227845639,0.658100497145499,
0.718379035745218),.UNSPECIFIED.);
#142=B_SPLINE_CURVE_WITH_KNOTS('',3,(#10137,#10138,#10139,#10140,#10141,
#10142),.UNSPECIFIED.,.F.,.F.,(4,1,1,4),(0.27609737515956,0.317891576127264,
0.333089467388247,0.367284722725459),.UNSPECIFIED.);
#143=B_SPLINE_CURVE_WITH_KNOTS('',3,(#10155,#10156,#10157,#10158,#10159,
#10160),.UNSPECIFIED.,.F.,.F.,(4,1,1,4),(0.866538711861441,0.896284780716906,
0.917531972756524,0.968525233651608),.UNSPECIFIED.);
#144=B_SPLINE_CURVE_WITH_KNOTS('',3,(#10192,#10193,#10194,#10195,#10196,
#10197),.UNSPECIFIED.,.F.,.F.,(4,1,1,4),(0.27609737515956,0.317891576127264,
0.333089467388247,0.367284722725459),.UNSPECIFIED.);
#145=B_SPLINE_CURVE_WITH_KNOTS('',3,(#10235,#10236,#10237,#10238,#10239,
#10240),.UNSPECIFIED.,.F.,.F.,(4,1,1,4),(0.866538711861441,0.896284780716906,
0.917531972756524,0.968525233651608),.UNSPECIFIED.);
#146=B_SPLINE_CURVE_WITH_KNOTS('',3,(#10294,#10295,#10296,#10297,#10298,
#10299,#10300,#10301),.UNSPECIFIED.,.F.,.F.,(4,1,1,1,1,4),(0.718379035745218,
0.788784276808913,0.823986897340761,0.870923724716558,0.917860552092355,
1.),.UNSPECIFIED.);
#147=B_SPLINE_CURVE_WITH_KNOTS('',3,(#10324,#10325,#10326,#10327,#10328,
#10329,#10330,#10331),.UNSPECIFIED.,.F.,.F.,(4,1,1,1,1,4),(0.0263135595252346,
0.0903450808541379,0.126934521613511,0.163523962372885,0.190966042942415,
0.245850204081474),.UNSPECIFIED.);
#148=B_SPLINE_CURVE_WITH_KNOTS('',3,(#10354,#10355,#10356,#10357,#10358,
#10359,#10360,#10361),.UNSPECIFIED.,.F.,.F.,(4,1,1,1,1,4),(0.268997389376915,
0.314443214579964,0.337166127181488,0.36746334398352,0.397760560785553,
0.450780690189109),.UNSPECIFIED.);
#149=B_SPLINE_CURVE_WITH_KNOTS('',3,(#10383,#10384,#10385,#10386,#10387,
#10388,#10389,#10390),.UNSPECIFIED.,.F.,.F.,(4,1,1,1,1,4),(0.477264881346341,
0.547589843046013,0.587775535445826,0.627961227845639,0.658100497145499,
0.718379035745218),.UNSPECIFIED.);
#150=B_SPLINE_CURVE_WITH_KNOTS('',3,(#10435,#10436,#10437,#10438,#10439,
#10440,#10441,#10442,#10443,#10444,#10445,#10446,#10447,#10448,#10449,#10450,
#10451,#10452,#10453,#10454,#10455),.UNSPECIFIED.,.T.,.F.,(4,3,2,2,2,3,
2,3,4),(0.,0.165859330308162,0.289561188302995,0.414735687464428,0.539910186625862,
0.665591465136128,0.748567817867782,0.828682917056965,1.),.UNSPECIFIED.);
#151=B_SPLINE_CURVE_WITH_KNOTS('',3,(#10458,#10459,#10460,#10461,#10462,
#10463,#10464,#10465,#10466,#10467,#10468,#10469,#10470,#10471,#10472,#10473,
#10474,#10475,#10476,#10477,#10478),.UNSPECIFIED.,.T.,.F.,(4,3,2,2,2,3,
2,3,4),(0.,0.165859330308162,0.289561188302995,0.414735687464428,0.539910186625862,
0.665591465136128,0.748567817867782,0.828682917056965,1.),.UNSPECIFIED.);
#152=B_SPLINE_CURVE_WITH_KNOTS('',3,(#10549,#10550,#10551,#10552,#10553,
#10554,#10555,#10556,#10557,#10558,#10559,#10560,#10561,#10562,#10563,#10564,
#10565,#10566,#10567,#10568,#10569,#10570,#10571,#10572,#10573,#10574,#10575,
#10576,#10577,#10578,#10579,#10580,#10581,#10582),.UNSPECIFIED.,.T.,.F.,
(4,3,3,2,3,3,3,2,3,3,2,3,4),(0.,0.105675844339202,0.17910855290584,0.250481141570535,
0.303519487275491,0.354059222498505,0.413175898501826,0.500923136035644,
0.605159787334206,0.678665791990376,0.750036793108699,0.844116749128305,
1.),.UNSPECIFIED.);
#153=B_SPLINE_CURVE_WITH_KNOTS('',3,(#10624,#10625,#10626,#10627,#10628,
#10629,#10630,#10631,#10632,#10633,#10634,#10635,#10636,#10637),
 .UNSPECIFIED.,.F.,.F.,(4,1,1,1,1,1,1,1,1,1,1,4),(0.305229424821841,0.371502187582599,
0.404638568962978,0.437774950343357,0.470911331723736,0.515093173564241,
0.570320475864872,0.625547778165504,0.669729620006009,0.713911461846514,
0.758093303687019,0.835411526907903),.UNSPECIFIED.);
#154=B_SPLINE_CURVE_WITH_KNOTS('',3,(#10669,#10670,#10671,#10672,#10673,
#10674,#10675,#10676,#10677,#10678,#10679,#10680,#10681,#10682),
 .UNSPECIFIED.,.F.,.F.,(4,1,1,1,1,1,1,1,1,1,1,4),(0.,0.0962471395147058,
0.144370709272059,0.208535468948529,0.288741418544117,0.384988558058823,
0.465194507654411,0.529359267330882,0.577482837088235,0.625606406845587,
0.67372997660294,0.769977116117646),.UNSPECIFIED.);
#155=B_SPLINE_CURVE_WITH_KNOTS('',3,(#10686,#10687,#10688,#10689,#10690,
#10691,#10692,#10693,#10694,#10695,#10696,#10697,#10698,#10699),
 .UNSPECIFIED.,.F.,.F.,(4,1,1,1,1,1,1,1,1,1,1,4),(0.,0.0962471395147058,
0.144370709272059,0.208535468948529,0.288741418544117,0.384988558058823,
0.465194507654411,0.529359267330882,0.577482837088235,0.625606406845587,
0.67372997660294,0.769977116117646),.UNSPECIFIED.);
#156=B_SPLINE_CURVE_WITH_KNOTS('',3,(#10749,#10750,#10751,#10752,#10753,
#10754,#10755,#10756,#10757,#10758,#10759),.UNSPECIFIED.,.F.,.F.,(4,1,1,
1,1,1,1,1,4),(0.252169736258335,0.26586660294321,0.271573630728575,0.276139252956867,
0.280704875185159,0.286411902970524,0.295543147427108,0.31152282522613,
0.361744669737341),.UNSPECIFIED.);
#157=B_SPLINE_CURVE_WITH_KNOTS('',3,(#10776,#10777,#10778,#10779,#10780),
 .UNSPECIFIED.,.F.,.F.,(4,1,4),(0.381278160089509,0.435879979395313,0.490481798701118),
 .UNSPECIFIED.);
#158=B_SPLINE_CURVE_WITH_KNOTS('',3,(#10795,#10796,#10797,#10798,#10799,
#10800),.UNSPECIFIED.,.F.,.F.,(4,1,1,4),(0.490481798701118,0.522183911385716,
0.544828277589,0.599174756476882),.UNSPECIFIED.);
#159=B_SPLINE_CURVE_WITH_KNOTS('',3,(#10867,#10868,#10869,#10870,#10871,
#10872,#10873),.UNSPECIFIED.,.F.,.F.,(4,1,1,1,4),(0.149280571249414,0.205385504990087,
0.226424855142839,0.240451088578007,0.261490438730759),.UNSPECIFIED.);
#160=B_SPLINE_CURVE_WITH_KNOTS('',3,(#10894,#10895,#10896,#10897,#10898,
#10899,#10900,#10901,#10902),.UNSPECIFIED.,.F.,.F.,(4,1,1,1,1,1,4),(0.261490438730759,
0.275566207608618,0.282604092047547,0.291987937966119,0.303717745364335,
0.322485437201479,0.374096589753627),.UNSPECIFIED.);
#161=B_SPLINE_CURVE_WITH_KNOTS('',3,(#11052,#11053,#11054,#11055,#11056,
#11057,#11058,#11059,#11060,#11061),.UNSPECIFIED.,.F.,.F.,(4,2,2,2,4),(-0.121440394644938,
-0.102928885798417,-0.0844044237845132,-0.0658779067936818,-0.0472726391916018),
 .UNSPECIFIED.);
#162=B_SPLINE_CURVE_WITH_KNOTS('',3,(#11069,#11070,#11071,#11072,#11073,
#11074,#11075,#11076,#11077,#11078,#11079,#11080,#11081,#11082,#11083,#11084,
#11085,#11086,#11087,#11088,#11089,#11090,#11091,#11092,#11093,#11094,#11095,
#11096,#11097,#11098,#11099,#11100,#11101,#11102,#11103,#11104,#11105,#11106,
#11107,#11108,#11109,#11110,#11111,#11112,#11113,#11114,#11115,#11116,#11117,
#11118,#11119,#11120,#11121,#11122,#11123,#11124,#11125,#11126,#11127,#11128,
#11129,#11130,#11131,#11132,#11133,#11134,#11135),.UNSPECIFIED.,.F.,.F.,
(4,3,3,3,3,3,3,3,3,3,3,3,3,3,3,3,3,3,3,3,3,3,4),(0.,0.0625000000000082,
0.125000000000016,0.187500000000025,0.218750000000027,0.25000000000003,
0.312500000000032,0.375000000000033,0.406250000000032,0.421875000000031,
0.43750000000003,0.50000000000003,0.562500000000029,0.625000000000029,0.640625000000029,
0.656250000000028,0.687500000000028,0.750000000000026,0.812500000000024,
0.84375000000002,0.875000000000016,0.937500000000008,1.),.UNSPECIFIED.);
#163=B_SPLINE_CURVE_WITH_KNOTS('',3,(#11279,#11280,#11281,#11282,#11283,
#11284,#11285,#11286,#11287,#11288),.UNSPECIFIED.,.F.,.F.,(4,2,2,2,4),(0.121440394459362,
0.139938167282261,0.15844886265085,0.176989095665528,0.195608149727123),
 .UNSPECIFIED.);
#164=B_SPLINE_CURVE_WITH_KNOTS('',3,(#11292,#11293,#11294,#11295,#11296,
#11297,#11298,#11299,#11300,#11301,#11302,#11303,#11304,#11305,#11306,#11307,
#11308,#11309,#11310,#11311,#11312,#11313,#11314,#11315,#11316,#11317,#11318,
#11319,#11320,#11321,#11322,#11323,#11324,#11325,#11326,#11327,#11328,#11329,
#11330,#11331,#11332,#11333,#11334,#11335,#11336,#11337,#11338,#11339,#11340,
#11341,#11342,#11343,#11344,#11345,#11346,#11347,#11348,#11349,#11350,#11351,
#11352,#11353,#11354,#11355,#11356,#11357,#11358),.UNSPECIFIED.,.F.,.F.,
(4,3,3,3,3,3,3,3,3,3,3,3,3,3,3,3,3,3,3,3,3,3,4),(0.,0.0625000000000096,
0.125000000000019,0.187500000000029,0.218750000000032,0.250000000000035,
0.312500000000038,0.375000000000041,0.40625000000004,0.42187500000004,0.43750000000004,
0.500000000000038,0.562500000000036,0.625000000000035,0.640625000000034,
0.656250000000034,0.687500000000032,0.75000000000003,0.812500000000027,
0.843750000000023,0.875000000000018,0.937500000000009,1.),.UNSPECIFIED.);
#165=B_SPLINE_CURVE_WITH_KNOTS('',3,(#11388,#11389,#11390,#11391,#11392,
#11393,#11394,#11395,#11396,#11397),.UNSPECIFIED.,.F.,.F.,(4,2,2,2,4),(-0.121440394459363,
-0.102942621636462,-0.0844319262678727,-0.0658916932531943,-0.0472726391915984),
 .UNSPECIFIED.);
#166=B_SPLINE_CURVE_WITH_KNOTS('',3,(#11405,#11406,#11407,#11408,#11409,
#11410,#11411,#11412,#11413,#11414,#11415,#11416,#11417,#11418,#11419,#11420,
#11421,#11422,#11423,#11424,#11425,#11426,#11427,#11428,#11429,#11430,#11431,
#11432,#11433,#11434,#11435,#11436,#11437,#11438,#11439,#11440,#11441,#11442,
#11443,#11444,#11445,#11446,#11447,#11448,#11449,#11450,#11451,#11452,#11453,
#11454,#11455,#11456,#11457,#11458,#11459,#11460,#11461,#11462,#11463,#11464,
#11465,#11466,#11467,#11468,#11469,#11470,#11471),.UNSPECIFIED.,.F.,.F.,
(4,3,3,3,3,3,3,3,3,3,3,3,3,3,3,3,3,3,3,3,3,3,4),(0.,0.0625000000000059,
0.125000000000012,0.187500000000018,0.21875000000002,0.250000000000023,
0.312500000000025,0.375000000000028,0.406250000000027,0.421875000000026,
0.437500000000025,0.500000000000026,0.562500000000026,0.625000000000026,
0.640625000000026,0.656250000000025,0.687500000000025,0.750000000000024,
0.812500000000023,0.843750000000019,0.875000000000015,0.937500000000008,
1.),.UNSPECIFIED.);
#167=B_SPLINE_CURVE_WITH_KNOTS('',3,(#11501,#11502,#11503,#11504,#11505,
#11506,#11507,#11508,#11509,#11510),.UNSPECIFIED.,.F.,.F.,(4,2,2,2,4),(-0.121440394459356,
-0.102942621636457,-0.0844319262678681,-0.0658916932531907,-0.047272639191596),
 .UNSPECIFIED.);
#168=B_SPLINE_CURVE_WITH_KNOTS('',3,(#11517,#11518,#11519,#11520,#11521,
#11522,#11523,#11524,#11525,#11526,#11527,#11528,#11529,#11530,#11531,#11532,
#11533,#11534,#11535,#11536,#11537,#11538,#11539,#11540,#11541,#11542,#11543,
#11544,#11545,#11546,#11547,#11548,#11549,#11550,#11551,#11552,#11553,#11554,
#11555,#11556,#11557,#11558,#11559,#11560,#11561,#11562,#11563,#11564,#11565,
#11566,#11567,#11568,#11569,#11570,#11571,#11572,#11573,#11574,#11575,#11576,
#11577,#11578,#11579,#11580,#11581,#11582,#11583),.UNSPECIFIED.,.F.,.F.,
(4,3,3,3,3,3,3,3,3,3,3,3,3,3,3,3,3,3,3,3,3,3,4),(0.,0.0625000000000079,
0.125000000000016,0.187500000000024,0.218750000000026,0.250000000000029,
0.312500000000031,0.375000000000034,0.406250000000033,0.421875000000032,
0.437500000000032,0.500000000000031,0.562500000000031,0.62500000000003,
0.64062500000003,0.656250000000029,0.687500000000029,0.750000000000027,
0.812500000000025,0.843750000000021,0.875000000000017,0.937500000000008,
1.),.UNSPECIFIED.);
#169=B_SPLINE_CURVE_WITH_KNOTS('',3,(#11607,#11608,#11609,#11610,#11611,
#11612,#11613,#11614,#11615,#11616,#11617,#11618,#11619,#11620,#11621,#11622,
#11623,#11624,#11625,#11626,#11627,#11628,#11629,#11630,#11631,#11632,#11633,
#11634,#11635,#11636,#11637,#11638,#11639,#11640,#11641,#11642,#11643,#11644,
#11645,#11646,#11647,#11648,#11649,#11650,#11651,#11652,#11653,#11654,#11655,
#11656,#11657,#11658,#11659,#11660,#11661,#11662,#11663,#11664,#11665,#11666,
#11667,#11668,#11669,#11670,#11671,#11672,#11673),.UNSPECIFIED.,.F.,.F.,
(4,3,3,3,3,3,3,3,3,3,3,3,3,3,3,3,3,3,3,3,3,3,4),(0.,0.062500000000005,0.12500000000001,
0.187500000000015,0.218750000000017,0.250000000000019,0.312500000000021,
0.375000000000023,0.406250000000022,0.421875000000021,0.437500000000021,
0.50000000000002,0.56250000000002,0.625000000000019,0.640625000000019,0.656250000000019,
0.687500000000019,0.750000000000019,0.812500000000019,0.843750000000016,
0.875000000000013,0.937500000000007,1.),.UNSPECIFIED.);
#170=B_SPLINE_CURVE_WITH_KNOTS('',3,(#11680,#11681,#11682,#11683,#11684,
#11685,#11686,#11687,#11688,#11689),.UNSPECIFIED.,.F.,.F.,(4,2,2,2,4),(0.121440394459359,
0.13993816728226,0.15844886265085,0.176989095665528,0.195608149727125),
 .UNSPECIFIED.);
#171=B_SPLINE_CURVE_WITH_KNOTS('',3,(#11719,#11720,#11721,#11722,#11723,
#11724,#11725,#11726,#11727,#11728),.UNSPECIFIED.,.F.,.F.,(4,2,2,2,4),(-0.121440394459361,
-0.102942621636461,-0.0844319262678715,-0.0658916932531936,-0.0472726391915982),
 .UNSPECIFIED.);
#172=B_SPLINE_CURVE_WITH_KNOTS('',3,(#11735,#11736,#11737,#11738,#11739,
#11740,#11741,#11742,#11743,#11744,#11745,#11746,#11747,#11748,#11749,#11750,
#11751,#11752,#11753,#11754,#11755,#11756,#11757,#11758,#11759,#11760,#11761,
#11762,#11763,#11764,#11765,#11766,#11767,#11768,#11769,#11770,#11771,#11772,
#11773,#11774,#11775,#11776,#11777,#11778,#11779,#11780,#11781,#11782,#11783,
#11784,#11785,#11786,#11787,#11788,#11789,#11790,#11791,#11792,#11793,#11794,
#11795,#11796,#11797,#11798,#11799,#11800,#11801),.UNSPECIFIED.,.F.,.F.,
(4,3,3,3,3,3,3,3,3,3,3,3,3,3,3,3,3,3,3,3,3,3,4),(0.,0.0625000000000081,
0.125000000000016,0.187500000000024,0.218750000000027,0.250000000000029,
0.312500000000032,0.375000000000035,0.406250000000034,0.421875000000034,
0.437500000000034,0.500000000000032,0.562500000000031,0.625000000000029,
0.640625000000029,0.656250000000029,0.687500000000028,0.750000000000026,
0.812500000000024,0.84375000000002,0.875000000000016,0.937500000000008,
1.),.UNSPECIFIED.);
#173=B_SPLINE_CURVE_WITH_KNOTS('',3,(#11825,#11826,#11827,#11828,#11829,
#11830,#11831,#11832,#11833,#11834,#11835,#11836,#11837,#11838,#11839,#11840,
#11841,#11842,#11843,#11844,#11845,#11846,#11847,#11848,#11849,#11850,#11851,
#11852,#11853,#11854,#11855,#11856,#11857,#11858,#11859,#11860,#11861,#11862,
#11863,#11864,#11865,#11866,#11867,#11868,#11869,#11870,#11871,#11872,#11873,
#11874,#11875,#11876,#11877,#11878,#11879,#11880,#11881,#11882,#11883,#11884,
#11885,#11886,#11887,#11888,#11889,#11890,#11891),.UNSPECIFIED.,.F.,.F.,
(4,3,3,3,3,3,3,3,3,3,3,3,3,3,3,3,3,3,3,3,3,3,4),(0.,0.062500000000006,0.125000000000012,
0.187500000000018,0.218750000000021,0.250000000000023,0.312500000000025,
0.375000000000026,0.406250000000025,0.421875000000024,0.437500000000023,
0.500000000000022,0.562500000000021,0.62500000000002,0.64062500000002,0.656250000000021,
0.687500000000021,0.75000000000002,0.81250000000002,0.843750000000017,0.875000000000013,
0.937500000000007,1.),.UNSPECIFIED.);
#174=B_SPLINE_CURVE_WITH_KNOTS('',3,(#11898,#11899,#11900,#11901,#11902,
#11903,#11904,#11905,#11906,#11907),.UNSPECIFIED.,.F.,.F.,(4,2,2,2,4),(0.121440394459362,
0.139938167282262,0.158448862650851,0.176989095665529,0.195608149727124),
 .UNSPECIFIED.);
#175=B_SPLINE_CURVE_WITH_KNOTS('',3,(#11939,#11940,#11941,#11942,#11943,
#11944,#11945,#11946,#11947,#11948,#11949,#11950,#11951,#11952,#11953,#11954,
#11955,#11956,#11957,#11958,#11959,#11960,#11961,#11962,#11963,#11964,#11965,
#11966,#11967,#11968,#11969,#11970,#11971,#11972,#11973,#11974,#11975,#11976,
#11977,#11978,#11979,#11980,#11981,#11982,#11983,#11984,#11985,#11986,#11987,
#11988,#11989,#11990,#11991,#11992,#11993,#11994,#11995,#11996,#11997,#11998,
#11999,#12000,#12001,#12002,#12003,#12004,#12005),.UNSPECIFIED.,.F.,.F.,
(4,3,3,3,3,3,3,3,3,3,3,3,3,3,3,3,3,3,3,3,3,3,4),(0.,0.0625000000000101,
0.12500000000002,0.18750000000003,0.218750000000034,0.250000000000037,0.312500000000041,
0.375000000000044,0.406250000000044,0.421875000000044,0.437500000000043,
0.50000000000004,0.562500000000037,0.625000000000033,0.640625000000033,
0.656250000000032,0.687500000000031,0.750000000000028,0.812500000000026,
0.843750000000022,0.875000000000017,0.937500000000009,1.),.UNSPECIFIED.);
#176=B_SPLINE_CURVE_WITH_KNOTS('',3,(#12009,#12010,#12011,#12012,#12013,
#12014,#12015,#12016,#12017,#12018),.UNSPECIFIED.,.F.,.F.,(4,2,2,2,4),(0.12144039464493,
0.139951903491451,0.158476365505356,0.177002882496188,0.195608150098268),
 .UNSPECIFIED.);
#177=FACE_BOUND('',#785,.T.);
#178=FACE_BOUND('',#797,.T.);
#179=FACE_BOUND('',#798,.T.);
#180=FACE_BOUND('',#799,.T.);
#181=FACE_BOUND('',#800,.T.);
#182=FACE_BOUND('',#801,.T.);
#183=FACE_BOUND('',#802,.T.);
#184=FACE_BOUND('',#812,.T.);
#185=FACE_BOUND('',#829,.T.);
#186=FACE_BOUND('',#834,.T.);
#187=FACE_BOUND('',#836,.T.);
#188=FACE_BOUND('',#847,.T.);
#189=FACE_BOUND('',#869,.T.);
#190=FACE_BOUND('',#903,.T.);
#191=FACE_BOUND('',#904,.T.);
#192=FACE_BOUND('',#905,.T.);
#193=FACE_BOUND('',#906,.T.);
#194=FACE_BOUND('',#907,.T.);
#195=FACE_BOUND('',#908,.T.);
#196=FACE_BOUND('',#909,.T.);
#197=FACE_BOUND('',#910,.T.);
#198=FACE_BOUND('',#911,.T.);
#199=FACE_BOUND('',#912,.T.);
#200=FACE_BOUND('',#946,.T.);
#201=FACE_BOUND('',#955,.T.);
#202=PLANE('',#6025);
#203=PLANE('',#6027);
#204=PLANE('',#6056);
#205=PLANE('',#6057);
#206=PLANE('',#6058);
#207=PLANE('',#6087);
#208=PLANE('',#6088);
#209=PLANE('',#6089);
#210=PLANE('',#6108);
#211=PLANE('',#6112);
#212=PLANE('',#6125);
#213=PLANE('',#6126);
#214=PLANE('',#6131);
#215=PLANE('',#6132);
#216=PLANE('',#6135);
#217=PLANE('',#6136);
#218=PLANE('',#6137);
#219=PLANE('',#6138);
#220=PLANE('',#6139);
#221=PLANE('',#6140);
#222=PLANE('',#6141);
#223=PLANE('',#6142);
#224=PLANE('',#6143);
#225=PLANE('',#6144);
#226=PLANE('',#6145);
#227=PLANE('',#6146);
#228=PLANE('',#6147);
#229=PLANE('',#6148);
#230=PLANE('',#6149);
#231=PLANE('',#6150);
#232=PLANE('',#6151);
#233=PLANE('',#6152);
#234=PLANE('',#6153);
#235=PLANE('',#6154);
#236=PLANE('',#6155);
#237=PLANE('',#6156);
#238=PLANE('',#6157);
#239=PLANE('',#6158);
#240=PLANE('',#6159);
#241=PLANE('',#6160);
#242=PLANE('',#6161);
#243=PLANE('',#6162);
#244=PLANE('',#6163);
#245=PLANE('',#6164);
#246=PLANE('',#6165);
#247=PLANE('',#6166);
#248=PLANE('',#6167);
#249=PLANE('',#6168);
#250=PLANE('',#6169);
#251=PLANE('',#6170);
#252=PLANE('',#6171);
#253=PLANE('',#6172);
#254=PLANE('',#6173);
#255=PLANE('',#6174);
#256=PLANE('',#6175);
#257=PLANE('',#6176);
#258=PLANE('',#6177);
#259=PLANE('',#6178);
#260=PLANE('',#6179);
#261=PLANE('',#6180);
#262=PLANE('',#6181);
#263=PLANE('',#6182);
#264=PLANE('',#6183);
#265=PLANE('',#6184);
#266=PLANE('',#6185);
#267=PLANE('',#6186);
#268=PLANE('',#6187);
#269=PLANE('',#6188);
#270=PLANE('',#6189);
#271=PLANE('',#6190);
#272=PLANE('',#6192);
#273=PLANE('',#6193);
#274=PLANE('',#6196);
#275=PLANE('',#6197);
#276=PLANE('',#6202);
#277=PLANE('',#6205);
#278=PLANE('',#6208);
#279=PLANE('',#6213);
#280=PLANE('',#6216);
#281=PLANE('',#6219);
#282=PLANE('',#6220);
#283=PLANE('',#6221);
#284=PLANE('',#6222);
#285=PLANE('',#6223);
#286=PLANE('',#6224);
#287=PLANE('',#6225);
#288=PLANE('',#6226);
#289=PLANE('',#6227);
#290=PLANE('',#6228);
#291=PLANE('',#6229);
#292=PLANE('',#6230);
#293=PLANE('',#6231);
#294=PLANE('',#6232);
#295=PLANE('',#6233);
#296=PLANE('',#6234);
#297=PLANE('',#6235);
#298=PLANE('',#6236);
#299=PLANE('',#6237);
#300=PLANE('',#6238);
#301=PLANE('',#6239);
#302=PLANE('',#6240);
#303=PLANE('',#6241);
#304=PLANE('',#6242);
#305=PLANE('',#6243);
#306=PLANE('',#6244);
#307=PLANE('',#6245);
#308=PLANE('',#6246);
#309=PLANE('',#6247);
#310=PLANE('',#6248);
#311=PLANE('',#6249);
#312=PLANE('',#6250);
#313=PLANE('',#6251);
#314=PLANE('',#6252);
#315=PLANE('',#6253);
#316=PLANE('',#6254);
#317=PLANE('',#6255);
#318=PLANE('',#6256);
#319=PLANE('',#6257);
#320=PLANE('',#6258);
#321=PLANE('',#6259);
#322=PLANE('',#6260);
#323=PLANE('',#6261);
#324=PLANE('',#6262);
#325=PLANE('',#6263);
#326=PLANE('',#6264);
#327=PLANE('',#6265);
#328=PLANE('',#6266);
#329=PLANE('',#6267);
#330=PLANE('',#6268);
#331=PLANE('',#6269);
#332=PLANE('',#6270);
#333=PLANE('',#6271);
#334=PLANE('',#6272);
#335=PLANE('',#6273);
#336=PLANE('',#6274);
#337=PLANE('',#6275);
#338=PLANE('',#6276);
#339=PLANE('',#6277);
#340=PLANE('',#6278);
#341=PLANE('',#6279);
#342=PLANE('',#6280);
#343=PLANE('',#6281);
#344=PLANE('',#6282);
#345=PLANE('',#6283);
#346=PLANE('',#6284);
#347=PLANE('',#6285);
#348=PLANE('',#6286);
#349=PLANE('',#6287);
#350=PLANE('',#6288);
#351=PLANE('',#6289);
#352=PLANE('',#6290);
#353=PLANE('',#6291);
#354=PLANE('',#6292);
#355=PLANE('',#6293);
#356=PLANE('',#6294);
#357=PLANE('',#6295);
#358=PLANE('',#6296);
#359=PLANE('',#6297);
#360=PLANE('',#6298);
#361=PLANE('',#6306);
#362=PLANE('',#6307);
#363=PLANE('',#6316);
#364=PLANE('',#6317);
#365=PLANE('',#6322);
#366=PLANE('',#6324);
#367=PLANE('',#6325);
#368=PLANE('',#6328);
#369=PLANE('',#6362);
#370=PLANE('',#6363);
#371=PLANE('',#6397);
#372=PLANE('',#6400);
#373=PLANE('',#6403);
#374=PLANE('',#6404);
#375=PLANE('',#6405);
#376=PLANE('',#6408);
#377=PLANE('',#6409);
#378=PLANE('',#6411);
#379=PLANE('',#6412);
#380=PLANE('',#6415);
#381=PLANE('',#6417);
#382=PLANE('',#6421);
#383=PLANE('',#6422);
#384=PLANE('',#6423);
#385=PLANE('',#6425);
#386=PLANE('',#6427);
#387=PLANE('',#6428);
#388=PLANE('',#6431);
#389=PLANE('',#6433);
#390=PLANE('',#6437);
#391=PLANE('',#6438);
#392=PLANE('',#6439);
#393=PLANE('',#6441);
#394=PLANE('',#6443);
#395=PLANE('',#6444);
#396=PLANE('',#6447);
#397=PLANE('',#6449);
#398=PLANE('',#6453);
#399=PLANE('',#6454);
#400=PLANE('',#6455);
#401=TOROIDAL_SURFACE('',#6013,0.4,0.1);
#402=TOROIDAL_SURFACE('',#6019,0.4,0.1);
#403=TOROIDAL_SURFACE('',#6028,0.2,0.0999999999999995);
#404=TOROIDAL_SURFACE('',#6033,0.2,0.100000000000001);
#405=TOROIDAL_SURFACE('',#6042,0.7,0.1);
#406=TOROIDAL_SURFACE('',#6048,0.7,0.1);
#407=TOROIDAL_SURFACE('',#6059,0.2,0.100000000000001);
#408=TOROIDAL_SURFACE('',#6066,0.2,0.100000000000001);
#409=TOROIDAL_SURFACE('',#6074,0.7,0.1);
#410=TOROIDAL_SURFACE('',#6080,0.7,0.1);
#411=TOROIDAL_SURFACE('',#6093,0.4,0.1);
#412=TOROIDAL_SURFACE('',#6099,0.4,0.1);
#413=TOROIDAL_SURFACE('',#6330,0.95,0.1);
#414=TOROIDAL_SURFACE('',#6337,0.95,0.1);
#415=TOROIDAL_SURFACE('',#6343,0.825,0.05);
#416=TOROIDAL_SURFACE('',#6352,0.8,0.05);
#417=TOROIDAL_SURFACE('',#6360,2.,0.85);
#418=TOROIDAL_SURFACE('',#6366,0.95,0.1);
#419=TOROIDAL_SURFACE('',#6373,0.95,0.1);
#420=TOROIDAL_SURFACE('',#6379,0.825,0.05);
#421=TOROIDAL_SURFACE('',#6388,0.8,0.05);
#422=TOROIDAL_SURFACE('',#6395,2.,0.85);
#423=FACE_OUTER_BOUND('',#743,.T.);
#424=FACE_OUTER_BOUND('',#744,.T.);
#425=FACE_OUTER_BOUND('',#745,.T.);
#426=FACE_OUTER_BOUND('',#746,.T.);
#427=FACE_OUTER_BOUND('',#747,.T.);
#428=FACE_OUTER_BOUND('',#748,.T.);
#429=FACE_OUTER_BOUND('',#749,.T.);
#430=FACE_OUTER_BOUND('',#750,.T.);
#431=FACE_OUTER_BOUND('',#751,.T.);
#432=FACE_OUTER_BOUND('',#752,.T.);
#433=FACE_OUTER_BOUND('',#753,.T.);
#434=FACE_OUTER_BOUND('',#754,.T.);
#435=FACE_OUTER_BOUND('',#755,.T.);
#436=FACE_OUTER_BOUND('',#756,.T.);
#437=FACE_OUTER_BOUND('',#757,.T.);
#438=FACE_OUTER_BOUND('',#758,.T.);
#439=FACE_OUTER_BOUND('',#759,.T.);
#440=FACE_OUTER_BOUND('',#760,.T.);
#441=FACE_OUTER_BOUND('',#761,.T.);
#442=FACE_OUTER_BOUND('',#762,.T.);
#443=FACE_OUTER_BOUND('',#763,.T.);
#444=FACE_OUTER_BOUND('',#764,.T.);
#445=FACE_OUTER_BOUND('',#765,.T.);
#446=FACE_OUTER_BOUND('',#766,.T.);
#447=FACE_OUTER_BOUND('',#767,.T.);
#448=FACE_OUTER_BOUND('',#768,.T.);
#449=FACE_OUTER_BOUND('',#769,.T.);
#450=FACE_OUTER_BOUND('',#770,.T.);
#451=FACE_OUTER_BOUND('',#771,.T.);
#452=FACE_OUTER_BOUND('',#772,.T.);
#453=FACE_OUTER_BOUND('',#773,.T.);
#454=FACE_OUTER_BOUND('',#774,.T.);
#455=FACE_OUTER_BOUND('',#775,.T.);
#456=FACE_OUTER_BOUND('',#776,.T.);
#457=FACE_OUTER_BOUND('',#777,.T.);
#458=FACE_OUTER_BOUND('',#778,.T.);
#459=FACE_OUTER_BOUND('',#779,.T.);
#460=FACE_OUTER_BOUND('',#780,.T.);
#461=FACE_OUTER_BOUND('',#781,.T.);
#462=FACE_OUTER_BOUND('',#782,.T.);
#463=FACE_OUTER_BOUND('',#783,.T.);
#464=FACE_OUTER_BOUND('',#784,.T.);
#465=FACE_OUTER_BOUND('',#786,.T.);
#466=FACE_OUTER_BOUND('',#787,.T.);
#467=FACE_OUTER_BOUND('',#788,.T.);
#468=FACE_OUTER_BOUND('',#789,.T.);
#469=FACE_OUTER_BOUND('',#790,.T.);
#470=FACE_OUTER_BOUND('',#791,.T.);
#471=FACE_OUTER_BOUND('',#792,.T.);
#472=FACE_OUTER_BOUND('',#793,.T.);
#473=FACE_OUTER_BOUND('',#794,.T.);
#474=FACE_OUTER_BOUND('',#795,.T.);
#475=FACE_OUTER_BOUND('',#796,.T.);
#476=FACE_OUTER_BOUND('',#803,.T.);
#477=FACE_OUTER_BOUND('',#804,.T.);
#478=FACE_OUTER_BOUND('',#805,.T.);
#479=FACE_OUTER_BOUND('',#806,.T.);
#480=FACE_OUTER_BOUND('',#807,.T.);
#481=FACE_OUTER_BOUND('',#808,.T.);
#482=FACE_OUTER_BOUND('',#809,.T.);
#483=FACE_OUTER_BOUND('',#810,.T.);
#484=FACE_OUTER_BOUND('',#811,.T.);
#485=FACE_OUTER_BOUND('',#813,.T.);
#486=FACE_OUTER_BOUND('',#814,.T.);
#487=FACE_OUTER_BOUND('',#815,.T.);
#488=FACE_OUTER_BOUND('',#816,.T.);
#489=FACE_OUTER_BOUND('',#817,.T.);
#490=FACE_OUTER_BOUND('',#818,.T.);
#491=FACE_OUTER_BOUND('',#819,.T.);
#492=FACE_OUTER_BOUND('',#820,.T.);
#493=FACE_OUTER_BOUND('',#821,.T.);
#494=FACE_OUTER_BOUND('',#822,.T.);
#495=FACE_OUTER_BOUND('',#823,.T.);
#496=FACE_OUTER_BOUND('',#824,.T.);
#497=FACE_OUTER_BOUND('',#825,.T.);
#498=FACE_OUTER_BOUND('',#826,.T.);
#499=FACE_OUTER_BOUND('',#827,.T.);
#500=FACE_OUTER_BOUND('',#828,.T.);
#501=FACE_OUTER_BOUND('',#830,.T.);
#502=FACE_OUTER_BOUND('',#831,.T.);
#503=FACE_OUTER_BOUND('',#832,.T.);
#504=FACE_OUTER_BOUND('',#833,.T.);
#505=FACE_OUTER_BOUND('',#835,.T.);
#506=FACE_OUTER_BOUND('',#837,.T.);
#507=FACE_OUTER_BOUND('',#838,.T.);
#508=FACE_OUTER_BOUND('',#839,.T.);
#509=FACE_OUTER_BOUND('',#840,.T.);
#510=FACE_OUTER_BOUND('',#841,.T.);
#511=FACE_OUTER_BOUND('',#842,.T.);
#512=FACE_OUTER_BOUND('',#843,.T.);
#513=FACE_OUTER_BOUND('',#844,.T.);
#514=FACE_OUTER_BOUND('',#845,.T.);
#515=FACE_OUTER_BOUND('',#846,.T.);
#516=FACE_OUTER_BOUND('',#848,.T.);
#517=FACE_OUTER_BOUND('',#849,.T.);
#518=FACE_OUTER_BOUND('',#850,.T.);
#519=FACE_OUTER_BOUND('',#851,.T.);
#520=FACE_OUTER_BOUND('',#852,.T.);
#521=FACE_OUTER_BOUND('',#853,.T.);
#522=FACE_OUTER_BOUND('',#854,.T.);
#523=FACE_OUTER_BOUND('',#855,.T.);
#524=FACE_OUTER_BOUND('',#856,.T.);
#525=FACE_OUTER_BOUND('',#857,.T.);
#526=FACE_OUTER_BOUND('',#858,.T.);
#527=FACE_OUTER_BOUND('',#859,.T.);
#528=FACE_OUTER_BOUND('',#860,.T.);
#529=FACE_OUTER_BOUND('',#861,.T.);
#530=FACE_OUTER_BOUND('',#862,.T.);
#531=FACE_OUTER_BOUND('',#863,.T.);
#532=FACE_OUTER_BOUND('',#864,.T.);
#533=FACE_OUTER_BOUND('',#865,.T.);
#534=FACE_OUTER_BOUND('',#866,.T.);
#535=FACE_OUTER_BOUND('',#867,.T.);
#536=FACE_OUTER_BOUND('',#868,.T.);
#537=FACE_OUTER_BOUND('',#870,.T.);
#538=FACE_OUTER_BOUND('',#871,.T.);
#539=FACE_OUTER_BOUND('',#872,.T.);
#540=FACE_OUTER_BOUND('',#873,.T.);
#541=FACE_OUTER_BOUND('',#874,.T.);
#542=FACE_OUTER_BOUND('',#875,.T.);
#543=FACE_OUTER_BOUND('',#876,.T.);
#544=FACE_OUTER_BOUND('',#877,.T.);
#545=FACE_OUTER_BOUND('',#878,.T.);
#546=FACE_OUTER_BOUND('',#879,.T.);
#547=FACE_OUTER_BOUND('',#880,.T.);
#548=FACE_OUTER_BOUND('',#881,.T.);
#549=FACE_OUTER_BOUND('',#882,.T.);
#550=FACE_OUTER_BOUND('',#883,.T.);
#551=FACE_OUTER_BOUND('',#884,.T.);
#552=FACE_OUTER_BOUND('',#885,.T.);
#553=FACE_OUTER_BOUND('',#886,.T.);
#554=FACE_OUTER_BOUND('',#887,.T.);
#555=FACE_OUTER_BOUND('',#888,.T.);
#556=FACE_OUTER_BOUND('',#889,.T.);
#557=FACE_OUTER_BOUND('',#890,.T.);
#558=FACE_OUTER_BOUND('',#891,.T.);
#559=FACE_OUTER_BOUND('',#892,.T.);
#560=FACE_OUTER_BOUND('',#893,.T.);
#561=FACE_OUTER_BOUND('',#894,.T.);
#562=FACE_OUTER_BOUND('',#895,.T.);
#563=FACE_OUTER_BOUND('',#896,.T.);
#564=FACE_OUTER_BOUND('',#897,.T.);
#565=FACE_OUTER_BOUND('',#898,.T.);
#566=FACE_OUTER_BOUND('',#899,.T.);
#567=FACE_OUTER_BOUND('',#900,.T.);
#568=FACE_OUTER_BOUND('',#901,.T.);
#569=FACE_OUTER_BOUND('',#902,.T.);
#570=FACE_OUTER_BOUND('',#913,.T.);
#571=FACE_OUTER_BOUND('',#914,.T.);
#572=FACE_OUTER_BOUND('',#915,.T.);
#573=FACE_OUTER_BOUND('',#916,.T.);
#574=FACE_OUTER_BOUND('',#917,.T.);
#575=FACE_OUTER_BOUND('',#918,.T.);
#576=FACE_OUTER_BOUND('',#919,.T.);
#577=FACE_OUTER_BOUND('',#920,.T.);
#578=FACE_OUTER_BOUND('',#921,.T.);
#579=FACE_OUTER_BOUND('',#922,.T.);
#580=FACE_OUTER_BOUND('',#923,.T.);
#581=FACE_OUTER_BOUND('',#924,.T.);
#582=FACE_OUTER_BOUND('',#925,.T.);
#583=FACE_OUTER_BOUND('',#926,.T.);
#584=FACE_OUTER_BOUND('',#927,.T.);
#585=FACE_OUTER_BOUND('',#928,.T.);
#586=FACE_OUTER_BOUND('',#929,.T.);
#587=FACE_OUTER_BOUND('',#930,.T.);
#588=FACE_OUTER_BOUND('',#931,.T.);
#589=FACE_OUTER_BOUND('',#932,.T.);
#590=FACE_OUTER_BOUND('',#933,.T.);
#591=FACE_OUTER_BOUND('',#934,.T.);
#592=FACE_OUTER_BOUND('',#935,.T.);
#593=FACE_OUTER_BOUND('',#936,.T.);
#594=FACE_OUTER_BOUND('',#937,.T.);
#595=FACE_OUTER_BOUND('',#938,.T.);
#596=FACE_OUTER_BOUND('',#939,.T.);
#597=FACE_OUTER_BOUND('',#940,.T.);
#598=FACE_OUTER_BOUND('',#941,.T.);
#599=FACE_OUTER_BOUND('',#942,.T.);
#600=FACE_OUTER_BOUND('',#943,.T.);
#601=FACE_OUTER_BOUND('',#944,.T.);
#602=FACE_OUTER_BOUND('',#945,.T.);
#603=FACE_OUTER_BOUND('',#947,.T.);
#604=FACE_OUTER_BOUND('',#948,.T.);
#605=FACE_OUTER_BOUND('',#949,.T.);
#606=FACE_OUTER_BOUND('',#950,.T.);
#607=FACE_OUTER_BOUND('',#951,.T.);
#608=FACE_OUTER_BOUND('',#952,.T.);
#609=FACE_OUTER_BOUND('',#953,.T.);
#610=FACE_OUTER_BOUND('',#954,.T.);
#611=FACE_OUTER_BOUND('',#956,.T.);
#612=FACE_OUTER_BOUND('',#957,.T.);
#613=FACE_OUTER_BOUND('',#958,.T.);
#614=FACE_OUTER_BOUND('',#959,.T.);
#615=FACE_OUTER_BOUND('',#960,.T.);
#616=FACE_OUTER_BOUND('',#961,.T.);
#617=FACE_OUTER_BOUND('',#962,.T.);
#618=FACE_OUTER_BOUND('',#963,.T.);
#619=FACE_OUTER_BOUND('',#964,.T.);
#620=FACE_OUTER_BOUND('',#965,.T.);
#621=FACE_OUTER_BOUND('',#966,.T.);
#622=FACE_OUTER_BOUND('',#967,.T.);
#623=FACE_OUTER_BOUND('',#968,.T.);
#624=FACE_OUTER_BOUND('',#969,.T.);
#625=FACE_OUTER_BOUND('',#970,.T.);
#626=FACE_OUTER_BOUND('',#971,.T.);
#627=FACE_OUTER_BOUND('',#972,.T.);
#628=FACE_OUTER_BOUND('',#973,.T.);
#629=FACE_OUTER_BOUND('',#974,.T.);
#630=FACE_OUTER_BOUND('',#975,.T.);
#631=FACE_OUTER_BOUND('',#976,.T.);
#632=FACE_OUTER_BOUND('',#977,.T.);
#633=FACE_OUTER_BOUND('',#978,.T.);
#634=FACE_OUTER_BOUND('',#979,.T.);
#635=FACE_OUTER_BOUND('',#980,.T.);
#636=FACE_OUTER_BOUND('',#981,.T.);
#637=FACE_OUTER_BOUND('',#982,.T.);
#638=FACE_OUTER_BOUND('',#983,.T.);
#639=FACE_OUTER_BOUND('',#984,.T.);
#640=FACE_OUTER_BOUND('',#985,.T.);
#641=FACE_OUTER_BOUND('',#986,.T.);
#642=FACE_OUTER_BOUND('',#987,.T.);
#643=FACE_OUTER_BOUND('',#988,.T.);
#644=FACE_OUTER_BOUND('',#989,.T.);
#645=FACE_OUTER_BOUND('',#990,.T.);
#646=FACE_OUTER_BOUND('',#991,.T.);
#647=FACE_OUTER_BOUND('',#992,.T.);
#648=FACE_OUTER_BOUND('',#993,.T.);
#649=FACE_OUTER_BOUND('',#994,.T.);
#650=FACE_OUTER_BOUND('',#995,.T.);
#651=FACE_OUTER_BOUND('',#996,.T.);
#652=FACE_OUTER_BOUND('',#997,.T.);
#653=FACE_OUTER_BOUND('',#998,.T.);
#654=FACE_OUTER_BOUND('',#999,.T.);
#655=FACE_OUTER_BOUND('',#1000,.T.);
#656=FACE_OUTER_BOUND('',#1001,.T.);
#657=FACE_OUTER_BOUND('',#1002,.T.);
#658=FACE_OUTER_BOUND('',#1003,.T.);
#659=FACE_OUTER_BOUND('',#1004,.T.);
#660=FACE_OUTER_BOUND('',#1005,.T.);
#661=FACE_OUTER_BOUND('',#1006,.T.);
#662=FACE_OUTER_BOUND('',#1007,.T.);
#663=FACE_OUTER_BOUND('',#1008,.T.);
#664=FACE_OUTER_BOUND('',#1009,.T.);
#665=FACE_OUTER_BOUND('',#1010,.T.);
#666=FACE_OUTER_BOUND('',#1011,.T.);
#667=FACE_OUTER_BOUND('',#1012,.T.);
#668=FACE_OUTER_BOUND('',#1013,.T.);
#669=FACE_OUTER_BOUND('',#1014,.T.);
#670=FACE_OUTER_BOUND('',#1015,.T.);
#671=FACE_OUTER_BOUND('',#1016,.T.);
#672=FACE_OUTER_BOUND('',#1017,.T.);
#673=FACE_OUTER_BOUND('',#1018,.T.);
#674=FACE_OUTER_BOUND('',#1019,.T.);
#675=FACE_OUTER_BOUND('',#1020,.T.);
#676=FACE_OUTER_BOUND('',#1021,.T.);
#677=FACE_OUTER_BOUND('',#1022,.T.);
#678=FACE_OUTER_BOUND('',#1023,.T.);
#679=FACE_OUTER_BOUND('',#1024,.T.);
#680=FACE_OUTER_BOUND('',#1025,.T.);
#681=FACE_OUTER_BOUND('',#1026,.T.);
#682=FACE_OUTER_BOUND('',#1027,.T.);
#683=FACE_OUTER_BOUND('',#1028,.T.);
#684=FACE_OUTER_BOUND('',#1029,.T.);
#685=FACE_OUTER_BOUND('',#1030,.T.);
#686=FACE_OUTER_BOUND('',#1031,.T.);
#687=FACE_OUTER_BOUND('',#1032,.T.);
#688=FACE_OUTER_BOUND('',#1033,.T.);
#689=FACE_OUTER_BOUND('',#1034,.T.);
#690=FACE_OUTER_BOUND('',#1035,.T.);
#691=FACE_OUTER_BOUND('',#1036,.T.);
#692=FACE_OUTER_BOUND('',#1037,.T.);
#693=FACE_OUTER_BOUND('',#1038,.T.);
#694=FACE_OUTER_BOUND('',#1039,.T.);
#695=FACE_OUTER_BOUND('',#1040,.T.);
#696=FACE_OUTER_BOUND('',#1041,.T.);
#697=FACE_OUTER_BOUND('',#1042,.T.);
#698=FACE_OUTER_BOUND('',#1043,.T.);
#699=FACE_OUTER_BOUND('',#1044,.T.);
#700=FACE_OUTER_BOUND('',#1045,.T.);
#701=FACE_OUTER_BOUND('',#1046,.T.);
#702=FACE_OUTER_BOUND('',#1047,.T.);
#703=FACE_OUTER_BOUND('',#1048,.T.);
#704=FACE_OUTER_BOUND('',#1049,.T.);
#705=FACE_OUTER_BOUND('',#1050,.T.);
#706=FACE_OUTER_BOUND('',#1051,.T.);
#707=FACE_OUTER_BOUND('',#1052,.T.);
#708=FACE_OUTER_BOUND('',#1053,.T.);
#709=FACE_OUTER_BOUND('',#1054,.T.);
#710=FACE_OUTER_BOUND('',#1055,.T.);
#711=FACE_OUTER_BOUND('',#1056,.T.);
#712=FACE_OUTER_BOUND('',#1057,.T.);
#713=FACE_OUTER_BOUND('',#1058,.T.);
#714=FACE_OUTER_BOUND('',#1059,.T.);
#715=FACE_OUTER_BOUND('',#1060,.T.);
#716=FACE_OUTER_BOUND('',#1061,.T.);
#717=FACE_OUTER_BOUND('',#1062,.T.);
#718=FACE_OUTER_BOUND('',#1063,.T.);
#719=FACE_OUTER_BOUND('',#1064,.T.);
#720=FACE_OUTER_BOUND('',#1065,.T.);
#721=FACE_OUTER_BOUND('',#1066,.T.);
#722=FACE_OUTER_BOUND('',#1067,.T.);
#723=FACE_OUTER_BOUND('',#1068,.T.);
#724=FACE_OUTER_BOUND('',#1069,.T.);
#725=FACE_OUTER_BOUND('',#1070,.T.);
#726=FACE_OUTER_BOUND('',#1071,.T.);
#727=FACE_OUTER_BOUND('',#1072,.T.);
#728=FACE_OUTER_BOUND('',#1073,.T.);
#729=FACE_OUTER_BOUND('',#1074,.T.);
#730=FACE_OUTER_BOUND('',#1075,.T.);
#731=FACE_OUTER_BOUND('',#1076,.T.);
#732=FACE_OUTER_BOUND('',#1077,.T.);
#733=FACE_OUTER_BOUND('',#1078,.T.);
#734=FACE_OUTER_BOUND('',#1079,.T.);
#735=FACE_OUTER_BOUND('',#1080,.T.);
#736=FACE_OUTER_BOUND('',#1081,.T.);
#737=FACE_OUTER_BOUND('',#1082,.T.);
#738=FACE_OUTER_BOUND('',#1083,.T.);
#739=FACE_OUTER_BOUND('',#1084,.T.);
#740=FACE_OUTER_BOUND('',#1085,.T.);
#741=FACE_OUTER_BOUND('',#1086,.T.);
#742=FACE_OUTER_BOUND('',#1087,.T.);
#743=EDGE_LOOP('',(#3619,#3620,#3621,#3622));
#744=EDGE_LOOP('',(#3623,#3624,#3625,#3626));
#745=EDGE_LOOP('',(#3627,#3628,#3629,#3630));
#746=EDGE_LOOP('',(#3631,#3632,#3633,#3634));
#747=EDGE_LOOP('',(#3635,#3636,#3637,#3638));
#748=EDGE_LOOP('',(#3639,#3640,#3641,#3642,#3643,#3644));
#749=EDGE_LOOP('',(#3645,#3646,#3647,#3648,#3649,#3650,#3651,#3652,#3653,
#3654));
#750=EDGE_LOOP('',(#3655,#3656,#3657,#3658));
#751=EDGE_LOOP('',(#3659,#3660,#3661,#3662));
#752=EDGE_LOOP('',(#3663,#3664,#3665,#3666));
#753=EDGE_LOOP('',(#3667,#3668,#3669,#3670));
#754=EDGE_LOOP('',(#3671,#3672,#3673,#3674));
#755=EDGE_LOOP('',(#3675,#3676,#3677,#3678));
#756=EDGE_LOOP('',(#3679,#3680,#3681,#3682));
#757=EDGE_LOOP('',(#3683,#3684,#3685,#3686));
#758=EDGE_LOOP('',(#3687,#3688,#3689,#3690));
#759=EDGE_LOOP('',(#3691,#3692,#3693,#3694));
#760=EDGE_LOOP('',(#3695,#3696,#3697,#3698,#3699,#3700));
#761=EDGE_LOOP('',(#3701,#3702,#3703,#3704,#3705,#3706,#3707,#3708,#3709,
#3710,#3711,#3712));
#762=EDGE_LOOP('',(#3713,#3714,#3715,#3716,#3717,#3718));
#763=EDGE_LOOP('',(#3719,#3720,#3721,#3722));
#764=EDGE_LOOP('',(#3723,#3724,#3725,#3726));
#765=EDGE_LOOP('',(#3727,#3728,#3729,#3730));
#766=EDGE_LOOP('',(#3731,#3732,#3733,#3734));
#767=EDGE_LOOP('',(#3735,#3736,#3737,#3738));
#768=EDGE_LOOP('',(#3739,#3740,#3741,#3742));
#769=EDGE_LOOP('',(#3743,#3744,#3745,#3746));
#770=EDGE_LOOP('',(#3747,#3748,#3749,#3750));
#771=EDGE_LOOP('',(#3751,#3752,#3753,#3754));
#772=EDGE_LOOP('',(#3755,#3756,#3757,#3758));
#773=EDGE_LOOP('',(#3759,#3760,#3761,#3762,#3763,#3764));
#774=EDGE_LOOP('',(#3765,#3766,#3767,#3768,#3769,#3770,#3771,#3772,#3773,
#3774,#3775,#3776));
#775=EDGE_LOOP('',(#3777,#3778,#3779,#3780,#3781,#3782));
#776=EDGE_LOOP('',(#3783,#3784,#3785,#3786));
#777=EDGE_LOOP('',(#3787,#3788,#3789,#3790));
#778=EDGE_LOOP('',(#3791,#3792,#3793,#3794));
#779=EDGE_LOOP('',(#3795,#3796,#3797,#3798));
#780=EDGE_LOOP('',(#3799,#3800,#3801,#3802));
#781=EDGE_LOOP('',(#3803,#3804,#3805,#3806,#3807,#3808,#3809,#3810));
#782=EDGE_LOOP('',(#3811,#3812,#3813,#3814));
#783=EDGE_LOOP('',(#3815,#3816,#3817,#3818,#3819,#3820,#3821,#3822));
#784=EDGE_LOOP('',(#3823,#3824,#3825,#3826,#3827,#3828,#3829,#3830,#3831,
#3832,#3833,#3834,#3835,#3836,#3837,#3838,#3839,#3840,#3841,#3842,#3843,
#3844,#3845,#3846));
#785=EDGE_LOOP('',(#3847,#3848,#3849,#3850,#3851,#3852,#3853,#3854,#3855,
#3856,#3857,#3858,#3859,#3860));
#786=EDGE_LOOP('',(#3861,#3862,#3863,#3864));
#787=EDGE_LOOP('',(#3865,#3866,#3867,#3868,#3869,#3870));
#788=EDGE_LOOP('',(#3871,#3872,#3873,#3874,#3875,#3876));
#789=EDGE_LOOP('',(#3877,#3878,#3879,#3880));
#790=EDGE_LOOP('',(#3881,#3882,#3883,#3884));
#791=EDGE_LOOP('',(#3885,#3886,#3887,#3888,#3889,#3890));
#792=EDGE_LOOP('',(#3891,#3892,#3893,#3894,#3895,#3896));
#793=EDGE_LOOP('',(#3897,#3898,#3899,#3900));
#794=EDGE_LOOP('',(#3901,#3902,#3903,#3904));
#795=EDGE_LOOP('',(#3905,#3906,#3907,#3908));
#796=EDGE_LOOP('',(#3909,#3910,#3911,#3912));
#797=EDGE_LOOP('',(#3913,#3914,#3915,#3916,#3917,#3918,#3919,#3920));
#798=EDGE_LOOP('',(#3921));
#799=EDGE_LOOP('',(#3922,#3923,#3924,#3925,#3926,#3927,#3928,#3929,#3930,
#3931));
#800=EDGE_LOOP('',(#3932,#3933,#3934,#3935));
#801=EDGE_LOOP('',(#3936,#3937,#3938,#3939));
#802=EDGE_LOOP('',(#3940,#3941,#3942,#3943,#3944,#3945));
#803=EDGE_LOOP('',(#3946,#3947,#3948,#3949));
#804=EDGE_LOOP('',(#3950,#3951,#3952,#3953,#3954,#3955));
#805=EDGE_LOOP('',(#3956,#3957,#3958,#3959));
#806=EDGE_LOOP('',(#3960,#3961,#3962,#3963));
#807=EDGE_LOOP('',(#3964,#3965,#3966,#3967));
#808=EDGE_LOOP('',(#3968,#3969,#3970,#3971));
#809=EDGE_LOOP('',(#3972,#3973,#3974,#3975));
#810=EDGE_LOOP('',(#3976,#3977,#3978,#3979));
#811=EDGE_LOOP('',(#3980,#3981,#3982,#3983,#3984,#3985));
#812=EDGE_LOOP('',(#3986,#3987,#3988,#3989,#3990,#3991));
#813=EDGE_LOOP('',(#3992,#3993,#3994,#3995));
#814=EDGE_LOOP('',(#3996,#3997,#3998,#3999));
#815=EDGE_LOOP('',(#4000,#4001,#4002,#4003));
#816=EDGE_LOOP('',(#4004,#4005,#4006,#4007));
#817=EDGE_LOOP('',(#4008,#4009,#4010,#4011));
#818=EDGE_LOOP('',(#4012,#4013,#4014,#4015));
#819=EDGE_LOOP('',(#4016,#4017,#4018,#4019));
#820=EDGE_LOOP('',(#4020,#4021,#4022,#4023));
#821=EDGE_LOOP('',(#4024,#4025,#4026,#4027));
#822=EDGE_LOOP('',(#4028,#4029,#4030,#4031));
#823=EDGE_LOOP('',(#4032,#4033,#4034,#4035));
#824=EDGE_LOOP('',(#4036,#4037,#4038,#4039));
#825=EDGE_LOOP('',(#4040,#4041,#4042,#4043));
#826=EDGE_LOOP('',(#4044,#4045,#4046,#4047));
#827=EDGE_LOOP('',(#4048,#4049,#4050,#4051));
#828=EDGE_LOOP('',(#4052,#4053,#4054,#4055,#4056,#4057,#4058,#4059));
#829=EDGE_LOOP('',(#4060,#4061,#4062));
#830=EDGE_LOOP('',(#4063,#4064,#4065));
#831=EDGE_LOOP('',(#4066,#4067,#4068,#4069));
#832=EDGE_LOOP('',(#4070,#4071,#4072,#4073));
#833=EDGE_LOOP('',(#4074));
#834=EDGE_LOOP('',(#4075));
#835=EDGE_LOOP('',(#4076));
#836=EDGE_LOOP('',(#4077,#4078,#4079,#4080,#4081,#4082,#4083));
#837=EDGE_LOOP('',(#4084,#4085,#4086,#4087));
#838=EDGE_LOOP('',(#4088,#4089,#4090,#4091));
#839=EDGE_LOOP('',(#4092,#4093,#4094,#4095));
#840=EDGE_LOOP('',(#4096,#4097,#4098,#4099));
#841=EDGE_LOOP('',(#4100,#4101,#4102,#4103));
#842=EDGE_LOOP('',(#4104,#4105,#4106,#4107));
#843=EDGE_LOOP('',(#4108,#4109,#4110,#4111));
#844=EDGE_LOOP('',(#4112,#4113,#4114,#4115));
#845=EDGE_LOOP('',(#4116,#4117,#4118,#4119));
#846=EDGE_LOOP('',(#4120,#4121,#4122,#4123,#4124,#4125,#4126));
#847=EDGE_LOOP('',(#4127,#4128));
#848=EDGE_LOOP('',(#4129,#4130));
#849=EDGE_LOOP('',(#4131,#4132,#4133,#4134));
#850=EDGE_LOOP('',(#4135,#4136,#4137,#4138));
#851=EDGE_LOOP('',(#4139,#4140,#4141,#4142));
#852=EDGE_LOOP('',(#4143,#4144,#4145,#4146));
#853=EDGE_LOOP('',(#4147,#4148,#4149,#4150));
#854=EDGE_LOOP('',(#4151,#4152,#4153,#4154));
#855=EDGE_LOOP('',(#4155,#4156,#4157,#4158));
#856=EDGE_LOOP('',(#4159,#4160,#4161,#4162));
#857=EDGE_LOOP('',(#4163,#4164,#4165,#4166));
#858=EDGE_LOOP('',(#4167,#4168,#4169,#4170));
#859=EDGE_LOOP('',(#4171,#4172,#4173,#4174,#4175,#4176,#4177,#4178,#4179,
#4180));
#860=EDGE_LOOP('',(#4181,#4182,#4183,#4184));
#861=EDGE_LOOP('',(#4185,#4186,#4187,#4188));
#862=EDGE_LOOP('',(#4189,#4190,#4191,#4192));
#863=EDGE_LOOP('',(#4193,#4194,#4195,#4196));
#864=EDGE_LOOP('',(#4197,#4198,#4199,#4200));
#865=EDGE_LOOP('',(#4201,#4202,#4203,#4204));
#866=EDGE_LOOP('',(#4205,#4206,#4207,#4208));
#867=EDGE_LOOP('',(#4209,#4210,#4211,#4212));
#868=EDGE_LOOP('',(#4213,#4214,#4215,#4216,#4217,#4218));
#869=EDGE_LOOP('',(#4219,#4220));
#870=EDGE_LOOP('',(#4221,#4222));
#871=EDGE_LOOP('',(#4223,#4224,#4225,#4226));
#872=EDGE_LOOP('',(#4227,#4228,#4229,#4230));
#873=EDGE_LOOP('',(#4231,#4232,#4233,#4234));
#874=EDGE_LOOP('',(#4235,#4236,#4237,#4238));
#875=EDGE_LOOP('',(#4239,#4240,#4241,#4242));
#876=EDGE_LOOP('',(#4243,#4244,#4245,#4246));
#877=EDGE_LOOP('',(#4247,#4248,#4249,#4250));
#878=EDGE_LOOP('',(#4251,#4252,#4253,#4254));
#879=EDGE_LOOP('',(#4255,#4256,#4257,#4258));
#880=EDGE_LOOP('',(#4259,#4260,#4261,#4262));
#881=EDGE_LOOP('',(#4263,#4264,#4265,#4266));
#882=EDGE_LOOP('',(#4267,#4268,#4269,#4270));
#883=EDGE_LOOP('',(#4271,#4272,#4273,#4274));
#884=EDGE_LOOP('',(#4275,#4276,#4277,#4278));
#885=EDGE_LOOP('',(#4279,#4280,#4281,#4282));
#886=EDGE_LOOP('',(#4283,#4284,#4285,#4286));
#887=EDGE_LOOP('',(#4287,#4288,#4289,#4290,#4291,#4292));
#888=EDGE_LOOP('',(#4293,#4294,#4295,#4296));
#889=EDGE_LOOP('',(#4297,#4298,#4299,#4300));
#890=EDGE_LOOP('',(#4301,#4302,#4303,#4304));
#891=EDGE_LOOP('',(#4305,#4306,#4307,#4308));
#892=EDGE_LOOP('',(#4309,#4310,#4311,#4312));
#893=EDGE_LOOP('',(#4313,#4314,#4315,#4316));
#894=EDGE_LOOP('',(#4317,#4318,#4319,#4320));
#895=EDGE_LOOP('',(#4321,#4322,#4323,#4324));
#896=EDGE_LOOP('',(#4325,#4326,#4327,#4328));
#897=EDGE_LOOP('',(#4329,#4330,#4331,#4332));
#898=EDGE_LOOP('',(#4333,#4334,#4335,#4336));
#899=EDGE_LOOP('',(#4337,#4338,#4339,#4340));
#900=EDGE_LOOP('',(#4341,#4342,#4343,#4344));
#901=EDGE_LOOP('',(#4345,#4346,#4347,#4348));
#902=EDGE_LOOP('',(#4349,#4350,#4351,#4352,#4353,#4354,#4355,#4356,#4357,
#4358,#4359,#4360,#4361,#4362));
#903=EDGE_LOOP('',(#4363,#4364,#4365,#4366,#4367,#4368,#4369,#4370,#4371,
#4372,#4373,#4374));
#904=EDGE_LOOP('',(#4375,#4376,#4377,#4378));
#905=EDGE_LOOP('',(#4379,#4380,#4381,#4382,#4383,#4384,#4385,#4386,#4387,
#4388,#4389,#4390,#4391));
#906=EDGE_LOOP('',(#4392,#4393,#4394,#4395));
#907=EDGE_LOOP('',(#4396,#4397,#4398,#4399,#4400,#4401,#4402,#4403,#4404,
#4405,#4406,#4407,#4408));
#908=EDGE_LOOP('',(#4409,#4410,#4411,#4412));
#909=EDGE_LOOP('',(#4413));
#910=EDGE_LOOP('',(#4414,#4415,#4416,#4417,#4418,#4419,#4420));
#911=EDGE_LOOP('',(#4421,#4422,#4423,#4424,#4425,#4426,#4427,#4428));
#912=EDGE_LOOP('',(#4429,#4430,#4431,#4432,#4433,#4434,#4435,#4436,#4437,
#4438,#4439,#4440));
#913=EDGE_LOOP('',(#4441,#4442,#4443,#4444));
#914=EDGE_LOOP('',(#4445,#4446,#4447,#4448));
#915=EDGE_LOOP('',(#4449,#4450,#4451,#4452));
#916=EDGE_LOOP('',(#4453,#4454,#4455,#4456));
#917=EDGE_LOOP('',(#4457,#4458,#4459,#4460));
#918=EDGE_LOOP('',(#4461,#4462,#4463,#4464));
#919=EDGE_LOOP('',(#4465,#4466,#4467,#4468));
#920=EDGE_LOOP('',(#4469,#4470,#4471,#4472));
#921=EDGE_LOOP('',(#4473,#4474,#4475,#4476));
#922=EDGE_LOOP('',(#4477,#4478,#4479,#4480));
#923=EDGE_LOOP('',(#4481,#4482,#4483,#4484));
#924=EDGE_LOOP('',(#4485,#4486,#4487,#4488));
#925=EDGE_LOOP('',(#4489,#4490,#4491,#4492,#4493,#4494,#4495,#4496,#4497,
#4498,#4499,#4500));
#926=EDGE_LOOP('',(#4501,#4502,#4503,#4504));
#927=EDGE_LOOP('',(#4505,#4506,#4507,#4508));
#928=EDGE_LOOP('',(#4509,#4510,#4511,#4512));
#929=EDGE_LOOP('',(#4513,#4514,#4515,#4516));
#930=EDGE_LOOP('',(#4517,#4518,#4519,#4520));
#931=EDGE_LOOP('',(#4521,#4522,#4523,#4524));
#932=EDGE_LOOP('',(#4525,#4526,#4527,#4528));
#933=EDGE_LOOP('',(#4529,#4530,#4531,#4532));
#934=EDGE_LOOP('',(#4533,#4534,#4535,#4536,#4537,#4538,#4539,#4540));
#935=EDGE_LOOP('',(#4541,#4542,#4543,#4544));
#936=EDGE_LOOP('',(#4545,#4546,#4547,#4548));
#937=EDGE_LOOP('',(#4549,#4550,#4551,#4552));
#938=EDGE_LOOP('',(#4553,#4554,#4555,#4556));
#939=EDGE_LOOP('',(#4557,#4558,#4559,#4560));
#940=EDGE_LOOP('',(#4561,#4562,#4563,#4564));
#941=EDGE_LOOP('',(#4565,#4566,#4567,#4568));
#942=EDGE_LOOP('',(#4569,#4570,#4571,#4572,#4573,#4574,#4575));
#943=EDGE_LOOP('',(#4576,#4577,#4578,#4579));
#944=EDGE_LOOP('',(#4580,#4581,#4582,#4583));
#945=EDGE_LOOP('',(#4584));
#946=EDGE_LOOP('',(#4585));
#947=EDGE_LOOP('',(#4586));
#948=EDGE_LOOP('',(#4587,#4588,#4589,#4590));
#949=EDGE_LOOP('',(#4591,#4592,#4593,#4594));
#950=EDGE_LOOP('',(#4595,#4596,#4597,#4598));
#951=EDGE_LOOP('',(#4599,#4600,#4601,#4602));
#952=EDGE_LOOP('',(#4603,#4604,#4605,#4606));
#953=EDGE_LOOP('',(#4607,#4608,#4609,#4610));
#954=EDGE_LOOP('',(#4611,#4612,#4613,#4614));
#955=EDGE_LOOP('',(#4615,#4616));
#956=EDGE_LOOP('',(#4617,#4618));
#957=EDGE_LOOP('',(#4619,#4620,#4621,#4622));
#958=EDGE_LOOP('',(#4623,#4624,#4625,#4626));
#959=EDGE_LOOP('',(#4627,#4628,#4629,#4630));
#960=EDGE_LOOP('',(#4631,#4632,#4633,#4634));
#961=EDGE_LOOP('',(#4635,#4636,#4637,#4638));
#962=EDGE_LOOP('',(#4639,#4640,#4641,#4642));
#963=EDGE_LOOP('',(#4643,#4644,#4645,#4646));
#964=EDGE_LOOP('',(#4647,#4648,#4649,#4650));
#965=EDGE_LOOP('',(#4651,#4652,#4653,#4654));
#966=EDGE_LOOP('',(#4655,#4656,#4657,#4658));
#967=EDGE_LOOP('',(#4659,#4660,#4661,#4662));
#968=EDGE_LOOP('',(#4663,#4664,#4665,#4666));
#969=EDGE_LOOP('',(#4667,#4668,#4669,#4670));
#970=EDGE_LOOP('',(#4671,#4672,#4673,#4674,#4675,#4676,#4677,#4678,#4679,
#4680,#4681,#4682,#4683));
#971=EDGE_LOOP('',(#4684,#4685,#4686,#4687));
#972=EDGE_LOOP('',(#4688,#4689,#4690,#4691));
#973=EDGE_LOOP('',(#4692,#4693,#4694,#4695));
#974=EDGE_LOOP('',(#4696,#4697,#4698,#4699));
#975=EDGE_LOOP('',(#4700,#4701,#4702,#4703));
#976=EDGE_LOOP('',(#4704,#4705,#4706,#4707));
#977=EDGE_LOOP('',(#4708,#4709,#4710,#4711));
#978=EDGE_LOOP('',(#4712,#4713,#4714,#4715));
#979=EDGE_LOOP('',(#4716,#4717,#4718,#4719));
#980=EDGE_LOOP('',(#4720,#4721,#4722,#4723));
#981=EDGE_LOOP('',(#4724,#4725,#4726,#4727));
#982=EDGE_LOOP('',(#4728,#4729,#4730,#4731));
#983=EDGE_LOOP('',(#4732,#4733,#4734,#4735));
#984=EDGE_LOOP('',(#4736,#4737,#4738,#4739));
#985=EDGE_LOOP('',(#4740,#4741,#4742,#4743));
#986=EDGE_LOOP('',(#4744,#4745,#4746,#4747));
#987=EDGE_LOOP('',(#4748,#4749,#4750,#4751));
#988=EDGE_LOOP('',(#4752,#4753,#4754,#4755));
#989=EDGE_LOOP('',(#4756,#4757,#4758,#4759,#4760,#4761,#4762,#4763,#4764,
#4765,#4766,#4767,#4768));
#990=EDGE_LOOP('',(#4769,#4770,#4771,#4772));
#991=EDGE_LOOP('',(#4773,#4774,#4775,#4776));
#992=EDGE_LOOP('',(#4777,#4778,#4779,#4780));
#993=EDGE_LOOP('',(#4781,#4782,#4783,#4784));
#994=EDGE_LOOP('',(#4785,#4786,#4787,#4788));
#995=EDGE_LOOP('',(#4789,#4790,#4791,#4792));
#996=EDGE_LOOP('',(#4793,#4794,#4795,#4796));
#997=EDGE_LOOP('',(#4797,#4798,#4799,#4800));
#998=EDGE_LOOP('',(#4801,#4802,#4803,#4804));
#999=EDGE_LOOP('',(#4805,#4806,#4807,#4808));
#1000=EDGE_LOOP('',(#4809,#4810,#4811,#4812));
#1001=EDGE_LOOP('',(#4813,#4814,#4815,#4816));
#1002=EDGE_LOOP('',(#4817,#4818,#4819,#4820));
#1003=EDGE_LOOP('',(#4821,#4822,#4823,#4824));
#1004=EDGE_LOOP('',(#4825,#4826,#4827,#4828));
#1005=EDGE_LOOP('',(#4829,#4830,#4831,#4832));
#1006=EDGE_LOOP('',(#4833,#4834,#4835,#4836));
#1007=EDGE_LOOP('',(#4837,#4838,#4839,#4840,#4841,#4842,#4843,#4844,#4845,
#4846,#4847,#4848));
#1008=EDGE_LOOP('',(#4849,#4850,#4851,#4852));
#1009=EDGE_LOOP('',(#4853,#4854,#4855,#4856,#4857));
#1010=EDGE_LOOP('',(#4858));
#1011=EDGE_LOOP('',(#4859));
#1012=EDGE_LOOP('',(#4860,#4861,#4862,#4863,#4864));
#1013=EDGE_LOOP('',(#4865,#4866,#4867,#4868));
#1014=EDGE_LOOP('',(#4869,#4870,#4871,#4872,#4873));
#1015=EDGE_LOOP('',(#4874));
#1016=EDGE_LOOP('',(#4875,#4876));
#1017=EDGE_LOOP('',(#4877,#4878,#4879,#4880,#4881,#4882));
#1018=EDGE_LOOP('',(#4883,#4884,#4885));
#1019=EDGE_LOOP('',(#4886,#4887,#4888,#4889,#4890));
#1020=EDGE_LOOP('',(#4891,#4892,#4893,#4894,#4895));
#1021=EDGE_LOOP('',(#4896,#4897,#4898,#4899));
#1022=EDGE_LOOP('',(#4900,#4901,#4902));
#1023=EDGE_LOOP('',(#4903,#4904,#4905,#4906));
#1024=EDGE_LOOP('',(#4907,#4908,#4909,#4910,#4911,#4912,#4913));
#1025=EDGE_LOOP('',(#4914,#4915,#4916,#4917,#4918,#4919,#4920));
#1026=EDGE_LOOP('',(#4921,#4922,#4923,#4924,#4925));
#1027=EDGE_LOOP('',(#4926,#4927,#4928,#4929,#4930,#4931));
#1028=EDGE_LOOP('',(#4932,#4933,#4934,#4935,#4936,#4937));
#1029=EDGE_LOOP('',(#4938,#4939,#4940,#4941,#4942,#4943));
#1030=EDGE_LOOP('',(#4944,#4945,#4946,#4947,#4948,#4949,#4950));
#1031=EDGE_LOOP('',(#4951,#4952,#4953,#4954,#4955,#4956,#4957));
#1032=EDGE_LOOP('',(#4958));
#1033=EDGE_LOOP('',(#4959));
#1034=EDGE_LOOP('',(#4960,#4961,#4962,#4963,#4964));
#1035=EDGE_LOOP('',(#4965,#4966,#4967,#4968,#4969,#4970,#4971));
#1036=EDGE_LOOP('',(#4972,#4973,#4974,#4975,#4976,#4977,#4978));
#1037=EDGE_LOOP('',(#4979,#4980,#4981,#4982,#4983));
#1038=EDGE_LOOP('',(#4984,#4985,#4986,#4987,#4988,#4989));
#1039=EDGE_LOOP('',(#4990,#4991,#4992,#4993,#4994,#4995));
#1040=EDGE_LOOP('',(#4996,#4997,#4998,#4999,#5000,#5001));
#1041=EDGE_LOOP('',(#5002,#5003,#5004,#5005,#5006,#5007));
#1042=EDGE_LOOP('',(#5008,#5009,#5010,#5011,#5012,#5013));
#1043=EDGE_LOOP('',(#5014));
#1044=EDGE_LOOP('',(#5015,#5016,#5017,#5018,#5019));
#1045=EDGE_LOOP('',(#5020));
#1046=EDGE_LOOP('',(#5021,#5022,#5023,#5024));
#1047=EDGE_LOOP('',(#5025,#5026,#5027));
#1048=EDGE_LOOP('',(#5028,#5029,#5030,#5031,#5032));
#1049=EDGE_LOOP('',(#5033,#5034,#5035,#5036,#5037));
#1050=EDGE_LOOP('',(#5038,#5039,#5040,#5041));
#1051=EDGE_LOOP('',(#5042,#5043,#5044));
#1052=EDGE_LOOP('',(#5045,#5046,#5047));
#1053=EDGE_LOOP('',(#5048,#5049,#5050,#5051,#5052));
#1054=EDGE_LOOP('',(#5053,#5054,#5055,#5056,#5057));
#1055=EDGE_LOOP('',(#5058,#5059,#5060,#5061));
#1056=EDGE_LOOP('',(#5062,#5063,#5064));
#1057=EDGE_LOOP('',(#5065,#5066,#5067,#5068));
#1058=EDGE_LOOP('',(#5069,#5070,#5071));
#1059=EDGE_LOOP('',(#5072,#5073,#5074,#5075));
#1060=EDGE_LOOP('',(#5076,#5077,#5078,#5079,#5080));
#1061=EDGE_LOOP('',(#5081,#5082,#5083,#5084,#5085));
#1062=EDGE_LOOP('',(#5086,#5087,#5088));
#1063=EDGE_LOOP('',(#5089,#5090,#5091,#5092));
#1064=EDGE_LOOP('',(#5093,#5094,#5095));
#1065=EDGE_LOOP('',(#5096,#5097,#5098,#5099,#5100));
#1066=EDGE_LOOP('',(#5101,#5102,#5103,#5104,#5105));
#1067=EDGE_LOOP('',(#5106,#5107,#5108,#5109));
#1068=EDGE_LOOP('',(#5110,#5111,#5112));
#1069=EDGE_LOOP('',(#5113,#5114,#5115,#5116));
#1070=EDGE_LOOP('',(#5117,#5118,#5119));
#1071=EDGE_LOOP('',(#5120,#5121,#5122,#5123));
#1072=EDGE_LOOP('',(#5124,#5125,#5126,#5127,#5128));
#1073=EDGE_LOOP('',(#5129,#5130,#5131,#5132,#5133));
#1074=EDGE_LOOP('',(#5134,#5135,#5136));
#1075=EDGE_LOOP('',(#5137,#5138,#5139,#5140));
#1076=EDGE_LOOP('',(#5141,#5142,#5143));
#1077=EDGE_LOOP('',(#5144,#5145,#5146,#5147,#5148));
#1078=EDGE_LOOP('',(#5149,#5150,#5151,#5152,#5153));
#1079=EDGE_LOOP('',(#5154,#5155,#5156,#5157));
#1080=EDGE_LOOP('',(#5158,#5159,#5160));
#1081=EDGE_LOOP('',(#5161,#5162,#5163,#5164));
#1082=EDGE_LOOP('',(#5165,#5166,#5167));
#1083=EDGE_LOOP('',(#5168,#5169,#5170,#5171));
#1084=EDGE_LOOP('',(#5172,#5173,#5174,#5175,#5176));
#1085=EDGE_LOOP('',(#5177,#5178,#5179,#5180,#5181));
#1086=EDGE_LOOP('',(#5182,#5183,#5184));
#1087=EDGE_LOOP('',(#5185,#5186,#5187,#5188));
#1088=LINE('',#7902,#1619);
#1089=LINE('',#7905,#1620);
#1090=LINE('',#7916,#1621);
#1091=LINE('',#7917,#1622);
#1092=LINE('',#7928,#1623);
#1093=LINE('',#7929,#1624);
#1094=LINE('',#7932,#1625);
#1095=LINE('',#7934,#1626);
#1096=LINE('',#7938,#1627);
#1097=LINE('',#7939,#1628);
#1098=LINE('',#7942,#1629);
#1099=LINE('',#7944,#1630);
#1100=LINE('',#7946,#1631);
#1101=LINE('',#7947,#1632);
#1102=LINE('',#7970,#1633);
#1103=LINE('',#7971,#1634);
#1104=LINE('',#7976,#1635);
#1105=LINE('',#7977,#1636);
#1106=LINE('',#7988,#1637);
#1107=LINE('',#7989,#1638);
#1108=LINE('',#7997,#1639);
#1109=LINE('',#7998,#1640);
#1110=LINE('',#8000,#1641);
#1111=LINE('',#8001,#1642);
#1112=LINE('',#8006,#1643);
#1113=LINE('',#8007,#1644);
#1114=LINE('',#8010,#1645);
#1115=LINE('',#8012,#1646);
#1116=LINE('',#8014,#1647);
#1117=LINE('',#8015,#1648);
#1118=LINE('',#8018,#1649);
#1119=LINE('',#8020,#1650);
#1120=LINE('',#8021,#1651);
#1121=LINE('',#8023,#1652);
#1122=LINE('',#8025,#1653);
#1123=LINE('',#8026,#1654);
#1124=LINE('',#8041,#1655);
#1125=LINE('',#8042,#1656);
#1126=LINE('',#8053,#1657);
#1127=LINE('',#8054,#1658);
#1128=LINE('',#8059,#1659);
#1129=LINE('',#8060,#1660);
#1130=LINE('',#8071,#1661);
#1131=LINE('',#8072,#1662);
#1132=LINE('',#8080,#1663);
#1133=LINE('',#8081,#1664);
#1134=LINE('',#8086,#1665);
#1135=LINE('',#8087,#1666);
#1136=LINE('',#8090,#1667);
#1137=LINE('',#8092,#1668);
#1138=LINE('',#8094,#1669);
#1139=LINE('',#8095,#1670);
#1140=LINE('',#8098,#1671);
#1141=LINE('',#8099,#1672);
#1142=LINE('',#8101,#1673);
#1143=LINE('',#8103,#1674);
#1144=LINE('',#8104,#1675);
#1145=LINE('',#8111,#1676);
#1146=LINE('',#8122,#1677);
#1147=LINE('',#8123,#1678);
#1148=LINE('',#8132,#1679);
#1149=LINE('',#8135,#1680);
#1150=LINE('',#8139,#1681);
#1151=LINE('',#8142,#1682);
#1152=LINE('',#8145,#1683);
#1153=LINE('',#8146,#1684);
#1154=LINE('',#8149,#1685);
#1155=LINE('',#8153,#1686);
#1156=LINE('',#8157,#1687);
#1157=LINE('',#8158,#1688);
#1158=LINE('',#8160,#1689);
#1159=LINE('',#8163,#1690);
#1160=LINE('',#8165,#1691);
#1161=LINE('',#8168,#1692);
#1162=LINE('',#8170,#1693);
#1163=LINE('',#8171,#1694);
#1164=LINE('',#8172,#1695);
#1165=LINE('',#8179,#1696);
#1166=LINE('',#8183,#1697);
#1167=LINE('',#8187,#1698);
#1168=LINE('',#8193,#1699);
#1169=LINE('',#8197,#1700);
#1170=LINE('',#8200,#1701);
#1171=LINE('',#8203,#1702);
#1172=LINE('',#8206,#1703);
#1173=LINE('',#8209,#1704);
#1174=LINE('',#8210,#1705);
#1175=LINE('',#8213,#1706);
#1176=LINE('',#8215,#1707);
#1177=LINE('',#8217,#1708);
#1178=LINE('',#8220,#1709);
#1179=LINE('',#8223,#1710);
#1180=LINE('',#8226,#1711);
#1181=LINE('',#8227,#1712);
#1182=LINE('',#8230,#1713);
#1183=LINE('',#8232,#1714);
#1184=LINE('',#8234,#1715);
#1185=LINE('',#8238,#1716);
#1186=LINE('',#8239,#1717);
#1187=LINE('',#8242,#1718);
#1188=LINE('',#8244,#1719);
#1189=LINE('',#8246,#1720);
#1190=LINE('',#8248,#1721);
#1191=LINE('',#8250,#1722);
#1192=LINE('',#8252,#1723);
#1193=LINE('',#8254,#1724);
#1194=LINE('',#8255,#1725);
#1195=LINE('',#8290,#1726);
#1196=LINE('',#8292,#1727);
#1197=LINE('',#8294,#1728);
#1198=LINE('',#8296,#1729);
#1199=LINE('',#8322,#1730);
#1200=LINE('',#8338,#1731);
#1201=LINE('',#8358,#1732);
#1202=LINE('',#8386,#1733);
#1203=LINE('',#8417,#1734);
#1204=LINE('',#8445,#1735);
#1205=LINE('',#8501,#1736);
#1206=LINE('',#8522,#1737);
#1207=LINE('',#8529,#1738);
#1208=LINE('',#8533,#1739);
#1209=LINE('',#8535,#1740);
#1210=LINE('',#8537,#1741);
#1211=LINE('',#8539,#1742);
#1212=LINE('',#8541,#1743);
#1213=LINE('',#8542,#1744);
#1214=LINE('',#8545,#1745);
#1215=LINE('',#8547,#1746);
#1216=LINE('',#8548,#1747);
#1217=LINE('',#8551,#1748);
#1218=LINE('',#8552,#1749);
#1219=LINE('',#8555,#1750);
#1220=LINE('',#8556,#1751);
#1221=LINE('',#8559,#1752);
#1222=LINE('',#8560,#1753);
#1223=LINE('',#8563,#1754);
#1224=LINE('',#8564,#1755);
#1225=LINE('',#8566,#1756);
#1226=LINE('',#8575,#1757);
#1227=LINE('',#8577,#1758);
#1228=LINE('',#8579,#1759);
#1229=LINE('',#8580,#1760);
#1230=LINE('',#8583,#1761);
#1231=LINE('',#8585,#1762);
#1232=LINE('',#8586,#1763);
#1233=LINE('',#8589,#1764);
#1234=LINE('',#8591,#1765);
#1235=LINE('',#8592,#1766);
#1236=LINE('',#8595,#1767);
#1237=LINE('',#8596,#1768);
#1238=LINE('',#8599,#1769);
#1239=LINE('',#8600,#1770);
#1240=LINE('',#8603,#1771);
#1241=LINE('',#8604,#1772);
#1242=LINE('',#8607,#1773);
#1243=LINE('',#8608,#1774);
#1244=LINE('',#8611,#1775);
#1245=LINE('',#8612,#1776);
#1246=LINE('',#8615,#1777);
#1247=LINE('',#8616,#1778);
#1248=LINE('',#8618,#1779);
#1249=LINE('',#8620,#1780);
#1250=LINE('',#8621,#1781);
#1251=LINE('',#8722,#1782);
#1252=LINE('',#8818,#1783);
#1253=LINE('',#8854,#1784);
#1254=LINE('',#8856,#1785);
#1255=LINE('',#8858,#1786);
#1256=LINE('',#8881,#1787);
#1257=LINE('',#8892,#1788);
#1258=LINE('',#8894,#1789);
#1259=LINE('',#8895,#1790);
#1260=LINE('',#8898,#1791);
#1261=LINE('',#8899,#1792);
#1262=LINE('',#8937,#1793);
#1263=LINE('',#8960,#1794);
#1264=LINE('',#8963,#1795);
#1265=LINE('',#8964,#1796);
#1266=LINE('',#8990,#1797);
#1267=LINE('',#9033,#1798);
#1268=LINE('',#9048,#1799);
#1269=LINE('',#9050,#1800);
#1270=LINE('',#9051,#1801);
#1271=LINE('',#9053,#1802);
#1272=LINE('',#9058,#1803);
#1273=LINE('',#9060,#1804);
#1274=LINE('',#9061,#1805);
#1275=LINE('',#9064,#1806);
#1276=LINE('',#9065,#1807);
#1277=LINE('',#9068,#1808);
#1278=LINE('',#9069,#1809);
#1279=LINE('',#9098,#1810);
#1280=LINE('',#9139,#1811);
#1281=LINE('',#9142,#1812);
#1282=LINE('',#9143,#1813);
#1283=LINE('',#9184,#1814);
#1284=LINE('',#9187,#1815);
#1285=LINE('',#9188,#1816);
#1286=LINE('',#9241,#1817);
#1287=LINE('',#9243,#1818);
#1288=LINE('',#9266,#1819);
#1289=LINE('',#9274,#1820);
#1290=LINE('',#9290,#1821);
#1291=LINE('',#9299,#1822);
#1292=LINE('',#9302,#1823);
#1293=LINE('',#9303,#1824);
#1294=LINE('',#9359,#1825);
#1295=LINE('',#9362,#1826);
#1296=LINE('',#9363,#1827);
#1297=LINE('',#9380,#1828);
#1298=LINE('',#9522,#1829);
#1299=LINE('',#9549,#1830);
#1300=LINE('',#9552,#1831);
#1301=LINE('',#9553,#1832);
#1302=LINE('',#9639,#1833);
#1303=LINE('',#9641,#1834);
#1304=LINE('',#9694,#1835);
#1305=LINE('',#9721,#1836);
#1306=LINE('',#9724,#1837);
#1307=LINE('',#9725,#1838);
#1308=LINE('',#9811,#1839);
#1309=LINE('',#9813,#1840);
#1310=LINE('',#9816,#1841);
#1311=LINE('',#9818,#1842);
#1312=LINE('',#9822,#1843);
#1313=LINE('',#9823,#1844);
#1314=LINE('',#9826,#1845);
#1315=LINE('',#9829,#1846);
#1316=LINE('',#9833,#1847);
#1317=LINE('',#9836,#1848);
#1318=LINE('',#9840,#1849);
#1319=LINE('',#9843,#1850);
#1320=LINE('',#9844,#1851);
#1321=LINE('',#9848,#1852);
#1322=LINE('',#9851,#1853);
#1323=LINE('',#9852,#1854);
#1324=LINE('',#9856,#1855);
#1325=LINE('',#9859,#1856);
#1326=LINE('',#9860,#1857);
#1327=LINE('',#9864,#1858);
#1328=LINE('',#9868,#1859);
#1329=LINE('',#9871,#1860);
#1330=LINE('',#9872,#1861);
#1331=LINE('',#9876,#1862);
#1332=LINE('',#9879,#1863);
#1333=LINE('',#9880,#1864);
#1334=LINE('',#9884,#1865);
#1335=LINE('',#9886,#1866);
#1336=LINE('',#9890,#1867);
#1337=LINE('',#9892,#1868);
#1338=LINE('',#9894,#1869);
#1339=LINE('',#9896,#1870);
#1340=LINE('',#9898,#1871);
#1341=LINE('',#9900,#1872);
#1342=LINE('',#9902,#1873);
#1343=LINE('',#9904,#1874);
#1344=LINE('',#9906,#1875);
#1345=LINE('',#9908,#1876);
#1346=LINE('',#9910,#1877);
#1347=LINE('',#9911,#1878);
#1348=LINE('',#9914,#1879);
#1349=LINE('',#9916,#1880);
#1350=LINE('',#9918,#1881);
#1351=LINE('',#9919,#1882);
#1352=LINE('',#9922,#1883);
#1353=LINE('',#9924,#1884);
#1354=LINE('',#9926,#1885);
#1355=LINE('',#9946,#1886);
#1356=LINE('',#9948,#1887);
#1357=LINE('',#9950,#1888);
#1358=LINE('',#9952,#1889);
#1359=LINE('',#9954,#1890);
#1360=LINE('',#9956,#1891);
#1361=LINE('',#9958,#1892);
#1362=LINE('',#9959,#1893);
#1363=LINE('',#9962,#1894);
#1364=LINE('',#9964,#1895);
#1365=LINE('',#9966,#1896);
#1366=LINE('',#9967,#1897);
#1367=LINE('',#9970,#1898);
#1368=LINE('',#9972,#1899);
#1369=LINE('',#9974,#1900);
#1370=LINE('',#9976,#1901);
#1371=LINE('',#9990,#1902);
#1372=LINE('',#10005,#1903);
#1373=LINE('',#10007,#1904);
#1374=LINE('',#10009,#1905);
#1375=LINE('',#10011,#1906);
#1376=LINE('',#10012,#1907);
#1377=LINE('',#10015,#1908);
#1378=LINE('',#10017,#1909);
#1379=LINE('',#10033,#1910);
#1380=LINE('',#10080,#1911);
#1381=LINE('',#10091,#1912);
#1382=LINE('',#10102,#1913);
#1383=LINE('',#10113,#1914);
#1384=LINE('',#10115,#1915);
#1385=LINE('',#10117,#1916);
#1386=LINE('',#10119,#1917);
#1387=LINE('',#10121,#1918);
#1388=LINE('',#10123,#1919);
#1389=LINE('',#10125,#1920);
#1390=LINE('',#10126,#1921);
#1391=LINE('',#10129,#1922);
#1392=LINE('',#10131,#1923);
#1393=LINE('',#10133,#1924);
#1394=LINE('',#10135,#1925);
#1395=LINE('',#10144,#1926);
#1396=LINE('',#10146,#1927);
#1397=LINE('',#10148,#1928);
#1398=LINE('',#10150,#1929);
#1399=LINE('',#10152,#1930);
#1400=LINE('',#10154,#1931);
#1401=LINE('',#10163,#1932);
#1402=LINE('',#10165,#1933);
#1403=LINE('',#10166,#1934);
#1404=LINE('',#10169,#1935);
#1405=LINE('',#10170,#1936);
#1406=LINE('',#10173,#1937);
#1407=LINE('',#10174,#1938);
#1408=LINE('',#10177,#1939);
#1409=LINE('',#10178,#1940);
#1410=LINE('',#10198,#1941);
#1411=LINE('',#10201,#1942);
#1412=LINE('',#10202,#1943);
#1413=LINE('',#10205,#1944);
#1414=LINE('',#10206,#1945);
#1415=LINE('',#10209,#1946);
#1416=LINE('',#10210,#1947);
#1417=LINE('',#10213,#1948);
#1418=LINE('',#10214,#1949);
#1419=LINE('',#10217,#1950);
#1420=LINE('',#10218,#1951);
#1421=LINE('',#10221,#1952);
#1422=LINE('',#10222,#1953);
#1423=LINE('',#10244,#1954);
#1424=LINE('',#10246,#1955);
#1425=LINE('',#10247,#1956);
#1426=LINE('',#10250,#1957);
#1427=LINE('',#10251,#1958);
#1428=LINE('',#10254,#1959);
#1429=LINE('',#10255,#1960);
#1430=LINE('',#10258,#1961);
#1431=LINE('',#10259,#1962);
#1432=LINE('',#10262,#1963);
#1433=LINE('',#10263,#1964);
#1434=LINE('',#10266,#1965);
#1435=LINE('',#10267,#1966);
#1436=LINE('',#10270,#1967);
#1437=LINE('',#10271,#1968);
#1438=LINE('',#10273,#1969);
#1439=LINE('',#10292,#1970);
#1440=LINE('',#10302,#1971);
#1441=LINE('',#10305,#1972);
#1442=LINE('',#10306,#1973);
#1443=LINE('',#10332,#1974);
#1444=LINE('',#10335,#1975);
#1445=LINE('',#10336,#1976);
#1446=LINE('',#10362,#1977);
#1447=LINE('',#10365,#1978);
#1448=LINE('',#10366,#1979);
#1449=LINE('',#10457,#1980);
#1450=LINE('',#10548,#1981);
#1451=LINE('',#10587,#1982);
#1452=LINE('',#10589,#1983);
#1453=LINE('',#10590,#1984);
#1454=LINE('',#10593,#1985);
#1455=LINE('',#10594,#1986);
#1456=LINE('',#10638,#1987);
#1457=LINE('',#10684,#1988);
#1458=LINE('',#10700,#1989);
#1459=LINE('',#10702,#1990);
#1460=LINE('',#10703,#1991);
#1461=LINE('',#10705,#1992);
#1462=LINE('',#10710,#1993);
#1463=LINE('',#10712,#1994);
#1464=LINE('',#10713,#1995);
#1465=LINE('',#10716,#1996);
#1466=LINE('',#10717,#1997);
#1467=LINE('',#10720,#1998);
#1468=LINE('',#10721,#1999);
#1469=LINE('',#10724,#2000);
#1470=LINE('',#10725,#2001);
#1471=LINE('',#10760,#2002);
#1472=LINE('',#10763,#2003);
#1473=LINE('',#10764,#2004);
#1474=LINE('',#10781,#2005);
#1475=LINE('',#10801,#2006);
#1476=LINE('',#10804,#2007);
#1477=LINE('',#10805,#2008);
#1478=LINE('',#10808,#2009);
#1479=LINE('',#10809,#2010);
#1480=LINE('',#10812,#2011);
#1481=LINE('',#10813,#2012);
#1482=LINE('',#10816,#2013);
#1483=LINE('',#10817,#2014);
#1484=LINE('',#10819,#2015);
#1485=LINE('',#10823,#2016);
#1486=LINE('',#10825,#2017);
#1487=LINE('',#10826,#2018);
#1488=LINE('',#10829,#2019);
#1489=LINE('',#10830,#2020);
#1490=LINE('',#10833,#2021);
#1491=LINE('',#10834,#2022);
#1492=LINE('',#10836,#2023);
#1493=LINE('',#10840,#2024);
#1494=LINE('',#10842,#2025);
#1495=LINE('',#10843,#2026);
#1496=LINE('',#10846,#2027);
#1497=LINE('',#10847,#2028);
#1498=LINE('',#10850,#2029);
#1499=LINE('',#10851,#2030);
#1500=LINE('',#10874,#2031);
#1501=LINE('',#10903,#2032);
#1502=LINE('',#10906,#2033);
#1503=LINE('',#10907,#2034);
#1504=LINE('',#10910,#2035);
#1505=LINE('',#10911,#2036);
#1506=LINE('',#10914,#2037);
#1507=LINE('',#10915,#2038);
#1508=LINE('',#10918,#2039);
#1509=LINE('',#10919,#2040);
#1510=LINE('',#10922,#2041);
#1511=LINE('',#10923,#2042);
#1512=LINE('',#10926,#2043);
#1513=LINE('',#10927,#2044);
#1514=LINE('',#10930,#2045);
#1515=LINE('',#10931,#2046);
#1516=LINE('',#10933,#2047);
#1517=LINE('',#10937,#2048);
#1518=LINE('',#10939,#2049);
#1519=LINE('',#10940,#2050);
#1520=LINE('',#10943,#2051);
#1521=LINE('',#10944,#2052);
#1522=LINE('',#10947,#2053);
#1523=LINE('',#10948,#2054);
#1524=LINE('',#10950,#2055);
#1525=LINE('',#10954,#2056);
#1526=LINE('',#10956,#2057);
#1527=LINE('',#10957,#2058);
#1528=LINE('',#10960,#2059);
#1529=LINE('',#10961,#2060);
#1530=LINE('',#10964,#2061);
#1531=LINE('',#10965,#2062);
#1532=LINE('',#10968,#2063);
#1533=LINE('',#10969,#2064);
#1534=LINE('',#10972,#2065);
#1535=LINE('',#10973,#2066);
#1536=LINE('',#10976,#2067);
#1537=LINE('',#10977,#2068);
#1538=LINE('',#10980,#2069);
#1539=LINE('',#10981,#2070);
#1540=LINE('',#10984,#2071);
#1541=LINE('',#10985,#2072);
#1542=LINE('',#10988,#2073);
#1543=LINE('',#10989,#2074);
#1544=LINE('',#10992,#2075);
#1545=LINE('',#10993,#2076);
#1546=LINE('',#10996,#2077);
#1547=LINE('',#10997,#2078);
#1548=LINE('',#10999,#2079);
#1549=LINE('',#11006,#2080);
#1550=LINE('',#11012,#2081);
#1551=LINE('',#11019,#2082);
#1552=LINE('',#11024,#2083);
#1553=LINE('',#11030,#2084);
#1554=LINE('',#11039,#2085);
#1555=LINE('',#11044,#2086);
#1556=LINE('',#11046,#2087);
#1557=LINE('',#11050,#2088);
#1558=LINE('',#11063,#2089);
#1559=LINE('',#11064,#2090);
#1560=LINE('',#11067,#2091);
#1561=LINE('',#11136,#2092);
#1562=LINE('',#11170,#2093);
#1563=LINE('',#11187,#2094);
#1564=LINE('',#11196,#2095);
#1565=LINE('',#11209,#2096);
#1566=LINE('',#11230,#2097);
#1567=LINE('',#11247,#2098);
#1568=LINE('',#11256,#2099);
#1569=LINE('',#11265,#2100);
#1570=LINE('',#11362,#2101);
#1571=LINE('',#11363,#2102);
#1572=LINE('',#11366,#2103);
#1573=LINE('',#11368,#2104);
#1574=LINE('',#11369,#2105);
#1575=LINE('',#11372,#2106);
#1576=LINE('',#11373,#2107);
#1577=LINE('',#11380,#2108);
#1578=LINE('',#11382,#2109);
#1579=LINE('',#11386,#2110);
#1580=LINE('',#11399,#2111);
#1581=LINE('',#11400,#2112);
#1582=LINE('',#11403,#2113);
#1583=LINE('',#11472,#2114);
#1584=LINE('',#11491,#2115);
#1585=LINE('',#11492,#2116);
#1586=LINE('',#11495,#2117);
#1587=LINE('',#11498,#2118);
#1588=LINE('',#11512,#2119);
#1589=LINE('',#11513,#2120);
#1590=LINE('',#11516,#2121);
#1591=LINE('',#11598,#2122);
#1592=LINE('',#11601,#2123);
#1593=LINE('',#11605,#2124);
#1594=LINE('',#11674,#2125);
#1595=LINE('',#11675,#2126);
#1596=LINE('',#11678,#2127);
#1597=LINE('',#11690,#2128);
#1598=LINE('',#11709,#2129);
#1599=LINE('',#11710,#2130);
#1600=LINE('',#11713,#2131);
#1601=LINE('',#11716,#2132);
#1602=LINE('',#11730,#2133);
#1603=LINE('',#11731,#2134);
#1604=LINE('',#11734,#2135);
#1605=LINE('',#11816,#2136);
#1606=LINE('',#11819,#2137);
#1607=LINE('',#11823,#2138);
#1608=LINE('',#11892,#2139);
#1609=LINE('',#11893,#2140);
#1610=LINE('',#11896,#2141);
#1611=LINE('',#11908,#2142);
#1612=LINE('',#11927,#2143);
#1613=LINE('',#11928,#2144);
#1614=LINE('',#11931,#2145);
#1615=LINE('',#11934,#2146);
#1616=LINE('',#11938,#2147);
#1617=LINE('',#12006,#2148);
#1618=LINE('',#12019,#2149);
#1619=VECTOR('',#6468,10.);
#1620=VECTOR('',#6471,10.);
#1621=VECTOR('',#6484,10.);
#1622=VECTOR('',#6485,10.);
#1623=VECTOR('',#6498,10.);
#1624=VECTOR('',#6499,10.);
#1625=VECTOR('',#6502,1000.);
#1626=VECTOR('',#6503,1000.);
#1627=VECTOR('',#6506,1000.);
#1628=VECTOR('',#6507,1000.);
#1629=VECTOR('',#6510,1000.);
#1630=VECTOR('',#6511,1000.);
#1631=VECTOR('',#6512,1000.);
#1632=VECTOR('',#6513,1000.);
#1633=VECTOR('',#6538,10.);
#1634=VECTOR('',#6539,10.);
#1635=VECTOR('',#6544,10.);
#1636=VECTOR('',#6545,10.);
#1637=VECTOR('',#6558,10.);
#1638=VECTOR('',#6559,10.);
#1639=VECTOR('',#6570,10.);
#1640=VECTOR('',#6571,10.);
#1641=VECTOR('',#6574,10.);
#1642=VECTOR('',#6575,10.);
#1643=VECTOR('',#6580,10.);
#1644=VECTOR('',#6581,10.);
#1645=VECTOR('',#6584,1000.);
#1646=VECTOR('',#6585,1000.);
#1647=VECTOR('',#6586,1000.);
#1648=VECTOR('',#6587,10.);
#1649=VECTOR('',#6590,1000.);
#1650=VECTOR('',#6591,10.);
#1651=VECTOR('',#6592,1000.);
#1652=VECTOR('',#6593,1000.);
#1653=VECTOR('',#6594,1000.);
#1654=VECTOR('',#6595,1000.);
#1655=VECTOR('',#6612,10.);
#1656=VECTOR('',#6613,10.);
#1657=VECTOR('',#6626,10.);
#1658=VECTOR('',#6627,10.);
#1659=VECTOR('',#6632,10.);
#1660=VECTOR('',#6633,10.);
#1661=VECTOR('',#6646,10.);
#1662=VECTOR('',#6647,10.);
#1663=VECTOR('',#6658,10.);
#1664=VECTOR('',#6659,10.);
#1665=VECTOR('',#6664,10.);
#1666=VECTOR('',#6665,10.);
#1667=VECTOR('',#6668,1000.);
#1668=VECTOR('',#6669,1000.);
#1669=VECTOR('',#6670,1000.);
#1670=VECTOR('',#6671,10.);
#1671=VECTOR('',#6674,1000.);
#1672=VECTOR('',#6675,1000.);
#1673=VECTOR('',#6676,1000.);
#1674=VECTOR('',#6677,10.);
#1675=VECTOR('',#6678,1000.);
#1676=VECTOR('',#6687,10.);
#1677=VECTOR('',#6700,10.);
#1678=VECTOR('',#6701,10.);
#1679=VECTOR('',#6714,10.);
#1680=VECTOR('',#6717,1000.);
#1681=VECTOR('',#6720,1000.);
#1682=VECTOR('',#6723,1000.);
#1683=VECTOR('',#6726,1000.);
#1684=VECTOR('',#6727,1000.);
#1685=VECTOR('',#6730,1000.);
#1686=VECTOR('',#6733,1000.);
#1687=VECTOR('',#6738,1000.);
#1688=VECTOR('',#6739,1000.);
#1689=VECTOR('',#6740,1000.);
#1690=VECTOR('',#6743,1000.);
#1691=VECTOR('',#6744,1000.);
#1692=VECTOR('',#6747,1000.);
#1693=VECTOR('',#6748,1000.);
#1694=VECTOR('',#6749,1000.);
#1695=VECTOR('',#6750,1000.);
#1696=VECTOR('',#6755,1000.);
#1697=VECTOR('',#6758,1000.);
#1698=VECTOR('',#6761,1000.);
#1699=VECTOR('',#6766,1000.);
#1700=VECTOR('',#6769,1000.);
#1701=VECTOR('',#6772,1000.);
#1702=VECTOR('',#6775,10.);
#1703=VECTOR('',#6778,10.);
#1704=VECTOR('',#6781,1000.);
#1705=VECTOR('',#6782,1000.);
#1706=VECTOR('',#6785,1000.);
#1707=VECTOR('',#6788,1000.);
#1708=VECTOR('',#6791,10.);
#1709=VECTOR('',#6794,10.);
#1710=VECTOR('',#6797,10.);
#1711=VECTOR('',#6800,1000.);
#1712=VECTOR('',#6801,1000.);
#1713=VECTOR('',#6804,1000.);
#1714=VECTOR('',#6807,1000.);
#1715=VECTOR('',#6810,10.);
#1716=VECTOR('',#6817,1000.);
#1717=VECTOR('',#6818,1000.);
#1718=VECTOR('',#6819,10.);
#1719=VECTOR('',#6820,10.);
#1720=VECTOR('',#6821,10.);
#1721=VECTOR('',#6822,10.);
#1722=VECTOR('',#6823,10.);
#1723=VECTOR('',#6824,10.);
#1724=VECTOR('',#6825,10.);
#1725=VECTOR('',#6826,10.);
#1726=VECTOR('',#6827,10.);
#1727=VECTOR('',#6828,10.);
#1728=VECTOR('',#6829,10.);
#1729=VECTOR('',#6830,10.);
#1730=VECTOR('',#6831,10.);
#1731=VECTOR('',#6832,10.);
#1732=VECTOR('',#6833,10.);
#1733=VECTOR('',#6834,10.);
#1734=VECTOR('',#6835,10.);
#1735=VECTOR('',#6836,10.);
#1736=VECTOR('',#6837,10.);
#1737=VECTOR('',#6838,10.);
#1738=VECTOR('',#6841,1000.);
#1739=VECTOR('',#6844,1000.);
#1740=VECTOR('',#6845,1000.);
#1741=VECTOR('',#6846,1000.);
#1742=VECTOR('',#6847,1000.);
#1743=VECTOR('',#6848,1000.);
#1744=VECTOR('',#6849,1000.);
#1745=VECTOR('',#6852,1000.);
#1746=VECTOR('',#6853,1000.);
#1747=VECTOR('',#6854,1000.);
#1748=VECTOR('',#6857,1000.);
#1749=VECTOR('',#6858,1000.);
#1750=VECTOR('',#6861,1000.);
#1751=VECTOR('',#6862,1000.);
#1752=VECTOR('',#6865,1000.);
#1753=VECTOR('',#6866,1000.);
#1754=VECTOR('',#6869,1000.);
#1755=VECTOR('',#6870,1000.);
#1756=VECTOR('',#6873,1000.);
#1757=VECTOR('',#6886,10.);
#1758=VECTOR('',#6887,1000.);
#1759=VECTOR('',#6888,10.);
#1760=VECTOR('',#6889,1000.);
#1761=VECTOR('',#6892,10.);
#1762=VECTOR('',#6893,10.);
#1763=VECTOR('',#6894,1000.);
#1764=VECTOR('',#6897,1000.);
#1765=VECTOR('',#6898,10.);
#1766=VECTOR('',#6899,1000.);
#1767=VECTOR('',#6902,10.);
#1768=VECTOR('',#6903,1000.);
#1769=VECTOR('',#6906,10.);
#1770=VECTOR('',#6907,1000.);
#1771=VECTOR('',#6910,10.);
#1772=VECTOR('',#6911,1000.);
#1773=VECTOR('',#6914,10.);
#1774=VECTOR('',#6915,1000.);
#1775=VECTOR('',#6918,10.);
#1776=VECTOR('',#6919,1000.);
#1777=VECTOR('',#6922,10.);
#1778=VECTOR('',#6923,1000.);
#1779=VECTOR('',#6926,10.);
#1780=VECTOR('',#6929,10.);
#1781=VECTOR('',#6930,10.);
#1782=VECTOR('',#6935,10.);
#1783=VECTOR('',#6936,10.);
#1784=VECTOR('',#6941,10.);
#1785=VECTOR('',#6942,10.);
#1786=VECTOR('',#6943,10.);
#1787=VECTOR('',#6944,10.);
#1788=VECTOR('',#6947,1000.);
#1789=VECTOR('',#6948,10.);
#1790=VECTOR('',#6949,1000.);
#1791=VECTOR('',#6952,10.);
#1792=VECTOR('',#6953,1000.);
#1793=VECTOR('',#6954,1000.);
#1794=VECTOR('',#6955,1000.);
#1795=VECTOR('',#6958,10.);
#1796=VECTOR('',#6959,1000.);
#1797=VECTOR('',#6960,1000.);
#1798=VECTOR('',#6961,1000.);
#1799=VECTOR('',#6962,1000.);
#1800=VECTOR('',#6965,10.);
#1801=VECTOR('',#6966,10.);
#1802=VECTOR('',#6969,10.);
#1803=VECTOR('',#6976,1000.);
#1804=VECTOR('',#6977,10.);
#1805=VECTOR('',#6978,1000.);
#1806=VECTOR('',#6981,10.);
#1807=VECTOR('',#6982,1000.);
#1808=VECTOR('',#6985,10.);
#1809=VECTOR('',#6986,1000.);
#1810=VECTOR('',#6987,1000.);
#1811=VECTOR('',#6988,1000.);
#1812=VECTOR('',#6991,10.);
#1813=VECTOR('',#6992,1000.);
#1814=VECTOR('',#6993,1000.);
#1815=VECTOR('',#6996,10.);
#1816=VECTOR('',#6997,1000.);
#1817=VECTOR('',#6998,1000.);
#1818=VECTOR('',#7001,10.);
#1819=VECTOR('',#7004,1000.);
#1820=VECTOR('',#7005,1000.);
#1821=VECTOR('',#7006,1000.);
#1822=VECTOR('',#7007,1000.);
#1823=VECTOR('',#7010,10.);
#1824=VECTOR('',#7011,1000.);
#1825=VECTOR('',#7012,1000.);
#1826=VECTOR('',#7015,10.);
#1827=VECTOR('',#7016,1000.);
#1828=VECTOR('',#7017,1000.);
#1829=VECTOR('',#7022,1000.);
#1830=VECTOR('',#7023,1000.);
#1831=VECTOR('',#7026,10.);
#1832=VECTOR('',#7027,1000.);
#1833=VECTOR('',#7028,1000.);
#1834=VECTOR('',#7031,10.);
#1835=VECTOR('',#7034,1000.);
#1836=VECTOR('',#7035,1000.);
#1837=VECTOR('',#7038,10.);
#1838=VECTOR('',#7039,1000.);
#1839=VECTOR('',#7040,1000.);
#1840=VECTOR('',#7043,10.);
#1841=VECTOR('',#7048,1000.);
#1842=VECTOR('',#7051,1000.);
#1843=VECTOR('',#7056,1000.);
#1844=VECTOR('',#7057,1000.);
#1845=VECTOR('',#7060,1000.);
#1846=VECTOR('',#7065,1000.);
#1847=VECTOR('',#7070,1000.);
#1848=VECTOR('',#7073,1000.);
#1849=VECTOR('',#7078,1000.);
#1850=VECTOR('',#7081,1000.);
#1851=VECTOR('',#7082,1000.);
#1852=VECTOR('',#7087,1000.);
#1853=VECTOR('',#7090,1000.);
#1854=VECTOR('',#7091,1000.);
#1855=VECTOR('',#7096,1000.);
#1856=VECTOR('',#7099,1000.);
#1857=VECTOR('',#7100,1000.);
#1858=VECTOR('',#7105,1000.);
#1859=VECTOR('',#7110,1000.);
#1860=VECTOR('',#7113,1000.);
#1861=VECTOR('',#7114,1000.);
#1862=VECTOR('',#7119,1000.);
#1863=VECTOR('',#7122,1000.);
#1864=VECTOR('',#7123,1000.);
#1865=VECTOR('',#7128,1000.);
#1866=VECTOR('',#7131,1000.);
#1867=VECTOR('',#7134,10.);
#1868=VECTOR('',#7135,10.);
#1869=VECTOR('',#7136,10.);
#1870=VECTOR('',#7137,10.);
#1871=VECTOR('',#7138,10.);
#1872=VECTOR('',#7139,10.);
#1873=VECTOR('',#7140,10.);
#1874=VECTOR('',#7141,10.);
#1875=VECTOR('',#7142,10.);
#1876=VECTOR('',#7143,10.);
#1877=VECTOR('',#7144,10.);
#1878=VECTOR('',#7145,10.);
#1879=VECTOR('',#7146,10.);
#1880=VECTOR('',#7147,10.);
#1881=VECTOR('',#7148,10.);
#1882=VECTOR('',#7149,10.);
#1883=VECTOR('',#7150,10.);
#1884=VECTOR('',#7151,10.);
#1885=VECTOR('',#7152,10.);
#1886=VECTOR('',#7153,10.);
#1887=VECTOR('',#7154,10.);
#1888=VECTOR('',#7155,10.);
#1889=VECTOR('',#7156,10.);
#1890=VECTOR('',#7157,10.);
#1891=VECTOR('',#7158,10.);
#1892=VECTOR('',#7159,10.);
#1893=VECTOR('',#7160,10.);
#1894=VECTOR('',#7161,10.);
#1895=VECTOR('',#7162,10.);
#1896=VECTOR('',#7163,10.);
#1897=VECTOR('',#7164,10.);
#1898=VECTOR('',#7165,10.);
#1899=VECTOR('',#7166,10.);
#1900=VECTOR('',#7167,10.);
#1901=VECTOR('',#7168,10.);
#1902=VECTOR('',#7169,10.);
#1903=VECTOR('',#7170,10.);
#1904=VECTOR('',#7171,10.);
#1905=VECTOR('',#7172,10.);
#1906=VECTOR('',#7173,10.);
#1907=VECTOR('',#7174,10.);
#1908=VECTOR('',#7175,10.);
#1909=VECTOR('',#7176,10.);
#1910=VECTOR('',#7177,10.);
#1911=VECTOR('',#7178,10.);
#1912=VECTOR('',#7179,10.);
#1913=VECTOR('',#7180,10.);
#1914=VECTOR('',#7181,10.);
#1915=VECTOR('',#7182,10.);
#1916=VECTOR('',#7183,10.);
#1917=VECTOR('',#7184,10.);
#1918=VECTOR('',#7185,10.);
#1919=VECTOR('',#7186,10.);
#1920=VECTOR('',#7187,10.);
#1921=VECTOR('',#7188,10.);
#1922=VECTOR('',#7189,10.);
#1923=VECTOR('',#7190,10.);
#1924=VECTOR('',#7191,10.);
#1925=VECTOR('',#7192,10.);
#1926=VECTOR('',#7193,10.);
#1927=VECTOR('',#7194,10.);
#1928=VECTOR('',#7195,10.);
#1929=VECTOR('',#7196,10.);
#1930=VECTOR('',#7197,10.);
#1931=VECTOR('',#7198,10.);
#1932=VECTOR('',#7201,1000.);
#1933=VECTOR('',#7202,10.);
#1934=VECTOR('',#7203,1000.);
#1935=VECTOR('',#7206,10.);
#1936=VECTOR('',#7207,1000.);
#1937=VECTOR('',#7210,10.);
#1938=VECTOR('',#7211,1000.);
#1939=VECTOR('',#7214,10.);
#1940=VECTOR('',#7215,1000.);
#1941=VECTOR('',#7216,1000.);
#1942=VECTOR('',#7219,10.);
#1943=VECTOR('',#7220,1000.);
#1944=VECTOR('',#7223,10.);
#1945=VECTOR('',#7224,1000.);
#1946=VECTOR('',#7227,10.);
#1947=VECTOR('',#7228,1000.);
#1948=VECTOR('',#7231,10.);
#1949=VECTOR('',#7232,1000.);
#1950=VECTOR('',#7235,10.);
#1951=VECTOR('',#7236,1000.);
#1952=VECTOR('',#7239,10.);
#1953=VECTOR('',#7240,1000.);
#1954=VECTOR('',#7245,1000.);
#1955=VECTOR('',#7246,10.);
#1956=VECTOR('',#7247,1000.);
#1957=VECTOR('',#7250,10.);
#1958=VECTOR('',#7251,1000.);
#1959=VECTOR('',#7254,10.);
#1960=VECTOR('',#7255,1000.);
#1961=VECTOR('',#7258,10.);
#1962=VECTOR('',#7259,1000.);
#1963=VECTOR('',#7262,10.);
#1964=VECTOR('',#7263,1000.);
#1965=VECTOR('',#7266,10.);
#1966=VECTOR('',#7267,1000.);
#1967=VECTOR('',#7270,10.);
#1968=VECTOR('',#7271,1000.);
#1969=VECTOR('',#7274,10.);
#1970=VECTOR('',#7277,1000.);
#1971=VECTOR('',#7278,1000.);
#1972=VECTOR('',#7281,10.);
#1973=VECTOR('',#7282,1000.);
#1974=VECTOR('',#7283,1000.);
#1975=VECTOR('',#7286,10.);
#1976=VECTOR('',#7287,1000.);
#1977=VECTOR('',#7288,1000.);
#1978=VECTOR('',#7291,10.);
#1979=VECTOR('',#7292,1000.);
#1980=VECTOR('',#7295,10.);
#1981=VECTOR('',#7296,10.);
#1982=VECTOR('',#7303,1000.);
#1983=VECTOR('',#7304,10.);
#1984=VECTOR('',#7305,1000.);
#1985=VECTOR('',#7308,10.);
#1986=VECTOR('',#7309,1000.);
#1987=VECTOR('',#7310,1000.);
#1988=VECTOR('',#7311,1000.);
#1989=VECTOR('',#7312,1000.);
#1990=VECTOR('',#7315,10.);
#1991=VECTOR('',#7316,10.);
#1992=VECTOR('',#7319,10.);
#1993=VECTOR('',#7326,1000.);
#1994=VECTOR('',#7327,10.);
#1995=VECTOR('',#7328,1000.);
#1996=VECTOR('',#7331,10.);
#1997=VECTOR('',#7332,1000.);
#1998=VECTOR('',#7335,10.);
#1999=VECTOR('',#7336,1000.);
#2000=VECTOR('',#7339,10.);
#2001=VECTOR('',#7340,1000.);
#2002=VECTOR('',#7341,1000.);
#2003=VECTOR('',#7344,10.);
#2004=VECTOR('',#7345,1000.);
#2005=VECTOR('',#7346,1000.);
#2006=VECTOR('',#7347,1000.);
#2007=VECTOR('',#7350,10.);
#2008=VECTOR('',#7351,1000.);
#2009=VECTOR('',#7354,10.);
#2010=VECTOR('',#7355,1000.);
#2011=VECTOR('',#7358,10.);
#2012=VECTOR('',#7359,1000.);
#2013=VECTOR('',#7362,10.);
#2014=VECTOR('',#7363,1000.);
#2015=VECTOR('',#7366,10.);
#2016=VECTOR('',#7371,1000.);
#2017=VECTOR('',#7372,10.);
#2018=VECTOR('',#7373,1000.);
#2019=VECTOR('',#7376,10.);
#2020=VECTOR('',#7377,1000.);
#2021=VECTOR('',#7380,10.);
#2022=VECTOR('',#7381,1000.);
#2023=VECTOR('',#7384,10.);
#2024=VECTOR('',#7389,1000.);
#2025=VECTOR('',#7390,10.);
#2026=VECTOR('',#7391,1000.);
#2027=VECTOR('',#7394,10.);
#2028=VECTOR('',#7395,1000.);
#2029=VECTOR('',#7398,10.);
#2030=VECTOR('',#7399,1000.);
#2031=VECTOR('',#7400,1000.);
#2032=VECTOR('',#7401,1000.);
#2033=VECTOR('',#7404,10.);
#2034=VECTOR('',#7405,1000.);
#2035=VECTOR('',#7408,10.);
#2036=VECTOR('',#7409,1000.);
#2037=VECTOR('',#7412,10.);
#2038=VECTOR('',#7413,1000.);
#2039=VECTOR('',#7416,10.);
#2040=VECTOR('',#7417,1000.);
#2041=VECTOR('',#7420,10.);
#2042=VECTOR('',#7421,1000.);
#2043=VECTOR('',#7424,10.);
#2044=VECTOR('',#7425,1000.);
#2045=VECTOR('',#7428,10.);
#2046=VECTOR('',#7429,1000.);
#2047=VECTOR('',#7432,10.);
#2048=VECTOR('',#7437,1000.);
#2049=VECTOR('',#7438,10.);
#2050=VECTOR('',#7439,1000.);
#2051=VECTOR('',#7442,10.);
#2052=VECTOR('',#7443,1000.);
#2053=VECTOR('',#7446,10.);
#2054=VECTOR('',#7447,1000.);
#2055=VECTOR('',#7450,10.);
#2056=VECTOR('',#7455,1000.);
#2057=VECTOR('',#7456,10.);
#2058=VECTOR('',#7457,1000.);
#2059=VECTOR('',#7460,10.);
#2060=VECTOR('',#7461,1000.);
#2061=VECTOR('',#7464,10.);
#2062=VECTOR('',#7465,1000.);
#2063=VECTOR('',#7468,10.);
#2064=VECTOR('',#7469,1000.);
#2065=VECTOR('',#7472,10.);
#2066=VECTOR('',#7473,1000.);
#2067=VECTOR('',#7476,10.);
#2068=VECTOR('',#7477,1000.);
#2069=VECTOR('',#7480,10.);
#2070=VECTOR('',#7481,1000.);
#2071=VECTOR('',#7484,10.);
#2072=VECTOR('',#7485,1000.);
#2073=VECTOR('',#7488,10.);
#2074=VECTOR('',#7489,1000.);
#2075=VECTOR('',#7492,10.);
#2076=VECTOR('',#7493,1000.);
#2077=VECTOR('',#7496,10.);
#2078=VECTOR('',#7497,1000.);
#2079=VECTOR('',#7500,10.);
#2080=VECTOR('',#7509,0.3875);
#2081=VECTOR('',#7516,0.45);
#2082=VECTOR('',#7527,0.43);
#2083=VECTOR('',#7532,0.3875);
#2084=VECTOR('',#7539,0.45);
#2085=VECTOR('',#7552,0.45);
#2086=VECTOR('',#7557,1000.);
#2087=VECTOR('',#7558,1000.);
#2088=VECTOR('',#7563,1000.);
#2089=VECTOR('',#7564,1000.);
#2090=VECTOR('',#7565,1000.);
#2091=VECTOR('',#7568,1000.);
#2092=VECTOR('',#7569,1000.);
#2093=VECTOR('',#7602,1.05);
#2094=VECTOR('',#7623,0.775);
#2095=VECTOR('',#7634,0.85);
#2096=VECTOR('',#7653,0.6875);
#2097=VECTOR('',#7678,1.05);
#2098=VECTOR('',#7699,0.775);
#2099=VECTOR('',#7710,0.85);
#2100=VECTOR('',#7723,0.6875);
#2101=VECTOR('',#7734,1000.);
#2102=VECTOR('',#7735,1000.);
#2103=VECTOR('',#7738,1000.);
#2104=VECTOR('',#7739,1000.);
#2105=VECTOR('',#7740,1000.);
#2106=VECTOR('',#7743,1000.);
#2107=VECTOR('',#7744,1000.);
#2108=VECTOR('',#7753,1000.);
#2109=VECTOR('',#7754,1000.);
#2110=VECTOR('',#7759,1000.);
#2111=VECTOR('',#7760,1000.);
#2112=VECTOR('',#7761,1000.);
#2113=VECTOR('',#7764,1000.);
#2114=VECTOR('',#7765,1000.);
#2115=VECTOR('',#7778,1000.);
#2116=VECTOR('',#7779,1000.);
#2117=VECTOR('',#7782,1000.);
#2118=VECTOR('',#7785,1000.);
#2119=VECTOR('',#7788,1000.);
#2120=VECTOR('',#7789,1000.);
#2121=VECTOR('',#7792,1000.);
#2122=VECTOR('',#7799,1000.);
#2123=VECTOR('',#7802,1000.);
#2124=VECTOR('',#7805,1000.);
#2125=VECTOR('',#7806,1000.);
#2126=VECTOR('',#7807,1000.);
#2127=VECTOR('',#7810,1000.);
#2128=VECTOR('',#7811,1000.);
#2129=VECTOR('',#7824,1000.);
#2130=VECTOR('',#7825,1000.);
#2131=VECTOR('',#7828,1000.);
#2132=VECTOR('',#7831,1000.);
#2133=VECTOR('',#7834,1000.);
#2134=VECTOR('',#7835,1000.);
#2135=VECTOR('',#7838,1000.);
#2136=VECTOR('',#7845,1000.);
#2137=VECTOR('',#7848,1000.);
#2138=VECTOR('',#7851,1000.);
#2139=VECTOR('',#7852,1000.);
#2140=VECTOR('',#7853,1000.);
#2141=VECTOR('',#7856,1000.);
#2142=VECTOR('',#7857,1000.);
#2143=VECTOR('',#7870,1000.);
#2144=VECTOR('',#7871,1000.);
#2145=VECTOR('',#7874,1000.);
#2146=VECTOR('',#7877,1000.);
#2147=VECTOR('',#7880,1000.);
#2148=VECTOR('',#7881,1000.);
#2149=VECTOR('',#7884,1000.);
#2150=CIRCLE('',#6011,0.1);
#2151=CIRCLE('',#6012,0.1);
#2152=CIRCLE('',#6014,0.1);
#2153=CIRCLE('',#6015,0.5);
#2154=CIRCLE('',#6016,0.4);
#2155=CIRCLE('',#6018,0.100000000000001);
#2156=CIRCLE('',#6020,0.1);
#2157=CIRCLE('',#6021,0.5);
#2158=CIRCLE('',#6022,0.4);
#2159=CIRCLE('',#6024,0.1);
#2160=CIRCLE('',#6026,0.05);
#2161=CIRCLE('',#6029,0.2);
#2162=CIRCLE('',#6030,0.1);
#2163=CIRCLE('',#6031,0.1);
#2164=CIRCLE('',#6032,0.0999999999999995);
#2165=CIRCLE('',#6034,0.2);
#2166=CIRCLE('',#6035,0.1);
#2167=CIRCLE('',#6036,0.1);
#2168=CIRCLE('',#6037,0.100000000000001);
#2169=CIRCLE('',#6039,0.1);
#2170=CIRCLE('',#6041,0.1);
#2171=CIRCLE('',#6043,0.099999999999999);
#2172=CIRCLE('',#6044,0.7);
#2173=CIRCLE('',#6045,0.8);
#2174=CIRCLE('',#6047,0.100000000000001);
#2175=CIRCLE('',#6049,0.1);
#2176=CIRCLE('',#6050,0.7);
#2177=CIRCLE('',#6051,0.8);
#2178=CIRCLE('',#6055,0.1);
#2179=CIRCLE('',#6060,0.2);
#2180=CIRCLE('',#6061,0.1);
#2181=CIRCLE('',#6062,0.1);
#2182=CIRCLE('',#6063,0.100000000000001);
#2183=CIRCLE('',#6065,0.1);
#2184=CIRCLE('',#6067,0.2);
#2185=CIRCLE('',#6068,0.1);
#2186=CIRCLE('',#6069,0.1);
#2187=CIRCLE('',#6070,0.100000000000001);
#2188=CIRCLE('',#6073,0.1);
#2189=CIRCLE('',#6075,0.1);
#2190=CIRCLE('',#6076,0.8);
#2191=CIRCLE('',#6077,0.7);
#2192=CIRCLE('',#6079,0.1);
#2193=CIRCLE('',#6081,0.1);
#2194=CIRCLE('',#6082,0.8);
#2195=CIRCLE('',#6083,0.7);
#2196=CIRCLE('',#6086,0.1);
#2197=CIRCLE('',#6091,0.1);
#2198=CIRCLE('',#6092,0.1);
#2199=CIRCLE('',#6094,0.1);
#2200=CIRCLE('',#6095,0.4);
#2201=CIRCLE('',#6096,0.5);
#2202=CIRCLE('',#6098,0.1);
#2203=CIRCLE('',#6100,0.0999999999999995);
#2204=CIRCLE('',#6101,0.4);
#2205=CIRCLE('',#6102,0.5);
#2206=CIRCLE('',#6104,0.1);
#2207=CIRCLE('',#6106,0.5);
#2208=CIRCLE('',#6107,0.5);
#2209=CIRCLE('',#6110,0.5);
#2210=CIRCLE('',#6111,0.5);
#2211=CIRCLE('',#6113,0.05);
#2212=CIRCLE('',#6114,0.05);
#2213=CIRCLE('',#6115,0.6);
#2214=CIRCLE('',#6116,1.);
#2215=CIRCLE('',#6117,0.4);
#2216=CIRCLE('',#6118,0.4);
#2217=CIRCLE('',#6119,1.);
#2218=CIRCLE('',#6120,0.6);
#2219=CIRCLE('',#6121,0.4);
#2220=CIRCLE('',#6122,0.4);
#2221=CIRCLE('',#6124,0.8);
#2222=CIRCLE('',#6127,0.8);
#2223=CIRCLE('',#6130,0.8);
#2224=CIRCLE('',#6133,0.8);
#2225=CIRCLE('',#6195,0.05);
#2226=CIRCLE('',#6199,0.6);
#2227=CIRCLE('',#6201,1.);
#2228=CIRCLE('',#6204,0.4);
#2229=CIRCLE('',#6207,0.4);
#2230=CIRCLE('',#6210,1.);
#2231=CIRCLE('',#6212,0.6);
#2232=CIRCLE('',#6215,0.4);
#2233=CIRCLE('',#6218,0.4);
#2234=CIRCLE('',#6301,0.325000000000001);
#2235=CIRCLE('',#6302,0.45);
#2236=CIRCLE('',#6304,0.45);
#2237=CIRCLE('',#6305,0.45);
#2238=CIRCLE('',#6308,0.43);
#2239=CIRCLE('',#6311,0.325000000000001);
#2240=CIRCLE('',#6312,0.45);
#2241=CIRCLE('',#6314,0.45);
#2242=CIRCLE('',#6315,0.45);
#2243=CIRCLE('',#6318,0.43);
#2244=CIRCLE('',#6319,0.43);
#2245=CIRCLE('',#6323,0.95);
#2246=CIRCLE('',#6327,0.95);
#2247=CIRCLE('',#6329,0.45);
#2248=CIRCLE('',#6331,0.85);
#2249=CIRCLE('',#6332,0.1);
#2250=CIRCLE('',#6333,0.95);
#2251=CIRCLE('',#6334,0.95);
#2252=CIRCLE('',#6335,0.95);
#2253=CIRCLE('',#6336,0.85);
#2254=CIRCLE('',#6338,0.1);
#2255=CIRCLE('',#6339,1.05);
#2256=CIRCLE('',#6340,1.05);
#2257=CIRCLE('',#6342,1.05);
#2258=CIRCLE('',#6344,0.8125);
#2259=CIRCLE('',#6345,0.8125);
#2260=CIRCLE('',#6346,0.05);
#2261=CIRCLE('',#6347,0.775);
#2262=CIRCLE('',#6348,0.775);
#2263=CIRCLE('',#6350,0.775);
#2264=CIRCLE('',#6351,0.775);
#2265=CIRCLE('',#6353,0.05);
#2266=CIRCLE('',#6354,0.85);
#2267=CIRCLE('',#6355,0.85);
#2268=CIRCLE('',#6357,0.85);
#2269=CIRCLE('',#6358,0.85);
#2270=CIRCLE('',#6359,0.85);
#2271=CIRCLE('',#6361,1.15);
#2272=CIRCLE('',#6364,0.6);
#2273=CIRCLE('',#6367,0.85);
#2274=CIRCLE('',#6368,0.85);
#2275=CIRCLE('',#6369,0.1);
#2276=CIRCLE('',#6370,0.95);
#2277=CIRCLE('',#6371,0.95);
#2278=CIRCLE('',#6372,0.95);
#2279=CIRCLE('',#6374,0.1);
#2280=CIRCLE('',#6375,1.05);
#2281=CIRCLE('',#6376,1.05);
#2282=CIRCLE('',#6378,1.05);
#2283=CIRCLE('',#6380,0.8125);
#2284=CIRCLE('',#6381,0.8125);
#2285=CIRCLE('',#6382,0.05);
#2286=CIRCLE('',#6383,0.775);
#2287=CIRCLE('',#6384,0.775);
#2288=CIRCLE('',#6386,0.775);
#2289=CIRCLE('',#6387,0.775);
#2290=CIRCLE('',#6389,0.85);
#2291=CIRCLE('',#6390,0.05);
#2292=CIRCLE('',#6391,0.85);
#2293=CIRCLE('',#6393,0.85);
#2294=CIRCLE('',#6394,0.85);
#2295=CIRCLE('',#6396,1.15);
#2296=CIRCLE('',#6399,0.6);
#2297=CIRCLE('',#6401,0.95);
#2298=CIRCLE('',#6402,0.45);
#2299=CIRCLE('',#6407,0.95);
#2300=CIRCLE('',#6410,0.95);
#2301=CIRCLE('',#6414,0.95);
#2302=CIRCLE('',#6416,0.45);
#2303=CIRCLE('',#6418,0.95);
#2304=CIRCLE('',#6420,0.95);
#2305=CIRCLE('',#6424,0.45);
#2306=CIRCLE('',#6426,0.95);
#2307=CIRCLE('',#6430,0.95);
#2308=CIRCLE('',#6432,0.45);
#2309=CIRCLE('',#6434,0.95);
#2310=CIRCLE('',#6436,0.95);
#2311=CIRCLE('',#6440,0.45);
#2312=CIRCLE('',#6442,0.95);
#2313=CIRCLE('',#6446,0.95);
#2314=CIRCLE('',#6448,0.45);
#2315=CIRCLE('',#6450,0.95);
#2316=CIRCLE('',#6452,0.95);
#2317=CIRCLE('',#6456,0.45);
#2318=VERTEX_POINT('',#7898);
#2319=VERTEX_POINT('',#7899);
#2320=VERTEX_POINT('',#7901);
#2321=VERTEX_POINT('',#7903);
#2322=VERTEX_POINT('',#7907);
#2323=VERTEX_POINT('',#7908);
#2324=VERTEX_POINT('',#7913);
#2325=VERTEX_POINT('',#7914);
#2326=VERTEX_POINT('',#7919);
#2327=VERTEX_POINT('',#7920);
#2328=VERTEX_POINT('',#7925);
#2329=VERTEX_POINT('',#7926);
#2330=VERTEX_POINT('',#7931);
#2331=VERTEX_POINT('',#7933);
#2332=VERTEX_POINT('',#7935);
#2333=VERTEX_POINT('',#7937);
#2334=VERTEX_POINT('',#7941);
#2335=VERTEX_POINT('',#7943);
#2336=VERTEX_POINT('',#7945);
#2337=VERTEX_POINT('',#7949);
#2338=VERTEX_POINT('',#7950);
#2339=VERTEX_POINT('',#7952);
#2340=VERTEX_POINT('',#7954);
#2341=VERTEX_POINT('',#7958);
#2342=VERTEX_POINT('',#7959);
#2343=VERTEX_POINT('',#7961);
#2344=VERTEX_POINT('',#7963);
#2345=VERTEX_POINT('',#7967);
#2346=VERTEX_POINT('',#7968);
#2347=VERTEX_POINT('',#7973);
#2348=VERTEX_POINT('',#7974);
#2349=VERTEX_POINT('',#7979);
#2350=VERTEX_POINT('',#7980);
#2351=VERTEX_POINT('',#7985);
#2352=VERTEX_POINT('',#7986);
#2353=VERTEX_POINT('',#7991);
#2354=VERTEX_POINT('',#7992);
#2355=VERTEX_POINT('',#8003);
#2356=VERTEX_POINT('',#8004);
#2357=VERTEX_POINT('',#8009);
#2358=VERTEX_POINT('',#8011);
#2359=VERTEX_POINT('',#8013);
#2360=VERTEX_POINT('',#8017);
#2361=VERTEX_POINT('',#8019);
#2362=VERTEX_POINT('',#8022);
#2363=VERTEX_POINT('',#8024);
#2364=VERTEX_POINT('',#8029);
#2365=VERTEX_POINT('',#8030);
#2366=VERTEX_POINT('',#8032);
#2367=VERTEX_POINT('',#8034);
#2368=VERTEX_POINT('',#8038);
#2369=VERTEX_POINT('',#8039);
#2370=VERTEX_POINT('',#8044);
#2371=VERTEX_POINT('',#8045);
#2372=VERTEX_POINT('',#8047);
#2373=VERTEX_POINT('',#8049);
#2374=VERTEX_POINT('',#8056);
#2375=VERTEX_POINT('',#8057);
#2376=VERTEX_POINT('',#8062);
#2377=VERTEX_POINT('',#8063);
#2378=VERTEX_POINT('',#8068);
#2379=VERTEX_POINT('',#8069);
#2380=VERTEX_POINT('',#8074);
#2381=VERTEX_POINT('',#8075);
#2382=VERTEX_POINT('',#8083);
#2383=VERTEX_POINT('',#8084);
#2384=VERTEX_POINT('',#8089);
#2385=VERTEX_POINT('',#8091);
#2386=VERTEX_POINT('',#8093);
#2387=VERTEX_POINT('',#8097);
#2388=VERTEX_POINT('',#8100);
#2389=VERTEX_POINT('',#8102);
#2390=VERTEX_POINT('',#8107);
#2391=VERTEX_POINT('',#8109);
#2392=VERTEX_POINT('',#8113);
#2393=VERTEX_POINT('',#8114);
#2394=VERTEX_POINT('',#8119);
#2395=VERTEX_POINT('',#8120);
#2396=VERTEX_POINT('',#8125);
#2397=VERTEX_POINT('',#8130);
#2398=VERTEX_POINT('',#8134);
#2399=VERTEX_POINT('',#8136);
#2400=VERTEX_POINT('',#8138);
#2401=VERTEX_POINT('',#8140);
#2402=VERTEX_POINT('',#8144);
#2403=VERTEX_POINT('',#8148);
#2404=VERTEX_POINT('',#8150);
#2405=VERTEX_POINT('',#8152);
#2406=VERTEX_POINT('',#8156);
#2407=VERTEX_POINT('',#8159);
#2408=VERTEX_POINT('',#8161);
#2409=VERTEX_POINT('',#8164);
#2410=VERTEX_POINT('',#8166);
#2411=VERTEX_POINT('',#8169);
#2412=VERTEX_POINT('',#8173);
#2413=VERTEX_POINT('',#8174);
#2414=VERTEX_POINT('',#8176);
#2415=VERTEX_POINT('',#8178);
#2416=VERTEX_POINT('',#8180);
#2417=VERTEX_POINT('',#8182);
#2418=VERTEX_POINT('',#8184);
#2419=VERTEX_POINT('',#8186);
#2420=VERTEX_POINT('',#8188);
#2421=VERTEX_POINT('',#8190);
#2422=VERTEX_POINT('',#8192);
#2423=VERTEX_POINT('',#8194);
#2424=VERTEX_POINT('',#8196);
#2425=VERTEX_POINT('',#8198);
#2426=VERTEX_POINT('',#8202);
#2427=VERTEX_POINT('',#8204);
#2428=VERTEX_POINT('',#8208);
#2429=VERTEX_POINT('',#8212);
#2430=VERTEX_POINT('',#8219);
#2431=VERTEX_POINT('',#8221);
#2432=VERTEX_POINT('',#8225);
#2433=VERTEX_POINT('',#8229);
#2434=VERTEX_POINT('',#8240);
#2435=VERTEX_POINT('',#8241);
#2436=VERTEX_POINT('',#8243);
#2437=VERTEX_POINT('',#8245);
#2438=VERTEX_POINT('',#8247);
#2439=VERTEX_POINT('',#8249);
#2440=VERTEX_POINT('',#8251);
#2441=VERTEX_POINT('',#8253);
#2442=VERTEX_POINT('',#8256);
#2443=VERTEX_POINT('',#8288);
#2444=VERTEX_POINT('',#8289);
#2445=VERTEX_POINT('',#8291);
#2446=VERTEX_POINT('',#8293);
#2447=VERTEX_POINT('',#8295);
#2448=VERTEX_POINT('',#8297);
#2449=VERTEX_POINT('',#8307);
#2450=VERTEX_POINT('',#8321);
#2451=VERTEX_POINT('',#8323);
#2452=VERTEX_POINT('',#8337);
#2453=VERTEX_POINT('',#8356);
#2454=VERTEX_POINT('',#8357);
#2455=VERTEX_POINT('',#8359);
#2456=VERTEX_POINT('',#8385);
#2457=VERTEX_POINT('',#8415);
#2458=VERTEX_POINT('',#8416);
#2459=VERTEX_POINT('',#8418);
#2460=VERTEX_POINT('',#8444);
#2461=VERTEX_POINT('',#8474);
#2462=VERTEX_POINT('',#8475);
#2463=VERTEX_POINT('',#8492);
#2464=VERTEX_POINT('',#8500);
#2465=VERTEX_POINT('',#8502);
#2466=VERTEX_POINT('',#8521);
#2467=VERTEX_POINT('',#8531);
#2468=VERTEX_POINT('',#8532);
#2469=VERTEX_POINT('',#8534);
#2470=VERTEX_POINT('',#8536);
#2471=VERTEX_POINT('',#8538);
#2472=VERTEX_POINT('',#8540);
#2473=VERTEX_POINT('',#8544);
#2474=VERTEX_POINT('',#8546);
#2475=VERTEX_POINT('',#8550);
#2476=VERTEX_POINT('',#8554);
#2477=VERTEX_POINT('',#8558);
#2478=VERTEX_POINT('',#8562);
#2479=VERTEX_POINT('',#8573);
#2480=VERTEX_POINT('',#8574);
#2481=VERTEX_POINT('',#8576);
#2482=VERTEX_POINT('',#8578);
#2483=VERTEX_POINT('',#8582);
#2484=VERTEX_POINT('',#8584);
#2485=VERTEX_POINT('',#8588);
#2486=VERTEX_POINT('',#8590);
#2487=VERTEX_POINT('',#8594);
#2488=VERTEX_POINT('',#8598);
#2489=VERTEX_POINT('',#8602);
#2490=VERTEX_POINT('',#8606);
#2491=VERTEX_POINT('',#8610);
#2492=VERTEX_POINT('',#8614);
#2493=VERTEX_POINT('',#8688);
#2494=VERTEX_POINT('',#8721);
#2495=VERTEX_POINT('',#8817);
#2496=VERTEX_POINT('',#8852);
#2497=VERTEX_POINT('',#8853);
#2498=VERTEX_POINT('',#8855);
#2499=VERTEX_POINT('',#8857);
#2500=VERTEX_POINT('',#8859);
#2501=VERTEX_POINT('',#8872);
#2502=VERTEX_POINT('',#8880);
#2503=VERTEX_POINT('',#8891);
#2504=VERTEX_POINT('',#8893);
#2505=VERTEX_POINT('',#8897);
#2506=VERTEX_POINT('',#8924);
#2507=VERTEX_POINT('',#8952);
#2508=VERTEX_POINT('',#8962);
#2509=VERTEX_POINT('',#8981);
#2510=VERTEX_POINT('',#9017);
#2511=VERTEX_POINT('',#9018);
#2512=VERTEX_POINT('',#9032);
#2513=VERTEX_POINT('',#9034);
#2514=VERTEX_POINT('',#9057);
#2515=VERTEX_POINT('',#9059);
#2516=VERTEX_POINT('',#9063);
#2517=VERTEX_POINT('',#9067);
#2518=VERTEX_POINT('',#9088);
#2519=VERTEX_POINT('',#9125);
#2520=VERTEX_POINT('',#9141);
#2521=VERTEX_POINT('',#9170);
#2522=VERTEX_POINT('',#9186);
#2523=VERTEX_POINT('',#9223);
#2524=VERTEX_POINT('',#9257);
#2525=VERTEX_POINT('',#9258);
#2526=VERTEX_POINT('',#9265);
#2527=VERTEX_POINT('',#9267);
#2528=VERTEX_POINT('',#9289);
#2529=VERTEX_POINT('',#9291);
#2530=VERTEX_POINT('',#9301);
#2531=VERTEX_POINT('',#9340);
#2532=VERTEX_POINT('',#9361);
#2533=VERTEX_POINT('',#9374);
#2534=VERTEX_POINT('',#9521);
#2535=VERTEX_POINT('',#9523);
#2536=VERTEX_POINT('',#9551);
#2537=VERTEX_POINT('',#9610);
#2538=VERTEX_POINT('',#9693);
#2539=VERTEX_POINT('',#9695);
#2540=VERTEX_POINT('',#9723);
#2541=VERTEX_POINT('',#9782);
#2542=VERTEX_POINT('',#9821);
#2543=VERTEX_POINT('',#9825);
#2544=VERTEX_POINT('',#9832);
#2545=VERTEX_POINT('',#9834);
#2546=VERTEX_POINT('',#9838);
#2547=VERTEX_POINT('',#9842);
#2548=VERTEX_POINT('',#9846);
#2549=VERTEX_POINT('',#9850);
#2550=VERTEX_POINT('',#9854);
#2551=VERTEX_POINT('',#9858);
#2552=VERTEX_POINT('',#9862);
#2553=VERTEX_POINT('',#9866);
#2554=VERTEX_POINT('',#9870);
#2555=VERTEX_POINT('',#9874);
#2556=VERTEX_POINT('',#9878);
#2557=VERTEX_POINT('',#9882);
#2558=VERTEX_POINT('',#9888);
#2559=VERTEX_POINT('',#9889);
#2560=VERTEX_POINT('',#9891);
#2561=VERTEX_POINT('',#9893);
#2562=VERTEX_POINT('',#9895);
#2563=VERTEX_POINT('',#9897);
#2564=VERTEX_POINT('',#9899);
#2565=VERTEX_POINT('',#9901);
#2566=VERTEX_POINT('',#9903);
#2567=VERTEX_POINT('',#9905);
#2568=VERTEX_POINT('',#9907);
#2569=VERTEX_POINT('',#9909);
#2570=VERTEX_POINT('',#9912);
#2571=VERTEX_POINT('',#9913);
#2572=VERTEX_POINT('',#9915);
#2573=VERTEX_POINT('',#9917);
#2574=VERTEX_POINT('',#9920);
#2575=VERTEX_POINT('',#9921);
#2576=VERTEX_POINT('',#9923);
#2577=VERTEX_POINT('',#9925);
#2578=VERTEX_POINT('',#9927);
#2579=VERTEX_POINT('',#9935);
#2580=VERTEX_POINT('',#9945);
#2581=VERTEX_POINT('',#9947);
#2582=VERTEX_POINT('',#9949);
#2583=VERTEX_POINT('',#9951);
#2584=VERTEX_POINT('',#9953);
#2585=VERTEX_POINT('',#9955);
#2586=VERTEX_POINT('',#9957);
#2587=VERTEX_POINT('',#9960);
#2588=VERTEX_POINT('',#9961);
#2589=VERTEX_POINT('',#9963);
#2590=VERTEX_POINT('',#9965);
#2591=VERTEX_POINT('',#9968);
#2592=VERTEX_POINT('',#9969);
#2593=VERTEX_POINT('',#9971);
#2594=VERTEX_POINT('',#9973);
#2595=VERTEX_POINT('',#9975);
#2596=VERTEX_POINT('',#9977);
#2597=VERTEX_POINT('',#9989);
#2598=VERTEX_POINT('',#9991);
#2599=VERTEX_POINT('',#9997);
#2600=VERTEX_POINT('',#10004);
#2601=VERTEX_POINT('',#10006);
#2602=VERTEX_POINT('',#10008);
#2603=VERTEX_POINT('',#10010);
#2604=VERTEX_POINT('',#10013);
#2605=VERTEX_POINT('',#10014);
#2606=VERTEX_POINT('',#10016);
#2607=VERTEX_POINT('',#10018);
#2608=VERTEX_POINT('',#10034);
#2609=VERTEX_POINT('',#10069);
#2610=VERTEX_POINT('',#10070);
#2611=VERTEX_POINT('',#10079);
#2612=VERTEX_POINT('',#10081);
#2613=VERTEX_POINT('',#10090);
#2614=VERTEX_POINT('',#10092);
#2615=VERTEX_POINT('',#10101);
#2616=VERTEX_POINT('',#10111);
#2617=VERTEX_POINT('',#10112);
#2618=VERTEX_POINT('',#10114);
#2619=VERTEX_POINT('',#10116);
#2620=VERTEX_POINT('',#10118);
#2621=VERTEX_POINT('',#10120);
#2622=VERTEX_POINT('',#10122);
#2623=VERTEX_POINT('',#10124);
#2624=VERTEX_POINT('',#10127);
#2625=VERTEX_POINT('',#10128);
#2626=VERTEX_POINT('',#10130);
#2627=VERTEX_POINT('',#10132);
#2628=VERTEX_POINT('',#10134);
#2629=VERTEX_POINT('',#10136);
#2630=VERTEX_POINT('',#10143);
#2631=VERTEX_POINT('',#10145);
#2632=VERTEX_POINT('',#10147);
#2633=VERTEX_POINT('',#10149);
#2634=VERTEX_POINT('',#10151);
#2635=VERTEX_POINT('',#10153);
#2636=VERTEX_POINT('',#10162);
#2637=VERTEX_POINT('',#10164);
#2638=VERTEX_POINT('',#10168);
#2639=VERTEX_POINT('',#10172);
#2640=VERTEX_POINT('',#10176);
#2641=VERTEX_POINT('',#10191);
#2642=VERTEX_POINT('',#10200);
#2643=VERTEX_POINT('',#10204);
#2644=VERTEX_POINT('',#10208);
#2645=VERTEX_POINT('',#10212);
#2646=VERTEX_POINT('',#10216);
#2647=VERTEX_POINT('',#10220);
#2648=VERTEX_POINT('',#10243);
#2649=VERTEX_POINT('',#10245);
#2650=VERTEX_POINT('',#10249);
#2651=VERTEX_POINT('',#10253);
#2652=VERTEX_POINT('',#10257);
#2653=VERTEX_POINT('',#10261);
#2654=VERTEX_POINT('',#10265);
#2655=VERTEX_POINT('',#10269);
#2656=VERTEX_POINT('',#10291);
#2657=VERTEX_POINT('',#10293);
#2658=VERTEX_POINT('',#10304);
#2659=VERTEX_POINT('',#10323);
#2660=VERTEX_POINT('',#10334);
#2661=VERTEX_POINT('',#10353);
#2662=VERTEX_POINT('',#10364);
#2663=VERTEX_POINT('',#10434);
#2664=VERTEX_POINT('',#10456);
#2665=VERTEX_POINT('',#10547);
#2666=VERTEX_POINT('',#10586);
#2667=VERTEX_POINT('',#10588);
#2668=VERTEX_POINT('',#10592);
#2669=VERTEX_POINT('',#10623);
#2670=VERTEX_POINT('',#10667);
#2671=VERTEX_POINT('',#10668);
#2672=VERTEX_POINT('',#10683);
#2673=VERTEX_POINT('',#10685);
#2674=VERTEX_POINT('',#10709);
#2675=VERTEX_POINT('',#10711);
#2676=VERTEX_POINT('',#10715);
#2677=VERTEX_POINT('',#10719);
#2678=VERTEX_POINT('',#10723);
#2679=VERTEX_POINT('',#10748);
#2680=VERTEX_POINT('',#10762);
#2681=VERTEX_POINT('',#10775);
#2682=VERTEX_POINT('',#10794);
#2683=VERTEX_POINT('',#10803);
#2684=VERTEX_POINT('',#10807);
#2685=VERTEX_POINT('',#10811);
#2686=VERTEX_POINT('',#10815);
#2687=VERTEX_POINT('',#10822);
#2688=VERTEX_POINT('',#10824);
#2689=VERTEX_POINT('',#10828);
#2690=VERTEX_POINT('',#10832);
#2691=VERTEX_POINT('',#10839);
#2692=VERTEX_POINT('',#10841);
#2693=VERTEX_POINT('',#10845);
#2694=VERTEX_POINT('',#10849);
#2695=VERTEX_POINT('',#10866);
#2696=VERTEX_POINT('',#10893);
#2697=VERTEX_POINT('',#10905);
#2698=VERTEX_POINT('',#10909);
#2699=VERTEX_POINT('',#10913);
#2700=VERTEX_POINT('',#10917);
#2701=VERTEX_POINT('',#10921);
#2702=VERTEX_POINT('',#10925);
#2703=VERTEX_POINT('',#10929);
#2704=VERTEX_POINT('',#10936);
#2705=VERTEX_POINT('',#10938);
#2706=VERTEX_POINT('',#10942);
#2707=VERTEX_POINT('',#10946);
#2708=VERTEX_POINT('',#10953);
#2709=VERTEX_POINT('',#10955);
#2710=VERTEX_POINT('',#10959);
#2711=VERTEX_POINT('',#10963);
#2712=VERTEX_POINT('',#10967);
#2713=VERTEX_POINT('',#10971);
#2714=VERTEX_POINT('',#10975);
#2715=VERTEX_POINT('',#10979);
#2716=VERTEX_POINT('',#10983);
#2717=VERTEX_POINT('',#10987);
#2718=VERTEX_POINT('',#10991);
#2719=VERTEX_POINT('',#10995);
#2720=VERTEX_POINT('',#11003);
#2721=VERTEX_POINT('',#11005);
#2722=VERTEX_POINT('',#11009);
#2723=VERTEX_POINT('',#11010);
#2724=VERTEX_POINT('',#11016);
#2725=VERTEX_POINT('',#11021);
#2726=VERTEX_POINT('',#11023);
#2727=VERTEX_POINT('',#11027);
#2728=VERTEX_POINT('',#11028);
#2729=VERTEX_POINT('',#11034);
#2730=VERTEX_POINT('',#11035);
#2731=VERTEX_POINT('',#11042);
#2732=VERTEX_POINT('',#11043);
#2733=VERTEX_POINT('',#11045);
#2734=VERTEX_POINT('',#11049);
#2735=VERTEX_POINT('',#11051);
#2736=VERTEX_POINT('',#11062);
#2737=VERTEX_POINT('',#11066);
#2738=VERTEX_POINT('',#11068);
#2739=VERTEX_POINT('',#11151);
#2740=VERTEX_POINT('',#11152);
#2741=VERTEX_POINT('',#11154);
#2742=VERTEX_POINT('',#11156);
#2743=VERTEX_POINT('',#11158);
#2744=VERTEX_POINT('',#11163);
#2745=VERTEX_POINT('',#11165);
#2746=VERTEX_POINT('',#11169);
#2747=VERTEX_POINT('',#11173);
#2748=VERTEX_POINT('',#11174);
#2749=VERTEX_POINT('',#11177);
#2750=VERTEX_POINT('',#11179);
#2751=VERTEX_POINT('',#11183);
#2752=VERTEX_POINT('',#11184);
#2753=VERTEX_POINT('',#11189);
#2754=VERTEX_POINT('',#11191);
#2755=VERTEX_POINT('',#11195);
#2756=VERTEX_POINT('',#11197);
#2757=VERTEX_POINT('',#11199);
#2758=VERTEX_POINT('',#11206);
#2759=VERTEX_POINT('',#11211);
#2760=VERTEX_POINT('',#11212);
#2761=VERTEX_POINT('',#11215);
#2762=VERTEX_POINT('',#11217);
#2763=VERTEX_POINT('',#11219);
#2764=VERTEX_POINT('',#11223);
#2765=VERTEX_POINT('',#11225);
#2766=VERTEX_POINT('',#11229);
#2767=VERTEX_POINT('',#11233);
#2768=VERTEX_POINT('',#11234);
#2769=VERTEX_POINT('',#11237);
#2770=VERTEX_POINT('',#11239);
#2771=VERTEX_POINT('',#11243);
#2772=VERTEX_POINT('',#11244);
#2773=VERTEX_POINT('',#11249);
#2774=VERTEX_POINT('',#11250);
#2775=VERTEX_POINT('',#11255);
#2776=VERTEX_POINT('',#11257);
#2777=VERTEX_POINT('',#11264);
#2778=VERTEX_POINT('',#11277);
#2779=VERTEX_POINT('',#11278);
#2780=VERTEX_POINT('',#11289);
#2781=VERTEX_POINT('',#11291);
#2782=VERTEX_POINT('',#11361);
#2783=VERTEX_POINT('',#11365);
#2784=VERTEX_POINT('',#11367);
#2785=VERTEX_POINT('',#11371);
#2786=VERTEX_POINT('',#11378);
#2787=VERTEX_POINT('',#11379);
#2788=VERTEX_POINT('',#11381);
#2789=VERTEX_POINT('',#11385);
#2790=VERTEX_POINT('',#11387);
#2791=VERTEX_POINT('',#11398);
#2792=VERTEX_POINT('',#11402);
#2793=VERTEX_POINT('',#11404);
#2794=VERTEX_POINT('',#11487);
#2795=VERTEX_POINT('',#11488);
#2796=VERTEX_POINT('',#11490);
#2797=VERTEX_POINT('',#11494);
#2798=VERTEX_POINT('',#11496);
#2799=VERTEX_POINT('',#11500);
#2800=VERTEX_POINT('',#11511);
#2801=VERTEX_POINT('',#11515);
#2802=VERTEX_POINT('',#11596);
#2803=VERTEX_POINT('',#11597);
#2804=VERTEX_POINT('',#11599);
#2805=VERTEX_POINT('',#11603);
#2806=VERTEX_POINT('',#11604);
#2807=VERTEX_POINT('',#11606);
#2808=VERTEX_POINT('',#11677);
#2809=VERTEX_POINT('',#11679);
#2810=VERTEX_POINT('',#11705);
#2811=VERTEX_POINT('',#11706);
#2812=VERTEX_POINT('',#11708);
#2813=VERTEX_POINT('',#11712);
#2814=VERTEX_POINT('',#11714);
#2815=VERTEX_POINT('',#11718);
#2816=VERTEX_POINT('',#11729);
#2817=VERTEX_POINT('',#11733);
#2818=VERTEX_POINT('',#11814);
#2819=VERTEX_POINT('',#11815);
#2820=VERTEX_POINT('',#11817);
#2821=VERTEX_POINT('',#11821);
#2822=VERTEX_POINT('',#11822);
#2823=VERTEX_POINT('',#11824);
#2824=VERTEX_POINT('',#11895);
#2825=VERTEX_POINT('',#11897);
#2826=VERTEX_POINT('',#11923);
#2827=VERTEX_POINT('',#11924);
#2828=VERTEX_POINT('',#11926);
#2829=VERTEX_POINT('',#11930);
#2830=VERTEX_POINT('',#11932);
#2831=VERTEX_POINT('',#11936);
#2832=VERTEX_POINT('',#11937);
#2833=VERTEX_POINT('',#12008);
#2834=EDGE_CURVE('',#2318,#2319,#2150,.T.);
#2835=EDGE_CURVE('',#2319,#2320,#1088,.T.);
#2836=EDGE_CURVE('',#2320,#2321,#2151,.T.);
#2837=EDGE_CURVE('',#2321,#2318,#1089,.T.);
#2838=EDGE_CURVE('',#2322,#2323,#2152,.T.);
#2839=EDGE_CURVE('',#2323,#2321,#2153,.T.);
#2840=EDGE_CURVE('',#2320,#2322,#2154,.T.);
#2841=EDGE_CURVE('',#2324,#2325,#2155,.T.);
#2842=EDGE_CURVE('',#2325,#2323,#1090,.T.);
#2843=EDGE_CURVE('',#2322,#2324,#1091,.T.);
#2844=EDGE_CURVE('',#2326,#2327,#2156,.T.);
#2845=EDGE_CURVE('',#2327,#2325,#2157,.T.);
#2846=EDGE_CURVE('',#2324,#2326,#2158,.T.);
#2847=EDGE_CURVE('',#2328,#2329,#2159,.T.);
#2848=EDGE_CURVE('',#2329,#2327,#1092,.T.);
#2849=EDGE_CURVE('',#2326,#2328,#1093,.T.);
#2850=EDGE_CURVE('',#2330,#2328,#1094,.T.);
#2851=EDGE_CURVE('',#2331,#2330,#1095,.T.);
#2852=EDGE_CURVE('',#2332,#2331,#2160,.T.);
#2853=EDGE_CURVE('',#2333,#2332,#1096,.T.);
#2854=EDGE_CURVE('',#2329,#2333,#1097,.T.);
#2855=EDGE_CURVE('',#2334,#2319,#1098,.T.);
#2856=EDGE_CURVE('',#2334,#2335,#1099,.T.);
#2857=EDGE_CURVE('',#2336,#2335,#1100,.T.);
#2858=EDGE_CURVE('',#2330,#2336,#1101,.T.);
#2859=EDGE_CURVE('',#2337,#2338,#2161,.T.);
#2860=EDGE_CURVE('',#2339,#2338,#2162,.T.);
#2861=EDGE_CURVE('',#2340,#2339,#2163,.F.);
#2862=EDGE_CURVE('',#2337,#2340,#2164,.T.);
#2863=EDGE_CURVE('',#2341,#2342,#2165,.T.);
#2864=EDGE_CURVE('',#2343,#2342,#2166,.T.);
#2865=EDGE_CURVE('',#2344,#2343,#2167,.F.);
#2866=EDGE_CURVE('',#2341,#2344,#2168,.T.);
#2867=EDGE_CURVE('',#2345,#2346,#2169,.T.);
#2868=EDGE_CURVE('',#2346,#2343,#1102,.T.);
#2869=EDGE_CURVE('',#2342,#2345,#1103,.T.);
#2870=EDGE_CURVE('',#2347,#2348,#2170,.T.);
#2871=EDGE_CURVE('',#2348,#2344,#1104,.T.);
#2872=EDGE_CURVE('',#2343,#2347,#1105,.T.);
#2873=EDGE_CURVE('',#2349,#2350,#2171,.T.);
#2874=EDGE_CURVE('',#2350,#2348,#2172,.T.);
#2875=EDGE_CURVE('',#2347,#2349,#2173,.T.);
#2876=EDGE_CURVE('',#2351,#2352,#2174,.T.);
#2877=EDGE_CURVE('',#2352,#2350,#1106,.T.);
#2878=EDGE_CURVE('',#2349,#2351,#1107,.T.);
#2879=EDGE_CURVE('',#2353,#2354,#2175,.T.);
#2880=EDGE_CURVE('',#2354,#2352,#2176,.T.);
#2881=EDGE_CURVE('',#2351,#2353,#2177,.T.);
#2882=EDGE_CURVE('',#2339,#2354,#1108,.T.);
#2883=EDGE_CURVE('',#2353,#2340,#1109,.T.);
#2884=EDGE_CURVE('',#2338,#2341,#1110,.T.);
#2885=EDGE_CURVE('',#2344,#2339,#1111,.T.);
#2886=EDGE_CURVE('',#2355,#2356,#2178,.T.);
#2887=EDGE_CURVE('',#2356,#2337,#1112,.T.);
#2888=EDGE_CURVE('',#2340,#2355,#1113,.T.);
#2889=EDGE_CURVE('',#2346,#2357,#1114,.T.);
#2890=EDGE_CURVE('',#2357,#2358,#1115,.T.);
#2891=EDGE_CURVE('',#2358,#2359,#1116,.T.);
#2892=EDGE_CURVE('',#2347,#2359,#1117,.T.);
#2893=EDGE_CURVE('',#2321,#2360,#1118,.F.);
#2894=EDGE_CURVE('',#2361,#2360,#1119,.T.);
#2895=EDGE_CURVE('',#2361,#2345,#1120,.T.);
#2896=EDGE_CURVE('',#2356,#2362,#1121,.T.);
#2897=EDGE_CURVE('',#2363,#2362,#1122,.T.);
#2898=EDGE_CURVE('',#2318,#2363,#1123,.T.);
#2899=EDGE_CURVE('',#2364,#2365,#2179,.T.);
#2900=EDGE_CURVE('',#2366,#2365,#2180,.T.);
#2901=EDGE_CURVE('',#2367,#2366,#2181,.F.);
#2902=EDGE_CURVE('',#2364,#2367,#2182,.T.);
#2903=EDGE_CURVE('',#2368,#2369,#2183,.T.);
#2904=EDGE_CURVE('',#2369,#2366,#1124,.T.);
#2905=EDGE_CURVE('',#2365,#2368,#1125,.T.);
#2906=EDGE_CURVE('',#2370,#2371,#2184,.T.);
#2907=EDGE_CURVE('',#2372,#2371,#2185,.T.);
#2908=EDGE_CURVE('',#2373,#2372,#2186,.F.);
#2909=EDGE_CURVE('',#2370,#2373,#2187,.T.);
#2910=EDGE_CURVE('',#2367,#2372,#1126,.T.);
#2911=EDGE_CURVE('',#2371,#2364,#1127,.T.);
#2912=EDGE_CURVE('',#2374,#2375,#2188,.T.);
#2913=EDGE_CURVE('',#2375,#2373,#1128,.T.);
#2914=EDGE_CURVE('',#2372,#2374,#1129,.T.);
#2915=EDGE_CURVE('',#2376,#2377,#2189,.T.);
#2916=EDGE_CURVE('',#2377,#2375,#2190,.T.);
#2917=EDGE_CURVE('',#2374,#2376,#2191,.T.);
#2918=EDGE_CURVE('',#2378,#2379,#2192,.T.);
#2919=EDGE_CURVE('',#2379,#2377,#1130,.T.);
#2920=EDGE_CURVE('',#2376,#2378,#1131,.T.);
#2921=EDGE_CURVE('',#2380,#2381,#2193,.T.);
#2922=EDGE_CURVE('',#2381,#2379,#2194,.T.);
#2923=EDGE_CURVE('',#2378,#2380,#2195,.T.);
#2924=EDGE_CURVE('',#2366,#2381,#1132,.T.);
#2925=EDGE_CURVE('',#2380,#2367,#1133,.T.);
#2926=EDGE_CURVE('',#2382,#2383,#2196,.T.);
#2927=EDGE_CURVE('',#2383,#2370,#1134,.T.);
#2928=EDGE_CURVE('',#2373,#2382,#1135,.T.);
#2929=EDGE_CURVE('',#2384,#2369,#1136,.T.);
#2930=EDGE_CURVE('',#2384,#2385,#1137,.T.);
#2931=EDGE_CURVE('',#2386,#2385,#1138,.T.);
#2932=EDGE_CURVE('',#2381,#2386,#1139,.T.);
#2933=EDGE_CURVE('',#2333,#2387,#1140,.T.);
#2934=EDGE_CURVE('',#2368,#2387,#1141,.T.);
#2935=EDGE_CURVE('',#2388,#2383,#1142,.T.);
#2936=EDGE_CURVE('',#2389,#2388,#1143,.T.);
#2937=EDGE_CURVE('',#2389,#2327,#1144,.T.);
#2938=EDGE_CURVE('',#2390,#2361,#2197,.T.);
#2939=EDGE_CURVE('',#2360,#2391,#2198,.T.);
#2940=EDGE_CURVE('',#2391,#2390,#1145,.T.);
#2941=EDGE_CURVE('',#2392,#2393,#2199,.T.);
#2942=EDGE_CURVE('',#2393,#2391,#2200,.T.);
#2943=EDGE_CURVE('',#2360,#2392,#2201,.T.);
#2944=EDGE_CURVE('',#2394,#2395,#2202,.T.);
#2945=EDGE_CURVE('',#2395,#2393,#1146,.T.);
#2946=EDGE_CURVE('',#2392,#2394,#1147,.T.);
#2947=EDGE_CURVE('',#2389,#2396,#2203,.T.);
#2948=EDGE_CURVE('',#2396,#2395,#2204,.T.);
#2949=EDGE_CURVE('',#2394,#2389,#2205,.T.);
#2950=EDGE_CURVE('',#2388,#2397,#2206,.T.);
#2951=EDGE_CURVE('',#2397,#2396,#1148,.T.);
#2952=EDGE_CURVE('',#2398,#2394,#1149,.F.);
#2953=EDGE_CURVE('',#2398,#2399,#2207,.F.);
#2954=EDGE_CURVE('',#2400,#2399,#1150,.F.);
#2955=EDGE_CURVE('',#2400,#2401,#2208,.F.);
#2956=EDGE_CURVE('',#2325,#2401,#1151,.F.);
#2957=EDGE_CURVE('',#2392,#2402,#1152,.T.);
#2958=EDGE_CURVE('',#2402,#2398,#1153,.T.);
#2959=EDGE_CURVE('',#2403,#2323,#1154,.T.);
#2960=EDGE_CURVE('',#2403,#2404,#2209,.F.);
#2961=EDGE_CURVE('',#2405,#2404,#1155,.T.);
#2962=EDGE_CURVE('',#2405,#2402,#2210,.F.);
#2963=EDGE_CURVE('',#2382,#2406,#1156,.T.);
#2964=EDGE_CURVE('',#2406,#2384,#1157,.T.);
#2965=EDGE_CURVE('',#2387,#2407,#1158,.T.);
#2966=EDGE_CURVE('',#2407,#2408,#2211,.T.);
#2967=EDGE_CURVE('',#2408,#2336,#1159,.T.);
#2968=EDGE_CURVE('',#2409,#2335,#1160,.T.);
#2969=EDGE_CURVE('',#2410,#2409,#2212,.T.);
#2970=EDGE_CURVE('',#2362,#2410,#1161,.T.);
#2971=EDGE_CURVE('',#2411,#2355,#1162,.T.);
#2972=EDGE_CURVE('',#2357,#2411,#1163,.T.);
#2973=EDGE_CURVE('',#2397,#2390,#1164,.T.);
#2974=EDGE_CURVE('',#2412,#2413,#2213,.T.);
#2975=EDGE_CURVE('',#2413,#2414,#2214,.T.);
#2976=EDGE_CURVE('',#2414,#2415,#1165,.T.);
#2977=EDGE_CURVE('',#2415,#2416,#2215,.T.);
#2978=EDGE_CURVE('',#2416,#2417,#1166,.T.);
#2979=EDGE_CURVE('',#2417,#2418,#2216,.T.);
#2980=EDGE_CURVE('',#2418,#2419,#1167,.T.);
#2981=EDGE_CURVE('',#2419,#2420,#2217,.T.);
#2982=EDGE_CURVE('',#2420,#2421,#2218,.T.);
#2983=EDGE_CURVE('',#2421,#2422,#1168,.T.);
#2984=EDGE_CURVE('',#2422,#2423,#2219,.T.);
#2985=EDGE_CURVE('',#2423,#2424,#1169,.T.);
#2986=EDGE_CURVE('',#2424,#2425,#2220,.T.);
#2987=EDGE_CURVE('',#2425,#2412,#1170,.T.);
#2988=EDGE_CURVE('',#2377,#2426,#1171,.T.);
#2989=EDGE_CURVE('',#2426,#2427,#2221,.T.);
#2990=EDGE_CURVE('',#2427,#2375,#1172,.T.);
#2991=EDGE_CURVE('',#2428,#2427,#1173,.T.);
#2992=EDGE_CURVE('',#2406,#2428,#1174,.T.);
#2993=EDGE_CURVE('',#2426,#2429,#1175,.T.);
#2994=EDGE_CURVE('',#2386,#2429,#2222,.T.);
#2995=EDGE_CURVE('',#2385,#2428,#1176,.T.);
#2996=EDGE_CURVE('',#2429,#2379,#1177,.T.);
#2997=EDGE_CURVE('',#2351,#2430,#1178,.T.);
#2998=EDGE_CURVE('',#2430,#2431,#2223,.T.);
#2999=EDGE_CURVE('',#2431,#2353,#1179,.T.);
#3000=EDGE_CURVE('',#2431,#2432,#1180,.T.);
#3001=EDGE_CURVE('',#2411,#2432,#1181,.T.);
#3002=EDGE_CURVE('',#2433,#2430,#1182,.T.);
#3003=EDGE_CURVE('',#2359,#2433,#2224,.T.);
#3004=EDGE_CURVE('',#2432,#2358,#1183,.T.);
#3005=EDGE_CURVE('',#2433,#2349,#1184,.T.);
#3006=EDGE_CURVE('',#2400,#2404,#1185,.T.);
#3007=EDGE_CURVE('',#2405,#2399,#1186,.T.);
#3008=EDGE_CURVE('',#2434,#2435,#1187,.T.);
#3009=EDGE_CURVE('',#2435,#2436,#1188,.T.);
#3010=EDGE_CURVE('',#2436,#2437,#1189,.T.);
#3011=EDGE_CURVE('',#2437,#2438,#1190,.T.);
#3012=EDGE_CURVE('',#2438,#2439,#1191,.T.);
#3013=EDGE_CURVE('',#2439,#2440,#1192,.T.);
#3014=EDGE_CURVE('',#2440,#2441,#1193,.T.);
#3015=EDGE_CURVE('',#2441,#2434,#1194,.T.);
#3016=EDGE_CURVE('',#2442,#2442,#91,.T.);
#3017=EDGE_CURVE('',#2443,#2444,#1195,.T.);
#3018=EDGE_CURVE('',#2444,#2445,#1196,.T.);
#3019=EDGE_CURVE('',#2445,#2446,#1197,.T.);
#3020=EDGE_CURVE('',#2446,#2447,#1198,.T.);
#3021=EDGE_CURVE('',#2447,#2448,#92,.T.);
#3022=EDGE_CURVE('',#2448,#2449,#93,.T.);
#3023=EDGE_CURVE('',#2449,#2450,#1199,.T.);
#3024=EDGE_CURVE('',#2450,#2451,#94,.T.);
#3025=EDGE_CURVE('',#2451,#2452,#1200,.T.);
#3026=EDGE_CURVE('',#2452,#2443,#95,.T.);
#3027=EDGE_CURVE('',#2453,#2454,#1201,.T.);
#3028=EDGE_CURVE('',#2454,#2455,#96,.T.);
#3029=EDGE_CURVE('',#2455,#2456,#1202,.T.);
#3030=EDGE_CURVE('',#2456,#2453,#97,.T.);
#3031=EDGE_CURVE('',#2457,#2458,#1203,.T.);
#3032=EDGE_CURVE('',#2458,#2459,#98,.T.);
#3033=EDGE_CURVE('',#2459,#2460,#1204,.T.);
#3034=EDGE_CURVE('',#2460,#2457,#99,.T.);
#3035=EDGE_CURVE('',#2461,#2462,#100,.T.);
#3036=EDGE_CURVE('',#2462,#2463,#101,.T.);
#3037=EDGE_CURVE('',#2463,#2464,#1205,.T.);
#3038=EDGE_CURVE('',#2464,#2465,#102,.T.);
#3039=EDGE_CURVE('',#2465,#2466,#1206,.T.);
#3040=EDGE_CURVE('',#2466,#2461,#103,.T.);
#3041=EDGE_CURVE('',#2401,#2403,#1207,.T.);
#3042=EDGE_CURVE('',#2467,#2468,#1208,.T.);
#3043=EDGE_CURVE('',#2469,#2467,#1209,.T.);
#3044=EDGE_CURVE('',#2470,#2469,#1210,.T.);
#3045=EDGE_CURVE('',#2471,#2470,#1211,.T.);
#3046=EDGE_CURVE('',#2472,#2471,#1212,.T.);
#3047=EDGE_CURVE('',#2468,#2472,#1213,.T.);
#3048=EDGE_CURVE('',#2473,#2467,#1214,.T.);
#3049=EDGE_CURVE('',#2474,#2473,#1215,.T.);
#3050=EDGE_CURVE('',#2474,#2469,#1216,.T.);
#3051=EDGE_CURVE('',#2475,#2468,#1217,.T.);
#3052=EDGE_CURVE('',#2473,#2475,#1218,.T.);
#3053=EDGE_CURVE('',#2476,#2472,#1219,.T.);
#3054=EDGE_CURVE('',#2475,#2476,#1220,.T.);
#3055=EDGE_CURVE('',#2477,#2471,#1221,.T.);
#3056=EDGE_CURVE('',#2476,#2477,#1222,.T.);
#3057=EDGE_CURVE('',#2478,#2470,#1223,.T.);
#3058=EDGE_CURVE('',#2477,#2478,#1224,.T.);
#3059=EDGE_CURVE('',#2478,#2474,#1225,.T.);
#3060=EDGE_CURVE('',#2479,#2480,#1226,.T.);
#3061=EDGE_CURVE('',#2481,#2479,#1227,.T.);
#3062=EDGE_CURVE('',#2481,#2482,#1228,.T.);
#3063=EDGE_CURVE('',#2482,#2480,#1229,.T.);
#3064=EDGE_CURVE('',#2480,#2483,#1230,.T.);
#3065=EDGE_CURVE('',#2482,#2484,#1231,.T.);
#3066=EDGE_CURVE('',#2484,#2483,#1232,.T.);
#3067=EDGE_CURVE('',#2485,#2435,#1233,.T.);
#3068=EDGE_CURVE('',#2485,#2486,#1234,.T.);
#3069=EDGE_CURVE('',#2486,#2436,#1235,.T.);
#3070=EDGE_CURVE('',#2486,#2487,#1236,.T.);
#3071=EDGE_CURVE('',#2487,#2437,#1237,.T.);
#3072=EDGE_CURVE('',#2487,#2488,#1238,.T.);
#3073=EDGE_CURVE('',#2488,#2438,#1239,.T.);
#3074=EDGE_CURVE('',#2488,#2489,#1240,.T.);
#3075=EDGE_CURVE('',#2489,#2439,#1241,.T.);
#3076=EDGE_CURVE('',#2489,#2490,#1242,.T.);
#3077=EDGE_CURVE('',#2490,#2440,#1243,.T.);
#3078=EDGE_CURVE('',#2490,#2491,#1244,.T.);
#3079=EDGE_CURVE('',#2491,#2441,#1245,.T.);
#3080=EDGE_CURVE('',#2491,#2492,#1246,.T.);
#3081=EDGE_CURVE('',#2492,#2434,#1247,.T.);
#3082=EDGE_CURVE('',#2492,#2485,#1248,.T.);
#3083=EDGE_CURVE('',#2483,#2479,#1249,.T.);
#3084=EDGE_CURVE('',#2484,#2481,#1250,.T.);
#3085=EDGE_CURVE('',#2493,#2493,#104,.T.);
#3086=EDGE_CURVE('',#2493,#2494,#1251,.T.);
#3087=EDGE_CURVE('',#2494,#2494,#105,.T.);
#3088=EDGE_CURVE('',#2442,#2495,#1252,.T.);
#3089=EDGE_CURVE('',#2495,#2495,#106,.T.);
#3090=EDGE_CURVE('',#2496,#2497,#1253,.T.);
#3091=EDGE_CURVE('',#2497,#2498,#1254,.T.);
#3092=EDGE_CURVE('',#2498,#2499,#1255,.T.);
#3093=EDGE_CURVE('',#2499,#2500,#107,.T.);
#3094=EDGE_CURVE('',#2500,#2501,#108,.T.);
#3095=EDGE_CURVE('',#2501,#2502,#1256,.T.);
#3096=EDGE_CURVE('',#2502,#2496,#109,.T.);
#3097=EDGE_CURVE('',#2503,#2497,#1257,.T.);
#3098=EDGE_CURVE('',#2503,#2504,#1258,.T.);
#3099=EDGE_CURVE('',#2504,#2498,#1259,.T.);
#3100=EDGE_CURVE('',#2504,#2505,#1260,.T.);
#3101=EDGE_CURVE('',#2505,#2499,#1261,.T.);
#3102=EDGE_CURVE('',#2505,#2506,#110,.T.);
#3103=EDGE_CURVE('',#2506,#2500,#1262,.T.);
#3104=EDGE_CURVE('',#2506,#2507,#111,.T.);
#3105=EDGE_CURVE('',#2507,#2501,#1263,.T.);
#3106=EDGE_CURVE('',#2507,#2508,#1264,.T.);
#3107=EDGE_CURVE('',#2508,#2502,#1265,.T.);
#3108=EDGE_CURVE('',#2508,#2509,#112,.T.);
#3109=EDGE_CURVE('',#2509,#2496,#1266,.T.);
#3110=EDGE_CURVE('',#2510,#2511,#113,.T.);
#3111=EDGE_CURVE('',#2512,#2510,#1267,.T.);
#3112=EDGE_CURVE('',#2512,#2513,#114,.T.);
#3113=EDGE_CURVE('',#2513,#2511,#1268,.T.);
#3114=EDGE_CURVE('',#2511,#2510,#1269,.T.);
#3115=EDGE_CURVE('',#2513,#2512,#1270,.T.);
#3116=EDGE_CURVE('',#2509,#2503,#1271,.T.);
#3117=EDGE_CURVE('',#2514,#2444,#1272,.T.);
#3118=EDGE_CURVE('',#2514,#2515,#1273,.T.);
#3119=EDGE_CURVE('',#2515,#2445,#1274,.T.);
#3120=EDGE_CURVE('',#2515,#2516,#1275,.T.);
#3121=EDGE_CURVE('',#2516,#2446,#1276,.T.);
#3122=EDGE_CURVE('',#2516,#2517,#1277,.T.);
#3123=EDGE_CURVE('',#2517,#2447,#1278,.T.);
#3124=EDGE_CURVE('',#2517,#2518,#115,.T.);
#3125=EDGE_CURVE('',#2518,#2448,#1279,.T.);
#3126=EDGE_CURVE('',#2518,#2519,#116,.T.);
#3127=EDGE_CURVE('',#2519,#2449,#1280,.T.);
#3128=EDGE_CURVE('',#2519,#2520,#1281,.T.);
#3129=EDGE_CURVE('',#2520,#2450,#1282,.T.);
#3130=EDGE_CURVE('',#2520,#2521,#117,.T.);
#3131=EDGE_CURVE('',#2521,#2451,#1283,.T.);
#3132=EDGE_CURVE('',#2521,#2522,#1284,.T.);
#3133=EDGE_CURVE('',#2522,#2452,#1285,.T.);
#3134=EDGE_CURVE('',#2522,#2523,#118,.T.);
#3135=EDGE_CURVE('',#2523,#2443,#1286,.T.);
#3136=EDGE_CURVE('',#2523,#2514,#1287,.T.);
#3137=EDGE_CURVE('',#2524,#2525,#119,.T.);
#3138=EDGE_CURVE('',#2526,#2524,#1288,.T.);
#3139=EDGE_CURVE('',#2526,#2527,#120,.T.);
#3140=EDGE_CURVE('',#2527,#2525,#1289,.T.);
#3141=EDGE_CURVE('',#2528,#2462,#1290,.T.);
#3142=EDGE_CURVE('',#2528,#2529,#121,.T.);
#3143=EDGE_CURVE('',#2529,#2463,#1291,.T.);
#3144=EDGE_CURVE('',#2529,#2530,#1292,.T.);
#3145=EDGE_CURVE('',#2530,#2464,#1293,.T.);
#3146=EDGE_CURVE('',#2530,#2531,#122,.T.);
#3147=EDGE_CURVE('',#2531,#2465,#1294,.T.);
#3148=EDGE_CURVE('',#2531,#2532,#1295,.T.);
#3149=EDGE_CURVE('',#2532,#2466,#1296,.T.);
#3150=EDGE_CURVE('',#2532,#2533,#123,.T.);
#3151=EDGE_CURVE('',#2533,#2461,#1297,.T.);
#3152=EDGE_CURVE('',#2533,#2528,#124,.T.);
#3153=EDGE_CURVE('',#2525,#2524,#125,.T.);
#3154=EDGE_CURVE('',#2527,#2526,#126,.T.);
#3155=EDGE_CURVE('',#2534,#2458,#1298,.T.);
#3156=EDGE_CURVE('',#2534,#2535,#127,.T.);
#3157=EDGE_CURVE('',#2535,#2459,#1299,.T.);
#3158=EDGE_CURVE('',#2535,#2536,#1300,.T.);
#3159=EDGE_CURVE('',#2536,#2460,#1301,.T.);
#3160=EDGE_CURVE('',#2536,#2537,#128,.T.);
#3161=EDGE_CURVE('',#2537,#2457,#1302,.T.);
#3162=EDGE_CURVE('',#2537,#2534,#1303,.T.);
#3163=EDGE_CURVE('',#2538,#2454,#1304,.T.);
#3164=EDGE_CURVE('',#2538,#2539,#129,.T.);
#3165=EDGE_CURVE('',#2539,#2455,#1305,.T.);
#3166=EDGE_CURVE('',#2539,#2540,#1306,.T.);
#3167=EDGE_CURVE('',#2540,#2456,#1307,.T.);
#3168=EDGE_CURVE('',#2540,#2541,#130,.T.);
#3169=EDGE_CURVE('',#2541,#2453,#1308,.T.);
#3170=EDGE_CURVE('',#2541,#2538,#1309,.T.);
#3171=EDGE_CURVE('',#2332,#2407,#1310,.T.);
#3172=EDGE_CURVE('',#2331,#2408,#1311,.T.);
#3173=EDGE_CURVE('',#2542,#2410,#1312,.T.);
#3174=EDGE_CURVE('',#2363,#2542,#1313,.T.);
#3175=EDGE_CURVE('',#2543,#2409,#1314,.T.);
#3176=EDGE_CURVE('',#2542,#2543,#2225,.T.);
#3177=EDGE_CURVE('',#2543,#2334,#1315,.T.);
#3178=EDGE_CURVE('',#2544,#2412,#1316,.T.);
#3179=EDGE_CURVE('',#2544,#2545,#2226,.T.);
#3180=EDGE_CURVE('',#2545,#2413,#1317,.T.);
#3181=EDGE_CURVE('',#2545,#2546,#2227,.T.);
#3182=EDGE_CURVE('',#2546,#2414,#1318,.T.);
#3183=EDGE_CURVE('',#2546,#2547,#1319,.T.);
#3184=EDGE_CURVE('',#2547,#2415,#1320,.T.);
#3185=EDGE_CURVE('',#2547,#2548,#2228,.T.);
#3186=EDGE_CURVE('',#2548,#2416,#1321,.T.);
#3187=EDGE_CURVE('',#2548,#2549,#1322,.T.);
#3188=EDGE_CURVE('',#2549,#2417,#1323,.T.);
#3189=EDGE_CURVE('',#2549,#2550,#2229,.T.);
#3190=EDGE_CURVE('',#2550,#2418,#1324,.T.);
#3191=EDGE_CURVE('',#2550,#2551,#1325,.T.);
#3192=EDGE_CURVE('',#2551,#2419,#1326,.T.);
#3193=EDGE_CURVE('',#2551,#2552,#2230,.T.);
#3194=EDGE_CURVE('',#2552,#2420,#1327,.T.);
#3195=EDGE_CURVE('',#2552,#2553,#2231,.T.);
#3196=EDGE_CURVE('',#2553,#2421,#1328,.T.);
#3197=EDGE_CURVE('',#2553,#2554,#1329,.T.);
#3198=EDGE_CURVE('',#2554,#2422,#1330,.T.);
#3199=EDGE_CURVE('',#2554,#2555,#2232,.T.);
#3200=EDGE_CURVE('',#2555,#2423,#1331,.T.);
#3201=EDGE_CURVE('',#2555,#2556,#1332,.T.);
#3202=EDGE_CURVE('',#2556,#2424,#1333,.T.);
#3203=EDGE_CURVE('',#2556,#2557,#2233,.T.);
#3204=EDGE_CURVE('',#2557,#2425,#1334,.T.);
#3205=EDGE_CURVE('',#2557,#2544,#1335,.T.);
#3206=EDGE_CURVE('',#2558,#2559,#1336,.T.);
#3207=EDGE_CURVE('',#2559,#2560,#1337,.T.);
#3208=EDGE_CURVE('',#2560,#2561,#1338,.T.);
#3209=EDGE_CURVE('',#2561,#2562,#1339,.T.);
#3210=EDGE_CURVE('',#2562,#2563,#1340,.T.);
#3211=EDGE_CURVE('',#2563,#2564,#1341,.T.);
#3212=EDGE_CURVE('',#2564,#2565,#1342,.T.);
#3213=EDGE_CURVE('',#2565,#2566,#1343,.T.);
#3214=EDGE_CURVE('',#2566,#2567,#1344,.T.);
#3215=EDGE_CURVE('',#2567,#2568,#1345,.T.);
#3216=EDGE_CURVE('',#2568,#2569,#1346,.T.);
#3217=EDGE_CURVE('',#2569,#2558,#1347,.T.);
#3218=EDGE_CURVE('',#2570,#2571,#1348,.T.);
#3219=EDGE_CURVE('',#2571,#2572,#1349,.T.);
#3220=EDGE_CURVE('',#2572,#2573,#1350,.T.);
#3221=EDGE_CURVE('',#2573,#2570,#1351,.T.);
#3222=EDGE_CURVE('',#2574,#2575,#1352,.T.);
#3223=EDGE_CURVE('',#2575,#2576,#1353,.T.);
#3224=EDGE_CURVE('',#2576,#2577,#1354,.T.);
#3225=EDGE_CURVE('',#2577,#2578,#131,.T.);
#3226=EDGE_CURVE('',#2578,#2579,#132,.T.);
#3227=EDGE_CURVE('',#2579,#2580,#1355,.T.);
#3228=EDGE_CURVE('',#2580,#2581,#1356,.T.);
#3229=EDGE_CURVE('',#2581,#2582,#1357,.T.);
#3230=EDGE_CURVE('',#2582,#2583,#1358,.T.);
#3231=EDGE_CURVE('',#2583,#2584,#1359,.T.);
#3232=EDGE_CURVE('',#2584,#2585,#1360,.T.);
#3233=EDGE_CURVE('',#2585,#2586,#1361,.T.);
#3234=EDGE_CURVE('',#2586,#2574,#1362,.T.);
#3235=EDGE_CURVE('',#2587,#2588,#1363,.T.);
#3236=EDGE_CURVE('',#2588,#2589,#1364,.T.);
#3237=EDGE_CURVE('',#2589,#2590,#1365,.T.);
#3238=EDGE_CURVE('',#2590,#2587,#1366,.T.);
#3239=EDGE_CURVE('',#2591,#2592,#1367,.T.);
#3240=EDGE_CURVE('',#2592,#2593,#1368,.T.);
#3241=EDGE_CURVE('',#2593,#2594,#1369,.T.);
#3242=EDGE_CURVE('',#2594,#2595,#1370,.T.);
#3243=EDGE_CURVE('',#2595,#2596,#133,.T.);
#3244=EDGE_CURVE('',#2596,#2597,#1371,.T.);
#3245=EDGE_CURVE('',#2597,#2598,#134,.T.);
#3246=EDGE_CURVE('',#2598,#2599,#135,.T.);
#3247=EDGE_CURVE('',#2599,#2600,#1372,.T.);
#3248=EDGE_CURVE('',#2600,#2601,#1373,.T.);
#3249=EDGE_CURVE('',#2601,#2602,#1374,.T.);
#3250=EDGE_CURVE('',#2602,#2603,#1375,.T.);
#3251=EDGE_CURVE('',#2603,#2591,#1376,.T.);
#3252=EDGE_CURVE('',#2604,#2605,#1377,.T.);
#3253=EDGE_CURVE('',#2605,#2606,#1378,.T.);
#3254=EDGE_CURVE('',#2606,#2607,#136,.T.);
#3255=EDGE_CURVE('',#2607,#2604,#1379,.T.);
#3256=EDGE_CURVE('',#2608,#2608,#137,.F.);
#3257=EDGE_CURVE('',#2609,#2610,#138,.T.);
#3258=EDGE_CURVE('',#2610,#2611,#1380,.T.);
#3259=EDGE_CURVE('',#2611,#2612,#139,.T.);
#3260=EDGE_CURVE('',#2612,#2613,#1381,.T.);
#3261=EDGE_CURVE('',#2613,#2614,#140,.T.);
#3262=EDGE_CURVE('',#2614,#2615,#1382,.T.);
#3263=EDGE_CURVE('',#2615,#2609,#141,.T.);
#3264=EDGE_CURVE('',#2616,#2617,#1383,.T.);
#3265=EDGE_CURVE('',#2617,#2618,#1384,.T.);
#3266=EDGE_CURVE('',#2618,#2619,#1385,.T.);
#3267=EDGE_CURVE('',#2619,#2620,#1386,.T.);
#3268=EDGE_CURVE('',#2620,#2621,#1387,.T.);
#3269=EDGE_CURVE('',#2621,#2622,#1388,.T.);
#3270=EDGE_CURVE('',#2622,#2623,#1389,.T.);
#3271=EDGE_CURVE('',#2623,#2616,#1390,.T.);
#3272=EDGE_CURVE('',#2624,#2625,#1391,.T.);
#3273=EDGE_CURVE('',#2625,#2626,#1392,.T.);
#3274=EDGE_CURVE('',#2626,#2627,#1393,.T.);
#3275=EDGE_CURVE('',#2627,#2628,#1394,.T.);
#3276=EDGE_CURVE('',#2628,#2629,#142,.T.);
#3277=EDGE_CURVE('',#2629,#2630,#1395,.T.);
#3278=EDGE_CURVE('',#2630,#2631,#1396,.T.);
#3279=EDGE_CURVE('',#2631,#2632,#1397,.T.);
#3280=EDGE_CURVE('',#2632,#2633,#1398,.T.);
#3281=EDGE_CURVE('',#2633,#2634,#1399,.T.);
#3282=EDGE_CURVE('',#2634,#2635,#1400,.T.);
#3283=EDGE_CURVE('',#2635,#2624,#143,.T.);
#3284=EDGE_CURVE('',#2636,#2624,#1401,.T.);
#3285=EDGE_CURVE('',#2636,#2637,#1402,.T.);
#3286=EDGE_CURVE('',#2637,#2625,#1403,.T.);
#3287=EDGE_CURVE('',#2637,#2638,#1404,.T.);
#3288=EDGE_CURVE('',#2638,#2626,#1405,.T.);
#3289=EDGE_CURVE('',#2638,#2639,#1406,.T.);
#3290=EDGE_CURVE('',#2639,#2627,#1407,.T.);
#3291=EDGE_CURVE('',#2639,#2640,#1408,.T.);
#3292=EDGE_CURVE('',#2640,#2628,#1409,.T.);
#3293=EDGE_CURVE('',#2640,#2641,#144,.T.);
#3294=EDGE_CURVE('',#2641,#2629,#1410,.T.);
#3295=EDGE_CURVE('',#2641,#2642,#1411,.T.);
#3296=EDGE_CURVE('',#2642,#2630,#1412,.T.);
#3297=EDGE_CURVE('',#2642,#2643,#1413,.T.);
#3298=EDGE_CURVE('',#2643,#2631,#1414,.T.);
#3299=EDGE_CURVE('',#2643,#2644,#1415,.T.);
#3300=EDGE_CURVE('',#2644,#2632,#1416,.T.);
#3301=EDGE_CURVE('',#2644,#2645,#1417,.T.);
#3302=EDGE_CURVE('',#2645,#2633,#1418,.T.);
#3303=EDGE_CURVE('',#2645,#2646,#1419,.T.);
#3304=EDGE_CURVE('',#2646,#2634,#1420,.T.);
#3305=EDGE_CURVE('',#2646,#2647,#1421,.T.);
#3306=EDGE_CURVE('',#2647,#2635,#1422,.T.);
#3307=EDGE_CURVE('',#2647,#2636,#145,.T.);
#3308=EDGE_CURVE('',#2648,#2616,#1423,.T.);
#3309=EDGE_CURVE('',#2648,#2649,#1424,.T.);
#3310=EDGE_CURVE('',#2649,#2617,#1425,.T.);
#3311=EDGE_CURVE('',#2649,#2650,#1426,.T.);
#3312=EDGE_CURVE('',#2650,#2618,#1427,.T.);
#3313=EDGE_CURVE('',#2650,#2651,#1428,.T.);
#3314=EDGE_CURVE('',#2651,#2619,#1429,.T.);
#3315=EDGE_CURVE('',#2651,#2652,#1430,.T.);
#3316=EDGE_CURVE('',#2652,#2620,#1431,.T.);
#3317=EDGE_CURVE('',#2652,#2653,#1432,.T.);
#3318=EDGE_CURVE('',#2653,#2621,#1433,.T.);
#3319=EDGE_CURVE('',#2653,#2654,#1434,.T.);
#3320=EDGE_CURVE('',#2654,#2622,#1435,.T.);
#3321=EDGE_CURVE('',#2654,#2655,#1436,.T.);
#3322=EDGE_CURVE('',#2655,#2623,#1437,.T.);
#3323=EDGE_CURVE('',#2655,#2648,#1438,.T.);
#3324=EDGE_CURVE('',#2656,#2609,#1439,.T.);
#3325=EDGE_CURVE('',#2656,#2657,#146,.T.);
#3326=EDGE_CURVE('',#2657,#2610,#1440,.T.);
#3327=EDGE_CURVE('',#2657,#2658,#1441,.T.);
#3328=EDGE_CURVE('',#2658,#2611,#1442,.T.);
#3329=EDGE_CURVE('',#2658,#2659,#147,.T.);
#3330=EDGE_CURVE('',#2659,#2612,#1443,.T.);
#3331=EDGE_CURVE('',#2659,#2660,#1444,.T.);
#3332=EDGE_CURVE('',#2660,#2613,#1445,.T.);
#3333=EDGE_CURVE('',#2660,#2661,#148,.T.);
#3334=EDGE_CURVE('',#2661,#2614,#1446,.T.);
#3335=EDGE_CURVE('',#2661,#2662,#1447,.T.);
#3336=EDGE_CURVE('',#2662,#2615,#1448,.T.);
#3337=EDGE_CURVE('',#2662,#2656,#149,.T.);
#3338=EDGE_CURVE('',#2663,#2663,#150,.F.);
#3339=EDGE_CURVE('',#2663,#2664,#1449,.T.);
#3340=EDGE_CURVE('',#2664,#2664,#151,.T.);
#3341=EDGE_CURVE('',#2608,#2665,#1450,.T.);
#3342=EDGE_CURVE('',#2665,#2665,#152,.T.);
#3343=EDGE_CURVE('',#2666,#2604,#1451,.T.);
#3344=EDGE_CURVE('',#2666,#2667,#1452,.T.);
#3345=EDGE_CURVE('',#2667,#2605,#1453,.T.);
#3346=EDGE_CURVE('',#2667,#2668,#1454,.T.);
#3347=EDGE_CURVE('',#2668,#2606,#1455,.T.);
#3348=EDGE_CURVE('',#2668,#2669,#153,.T.);
#3349=EDGE_CURVE('',#2669,#2607,#1456,.T.);
#3350=EDGE_CURVE('',#2670,#2671,#154,.T.);
#3351=EDGE_CURVE('',#2672,#2670,#1457,.T.);
#3352=EDGE_CURVE('',#2672,#2673,#155,.T.);
#3353=EDGE_CURVE('',#2673,#2671,#1458,.T.);
#3354=EDGE_CURVE('',#2671,#2670,#1459,.T.);
#3355=EDGE_CURVE('',#2673,#2672,#1460,.T.);
#3356=EDGE_CURVE('',#2669,#2666,#1461,.T.);
#3357=EDGE_CURVE('',#2674,#2591,#1462,.T.);
#3358=EDGE_CURVE('',#2674,#2675,#1463,.T.);
#3359=EDGE_CURVE('',#2675,#2592,#1464,.T.);
#3360=EDGE_CURVE('',#2675,#2676,#1465,.T.);
#3361=EDGE_CURVE('',#2676,#2593,#1466,.T.);
#3362=EDGE_CURVE('',#2676,#2677,#1467,.T.);
#3363=EDGE_CURVE('',#2677,#2594,#1468,.T.);
#3364=EDGE_CURVE('',#2677,#2678,#1469,.T.);
#3365=EDGE_CURVE('',#2678,#2595,#1470,.T.);
#3366=EDGE_CURVE('',#2678,#2679,#156,.T.);
#3367=EDGE_CURVE('',#2679,#2596,#1471,.T.);
#3368=EDGE_CURVE('',#2679,#2680,#1472,.T.);
#3369=EDGE_CURVE('',#2680,#2597,#1473,.T.);
#3370=EDGE_CURVE('',#2680,#2681,#157,.T.);
#3371=EDGE_CURVE('',#2681,#2598,#1474,.T.);
#3372=EDGE_CURVE('',#2681,#2682,#158,.T.);
#3373=EDGE_CURVE('',#2682,#2599,#1475,.T.);
#3374=EDGE_CURVE('',#2682,#2683,#1476,.T.);
#3375=EDGE_CURVE('',#2683,#2600,#1477,.T.);
#3376=EDGE_CURVE('',#2683,#2684,#1478,.T.);
#3377=EDGE_CURVE('',#2684,#2601,#1479,.T.);
#3378=EDGE_CURVE('',#2684,#2685,#1480,.T.);
#3379=EDGE_CURVE('',#2685,#2602,#1481,.T.);
#3380=EDGE_CURVE('',#2685,#2686,#1482,.T.);
#3381=EDGE_CURVE('',#2686,#2603,#1483,.T.);
#3382=EDGE_CURVE('',#2686,#2674,#1484,.T.);
#3383=EDGE_CURVE('',#2687,#2587,#1485,.T.);
#3384=EDGE_CURVE('',#2687,#2688,#1486,.T.);
#3385=EDGE_CURVE('',#2688,#2588,#1487,.T.);
#3386=EDGE_CURVE('',#2688,#2689,#1488,.T.);
#3387=EDGE_CURVE('',#2689,#2589,#1489,.T.);
#3388=EDGE_CURVE('',#2689,#2690,#1490,.T.);
#3389=EDGE_CURVE('',#2690,#2590,#1491,.T.);
#3390=EDGE_CURVE('',#2690,#2687,#1492,.T.);
#3391=EDGE_CURVE('',#2691,#2574,#1493,.T.);
#3392=EDGE_CURVE('',#2691,#2692,#1494,.T.);
#3393=EDGE_CURVE('',#2692,#2575,#1495,.T.);
#3394=EDGE_CURVE('',#2692,#2693,#1496,.T.);
#3395=EDGE_CURVE('',#2693,#2576,#1497,.T.);
#3396=EDGE_CURVE('',#2693,#2694,#1498,.T.);
#3397=EDGE_CURVE('',#2694,#2577,#1499,.T.);
#3398=EDGE_CURVE('',#2694,#2695,#159,.T.);
#3399=EDGE_CURVE('',#2695,#2578,#1500,.T.);
#3400=EDGE_CURVE('',#2695,#2696,#160,.T.);
#3401=EDGE_CURVE('',#2696,#2579,#1501,.T.);
#3402=EDGE_CURVE('',#2696,#2697,#1502,.T.);
#3403=EDGE_CURVE('',#2697,#2580,#1503,.T.);
#3404=EDGE_CURVE('',#2697,#2698,#1504,.T.);
#3405=EDGE_CURVE('',#2698,#2581,#1505,.T.);
#3406=EDGE_CURVE('',#2698,#2699,#1506,.T.);
#3407=EDGE_CURVE('',#2699,#2582,#1507,.T.);
#3408=EDGE_CURVE('',#2699,#2700,#1508,.T.);
#3409=EDGE_CURVE('',#2700,#2583,#1509,.T.);
#3410=EDGE_CURVE('',#2700,#2701,#1510,.T.);
#3411=EDGE_CURVE('',#2701,#2584,#1511,.T.);
#3412=EDGE_CURVE('',#2701,#2702,#1512,.T.);
#3413=EDGE_CURVE('',#2702,#2585,#1513,.T.);
#3414=EDGE_CURVE('',#2702,#2703,#1514,.T.);
#3415=EDGE_CURVE('',#2703,#2586,#1515,.T.);
#3416=EDGE_CURVE('',#2703,#2691,#1516,.T.);
#3417=EDGE_CURVE('',#2704,#2570,#1517,.T.);
#3418=EDGE_CURVE('',#2704,#2705,#1518,.T.);
#3419=EDGE_CURVE('',#2705,#2571,#1519,.T.);
#3420=EDGE_CURVE('',#2705,#2706,#1520,.T.);
#3421=EDGE_CURVE('',#2706,#2572,#1521,.T.);
#3422=EDGE_CURVE('',#2706,#2707,#1522,.T.);
#3423=EDGE_CURVE('',#2707,#2573,#1523,.T.);
#3424=EDGE_CURVE('',#2707,#2704,#1524,.T.);
#3425=EDGE_CURVE('',#2708,#2558,#1525,.T.);
#3426=EDGE_CURVE('',#2708,#2709,#1526,.T.);
#3427=EDGE_CURVE('',#2709,#2559,#1527,.T.);
#3428=EDGE_CURVE('',#2709,#2710,#1528,.T.);
#3429=EDGE_CURVE('',#2710,#2560,#1529,.T.);
#3430=EDGE_CURVE('',#2710,#2711,#1530,.T.);
#3431=EDGE_CURVE('',#2711,#2561,#1531,.T.);
#3432=EDGE_CURVE('',#2711,#2712,#1532,.T.);
#3433=EDGE_CURVE('',#2712,#2562,#1533,.T.);
#3434=EDGE_CURVE('',#2712,#2713,#1534,.T.);
#3435=EDGE_CURVE('',#2713,#2563,#1535,.T.);
#3436=EDGE_CURVE('',#2713,#2714,#1536,.T.);
#3437=EDGE_CURVE('',#2714,#2564,#1537,.T.);
#3438=EDGE_CURVE('',#2714,#2715,#1538,.T.);
#3439=EDGE_CURVE('',#2715,#2565,#1539,.T.);
#3440=EDGE_CURVE('',#2715,#2716,#1540,.T.);
#3441=EDGE_CURVE('',#2716,#2566,#1541,.T.);
#3442=EDGE_CURVE('',#2716,#2717,#1542,.T.);
#3443=EDGE_CURVE('',#2717,#2567,#1543,.T.);
#3444=EDGE_CURVE('',#2717,#2718,#1544,.T.);
#3445=EDGE_CURVE('',#2718,#2568,#1545,.T.);
#3446=EDGE_CURVE('',#2718,#2719,#1546,.T.);
#3447=EDGE_CURVE('',#2719,#2569,#1547,.T.);
#3448=EDGE_CURVE('',#2719,#2708,#1548,.T.);
#3449=EDGE_CURVE('',#2720,#2720,#2234,.T.);
#3450=EDGE_CURVE('',#2720,#2721,#1549,.T.);
#3451=EDGE_CURVE('',#2721,#2721,#2235,.T.);
#3452=EDGE_CURVE('',#2722,#2723,#2236,.F.);
#3453=EDGE_CURVE('',#2723,#2721,#1550,.T.);
#3454=EDGE_CURVE('',#2723,#2722,#2237,.F.);
#3455=EDGE_CURVE('',#2724,#2724,#2238,.T.);
#3456=EDGE_CURVE('',#2722,#2724,#1551,.T.);
#3457=EDGE_CURVE('',#2725,#2725,#2239,.T.);
#3458=EDGE_CURVE('',#2725,#2726,#1552,.T.);
#3459=EDGE_CURVE('',#2726,#2726,#2240,.T.);
#3460=EDGE_CURVE('',#2727,#2728,#2241,.T.);
#3461=EDGE_CURVE('',#2728,#2726,#1553,.T.);
#3462=EDGE_CURVE('',#2728,#2727,#2242,.T.);
#3463=EDGE_CURVE('',#2729,#2730,#2243,.F.);
#3464=EDGE_CURVE('',#2730,#2729,#2244,.F.);
#3465=EDGE_CURVE('',#2727,#2730,#1554,.T.);
#3466=EDGE_CURVE('',#2731,#2732,#1555,.T.);
#3467=EDGE_CURVE('',#2732,#2733,#1556,.T.);
#3468=EDGE_CURVE('',#2733,#2731,#2245,.T.);
#3469=EDGE_CURVE('',#2734,#2731,#1557,.T.);
#3470=EDGE_CURVE('',#2734,#2735,#161,.T.);
#3471=EDGE_CURVE('',#2735,#2736,#1558,.T.);
#3472=EDGE_CURVE('',#2736,#2732,#1559,.T.);
#3473=EDGE_CURVE('',#2736,#2737,#1560,.T.);
#3474=EDGE_CURVE('',#2737,#2738,#162,.T.);
#3475=EDGE_CURVE('',#2738,#2733,#1561,.T.);
#3476=EDGE_CURVE('',#2738,#2734,#2246,.T.);
#3477=EDGE_CURVE('',#2735,#2737,#2247,.F.);
#3478=EDGE_CURVE('',#2739,#2740,#2248,.T.);
#3479=EDGE_CURVE('',#2740,#2741,#2249,.T.);
#3480=EDGE_CURVE('',#2742,#2741,#2250,.T.);
#3481=EDGE_CURVE('',#2743,#2742,#2251,.T.);
#3482=EDGE_CURVE('',#2741,#2743,#2252,.T.);
#3483=EDGE_CURVE('',#2740,#2739,#2253,.T.);
#3484=EDGE_CURVE('',#2743,#2744,#2254,.T.);
#3485=EDGE_CURVE('',#2744,#2745,#2255,.T.);
#3486=EDGE_CURVE('',#2745,#2744,#2256,.T.);
#3487=EDGE_CURVE('',#2745,#2746,#1562,.T.);
#3488=EDGE_CURVE('',#2746,#2746,#2257,.T.);
#3489=EDGE_CURVE('',#2747,#2748,#2258,.T.);
#3490=EDGE_CURVE('',#2748,#2747,#2259,.T.);
#3491=EDGE_CURVE('',#2747,#2749,#2260,.T.);
#3492=EDGE_CURVE('',#2749,#2750,#2261,.T.);
#3493=EDGE_CURVE('',#2750,#2749,#2262,.T.);
#3494=EDGE_CURVE('',#2751,#2752,#2263,.T.);
#3495=EDGE_CURVE('',#2752,#2751,#2264,.T.);
#3496=EDGE_CURVE('',#2752,#2750,#1563,.T.);
#3497=EDGE_CURVE('',#2748,#2753,#2265,.T.);
#3498=EDGE_CURVE('',#2753,#2754,#2266,.T.);
#3499=EDGE_CURVE('',#2754,#2753,#2267,.T.);
#3500=EDGE_CURVE('',#2753,#2755,#1564,.T.);
#3501=EDGE_CURVE('',#2756,#2755,#2268,.T.);
#3502=EDGE_CURVE('',#2757,#2756,#2269,.T.);
#3503=EDGE_CURVE('',#2755,#2757,#2270,.T.);
#3504=EDGE_CURVE('',#2740,#2757,#2271,.T.);
#3505=EDGE_CURVE('',#2758,#2758,#2272,.T.);
#3506=EDGE_CURVE('',#2758,#2751,#1565,.T.);
#3507=EDGE_CURVE('',#2759,#2760,#2273,.T.);
#3508=EDGE_CURVE('',#2760,#2759,#2274,.T.);
#3509=EDGE_CURVE('',#2760,#2761,#2275,.T.);
#3510=EDGE_CURVE('',#2762,#2761,#2276,.T.);
#3511=EDGE_CURVE('',#2763,#2762,#2277,.T.);
#3512=EDGE_CURVE('',#2761,#2763,#2278,.T.);
#3513=EDGE_CURVE('',#2762,#2764,#2279,.T.);
#3514=EDGE_CURVE('',#2764,#2765,#2280,.T.);
#3515=EDGE_CURVE('',#2765,#2764,#2281,.T.);
#3516=EDGE_CURVE('',#2765,#2766,#1566,.T.);
#3517=EDGE_CURVE('',#2766,#2766,#2282,.T.);
#3518=EDGE_CURVE('',#2767,#2768,#2283,.T.);
#3519=EDGE_CURVE('',#2768,#2767,#2284,.T.);
#3520=EDGE_CURVE('',#2767,#2769,#2285,.T.);
#3521=EDGE_CURVE('',#2769,#2770,#2286,.T.);
#3522=EDGE_CURVE('',#2770,#2769,#2287,.T.);
#3523=EDGE_CURVE('',#2771,#2772,#2288,.T.);
#3524=EDGE_CURVE('',#2772,#2771,#2289,.T.);
#3525=EDGE_CURVE('',#2772,#2770,#1567,.T.);
#3526=EDGE_CURVE('',#2773,#2774,#2290,.T.);
#3527=EDGE_CURVE('',#2774,#2768,#2291,.T.);
#3528=EDGE_CURVE('',#2774,#2773,#2292,.T.);
#3529=EDGE_CURVE('',#2774,#2775,#1568,.T.);
#3530=EDGE_CURVE('',#2775,#2776,#2293,.T.);
#3531=EDGE_CURVE('',#2776,#2775,#2294,.T.);
#3532=EDGE_CURVE('',#2760,#2776,#2295,.T.);
#3533=EDGE_CURVE('',#2771,#2777,#1569,.T.);
#3534=EDGE_CURVE('',#2777,#2777,#2296,.T.);
#3535=EDGE_CURVE('',#2778,#2779,#163,.T.);
#3536=EDGE_CURVE('',#2780,#2778,#2297,.F.);
#3537=EDGE_CURVE('',#2781,#2780,#164,.T.);
#3538=EDGE_CURVE('',#2779,#2781,#2298,.T.);
#3539=EDGE_CURVE('',#2782,#2779,#1570,.T.);
#3540=EDGE_CURVE('',#2781,#2782,#1571,.T.);
#3541=EDGE_CURVE('',#2778,#2783,#1572,.T.);
#3542=EDGE_CURVE('',#2782,#2784,#1573,.T.);
#3543=EDGE_CURVE('',#2784,#2783,#1574,.T.);
#3544=EDGE_CURVE('',#2780,#2785,#1575,.T.);
#3545=EDGE_CURVE('',#2785,#2784,#1576,.T.);
#3546=EDGE_CURVE('',#2783,#2785,#2299,.T.);
#3547=EDGE_CURVE('',#2786,#2787,#1577,.T.);
#3548=EDGE_CURVE('',#2787,#2788,#1578,.T.);
#3549=EDGE_CURVE('',#2788,#2786,#2300,.T.);
#3550=EDGE_CURVE('',#2789,#2786,#1579,.T.);
#3551=EDGE_CURVE('',#2789,#2790,#165,.T.);
#3552=EDGE_CURVE('',#2790,#2791,#1580,.T.);
#3553=EDGE_CURVE('',#2791,#2787,#1581,.T.);
#3554=EDGE_CURVE('',#2791,#2792,#1582,.T.);
#3555=EDGE_CURVE('',#2792,#2793,#166,.T.);
#3556=EDGE_CURVE('',#2793,#2788,#1583,.T.);
#3557=EDGE_CURVE('',#2793,#2789,#2301,.T.);
#3558=EDGE_CURVE('',#2790,#2792,#2302,.F.);
#3559=EDGE_CURVE('',#2794,#2795,#2303,.T.);
#3560=EDGE_CURVE('',#2795,#2796,#1584,.T.);
#3561=EDGE_CURVE('',#2796,#2794,#1585,.T.);
#3562=EDGE_CURVE('',#2797,#2794,#1586,.T.);
#3563=EDGE_CURVE('',#2797,#2798,#2304,.T.);
#3564=EDGE_CURVE('',#2798,#2795,#1587,.T.);
#3565=EDGE_CURVE('',#2798,#2799,#167,.T.);
#3566=EDGE_CURVE('',#2799,#2800,#1588,.T.);
#3567=EDGE_CURVE('',#2800,#2796,#1589,.T.);
#3568=EDGE_CURVE('',#2800,#2801,#1590,.T.);
#3569=EDGE_CURVE('',#2801,#2797,#168,.T.);
#3570=EDGE_CURVE('',#2799,#2801,#2305,.F.);
#3571=EDGE_CURVE('',#2802,#2803,#1591,.T.);
#3572=EDGE_CURVE('',#2804,#2802,#2306,.T.);
#3573=EDGE_CURVE('',#2803,#2804,#1592,.T.);
#3574=EDGE_CURVE('',#2805,#2806,#1593,.T.);
#3575=EDGE_CURVE('',#2805,#2807,#169,.T.);
#3576=EDGE_CURVE('',#2807,#2802,#1594,.T.);
#3577=EDGE_CURVE('',#2806,#2803,#1595,.T.);
#3578=EDGE_CURVE('',#2808,#2804,#1596,.T.);
#3579=EDGE_CURVE('',#2808,#2809,#170,.T.);
#3580=EDGE_CURVE('',#2806,#2809,#1597,.T.);
#3581=EDGE_CURVE('',#2807,#2808,#2307,.F.);
#3582=EDGE_CURVE('',#2809,#2805,#2308,.T.);
#3583=EDGE_CURVE('',#2810,#2811,#2309,.T.);
#3584=EDGE_CURVE('',#2811,#2812,#1598,.T.);
#3585=EDGE_CURVE('',#2812,#2810,#1599,.T.);
#3586=EDGE_CURVE('',#2813,#2810,#1600,.T.);
#3587=EDGE_CURVE('',#2813,#2814,#2310,.T.);
#3588=EDGE_CURVE('',#2814,#2811,#1601,.T.);
#3589=EDGE_CURVE('',#2814,#2815,#171,.T.);
#3590=EDGE_CURVE('',#2815,#2816,#1602,.T.);
#3591=EDGE_CURVE('',#2816,#2812,#1603,.T.);
#3592=EDGE_CURVE('',#2816,#2817,#1604,.T.);
#3593=EDGE_CURVE('',#2817,#2813,#172,.T.);
#3594=EDGE_CURVE('',#2815,#2817,#2311,.F.);
#3595=EDGE_CURVE('',#2818,#2819,#1605,.T.);
#3596=EDGE_CURVE('',#2820,#2818,#2312,.T.);
#3597=EDGE_CURVE('',#2819,#2820,#1606,.T.);
#3598=EDGE_CURVE('',#2821,#2822,#1607,.T.);
#3599=EDGE_CURVE('',#2821,#2823,#173,.T.);
#3600=EDGE_CURVE('',#2823,#2818,#1608,.T.);
#3601=EDGE_CURVE('',#2822,#2819,#1609,.T.);
#3602=EDGE_CURVE('',#2824,#2820,#1610,.T.);
#3603=EDGE_CURVE('',#2824,#2825,#174,.T.);
#3604=EDGE_CURVE('',#2822,#2825,#1611,.T.);
#3605=EDGE_CURVE('',#2823,#2824,#2313,.F.);
#3606=EDGE_CURVE('',#2825,#2821,#2314,.T.);
#3607=EDGE_CURVE('',#2826,#2827,#2315,.T.);
#3608=EDGE_CURVE('',#2828,#2826,#1612,.T.);
#3609=EDGE_CURVE('',#2827,#2828,#1613,.T.);
#3610=EDGE_CURVE('',#2829,#2827,#1614,.T.);
#3611=EDGE_CURVE('',#2829,#2830,#2316,.F.);
#3612=EDGE_CURVE('',#2830,#2826,#1615,.T.);
#3613=EDGE_CURVE('',#2831,#2832,#1616,.T.);
#3614=EDGE_CURVE('',#2831,#2829,#175,.T.);
#3615=EDGE_CURVE('',#2832,#2828,#1617,.T.);
#3616=EDGE_CURVE('',#2830,#2833,#176,.T.);
#3617=EDGE_CURVE('',#2832,#2833,#1618,.T.);
#3618=EDGE_CURVE('',#2833,#2831,#2317,.T.);
#3619=ORIENTED_EDGE('',*,*,#2834,.T.);
#3620=ORIENTED_EDGE('',*,*,#2835,.T.);
#3621=ORIENTED_EDGE('',*,*,#2836,.T.);
#3622=ORIENTED_EDGE('',*,*,#2837,.T.);
#3623=ORIENTED_EDGE('',*,*,#2838,.T.);
#3624=ORIENTED_EDGE('',*,*,#2839,.T.);
#3625=ORIENTED_EDGE('',*,*,#2836,.F.);
#3626=ORIENTED_EDGE('',*,*,#2840,.T.);
#3627=ORIENTED_EDGE('',*,*,#2841,.T.);
#3628=ORIENTED_EDGE('',*,*,#2842,.T.);
#3629=ORIENTED_EDGE('',*,*,#2838,.F.);
#3630=ORIENTED_EDGE('',*,*,#2843,.T.);
#3631=ORIENTED_EDGE('',*,*,#2844,.T.);
#3632=ORIENTED_EDGE('',*,*,#2845,.T.);
#3633=ORIENTED_EDGE('',*,*,#2841,.F.);
#3634=ORIENTED_EDGE('',*,*,#2846,.T.);
#3635=ORIENTED_EDGE('',*,*,#2847,.T.);
#3636=ORIENTED_EDGE('',*,*,#2848,.T.);
#3637=ORIENTED_EDGE('',*,*,#2844,.F.);
#3638=ORIENTED_EDGE('',*,*,#2849,.T.);
#3639=ORIENTED_EDGE('',*,*,#2847,.F.);
#3640=ORIENTED_EDGE('',*,*,#2850,.F.);
#3641=ORIENTED_EDGE('',*,*,#2851,.F.);
#3642=ORIENTED_EDGE('',*,*,#2852,.F.);
#3643=ORIENTED_EDGE('',*,*,#2853,.F.);
#3644=ORIENTED_EDGE('',*,*,#2854,.F.);
#3645=ORIENTED_EDGE('',*,*,#2849,.F.);
#3646=ORIENTED_EDGE('',*,*,#2846,.F.);
#3647=ORIENTED_EDGE('',*,*,#2843,.F.);
#3648=ORIENTED_EDGE('',*,*,#2840,.F.);
#3649=ORIENTED_EDGE('',*,*,#2835,.F.);
#3650=ORIENTED_EDGE('',*,*,#2855,.F.);
#3651=ORIENTED_EDGE('',*,*,#2856,.T.);
#3652=ORIENTED_EDGE('',*,*,#2857,.F.);
#3653=ORIENTED_EDGE('',*,*,#2858,.F.);
#3654=ORIENTED_EDGE('',*,*,#2850,.T.);
#3655=ORIENTED_EDGE('',*,*,#2859,.T.);
#3656=ORIENTED_EDGE('',*,*,#2860,.F.);
#3657=ORIENTED_EDGE('',*,*,#2861,.F.);
#3658=ORIENTED_EDGE('',*,*,#2862,.F.);
#3659=ORIENTED_EDGE('',*,*,#2863,.T.);
#3660=ORIENTED_EDGE('',*,*,#2864,.F.);
#3661=ORIENTED_EDGE('',*,*,#2865,.F.);
#3662=ORIENTED_EDGE('',*,*,#2866,.F.);
#3663=ORIENTED_EDGE('',*,*,#2867,.T.);
#3664=ORIENTED_EDGE('',*,*,#2868,.T.);
#3665=ORIENTED_EDGE('',*,*,#2864,.T.);
#3666=ORIENTED_EDGE('',*,*,#2869,.T.);
#3667=ORIENTED_EDGE('',*,*,#2870,.T.);
#3668=ORIENTED_EDGE('',*,*,#2871,.T.);
#3669=ORIENTED_EDGE('',*,*,#2865,.T.);
#3670=ORIENTED_EDGE('',*,*,#2872,.T.);
#3671=ORIENTED_EDGE('',*,*,#2873,.T.);
#3672=ORIENTED_EDGE('',*,*,#2874,.T.);
#3673=ORIENTED_EDGE('',*,*,#2870,.F.);
#3674=ORIENTED_EDGE('',*,*,#2875,.T.);
#3675=ORIENTED_EDGE('',*,*,#2876,.T.);
#3676=ORIENTED_EDGE('',*,*,#2877,.T.);
#3677=ORIENTED_EDGE('',*,*,#2873,.F.);
#3678=ORIENTED_EDGE('',*,*,#2878,.T.);
#3679=ORIENTED_EDGE('',*,*,#2879,.T.);
#3680=ORIENTED_EDGE('',*,*,#2880,.T.);
#3681=ORIENTED_EDGE('',*,*,#2876,.F.);
#3682=ORIENTED_EDGE('',*,*,#2881,.T.);
#3683=ORIENTED_EDGE('',*,*,#2861,.T.);
#3684=ORIENTED_EDGE('',*,*,#2882,.T.);
#3685=ORIENTED_EDGE('',*,*,#2879,.F.);
#3686=ORIENTED_EDGE('',*,*,#2883,.T.);
#3687=ORIENTED_EDGE('',*,*,#2860,.T.);
#3688=ORIENTED_EDGE('',*,*,#2884,.T.);
#3689=ORIENTED_EDGE('',*,*,#2866,.T.);
#3690=ORIENTED_EDGE('',*,*,#2885,.T.);
#3691=ORIENTED_EDGE('',*,*,#2886,.T.);
#3692=ORIENTED_EDGE('',*,*,#2887,.T.);
#3693=ORIENTED_EDGE('',*,*,#2862,.T.);
#3694=ORIENTED_EDGE('',*,*,#2888,.T.);
#3695=ORIENTED_EDGE('',*,*,#2872,.F.);
#3696=ORIENTED_EDGE('',*,*,#2868,.F.);
#3697=ORIENTED_EDGE('',*,*,#2889,.T.);
#3698=ORIENTED_EDGE('',*,*,#2890,.T.);
#3699=ORIENTED_EDGE('',*,*,#2891,.T.);
#3700=ORIENTED_EDGE('',*,*,#2892,.F.);
#3701=ORIENTED_EDGE('',*,*,#2837,.F.);
#3702=ORIENTED_EDGE('',*,*,#2893,.T.);
#3703=ORIENTED_EDGE('',*,*,#2894,.F.);
#3704=ORIENTED_EDGE('',*,*,#2895,.T.);
#3705=ORIENTED_EDGE('',*,*,#2869,.F.);
#3706=ORIENTED_EDGE('',*,*,#2863,.F.);
#3707=ORIENTED_EDGE('',*,*,#2884,.F.);
#3708=ORIENTED_EDGE('',*,*,#2859,.F.);
#3709=ORIENTED_EDGE('',*,*,#2887,.F.);
#3710=ORIENTED_EDGE('',*,*,#2896,.T.);
#3711=ORIENTED_EDGE('',*,*,#2897,.F.);
#3712=ORIENTED_EDGE('',*,*,#2898,.F.);
#3713=ORIENTED_EDGE('',*,*,#2871,.F.);
#3714=ORIENTED_EDGE('',*,*,#2874,.F.);
#3715=ORIENTED_EDGE('',*,*,#2877,.F.);
#3716=ORIENTED_EDGE('',*,*,#2880,.F.);
#3717=ORIENTED_EDGE('',*,*,#2882,.F.);
#3718=ORIENTED_EDGE('',*,*,#2885,.F.);
#3719=ORIENTED_EDGE('',*,*,#2899,.T.);
#3720=ORIENTED_EDGE('',*,*,#2900,.F.);
#3721=ORIENTED_EDGE('',*,*,#2901,.F.);
#3722=ORIENTED_EDGE('',*,*,#2902,.F.);
#3723=ORIENTED_EDGE('',*,*,#2903,.T.);
#3724=ORIENTED_EDGE('',*,*,#2904,.T.);
#3725=ORIENTED_EDGE('',*,*,#2900,.T.);
#3726=ORIENTED_EDGE('',*,*,#2905,.T.);
#3727=ORIENTED_EDGE('',*,*,#2906,.T.);
#3728=ORIENTED_EDGE('',*,*,#2907,.F.);
#3729=ORIENTED_EDGE('',*,*,#2908,.F.);
#3730=ORIENTED_EDGE('',*,*,#2909,.F.);
#3731=ORIENTED_EDGE('',*,*,#2902,.T.);
#3732=ORIENTED_EDGE('',*,*,#2910,.T.);
#3733=ORIENTED_EDGE('',*,*,#2907,.T.);
#3734=ORIENTED_EDGE('',*,*,#2911,.T.);
#3735=ORIENTED_EDGE('',*,*,#2912,.T.);
#3736=ORIENTED_EDGE('',*,*,#2913,.T.);
#3737=ORIENTED_EDGE('',*,*,#2908,.T.);
#3738=ORIENTED_EDGE('',*,*,#2914,.T.);
#3739=ORIENTED_EDGE('',*,*,#2915,.T.);
#3740=ORIENTED_EDGE('',*,*,#2916,.T.);
#3741=ORIENTED_EDGE('',*,*,#2912,.F.);
#3742=ORIENTED_EDGE('',*,*,#2917,.T.);
#3743=ORIENTED_EDGE('',*,*,#2918,.T.);
#3744=ORIENTED_EDGE('',*,*,#2919,.T.);
#3745=ORIENTED_EDGE('',*,*,#2915,.F.);
#3746=ORIENTED_EDGE('',*,*,#2920,.T.);
#3747=ORIENTED_EDGE('',*,*,#2921,.T.);
#3748=ORIENTED_EDGE('',*,*,#2922,.T.);
#3749=ORIENTED_EDGE('',*,*,#2918,.F.);
#3750=ORIENTED_EDGE('',*,*,#2923,.T.);
#3751=ORIENTED_EDGE('',*,*,#2901,.T.);
#3752=ORIENTED_EDGE('',*,*,#2924,.T.);
#3753=ORIENTED_EDGE('',*,*,#2921,.F.);
#3754=ORIENTED_EDGE('',*,*,#2925,.T.);
#3755=ORIENTED_EDGE('',*,*,#2926,.T.);
#3756=ORIENTED_EDGE('',*,*,#2927,.T.);
#3757=ORIENTED_EDGE('',*,*,#2909,.T.);
#3758=ORIENTED_EDGE('',*,*,#2928,.T.);
#3759=ORIENTED_EDGE('',*,*,#2924,.F.);
#3760=ORIENTED_EDGE('',*,*,#2904,.F.);
#3761=ORIENTED_EDGE('',*,*,#2929,.F.);
#3762=ORIENTED_EDGE('',*,*,#2930,.T.);
#3763=ORIENTED_EDGE('',*,*,#2931,.F.);
#3764=ORIENTED_EDGE('',*,*,#2932,.F.);
#3765=ORIENTED_EDGE('',*,*,#2848,.F.);
#3766=ORIENTED_EDGE('',*,*,#2854,.T.);
#3767=ORIENTED_EDGE('',*,*,#2933,.T.);
#3768=ORIENTED_EDGE('',*,*,#2934,.F.);
#3769=ORIENTED_EDGE('',*,*,#2905,.F.);
#3770=ORIENTED_EDGE('',*,*,#2899,.F.);
#3771=ORIENTED_EDGE('',*,*,#2911,.F.);
#3772=ORIENTED_EDGE('',*,*,#2906,.F.);
#3773=ORIENTED_EDGE('',*,*,#2927,.F.);
#3774=ORIENTED_EDGE('',*,*,#2935,.F.);
#3775=ORIENTED_EDGE('',*,*,#2936,.F.);
#3776=ORIENTED_EDGE('',*,*,#2937,.T.);
#3777=ORIENTED_EDGE('',*,*,#2910,.F.);
#3778=ORIENTED_EDGE('',*,*,#2925,.F.);
#3779=ORIENTED_EDGE('',*,*,#2923,.F.);
#3780=ORIENTED_EDGE('',*,*,#2920,.F.);
#3781=ORIENTED_EDGE('',*,*,#2917,.F.);
#3782=ORIENTED_EDGE('',*,*,#2914,.F.);
#3783=ORIENTED_EDGE('',*,*,#2938,.T.);
#3784=ORIENTED_EDGE('',*,*,#2894,.T.);
#3785=ORIENTED_EDGE('',*,*,#2939,.T.);
#3786=ORIENTED_EDGE('',*,*,#2940,.T.);
#3787=ORIENTED_EDGE('',*,*,#2941,.T.);
#3788=ORIENTED_EDGE('',*,*,#2942,.T.);
#3789=ORIENTED_EDGE('',*,*,#2939,.F.);
#3790=ORIENTED_EDGE('',*,*,#2943,.T.);
#3791=ORIENTED_EDGE('',*,*,#2944,.T.);
#3792=ORIENTED_EDGE('',*,*,#2945,.T.);
#3793=ORIENTED_EDGE('',*,*,#2941,.F.);
#3794=ORIENTED_EDGE('',*,*,#2946,.T.);
#3795=ORIENTED_EDGE('',*,*,#2947,.T.);
#3796=ORIENTED_EDGE('',*,*,#2948,.T.);
#3797=ORIENTED_EDGE('',*,*,#2944,.F.);
#3798=ORIENTED_EDGE('',*,*,#2949,.T.);
#3799=ORIENTED_EDGE('',*,*,#2950,.T.);
#3800=ORIENTED_EDGE('',*,*,#2951,.T.);
#3801=ORIENTED_EDGE('',*,*,#2947,.F.);
#3802=ORIENTED_EDGE('',*,*,#2936,.T.);
#3803=ORIENTED_EDGE('',*,*,#2845,.F.);
#3804=ORIENTED_EDGE('',*,*,#2937,.F.);
#3805=ORIENTED_EDGE('',*,*,#2949,.F.);
#3806=ORIENTED_EDGE('',*,*,#2952,.F.);
#3807=ORIENTED_EDGE('',*,*,#2953,.T.);
#3808=ORIENTED_EDGE('',*,*,#2954,.F.);
#3809=ORIENTED_EDGE('',*,*,#2955,.T.);
#3810=ORIENTED_EDGE('',*,*,#2956,.F.);
#3811=ORIENTED_EDGE('',*,*,#2946,.F.);
#3812=ORIENTED_EDGE('',*,*,#2957,.T.);
#3813=ORIENTED_EDGE('',*,*,#2958,.T.);
#3814=ORIENTED_EDGE('',*,*,#2952,.T.);
#3815=ORIENTED_EDGE('',*,*,#2839,.F.);
#3816=ORIENTED_EDGE('',*,*,#2959,.F.);
#3817=ORIENTED_EDGE('',*,*,#2960,.T.);
#3818=ORIENTED_EDGE('',*,*,#2961,.F.);
#3819=ORIENTED_EDGE('',*,*,#2962,.T.);
#3820=ORIENTED_EDGE('',*,*,#2957,.F.);
#3821=ORIENTED_EDGE('',*,*,#2943,.F.);
#3822=ORIENTED_EDGE('',*,*,#2893,.F.);
#3823=ORIENTED_EDGE('',*,*,#2950,.F.);
#3824=ORIENTED_EDGE('',*,*,#2935,.T.);
#3825=ORIENTED_EDGE('',*,*,#2926,.F.);
#3826=ORIENTED_EDGE('',*,*,#2963,.T.);
#3827=ORIENTED_EDGE('',*,*,#2964,.T.);
#3828=ORIENTED_EDGE('',*,*,#2929,.T.);
#3829=ORIENTED_EDGE('',*,*,#2903,.F.);
#3830=ORIENTED_EDGE('',*,*,#2934,.T.);
#3831=ORIENTED_EDGE('',*,*,#2965,.T.);
#3832=ORIENTED_EDGE('',*,*,#2966,.T.);
#3833=ORIENTED_EDGE('',*,*,#2967,.T.);
#3834=ORIENTED_EDGE('',*,*,#2857,.T.);
#3835=ORIENTED_EDGE('',*,*,#2968,.F.);
#3836=ORIENTED_EDGE('',*,*,#2969,.F.);
#3837=ORIENTED_EDGE('',*,*,#2970,.F.);
#3838=ORIENTED_EDGE('',*,*,#2896,.F.);
#3839=ORIENTED_EDGE('',*,*,#2886,.F.);
#3840=ORIENTED_EDGE('',*,*,#2971,.F.);
#3841=ORIENTED_EDGE('',*,*,#2972,.F.);
#3842=ORIENTED_EDGE('',*,*,#2889,.F.);
#3843=ORIENTED_EDGE('',*,*,#2867,.F.);
#3844=ORIENTED_EDGE('',*,*,#2895,.F.);
#3845=ORIENTED_EDGE('',*,*,#2938,.F.);
#3846=ORIENTED_EDGE('',*,*,#2973,.F.);
#3847=ORIENTED_EDGE('',*,*,#2974,.T.);
#3848=ORIENTED_EDGE('',*,*,#2975,.T.);
#3849=ORIENTED_EDGE('',*,*,#2976,.T.);
#3850=ORIENTED_EDGE('',*,*,#2977,.T.);
#3851=ORIENTED_EDGE('',*,*,#2978,.T.);
#3852=ORIENTED_EDGE('',*,*,#2979,.T.);
#3853=ORIENTED_EDGE('',*,*,#2980,.T.);
#3854=ORIENTED_EDGE('',*,*,#2981,.T.);
#3855=ORIENTED_EDGE('',*,*,#2982,.T.);
#3856=ORIENTED_EDGE('',*,*,#2983,.T.);
#3857=ORIENTED_EDGE('',*,*,#2984,.T.);
#3858=ORIENTED_EDGE('',*,*,#2985,.T.);
#3859=ORIENTED_EDGE('',*,*,#2986,.T.);
#3860=ORIENTED_EDGE('',*,*,#2987,.T.);
#3861=ORIENTED_EDGE('',*,*,#2916,.F.);
#3862=ORIENTED_EDGE('',*,*,#2988,.T.);
#3863=ORIENTED_EDGE('',*,*,#2989,.T.);
#3864=ORIENTED_EDGE('',*,*,#2990,.T.);
#3865=ORIENTED_EDGE('',*,*,#2913,.F.);
#3866=ORIENTED_EDGE('',*,*,#2990,.F.);
#3867=ORIENTED_EDGE('',*,*,#2991,.F.);
#3868=ORIENTED_EDGE('',*,*,#2992,.F.);
#3869=ORIENTED_EDGE('',*,*,#2963,.F.);
#3870=ORIENTED_EDGE('',*,*,#2928,.F.);
#3871=ORIENTED_EDGE('',*,*,#2989,.F.);
#3872=ORIENTED_EDGE('',*,*,#2993,.T.);
#3873=ORIENTED_EDGE('',*,*,#2994,.F.);
#3874=ORIENTED_EDGE('',*,*,#2931,.T.);
#3875=ORIENTED_EDGE('',*,*,#2995,.T.);
#3876=ORIENTED_EDGE('',*,*,#2991,.T.);
#3877=ORIENTED_EDGE('',*,*,#2922,.F.);
#3878=ORIENTED_EDGE('',*,*,#2932,.T.);
#3879=ORIENTED_EDGE('',*,*,#2994,.T.);
#3880=ORIENTED_EDGE('',*,*,#2996,.T.);
#3881=ORIENTED_EDGE('',*,*,#2881,.F.);
#3882=ORIENTED_EDGE('',*,*,#2997,.T.);
#3883=ORIENTED_EDGE('',*,*,#2998,.T.);
#3884=ORIENTED_EDGE('',*,*,#2999,.T.);
#3885=ORIENTED_EDGE('',*,*,#2883,.F.);
#3886=ORIENTED_EDGE('',*,*,#2999,.F.);
#3887=ORIENTED_EDGE('',*,*,#3000,.T.);
#3888=ORIENTED_EDGE('',*,*,#3001,.F.);
#3889=ORIENTED_EDGE('',*,*,#2971,.T.);
#3890=ORIENTED_EDGE('',*,*,#2888,.F.);
#3891=ORIENTED_EDGE('',*,*,#2998,.F.);
#3892=ORIENTED_EDGE('',*,*,#3002,.F.);
#3893=ORIENTED_EDGE('',*,*,#3003,.F.);
#3894=ORIENTED_EDGE('',*,*,#2891,.F.);
#3895=ORIENTED_EDGE('',*,*,#3004,.F.);
#3896=ORIENTED_EDGE('',*,*,#3000,.F.);
#3897=ORIENTED_EDGE('',*,*,#2875,.F.);
#3898=ORIENTED_EDGE('',*,*,#2892,.T.);
#3899=ORIENTED_EDGE('',*,*,#3003,.T.);
#3900=ORIENTED_EDGE('',*,*,#3005,.T.);
#3901=ORIENTED_EDGE('',*,*,#2878,.F.);
#3902=ORIENTED_EDGE('',*,*,#3005,.F.);
#3903=ORIENTED_EDGE('',*,*,#3002,.T.);
#3904=ORIENTED_EDGE('',*,*,#2997,.F.);
#3905=ORIENTED_EDGE('',*,*,#2919,.F.);
#3906=ORIENTED_EDGE('',*,*,#2996,.F.);
#3907=ORIENTED_EDGE('',*,*,#2993,.F.);
#3908=ORIENTED_EDGE('',*,*,#2988,.F.);
#3909=ORIENTED_EDGE('',*,*,#2961,.T.);
#3910=ORIENTED_EDGE('',*,*,#3006,.F.);
#3911=ORIENTED_EDGE('',*,*,#2954,.T.);
#3912=ORIENTED_EDGE('',*,*,#3007,.F.);
#3913=ORIENTED_EDGE('',*,*,#3008,.T.);
#3914=ORIENTED_EDGE('',*,*,#3009,.T.);
#3915=ORIENTED_EDGE('',*,*,#3010,.T.);
#3916=ORIENTED_EDGE('',*,*,#3011,.T.);
#3917=ORIENTED_EDGE('',*,*,#3012,.T.);
#3918=ORIENTED_EDGE('',*,*,#3013,.T.);
#3919=ORIENTED_EDGE('',*,*,#3014,.T.);
#3920=ORIENTED_EDGE('',*,*,#3015,.T.);
#3921=ORIENTED_EDGE('',*,*,#3016,.T.);
#3922=ORIENTED_EDGE('',*,*,#3017,.T.);
#3923=ORIENTED_EDGE('',*,*,#3018,.T.);
#3924=ORIENTED_EDGE('',*,*,#3019,.T.);
#3925=ORIENTED_EDGE('',*,*,#3020,.T.);
#3926=ORIENTED_EDGE('',*,*,#3021,.T.);
#3927=ORIENTED_EDGE('',*,*,#3022,.T.);
#3928=ORIENTED_EDGE('',*,*,#3023,.T.);
#3929=ORIENTED_EDGE('',*,*,#3024,.T.);
#3930=ORIENTED_EDGE('',*,*,#3025,.T.);
#3931=ORIENTED_EDGE('',*,*,#3026,.T.);
#3932=ORIENTED_EDGE('',*,*,#3027,.T.);
#3933=ORIENTED_EDGE('',*,*,#3028,.T.);
#3934=ORIENTED_EDGE('',*,*,#3029,.T.);
#3935=ORIENTED_EDGE('',*,*,#3030,.T.);
#3936=ORIENTED_EDGE('',*,*,#3031,.T.);
#3937=ORIENTED_EDGE('',*,*,#3032,.T.);
#3938=ORIENTED_EDGE('',*,*,#3033,.T.);
#3939=ORIENTED_EDGE('',*,*,#3034,.T.);
#3940=ORIENTED_EDGE('',*,*,#3035,.T.);
#3941=ORIENTED_EDGE('',*,*,#3036,.T.);
#3942=ORIENTED_EDGE('',*,*,#3037,.T.);
#3943=ORIENTED_EDGE('',*,*,#3038,.T.);
#3944=ORIENTED_EDGE('',*,*,#3039,.T.);
#3945=ORIENTED_EDGE('',*,*,#3040,.T.);
#3946=ORIENTED_EDGE('',*,*,#2842,.F.);
#3947=ORIENTED_EDGE('',*,*,#2956,.T.);
#3948=ORIENTED_EDGE('',*,*,#3041,.T.);
#3949=ORIENTED_EDGE('',*,*,#2959,.T.);
#3950=ORIENTED_EDGE('',*,*,#3042,.F.);
#3951=ORIENTED_EDGE('',*,*,#3043,.F.);
#3952=ORIENTED_EDGE('',*,*,#3044,.F.);
#3953=ORIENTED_EDGE('',*,*,#3045,.F.);
#3954=ORIENTED_EDGE('',*,*,#3046,.F.);
#3955=ORIENTED_EDGE('',*,*,#3047,.F.);
#3956=ORIENTED_EDGE('',*,*,#3043,.T.);
#3957=ORIENTED_EDGE('',*,*,#3048,.F.);
#3958=ORIENTED_EDGE('',*,*,#3049,.F.);
#3959=ORIENTED_EDGE('',*,*,#3050,.T.);
#3960=ORIENTED_EDGE('',*,*,#3042,.T.);
#3961=ORIENTED_EDGE('',*,*,#3051,.F.);
#3962=ORIENTED_EDGE('',*,*,#3052,.F.);
#3963=ORIENTED_EDGE('',*,*,#3048,.T.);
#3964=ORIENTED_EDGE('',*,*,#3047,.T.);
#3965=ORIENTED_EDGE('',*,*,#3053,.F.);
#3966=ORIENTED_EDGE('',*,*,#3054,.F.);
#3967=ORIENTED_EDGE('',*,*,#3051,.T.);
#3968=ORIENTED_EDGE('',*,*,#3046,.T.);
#3969=ORIENTED_EDGE('',*,*,#3055,.F.);
#3970=ORIENTED_EDGE('',*,*,#3056,.F.);
#3971=ORIENTED_EDGE('',*,*,#3053,.T.);
#3972=ORIENTED_EDGE('',*,*,#3045,.T.);
#3973=ORIENTED_EDGE('',*,*,#3057,.F.);
#3974=ORIENTED_EDGE('',*,*,#3058,.F.);
#3975=ORIENTED_EDGE('',*,*,#3055,.T.);
#3976=ORIENTED_EDGE('',*,*,#3044,.T.);
#3977=ORIENTED_EDGE('',*,*,#3050,.F.);
#3978=ORIENTED_EDGE('',*,*,#3059,.F.);
#3979=ORIENTED_EDGE('',*,*,#3057,.T.);
#3980=ORIENTED_EDGE('',*,*,#2951,.F.);
#3981=ORIENTED_EDGE('',*,*,#2973,.T.);
#3982=ORIENTED_EDGE('',*,*,#2940,.F.);
#3983=ORIENTED_EDGE('',*,*,#2942,.F.);
#3984=ORIENTED_EDGE('',*,*,#2945,.F.);
#3985=ORIENTED_EDGE('',*,*,#2948,.F.);
#3986=ORIENTED_EDGE('',*,*,#3049,.T.);
#3987=ORIENTED_EDGE('',*,*,#3052,.T.);
#3988=ORIENTED_EDGE('',*,*,#3054,.T.);
#3989=ORIENTED_EDGE('',*,*,#3056,.T.);
#3990=ORIENTED_EDGE('',*,*,#3058,.T.);
#3991=ORIENTED_EDGE('',*,*,#3059,.T.);
#3992=ORIENTED_EDGE('',*,*,#2890,.F.);
#3993=ORIENTED_EDGE('',*,*,#2972,.T.);
#3994=ORIENTED_EDGE('',*,*,#3001,.T.);
#3995=ORIENTED_EDGE('',*,*,#3004,.T.);
#3996=ORIENTED_EDGE('',*,*,#2964,.F.);
#3997=ORIENTED_EDGE('',*,*,#2992,.T.);
#3998=ORIENTED_EDGE('',*,*,#2995,.F.);
#3999=ORIENTED_EDGE('',*,*,#2930,.F.);
#4000=ORIENTED_EDGE('',*,*,#3041,.F.);
#4001=ORIENTED_EDGE('',*,*,#2955,.F.);
#4002=ORIENTED_EDGE('',*,*,#3006,.T.);
#4003=ORIENTED_EDGE('',*,*,#2960,.F.);
#4004=ORIENTED_EDGE('',*,*,#3007,.T.);
#4005=ORIENTED_EDGE('',*,*,#2953,.F.);
#4006=ORIENTED_EDGE('',*,*,#2958,.F.);
#4007=ORIENTED_EDGE('',*,*,#2962,.F.);
#4008=ORIENTED_EDGE('',*,*,#3060,.F.);
#4009=ORIENTED_EDGE('',*,*,#3061,.F.);
#4010=ORIENTED_EDGE('',*,*,#3062,.T.);
#4011=ORIENTED_EDGE('',*,*,#3063,.T.);
#4012=ORIENTED_EDGE('',*,*,#3064,.F.);
#4013=ORIENTED_EDGE('',*,*,#3063,.F.);
#4014=ORIENTED_EDGE('',*,*,#3065,.T.);
#4015=ORIENTED_EDGE('',*,*,#3066,.T.);
#4016=ORIENTED_EDGE('',*,*,#3009,.F.);
#4017=ORIENTED_EDGE('',*,*,#3067,.F.);
#4018=ORIENTED_EDGE('',*,*,#3068,.T.);
#4019=ORIENTED_EDGE('',*,*,#3069,.T.);
#4020=ORIENTED_EDGE('',*,*,#3010,.F.);
#4021=ORIENTED_EDGE('',*,*,#3069,.F.);
#4022=ORIENTED_EDGE('',*,*,#3070,.T.);
#4023=ORIENTED_EDGE('',*,*,#3071,.T.);
#4024=ORIENTED_EDGE('',*,*,#3011,.F.);
#4025=ORIENTED_EDGE('',*,*,#3071,.F.);
#4026=ORIENTED_EDGE('',*,*,#3072,.T.);
#4027=ORIENTED_EDGE('',*,*,#3073,.T.);
#4028=ORIENTED_EDGE('',*,*,#3012,.F.);
#4029=ORIENTED_EDGE('',*,*,#3073,.F.);
#4030=ORIENTED_EDGE('',*,*,#3074,.T.);
#4031=ORIENTED_EDGE('',*,*,#3075,.T.);
#4032=ORIENTED_EDGE('',*,*,#3013,.F.);
#4033=ORIENTED_EDGE('',*,*,#3075,.F.);
#4034=ORIENTED_EDGE('',*,*,#3076,.T.);
#4035=ORIENTED_EDGE('',*,*,#3077,.T.);
#4036=ORIENTED_EDGE('',*,*,#3014,.F.);
#4037=ORIENTED_EDGE('',*,*,#3077,.F.);
#4038=ORIENTED_EDGE('',*,*,#3078,.T.);
#4039=ORIENTED_EDGE('',*,*,#3079,.T.);
#4040=ORIENTED_EDGE('',*,*,#3015,.F.);
#4041=ORIENTED_EDGE('',*,*,#3079,.F.);
#4042=ORIENTED_EDGE('',*,*,#3080,.T.);
#4043=ORIENTED_EDGE('',*,*,#3081,.T.);
#4044=ORIENTED_EDGE('',*,*,#3008,.F.);
#4045=ORIENTED_EDGE('',*,*,#3081,.F.);
#4046=ORIENTED_EDGE('',*,*,#3082,.T.);
#4047=ORIENTED_EDGE('',*,*,#3067,.T.);
#4048=ORIENTED_EDGE('',*,*,#3083,.F.);
#4049=ORIENTED_EDGE('',*,*,#3066,.F.);
#4050=ORIENTED_EDGE('',*,*,#3084,.T.);
#4051=ORIENTED_EDGE('',*,*,#3061,.T.);
#4052=ORIENTED_EDGE('',*,*,#3068,.F.);
#4053=ORIENTED_EDGE('',*,*,#3082,.F.);
#4054=ORIENTED_EDGE('',*,*,#3080,.F.);
#4055=ORIENTED_EDGE('',*,*,#3078,.F.);
#4056=ORIENTED_EDGE('',*,*,#3076,.F.);
#4057=ORIENTED_EDGE('',*,*,#3074,.F.);
#4058=ORIENTED_EDGE('',*,*,#3072,.F.);
#4059=ORIENTED_EDGE('',*,*,#3070,.F.);
#4060=ORIENTED_EDGE('',*,*,#3062,.F.);
#4061=ORIENTED_EDGE('',*,*,#3084,.F.);
#4062=ORIENTED_EDGE('',*,*,#3065,.F.);
#4063=ORIENTED_EDGE('',*,*,#3083,.T.);
#4064=ORIENTED_EDGE('',*,*,#3060,.T.);
#4065=ORIENTED_EDGE('',*,*,#3064,.T.);
#4066=ORIENTED_EDGE('',*,*,#3085,.F.);
#4067=ORIENTED_EDGE('',*,*,#3086,.T.);
#4068=ORIENTED_EDGE('',*,*,#3087,.T.);
#4069=ORIENTED_EDGE('',*,*,#3086,.F.);
#4070=ORIENTED_EDGE('',*,*,#3016,.F.);
#4071=ORIENTED_EDGE('',*,*,#3088,.T.);
#4072=ORIENTED_EDGE('',*,*,#3089,.T.);
#4073=ORIENTED_EDGE('',*,*,#3088,.F.);
#4074=ORIENTED_EDGE('',*,*,#3089,.F.);
#4075=ORIENTED_EDGE('',*,*,#3087,.F.);
#4076=ORIENTED_EDGE('',*,*,#3085,.T.);
#4077=ORIENTED_EDGE('',*,*,#3090,.T.);
#4078=ORIENTED_EDGE('',*,*,#3091,.T.);
#4079=ORIENTED_EDGE('',*,*,#3092,.T.);
#4080=ORIENTED_EDGE('',*,*,#3093,.T.);
#4081=ORIENTED_EDGE('',*,*,#3094,.T.);
#4082=ORIENTED_EDGE('',*,*,#3095,.T.);
#4083=ORIENTED_EDGE('',*,*,#3096,.T.);
#4084=ORIENTED_EDGE('',*,*,#3091,.F.);
#4085=ORIENTED_EDGE('',*,*,#3097,.F.);
#4086=ORIENTED_EDGE('',*,*,#3098,.T.);
#4087=ORIENTED_EDGE('',*,*,#3099,.T.);
#4088=ORIENTED_EDGE('',*,*,#3092,.F.);
#4089=ORIENTED_EDGE('',*,*,#3099,.F.);
#4090=ORIENTED_EDGE('',*,*,#3100,.T.);
#4091=ORIENTED_EDGE('',*,*,#3101,.T.);
#4092=ORIENTED_EDGE('',*,*,#3093,.F.);
#4093=ORIENTED_EDGE('',*,*,#3101,.F.);
#4094=ORIENTED_EDGE('',*,*,#3102,.T.);
#4095=ORIENTED_EDGE('',*,*,#3103,.T.);
#4096=ORIENTED_EDGE('',*,*,#3094,.F.);
#4097=ORIENTED_EDGE('',*,*,#3103,.F.);
#4098=ORIENTED_EDGE('',*,*,#3104,.T.);
#4099=ORIENTED_EDGE('',*,*,#3105,.T.);
#4100=ORIENTED_EDGE('',*,*,#3095,.F.);
#4101=ORIENTED_EDGE('',*,*,#3105,.F.);
#4102=ORIENTED_EDGE('',*,*,#3106,.T.);
#4103=ORIENTED_EDGE('',*,*,#3107,.T.);
#4104=ORIENTED_EDGE('',*,*,#3096,.F.);
#4105=ORIENTED_EDGE('',*,*,#3107,.F.);
#4106=ORIENTED_EDGE('',*,*,#3108,.T.);
#4107=ORIENTED_EDGE('',*,*,#3109,.T.);
#4108=ORIENTED_EDGE('',*,*,#3110,.F.);
#4109=ORIENTED_EDGE('',*,*,#3111,.F.);
#4110=ORIENTED_EDGE('',*,*,#3112,.T.);
#4111=ORIENTED_EDGE('',*,*,#3113,.T.);
#4112=ORIENTED_EDGE('',*,*,#3114,.F.);
#4113=ORIENTED_EDGE('',*,*,#3113,.F.);
#4114=ORIENTED_EDGE('',*,*,#3115,.T.);
#4115=ORIENTED_EDGE('',*,*,#3111,.T.);
#4116=ORIENTED_EDGE('',*,*,#3090,.F.);
#4117=ORIENTED_EDGE('',*,*,#3109,.F.);
#4118=ORIENTED_EDGE('',*,*,#3116,.T.);
#4119=ORIENTED_EDGE('',*,*,#3097,.T.);
#4120=ORIENTED_EDGE('',*,*,#3098,.F.);
#4121=ORIENTED_EDGE('',*,*,#3116,.F.);
#4122=ORIENTED_EDGE('',*,*,#3108,.F.);
#4123=ORIENTED_EDGE('',*,*,#3106,.F.);
#4124=ORIENTED_EDGE('',*,*,#3104,.F.);
#4125=ORIENTED_EDGE('',*,*,#3102,.F.);
#4126=ORIENTED_EDGE('',*,*,#3100,.F.);
#4127=ORIENTED_EDGE('',*,*,#3112,.F.);
#4128=ORIENTED_EDGE('',*,*,#3115,.F.);
#4129=ORIENTED_EDGE('',*,*,#3114,.T.);
#4130=ORIENTED_EDGE('',*,*,#3110,.T.);
#4131=ORIENTED_EDGE('',*,*,#3018,.F.);
#4132=ORIENTED_EDGE('',*,*,#3117,.F.);
#4133=ORIENTED_EDGE('',*,*,#3118,.T.);
#4134=ORIENTED_EDGE('',*,*,#3119,.T.);
#4135=ORIENTED_EDGE('',*,*,#3019,.F.);
#4136=ORIENTED_EDGE('',*,*,#3119,.F.);
#4137=ORIENTED_EDGE('',*,*,#3120,.T.);
#4138=ORIENTED_EDGE('',*,*,#3121,.T.);
#4139=ORIENTED_EDGE('',*,*,#3020,.F.);
#4140=ORIENTED_EDGE('',*,*,#3121,.F.);
#4141=ORIENTED_EDGE('',*,*,#3122,.T.);
#4142=ORIENTED_EDGE('',*,*,#3123,.T.);
#4143=ORIENTED_EDGE('',*,*,#3021,.F.);
#4144=ORIENTED_EDGE('',*,*,#3123,.F.);
#4145=ORIENTED_EDGE('',*,*,#3124,.T.);
#4146=ORIENTED_EDGE('',*,*,#3125,.T.);
#4147=ORIENTED_EDGE('',*,*,#3022,.F.);
#4148=ORIENTED_EDGE('',*,*,#3125,.F.);
#4149=ORIENTED_EDGE('',*,*,#3126,.T.);
#4150=ORIENTED_EDGE('',*,*,#3127,.T.);
#4151=ORIENTED_EDGE('',*,*,#3023,.F.);
#4152=ORIENTED_EDGE('',*,*,#3127,.F.);
#4153=ORIENTED_EDGE('',*,*,#3128,.T.);
#4154=ORIENTED_EDGE('',*,*,#3129,.T.);
#4155=ORIENTED_EDGE('',*,*,#3024,.F.);
#4156=ORIENTED_EDGE('',*,*,#3129,.F.);
#4157=ORIENTED_EDGE('',*,*,#3130,.T.);
#4158=ORIENTED_EDGE('',*,*,#3131,.T.);
#4159=ORIENTED_EDGE('',*,*,#3025,.F.);
#4160=ORIENTED_EDGE('',*,*,#3131,.F.);
#4161=ORIENTED_EDGE('',*,*,#3132,.T.);
#4162=ORIENTED_EDGE('',*,*,#3133,.T.);
#4163=ORIENTED_EDGE('',*,*,#3026,.F.);
#4164=ORIENTED_EDGE('',*,*,#3133,.F.);
#4165=ORIENTED_EDGE('',*,*,#3134,.T.);
#4166=ORIENTED_EDGE('',*,*,#3135,.T.);
#4167=ORIENTED_EDGE('',*,*,#3017,.F.);
#4168=ORIENTED_EDGE('',*,*,#3135,.F.);
#4169=ORIENTED_EDGE('',*,*,#3136,.T.);
#4170=ORIENTED_EDGE('',*,*,#3117,.T.);
#4171=ORIENTED_EDGE('',*,*,#3118,.F.);
#4172=ORIENTED_EDGE('',*,*,#3136,.F.);
#4173=ORIENTED_EDGE('',*,*,#3134,.F.);
#4174=ORIENTED_EDGE('',*,*,#3132,.F.);
#4175=ORIENTED_EDGE('',*,*,#3130,.F.);
#4176=ORIENTED_EDGE('',*,*,#3128,.F.);
#4177=ORIENTED_EDGE('',*,*,#3126,.F.);
#4178=ORIENTED_EDGE('',*,*,#3124,.F.);
#4179=ORIENTED_EDGE('',*,*,#3122,.F.);
#4180=ORIENTED_EDGE('',*,*,#3120,.F.);
#4181=ORIENTED_EDGE('',*,*,#3137,.F.);
#4182=ORIENTED_EDGE('',*,*,#3138,.F.);
#4183=ORIENTED_EDGE('',*,*,#3139,.T.);
#4184=ORIENTED_EDGE('',*,*,#3140,.T.);
#4185=ORIENTED_EDGE('',*,*,#3036,.F.);
#4186=ORIENTED_EDGE('',*,*,#3141,.F.);
#4187=ORIENTED_EDGE('',*,*,#3142,.T.);
#4188=ORIENTED_EDGE('',*,*,#3143,.T.);
#4189=ORIENTED_EDGE('',*,*,#3037,.F.);
#4190=ORIENTED_EDGE('',*,*,#3143,.F.);
#4191=ORIENTED_EDGE('',*,*,#3144,.T.);
#4192=ORIENTED_EDGE('',*,*,#3145,.T.);
#4193=ORIENTED_EDGE('',*,*,#3038,.F.);
#4194=ORIENTED_EDGE('',*,*,#3145,.F.);
#4195=ORIENTED_EDGE('',*,*,#3146,.T.);
#4196=ORIENTED_EDGE('',*,*,#3147,.T.);
#4197=ORIENTED_EDGE('',*,*,#3039,.F.);
#4198=ORIENTED_EDGE('',*,*,#3147,.F.);
#4199=ORIENTED_EDGE('',*,*,#3148,.T.);
#4200=ORIENTED_EDGE('',*,*,#3149,.T.);
#4201=ORIENTED_EDGE('',*,*,#3040,.F.);
#4202=ORIENTED_EDGE('',*,*,#3149,.F.);
#4203=ORIENTED_EDGE('',*,*,#3150,.T.);
#4204=ORIENTED_EDGE('',*,*,#3151,.T.);
#4205=ORIENTED_EDGE('',*,*,#3035,.F.);
#4206=ORIENTED_EDGE('',*,*,#3151,.F.);
#4207=ORIENTED_EDGE('',*,*,#3152,.T.);
#4208=ORIENTED_EDGE('',*,*,#3141,.T.);
#4209=ORIENTED_EDGE('',*,*,#3153,.F.);
#4210=ORIENTED_EDGE('',*,*,#3140,.F.);
#4211=ORIENTED_EDGE('',*,*,#3154,.T.);
#4212=ORIENTED_EDGE('',*,*,#3138,.T.);
#4213=ORIENTED_EDGE('',*,*,#3142,.F.);
#4214=ORIENTED_EDGE('',*,*,#3152,.F.);
#4215=ORIENTED_EDGE('',*,*,#3150,.F.);
#4216=ORIENTED_EDGE('',*,*,#3148,.F.);
#4217=ORIENTED_EDGE('',*,*,#3146,.F.);
#4218=ORIENTED_EDGE('',*,*,#3144,.F.);
#4219=ORIENTED_EDGE('',*,*,#3139,.F.);
#4220=ORIENTED_EDGE('',*,*,#3154,.F.);
#4221=ORIENTED_EDGE('',*,*,#3153,.T.);
#4222=ORIENTED_EDGE('',*,*,#3137,.T.);
#4223=ORIENTED_EDGE('',*,*,#3032,.F.);
#4224=ORIENTED_EDGE('',*,*,#3155,.F.);
#4225=ORIENTED_EDGE('',*,*,#3156,.T.);
#4226=ORIENTED_EDGE('',*,*,#3157,.T.);
#4227=ORIENTED_EDGE('',*,*,#3033,.F.);
#4228=ORIENTED_EDGE('',*,*,#3157,.F.);
#4229=ORIENTED_EDGE('',*,*,#3158,.T.);
#4230=ORIENTED_EDGE('',*,*,#3159,.T.);
#4231=ORIENTED_EDGE('',*,*,#3034,.F.);
#4232=ORIENTED_EDGE('',*,*,#3159,.F.);
#4233=ORIENTED_EDGE('',*,*,#3160,.T.);
#4234=ORIENTED_EDGE('',*,*,#3161,.T.);
#4235=ORIENTED_EDGE('',*,*,#3031,.F.);
#4236=ORIENTED_EDGE('',*,*,#3161,.F.);
#4237=ORIENTED_EDGE('',*,*,#3162,.T.);
#4238=ORIENTED_EDGE('',*,*,#3155,.T.);
#4239=ORIENTED_EDGE('',*,*,#3156,.F.);
#4240=ORIENTED_EDGE('',*,*,#3162,.F.);
#4241=ORIENTED_EDGE('',*,*,#3160,.F.);
#4242=ORIENTED_EDGE('',*,*,#3158,.F.);
#4243=ORIENTED_EDGE('',*,*,#3028,.F.);
#4244=ORIENTED_EDGE('',*,*,#3163,.F.);
#4245=ORIENTED_EDGE('',*,*,#3164,.T.);
#4246=ORIENTED_EDGE('',*,*,#3165,.T.);
#4247=ORIENTED_EDGE('',*,*,#3029,.F.);
#4248=ORIENTED_EDGE('',*,*,#3165,.F.);
#4249=ORIENTED_EDGE('',*,*,#3166,.T.);
#4250=ORIENTED_EDGE('',*,*,#3167,.T.);
#4251=ORIENTED_EDGE('',*,*,#3030,.F.);
#4252=ORIENTED_EDGE('',*,*,#3167,.F.);
#4253=ORIENTED_EDGE('',*,*,#3168,.T.);
#4254=ORIENTED_EDGE('',*,*,#3169,.T.);
#4255=ORIENTED_EDGE('',*,*,#3027,.F.);
#4256=ORIENTED_EDGE('',*,*,#3169,.F.);
#4257=ORIENTED_EDGE('',*,*,#3170,.T.);
#4258=ORIENTED_EDGE('',*,*,#3163,.T.);
#4259=ORIENTED_EDGE('',*,*,#3164,.F.);
#4260=ORIENTED_EDGE('',*,*,#3170,.F.);
#4261=ORIENTED_EDGE('',*,*,#3168,.F.);
#4262=ORIENTED_EDGE('',*,*,#3166,.F.);
#4263=ORIENTED_EDGE('',*,*,#2965,.F.);
#4264=ORIENTED_EDGE('',*,*,#2933,.F.);
#4265=ORIENTED_EDGE('',*,*,#2853,.T.);
#4266=ORIENTED_EDGE('',*,*,#3171,.T.);
#4267=ORIENTED_EDGE('',*,*,#2966,.F.);
#4268=ORIENTED_EDGE('',*,*,#3171,.F.);
#4269=ORIENTED_EDGE('',*,*,#2852,.T.);
#4270=ORIENTED_EDGE('',*,*,#3172,.T.);
#4271=ORIENTED_EDGE('',*,*,#2967,.F.);
#4272=ORIENTED_EDGE('',*,*,#3172,.F.);
#4273=ORIENTED_EDGE('',*,*,#2851,.T.);
#4274=ORIENTED_EDGE('',*,*,#2858,.T.);
#4275=ORIENTED_EDGE('',*,*,#2970,.T.);
#4276=ORIENTED_EDGE('',*,*,#3173,.F.);
#4277=ORIENTED_EDGE('',*,*,#3174,.F.);
#4278=ORIENTED_EDGE('',*,*,#2897,.T.);
#4279=ORIENTED_EDGE('',*,*,#2969,.T.);
#4280=ORIENTED_EDGE('',*,*,#3175,.F.);
#4281=ORIENTED_EDGE('',*,*,#3176,.F.);
#4282=ORIENTED_EDGE('',*,*,#3173,.T.);
#4283=ORIENTED_EDGE('',*,*,#2968,.T.);
#4284=ORIENTED_EDGE('',*,*,#2856,.F.);
#4285=ORIENTED_EDGE('',*,*,#3177,.F.);
#4286=ORIENTED_EDGE('',*,*,#3175,.T.);
#4287=ORIENTED_EDGE('',*,*,#2834,.F.);
#4288=ORIENTED_EDGE('',*,*,#2898,.T.);
#4289=ORIENTED_EDGE('',*,*,#3174,.T.);
#4290=ORIENTED_EDGE('',*,*,#3176,.T.);
#4291=ORIENTED_EDGE('',*,*,#3177,.T.);
#4292=ORIENTED_EDGE('',*,*,#2855,.T.);
#4293=ORIENTED_EDGE('',*,*,#2974,.F.);
#4294=ORIENTED_EDGE('',*,*,#3178,.F.);
#4295=ORIENTED_EDGE('',*,*,#3179,.T.);
#4296=ORIENTED_EDGE('',*,*,#3180,.T.);
#4297=ORIENTED_EDGE('',*,*,#2975,.F.);
#4298=ORIENTED_EDGE('',*,*,#3180,.F.);
#4299=ORIENTED_EDGE('',*,*,#3181,.T.);
#4300=ORIENTED_EDGE('',*,*,#3182,.T.);
#4301=ORIENTED_EDGE('',*,*,#2976,.F.);
#4302=ORIENTED_EDGE('',*,*,#3182,.F.);
#4303=ORIENTED_EDGE('',*,*,#3183,.T.);
#4304=ORIENTED_EDGE('',*,*,#3184,.T.);
#4305=ORIENTED_EDGE('',*,*,#2977,.F.);
#4306=ORIENTED_EDGE('',*,*,#3184,.F.);
#4307=ORIENTED_EDGE('',*,*,#3185,.T.);
#4308=ORIENTED_EDGE('',*,*,#3186,.T.);
#4309=ORIENTED_EDGE('',*,*,#2978,.F.);
#4310=ORIENTED_EDGE('',*,*,#3186,.F.);
#4311=ORIENTED_EDGE('',*,*,#3187,.T.);
#4312=ORIENTED_EDGE('',*,*,#3188,.T.);
#4313=ORIENTED_EDGE('',*,*,#2979,.F.);
#4314=ORIENTED_EDGE('',*,*,#3188,.F.);
#4315=ORIENTED_EDGE('',*,*,#3189,.T.);
#4316=ORIENTED_EDGE('',*,*,#3190,.T.);
#4317=ORIENTED_EDGE('',*,*,#2980,.F.);
#4318=ORIENTED_EDGE('',*,*,#3190,.F.);
#4319=ORIENTED_EDGE('',*,*,#3191,.T.);
#4320=ORIENTED_EDGE('',*,*,#3192,.T.);
#4321=ORIENTED_EDGE('',*,*,#2981,.F.);
#4322=ORIENTED_EDGE('',*,*,#3192,.F.);
#4323=ORIENTED_EDGE('',*,*,#3193,.T.);
#4324=ORIENTED_EDGE('',*,*,#3194,.T.);
#4325=ORIENTED_EDGE('',*,*,#2982,.F.);
#4326=ORIENTED_EDGE('',*,*,#3194,.F.);
#4327=ORIENTED_EDGE('',*,*,#3195,.T.);
#4328=ORIENTED_EDGE('',*,*,#3196,.T.);
#4329=ORIENTED_EDGE('',*,*,#2983,.F.);
#4330=ORIENTED_EDGE('',*,*,#3196,.F.);
#4331=ORIENTED_EDGE('',*,*,#3197,.T.);
#4332=ORIENTED_EDGE('',*,*,#3198,.T.);
#4333=ORIENTED_EDGE('',*,*,#2984,.F.);
#4334=ORIENTED_EDGE('',*,*,#3198,.F.);
#4335=ORIENTED_EDGE('',*,*,#3199,.T.);
#4336=ORIENTED_EDGE('',*,*,#3200,.T.);
#4337=ORIENTED_EDGE('',*,*,#2985,.F.);
#4338=ORIENTED_EDGE('',*,*,#3200,.F.);
#4339=ORIENTED_EDGE('',*,*,#3201,.T.);
#4340=ORIENTED_EDGE('',*,*,#3202,.T.);
#4341=ORIENTED_EDGE('',*,*,#2986,.F.);
#4342=ORIENTED_EDGE('',*,*,#3202,.F.);
#4343=ORIENTED_EDGE('',*,*,#3203,.T.);
#4344=ORIENTED_EDGE('',*,*,#3204,.T.);
#4345=ORIENTED_EDGE('',*,*,#2987,.F.);
#4346=ORIENTED_EDGE('',*,*,#3204,.F.);
#4347=ORIENTED_EDGE('',*,*,#3205,.T.);
#4348=ORIENTED_EDGE('',*,*,#3178,.T.);
#4349=ORIENTED_EDGE('',*,*,#3179,.F.);
#4350=ORIENTED_EDGE('',*,*,#3205,.F.);
#4351=ORIENTED_EDGE('',*,*,#3203,.F.);
#4352=ORIENTED_EDGE('',*,*,#3201,.F.);
#4353=ORIENTED_EDGE('',*,*,#3199,.F.);
#4354=ORIENTED_EDGE('',*,*,#3197,.F.);
#4355=ORIENTED_EDGE('',*,*,#3195,.F.);
#4356=ORIENTED_EDGE('',*,*,#3193,.F.);
#4357=ORIENTED_EDGE('',*,*,#3191,.F.);
#4358=ORIENTED_EDGE('',*,*,#3189,.F.);
#4359=ORIENTED_EDGE('',*,*,#3187,.F.);
#4360=ORIENTED_EDGE('',*,*,#3185,.F.);
#4361=ORIENTED_EDGE('',*,*,#3183,.F.);
#4362=ORIENTED_EDGE('',*,*,#3181,.F.);
#4363=ORIENTED_EDGE('',*,*,#3206,.T.);
#4364=ORIENTED_EDGE('',*,*,#3207,.T.);
#4365=ORIENTED_EDGE('',*,*,#3208,.T.);
#4366=ORIENTED_EDGE('',*,*,#3209,.T.);
#4367=ORIENTED_EDGE('',*,*,#3210,.T.);
#4368=ORIENTED_EDGE('',*,*,#3211,.T.);
#4369=ORIENTED_EDGE('',*,*,#3212,.T.);
#4370=ORIENTED_EDGE('',*,*,#3213,.T.);
#4371=ORIENTED_EDGE('',*,*,#3214,.T.);
#4372=ORIENTED_EDGE('',*,*,#3215,.T.);
#4373=ORIENTED_EDGE('',*,*,#3216,.T.);
#4374=ORIENTED_EDGE('',*,*,#3217,.T.);
#4375=ORIENTED_EDGE('',*,*,#3218,.T.);
#4376=ORIENTED_EDGE('',*,*,#3219,.T.);
#4377=ORIENTED_EDGE('',*,*,#3220,.T.);
#4378=ORIENTED_EDGE('',*,*,#3221,.T.);
#4379=ORIENTED_EDGE('',*,*,#3222,.T.);
#4380=ORIENTED_EDGE('',*,*,#3223,.T.);
#4381=ORIENTED_EDGE('',*,*,#3224,.T.);
#4382=ORIENTED_EDGE('',*,*,#3225,.T.);
#4383=ORIENTED_EDGE('',*,*,#3226,.T.);
#4384=ORIENTED_EDGE('',*,*,#3227,.T.);
#4385=ORIENTED_EDGE('',*,*,#3228,.T.);
#4386=ORIENTED_EDGE('',*,*,#3229,.T.);
#4387=ORIENTED_EDGE('',*,*,#3230,.T.);
#4388=ORIENTED_EDGE('',*,*,#3231,.T.);
#4389=ORIENTED_EDGE('',*,*,#3232,.T.);
#4390=ORIENTED_EDGE('',*,*,#3233,.T.);
#4391=ORIENTED_EDGE('',*,*,#3234,.T.);
#4392=ORIENTED_EDGE('',*,*,#3235,.T.);
#4393=ORIENTED_EDGE('',*,*,#3236,.T.);
#4394=ORIENTED_EDGE('',*,*,#3237,.T.);
#4395=ORIENTED_EDGE('',*,*,#3238,.T.);
#4396=ORIENTED_EDGE('',*,*,#3239,.T.);
#4397=ORIENTED_EDGE('',*,*,#3240,.T.);
#4398=ORIENTED_EDGE('',*,*,#3241,.T.);
#4399=ORIENTED_EDGE('',*,*,#3242,.T.);
#4400=ORIENTED_EDGE('',*,*,#3243,.T.);
#4401=ORIENTED_EDGE('',*,*,#3244,.T.);
#4402=ORIENTED_EDGE('',*,*,#3245,.T.);
#4403=ORIENTED_EDGE('',*,*,#3246,.T.);
#4404=ORIENTED_EDGE('',*,*,#3247,.T.);
#4405=ORIENTED_EDGE('',*,*,#3248,.T.);
#4406=ORIENTED_EDGE('',*,*,#3249,.T.);
#4407=ORIENTED_EDGE('',*,*,#3250,.T.);
#4408=ORIENTED_EDGE('',*,*,#3251,.T.);
#4409=ORIENTED_EDGE('',*,*,#3252,.T.);
#4410=ORIENTED_EDGE('',*,*,#3253,.T.);
#4411=ORIENTED_EDGE('',*,*,#3254,.T.);
#4412=ORIENTED_EDGE('',*,*,#3255,.T.);
#4413=ORIENTED_EDGE('',*,*,#3256,.F.);
#4414=ORIENTED_EDGE('',*,*,#3257,.T.);
#4415=ORIENTED_EDGE('',*,*,#3258,.T.);
#4416=ORIENTED_EDGE('',*,*,#3259,.T.);
#4417=ORIENTED_EDGE('',*,*,#3260,.T.);
#4418=ORIENTED_EDGE('',*,*,#3261,.T.);
#4419=ORIENTED_EDGE('',*,*,#3262,.T.);
#4420=ORIENTED_EDGE('',*,*,#3263,.T.);
#4421=ORIENTED_EDGE('',*,*,#3264,.T.);
#4422=ORIENTED_EDGE('',*,*,#3265,.T.);
#4423=ORIENTED_EDGE('',*,*,#3266,.T.);
#4424=ORIENTED_EDGE('',*,*,#3267,.T.);
#4425=ORIENTED_EDGE('',*,*,#3268,.T.);
#4426=ORIENTED_EDGE('',*,*,#3269,.T.);
#4427=ORIENTED_EDGE('',*,*,#3270,.T.);
#4428=ORIENTED_EDGE('',*,*,#3271,.T.);
#4429=ORIENTED_EDGE('',*,*,#3272,.T.);
#4430=ORIENTED_EDGE('',*,*,#3273,.T.);
#4431=ORIENTED_EDGE('',*,*,#3274,.T.);
#4432=ORIENTED_EDGE('',*,*,#3275,.T.);
#4433=ORIENTED_EDGE('',*,*,#3276,.T.);
#4434=ORIENTED_EDGE('',*,*,#3277,.T.);
#4435=ORIENTED_EDGE('',*,*,#3278,.T.);
#4436=ORIENTED_EDGE('',*,*,#3279,.T.);
#4437=ORIENTED_EDGE('',*,*,#3280,.T.);
#4438=ORIENTED_EDGE('',*,*,#3281,.T.);
#4439=ORIENTED_EDGE('',*,*,#3282,.T.);
#4440=ORIENTED_EDGE('',*,*,#3283,.T.);
#4441=ORIENTED_EDGE('',*,*,#3272,.F.);
#4442=ORIENTED_EDGE('',*,*,#3284,.F.);
#4443=ORIENTED_EDGE('',*,*,#3285,.T.);
#4444=ORIENTED_EDGE('',*,*,#3286,.T.);
#4445=ORIENTED_EDGE('',*,*,#3273,.F.);
#4446=ORIENTED_EDGE('',*,*,#3286,.F.);
#4447=ORIENTED_EDGE('',*,*,#3287,.T.);
#4448=ORIENTED_EDGE('',*,*,#3288,.T.);
#4449=ORIENTED_EDGE('',*,*,#3274,.F.);
#4450=ORIENTED_EDGE('',*,*,#3288,.F.);
#4451=ORIENTED_EDGE('',*,*,#3289,.T.);
#4452=ORIENTED_EDGE('',*,*,#3290,.T.);
#4453=ORIENTED_EDGE('',*,*,#3275,.F.);
#4454=ORIENTED_EDGE('',*,*,#3290,.F.);
#4455=ORIENTED_EDGE('',*,*,#3291,.T.);
#4456=ORIENTED_EDGE('',*,*,#3292,.T.);
#4457=ORIENTED_EDGE('',*,*,#3276,.F.);
#4458=ORIENTED_EDGE('',*,*,#3292,.F.);
#4459=ORIENTED_EDGE('',*,*,#3293,.T.);
#4460=ORIENTED_EDGE('',*,*,#3294,.T.);
#4461=ORIENTED_EDGE('',*,*,#3277,.F.);
#4462=ORIENTED_EDGE('',*,*,#3294,.F.);
#4463=ORIENTED_EDGE('',*,*,#3295,.T.);
#4464=ORIENTED_EDGE('',*,*,#3296,.T.);
#4465=ORIENTED_EDGE('',*,*,#3278,.F.);
#4466=ORIENTED_EDGE('',*,*,#3296,.F.);
#4467=ORIENTED_EDGE('',*,*,#3297,.T.);
#4468=ORIENTED_EDGE('',*,*,#3298,.T.);
#4469=ORIENTED_EDGE('',*,*,#3279,.F.);
#4470=ORIENTED_EDGE('',*,*,#3298,.F.);
#4471=ORIENTED_EDGE('',*,*,#3299,.T.);
#4472=ORIENTED_EDGE('',*,*,#3300,.T.);
#4473=ORIENTED_EDGE('',*,*,#3280,.F.);
#4474=ORIENTED_EDGE('',*,*,#3300,.F.);
#4475=ORIENTED_EDGE('',*,*,#3301,.T.);
#4476=ORIENTED_EDGE('',*,*,#3302,.T.);
#4477=ORIENTED_EDGE('',*,*,#3281,.F.);
#4478=ORIENTED_EDGE('',*,*,#3302,.F.);
#4479=ORIENTED_EDGE('',*,*,#3303,.T.);
#4480=ORIENTED_EDGE('',*,*,#3304,.T.);
#4481=ORIENTED_EDGE('',*,*,#3282,.F.);
#4482=ORIENTED_EDGE('',*,*,#3304,.F.);
#4483=ORIENTED_EDGE('',*,*,#3305,.T.);
#4484=ORIENTED_EDGE('',*,*,#3306,.T.);
#4485=ORIENTED_EDGE('',*,*,#3283,.F.);
#4486=ORIENTED_EDGE('',*,*,#3306,.F.);
#4487=ORIENTED_EDGE('',*,*,#3307,.T.);
#4488=ORIENTED_EDGE('',*,*,#3284,.T.);
#4489=ORIENTED_EDGE('',*,*,#3285,.F.);
#4490=ORIENTED_EDGE('',*,*,#3307,.F.);
#4491=ORIENTED_EDGE('',*,*,#3305,.F.);
#4492=ORIENTED_EDGE('',*,*,#3303,.F.);
#4493=ORIENTED_EDGE('',*,*,#3301,.F.);
#4494=ORIENTED_EDGE('',*,*,#3299,.F.);
#4495=ORIENTED_EDGE('',*,*,#3297,.F.);
#4496=ORIENTED_EDGE('',*,*,#3295,.F.);
#4497=ORIENTED_EDGE('',*,*,#3293,.F.);
#4498=ORIENTED_EDGE('',*,*,#3291,.F.);
#4499=ORIENTED_EDGE('',*,*,#3289,.F.);
#4500=ORIENTED_EDGE('',*,*,#3287,.F.);
#4501=ORIENTED_EDGE('',*,*,#3264,.F.);
#4502=ORIENTED_EDGE('',*,*,#3308,.F.);
#4503=ORIENTED_EDGE('',*,*,#3309,.T.);
#4504=ORIENTED_EDGE('',*,*,#3310,.T.);
#4505=ORIENTED_EDGE('',*,*,#3265,.F.);
#4506=ORIENTED_EDGE('',*,*,#3310,.F.);
#4507=ORIENTED_EDGE('',*,*,#3311,.T.);
#4508=ORIENTED_EDGE('',*,*,#3312,.T.);
#4509=ORIENTED_EDGE('',*,*,#3266,.F.);
#4510=ORIENTED_EDGE('',*,*,#3312,.F.);
#4511=ORIENTED_EDGE('',*,*,#3313,.T.);
#4512=ORIENTED_EDGE('',*,*,#3314,.T.);
#4513=ORIENTED_EDGE('',*,*,#3267,.F.);
#4514=ORIENTED_EDGE('',*,*,#3314,.F.);
#4515=ORIENTED_EDGE('',*,*,#3315,.T.);
#4516=ORIENTED_EDGE('',*,*,#3316,.T.);
#4517=ORIENTED_EDGE('',*,*,#3268,.F.);
#4518=ORIENTED_EDGE('',*,*,#3316,.F.);
#4519=ORIENTED_EDGE('',*,*,#3317,.T.);
#4520=ORIENTED_EDGE('',*,*,#3318,.T.);
#4521=ORIENTED_EDGE('',*,*,#3269,.F.);
#4522=ORIENTED_EDGE('',*,*,#3318,.F.);
#4523=ORIENTED_EDGE('',*,*,#3319,.T.);
#4524=ORIENTED_EDGE('',*,*,#3320,.T.);
#4525=ORIENTED_EDGE('',*,*,#3270,.F.);
#4526=ORIENTED_EDGE('',*,*,#3320,.F.);
#4527=ORIENTED_EDGE('',*,*,#3321,.T.);
#4528=ORIENTED_EDGE('',*,*,#3322,.T.);
#4529=ORIENTED_EDGE('',*,*,#3271,.F.);
#4530=ORIENTED_EDGE('',*,*,#3322,.F.);
#4531=ORIENTED_EDGE('',*,*,#3323,.T.);
#4532=ORIENTED_EDGE('',*,*,#3308,.T.);
#4533=ORIENTED_EDGE('',*,*,#3309,.F.);
#4534=ORIENTED_EDGE('',*,*,#3323,.F.);
#4535=ORIENTED_EDGE('',*,*,#3321,.F.);
#4536=ORIENTED_EDGE('',*,*,#3319,.F.);
#4537=ORIENTED_EDGE('',*,*,#3317,.F.);
#4538=ORIENTED_EDGE('',*,*,#3315,.F.);
#4539=ORIENTED_EDGE('',*,*,#3313,.F.);
#4540=ORIENTED_EDGE('',*,*,#3311,.F.);
#4541=ORIENTED_EDGE('',*,*,#3257,.F.);
#4542=ORIENTED_EDGE('',*,*,#3324,.F.);
#4543=ORIENTED_EDGE('',*,*,#3325,.T.);
#4544=ORIENTED_EDGE('',*,*,#3326,.T.);
#4545=ORIENTED_EDGE('',*,*,#3258,.F.);
#4546=ORIENTED_EDGE('',*,*,#3326,.F.);
#4547=ORIENTED_EDGE('',*,*,#3327,.T.);
#4548=ORIENTED_EDGE('',*,*,#3328,.T.);
#4549=ORIENTED_EDGE('',*,*,#3259,.F.);
#4550=ORIENTED_EDGE('',*,*,#3328,.F.);
#4551=ORIENTED_EDGE('',*,*,#3329,.T.);
#4552=ORIENTED_EDGE('',*,*,#3330,.T.);
#4553=ORIENTED_EDGE('',*,*,#3260,.F.);
#4554=ORIENTED_EDGE('',*,*,#3330,.F.);
#4555=ORIENTED_EDGE('',*,*,#3331,.T.);
#4556=ORIENTED_EDGE('',*,*,#3332,.T.);
#4557=ORIENTED_EDGE('',*,*,#3261,.F.);
#4558=ORIENTED_EDGE('',*,*,#3332,.F.);
#4559=ORIENTED_EDGE('',*,*,#3333,.T.);
#4560=ORIENTED_EDGE('',*,*,#3334,.T.);
#4561=ORIENTED_EDGE('',*,*,#3262,.F.);
#4562=ORIENTED_EDGE('',*,*,#3334,.F.);
#4563=ORIENTED_EDGE('',*,*,#3335,.T.);
#4564=ORIENTED_EDGE('',*,*,#3336,.T.);
#4565=ORIENTED_EDGE('',*,*,#3263,.F.);
#4566=ORIENTED_EDGE('',*,*,#3336,.F.);
#4567=ORIENTED_EDGE('',*,*,#3337,.T.);
#4568=ORIENTED_EDGE('',*,*,#3324,.T.);
#4569=ORIENTED_EDGE('',*,*,#3325,.F.);
#4570=ORIENTED_EDGE('',*,*,#3337,.F.);
#4571=ORIENTED_EDGE('',*,*,#3335,.F.);
#4572=ORIENTED_EDGE('',*,*,#3333,.F.);
#4573=ORIENTED_EDGE('',*,*,#3331,.F.);
#4574=ORIENTED_EDGE('',*,*,#3329,.F.);
#4575=ORIENTED_EDGE('',*,*,#3327,.F.);
#4576=ORIENTED_EDGE('',*,*,#3338,.T.);
#4577=ORIENTED_EDGE('',*,*,#3339,.T.);
#4578=ORIENTED_EDGE('',*,*,#3340,.T.);
#4579=ORIENTED_EDGE('',*,*,#3339,.F.);
#4580=ORIENTED_EDGE('',*,*,#3256,.T.);
#4581=ORIENTED_EDGE('',*,*,#3341,.T.);
#4582=ORIENTED_EDGE('',*,*,#3342,.T.);
#4583=ORIENTED_EDGE('',*,*,#3341,.F.);
#4584=ORIENTED_EDGE('',*,*,#3342,.F.);
#4585=ORIENTED_EDGE('',*,*,#3340,.F.);
#4586=ORIENTED_EDGE('',*,*,#3338,.F.);
#4587=ORIENTED_EDGE('',*,*,#3252,.F.);
#4588=ORIENTED_EDGE('',*,*,#3343,.F.);
#4589=ORIENTED_EDGE('',*,*,#3344,.T.);
#4590=ORIENTED_EDGE('',*,*,#3345,.T.);
#4591=ORIENTED_EDGE('',*,*,#3253,.F.);
#4592=ORIENTED_EDGE('',*,*,#3345,.F.);
#4593=ORIENTED_EDGE('',*,*,#3346,.T.);
#4594=ORIENTED_EDGE('',*,*,#3347,.T.);
#4595=ORIENTED_EDGE('',*,*,#3254,.F.);
#4596=ORIENTED_EDGE('',*,*,#3347,.F.);
#4597=ORIENTED_EDGE('',*,*,#3348,.T.);
#4598=ORIENTED_EDGE('',*,*,#3349,.T.);
#4599=ORIENTED_EDGE('',*,*,#3350,.F.);
#4600=ORIENTED_EDGE('',*,*,#3351,.F.);
#4601=ORIENTED_EDGE('',*,*,#3352,.T.);
#4602=ORIENTED_EDGE('',*,*,#3353,.T.);
#4603=ORIENTED_EDGE('',*,*,#3354,.F.);
#4604=ORIENTED_EDGE('',*,*,#3353,.F.);
#4605=ORIENTED_EDGE('',*,*,#3355,.T.);
#4606=ORIENTED_EDGE('',*,*,#3351,.T.);
#4607=ORIENTED_EDGE('',*,*,#3255,.F.);
#4608=ORIENTED_EDGE('',*,*,#3349,.F.);
#4609=ORIENTED_EDGE('',*,*,#3356,.T.);
#4610=ORIENTED_EDGE('',*,*,#3343,.T.);
#4611=ORIENTED_EDGE('',*,*,#3344,.F.);
#4612=ORIENTED_EDGE('',*,*,#3356,.F.);
#4613=ORIENTED_EDGE('',*,*,#3348,.F.);
#4614=ORIENTED_EDGE('',*,*,#3346,.F.);
#4615=ORIENTED_EDGE('',*,*,#3352,.F.);
#4616=ORIENTED_EDGE('',*,*,#3355,.F.);
#4617=ORIENTED_EDGE('',*,*,#3350,.T.);
#4618=ORIENTED_EDGE('',*,*,#3354,.T.);
#4619=ORIENTED_EDGE('',*,*,#3239,.F.);
#4620=ORIENTED_EDGE('',*,*,#3357,.F.);
#4621=ORIENTED_EDGE('',*,*,#3358,.T.);
#4622=ORIENTED_EDGE('',*,*,#3359,.T.);
#4623=ORIENTED_EDGE('',*,*,#3240,.F.);
#4624=ORIENTED_EDGE('',*,*,#3359,.F.);
#4625=ORIENTED_EDGE('',*,*,#3360,.T.);
#4626=ORIENTED_EDGE('',*,*,#3361,.T.);
#4627=ORIENTED_EDGE('',*,*,#3241,.F.);
#4628=ORIENTED_EDGE('',*,*,#3361,.F.);
#4629=ORIENTED_EDGE('',*,*,#3362,.T.);
#4630=ORIENTED_EDGE('',*,*,#3363,.T.);
#4631=ORIENTED_EDGE('',*,*,#3242,.F.);
#4632=ORIENTED_EDGE('',*,*,#3363,.F.);
#4633=ORIENTED_EDGE('',*,*,#3364,.T.);
#4634=ORIENTED_EDGE('',*,*,#3365,.T.);
#4635=ORIENTED_EDGE('',*,*,#3243,.F.);
#4636=ORIENTED_EDGE('',*,*,#3365,.F.);
#4637=ORIENTED_EDGE('',*,*,#3366,.T.);
#4638=ORIENTED_EDGE('',*,*,#3367,.T.);
#4639=ORIENTED_EDGE('',*,*,#3244,.F.);
#4640=ORIENTED_EDGE('',*,*,#3367,.F.);
#4641=ORIENTED_EDGE('',*,*,#3368,.T.);
#4642=ORIENTED_EDGE('',*,*,#3369,.T.);
#4643=ORIENTED_EDGE('',*,*,#3245,.F.);
#4644=ORIENTED_EDGE('',*,*,#3369,.F.);
#4645=ORIENTED_EDGE('',*,*,#3370,.T.);
#4646=ORIENTED_EDGE('',*,*,#3371,.T.);
#4647=ORIENTED_EDGE('',*,*,#3246,.F.);
#4648=ORIENTED_EDGE('',*,*,#3371,.F.);
#4649=ORIENTED_EDGE('',*,*,#3372,.T.);
#4650=ORIENTED_EDGE('',*,*,#3373,.T.);
#4651=ORIENTED_EDGE('',*,*,#3247,.F.);
#4652=ORIENTED_EDGE('',*,*,#3373,.F.);
#4653=ORIENTED_EDGE('',*,*,#3374,.T.);
#4654=ORIENTED_EDGE('',*,*,#3375,.T.);
#4655=ORIENTED_EDGE('',*,*,#3248,.F.);
#4656=ORIENTED_EDGE('',*,*,#3375,.F.);
#4657=ORIENTED_EDGE('',*,*,#3376,.T.);
#4658=ORIENTED_EDGE('',*,*,#3377,.T.);
#4659=ORIENTED_EDGE('',*,*,#3249,.F.);
#4660=ORIENTED_EDGE('',*,*,#3377,.F.);
#4661=ORIENTED_EDGE('',*,*,#3378,.T.);
#4662=ORIENTED_EDGE('',*,*,#3379,.T.);
#4663=ORIENTED_EDGE('',*,*,#3250,.F.);
#4664=ORIENTED_EDGE('',*,*,#3379,.F.);
#4665=ORIENTED_EDGE('',*,*,#3380,.T.);
#4666=ORIENTED_EDGE('',*,*,#3381,.T.);
#4667=ORIENTED_EDGE('',*,*,#3251,.F.);
#4668=ORIENTED_EDGE('',*,*,#3381,.F.);
#4669=ORIENTED_EDGE('',*,*,#3382,.T.);
#4670=ORIENTED_EDGE('',*,*,#3357,.T.);
#4671=ORIENTED_EDGE('',*,*,#3358,.F.);
#4672=ORIENTED_EDGE('',*,*,#3382,.F.);
#4673=ORIENTED_EDGE('',*,*,#3380,.F.);
#4674=ORIENTED_EDGE('',*,*,#3378,.F.);
#4675=ORIENTED_EDGE('',*,*,#3376,.F.);
#4676=ORIENTED_EDGE('',*,*,#3374,.F.);
#4677=ORIENTED_EDGE('',*,*,#3372,.F.);
#4678=ORIENTED_EDGE('',*,*,#3370,.F.);
#4679=ORIENTED_EDGE('',*,*,#3368,.F.);
#4680=ORIENTED_EDGE('',*,*,#3366,.F.);
#4681=ORIENTED_EDGE('',*,*,#3364,.F.);
#4682=ORIENTED_EDGE('',*,*,#3362,.F.);
#4683=ORIENTED_EDGE('',*,*,#3360,.F.);
#4684=ORIENTED_EDGE('',*,*,#3235,.F.);
#4685=ORIENTED_EDGE('',*,*,#3383,.F.);
#4686=ORIENTED_EDGE('',*,*,#3384,.T.);
#4687=ORIENTED_EDGE('',*,*,#3385,.T.);
#4688=ORIENTED_EDGE('',*,*,#3236,.F.);
#4689=ORIENTED_EDGE('',*,*,#3385,.F.);
#4690=ORIENTED_EDGE('',*,*,#3386,.T.);
#4691=ORIENTED_EDGE('',*,*,#3387,.T.);
#4692=ORIENTED_EDGE('',*,*,#3237,.F.);
#4693=ORIENTED_EDGE('',*,*,#3387,.F.);
#4694=ORIENTED_EDGE('',*,*,#3388,.T.);
#4695=ORIENTED_EDGE('',*,*,#3389,.T.);
#4696=ORIENTED_EDGE('',*,*,#3238,.F.);
#4697=ORIENTED_EDGE('',*,*,#3389,.F.);
#4698=ORIENTED_EDGE('',*,*,#3390,.T.);
#4699=ORIENTED_EDGE('',*,*,#3383,.T.);
#4700=ORIENTED_EDGE('',*,*,#3384,.F.);
#4701=ORIENTED_EDGE('',*,*,#3390,.F.);
#4702=ORIENTED_EDGE('',*,*,#3388,.F.);
#4703=ORIENTED_EDGE('',*,*,#3386,.F.);
#4704=ORIENTED_EDGE('',*,*,#3222,.F.);
#4705=ORIENTED_EDGE('',*,*,#3391,.F.);
#4706=ORIENTED_EDGE('',*,*,#3392,.T.);
#4707=ORIENTED_EDGE('',*,*,#3393,.T.);
#4708=ORIENTED_EDGE('',*,*,#3223,.F.);
#4709=ORIENTED_EDGE('',*,*,#3393,.F.);
#4710=ORIENTED_EDGE('',*,*,#3394,.T.);
#4711=ORIENTED_EDGE('',*,*,#3395,.T.);
#4712=ORIENTED_EDGE('',*,*,#3224,.F.);
#4713=ORIENTED_EDGE('',*,*,#3395,.F.);
#4714=ORIENTED_EDGE('',*,*,#3396,.T.);
#4715=ORIENTED_EDGE('',*,*,#3397,.T.);
#4716=ORIENTED_EDGE('',*,*,#3225,.F.);
#4717=ORIENTED_EDGE('',*,*,#3397,.F.);
#4718=ORIENTED_EDGE('',*,*,#3398,.T.);
#4719=ORIENTED_EDGE('',*,*,#3399,.T.);
#4720=ORIENTED_EDGE('',*,*,#3226,.F.);
#4721=ORIENTED_EDGE('',*,*,#3399,.F.);
#4722=ORIENTED_EDGE('',*,*,#3400,.T.);
#4723=ORIENTED_EDGE('',*,*,#3401,.T.);
#4724=ORIENTED_EDGE('',*,*,#3227,.F.);
#4725=ORIENTED_EDGE('',*,*,#3401,.F.);
#4726=ORIENTED_EDGE('',*,*,#3402,.T.);
#4727=ORIENTED_EDGE('',*,*,#3403,.T.);
#4728=ORIENTED_EDGE('',*,*,#3228,.F.);
#4729=ORIENTED_EDGE('',*,*,#3403,.F.);
#4730=ORIENTED_EDGE('',*,*,#3404,.T.);
#4731=ORIENTED_EDGE('',*,*,#3405,.T.);
#4732=ORIENTED_EDGE('',*,*,#3229,.F.);
#4733=ORIENTED_EDGE('',*,*,#3405,.F.);
#4734=ORIENTED_EDGE('',*,*,#3406,.T.);
#4735=ORIENTED_EDGE('',*,*,#3407,.T.);
#4736=ORIENTED_EDGE('',*,*,#3230,.F.);
#4737=ORIENTED_EDGE('',*,*,#3407,.F.);
#4738=ORIENTED_EDGE('',*,*,#3408,.T.);
#4739=ORIENTED_EDGE('',*,*,#3409,.T.);
#4740=ORIENTED_EDGE('',*,*,#3231,.F.);
#4741=ORIENTED_EDGE('',*,*,#3409,.F.);
#4742=ORIENTED_EDGE('',*,*,#3410,.T.);
#4743=ORIENTED_EDGE('',*,*,#3411,.T.);
#4744=ORIENTED_EDGE('',*,*,#3232,.F.);
#4745=ORIENTED_EDGE('',*,*,#3411,.F.);
#4746=ORIENTED_EDGE('',*,*,#3412,.T.);
#4747=ORIENTED_EDGE('',*,*,#3413,.T.);
#4748=ORIENTED_EDGE('',*,*,#3233,.F.);
#4749=ORIENTED_EDGE('',*,*,#3413,.F.);
#4750=ORIENTED_EDGE('',*,*,#3414,.T.);
#4751=ORIENTED_EDGE('',*,*,#3415,.T.);
#4752=ORIENTED_EDGE('',*,*,#3234,.F.);
#4753=ORIENTED_EDGE('',*,*,#3415,.F.);
#4754=ORIENTED_EDGE('',*,*,#3416,.T.);
#4755=ORIENTED_EDGE('',*,*,#3391,.T.);
#4756=ORIENTED_EDGE('',*,*,#3392,.F.);
#4757=ORIENTED_EDGE('',*,*,#3416,.F.);
#4758=ORIENTED_EDGE('',*,*,#3414,.F.);
#4759=ORIENTED_EDGE('',*,*,#3412,.F.);
#4760=ORIENTED_EDGE('',*,*,#3410,.F.);
#4761=ORIENTED_EDGE('',*,*,#3408,.F.);
#4762=ORIENTED_EDGE('',*,*,#3406,.F.);
#4763=ORIENTED_EDGE('',*,*,#3404,.F.);
#4764=ORIENTED_EDGE('',*,*,#3402,.F.);
#4765=ORIENTED_EDGE('',*,*,#3400,.F.);
#4766=ORIENTED_EDGE('',*,*,#3398,.F.);
#4767=ORIENTED_EDGE('',*,*,#3396,.F.);
#4768=ORIENTED_EDGE('',*,*,#3394,.F.);
#4769=ORIENTED_EDGE('',*,*,#3218,.F.);
#4770=ORIENTED_EDGE('',*,*,#3417,.F.);
#4771=ORIENTED_EDGE('',*,*,#3418,.T.);
#4772=ORIENTED_EDGE('',*,*,#3419,.T.);
#4773=ORIENTED_EDGE('',*,*,#3219,.F.);
#4774=ORIENTED_EDGE('',*,*,#3419,.F.);
#4775=ORIENTED_EDGE('',*,*,#3420,.T.);
#4776=ORIENTED_EDGE('',*,*,#3421,.T.);
#4777=ORIENTED_EDGE('',*,*,#3220,.F.);
#4778=ORIENTED_EDGE('',*,*,#3421,.F.);
#4779=ORIENTED_EDGE('',*,*,#3422,.T.);
#4780=ORIENTED_EDGE('',*,*,#3423,.T.);
#4781=ORIENTED_EDGE('',*,*,#3221,.F.);
#4782=ORIENTED_EDGE('',*,*,#3423,.F.);
#4783=ORIENTED_EDGE('',*,*,#3424,.T.);
#4784=ORIENTED_EDGE('',*,*,#3417,.T.);
#4785=ORIENTED_EDGE('',*,*,#3418,.F.);
#4786=ORIENTED_EDGE('',*,*,#3424,.F.);
#4787=ORIENTED_EDGE('',*,*,#3422,.F.);
#4788=ORIENTED_EDGE('',*,*,#3420,.F.);
#4789=ORIENTED_EDGE('',*,*,#3206,.F.);
#4790=ORIENTED_EDGE('',*,*,#3425,.F.);
#4791=ORIENTED_EDGE('',*,*,#3426,.T.);
#4792=ORIENTED_EDGE('',*,*,#3427,.T.);
#4793=ORIENTED_EDGE('',*,*,#3207,.F.);
#4794=ORIENTED_EDGE('',*,*,#3427,.F.);
#4795=ORIENTED_EDGE('',*,*,#3428,.T.);
#4796=ORIENTED_EDGE('',*,*,#3429,.T.);
#4797=ORIENTED_EDGE('',*,*,#3208,.F.);
#4798=ORIENTED_EDGE('',*,*,#3429,.F.);
#4799=ORIENTED_EDGE('',*,*,#3430,.T.);
#4800=ORIENTED_EDGE('',*,*,#3431,.T.);
#4801=ORIENTED_EDGE('',*,*,#3209,.F.);
#4802=ORIENTED_EDGE('',*,*,#3431,.F.);
#4803=ORIENTED_EDGE('',*,*,#3432,.T.);
#4804=ORIENTED_EDGE('',*,*,#3433,.T.);
#4805=ORIENTED_EDGE('',*,*,#3210,.F.);
#4806=ORIENTED_EDGE('',*,*,#3433,.F.);
#4807=ORIENTED_EDGE('',*,*,#3434,.T.);
#4808=ORIENTED_EDGE('',*,*,#3435,.T.);
#4809=ORIENTED_EDGE('',*,*,#3211,.F.);
#4810=ORIENTED_EDGE('',*,*,#3435,.F.);
#4811=ORIENTED_EDGE('',*,*,#3436,.T.);
#4812=ORIENTED_EDGE('',*,*,#3437,.T.);
#4813=ORIENTED_EDGE('',*,*,#3212,.F.);
#4814=ORIENTED_EDGE('',*,*,#3437,.F.);
#4815=ORIENTED_EDGE('',*,*,#3438,.T.);
#4816=ORIENTED_EDGE('',*,*,#3439,.T.);
#4817=ORIENTED_EDGE('',*,*,#3213,.F.);
#4818=ORIENTED_EDGE('',*,*,#3439,.F.);
#4819=ORIENTED_EDGE('',*,*,#3440,.T.);
#4820=ORIENTED_EDGE('',*,*,#3441,.T.);
#4821=ORIENTED_EDGE('',*,*,#3214,.F.);
#4822=ORIENTED_EDGE('',*,*,#3441,.F.);
#4823=ORIENTED_EDGE('',*,*,#3442,.T.);
#4824=ORIENTED_EDGE('',*,*,#3443,.T.);
#4825=ORIENTED_EDGE('',*,*,#3215,.F.);
#4826=ORIENTED_EDGE('',*,*,#3443,.F.);
#4827=ORIENTED_EDGE('',*,*,#3444,.T.);
#4828=ORIENTED_EDGE('',*,*,#3445,.T.);
#4829=ORIENTED_EDGE('',*,*,#3216,.F.);
#4830=ORIENTED_EDGE('',*,*,#3445,.F.);
#4831=ORIENTED_EDGE('',*,*,#3446,.T.);
#4832=ORIENTED_EDGE('',*,*,#3447,.T.);
#4833=ORIENTED_EDGE('',*,*,#3217,.F.);
#4834=ORIENTED_EDGE('',*,*,#3447,.F.);
#4835=ORIENTED_EDGE('',*,*,#3448,.T.);
#4836=ORIENTED_EDGE('',*,*,#3425,.T.);
#4837=ORIENTED_EDGE('',*,*,#3426,.F.);
#4838=ORIENTED_EDGE('',*,*,#3448,.F.);
#4839=ORIENTED_EDGE('',*,*,#3446,.F.);
#4840=ORIENTED_EDGE('',*,*,#3444,.F.);
#4841=ORIENTED_EDGE('',*,*,#3442,.F.);
#4842=ORIENTED_EDGE('',*,*,#3440,.F.);
#4843=ORIENTED_EDGE('',*,*,#3438,.F.);
#4844=ORIENTED_EDGE('',*,*,#3436,.F.);
#4845=ORIENTED_EDGE('',*,*,#3434,.F.);
#4846=ORIENTED_EDGE('',*,*,#3432,.F.);
#4847=ORIENTED_EDGE('',*,*,#3430,.F.);
#4848=ORIENTED_EDGE('',*,*,#3428,.F.);
#4849=ORIENTED_EDGE('',*,*,#3449,.T.);
#4850=ORIENTED_EDGE('',*,*,#3450,.T.);
#4851=ORIENTED_EDGE('',*,*,#3451,.T.);
#4852=ORIENTED_EDGE('',*,*,#3450,.F.);
#4853=ORIENTED_EDGE('',*,*,#3452,.T.);
#4854=ORIENTED_EDGE('',*,*,#3453,.T.);
#4855=ORIENTED_EDGE('',*,*,#3451,.F.);
#4856=ORIENTED_EDGE('',*,*,#3453,.F.);
#4857=ORIENTED_EDGE('',*,*,#3454,.T.);
#4858=ORIENTED_EDGE('',*,*,#3449,.F.);
#4859=ORIENTED_EDGE('',*,*,#3455,.T.);
#4860=ORIENTED_EDGE('',*,*,#3452,.F.);
#4861=ORIENTED_EDGE('',*,*,#3456,.T.);
#4862=ORIENTED_EDGE('',*,*,#3455,.F.);
#4863=ORIENTED_EDGE('',*,*,#3456,.F.);
#4864=ORIENTED_EDGE('',*,*,#3454,.F.);
#4865=ORIENTED_EDGE('',*,*,#3457,.T.);
#4866=ORIENTED_EDGE('',*,*,#3458,.T.);
#4867=ORIENTED_EDGE('',*,*,#3459,.T.);
#4868=ORIENTED_EDGE('',*,*,#3458,.F.);
#4869=ORIENTED_EDGE('',*,*,#3460,.T.);
#4870=ORIENTED_EDGE('',*,*,#3461,.T.);
#4871=ORIENTED_EDGE('',*,*,#3459,.F.);
#4872=ORIENTED_EDGE('',*,*,#3461,.F.);
#4873=ORIENTED_EDGE('',*,*,#3462,.T.);
#4874=ORIENTED_EDGE('',*,*,#3457,.F.);
#4875=ORIENTED_EDGE('',*,*,#3463,.T.);
#4876=ORIENTED_EDGE('',*,*,#3464,.T.);
#4877=ORIENTED_EDGE('',*,*,#3460,.F.);
#4878=ORIENTED_EDGE('',*,*,#3465,.T.);
#4879=ORIENTED_EDGE('',*,*,#3463,.F.);
#4880=ORIENTED_EDGE('',*,*,#3464,.F.);
#4881=ORIENTED_EDGE('',*,*,#3465,.F.);
#4882=ORIENTED_EDGE('',*,*,#3462,.F.);
#4883=ORIENTED_EDGE('',*,*,#3466,.T.);
#4884=ORIENTED_EDGE('',*,*,#3467,.T.);
#4885=ORIENTED_EDGE('',*,*,#3468,.T.);
#4886=ORIENTED_EDGE('',*,*,#3469,.F.);
#4887=ORIENTED_EDGE('',*,*,#3470,.T.);
#4888=ORIENTED_EDGE('',*,*,#3471,.T.);
#4889=ORIENTED_EDGE('',*,*,#3472,.T.);
#4890=ORIENTED_EDGE('',*,*,#3466,.F.);
#4891=ORIENTED_EDGE('',*,*,#3473,.T.);
#4892=ORIENTED_EDGE('',*,*,#3474,.T.);
#4893=ORIENTED_EDGE('',*,*,#3475,.T.);
#4894=ORIENTED_EDGE('',*,*,#3467,.F.);
#4895=ORIENTED_EDGE('',*,*,#3472,.F.);
#4896=ORIENTED_EDGE('',*,*,#3475,.F.);
#4897=ORIENTED_EDGE('',*,*,#3476,.T.);
#4898=ORIENTED_EDGE('',*,*,#3469,.T.);
#4899=ORIENTED_EDGE('',*,*,#3468,.F.);
#4900=ORIENTED_EDGE('',*,*,#3471,.F.);
#4901=ORIENTED_EDGE('',*,*,#3477,.T.);
#4902=ORIENTED_EDGE('',*,*,#3473,.F.);
#4903=ORIENTED_EDGE('',*,*,#3474,.F.);
#4904=ORIENTED_EDGE('',*,*,#3477,.F.);
#4905=ORIENTED_EDGE('',*,*,#3470,.F.);
#4906=ORIENTED_EDGE('',*,*,#3476,.F.);
#4907=ORIENTED_EDGE('',*,*,#3478,.T.);
#4908=ORIENTED_EDGE('',*,*,#3479,.T.);
#4909=ORIENTED_EDGE('',*,*,#3480,.F.);
#4910=ORIENTED_EDGE('',*,*,#3481,.F.);
#4911=ORIENTED_EDGE('',*,*,#3482,.F.);
#4912=ORIENTED_EDGE('',*,*,#3479,.F.);
#4913=ORIENTED_EDGE('',*,*,#3483,.T.);
#4914=ORIENTED_EDGE('',*,*,#3480,.T.);
#4915=ORIENTED_EDGE('',*,*,#3482,.T.);
#4916=ORIENTED_EDGE('',*,*,#3484,.T.);
#4917=ORIENTED_EDGE('',*,*,#3485,.T.);
#4918=ORIENTED_EDGE('',*,*,#3486,.T.);
#4919=ORIENTED_EDGE('',*,*,#3484,.F.);
#4920=ORIENTED_EDGE('',*,*,#3481,.T.);
#4921=ORIENTED_EDGE('',*,*,#3486,.F.);
#4922=ORIENTED_EDGE('',*,*,#3487,.T.);
#4923=ORIENTED_EDGE('',*,*,#3488,.F.);
#4924=ORIENTED_EDGE('',*,*,#3487,.F.);
#4925=ORIENTED_EDGE('',*,*,#3485,.F.);
#4926=ORIENTED_EDGE('',*,*,#3489,.T.);
#4927=ORIENTED_EDGE('',*,*,#3490,.T.);
#4928=ORIENTED_EDGE('',*,*,#3491,.T.);
#4929=ORIENTED_EDGE('',*,*,#3492,.T.);
#4930=ORIENTED_EDGE('',*,*,#3493,.T.);
#4931=ORIENTED_EDGE('',*,*,#3491,.F.);
#4932=ORIENTED_EDGE('',*,*,#3494,.F.);
#4933=ORIENTED_EDGE('',*,*,#3495,.F.);
#4934=ORIENTED_EDGE('',*,*,#3496,.T.);
#4935=ORIENTED_EDGE('',*,*,#3492,.F.);
#4936=ORIENTED_EDGE('',*,*,#3493,.F.);
#4937=ORIENTED_EDGE('',*,*,#3496,.F.);
#4938=ORIENTED_EDGE('',*,*,#3489,.F.);
#4939=ORIENTED_EDGE('',*,*,#3490,.F.);
#4940=ORIENTED_EDGE('',*,*,#3497,.T.);
#4941=ORIENTED_EDGE('',*,*,#3498,.T.);
#4942=ORIENTED_EDGE('',*,*,#3499,.T.);
#4943=ORIENTED_EDGE('',*,*,#3497,.F.);
#4944=ORIENTED_EDGE('',*,*,#3499,.F.);
#4945=ORIENTED_EDGE('',*,*,#3498,.F.);
#4946=ORIENTED_EDGE('',*,*,#3500,.T.);
#4947=ORIENTED_EDGE('',*,*,#3501,.F.);
#4948=ORIENTED_EDGE('',*,*,#3502,.F.);
#4949=ORIENTED_EDGE('',*,*,#3503,.F.);
#4950=ORIENTED_EDGE('',*,*,#3500,.F.);
#4951=ORIENTED_EDGE('',*,*,#3478,.F.);
#4952=ORIENTED_EDGE('',*,*,#3483,.F.);
#4953=ORIENTED_EDGE('',*,*,#3504,.T.);
#4954=ORIENTED_EDGE('',*,*,#3502,.T.);
#4955=ORIENTED_EDGE('',*,*,#3501,.T.);
#4956=ORIENTED_EDGE('',*,*,#3503,.T.);
#4957=ORIENTED_EDGE('',*,*,#3504,.F.);
#4958=ORIENTED_EDGE('',*,*,#3488,.T.);
#4959=ORIENTED_EDGE('',*,*,#3505,.F.);
#4960=ORIENTED_EDGE('',*,*,#3505,.T.);
#4961=ORIENTED_EDGE('',*,*,#3506,.T.);
#4962=ORIENTED_EDGE('',*,*,#3494,.T.);
#4963=ORIENTED_EDGE('',*,*,#3495,.T.);
#4964=ORIENTED_EDGE('',*,*,#3506,.F.);
#4965=ORIENTED_EDGE('',*,*,#3507,.F.);
#4966=ORIENTED_EDGE('',*,*,#3508,.F.);
#4967=ORIENTED_EDGE('',*,*,#3509,.T.);
#4968=ORIENTED_EDGE('',*,*,#3510,.F.);
#4969=ORIENTED_EDGE('',*,*,#3511,.F.);
#4970=ORIENTED_EDGE('',*,*,#3512,.F.);
#4971=ORIENTED_EDGE('',*,*,#3509,.F.);
#4972=ORIENTED_EDGE('',*,*,#3511,.T.);
#4973=ORIENTED_EDGE('',*,*,#3513,.T.);
#4974=ORIENTED_EDGE('',*,*,#3514,.T.);
#4975=ORIENTED_EDGE('',*,*,#3515,.T.);
#4976=ORIENTED_EDGE('',*,*,#3513,.F.);
#4977=ORIENTED_EDGE('',*,*,#3510,.T.);
#4978=ORIENTED_EDGE('',*,*,#3512,.T.);
#4979=ORIENTED_EDGE('',*,*,#3515,.F.);
#4980=ORIENTED_EDGE('',*,*,#3516,.T.);
#4981=ORIENTED_EDGE('',*,*,#3517,.F.);
#4982=ORIENTED_EDGE('',*,*,#3516,.F.);
#4983=ORIENTED_EDGE('',*,*,#3514,.F.);
#4984=ORIENTED_EDGE('',*,*,#3518,.T.);
#4985=ORIENTED_EDGE('',*,*,#3519,.T.);
#4986=ORIENTED_EDGE('',*,*,#3520,.T.);
#4987=ORIENTED_EDGE('',*,*,#3521,.T.);
#4988=ORIENTED_EDGE('',*,*,#3522,.T.);
#4989=ORIENTED_EDGE('',*,*,#3520,.F.);
#4990=ORIENTED_EDGE('',*,*,#3523,.F.);
#4991=ORIENTED_EDGE('',*,*,#3524,.F.);
#4992=ORIENTED_EDGE('',*,*,#3525,.T.);
#4993=ORIENTED_EDGE('',*,*,#3521,.F.);
#4994=ORIENTED_EDGE('',*,*,#3522,.F.);
#4995=ORIENTED_EDGE('',*,*,#3525,.F.);
#4996=ORIENTED_EDGE('',*,*,#3526,.T.);
#4997=ORIENTED_EDGE('',*,*,#3527,.T.);
#4998=ORIENTED_EDGE('',*,*,#3518,.F.);
#4999=ORIENTED_EDGE('',*,*,#3519,.F.);
#5000=ORIENTED_EDGE('',*,*,#3527,.F.);
#5001=ORIENTED_EDGE('',*,*,#3528,.T.);
#5002=ORIENTED_EDGE('',*,*,#3526,.F.);
#5003=ORIENTED_EDGE('',*,*,#3528,.F.);
#5004=ORIENTED_EDGE('',*,*,#3529,.T.);
#5005=ORIENTED_EDGE('',*,*,#3530,.T.);
#5006=ORIENTED_EDGE('',*,*,#3531,.T.);
#5007=ORIENTED_EDGE('',*,*,#3529,.F.);
#5008=ORIENTED_EDGE('',*,*,#3507,.T.);
#5009=ORIENTED_EDGE('',*,*,#3532,.T.);
#5010=ORIENTED_EDGE('',*,*,#3530,.F.);
#5011=ORIENTED_EDGE('',*,*,#3531,.F.);
#5012=ORIENTED_EDGE('',*,*,#3532,.F.);
#5013=ORIENTED_EDGE('',*,*,#3508,.T.);
#5014=ORIENTED_EDGE('',*,*,#3517,.T.);
#5015=ORIENTED_EDGE('',*,*,#3523,.T.);
#5016=ORIENTED_EDGE('',*,*,#3524,.T.);
#5017=ORIENTED_EDGE('',*,*,#3533,.T.);
#5018=ORIENTED_EDGE('',*,*,#3534,.T.);
#5019=ORIENTED_EDGE('',*,*,#3533,.F.);
#5020=ORIENTED_EDGE('',*,*,#3534,.F.);
#5021=ORIENTED_EDGE('',*,*,#3535,.F.);
#5022=ORIENTED_EDGE('',*,*,#3536,.F.);
#5023=ORIENTED_EDGE('',*,*,#3537,.F.);
#5024=ORIENTED_EDGE('',*,*,#3538,.F.);
#5025=ORIENTED_EDGE('',*,*,#3539,.T.);
#5026=ORIENTED_EDGE('',*,*,#3538,.T.);
#5027=ORIENTED_EDGE('',*,*,#3540,.T.);
#5028=ORIENTED_EDGE('',*,*,#3541,.F.);
#5029=ORIENTED_EDGE('',*,*,#3535,.T.);
#5030=ORIENTED_EDGE('',*,*,#3539,.F.);
#5031=ORIENTED_EDGE('',*,*,#3542,.T.);
#5032=ORIENTED_EDGE('',*,*,#3543,.T.);
#5033=ORIENTED_EDGE('',*,*,#3540,.F.);
#5034=ORIENTED_EDGE('',*,*,#3537,.T.);
#5035=ORIENTED_EDGE('',*,*,#3544,.T.);
#5036=ORIENTED_EDGE('',*,*,#3545,.T.);
#5037=ORIENTED_EDGE('',*,*,#3542,.F.);
#5038=ORIENTED_EDGE('',*,*,#3544,.F.);
#5039=ORIENTED_EDGE('',*,*,#3536,.T.);
#5040=ORIENTED_EDGE('',*,*,#3541,.T.);
#5041=ORIENTED_EDGE('',*,*,#3546,.T.);
#5042=ORIENTED_EDGE('',*,*,#3546,.F.);
#5043=ORIENTED_EDGE('',*,*,#3543,.F.);
#5044=ORIENTED_EDGE('',*,*,#3545,.F.);
#5045=ORIENTED_EDGE('',*,*,#3547,.T.);
#5046=ORIENTED_EDGE('',*,*,#3548,.T.);
#5047=ORIENTED_EDGE('',*,*,#3549,.T.);
#5048=ORIENTED_EDGE('',*,*,#3550,.F.);
#5049=ORIENTED_EDGE('',*,*,#3551,.T.);
#5050=ORIENTED_EDGE('',*,*,#3552,.T.);
#5051=ORIENTED_EDGE('',*,*,#3553,.T.);
#5052=ORIENTED_EDGE('',*,*,#3547,.F.);
#5053=ORIENTED_EDGE('',*,*,#3554,.T.);
#5054=ORIENTED_EDGE('',*,*,#3555,.T.);
#5055=ORIENTED_EDGE('',*,*,#3556,.T.);
#5056=ORIENTED_EDGE('',*,*,#3548,.F.);
#5057=ORIENTED_EDGE('',*,*,#3553,.F.);
#5058=ORIENTED_EDGE('',*,*,#3556,.F.);
#5059=ORIENTED_EDGE('',*,*,#3557,.T.);
#5060=ORIENTED_EDGE('',*,*,#3550,.T.);
#5061=ORIENTED_EDGE('',*,*,#3549,.F.);
#5062=ORIENTED_EDGE('',*,*,#3552,.F.);
#5063=ORIENTED_EDGE('',*,*,#3558,.T.);
#5064=ORIENTED_EDGE('',*,*,#3554,.F.);
#5065=ORIENTED_EDGE('',*,*,#3555,.F.);
#5066=ORIENTED_EDGE('',*,*,#3558,.F.);
#5067=ORIENTED_EDGE('',*,*,#3551,.F.);
#5068=ORIENTED_EDGE('',*,*,#3557,.F.);
#5069=ORIENTED_EDGE('',*,*,#3559,.T.);
#5070=ORIENTED_EDGE('',*,*,#3560,.T.);
#5071=ORIENTED_EDGE('',*,*,#3561,.T.);
#5072=ORIENTED_EDGE('',*,*,#3562,.F.);
#5073=ORIENTED_EDGE('',*,*,#3563,.T.);
#5074=ORIENTED_EDGE('',*,*,#3564,.T.);
#5075=ORIENTED_EDGE('',*,*,#3559,.F.);
#5076=ORIENTED_EDGE('',*,*,#3564,.F.);
#5077=ORIENTED_EDGE('',*,*,#3565,.T.);
#5078=ORIENTED_EDGE('',*,*,#3566,.T.);
#5079=ORIENTED_EDGE('',*,*,#3567,.T.);
#5080=ORIENTED_EDGE('',*,*,#3560,.F.);
#5081=ORIENTED_EDGE('',*,*,#3568,.T.);
#5082=ORIENTED_EDGE('',*,*,#3569,.T.);
#5083=ORIENTED_EDGE('',*,*,#3562,.T.);
#5084=ORIENTED_EDGE('',*,*,#3561,.F.);
#5085=ORIENTED_EDGE('',*,*,#3567,.F.);
#5086=ORIENTED_EDGE('',*,*,#3566,.F.);
#5087=ORIENTED_EDGE('',*,*,#3570,.T.);
#5088=ORIENTED_EDGE('',*,*,#3568,.F.);
#5089=ORIENTED_EDGE('',*,*,#3569,.F.);
#5090=ORIENTED_EDGE('',*,*,#3570,.F.);
#5091=ORIENTED_EDGE('',*,*,#3565,.F.);
#5092=ORIENTED_EDGE('',*,*,#3563,.F.);
#5093=ORIENTED_EDGE('',*,*,#3571,.F.);
#5094=ORIENTED_EDGE('',*,*,#3572,.F.);
#5095=ORIENTED_EDGE('',*,*,#3573,.F.);
#5096=ORIENTED_EDGE('',*,*,#3574,.F.);
#5097=ORIENTED_EDGE('',*,*,#3575,.T.);
#5098=ORIENTED_EDGE('',*,*,#3576,.T.);
#5099=ORIENTED_EDGE('',*,*,#3571,.T.);
#5100=ORIENTED_EDGE('',*,*,#3577,.F.);
#5101=ORIENTED_EDGE('',*,*,#3578,.F.);
#5102=ORIENTED_EDGE('',*,*,#3579,.T.);
#5103=ORIENTED_EDGE('',*,*,#3580,.F.);
#5104=ORIENTED_EDGE('',*,*,#3577,.T.);
#5105=ORIENTED_EDGE('',*,*,#3573,.T.);
#5106=ORIENTED_EDGE('',*,*,#3576,.F.);
#5107=ORIENTED_EDGE('',*,*,#3581,.T.);
#5108=ORIENTED_EDGE('',*,*,#3578,.T.);
#5109=ORIENTED_EDGE('',*,*,#3572,.T.);
#5110=ORIENTED_EDGE('',*,*,#3580,.T.);
#5111=ORIENTED_EDGE('',*,*,#3582,.T.);
#5112=ORIENTED_EDGE('',*,*,#3574,.T.);
#5113=ORIENTED_EDGE('',*,*,#3579,.F.);
#5114=ORIENTED_EDGE('',*,*,#3581,.F.);
#5115=ORIENTED_EDGE('',*,*,#3575,.F.);
#5116=ORIENTED_EDGE('',*,*,#3582,.F.);
#5117=ORIENTED_EDGE('',*,*,#3583,.T.);
#5118=ORIENTED_EDGE('',*,*,#3584,.T.);
#5119=ORIENTED_EDGE('',*,*,#3585,.T.);
#5120=ORIENTED_EDGE('',*,*,#3586,.F.);
#5121=ORIENTED_EDGE('',*,*,#3587,.T.);
#5122=ORIENTED_EDGE('',*,*,#3588,.T.);
#5123=ORIENTED_EDGE('',*,*,#3583,.F.);
#5124=ORIENTED_EDGE('',*,*,#3588,.F.);
#5125=ORIENTED_EDGE('',*,*,#3589,.T.);
#5126=ORIENTED_EDGE('',*,*,#3590,.T.);
#5127=ORIENTED_EDGE('',*,*,#3591,.T.);
#5128=ORIENTED_EDGE('',*,*,#3584,.F.);
#5129=ORIENTED_EDGE('',*,*,#3592,.T.);
#5130=ORIENTED_EDGE('',*,*,#3593,.T.);
#5131=ORIENTED_EDGE('',*,*,#3586,.T.);
#5132=ORIENTED_EDGE('',*,*,#3585,.F.);
#5133=ORIENTED_EDGE('',*,*,#3591,.F.);
#5134=ORIENTED_EDGE('',*,*,#3590,.F.);
#5135=ORIENTED_EDGE('',*,*,#3594,.T.);
#5136=ORIENTED_EDGE('',*,*,#3592,.F.);
#5137=ORIENTED_EDGE('',*,*,#3593,.F.);
#5138=ORIENTED_EDGE('',*,*,#3594,.F.);
#5139=ORIENTED_EDGE('',*,*,#3589,.F.);
#5140=ORIENTED_EDGE('',*,*,#3587,.F.);
#5141=ORIENTED_EDGE('',*,*,#3595,.F.);
#5142=ORIENTED_EDGE('',*,*,#3596,.F.);
#5143=ORIENTED_EDGE('',*,*,#3597,.F.);
#5144=ORIENTED_EDGE('',*,*,#3598,.F.);
#5145=ORIENTED_EDGE('',*,*,#3599,.T.);
#5146=ORIENTED_EDGE('',*,*,#3600,.T.);
#5147=ORIENTED_EDGE('',*,*,#3595,.T.);
#5148=ORIENTED_EDGE('',*,*,#3601,.F.);
#5149=ORIENTED_EDGE('',*,*,#3602,.F.);
#5150=ORIENTED_EDGE('',*,*,#3603,.T.);
#5151=ORIENTED_EDGE('',*,*,#3604,.F.);
#5152=ORIENTED_EDGE('',*,*,#3601,.T.);
#5153=ORIENTED_EDGE('',*,*,#3597,.T.);
#5154=ORIENTED_EDGE('',*,*,#3600,.F.);
#5155=ORIENTED_EDGE('',*,*,#3605,.T.);
#5156=ORIENTED_EDGE('',*,*,#3602,.T.);
#5157=ORIENTED_EDGE('',*,*,#3596,.T.);
#5158=ORIENTED_EDGE('',*,*,#3604,.T.);
#5159=ORIENTED_EDGE('',*,*,#3606,.T.);
#5160=ORIENTED_EDGE('',*,*,#3598,.T.);
#5161=ORIENTED_EDGE('',*,*,#3603,.F.);
#5162=ORIENTED_EDGE('',*,*,#3605,.F.);
#5163=ORIENTED_EDGE('',*,*,#3599,.F.);
#5164=ORIENTED_EDGE('',*,*,#3606,.F.);
#5165=ORIENTED_EDGE('',*,*,#3607,.F.);
#5166=ORIENTED_EDGE('',*,*,#3608,.F.);
#5167=ORIENTED_EDGE('',*,*,#3609,.F.);
#5168=ORIENTED_EDGE('',*,*,#3610,.F.);
#5169=ORIENTED_EDGE('',*,*,#3611,.T.);
#5170=ORIENTED_EDGE('',*,*,#3612,.T.);
#5171=ORIENTED_EDGE('',*,*,#3607,.T.);
#5172=ORIENTED_EDGE('',*,*,#3613,.F.);
#5173=ORIENTED_EDGE('',*,*,#3614,.T.);
#5174=ORIENTED_EDGE('',*,*,#3610,.T.);
#5175=ORIENTED_EDGE('',*,*,#3609,.T.);
#5176=ORIENTED_EDGE('',*,*,#3615,.F.);
#5177=ORIENTED_EDGE('',*,*,#3612,.F.);
#5178=ORIENTED_EDGE('',*,*,#3616,.T.);
#5179=ORIENTED_EDGE('',*,*,#3617,.F.);
#5180=ORIENTED_EDGE('',*,*,#3615,.T.);
#5181=ORIENTED_EDGE('',*,*,#3608,.T.);
#5182=ORIENTED_EDGE('',*,*,#3617,.T.);
#5183=ORIENTED_EDGE('',*,*,#3618,.T.);
#5184=ORIENTED_EDGE('',*,*,#3613,.T.);
#5185=ORIENTED_EDGE('',*,*,#3616,.F.);
#5186=ORIENTED_EDGE('',*,*,#3611,.F.);
#5187=ORIENTED_EDGE('',*,*,#3614,.F.);
#5188=ORIENTED_EDGE('',*,*,#3618,.F.);
#5189=CYLINDRICAL_SURFACE('',#6010,0.1);
#5190=CYLINDRICAL_SURFACE('',#6017,0.1);
#5191=CYLINDRICAL_SURFACE('',#6023,0.1);
#5192=CYLINDRICAL_SURFACE('',#6038,0.1);
#5193=CYLINDRICAL_SURFACE('',#6040,0.1);
#5194=CYLINDRICAL_SURFACE('',#6046,0.1);
#5195=CYLINDRICAL_SURFACE('',#6052,0.1);
#5196=CYLINDRICAL_SURFACE('',#6053,0.1);
#5197=CYLINDRICAL_SURFACE('',#6054,0.1);
#5198=CYLINDRICAL_SURFACE('',#6064,0.1);
#5199=CYLINDRICAL_SURFACE('',#6071,0.1);
#5200=CYLINDRICAL_SURFACE('',#6072,0.1);
#5201=CYLINDRICAL_SURFACE('',#6078,0.1);
#5202=CYLINDRICAL_SURFACE('',#6084,0.1);
#5203=CYLINDRICAL_SURFACE('',#6085,0.1);
#5204=CYLINDRICAL_SURFACE('',#6090,0.1);
#5205=CYLINDRICAL_SURFACE('',#6097,0.1);
#5206=CYLINDRICAL_SURFACE('',#6103,0.1);
#5207=CYLINDRICAL_SURFACE('',#6105,0.5);
#5208=CYLINDRICAL_SURFACE('',#6109,0.5);
#5209=CYLINDRICAL_SURFACE('',#6123,0.8);
#5210=CYLINDRICAL_SURFACE('',#6128,0.8);
#5211=CYLINDRICAL_SURFACE('',#6129,0.8);
#5212=CYLINDRICAL_SURFACE('',#6134,0.8);
#5213=CYLINDRICAL_SURFACE('',#6191,0.05);
#5214=CYLINDRICAL_SURFACE('',#6194,0.05);
#5215=CYLINDRICAL_SURFACE('',#6198,0.6);
#5216=CYLINDRICAL_SURFACE('',#6200,1.);
#5217=CYLINDRICAL_SURFACE('',#6203,0.4);
#5218=CYLINDRICAL_SURFACE('',#6206,0.4);
#5219=CYLINDRICAL_SURFACE('',#6209,1.);
#5220=CYLINDRICAL_SURFACE('',#6211,0.6);
#5221=CYLINDRICAL_SURFACE('',#6214,0.4);
#5222=CYLINDRICAL_SURFACE('',#6217,0.4);
#5223=CYLINDRICAL_SURFACE('',#6303,0.45);
#5224=CYLINDRICAL_SURFACE('',#6313,0.45);
#5225=CYLINDRICAL_SURFACE('',#6326,0.95);
#5226=CYLINDRICAL_SURFACE('',#6341,1.05);
#5227=CYLINDRICAL_SURFACE('',#6349,0.775);
#5228=CYLINDRICAL_SURFACE('',#6356,0.85);
#5229=CYLINDRICAL_SURFACE('',#6377,1.05);
#5230=CYLINDRICAL_SURFACE('',#6385,0.775);
#5231=CYLINDRICAL_SURFACE('',#6392,0.85);
#5232=CYLINDRICAL_SURFACE('',#6406,0.95);
#5233=CYLINDRICAL_SURFACE('',#6413,0.95);
#5234=CYLINDRICAL_SURFACE('',#6419,0.95);
#5235=CYLINDRICAL_SURFACE('',#6429,0.95);
#5236=CYLINDRICAL_SURFACE('',#6435,0.95);
#5237=CYLINDRICAL_SURFACE('',#6445,0.95);
#5238=CYLINDRICAL_SURFACE('',#6451,0.95);
#5239=STYLED_ITEM('',(#5940),#5572);
#5240=STYLED_ITEM('',(#5940),#5573);
#5241=STYLED_ITEM('',(#5940),#5574);
#5242=STYLED_ITEM('',(#5940),#5575);
#5243=STYLED_ITEM('',(#5940),#5576);
#5244=STYLED_ITEM('',(#5940),#5577);
#5245=STYLED_ITEM('',(#5940),#5578);
#5246=STYLED_ITEM('',(#5940),#5579);
#5247=STYLED_ITEM('',(#5940),#5580);
#5248=STYLED_ITEM('',(#5940),#5581);
#5249=STYLED_ITEM('',(#5940),#5582);
#5250=STYLED_ITEM('',(#5940),#5583);
#5251=STYLED_ITEM('',(#5940),#5584);
#5252=STYLED_ITEM('',(#5940),#5585);
#5253=STYLED_ITEM('',(#5940),#5586);
#5254=STYLED_ITEM('',(#5940),#5587);
#5255=STYLED_ITEM('',(#5940),#5588);
#5256=STYLED_ITEM('',(#5940),#5589);
#5257=STYLED_ITEM('',(#5940),#5590);
#5258=STYLED_ITEM('',(#5940),#5591);
#5259=STYLED_ITEM('',(#5940),#5592);
#5260=STYLED_ITEM('',(#5940),#5593);
#5261=STYLED_ITEM('',(#5940),#5594);
#5262=STYLED_ITEM('',(#5940),#5595);
#5263=STYLED_ITEM('',(#5940),#5596);
#5264=STYLED_ITEM('',(#5940),#5597);
#5265=STYLED_ITEM('',(#5940),#5598);
#5266=STYLED_ITEM('',(#5940),#5599);
#5267=STYLED_ITEM('',(#5940),#5600);
#5268=STYLED_ITEM('',(#5940),#5601);
#5269=STYLED_ITEM('',(#5940),#5602);
#5270=STYLED_ITEM('',(#5940),#5603);
#5271=STYLED_ITEM('',(#5940),#5604);
#5272=STYLED_ITEM('',(#5940),#5605);
#5273=STYLED_ITEM('',(#5940),#5606);
#5274=STYLED_ITEM('',(#5940),#5607);
#5275=STYLED_ITEM('',(#5940),#5608);
#5276=STYLED_ITEM('',(#5940),#5609);
#5277=STYLED_ITEM('',(#5940),#5610);
#5278=STYLED_ITEM('',(#5940),#5611);
#5279=STYLED_ITEM('',(#5940),#5612);
#5280=STYLED_ITEM('',(#5940),#5613);
#5281=STYLED_ITEM('',(#5940),#5614);
#5282=STYLED_ITEM('',(#5940),#5615);
#5283=STYLED_ITEM('',(#5940),#5616);
#5284=STYLED_ITEM('',(#5940),#5617);
#5285=STYLED_ITEM('',(#5940),#5618);
#5286=STYLED_ITEM('',(#5940),#5619);
#5287=STYLED_ITEM('',(#5940),#5620);
#5288=STYLED_ITEM('',(#5940),#5621);
#5289=STYLED_ITEM('',(#5940),#5622);
#5290=STYLED_ITEM('',(#5940),#5623);
#5291=STYLED_ITEM('',(#5940),#5624);
#5292=STYLED_ITEM('',(#5940),#5625);
#5293=STYLED_ITEM('',(#5940),#5626);
#5294=STYLED_ITEM('',(#5940),#5627);
#5295=STYLED_ITEM('',(#5940),#5628);
#5296=STYLED_ITEM('',(#5940),#5629);
#5297=STYLED_ITEM('',(#5940),#5630);
#5298=STYLED_ITEM('',(#5940),#5631);
#5299=STYLED_ITEM('',(#5940),#5632);
#5300=STYLED_ITEM('',(#5940),#5633);
#5301=STYLED_ITEM('',(#5940),#5634);
#5302=STYLED_ITEM('',(#5940),#5635);
#5303=STYLED_ITEM('',(#5940),#5636);
#5304=STYLED_ITEM('',(#5940),#5637);
#5305=STYLED_ITEM('',(#5940),#5638);
#5306=STYLED_ITEM('',(#5940),#5639);
#5307=STYLED_ITEM('',(#5940),#5640);
#5308=STYLED_ITEM('',(#5940),#5641);
#5309=STYLED_ITEM('',(#5940),#5642);
#5310=STYLED_ITEM('',(#5940),#5643);
#5311=STYLED_ITEM('',(#5940),#5644);
#5312=STYLED_ITEM('',(#5940),#5645);
#5313=STYLED_ITEM('',(#5940),#5646);
#5314=STYLED_ITEM('',(#5940),#5647);
#5315=STYLED_ITEM('',(#5940),#5648);
#5316=STYLED_ITEM('',(#5940),#5649);
#5317=STYLED_ITEM('',(#5940),#5650);
#5318=STYLED_ITEM('',(#5940),#5651);
#5319=STYLED_ITEM('',(#5940),#5652);
#5320=STYLED_ITEM('',(#5940),#5653);
#5321=STYLED_ITEM('',(#5940),#5654);
#5322=STYLED_ITEM('',(#5940),#5655);
#5323=STYLED_ITEM('',(#5940),#5656);
#5324=STYLED_ITEM('',(#5940),#5657);
#5325=STYLED_ITEM('',(#5940),#5658);
#5326=STYLED_ITEM('',(#5940),#5659);
#5327=STYLED_ITEM('',(#5940),#5660);
#5328=STYLED_ITEM('',(#5940),#5661);
#5329=STYLED_ITEM('',(#5940),#5662);
#5330=STYLED_ITEM('',(#5940),#5663);
#5331=STYLED_ITEM('',(#5940),#5664);
#5332=STYLED_ITEM('',(#5940),#5665);
#5333=STYLED_ITEM('',(#5940),#5666);
#5334=STYLED_ITEM('',(#5940),#5667);
#5335=STYLED_ITEM('',(#5940),#5668);
#5336=STYLED_ITEM('',(#5940),#5669);
#5337=STYLED_ITEM('',(#5940),#5670);
#5338=STYLED_ITEM('',(#5940),#5671);
#5339=STYLED_ITEM('',(#5940),#5672);
#5340=STYLED_ITEM('',(#5940),#5673);
#5341=STYLED_ITEM('',(#5940),#5674);
#5342=STYLED_ITEM('',(#5940),#5675);
#5343=STYLED_ITEM('',(#5940),#5676);
#5344=STYLED_ITEM('',(#5940),#5677);
#5345=STYLED_ITEM('',(#5940),#5678);
#5346=STYLED_ITEM('',(#5940),#5679);
#5347=STYLED_ITEM('',(#5940),#5680);
#5348=STYLED_ITEM('',(#5940),#5681);
#5349=STYLED_ITEM('',(#5940),#5682);
#5350=STYLED_ITEM('',(#5940),#5683);
#5351=STYLED_ITEM('',(#5940),#5684);
#5352=STYLED_ITEM('',(#5940),#5685);
#5353=STYLED_ITEM('',(#5940),#5686);
#5354=STYLED_ITEM('',(#5940),#5687);
#5355=STYLED_ITEM('',(#5940),#5688);
#5356=STYLED_ITEM('',(#5940),#5689);
#5357=STYLED_ITEM('',(#5940),#5690);
#5358=STYLED_ITEM('',(#5940),#5691);
#5359=STYLED_ITEM('',(#5940),#5692);
#5360=STYLED_ITEM('',(#5940),#5693);
#5361=STYLED_ITEM('',(#5940),#5694);
#5362=STYLED_ITEM('',(#5940),#5695);
#5363=STYLED_ITEM('',(#5940),#5696);
#5364=STYLED_ITEM('',(#5940),#5697);
#5365=STYLED_ITEM('',(#5940),#5698);
#5366=STYLED_ITEM('',(#5940),#5699);
#5367=STYLED_ITEM('',(#5940),#5700);
#5368=STYLED_ITEM('',(#5940),#5701);
#5369=STYLED_ITEM('',(#5940),#5702);
#5370=STYLED_ITEM('',(#5940),#5703);
#5371=STYLED_ITEM('',(#5940),#5704);
#5372=STYLED_ITEM('',(#5940),#5705);
#5373=STYLED_ITEM('',(#5940),#5706);
#5374=STYLED_ITEM('',(#5940),#5707);
#5375=STYLED_ITEM('',(#5940),#5708);
#5376=STYLED_ITEM('',(#5940),#5709);
#5377=STYLED_ITEM('',(#5940),#5710);
#5378=STYLED_ITEM('',(#5940),#5711);
#5379=STYLED_ITEM('',(#5940),#5712);
#5380=STYLED_ITEM('',(#5940),#5713);
#5381=STYLED_ITEM('',(#5940),#5714);
#5382=STYLED_ITEM('',(#5940),#5715);
#5383=STYLED_ITEM('',(#5940),#5716);
#5384=STYLED_ITEM('',(#5940),#5717);
#5385=STYLED_ITEM('',(#5940),#5718);
#5386=STYLED_ITEM('',(#5940),#5719);
#5387=STYLED_ITEM('',(#5940),#5720);
#5388=STYLED_ITEM('',(#5940),#5721);
#5389=STYLED_ITEM('',(#5940),#5722);
#5390=STYLED_ITEM('',(#5940),#5723);
#5391=STYLED_ITEM('',(#5940),#5724);
#5392=STYLED_ITEM('',(#5940),#5725);
#5393=STYLED_ITEM('',(#5940),#5726);
#5394=STYLED_ITEM('',(#5940),#5727);
#5395=STYLED_ITEM('',(#5940),#5728);
#5396=STYLED_ITEM('',(#5940),#5729);
#5397=STYLED_ITEM('',(#5940),#5730);
#5398=STYLED_ITEM('',(#5940),#5731);
#5399=STYLED_ITEM('',(#5940),#5732);
#5400=STYLED_ITEM('',(#5940),#5733);
#5401=STYLED_ITEM('',(#5940),#5734);
#5402=STYLED_ITEM('',(#5940),#5735);
#5403=STYLED_ITEM('',(#5940),#5736);
#5404=STYLED_ITEM('',(#5940),#5737);
#5405=STYLED_ITEM('',(#5940),#5738);
#5406=STYLED_ITEM('',(#5940),#5739);
#5407=STYLED_ITEM('',(#5940),#5740);
#5408=STYLED_ITEM('',(#5940),#5741);
#5409=STYLED_ITEM('',(#5940),#5742);
#5410=STYLED_ITEM('',(#5940),#5743);
#5411=STYLED_ITEM('',(#5940),#5744);
#5412=STYLED_ITEM('',(#5940),#5745);
#5413=STYLED_ITEM('',(#5940),#5746);
#5414=STYLED_ITEM('',(#5940),#5747);
#5415=STYLED_ITEM('',(#5940),#5748);
#5416=STYLED_ITEM('',(#5940),#5749);
#5417=STYLED_ITEM('',(#5940),#5750);
#5418=STYLED_ITEM('',(#5940),#5751);
#5419=STYLED_ITEM('',(#5940),#5752);
#5420=STYLED_ITEM('',(#5940),#5753);
#5421=STYLED_ITEM('',(#5940),#5754);
#5422=STYLED_ITEM('',(#5940),#5755);
#5423=STYLED_ITEM('',(#5940),#5756);
#5424=STYLED_ITEM('',(#5940),#5757);
#5425=STYLED_ITEM('',(#5940),#5758);
#5426=STYLED_ITEM('',(#5940),#5759);
#5427=STYLED_ITEM('',(#5940),#5760);
#5428=STYLED_ITEM('',(#5940),#5761);
#5429=STYLED_ITEM('',(#5940),#5762);
#5430=STYLED_ITEM('',(#5940),#5763);
#5431=STYLED_ITEM('',(#5940),#5764);
#5432=STYLED_ITEM('',(#5940),#5765);
#5433=STYLED_ITEM('',(#5940),#5766);
#5434=STYLED_ITEM('',(#5940),#5767);
#5435=STYLED_ITEM('',(#5940),#5768);
#5436=STYLED_ITEM('',(#5940),#5769);
#5437=STYLED_ITEM('',(#5940),#5770);
#5438=STYLED_ITEM('',(#5940),#5771);
#5439=STYLED_ITEM('',(#5940),#5772);
#5440=STYLED_ITEM('',(#5940),#5773);
#5441=STYLED_ITEM('',(#5940),#5774);
#5442=STYLED_ITEM('',(#5940),#5775);
#5443=STYLED_ITEM('',(#5940),#5776);
#5444=STYLED_ITEM('',(#5940),#5777);
#5445=STYLED_ITEM('',(#5940),#5778);
#5446=STYLED_ITEM('',(#5940),#5779);
#5447=STYLED_ITEM('',(#5940),#5780);
#5448=STYLED_ITEM('',(#5940),#5781);
#5449=STYLED_ITEM('',(#5940),#5782);
#5450=STYLED_ITEM('',(#5940),#5783);
#5451=STYLED_ITEM('',(#5940),#5784);
#5452=STYLED_ITEM('',(#5940),#5785);
#5453=STYLED_ITEM('',(#5940),#5786);
#5454=STYLED_ITEM('',(#5940),#5787);
#5455=STYLED_ITEM('',(#5940),#5788);
#5456=STYLED_ITEM('',(#5940),#5789);
#5457=STYLED_ITEM('',(#5940),#5790);
#5458=STYLED_ITEM('',(#5940),#5791);
#5459=STYLED_ITEM('',(#5940),#5792);
#5460=STYLED_ITEM('',(#5940),#5793);
#5461=STYLED_ITEM('',(#5940),#5794);
#5462=STYLED_ITEM('',(#5940),#5795);
#5463=STYLED_ITEM('',(#5940),#5796);
#5464=STYLED_ITEM('',(#5940),#5797);
#5465=STYLED_ITEM('',(#5940),#5798);
#5466=STYLED_ITEM('',(#5940),#5799);
#5467=STYLED_ITEM('',(#5940),#5800);
#5468=STYLED_ITEM('',(#5940),#5801);
#5469=STYLED_ITEM('',(#5940),#5802);
#5470=STYLED_ITEM('',(#5940),#5803);
#5471=STYLED_ITEM('',(#5940),#5804);
#5472=STYLED_ITEM('',(#5940),#5805);
#5473=STYLED_ITEM('',(#5940),#5806);
#5474=STYLED_ITEM('',(#5940),#5807);
#5475=STYLED_ITEM('',(#5940),#5808);
#5476=STYLED_ITEM('',(#5940),#5809);
#5477=STYLED_ITEM('',(#5940),#5810);
#5478=STYLED_ITEM('',(#5940),#5811);
#5479=STYLED_ITEM('',(#5939),#43);
#5480=STYLED_ITEM('',(#5941),#5812);
#5481=STYLED_ITEM('',(#5941),#5813);
#5482=STYLED_ITEM('',(#5941),#5814);
#5483=STYLED_ITEM('',(#5941),#5815);
#5484=STYLED_ITEM('',(#5941),#5816);
#5485=STYLED_ITEM('',(#5941),#5817);
#5486=STYLED_ITEM('',(#5941),#5818);
#5487=STYLED_ITEM('',(#5941),#5819);
#5488=STYLED_ITEM('',(#5941),#5820);
#5489=STYLED_ITEM('',(#5941),#5821);
#5490=STYLED_ITEM('',(#5939),#44);
#5491=STYLED_ITEM('',(#5939),#45);
#5492=STYLED_ITEM('',(#5943),#5822);
#5493=STYLED_ITEM('',(#5943),#5823);
#5494=STYLED_ITEM('',(#5943),#5824);
#5495=STYLED_ITEM('',(#5943),#5825);
#5496=STYLED_ITEM('',(#5943),#5826);
#5497=STYLED_ITEM('',(#5943),#5827);
#5498=STYLED_ITEM('',(#5943),#5828);
#5499=STYLED_ITEM('',(#5943),#5829);
#5500=STYLED_ITEM('',(#5943),#5830);
#5501=STYLED_ITEM('',(#5943),#5831);
#5502=STYLED_ITEM('',(#5943),#5832);
#5503=STYLED_ITEM('',(#5943),#5833);
#5504=STYLED_ITEM('',(#5943),#5834);
#5505=STYLED_ITEM('',(#5943),#5835);
#5506=STYLED_ITEM('',(#5943),#5836);
#5507=STYLED_ITEM('',(#5943),#5837);
#5508=STYLED_ITEM('',(#5943),#5838);
#5509=STYLED_ITEM('',(#5943),#5839);
#5510=STYLED_ITEM('',(#5943),#5840);
#5511=STYLED_ITEM('',(#5943),#5841);
#5512=STYLED_ITEM('',(#5943),#5842);
#5513=STYLED_ITEM('',(#5943),#5843);
#5514=STYLED_ITEM('',(#5943),#5844);
#5515=STYLED_ITEM('',(#5943),#5845);
#5516=STYLED_ITEM('',(#5943),#5846);
#5517=STYLED_ITEM('',(#5943),#5847);
#5518=STYLED_ITEM('',(#5943),#5848);
#5519=STYLED_ITEM('',(#5943),#5849);
#5520=STYLED_ITEM('',(#5943),#5850);
#5521=STYLED_ITEM('',(#5943),#5851);
#5522=STYLED_ITEM('',(#5943),#5852);
#5523=STYLED_ITEM('',(#5943),#5853);
#5524=STYLED_ITEM('',(#5943),#5854);
#5525=STYLED_ITEM('',(#5943),#5855);
#5526=STYLED_ITEM('',(#5943),#5856);
#5527=STYLED_ITEM('',(#5943),#5857);
#5528=STYLED_ITEM('',(#5943),#5858);
#5529=STYLED_ITEM('',(#5943),#5859);
#5530=STYLED_ITEM('',(#5943),#5860);
#5531=STYLED_ITEM('',(#5943),#5861);
#5532=STYLED_ITEM('',(#5943),#5862);
#5533=STYLED_ITEM('',(#5943),#5863);
#5534=STYLED_ITEM('',(#5943),#5864);
#5535=STYLED_ITEM('',(#5943),#5865);
#5536=STYLED_ITEM('',(#5943),#5866);
#5537=STYLED_ITEM('',(#5943),#5867);
#5538=STYLED_ITEM('',(#5943),#5868);
#5539=STYLED_ITEM('',(#5943),#5869);
#5540=STYLED_ITEM('',(#5943),#5870);
#5541=STYLED_ITEM('',(#5943),#5871);
#5542=STYLED_ITEM('',(#5943),#5872);
#5543=STYLED_ITEM('',(#5943),#5873);
#5544=STYLED_ITEM('',(#5943),#5874);
#5545=STYLED_ITEM('',(#5943),#5875);
#5546=STYLED_ITEM('',(#5943),#5876);
#5547=STYLED_ITEM('',(#5943),#5877);
#5548=STYLED_ITEM('',(#5943),#5878);
#5549=STYLED_ITEM('',(#5943),#5879);
#5550=STYLED_ITEM('',(#5943),#5880);
#5551=STYLED_ITEM('',(#5943),#5881);
#5552=STYLED_ITEM('',(#5943),#5882);
#5553=STYLED_ITEM('',(#5943),#5883);
#5554=STYLED_ITEM('',(#5943),#5884);
#5555=STYLED_ITEM('',(#5943),#5885);
#5556=STYLED_ITEM('',(#5943),#5886);
#5557=STYLED_ITEM('',(#5943),#5887);
#5558=STYLED_ITEM('',(#5943),#5888);
#5559=STYLED_ITEM('',(#5943),#5889);
#5560=STYLED_ITEM('',(#5943),#5890);
#5561=STYLED_ITEM('',(#5943),#5891);
#5562=STYLED_ITEM('',(#5939),#46);
#5563=STYLED_ITEM('',(#5939),#47);
#5564=STYLED_ITEM('',(#5939),#48);
#5565=STYLED_ITEM('',(#5939),#49);
#5566=STYLED_ITEM('',(#5939),#50);
#5567=STYLED_ITEM('',(#5939),#51);
#5568=STYLED_ITEM('',(#5939),#52);
#5569=STYLED_ITEM('',(#5939),#53);
#5570=STYLED_ITEM('',(#5939),#54);
#5571=STYLED_ITEM('',(#5939),#55);
#5572=ADVANCED_FACE('',(#423),#5189,.T.);
#5573=ADVANCED_FACE('',(#424),#401,.T.);
#5574=ADVANCED_FACE('',(#425),#5190,.T.);
#5575=ADVANCED_FACE('',(#426),#402,.T.);
#5576=ADVANCED_FACE('',(#427),#5191,.T.);
#5577=ADVANCED_FACE('',(#428),#202,.F.);
#5578=ADVANCED_FACE('',(#429),#203,.F.);
#5579=ADVANCED_FACE('',(#430),#403,.F.);
#5580=ADVANCED_FACE('',(#431),#404,.F.);
#5581=ADVANCED_FACE('',(#432),#5192,.F.);
#5582=ADVANCED_FACE('',(#433),#5193,.T.);
#5583=ADVANCED_FACE('',(#434),#405,.T.);
#5584=ADVANCED_FACE('',(#435),#5194,.T.);
#5585=ADVANCED_FACE('',(#436),#406,.T.);
#5586=ADVANCED_FACE('',(#437),#5195,.T.);
#5587=ADVANCED_FACE('',(#438),#5196,.F.);
#5588=ADVANCED_FACE('',(#439),#5197,.F.);
#5589=ADVANCED_FACE('',(#440),#204,.F.);
#5590=ADVANCED_FACE('',(#441),#205,.F.);
#5591=ADVANCED_FACE('',(#442),#206,.T.);
#5592=ADVANCED_FACE('',(#443),#407,.F.);
#5593=ADVANCED_FACE('',(#444),#5198,.F.);
#5594=ADVANCED_FACE('',(#445),#408,.F.);
#5595=ADVANCED_FACE('',(#446),#5199,.F.);
#5596=ADVANCED_FACE('',(#447),#5200,.T.);
#5597=ADVANCED_FACE('',(#448),#409,.T.);
#5598=ADVANCED_FACE('',(#449),#5201,.T.);
#5599=ADVANCED_FACE('',(#450),#410,.T.);
#5600=ADVANCED_FACE('',(#451),#5202,.T.);
#5601=ADVANCED_FACE('',(#452),#5203,.F.);
#5602=ADVANCED_FACE('',(#453),#207,.T.);
#5603=ADVANCED_FACE('',(#454),#208,.F.);
#5604=ADVANCED_FACE('',(#455),#209,.F.);
#5605=ADVANCED_FACE('',(#456),#5204,.T.);
#5606=ADVANCED_FACE('',(#457),#411,.T.);
#5607=ADVANCED_FACE('',(#458),#5205,.T.);
#5608=ADVANCED_FACE('',(#459),#412,.T.);
#5609=ADVANCED_FACE('',(#460),#5206,.T.);
#5610=ADVANCED_FACE('',(#461),#5207,.T.);
#5611=ADVANCED_FACE('',(#462),#210,.F.);
#5612=ADVANCED_FACE('',(#463),#5208,.T.);
#5613=ADVANCED_FACE('',(#464,#177),#211,.F.);
#5614=ADVANCED_FACE('',(#465),#5209,.T.);
#5615=ADVANCED_FACE('',(#466),#212,.T.);
#5616=ADVANCED_FACE('',(#467),#213,.T.);
#5617=ADVANCED_FACE('',(#468),#5210,.T.);
#5618=ADVANCED_FACE('',(#469),#5211,.T.);
#5619=ADVANCED_FACE('',(#470),#214,.F.);
#5620=ADVANCED_FACE('',(#471),#215,.F.);
#5621=ADVANCED_FACE('',(#472),#5212,.T.);
#5622=ADVANCED_FACE('',(#473),#216,.F.);
#5623=ADVANCED_FACE('',(#474),#217,.T.);
#5624=ADVANCED_FACE('',(#475,#178,#179,#180,#181,#182,#183),#218,.F.);
#5625=ADVANCED_FACE('',(#476),#219,.F.);
#5626=ADVANCED_FACE('',(#477),#220,.T.);
#5627=ADVANCED_FACE('',(#478),#221,.F.);
#5628=ADVANCED_FACE('',(#479),#222,.F.);
#5629=ADVANCED_FACE('',(#480),#223,.F.);
#5630=ADVANCED_FACE('',(#481),#224,.F.);
#5631=ADVANCED_FACE('',(#482),#225,.F.);
#5632=ADVANCED_FACE('',(#483),#226,.F.);
#5633=ADVANCED_FACE('',(#484,#184),#227,.T.);
#5634=ADVANCED_FACE('',(#485),#228,.F.);
#5635=ADVANCED_FACE('',(#486),#229,.T.);
#5636=ADVANCED_FACE('',(#487),#230,.T.);
#5637=ADVANCED_FACE('',(#488),#231,.T.);
#5638=ADVANCED_FACE('',(#489),#232,.T.);
#5639=ADVANCED_FACE('',(#490),#233,.T.);
#5640=ADVANCED_FACE('',(#491),#234,.T.);
#5641=ADVANCED_FACE('',(#492),#235,.T.);
#5642=ADVANCED_FACE('',(#493),#236,.T.);
#5643=ADVANCED_FACE('',(#494),#237,.T.);
#5644=ADVANCED_FACE('',(#495),#238,.T.);
#5645=ADVANCED_FACE('',(#496),#239,.T.);
#5646=ADVANCED_FACE('',(#497),#240,.T.);
#5647=ADVANCED_FACE('',(#498),#241,.T.);
#5648=ADVANCED_FACE('',(#499),#242,.T.);
#5649=ADVANCED_FACE('',(#500,#185),#243,.F.);
#5650=ADVANCED_FACE('',(#501),#244,.F.);
#5651=ADVANCED_FACE('',(#502),#56,.T.);
#5652=ADVANCED_FACE('',(#503),#57,.T.);
#5653=ADVANCED_FACE('',(#504,#186),#245,.T.);
#5654=ADVANCED_FACE('',(#505,#187),#246,.F.);
#5655=ADVANCED_FACE('',(#506),#247,.T.);
#5656=ADVANCED_FACE('',(#507),#248,.T.);
#5657=ADVANCED_FACE('',(#508),#58,.T.);
#5658=ADVANCED_FACE('',(#509),#59,.T.);
#5659=ADVANCED_FACE('',(#510),#249,.T.);
#5660=ADVANCED_FACE('',(#511),#60,.T.);
#5661=ADVANCED_FACE('',(#512),#61,.T.);
#5662=ADVANCED_FACE('',(#513),#250,.T.);
#5663=ADVANCED_FACE('',(#514),#251,.T.);
#5664=ADVANCED_FACE('',(#515,#188),#252,.T.);
#5665=ADVANCED_FACE('',(#516),#253,.F.);
#5666=ADVANCED_FACE('',(#517),#254,.T.);
#5667=ADVANCED_FACE('',(#518),#255,.T.);
#5668=ADVANCED_FACE('',(#519),#256,.T.);
#5669=ADVANCED_FACE('',(#520),#62,.T.);
#5670=ADVANCED_FACE('',(#521),#63,.T.);
#5671=ADVANCED_FACE('',(#522),#257,.T.);
#5672=ADVANCED_FACE('',(#523),#64,.T.);
#5673=ADVANCED_FACE('',(#524),#258,.T.);
#5674=ADVANCED_FACE('',(#525),#65,.T.);
#5675=ADVANCED_FACE('',(#526),#259,.T.);
#5676=ADVANCED_FACE('',(#527),#260,.T.);
#5677=ADVANCED_FACE('',(#528),#66,.T.);
#5678=ADVANCED_FACE('',(#529),#67,.T.);
#5679=ADVANCED_FACE('',(#530),#261,.T.);
#5680=ADVANCED_FACE('',(#531),#68,.T.);
#5681=ADVANCED_FACE('',(#532),#262,.T.);
#5682=ADVANCED_FACE('',(#533),#69,.T.);
#5683=ADVANCED_FACE('',(#534),#70,.T.);
#5684=ADVANCED_FACE('',(#535),#71,.T.);
#5685=ADVANCED_FACE('',(#536,#189),#263,.F.);
#5686=ADVANCED_FACE('',(#537),#264,.F.);
#5687=ADVANCED_FACE('',(#538),#72,.T.);
#5688=ADVANCED_FACE('',(#539),#265,.T.);
#5689=ADVANCED_FACE('',(#540),#73,.T.);
#5690=ADVANCED_FACE('',(#541),#266,.T.);
#5691=ADVANCED_FACE('',(#542),#267,.F.);
#5692=ADVANCED_FACE('',(#543),#74,.T.);
#5693=ADVANCED_FACE('',(#544),#268,.T.);
#5694=ADVANCED_FACE('',(#545),#75,.T.);
#5695=ADVANCED_FACE('',(#546),#269,.T.);
#5696=ADVANCED_FACE('',(#547),#270,.F.);
#5697=ADVANCED_FACE('',(#548),#271,.T.);
#5698=ADVANCED_FACE('',(#549),#5213,.T.);
#5699=ADVANCED_FACE('',(#550),#272,.T.);
#5700=ADVANCED_FACE('',(#551),#273,.F.);
#5701=ADVANCED_FACE('',(#552),#5214,.T.);
#5702=ADVANCED_FACE('',(#553),#274,.F.);
#5703=ADVANCED_FACE('',(#554),#275,.T.);
#5704=ADVANCED_FACE('',(#555),#5215,.T.);
#5705=ADVANCED_FACE('',(#556),#5216,.F.);
#5706=ADVANCED_FACE('',(#557),#276,.T.);
#5707=ADVANCED_FACE('',(#558),#5217,.F.);
#5708=ADVANCED_FACE('',(#559),#277,.T.);
#5709=ADVANCED_FACE('',(#560),#5218,.F.);
#5710=ADVANCED_FACE('',(#561),#278,.T.);
#5711=ADVANCED_FACE('',(#562),#5219,.F.);
#5712=ADVANCED_FACE('',(#563),#5220,.T.);
#5713=ADVANCED_FACE('',(#564),#279,.T.);
#5714=ADVANCED_FACE('',(#565),#5221,.F.);
#5715=ADVANCED_FACE('',(#566),#280,.T.);
#5716=ADVANCED_FACE('',(#567),#5222,.F.);
#5717=ADVANCED_FACE('',(#568),#281,.T.);
#5718=ADVANCED_FACE('',(#569,#190,#191,#192,#193,#194,#195,#196,#197,#198,
#199),#282,.T.);
#5719=ADVANCED_FACE('',(#570),#283,.T.);
#5720=ADVANCED_FACE('',(#571),#284,.T.);
#5721=ADVANCED_FACE('',(#572),#285,.T.);
#5722=ADVANCED_FACE('',(#573),#286,.T.);
#5723=ADVANCED_FACE('',(#574),#76,.T.);
#5724=ADVANCED_FACE('',(#575),#287,.T.);
#5725=ADVANCED_FACE('',(#576),#288,.T.);
#5726=ADVANCED_FACE('',(#577),#289,.T.);
#5727=ADVANCED_FACE('',(#578),#290,.T.);
#5728=ADVANCED_FACE('',(#579),#291,.T.);
#5729=ADVANCED_FACE('',(#580),#292,.T.);
#5730=ADVANCED_FACE('',(#581),#77,.T.);
#5731=ADVANCED_FACE('',(#582),#293,.T.);
#5732=ADVANCED_FACE('',(#583),#294,.T.);
#5733=ADVANCED_FACE('',(#584),#295,.T.);
#5734=ADVANCED_FACE('',(#585),#296,.T.);
#5735=ADVANCED_FACE('',(#586),#297,.T.);
#5736=ADVANCED_FACE('',(#587),#298,.T.);
#5737=ADVANCED_FACE('',(#588),#299,.T.);
#5738=ADVANCED_FACE('',(#589),#300,.T.);
#5739=ADVANCED_FACE('',(#590),#301,.T.);
#5740=ADVANCED_FACE('',(#591),#302,.T.);
#5741=ADVANCED_FACE('',(#592),#78,.T.);
#5742=ADVANCED_FACE('',(#593),#303,.T.);
#5743=ADVANCED_FACE('',(#594),#79,.T.);
#5744=ADVANCED_FACE('',(#595),#304,.T.);
#5745=ADVANCED_FACE('',(#596),#80,.T.);
#5746=ADVANCED_FACE('',(#597),#305,.T.);
#5747=ADVANCED_FACE('',(#598),#81,.T.);
#5748=ADVANCED_FACE('',(#599),#306,.T.);
#5749=ADVANCED_FACE('',(#600),#82,.T.);
#5750=ADVANCED_FACE('',(#601),#83,.T.);
#5751=ADVANCED_FACE('',(#602,#200),#307,.T.);
#5752=ADVANCED_FACE('',(#603),#308,.T.);
#5753=ADVANCED_FACE('',(#604),#309,.T.);
#5754=ADVANCED_FACE('',(#605),#310,.T.);
#5755=ADVANCED_FACE('',(#606),#84,.T.);
#5756=ADVANCED_FACE('',(#607),#85,.T.);
#5757=ADVANCED_FACE('',(#608),#311,.T.);
#5758=ADVANCED_FACE('',(#609),#312,.T.);
#5759=ADVANCED_FACE('',(#610,#201),#313,.T.);
#5760=ADVANCED_FACE('',(#611),#314,.T.);
#5761=ADVANCED_FACE('',(#612),#315,.T.);
#5762=ADVANCED_FACE('',(#613),#316,.T.);
#5763=ADVANCED_FACE('',(#614),#317,.T.);
#5764=ADVANCED_FACE('',(#615),#318,.T.);
#5765=ADVANCED_FACE('',(#616),#86,.T.);
#5766=ADVANCED_FACE('',(#617),#319,.T.);
#5767=ADVANCED_FACE('',(#618),#87,.T.);
#5768=ADVANCED_FACE('',(#619),#88,.T.);
#5769=ADVANCED_FACE('',(#620),#320,.T.);
#5770=ADVANCED_FACE('',(#621),#321,.T.);
#5771=ADVANCED_FACE('',(#622),#322,.T.);
#5772=ADVANCED_FACE('',(#623),#323,.T.);
#5773=ADVANCED_FACE('',(#624),#324,.T.);
#5774=ADVANCED_FACE('',(#625),#325,.T.);
#5775=ADVANCED_FACE('',(#626),#326,.T.);
#5776=ADVANCED_FACE('',(#627),#327,.T.);
#5777=ADVANCED_FACE('',(#628),#328,.T.);
#5778=ADVANCED_FACE('',(#629),#329,.T.);
#5779=ADVANCED_FACE('',(#630),#330,.T.);
#5780=ADVANCED_FACE('',(#631),#331,.T.);
#5781=ADVANCED_FACE('',(#632),#332,.T.);
#5782=ADVANCED_FACE('',(#633),#333,.T.);
#5783=ADVANCED_FACE('',(#634),#89,.T.);
#5784=ADVANCED_FACE('',(#635),#90,.T.);
#5785=ADVANCED_FACE('',(#636),#334,.T.);
#5786=ADVANCED_FACE('',(#637),#335,.T.);
#5787=ADVANCED_FACE('',(#638),#336,.T.);
#5788=ADVANCED_FACE('',(#639),#337,.T.);
#5789=ADVANCED_FACE('',(#640),#338,.T.);
#5790=ADVANCED_FACE('',(#641),#339,.T.);
#5791=ADVANCED_FACE('',(#642),#340,.T.);
#5792=ADVANCED_FACE('',(#643),#341,.T.);
#5793=ADVANCED_FACE('',(#644),#342,.T.);
#5794=ADVANCED_FACE('',(#645),#343,.T.);
#5795=ADVANCED_FACE('',(#646),#344,.T.);
#5796=ADVANCED_FACE('',(#647),#345,.T.);
#5797=ADVANCED_FACE('',(#648),#346,.T.);
#5798=ADVANCED_FACE('',(#649),#347,.T.);
#5799=ADVANCED_FACE('',(#650),#348,.T.);
#5800=ADVANCED_FACE('',(#651),#349,.T.);
#5801=ADVANCED_FACE('',(#652),#350,.T.);
#5802=ADVANCED_FACE('',(#653),#351,.T.);
#5803=ADVANCED_FACE('',(#654),#352,.T.);
#5804=ADVANCED_FACE('',(#655),#353,.T.);
#5805=ADVANCED_FACE('',(#656),#354,.T.);
#5806=ADVANCED_FACE('',(#657),#355,.T.);
#5807=ADVANCED_FACE('',(#658),#356,.T.);
#5808=ADVANCED_FACE('',(#659),#357,.T.);
#5809=ADVANCED_FACE('',(#660),#358,.T.);
#5810=ADVANCED_FACE('',(#661),#359,.T.);
#5811=ADVANCED_FACE('',(#662),#360,.T.);
#5812=ADVANCED_FACE('',(#663),#31,.T.);
#5813=ADVANCED_FACE('',(#664),#5223,.T.);
#5814=ADVANCED_FACE('',(#665),#361,.T.);
#5815=ADVANCED_FACE('',(#666),#362,.T.);
#5816=ADVANCED_FACE('',(#667),#32,.T.);
#5817=ADVANCED_FACE('',(#668),#33,.T.);
#5818=ADVANCED_FACE('',(#669),#5224,.T.);
#5819=ADVANCED_FACE('',(#670),#363,.T.);
#5820=ADVANCED_FACE('',(#671),#364,.F.);
#5821=ADVANCED_FACE('',(#672),#34,.T.);
#5822=ADVANCED_FACE('',(#673),#365,.F.);
#5823=ADVANCED_FACE('',(#674),#366,.T.);
#5824=ADVANCED_FACE('',(#675),#367,.T.);
#5825=ADVANCED_FACE('',(#676),#5225,.T.);
#5826=ADVANCED_FACE('',(#677),#368,.F.);
#5827=ADVANCED_FACE('',(#678),#23,.F.);
#5828=ADVANCED_FACE('',(#679),#413,.F.);
#5829=ADVANCED_FACE('',(#680),#414,.T.);
#5830=ADVANCED_FACE('',(#681),#5226,.T.);
#5831=ADVANCED_FACE('',(#682),#415,.F.);
#5832=ADVANCED_FACE('',(#683),#5227,.T.);
#5833=ADVANCED_FACE('',(#684),#416,.T.);
#5834=ADVANCED_FACE('',(#685),#5228,.T.);
#5835=ADVANCED_FACE('',(#686),#417,.T.);
#5836=ADVANCED_FACE('',(#687),#369,.T.);
#5837=ADVANCED_FACE('',(#688),#370,.T.);
#5838=ADVANCED_FACE('',(#689),#35,.T.);
#5839=ADVANCED_FACE('',(#690),#418,.F.);
#5840=ADVANCED_FACE('',(#691),#419,.T.);
#5841=ADVANCED_FACE('',(#692),#5229,.T.);
#5842=ADVANCED_FACE('',(#693),#420,.F.);
#5843=ADVANCED_FACE('',(#694),#5230,.T.);
#5844=ADVANCED_FACE('',(#695),#421,.T.);
#5845=ADVANCED_FACE('',(#696),#5231,.T.);
#5846=ADVANCED_FACE('',(#697),#422,.T.);
#5847=ADVANCED_FACE('',(#698),#371,.T.);
#5848=ADVANCED_FACE('',(#699),#36,.T.);
#5849=ADVANCED_FACE('',(#700),#372,.F.);
#5850=ADVANCED_FACE('',(#701),#24,.F.);
#5851=ADVANCED_FACE('',(#702),#373,.T.);
#5852=ADVANCED_FACE('',(#703),#374,.F.);
#5853=ADVANCED_FACE('',(#704),#375,.F.);
#5854=ADVANCED_FACE('',(#705),#5232,.T.);
#5855=ADVANCED_FACE('',(#706),#376,.F.);
#5856=ADVANCED_FACE('',(#707),#377,.F.);
#5857=ADVANCED_FACE('',(#708),#378,.T.);
#5858=ADVANCED_FACE('',(#709),#379,.T.);
#5859=ADVANCED_FACE('',(#710),#5233,.T.);
#5860=ADVANCED_FACE('',(#711),#380,.F.);
#5861=ADVANCED_FACE('',(#712),#25,.F.);
#5862=ADVANCED_FACE('',(#713),#381,.F.);
#5863=ADVANCED_FACE('',(#714),#5234,.T.);
#5864=ADVANCED_FACE('',(#715),#382,.T.);
#5865=ADVANCED_FACE('',(#716),#383,.T.);
#5866=ADVANCED_FACE('',(#717),#384,.F.);
#5867=ADVANCED_FACE('',(#718),#26,.F.);
#5868=ADVANCED_FACE('',(#719),#385,.F.);
#5869=ADVANCED_FACE('',(#720),#386,.F.);
#5870=ADVANCED_FACE('',(#721),#387,.F.);
#5871=ADVANCED_FACE('',(#722),#5235,.T.);
#5872=ADVANCED_FACE('',(#723),#388,.T.);
#5873=ADVANCED_FACE('',(#724),#27,.F.);
#5874=ADVANCED_FACE('',(#725),#389,.F.);
#5875=ADVANCED_FACE('',(#726),#5236,.T.);
#5876=ADVANCED_FACE('',(#727),#390,.T.);
#5877=ADVANCED_FACE('',(#728),#391,.T.);
#5878=ADVANCED_FACE('',(#729),#392,.F.);
#5879=ADVANCED_FACE('',(#730),#28,.F.);
#5880=ADVANCED_FACE('',(#731),#393,.F.);
#5881=ADVANCED_FACE('',(#732),#394,.F.);
#5882=ADVANCED_FACE('',(#733),#395,.F.);
#5883=ADVANCED_FACE('',(#734),#5237,.T.);
#5884=ADVANCED_FACE('',(#735),#396,.T.);
#5885=ADVANCED_FACE('',(#736),#29,.F.);
#5886=ADVANCED_FACE('',(#737),#397,.F.);
#5887=ADVANCED_FACE('',(#738),#5238,.T.);
#5888=ADVANCED_FACE('',(#739),#398,.F.);
#5889=ADVANCED_FACE('',(#740),#399,.F.);
#5890=ADVANCED_FACE('',(#741),#400,.T.);
#5891=ADVANCED_FACE('',(#742),#30,.F.);
#5892=CLOSED_SHELL('',(#5572,#5573,#5574,#5575,#5576,#5577,#5578,#5579,
#5580,#5581,#5582,#5583,#5584,#5585,#5586,#5587,#5588,#5589,#5590,#5591,
#5592,#5593,#5594,#5595,#5596,#5597,#5598,#5599,#5600,#5601,#5602,#5603,
#5604,#5605,#5606,#5607,#5608,#5609,#5610,#5611,#5612,#5613,#5614,#5615,
#5616,#5617,#5618,#5619,#5620,#5621,#5622,#5623,#5624,#5625,#5626,#5627,
#5628,#5629,#5630,#5631,#5632,#5633,#5634,#5635,#5636,#5637,#5638,#5639,
#5640,#5641,#5642,#5643,#5644,#5645,#5646,#5647,#5648,#5649,#5650,#5651,
#5652,#5653,#5654,#5655,#5656,#5657,#5658,#5659,#5660,#5661,#5662,#5663,
#5664,#5665,#5666,#5667,#5668,#5669,#5670,#5671,#5672,#5673,#5674,#5675,
#5676,#5677,#5678,#5679,#5680,#5681,#5682,#5683,#5684,#5685,#5686,#5687,
#5688,#5689,#5690,#5691,#5692,#5693,#5694,#5695,#5696,#5697,#5698,#5699,
#5700,#5701,#5702,#5703,#5704,#5705,#5706,#5707,#5708,#5709,#5710,#5711,
#5712,#5713,#5714,#5715,#5716,#5717,#5718,#5719,#5720,#5721,#5722,#5723,
#5724,#5725,#5726,#5727,#5728,#5729,#5730,#5731,#5732,#5733,#5734,#5735,
#5736,#5737,#5738,#5739,#5740,#5741,#5742,#5743,#5744,#5745,#5746,#5747,
#5748,#5749,#5750,#5751,#5752,#5753,#5754,#5755,#5756,#5757,#5758,#5759,
#5760,#5761,#5762,#5763,#5764,#5765,#5766,#5767,#5768,#5769,#5770,#5771,
#5772,#5773,#5774,#5775,#5776,#5777,#5778,#5779,#5780,#5781,#5782,#5783,
#5784,#5785,#5786,#5787,#5788,#5789,#5790,#5791,#5792,#5793,#5794,#5795,
#5796,#5797,#5798,#5799,#5800,#5801,#5802,#5803,#5804,#5805,#5806,#5807,
#5808,#5809,#5810,#5811));
#5893=CLOSED_SHELL('',(#5812,#5813,#5814,#5815,#5816));
#5894=CLOSED_SHELL('',(#5817,#5818,#5819,#5820,#5821));
#5895=CLOSED_SHELL('',(#5822,#5823,#5824,#5825,#5826,#5827));
#5896=CLOSED_SHELL('',(#5828,#5829,#5830,#5831,#5832,#5833,#5834,#5835,
#5836,#5837,#5838));
#5897=CLOSED_SHELL('',(#5839,#5840,#5841,#5842,#5843,#5844,#5845,#5846,
#5847,#5848,#5849));
#5898=CLOSED_SHELL('',(#5850,#5851,#5852,#5853,#5854,#5855));
#5899=CLOSED_SHELL('',(#5856,#5857,#5858,#5859,#5860,#5861));
#5900=CLOSED_SHELL('',(#5862,#5863,#5864,#5865,#5866,#5867));
#5901=CLOSED_SHELL('',(#5868,#5869,#5870,#5871,#5872,#5873));
#5902=CLOSED_SHELL('',(#5874,#5875,#5876,#5877,#5878,#5879));
#5903=CLOSED_SHELL('',(#5880,#5881,#5882,#5883,#5884,#5885));
#5904=CLOSED_SHELL('',(#5886,#5887,#5888,#5889,#5890,#5891));
#5905=DERIVED_UNIT_ELEMENT(#5911,1.);
#5906=DERIVED_UNIT_ELEMENT(#12045,3.);
#5907=DERIVED_UNIT_ELEMENT(#5911,1.);
#5908=DERIVED_UNIT_ELEMENT(#12045,3.);
#5909=DERIVED_UNIT_ELEMENT(#5911,1.);
#5910=DERIVED_UNIT_ELEMENT(#12045,3.);
#5911=(
MASS_UNIT()
NAMED_UNIT(*)
SI_UNIT($,.GRAM.)
);
#5912=DERIVED_UNIT((#5905,#5906));
#5913=DERIVED_UNIT((#5907,#5908));
#5914=DERIVED_UNIT((#5909,#5910));
#5915=MEASURE_REPRESENTATION_ITEM('density measure',
POSITIVE_RATIO_MEASURE(1.),#5912);
#5916=MEASURE_REPRESENTATION_ITEM('density measure',
POSITIVE_RATIO_MEASURE(1.),#5913);
#5917=MEASURE_REPRESENTATION_ITEM('density measure',
POSITIVE_RATIO_MEASURE(1.),#5914);
#5918=PROPERTY_DEFINITION_REPRESENTATION(#5933,#5924);
#5919=PROPERTY_DEFINITION_REPRESENTATION(#5934,#5925);
#5920=PROPERTY_DEFINITION_REPRESENTATION(#5935,#5926);
#5921=PROPERTY_DEFINITION_REPRESENTATION(#5936,#5927);
#5922=PROPERTY_DEFINITION_REPRESENTATION(#5937,#5928);
#5923=PROPERTY_DEFINITION_REPRESENTATION(#5938,#5929);
#5924=REPRESENTATION('material name',(#5930),#12040);
#5925=REPRESENTATION('density',(#5915),#12040);
#5926=REPRESENTATION('material name',(#5931),#12041);
#5927=REPRESENTATION('density',(#5916),#12041);
#5928=REPRESENTATION('material name',(#5932),#12042);
#5929=REPRESENTATION('density',(#5917),#12042);
#5930=DESCRIPTIVE_REPRESENTATION_ITEM('\X2\04220438043F043E0432044B0435\X0\',
'\X2\04220438043F043E0432044B0435\X0\');
#5931=DESCRIPTIVE_REPRESENTATION_ITEM('\X2\04220438043F043E0432044B0435\X0\',
'\X2\04220438043F043E0432044B0435\X0\');
#5932=DESCRIPTIVE_REPRESENTATION_ITEM('\X2\04220438043F043E0432044B0435\X0\',
'\X2\04220438043F043E0432044B0435\X0\');
#5933=PROPERTY_DEFINITION('material property','material name',#12065);
#5934=PROPERTY_DEFINITION('material property','density of part',#12065);
#5935=PROPERTY_DEFINITION('material property','material name',#12066);
#5936=PROPERTY_DEFINITION('material property','density of part',#12066);
#5937=PROPERTY_DEFINITION('material property','material name',#12067);
#5938=PROPERTY_DEFINITION('material property','density of part',#12067);
#5939=PRESENTATION_STYLE_ASSIGNMENT((#5944));
#5940=PRESENTATION_STYLE_ASSIGNMENT((#5945));
#5941=PRESENTATION_STYLE_ASSIGNMENT((#5946));
#5942=PRESENTATION_STYLE_ASSIGNMENT((#5947));
#5943=PRESENTATION_STYLE_ASSIGNMENT((#5948));
#5944=SURFACE_STYLE_USAGE(.BOTH.,#5959);
#5945=SURFACE_STYLE_USAGE(.BOTH.,#5960);
#5946=SURFACE_STYLE_USAGE(.BOTH.,#5961);
#5947=SURFACE_STYLE_USAGE(.BOTH.,#5962);
#5948=SURFACE_STYLE_USAGE(.BOTH.,#5963);
#5949=SURFACE_STYLE_RENDERING_WITH_PROPERTIES($,#5979,(#5954));
#5950=SURFACE_STYLE_RENDERING_WITH_PROPERTIES($,#5980,(#5955));
#5951=SURFACE_STYLE_RENDERING_WITH_PROPERTIES($,#5981,(#5956));
#5952=SURFACE_STYLE_RENDERING_WITH_PROPERTIES($,#5982,(#5957));
#5953=SURFACE_STYLE_RENDERING_WITH_PROPERTIES($,#5983,(#5958));
#5954=SURFACE_STYLE_TRANSPARENT(0.);
#5955=SURFACE_STYLE_TRANSPARENT(0.);
#5956=SURFACE_STYLE_TRANSPARENT(0.);
#5957=SURFACE_STYLE_TRANSPARENT(0.);
#5958=SURFACE_STYLE_TRANSPARENT(0.);
#5959=SURFACE_SIDE_STYLE('',(#5964,#5949));
#5960=SURFACE_SIDE_STYLE('',(#5965,#5950));
#5961=SURFACE_SIDE_STYLE('',(#5966,#5951));
#5962=SURFACE_SIDE_STYLE('',(#5967,#5952));
#5963=SURFACE_SIDE_STYLE('',(#5968,#5953));
#5964=SURFACE_STYLE_FILL_AREA(#5969);
#5965=SURFACE_STYLE_FILL_AREA(#5970);
#5966=SURFACE_STYLE_FILL_AREA(#5971);
#5967=SURFACE_STYLE_FILL_AREA(#5972);
#5968=SURFACE_STYLE_FILL_AREA(#5973);
#5969=FILL_AREA_STYLE('',(#5974));
#5970=FILL_AREA_STYLE('',(#5975));
#5971=FILL_AREA_STYLE('',(#5976));
#5972=FILL_AREA_STYLE('',(#5977));
#5973=FILL_AREA_STYLE('',(#5978));
#5974=FILL_AREA_STYLE_COLOUR('',#5979);
#5975=FILL_AREA_STYLE_COLOUR('',#5980);
#5976=FILL_AREA_STYLE_COLOUR('',#5981);
#5977=FILL_AREA_STYLE_COLOUR('',#5982);
#5978=FILL_AREA_STYLE_COLOUR('',#5983);
#5979=COLOUR_RGB('',0.749019607843137,0.749019607843137,0.749019607843137);
#5980=COLOUR_RGB('',0.980392156862745,0.823529411764706,0.392156862745098);
#5981=COLOUR_RGB('',0.831372549019608,0.831372549019608,0.831372549019608);
#5982=COLOUR_RGB('',0.980392156862745,0.823529411764706,0.392156862745098);
#5983=COLOUR_RGB('',0.862745098039216,0.627450980392157,0.0588235294117647);
#5984=DATE_TIME_ROLE('creation_date');
#5985=DATE_TIME_ROLE('creation_date');
#5986=DATE_TIME_ROLE('creation_date');
#5987=DATE_TIME_ROLE('creation_date');
#5988=APPLIED_DATE_AND_TIME_ASSIGNMENT(#5992,#5984,(#12064));
#5989=APPLIED_DATE_AND_TIME_ASSIGNMENT(#5993,#5985,(#12065));
#5990=APPLIED_DATE_AND_TIME_ASSIGNMENT(#5994,#5986,(#12066));
#5991=APPLIED_DATE_AND_TIME_ASSIGNMENT(#5995,#5987,(#12067));
#5992=DATE_AND_TIME(#5996,#6000);
#5993=DATE_AND_TIME(#5997,#6001);
#5994=DATE_AND_TIME(#5998,#6002);
#5995=DATE_AND_TIME(#5999,#6003);
#5996=CALENDAR_DATE(2024,10,1);
#5997=CALENDAR_DATE(2024,10,1);
#5998=CALENDAR_DATE(2024,10,1);
#5999=CALENDAR_DATE(2024,10,1);
#6000=LOCAL_TIME(0,0,0.,#6004);
#6001=LOCAL_TIME(0,0,0.,#6005);
#6002=LOCAL_TIME(0,0,0.,#6006);
#6003=LOCAL_TIME(0,0,0.,#6007);
#6004=COORDINATED_UNIVERSAL_TIME_OFFSET(0,0,.BEHIND.);
#6005=COORDINATED_UNIVERSAL_TIME_OFFSET(0,0,.BEHIND.);
#6006=COORDINATED_UNIVERSAL_TIME_OFFSET(0,0,.BEHIND.);
#6007=COORDINATED_UNIVERSAL_TIME_OFFSET(0,0,.BEHIND.);
#6008=AXIS2_PLACEMENT_3D('placement',#7895,#6460,#6461);
#6009=AXIS2_PLACEMENT_3D('placement',#7896,#6462,#6463);
#6010=AXIS2_PLACEMENT_3D('',#7897,#6464,#6465);
#6011=AXIS2_PLACEMENT_3D('',#7900,#6466,#6467);
#6012=AXIS2_PLACEMENT_3D('',#7904,#6469,#6470);
#6013=AXIS2_PLACEMENT_3D('',#7906,#6472,#6473);
#6014=AXIS2_PLACEMENT_3D('',#7909,#6474,#6475);
#6015=AXIS2_PLACEMENT_3D('',#7910,#6476,#6477);
#6016=AXIS2_PLACEMENT_3D('',#7911,#6478,#6479);
#6017=AXIS2_PLACEMENT_3D('',#7912,#6480,#6481);
#6018=AXIS2_PLACEMENT_3D('',#7915,#6482,#6483);
#6019=AXIS2_PLACEMENT_3D('',#7918,#6486,#6487);
#6020=AXIS2_PLACEMENT_3D('',#7921,#6488,#6489);
#6021=AXIS2_PLACEMENT_3D('',#7922,#6490,#6491);
#6022=AXIS2_PLACEMENT_3D('',#7923,#6492,#6493);
#6023=AXIS2_PLACEMENT_3D('',#7924,#6494,#6495);
#6024=AXIS2_PLACEMENT_3D('',#7927,#6496,#6497);
#6025=AXIS2_PLACEMENT_3D('',#7930,#6500,#6501);
#6026=AXIS2_PLACEMENT_3D('',#7936,#6504,#6505);
#6027=AXIS2_PLACEMENT_3D('',#7940,#6508,#6509);
#6028=AXIS2_PLACEMENT_3D('',#7948,#6514,#6515);
#6029=AXIS2_PLACEMENT_3D('',#7951,#6516,#6517);
#6030=AXIS2_PLACEMENT_3D('',#7953,#6518,#6519);
#6031=AXIS2_PLACEMENT_3D('',#7955,#6520,#6521);
#6032=AXIS2_PLACEMENT_3D('',#7956,#6522,#6523);
#6033=AXIS2_PLACEMENT_3D('',#7957,#6524,#6525);
#6034=AXIS2_PLACEMENT_3D('',#7960,#6526,#6527);
#6035=AXIS2_PLACEMENT_3D('',#7962,#6528,#6529);
#6036=AXIS2_PLACEMENT_3D('',#7964,#6530,#6531);
#6037=AXIS2_PLACEMENT_3D('',#7965,#6532,#6533);
#6038=AXIS2_PLACEMENT_3D('',#7966,#6534,#6535);
#6039=AXIS2_PLACEMENT_3D('',#7969,#6536,#6537);
#6040=AXIS2_PLACEMENT_3D('',#7972,#6540,#6541);
#6041=AXIS2_PLACEMENT_3D('',#7975,#6542,#6543);
#6042=AXIS2_PLACEMENT_3D('',#7978,#6546,#6547);
#6043=AXIS2_PLACEMENT_3D('',#7981,#6548,#6549);
#6044=AXIS2_PLACEMENT_3D('',#7982,#6550,#6551);
#6045=AXIS2_PLACEMENT_3D('',#7983,#6552,#6553);
#6046=AXIS2_PLACEMENT_3D('',#7984,#6554,#6555);
#6047=AXIS2_PLACEMENT_3D('',#7987,#6556,#6557);
#6048=AXIS2_PLACEMENT_3D('',#7990,#6560,#6561);
#6049=AXIS2_PLACEMENT_3D('',#7993,#6562,#6563);
#6050=AXIS2_PLACEMENT_3D('',#7994,#6564,#6565);
#6051=AXIS2_PLACEMENT_3D('',#7995,#6566,#6567);
#6052=AXIS2_PLACEMENT_3D('',#7996,#6568,#6569);
#6053=AXIS2_PLACEMENT_3D('',#7999,#6572,#6573);
#6054=AXIS2_PLACEMENT_3D('',#8002,#6576,#6577);
#6055=AXIS2_PLACEMENT_3D('',#8005,#6578,#6579);
#6056=AXIS2_PLACEMENT_3D('',#8008,#6582,#6583);
#6057=AXIS2_PLACEMENT_3D('',#8016,#6588,#6589);
#6058=AXIS2_PLACEMENT_3D('',#8027,#6596,#6597);
#6059=AXIS2_PLACEMENT_3D('',#8028,#6598,#6599);
#6060=AXIS2_PLACEMENT_3D('',#8031,#6600,#6601);
#6061=AXIS2_PLACEMENT_3D('',#8033,#6602,#6603);
#6062=AXIS2_PLACEMENT_3D('',#8035,#6604,#6605);
#6063=AXIS2_PLACEMENT_3D('',#8036,#6606,#6607);
#6064=AXIS2_PLACEMENT_3D('',#8037,#6608,#6609);
#6065=AXIS2_PLACEMENT_3D('',#8040,#6610,#6611);
#6066=AXIS2_PLACEMENT_3D('',#8043,#6614,#6615);
#6067=AXIS2_PLACEMENT_3D('',#8046,#6616,#6617);
#6068=AXIS2_PLACEMENT_3D('',#8048,#6618,#6619);
#6069=AXIS2_PLACEMENT_3D('',#8050,#6620,#6621);
#6070=AXIS2_PLACEMENT_3D('',#8051,#6622,#6623);
#6071=AXIS2_PLACEMENT_3D('',#8052,#6624,#6625);
#6072=AXIS2_PLACEMENT_3D('',#8055,#6628,#6629);
#6073=AXIS2_PLACEMENT_3D('',#8058,#6630,#6631);
#6074=AXIS2_PLACEMENT_3D('',#8061,#6634,#6635);
#6075=AXIS2_PLACEMENT_3D('',#8064,#6636,#6637);
#6076=AXIS2_PLACEMENT_3D('',#8065,#6638,#6639);
#6077=AXIS2_PLACEMENT_3D('',#8066,#6640,#6641);
#6078=AXIS2_PLACEMENT_3D('',#8067,#6642,#6643);
#6079=AXIS2_PLACEMENT_3D('',#8070,#6644,#6645);
#6080=AXIS2_PLACEMENT_3D('',#8073,#6648,#6649);
#6081=AXIS2_PLACEMENT_3D('',#8076,#6650,#6651);
#6082=AXIS2_PLACEMENT_3D('',#8077,#6652,#6653);
#6083=AXIS2_PLACEMENT_3D('',#8078,#6654,#6655);
#6084=AXIS2_PLACEMENT_3D('',#8079,#6656,#6657);
#6085=AXIS2_PLACEMENT_3D('',#8082,#6660,#6661);
#6086=AXIS2_PLACEMENT_3D('',#8085,#6662,#6663);
#6087=AXIS2_PLACEMENT_3D('',#8088,#6666,#6667);
#6088=AXIS2_PLACEMENT_3D('',#8096,#6672,#6673);
#6089=AXIS2_PLACEMENT_3D('',#8105,#6679,#6680);
#6090=AXIS2_PLACEMENT_3D('',#8106,#6681,#6682);
#6091=AXIS2_PLACEMENT_3D('',#8108,#6683,#6684);
#6092=AXIS2_PLACEMENT_3D('',#8110,#6685,#6686);
#6093=AXIS2_PLACEMENT_3D('',#8112,#6688,#6689);
#6094=AXIS2_PLACEMENT_3D('',#8115,#6690,#6691);
#6095=AXIS2_PLACEMENT_3D('',#8116,#6692,#6693);
#6096=AXIS2_PLACEMENT_3D('',#8117,#6694,#6695);
#6097=AXIS2_PLACEMENT_3D('',#8118,#6696,#6697);
#6098=AXIS2_PLACEMENT_3D('',#8121,#6698,#6699);
#6099=AXIS2_PLACEMENT_3D('',#8124,#6702,#6703);
#6100=AXIS2_PLACEMENT_3D('',#8126,#6704,#6705);
#6101=AXIS2_PLACEMENT_3D('',#8127,#6706,#6707);
#6102=AXIS2_PLACEMENT_3D('',#8128,#6708,#6709);
#6103=AXIS2_PLACEMENT_3D('',#8129,#6710,#6711);
#6104=AXIS2_PLACEMENT_3D('',#8131,#6712,#6713);
#6105=AXIS2_PLACEMENT_3D('',#8133,#6715,#6716);
#6106=AXIS2_PLACEMENT_3D('',#8137,#6718,#6719);
#6107=AXIS2_PLACEMENT_3D('',#8141,#6721,#6722);
#6108=AXIS2_PLACEMENT_3D('',#8143,#6724,#6725);
#6109=AXIS2_PLACEMENT_3D('',#8147,#6728,#6729);
#6110=AXIS2_PLACEMENT_3D('',#8151,#6731,#6732);
#6111=AXIS2_PLACEMENT_3D('',#8154,#6734,#6735);
#6112=AXIS2_PLACEMENT_3D('',#8155,#6736,#6737);
#6113=AXIS2_PLACEMENT_3D('',#8162,#6741,#6742);
#6114=AXIS2_PLACEMENT_3D('',#8167,#6745,#6746);
#6115=AXIS2_PLACEMENT_3D('',#8175,#6751,#6752);
#6116=AXIS2_PLACEMENT_3D('',#8177,#6753,#6754);
#6117=AXIS2_PLACEMENT_3D('',#8181,#6756,#6757);
#6118=AXIS2_PLACEMENT_3D('',#8185,#6759,#6760);
#6119=AXIS2_PLACEMENT_3D('',#8189,#6762,#6763);
#6120=AXIS2_PLACEMENT_3D('',#8191,#6764,#6765);
#6121=AXIS2_PLACEMENT_3D('',#8195,#6767,#6768);
#6122=AXIS2_PLACEMENT_3D('',#8199,#6770,#6771);
#6123=AXIS2_PLACEMENT_3D('',#8201,#6773,#6774);
#6124=AXIS2_PLACEMENT_3D('',#8205,#6776,#6777);
#6125=AXIS2_PLACEMENT_3D('',#8207,#6779,#6780);
#6126=AXIS2_PLACEMENT_3D('',#8211,#6783,#6784);
#6127=AXIS2_PLACEMENT_3D('',#8214,#6786,#6787);
#6128=AXIS2_PLACEMENT_3D('',#8216,#6789,#6790);
#6129=AXIS2_PLACEMENT_3D('',#8218,#6792,#6793);
#6130=AXIS2_PLACEMENT_3D('',#8222,#6795,#6796);
#6131=AXIS2_PLACEMENT_3D('',#8224,#6798,#6799);
#6132=AXIS2_PLACEMENT_3D('',#8228,#6802,#6803);
#6133=AXIS2_PLACEMENT_3D('',#8231,#6805,#6806);
#6134=AXIS2_PLACEMENT_3D('',#8233,#6808,#6809);
#6135=AXIS2_PLACEMENT_3D('',#8235,#6811,#6812);
#6136=AXIS2_PLACEMENT_3D('',#8236,#6813,#6814);
#6137=AXIS2_PLACEMENT_3D('',#8237,#6815,#6816);
#6138=AXIS2_PLACEMENT_3D('',#8528,#6839,#6840);
#6139=AXIS2_PLACEMENT_3D('',#8530,#6842,#6843);
#6140=AXIS2_PLACEMENT_3D('',#8543,#6850,#6851);
#6141=AXIS2_PLACEMENT_3D('',#8549,#6855,#6856);
#6142=AXIS2_PLACEMENT_3D('',#8553,#6859,#6860);
#6143=AXIS2_PLACEMENT_3D('',#8557,#6863,#6864);
#6144=AXIS2_PLACEMENT_3D('',#8561,#6867,#6868);
#6145=AXIS2_PLACEMENT_3D('',#8565,#6871,#6872);
#6146=AXIS2_PLACEMENT_3D('',#8567,#6874,#6875);
#6147=AXIS2_PLACEMENT_3D('',#8568,#6876,#6877);
#6148=AXIS2_PLACEMENT_3D('',#8569,#6878,#6879);
#6149=AXIS2_PLACEMENT_3D('',#8570,#6880,#6881);
#6150=AXIS2_PLACEMENT_3D('',#8571,#6882,#6883);
#6151=AXIS2_PLACEMENT_3D('',#8572,#6884,#6885);
#6152=AXIS2_PLACEMENT_3D('',#8581,#6890,#6891);
#6153=AXIS2_PLACEMENT_3D('',#8587,#6895,#6896);
#6154=AXIS2_PLACEMENT_3D('',#8593,#6900,#6901);
#6155=AXIS2_PLACEMENT_3D('',#8597,#6904,#6905);
#6156=AXIS2_PLACEMENT_3D('',#8601,#6908,#6909);
#6157=AXIS2_PLACEMENT_3D('',#8605,#6912,#6913);
#6158=AXIS2_PLACEMENT_3D('',#8609,#6916,#6917);
#6159=AXIS2_PLACEMENT_3D('',#8613,#6920,#6921);
#6160=AXIS2_PLACEMENT_3D('',#8617,#6924,#6925);
#6161=AXIS2_PLACEMENT_3D('',#8619,#6927,#6928);
#6162=AXIS2_PLACEMENT_3D('',#8622,#6931,#6932);
#6163=AXIS2_PLACEMENT_3D('',#8623,#6933,#6934);
#6164=AXIS2_PLACEMENT_3D('',#8850,#6937,#6938);
#6165=AXIS2_PLACEMENT_3D('',#8851,#6939,#6940);
#6166=AXIS2_PLACEMENT_3D('',#8890,#6945,#6946);
#6167=AXIS2_PLACEMENT_3D('',#8896,#6950,#6951);
#6168=AXIS2_PLACEMENT_3D('',#8961,#6956,#6957);
#6169=AXIS2_PLACEMENT_3D('',#9049,#6963,#6964);
#6170=AXIS2_PLACEMENT_3D('',#9052,#6967,#6968);
#6171=AXIS2_PLACEMENT_3D('',#9054,#6970,#6971);
#6172=AXIS2_PLACEMENT_3D('',#9055,#6972,#6973);
#6173=AXIS2_PLACEMENT_3D('',#9056,#6974,#6975);
#6174=AXIS2_PLACEMENT_3D('',#9062,#6979,#6980);
#6175=AXIS2_PLACEMENT_3D('',#9066,#6983,#6984);
#6176=AXIS2_PLACEMENT_3D('',#9140,#6989,#6990);
#6177=AXIS2_PLACEMENT_3D('',#9185,#6994,#6995);
#6178=AXIS2_PLACEMENT_3D('',#9242,#6999,#7000);
#6179=AXIS2_PLACEMENT_3D('',#9244,#7002,#7003);
#6180=AXIS2_PLACEMENT_3D('',#9300,#7008,#7009);
#6181=AXIS2_PLACEMENT_3D('',#9360,#7013,#7014);
#6182=AXIS2_PLACEMENT_3D('',#9469,#7018,#7019);
#6183=AXIS2_PLACEMENT_3D('',#9470,#7020,#7021);
#6184=AXIS2_PLACEMENT_3D('',#9550,#7024,#7025);
#6185=AXIS2_PLACEMENT_3D('',#9640,#7029,#7030);
#6186=AXIS2_PLACEMENT_3D('',#9642,#7032,#7033);
#6187=AXIS2_PLACEMENT_3D('',#9722,#7036,#7037);
#6188=AXIS2_PLACEMENT_3D('',#9812,#7041,#7042);
#6189=AXIS2_PLACEMENT_3D('',#9814,#7044,#7045);
#6190=AXIS2_PLACEMENT_3D('',#9815,#7046,#7047);
#6191=AXIS2_PLACEMENT_3D('',#9817,#7049,#7050);
#6192=AXIS2_PLACEMENT_3D('',#9819,#7052,#7053);
#6193=AXIS2_PLACEMENT_3D('',#9820,#7054,#7055);
#6194=AXIS2_PLACEMENT_3D('',#9824,#7058,#7059);
#6195=AXIS2_PLACEMENT_3D('',#9827,#7061,#7062);
#6196=AXIS2_PLACEMENT_3D('',#9828,#7063,#7064);
#6197=AXIS2_PLACEMENT_3D('',#9830,#7066,#7067);
#6198=AXIS2_PLACEMENT_3D('',#9831,#7068,#7069);
#6199=AXIS2_PLACEMENT_3D('',#9835,#7071,#7072);
#6200=AXIS2_PLACEMENT_3D('',#9837,#7074,#7075);
#6201=AXIS2_PLACEMENT_3D('',#9839,#7076,#7077);
#6202=AXIS2_PLACEMENT_3D('',#9841,#7079,#7080);
#6203=AXIS2_PLACEMENT_3D('',#9845,#7083,#7084);
#6204=AXIS2_PLACEMENT_3D('',#9847,#7085,#7086);
#6205=AXIS2_PLACEMENT_3D('',#9849,#7088,#7089);
#6206=AXIS2_PLACEMENT_3D('',#9853,#7092,#7093);
#6207=AXIS2_PLACEMENT_3D('',#9855,#7094,#7095);
#6208=AXIS2_PLACEMENT_3D('',#9857,#7097,#7098);
#6209=AXIS2_PLACEMENT_3D('',#9861,#7101,#7102);
#6210=AXIS2_PLACEMENT_3D('',#9863,#7103,#7104);
#6211=AXIS2_PLACEMENT_3D('',#9865,#7106,#7107);
#6212=AXIS2_PLACEMENT_3D('',#9867,#7108,#7109);
#6213=AXIS2_PLACEMENT_3D('',#9869,#7111,#7112);
#6214=AXIS2_PLACEMENT_3D('',#9873,#7115,#7116);
#6215=AXIS2_PLACEMENT_3D('',#9875,#7117,#7118);
#6216=AXIS2_PLACEMENT_3D('',#9877,#7120,#7121);
#6217=AXIS2_PLACEMENT_3D('',#9881,#7124,#7125);
#6218=AXIS2_PLACEMENT_3D('',#9883,#7126,#7127);
#6219=AXIS2_PLACEMENT_3D('',#9885,#7129,#7130);
#6220=AXIS2_PLACEMENT_3D('',#9887,#7132,#7133);
#6221=AXIS2_PLACEMENT_3D('',#10161,#7199,#7200);
#6222=AXIS2_PLACEMENT_3D('',#10167,#7204,#7205);
#6223=AXIS2_PLACEMENT_3D('',#10171,#7208,#7209);
#6224=AXIS2_PLACEMENT_3D('',#10175,#7212,#7213);
#6225=AXIS2_PLACEMENT_3D('',#10199,#7217,#7218);
#6226=AXIS2_PLACEMENT_3D('',#10203,#7221,#7222);
#6227=AXIS2_PLACEMENT_3D('',#10207,#7225,#7226);
#6228=AXIS2_PLACEMENT_3D('',#10211,#7229,#7230);
#6229=AXIS2_PLACEMENT_3D('',#10215,#7233,#7234);
#6230=AXIS2_PLACEMENT_3D('',#10219,#7237,#7238);
#6231=AXIS2_PLACEMENT_3D('',#10241,#7241,#7242);
#6232=AXIS2_PLACEMENT_3D('',#10242,#7243,#7244);
#6233=AXIS2_PLACEMENT_3D('',#10248,#7248,#7249);
#6234=AXIS2_PLACEMENT_3D('',#10252,#7252,#7253);
#6235=AXIS2_PLACEMENT_3D('',#10256,#7256,#7257);
#6236=AXIS2_PLACEMENT_3D('',#10260,#7260,#7261);
#6237=AXIS2_PLACEMENT_3D('',#10264,#7264,#7265);
#6238=AXIS2_PLACEMENT_3D('',#10268,#7268,#7269);
#6239=AXIS2_PLACEMENT_3D('',#10272,#7272,#7273);
#6240=AXIS2_PLACEMENT_3D('',#10274,#7275,#7276);
#6241=AXIS2_PLACEMENT_3D('',#10303,#7279,#7280);
#6242=AXIS2_PLACEMENT_3D('',#10333,#7284,#7285);
#6243=AXIS2_PLACEMENT_3D('',#10363,#7289,#7290);
#6244=AXIS2_PLACEMENT_3D('',#10391,#7293,#7294);
#6245=AXIS2_PLACEMENT_3D('',#10583,#7297,#7298);
#6246=AXIS2_PLACEMENT_3D('',#10584,#7299,#7300);
#6247=AXIS2_PLACEMENT_3D('',#10585,#7301,#7302);
#6248=AXIS2_PLACEMENT_3D('',#10591,#7306,#7307);
#6249=AXIS2_PLACEMENT_3D('',#10701,#7313,#7314);
#6250=AXIS2_PLACEMENT_3D('',#10704,#7317,#7318);
#6251=AXIS2_PLACEMENT_3D('',#10706,#7320,#7321);
#6252=AXIS2_PLACEMENT_3D('',#10707,#7322,#7323);
#6253=AXIS2_PLACEMENT_3D('',#10708,#7324,#7325);
#6254=AXIS2_PLACEMENT_3D('',#10714,#7329,#7330);
#6255=AXIS2_PLACEMENT_3D('',#10718,#7333,#7334);
#6256=AXIS2_PLACEMENT_3D('',#10722,#7337,#7338);
#6257=AXIS2_PLACEMENT_3D('',#10761,#7342,#7343);
#6258=AXIS2_PLACEMENT_3D('',#10802,#7348,#7349);
#6259=AXIS2_PLACEMENT_3D('',#10806,#7352,#7353);
#6260=AXIS2_PLACEMENT_3D('',#10810,#7356,#7357);
#6261=AXIS2_PLACEMENT_3D('',#10814,#7360,#7361);
#6262=AXIS2_PLACEMENT_3D('',#10818,#7364,#7365);
#6263=AXIS2_PLACEMENT_3D('',#10820,#7367,#7368);
#6264=AXIS2_PLACEMENT_3D('',#10821,#7369,#7370);
#6265=AXIS2_PLACEMENT_3D('',#10827,#7374,#7375);
#6266=AXIS2_PLACEMENT_3D('',#10831,#7378,#7379);
#6267=AXIS2_PLACEMENT_3D('',#10835,#7382,#7383);
#6268=AXIS2_PLACEMENT_3D('',#10837,#7385,#7386);
#6269=AXIS2_PLACEMENT_3D('',#10838,#7387,#7388);
#6270=AXIS2_PLACEMENT_3D('',#10844,#7392,#7393);
#6271=AXIS2_PLACEMENT_3D('',#10848,#7396,#7397);
#6272=AXIS2_PLACEMENT_3D('',#10904,#7402,#7403);
#6273=AXIS2_PLACEMENT_3D('',#10908,#7406,#7407);
#6274=AXIS2_PLACEMENT_3D('',#10912,#7410,#7411);
#6275=AXIS2_PLACEMENT_3D('',#10916,#7414,#7415);
#6276=AXIS2_PLACEMENT_3D('',#10920,#7418,#7419);
#6277=AXIS2_PLACEMENT_3D('',#10924,#7422,#7423);
#6278=AXIS2_PLACEMENT_3D('',#10928,#7426,#7427);
#6279=AXIS2_PLACEMENT_3D('',#10932,#7430,#7431);
#6280=AXIS2_PLACEMENT_3D('',#10934,#7433,#7434);
#6281=AXIS2_PLACEMENT_3D('',#10935,#7435,#7436);
#6282=AXIS2_PLACEMENT_3D('',#10941,#7440,#7441);
#6283=AXIS2_PLACEMENT_3D('',#10945,#7444,#7445);
#6284=AXIS2_PLACEMENT_3D('',#10949,#7448,#7449);
#6285=AXIS2_PLACEMENT_3D('',#10951,#7451,#7452);
#6286=AXIS2_PLACEMENT_3D('',#10952,#7453,#7454);
#6287=AXIS2_PLACEMENT_3D('',#10958,#7458,#7459);
#6288=AXIS2_PLACEMENT_3D('',#10962,#7462,#7463);
#6289=AXIS2_PLACEMENT_3D('',#10966,#7466,#7467);
#6290=AXIS2_PLACEMENT_3D('',#10970,#7470,#7471);
#6291=AXIS2_PLACEMENT_3D('',#10974,#7474,#7475);
#6292=AXIS2_PLACEMENT_3D('',#10978,#7478,#7479);
#6293=AXIS2_PLACEMENT_3D('',#10982,#7482,#7483);
#6294=AXIS2_PLACEMENT_3D('',#10986,#7486,#7487);
#6295=AXIS2_PLACEMENT_3D('',#10990,#7490,#7491);
#6296=AXIS2_PLACEMENT_3D('',#10994,#7494,#7495);
#6297=AXIS2_PLACEMENT_3D('',#10998,#7498,#7499);
#6298=AXIS2_PLACEMENT_3D('',#11000,#7501,#7502);
#6299=AXIS2_PLACEMENT_3D('placement',#11001,#7503,#7504);
#6300=AXIS2_PLACEMENT_3D('',#11002,#7505,#7506);
#6301=AXIS2_PLACEMENT_3D('',#11004,#7507,#7508);
#6302=AXIS2_PLACEMENT_3D('',#11007,#7510,#7511);
#6303=AXIS2_PLACEMENT_3D('',#11008,#7512,#7513);
#6304=AXIS2_PLACEMENT_3D('',#11011,#7514,#7515);
#6305=AXIS2_PLACEMENT_3D('',#11013,#7517,#7518);
#6306=AXIS2_PLACEMENT_3D('',#11014,#7519,#7520);
#6307=AXIS2_PLACEMENT_3D('',#11015,#7521,#7522);
#6308=AXIS2_PLACEMENT_3D('',#11017,#7523,#7524);
#6309=AXIS2_PLACEMENT_3D('',#11018,#7525,#7526);
#6310=AXIS2_PLACEMENT_3D('',#11020,#7528,#7529);
#6311=AXIS2_PLACEMENT_3D('',#11022,#7530,#7531);
#6312=AXIS2_PLACEMENT_3D('',#11025,#7533,#7534);
#6313=AXIS2_PLACEMENT_3D('',#11026,#7535,#7536);
#6314=AXIS2_PLACEMENT_3D('',#11029,#7537,#7538);
#6315=AXIS2_PLACEMENT_3D('',#11031,#7540,#7541);
#6316=AXIS2_PLACEMENT_3D('',#11032,#7542,#7543);
#6317=AXIS2_PLACEMENT_3D('',#11033,#7544,#7545);
#6318=AXIS2_PLACEMENT_3D('',#11036,#7546,#7547);
#6319=AXIS2_PLACEMENT_3D('',#11037,#7548,#7549);
#6320=AXIS2_PLACEMENT_3D('',#11038,#7550,#7551);
#6321=AXIS2_PLACEMENT_3D('placement',#11040,#7553,#7554);
#6322=AXIS2_PLACEMENT_3D('',#11041,#7555,#7556);
#6323=AXIS2_PLACEMENT_3D('',#11047,#7559,#7560);
#6324=AXIS2_PLACEMENT_3D('',#11048,#7561,#7562);
#6325=AXIS2_PLACEMENT_3D('',#11065,#7566,#7567);
#6326=AXIS2_PLACEMENT_3D('',#11137,#7570,#7571);
#6327=AXIS2_PLACEMENT_3D('',#11138,#7572,#7573);
#6328=AXIS2_PLACEMENT_3D('',#11139,#7574,#7575);
#6329=AXIS2_PLACEMENT_3D('',#11140,#7576,#7577);
#6330=AXIS2_PLACEMENT_3D('',#11150,#7578,#7579);
#6331=AXIS2_PLACEMENT_3D('',#11153,#7580,#7581);
#6332=AXIS2_PLACEMENT_3D('',#11155,#7582,#7583);
#6333=AXIS2_PLACEMENT_3D('',#11157,#7584,#7585);
#6334=AXIS2_PLACEMENT_3D('',#11159,#7586,#7587);
#6335=AXIS2_PLACEMENT_3D('',#11160,#7588,#7589);
#6336=AXIS2_PLACEMENT_3D('',#11161,#7590,#7591);
#6337=AXIS2_PLACEMENT_3D('',#11162,#7592,#7593);
#6338=AXIS2_PLACEMENT_3D('',#11164,#7594,#7595);
#6339=AXIS2_PLACEMENT_3D('',#11166,#7596,#7597);
#6340=AXIS2_PLACEMENT_3D('',#11167,#7598,#7599);
#6341=AXIS2_PLACEMENT_3D('',#11168,#7600,#7601);
#6342=AXIS2_PLACEMENT_3D('',#11171,#7603,#7604);
#6343=AXIS2_PLACEMENT_3D('',#11172,#7605,#7606);
#6344=AXIS2_PLACEMENT_3D('',#11175,#7607,#7608);
#6345=AXIS2_PLACEMENT_3D('',#11176,#7609,#7610);
#6346=AXIS2_PLACEMENT_3D('',#11178,#7611,#7612);
#6347=AXIS2_PLACEMENT_3D('',#11180,#7613,#7614);
#6348=AXIS2_PLACEMENT_3D('',#11181,#7615,#7616);
#6349=AXIS2_PLACEMENT_3D('',#11182,#7617,#7618);
#6350=AXIS2_PLACEMENT_3D('',#11185,#7619,#7620);
#6351=AXIS2_PLACEMENT_3D('',#11186,#7621,#7622);
#6352=AXIS2_PLACEMENT_3D('',#11188,#7624,#7625);
#6353=AXIS2_PLACEMENT_3D('',#11190,#7626,#7627);
#6354=AXIS2_PLACEMENT_3D('',#11192,#7628,#7629);
#6355=AXIS2_PLACEMENT_3D('',#11193,#7630,#7631);
#6356=AXIS2_PLACEMENT_3D('',#11194,#7632,#7633);
#6357=AXIS2_PLACEMENT_3D('',#11198,#7635,#7636);
#6358=AXIS2_PLACEMENT_3D('',#11200,#7637,#7638);
#6359=AXIS2_PLACEMENT_3D('',#11201,#7639,#7640);
#6360=AXIS2_PLACEMENT_3D('',#11202,#7641,#7642);
#6361=AXIS2_PLACEMENT_3D('',#11203,#7643,#7644);
#6362=AXIS2_PLACEMENT_3D('',#11204,#7645,#7646);
#6363=AXIS2_PLACEMENT_3D('',#11205,#7647,#7648);
#6364=AXIS2_PLACEMENT_3D('',#11207,#7649,#7650);
#6365=AXIS2_PLACEMENT_3D('',#11208,#7651,#7652);
#6366=AXIS2_PLACEMENT_3D('',#11210,#7654,#7655);
#6367=AXIS2_PLACEMENT_3D('',#11213,#7656,#7657);
#6368=AXIS2_PLACEMENT_3D('',#11214,#7658,#7659);
#6369=AXIS2_PLACEMENT_3D('',#11216,#7660,#7661);
#6370=AXIS2_PLACEMENT_3D('',#11218,#7662,#7663);
#6371=AXIS2_PLACEMENT_3D('',#11220,#7664,#7665);
#6372=AXIS2_PLACEMENT_3D('',#11221,#7666,#7667);
#6373=AXIS2_PLACEMENT_3D('',#11222,#7668,#7669);
#6374=AXIS2_PLACEMENT_3D('',#11224,#7670,#7671);
#6375=AXIS2_PLACEMENT_3D('',#11226,#7672,#7673);
#6376=AXIS2_PLACEMENT_3D('',#11227,#7674,#7675);
#6377=AXIS2_PLACEMENT_3D('',#11228,#7676,#7677);
#6378=AXIS2_PLACEMENT_3D('',#11231,#7679,#7680);
#6379=AXIS2_PLACEMENT_3D('',#11232,#7681,#7682);
#6380=AXIS2_PLACEMENT_3D('',#11235,#7683,#7684);
#6381=AXIS2_PLACEMENT_3D('',#11236,#7685,#7686);
#6382=AXIS2_PLACEMENT_3D('',#11238,#7687,#7688);
#6383=AXIS2_PLACEMENT_3D('',#11240,#7689,#7690);
#6384=AXIS2_PLACEMENT_3D('',#11241,#7691,#7692);
#6385=AXIS2_PLACEMENT_3D('',#11242,#7693,#7694);
#6386=AXIS2_PLACEMENT_3D('',#11245,#7695,#7696);
#6387=AXIS2_PLACEMENT_3D('',#11246,#7697,#7698);
#6388=AXIS2_PLACEMENT_3D('',#11248,#7700,#7701);
#6389=AXIS2_PLACEMENT_3D('',#11251,#7702,#7703);
#6390=AXIS2_PLACEMENT_3D('',#11252,#7704,#7705);
#6391=AXIS2_PLACEMENT_3D('',#11253,#7706,#7707);
#6392=AXIS2_PLACEMENT_3D('',#11254,#7708,#7709);
#6393=AXIS2_PLACEMENT_3D('',#11258,#7711,#7712);
#6394=AXIS2_PLACEMENT_3D('',#11259,#7713,#7714);
#6395=AXIS2_PLACEMENT_3D('',#11260,#7715,#7716);
#6396=AXIS2_PLACEMENT_3D('',#11261,#7717,#7718);
#6397=AXIS2_PLACEMENT_3D('',#11262,#7719,#7720);
#6398=AXIS2_PLACEMENT_3D('',#11263,#7721,#7722);
#6399=AXIS2_PLACEMENT_3D('',#11266,#7724,#7725);
#6400=AXIS2_PLACEMENT_3D('',#11267,#7726,#7727);
#6401=AXIS2_PLACEMENT_3D('',#11290,#7728,#7729);
#6402=AXIS2_PLACEMENT_3D('',#11359,#7730,#7731);
#6403=AXIS2_PLACEMENT_3D('',#11360,#7732,#7733);
#6404=AXIS2_PLACEMENT_3D('',#11364,#7736,#7737);
#6405=AXIS2_PLACEMENT_3D('',#11370,#7741,#7742);
#6406=AXIS2_PLACEMENT_3D('',#11374,#7745,#7746);
#6407=AXIS2_PLACEMENT_3D('',#11375,#7747,#7748);
#6408=AXIS2_PLACEMENT_3D('',#11376,#7749,#7750);
#6409=AXIS2_PLACEMENT_3D('',#11377,#7751,#7752);
#6410=AXIS2_PLACEMENT_3D('',#11383,#7755,#7756);
#6411=AXIS2_PLACEMENT_3D('',#11384,#7757,#7758);
#6412=AXIS2_PLACEMENT_3D('',#11401,#7762,#7763);
#6413=AXIS2_PLACEMENT_3D('',#11473,#7766,#7767);
#6414=AXIS2_PLACEMENT_3D('',#11474,#7768,#7769);
#6415=AXIS2_PLACEMENT_3D('',#11475,#7770,#7771);
#6416=AXIS2_PLACEMENT_3D('',#11476,#7772,#7773);
#6417=AXIS2_PLACEMENT_3D('',#11486,#7774,#7775);
#6418=AXIS2_PLACEMENT_3D('',#11489,#7776,#7777);
#6419=AXIS2_PLACEMENT_3D('',#11493,#7780,#7781);
#6420=AXIS2_PLACEMENT_3D('',#11497,#7783,#7784);
#6421=AXIS2_PLACEMENT_3D('',#11499,#7786,#7787);
#6422=AXIS2_PLACEMENT_3D('',#11514,#7790,#7791);
#6423=AXIS2_PLACEMENT_3D('',#11584,#7793,#7794);
#6424=AXIS2_PLACEMENT_3D('',#11585,#7795,#7796);
#6425=AXIS2_PLACEMENT_3D('',#11595,#7797,#7798);
#6426=AXIS2_PLACEMENT_3D('',#11600,#7800,#7801);
#6427=AXIS2_PLACEMENT_3D('',#11602,#7803,#7804);
#6428=AXIS2_PLACEMENT_3D('',#11676,#7808,#7809);
#6429=AXIS2_PLACEMENT_3D('',#11691,#7812,#7813);
#6430=AXIS2_PLACEMENT_3D('',#11692,#7814,#7815);
#6431=AXIS2_PLACEMENT_3D('',#11693,#7816,#7817);
#6432=AXIS2_PLACEMENT_3D('',#11694,#7818,#7819);
#6433=AXIS2_PLACEMENT_3D('',#11704,#7820,#7821);
#6434=AXIS2_PLACEMENT_3D('',#11707,#7822,#7823);
#6435=AXIS2_PLACEMENT_3D('',#11711,#7826,#7827);
#6436=AXIS2_PLACEMENT_3D('',#11715,#7829,#7830);
#6437=AXIS2_PLACEMENT_3D('',#11717,#7832,#7833);
#6438=AXIS2_PLACEMENT_3D('',#11732,#7836,#7837);
#6439=AXIS2_PLACEMENT_3D('',#11802,#7839,#7840);
#6440=AXIS2_PLACEMENT_3D('',#11803,#7841,#7842);
#6441=AXIS2_PLACEMENT_3D('',#11813,#7843,#7844);
#6442=AXIS2_PLACEMENT_3D('',#11818,#7846,#7847);
#6443=AXIS2_PLACEMENT_3D('',#11820,#7849,#7850);
#6444=AXIS2_PLACEMENT_3D('',#11894,#7854,#7855);
#6445=AXIS2_PLACEMENT_3D('',#11909,#7858,#7859);
#6446=AXIS2_PLACEMENT_3D('',#11910,#7860,#7861);
#6447=AXIS2_PLACEMENT_3D('',#11911,#7862,#7863);
#6448=AXIS2_PLACEMENT_3D('',#11912,#7864,#7865);
#6449=AXIS2_PLACEMENT_3D('',#11922,#7866,#7867);
#6450=AXIS2_PLACEMENT_3D('',#11925,#7868,#7869);
#6451=AXIS2_PLACEMENT_3D('',#11929,#7872,#7873);
#6452=AXIS2_PLACEMENT_3D('',#11933,#7875,#7876);
#6453=AXIS2_PLACEMENT_3D('',#11935,#7878,#7879);
#6454=AXIS2_PLACEMENT_3D('',#12007,#7882,#7883);
#6455=AXIS2_PLACEMENT_3D('',#12020,#7885,#7886);
#6456=AXIS2_PLACEMENT_3D('',#12021,#7887,#7888);
#6457=AXIS2_PLACEMENT_3D('',#12031,#7889,#7890);
#6458=AXIS2_PLACEMENT_3D('',#12032,#7891,#7892);
#6459=AXIS2_PLACEMENT_3D('',#12033,#7893,#7894);
#6460=DIRECTION('axis',(0.,0.,1.));
#6461=DIRECTION('refdir',(1.,0.,0.));
#6462=DIRECTION('axis',(0.,0.,1.));
#6463=DIRECTION('refdir',(1.,0.,0.));
#6464=DIRECTION('center_axis',(0.,0.,1.));
#6465=DIRECTION('ref_axis',(-0.707106781186548,-0.707106781186548,0.));
#6466=DIRECTION('center_axis',(0.,0.,1.));
#6467=DIRECTION('ref_axis',(-0.707106781186548,-0.707106781186548,0.));
#6468=DIRECTION('',(0.,0.,1.));
#6469=DIRECTION('center_axis',(0.,0.,-1.));
#6470=DIRECTION('ref_axis',(0.,-1.,0.));
#6471=DIRECTION('',(0.,0.,-1.));
#6472=DIRECTION('center_axis',(1.22464679914735E-16,-1.,0.));
#6473=DIRECTION('ref_axis',(0.,0.,-1.));
#6474=DIRECTION('center_axis',(-1.,0.,0.));
#6475=DIRECTION('ref_axis',(0.,-1.,0.));
#6476=DIRECTION('center_axis',(1.22464679914735E-16,-1.,0.));
#6477=DIRECTION('ref_axis',(-0.707106781186548,-6.93889390390723E-17,0.707106781186548));
#6478=DIRECTION('center_axis',(-1.22464679914735E-16,1.,0.));
#6479=DIRECTION('ref_axis',(-0.707106781186547,-8.65956056235493E-17,0.707106781186547));
#6480=DIRECTION('center_axis',(1.,1.22464679914735E-16,0.));
#6481=DIRECTION('ref_axis',(0.,-0.707106781186548,0.707106781186548));
#6482=DIRECTION('center_axis',(-1.,0.,-5.55111512312578E-15));
#6483=DIRECTION('ref_axis',(0.,-1.,0.));
#6484=DIRECTION('',(-1.,-1.22464679914735E-16,0.));
#6485=DIRECTION('',(1.,1.22464679914735E-16,0.));
#6486=DIRECTION('center_axis',(1.22464679914735E-16,-1.,0.));
#6487=DIRECTION('ref_axis',(0.,0.,-1.));
#6488=DIRECTION('center_axis',(0.,0.,1.));
#6489=DIRECTION('ref_axis',(0.,-1.,0.));
#6490=DIRECTION('center_axis',(1.22464679914735E-16,-1.,0.));
#6491=DIRECTION('ref_axis',(0.707106781186548,6.93889390390723E-17,0.707106781186548));
#6492=DIRECTION('center_axis',(-1.22464679914735E-16,1.,0.));
#6493=DIRECTION('ref_axis',(0.707106781186547,8.65956056235493E-17,0.707106781186547));
#6494=DIRECTION('center_axis',(0.,0.,-1.));
#6495=DIRECTION('ref_axis',(0.707106781186548,-0.707106781186548,0.));
#6496=DIRECTION('center_axis',(0.,0.,1.));
#6497=DIRECTION('ref_axis',(0.707106781186548,-0.707106781186548,0.));
#6498=DIRECTION('',(0.,0.,1.));
#6499=DIRECTION('',(0.,0.,-1.));
#6500=DIRECTION('center_axis',(0.,0.,1.));
#6501=DIRECTION('ref_axis',(-1.,-1.22464679914735E-16,0.));
#6502=DIRECTION('',(1.,1.22464679914735E-16,0.));
#6503=DIRECTION('',(-0.428046884879016,-0.903756529351446,0.));
#6504=DIRECTION('center_axis',(0.,0.,1.));
#6505=DIRECTION('ref_axis',(-1.,-1.22464679914735E-16,0.));
#6506=DIRECTION('',(-1.,-1.22464679914735E-16,0.));
#6507=DIRECTION('',(-1.22464679914735E-16,1.,0.));
#6508=DIRECTION('center_axis',(-1.22464679914735E-16,1.,0.));
#6509=DIRECTION('ref_axis',(0.,0.,-1.));
#6510=DIRECTION('',(-1.,-4.04453249729612E-21,0.));
#6511=DIRECTION('',(0.,0.,1.));
#6512=DIRECTION('',(-1.,-1.22464679914735E-16,0.));
#6513=DIRECTION('',(0.,0.,1.));
#6514=DIRECTION('center_axis',(-1.,0.,0.));
#6515=DIRECTION('ref_axis',(0.,0.,1.));
#6516=DIRECTION('center_axis',(-1.,-1.22464679914735E-16,0.));
#6517=DIRECTION('ref_axis',(0.,-0.707106781186547,0.707106781186547));
#6518=DIRECTION('center_axis',(0.,-1.,0.));
#6519=DIRECTION('ref_axis',(0.,0.,-1.));
#6520=DIRECTION('center_axis',(1.,0.,0.));
#6521=DIRECTION('ref_axis',(0.,-1.,0.));
#6522=DIRECTION('center_axis',(0.,0.,1.));
#6523=DIRECTION('ref_axis',(1.,0.,0.));
#6524=DIRECTION('center_axis',(-1.,0.,0.));
#6525=DIRECTION('ref_axis',(0.,0.,1.));
#6526=DIRECTION('center_axis',(-1.,-1.22464679914735E-16,0.));
#6527=DIRECTION('ref_axis',(0.,0.707106781186547,0.707106781186548));
#6528=DIRECTION('center_axis',(0.,0.,1.));
#6529=DIRECTION('ref_axis',(0.,-1.,0.));
#6530=DIRECTION('center_axis',(1.,0.,0.));
#6531=DIRECTION('ref_axis',(0.,0.,1.));
#6532=DIRECTION('center_axis',(0.,1.,0.));
#6533=DIRECTION('ref_axis',(1.,0.,0.));
#6534=DIRECTION('center_axis',(0.,0.,-1.));
#6535=DIRECTION('ref_axis',(0.707106781186548,-0.707106781186548,0.));
#6536=DIRECTION('center_axis',(0.,0.,-1.));
#6537=DIRECTION('ref_axis',(0.707106781186548,-0.707106781186548,0.));
#6538=DIRECTION('',(0.,0.,1.));
#6539=DIRECTION('',(0.,0.,-1.));
#6540=DIRECTION('center_axis',(-1.,-1.22464679914735E-16,0.));
#6541=DIRECTION('ref_axis',(0.,0.707106781186548,0.707106781186548));
#6542=DIRECTION('center_axis',(1.,0.,0.));
#6543=DIRECTION('ref_axis',(0.,1.,0.));
#6544=DIRECTION('',(1.,1.22464679914735E-16,0.));
#6545=DIRECTION('',(-1.,-1.22464679914735E-16,0.));
#6546=DIRECTION('center_axis',(0.,0.,-1.));
#6547=DIRECTION('ref_axis',(-1.,0.,0.));
#6548=DIRECTION('center_axis',(0.,1.,0.));
#6549=DIRECTION('ref_axis',(-1.,0.,0.));
#6550=DIRECTION('center_axis',(0.,0.,-1.));
#6551=DIRECTION('ref_axis',(-0.707106781186547,0.707106781186547,0.));
#6552=DIRECTION('center_axis',(0.,0.,1.));
#6553=DIRECTION('ref_axis',(-0.707106781186548,0.707106781186548,0.));
#6554=DIRECTION('center_axis',(1.22464679914735E-16,-1.,0.));
#6555=DIRECTION('ref_axis',(-0.707106781186555,0.,0.70710678118654));
#6556=DIRECTION('center_axis',(0.,1.,0.));
#6557=DIRECTION('ref_axis',(-1.,0.,0.));
#6558=DIRECTION('',(-1.22464679914735E-16,1.,0.));
#6559=DIRECTION('',(1.22464679914735E-16,-1.,0.));
#6560=DIRECTION('center_axis',(0.,0.,-1.));
#6561=DIRECTION('ref_axis',(-1.,0.,0.));
#6562=DIRECTION('center_axis',(-1.,0.,0.));
#6563=DIRECTION('ref_axis',(0.,-1.,0.));
#6564=DIRECTION('center_axis',(0.,0.,-1.));
#6565=DIRECTION('ref_axis',(-0.707106781186547,-0.707106781186547,0.));
#6566=DIRECTION('center_axis',(0.,0.,1.));
#6567=DIRECTION('ref_axis',(-0.707106781186548,-0.707106781186548,0.));
#6568=DIRECTION('center_axis',(1.,4.50216675943421E-17,0.));
#6569=DIRECTION('ref_axis',(0.,-0.707106781186547,0.707106781186548));
#6570=DIRECTION('',(-1.,-4.50216675943421E-17,0.));
#6571=DIRECTION('',(1.,4.50216675943421E-17,0.));
#6572=DIRECTION('center_axis',(1.22464679914735E-16,-1.,0.));
#6573=DIRECTION('ref_axis',(0.707106781186548,0.,-0.707106781186548));
#6574=DIRECTION('',(-1.22464679914735E-16,1.,0.));
#6575=DIRECTION('',(1.22464679914735E-16,-1.,0.));
#6576=DIRECTION('center_axis',(0.,0.,1.));
#6577=DIRECTION('ref_axis',(0.707106781186548,0.707106781186548,0.));
#6578=DIRECTION('center_axis',(0.,0.,-1.));
#6579=DIRECTION('ref_axis',(0.707106781186548,0.707106781186548,0.));
#6580=DIRECTION('',(0.,0.,1.));
#6581=DIRECTION('',(0.,0.,-1.));
#6582=DIRECTION('center_axis',(1.22464679914735E-16,-1.,0.));
#6583=DIRECTION('ref_axis',(0.,0.,1.));
#6584=DIRECTION('',(1.,1.22464679914735E-16,0.));
#6585=DIRECTION('',(0.,0.,-1.));
#6586=DIRECTION('',(-1.,-1.22464679914735E-16,0.));
#6587=DIRECTION('',(0.,0.,-1.));
#6588=DIRECTION('center_axis',(1.,1.22464679914735E-16,0.));
#6589=DIRECTION('ref_axis',(0.,0.,1.));
#6590=DIRECTION('',(1.22464679914735E-16,-1.,0.));
#6591=DIRECTION('',(0.,0.,1.));
#6592=DIRECTION('',(1.22464679914735E-16,-1.,0.));
#6593=DIRECTION('',(1.22464679914735E-16,-1.,0.));
#6594=DIRECTION('',(0.,0.,1.));
#6595=DIRECTION('',(-4.04453249729612E-21,1.,0.));
#6596=DIRECTION('center_axis',(0.,0.,1.));
#6597=DIRECTION('ref_axis',(-1.,-1.22464679914735E-16,0.));
#6598=DIRECTION('center_axis',(1.,0.,0.));
#6599=DIRECTION('ref_axis',(0.,0.,-1.));
#6600=DIRECTION('center_axis',(1.,1.22464679914735E-16,0.));
#6601=DIRECTION('ref_axis',(0.,-0.707106781186547,0.707106781186547));
#6602=DIRECTION('center_axis',(0.,0.,1.));
#6603=DIRECTION('ref_axis',(0.,1.,0.));
#6604=DIRECTION('center_axis',(-1.,-1.11022302462515E-14,0.));
#6605=DIRECTION('ref_axis',(0.,0.,1.));
#6606=DIRECTION('center_axis',(0.,-1.,0.));
#6607=DIRECTION('ref_axis',(-1.,0.,0.));
#6608=DIRECTION('center_axis',(0.,0.,1.));
#6609=DIRECTION('ref_axis',(-0.707106781186548,0.707106781186548,0.));
#6610=DIRECTION('center_axis',(0.,0.,-1.));
#6611=DIRECTION('ref_axis',(-0.707106781186548,0.707106781186548,0.));
#6612=DIRECTION('',(0.,0.,1.));
#6613=DIRECTION('',(0.,0.,-1.));
#6614=DIRECTION('center_axis',(1.,0.,0.));
#6615=DIRECTION('ref_axis',(0.,0.,-1.));
#6616=DIRECTION('center_axis',(1.,1.22464679914735E-16,0.));
#6617=DIRECTION('ref_axis',(0.,0.707106781186547,0.707106781186547));
#6618=DIRECTION('center_axis',(0.,1.,0.));
#6619=DIRECTION('ref_axis',(0.,0.,-1.));
#6620=DIRECTION('center_axis',(-1.,0.,-1.11022302462516E-14));
#6621=DIRECTION('ref_axis',(0.,1.,0.));
#6622=DIRECTION('center_axis',(0.,0.,1.));
#6623=DIRECTION('ref_axis',(-1.,0.,0.));
#6624=DIRECTION('center_axis',(1.22464679914735E-16,-1.,0.));
#6625=DIRECTION('ref_axis',(-0.707106781186548,0.,-0.707106781186548));
#6626=DIRECTION('',(-1.22464679914735E-16,1.,0.));
#6627=DIRECTION('',(1.22464679914735E-16,-1.,0.));
#6628=DIRECTION('center_axis',(1.,4.04453249732373E-21,0.));
#6629=DIRECTION('ref_axis',(0.,0.707106781186548,0.707106781186548));
#6630=DIRECTION('center_axis',(-1.,0.,0.));
#6631=DIRECTION('ref_axis',(0.,0.,1.));
#6632=DIRECTION('',(-1.,-4.04453249732373E-21,0.));
#6633=DIRECTION('',(1.,4.04453249732373E-21,0.));
#6634=DIRECTION('center_axis',(0.,0.,-1.));
#6635=DIRECTION('ref_axis',(-1.,0.,0.));
#6636=DIRECTION('center_axis',(0.,1.,0.));
#6637=DIRECTION('ref_axis',(0.,0.,1.));
#6638=DIRECTION('center_axis',(0.,0.,1.));
#6639=DIRECTION('ref_axis',(0.707106781186548,0.707106781186548,0.));
#6640=DIRECTION('center_axis',(0.,0.,-1.));
#6641=DIRECTION('ref_axis',(0.707106781186547,0.707106781186547,0.));
#6642=DIRECTION('center_axis',(4.04453249732373E-21,-1.,0.));
#6643=DIRECTION('ref_axis',(0.707106781186548,0.,0.707106781186548));
#6644=DIRECTION('center_axis',(0.,1.,0.));
#6645=DIRECTION('ref_axis',(0.,0.,1.));
#6646=DIRECTION('',(-4.04453249732373E-21,1.,0.));
#6647=DIRECTION('',(4.04453249732373E-21,-1.,0.));
#6648=DIRECTION('center_axis',(0.,0.,-1.));
#6649=DIRECTION('ref_axis',(-1.,0.,0.));
#6650=DIRECTION('center_axis',(1.,0.,0.));
#6651=DIRECTION('ref_axis',(0.,0.,1.));
#6652=DIRECTION('center_axis',(0.,0.,1.));
#6653=DIRECTION('ref_axis',(0.707106781186548,-0.707106781186548,0.));
#6654=DIRECTION('center_axis',(0.,0.,-1.));
#6655=DIRECTION('ref_axis',(0.707106781186547,-0.707106781186547,0.));
#6656=DIRECTION('center_axis',(-1.,-7.74470568528907E-17,0.));
#6657=DIRECTION('ref_axis',(0.,-0.707106781186548,0.707106781186547));
#6658=DIRECTION('',(1.,7.74470568528907E-17,0.));
#6659=DIRECTION('',(-1.,-7.74470568528907E-17,0.));
#6660=DIRECTION('center_axis',(0.,0.,-1.));
#6661=DIRECTION('ref_axis',(-0.707106781186548,-0.707106781186548,0.));
#6662=DIRECTION('center_axis',(0.,0.,-1.));
#6663=DIRECTION('ref_axis',(-0.707106781186548,-0.707106781186548,0.));
#6664=DIRECTION('',(0.,0.,1.));
#6665=DIRECTION('',(0.,0.,-1.));
#6666=DIRECTION('center_axis',(7.74470568528907E-17,-1.,0.));
#6667=DIRECTION('ref_axis',(1.,7.74470568528907E-17,0.));
#6668=DIRECTION('',(1.,7.74470568528907E-17,0.));
#6669=DIRECTION('',(0.,0.,-1.));
#6670=DIRECTION('',(-1.,-7.74470568528907E-17,0.));
#6671=DIRECTION('',(0.,0.,-1.));
#6672=DIRECTION('center_axis',(-1.,-1.22464679914735E-16,0.));
#6673=DIRECTION('ref_axis',(0.,0.,-1.));
#6674=DIRECTION('',(0.,0.,1.));
#6675=DIRECTION('',(1.22464679914735E-16,-1.,0.));
#6676=DIRECTION('',(1.22464679914735E-16,-1.,0.));
#6677=DIRECTION('',(0.,0.,-1.));
#6678=DIRECTION('',(1.22464679914735E-16,-1.,0.));
#6679=DIRECTION('center_axis',(0.,0.,-1.));
#6680=DIRECTION('ref_axis',(1.,1.22464679914735E-16,0.));
#6681=DIRECTION('center_axis',(0.,0.,1.));
#6682=DIRECTION('ref_axis',(-0.707106781186548,0.707106781186548,0.));
#6683=DIRECTION('center_axis',(0.,0.,1.));
#6684=DIRECTION('ref_axis',(-0.707106781186548,0.707106781186548,0.));
#6685=DIRECTION('center_axis',(0.,0.,-1.));
#6686=DIRECTION('ref_axis',(-1.,0.,0.));
#6687=DIRECTION('',(0.,0.,-1.));
#6688=DIRECTION('center_axis',(-1.22464679914735E-16,1.,0.));
#6689=DIRECTION('ref_axis',(0.,0.,1.));
#6690=DIRECTION('center_axis',(-1.,0.,0.));
#6691=DIRECTION('ref_axis',(0.,0.,1.));
#6692=DIRECTION('center_axis',(1.22464679914735E-16,-1.,0.));
#6693=DIRECTION('ref_axis',(-0.707106781186547,-8.65956056235493E-17,0.707106781186547));
#6694=DIRECTION('center_axis',(-1.22464679914735E-16,1.,0.));
#6695=DIRECTION('ref_axis',(-0.707106781186548,-6.93889390390723E-17,0.707106781186548));
#6696=DIRECTION('center_axis',(1.,1.22464679914735E-16,0.));
#6697=DIRECTION('ref_axis',(0.,0.707106781186548,0.707106781186548));
#6698=DIRECTION('center_axis',(-1.,0.,-5.55111512312578E-15));
#6699=DIRECTION('ref_axis',(-5.55111512312578E-15,5.55111512312578E-15,
1.));
#6700=DIRECTION('',(-1.,-1.22464679914735E-16,0.));
#6701=DIRECTION('',(1.,1.22464679914735E-16,0.));
#6702=DIRECTION('center_axis',(-1.22464679914735E-16,1.,0.));
#6703=DIRECTION('ref_axis',(0.,0.,1.));
#6704=DIRECTION('center_axis',(0.,0.,1.));
#6705=DIRECTION('ref_axis',(1.,0.,0.));
#6706=DIRECTION('center_axis',(1.22464679914735E-16,-1.,0.));
#6707=DIRECTION('ref_axis',(0.707106781186547,8.65956056235493E-17,0.707106781186547));
#6708=DIRECTION('center_axis',(-1.22464679914735E-16,1.,0.));
#6709=DIRECTION('ref_axis',(0.707106781186548,6.93889390390723E-17,0.707106781186548));
#6710=DIRECTION('center_axis',(0.,0.,-1.));
#6711=DIRECTION('ref_axis',(0.707106781186548,0.707106781186548,0.));
#6712=DIRECTION('center_axis',(0.,0.,1.));
#6713=DIRECTION('ref_axis',(0.707106781186548,0.707106781186548,0.));
#6714=DIRECTION('',(0.,0.,1.));
#6715=DIRECTION('center_axis',(1.22464679914735E-16,-1.,0.));
#6716=DIRECTION('ref_axis',(0.,0.,1.));
#6717=DIRECTION('',(1.22464679914735E-16,-1.,0.));
#6718=DIRECTION('center_axis',(5.32602859262988E-17,-1.,0.));
#6719=DIRECTION('ref_axis',(1.,5.32602859262988E-17,0.));
#6720=DIRECTION('',(1.22464679914735E-16,-1.,0.));
#6721=DIRECTION('center_axis',(-3.019215459682E-17,1.,0.));
#6722=DIRECTION('ref_axis',(-1.,-3.019215459682E-17,0.));
#6723=DIRECTION('',(1.22464679914735E-16,-1.,0.));
#6724=DIRECTION('center_axis',(0.,0.,-1.));
#6725=DIRECTION('ref_axis',(1.,1.22464679914735E-16,0.));
#6726=DIRECTION('',(1.22464679914735E-16,-1.,0.));
#6727=DIRECTION('',(1.,5.32602859262988E-17,0.));
#6728=DIRECTION('center_axis',(1.22464679914735E-16,-1.,0.));
#6729=DIRECTION('ref_axis',(0.,0.,1.));
#6730=DIRECTION('',(1.22464679914735E-16,-1.,0.));
#6731=DIRECTION('center_axis',(-3.019215459682E-17,1.,0.));
#6732=DIRECTION('ref_axis',(-1.,-3.019215459682E-17,0.));
#6733=DIRECTION('',(1.22464679914735E-16,-1.,0.));
#6734=DIRECTION('center_axis',(5.32602859262988E-17,-1.,0.));
#6735=DIRECTION('ref_axis',(1.,5.32602859262988E-17,0.));
#6736=DIRECTION('center_axis',(0.,0.,1.));
#6737=DIRECTION('ref_axis',(-1.,-1.22464679914735E-16,0.));
#6738=DIRECTION('',(-1.,-4.04453249729612E-21,0.));
#6739=DIRECTION('',(4.04453249729612E-21,-1.,0.));
#6740=DIRECTION('',(-1.,-1.22464679914735E-16,0.));
#6741=DIRECTION('center_axis',(0.,0.,1.));
#6742=DIRECTION('ref_axis',(-1.,-1.22464679914735E-16,0.));
#6743=DIRECTION('',(-0.428046884879016,-0.903756529351446,0.));
#6744=DIRECTION('',(0.428046884879016,-0.903756529351446,0.));
#6745=DIRECTION('center_axis',(0.,0.,-1.));
#6746=DIRECTION('ref_axis',(-1.,-1.22464679914735E-16,0.));
#6747=DIRECTION('',(1.,4.04453249729612E-21,0.));
#6748=DIRECTION('',(-1.,-4.50216675943421E-17,0.));
#6749=DIRECTION('',(1.22464679914735E-16,-1.,0.));
#6750=DIRECTION('',(-1.,-1.22464679914735E-16,0.));
#6751=DIRECTION('center_axis',(0.,0.,-1.));
#6752=DIRECTION('ref_axis',(-1.,-1.22464679914735E-16,0.));
#6753=DIRECTION('center_axis',(0.,0.,1.));
#6754=DIRECTION('ref_axis',(-1.,-1.22464679914735E-16,0.));
#6755=DIRECTION('',(-1.22464679914735E-16,1.,0.));
#6756=DIRECTION('center_axis',(0.,0.,1.));
#6757=DIRECTION('ref_axis',(-1.,-1.22464679914735E-16,0.));
#6758=DIRECTION('',(-1.,-7.6011596823377E-17,0.));
#6759=DIRECTION('center_axis',(0.,0.,1.));
#6760=DIRECTION('ref_axis',(1.,1.22464679914735E-16,0.));
#6761=DIRECTION('',(1.22464679914735E-16,-1.,0.));
#6762=DIRECTION('center_axis',(0.,0.,1.));
#6763=DIRECTION('ref_axis',(1.,1.22464679914735E-16,0.));
#6764=DIRECTION('center_axis',(0.,0.,-1.));
#6765=DIRECTION('ref_axis',(-1.,-1.22464679914735E-16,0.));
#6766=DIRECTION('',(0.428046884879015,-0.903756529351446,0.));
#6767=DIRECTION('center_axis',(0.,0.,1.));
#6768=DIRECTION('ref_axis',(-1.,-1.22464679914735E-16,0.));
#6769=DIRECTION('',(1.,-3.6042521335267E-19,0.));
#6770=DIRECTION('center_axis',(0.,0.,1.));
#6771=DIRECTION('ref_axis',(-1.,-1.22464679914735E-16,0.));
#6772=DIRECTION('',(0.428046884879015,0.903756529351446,0.));
#6773=DIRECTION('center_axis',(0.,0.,1.));
#6774=DIRECTION('ref_axis',(0.707106781186548,0.707106781186547,0.));
#6775=DIRECTION('',(0.,0.,-1.));
#6776=DIRECTION('center_axis',(0.,0.,1.));
#6777=DIRECTION('ref_axis',(0.707106781186548,0.707106781186547,0.));
#6778=DIRECTION('',(0.,0.,1.));
#6779=DIRECTION('center_axis',(-4.04453249732373E-21,1.,0.));
#6780=DIRECTION('ref_axis',(-1.,-4.04453249732064E-21,0.));
#6781=DIRECTION('',(1.,4.04453249729612E-21,0.));
#6782=DIRECTION('',(0.,0.,-1.));
#6783=DIRECTION('center_axis',(0.,0.,-1.));
#6784=DIRECTION('ref_axis',(1.,1.22464679914735E-16,0.));
#6785=DIRECTION('',(4.04453249729612E-21,-1.,0.));
#6786=DIRECTION('center_axis',(0.,0.,1.));
#6787=DIRECTION('ref_axis',(0.707106781186548,-0.707106781186547,0.));
#6788=DIRECTION('',(-4.04453249729612E-21,1.,0.));
#6789=DIRECTION('center_axis',(0.,0.,1.));
#6790=DIRECTION('ref_axis',(0.707106781186548,-0.707106781186547,0.));
#6791=DIRECTION('',(0.,0.,1.));
#6792=DIRECTION('center_axis',(0.,0.,1.));
#6793=DIRECTION('ref_axis',(-0.707106781186548,-0.707106781186547,0.));
#6794=DIRECTION('',(0.,0.,-1.));
#6795=DIRECTION('center_axis',(0.,0.,1.));
#6796=DIRECTION('ref_axis',(-0.707106781186548,-0.707106781186547,0.));
#6797=DIRECTION('',(0.,0.,1.));
#6798=DIRECTION('center_axis',(-4.50216675943421E-17,1.,0.));
#6799=DIRECTION('ref_axis',(-1.,-4.50216675943421E-17,0.));
#6800=DIRECTION('',(1.,4.50216675943421E-17,0.));
#6801=DIRECTION('',(0.,0.,-1.));
#6802=DIRECTION('center_axis',(0.,0.,1.));
#6803=DIRECTION('ref_axis',(-1.,-1.22464679914735E-16,0.));
#6804=DIRECTION('',(1.22464679914735E-16,-1.,0.));
#6805=DIRECTION('center_axis',(0.,0.,1.));
#6806=DIRECTION('ref_axis',(-0.707106781186548,0.707106781186547,0.));
#6807=DIRECTION('',(-1.22464679914735E-16,1.,0.));
#6808=DIRECTION('center_axis',(0.,0.,1.));
#6809=DIRECTION('ref_axis',(-0.707106781186548,0.707106781186547,0.));
#6810=DIRECTION('',(0.,0.,1.));
#6811=DIRECTION('center_axis',(1.,1.22464679914735E-16,0.));
#6812=DIRECTION('ref_axis',(0.,0.,1.));
#6813=DIRECTION('center_axis',(1.,4.04453249732373E-21,0.));
#6814=DIRECTION('ref_axis',(-4.04453249732064E-21,1.,0.));
#6815=DIRECTION('center_axis',(0.,0.,-1.));
#6816=DIRECTION('ref_axis',(1.,1.22464679914735E-16,0.));
#6817=DIRECTION('',(-1.,-3.019215459682E-17,0.));
#6818=DIRECTION('',(1.,5.32602859262988E-17,0.));
#6819=DIRECTION('',(-1.,-1.22464679914735E-16,0.));
#6820=DIRECTION('',(-0.28947174193201,0.95718655998862,0.));
#6821=DIRECTION('',(-1.,-1.22464679914735E-16,0.));
#6822=DIRECTION('',(-0.293002010844776,-0.956111824861987,0.));
#6823=DIRECTION('',(-1.,-1.22464679914735E-16,0.));
#6824=DIRECTION('',(0.351328229592735,0.936252356521058,0.));
#6825=DIRECTION('',(1.,1.22464679914735E-16,0.));
#6826=DIRECTION('',(0.351874084434738,-0.936047343195426,0.));
#6827=DIRECTION('',(-1.,-1.22464679914735E-16,0.));
#6828=DIRECTION('',(-1.22464679914735E-16,1.,0.));
#6829=DIRECTION('',(1.,1.22464679914735E-16,0.));
#6830=DIRECTION('',(1.22464679914735E-16,-1.,0.));
#6831=DIRECTION('',(-1.,-1.22464679914735E-16,0.));
#6832=DIRECTION('',(-1.,-1.22464679914735E-16,0.));
#6833=DIRECTION('',(-0.995185362968842,-0.098010679686323,0.));
#6834=DIRECTION('',(0.99561329924368,0.0935636594470007,0.));
#6835=DIRECTION('',(-0.995185362968842,-0.0980106796863237,0.));
#6836=DIRECTION('',(0.995592221935305,0.0937876730808641,0.));
#6837=DIRECTION('',(-0.993974536344457,0.109611227065574,0.));
#6838=DIRECTION('',(-1.,-1.22464679914735E-16,0.));
#6839=DIRECTION('center_axis',(0.,0.,-1.));
#6840=DIRECTION('ref_axis',(1.,1.22464679914735E-16,0.));
#6841=DIRECTION('',(-1.,-3.019215459682E-17,0.));
#6842=DIRECTION('center_axis',(-1.22464679914735E-16,1.,0.));
#6843=DIRECTION('ref_axis',(0.,0.,-1.));
#6844=DIRECTION('',(-0.707106781186548,-8.65956056235493E-17,0.707106781186548));
#6845=DIRECTION('',(0.,0.,1.));
#6846=DIRECTION('',(0.707106781186548,8.65956056235493E-17,0.707106781186548));
#6847=DIRECTION('',(1.,1.22464679914735E-16,0.));
#6848=DIRECTION('',(0.,0.,-1.));
#6849=DIRECTION('',(-1.,-1.22464679914735E-16,0.));
#6850=DIRECTION('center_axis',(1.,1.22464679914735E-16,0.));
#6851=DIRECTION('ref_axis',(0.,0.,1.));
#6852=DIRECTION('',(1.22464679914735E-16,-1.,0.));
#6853=DIRECTION('',(0.,0.,1.));
#6854=DIRECTION('',(1.22464679914735E-16,-1.,0.));
#6855=DIRECTION('center_axis',(0.707106781186548,8.65956056235493E-17,0.707106781186548));
#6856=DIRECTION('ref_axis',(-0.707106781186548,-8.65956056235493E-17,0.707106781186548));
#6857=DIRECTION('',(1.22464679914735E-16,-1.,0.));
#6858=DIRECTION('',(-0.707106781186548,-8.65956056235493E-17,0.707106781186548));
#6859=DIRECTION('center_axis',(0.,0.,1.));
#6860=DIRECTION('ref_axis',(-1.,-1.22464679914735E-16,0.));
#6861=DIRECTION('',(1.22464679914735E-16,-1.,0.));
#6862=DIRECTION('',(-1.,-1.22464679914735E-16,0.));
#6863=DIRECTION('center_axis',(-1.,-1.22464679914735E-16,0.));
#6864=DIRECTION('ref_axis',(0.,0.,-1.));
#6865=DIRECTION('',(1.22464679914735E-16,-1.,0.));
#6866=DIRECTION('',(0.,0.,-1.));
#6867=DIRECTION('center_axis',(0.,0.,-1.));
#6868=DIRECTION('ref_axis',(1.,1.22464679914735E-16,0.));
#6869=DIRECTION('',(1.22464679914735E-16,-1.,0.));
#6870=DIRECTION('',(1.,1.22464679914735E-16,0.));
#6871=DIRECTION('center_axis',(0.707106781186548,8.65956056235493E-17,-0.707106781186548));
#6872=DIRECTION('ref_axis',(0.707106781186548,8.65956056235493E-17,0.707106781186548));
#6873=DIRECTION('',(0.707106781186548,8.65956056235493E-17,0.707106781186548));
#6874=DIRECTION('center_axis',(-1.22464679914735E-16,1.,0.));
#6875=DIRECTION('ref_axis',(0.,0.,-1.));
#6876=DIRECTION('center_axis',(-1.,-1.22464679914735E-16,0.));
#6877=DIRECTION('ref_axis',(0.,0.,-1.));
#6878=DIRECTION('center_axis',(-1.,-4.04453249732373E-21,0.));
#6879=DIRECTION('ref_axis',(4.04453249732064E-21,-1.,0.));
#6880=DIRECTION('center_axis',(-3.019215459682E-17,1.,0.));
#6881=DIRECTION('ref_axis',(-1.,-3.019215459682E-17,0.));
#6882=DIRECTION('center_axis',(5.32602859262988E-17,-1.,0.));
#6883=DIRECTION('ref_axis',(1.,5.32602859262988E-17,0.));
#6884=DIRECTION('center_axis',(0.956994644366828,-0.290105585353347,0.));
#6885=DIRECTION('ref_axis',(0.290105585353347,0.956994644366828,0.));
#6886=DIRECTION('',(-0.290105585353341,-0.95699464436683,0.));
#6887=DIRECTION('',(0.,0.,-1.));
#6888=DIRECTION('',(-0.290105585353341,-0.95699464436683,0.));
#6889=DIRECTION('',(0.,0.,-1.));
#6890=DIRECTION('center_axis',(-1.22464679914735E-16,1.,0.));
#6891=DIRECTION('ref_axis',(0.,0.,-1.));
#6892=DIRECTION('',(1.,1.22464679914735E-16,0.));
#6893=DIRECTION('',(1.,1.22464679914735E-16,0.));
#6894=DIRECTION('',(0.,0.,-1.));
#6895=DIRECTION('center_axis',(-0.957186559988611,-0.289471741932039,0.));
#6896=DIRECTION('ref_axis',(0.289471741932039,-0.957186559988611,0.));
#6897=DIRECTION('',(0.,0.,-1.));
#6898=DIRECTION('',(-0.28947174193201,0.95718655998862,0.));
#6899=DIRECTION('',(0.,0.,-1.));
#6900=DIRECTION('center_axis',(1.22464679914735E-16,-1.,0.));
#6901=DIRECTION('ref_axis',(0.,0.,1.));
#6902=DIRECTION('',(-1.,-1.22464679914735E-16,0.));
#6903=DIRECTION('',(0.,0.,-1.));
#6904=DIRECTION('center_axis',(0.956111824861979,-0.293002010844801,0.));
#6905=DIRECTION('ref_axis',(0.293002010844801,0.956111824861979,0.));
#6906=DIRECTION('',(-0.293002010844776,-0.956111824861987,0.));
#6907=DIRECTION('',(0.,0.,-1.));
#6908=DIRECTION('center_axis',(1.22464679914735E-16,-1.,0.));
#6909=DIRECTION('ref_axis',(0.,0.,1.));
#6910=DIRECTION('',(-1.,-1.22464679914735E-16,0.));
#6911=DIRECTION('',(0.,0.,-1.));
#6912=DIRECTION('center_axis',(-0.936252356521059,0.351328229592733,0.));
#6913=DIRECTION('ref_axis',(-0.351328229592733,-0.936252356521059,0.));
#6914=DIRECTION('',(0.351328229592735,0.936252356521058,0.));
#6915=DIRECTION('',(0.,0.,-1.));
#6916=DIRECTION('center_axis',(-1.22464679914735E-16,1.,0.));
#6917=DIRECTION('ref_axis',(0.,0.,-1.));
#6918=DIRECTION('',(1.,1.22464679914735E-16,0.));
#6919=DIRECTION('',(0.,0.,-1.));
#6920=DIRECTION('center_axis',(0.936047343195425,0.351874084434741,0.));
#6921=DIRECTION('ref_axis',(-0.351874084434741,0.936047343195424,0.));
#6922=DIRECTION('',(0.351874084434738,-0.936047343195426,0.));
#6923=DIRECTION('',(0.,0.,-1.));
#6924=DIRECTION('center_axis',(1.22464679914735E-16,-1.,0.));
#6925=DIRECTION('ref_axis',(0.,0.,1.));
#6926=DIRECTION('',(-1.,-1.22464679914735E-16,0.));
#6927=DIRECTION('center_axis',(-0.956994644366828,-0.290105585353346,0.));
#6928=DIRECTION('ref_axis',(0.290105585353346,-0.956994644366829,0.));
#6929=DIRECTION('',(-0.290105585353343,0.956994644366829,0.));
#6930=DIRECTION('',(-0.290105585353343,0.956994644366829,0.));
#6931=DIRECTION('center_axis',(0.,0.,-1.));
#6932=DIRECTION('ref_axis',(1.,1.22464679914735E-16,0.));
#6933=DIRECTION('center_axis',(0.,0.,-1.));
#6934=DIRECTION('ref_axis',(1.,1.22464679914735E-16,0.));
#6935=DIRECTION('',(0.,0.,1.));
#6936=DIRECTION('',(0.,0.,1.));
#6937=DIRECTION('center_axis',(0.,0.,1.));
#6938=DIRECTION('ref_axis',(-1.,-1.22464679914735E-16,0.));
#6939=DIRECTION('center_axis',(0.,0.,-1.));
#6940=DIRECTION('ref_axis',(1.,1.22464679914735E-16,0.));
#6941=DIRECTION('',(1.22464679914735E-16,-1.,0.));
#6942=DIRECTION('',(-1.,-1.22464679914735E-16,0.));
#6943=DIRECTION('',(-1.22464679914735E-16,1.,0.));
#6944=DIRECTION('',(-1.,-1.22464679914735E-16,0.));
#6945=DIRECTION('center_axis',(1.22464679914735E-16,-1.,0.));
#6946=DIRECTION('ref_axis',(0.,0.,1.));
#6947=DIRECTION('',(0.,0.,-1.));
#6948=DIRECTION('',(-1.,-1.22464679914735E-16,0.));
#6949=DIRECTION('',(0.,0.,-1.));
#6950=DIRECTION('center_axis',(-1.,-1.22464679914735E-16,0.));
#6951=DIRECTION('ref_axis',(0.,0.,-1.));
#6952=DIRECTION('',(-1.22464679914735E-16,1.,0.));
#6953=DIRECTION('',(0.,0.,-1.));
#6954=DIRECTION('',(0.,0.,-1.));
#6955=DIRECTION('',(0.,0.,-1.));
#6956=DIRECTION('center_axis',(1.22464679914735E-16,-1.,0.));
#6957=DIRECTION('ref_axis',(0.,0.,1.));
#6958=DIRECTION('',(-1.,-1.22464679914735E-16,0.));
#6959=DIRECTION('',(0.,0.,-1.));
#6960=DIRECTION('',(0.,0.,-1.));
#6961=DIRECTION('',(0.,0.,-1.));
#6962=DIRECTION('',(0.,0.,-1.));
#6963=DIRECTION('center_axis',(1.,1.22464679914735E-16,0.));
#6964=DIRECTION('ref_axis',(0.,0.,1.));
#6965=DIRECTION('',(1.22464679914735E-16,-1.,0.));
#6966=DIRECTION('',(1.22464679914735E-16,-1.,0.));
#6967=DIRECTION('center_axis',(1.,1.22464679914735E-16,0.));
#6968=DIRECTION('ref_axis',(0.,0.,1.));
#6969=DIRECTION('',(1.22464679914735E-16,-1.,0.));
#6970=DIRECTION('center_axis',(0.,0.,1.));
#6971=DIRECTION('ref_axis',(-1.,-1.22464679914735E-16,0.));
#6972=DIRECTION('center_axis',(0.,0.,-1.));
#6973=DIRECTION('ref_axis',(1.,1.22464679914735E-16,0.));
#6974=DIRECTION('center_axis',(-1.,-1.22464679914735E-16,0.));
#6975=DIRECTION('ref_axis',(0.,0.,-1.));
#6976=DIRECTION('',(0.,0.,-1.));
#6977=DIRECTION('',(-1.22464679914735E-16,1.,0.));
#6978=DIRECTION('',(0.,0.,-1.));
#6979=DIRECTION('center_axis',(-1.22464679914735E-16,1.,0.));
#6980=DIRECTION('ref_axis',(0.,0.,-1.));
#6981=DIRECTION('',(1.,1.22464679914735E-16,0.));
#6982=DIRECTION('',(0.,0.,-1.));
#6983=DIRECTION('center_axis',(1.,1.22464679914735E-16,0.));
#6984=DIRECTION('ref_axis',(0.,0.,1.));
#6985=DIRECTION('',(1.22464679914735E-16,-1.,0.));
#6986=DIRECTION('',(0.,0.,-1.));
#6987=DIRECTION('',(0.,0.,-1.));
#6988=DIRECTION('',(0.,0.,-1.));
#6989=DIRECTION('center_axis',(1.22464679914735E-16,-1.,0.));
#6990=DIRECTION('ref_axis',(0.,0.,1.));
#6991=DIRECTION('',(-1.,-1.22464679914735E-16,0.));
#6992=DIRECTION('',(0.,0.,-1.));
#6993=DIRECTION('',(0.,0.,-1.));
#6994=DIRECTION('center_axis',(1.22464679914735E-16,-1.,0.));
#6995=DIRECTION('ref_axis',(0.,0.,1.));
#6996=DIRECTION('',(-1.,-1.22464679914735E-16,0.));
#6997=DIRECTION('',(0.,0.,-1.));
#6998=DIRECTION('',(0.,0.,-1.));
#6999=DIRECTION('center_axis',(1.22464679914735E-16,-1.,0.));
#7000=DIRECTION('ref_axis',(0.,0.,1.));
#7001=DIRECTION('',(-1.,-1.22464679914735E-16,0.));
#7002=DIRECTION('center_axis',(0.,0.,1.));
#7003=DIRECTION('ref_axis',(-1.,-1.22464679914735E-16,0.));
#7004=DIRECTION('',(0.,0.,-1.));
#7005=DIRECTION('',(0.,0.,-1.));
#7006=DIRECTION('',(0.,0.,-1.));
#7007=DIRECTION('',(0.,0.,-1.));
#7008=DIRECTION('center_axis',(-0.109611227065555,-0.99397453634446,0.));
#7009=DIRECTION('ref_axis',(0.99397453634446,-0.109611227065555,0.));
#7010=DIRECTION('',(-0.993974536344457,0.109611227065574,0.));
#7011=DIRECTION('',(0.,0.,-1.));
#7012=DIRECTION('',(0.,0.,-1.));
#7013=DIRECTION('center_axis',(1.22464679914735E-16,-1.,0.));
#7014=DIRECTION('ref_axis',(0.,0.,1.));
#7015=DIRECTION('',(-1.,-1.22464679914735E-16,0.));
#7016=DIRECTION('',(0.,0.,-1.));
#7017=DIRECTION('',(0.,0.,-1.));
#7018=DIRECTION('center_axis',(0.,0.,-1.));
#7019=DIRECTION('ref_axis',(1.,1.22464679914735E-16,0.));
#7020=DIRECTION('center_axis',(0.,0.,-1.));
#7021=DIRECTION('ref_axis',(1.,1.22464679914735E-16,0.));
#7022=DIRECTION('',(0.,0.,-1.));
#7023=DIRECTION('',(0.,0.,-1.));
#7024=DIRECTION('center_axis',(-0.093787673080862,0.995592221935305,0.));
#7025=DIRECTION('ref_axis',(-0.995592221935305,-0.093787673080862,0.));
#7026=DIRECTION('',(0.995592221935305,0.0937876730808641,0.));
#7027=DIRECTION('',(0.,0.,-1.));
#7028=DIRECTION('',(0.,0.,-1.));
#7029=DIRECTION('center_axis',(0.0980106796863257,-0.995185362968841,0.));
#7030=DIRECTION('ref_axis',(0.995185362968841,0.0980106796863257,0.));
#7031=DIRECTION('',(-0.995185362968842,-0.0980106796863237,0.));
#7032=DIRECTION('center_axis',(0.,0.,-1.));
#7033=DIRECTION('ref_axis',(1.,1.22464679914735E-16,0.));
#7034=DIRECTION('',(0.,0.,-1.));
#7035=DIRECTION('',(0.,0.,-1.));
#7036=DIRECTION('center_axis',(-0.0935636594469968,0.99561329924368,0.));
#7037=DIRECTION('ref_axis',(-0.995613299243681,-0.0935636594469968,0.));
#7038=DIRECTION('',(0.99561329924368,0.0935636594470007,0.));
#7039=DIRECTION('',(0.,0.,-1.));
#7040=DIRECTION('',(0.,0.,-1.));
#7041=DIRECTION('center_axis',(0.0980106796863257,-0.995185362968841,0.));
#7042=DIRECTION('ref_axis',(0.995185362968841,0.0980106796863257,0.));
#7043=DIRECTION('',(-0.995185362968842,-0.098010679686323,0.));
#7044=DIRECTION('center_axis',(0.,0.,-1.));
#7045=DIRECTION('ref_axis',(1.,1.22464679914735E-16,0.));
#7046=DIRECTION('center_axis',(-1.22464679914735E-16,1.,0.));
#7047=DIRECTION('ref_axis',(0.,0.,-1.));
#7048=DIRECTION('',(0.,0.,1.));
#7049=DIRECTION('center_axis',(0.,0.,1.));
#7050=DIRECTION('ref_axis',(-1.,-1.22464679914735E-16,0.));
#7051=DIRECTION('',(0.,0.,1.));
#7052=DIRECTION('center_axis',(-0.903756529351446,0.428046884879016,0.));
#7053=DIRECTION('ref_axis',(-0.428046884879016,-0.903756529351446,0.));
#7054=DIRECTION('center_axis',(4.04453249732373E-21,-1.,0.));
#7055=DIRECTION('ref_axis',(1.,4.04453249732064E-21,0.));
#7056=DIRECTION('',(0.,0.,1.));
#7057=DIRECTION('',(1.,4.04453249729612E-21,0.));
#7058=DIRECTION('center_axis',(0.,0.,1.));
#7059=DIRECTION('ref_axis',(-1.,-1.22464679914735E-16,0.));
#7060=DIRECTION('',(0.,0.,1.));
#7061=DIRECTION('center_axis',(0.,0.,-1.));
#7062=DIRECTION('ref_axis',(-1.,-1.22464679914735E-16,0.));
#7063=DIRECTION('center_axis',(-0.903756529351446,-0.428046884879016,0.));
#7064=DIRECTION('ref_axis',(0.428046884879016,-0.903756529351446,0.));
#7065=DIRECTION('',(0.428046884879016,-0.903756529351446,0.));
#7066=DIRECTION('center_axis',(0.,0.,-1.));
#7067=DIRECTION('ref_axis',(1.,1.22464679914735E-16,0.));
#7068=DIRECTION('center_axis',(0.,0.,-1.));
#7069=DIRECTION('ref_axis',(1.,1.22464679914735E-16,0.));
#7070=DIRECTION('',(0.,0.,-1.));
#7071=DIRECTION('center_axis',(0.,0.,-1.));
#7072=DIRECTION('ref_axis',(-1.,-1.22464679914735E-16,0.));
#7073=DIRECTION('',(0.,0.,-1.));
#7074=DIRECTION('center_axis',(0.,0.,-1.));
#7075=DIRECTION('ref_axis',(1.,1.22464679914735E-16,0.));
#7076=DIRECTION('center_axis',(0.,0.,1.));
#7077=DIRECTION('ref_axis',(-1.,-1.22464679914735E-16,0.));
#7078=DIRECTION('',(0.,0.,-1.));
#7079=DIRECTION('center_axis',(-1.,-1.22464679914735E-16,0.));
#7080=DIRECTION('ref_axis',(0.,0.,-1.));
#7081=DIRECTION('',(-1.22464679914735E-16,1.,0.));
#7082=DIRECTION('',(0.,0.,-1.));
#7083=DIRECTION('center_axis',(0.,0.,-1.));
#7084=DIRECTION('ref_axis',(1.,1.22464679914735E-16,0.));
#7085=DIRECTION('center_axis',(0.,0.,1.));
#7086=DIRECTION('ref_axis',(-1.,-1.22464679914735E-16,0.));
#7087=DIRECTION('',(0.,0.,-1.));
#7088=DIRECTION('center_axis',(7.6011596823377E-17,-1.,0.));
#7089=DIRECTION('ref_axis',(1.,7.6011596823377E-17,0.));
#7090=DIRECTION('',(-1.,-7.6011596823377E-17,0.));
#7091=DIRECTION('',(0.,0.,-1.));
#7092=DIRECTION('center_axis',(0.,0.,-1.));
#7093=DIRECTION('ref_axis',(1.,1.22464679914735E-16,0.));
#7094=DIRECTION('center_axis',(0.,0.,1.));
#7095=DIRECTION('ref_axis',(1.,1.22464679914735E-16,0.));
#7096=DIRECTION('',(0.,0.,-1.));
#7097=DIRECTION('center_axis',(1.,1.22464679914735E-16,0.));
#7098=DIRECTION('ref_axis',(0.,0.,1.));
#7099=DIRECTION('',(1.22464679914735E-16,-1.,0.));
#7100=DIRECTION('',(0.,0.,-1.));
#7101=DIRECTION('center_axis',(0.,0.,-1.));
#7102=DIRECTION('ref_axis',(1.,1.22464679914735E-16,0.));
#7103=DIRECTION('center_axis',(0.,0.,1.));
#7104=DIRECTION('ref_axis',(1.,1.22464679914735E-16,0.));
#7105=DIRECTION('',(0.,0.,-1.));
#7106=DIRECTION('center_axis',(0.,0.,-1.));
#7107=DIRECTION('ref_axis',(1.,1.22464679914735E-16,0.));
#7108=DIRECTION('center_axis',(0.,0.,-1.));
#7109=DIRECTION('ref_axis',(-1.,-1.22464679914735E-16,0.));
#7110=DIRECTION('',(0.,0.,-1.));
#7111=DIRECTION('center_axis',(0.903756529351446,0.428046884879015,0.));
#7112=DIRECTION('ref_axis',(-0.428046884879015,0.903756529351446,0.));
#7113=DIRECTION('',(0.428046884879015,-0.903756529351446,0.));
#7114=DIRECTION('',(0.,0.,-1.));
#7115=DIRECTION('center_axis',(0.,0.,-1.));
#7116=DIRECTION('ref_axis',(1.,1.22464679914735E-16,0.));
#7117=DIRECTION('center_axis',(0.,0.,1.));
#7118=DIRECTION('ref_axis',(-1.,-1.22464679914735E-16,0.));
#7119=DIRECTION('',(0.,0.,-1.));
#7120=DIRECTION('center_axis',(3.60425213352675E-19,1.,0.));
#7121=DIRECTION('ref_axis',(-1.,3.60425213352675E-19,0.));
#7122=DIRECTION('',(1.,-3.6042521335267E-19,0.));
#7123=DIRECTION('',(0.,0.,-1.));
#7124=DIRECTION('center_axis',(0.,0.,-1.));
#7125=DIRECTION('ref_axis',(1.,1.22464679914735E-16,0.));
#7126=DIRECTION('center_axis',(0.,0.,1.));
#7127=DIRECTION('ref_axis',(-1.,-1.22464679914735E-16,0.));
#7128=DIRECTION('',(0.,0.,-1.));
#7129=DIRECTION('center_axis',(-0.903756529351446,0.428046884879015,0.));
#7130=DIRECTION('ref_axis',(-0.428046884879015,-0.903756529351446,0.));
#7131=DIRECTION('',(0.428046884879015,0.903756529351446,0.));
#7132=DIRECTION('center_axis',(0.,0.,-1.));
#7133=DIRECTION('ref_axis',(1.,1.22464679914735E-16,0.));
#7134=DIRECTION('',(1.22464679914735E-16,-1.,0.));
#7135=DIRECTION('',(1.,1.22464679914735E-16,0.));
#7136=DIRECTION('',(1.22464679914735E-16,-1.,0.));
#7137=DIRECTION('',(1.,1.22464679914735E-16,0.));
#7138=DIRECTION('',(-1.22464679914735E-16,1.,0.));
#7139=DIRECTION('',(1.,1.22464679914735E-16,0.));
#7140=DIRECTION('',(-1.22464679914735E-16,1.,0.));
#7141=DIRECTION('',(-1.,-1.22464679914735E-16,0.));
#7142=DIRECTION('',(-1.22464679914735E-16,1.,0.));
#7143=DIRECTION('',(-1.,-1.22464679914735E-16,0.));
#7144=DIRECTION('',(1.22464679914735E-16,-1.,0.));
#7145=DIRECTION('',(-1.,-1.22464679914735E-16,0.));
#7146=DIRECTION('',(1.22464679914735E-16,-1.,0.));
#7147=DIRECTION('',(1.,1.22464679914735E-16,0.));
#7148=DIRECTION('',(-1.22464679914735E-16,1.,0.));
#7149=DIRECTION('',(-1.,-1.22464679914735E-16,0.));
#7150=DIRECTION('',(1.,1.22464679914735E-16,0.));
#7151=DIRECTION('',(-1.22464679914735E-16,1.,0.));
#7152=DIRECTION('',(-1.,-1.22464679914735E-16,0.));
#7153=DIRECTION('',(-1.,-1.22464679914735E-16,0.));
#7154=DIRECTION('',(1.22464679914735E-16,-1.,0.));
#7155=DIRECTION('',(1.,1.22464679914735E-16,0.));
#7156=DIRECTION('',(-1.22464679914735E-16,1.,0.));
#7157=DIRECTION('',(0.329014746027494,-0.94432478358691,0.));
#7158=DIRECTION('',(1.,1.22464679914735E-16,0.));
#7159=DIRECTION('',(0.320881917605946,0.947119208417573,0.));
#7160=DIRECTION('',(1.22464679914735E-16,-1.,0.));
#7161=DIRECTION('',(1.,1.22464679914735E-16,0.));
#7162=DIRECTION('',(-1.22464679914735E-16,1.,0.));
#7163=DIRECTION('',(-1.,-1.22464679914735E-16,0.));
#7164=DIRECTION('',(1.22464679914735E-16,-1.,0.));
#7165=DIRECTION('',(1.,1.22464679914735E-16,0.));
#7166=DIRECTION('',(0.254018452189594,0.967199372387722,0.));
#7167=DIRECTION('',(-1.,-1.22464679914735E-16,0.));
#7168=DIRECTION('',(-0.21956605719312,-0.975597635569433,0.));
#7169=DIRECTION('',(-1.,-1.22464679914735E-16,0.));
#7170=DIRECTION('',(-1.,-1.22464679914735E-16,0.));
#7171=DIRECTION('',(0.263008845128375,-0.964793422129442,0.));
#7172=DIRECTION('',(1.,1.22464679914735E-16,0.));
#7173=DIRECTION('',(0.264783482734076,0.964307890287751,0.));
#7174=DIRECTION('',(0.263426116727495,-0.964679574276284,0.));
#7175=DIRECTION('',(1.,1.22464679914735E-16,0.));
#7176=DIRECTION('',(-1.22464679914735E-16,1.,0.));
#7177=DIRECTION('',(1.22464679914735E-16,-1.,0.));
#7178=DIRECTION('',(-0.991600411186217,0.129339184067805,0.));
#7179=DIRECTION('',(-0.122526572002649,0.992465233221436,0.));
#7180=DIRECTION('',(0.985211754819672,0.17134117475126,0.));
#7181=DIRECTION('',(1.,1.22464679914735E-16,0.));
#7182=DIRECTION('',(-1.22464679914735E-16,1.,0.));
#7183=DIRECTION('',(1.,1.22464679914735E-16,0.));
#7184=DIRECTION('',(-1.22464679914735E-16,1.,0.));
#7185=DIRECTION('',(-1.,-1.22464679914735E-16,0.));
#7186=DIRECTION('',(1.22464679914735E-16,-1.,0.));
#7187=DIRECTION('',(1.,1.22464679914735E-16,0.));
#7188=DIRECTION('',(1.22464679914735E-16,-1.,0.));
#7189=DIRECTION('',(1.,1.22464679914735E-16,0.));
#7190=DIRECTION('',(-0.597533099928139,0.801844245779857,0.));
#7191=DIRECTION('',(0.578674404418586,0.815558663537329,0.));
#7192=DIRECTION('',(-1.,-1.22464679914735E-16,0.));
#7193=DIRECTION('',(-0.594788230238447,0.803882429942225,0.));
#7194=DIRECTION('',(-1.,-1.22464679914735E-16,0.));
#7195=DIRECTION('',(0.589648347713508,-0.807660093132458,0.));
#7196=DIRECTION('',(-0.580847753423272,-0.814012215721077,0.));
#7197=DIRECTION('',(1.,1.22464679914735E-16,0.));
#7198=DIRECTION('',(0.576427739252248,0.817148126976097,0.));
#7199=DIRECTION('center_axis',(1.22464679914735E-16,-1.,0.));
#7200=DIRECTION('ref_axis',(0.,0.,1.));
#7201=DIRECTION('',(0.,0.,1.));
#7202=DIRECTION('',(1.,1.22464679914735E-16,0.));
#7203=DIRECTION('',(0.,0.,1.));
#7204=DIRECTION('center_axis',(0.801844245779857,0.597533099928139,0.));
#7205=DIRECTION('ref_axis',(-0.597533099928139,0.801844245779857,0.));
#7206=DIRECTION('',(-0.597533099928139,0.801844245779857,0.));
#7207=DIRECTION('',(0.,0.,1.));
#7208=DIRECTION('center_axis',(0.815558663537322,-0.578674404418597,0.));
#7209=DIRECTION('ref_axis',(0.578674404418597,0.815558663537322,0.));
#7210=DIRECTION('',(0.578674404418586,0.815558663537329,0.));
#7211=DIRECTION('',(0.,0.,1.));
#7212=DIRECTION('center_axis',(-1.22464679914735E-16,1.,0.));
#7213=DIRECTION('ref_axis',(0.,0.,-1.));
#7214=DIRECTION('',(-1.,-1.22464679914735E-16,0.));
#7215=DIRECTION('',(0.,0.,1.));
#7216=DIRECTION('',(0.,0.,1.));
#7217=DIRECTION('center_axis',(0.803882429942225,0.594788230238447,0.));
#7218=DIRECTION('ref_axis',(0.,0.,1.));
#7219=DIRECTION('',(-0.594788230238447,0.803882429942225,0.));
#7220=DIRECTION('',(0.,0.,1.));
#7221=DIRECTION('center_axis',(-1.22464679914735E-16,1.,0.));
#7222=DIRECTION('ref_axis',(0.,0.,-1.));
#7223=DIRECTION('',(-1.,-1.22464679914735E-16,0.));
#7224=DIRECTION('',(0.,0.,1.));
#7225=DIRECTION('center_axis',(-0.807660093132468,-0.589648347713494,0.));
#7226=DIRECTION('ref_axis',(0.589648347713494,-0.807660093132468,0.));
#7227=DIRECTION('',(0.589648347713508,-0.807660093132458,0.));
#7228=DIRECTION('',(0.,0.,1.));
#7229=DIRECTION('center_axis',(-0.814012215721075,0.580847753423276,0.));
#7230=DIRECTION('ref_axis',(-0.580847753423276,-0.814012215721074,0.));
#7231=DIRECTION('',(-0.580847753423272,-0.814012215721077,0.));
#7232=DIRECTION('',(0.,0.,1.));
#7233=DIRECTION('center_axis',(1.22464679914735E-16,-1.,0.));
#7234=DIRECTION('ref_axis',(0.,0.,1.));
#7235=DIRECTION('',(1.,1.22464679914735E-16,0.));
#7236=DIRECTION('',(0.,0.,1.));
#7237=DIRECTION('center_axis',(0.817148126976097,-0.576427739252247,-6.68961687363607E-14));
#7238=DIRECTION('ref_axis',(8.18654128033233E-14,1.00256215750467E-29,1.));
#7239=DIRECTION('',(0.576427739252248,0.817148126976097,0.));
#7240=DIRECTION('',(0.,0.,1.));
#7241=DIRECTION('center_axis',(0.,0.,-1.));
#7242=DIRECTION('ref_axis',(1.,1.22464679914735E-16,0.));
#7243=DIRECTION('center_axis',(1.22464679914735E-16,-1.,0.));
#7244=DIRECTION('ref_axis',(0.,0.,1.));
#7245=DIRECTION('',(0.,0.,1.));
#7246=DIRECTION('',(1.,1.22464679914735E-16,0.));
#7247=DIRECTION('',(0.,0.,1.));
#7248=DIRECTION('center_axis',(1.,1.22464679914735E-16,0.));
#7249=DIRECTION('ref_axis',(0.,0.,1.));
#7250=DIRECTION('',(-1.22464679914735E-16,1.,0.));
#7251=DIRECTION('',(0.,0.,1.));
#7252=DIRECTION('center_axis',(1.22464679914735E-16,-1.,0.));
#7253=DIRECTION('ref_axis',(0.,0.,1.));
#7254=DIRECTION('',(1.,1.22464679914735E-16,0.));
#7255=DIRECTION('',(0.,0.,1.));
#7256=DIRECTION('center_axis',(1.,1.22464679914735E-16,0.));
#7257=DIRECTION('ref_axis',(0.,0.,1.));
#7258=DIRECTION('',(-1.22464679914735E-16,1.,0.));
#7259=DIRECTION('',(0.,0.,1.));
#7260=DIRECTION('center_axis',(-1.22464679914735E-16,1.,0.));
#7261=DIRECTION('ref_axis',(0.,0.,-1.));
#7262=DIRECTION('',(-1.,-1.22464679914735E-16,0.));
#7263=DIRECTION('',(0.,0.,1.));
#7264=DIRECTION('center_axis',(-1.,-1.22464679914735E-16,0.));
#7265=DIRECTION('ref_axis',(0.,0.,-1.));
#7266=DIRECTION('',(1.22464679914735E-16,-1.,0.));
#7267=DIRECTION('',(0.,0.,1.));
#7268=DIRECTION('center_axis',(1.22464679914735E-16,-1.,0.));
#7269=DIRECTION('ref_axis',(0.,0.,1.));
#7270=DIRECTION('',(1.,1.22464679914735E-16,0.));
#7271=DIRECTION('',(0.,0.,1.));
#7272=DIRECTION('center_axis',(-1.,-1.22464679914735E-16,0.));
#7273=DIRECTION('ref_axis',(0.,0.,-1.));
#7274=DIRECTION('',(1.22464679914735E-16,-1.,0.));
#7275=DIRECTION('center_axis',(0.,0.,-1.));
#7276=DIRECTION('ref_axis',(1.,1.22464679914735E-16,0.));
#7277=DIRECTION('',(0.,0.,1.));
#7278=DIRECTION('',(0.,0.,1.));
#7279=DIRECTION('center_axis',(0.129339184067769,0.991600411186222,0.));
#7280=DIRECTION('ref_axis',(-0.991600411186222,0.129339184067769,0.));
#7281=DIRECTION('',(-0.991600411186217,0.129339184067805,0.));
#7282=DIRECTION('',(0.,0.,1.));
#7283=DIRECTION('',(0.,0.,1.));
#7284=DIRECTION('center_axis',(0.992465233221437,0.122526572002645,0.));
#7285=DIRECTION('ref_axis',(-0.122526572002645,0.992465233221437,0.));
#7286=DIRECTION('',(-0.122526572002649,0.992465233221436,0.));
#7287=DIRECTION('',(0.,0.,1.));
#7288=DIRECTION('',(0.,0.,1.));
#7289=DIRECTION('center_axis',(0.171341174751248,-0.985211754819674,0.));
#7290=DIRECTION('ref_axis',(0.985211754819674,0.171341174751248,0.));
#7291=DIRECTION('',(0.985211754819672,0.17134117475126,0.));
#7292=DIRECTION('',(0.,0.,1.));
#7293=DIRECTION('center_axis',(0.,0.,-1.));
#7294=DIRECTION('ref_axis',(1.,1.22464679914735E-16,0.));
#7295=DIRECTION('',(0.,0.,-1.));
#7296=DIRECTION('',(0.,0.,-1.));
#7297=DIRECTION('center_axis',(0.,0.,-1.));
#7298=DIRECTION('ref_axis',(1.,1.22464679914735E-16,0.));
#7299=DIRECTION('center_axis',(0.,0.,-1.));
#7300=DIRECTION('ref_axis',(1.,1.22464679914735E-16,0.));
#7301=DIRECTION('center_axis',(1.22464679914735E-16,-1.,0.));
#7302=DIRECTION('ref_axis',(0.,0.,1.));
#7303=DIRECTION('',(0.,0.,1.));
#7304=DIRECTION('',(1.,1.22464679914735E-16,0.));
#7305=DIRECTION('',(0.,0.,1.));
#7306=DIRECTION('center_axis',(1.,1.22464679914735E-16,0.));
#7307=DIRECTION('ref_axis',(0.,0.,1.));
#7308=DIRECTION('',(-1.22464679914735E-16,1.,0.));
#7309=DIRECTION('',(0.,0.,1.));
#7310=DIRECTION('',(0.,0.,1.));
#7311=DIRECTION('',(0.,0.,1.));
#7312=DIRECTION('',(0.,0.,1.));
#7313=DIRECTION('center_axis',(-1.,-1.22464679914735E-16,0.));
#7314=DIRECTION('ref_axis',(0.,0.,-1.));
#7315=DIRECTION('',(1.22464679914735E-16,-1.,0.));
#7316=DIRECTION('',(1.22464679914735E-16,-1.,0.));
#7317=DIRECTION('center_axis',(-1.,-1.22464679914735E-16,0.));
#7318=DIRECTION('ref_axis',(0.,0.,-1.));
#7319=DIRECTION('',(1.22464679914735E-16,-1.,0.));
#7320=DIRECTION('center_axis',(0.,0.,-1.));
#7321=DIRECTION('ref_axis',(1.,1.22464679914735E-16,0.));
#7322=DIRECTION('center_axis',(0.,0.,-1.));
#7323=DIRECTION('ref_axis',(1.,1.22464679914735E-16,0.));
#7324=DIRECTION('center_axis',(1.22464679914735E-16,-1.,0.));
#7325=DIRECTION('ref_axis',(0.,0.,1.));
#7326=DIRECTION('',(0.,0.,1.));
#7327=DIRECTION('',(1.,1.22464679914735E-16,0.));
#7328=DIRECTION('',(0.,0.,1.));
#7329=DIRECTION('center_axis',(0.967199372387722,-0.254018452189594,0.));
#7330=DIRECTION('ref_axis',(0.254018452189594,0.967199372387722,0.));
#7331=DIRECTION('',(0.254018452189594,0.967199372387722,0.));
#7332=DIRECTION('',(0.,0.,1.));
#7333=DIRECTION('center_axis',(-1.22464679914735E-16,1.,0.));
#7334=DIRECTION('ref_axis',(0.,0.,-1.));
#7335=DIRECTION('',(-1.,-1.22464679914735E-16,0.));
#7336=DIRECTION('',(0.,0.,1.));
#7337=DIRECTION('center_axis',(-0.975597635569433,0.219566057193119,0.));
#7338=DIRECTION('ref_axis',(0.,0.,-1.));
#7339=DIRECTION('',(-0.21956605719312,-0.975597635569433,0.));
#7340=DIRECTION('',(0.,0.,1.));
#7341=DIRECTION('',(0.,0.,1.));
#7342=DIRECTION('center_axis',(-1.22464679914735E-16,1.,0.));
#7343=DIRECTION('ref_axis',(0.,0.,-1.));
#7344=DIRECTION('',(-1.,-1.22464679914735E-16,0.));
#7345=DIRECTION('',(0.,0.,1.));
#7346=DIRECTION('',(0.,0.,1.));
#7347=DIRECTION('',(0.,0.,1.));
#7348=DIRECTION('center_axis',(-1.22464679914735E-16,1.,0.));
#7349=DIRECTION('ref_axis',(0.,0.,-1.));
#7350=DIRECTION('',(-1.,-1.22464679914735E-16,0.));
#7351=DIRECTION('',(0.,0.,1.));
#7352=DIRECTION('center_axis',(-0.964793422129443,-0.263008845128371,0.));
#7353=DIRECTION('ref_axis',(0.263008845128371,-0.964793422129443,0.));
#7354=DIRECTION('',(0.263008845128375,-0.964793422129442,0.));
#7355=DIRECTION('',(0.,0.,1.));
#7356=DIRECTION('center_axis',(1.22464679914735E-16,-1.,0.));
#7357=DIRECTION('ref_axis',(0.,0.,1.));
#7358=DIRECTION('',(1.,1.22464679914735E-16,0.));
#7359=DIRECTION('',(0.,0.,1.));
#7360=DIRECTION('center_axis',(0.964307890287751,-0.264783482734075,-3.70972276230578E-14));
#7361=DIRECTION('ref_axis',(3.84703143017816E-14,4.71125472718695E-30,1.));
#7362=DIRECTION('',(0.264783482734076,0.964307890287751,0.));
#7363=DIRECTION('',(0.,0.,1.));
#7364=DIRECTION('center_axis',(-0.964679574276284,-0.263426116727496,4.7235786278993E-14));
#7365=DIRECTION('ref_axis',(-4.89652601118148E-14,-5.99651490653516E-30,
-1.));
#7366=DIRECTION('',(0.263426116727495,-0.964679574276284,0.));
#7367=DIRECTION('center_axis',(0.,0.,-1.));
#7368=DIRECTION('ref_axis',(1.,1.22464679914735E-16,0.));
#7369=DIRECTION('center_axis',(1.22464679914735E-16,-1.,0.));
#7370=DIRECTION('ref_axis',(0.,0.,1.));
#7371=DIRECTION('',(0.,0.,1.));
#7372=DIRECTION('',(1.,1.22464679914735E-16,0.));
#7373=DIRECTION('',(0.,0.,1.));
#7374=DIRECTION('center_axis',(1.,1.22464679914735E-16,0.));
#7375=DIRECTION('ref_axis',(0.,0.,1.));
#7376=DIRECTION('',(-1.22464679914735E-16,1.,0.));
#7377=DIRECTION('',(0.,0.,1.));
#7378=DIRECTION('center_axis',(-1.22464679914735E-16,1.,0.));
#7379=DIRECTION('ref_axis',(0.,0.,-1.));
#7380=DIRECTION('',(-1.,-1.22464679914735E-16,0.));
#7381=DIRECTION('',(0.,0.,1.));
#7382=DIRECTION('center_axis',(-1.,-1.22464679914735E-16,0.));
#7383=DIRECTION('ref_axis',(0.,0.,-1.));
#7384=DIRECTION('',(1.22464679914735E-16,-1.,0.));
#7385=DIRECTION('center_axis',(0.,0.,-1.));
#7386=DIRECTION('ref_axis',(1.,1.22464679914735E-16,0.));
#7387=DIRECTION('center_axis',(1.22464679914735E-16,-1.,0.));
#7388=DIRECTION('ref_axis',(0.,0.,1.));
#7389=DIRECTION('',(0.,0.,1.));
#7390=DIRECTION('',(1.,1.22464679914735E-16,0.));
#7391=DIRECTION('',(0.,0.,1.));
#7392=DIRECTION('center_axis',(1.,1.22464679914735E-16,0.));
#7393=DIRECTION('ref_axis',(0.,0.,1.));
#7394=DIRECTION('',(-1.22464679914735E-16,1.,0.));
#7395=DIRECTION('',(0.,0.,1.));
#7396=DIRECTION('center_axis',(-1.22464679914735E-16,1.,0.));
#7397=DIRECTION('ref_axis',(0.,0.,-1.));
#7398=DIRECTION('',(-1.,-1.22464679914735E-16,0.));
#7399=DIRECTION('',(0.,0.,1.));
#7400=DIRECTION('',(0.,0.,1.));
#7401=DIRECTION('',(0.,0.,1.));
#7402=DIRECTION('center_axis',(-1.22464679914735E-16,1.,0.));
#7403=DIRECTION('ref_axis',(0.,0.,-1.));
#7404=DIRECTION('',(-1.,-1.22464679914735E-16,0.));
#7405=DIRECTION('',(0.,0.,1.));
#7406=DIRECTION('center_axis',(-1.,-1.22464679914735E-16,0.));
#7407=DIRECTION('ref_axis',(0.,0.,-1.));
#7408=DIRECTION('',(1.22464679914735E-16,-1.,0.));
#7409=DIRECTION('',(0.,0.,1.));
#7410=DIRECTION('center_axis',(1.22464679914735E-16,-1.,0.));
#7411=DIRECTION('ref_axis',(0.,0.,1.));
#7412=DIRECTION('',(1.,1.22464679914735E-16,0.));
#7413=DIRECTION('',(0.,0.,1.));
#7414=DIRECTION('center_axis',(1.,1.22464679914735E-16,0.));
#7415=DIRECTION('ref_axis',(0.,0.,1.));
#7416=DIRECTION('',(-1.22464679914735E-16,1.,0.));
#7417=DIRECTION('',(0.,0.,1.));
#7418=DIRECTION('center_axis',(-0.944324783586908,-0.329014746027499,0.));
#7419=DIRECTION('ref_axis',(0.329014746027499,-0.944324783586908,0.));
#7420=DIRECTION('',(0.329014746027494,-0.94432478358691,0.));
#7421=DIRECTION('',(0.,0.,1.));
#7422=DIRECTION('center_axis',(1.22464679914735E-16,-1.,0.));
#7423=DIRECTION('ref_axis',(0.,0.,1.));
#7424=DIRECTION('',(1.,1.22464679914735E-16,0.));
#7425=DIRECTION('',(0.,0.,1.));
#7426=DIRECTION('center_axis',(0.947119208417571,-0.320881917605954,0.));
#7427=DIRECTION('ref_axis',(0.320881917605954,0.947119208417571,0.));
#7428=DIRECTION('',(0.320881917605946,0.947119208417573,0.));
#7429=DIRECTION('',(0.,0.,1.));
#7430=DIRECTION('center_axis',(-1.,-1.22464679914735E-16,0.));
#7431=DIRECTION('ref_axis',(0.,0.,-1.));
#7432=DIRECTION('',(1.22464679914735E-16,-1.,0.));
#7433=DIRECTION('center_axis',(0.,0.,-1.));
#7434=DIRECTION('ref_axis',(1.,1.22464679914735E-16,0.));
#7435=DIRECTION('center_axis',(-1.,-1.22464679914735E-16,0.));
#7436=DIRECTION('ref_axis',(0.,0.,-1.));
#7437=DIRECTION('',(0.,0.,1.));
#7438=DIRECTION('',(1.22464679914735E-16,-1.,0.));
#7439=DIRECTION('',(0.,0.,1.));
#7440=DIRECTION('center_axis',(1.22464679914735E-16,-1.,0.));
#7441=DIRECTION('ref_axis',(0.,0.,1.));
#7442=DIRECTION('',(1.,1.22464679914735E-16,0.));
#7443=DIRECTION('',(0.,0.,1.));
#7444=DIRECTION('center_axis',(1.,1.22464679914735E-16,0.));
#7445=DIRECTION('ref_axis',(0.,0.,1.));
#7446=DIRECTION('',(-1.22464679914735E-16,1.,0.));
#7447=DIRECTION('',(0.,0.,1.));
#7448=DIRECTION('center_axis',(-1.22464679914735E-16,1.,0.));
#7449=DIRECTION('ref_axis',(0.,0.,-1.));
#7450=DIRECTION('',(-1.,-1.22464679914735E-16,0.));
#7451=DIRECTION('center_axis',(0.,0.,-1.));
#7452=DIRECTION('ref_axis',(1.,1.22464679914735E-16,0.));
#7453=DIRECTION('center_axis',(-1.,-1.22464679914735E-16,0.));
#7454=DIRECTION('ref_axis',(0.,0.,-1.));
#7455=DIRECTION('',(0.,0.,1.));
#7456=DIRECTION('',(1.22464679914735E-16,-1.,0.));
#7457=DIRECTION('',(0.,0.,1.));
#7458=DIRECTION('center_axis',(1.22464679914735E-16,-1.,0.));
#7459=DIRECTION('ref_axis',(0.,0.,1.));
#7460=DIRECTION('',(1.,1.22464679914735E-16,0.));
#7461=DIRECTION('',(0.,0.,1.));
#7462=DIRECTION('center_axis',(-1.,-1.22464679914735E-16,0.));
#7463=DIRECTION('ref_axis',(0.,0.,-1.));
#7464=DIRECTION('',(1.22464679914735E-16,-1.,0.));
#7465=DIRECTION('',(0.,0.,1.));
#7466=DIRECTION('center_axis',(1.22464679914735E-16,-1.,0.));
#7467=DIRECTION('ref_axis',(0.,0.,1.));
#7468=DIRECTION('',(1.,1.22464679914735E-16,0.));
#7469=DIRECTION('',(0.,0.,1.));
#7470=DIRECTION('center_axis',(1.,1.22464679914735E-16,0.));
#7471=DIRECTION('ref_axis',(0.,0.,1.));
#7472=DIRECTION('',(-1.22464679914735E-16,1.,0.));
#7473=DIRECTION('',(0.,0.,1.));
#7474=DIRECTION('center_axis',(1.22464679914735E-16,-1.,0.));
#7475=DIRECTION('ref_axis',(0.,0.,1.));
#7476=DIRECTION('',(1.,1.22464679914735E-16,0.));
#7477=DIRECTION('',(0.,0.,1.));
#7478=DIRECTION('center_axis',(1.,1.22464679914735E-16,0.));
#7479=DIRECTION('ref_axis',(0.,0.,1.));
#7480=DIRECTION('',(-1.22464679914735E-16,1.,0.));
#7481=DIRECTION('',(0.,0.,1.));
#7482=DIRECTION('center_axis',(-1.22464679914735E-16,1.,0.));
#7483=DIRECTION('ref_axis',(0.,0.,-1.));
#7484=DIRECTION('',(-1.,-1.22464679914735E-16,0.));
#7485=DIRECTION('',(0.,0.,1.));
#7486=DIRECTION('center_axis',(1.,1.22464679914735E-16,0.));
#7487=DIRECTION('ref_axis',(0.,0.,1.));
#7488=DIRECTION('',(-1.22464679914735E-16,1.,0.));
#7489=DIRECTION('',(0.,0.,1.));
#7490=DIRECTION('center_axis',(-1.22464679914735E-16,1.,0.));
#7491=DIRECTION('ref_axis',(0.,0.,-1.));
#7492=DIRECTION('',(-1.,-1.22464679914735E-16,0.));
#7493=DIRECTION('',(0.,0.,1.));
#7494=DIRECTION('center_axis',(-1.,-1.22464679914735E-16,0.));
#7495=DIRECTION('ref_axis',(0.,0.,-1.));
#7496=DIRECTION('',(1.22464679914735E-16,-1.,0.));
#7497=DIRECTION('',(0.,0.,1.));
#7498=DIRECTION('center_axis',(-1.22464679914735E-16,1.,0.));
#7499=DIRECTION('ref_axis',(0.,0.,-1.));
#7500=DIRECTION('',(-1.,-1.22464679914735E-16,0.));
#7501=DIRECTION('center_axis',(0.,0.,-1.));
#7502=DIRECTION('ref_axis',(1.,1.22464679914735E-16,0.));
#7503=DIRECTION('axis',(0.,0.,1.));
#7504=DIRECTION('refdir',(1.,0.,0.));
#7505=DIRECTION('center_axis',(0.,0.,1.));
#7506=DIRECTION('ref_axis',(-1.,-1.22464679914735E-16,0.));
#7507=DIRECTION('center_axis',(0.,0.,1.));
#7508=DIRECTION('ref_axis',(-1.,-1.22464679914735E-16,0.));
#7509=DIRECTION('',(0.707106781186546,-2.24922941731748E-31,0.707106781186549));
#7510=DIRECTION('center_axis',(0.,0.,-1.));
#7511=DIRECTION('ref_axis',(-1.,-1.22464679914735E-16,0.));
#7512=DIRECTION('center_axis',(0.,0.,1.));
#7513=DIRECTION('ref_axis',(-1.,-1.22464679914735E-16,0.));
#7514=DIRECTION('center_axis',(0.,0.,1.));
#7515=DIRECTION('ref_axis',(-1.,-1.22464679914735E-16,0.));
#7516=DIRECTION('',(0.,0.,-1.));
#7517=DIRECTION('center_axis',(0.,0.,1.));
#7518=DIRECTION('ref_axis',(-1.,-1.22464679914735E-16,0.));
#7519=DIRECTION('center_axis',(0.,0.,-1.));
#7520=DIRECTION('ref_axis',(1.,1.22464679914735E-16,0.));
#7521=DIRECTION('center_axis',(0.,0.,1.));
#7522=DIRECTION('ref_axis',(-1.,-1.22464679914735E-16,0.));
#7523=DIRECTION('center_axis',(0.,0.,1.));
#7524=DIRECTION('ref_axis',(-1.,-1.22464679914735E-16,0.));
#7525=DIRECTION('center_axis',(0.,0.,-1.));
#7526=DIRECTION('ref_axis',(1.,1.22464679914735E-16,0.));
#7527=DIRECTION('',(0.70710678118655,-2.4069697071221E-31,0.707106781186545));
#7528=DIRECTION('center_axis',(0.,0.,1.));
#7529=DIRECTION('ref_axis',(-1.,-1.22464679914735E-16,0.));
#7530=DIRECTION('center_axis',(0.,0.,1.));
#7531=DIRECTION('ref_axis',(-1.,-1.22464679914735E-16,0.));
#7532=DIRECTION('',(0.707106781186546,-2.24922941731748E-31,0.707106781186549));
#7533=DIRECTION('center_axis',(0.,0.,-1.));
#7534=DIRECTION('ref_axis',(-1.,-1.22464679914735E-16,0.));
#7535=DIRECTION('center_axis',(0.,0.,1.));
#7536=DIRECTION('ref_axis',(-1.,-1.22464679914735E-16,0.));
#7537=DIRECTION('center_axis',(0.,0.,-1.));
#7538=DIRECTION('ref_axis',(1.,1.22464679914735E-16,0.));
#7539=DIRECTION('',(0.,0.,-1.));
#7540=DIRECTION('center_axis',(0.,0.,-1.));
#7541=DIRECTION('ref_axis',(1.,1.22464679914735E-16,0.));
#7542=DIRECTION('center_axis',(0.,0.,-1.));
#7543=DIRECTION('ref_axis',(1.,1.22464679914735E-16,0.));
#7544=DIRECTION('center_axis',(0.,0.,-1.));
#7545=DIRECTION('ref_axis',(1.,1.22464679914735E-16,0.));
#7546=DIRECTION('center_axis',(0.,0.,-1.));
#7547=DIRECTION('ref_axis',(1.,1.22464679914735E-16,0.));
#7548=DIRECTION('center_axis',(0.,0.,-1.));
#7549=DIRECTION('ref_axis',(1.,1.22464679914735E-16,0.));
#7550=DIRECTION('center_axis',(0.,0.,-1.));
#7551=DIRECTION('ref_axis',(1.,1.22464679914735E-16,0.));
#7552=DIRECTION('',(0.70710678118655,-2.29999327569445E-31,0.707106781186545));
#7553=DIRECTION('axis',(0.,0.,1.));
#7554=DIRECTION('refdir',(1.,0.,0.));
#7555=DIRECTION('center_axis',(-1.22464679914735E-16,1.,0.));
#7556=DIRECTION('ref_axis',(0.,0.,-1.));
#7557=DIRECTION('',(0.707106781186547,8.65956056235493E-17,-0.707106781186548));
#7558=DIRECTION('',(0.707106781186547,8.65956056235493E-17,0.707106781186548));
#7559=DIRECTION('center_axis',(1.22464679914735E-16,-1.,0.));
#7560=DIRECTION('ref_axis',(-1.,-1.22464679914735E-16,0.));
#7561=DIRECTION('center_axis',(-0.707106781186548,-8.65956056235492E-17,
-0.707106781186548));
#7562=DIRECTION('ref_axis',(0.707106781186548,8.65956056235493E-17,-0.707106781186548));
#7563=DIRECTION('',(1.22464679914735E-16,-1.,0.));
#7564=DIRECTION('',(0.707106781186547,8.65956056235493E-17,-0.707106781186548));
#7565=DIRECTION('',(1.22464679914735E-16,-1.,0.));
#7566=DIRECTION('center_axis',(0.707106781186548,8.65956056235492E-17,-0.707106781186548));
#7567=DIRECTION('ref_axis',(0.707106781186548,8.65956056235493E-17,0.707106781186548));
#7568=DIRECTION('',(0.707106781186547,8.65956056235493E-17,0.707106781186548));
#7569=DIRECTION('',(1.22464679914735E-16,-1.,0.));
#7570=DIRECTION('center_axis',(1.22464679914735E-16,-1.,0.));
#7571=DIRECTION('ref_axis',(0.,0.,1.));
#7572=DIRECTION('center_axis',(1.22464679914735E-16,-1.,0.));
#7573=DIRECTION('ref_axis',(0.,0.,1.));
#7574=DIRECTION('center_axis',(1.22464679914735E-16,-1.,0.));
#7575=DIRECTION('ref_axis',(0.,0.,1.));
#7576=DIRECTION('center_axis',(1.22464679914735E-16,-1.,0.));
#7577=DIRECTION('ref_axis',(0.,0.,1.));
#7578=DIRECTION('center_axis',(-1.22464679914735E-16,1.,0.));
#7579=DIRECTION('ref_axis',(0.,0.,1.));
#7580=DIRECTION('center_axis',(0.,1.,6.12323399573677E-17));
#7581=DIRECTION('ref_axis',(1.,0.,0.));
#7582=DIRECTION('center_axis',(-1.,-1.22464679914735E-16,0.));
#7583=DIRECTION('ref_axis',(0.,0.,-1.));
#7584=DIRECTION('center_axis',(-1.22464679914735E-16,1.,0.));
#7585=DIRECTION('ref_axis',(-1.,-1.22464679914735E-16,0.));
#7586=DIRECTION('center_axis',(-1.22464679914735E-16,1.,0.));
#7587=DIRECTION('ref_axis',(-1.,-1.22464679914735E-16,0.));
#7588=DIRECTION('center_axis',(-1.22464679914735E-16,1.,0.));
#7589=DIRECTION('ref_axis',(-1.,-1.22464679914735E-16,0.));
#7590=DIRECTION('center_axis',(0.,1.,6.12323399573677E-17));
#7591=DIRECTION('ref_axis',(1.,0.,0.));
#7592=DIRECTION('center_axis',(1.22464679914735E-16,-1.,0.));
#7593=DIRECTION('ref_axis',(0.,0.,-1.));
#7594=DIRECTION('center_axis',(-1.,-1.22464679914735E-16,0.));
#7595=DIRECTION('ref_axis',(0.,0.,1.));
#7596=DIRECTION('center_axis',(1.22464679914735E-16,-1.,0.));
#7597=DIRECTION('ref_axis',(-1.,-1.15648231731787E-16,0.));
#7598=DIRECTION('center_axis',(1.22464679914735E-16,-1.,0.));
#7599=DIRECTION('ref_axis',(-1.,-1.15648231731787E-16,0.));
#7600=DIRECTION('center_axis',(-9.25185853854297E-17,1.,0.));
#7601=DIRECTION('ref_axis',(-1.,-9.25185853854297E-17,0.));
#7602=DIRECTION('',(-9.25185853854297E-17,1.,0.));
#7603=DIRECTION('center_axis',(-1.22464679914735E-16,1.,0.));
#7604=DIRECTION('ref_axis',(-1.,-9.25185853854297E-17,0.));
#7605=DIRECTION('center_axis',(0.,0.,-1.));
#7606=DIRECTION('ref_axis',(1.,0.,0.));
#7607=DIRECTION('center_axis',(0.,0.,-1.));
#7608=DIRECTION('ref_axis',(1.,0.,0.));
#7609=DIRECTION('center_axis',(0.,0.,-1.));
#7610=DIRECTION('ref_axis',(1.,0.,0.));
#7611=DIRECTION('center_axis',(0.,1.,0.));
#7612=DIRECTION('ref_axis',(-1.,0.,0.));
#7613=DIRECTION('center_axis',(0.,0.,1.));
#7614=DIRECTION('ref_axis',(1.,0.,0.));
#7615=DIRECTION('center_axis',(0.,0.,1.));
#7616=DIRECTION('ref_axis',(1.,0.,0.));
#7617=DIRECTION('center_axis',(0.,0.,-1.));
#7618=DIRECTION('ref_axis',(-1.,0.,0.));
#7619=DIRECTION('center_axis',(0.,0.,-1.));
#7620=DIRECTION('ref_axis',(1.,0.,0.));
#7621=DIRECTION('center_axis',(0.,0.,-1.));
#7622=DIRECTION('ref_axis',(1.,0.,0.));
#7623=DIRECTION('',(0.,0.,1.));
#7624=DIRECTION('center_axis',(0.,0.,-1.));
#7625=DIRECTION('ref_axis',(-1.,0.,0.));
#7626=DIRECTION('center_axis',(0.,-1.,0.));
#7627=DIRECTION('ref_axis',(1.,0.,0.));
#7628=DIRECTION('center_axis',(0.,0.,-1.));
#7629=DIRECTION('ref_axis',(1.,0.,0.));
#7630=DIRECTION('center_axis',(0.,0.,-1.));
#7631=DIRECTION('ref_axis',(1.,0.,0.));
#7632=DIRECTION('center_axis',(0.,0.,-1.));
#7633=DIRECTION('ref_axis',(-1.,0.,0.));
#7634=DIRECTION('',(0.,0.,1.));
#7635=DIRECTION('center_axis',(0.,0.,1.));
#7636=DIRECTION('ref_axis',(1.,0.,0.));
#7637=DIRECTION('center_axis',(0.,0.,1.));
#7638=DIRECTION('ref_axis',(1.,0.,0.));
#7639=DIRECTION('center_axis',(0.,0.,1.));
#7640=DIRECTION('ref_axis',(1.,0.,0.));
#7641=DIRECTION('center_axis',(-1.,0.,0.));
#7642=DIRECTION('ref_axis',(0.,0.,1.));
#7643=DIRECTION('center_axis',(1.,0.,0.));
#7644=DIRECTION('ref_axis',(0.,0.,1.));
#7645=DIRECTION('center_axis',(-1.22464679914735E-16,1.,0.));
#7646=DIRECTION('ref_axis',(0.,0.,-1.));
#7647=DIRECTION('center_axis',(0.,0.,-1.));
#7648=DIRECTION('ref_axis',(-1.,0.,0.));
#7649=DIRECTION('center_axis',(0.,0.,1.));
#7650=DIRECTION('ref_axis',(1.,0.,0.));
#7651=DIRECTION('center_axis',(0.,0.,1.));
#7652=DIRECTION('ref_axis',(1.,0.,0.));
#7653=DIRECTION('',(-0.707106781186548,8.65956056235494E-17,0.707106781186548));
#7654=DIRECTION('center_axis',(-1.22464679914735E-16,1.,0.));
#7655=DIRECTION('ref_axis',(0.,0.,1.));
#7656=DIRECTION('center_axis',(0.,-1.,-6.12323399573677E-17));
#7657=DIRECTION('ref_axis',(-1.,0.,0.));
#7658=DIRECTION('center_axis',(0.,-1.,-6.12323399573677E-17));
#7659=DIRECTION('ref_axis',(-1.,0.,0.));
#7660=DIRECTION('center_axis',(-1.,-1.22464679914735E-16,0.));
#7661=DIRECTION('ref_axis',(0.,0.,-1.));
#7662=DIRECTION('center_axis',(-1.22464679914735E-16,1.,0.));
#7663=DIRECTION('ref_axis',(1.,1.22464679914735E-16,0.));
#7664=DIRECTION('center_axis',(-1.22464679914735E-16,1.,0.));
#7665=DIRECTION('ref_axis',(1.,1.22464679914735E-16,0.));
#7666=DIRECTION('center_axis',(-1.22464679914735E-16,1.,0.));
#7667=DIRECTION('ref_axis',(1.,1.22464679914735E-16,0.));
#7668=DIRECTION('center_axis',(1.22464679914735E-16,-1.,0.));
#7669=DIRECTION('ref_axis',(0.,0.,-1.));
#7670=DIRECTION('center_axis',(-1.,-1.22464679914735E-16,0.));
#7671=DIRECTION('ref_axis',(0.,0.,1.));
#7672=DIRECTION('center_axis',(1.22464679914735E-16,-1.,0.));
#7673=DIRECTION('ref_axis',(1.,1.15648231731787E-16,0.));
#7674=DIRECTION('center_axis',(1.22464679914735E-16,-1.,0.));
#7675=DIRECTION('ref_axis',(1.,1.15648231731787E-16,0.));
#7676=DIRECTION('center_axis',(-9.25185853854297E-17,-1.,0.));
#7677=DIRECTION('ref_axis',(1.,-9.25185853854297E-17,0.));
#7678=DIRECTION('',(9.25185853854297E-17,1.,0.));
#7679=DIRECTION('center_axis',(-1.22464679914735E-16,1.,0.));
#7680=DIRECTION('ref_axis',(1.,-9.25185853854297E-17,0.));
#7681=DIRECTION('center_axis',(0.,0.,-1.));
#7682=DIRECTION('ref_axis',(-1.,0.,0.));
#7683=DIRECTION('center_axis',(0.,0.,-1.));
#7684=DIRECTION('ref_axis',(-1.,0.,0.));
#7685=DIRECTION('center_axis',(0.,0.,-1.));
#7686=DIRECTION('ref_axis',(-1.,0.,0.));
#7687=DIRECTION('center_axis',(0.,-1.,0.));
#7688=DIRECTION('ref_axis',(1.,0.,0.));
#7689=DIRECTION('center_axis',(0.,0.,1.));
#7690=DIRECTION('ref_axis',(-1.,0.,0.));
#7691=DIRECTION('center_axis',(0.,0.,1.));
#7692=DIRECTION('ref_axis',(-1.,0.,0.));
#7693=DIRECTION('center_axis',(0.,0.,1.));
#7694=DIRECTION('ref_axis',(1.,0.,0.));
#7695=DIRECTION('center_axis',(0.,0.,-1.));
#7696=DIRECTION('ref_axis',(-1.,0.,0.));
#7697=DIRECTION('center_axis',(0.,0.,-1.));
#7698=DIRECTION('ref_axis',(-1.,0.,0.));
#7699=DIRECTION('',(0.,0.,1.));
#7700=DIRECTION('center_axis',(0.,0.,1.));
#7701=DIRECTION('ref_axis',(1.,0.,0.));
#7702=DIRECTION('center_axis',(0.,0.,-1.));
#7703=DIRECTION('ref_axis',(-1.,0.,0.));
#7704=DIRECTION('center_axis',(0.,-1.,0.));
#7705=DIRECTION('ref_axis',(-1.,0.,0.));
#7706=DIRECTION('center_axis',(0.,0.,-1.));
#7707=DIRECTION('ref_axis',(-1.,0.,0.));
#7708=DIRECTION('center_axis',(0.,0.,1.));
#7709=DIRECTION('ref_axis',(1.,0.,0.));
#7710=DIRECTION('',(0.,0.,1.));
#7711=DIRECTION('center_axis',(0.,0.,-1.));
#7712=DIRECTION('ref_axis',(-1.,0.,0.));
#7713=DIRECTION('center_axis',(0.,0.,-1.));
#7714=DIRECTION('ref_axis',(-1.,0.,0.));
#7715=DIRECTION('center_axis',(1.,0.,0.));
#7716=DIRECTION('ref_axis',(0.,0.,1.));
#7717=DIRECTION('center_axis',(1.,0.,0.));
#7718=DIRECTION('ref_axis',(0.,0.,1.));
#7719=DIRECTION('center_axis',(-1.22464679914735E-16,1.,0.));
#7720=DIRECTION('ref_axis',(0.,0.,-1.));
#7721=DIRECTION('center_axis',(0.,0.,1.));
#7722=DIRECTION('ref_axis',(-1.,0.,0.));
#7723=DIRECTION('',(-0.707106781186548,-8.65956056235494E-17,-0.707106781186548));
#7724=DIRECTION('center_axis',(0.,0.,1.));
#7725=DIRECTION('ref_axis',(-1.,0.,0.));
#7726=DIRECTION('center_axis',(0.,0.,1.));
#7727=DIRECTION('ref_axis',(1.,0.,0.));
#7728=DIRECTION('center_axis',(-1.22464679914735E-16,1.,0.));
#7729=DIRECTION('ref_axis',(0.,0.,-1.));
#7730=DIRECTION('center_axis',(-1.22464679914735E-16,1.,0.));
#7731=DIRECTION('ref_axis',(0.,0.,-1.));
#7732=DIRECTION('center_axis',(-1.22464679914735E-16,1.,0.));
#7733=DIRECTION('ref_axis',(0.,0.,-1.));
#7734=DIRECTION('',(0.707106781186548,8.65956056235494E-17,0.707106781186547));
#7735=DIRECTION('',(-0.707106781186547,-8.65956056235493E-17,0.707106781186548));
#7736=DIRECTION('center_axis',(0.707106781186548,8.65956056235492E-17,-0.707106781186548));
#7737=DIRECTION('ref_axis',(0.707106781186548,8.65956056235493E-17,0.707106781186548));
#7738=DIRECTION('',(1.22464679914735E-16,-1.,0.));
#7739=DIRECTION('',(1.22464679914735E-16,-1.,0.));
#7740=DIRECTION('',(0.707106781186548,8.65956056235494E-17,0.707106781186547));
#7741=DIRECTION('center_axis',(0.707106781186548,8.65956056235492E-17,0.707106781186548));
#7742=DIRECTION('ref_axis',(-0.707106781186548,-8.65956056235493E-17,0.707106781186548));
#7743=DIRECTION('',(1.22464679914735E-16,-1.,0.));
#7744=DIRECTION('',(-0.707106781186547,-8.65956056235493E-17,0.707106781186548));
#7745=DIRECTION('center_axis',(1.22464679914735E-16,-1.,0.));
#7746=DIRECTION('ref_axis',(0.,0.,1.));
#7747=DIRECTION('center_axis',(-1.22464679914735E-16,1.,0.));
#7748=DIRECTION('ref_axis',(-1.,-1.22464679914735E-16,0.));
#7749=DIRECTION('center_axis',(-1.22464679914735E-16,1.,0.));
#7750=DIRECTION('ref_axis',(0.,0.,-1.));
#7751=DIRECTION('center_axis',(-1.22464679914735E-16,1.,0.));
#7752=DIRECTION('ref_axis',(0.,0.,-1.));
#7753=DIRECTION('',(0.707106781186548,8.65956056235494E-17,0.707106781186547));
#7754=DIRECTION('',(-0.707106781186547,-8.65956056235493E-17,0.707106781186548));
#7755=DIRECTION('center_axis',(1.22464679914735E-16,-1.,0.));
#7756=DIRECTION('ref_axis',(1.,1.22464679914735E-16,0.));
#7757=DIRECTION('center_axis',(0.707106781186548,8.65956056235492E-17,-0.707106781186548));
#7758=DIRECTION('ref_axis',(0.707106781186548,8.65956056235493E-17,0.707106781186548));
#7759=DIRECTION('',(1.22464679914735E-16,-1.,0.));
#7760=DIRECTION('',(0.707106781186548,8.65956056235494E-17,0.707106781186547));
#7761=DIRECTION('',(1.22464679914735E-16,-1.,0.));
#7762=DIRECTION('center_axis',(0.707106781186548,8.65956056235494E-17,0.707106781186547));
#7763=DIRECTION('ref_axis',(-0.707106781186547,-8.65956056235493E-17,0.707106781186548));
#7764=DIRECTION('',(-0.707106781186547,-8.65956056235493E-17,0.707106781186548));
#7765=DIRECTION('',(1.22464679914735E-16,-1.,0.));
#7766=DIRECTION('center_axis',(1.22464679914735E-16,-1.,0.));
#7767=DIRECTION('ref_axis',(0.,0.,1.));
#7768=DIRECTION('center_axis',(1.22464679914735E-16,-1.,0.));
#7769=DIRECTION('ref_axis',(0.,0.,1.));
#7770=DIRECTION('center_axis',(1.22464679914735E-16,-1.,0.));
#7771=DIRECTION('ref_axis',(0.,0.,1.));
#7772=DIRECTION('center_axis',(1.22464679914735E-16,-1.,0.));
#7773=DIRECTION('ref_axis',(0.,0.,1.));
#7774=DIRECTION('center_axis',(-1.22464679914735E-16,1.,0.));
#7775=DIRECTION('ref_axis',(0.,0.,-1.));
#7776=DIRECTION('center_axis',(1.22464679914735E-16,-1.,0.));
#7777=DIRECTION('ref_axis',(-1.,-1.22464679914735E-16,0.));
#7778=DIRECTION('',(-0.707106781186547,-8.65956056235493E-17,0.707106781186548));
#7779=DIRECTION('',(-0.707106781186548,-8.65956056235494E-17,-0.707106781186547));
#7780=DIRECTION('center_axis',(1.22464679914735E-16,-1.,0.));
#7781=DIRECTION('ref_axis',(4.31842741858589E-15,5.28854831552136E-31,-1.));
#7782=DIRECTION('',(1.22464679914735E-16,-1.,0.));
#7783=DIRECTION('center_axis',(1.22464679914735E-16,-1.,0.));
#7784=DIRECTION('ref_axis',(0.,0.,1.));
#7785=DIRECTION('',(1.22464679914735E-16,-1.,0.));
#7786=DIRECTION('center_axis',(0.707106781186548,8.65956056235492E-17,0.707106781186548));
#7787=DIRECTION('ref_axis',(-0.707106781186548,-8.65956056235493E-17,0.707106781186548));
#7788=DIRECTION('',(-0.707106781186547,-8.65956056235493E-17,0.707106781186548));
#7789=DIRECTION('',(1.22464679914735E-16,-1.,0.));
#7790=DIRECTION('center_axis',(-0.707106781186548,-8.65956056235492E-17,
0.707106781186548));
#7791=DIRECTION('ref_axis',(-0.707106781186548,-8.65956056235493E-17,-0.707106781186548));
#7792=DIRECTION('',(-0.707106781186548,-8.65956056235494E-17,-0.707106781186547));
#7793=DIRECTION('center_axis',(1.22464679914735E-16,-1.,0.));
#7794=DIRECTION('ref_axis',(0.,0.,1.));
#7795=DIRECTION('center_axis',(1.22464679914735E-16,-1.,0.));
#7796=DIRECTION('ref_axis',(0.,0.,1.));
#7797=DIRECTION('center_axis',(-1.22464679914735E-16,1.,0.));
#7798=DIRECTION('ref_axis',(0.,0.,-1.));
#7799=DIRECTION('',(-0.707106781186547,-8.65956056235493E-17,-0.707106781186548));
#7800=DIRECTION('center_axis',(-1.22464679914735E-16,1.,0.));
#7801=DIRECTION('ref_axis',(-1.,-1.22464679914735E-16,0.));
#7802=DIRECTION('',(-0.707106781186547,-8.65956056235493E-17,0.707106781186548));
#7803=DIRECTION('center_axis',(-0.707106781186548,-8.65956056235492E-17,
0.707106781186548));
#7804=DIRECTION('ref_axis',(-0.707106781186548,-8.65956056235493E-17,-0.707106781186548));
#7805=DIRECTION('',(-0.707106781186547,-8.65956056235493E-17,-0.707106781186548));
#7806=DIRECTION('',(1.22464679914735E-16,-1.,0.));
#7807=DIRECTION('',(1.22464679914735E-16,-1.,0.));
#7808=DIRECTION('center_axis',(0.707106781186548,8.65956056235492E-17,0.707106781186548));
#7809=DIRECTION('ref_axis',(-0.707106781186548,-8.65956056235493E-17,0.707106781186548));
#7810=DIRECTION('',(1.22464679914735E-16,-1.,0.));
#7811=DIRECTION('',(-0.707106781186547,-8.65956056235493E-17,0.707106781186548));
#7812=DIRECTION('center_axis',(1.22464679914735E-16,-1.,0.));
#7813=DIRECTION('ref_axis',(0.,0.,1.));
#7814=DIRECTION('center_axis',(-1.22464679914735E-16,1.,0.));
#7815=DIRECTION('ref_axis',(0.,0.,-1.));
#7816=DIRECTION('center_axis',(-1.22464679914735E-16,1.,0.));
#7817=DIRECTION('ref_axis',(0.,0.,-1.));
#7818=DIRECTION('center_axis',(-1.22464679914735E-16,1.,0.));
#7819=DIRECTION('ref_axis',(0.,0.,-1.));
#7820=DIRECTION('center_axis',(-1.22464679914735E-16,1.,0.));
#7821=DIRECTION('ref_axis',(0.,0.,-1.));
#7822=DIRECTION('center_axis',(1.22464679914735E-16,-1.,0.));
#7823=DIRECTION('ref_axis',(1.,1.22464679914735E-16,0.));
#7824=DIRECTION('',(0.707106781186547,8.65956056235493E-17,0.707106781186548));
#7825=DIRECTION('',(-0.707106781186548,-8.65956056235494E-17,0.707106781186547));
#7826=DIRECTION('center_axis',(1.22464679914735E-16,-1.,0.));
#7827=DIRECTION('ref_axis',(0.,0.,1.));
#7828=DIRECTION('',(1.22464679914735E-16,-1.,0.));
#7829=DIRECTION('center_axis',(1.22464679914735E-16,-1.,0.));
#7830=DIRECTION('ref_axis',(0.,0.,1.));
#7831=DIRECTION('',(1.22464679914735E-16,-1.,0.));
#7832=DIRECTION('center_axis',(0.707106781186548,8.65956056235492E-17,-0.707106781186548));
#7833=DIRECTION('ref_axis',(0.707106781186548,8.65956056235493E-17,0.707106781186548));
#7834=DIRECTION('',(0.707106781186547,8.65956056235493E-17,0.707106781186548));
#7835=DIRECTION('',(1.22464679914735E-16,-1.,0.));
#7836=DIRECTION('center_axis',(0.707106781186548,8.65956056235492E-17,0.707106781186548));
#7837=DIRECTION('ref_axis',(-0.707106781186548,-8.65956056235493E-17,0.707106781186548));
#7838=DIRECTION('',(-0.707106781186548,-8.65956056235494E-17,0.707106781186547));
#7839=DIRECTION('center_axis',(1.22464679914735E-16,-1.,0.));
#7840=DIRECTION('ref_axis',(0.,0.,1.));
#7841=DIRECTION('center_axis',(1.22464679914735E-16,-1.,0.));
#7842=DIRECTION('ref_axis',(0.,0.,1.));
#7843=DIRECTION('center_axis',(-1.22464679914735E-16,1.,0.));
#7844=DIRECTION('ref_axis',(0.,0.,-1.));
#7845=DIRECTION('',(-0.707106781186548,-8.65956056235494E-17,0.707106781186547));
#7846=DIRECTION('center_axis',(-1.22464679914735E-16,1.,0.));
#7847=DIRECTION('ref_axis',(-1.,-1.22464679914735E-16,0.));
#7848=DIRECTION('',(0.707106781186547,8.65956056235493E-17,0.707106781186548));
#7849=DIRECTION('center_axis',(0.707106781186548,8.65956056235492E-17,0.707106781186548));
#7850=DIRECTION('ref_axis',(-0.707106781186548,-8.65956056235493E-17,0.707106781186548));
#7851=DIRECTION('',(-0.707106781186548,-8.65956056235494E-17,0.707106781186547));
#7852=DIRECTION('',(1.22464679914735E-16,-1.,0.));
#7853=DIRECTION('',(1.22464679914735E-16,-1.,0.));
#7854=DIRECTION('center_axis',(0.707106781186548,8.65956056235494E-17,-0.707106781186547));
#7855=DIRECTION('ref_axis',(0.707106781186547,8.65956056235493E-17,0.707106781186548));
#7856=DIRECTION('',(1.22464679914735E-16,-1.,0.));
#7857=DIRECTION('',(0.707106781186547,8.65956056235493E-17,0.707106781186548));
#7858=DIRECTION('center_axis',(1.22464679914735E-16,-1.,0.));
#7859=DIRECTION('ref_axis',(0.,0.,1.));
#7860=DIRECTION('center_axis',(-1.22464679914735E-16,1.,0.));
#7861=DIRECTION('ref_axis',(0.,0.,-1.));
#7862=DIRECTION('center_axis',(-1.22464679914735E-16,1.,0.));
#7863=DIRECTION('ref_axis',(0.,0.,-1.));
#7864=DIRECTION('center_axis',(-1.22464679914735E-16,1.,0.));
#7865=DIRECTION('ref_axis',(0.,0.,-1.));
#7866=DIRECTION('center_axis',(-1.22464679914735E-16,1.,0.));
#7867=DIRECTION('ref_axis',(0.,0.,-1.));
#7868=DIRECTION('center_axis',(-1.22464679914735E-16,1.,0.));
#7869=DIRECTION('ref_axis',(-1.,-1.22464679914735E-16,0.));
#7870=DIRECTION('',(0.707106781186548,8.65956056235494E-17,-0.707106781186547));
#7871=DIRECTION('',(0.707106781186547,8.65956056235493E-17,0.707106781186548));
#7872=DIRECTION('center_axis',(1.22464679914735E-16,-1.,0.));
#7873=DIRECTION('ref_axis',(3.43024899888577E-15,4.20084345676386E-31,-1.));
#7874=DIRECTION('',(1.22464679914735E-16,-1.,0.));
#7875=DIRECTION('center_axis',(-1.22464679914735E-16,1.,0.));
#7876=DIRECTION('ref_axis',(0.,0.,-1.));
#7877=DIRECTION('',(1.22464679914735E-16,-1.,0.));
#7878=DIRECTION('center_axis',(0.707106781186548,8.65956056235492E-17,-0.707106781186548));
#7879=DIRECTION('ref_axis',(0.707106781186548,8.65956056235493E-17,0.707106781186548));
#7880=DIRECTION('',(0.707106781186547,8.65956056235493E-17,0.707106781186548));
#7881=DIRECTION('',(1.22464679914735E-16,-1.,0.));
#7882=DIRECTION('center_axis',(-0.707106781186548,-8.65956056235492E-17,
-0.707106781186548));
#7883=DIRECTION('ref_axis',(0.707106781186548,8.65956056235493E-17,-0.707106781186548));
#7884=DIRECTION('',(0.707106781186548,8.65956056235494E-17,-0.707106781186547));
#7885=DIRECTION('center_axis',(-1.22464679914735E-16,1.,0.));
#7886=DIRECTION('ref_axis',(0.,0.,-1.));
#7887=DIRECTION('center_axis',(-1.22464679914735E-16,1.,0.));
#7888=DIRECTION('ref_axis',(0.,0.,-1.));
#7889=DIRECTION('',(0.,0.,1.));
#7890=DIRECTION('',(1.,0.,0.));
#7891=DIRECTION('',(0.,0.,1.));
#7892=DIRECTION('',(1.,0.,0.));
#7893=DIRECTION('',(0.,0.,1.));
#7894=DIRECTION('',(1.,0.,0.));
#7895=CARTESIAN_POINT('',(0.,0.,0.));
#7896=CARTESIAN_POINT('',(0.,0.,0.));
#7897=CARTESIAN_POINT('Origin',(-4.85,-4.4,1.35));
#7898=CARTESIAN_POINT('',(-4.95000000000001,-4.4,0.));
#7899=CARTESIAN_POINT('',(-4.85,-4.5,0.));
#7900=CARTESIAN_POINT('Origin',(-4.85,-4.4,0.));
#7901=CARTESIAN_POINT('',(-4.85,-4.5,4.6));
#7902=CARTESIAN_POINT('',(-4.85,-4.5,1.35));
#7903=CARTESIAN_POINT('',(-4.95,-4.4,4.6));
#7904=CARTESIAN_POINT('Origin',(-4.85,-4.4,4.6));
#7905=CARTESIAN_POINT('',(-4.95,-4.4,1.35));
#7906=CARTESIAN_POINT('Origin',(-4.45,-4.4,4.6));
#7907=CARTESIAN_POINT('',(-4.45,-4.5,5.));
#7908=CARTESIAN_POINT('',(-4.45,-4.4,5.1));
#7909=CARTESIAN_POINT('Origin',(-4.45,-4.4,5.));
#7910=CARTESIAN_POINT('Origin',(-4.45,-4.4,4.6));
#7911=CARTESIAN_POINT('Origin',(-4.45,-4.5,4.6));
#7912=CARTESIAN_POINT('Origin',(-2.475,-4.4,5.));
#7913=CARTESIAN_POINT('',(4.45,-4.5,5.));
#7914=CARTESIAN_POINT('',(4.45,-4.4,5.1));
#7915=CARTESIAN_POINT('Origin',(4.45,-4.4,5.));
#7916=CARTESIAN_POINT('',(-2.475,-4.4,5.1));
#7917=CARTESIAN_POINT('',(-2.475,-4.5,5.));
#7918=CARTESIAN_POINT('Origin',(4.45,-4.4,4.6));
#7919=CARTESIAN_POINT('',(4.85,-4.5,4.6));
#7920=CARTESIAN_POINT('',(4.95,-4.4,4.6));
#7921=CARTESIAN_POINT('Origin',(4.85,-4.4,4.6));
#7922=CARTESIAN_POINT('Origin',(4.45,-4.4,4.6));
#7923=CARTESIAN_POINT('Origin',(4.45,-4.5,4.6));
#7924=CARTESIAN_POINT('Origin',(4.85,-4.4,3.85));
#7925=CARTESIAN_POINT('',(4.85,-4.5,0.));
#7926=CARTESIAN_POINT('',(4.95,-4.4,0.));
#7927=CARTESIAN_POINT('Origin',(4.85,-4.4,0.));
#7928=CARTESIAN_POINT('',(4.95,-4.4,3.85));
#7929=CARTESIAN_POINT('',(4.85,-4.5,3.85));
#7930=CARTESIAN_POINT('Origin',(4.55,-3.35,0.));
#7931=CARTESIAN_POINT('',(3.95,-4.5,0.));
#7932=CARTESIAN_POINT('',(3.95,-4.5,0.));
#7933=CARTESIAN_POINT('',(4.50481217353243,-3.32859765575605,0.));
#7934=CARTESIAN_POINT('',(4.50481217353243,-3.32859765575605,0.));
#7935=CARTESIAN_POINT('',(4.55,-3.3,0.));
#7936=CARTESIAN_POINT('Origin',(4.55,-3.35,0.));
#7937=CARTESIAN_POINT('',(4.95,-3.3,0.));
#7938=CARTESIAN_POINT('',(4.95,-3.3,0.));
#7939=CARTESIAN_POINT('',(4.95,-4.5,0.));
#7940=CARTESIAN_POINT('Origin',(4.163799117101E-16,-4.5,2.6));
#7941=CARTESIAN_POINT('',(-3.95000000000001,-4.5,0.));
#7942=CARTESIAN_POINT('',(-3.95000000000001,-4.5,0.));
#7943=CARTESIAN_POINT('',(-3.95000000000001,-4.5,0.1));
#7944=CARTESIAN_POINT('',(-3.95000000000001,-4.5,0.));
#7945=CARTESIAN_POINT('',(3.95,-4.5,0.1));
#7946=CARTESIAN_POINT('',(4.95,-4.5,0.1));
#7947=CARTESIAN_POINT('',(3.95,-4.5,0.));
#7948=CARTESIAN_POINT('Origin',(-5.05,0.499999999999999,3.5));
#7949=CARTESIAN_POINT('',(-4.95,0.299999999999999,3.5));
#7950=CARTESIAN_POINT('',(-4.95,0.499999999999999,3.7));
#7951=CARTESIAN_POINT('Origin',(-4.95,0.499999999999999,3.5));
#7952=CARTESIAN_POINT('',(-5.05,0.499999999999999,3.6));
#7953=CARTESIAN_POINT('Origin',(-5.05,0.499999999999999,3.7));
#7954=CARTESIAN_POINT('',(-5.05,0.399999999999999,3.5));
#7955=CARTESIAN_POINT('Origin',(-5.05,0.499999999999999,3.5));
#7956=CARTESIAN_POINT('Origin',(-5.05,0.299999999999999,3.5));
#7957=CARTESIAN_POINT('Origin',(-5.05,2.3,3.5));
#7958=CARTESIAN_POINT('',(-4.95,2.3,3.7));
#7959=CARTESIAN_POINT('',(-4.95,2.5,3.5));
#7960=CARTESIAN_POINT('Origin',(-4.95,2.3,3.5));
#7961=CARTESIAN_POINT('',(-5.05,2.4,3.5));
#7962=CARTESIAN_POINT('Origin',(-5.05,2.5,3.5));
#7963=CARTESIAN_POINT('',(-5.05,2.3,3.6));
#7964=CARTESIAN_POINT('Origin',(-5.05,2.3,3.5));
#7965=CARTESIAN_POINT('Origin',(-5.05,2.3,3.7));
#7966=CARTESIAN_POINT('Origin',(-5.05,2.5,1.85));
#7967=CARTESIAN_POINT('',(-4.95,2.5,0.1));
#7968=CARTESIAN_POINT('',(-5.05,2.4,0.1));
#7969=CARTESIAN_POINT('Origin',(-5.05,2.5,0.1));
#7970=CARTESIAN_POINT('',(-5.05,2.4,1.85));
#7971=CARTESIAN_POINT('',(-4.95,2.5,1.85));
#7972=CARTESIAN_POINT('Origin',(-2.275,2.3,3.5));
#7973=CARTESIAN_POINT('',(-5.85,2.4,3.5));
#7974=CARTESIAN_POINT('',(-5.85,2.3,3.6));
#7975=CARTESIAN_POINT('Origin',(-5.85,2.3,3.5));
#7976=CARTESIAN_POINT('',(-2.275,2.3,3.6));
#7977=CARTESIAN_POINT('',(-2.275,2.4,3.5));
#7978=CARTESIAN_POINT('Origin',(-5.85,1.6,3.5));
#7979=CARTESIAN_POINT('',(-6.65,1.6,3.5));
#7980=CARTESIAN_POINT('',(-6.55,1.6,3.6));
#7981=CARTESIAN_POINT('Origin',(-6.55,1.6,3.5));
#7982=CARTESIAN_POINT('Origin',(-5.85,1.6,3.6));
#7983=CARTESIAN_POINT('Origin',(-5.85,1.6,3.5));
#7984=CARTESIAN_POINT('Origin',(-6.55,-1.05,3.5));
#7985=CARTESIAN_POINT('',(-6.65,1.2,3.5));
#7986=CARTESIAN_POINT('',(-6.55,1.2,3.6));
#7987=CARTESIAN_POINT('Origin',(-6.55,1.2,3.5));
#7988=CARTESIAN_POINT('',(-6.55,-1.05,3.6));
#7989=CARTESIAN_POINT('',(-6.65,-1.05,3.5));
#7990=CARTESIAN_POINT('Origin',(-5.85,1.2,3.5));
#7991=CARTESIAN_POINT('',(-5.85,0.399999999999999,3.5));
#7992=CARTESIAN_POINT('',(-5.85,0.499999999999999,3.6));
#7993=CARTESIAN_POINT('Origin',(-5.85,0.499999999999999,3.5));
#7994=CARTESIAN_POINT('Origin',(-5.85,1.2,3.6));
#7995=CARTESIAN_POINT('Origin',(-5.85,1.2,3.5));
#7996=CARTESIAN_POINT('Origin',(-2.275,0.499999999999999,3.5));
#7997=CARTESIAN_POINT('',(-2.275,0.499999999999999,3.6));
#7998=CARTESIAN_POINT('',(-2.275,0.399999999999999,3.5));
#7999=CARTESIAN_POINT('Origin',(-5.05,-3.5,3.7));
#8000=CARTESIAN_POINT('',(-4.95,-3.5,3.7));
#8001=CARTESIAN_POINT('',(-5.05,-3.5,3.6));
#8002=CARTESIAN_POINT('Origin',(-5.05,0.299999999999999,1.85));
#8003=CARTESIAN_POINT('',(-5.05,0.399999999999999,0.1));
#8004=CARTESIAN_POINT('',(-4.95,0.299999999999999,0.1));
#8005=CARTESIAN_POINT('Origin',(-5.05,0.299999999999999,0.1));
#8006=CARTESIAN_POINT('',(-4.95,0.299999999999999,1.85));
#8007=CARTESIAN_POINT('',(-5.05,0.399999999999999,1.85));
#8008=CARTESIAN_POINT('Origin',(-4.55,2.4,3.6));
#8009=CARTESIAN_POINT('',(-4.55,2.4,0.1));
#8010=CARTESIAN_POINT('',(4.95,2.4,0.1));
#8011=CARTESIAN_POINT('',(-4.55,2.4,0.));
#8012=CARTESIAN_POINT('',(-4.55,2.4,3.6));
#8013=CARTESIAN_POINT('',(-5.85,2.4,0.));
#8014=CARTESIAN_POINT('',(-4.55,2.4,0.));
#8015=CARTESIAN_POINT('',(-5.85,2.4,3.6));
#8016=CARTESIAN_POINT('Origin',(-4.95,-2.5,0.1));
#8017=CARTESIAN_POINT('',(-4.95,4.4,4.6));
#8018=CARTESIAN_POINT('',(-4.95,-2.5,4.6));
#8019=CARTESIAN_POINT('',(-4.95,4.4,0.1));
#8020=CARTESIAN_POINT('',(-4.95,4.4,1.35));
#8021=CARTESIAN_POINT('',(-4.95,-2.5,0.1));
#8022=CARTESIAN_POINT('',(-4.95,-3.3,0.1));
#8023=CARTESIAN_POINT('',(-4.95,-2.5,0.1));
#8024=CARTESIAN_POINT('',(-4.95000000000001,-3.3,0.));
#8025=CARTESIAN_POINT('',(-4.95000000000001,-3.3,0.));
#8026=CARTESIAN_POINT('',(-4.95000000000001,-4.5,0.));
#8027=CARTESIAN_POINT('Origin',(4.163799117101E-16,-4.5,3.6));
#8028=CARTESIAN_POINT('Origin',(5.05,0.5,3.5));
#8029=CARTESIAN_POINT('',(4.95,0.5,3.7));
#8030=CARTESIAN_POINT('',(4.95,0.3,3.5));
#8031=CARTESIAN_POINT('Origin',(4.95,0.5,3.5));
#8032=CARTESIAN_POINT('',(5.05,0.4,3.5));
#8033=CARTESIAN_POINT('Origin',(5.05,0.3,3.5));
#8034=CARTESIAN_POINT('',(5.05,0.5,3.6));
#8035=CARTESIAN_POINT('Origin',(5.05,0.500000000000001,3.5));
#8036=CARTESIAN_POINT('Origin',(5.05,0.5,3.7));
#8037=CARTESIAN_POINT('Origin',(5.05,0.3,4.35));
#8038=CARTESIAN_POINT('',(4.95,0.3,0.1));
#8039=CARTESIAN_POINT('',(5.05,0.4,0.1));
#8040=CARTESIAN_POINT('Origin',(5.05,0.3,0.1));
#8041=CARTESIAN_POINT('',(5.05,0.4,4.35));
#8042=CARTESIAN_POINT('',(4.95,0.3,4.35));
#8043=CARTESIAN_POINT('Origin',(5.05,2.3,3.5));
#8044=CARTESIAN_POINT('',(4.95,2.5,3.5));
#8045=CARTESIAN_POINT('',(4.95,2.3,3.7));
#8046=CARTESIAN_POINT('Origin',(4.95,2.3,3.5));
#8047=CARTESIAN_POINT('',(5.05,2.3,3.6));
#8048=CARTESIAN_POINT('Origin',(5.05,2.3,3.7));
#8049=CARTESIAN_POINT('',(5.05,2.4,3.5));
#8050=CARTESIAN_POINT('Origin',(5.05,2.3,3.5));
#8051=CARTESIAN_POINT('Origin',(5.05,2.5,3.5));
#8052=CARTESIAN_POINT('Origin',(5.05,-3.5,3.7));
#8053=CARTESIAN_POINT('',(5.05,-3.5,3.6));
#8054=CARTESIAN_POINT('',(4.95,-3.5,3.7));
#8055=CARTESIAN_POINT('Origin',(2.275,2.3,3.5));
#8056=CARTESIAN_POINT('',(5.85,2.3,3.6));
#8057=CARTESIAN_POINT('',(5.85,2.4,3.5));
#8058=CARTESIAN_POINT('Origin',(5.85,2.3,3.5));
#8059=CARTESIAN_POINT('',(2.275,2.4,3.5));
#8060=CARTESIAN_POINT('',(2.275,2.3,3.6));
#8061=CARTESIAN_POINT('Origin',(5.85,1.6,3.5));
#8062=CARTESIAN_POINT('',(6.55,1.6,3.6));
#8063=CARTESIAN_POINT('',(6.65,1.6,3.5));
#8064=CARTESIAN_POINT('Origin',(6.55,1.6,3.5));
#8065=CARTESIAN_POINT('Origin',(5.85,1.6,3.5));
#8066=CARTESIAN_POINT('Origin',(5.85,1.6,3.6));
#8067=CARTESIAN_POINT('Origin',(6.55,-1.05,3.5));
#8068=CARTESIAN_POINT('',(6.55,1.2,3.6));
#8069=CARTESIAN_POINT('',(6.65,1.2,3.5));
#8070=CARTESIAN_POINT('Origin',(6.55,1.2,3.5));
#8071=CARTESIAN_POINT('',(6.65,-1.05,3.5));
#8072=CARTESIAN_POINT('',(6.55,-1.05,3.6));
#8073=CARTESIAN_POINT('Origin',(5.85,1.2,3.5));
#8074=CARTESIAN_POINT('',(5.85,0.5,3.6));
#8075=CARTESIAN_POINT('',(5.85,0.4,3.5));
#8076=CARTESIAN_POINT('Origin',(5.85,0.5,3.5));
#8077=CARTESIAN_POINT('Origin',(5.85,1.2,3.5));
#8078=CARTESIAN_POINT('Origin',(5.85,1.2,3.6));
#8079=CARTESIAN_POINT('Origin',(2.275,0.5,3.5));
#8080=CARTESIAN_POINT('',(2.275,0.4,3.5));
#8081=CARTESIAN_POINT('',(2.275,0.5,3.6));
#8082=CARTESIAN_POINT('Origin',(5.05,2.5,4.35));
#8083=CARTESIAN_POINT('',(5.05,2.4,0.1));
#8084=CARTESIAN_POINT('',(4.95,2.5,0.1));
#8085=CARTESIAN_POINT('Origin',(5.05,2.5,0.1));
#8086=CARTESIAN_POINT('',(4.95,2.5,4.35));
#8087=CARTESIAN_POINT('',(5.05,2.4,4.35));
#8088=CARTESIAN_POINT('Origin',(4.55,0.4,3.6));
#8089=CARTESIAN_POINT('',(4.55,0.4,0.1));
#8090=CARTESIAN_POINT('',(4.95,0.4,0.1));
#8091=CARTESIAN_POINT('',(4.55,0.4,0.));
#8092=CARTESIAN_POINT('',(4.55,0.4,3.6));
#8093=CARTESIAN_POINT('',(5.85,0.4,0.));
#8094=CARTESIAN_POINT('',(4.55,0.4,0.));
#8095=CARTESIAN_POINT('',(5.85,0.4,3.6));
#8096=CARTESIAN_POINT('Origin',(4.95,-2.5,5.1));
#8097=CARTESIAN_POINT('',(4.95,-3.3,0.1));
#8098=CARTESIAN_POINT('',(4.95,-3.3,0.));
#8099=CARTESIAN_POINT('',(4.95,-2.5,0.1));
#8100=CARTESIAN_POINT('',(4.95,4.4,0.1));
#8101=CARTESIAN_POINT('',(4.95,-2.5,0.1));
#8102=CARTESIAN_POINT('',(4.95,4.4,4.6));
#8103=CARTESIAN_POINT('',(4.95,4.4,3.85));
#8104=CARTESIAN_POINT('',(4.95,-2.5,4.6));
#8105=CARTESIAN_POINT('Origin',(4.163799117101E-16,-4.5,3.6));
#8106=CARTESIAN_POINT('Origin',(-4.85,4.4,1.35));
#8107=CARTESIAN_POINT('',(-4.85,4.5,0.1));
#8108=CARTESIAN_POINT('Origin',(-4.85,4.4,0.1));
#8109=CARTESIAN_POINT('',(-4.85,4.5,4.6));
#8110=CARTESIAN_POINT('Origin',(-4.85,4.4,4.6));
#8111=CARTESIAN_POINT('',(-4.85,4.5,1.35));
#8112=CARTESIAN_POINT('Origin',(-4.45,4.4,4.6));
#8113=CARTESIAN_POINT('',(-4.45,4.4,5.1));
#8114=CARTESIAN_POINT('',(-4.45,4.5,5.));
#8115=CARTESIAN_POINT('Origin',(-4.45,4.4,5.));
#8116=CARTESIAN_POINT('Origin',(-4.45,4.5,4.6));
#8117=CARTESIAN_POINT('Origin',(-4.45,4.4,4.6));
#8118=CARTESIAN_POINT('Origin',(-2.475,4.4,5.));
#8119=CARTESIAN_POINT('',(4.45,4.4,5.1));
#8120=CARTESIAN_POINT('',(4.45,4.5,5.));
#8121=CARTESIAN_POINT('Origin',(4.45,4.4,5.));
#8122=CARTESIAN_POINT('',(-2.475,4.5,5.));
#8123=CARTESIAN_POINT('',(-2.475,4.4,5.1));
#8124=CARTESIAN_POINT('Origin',(4.45,4.4,4.6));
#8125=CARTESIAN_POINT('',(4.85,4.5,4.6));
#8126=CARTESIAN_POINT('Origin',(4.85,4.4,4.6));
#8127=CARTESIAN_POINT('Origin',(4.45,4.5,4.6));
#8128=CARTESIAN_POINT('Origin',(4.45,4.4,4.6));
#8129=CARTESIAN_POINT('Origin',(4.85,4.4,3.85));
#8130=CARTESIAN_POINT('',(4.85,4.5,0.1));
#8131=CARTESIAN_POINT('Origin',(4.85,4.4,0.1));
#8132=CARTESIAN_POINT('',(4.85,4.5,3.85));
#8133=CARTESIAN_POINT('Origin',(4.45,-2.5,4.6));
#8134=CARTESIAN_POINT('',(4.45,-1.1,5.1));
#8135=CARTESIAN_POINT('',(4.45,-2.5,5.1));
#8136=CARTESIAN_POINT('',(4.66794494717703,-1.1,5.05));
#8137=CARTESIAN_POINT('Origin',(4.45,-1.1,4.6));
#8138=CARTESIAN_POINT('',(4.66794494717703,-4.1,5.05));
#8139=CARTESIAN_POINT('',(4.66794494717703,-2.5,5.05));
#8140=CARTESIAN_POINT('',(4.45,-4.1,5.1));
#8141=CARTESIAN_POINT('Origin',(4.45,-4.1,4.6));
#8142=CARTESIAN_POINT('',(4.45,-2.5,5.1));
#8143=CARTESIAN_POINT('Origin',(-4.95,-2.5,5.1));
#8144=CARTESIAN_POINT('',(-4.45,-1.1,5.1));
#8145=CARTESIAN_POINT('',(-4.45,-2.5,5.1));
#8146=CARTESIAN_POINT('',(-4.7,-1.1,5.1));
#8147=CARTESIAN_POINT('Origin',(-4.45,-2.5,4.6));
#8148=CARTESIAN_POINT('',(-4.45,-4.1,5.1));
#8149=CARTESIAN_POINT('',(-4.45,-2.5,5.1));
#8150=CARTESIAN_POINT('',(-4.66794494717703,-4.1,5.05));
#8151=CARTESIAN_POINT('Origin',(-4.45,-4.1,4.6));
#8152=CARTESIAN_POINT('',(-4.66794494717703,-1.1,5.05));
#8153=CARTESIAN_POINT('',(-4.66794494717703,-2.5,5.05));
#8154=CARTESIAN_POINT('Origin',(-4.45,-1.1,4.6));
#8155=CARTESIAN_POINT('Origin',(4.95,-2.5,0.1));
#8156=CARTESIAN_POINT('',(4.55,2.4,0.1));
#8157=CARTESIAN_POINT('',(4.95,2.4,0.1));
#8158=CARTESIAN_POINT('',(4.54999999999999,-2.5,0.1));
#8159=CARTESIAN_POINT('',(4.55,-3.3,0.1));
#8160=CARTESIAN_POINT('',(4.95,-3.3,0.1));
#8161=CARTESIAN_POINT('',(4.50481217353243,-3.32859765575605,0.1));
#8162=CARTESIAN_POINT('Origin',(4.55,-3.35,0.1));
#8163=CARTESIAN_POINT('',(4.50481217353243,-3.32859765575605,0.1));
#8164=CARTESIAN_POINT('',(-4.50481217353243,-3.32859765575605,0.1));
#8165=CARTESIAN_POINT('',(-4.50481217353243,-3.32859765575605,0.1));
#8166=CARTESIAN_POINT('',(-4.55000000000001,-3.3,0.1));
#8167=CARTESIAN_POINT('Origin',(-4.55000000000001,-3.35,0.1));
#8168=CARTESIAN_POINT('',(-4.95000000000001,-3.3,0.1));
#8169=CARTESIAN_POINT('',(-4.55,0.399999999999999,0.1));
#8170=CARTESIAN_POINT('',(4.95,0.4,0.1));
#8171=CARTESIAN_POINT('',(-4.55,-2.5,0.1));
#8172=CARTESIAN_POINT('',(4.95,4.5,0.1));
#8173=CARTESIAN_POINT('',(4.00774608238913,-3.09317186907259,0.1));
#8174=CARTESIAN_POINT('',(4.21922935519139,-2.84940956807696,0.1));
#8175=CARTESIAN_POINT('Origin',(4.55,-3.35,0.1));
#8176=CARTESIAN_POINT('',(4.66794494717703,-2.01509218153856,0.1));
#8177=CARTESIAN_POINT('Origin',(3.66794494717703,-2.01509218153856,0.1));
#8178=CARTESIAN_POINT('',(4.66794494717703,-1.5,0.1));
#8179=CARTESIAN_POINT('',(4.66794494717703,-2.01509218153856,0.1));
#8180=CARTESIAN_POINT('',(4.26794494717703,-1.1,0.1));
#8181=CARTESIAN_POINT('Origin',(4.26794494717703,-1.5,0.1));
#8182=CARTESIAN_POINT('',(-4.26794494717703,-1.1,0.1));
#8183=CARTESIAN_POINT('',(-4.66794494717703,-1.1,0.1));
#8184=CARTESIAN_POINT('',(-4.66794494717703,-1.5,0.1));
#8185=CARTESIAN_POINT('Origin',(-4.26794494717703,-1.5,0.1));
#8186=CARTESIAN_POINT('',(-4.66794494717703,-2.01509218153857,0.1));
#8187=CARTESIAN_POINT('',(-4.66794494717703,-1.1,0.1));
#8188=CARTESIAN_POINT('',(-4.21922935519139,-2.84940956807696,0.1));
#8189=CARTESIAN_POINT('Origin',(-3.66794494717703,-2.01509218153857,0.1));
#8190=CARTESIAN_POINT('',(-4.00774608238914,-3.09317186907259,0.1));
#8191=CARTESIAN_POINT('Origin',(-4.55000000000001,-3.35,0.1));
#8192=CARTESIAN_POINT('',(-3.63923915099105,-3.8712187539516,0.1));
#8193=CARTESIAN_POINT('',(-4.00774608238914,-3.09317186907259,0.1));
#8194=CARTESIAN_POINT('',(-3.27773653925048,-4.1,0.1));
#8195=CARTESIAN_POINT('Origin',(-3.27773653925048,-3.7,0.1));
#8196=CARTESIAN_POINT('',(3.27773653925047,-4.1,0.1));
#8197=CARTESIAN_POINT('',(3.5308813173165,-4.1,0.1));
#8198=CARTESIAN_POINT('',(3.63923915099105,-3.8712187539516,0.1));
#8199=CARTESIAN_POINT('Origin',(3.27773653925047,-3.7,0.1));
#8200=CARTESIAN_POINT('',(4.00774608238913,-3.09317186907259,0.1));
#8201=CARTESIAN_POINT('Origin',(5.85,1.6,3.6));
#8202=CARTESIAN_POINT('',(6.65,1.6,0.));
#8203=CARTESIAN_POINT('',(6.65,1.6,3.6));
#8204=CARTESIAN_POINT('',(5.85,2.4,0.));
#8205=CARTESIAN_POINT('Origin',(5.85,1.6,0.));
#8206=CARTESIAN_POINT('',(5.85,2.4,3.6));
#8207=CARTESIAN_POINT('Origin',(4.55,2.4,3.6));
#8208=CARTESIAN_POINT('',(4.55,2.4,0.));
#8209=CARTESIAN_POINT('',(4.55,2.4,0.));
#8210=CARTESIAN_POINT('',(4.55,2.4,3.6));
#8211=CARTESIAN_POINT('Origin',(4.163799117101E-16,-4.5,0.));
#8212=CARTESIAN_POINT('',(6.65,1.2,0.));
#8213=CARTESIAN_POINT('',(6.65,2.4,0.));
#8214=CARTESIAN_POINT('Origin',(5.85,1.2,0.));
#8215=CARTESIAN_POINT('',(4.55,2.4,0.));
#8216=CARTESIAN_POINT('Origin',(5.85,1.2,3.6));
#8217=CARTESIAN_POINT('',(6.65,1.2,3.6));
#8218=CARTESIAN_POINT('Origin',(-5.85,1.2,3.6));
#8219=CARTESIAN_POINT('',(-6.65,1.2,0.));
#8220=CARTESIAN_POINT('',(-6.65,1.2,3.6));
#8221=CARTESIAN_POINT('',(-5.85,0.399999999999999,0.));
#8222=CARTESIAN_POINT('Origin',(-5.85,1.2,0.));
#8223=CARTESIAN_POINT('',(-5.85,0.399999999999999,3.6));
#8224=CARTESIAN_POINT('Origin',(-4.55,0.399999999999999,3.6));
#8225=CARTESIAN_POINT('',(-4.55,0.399999999999999,0.));
#8226=CARTESIAN_POINT('',(-4.55,0.399999999999999,0.));
#8227=CARTESIAN_POINT('',(-4.55,0.399999999999999,3.6));
#8228=CARTESIAN_POINT('Origin',(4.163799117101E-16,-4.5,0.));
#8229=CARTESIAN_POINT('',(-6.65,1.6,0.));
#8230=CARTESIAN_POINT('',(-6.65,2.4,0.));
#8231=CARTESIAN_POINT('Origin',(-5.85,1.6,0.));
#8232=CARTESIAN_POINT('',(-4.55,2.4,0.));
#8233=CARTESIAN_POINT('Origin',(-5.85,1.6,3.6));
#8234=CARTESIAN_POINT('',(-6.65,1.6,3.6));
#8235=CARTESIAN_POINT('Origin',(-6.65,2.4,3.6));
#8236=CARTESIAN_POINT('Origin',(6.65,2.4,3.6));
#8237=CARTESIAN_POINT('Origin',(4.163799117101E-16,-4.5,5.05));
#8238=CARTESIAN_POINT('',(4.7,-4.1,5.05));
#8239=CARTESIAN_POINT('',(-4.7,-1.1,5.05));
#8240=CARTESIAN_POINT('',(-3.01892913420495,-3.89911831323097,5.05));
#8241=CARTESIAN_POINT('',(-3.47255521537594,-3.89911831323097,5.05));
#8242=CARTESIAN_POINT('',(-3.01892913420495,-3.89911831323097,5.05));
#8243=CARTESIAN_POINT('',(-3.54241549481705,-3.66811365587901,5.05));
#8244=CARTESIAN_POINT('',(-3.47255521537594,-3.89911831323097,5.05));
#8245=CARTESIAN_POINT('',(-4.03236892129743,-3.66811365587901,5.05));
#8246=CARTESIAN_POINT('',(-3.54241549481705,-3.66811365587901,5.05));
#8247=CARTESIAN_POINT('',(-4.10316067113109,-3.89911831323097,5.05));
#8248=CARTESIAN_POINT('',(-4.03236892129743,-3.66811365587901,5.05));
#8249=CARTESIAN_POINT('',(-4.54467763719896,-3.89911831323097,5.05));
#8250=CARTESIAN_POINT('',(-4.10316067113109,-3.89911831323097,5.05));
#8251=CARTESIAN_POINT('',(-4.01932833580175,-2.49911831323097,5.05));
#8252=CARTESIAN_POINT('',(-4.54467763719896,-3.89911831323097,5.05));
#8253=CARTESIAN_POINT('',(-3.5452099059947,-2.49911831323097,5.05));
#8254=CARTESIAN_POINT('',(-4.01932833580175,-2.49911831323097,5.05));
#8255=CARTESIAN_POINT('',(-3.5452099059947,-2.49911831323097,5.05));
#8256=CARTESIAN_POINT('',(3.56841792038722,-1.58020313788964,5.05));
#8257=CARTESIAN_POINT('Ctrl Pts',(3.56841792038722,-1.58020313788964,5.05));
#8258=CARTESIAN_POINT('Ctrl Pts',(3.6691161383045,-1.57942853621336,5.05));
#8259=CARTESIAN_POINT('Ctrl Pts',(3.76751411147825,-1.6065427118083,5.05));
#8260=CARTESIAN_POINT('Ctrl Pts',(3.86280139359574,-1.65844716629507,5.05));
#8261=CARTESIAN_POINT('Ctrl Pts',(3.95836067529518,-1.71049978315574,5.05));
#8262=CARTESIAN_POINT('Ctrl Pts',(4.03323393071647,-1.78394748908396,5.05));
#8263=CARTESIAN_POINT('Ctrl Pts',(4.14014161309219,-1.97607144002005,5.05));
#8264=CARTESIAN_POINT('Ctrl Pts',(4.1672558803614,-2.07678157559139,5.05));
#8265=CARTESIAN_POINT('Ctrl Pts',(4.1672558803614,-2.28439939353845,5.05));
#8266=CARTESIAN_POINT('Ctrl Pts',(4.14091630644274,-2.38356014240869,5.05));
#8267=CARTESIAN_POINT('Ctrl Pts',(4.03555801076811,-2.57413470664368,5.05));
#8268=CARTESIAN_POINT('Ctrl Pts',(3.96196214246598,-2.64850526829636,5.05));
#8269=CARTESIAN_POINT('Ctrl Pts',(3.77138757823099,-2.75386356397099,5.05));
#8270=CARTESIAN_POINT('Ctrl Pts',(3.67222682936075,-2.78020313788964,5.05));
#8271=CARTESIAN_POINT('Ctrl Pts',(3.46460901141369,-2.78020313788964,5.05));
#8272=CARTESIAN_POINT('Ctrl Pts',(3.36544826254345,-2.75386356397099,5.05));
#8273=CARTESIAN_POINT('Ctrl Pts',(3.27016098042596,-2.70118441613367,5.05));
#8274=CARTESIAN_POINT('Ctrl Pts',(3.17546704289918,-2.64883329620017,5.05));
#8275=CARTESIAN_POINT('Ctrl Pts',(3.10127783000633,-2.57413470664368,5.05));
#8276=CARTESIAN_POINT('Ctrl Pts',(3.04859868216902,-2.47884742452618,5.05));
#8277=CARTESIAN_POINT('Ctrl Pts',(2.99573818557187,-2.38323211450488,5.05));
#8278=CARTESIAN_POINT('Ctrl Pts',(2.96880526706249,-2.28439939353845,5.05));
#8279=CARTESIAN_POINT('Ctrl Pts',(2.96880526706249,-2.07678157559139,5.05));
#8280=CARTESIAN_POINT('Ctrl Pts',(2.9959195343317,-1.97607144002005,5.05));
#8281=CARTESIAN_POINT('Ctrl Pts',(3.04937337551956,-1.88000946455201,5.05));
#8282=CARTESIAN_POINT('Ctrl Pts',(3.103010377806,-1.78361833000827,5.05));
#8283=CARTESIAN_POINT('Ctrl Pts',(3.17797247171066,-1.70957692743128,5.05));
#8284=CARTESIAN_POINT('Ctrl Pts',(3.2740344471787,-1.65844716629507,5.05));
#8285=CARTESIAN_POINT('Ctrl Pts',(3.36981405924835,-1.60746769535477,5.05));
#8286=CARTESIAN_POINT('Ctrl Pts',(3.46770778481588,-1.58097783124019,5.05));
#8287=CARTESIAN_POINT('Ctrl Pts',(3.56841792038722,-1.58020313788964,5.05));
#8288=CARTESIAN_POINT('',(-2.5140721814438,-3.89911831323097,5.05));
#8289=CARTESIAN_POINT('',(-2.90435827592151,-3.89911831323097,5.05));
#8290=CARTESIAN_POINT('',(-2.5140721814438,-3.89911831323097,5.05));
#8291=CARTESIAN_POINT('',(-2.90435827592151,-2.88474705574594,5.05));
#8292=CARTESIAN_POINT('',(-2.90435827592151,-3.89911831323097,5.05));
#8293=CARTESIAN_POINT('',(-2.5410848228277,-2.88474705574594,5.05));
#8294=CARTESIAN_POINT('',(-2.90435827592151,-2.88474705574594,5.05));
#8295=CARTESIAN_POINT('',(-2.5410848228277,-3.03378231855366,5.05));
#8296=CARTESIAN_POINT('',(-2.5410848228277,-2.88474705574594,5.05));
#8297=CARTESIAN_POINT('',(-1.88160378490355,-3.03378231855366,5.05));
#8298=CARTESIAN_POINT('Ctrl Pts',(-2.5410848228277,-3.03378231855366,5.05));
#8299=CARTESIAN_POINT('Ctrl Pts',(-2.48810965900262,-2.97228544465663,5.05));
#8300=CARTESIAN_POINT('Ctrl Pts',(-2.41335189048669,-2.90897990860498,5.05));
#8301=CARTESIAN_POINT('Ctrl Pts',(-2.30149955351883,-2.87070606147576,5.05));
#8302=CARTESIAN_POINT('Ctrl Pts',(-2.19469064847033,-2.86006611545845,5.05));
#8303=CARTESIAN_POINT('Ctrl Pts',(-2.08713060409134,-2.86906835466573,5.05));
#8304=CARTESIAN_POINT('Ctrl Pts',(-1.9856964788942,-2.90113330226906,5.05));
#8305=CARTESIAN_POINT('Ctrl Pts',(-1.91373238720458,-2.9703198364843,5.05));
#8306=CARTESIAN_POINT('Ctrl Pts',(-1.88160378490355,-3.03378231855366,5.05));
#8307=CARTESIAN_POINT('',(-1.18206952009982,-3.89911831323097,5.05));
#8308=CARTESIAN_POINT('Ctrl Pts',(-1.88160378490355,-3.03378231855366,5.05));
#8309=CARTESIAN_POINT('Ctrl Pts',(-1.81911035917137,-2.96895597543217,5.05));
#8310=CARTESIAN_POINT('Ctrl Pts',(-1.75294717820147,-2.90869487670664,5.05));
#8311=CARTESIAN_POINT('Ctrl Pts',(-1.62782848421142,-2.86571966493147,5.05));
#8312=CARTESIAN_POINT('Ctrl Pts',(-1.46596839088501,-2.85721670727866,5.05));
#8313=CARTESIAN_POINT('Ctrl Pts',(-1.31176590651553,-2.90745282343277,5.05));
#8314=CARTESIAN_POINT('Ctrl Pts',(-1.22387810330287,-3.01660058714143,5.05));
#8315=CARTESIAN_POINT('Ctrl Pts',(-1.18529967291406,-3.14338331304797,5.05));
#8316=CARTESIAN_POINT('Ctrl Pts',(-1.18131476837383,-3.2865903695152,5.05));
#8317=CARTESIAN_POINT('Ctrl Pts',(-1.18236154200687,-3.39347381607733,5.05));
#8318=CARTESIAN_POINT('Ctrl Pts',(-1.1816229109339,-3.60479814454252,5.05));
#8319=CARTESIAN_POINT('Ctrl Pts',(-1.18238947120408,-3.77092449213008,5.05));
#8320=CARTESIAN_POINT('Ctrl Pts',(-1.18206952009982,-3.89911831323097,5.05));
#8321=CARTESIAN_POINT('',(-1.57235561457753,-3.89911831323097,5.05));
#8322=CARTESIAN_POINT('',(-1.18206952009982,-3.89911831323097,5.05));
#8323=CARTESIAN_POINT('',(-1.84807085077181,-3.89911831323097,5.05));
#8324=CARTESIAN_POINT('Ctrl Pts',(-1.57235561457753,-3.89911831323097,5.05));
#8325=CARTESIAN_POINT('Ctrl Pts',(-1.57461100243756,-3.77897363672515,5.05));
#8326=CARTESIAN_POINT('Ctrl Pts',(-1.56920739324751,-3.60174309098471,5.05));
#8327=CARTESIAN_POINT('Ctrl Pts',(-1.57441412494132,-3.40753811909981,5.05));
#8328=CARTESIAN_POINT('Ctrl Pts',(-1.56703524575407,-3.2834176578475,5.05));
#8329=CARTESIAN_POINT('Ctrl Pts',(-1.60344914759832,-3.19062095374136,5.05));
#8330=CARTESIAN_POINT('Ctrl Pts',(-1.71137636250356,-3.15077279892568,5.05));
#8331=CARTESIAN_POINT('Ctrl Pts',(-1.80511975369679,-3.19973099363954,5.05));
#8332=CARTESIAN_POINT('Ctrl Pts',(-1.8436721600082,-3.27202185023183,5.05));
#8333=CARTESIAN_POINT('Ctrl Pts',(-1.84977275355796,-3.41206222436699,5.05));
#8334=CARTESIAN_POINT('Ctrl Pts',(-1.84546801391112,-3.59498930609662,5.05));
#8335=CARTESIAN_POINT('Ctrl Pts',(-1.84993552483435,-3.7838645273318,5.05));
#8336=CARTESIAN_POINT('Ctrl Pts',(-1.84807085077181,-3.89911831323097,5.05));
#8337=CARTESIAN_POINT('',(-2.23835694524952,-3.89911831323097,5.05));
#8338=CARTESIAN_POINT('',(-1.84807085077181,-3.89911831323097,5.05));
#8339=CARTESIAN_POINT('Ctrl Pts',(-2.23835694524952,-3.89911831323097,5.05));
#8340=CARTESIAN_POINT('Ctrl Pts',(-2.23931194359597,-3.76535379360513,5.05));
#8341=CARTESIAN_POINT('Ctrl Pts',(-2.2371000600187,-3.62531694341218,5.05));
#8342=CARTESIAN_POINT('Ctrl Pts',(-2.2389703384983,-3.42009285271636,5.05));
#8343=CARTESIAN_POINT('Ctrl Pts',(-2.23772153639143,-3.35438130049403,5.05));
#8344=CARTESIAN_POINT('Ctrl Pts',(-2.23999969929907,-3.27429815413247,5.05));
#8345=CARTESIAN_POINT('Ctrl Pts',(-2.24735376461614,-3.24161398305313,5.05));
#8346=CARTESIAN_POINT('Ctrl Pts',(-2.28199503025087,-3.1837530850789,5.05));
#8347=CARTESIAN_POINT('Ctrl Pts',(-2.35156771691539,-3.15716009977678,5.05));
#8348=CARTESIAN_POINT('Ctrl Pts',(-2.44085765072599,-3.1775545604434,5.05));
#8349=CARTESIAN_POINT('Ctrl Pts',(-2.50524227115532,-3.24346614486094,5.05));
#8350=CARTESIAN_POINT('Ctrl Pts',(-2.51643809042062,-3.40547678447265,5.05));
#8351=CARTESIAN_POINT('Ctrl Pts',(-2.51343845582501,-3.49050384632558,5.05));
#8352=CARTESIAN_POINT('Ctrl Pts',(-2.51424117494214,-3.5961515093639,5.05));
#8353=CARTESIAN_POINT('Ctrl Pts',(-2.51395951911157,-3.72968329077129,5.05));
#8354=CARTESIAN_POINT('Ctrl Pts',(-2.51412851260992,-3.83189418694538,5.05));
#8355=CARTESIAN_POINT('Ctrl Pts',(-2.5140721814438,-3.89911831323097,5.05));
#8356=CARTESIAN_POINT('',(2.52425117184961,-3.13438112094887,5.05));
#8357=CARTESIAN_POINT('',(2.15538889640051,-3.17070846625825,5.05));
#8358=CARTESIAN_POINT('',(2.52425117184961,-3.13438112094887,5.05));
#8359=CARTESIAN_POINT('',(1.48193580258814,-3.6178142546814,5.05));
#8360=CARTESIAN_POINT('Ctrl Pts',(2.15538889640051,-3.17070846625825,5.05));
#8361=CARTESIAN_POINT('Ctrl Pts',(2.14260787582014,-3.11108962650544,5.05));
#8362=CARTESIAN_POINT('Ctrl Pts',(2.06728924344846,-3.06305507272325,5.05));
#8363=CARTESIAN_POINT('Ctrl Pts',(1.93316922865908,-3.06936733778517,5.05));
#8364=CARTESIAN_POINT('Ctrl Pts',(1.88105413955408,-3.10163650218816,5.05));
#8365=CARTESIAN_POINT('Ctrl Pts',(1.86592618008316,-3.15706577858051,5.05));
#8366=CARTESIAN_POINT('Ctrl Pts',(1.88870897248462,-3.19568846477748,5.05));
#8367=CARTESIAN_POINT('Ctrl Pts',(1.93056938085433,-3.21489919889608,5.05));
#8368=CARTESIAN_POINT('Ctrl Pts',(2.00672525828249,-3.23024290381777,5.05));
#8369=CARTESIAN_POINT('Ctrl Pts',(2.10903838866327,-3.24275110796673,5.05));
#8370=CARTESIAN_POINT('Ctrl Pts',(2.15730553626588,-3.24954699303126,5.05));
#8371=CARTESIAN_POINT('Ctrl Pts',(2.24273825073766,-3.26358202542548,5.05));
#8372=CARTESIAN_POINT('Ctrl Pts',(2.31187827887853,-3.28087391344288,5.05));
#8373=CARTESIAN_POINT('Ctrl Pts',(2.37264102728123,-3.29896442577637,5.05));
#8374=CARTESIAN_POINT('Ctrl Pts',(2.49326461992626,-3.37042628109067,5.05));
#8375=CARTESIAN_POINT('Ctrl Pts',(2.55610455481355,-3.48382227834778,5.05));
#8376=CARTESIAN_POINT('Ctrl Pts',(2.56567286136254,-3.63771711815611,5.05));
#8377=CARTESIAN_POINT('Ctrl Pts',(2.48757926288962,-3.78952778939747,5.05));
#8378=CARTESIAN_POINT('Ctrl Pts',(2.33776018571312,-3.88288091984232,5.05));
#8379=CARTESIAN_POINT('Ctrl Pts',(2.17158083695832,-3.92143415750354,5.05));
#8380=CARTESIAN_POINT('Ctrl Pts',(1.91142766685106,-3.92371301367251,5.05));
#8381=CARTESIAN_POINT('Ctrl Pts',(1.72343832121319,-3.89375599324456,5.05));
#8382=CARTESIAN_POINT('Ctrl Pts',(1.56365497201855,-3.80912246250783,5.05));
#8383=CARTESIAN_POINT('Ctrl Pts',(1.50332727370512,-3.70475881015173,5.05));
#8384=CARTESIAN_POINT('Ctrl Pts',(1.48193580258814,-3.6178142546814,5.05));
#8385=CARTESIAN_POINT('',(1.86849601549565,-3.58148690937202,5.05));
#8386=CARTESIAN_POINT('',(1.48193580258814,-3.6178142546814,5.05));
#8387=CARTESIAN_POINT('Ctrl Pts',(1.86849601549565,-3.58148690937202,5.05));
#8388=CARTESIAN_POINT('Ctrl Pts',(1.89315804182724,-3.64449376047372,5.05));
#8389=CARTESIAN_POINT('Ctrl Pts',(1.93192159562902,-3.69655076087049,5.05));
#8390=CARTESIAN_POINT('Ctrl Pts',(2.05939833320637,-3.71245740460145,5.05));
#8391=CARTESIAN_POINT('Ctrl Pts',(2.14218090645276,-3.69796177380056,5.05));
#8392=CARTESIAN_POINT('Ctrl Pts',(2.20305304433304,-3.65194914782843,5.05));
#8393=CARTESIAN_POINT('Ctrl Pts',(2.20715471063005,-3.5794401866927,5.05));
#8394=CARTESIAN_POINT('Ctrl Pts',(2.14930802046132,-3.54081523818672,5.05));
#8395=CARTESIAN_POINT('Ctrl Pts',(2.12813425427483,-3.53823540126296,5.05));
#8396=CARTESIAN_POINT('Ctrl Pts',(2.04836573470362,-3.51763111729037,5.05));
#8397=CARTESIAN_POINT('Ctrl Pts',(1.93137550473192,-3.49872708728485,5.05));
#8398=CARTESIAN_POINT('Ctrl Pts',(1.84019887745604,-3.4799006564224,5.05));
#8399=CARTESIAN_POINT('Ctrl Pts',(1.76191448269366,-3.46015327965814,5.05));
#8400=CARTESIAN_POINT('Ctrl Pts',(1.71747166461547,-3.44866909732683,5.05));
#8401=CARTESIAN_POINT('Ctrl Pts',(1.63266214154508,-3.40721167696756,5.05));
#8402=CARTESIAN_POINT('Ctrl Pts',(1.55956272154259,-3.32761542165294,5.05));
#8403=CARTESIAN_POINT('Ctrl Pts',(1.50855701944298,-3.19498609214337,5.05));
#8404=CARTESIAN_POINT('Ctrl Pts',(1.54388815271786,-3.04117688030993,5.05));
#8405=CARTESIAN_POINT('Ctrl Pts',(1.63158868106144,-2.94840958630942,5.05));
#8406=CARTESIAN_POINT('Ctrl Pts',(1.73888413162464,-2.89627012278581,5.05));
#8407=CARTESIAN_POINT('Ctrl Pts',(1.82568631561065,-2.87569555758818,5.05));
#8408=CARTESIAN_POINT('Ctrl Pts',(1.93645978868962,-2.86291095659335,5.05));
#8409=CARTESIAN_POINT('Ctrl Pts',(2.10391345538622,-2.86266436882774,5.05));
#8410=CARTESIAN_POINT('Ctrl Pts',(2.25438820941552,-2.8766246056857,5.05));
#8411=CARTESIAN_POINT('Ctrl Pts',(2.34987776645106,-2.91548184558375,5.05));
#8412=CARTESIAN_POINT('Ctrl Pts',(2.43460819209551,-2.97054204920704,5.05));
#8413=CARTESIAN_POINT('Ctrl Pts',(2.50063588817049,-3.06787263021877,5.05));
#8414=CARTESIAN_POINT('Ctrl Pts',(2.52425117184961,-3.13438112094887,5.05));
#8415=CARTESIAN_POINT('',(1.32917465821022,-3.13438112094887,5.05));
#8416=CARTESIAN_POINT('',(0.960312382761123,-3.17070846625825,5.05));
#8417=CARTESIAN_POINT('',(1.32917465821022,-3.13438112094887,5.05));
#8418=CARTESIAN_POINT('',(0.286859288948747,-3.61781425468141,5.05));
#8419=CARTESIAN_POINT('Ctrl Pts',(0.960312382761123,-3.17070846625825,5.05));
#8420=CARTESIAN_POINT('Ctrl Pts',(0.951536187123501,-3.1129614845838,5.05));
#8421=CARTESIAN_POINT('Ctrl Pts',(0.867487041874542,-3.05977971648678,5.05));
#8422=CARTESIAN_POINT('Ctrl Pts',(0.725460954754212,-3.07178193254008,5.05));
#8423=CARTESIAN_POINT('Ctrl Pts',(0.681320448497174,-3.11040821605492,5.05));
#8424=CARTESIAN_POINT('Ctrl Pts',(0.672641701839858,-3.16319450443868,5.05));
#8425=CARTESIAN_POINT('Ctrl Pts',(0.696265447146151,-3.19784413097647,5.05));
#8426=CARTESIAN_POINT('Ctrl Pts',(0.740297790654531,-3.21603411466767,5.05));
#8427=CARTESIAN_POINT('Ctrl Pts',(0.814282130024592,-3.23056759588399,5.05));
#8428=CARTESIAN_POINT('Ctrl Pts',(0.912667897190475,-3.24259141869235,5.05));
#8429=CARTESIAN_POINT('Ctrl Pts',(0.963077122889626,-3.24964906436394,5.05));
#8430=CARTESIAN_POINT('Ctrl Pts',(1.04752976455522,-3.26359873241197,5.05));
#8431=CARTESIAN_POINT('Ctrl Pts',(1.11687854144216,-3.28092451724782,5.05));
#8432=CARTESIAN_POINT('Ctrl Pts',(1.17710254713916,-3.29936530758751,5.05));
#8433=CARTESIAN_POINT('Ctrl Pts',(1.29901969881536,-3.37121402043086,5.05));
#8434=CARTESIAN_POINT('Ctrl Pts',(1.36070605128895,-3.48416884494416,5.05));
#8435=CARTESIAN_POINT('Ctrl Pts',(1.36895992751042,-3.63815165638574,5.05));
#8436=CARTESIAN_POINT('Ctrl Pts',(1.2934370325314,-3.78992211716795,5.05));
#8437=CARTESIAN_POINT('Ctrl Pts',(1.14166320427458,-3.88246939548927,5.05));
#8438=CARTESIAN_POINT('Ctrl Pts',(0.977435176091987,-3.92116649754379,5.05));
#8439=CARTESIAN_POINT('Ctrl Pts',(0.716856668858143,-3.92381253539734,5.05));
#8440=CARTESIAN_POINT('Ctrl Pts',(0.528639032126366,-3.89383162940475,5.05));
#8441=CARTESIAN_POINT('Ctrl Pts',(0.36862211043682,-3.8092379889971,5.05));
#8442=CARTESIAN_POINT('Ctrl Pts',(0.308277229411743,-3.70480405428933,5.05));
#8443=CARTESIAN_POINT('Ctrl Pts',(0.286859288948747,-3.61781425468141,5.05));
#8444=CARTESIAN_POINT('',(0.672488031463718,-3.58148690937202,5.05));
#8445=CARTESIAN_POINT('',(0.286859288948747,-3.61781425468141,5.05));
#8446=CARTESIAN_POINT('Ctrl Pts',(0.672488031463718,-3.58148690937202,5.05));
#8447=CARTESIAN_POINT('Ctrl Pts',(0.697785213508267,-3.64409783787728,5.05));
#8448=CARTESIAN_POINT('Ctrl Pts',(0.736288536120291,-3.69639667738838,5.05));
#8449=CARTESIAN_POINT('Ctrl Pts',(0.86428005411593,-3.7124665991751,5.05));
#8450=CARTESIAN_POINT('Ctrl Pts',(0.946801449452196,-3.69806106599289,5.05));
#8451=CARTESIAN_POINT('Ctrl Pts',(1.00807739769294,-3.6512846951732,5.05));
#8452=CARTESIAN_POINT('Ctrl Pts',(1.01112455218502,-3.57936715022506,5.05));
#8453=CARTESIAN_POINT('Ctrl Pts',(0.954454648076181,-3.54081093910356,5.05));
#8454=CARTESIAN_POINT('Ctrl Pts',(0.9329745760746,-3.53802291169994,5.05));
#8455=CARTESIAN_POINT('Ctrl Pts',(0.853283834220418,-3.51763819971937,5.05));
#8456=CARTESIAN_POINT('Ctrl Pts',(0.736254340841051,-3.49871656643603,5.05));
#8457=CARTESIAN_POINT('Ctrl Pts',(0.645103602013383,-3.47989694007798,5.05));
#8458=CARTESIAN_POINT('Ctrl Pts',(0.566823571873202,-3.46014900074987,5.05));
#8459=CARTESIAN_POINT('Ctrl Pts',(0.522390131545001,-3.44866777933464,5.05));
#8460=CARTESIAN_POINT('Ctrl Pts',(0.437577850783795,-3.40720551792083,5.05));
#8461=CARTESIAN_POINT('Ctrl Pts',(0.364487630983972,-3.3276143265391,5.05));
#8462=CARTESIAN_POINT('Ctrl Pts',(0.313481672000939,-3.19499280638861,5.05));
#8463=CARTESIAN_POINT('Ctrl Pts',(0.348807353986113,-3.04119013675899,5.05));
#8464=CARTESIAN_POINT('Ctrl Pts',(0.43649116792394,-2.94842438598601,5.05));
#8465=CARTESIAN_POINT('Ctrl Pts',(0.543785291762153,-2.89627860359802,5.05));
#8466=CARTESIAN_POINT('Ctrl Pts',(0.630572993829037,-2.87570218848564,5.05));
#8467=CARTESIAN_POINT('Ctrl Pts',(0.741332082620011,-2.86291361610278,5.05));
#8468=CARTESIAN_POINT('Ctrl Pts',(0.908766424192008,-2.86266200206298,5.05));
#8469=CARTESIAN_POINT('Ctrl Pts',(1.05929594571937,-2.87661422084076,5.05));
#8470=CARTESIAN_POINT('Ctrl Pts',(1.1546554080659,-2.91547006417074,5.05));
#8471=CARTESIAN_POINT('Ctrl Pts',(1.23988423048906,-2.97048431920651,5.05));
#8472=CARTESIAN_POINT('Ctrl Pts',(1.30470978481666,-3.06785022278667,5.05));
#8473=CARTESIAN_POINT('Ctrl Pts',(1.32917465821022,-3.13438112094887,5.05));
#8474=CARTESIAN_POINT('',(-0.238490012448458,-3.77523275102206,5.05));
#8475=CARTESIAN_POINT('',(-0.260845301869617,-3.22287080824095,5.05));
#8476=CARTESIAN_POINT('Ctrl Pts',(-0.238490012448458,-3.77523275102206,
5.05));
#8477=CARTESIAN_POINT('Ctrl Pts',(-0.306554568534114,-3.83579013096275,
5.05));
#8478=CARTESIAN_POINT('Ctrl Pts',(-0.385888888682672,-3.89456961114432,
5.05));
#8479=CARTESIAN_POINT('Ctrl Pts',(-0.602496239224211,-3.9280988154281,5.05));
#8480=CARTESIAN_POINT('Ctrl Pts',(-0.81286478740602,-3.91192638380785,5.05));
#8481=CARTESIAN_POINT('Ctrl Pts',(-0.964845246649625,-3.80536166056042,
5.05));
#8482=CARTESIAN_POINT('Ctrl Pts',(-1.01887402677876,-3.62021655677842,5.05));
#8483=CARTESIAN_POINT('Ctrl Pts',(-0.96278613231593,-3.45745037930007,5.05));
#8484=CARTESIAN_POINT('Ctrl Pts',(-0.866844098172508,-3.38356036725808,
5.05));
#8485=CARTESIAN_POINT('Ctrl Pts',(-0.734098839259482,-3.33902277590639,
5.05));
#8486=CARTESIAN_POINT('Ctrl Pts',(-0.569077561607415,-3.30886526095636,
5.05));
#8487=CARTESIAN_POINT('Ctrl Pts',(-0.467719326006477,-3.2864838667226,5.05));
#8488=CARTESIAN_POINT('Ctrl Pts',(-0.417741061832866,-3.27497031106591,
5.05));
#8489=CARTESIAN_POINT('Ctrl Pts',(-0.364313912386165,-3.26041749806185,
5.05));
#8490=CARTESIAN_POINT('Ctrl Pts',(-0.296101253583937,-3.23761800985947,
5.05));
#8491=CARTESIAN_POINT('Ctrl Pts',(-0.260845301869617,-3.22287080824095,
5.05));
#8492=CARTESIAN_POINT('',(-0.597106113579529,-3.21541904510057,5.05));
#8493=CARTESIAN_POINT('Ctrl Pts',(-0.260845301869617,-3.22287080824095,
5.05));
#8494=CARTESIAN_POINT('Ctrl Pts',(-0.260401310311062,-3.16819322940228,
5.05));
#8495=CARTESIAN_POINT('Ctrl Pts',(-0.279135152978609,-3.12064183688463,
5.05));
#8496=CARTESIAN_POINT('Ctrl Pts',(-0.345648118131485,-3.09369294581757,
5.05));
#8497=CARTESIAN_POINT('Ctrl Pts',(-0.511063993246252,-3.09352839306074,
5.05));
#8498=CARTESIAN_POINT('Ctrl Pts',(-0.563491706508661,-3.13010908109713,
5.05));
#8499=CARTESIAN_POINT('Ctrl Pts',(-0.597106113579529,-3.21541904510057,
5.05));
#8500=CARTESIAN_POINT('',(-0.968762800206276,-3.17443434782844,5.05));
#8501=CARTESIAN_POINT('',(-0.597106113579529,-3.21541904510057,5.05));
#8502=CARTESIAN_POINT('',(0.168562549095121,-3.89911831323097,5.05));
#8503=CARTESIAN_POINT('Ctrl Pts',(-0.968762800206276,-3.17443434782844,
5.05));
#8504=CARTESIAN_POINT('Ctrl Pts',(-0.946548262718461,-3.07722210819333,
5.05));
#8505=CARTESIAN_POINT('Ctrl Pts',(-0.909983332187527,-2.99898623052145,
5.05));
#8506=CARTESIAN_POINT('Ctrl Pts',(-0.781118027253033,-2.91330026103713,
5.05));
#8507=CARTESIAN_POINT('Ctrl Pts',(-0.705340652131937,-2.88971392905799,
5.05));
#8508=CARTESIAN_POINT('Ctrl Pts',(-0.566935095900068,-2.86370014227464,
5.05));
#8509=CARTESIAN_POINT('Ctrl Pts',(-0.376721345240043,-2.86211970760804,
5.05));
#8510=CARTESIAN_POINT('Ctrl Pts',(-0.196073898306749,-2.87190806082995,
5.05));
#8511=CARTESIAN_POINT('Ctrl Pts',(-0.0664625205470181,-2.91050545525552,
5.05));
#8512=CARTESIAN_POINT('Ctrl Pts',(0.0336742798632562,-2.96220282826978,
5.05));
#8513=CARTESIAN_POINT('Ctrl Pts',(0.110625329764323,-3.11673121955549,5.05));
#8514=CARTESIAN_POINT('Ctrl Pts',(0.121498096793653,-3.2421384019763,5.05));
#8515=CARTESIAN_POINT('Ctrl Pts',(0.118549992801452,-3.37635371907948,5.05));
#8516=CARTESIAN_POINT('Ctrl Pts',(0.119469641740925,-3.51066670536014,5.05));
#8517=CARTESIAN_POINT('Ctrl Pts',(0.118779732851106,-3.62883009275467,5.05));
#8518=CARTESIAN_POINT('Ctrl Pts',(0.120554316816983,-3.78758371266886,5.05));
#8519=CARTESIAN_POINT('Ctrl Pts',(0.137825414186512,-3.83451345277424,5.05));
#8520=CARTESIAN_POINT('Ctrl Pts',(0.168562549095121,-3.89911831323097,5.05));
#8521=CARTESIAN_POINT('',(-0.196573844783788,-3.89911831323097,5.05));
#8522=CARTESIAN_POINT('',(0.168562549095121,-3.89911831323097,5.05));
#8523=CARTESIAN_POINT('Ctrl Pts',(-0.196573844783788,-3.89911831323097,
5.05));
#8524=CARTESIAN_POINT('Ctrl Pts',(-0.212253596391684,-3.87086371132367,
5.05));
#8525=CARTESIAN_POINT('Ctrl Pts',(-0.227778102934155,-3.84043567850043,
5.05));
#8526=CARTESIAN_POINT('Ctrl Pts',(-0.233987905551143,-3.806281764107,5.05));
#8527=CARTESIAN_POINT('Ctrl Pts',(-0.238490012448458,-3.77523275102206,
5.05));
#8528=CARTESIAN_POINT('Origin',(-4.95,-2.5,5.1));
#8529=CARTESIAN_POINT('',(4.7,-4.1,5.1));
#8530=CARTESIAN_POINT('Origin',(1.71450551880629E-16,-2.5,2.6));
#8531=CARTESIAN_POINT('',(4.5,-2.5,3.6));
#8532=CARTESIAN_POINT('',(3.5,-2.5,4.6));
#8533=CARTESIAN_POINT('',(4.5,-2.5,3.6));
#8534=CARTESIAN_POINT('',(4.5,-2.5,1.6));
#8535=CARTESIAN_POINT('',(4.5,-2.5,1.6));
#8536=CARTESIAN_POINT('',(3.5,-2.5,0.6));
#8537=CARTESIAN_POINT('',(4.5,-2.5,1.6));
#8538=CARTESIAN_POINT('',(-4.5,-2.5,0.6));
#8539=CARTESIAN_POINT('',(-4.5,-2.5,0.6));
#8540=CARTESIAN_POINT('',(-4.5,-2.5,4.6));
#8541=CARTESIAN_POINT('',(-4.5,-2.5,4.6));
#8542=CARTESIAN_POINT('',(3.5,-2.5,4.6));
#8543=CARTESIAN_POINT('Origin',(4.5,4.5,1.6));
#8544=CARTESIAN_POINT('',(4.5,4.5,3.6));
#8545=CARTESIAN_POINT('',(4.5,4.5,3.6));
#8546=CARTESIAN_POINT('',(4.5,4.5,1.6));
#8547=CARTESIAN_POINT('',(4.5,4.5,1.6));
#8548=CARTESIAN_POINT('',(4.5,4.5,1.6));
#8549=CARTESIAN_POINT('Origin',(4.5,4.5,3.6));
#8550=CARTESIAN_POINT('',(3.5,4.5,4.6));
#8551=CARTESIAN_POINT('',(3.5,4.5,4.6));
#8552=CARTESIAN_POINT('',(4.5,4.5,3.6));
#8553=CARTESIAN_POINT('Origin',(3.5,4.5,4.6));
#8554=CARTESIAN_POINT('',(-4.5,4.5,4.6));
#8555=CARTESIAN_POINT('',(-4.5,4.5,4.6));
#8556=CARTESIAN_POINT('',(3.5,4.5,4.6));
#8557=CARTESIAN_POINT('Origin',(-4.5,4.5,4.6));
#8558=CARTESIAN_POINT('',(-4.5,4.5,0.6));
#8559=CARTESIAN_POINT('',(-4.5,4.5,0.6));
#8560=CARTESIAN_POINT('',(-4.5,4.5,4.6));
#8561=CARTESIAN_POINT('Origin',(-4.5,4.5,0.6));
#8562=CARTESIAN_POINT('',(3.5,4.5,0.6));
#8563=CARTESIAN_POINT('',(3.5,4.5,0.6));
#8564=CARTESIAN_POINT('',(-4.5,4.5,0.6));
#8565=CARTESIAN_POINT('Origin',(4.5,4.5,1.6));
#8566=CARTESIAN_POINT('',(4.5,4.5,1.6));
#8567=CARTESIAN_POINT('Origin',(-6.85802207522518E-16,4.5,2.6));
#8568=CARTESIAN_POINT('Origin',(-4.55,2.4,3.6));
#8569=CARTESIAN_POINT('Origin',(4.55,2.4,3.6));
#8570=CARTESIAN_POINT('Origin',(4.7,-4.1,5.05));
#8571=CARTESIAN_POINT('Origin',(-4.7,-1.1,5.05));
#8572=CARTESIAN_POINT('Origin',(-3.78739220805724,-2.86239176632478,5.1));
#8573=CARTESIAN_POINT('',(-3.78739220805724,-2.86239176632478,5.05));
#8574=CARTESIAN_POINT('',(-3.94015335243515,-3.36631724869338,5.05));
#8575=CARTESIAN_POINT('',(-3.78739220805724,-2.86239176632478,5.05));
#8576=CARTESIAN_POINT('',(-3.78739220805724,-2.86239176632478,5.1));
#8577=CARTESIAN_POINT('',(-3.78739220805724,-2.86239176632478,5.1));
#8578=CARTESIAN_POINT('',(-3.94015335243515,-3.36631724869338,5.1));
#8579=CARTESIAN_POINT('',(-3.78739220805724,-2.86239176632478,5.1));
#8580=CARTESIAN_POINT('',(-3.94015335243515,-3.36631724869338,5.1));
#8581=CARTESIAN_POINT('Origin',(-3.94015335243515,-3.36631724869338,5.1));
#8582=CARTESIAN_POINT('',(-3.63463106367933,-3.36631724869338,5.05));
#8583=CARTESIAN_POINT('',(-3.94015335243515,-3.36631724869338,5.05));
#8584=CARTESIAN_POINT('',(-3.63463106367933,-3.36631724869338,5.1));
#8585=CARTESIAN_POINT('',(-3.94015335243515,-3.36631724869338,5.1));
#8586=CARTESIAN_POINT('',(-3.63463106367933,-3.36631724869338,5.1));
#8587=CARTESIAN_POINT('Origin',(-3.47255521537594,-3.89911831323097,5.1));
#8588=CARTESIAN_POINT('',(-3.47255521537594,-3.89911831323097,5.1));
#8589=CARTESIAN_POINT('',(-3.47255521537594,-3.89911831323097,5.1));
#8590=CARTESIAN_POINT('',(-3.54241549481705,-3.66811365587901,5.1));
#8591=CARTESIAN_POINT('',(-3.47255521537594,-3.89911831323097,5.1));
#8592=CARTESIAN_POINT('',(-3.54241549481705,-3.66811365587901,5.1));
#8593=CARTESIAN_POINT('Origin',(-3.54241549481705,-3.66811365587901,5.1));
#8594=CARTESIAN_POINT('',(-4.03236892129743,-3.66811365587901,5.1));
#8595=CARTESIAN_POINT('',(-3.54241549481705,-3.66811365587901,5.1));
#8596=CARTESIAN_POINT('',(-4.03236892129743,-3.66811365587901,5.1));
#8597=CARTESIAN_POINT('Origin',(-4.03236892129743,-3.66811365587901,5.1));
#8598=CARTESIAN_POINT('',(-4.10316067113109,-3.89911831323097,5.1));
#8599=CARTESIAN_POINT('',(-4.03236892129743,-3.66811365587901,5.1));
#8600=CARTESIAN_POINT('',(-4.10316067113109,-3.89911831323097,5.1));
#8601=CARTESIAN_POINT('Origin',(-4.10316067113109,-3.89911831323097,5.1));
#8602=CARTESIAN_POINT('',(-4.54467763719896,-3.89911831323097,5.1));
#8603=CARTESIAN_POINT('',(-4.10316067113109,-3.89911831323097,5.1));
#8604=CARTESIAN_POINT('',(-4.54467763719896,-3.89911831323097,5.1));
#8605=CARTESIAN_POINT('Origin',(-4.54467763719896,-3.89911831323097,5.1));
#8606=CARTESIAN_POINT('',(-4.01932833580175,-2.49911831323097,5.1));
#8607=CARTESIAN_POINT('',(-4.54467763719896,-3.89911831323097,5.1));
#8608=CARTESIAN_POINT('',(-4.01932833580175,-2.49911831323097,5.1));
#8609=CARTESIAN_POINT('Origin',(-4.01932833580175,-2.49911831323097,5.1));
#8610=CARTESIAN_POINT('',(-3.5452099059947,-2.49911831323097,5.1));
#8611=CARTESIAN_POINT('',(-4.01932833580175,-2.49911831323097,5.1));
#8612=CARTESIAN_POINT('',(-3.5452099059947,-2.49911831323097,5.1));
#8613=CARTESIAN_POINT('Origin',(-3.5452099059947,-2.49911831323097,5.1));
#8614=CARTESIAN_POINT('',(-3.01892913420495,-3.89911831323097,5.1));
#8615=CARTESIAN_POINT('',(-3.5452099059947,-2.49911831323097,5.1));
#8616=CARTESIAN_POINT('',(-3.01892913420495,-3.89911831323097,5.1));
#8617=CARTESIAN_POINT('Origin',(-3.01892913420495,-3.89911831323097,5.1));
#8618=CARTESIAN_POINT('',(-3.01892913420495,-3.89911831323097,5.1));
#8619=CARTESIAN_POINT('Origin',(-3.63463106367933,-3.36631724869338,5.1));
#8620=CARTESIAN_POINT('',(-3.63463106367933,-3.36631724869338,5.05));
#8621=CARTESIAN_POINT('',(-3.63463106367933,-3.36631724869338,5.1));
#8622=CARTESIAN_POINT('Origin',(-3.5074853550965,-3.78361598455499,5.1));
#8623=CARTESIAN_POINT('Origin',(4.163799117101E-16,-4.5,5.05));
#8624=CARTESIAN_POINT('Ctrl Pts',(3.56841792038722,-1.67936388675988,5.1));
#8625=CARTESIAN_POINT('Ctrl Pts',(3.56841792038722,-1.67936388675988,5.04));
#8626=CARTESIAN_POINT('Ctrl Pts',(3.48397634517741,-1.67936388675988,5.1));
#8627=CARTESIAN_POINT('Ctrl Pts',(3.48397634517741,-1.67936388675988,5.04));
#8628=CARTESIAN_POINT('Ctrl Pts',(3.40185885001924,-1.70105530057525,5.1));
#8629=CARTESIAN_POINT('Ctrl Pts',(3.40185885001924,-1.70105530057525,5.04));
#8630=CARTESIAN_POINT('Ctrl Pts',(3.32206543491272,-1.74443812820598,5.1));
#8631=CARTESIAN_POINT('Ctrl Pts',(3.32206543491272,-1.74443812820598,5.04));
#8632=CARTESIAN_POINT('Ctrl Pts',(3.24286996245851,-1.78749586080244,5.1));
#8633=CARTESIAN_POINT('Ctrl Pts',(3.24286996245851,-1.78749586080244,5.04));
#8634=CARTESIAN_POINT('Ctrl Pts',(3.1802965517623,-1.8497964238806,5.1));
#8635=CARTESIAN_POINT('Ctrl Pts',(3.1802965517623,-1.8497964238806,5.04));
#8636=CARTESIAN_POINT('Ctrl Pts',(3.13536433743047,-1.92958983898712,5.1));
#8637=CARTESIAN_POINT('Ctrl Pts',(3.13536433743047,-1.92958983898712,5.04));
#8638=CARTESIAN_POINT('Ctrl Pts',(3.09010091161391,-2.00997144000619,5.1));
#8639=CARTESIAN_POINT('Ctrl Pts',(3.09010091161391,-2.00997144000619,5.04));
#8640=CARTESIAN_POINT('Ctrl Pts',(3.06796601593273,-2.09382482930346,5.1));
#8641=CARTESIAN_POINT('Ctrl Pts',(3.06796601593273,-2.09382482930346,5.04));
#8642=CARTESIAN_POINT('Ctrl Pts',(3.06796601593273,-2.26735613982638,5.1));
#8643=CARTESIAN_POINT('Ctrl Pts',(3.06796601593273,-2.26735613982638,5.04));
#8644=CARTESIAN_POINT('Ctrl Pts',(3.0896574297481,-2.35024832833509,5.1));
#8645=CARTESIAN_POINT('Ctrl Pts',(3.0896574297481,-2.35024832833509,5.04));
#8646=CARTESIAN_POINT('Ctrl Pts',(3.13381495072938,-2.43004174344161,5.1));
#8647=CARTESIAN_POINT('Ctrl Pts',(3.13381495072938,-2.43004174344161,5.04));
#8648=CARTESIAN_POINT('Ctrl Pts',(3.17764426961359,-2.50924209160081,5.1));
#8649=CARTESIAN_POINT('Ctrl Pts',(3.17764426961359,-2.50924209160081,5.04));
#8650=CARTESIAN_POINT('Ctrl Pts',(3.23994793975455,-2.57103593324148,5.1));
#8651=CARTESIAN_POINT('Ctrl Pts',(3.23994793975455,-2.57103593324148,5.04));
#8652=CARTESIAN_POINT('Ctrl Pts',(3.31974135486107,-2.61519345422276,5.1));
#8653=CARTESIAN_POINT('Ctrl Pts',(3.31974135486107,-2.61519345422276,5.04));
#8654=CARTESIAN_POINT('Ctrl Pts',(3.39894170302027,-2.65902277310698,5.1));
#8655=CARTESIAN_POINT('Ctrl Pts',(3.39894170302027,-2.65902277310698,5.04));
#8656=CARTESIAN_POINT('Ctrl Pts',(3.48242695847631,-2.68181708236995,5.1));
#8657=CARTESIAN_POINT('Ctrl Pts',(3.48242695847631,-2.68181708236995,5.04));
#8658=CARTESIAN_POINT('Ctrl Pts',(3.65440888229813,-2.68181708236995,5.1));
#8659=CARTESIAN_POINT('Ctrl Pts',(3.65440888229813,-2.68181708236995,5.04));
#8660=CARTESIAN_POINT('Ctrl Pts',(3.73730107080685,-2.65935097520404,5.1));
#8661=CARTESIAN_POINT('Ctrl Pts',(3.73730107080685,-2.65935097520404,5.04));
#8662=CARTESIAN_POINT('Ctrl Pts',(3.89688790101989,-2.57103593324148,5.1));
#8663=CARTESIAN_POINT('Ctrl Pts',(3.89688790101989,-2.57103593324148,5.04));
#8664=CARTESIAN_POINT('Ctrl Pts',(3.95808867571324,-2.50906046519758,5.1));
#8665=CARTESIAN_POINT('Ctrl Pts',(3.95808867571324,-2.50906046519758,5.04));
#8666=CARTESIAN_POINT('Ctrl Pts',(4.00224619669452,-2.43004174344161,5.1));
#8667=CARTESIAN_POINT('Ctrl Pts',(4.00224619669452,-2.43004174344161,5.04));
#8668=CARTESIAN_POINT('Ctrl Pts',(4.04673361345988,-2.35043268186149,5.1));
#8669=CARTESIAN_POINT('Ctrl Pts',(4.04673361345988,-2.35043268186149,5.04));
#8670=CARTESIAN_POINT('Ctrl Pts',(4.06809513149116,-2.26735613982638,5.1));
#8671=CARTESIAN_POINT('Ctrl Pts',(4.06809513149116,-2.26735613982638,5.04));
#8672=CARTESIAN_POINT('Ctrl Pts',(4.06809513149116,-2.09382482930346,5.1));
#8673=CARTESIAN_POINT('Ctrl Pts',(4.06809513149116,-2.09382482930346,5.04));
#8674=CARTESIAN_POINT('Ctrl Pts',(4.04562902432524,-2.01015794744419,5.1));
#8675=CARTESIAN_POINT('Ctrl Pts',(4.04562902432524,-2.01015794744419,5.04));
#8676=CARTESIAN_POINT('Ctrl Pts',(4.00147150334397,-1.92958983898712,5.1));
#8677=CARTESIAN_POINT('Ctrl Pts',(4.00147150334397,-1.92958983898712,5.04));
#8678=CARTESIAN_POINT('Ctrl Pts',(3.95746154037805,-1.84929095918967,5.1));
#8679=CARTESIAN_POINT('Ctrl Pts',(3.95746154037805,-1.84929095918967,5.04));
#8680=CARTESIAN_POINT('Ctrl Pts',(3.89378912761769,-1.78782095583671,5.1));
#8681=CARTESIAN_POINT('Ctrl Pts',(3.89378912761769,-1.78782095583671,5.04));
#8682=CARTESIAN_POINT('Ctrl Pts',(3.73420229740465,-1.70105530057525,5.1));
#8683=CARTESIAN_POINT('Ctrl Pts',(3.73420229740465,-1.70105530057525,5.04));
#8684=CARTESIAN_POINT('Ctrl Pts',(3.65208480224648,-1.67936388675988,5.1));
#8685=CARTESIAN_POINT('Ctrl Pts',(3.65208480224648,-1.67936388675988,5.04));
#8686=CARTESIAN_POINT('Ctrl Pts',(3.56841792038722,-1.67936388675988,5.1));
#8687=CARTESIAN_POINT('Ctrl Pts',(3.56841792038722,-1.67936388675988,5.04));
#8688=CARTESIAN_POINT('',(3.56841792038722,-1.67936388675988,5.05));
#8689=CARTESIAN_POINT('Ctrl Pts',(3.56841792038722,-1.67936388675988,5.05));
#8690=CARTESIAN_POINT('Ctrl Pts',(3.48397634517741,-1.67936388675988,5.05));
#8691=CARTESIAN_POINT('Ctrl Pts',(3.40185885001924,-1.70105530057525,5.05));
#8692=CARTESIAN_POINT('Ctrl Pts',(3.32206543491272,-1.74443812820598,5.05));
#8693=CARTESIAN_POINT('Ctrl Pts',(3.24286996245851,-1.78749586080244,5.05));
#8694=CARTESIAN_POINT('Ctrl Pts',(3.1802965517623,-1.8497964238806,5.05));
#8695=CARTESIAN_POINT('Ctrl Pts',(3.13536433743047,-1.92958983898712,5.05));
#8696=CARTESIAN_POINT('Ctrl Pts',(3.09010091161391,-2.00997144000619,5.05));
#8697=CARTESIAN_POINT('Ctrl Pts',(3.06796601593273,-2.09382482930346,5.05));
#8698=CARTESIAN_POINT('Ctrl Pts',(3.06796601593273,-2.26735613982638,5.05));
#8699=CARTESIAN_POINT('Ctrl Pts',(3.0896574297481,-2.35024832833509,5.05));
#8700=CARTESIAN_POINT('Ctrl Pts',(3.13381495072938,-2.43004174344161,5.05));
#8701=CARTESIAN_POINT('Ctrl Pts',(3.17764426961359,-2.50924209160081,5.05));
#8702=CARTESIAN_POINT('Ctrl Pts',(3.23994793975455,-2.57103593324148,5.05));
#8703=CARTESIAN_POINT('Ctrl Pts',(3.31974135486107,-2.61519345422276,5.05));
#8704=CARTESIAN_POINT('Ctrl Pts',(3.39894170302027,-2.65902277310698,5.05));
#8705=CARTESIAN_POINT('Ctrl Pts',(3.48242695847631,-2.68181708236995,5.05));
#8706=CARTESIAN_POINT('Ctrl Pts',(3.65440888229813,-2.68181708236995,5.05));
#8707=CARTESIAN_POINT('Ctrl Pts',(3.73730107080685,-2.65935097520404,5.05));
#8708=CARTESIAN_POINT('Ctrl Pts',(3.89688790101989,-2.57103593324148,5.05));
#8709=CARTESIAN_POINT('Ctrl Pts',(3.95808867571324,-2.50906046519758,5.05));
#8710=CARTESIAN_POINT('Ctrl Pts',(4.00224619669452,-2.43004174344161,5.05));
#8711=CARTESIAN_POINT('Ctrl Pts',(4.04673361345988,-2.35043268186149,5.05));
#8712=CARTESIAN_POINT('Ctrl Pts',(4.06809513149116,-2.26735613982638,5.05));
#8713=CARTESIAN_POINT('Ctrl Pts',(4.06809513149116,-2.09382482930346,5.05));
#8714=CARTESIAN_POINT('Ctrl Pts',(4.04562902432524,-2.01015794744419,5.05));
#8715=CARTESIAN_POINT('Ctrl Pts',(4.00147150334397,-1.92958983898712,5.05));
#8716=CARTESIAN_POINT('Ctrl Pts',(3.95746154037805,-1.84929095918967,5.05));
#8717=CARTESIAN_POINT('Ctrl Pts',(3.89378912761769,-1.78782095583671,5.05));
#8718=CARTESIAN_POINT('Ctrl Pts',(3.73420229740465,-1.70105530057525,5.05));
#8719=CARTESIAN_POINT('Ctrl Pts',(3.65208480224648,-1.67936388675988,5.05));
#8720=CARTESIAN_POINT('Ctrl Pts',(3.56841792038722,-1.67936388675988,5.05));
#8721=CARTESIAN_POINT('',(3.56841792038722,-1.67936388675988,5.1));
#8722=CARTESIAN_POINT('',(3.56841792038722,-1.67936388675988,5.1));
#8723=CARTESIAN_POINT('Ctrl Pts',(3.56841792038722,-1.67936388675988,5.1));
#8724=CARTESIAN_POINT('Ctrl Pts',(3.48397634517741,-1.67936388675988,5.1));
#8725=CARTESIAN_POINT('Ctrl Pts',(3.40185885001924,-1.70105530057525,5.1));
#8726=CARTESIAN_POINT('Ctrl Pts',(3.32206543491272,-1.74443812820598,5.1));
#8727=CARTESIAN_POINT('Ctrl Pts',(3.24286996245851,-1.78749586080244,5.1));
#8728=CARTESIAN_POINT('Ctrl Pts',(3.1802965517623,-1.8497964238806,5.1));
#8729=CARTESIAN_POINT('Ctrl Pts',(3.13536433743047,-1.92958983898712,5.1));
#8730=CARTESIAN_POINT('Ctrl Pts',(3.09010091161391,-2.00997144000619,5.1));
#8731=CARTESIAN_POINT('Ctrl Pts',(3.06796601593273,-2.09382482930346,5.1));
#8732=CARTESIAN_POINT('Ctrl Pts',(3.06796601593273,-2.26735613982638,5.1));
#8733=CARTESIAN_POINT('Ctrl Pts',(3.0896574297481,-2.35024832833509,5.1));
#8734=CARTESIAN_POINT('Ctrl Pts',(3.13381495072938,-2.43004174344161,5.1));
#8735=CARTESIAN_POINT('Ctrl Pts',(3.17764426961359,-2.50924209160081,5.1));
#8736=CARTESIAN_POINT('Ctrl Pts',(3.23994793975455,-2.57103593324148,5.1));
#8737=CARTESIAN_POINT('Ctrl Pts',(3.31974135486107,-2.61519345422276,5.1));
#8738=CARTESIAN_POINT('Ctrl Pts',(3.39894170302027,-2.65902277310698,5.1));
#8739=CARTESIAN_POINT('Ctrl Pts',(3.48242695847631,-2.68181708236995,5.1));
#8740=CARTESIAN_POINT('Ctrl Pts',(3.65440888229813,-2.68181708236995,5.1));
#8741=CARTESIAN_POINT('Ctrl Pts',(3.73730107080685,-2.65935097520404,5.1));
#8742=CARTESIAN_POINT('Ctrl Pts',(3.89688790101989,-2.57103593324148,5.1));
#8743=CARTESIAN_POINT('Ctrl Pts',(3.95808867571324,-2.50906046519758,5.1));
#8744=CARTESIAN_POINT('Ctrl Pts',(4.00224619669452,-2.43004174344161,5.1));
#8745=CARTESIAN_POINT('Ctrl Pts',(4.04673361345988,-2.35043268186149,5.1));
#8746=CARTESIAN_POINT('Ctrl Pts',(4.06809513149116,-2.26735613982638,5.1));
#8747=CARTESIAN_POINT('Ctrl Pts',(4.06809513149116,-2.09382482930346,5.1));
#8748=CARTESIAN_POINT('Ctrl Pts',(4.04562902432524,-2.01015794744419,5.1));
#8749=CARTESIAN_POINT('Ctrl Pts',(4.00147150334397,-1.92958983898712,5.1));
#8750=CARTESIAN_POINT('Ctrl Pts',(3.95746154037805,-1.84929095918967,5.1));
#8751=CARTESIAN_POINT('Ctrl Pts',(3.89378912761769,-1.78782095583671,5.1));
#8752=CARTESIAN_POINT('Ctrl Pts',(3.73420229740465,-1.70105530057525,5.1));
#8753=CARTESIAN_POINT('Ctrl Pts',(3.65208480224648,-1.67936388675988,5.1));
#8754=CARTESIAN_POINT('Ctrl Pts',(3.56841792038722,-1.67936388675988,5.1));
#8755=CARTESIAN_POINT('Ctrl Pts',(3.56841792038722,-1.58020313788964,5.1));
#8756=CARTESIAN_POINT('Ctrl Pts',(3.56841792038722,-1.58020313788964,5.04));
#8757=CARTESIAN_POINT('Ctrl Pts',(3.6691161383045,-1.57942853621336,5.1));
#8758=CARTESIAN_POINT('Ctrl Pts',(3.6691161383045,-1.57942853621336,5.04));
#8759=CARTESIAN_POINT('Ctrl Pts',(3.76751411147825,-1.6065427118083,5.1));
#8760=CARTESIAN_POINT('Ctrl Pts',(3.76751411147825,-1.6065427118083,5.04));
#8761=CARTESIAN_POINT('Ctrl Pts',(3.86280139359574,-1.65844716629507,5.1));
#8762=CARTESIAN_POINT('Ctrl Pts',(3.86280139359574,-1.65844716629507,5.04));
#8763=CARTESIAN_POINT('Ctrl Pts',(3.95836067529518,-1.71049978315574,5.1));
#8764=CARTESIAN_POINT('Ctrl Pts',(3.95836067529518,-1.71049978315574,5.04));
#8765=CARTESIAN_POINT('Ctrl Pts',(4.03323393071647,-1.78394748908396,5.1));
#8766=CARTESIAN_POINT('Ctrl Pts',(4.03323393071647,-1.78394748908396,5.04));
#8767=CARTESIAN_POINT('Ctrl Pts',(4.14014161309219,-1.97607144002005,5.1));
#8768=CARTESIAN_POINT('Ctrl Pts',(4.14014161309219,-1.97607144002005,5.04));
#8769=CARTESIAN_POINT('Ctrl Pts',(4.1672558803614,-2.07678157559139,5.1));
#8770=CARTESIAN_POINT('Ctrl Pts',(4.1672558803614,-2.07678157559139,5.04));
#8771=CARTESIAN_POINT('Ctrl Pts',(4.1672558803614,-2.28439939353845,5.1));
#8772=CARTESIAN_POINT('Ctrl Pts',(4.1672558803614,-2.28439939353845,5.04));
#8773=CARTESIAN_POINT('Ctrl Pts',(4.14091630644274,-2.38356014240869,5.1));
#8774=CARTESIAN_POINT('Ctrl Pts',(4.14091630644274,-2.38356014240869,5.04));
#8775=CARTESIAN_POINT('Ctrl Pts',(4.03555801076811,-2.57413470664368,5.1));
#8776=CARTESIAN_POINT('Ctrl Pts',(4.03555801076811,-2.57413470664368,5.04));
#8777=CARTESIAN_POINT('Ctrl Pts',(3.96196214246598,-2.64850526829636,5.1));
#8778=CARTESIAN_POINT('Ctrl Pts',(3.96196214246598,-2.64850526829636,5.04));
#8779=CARTESIAN_POINT('Ctrl Pts',(3.77138757823099,-2.75386356397099,5.1));
#8780=CARTESIAN_POINT('Ctrl Pts',(3.77138757823099,-2.75386356397099,5.04));
#8781=CARTESIAN_POINT('Ctrl Pts',(3.67222682936075,-2.78020313788964,5.1));
#8782=CARTESIAN_POINT('Ctrl Pts',(3.67222682936075,-2.78020313788964,5.04));
#8783=CARTESIAN_POINT('Ctrl Pts',(3.46460901141369,-2.78020313788964,5.1));
#8784=CARTESIAN_POINT('Ctrl Pts',(3.46460901141369,-2.78020313788964,5.04));
#8785=CARTESIAN_POINT('Ctrl Pts',(3.36544826254345,-2.75386356397099,5.1));
#8786=CARTESIAN_POINT('Ctrl Pts',(3.36544826254345,-2.75386356397099,5.04));
#8787=CARTESIAN_POINT('Ctrl Pts',(3.27016098042596,-2.70118441613367,5.1));
#8788=CARTESIAN_POINT('Ctrl Pts',(3.27016098042596,-2.70118441613367,5.04));
#8789=CARTESIAN_POINT('Ctrl Pts',(3.17546704289918,-2.64883329620017,5.1));
#8790=CARTESIAN_POINT('Ctrl Pts',(3.17546704289918,-2.64883329620017,5.04));
#8791=CARTESIAN_POINT('Ctrl Pts',(3.10127783000633,-2.57413470664368,5.1));
#8792=CARTESIAN_POINT('Ctrl Pts',(3.10127783000633,-2.57413470664368,5.04));
#8793=CARTESIAN_POINT('Ctrl Pts',(3.04859868216902,-2.47884742452618,5.1));
#8794=CARTESIAN_POINT('Ctrl Pts',(3.04859868216902,-2.47884742452618,5.04));
#8795=CARTESIAN_POINT('Ctrl Pts',(2.99573818557187,-2.38323211450488,5.1));
#8796=CARTESIAN_POINT('Ctrl Pts',(2.99573818557187,-2.38323211450488,5.04));
#8797=CARTESIAN_POINT('Ctrl Pts',(2.96880526706249,-2.28439939353845,5.1));
#8798=CARTESIAN_POINT('Ctrl Pts',(2.96880526706249,-2.28439939353845,5.04));
#8799=CARTESIAN_POINT('Ctrl Pts',(2.96880526706249,-2.07678157559139,5.1));
#8800=CARTESIAN_POINT('Ctrl Pts',(2.96880526706249,-2.07678157559139,5.04));
#8801=CARTESIAN_POINT('Ctrl Pts',(2.9959195343317,-1.97607144002005,5.1));
#8802=CARTESIAN_POINT('Ctrl Pts',(2.9959195343317,-1.97607144002005,5.04));
#8803=CARTESIAN_POINT('Ctrl Pts',(3.04937337551956,-1.88000946455201,5.1));
#8804=CARTESIAN_POINT('Ctrl Pts',(3.04937337551956,-1.88000946455201,5.04));
#8805=CARTESIAN_POINT('Ctrl Pts',(3.103010377806,-1.78361833000827,5.1));
#8806=CARTESIAN_POINT('Ctrl Pts',(3.103010377806,-1.78361833000827,5.04));
#8807=CARTESIAN_POINT('Ctrl Pts',(3.17797247171066,-1.70957692743128,5.1));
#8808=CARTESIAN_POINT('Ctrl Pts',(3.17797247171066,-1.70957692743128,5.04));
#8809=CARTESIAN_POINT('Ctrl Pts',(3.2740344471787,-1.65844716629507,5.1));
#8810=CARTESIAN_POINT('Ctrl Pts',(3.2740344471787,-1.65844716629507,5.04));
#8811=CARTESIAN_POINT('Ctrl Pts',(3.36981405924835,-1.60746769535477,5.1));
#8812=CARTESIAN_POINT('Ctrl Pts',(3.36981405924835,-1.60746769535477,5.04));
#8813=CARTESIAN_POINT('Ctrl Pts',(3.46770778481588,-1.58097783124019,5.1));
#8814=CARTESIAN_POINT('Ctrl Pts',(3.46770778481588,-1.58097783124019,5.04));
#8815=CARTESIAN_POINT('Ctrl Pts',(3.56841792038722,-1.58020313788964,5.1));
#8816=CARTESIAN_POINT('Ctrl Pts',(3.56841792038722,-1.58020313788964,5.04));
#8817=CARTESIAN_POINT('',(3.56841792038722,-1.58020313788964,5.1));
#8818=CARTESIAN_POINT('',(3.56841792038722,-1.58020313788964,5.1));
#8819=CARTESIAN_POINT('Ctrl Pts',(3.56841792038722,-1.58020313788964,5.1));
#8820=CARTESIAN_POINT('Ctrl Pts',(3.6691161383045,-1.57942853621336,5.1));
#8821=CARTESIAN_POINT('Ctrl Pts',(3.76751411147825,-1.6065427118083,5.1));
#8822=CARTESIAN_POINT('Ctrl Pts',(3.86280139359574,-1.65844716629507,5.1));
#8823=CARTESIAN_POINT('Ctrl Pts',(3.95836067529518,-1.71049978315574,5.1));
#8824=CARTESIAN_POINT('Ctrl Pts',(4.03323393071647,-1.78394748908396,5.1));
#8825=CARTESIAN_POINT('Ctrl Pts',(4.14014161309219,-1.97607144002005,5.1));
#8826=CARTESIAN_POINT('Ctrl Pts',(4.1672558803614,-2.07678157559139,5.1));
#8827=CARTESIAN_POINT('Ctrl Pts',(4.1672558803614,-2.28439939353845,5.1));
#8828=CARTESIAN_POINT('Ctrl Pts',(4.14091630644274,-2.38356014240869,5.1));
#8829=CARTESIAN_POINT('Ctrl Pts',(4.03555801076811,-2.57413470664368,5.1));
#8830=CARTESIAN_POINT('Ctrl Pts',(3.96196214246598,-2.64850526829636,5.1));
#8831=CARTESIAN_POINT('Ctrl Pts',(3.77138757823099,-2.75386356397099,5.1));
#8832=CARTESIAN_POINT('Ctrl Pts',(3.67222682936075,-2.78020313788964,5.1));
#8833=CARTESIAN_POINT('Ctrl Pts',(3.46460901141369,-2.78020313788964,5.1));
#8834=CARTESIAN_POINT('Ctrl Pts',(3.36544826254345,-2.75386356397099,5.1));
#8835=CARTESIAN_POINT('Ctrl Pts',(3.27016098042596,-2.70118441613367,5.1));
#8836=CARTESIAN_POINT('Ctrl Pts',(3.17546704289918,-2.64883329620017,5.1));
#8837=CARTESIAN_POINT('Ctrl Pts',(3.10127783000633,-2.57413470664368,5.1));
#8838=CARTESIAN_POINT('Ctrl Pts',(3.04859868216902,-2.47884742452618,5.1));
#8839=CARTESIAN_POINT('Ctrl Pts',(2.99573818557187,-2.38323211450488,5.1));
#8840=CARTESIAN_POINT('Ctrl Pts',(2.96880526706249,-2.28439939353845,5.1));
#8841=CARTESIAN_POINT('Ctrl Pts',(2.96880526706249,-2.07678157559139,5.1));
#8842=CARTESIAN_POINT('Ctrl Pts',(2.9959195343317,-1.97607144002005,5.1));
#8843=CARTESIAN_POINT('Ctrl Pts',(3.04937337551956,-1.88000946455201,5.1));
#8844=CARTESIAN_POINT('Ctrl Pts',(3.103010377806,-1.78361833000827,5.1));
#8845=CARTESIAN_POINT('Ctrl Pts',(3.17797247171066,-1.70957692743128,5.1));
#8846=CARTESIAN_POINT('Ctrl Pts',(3.2740344471787,-1.65844716629507,5.1));
#8847=CARTESIAN_POINT('Ctrl Pts',(3.36981405924835,-1.60746769535477,5.1));
#8848=CARTESIAN_POINT('Ctrl Pts',(3.46770778481588,-1.58097783124019,5.1));
#8849=CARTESIAN_POINT('Ctrl Pts',(3.56841792038722,-1.58020313788964,5.1));
#8850=CARTESIAN_POINT('Origin',(3.56544246661464,-2.78019591856988,5.1));
#8851=CARTESIAN_POINT('Origin',(4.163799117101E-16,-4.5,5.05));
#8852=CARTESIAN_POINT('',(3.40883109017418,-2.23791779250552,5.05));
#8853=CARTESIAN_POINT('',(3.40883109017418,-2.51215923859978,5.05));
#8854=CARTESIAN_POINT('',(3.40883109017418,-2.23791779250552,5.05));
#8855=CARTESIAN_POINT('',(3.30502218120065,-2.51215923859978,5.05));
#8856=CARTESIAN_POINT('',(3.40883109017418,-2.51215923859978,5.05));
#8857=CARTESIAN_POINT('',(3.30502218120065,-1.86683967759268,5.05));
#8858=CARTESIAN_POINT('',(3.30502218120065,-2.51215923859978,5.05));
#8859=CARTESIAN_POINT('',(3.61799829482234,-2.2231986188451,5.05));
#8860=CARTESIAN_POINT('Ctrl Pts',(3.30502218120065,-1.86683967759268,5.05));
#8861=CARTESIAN_POINT('Ctrl Pts',(3.34252259004228,-1.86687981328807,5.05));
#8862=CARTESIAN_POINT('Ctrl Pts',(3.39525383765088,-1.8667594062019,5.05));
#8863=CARTESIAN_POINT('Ctrl Pts',(3.47260089910337,-1.86696008467885,5.05));
#8864=CARTESIAN_POINT('Ctrl Pts',(3.51653373257737,-1.86638815101953,5.05));
#8865=CARTESIAN_POINT('Ctrl Pts',(3.62400408622362,-1.86876284633015,5.05));
#8866=CARTESIAN_POINT('Ctrl Pts',(3.69445613510369,-1.88210129730856,5.05));
#8867=CARTESIAN_POINT('Ctrl Pts',(3.75178416940214,-1.91124722725833,5.05));
#8868=CARTESIAN_POINT('Ctrl Pts',(3.810830411918,-1.9966647664625,5.05));
#8869=CARTESIAN_POINT('Ctrl Pts',(3.79863279502518,-2.15114927646192,5.05));
#8870=CARTESIAN_POINT('Ctrl Pts',(3.69512567837546,-2.21948957420329,5.05));
#8871=CARTESIAN_POINT('Ctrl Pts',(3.61799829482234,-2.2231986188451,5.05));
#8872=CARTESIAN_POINT('',(3.84730752658477,-2.51215923859978,5.05));
#8873=CARTESIAN_POINT('Ctrl Pts',(3.61799829482234,-2.2231986188451,5.05));
#8874=CARTESIAN_POINT('Ctrl Pts',(3.66027035370444,-2.24123622006637,5.05));
#8875=CARTESIAN_POINT('Ctrl Pts',(3.68579514155977,-2.26860226650072,5.05));
#8876=CARTESIAN_POINT('Ctrl Pts',(3.73114166212608,-2.3263013132828,5.05));
#8877=CARTESIAN_POINT('Ctrl Pts',(3.79342423804726,-2.42630219196489,5.05));
#8878=CARTESIAN_POINT('Ctrl Pts',(3.81628078850729,-2.46313462644845,5.05));
#8879=CARTESIAN_POINT('Ctrl Pts',(3.84730752658477,-2.51215923859978,5.05));
#8880=CARTESIAN_POINT('',(3.71948312374423,-2.51215923859978,5.05));
#8881=CARTESIAN_POINT('',(3.84730752658477,-2.51215923859978,5.05));
#8882=CARTESIAN_POINT('Ctrl Pts',(3.71948312374423,-2.51215923859978,5.05));
#8883=CARTESIAN_POINT('Ctrl Pts',(3.69712763480237,-2.47302469958876,5.05));
#8884=CARTESIAN_POINT('Ctrl Pts',(3.68071621720346,-2.44264989960009,5.05));
#8885=CARTESIAN_POINT('Ctrl Pts',(3.61991356863051,-2.33740000336165,5.05));
#8886=CARTESIAN_POINT('Ctrl Pts',(3.58043182550188,-2.28481447027865,5.05));
#8887=CARTESIAN_POINT('Ctrl Pts',(3.54521676442243,-2.23660933465777,5.05));
#8888=CARTESIAN_POINT('Ctrl Pts',(3.44398251696165,-2.23649449061597,5.05));
#8889=CARTESIAN_POINT('Ctrl Pts',(3.40883109017418,-2.23791779250552,5.05));
#8890=CARTESIAN_POINT('Origin',(3.40883109017418,-2.51215923859978,5.1));
#8891=CARTESIAN_POINT('',(3.40883109017418,-2.51215923859978,5.1));
#8892=CARTESIAN_POINT('',(3.40883109017418,-2.51215923859978,5.1));
#8893=CARTESIAN_POINT('',(3.30502218120065,-2.51215923859978,5.1));
#8894=CARTESIAN_POINT('',(3.40883109017418,-2.51215923859978,5.1));
#8895=CARTESIAN_POINT('',(3.30502218120065,-2.51215923859978,5.1));
#8896=CARTESIAN_POINT('Origin',(3.30502218120065,-2.51215923859978,5.1));
#8897=CARTESIAN_POINT('',(3.30502218120065,-1.86683967759268,5.1));
#8898=CARTESIAN_POINT('',(3.30502218120065,-2.51215923859978,5.1));
#8899=CARTESIAN_POINT('',(3.30502218120065,-1.86683967759268,5.1));
#8900=CARTESIAN_POINT('Ctrl Pts',(3.30502218120065,-1.86683967759268,5.1));
#8901=CARTESIAN_POINT('Ctrl Pts',(3.30502218120065,-1.86683967759268,5.04));
#8902=CARTESIAN_POINT('Ctrl Pts',(3.34252259004228,-1.86687981328807,5.1));
#8903=CARTESIAN_POINT('Ctrl Pts',(3.34252259004228,-1.86687981328807,5.04));
#8904=CARTESIAN_POINT('Ctrl Pts',(3.39525383765088,-1.8667594062019,5.1));
#8905=CARTESIAN_POINT('Ctrl Pts',(3.39525383765088,-1.8667594062019,5.04));
#8906=CARTESIAN_POINT('Ctrl Pts',(3.47260089910337,-1.86696008467885,5.1));
#8907=CARTESIAN_POINT('Ctrl Pts',(3.47260089910337,-1.86696008467885,5.04));
#8908=CARTESIAN_POINT('Ctrl Pts',(3.51653373257737,-1.86638815101953,5.1));
#8909=CARTESIAN_POINT('Ctrl Pts',(3.51653373257737,-1.86638815101953,5.04));
#8910=CARTESIAN_POINT('Ctrl Pts',(3.62400408622362,-1.86876284633015,5.1));
#8911=CARTESIAN_POINT('Ctrl Pts',(3.62400408622362,-1.86876284633015,5.04));
#8912=CARTESIAN_POINT('Ctrl Pts',(3.69445613510369,-1.88210129730856,5.1));
#8913=CARTESIAN_POINT('Ctrl Pts',(3.69445613510369,-1.88210129730856,5.04));
#8914=CARTESIAN_POINT('Ctrl Pts',(3.75178416940214,-1.91124722725833,5.1));
#8915=CARTESIAN_POINT('Ctrl Pts',(3.75178416940214,-1.91124722725833,5.04));
#8916=CARTESIAN_POINT('Ctrl Pts',(3.810830411918,-1.9966647664625,5.1));
#8917=CARTESIAN_POINT('Ctrl Pts',(3.810830411918,-1.9966647664625,5.04));
#8918=CARTESIAN_POINT('Ctrl Pts',(3.79863279502518,-2.15114927646192,5.1));
#8919=CARTESIAN_POINT('Ctrl Pts',(3.79863279502518,-2.15114927646192,5.04));
#8920=CARTESIAN_POINT('Ctrl Pts',(3.69512567837546,-2.21948957420329,5.1));
#8921=CARTESIAN_POINT('Ctrl Pts',(3.69512567837546,-2.21948957420329,5.04));
#8922=CARTESIAN_POINT('Ctrl Pts',(3.61799829482234,-2.2231986188451,5.1));
#8923=CARTESIAN_POINT('Ctrl Pts',(3.61799829482234,-2.2231986188451,5.04));
#8924=CARTESIAN_POINT('',(3.61799829482234,-2.2231986188451,5.1));
#8925=CARTESIAN_POINT('Ctrl Pts',(3.30502218120065,-1.86683967759268,5.1));
#8926=CARTESIAN_POINT('Ctrl Pts',(3.34252259004228,-1.86687981328807,5.1));
#8927=CARTESIAN_POINT('Ctrl Pts',(3.39525383765088,-1.8667594062019,5.1));
#8928=CARTESIAN_POINT('Ctrl Pts',(3.47260089910337,-1.86696008467885,5.1));
#8929=CARTESIAN_POINT('Ctrl Pts',(3.51653373257737,-1.86638815101953,5.1));
#8930=CARTESIAN_POINT('Ctrl Pts',(3.62400408622362,-1.86876284633015,5.1));
#8931=CARTESIAN_POINT('Ctrl Pts',(3.69445613510369,-1.88210129730856,5.1));
#8932=CARTESIAN_POINT('Ctrl Pts',(3.75178416940214,-1.91124722725833,5.1));
#8933=CARTESIAN_POINT('Ctrl Pts',(3.810830411918,-1.9966647664625,5.1));
#8934=CARTESIAN_POINT('Ctrl Pts',(3.79863279502518,-2.15114927646192,5.1));
#8935=CARTESIAN_POINT('Ctrl Pts',(3.69512567837546,-2.21948957420329,5.1));
#8936=CARTESIAN_POINT('Ctrl Pts',(3.61799829482234,-2.2231986188451,5.1));
#8937=CARTESIAN_POINT('',(3.61799829482234,-2.2231986188451,5.1));
#8938=CARTESIAN_POINT('Ctrl Pts',(3.61799829482234,-2.2231986188451,5.1));
#8939=CARTESIAN_POINT('Ctrl Pts',(3.61799829482234,-2.2231986188451,5.04));
#8940=CARTESIAN_POINT('Ctrl Pts',(3.66027035370444,-2.24123622006637,5.1));
#8941=CARTESIAN_POINT('Ctrl Pts',(3.66027035370444,-2.24123622006637,5.04));
#8942=CARTESIAN_POINT('Ctrl Pts',(3.68579514155977,-2.26860226650072,5.1));
#8943=CARTESIAN_POINT('Ctrl Pts',(3.68579514155977,-2.26860226650072,5.04));
#8944=CARTESIAN_POINT('Ctrl Pts',(3.73114166212608,-2.3263013132828,5.1));
#8945=CARTESIAN_POINT('Ctrl Pts',(3.73114166212608,-2.3263013132828,5.04));
#8946=CARTESIAN_POINT('Ctrl Pts',(3.79342423804726,-2.42630219196489,5.1));
#8947=CARTESIAN_POINT('Ctrl Pts',(3.79342423804726,-2.42630219196489,5.04));
#8948=CARTESIAN_POINT('Ctrl Pts',(3.81628078850729,-2.46313462644845,5.1));
#8949=CARTESIAN_POINT('Ctrl Pts',(3.81628078850729,-2.46313462644845,5.04));
#8950=CARTESIAN_POINT('Ctrl Pts',(3.84730752658477,-2.51215923859978,5.1));
#8951=CARTESIAN_POINT('Ctrl Pts',(3.84730752658477,-2.51215923859978,5.04));
#8952=CARTESIAN_POINT('',(3.84730752658477,-2.51215923859978,5.1));
#8953=CARTESIAN_POINT('Ctrl Pts',(3.61799829482234,-2.2231986188451,5.1));
#8954=CARTESIAN_POINT('Ctrl Pts',(3.66027035370444,-2.24123622006637,5.1));
#8955=CARTESIAN_POINT('Ctrl Pts',(3.68579514155977,-2.26860226650072,5.1));
#8956=CARTESIAN_POINT('Ctrl Pts',(3.73114166212608,-2.3263013132828,5.1));
#8957=CARTESIAN_POINT('Ctrl Pts',(3.79342423804726,-2.42630219196489,5.1));
#8958=CARTESIAN_POINT('Ctrl Pts',(3.81628078850729,-2.46313462644845,5.1));
#8959=CARTESIAN_POINT('Ctrl Pts',(3.84730752658477,-2.51215923859978,5.1));
#8960=CARTESIAN_POINT('',(3.84730752658477,-2.51215923859978,5.1));
#8961=CARTESIAN_POINT('Origin',(3.84730752658477,-2.51215923859978,5.1));
#8962=CARTESIAN_POINT('',(3.71948312374423,-2.51215923859978,5.1));
#8963=CARTESIAN_POINT('',(3.84730752658477,-2.51215923859978,5.1));
#8964=CARTESIAN_POINT('',(3.71948312374423,-2.51215923859978,5.1));
#8965=CARTESIAN_POINT('Ctrl Pts',(3.71948312374423,-2.51215923859978,5.1));
#8966=CARTESIAN_POINT('Ctrl Pts',(3.71948312374423,-2.51215923859978,5.04));
#8967=CARTESIAN_POINT('Ctrl Pts',(3.69712763480237,-2.47302469958876,5.1));
#8968=CARTESIAN_POINT('Ctrl Pts',(3.69712763480237,-2.47302469958876,5.04));
#8969=CARTESIAN_POINT('Ctrl Pts',(3.68071621720346,-2.44264989960009,5.1));
#8970=CARTESIAN_POINT('Ctrl Pts',(3.68071621720346,-2.44264989960009,5.04));
#8971=CARTESIAN_POINT('Ctrl Pts',(3.61991356863051,-2.33740000336165,5.1));
#8972=CARTESIAN_POINT('Ctrl Pts',(3.61991356863051,-2.33740000336165,5.04));
#8973=CARTESIAN_POINT('Ctrl Pts',(3.58043182550188,-2.28481447027865,5.1));
#8974=CARTESIAN_POINT('Ctrl Pts',(3.58043182550188,-2.28481447027865,5.04));
#8975=CARTESIAN_POINT('Ctrl Pts',(3.54521676442243,-2.23660933465777,5.1));
#8976=CARTESIAN_POINT('Ctrl Pts',(3.54521676442243,-2.23660933465777,5.04));
#8977=CARTESIAN_POINT('Ctrl Pts',(3.44398251696165,-2.23649449061597,5.1));
#8978=CARTESIAN_POINT('Ctrl Pts',(3.44398251696165,-2.23649449061597,5.04));
#8979=CARTESIAN_POINT('Ctrl Pts',(3.40883109017418,-2.23791779250552,5.1));
#8980=CARTESIAN_POINT('Ctrl Pts',(3.40883109017418,-2.23791779250552,5.04));
#8981=CARTESIAN_POINT('',(3.40883109017418,-2.23791779250552,5.1));
#8982=CARTESIAN_POINT('Ctrl Pts',(3.71948312374423,-2.51215923859978,5.1));
#8983=CARTESIAN_POINT('Ctrl Pts',(3.69712763480237,-2.47302469958876,5.1));
#8984=CARTESIAN_POINT('Ctrl Pts',(3.68071621720346,-2.44264989960009,5.1));
#8985=CARTESIAN_POINT('Ctrl Pts',(3.61991356863051,-2.33740000336165,5.1));
#8986=CARTESIAN_POINT('Ctrl Pts',(3.58043182550188,-2.28481447027865,5.1));
#8987=CARTESIAN_POINT('Ctrl Pts',(3.54521676442243,-2.23660933465777,5.1));
#8988=CARTESIAN_POINT('Ctrl Pts',(3.44398251696165,-2.23649449061597,5.1));
#8989=CARTESIAN_POINT('Ctrl Pts',(3.40883109017418,-2.23791779250552,5.1));
#8990=CARTESIAN_POINT('',(3.40883109017418,-2.23791779250552,5.1));
#8991=CARTESIAN_POINT('Ctrl Pts',(3.40883109017418,-2.14960275054297,5.1));
#8992=CARTESIAN_POINT('Ctrl Pts',(3.40883109017418,-2.14960275054297,5.04));
#8993=CARTESIAN_POINT('Ctrl Pts',(3.43580511326316,-2.14980637545169,5.1));
#8994=CARTESIAN_POINT('Ctrl Pts',(3.43580511326316,-2.14980637545169,5.04));
#8995=CARTESIAN_POINT('Ctrl Pts',(3.48163972659689,-2.14919550072552,5.1));
#8996=CARTESIAN_POINT('Ctrl Pts',(3.48163972659689,-2.14919550072552,5.04));
#8997=CARTESIAN_POINT('Ctrl Pts',(3.53620252533951,-2.15029846898111,5.1));
#8998=CARTESIAN_POINT('Ctrl Pts',(3.53620252533951,-2.15029846898111,5.04));
#8999=CARTESIAN_POINT('Ctrl Pts',(3.62000378651887,-2.14561509608044,5.1));
#9000=CARTESIAN_POINT('Ctrl Pts',(3.62000378651887,-2.14561509608044,5.04));
#9001=CARTESIAN_POINT('Ctrl Pts',(3.66135871349615,-2.13079524601415,5.1));
#9002=CARTESIAN_POINT('Ctrl Pts',(3.66135871349615,-2.13079524601415,5.04));
#9003=CARTESIAN_POINT('Ctrl Pts',(3.7074320903061,-2.05888036276873,5.1));
#9004=CARTESIAN_POINT('Ctrl Pts',(3.7074320903061,-2.05888036276873,5.04));
#9005=CARTESIAN_POINT('Ctrl Pts',(3.67538230598997,-1.98422444802654,5.1));
#9006=CARTESIAN_POINT('Ctrl Pts',(3.67538230598997,-1.98422444802654,5.04));
#9007=CARTESIAN_POINT('Ctrl Pts',(3.62716445924933,-1.96109233627856,5.1));
#9008=CARTESIAN_POINT('Ctrl Pts',(3.62716445924933,-1.96109233627856,5.04));
#9009=CARTESIAN_POINT('Ctrl Pts',(3.5936661833709,-1.95600299686601,5.1));
#9010=CARTESIAN_POINT('Ctrl Pts',(3.5936661833709,-1.95600299686601,5.04));
#9011=CARTESIAN_POINT('Ctrl Pts',(3.49829508947771,-1.95122348848694,5.1));
#9012=CARTESIAN_POINT('Ctrl Pts',(3.49829508947771,-1.95122348848694,5.04));
#9013=CARTESIAN_POINT('Ctrl Pts',(3.45752386008337,-1.95593103831667,5.1));
#9014=CARTESIAN_POINT('Ctrl Pts',(3.45752386008337,-1.95593103831667,5.04));
#9015=CARTESIAN_POINT('Ctrl Pts',(3.40883109017418,-1.95360533285414,5.1));
#9016=CARTESIAN_POINT('Ctrl Pts',(3.40883109017418,-1.95360533285414,5.04));
#9017=CARTESIAN_POINT('',(3.40883109017418,-2.14960275054297,5.05));
#9018=CARTESIAN_POINT('',(3.40883109017418,-1.95360533285414,5.05));
#9019=CARTESIAN_POINT('Ctrl Pts',(3.40883109017418,-2.14960275054297,5.05));
#9020=CARTESIAN_POINT('Ctrl Pts',(3.43580511326316,-2.14980637545169,5.05));
#9021=CARTESIAN_POINT('Ctrl Pts',(3.48163972659689,-2.14919550072552,5.05));
#9022=CARTESIAN_POINT('Ctrl Pts',(3.53620252533951,-2.15029846898111,5.05));
#9023=CARTESIAN_POINT('Ctrl Pts',(3.62000378651887,-2.14561509608044,5.05));
#9024=CARTESIAN_POINT('Ctrl Pts',(3.66135871349615,-2.13079524601415,5.05));
#9025=CARTESIAN_POINT('Ctrl Pts',(3.7074320903061,-2.05888036276873,5.05));
#9026=CARTESIAN_POINT('Ctrl Pts',(3.67538230598997,-1.98422444802654,5.05));
#9027=CARTESIAN_POINT('Ctrl Pts',(3.62716445924933,-1.96109233627856,5.05));
#9028=CARTESIAN_POINT('Ctrl Pts',(3.5936661833709,-1.95600299686601,5.05));
#9029=CARTESIAN_POINT('Ctrl Pts',(3.49829508947771,-1.95122348848694,5.05));
#9030=CARTESIAN_POINT('Ctrl Pts',(3.45752386008337,-1.95593103831667,5.05));
#9031=CARTESIAN_POINT('Ctrl Pts',(3.40883109017418,-1.95360533285414,5.05));
#9032=CARTESIAN_POINT('',(3.40883109017418,-2.14960275054297,5.1));
#9033=CARTESIAN_POINT('',(3.40883109017418,-2.14960275054297,5.1));
#9034=CARTESIAN_POINT('',(3.40883109017418,-1.95360533285414,5.1));
#9035=CARTESIAN_POINT('Ctrl Pts',(3.40883109017418,-2.14960275054297,5.1));
#9036=CARTESIAN_POINT('Ctrl Pts',(3.43580511326316,-2.14980637545169,5.1));
#9037=CARTESIAN_POINT('Ctrl Pts',(3.48163972659689,-2.14919550072552,5.1));
#9038=CARTESIAN_POINT('Ctrl Pts',(3.53620252533951,-2.15029846898111,5.1));
#9039=CARTESIAN_POINT('Ctrl Pts',(3.62000378651887,-2.14561509608044,5.1));
#9040=CARTESIAN_POINT('Ctrl Pts',(3.66135871349615,-2.13079524601415,5.1));
#9041=CARTESIAN_POINT('Ctrl Pts',(3.7074320903061,-2.05888036276873,5.1));
#9042=CARTESIAN_POINT('Ctrl Pts',(3.67538230598997,-1.98422444802654,5.1));
#9043=CARTESIAN_POINT('Ctrl Pts',(3.62716445924933,-1.96109233627856,5.1));
#9044=CARTESIAN_POINT('Ctrl Pts',(3.5936661833709,-1.95600299686601,5.1));
#9045=CARTESIAN_POINT('Ctrl Pts',(3.49829508947771,-1.95122348848694,5.1));
#9046=CARTESIAN_POINT('Ctrl Pts',(3.45752386008337,-1.95593103831667,5.1));
#9047=CARTESIAN_POINT('Ctrl Pts',(3.40883109017418,-1.95360533285414,5.1));
#9048=CARTESIAN_POINT('',(3.40883109017418,-1.95360533285414,5.1));
#9049=CARTESIAN_POINT('Origin',(3.40883109017418,-1.95360533285414,5.1));
#9050=CARTESIAN_POINT('',(3.40883109017418,-1.95360533285414,5.05));
#9051=CARTESIAN_POINT('',(3.40883109017418,-1.95360533285414,5.1));
#9052=CARTESIAN_POINT('Origin',(3.40883109017418,-2.23791779250552,5.1));
#9053=CARTESIAN_POINT('',(3.40883109017418,-2.23791779250552,5.1));
#9054=CARTESIAN_POINT('Origin',(3.7471701173354,-1.91630757238215,5.1));
#9055=CARTESIAN_POINT('Origin',(4.163799117101E-16,-4.5,5.05));
#9056=CARTESIAN_POINT('Origin',(-2.90435827592151,-3.89911831323097,5.1));
#9057=CARTESIAN_POINT('',(-2.90435827592151,-3.89911831323097,5.1));
#9058=CARTESIAN_POINT('',(-2.90435827592151,-3.89911831323097,5.1));
#9059=CARTESIAN_POINT('',(-2.90435827592151,-2.88474705574594,5.1));
#9060=CARTESIAN_POINT('',(-2.90435827592151,-3.89911831323097,5.1));
#9061=CARTESIAN_POINT('',(-2.90435827592151,-2.88474705574594,5.1));
#9062=CARTESIAN_POINT('Origin',(-2.90435827592151,-2.88474705574594,5.1));
#9063=CARTESIAN_POINT('',(-2.5410848228277,-2.88474705574594,5.1));
#9064=CARTESIAN_POINT('',(-2.90435827592151,-2.88474705574594,5.1));
#9065=CARTESIAN_POINT('',(-2.5410848228277,-2.88474705574594,5.1));
#9066=CARTESIAN_POINT('Origin',(-2.5410848228277,-2.88474705574594,5.1));
#9067=CARTESIAN_POINT('',(-2.5410848228277,-3.03378231855366,5.1));
#9068=CARTESIAN_POINT('',(-2.5410848228277,-2.88474705574594,5.1));
#9069=CARTESIAN_POINT('',(-2.5410848228277,-3.03378231855366,5.1));
#9070=CARTESIAN_POINT('Ctrl Pts',(-2.5410848228277,-3.03378231855366,5.1));
#9071=CARTESIAN_POINT('Ctrl Pts',(-2.5410848228277,-3.03378231855366,5.04));
#9072=CARTESIAN_POINT('Ctrl Pts',(-2.48810965900262,-2.97228544465663,5.1));
#9073=CARTESIAN_POINT('Ctrl Pts',(-2.48810965900262,-2.97228544465663,5.04));
#9074=CARTESIAN_POINT('Ctrl Pts',(-2.41335189048669,-2.90897990860498,5.1));
#9075=CARTESIAN_POINT('Ctrl Pts',(-2.41335189048669,-2.90897990860498,5.04));
#9076=CARTESIAN_POINT('Ctrl Pts',(-2.30149955351883,-2.87070606147576,5.1));
#9077=CARTESIAN_POINT('Ctrl Pts',(-2.30149955351883,-2.87070606147576,5.04));
#9078=CARTESIAN_POINT('Ctrl Pts',(-2.19469064847033,-2.86006611545845,5.1));
#9079=CARTESIAN_POINT('Ctrl Pts',(-2.19469064847033,-2.86006611545845,5.04));
#9080=CARTESIAN_POINT('Ctrl Pts',(-2.08713060409134,-2.86906835466573,5.1));
#9081=CARTESIAN_POINT('Ctrl Pts',(-2.08713060409134,-2.86906835466573,5.04));
#9082=CARTESIAN_POINT('Ctrl Pts',(-1.9856964788942,-2.90113330226906,5.1));
#9083=CARTESIAN_POINT('Ctrl Pts',(-1.9856964788942,-2.90113330226906,5.04));
#9084=CARTESIAN_POINT('Ctrl Pts',(-1.91373238720458,-2.9703198364843,5.1));
#9085=CARTESIAN_POINT('Ctrl Pts',(-1.91373238720458,-2.9703198364843,5.04));
#9086=CARTESIAN_POINT('Ctrl Pts',(-1.88160378490355,-3.03378231855366,5.1));
#9087=CARTESIAN_POINT('Ctrl Pts',(-1.88160378490355,-3.03378231855366,5.04));
#9088=CARTESIAN_POINT('',(-1.88160378490355,-3.03378231855366,5.1));
#9089=CARTESIAN_POINT('Ctrl Pts',(-2.5410848228277,-3.03378231855366,5.1));
#9090=CARTESIAN_POINT('Ctrl Pts',(-2.48810965900262,-2.97228544465663,5.1));
#9091=CARTESIAN_POINT('Ctrl Pts',(-2.41335189048669,-2.90897990860498,5.1));
#9092=CARTESIAN_POINT('Ctrl Pts',(-2.30149955351883,-2.87070606147576,5.1));
#9093=CARTESIAN_POINT('Ctrl Pts',(-2.19469064847033,-2.86006611545845,5.1));
#9094=CARTESIAN_POINT('Ctrl Pts',(-2.08713060409134,-2.86906835466573,5.1));
#9095=CARTESIAN_POINT('Ctrl Pts',(-1.9856964788942,-2.90113330226906,5.1));
#9096=CARTESIAN_POINT('Ctrl Pts',(-1.91373238720458,-2.9703198364843,5.1));
#9097=CARTESIAN_POINT('Ctrl Pts',(-1.88160378490355,-3.03378231855366,5.1));
#9098=CARTESIAN_POINT('',(-1.88160378490355,-3.03378231855366,5.1));
#9099=CARTESIAN_POINT('Ctrl Pts',(-1.88160378490355,-3.03378231855366,5.1));
#9100=CARTESIAN_POINT('Ctrl Pts',(-1.88160378490355,-3.03378231855366,5.04));
#9101=CARTESIAN_POINT('Ctrl Pts',(-1.81911035917137,-2.96895597543217,5.1));
#9102=CARTESIAN_POINT('Ctrl Pts',(-1.81911035917137,-2.96895597543217,5.04));
#9103=CARTESIAN_POINT('Ctrl Pts',(-1.75294717820147,-2.90869487670664,5.1));
#9104=CARTESIAN_POINT('Ctrl Pts',(-1.75294717820147,-2.90869487670664,5.04));
#9105=CARTESIAN_POINT('Ctrl Pts',(-1.62782848421142,-2.86571966493147,5.1));
#9106=CARTESIAN_POINT('Ctrl Pts',(-1.62782848421142,-2.86571966493147,5.04));
#9107=CARTESIAN_POINT('Ctrl Pts',(-1.46596839088501,-2.85721670727866,5.1));
#9108=CARTESIAN_POINT('Ctrl Pts',(-1.46596839088501,-2.85721670727866,5.04));
#9109=CARTESIAN_POINT('Ctrl Pts',(-1.31176590651553,-2.90745282343277,5.1));
#9110=CARTESIAN_POINT('Ctrl Pts',(-1.31176590651553,-2.90745282343277,5.04));
#9111=CARTESIAN_POINT('Ctrl Pts',(-1.22387810330287,-3.01660058714143,5.1));
#9112=CARTESIAN_POINT('Ctrl Pts',(-1.22387810330287,-3.01660058714143,5.04));
#9113=CARTESIAN_POINT('Ctrl Pts',(-1.18529967291406,-3.14338331304797,5.1));
#9114=CARTESIAN_POINT('Ctrl Pts',(-1.18529967291406,-3.14338331304797,5.04));
#9115=CARTESIAN_POINT('Ctrl Pts',(-1.18131476837383,-3.2865903695152,5.1));
#9116=CARTESIAN_POINT('Ctrl Pts',(-1.18131476837383,-3.2865903695152,5.04));
#9117=CARTESIAN_POINT('Ctrl Pts',(-1.18236154200687,-3.39347381607733,5.1));
#9118=CARTESIAN_POINT('Ctrl Pts',(-1.18236154200687,-3.39347381607733,5.04));
#9119=CARTESIAN_POINT('Ctrl Pts',(-1.1816229109339,-3.60479814454252,5.1));
#9120=CARTESIAN_POINT('Ctrl Pts',(-1.1816229109339,-3.60479814454252,5.04));
#9121=CARTESIAN_POINT('Ctrl Pts',(-1.18238947120408,-3.77092449213008,5.1));
#9122=CARTESIAN_POINT('Ctrl Pts',(-1.18238947120408,-3.77092449213008,5.04));
#9123=CARTESIAN_POINT('Ctrl Pts',(-1.18206952009982,-3.89911831323097,5.1));
#9124=CARTESIAN_POINT('Ctrl Pts',(-1.18206952009982,-3.89911831323097,5.04));
#9125=CARTESIAN_POINT('',(-1.18206952009982,-3.89911831323097,5.1));
#9126=CARTESIAN_POINT('Ctrl Pts',(-1.88160378490355,-3.03378231855366,5.1));
#9127=CARTESIAN_POINT('Ctrl Pts',(-1.81911035917137,-2.96895597543217,5.1));
#9128=CARTESIAN_POINT('Ctrl Pts',(-1.75294717820147,-2.90869487670664,5.1));
#9129=CARTESIAN_POINT('Ctrl Pts',(-1.62782848421142,-2.86571966493147,5.1));
#9130=CARTESIAN_POINT('Ctrl Pts',(-1.46596839088501,-2.85721670727866,5.1));
#9131=CARTESIAN_POINT('Ctrl Pts',(-1.31176590651553,-2.90745282343277,5.1));
#9132=CARTESIAN_POINT('Ctrl Pts',(-1.22387810330287,-3.01660058714143,5.1));
#9133=CARTESIAN_POINT('Ctrl Pts',(-1.18529967291406,-3.14338331304797,5.1));
#9134=CARTESIAN_POINT('Ctrl Pts',(-1.18131476837383,-3.2865903695152,5.1));
#9135=CARTESIAN_POINT('Ctrl Pts',(-1.18236154200687,-3.39347381607733,5.1));
#9136=CARTESIAN_POINT('Ctrl Pts',(-1.1816229109339,-3.60479814454252,5.1));
#9137=CARTESIAN_POINT('Ctrl Pts',(-1.18238947120408,-3.77092449213008,5.1));
#9138=CARTESIAN_POINT('Ctrl Pts',(-1.18206952009982,-3.89911831323097,5.1));
#9139=CARTESIAN_POINT('',(-1.18206952009982,-3.89911831323097,5.1));
#9140=CARTESIAN_POINT('Origin',(-1.18206952009982,-3.89911831323097,5.1));
#9141=CARTESIAN_POINT('',(-1.57235561457753,-3.89911831323097,5.1));
#9142=CARTESIAN_POINT('',(-1.18206952009982,-3.89911831323097,5.1));
#9143=CARTESIAN_POINT('',(-1.57235561457753,-3.89911831323097,5.1));
#9144=CARTESIAN_POINT('Ctrl Pts',(-1.57235561457753,-3.89911831323097,5.1));
#9145=CARTESIAN_POINT('Ctrl Pts',(-1.57235561457753,-3.89911831323097,5.04));
#9146=CARTESIAN_POINT('Ctrl Pts',(-1.57461100243756,-3.77897363672515,5.1));
#9147=CARTESIAN_POINT('Ctrl Pts',(-1.57461100243756,-3.77897363672515,5.04));
#9148=CARTESIAN_POINT('Ctrl Pts',(-1.56920739324751,-3.60174309098471,5.1));
#9149=CARTESIAN_POINT('Ctrl Pts',(-1.56920739324751,-3.60174309098471,5.04));
#9150=CARTESIAN_POINT('Ctrl Pts',(-1.57441412494132,-3.40753811909981,5.1));
#9151=CARTESIAN_POINT('Ctrl Pts',(-1.57441412494132,-3.40753811909981,5.04));
#9152=CARTESIAN_POINT('Ctrl Pts',(-1.56703524575407,-3.2834176578475,5.1));
#9153=CARTESIAN_POINT('Ctrl Pts',(-1.56703524575407,-3.2834176578475,5.04));
#9154=CARTESIAN_POINT('Ctrl Pts',(-1.60344914759832,-3.19062095374136,5.1));
#9155=CARTESIAN_POINT('Ctrl Pts',(-1.60344914759832,-3.19062095374136,5.04));
#9156=CARTESIAN_POINT('Ctrl Pts',(-1.71137636250356,-3.15077279892568,5.1));
#9157=CARTESIAN_POINT('Ctrl Pts',(-1.71137636250356,-3.15077279892568,5.04));
#9158=CARTESIAN_POINT('Ctrl Pts',(-1.80511975369679,-3.19973099363954,5.1));
#9159=CARTESIAN_POINT('Ctrl Pts',(-1.80511975369679,-3.19973099363954,5.04));
#9160=CARTESIAN_POINT('Ctrl Pts',(-1.8436721600082,-3.27202185023183,5.1));
#9161=CARTESIAN_POINT('Ctrl Pts',(-1.8436721600082,-3.27202185023183,5.04));
#9162=CARTESIAN_POINT('Ctrl Pts',(-1.84977275355796,-3.41206222436699,5.1));
#9163=CARTESIAN_POINT('Ctrl Pts',(-1.84977275355796,-3.41206222436699,5.04));
#9164=CARTESIAN_POINT('Ctrl Pts',(-1.84546801391112,-3.59498930609662,5.1));
#9165=CARTESIAN_POINT('Ctrl Pts',(-1.84546801391112,-3.59498930609662,5.04));
#9166=CARTESIAN_POINT('Ctrl Pts',(-1.84993552483435,-3.7838645273318,5.1));
#9167=CARTESIAN_POINT('Ctrl Pts',(-1.84993552483435,-3.7838645273318,5.04));
#9168=CARTESIAN_POINT('Ctrl Pts',(-1.84807085077181,-3.89911831323097,5.1));
#9169=CARTESIAN_POINT('Ctrl Pts',(-1.84807085077181,-3.89911831323097,5.04));
#9170=CARTESIAN_POINT('',(-1.84807085077181,-3.89911831323097,5.1));
#9171=CARTESIAN_POINT('Ctrl Pts',(-1.57235561457753,-3.89911831323097,5.1));
#9172=CARTESIAN_POINT('Ctrl Pts',(-1.57461100243756,-3.77897363672515,5.1));
#9173=CARTESIAN_POINT('Ctrl Pts',(-1.56920739324751,-3.60174309098471,5.1));
#9174=CARTESIAN_POINT('Ctrl Pts',(-1.57441412494132,-3.40753811909981,5.1));
#9175=CARTESIAN_POINT('Ctrl Pts',(-1.56703524575407,-3.2834176578475,5.1));
#9176=CARTESIAN_POINT('Ctrl Pts',(-1.60344914759832,-3.19062095374136,5.1));
#9177=CARTESIAN_POINT('Ctrl Pts',(-1.71137636250356,-3.15077279892568,5.1));
#9178=CARTESIAN_POINT('Ctrl Pts',(-1.80511975369679,-3.19973099363954,5.1));
#9179=CARTESIAN_POINT('Ctrl Pts',(-1.8436721600082,-3.27202185023183,5.1));
#9180=CARTESIAN_POINT('Ctrl Pts',(-1.84977275355796,-3.41206222436699,5.1));
#9181=CARTESIAN_POINT('Ctrl Pts',(-1.84546801391112,-3.59498930609662,5.1));
#9182=CARTESIAN_POINT('Ctrl Pts',(-1.84993552483435,-3.7838645273318,5.1));
#9183=CARTESIAN_POINT('Ctrl Pts',(-1.84807085077181,-3.89911831323097,5.1));
#9184=CARTESIAN_POINT('',(-1.84807085077181,-3.89911831323097,5.1));
#9185=CARTESIAN_POINT('Origin',(-1.84807085077181,-3.89911831323097,5.1));
#9186=CARTESIAN_POINT('',(-2.23835694524952,-3.89911831323097,5.1));
#9187=CARTESIAN_POINT('',(-1.84807085077181,-3.89911831323097,5.1));
#9188=CARTESIAN_POINT('',(-2.23835694524952,-3.89911831323097,5.1));
#9189=CARTESIAN_POINT('Ctrl Pts',(-2.23835694524952,-3.89911831323097,5.1));
#9190=CARTESIAN_POINT('Ctrl Pts',(-2.23835694524952,-3.89911831323097,5.04));
#9191=CARTESIAN_POINT('Ctrl Pts',(-2.23931194359597,-3.76535379360513,5.1));
#9192=CARTESIAN_POINT('Ctrl Pts',(-2.23931194359597,-3.76535379360513,5.04));
#9193=CARTESIAN_POINT('Ctrl Pts',(-2.2371000600187,-3.62531694341218,5.1));
#9194=CARTESIAN_POINT('Ctrl Pts',(-2.2371000600187,-3.62531694341218,5.04));
#9195=CARTESIAN_POINT('Ctrl Pts',(-2.2389703384983,-3.42009285271636,5.1));
#9196=CARTESIAN_POINT('Ctrl Pts',(-2.2389703384983,-3.42009285271636,5.04));
#9197=CARTESIAN_POINT('Ctrl Pts',(-2.23772153639143,-3.35438130049403,5.1));
#9198=CARTESIAN_POINT('Ctrl Pts',(-2.23772153639143,-3.35438130049403,5.04));
#9199=CARTESIAN_POINT('Ctrl Pts',(-2.23999969929907,-3.27429815413247,5.1));
#9200=CARTESIAN_POINT('Ctrl Pts',(-2.23999969929907,-3.27429815413247,5.04));
#9201=CARTESIAN_POINT('Ctrl Pts',(-2.24735376461614,-3.24161398305313,5.1));
#9202=CARTESIAN_POINT('Ctrl Pts',(-2.24735376461614,-3.24161398305313,5.04));
#9203=CARTESIAN_POINT('Ctrl Pts',(-2.28199503025087,-3.1837530850789,5.1));
#9204=CARTESIAN_POINT('Ctrl Pts',(-2.28199503025087,-3.1837530850789,5.04));
#9205=CARTESIAN_POINT('Ctrl Pts',(-2.35156771691539,-3.15716009977678,5.1));
#9206=CARTESIAN_POINT('Ctrl Pts',(-2.35156771691539,-3.15716009977678,5.04));
#9207=CARTESIAN_POINT('Ctrl Pts',(-2.44085765072599,-3.1775545604434,5.1));
#9208=CARTESIAN_POINT('Ctrl Pts',(-2.44085765072599,-3.1775545604434,5.04));
#9209=CARTESIAN_POINT('Ctrl Pts',(-2.50524227115532,-3.24346614486094,5.1));
#9210=CARTESIAN_POINT('Ctrl Pts',(-2.50524227115532,-3.24346614486094,5.04));
#9211=CARTESIAN_POINT('Ctrl Pts',(-2.51643809042062,-3.40547678447265,5.1));
#9212=CARTESIAN_POINT('Ctrl Pts',(-2.51643809042062,-3.40547678447265,5.04));
#9213=CARTESIAN_POINT('Ctrl Pts',(-2.51343845582501,-3.49050384632558,5.1));
#9214=CARTESIAN_POINT('Ctrl Pts',(-2.51343845582501,-3.49050384632558,5.04));
#9215=CARTESIAN_POINT('Ctrl Pts',(-2.51424117494214,-3.5961515093639,5.1));
#9216=CARTESIAN_POINT('Ctrl Pts',(-2.51424117494214,-3.5961515093639,5.04));
#9217=CARTESIAN_POINT('Ctrl Pts',(-2.51395951911157,-3.72968329077129,5.1));
#9218=CARTESIAN_POINT('Ctrl Pts',(-2.51395951911157,-3.72968329077129,5.04));
#9219=CARTESIAN_POINT('Ctrl Pts',(-2.51412851260992,-3.83189418694538,5.1));
#9220=CARTESIAN_POINT('Ctrl Pts',(-2.51412851260992,-3.83189418694538,5.04));
#9221=CARTESIAN_POINT('Ctrl Pts',(-2.5140721814438,-3.89911831323097,5.1));
#9222=CARTESIAN_POINT('Ctrl Pts',(-2.5140721814438,-3.89911831323097,5.04));
#9223=CARTESIAN_POINT('',(-2.5140721814438,-3.89911831323097,5.1));
#9224=CARTESIAN_POINT('Ctrl Pts',(-2.23835694524952,-3.89911831323097,5.1));
#9225=CARTESIAN_POINT('Ctrl Pts',(-2.23931194359597,-3.76535379360513,5.1));
#9226=CARTESIAN_POINT('Ctrl Pts',(-2.2371000600187,-3.62531694341218,5.1));
#9227=CARTESIAN_POINT('Ctrl Pts',(-2.2389703384983,-3.42009285271636,5.1));
#9228=CARTESIAN_POINT('Ctrl Pts',(-2.23772153639143,-3.35438130049403,5.1));
#9229=CARTESIAN_POINT('Ctrl Pts',(-2.23999969929907,-3.27429815413247,5.1));
#9230=CARTESIAN_POINT('Ctrl Pts',(-2.24735376461614,-3.24161398305313,5.1));
#9231=CARTESIAN_POINT('Ctrl Pts',(-2.28199503025087,-3.1837530850789,5.1));
#9232=CARTESIAN_POINT('Ctrl Pts',(-2.35156771691539,-3.15716009977678,5.1));
#9233=CARTESIAN_POINT('Ctrl Pts',(-2.44085765072599,-3.1775545604434,5.1));
#9234=CARTESIAN_POINT('Ctrl Pts',(-2.50524227115532,-3.24346614486094,5.1));
#9235=CARTESIAN_POINT('Ctrl Pts',(-2.51643809042062,-3.40547678447265,5.1));
#9236=CARTESIAN_POINT('Ctrl Pts',(-2.51343845582501,-3.49050384632558,5.1));
#9237=CARTESIAN_POINT('Ctrl Pts',(-2.51424117494214,-3.5961515093639,5.1));
#9238=CARTESIAN_POINT('Ctrl Pts',(-2.51395951911157,-3.72968329077129,5.1));
#9239=CARTESIAN_POINT('Ctrl Pts',(-2.51412851260992,-3.83189418694538,5.1));
#9240=CARTESIAN_POINT('Ctrl Pts',(-2.5140721814438,-3.89911831323097,5.1));
#9241=CARTESIAN_POINT('',(-2.5140721814438,-3.89911831323097,5.1));
#9242=CARTESIAN_POINT('Origin',(-2.5140721814438,-3.89911831323097,5.1));
#9243=CARTESIAN_POINT('',(-2.5140721814438,-3.89911831323097,5.1));
#9244=CARTESIAN_POINT('Origin',(-2.19456545858192,-2.86333981299588,5.1));
#9245=CARTESIAN_POINT('Ctrl Pts',(-0.576613764943468,-3.67742835980449,
5.1));
#9246=CARTESIAN_POINT('Ctrl Pts',(-0.576613764943468,-3.67742835980449,
5.04));
#9247=CARTESIAN_POINT('Ctrl Pts',(-0.526498089864945,-3.73318789259327,
5.1));
#9248=CARTESIAN_POINT('Ctrl Pts',(-0.526498089864945,-3.73318789259327,
5.04));
#9249=CARTESIAN_POINT('Ctrl Pts',(-0.349349746444285,-3.69213929251619,
5.1));
#9250=CARTESIAN_POINT('Ctrl Pts',(-0.349349746444285,-3.69213929251619,
5.04));
#9251=CARTESIAN_POINT('Ctrl Pts',(-0.257089413723476,-3.57263740618511,
5.1));
#9252=CARTESIAN_POINT('Ctrl Pts',(-0.257089413723476,-3.57263740618511,
5.04));
#9253=CARTESIAN_POINT('Ctrl Pts',(-0.260343012292745,-3.46402173486236,
5.1));
#9254=CARTESIAN_POINT('Ctrl Pts',(-0.260343012292745,-3.46402173486236,
5.04));
#9255=CARTESIAN_POINT('Ctrl Pts',(-0.260845301869617,-3.41847959067608,
5.1));
#9256=CARTESIAN_POINT('Ctrl Pts',(-0.260845301869617,-3.41847959067608,
5.04));
#9257=CARTESIAN_POINT('',(-0.576613764943468,-3.67742835980449,5.05));
#9258=CARTESIAN_POINT('',(-0.260845301869617,-3.41847959067608,5.05));
#9259=CARTESIAN_POINT('Ctrl Pts',(-0.576613764943468,-3.67742835980449,
5.05));
#9260=CARTESIAN_POINT('Ctrl Pts',(-0.526498089864945,-3.73318789259327,
5.05));
#9261=CARTESIAN_POINT('Ctrl Pts',(-0.349349746444285,-3.69213929251619,
5.05));
#9262=CARTESIAN_POINT('Ctrl Pts',(-0.257089413723476,-3.57263740618511,
5.05));
#9263=CARTESIAN_POINT('Ctrl Pts',(-0.260343012292745,-3.46402173486236,
5.05));
#9264=CARTESIAN_POINT('Ctrl Pts',(-0.260845301869617,-3.41847959067608,
5.05));
#9265=CARTESIAN_POINT('',(-0.576613764943468,-3.67742835980449,5.1));
#9266=CARTESIAN_POINT('',(-0.576613764943468,-3.67742835980449,5.1));
#9267=CARTESIAN_POINT('',(-0.260845301869617,-3.41847959067608,5.1));
#9268=CARTESIAN_POINT('Ctrl Pts',(-0.576613764943468,-3.67742835980449,
5.1));
#9269=CARTESIAN_POINT('Ctrl Pts',(-0.526498089864945,-3.73318789259327,
5.1));
#9270=CARTESIAN_POINT('Ctrl Pts',(-0.349349746444285,-3.69213929251619,
5.1));
#9271=CARTESIAN_POINT('Ctrl Pts',(-0.257089413723476,-3.57263740618511,
5.1));
#9272=CARTESIAN_POINT('Ctrl Pts',(-0.260343012292745,-3.46402173486236,
5.1));
#9273=CARTESIAN_POINT('Ctrl Pts',(-0.260845301869617,-3.41847959067608,
5.1));
#9274=CARTESIAN_POINT('',(-0.260845301869617,-3.41847959067608,5.1));
#9275=CARTESIAN_POINT('Ctrl Pts',(-0.260845301869617,-3.22287080824095,
5.1));
#9276=CARTESIAN_POINT('Ctrl Pts',(-0.260845301869617,-3.22287080824095,
5.04));
#9277=CARTESIAN_POINT('Ctrl Pts',(-0.260401310311062,-3.16819322940228,
5.1));
#9278=CARTESIAN_POINT('Ctrl Pts',(-0.260401310311062,-3.16819322940228,
5.04));
#9279=CARTESIAN_POINT('Ctrl Pts',(-0.279135152978609,-3.12064183688463,
5.1));
#9280=CARTESIAN_POINT('Ctrl Pts',(-0.279135152978609,-3.12064183688463,
5.04));
#9281=CARTESIAN_POINT('Ctrl Pts',(-0.345648118131485,-3.09369294581757,
5.1));
#9282=CARTESIAN_POINT('Ctrl Pts',(-0.345648118131485,-3.09369294581757,
5.04));
#9283=CARTESIAN_POINT('Ctrl Pts',(-0.511063993246252,-3.09352839306074,
5.1));
#9284=CARTESIAN_POINT('Ctrl Pts',(-0.511063993246252,-3.09352839306074,
5.04));
#9285=CARTESIAN_POINT('Ctrl Pts',(-0.563491706508661,-3.13010908109713,
5.1));
#9286=CARTESIAN_POINT('Ctrl Pts',(-0.563491706508661,-3.13010908109713,
5.04));
#9287=CARTESIAN_POINT('Ctrl Pts',(-0.597106113579529,-3.21541904510057,
5.1));
#9288=CARTESIAN_POINT('Ctrl Pts',(-0.597106113579529,-3.21541904510057,
5.04));
#9289=CARTESIAN_POINT('',(-0.260845301869617,-3.22287080824095,5.1));
#9290=CARTESIAN_POINT('',(-0.260845301869617,-3.22287080824095,5.1));
#9291=CARTESIAN_POINT('',(-0.597106113579529,-3.21541904510057,5.1));
#9292=CARTESIAN_POINT('Ctrl Pts',(-0.260845301869617,-3.22287080824095,
5.1));
#9293=CARTESIAN_POINT('Ctrl Pts',(-0.260401310311062,-3.16819322940228,
5.1));
#9294=CARTESIAN_POINT('Ctrl Pts',(-0.279135152978609,-3.12064183688463,
5.1));
#9295=CARTESIAN_POINT('Ctrl Pts',(-0.345648118131485,-3.09369294581757,
5.1));
#9296=CARTESIAN_POINT('Ctrl Pts',(-0.511063993246252,-3.09352839306074,
5.1));
#9297=CARTESIAN_POINT('Ctrl Pts',(-0.563491706508661,-3.13010908109713,
5.1));
#9298=CARTESIAN_POINT('Ctrl Pts',(-0.597106113579529,-3.21541904510057,
5.1));
#9299=CARTESIAN_POINT('',(-0.597106113579529,-3.21541904510057,5.1));
#9300=CARTESIAN_POINT('Origin',(-0.597106113579529,-3.21541904510057,5.1));
#9301=CARTESIAN_POINT('',(-0.968762800206276,-3.17443434782844,5.1));
#9302=CARTESIAN_POINT('',(-0.597106113579529,-3.21541904510057,5.1));
#9303=CARTESIAN_POINT('',(-0.968762800206276,-3.17443434782844,5.1));
#9304=CARTESIAN_POINT('Ctrl Pts',(-0.968762800206276,-3.17443434782844,
5.1));
#9305=CARTESIAN_POINT('Ctrl Pts',(-0.968762800206276,-3.17443434782844,
5.04));
#9306=CARTESIAN_POINT('Ctrl Pts',(-0.946548262718461,-3.07722210819333,
5.1));
#9307=CARTESIAN_POINT('Ctrl Pts',(-0.946548262718461,-3.07722210819333,
5.04));
#9308=CARTESIAN_POINT('Ctrl Pts',(-0.909983332187527,-2.99898623052145,
5.1));
#9309=CARTESIAN_POINT('Ctrl Pts',(-0.909983332187527,-2.99898623052145,
5.04));
#9310=CARTESIAN_POINT('Ctrl Pts',(-0.781118027253033,-2.91330026103713,
5.1));
#9311=CARTESIAN_POINT('Ctrl Pts',(-0.781118027253033,-2.91330026103713,
5.04));
#9312=CARTESIAN_POINT('Ctrl Pts',(-0.705340652131937,-2.88971392905799,
5.1));
#9313=CARTESIAN_POINT('Ctrl Pts',(-0.705340652131937,-2.88971392905799,
5.04));
#9314=CARTESIAN_POINT('Ctrl Pts',(-0.566935095900068,-2.86370014227464,
5.1));
#9315=CARTESIAN_POINT('Ctrl Pts',(-0.566935095900068,-2.86370014227464,
5.04));
#9316=CARTESIAN_POINT('Ctrl Pts',(-0.376721345240043,-2.86211970760804,
5.1));
#9317=CARTESIAN_POINT('Ctrl Pts',(-0.376721345240043,-2.86211970760804,
5.04));
#9318=CARTESIAN_POINT('Ctrl Pts',(-0.196073898306749,-2.87190806082995,
5.1));
#9319=CARTESIAN_POINT('Ctrl Pts',(-0.196073898306749,-2.87190806082995,
5.04));
#9320=CARTESIAN_POINT('Ctrl Pts',(-0.0664625205470181,-2.91050545525552,
5.1));
#9321=CARTESIAN_POINT('Ctrl Pts',(-0.0664625205470181,-2.91050545525552,
5.04));
#9322=CARTESIAN_POINT('Ctrl Pts',(0.0336742798632562,-2.96220282826978,
5.1));
#9323=CARTESIAN_POINT('Ctrl Pts',(0.0336742798632562,-2.96220282826978,
5.04));
#9324=CARTESIAN_POINT('Ctrl Pts',(0.110625329764323,-3.11673121955549,5.1));
#9325=CARTESIAN_POINT('Ctrl Pts',(0.110625329764323,-3.11673121955549,5.04));
#9326=CARTESIAN_POINT('Ctrl Pts',(0.121498096793653,-3.2421384019763,5.1));
#9327=CARTESIAN_POINT('Ctrl Pts',(0.121498096793653,-3.2421384019763,5.04));
#9328=CARTESIAN_POINT('Ctrl Pts',(0.118549992801452,-3.37635371907948,5.1));
#9329=CARTESIAN_POINT('Ctrl Pts',(0.118549992801452,-3.37635371907948,5.04));
#9330=CARTESIAN_POINT('Ctrl Pts',(0.119469641740925,-3.51066670536014,5.1));
#9331=CARTESIAN_POINT('Ctrl Pts',(0.119469641740925,-3.51066670536014,5.04));
#9332=CARTESIAN_POINT('Ctrl Pts',(0.118779732851106,-3.62883009275467,5.1));
#9333=CARTESIAN_POINT('Ctrl Pts',(0.118779732851106,-3.62883009275467,5.04));
#9334=CARTESIAN_POINT('Ctrl Pts',(0.120554316816983,-3.78758371266886,5.1));
#9335=CARTESIAN_POINT('Ctrl Pts',(0.120554316816983,-3.78758371266886,5.04));
#9336=CARTESIAN_POINT('Ctrl Pts',(0.137825414186512,-3.83451345277424,5.1));
#9337=CARTESIAN_POINT('Ctrl Pts',(0.137825414186512,-3.83451345277424,5.04));
#9338=CARTESIAN_POINT('Ctrl Pts',(0.168562549095121,-3.89911831323097,5.1));
#9339=CARTESIAN_POINT('Ctrl Pts',(0.168562549095121,-3.89911831323097,5.04));
#9340=CARTESIAN_POINT('',(0.168562549095121,-3.89911831323097,5.1));
#9341=CARTESIAN_POINT('Ctrl Pts',(-0.968762800206276,-3.17443434782844,
5.1));
#9342=CARTESIAN_POINT('Ctrl Pts',(-0.946548262718461,-3.07722210819333,
5.1));
#9343=CARTESIAN_POINT('Ctrl Pts',(-0.909983332187527,-2.99898623052145,
5.1));
#9344=CARTESIAN_POINT('Ctrl Pts',(-0.781118027253033,-2.91330026103713,
5.1));
#9345=CARTESIAN_POINT('Ctrl Pts',(-0.705340652131937,-2.88971392905799,
5.1));
#9346=CARTESIAN_POINT('Ctrl Pts',(-0.566935095900068,-2.86370014227464,
5.1));
#9347=CARTESIAN_POINT('Ctrl Pts',(-0.376721345240043,-2.86211970760804,
5.1));
#9348=CARTESIAN_POINT('Ctrl Pts',(-0.196073898306749,-2.87190806082995,
5.1));
#9349=CARTESIAN_POINT('Ctrl Pts',(-0.0664625205470181,-2.91050545525552,
5.1));
#9350=CARTESIAN_POINT('Ctrl Pts',(0.0336742798632562,-2.96220282826978,
5.1));
#9351=CARTESIAN_POINT('Ctrl Pts',(0.110625329764323,-3.11673121955549,5.1));
#9352=CARTESIAN_POINT('Ctrl Pts',(0.121498096793653,-3.2421384019763,5.1));
#9353=CARTESIAN_POINT('Ctrl Pts',(0.118549992801452,-3.37635371907948,5.1));
#9354=CARTESIAN_POINT('Ctrl Pts',(0.119469641740925,-3.51066670536014,5.1));
#9355=CARTESIAN_POINT('Ctrl Pts',(0.118779732851106,-3.62883009275467,5.1));
#9356=CARTESIAN_POINT('Ctrl Pts',(0.120554316816983,-3.78758371266886,5.1));
#9357=CARTESIAN_POINT('Ctrl Pts',(0.137825414186512,-3.83451345277424,5.1));
#9358=CARTESIAN_POINT('Ctrl Pts',(0.168562549095121,-3.89911831323097,5.1));
#9359=CARTESIAN_POINT('',(0.168562549095121,-3.89911831323097,5.1));
#9360=CARTESIAN_POINT('Origin',(0.168562549095121,-3.89911831323097,5.1));
#9361=CARTESIAN_POINT('',(-0.196573844783788,-3.89911831323097,5.1));
#9362=CARTESIAN_POINT('',(0.168562549095121,-3.89911831323097,5.1));
#9363=CARTESIAN_POINT('',(-0.196573844783788,-3.89911831323097,5.1));
#9364=CARTESIAN_POINT('Ctrl Pts',(-0.196573844783788,-3.89911831323097,
5.1));
#9365=CARTESIAN_POINT('Ctrl Pts',(-0.196573844783788,-3.89911831323097,
5.04));
#9366=CARTESIAN_POINT('Ctrl Pts',(-0.212253596391684,-3.87086371132367,
5.1));
#9367=CARTESIAN_POINT('Ctrl Pts',(-0.212253596391684,-3.87086371132367,
5.04));
#9368=CARTESIAN_POINT('Ctrl Pts',(-0.227778102934155,-3.84043567850043,
5.1));
#9369=CARTESIAN_POINT('Ctrl Pts',(-0.227778102934155,-3.84043567850043,
5.04));
#9370=CARTESIAN_POINT('Ctrl Pts',(-0.233987905551143,-3.806281764107,5.1));
#9371=CARTESIAN_POINT('Ctrl Pts',(-0.233987905551143,-3.806281764107,5.04));
#9372=CARTESIAN_POINT('Ctrl Pts',(-0.238490012448458,-3.77523275102206,
5.1));
#9373=CARTESIAN_POINT('Ctrl Pts',(-0.238490012448458,-3.77523275102206,
5.04));
#9374=CARTESIAN_POINT('',(-0.238490012448458,-3.77523275102206,5.1));
#9375=CARTESIAN_POINT('Ctrl Pts',(-0.196573844783788,-3.89911831323097,
5.1));
#9376=CARTESIAN_POINT('Ctrl Pts',(-0.212253596391684,-3.87086371132367,
5.1));
#9377=CARTESIAN_POINT('Ctrl Pts',(-0.227778102934155,-3.84043567850043,
5.1));
#9378=CARTESIAN_POINT('Ctrl Pts',(-0.233987905551143,-3.806281764107,5.1));
#9379=CARTESIAN_POINT('Ctrl Pts',(-0.238490012448458,-3.77523275102206,
5.1));
#9380=CARTESIAN_POINT('',(-0.238490012448458,-3.77523275102206,5.1));
#9381=CARTESIAN_POINT('Ctrl Pts',(-0.238490012448458,-3.77523275102206,
5.1));
#9382=CARTESIAN_POINT('Ctrl Pts',(-0.238490012448458,-3.77523275102206,
5.04));
#9383=CARTESIAN_POINT('Ctrl Pts',(-0.306554568534114,-3.83579013096275,
5.1));
#9384=CARTESIAN_POINT('Ctrl Pts',(-0.306554568534114,-3.83579013096275,
5.04));
#9385=CARTESIAN_POINT('Ctrl Pts',(-0.385888888682672,-3.89456961114432,
5.1));
#9386=CARTESIAN_POINT('Ctrl Pts',(-0.385888888682672,-3.89456961114432,
5.04));
#9387=CARTESIAN_POINT('Ctrl Pts',(-0.602496239224211,-3.9280988154281,5.1));
#9388=CARTESIAN_POINT('Ctrl Pts',(-0.602496239224211,-3.9280988154281,5.04));
#9389=CARTESIAN_POINT('Ctrl Pts',(-0.81286478740602,-3.91192638380785,5.1));
#9390=CARTESIAN_POINT('Ctrl Pts',(-0.81286478740602,-3.91192638380785,5.04));
#9391=CARTESIAN_POINT('Ctrl Pts',(-0.964845246649625,-3.80536166056042,
5.1));
#9392=CARTESIAN_POINT('Ctrl Pts',(-0.964845246649625,-3.80536166056042,
5.04));
#9393=CARTESIAN_POINT('Ctrl Pts',(-1.01887402677876,-3.62021655677842,5.1));
#9394=CARTESIAN_POINT('Ctrl Pts',(-1.01887402677876,-3.62021655677842,5.04));
#9395=CARTESIAN_POINT('Ctrl Pts',(-0.96278613231593,-3.45745037930007,5.1));
#9396=CARTESIAN_POINT('Ctrl Pts',(-0.96278613231593,-3.45745037930007,5.04));
#9397=CARTESIAN_POINT('Ctrl Pts',(-0.866844098172508,-3.38356036725808,
5.1));
#9398=CARTESIAN_POINT('Ctrl Pts',(-0.866844098172508,-3.38356036725808,
5.04));
#9399=CARTESIAN_POINT('Ctrl Pts',(-0.734098839259482,-3.33902277590639,
5.1));
#9400=CARTESIAN_POINT('Ctrl Pts',(-0.734098839259482,-3.33902277590639,
5.04));
#9401=CARTESIAN_POINT('Ctrl Pts',(-0.569077561607415,-3.30886526095636,
5.1));
#9402=CARTESIAN_POINT('Ctrl Pts',(-0.569077561607415,-3.30886526095636,
5.04));
#9403=CARTESIAN_POINT('Ctrl Pts',(-0.467719326006477,-3.2864838667226,5.1));
#9404=CARTESIAN_POINT('Ctrl Pts',(-0.467719326006477,-3.2864838667226,5.04));
#9405=CARTESIAN_POINT('Ctrl Pts',(-0.417741061832866,-3.27497031106591,
5.1));
#9406=CARTESIAN_POINT('Ctrl Pts',(-0.417741061832866,-3.27497031106591,
5.04));
#9407=CARTESIAN_POINT('Ctrl Pts',(-0.364313912386165,-3.26041749806185,
5.1));
#9408=CARTESIAN_POINT('Ctrl Pts',(-0.364313912386165,-3.26041749806185,
5.04));
#9409=CARTESIAN_POINT('Ctrl Pts',(-0.296101253583937,-3.23761800985947,
5.1));
#9410=CARTESIAN_POINT('Ctrl Pts',(-0.296101253583937,-3.23761800985947,
5.04));
#9411=CARTESIAN_POINT('Ctrl Pts',(-0.260845301869617,-3.22287080824095,
5.1));
#9412=CARTESIAN_POINT('Ctrl Pts',(-0.260845301869617,-3.22287080824095,
5.04));
#9413=CARTESIAN_POINT('Ctrl Pts',(-0.238490012448458,-3.77523275102206,
5.1));
#9414=CARTESIAN_POINT('Ctrl Pts',(-0.306554568534114,-3.83579013096275,
5.1));
#9415=CARTESIAN_POINT('Ctrl Pts',(-0.385888888682672,-3.89456961114432,
5.1));
#9416=CARTESIAN_POINT('Ctrl Pts',(-0.602496239224211,-3.9280988154281,5.1));
#9417=CARTESIAN_POINT('Ctrl Pts',(-0.81286478740602,-3.91192638380785,5.1));
#9418=CARTESIAN_POINT('Ctrl Pts',(-0.964845246649625,-3.80536166056042,
5.1));
#9419=CARTESIAN_POINT('Ctrl Pts',(-1.01887402677876,-3.62021655677842,5.1));
#9420=CARTESIAN_POINT('Ctrl Pts',(-0.96278613231593,-3.45745037930007,5.1));
#9421=CARTESIAN_POINT('Ctrl Pts',(-0.866844098172508,-3.38356036725808,
5.1));
#9422=CARTESIAN_POINT('Ctrl Pts',(-0.734098839259482,-3.33902277590639,
5.1));
#9423=CARTESIAN_POINT('Ctrl Pts',(-0.569077561607415,-3.30886526095636,
5.1));
#9424=CARTESIAN_POINT('Ctrl Pts',(-0.467719326006477,-3.2864838667226,5.1));
#9425=CARTESIAN_POINT('Ctrl Pts',(-0.417741061832866,-3.27497031106591,
5.1));
#9426=CARTESIAN_POINT('Ctrl Pts',(-0.364313912386165,-3.26041749806185,
5.1));
#9427=CARTESIAN_POINT('Ctrl Pts',(-0.296101253583937,-3.23761800985947,
5.1));
#9428=CARTESIAN_POINT('Ctrl Pts',(-0.260845301869617,-3.22287080824095,
5.1));
#9429=CARTESIAN_POINT('Ctrl Pts',(-0.260845301869617,-3.41847959067608,
5.1));
#9430=CARTESIAN_POINT('Ctrl Pts',(-0.260845301869617,-3.41847959067608,
5.04));
#9431=CARTESIAN_POINT('Ctrl Pts',(-0.30034858451366,-3.43189652719151,5.1));
#9432=CARTESIAN_POINT('Ctrl Pts',(-0.30034858451366,-3.43189652719151,5.04));
#9433=CARTESIAN_POINT('Ctrl Pts',(-0.356335095017593,-3.45065393942683,
5.1));
#9434=CARTESIAN_POINT('Ctrl Pts',(-0.356335095017593,-3.45065393942683,
5.04));
#9435=CARTESIAN_POINT('Ctrl Pts',(-0.445193550033169,-3.47258562232567,
5.1));
#9436=CARTESIAN_POINT('Ctrl Pts',(-0.445193550033169,-3.47258562232567,
5.04));
#9437=CARTESIAN_POINT('Ctrl Pts',(-0.521674262091847,-3.49696521648807,
5.1));
#9438=CARTESIAN_POINT('Ctrl Pts',(-0.521674262091847,-3.49696521648807,
5.04));
#9439=CARTESIAN_POINT('Ctrl Pts',(-0.55944198456347,-3.51756471859475,5.1));
#9440=CARTESIAN_POINT('Ctrl Pts',(-0.55944198456347,-3.51756471859475,5.04));
#9441=CARTESIAN_POINT('Ctrl Pts',(-0.582819109649724,-3.53233896775482,
5.1));
#9442=CARTESIAN_POINT('Ctrl Pts',(-0.582819109649724,-3.53233896775482,
5.04));
#9443=CARTESIAN_POINT('Ctrl Pts',(-0.627869184517562,-3.6040126778552,5.1));
#9444=CARTESIAN_POINT('Ctrl Pts',(-0.627869184517562,-3.6040126778552,5.04));
#9445=CARTESIAN_POINT('Ctrl Pts',(-0.597867419785388,-3.65248461023377,
5.1));
#9446=CARTESIAN_POINT('Ctrl Pts',(-0.597867419785388,-3.65248461023377,
5.04));
#9447=CARTESIAN_POINT('Ctrl Pts',(-0.576613764943468,-3.67742835980449,
5.1));
#9448=CARTESIAN_POINT('Ctrl Pts',(-0.576613764943468,-3.67742835980449,
5.04));
#9449=CARTESIAN_POINT('Ctrl Pts',(-0.260845301869617,-3.41847959067608,
5.05));
#9450=CARTESIAN_POINT('Ctrl Pts',(-0.30034858451366,-3.43189652719151,5.05));
#9451=CARTESIAN_POINT('Ctrl Pts',(-0.356335095017593,-3.45065393942683,
5.05));
#9452=CARTESIAN_POINT('Ctrl Pts',(-0.445193550033169,-3.47258562232567,
5.05));
#9453=CARTESIAN_POINT('Ctrl Pts',(-0.521674262091847,-3.49696521648807,
5.05));
#9454=CARTESIAN_POINT('Ctrl Pts',(-0.55944198456347,-3.51756471859475,5.05));
#9455=CARTESIAN_POINT('Ctrl Pts',(-0.582819109649724,-3.53233896775482,
5.05));
#9456=CARTESIAN_POINT('Ctrl Pts',(-0.627869184517562,-3.6040126778552,5.05));
#9457=CARTESIAN_POINT('Ctrl Pts',(-0.597867419785388,-3.65248461023377,
5.05));
#9458=CARTESIAN_POINT('Ctrl Pts',(-0.576613764943468,-3.67742835980449,
5.05));
#9459=CARTESIAN_POINT('Ctrl Pts',(-0.260845301869617,-3.41847959067608,
5.1));
#9460=CARTESIAN_POINT('Ctrl Pts',(-0.30034858451366,-3.43189652719151,5.1));
#9461=CARTESIAN_POINT('Ctrl Pts',(-0.356335095017593,-3.45065393942683,
5.1));
#9462=CARTESIAN_POINT('Ctrl Pts',(-0.445193550033169,-3.47258562232567,
5.1));
#9463=CARTESIAN_POINT('Ctrl Pts',(-0.521674262091847,-3.49696521648807,
5.1));
#9464=CARTESIAN_POINT('Ctrl Pts',(-0.55944198456347,-3.51756471859475,5.1));
#9465=CARTESIAN_POINT('Ctrl Pts',(-0.582819109649724,-3.53233896775482,
5.1));
#9466=CARTESIAN_POINT('Ctrl Pts',(-0.627869184517562,-3.6040126778552,5.1));
#9467=CARTESIAN_POINT('Ctrl Pts',(-0.597867419785388,-3.65248461023377,
5.1));
#9468=CARTESIAN_POINT('Ctrl Pts',(-0.576613764943468,-3.67742835980449,
5.1));
#9469=CARTESIAN_POINT('Origin',(-0.416749197544335,-3.09479505464045,5.1));
#9470=CARTESIAN_POINT('Origin',(4.163799117101E-16,-4.5,5.05));
#9471=CARTESIAN_POINT('Ctrl Pts',(0.960312382761123,-3.17070846625825,5.1));
#9472=CARTESIAN_POINT('Ctrl Pts',(0.960312382761123,-3.17070846625825,5.04));
#9473=CARTESIAN_POINT('Ctrl Pts',(0.951536187123501,-3.1129614845838,5.1));
#9474=CARTESIAN_POINT('Ctrl Pts',(0.951536187123501,-3.1129614845838,5.04));
#9475=CARTESIAN_POINT('Ctrl Pts',(0.867487041874542,-3.05977971648678,5.1));
#9476=CARTESIAN_POINT('Ctrl Pts',(0.867487041874542,-3.05977971648678,5.04));
#9477=CARTESIAN_POINT('Ctrl Pts',(0.725460954754212,-3.07178193254008,5.1));
#9478=CARTESIAN_POINT('Ctrl Pts',(0.725460954754212,-3.07178193254008,5.04));
#9479=CARTESIAN_POINT('Ctrl Pts',(0.681320448497174,-3.11040821605492,5.1));
#9480=CARTESIAN_POINT('Ctrl Pts',(0.681320448497174,-3.11040821605492,5.04));
#9481=CARTESIAN_POINT('Ctrl Pts',(0.672641701839858,-3.16319450443868,5.1));
#9482=CARTESIAN_POINT('Ctrl Pts',(0.672641701839858,-3.16319450443868,5.04));
#9483=CARTESIAN_POINT('Ctrl Pts',(0.696265447146151,-3.19784413097647,5.1));
#9484=CARTESIAN_POINT('Ctrl Pts',(0.696265447146151,-3.19784413097647,5.04));
#9485=CARTESIAN_POINT('Ctrl Pts',(0.740297790654531,-3.21603411466767,5.1));
#9486=CARTESIAN_POINT('Ctrl Pts',(0.740297790654531,-3.21603411466767,5.04));
#9487=CARTESIAN_POINT('Ctrl Pts',(0.814282130024592,-3.23056759588399,5.1));
#9488=CARTESIAN_POINT('Ctrl Pts',(0.814282130024592,-3.23056759588399,5.04));
#9489=CARTESIAN_POINT('Ctrl Pts',(0.912667897190475,-3.24259141869235,5.1));
#9490=CARTESIAN_POINT('Ctrl Pts',(0.912667897190475,-3.24259141869235,5.04));
#9491=CARTESIAN_POINT('Ctrl Pts',(0.963077122889626,-3.24964906436394,5.1));
#9492=CARTESIAN_POINT('Ctrl Pts',(0.963077122889626,-3.24964906436394,5.04));
#9493=CARTESIAN_POINT('Ctrl Pts',(1.04752976455522,-3.26359873241197,5.1));
#9494=CARTESIAN_POINT('Ctrl Pts',(1.04752976455522,-3.26359873241197,5.04));
#9495=CARTESIAN_POINT('Ctrl Pts',(1.11687854144216,-3.28092451724782,5.1));
#9496=CARTESIAN_POINT('Ctrl Pts',(1.11687854144216,-3.28092451724782,5.04));
#9497=CARTESIAN_POINT('Ctrl Pts',(1.17710254713916,-3.29936530758751,5.1));
#9498=CARTESIAN_POINT('Ctrl Pts',(1.17710254713916,-3.29936530758751,5.04));
#9499=CARTESIAN_POINT('Ctrl Pts',(1.29901969881536,-3.37121402043086,5.1));
#9500=CARTESIAN_POINT('Ctrl Pts',(1.29901969881536,-3.37121402043086,5.04));
#9501=CARTESIAN_POINT('Ctrl Pts',(1.36070605128895,-3.48416884494416,5.1));
#9502=CARTESIAN_POINT('Ctrl Pts',(1.36070605128895,-3.48416884494416,5.04));
#9503=CARTESIAN_POINT('Ctrl Pts',(1.36895992751042,-3.63815165638574,5.1));
#9504=CARTESIAN_POINT('Ctrl Pts',(1.36895992751042,-3.63815165638574,5.04));
#9505=CARTESIAN_POINT('Ctrl Pts',(1.2934370325314,-3.78992211716795,5.1));
#9506=CARTESIAN_POINT('Ctrl Pts',(1.2934370325314,-3.78992211716795,5.04));
#9507=CARTESIAN_POINT('Ctrl Pts',(1.14166320427458,-3.88246939548928,5.1));
#9508=CARTESIAN_POINT('Ctrl Pts',(1.14166320427458,-3.88246939548928,5.04));
#9509=CARTESIAN_POINT('Ctrl Pts',(0.977435176091987,-3.92116649754379,5.1));
#9510=CARTESIAN_POINT('Ctrl Pts',(0.977435176091987,-3.92116649754379,5.04));
#9511=CARTESIAN_POINT('Ctrl Pts',(0.716856668858143,-3.92381253539734,5.1));
#9512=CARTESIAN_POINT('Ctrl Pts',(0.716856668858143,-3.92381253539734,5.04));
#9513=CARTESIAN_POINT('Ctrl Pts',(0.528639032126366,-3.89383162940475,5.1));
#9514=CARTESIAN_POINT('Ctrl Pts',(0.528639032126366,-3.89383162940475,5.04));
#9515=CARTESIAN_POINT('Ctrl Pts',(0.36862211043682,-3.8092379889971,5.1));
#9516=CARTESIAN_POINT('Ctrl Pts',(0.36862211043682,-3.8092379889971,5.04));
#9517=CARTESIAN_POINT('Ctrl Pts',(0.308277229411743,-3.70480405428933,5.1));
#9518=CARTESIAN_POINT('Ctrl Pts',(0.308277229411743,-3.70480405428933,5.04));
#9519=CARTESIAN_POINT('Ctrl Pts',(0.286859288948747,-3.61781425468141,5.1));
#9520=CARTESIAN_POINT('Ctrl Pts',(0.286859288948747,-3.61781425468141,5.04));
#9521=CARTESIAN_POINT('',(0.960312382761123,-3.17070846625825,5.1));
#9522=CARTESIAN_POINT('',(0.960312382761123,-3.17070846625825,5.1));
#9523=CARTESIAN_POINT('',(0.286859288948747,-3.61781425468141,5.1));
#9524=CARTESIAN_POINT('Ctrl Pts',(0.960312382761123,-3.17070846625825,5.1));
#9525=CARTESIAN_POINT('Ctrl Pts',(0.951536187123501,-3.1129614845838,5.1));
#9526=CARTESIAN_POINT('Ctrl Pts',(0.867487041874542,-3.05977971648678,5.1));
#9527=CARTESIAN_POINT('Ctrl Pts',(0.725460954754212,-3.07178193254008,5.1));
#9528=CARTESIAN_POINT('Ctrl Pts',(0.681320448497174,-3.11040821605492,5.1));
#9529=CARTESIAN_POINT('Ctrl Pts',(0.672641701839858,-3.16319450443868,5.1));
#9530=CARTESIAN_POINT('Ctrl Pts',(0.696265447146151,-3.19784413097647,5.1));
#9531=CARTESIAN_POINT('Ctrl Pts',(0.740297790654531,-3.21603411466767,5.1));
#9532=CARTESIAN_POINT('Ctrl Pts',(0.814282130024592,-3.23056759588399,5.1));
#9533=CARTESIAN_POINT('Ctrl Pts',(0.912667897190475,-3.24259141869235,5.1));
#9534=CARTESIAN_POINT('Ctrl Pts',(0.963077122889626,-3.24964906436394,5.1));
#9535=CARTESIAN_POINT('Ctrl Pts',(1.04752976455522,-3.26359873241197,5.1));
#9536=CARTESIAN_POINT('Ctrl Pts',(1.11687854144216,-3.28092451724782,5.1));
#9537=CARTESIAN_POINT('Ctrl Pts',(1.17710254713916,-3.29936530758751,5.1));
#9538=CARTESIAN_POINT('Ctrl Pts',(1.29901969881536,-3.37121402043086,5.1));
#9539=CARTESIAN_POINT('Ctrl Pts',(1.36070605128895,-3.48416884494416,5.1));
#9540=CARTESIAN_POINT('Ctrl Pts',(1.36895992751042,-3.63815165638574,5.1));
#9541=CARTESIAN_POINT('Ctrl Pts',(1.2934370325314,-3.78992211716795,5.1));
#9542=CARTESIAN_POINT('Ctrl Pts',(1.14166320427458,-3.88246939548928,5.1));
#9543=CARTESIAN_POINT('Ctrl Pts',(0.977435176091987,-3.92116649754379,5.1));
#9544=CARTESIAN_POINT('Ctrl Pts',(0.716856668858143,-3.92381253539734,5.1));
#9545=CARTESIAN_POINT('Ctrl Pts',(0.528639032126366,-3.89383162940475,5.1));
#9546=CARTESIAN_POINT('Ctrl Pts',(0.36862211043682,-3.8092379889971,5.1));
#9547=CARTESIAN_POINT('Ctrl Pts',(0.308277229411743,-3.70480405428933,5.1));
#9548=CARTESIAN_POINT('Ctrl Pts',(0.286859288948747,-3.61781425468141,5.1));
#9549=CARTESIAN_POINT('',(0.286859288948747,-3.61781425468141,5.1));
#9550=CARTESIAN_POINT('Origin',(0.286859288948747,-3.61781425468141,5.1));
#9551=CARTESIAN_POINT('',(0.672488031463718,-3.58148690937202,5.1));
#9552=CARTESIAN_POINT('',(0.286859288948747,-3.61781425468141,5.1));
#9553=CARTESIAN_POINT('',(0.672488031463718,-3.58148690937202,5.1));
#9554=CARTESIAN_POINT('Ctrl Pts',(0.672488031463718,-3.58148690937202,5.1));
#9555=CARTESIAN_POINT('Ctrl Pts',(0.672488031463718,-3.58148690937202,5.04));
#9556=CARTESIAN_POINT('Ctrl Pts',(0.697785213508267,-3.64409783787728,5.1));
#9557=CARTESIAN_POINT('Ctrl Pts',(0.697785213508267,-3.64409783787728,5.04));
#9558=CARTESIAN_POINT('Ctrl Pts',(0.736288536120291,-3.69639667738838,5.1));
#9559=CARTESIAN_POINT('Ctrl Pts',(0.736288536120291,-3.69639667738838,5.04));
#9560=CARTESIAN_POINT('Ctrl Pts',(0.86428005411593,-3.7124665991751,5.1));
#9561=CARTESIAN_POINT('Ctrl Pts',(0.86428005411593,-3.7124665991751,5.04));
#9562=CARTESIAN_POINT('Ctrl Pts',(0.946801449452196,-3.69806106599289,5.1));
#9563=CARTESIAN_POINT('Ctrl Pts',(0.946801449452196,-3.69806106599289,5.04));
#9564=CARTESIAN_POINT('Ctrl Pts',(1.00807739769294,-3.6512846951732,5.1));
#9565=CARTESIAN_POINT('Ctrl Pts',(1.00807739769294,-3.6512846951732,5.04));
#9566=CARTESIAN_POINT('Ctrl Pts',(1.01112455218502,-3.57936715022506,5.1));
#9567=CARTESIAN_POINT('Ctrl Pts',(1.01112455218502,-3.57936715022506,5.04));
#9568=CARTESIAN_POINT('Ctrl Pts',(0.954454648076181,-3.54081093910356,5.1));
#9569=CARTESIAN_POINT('Ctrl Pts',(0.954454648076181,-3.54081093910356,5.04));
#9570=CARTESIAN_POINT('Ctrl Pts',(0.9329745760746,-3.53802291169994,5.1));
#9571=CARTESIAN_POINT('Ctrl Pts',(0.9329745760746,-3.53802291169994,5.04));
#9572=CARTESIAN_POINT('Ctrl Pts',(0.853283834220418,-3.51763819971937,5.1));
#9573=CARTESIAN_POINT('Ctrl Pts',(0.853283834220418,-3.51763819971937,5.04));
#9574=CARTESIAN_POINT('Ctrl Pts',(0.736254340841051,-3.49871656643603,5.1));
#9575=CARTESIAN_POINT('Ctrl Pts',(0.736254340841051,-3.49871656643603,5.04));
#9576=CARTESIAN_POINT('Ctrl Pts',(0.645103602013383,-3.47989694007798,5.1));
#9577=CARTESIAN_POINT('Ctrl Pts',(0.645103602013383,-3.47989694007798,5.04));
#9578=CARTESIAN_POINT('Ctrl Pts',(0.566823571873202,-3.46014900074987,5.1));
#9579=CARTESIAN_POINT('Ctrl Pts',(0.566823571873202,-3.46014900074987,5.04));
#9580=CARTESIAN_POINT('Ctrl Pts',(0.522390131545001,-3.44866777933464,5.1));
#9581=CARTESIAN_POINT('Ctrl Pts',(0.522390131545001,-3.44866777933464,5.04));
#9582=CARTESIAN_POINT('Ctrl Pts',(0.437577850783795,-3.40720551792083,5.1));
#9583=CARTESIAN_POINT('Ctrl Pts',(0.437577850783795,-3.40720551792083,5.04));
#9584=CARTESIAN_POINT('Ctrl Pts',(0.364487630983972,-3.3276143265391,5.1));
#9585=CARTESIAN_POINT('Ctrl Pts',(0.364487630983972,-3.3276143265391,5.04));
#9586=CARTESIAN_POINT('Ctrl Pts',(0.313481672000939,-3.19499280638861,5.1));
#9587=CARTESIAN_POINT('Ctrl Pts',(0.313481672000939,-3.19499280638861,5.04));
#9588=CARTESIAN_POINT('Ctrl Pts',(0.348807353986113,-3.04119013675899,5.1));
#9589=CARTESIAN_POINT('Ctrl Pts',(0.348807353986113,-3.04119013675899,5.04));
#9590=CARTESIAN_POINT('Ctrl Pts',(0.43649116792394,-2.94842438598601,5.1));
#9591=CARTESIAN_POINT('Ctrl Pts',(0.43649116792394,-2.94842438598601,5.04));
#9592=CARTESIAN_POINT('Ctrl Pts',(0.543785291762153,-2.89627860359802,5.1));
#9593=CARTESIAN_POINT('Ctrl Pts',(0.543785291762153,-2.89627860359802,5.04));
#9594=CARTESIAN_POINT('Ctrl Pts',(0.630572993829037,-2.87570218848564,5.1));
#9595=CARTESIAN_POINT('Ctrl Pts',(0.630572993829037,-2.87570218848564,5.04));
#9596=CARTESIAN_POINT('Ctrl Pts',(0.741332082620011,-2.86291361610278,5.1));
#9597=CARTESIAN_POINT('Ctrl Pts',(0.741332082620011,-2.86291361610278,5.04));
#9598=CARTESIAN_POINT('Ctrl Pts',(0.908766424192008,-2.86266200206298,5.1));
#9599=CARTESIAN_POINT('Ctrl Pts',(0.908766424192008,-2.86266200206298,5.04));
#9600=CARTESIAN_POINT('Ctrl Pts',(1.05929594571937,-2.87661422084076,5.1));
#9601=CARTESIAN_POINT('Ctrl Pts',(1.05929594571937,-2.87661422084076,5.04));
#9602=CARTESIAN_POINT('Ctrl Pts',(1.1546554080659,-2.91547006417074,5.1));
#9603=CARTESIAN_POINT('Ctrl Pts',(1.1546554080659,-2.91547006417074,5.04));
#9604=CARTESIAN_POINT('Ctrl Pts',(1.23988423048906,-2.97048431920651,5.1));
#9605=CARTESIAN_POINT('Ctrl Pts',(1.23988423048906,-2.97048431920651,5.04));
#9606=CARTESIAN_POINT('Ctrl Pts',(1.30470978481666,-3.06785022278667,5.1));
#9607=CARTESIAN_POINT('Ctrl Pts',(1.30470978481666,-3.06785022278667,5.04));
#9608=CARTESIAN_POINT('Ctrl Pts',(1.32917465821022,-3.13438112094887,5.1));
#9609=CARTESIAN_POINT('Ctrl Pts',(1.32917465821022,-3.13438112094887,5.04));
#9610=CARTESIAN_POINT('',(1.32917465821022,-3.13438112094887,5.1));
#9611=CARTESIAN_POINT('Ctrl Pts',(0.672488031463718,-3.58148690937202,5.1));
#9612=CARTESIAN_POINT('Ctrl Pts',(0.697785213508267,-3.64409783787728,5.1));
#9613=CARTESIAN_POINT('Ctrl Pts',(0.736288536120291,-3.69639667738838,5.1));
#9614=CARTESIAN_POINT('Ctrl Pts',(0.86428005411593,-3.7124665991751,5.1));
#9615=CARTESIAN_POINT('Ctrl Pts',(0.946801449452196,-3.69806106599289,5.1));
#9616=CARTESIAN_POINT('Ctrl Pts',(1.00807739769294,-3.6512846951732,5.1));
#9617=CARTESIAN_POINT('Ctrl Pts',(1.01112455218502,-3.57936715022506,5.1));
#9618=CARTESIAN_POINT('Ctrl Pts',(0.954454648076181,-3.54081093910356,5.1));
#9619=CARTESIAN_POINT('Ctrl Pts',(0.9329745760746,-3.53802291169994,5.1));
#9620=CARTESIAN_POINT('Ctrl Pts',(0.853283834220418,-3.51763819971937,5.1));
#9621=CARTESIAN_POINT('Ctrl Pts',(0.736254340841051,-3.49871656643603,5.1));
#9622=CARTESIAN_POINT('Ctrl Pts',(0.645103602013383,-3.47989694007798,5.1));
#9623=CARTESIAN_POINT('Ctrl Pts',(0.566823571873202,-3.46014900074987,5.1));
#9624=CARTESIAN_POINT('Ctrl Pts',(0.522390131545001,-3.44866777933464,5.1));
#9625=CARTESIAN_POINT('Ctrl Pts',(0.437577850783795,-3.40720551792083,5.1));
#9626=CARTESIAN_POINT('Ctrl Pts',(0.364487630983972,-3.3276143265391,5.1));
#9627=CARTESIAN_POINT('Ctrl Pts',(0.313481672000939,-3.19499280638861,5.1));
#9628=CARTESIAN_POINT('Ctrl Pts',(0.348807353986113,-3.04119013675899,5.1));
#9629=CARTESIAN_POINT('Ctrl Pts',(0.43649116792394,-2.94842438598601,5.1));
#9630=CARTESIAN_POINT('Ctrl Pts',(0.543785291762153,-2.89627860359802,5.1));
#9631=CARTESIAN_POINT('Ctrl Pts',(0.630572993829037,-2.87570218848564,5.1));
#9632=CARTESIAN_POINT('Ctrl Pts',(0.741332082620011,-2.86291361610278,5.1));
#9633=CARTESIAN_POINT('Ctrl Pts',(0.908766424192008,-2.86266200206298,5.1));
#9634=CARTESIAN_POINT('Ctrl Pts',(1.05929594571937,-2.87661422084076,5.1));
#9635=CARTESIAN_POINT('Ctrl Pts',(1.1546554080659,-2.91547006417074,5.1));
#9636=CARTESIAN_POINT('Ctrl Pts',(1.23988423048906,-2.97048431920651,5.1));
#9637=CARTESIAN_POINT('Ctrl Pts',(1.30470978481666,-3.06785022278667,5.1));
#9638=CARTESIAN_POINT('Ctrl Pts',(1.32917465821022,-3.13438112094887,5.1));
#9639=CARTESIAN_POINT('',(1.32917465821022,-3.13438112094887,5.1));
#9640=CARTESIAN_POINT('Origin',(1.32917465821022,-3.13438112094887,5.1));
#9641=CARTESIAN_POINT('',(1.32917465821022,-3.13438112094887,5.1));
#9642=CARTESIAN_POINT('Origin',(1.35491621195523,-3.63627329586956,5.1));
#9643=CARTESIAN_POINT('Ctrl Pts',(2.15538889640051,-3.17070846625825,5.1));
#9644=CARTESIAN_POINT('Ctrl Pts',(2.15538889640051,-3.17070846625825,5.04));
#9645=CARTESIAN_POINT('Ctrl Pts',(2.14260787582014,-3.11108962650544,5.1));
#9646=CARTESIAN_POINT('Ctrl Pts',(2.14260787582014,-3.11108962650544,5.04));
#9647=CARTESIAN_POINT('Ctrl Pts',(2.06728924344846,-3.06305507272325,5.1));
#9648=CARTESIAN_POINT('Ctrl Pts',(2.06728924344846,-3.06305507272325,5.04));
#9649=CARTESIAN_POINT('Ctrl Pts',(1.93316922865908,-3.06936733778517,5.1));
#9650=CARTESIAN_POINT('Ctrl Pts',(1.93316922865908,-3.06936733778517,5.04));
#9651=CARTESIAN_POINT('Ctrl Pts',(1.88105413955408,-3.10163650218816,5.1));
#9652=CARTESIAN_POINT('Ctrl Pts',(1.88105413955408,-3.10163650218816,5.04));
#9653=CARTESIAN_POINT('Ctrl Pts',(1.86592618008316,-3.15706577858051,5.1));
#9654=CARTESIAN_POINT('Ctrl Pts',(1.86592618008316,-3.15706577858051,5.04));
#9655=CARTESIAN_POINT('Ctrl Pts',(1.88870897248462,-3.19568846477748,5.1));
#9656=CARTESIAN_POINT('Ctrl Pts',(1.88870897248462,-3.19568846477748,5.04));
#9657=CARTESIAN_POINT('Ctrl Pts',(1.93056938085433,-3.21489919889608,5.1));
#9658=CARTESIAN_POINT('Ctrl Pts',(1.93056938085433,-3.21489919889608,5.04));
#9659=CARTESIAN_POINT('Ctrl Pts',(2.00672525828249,-3.23024290381777,5.1));
#9660=CARTESIAN_POINT('Ctrl Pts',(2.00672525828249,-3.23024290381777,5.04));
#9661=CARTESIAN_POINT('Ctrl Pts',(2.10903838866327,-3.24275110796673,5.1));
#9662=CARTESIAN_POINT('Ctrl Pts',(2.10903838866327,-3.24275110796673,5.04));
#9663=CARTESIAN_POINT('Ctrl Pts',(2.15730553626588,-3.24954699303126,5.1));
#9664=CARTESIAN_POINT('Ctrl Pts',(2.15730553626588,-3.24954699303126,5.04));
#9665=CARTESIAN_POINT('Ctrl Pts',(2.24273825073766,-3.26358202542548,5.1));
#9666=CARTESIAN_POINT('Ctrl Pts',(2.24273825073766,-3.26358202542548,5.04));
#9667=CARTESIAN_POINT('Ctrl Pts',(2.31187827887853,-3.28087391344288,5.1));
#9668=CARTESIAN_POINT('Ctrl Pts',(2.31187827887853,-3.28087391344288,5.04));
#9669=CARTESIAN_POINT('Ctrl Pts',(2.37264102728123,-3.29896442577637,5.1));
#9670=CARTESIAN_POINT('Ctrl Pts',(2.37264102728123,-3.29896442577637,5.04));
#9671=CARTESIAN_POINT('Ctrl Pts',(2.49326461992626,-3.37042628109067,5.1));
#9672=CARTESIAN_POINT('Ctrl Pts',(2.49326461992626,-3.37042628109067,5.04));
#9673=CARTESIAN_POINT('Ctrl Pts',(2.55610455481355,-3.48382227834778,5.1));
#9674=CARTESIAN_POINT('Ctrl Pts',(2.55610455481355,-3.48382227834778,5.04));
#9675=CARTESIAN_POINT('Ctrl Pts',(2.56567286136254,-3.63771711815611,5.1));
#9676=CARTESIAN_POINT('Ctrl Pts',(2.56567286136254,-3.63771711815611,5.04));
#9677=CARTESIAN_POINT('Ctrl Pts',(2.48757926288962,-3.78952778939747,5.1));
#9678=CARTESIAN_POINT('Ctrl Pts',(2.48757926288962,-3.78952778939747,5.04));
#9679=CARTESIAN_POINT('Ctrl Pts',(2.33776018571312,-3.88288091984232,5.1));
#9680=CARTESIAN_POINT('Ctrl Pts',(2.33776018571312,-3.88288091984232,5.04));
#9681=CARTESIAN_POINT('Ctrl Pts',(2.17158083695832,-3.92143415750354,5.1));
#9682=CARTESIAN_POINT('Ctrl Pts',(2.17158083695832,-3.92143415750354,5.04));
#9683=CARTESIAN_POINT('Ctrl Pts',(1.91142766685106,-3.92371301367251,5.1));
#9684=CARTESIAN_POINT('Ctrl Pts',(1.91142766685106,-3.92371301367251,5.04));
#9685=CARTESIAN_POINT('Ctrl Pts',(1.72343832121319,-3.89375599324456,5.1));
#9686=CARTESIAN_POINT('Ctrl Pts',(1.72343832121319,-3.89375599324456,5.04));
#9687=CARTESIAN_POINT('Ctrl Pts',(1.56365497201855,-3.80912246250783,5.1));
#9688=CARTESIAN_POINT('Ctrl Pts',(1.56365497201855,-3.80912246250783,5.04));
#9689=CARTESIAN_POINT('Ctrl Pts',(1.50332727370512,-3.70475881015173,5.1));
#9690=CARTESIAN_POINT('Ctrl Pts',(1.50332727370512,-3.70475881015173,5.04));
#9691=CARTESIAN_POINT('Ctrl Pts',(1.48193580258814,-3.6178142546814,5.1));
#9692=CARTESIAN_POINT('Ctrl Pts',(1.48193580258814,-3.6178142546814,5.04));
#9693=CARTESIAN_POINT('',(2.15538889640051,-3.17070846625825,5.1));
#9694=CARTESIAN_POINT('',(2.15538889640051,-3.17070846625825,5.1));
#9695=CARTESIAN_POINT('',(1.48193580258814,-3.6178142546814,5.1));
#9696=CARTESIAN_POINT('Ctrl Pts',(2.15538889640051,-3.17070846625825,5.1));
#9697=CARTESIAN_POINT('Ctrl Pts',(2.14260787582014,-3.11108962650544,5.1));
#9698=CARTESIAN_POINT('Ctrl Pts',(2.06728924344846,-3.06305507272325,5.1));
#9699=CARTESIAN_POINT('Ctrl Pts',(1.93316922865908,-3.06936733778517,5.1));
#9700=CARTESIAN_POINT('Ctrl Pts',(1.88105413955408,-3.10163650218816,5.1));
#9701=CARTESIAN_POINT('Ctrl Pts',(1.86592618008316,-3.15706577858051,5.1));
#9702=CARTESIAN_POINT('Ctrl Pts',(1.88870897248462,-3.19568846477748,5.1));
#9703=CARTESIAN_POINT('Ctrl Pts',(1.93056938085433,-3.21489919889608,5.1));
#9704=CARTESIAN_POINT('Ctrl Pts',(2.00672525828249,-3.23024290381777,5.1));
#9705=CARTESIAN_POINT('Ctrl Pts',(2.10903838866327,-3.24275110796673,5.1));
#9706=CARTESIAN_POINT('Ctrl Pts',(2.15730553626588,-3.24954699303126,5.1));
#9707=CARTESIAN_POINT('Ctrl Pts',(2.24273825073766,-3.26358202542548,5.1));
#9708=CARTESIAN_POINT('Ctrl Pts',(2.31187827887853,-3.28087391344288,5.1));
#9709=CARTESIAN_POINT('Ctrl Pts',(2.37264102728123,-3.29896442577637,5.1));
#9710=CARTESIAN_POINT('Ctrl Pts',(2.49326461992626,-3.37042628109067,5.1));
#9711=CARTESIAN_POINT('Ctrl Pts',(2.55610455481355,-3.48382227834778,5.1));
#9712=CARTESIAN_POINT('Ctrl Pts',(2.56567286136254,-3.63771711815611,5.1));
#9713=CARTESIAN_POINT('Ctrl Pts',(2.48757926288962,-3.78952778939747,5.1));
#9714=CARTESIAN_POINT('Ctrl Pts',(2.33776018571312,-3.88288091984232,5.1));
#9715=CARTESIAN_POINT('Ctrl Pts',(2.17158083695832,-3.92143415750354,5.1));
#9716=CARTESIAN_POINT('Ctrl Pts',(1.91142766685106,-3.92371301367251,5.1));
#9717=CARTESIAN_POINT('Ctrl Pts',(1.72343832121319,-3.89375599324456,5.1));
#9718=CARTESIAN_POINT('Ctrl Pts',(1.56365497201855,-3.80912246250783,5.1));
#9719=CARTESIAN_POINT('Ctrl Pts',(1.50332727370512,-3.70475881015173,5.1));
#9720=CARTESIAN_POINT('Ctrl Pts',(1.48193580258814,-3.6178142546814,5.1));
#9721=CARTESIAN_POINT('',(1.48193580258814,-3.6178142546814,5.1));
#9722=CARTESIAN_POINT('Origin',(1.48193580258814,-3.6178142546814,5.1));
#9723=CARTESIAN_POINT('',(1.86849601549565,-3.58148690937202,5.1));
#9724=CARTESIAN_POINT('',(1.48193580258814,-3.6178142546814,5.1));
#9725=CARTESIAN_POINT('',(1.86849601549565,-3.58148690937202,5.1));
#9726=CARTESIAN_POINT('Ctrl Pts',(1.86849601549565,-3.58148690937202,5.1));
#9727=CARTESIAN_POINT('Ctrl Pts',(1.86849601549565,-3.58148690937202,5.04));
#9728=CARTESIAN_POINT('Ctrl Pts',(1.89315804182724,-3.64449376047372,5.1));
#9729=CARTESIAN_POINT('Ctrl Pts',(1.89315804182724,-3.64449376047372,5.04));
#9730=CARTESIAN_POINT('Ctrl Pts',(1.93192159562902,-3.69655076087049,5.1));
#9731=CARTESIAN_POINT('Ctrl Pts',(1.93192159562902,-3.69655076087049,5.04));
#9732=CARTESIAN_POINT('Ctrl Pts',(2.05939833320637,-3.71245740460145,5.1));
#9733=CARTESIAN_POINT('Ctrl Pts',(2.05939833320637,-3.71245740460145,5.04));
#9734=CARTESIAN_POINT('Ctrl Pts',(2.14218090645276,-3.69796177380056,5.1));
#9735=CARTESIAN_POINT('Ctrl Pts',(2.14218090645276,-3.69796177380056,5.04));
#9736=CARTESIAN_POINT('Ctrl Pts',(2.20305304433304,-3.65194914782843,5.1));
#9737=CARTESIAN_POINT('Ctrl Pts',(2.20305304433304,-3.65194914782843,5.04));
#9738=CARTESIAN_POINT('Ctrl Pts',(2.20715471063005,-3.5794401866927,5.1));
#9739=CARTESIAN_POINT('Ctrl Pts',(2.20715471063005,-3.5794401866927,5.04));
#9740=CARTESIAN_POINT('Ctrl Pts',(2.14930802046132,-3.54081523818672,5.1));
#9741=CARTESIAN_POINT('Ctrl Pts',(2.14930802046132,-3.54081523818672,5.04));
#9742=CARTESIAN_POINT('Ctrl Pts',(2.12813425427483,-3.53823540126296,5.1));
#9743=CARTESIAN_POINT('Ctrl Pts',(2.12813425427483,-3.53823540126296,5.04));
#9744=CARTESIAN_POINT('Ctrl Pts',(2.04836573470362,-3.51763111729037,5.1));
#9745=CARTESIAN_POINT('Ctrl Pts',(2.04836573470362,-3.51763111729037,5.04));
#9746=CARTESIAN_POINT('Ctrl Pts',(1.93137550473192,-3.49872708728485,5.1));
#9747=CARTESIAN_POINT('Ctrl Pts',(1.93137550473192,-3.49872708728485,5.04));
#9748=CARTESIAN_POINT('Ctrl Pts',(1.84019887745604,-3.4799006564224,5.1));
#9749=CARTESIAN_POINT('Ctrl Pts',(1.84019887745604,-3.4799006564224,5.04));
#9750=CARTESIAN_POINT('Ctrl Pts',(1.76191448269366,-3.46015327965814,5.1));
#9751=CARTESIAN_POINT('Ctrl Pts',(1.76191448269366,-3.46015327965814,5.04));
#9752=CARTESIAN_POINT('Ctrl Pts',(1.71747166461547,-3.44866909732683,5.1));
#9753=CARTESIAN_POINT('Ctrl Pts',(1.71747166461547,-3.44866909732683,5.04));
#9754=CARTESIAN_POINT('Ctrl Pts',(1.63266214154508,-3.40721167696756,5.1));
#9755=CARTESIAN_POINT('Ctrl Pts',(1.63266214154508,-3.40721167696756,5.04));
#9756=CARTESIAN_POINT('Ctrl Pts',(1.55956272154259,-3.32761542165294,5.1));
#9757=CARTESIAN_POINT('Ctrl Pts',(1.55956272154259,-3.32761542165294,5.04));
#9758=CARTESIAN_POINT('Ctrl Pts',(1.50855701944298,-3.19498609214337,5.1));
#9759=CARTESIAN_POINT('Ctrl Pts',(1.50855701944298,-3.19498609214337,5.04));
#9760=CARTESIAN_POINT('Ctrl Pts',(1.54388815271786,-3.04117688030993,5.1));
#9761=CARTESIAN_POINT('Ctrl Pts',(1.54388815271786,-3.04117688030993,5.04));
#9762=CARTESIAN_POINT('Ctrl Pts',(1.63158868106144,-2.94840958630942,5.1));
#9763=CARTESIAN_POINT('Ctrl Pts',(1.63158868106144,-2.94840958630942,5.04));
#9764=CARTESIAN_POINT('Ctrl Pts',(1.73888413162464,-2.89627012278581,5.1));
#9765=CARTESIAN_POINT('Ctrl Pts',(1.73888413162464,-2.89627012278581,5.04));
#9766=CARTESIAN_POINT('Ctrl Pts',(1.82568631561065,-2.87569555758818,5.1));
#9767=CARTESIAN_POINT('Ctrl Pts',(1.82568631561065,-2.87569555758818,5.04));
#9768=CARTESIAN_POINT('Ctrl Pts',(1.93645978868962,-2.86291095659335,5.1));
#9769=CARTESIAN_POINT('Ctrl Pts',(1.93645978868962,-2.86291095659335,5.04));
#9770=CARTESIAN_POINT('Ctrl Pts',(2.10391345538622,-2.86266436882774,5.1));
#9771=CARTESIAN_POINT('Ctrl Pts',(2.10391345538622,-2.86266436882774,5.04));
#9772=CARTESIAN_POINT('Ctrl Pts',(2.25438820941552,-2.8766246056857,5.1));
#9773=CARTESIAN_POINT('Ctrl Pts',(2.25438820941552,-2.8766246056857,5.04));
#9774=CARTESIAN_POINT('Ctrl Pts',(2.34987776645106,-2.91548184558375,5.1));
#9775=CARTESIAN_POINT('Ctrl Pts',(2.34987776645106,-2.91548184558375,5.04));
#9776=CARTESIAN_POINT('Ctrl Pts',(2.43460819209551,-2.97054204920704,5.1));
#9777=CARTESIAN_POINT('Ctrl Pts',(2.43460819209551,-2.97054204920704,5.04));
#9778=CARTESIAN_POINT('Ctrl Pts',(2.50063588817049,-3.06787263021877,5.1));
#9779=CARTESIAN_POINT('Ctrl Pts',(2.50063588817049,-3.06787263021877,5.04));
#9780=CARTESIAN_POINT('Ctrl Pts',(2.52425117184961,-3.13438112094887,5.1));
#9781=CARTESIAN_POINT('Ctrl Pts',(2.52425117184961,-3.13438112094887,5.04));
#9782=CARTESIAN_POINT('',(2.52425117184961,-3.13438112094887,5.1));
#9783=CARTESIAN_POINT('Ctrl Pts',(1.86849601549565,-3.58148690937202,5.1));
#9784=CARTESIAN_POINT('Ctrl Pts',(1.89315804182724,-3.64449376047372,5.1));
#9785=CARTESIAN_POINT('Ctrl Pts',(1.93192159562902,-3.69655076087049,5.1));
#9786=CARTESIAN_POINT('Ctrl Pts',(2.05939833320637,-3.71245740460145,5.1));
#9787=CARTESIAN_POINT('Ctrl Pts',(2.14218090645276,-3.69796177380056,5.1));
#9788=CARTESIAN_POINT('Ctrl Pts',(2.20305304433304,-3.65194914782843,5.1));
#9789=CARTESIAN_POINT('Ctrl Pts',(2.20715471063005,-3.5794401866927,5.1));
#9790=CARTESIAN_POINT('Ctrl Pts',(2.14930802046132,-3.54081523818672,5.1));
#9791=CARTESIAN_POINT('Ctrl Pts',(2.12813425427483,-3.53823540126296,5.1));
#9792=CARTESIAN_POINT('Ctrl Pts',(2.04836573470362,-3.51763111729037,5.1));
#9793=CARTESIAN_POINT('Ctrl Pts',(1.93137550473192,-3.49872708728485,5.1));
#9794=CARTESIAN_POINT('Ctrl Pts',(1.84019887745604,-3.4799006564224,5.1));
#9795=CARTESIAN_POINT('Ctrl Pts',(1.76191448269366,-3.46015327965814,5.1));
#9796=CARTESIAN_POINT('Ctrl Pts',(1.71747166461547,-3.44866909732683,5.1));
#9797=CARTESIAN_POINT('Ctrl Pts',(1.63266214154508,-3.40721167696756,5.1));
#9798=CARTESIAN_POINT('Ctrl Pts',(1.55956272154259,-3.32761542165294,5.1));
#9799=CARTESIAN_POINT('Ctrl Pts',(1.50855701944298,-3.19498609214337,5.1));
#9800=CARTESIAN_POINT('Ctrl Pts',(1.54388815271786,-3.04117688030993,5.1));
#9801=CARTESIAN_POINT('Ctrl Pts',(1.63158868106144,-2.94840958630942,5.1));
#9802=CARTESIAN_POINT('Ctrl Pts',(1.73888413162464,-2.89627012278581,5.1));
#9803=CARTESIAN_POINT('Ctrl Pts',(1.82568631561065,-2.87569555758818,5.1));
#9804=CARTESIAN_POINT('Ctrl Pts',(1.93645978868962,-2.86291095659335,5.1));
#9805=CARTESIAN_POINT('Ctrl Pts',(2.10391345538622,-2.86266436882774,5.1));
#9806=CARTESIAN_POINT('Ctrl Pts',(2.25438820941552,-2.8766246056857,5.1));
#9807=CARTESIAN_POINT('Ctrl Pts',(2.34987776645106,-2.91548184558375,5.1));
#9808=CARTESIAN_POINT('Ctrl Pts',(2.43460819209551,-2.97054204920704,5.1));
#9809=CARTESIAN_POINT('Ctrl Pts',(2.50063588817049,-3.06787263021877,5.1));
#9810=CARTESIAN_POINT('Ctrl Pts',(2.52425117184961,-3.13438112094887,5.1));
#9811=CARTESIAN_POINT('',(2.52425117184961,-3.13438112094887,5.1));
#9812=CARTESIAN_POINT('Origin',(2.52425117184961,-3.13438112094887,5.1));
#9813=CARTESIAN_POINT('',(2.52425117184961,-3.13438112094887,5.1));
#9814=CARTESIAN_POINT('Origin',(2.55096873693194,-3.63586098378898,5.1));
#9815=CARTESIAN_POINT('Origin',(4.95,-3.3,0.));
#9816=CARTESIAN_POINT('',(4.55,-3.3,0.));
#9817=CARTESIAN_POINT('Origin',(4.55,-3.35,0.));
#9818=CARTESIAN_POINT('',(4.50481217353243,-3.32859765575605,0.));
#9819=CARTESIAN_POINT('Origin',(4.50481217353243,-3.32859765575605,0.));
#9820=CARTESIAN_POINT('Origin',(-4.95000000000001,-3.3,0.));
#9821=CARTESIAN_POINT('',(-4.55000000000001,-3.3,0.));
#9822=CARTESIAN_POINT('',(-4.55000000000001,-3.3,0.));
#9823=CARTESIAN_POINT('',(-4.95000000000001,-3.3,0.));
#9824=CARTESIAN_POINT('Origin',(-4.55000000000001,-3.35,0.));
#9825=CARTESIAN_POINT('',(-4.50481217353243,-3.32859765575605,0.));
#9826=CARTESIAN_POINT('',(-4.50481217353243,-3.32859765575605,0.));
#9827=CARTESIAN_POINT('Origin',(-4.55000000000001,-3.35,0.));
#9828=CARTESIAN_POINT('Origin',(-4.50481217353243,-3.32859765575605,0.));
#9829=CARTESIAN_POINT('',(-4.50481217353243,-3.32859765575605,0.));
#9830=CARTESIAN_POINT('Origin',(-4.55000000000001,-3.35,0.));
#9831=CARTESIAN_POINT('Origin',(4.55,-3.35,0.2));
#9832=CARTESIAN_POINT('',(4.00774608238913,-3.09317186907259,0.2));
#9833=CARTESIAN_POINT('',(4.00774608238913,-3.09317186907259,0.2));
#9834=CARTESIAN_POINT('',(4.21922935519139,-2.84940956807696,0.2));
#9835=CARTESIAN_POINT('Origin',(4.55,-3.35,0.2));
#9836=CARTESIAN_POINT('',(4.21922935519139,-2.84940956807696,0.2));
#9837=CARTESIAN_POINT('Origin',(3.66794494717703,-2.01509218153856,0.2));
#9838=CARTESIAN_POINT('',(4.66794494717703,-2.01509218153856,0.2));
#9839=CARTESIAN_POINT('Origin',(3.66794494717703,-2.01509218153856,0.2));
#9840=CARTESIAN_POINT('',(4.66794494717703,-2.01509218153856,0.2));
#9841=CARTESIAN_POINT('Origin',(4.66794494717703,-2.01509218153856,0.2));
#9842=CARTESIAN_POINT('',(4.66794494717703,-1.5,0.2));
#9843=CARTESIAN_POINT('',(4.66794494717703,-2.01509218153856,0.2));
#9844=CARTESIAN_POINT('',(4.66794494717703,-1.5,0.2));
#9845=CARTESIAN_POINT('Origin',(4.26794494717703,-1.5,0.2));
#9846=CARTESIAN_POINT('',(4.26794494717703,-1.1,0.2));
#9847=CARTESIAN_POINT('Origin',(4.26794494717703,-1.5,0.2));
#9848=CARTESIAN_POINT('',(4.26794494717703,-1.1,0.2));
#9849=CARTESIAN_POINT('Origin',(-4.66794494717703,-1.1,0.2));
#9850=CARTESIAN_POINT('',(-4.26794494717703,-1.1,0.2));
#9851=CARTESIAN_POINT('',(-4.66794494717703,-1.1,0.2));
#9852=CARTESIAN_POINT('',(-4.26794494717703,-1.1,0.2));
#9853=CARTESIAN_POINT('Origin',(-4.26794494717703,-1.5,0.2));
#9854=CARTESIAN_POINT('',(-4.66794494717703,-1.5,0.2));
#9855=CARTESIAN_POINT('Origin',(-4.26794494717703,-1.5,0.2));
#9856=CARTESIAN_POINT('',(-4.66794494717703,-1.5,0.2));
#9857=CARTESIAN_POINT('Origin',(-4.66794494717703,-1.1,0.2));
#9858=CARTESIAN_POINT('',(-4.66794494717703,-2.01509218153857,0.2));
#9859=CARTESIAN_POINT('',(-4.66794494717703,-1.1,0.2));
#9860=CARTESIAN_POINT('',(-4.66794494717703,-2.01509218153857,0.2));
#9861=CARTESIAN_POINT('Origin',(-3.66794494717703,-2.01509218153857,0.2));
#9862=CARTESIAN_POINT('',(-4.21922935519139,-2.84940956807696,0.2));
#9863=CARTESIAN_POINT('Origin',(-3.66794494717703,-2.01509218153857,0.2));
#9864=CARTESIAN_POINT('',(-4.21922935519139,-2.84940956807696,0.2));
#9865=CARTESIAN_POINT('Origin',(-4.55000000000001,-3.35,0.2));
#9866=CARTESIAN_POINT('',(-4.00774608238914,-3.09317186907259,0.2));
#9867=CARTESIAN_POINT('Origin',(-4.55000000000001,-3.35,0.2));
#9868=CARTESIAN_POINT('',(-4.00774608238914,-3.09317186907259,0.2));
#9869=CARTESIAN_POINT('Origin',(-4.00774608238914,-3.09317186907259,0.2));
#9870=CARTESIAN_POINT('',(-3.63923915099105,-3.8712187539516,0.2));
#9871=CARTESIAN_POINT('',(-4.00774608238914,-3.09317186907259,0.2));
#9872=CARTESIAN_POINT('',(-3.63923915099105,-3.8712187539516,0.2));
#9873=CARTESIAN_POINT('Origin',(-3.27773653925048,-3.7,0.2));
#9874=CARTESIAN_POINT('',(-3.27773653925048,-4.1,0.2));
#9875=CARTESIAN_POINT('Origin',(-3.27773653925048,-3.7,0.2));
#9876=CARTESIAN_POINT('',(-3.27773653925048,-4.1,0.2));
#9877=CARTESIAN_POINT('Origin',(3.5308813173165,-4.1,0.2));
#9878=CARTESIAN_POINT('',(3.27773653925047,-4.1,0.2));
#9879=CARTESIAN_POINT('',(3.5308813173165,-4.1,0.2));
#9880=CARTESIAN_POINT('',(3.27773653925047,-4.1,0.2));
#9881=CARTESIAN_POINT('Origin',(3.27773653925047,-3.7,0.2));
#9882=CARTESIAN_POINT('',(3.63923915099105,-3.8712187539516,0.2));
#9883=CARTESIAN_POINT('Origin',(3.27773653925047,-3.7,0.2));
#9884=CARTESIAN_POINT('',(3.63923915099105,-3.8712187539516,0.2));
#9885=CARTESIAN_POINT('Origin',(4.00774608238913,-3.09317186907259,0.2));
#9886=CARTESIAN_POINT('',(4.00774608238913,-3.09317186907259,0.2));
#9887=CARTESIAN_POINT('Origin',(4.55,-3.35,0.2));
#9888=CARTESIAN_POINT('',(-4.01856435643565,-2.01364601505921,0.2));
#9889=CARTESIAN_POINT('',(-4.01856435643565,-2.21661631208891,0.2));
#9890=CARTESIAN_POINT('',(-4.01856435643565,-2.01364601505921,0.2));
#9891=CARTESIAN_POINT('',(-3.41460396039604,-2.21661631208891,0.2));
#9892=CARTESIAN_POINT('',(-4.01856435643565,-2.21661631208891,0.2));
#9893=CARTESIAN_POINT('',(-3.41460396039604,-2.8626559160493,0.2));
#9894=CARTESIAN_POINT('',(-3.41460396039604,-2.21661631208891,0.2));
#9895=CARTESIAN_POINT('',(-3.21163366336634,-2.8626559160493,0.2));
#9896=CARTESIAN_POINT('',(-3.41460396039604,-2.8626559160493,0.2));
#9897=CARTESIAN_POINT('',(-3.21163366336634,-2.21661631208891,0.2));
#9898=CARTESIAN_POINT('',(-3.21163366336634,-2.8626559160493,0.2));
#9899=CARTESIAN_POINT('',(-2.59777227722773,-2.21661631208891,0.2));
#9900=CARTESIAN_POINT('',(-3.21163366336634,-2.21661631208891,0.2));
#9901=CARTESIAN_POINT('',(-2.59777227722772,-2.01364601505921,0.2));
#9902=CARTESIAN_POINT('',(-2.59777227722772,-2.21661631208891,0.2));
#9903=CARTESIAN_POINT('',(-3.21163366336634,-2.01364601505921,0.2));
#9904=CARTESIAN_POINT('',(-2.59777227722772,-2.01364601505921,0.2));
#9905=CARTESIAN_POINT('',(-3.21163366336634,-1.3626559160493,0.2));
#9906=CARTESIAN_POINT('',(-3.21163366336634,-2.01364601505921,0.2));
#9907=CARTESIAN_POINT('',(-3.41460396039604,-1.3626559160493,0.2));
#9908=CARTESIAN_POINT('',(-3.21163366336634,-1.3626559160493,0.2));
#9909=CARTESIAN_POINT('',(-3.41460396039604,-2.01364601505921,0.2));
#9910=CARTESIAN_POINT('',(-3.41460396039604,-1.3626559160493,0.2));
#9911=CARTESIAN_POINT('',(-3.41460396039604,-2.01364601505921,0.2));
#9912=CARTESIAN_POINT('',(2.98638613861386,-2.0086955200097,0.2));
#9913=CARTESIAN_POINT('',(2.98638613861386,-2.22651730218792,0.2));
#9914=CARTESIAN_POINT('',(2.98638613861386,-2.0086955200097,0.2));
#9915=CARTESIAN_POINT('',(4.43440594059406,-2.22651730218792,0.2));
#9916=CARTESIAN_POINT('',(2.98638613861386,-2.22651730218792,0.2));
#9917=CARTESIAN_POINT('',(4.43440594059406,-2.0086955200097,0.2));
#9918=CARTESIAN_POINT('',(4.43440594059406,-2.22651730218792,0.2));
#9919=CARTESIAN_POINT('',(4.43440594059406,-2.0086955200097,0.2));
#9920=CARTESIAN_POINT('',(-2.09302931596092,-3.66255737348174,0.2));
#9921=CARTESIAN_POINT('',(-1.99244299674267,-3.66255737348174,0.2));
#9922=CARTESIAN_POINT('',(-2.09302931596092,-3.66255737348174,0.2));
#9923=CARTESIAN_POINT('',(-1.99244299674267,-2.87871372527327,0.2));
#9924=CARTESIAN_POINT('',(-1.99244299674267,-3.66255737348174,0.2));
#9925=CARTESIAN_POINT('',(-2.14879478827362,-2.87871372527327,0.2));
#9926=CARTESIAN_POINT('',(-1.99244299674267,-2.87871372527327,0.2));
#9927=CARTESIAN_POINT('',(-2.371335504886,-3.54946291094102,0.2));
#9928=CARTESIAN_POINT('Ctrl Pts',(-2.14879478827362,-2.87871372527327,0.2));
#9929=CARTESIAN_POINT('Ctrl Pts',(-2.18785862013928,-2.99578831447287,0.2));
#9930=CARTESIAN_POINT('Ctrl Pts',(-2.23459770183278,-3.13459486541219,0.2));
#9931=CARTESIAN_POINT('Ctrl Pts',(-2.30116703995255,-3.33466686103422,0.2));
#9932=CARTESIAN_POINT('Ctrl Pts',(-2.33240206027133,-3.42685179718819,0.2));
#9933=CARTESIAN_POINT('Ctrl Pts',(-2.36749679579805,-3.53397716765062,0.2));
#9934=CARTESIAN_POINT('Ctrl Pts',(-2.371335504886,-3.54946291094102,0.2));
#9935=CARTESIAN_POINT('',(-2.60169381107492,-2.87871372527327,0.2));
#9936=CARTESIAN_POINT('Ctrl Pts',(-2.371335504886,-3.54946291094102,0.2));
#9937=CARTESIAN_POINT('Ctrl Pts',(-2.37776960326308,-3.52886720317472,0.2));
#9938=CARTESIAN_POINT('Ctrl Pts',(-2.38863913797777,-3.49561228794085,0.2));
#9939=CARTESIAN_POINT('Ctrl Pts',(-2.41686154682971,-3.41428199014914,0.2));
#9940=CARTESIAN_POINT('Ctrl Pts',(-2.43370036837304,-3.36612243069065,0.2));
#9941=CARTESIAN_POINT('Ctrl Pts',(-2.4627492278688,-3.28223593575354,0.2));
#9942=CARTESIAN_POINT('Ctrl Pts',(-2.5175136887878,-3.12356646077469,0.2));
#9943=CARTESIAN_POINT('Ctrl Pts',(-2.56699265321795,-2.97922878349856,0.2));
#9944=CARTESIAN_POINT('Ctrl Pts',(-2.60169381107492,-2.87871372527327,0.2));
#9945=CARTESIAN_POINT('',(-2.7413680781759,-2.87871372527327,0.2));
#9946=CARTESIAN_POINT('',(-2.60169381107492,-2.87871372527327,0.2));
#9947=CARTESIAN_POINT('',(-2.7413680781759,-3.66255737348174,0.2));
#9948=CARTESIAN_POINT('',(-2.7413680781759,-2.87871372527327,0.2));
#9949=CARTESIAN_POINT('',(-2.64130293159609,-3.66255737348174,0.2));
#9950=CARTESIAN_POINT('',(-2.7413680781759,-3.66255737348174,0.2));
#9951=CARTESIAN_POINT('',(-2.64130293159609,-3.00587984905177,0.2));
#9952=CARTESIAN_POINT('',(-2.64130293159609,-3.66255737348174,0.2));
#9953=CARTESIAN_POINT('',(-2.41250814332248,-3.66255737348174,0.2));
#9954=CARTESIAN_POINT('',(-2.64130293159609,-3.00587984905177,0.2));
#9955=CARTESIAN_POINT('',(-2.31921824104235,-3.66255737348174,0.2));
#9956=CARTESIAN_POINT('',(-2.41250814332248,-3.66255737348174,0.2));
#9957=CARTESIAN_POINT('',(-2.09302931596092,-2.9949352236446,0.2));
#9958=CARTESIAN_POINT('',(-2.31921824104235,-3.66255737348174,0.2));
#9959=CARTESIAN_POINT('',(-2.09302931596092,-2.9949352236446,0.2));
#9960=CARTESIAN_POINT('',(-1.87882736156352,-3.42698734090845,0.2));
#9961=CARTESIAN_POINT('',(-1.58071661237785,-3.42698734090845,0.2));
#9962=CARTESIAN_POINT('',(-1.87882736156352,-3.42698734090845,0.2));
#9963=CARTESIAN_POINT('',(-1.58071661237785,-3.33004923015926,0.2));
#9964=CARTESIAN_POINT('',(-1.58071661237785,-3.42698734090845,0.2));
#9965=CARTESIAN_POINT('',(-1.87882736156352,-3.33004923015926,0.2));
#9966=CARTESIAN_POINT('',(-1.58071661237785,-3.33004923015926,0.2));
#9967=CARTESIAN_POINT('',(-1.87882736156352,-3.33004923015926,0.2));
#9968=CARTESIAN_POINT('',(-0.841172638436485,-3.66255737348174,0.2));
#9969=CARTESIAN_POINT('',(-0.732768729641697,-3.66255737348174,0.2));
#9970=CARTESIAN_POINT('',(-0.841172638436485,-3.66255737348174,0.2));
#9971=CARTESIAN_POINT('',(-0.526905537459287,-2.87871372527327,0.2));
#9972=CARTESIAN_POINT('',(-0.732768729641697,-3.66255737348174,0.2));
#9973=CARTESIAN_POINT('',(-0.633745928338765,-2.87871372527327,0.2));
#9974=CARTESIAN_POINT('',(-0.526905537459287,-2.87871372527327,0.2));
#9975=CARTESIAN_POINT('',(-0.785407166123781,-3.55258994677164,0.2));
#9976=CARTESIAN_POINT('',(-0.633745928338765,-2.87871372527327,0.2));
#9977=CARTESIAN_POINT('',(-0.969902280130296,-2.87871372527327,0.2));
#9978=CARTESIAN_POINT('Ctrl Pts',(-0.785407166123781,-3.55258994677164,
0.2));
#9979=CARTESIAN_POINT('Ctrl Pts',(-0.797599546821022,-3.50268750170661,
0.2));
#9980=CARTESIAN_POINT('Ctrl Pts',(-0.80955147997393,-3.45366424914108,0.2));
#9981=CARTESIAN_POINT('Ctrl Pts',(-0.819473636534471,-3.41470501892846,
0.2));
#9982=CARTESIAN_POINT('Ctrl Pts',(-0.820874082570049,-3.40940609591523,
0.2));
#9983=CARTESIAN_POINT('Ctrl Pts',(-0.831730753379268,-3.37073958113935,
0.2));
#9984=CARTESIAN_POINT('Ctrl Pts',(-0.841507246376646,-3.33580701260362,
0.2));
#9985=CARTESIAN_POINT('Ctrl Pts',(-0.860133781055419,-3.26943331963051,
0.2));
#9986=CARTESIAN_POINT('Ctrl Pts',(-0.901969636785661,-3.12039742803543,
0.2));
#9987=CARTESIAN_POINT('Ctrl Pts',(-0.941785631207864,-2.97887136642792,
0.2));
#9988=CARTESIAN_POINT('Ctrl Pts',(-0.969902280130296,-2.87871372527327,
0.2));
#9989=CARTESIAN_POINT('',(-1.09446254071662,-2.87871372527327,0.2));
#9990=CARTESIAN_POINT('',(-0.969902280130296,-2.87871372527327,0.2));
#9991=CARTESIAN_POINT('',(-1.26801302931596,-3.55258994677164,0.2));
#9992=CARTESIAN_POINT('Ctrl Pts',(-1.09446254071662,-2.87871372527327,0.2));
#9993=CARTESIAN_POINT('Ctrl Pts',(-1.12664671058874,-2.99281639381875,0.2));
#9994=CARTESIAN_POINT('Ctrl Pts',(-1.18782223434992,-3.20637376998987,0.2));
#9995=CARTESIAN_POINT('Ctrl Pts',(-1.25538339007724,-3.44922706800066,0.2));
#9996=CARTESIAN_POINT('Ctrl Pts',(-1.26801302931596,-3.55258994677164,0.2));
#9997=CARTESIAN_POINT('',(-1.43009771986971,-2.87871372527327,0.2));
#9998=CARTESIAN_POINT('Ctrl Pts',(-1.26801302931596,-3.55258994677164,0.2));
#9999=CARTESIAN_POINT('Ctrl Pts',(-1.27882206017914,-3.50019184195712,0.2));
#10000=CARTESIAN_POINT('Ctrl Pts',(-1.31185078790862,-3.36751619180727,
0.2));
#10001=CARTESIAN_POINT('Ctrl Pts',(-1.3640794577561,-3.15513548198318,0.2));
#10002=CARTESIAN_POINT('Ctrl Pts',(-1.40348652277385,-2.98830804008946,
0.2));
#10003=CARTESIAN_POINT('Ctrl Pts',(-1.43009771986971,-2.87871372527327,
0.2));
#10004=CARTESIAN_POINT('',(-1.53433224755701,-2.87871372527327,0.2));
#10005=CARTESIAN_POINT('',(-1.43009771986971,-2.87871372527327,0.2));
#10006=CARTESIAN_POINT('',(-1.32065146579805,-3.66255737348174,0.2));
#10007=CARTESIAN_POINT('',(-1.53433224755701,-2.87871372527327,0.2));
#10008=CARTESIAN_POINT('',(-1.2185016286645,-3.66255737348174,0.2));
#10009=CARTESIAN_POINT('',(-1.32065146579805,-3.66255737348174,0.2));
#10010=CARTESIAN_POINT('',(-1.02931596091206,-2.97356714546871,0.2));
#10011=CARTESIAN_POINT('',(-1.2185016286645,-3.66255737348174,0.2));
#10012=CARTESIAN_POINT('',(-1.02931596091206,-2.97356714546871,0.2));
#10013=CARTESIAN_POINT('',(0.028143322475567,-3.66255737348174,0.2));
#10014=CARTESIAN_POINT('',(0.131856677524427,-3.66255737348174,0.2));
#10015=CARTESIAN_POINT('',(0.0281433224755669,-3.66255737348174,0.2));
#10016=CARTESIAN_POINT('',(0.131856677524427,-2.87871372527327,0.2));
#10017=CARTESIAN_POINT('',(0.131856677524427,-3.66255737348174,0.2));
#10018=CARTESIAN_POINT('',(0.0281433224755669,-3.34359971875861,0.2));
#10019=CARTESIAN_POINT('Ctrl Pts',(0.131856677524427,-2.87871372527327,
0.2));
#10020=CARTESIAN_POINT('Ctrl Pts',(0.0763932131714114,-2.87870673206539,
0.2));
#10021=CARTESIAN_POINT('Ctrl Pts',(-0.0125037935815068,-2.87872771168903,
0.2));
#10022=CARTESIAN_POINT('Ctrl Pts',(-0.119629515471946,-2.87869274564963,
0.2));
#10023=CARTESIAN_POINT('Ctrl Pts',(-0.222781047783341,-2.87879239886192,
0.2));
#10024=CARTESIAN_POINT('Ctrl Pts',(-0.298838900694117,-2.8856976037665,
0.2));
#10025=CARTESIAN_POINT('Ctrl Pts',(-0.416138002940283,-2.92912990341686,
0.2));
#10026=CARTESIAN_POINT('Ctrl Pts',(-0.473994203758132,-3.05494342296094,
0.2));
#10027=CARTESIAN_POINT('Ctrl Pts',(-0.463541780188741,-3.19526866002335,
0.2));
#10028=CARTESIAN_POINT('Ctrl Pts',(-0.392924448385281,-3.29563083164543,
0.2));
#10029=CARTESIAN_POINT('Ctrl Pts',(-0.312727362802138,-3.33260652020809,
0.2));
#10030=CARTESIAN_POINT('Ctrl Pts',(-0.130677760076516,-3.34793357587949,
0.2));
#10031=CARTESIAN_POINT('Ctrl Pts',(-0.0419266642914213,-3.34211986510758,
0.2));
#10032=CARTESIAN_POINT('Ctrl Pts',(0.0281433224755669,-3.34359971875861,
0.2));
#10033=CARTESIAN_POINT('',(0.0281433224755669,-3.34359971875861,0.2));
#10034=CARTESIAN_POINT('',(0.780195439739411,-3.27584727576187,0.2));
#10035=CARTESIAN_POINT('Ctrl Pts',(0.780195439739411,-3.27584727576187,
0.2));
#10036=CARTESIAN_POINT('Ctrl Pts',(0.780195439739411,-3.18359971875861,
0.2));
#10037=CARTESIAN_POINT('Ctrl Pts',(0.770814332247554,-3.10855085882376,
0.2));
#10038=CARTESIAN_POINT('Ctrl Pts',(0.751530944625404,-3.05174304123418,
0.2));
#10039=CARTESIAN_POINT('Ctrl Pts',(0.732406190154259,-2.9954025483327,0.2));
#10040=CARTESIAN_POINT('Ctrl Pts',(0.704104234527684,-2.95167789465438,
0.2));
#10041=CARTESIAN_POINT('Ctrl Pts',(0.666579804560257,-2.92144988162506,
0.2));
#10042=CARTESIAN_POINT('Ctrl Pts',(0.628800763345976,-2.89101676509133,
0.2));
#10043=CARTESIAN_POINT('Ctrl Pts',(0.581628664495111,-2.87558668944265,
0.2));
#10044=CARTESIAN_POINT('Ctrl Pts',(0.48260586319218,-2.87558668944265,0.2));
#10045=CARTESIAN_POINT('Ctrl Pts',(0.445602605863189,-2.88392545165763,
0.2));
#10046=CARTESIAN_POINT('Ctrl Pts',(0.413811074918564,-2.90112414872604,
0.2));
#10047=CARTESIAN_POINT('Ctrl Pts',(0.381834478928938,-2.91842296294993,
0.2));
#10048=CARTESIAN_POINT('Ctrl Pts',(0.355439739413678,-2.94229678716252,
0.2));
#10049=CARTESIAN_POINT('Ctrl Pts',(0.335114006514655,-2.97408831810715,
0.2));
#10050=CARTESIAN_POINT('Ctrl Pts',(0.314551747536495,-3.00624980009863,
0.2));
#10051=CARTESIAN_POINT('Ctrl Pts',(0.298631921824102,-3.04496779693451,
0.2));
#10052=CARTESIAN_POINT('Ctrl Pts',(0.286644951140062,-3.09083098911692,
0.2));
#10053=CARTESIAN_POINT('Ctrl Pts',(0.274691305770387,-3.13656667574872,
0.2));
#10054=CARTESIAN_POINT('Ctrl Pts',(0.268925081433222,-3.19819255263483,
0.2));
#10055=CARTESIAN_POINT('Ctrl Pts',(0.268925081433222,-3.36809483276513,
0.2));
#10056=CARTESIAN_POINT('Ctrl Pts',(0.278306188925078,-3.44210134742311,
0.2));
#10057=CARTESIAN_POINT('Ctrl Pts',(0.297589576547228,-3.49890916501268,
0.2));
#10058=CARTESIAN_POINT('Ctrl Pts',(0.316819116219037,-3.55555834945126,
0.2));
#10059=CARTESIAN_POINT('Ctrl Pts',(0.344495114006512,-3.59949548423092,
0.2));
#10060=CARTESIAN_POINT('Ctrl Pts',(0.382019543973939,-3.62972349726024,
0.2));
#10061=CARTESIAN_POINT('Ctrl Pts',(0.419798585188219,-3.66015661379397,
0.2));
#10062=CARTESIAN_POINT('Ctrl Pts',(0.467491856677521,-3.67558668944265,
0.2));
#10063=CARTESIAN_POINT('Ctrl Pts',(0.600390879478824,-3.67558668944265,
0.2));
#10064=CARTESIAN_POINT('Ctrl Pts',(0.659283387622147,-3.64900688488239,
0.2));
#10065=CARTESIAN_POINT('Ctrl Pts',(0.702540716612375,-3.59532610312343,
0.2));
#10066=CARTESIAN_POINT('Ctrl Pts',(0.754937509842909,-3.53030357658434,
0.2));
#10067=CARTESIAN_POINT('Ctrl Pts',(0.780195439739411,-3.42333913243939,
0.2));
#10068=CARTESIAN_POINT('Ctrl Pts',(0.780195439739411,-3.27584727576187,
0.2));
#10069=CARTESIAN_POINT('',(1.02097719869707,-3.23728050051757,0.2));
#10070=CARTESIAN_POINT('',(1.38840390879479,-3.45513066338402,0.2));
#10071=CARTESIAN_POINT('Ctrl Pts',(1.02097719869707,-3.23728050051757,0.2));
#10072=CARTESIAN_POINT('Ctrl Pts',(0.925350260032373,-3.2588482716737,0.2));
#10073=CARTESIAN_POINT('Ctrl Pts',(0.854015835158629,-3.3699583072018,0.2));
#10074=CARTESIAN_POINT('Ctrl Pts',(0.895700764493866,-3.56876288991997,
0.2));
#10075=CARTESIAN_POINT('Ctrl Pts',(1.02702937380446,-3.67601519103874,0.2));
#10076=CARTESIAN_POINT('Ctrl Pts',(1.26212365918645,-3.68966984206938,0.2));
#10077=CARTESIAN_POINT('Ctrl Pts',(1.38097316873466,-3.56182216518259,0.2));
#10078=CARTESIAN_POINT('Ctrl Pts',(1.38840390879479,-3.45513066338402,0.2));
#10079=CARTESIAN_POINT('',(1.29250814332247,-3.44262252006154,0.2));
#10080=CARTESIAN_POINT('',(1.38840390879479,-3.45513066338402,0.2));
#10081=CARTESIAN_POINT('',(1.19869706840391,-3.29096128227653,0.2));
#10082=CARTESIAN_POINT('Ctrl Pts',(1.29250814332247,-3.44262252006154,0.2));
#10083=CARTESIAN_POINT('Ctrl Pts',(1.2812444109006,-3.53388176668377,0.2));
#10084=CARTESIAN_POINT('Ctrl Pts',(1.18734840564434,-3.62762875674959,0.2));
#10085=CARTESIAN_POINT('Ctrl Pts',(1.00498950147092,-3.56191371254264,0.2));
#10086=CARTESIAN_POINT('Ctrl Pts',(0.962180909441334,-3.43149204608385,
0.2));
#10087=CARTESIAN_POINT('Ctrl Pts',(1.02085436901477,-3.2898846618427,0.2));
#10088=CARTESIAN_POINT('Ctrl Pts',(1.11341595724695,-3.26933314605514,0.2));
#10089=CARTESIAN_POINT('Ctrl Pts',(1.19869706840391,-3.29096128227653,0.2));
#10090=CARTESIAN_POINT('',(1.18827361563518,-3.20653131484982,0.2));
#10091=CARTESIAN_POINT('',(1.19869706840391,-3.29096128227653,0.2));
#10092=CARTESIAN_POINT('',(1.28208469055374,-3.09500037022441,0.2));
#10093=CARTESIAN_POINT('Ctrl Pts',(1.18827361563518,-3.20653131484982,0.2));
#10094=CARTESIAN_POINT('Ctrl Pts',(1.12947377837707,-3.20818004514082,0.2));
#10095=CARTESIAN_POINT('Ctrl Pts',(1.03737040849922,-3.18746349319011,0.2));
#10096=CARTESIAN_POINT('Ctrl Pts',(0.999939845328395,-3.06760851975203,
0.2));
#10097=CARTESIAN_POINT('Ctrl Pts',(1.04782114139183,-2.96300221320861,0.2));
#10098=CARTESIAN_POINT('Ctrl Pts',(1.19436504925748,-2.93844468584101,0.2));
#10099=CARTESIAN_POINT('Ctrl Pts',(1.27177494731214,-3.00967881058733,0.2));
#10100=CARTESIAN_POINT('Ctrl Pts',(1.28208469055374,-3.09500037022441,0.2));
#10101=CARTESIAN_POINT('',(1.37798045602606,-3.07832284579444,0.2));
#10102=CARTESIAN_POINT('',(1.28208469055374,-3.09500037022441,0.2));
#10103=CARTESIAN_POINT('Ctrl Pts',(1.37798045602606,-3.07832284579444,0.2));
#10104=CARTESIAN_POINT('Ctrl Pts',(1.36120763353887,-2.98236222769021,0.2));
#10105=CARTESIAN_POINT('Ctrl Pts',(1.27444040507908,-2.87493085058651,0.2));
#10106=CARTESIAN_POINT('Ctrl Pts',(1.06789483818147,-2.87169082650799,0.2));
#10107=CARTESIAN_POINT('Ctrl Pts',(0.951238948954167,-2.94091369319719,
0.2));
#10108=CARTESIAN_POINT('Ctrl Pts',(0.887591267981942,-3.09838126735176,
0.2));
#10109=CARTESIAN_POINT('Ctrl Pts',(0.947312748331597,-3.21022611519582,
0.2));
#10110=CARTESIAN_POINT('Ctrl Pts',(1.02097719869707,-3.23728050051757,0.2));
#10111=CARTESIAN_POINT('',(1.7157003257329,-3.66255737348174,0.2));
#10112=CARTESIAN_POINT('',(1.81941368078176,-3.66255737348174,0.2));
#10113=CARTESIAN_POINT('',(1.7157003257329,-3.66255737348174,0.2));
#10114=CARTESIAN_POINT('',(1.81941368078176,-2.97096128227653,0.2));
#10115=CARTESIAN_POINT('',(1.81941368078176,-3.66255737348174,0.2));
#10116=CARTESIAN_POINT('',(2.07739413680781,-2.97096128227653,0.2));
#10117=CARTESIAN_POINT('',(1.81941368078176,-2.97096128227653,0.2));
#10118=CARTESIAN_POINT('',(2.07739413680781,-2.87871372527327,0.2));
#10119=CARTESIAN_POINT('',(2.07739413680781,-2.97096128227653,0.2));
#10120=CARTESIAN_POINT('',(1.45771986970684,-2.87871372527327,0.2));
#10121=CARTESIAN_POINT('',(2.07739413680781,-2.87871372527327,0.2));
#10122=CARTESIAN_POINT('',(1.45771986970684,-2.97096128227653,0.2));
#10123=CARTESIAN_POINT('',(1.45771986970684,-2.87871372527327,0.2));
#10124=CARTESIAN_POINT('',(1.7157003257329,-2.97096128227653,0.2));
#10125=CARTESIAN_POINT('',(1.45771986970684,-2.97096128227653,0.2));
#10126=CARTESIAN_POINT('',(1.7157003257329,-2.97096128227653,0.2));
#10127=CARTESIAN_POINT('',(2.70332247557003,-3.66255737348174,0.2));
#10128=CARTESIAN_POINT('',(2.82788273615635,-3.66255737348174,0.2));
#10129=CARTESIAN_POINT('',(2.70332247557003,-3.66255737348174,0.2));
#10130=CARTESIAN_POINT('',(2.52456026058632,-3.25552154286285,0.2));
#10131=CARTESIAN_POINT('',(2.82788273615635,-3.66255737348174,0.2));
#10132=CARTESIAN_POINT('',(2.79192182410423,-2.87871372527327,0.2));
#10133=CARTESIAN_POINT('',(2.52456026058632,-3.25552154286285,0.2));
#10134=CARTESIAN_POINT('',(2.66892508143322,-2.87871372527327,0.2));
#10135=CARTESIAN_POINT('',(2.79192182410423,-2.87871372527327,0.2));
#10136=CARTESIAN_POINT('',(2.46358306188925,-3.17526095654363,0.2));
#10137=CARTESIAN_POINT('Ctrl Pts',(2.66892508143322,-2.87871372527327,0.2));
#10138=CARTESIAN_POINT('Ctrl Pts',(2.63857613406395,-2.92118717896071,0.2));
#10139=CARTESIAN_POINT('Ctrl Pts',(2.59081332754709,-2.988091220099,0.2));
#10140=CARTESIAN_POINT('Ctrl Pts',(2.52611795576343,-3.0786183455381,0.2));
#10141=CARTESIAN_POINT('Ctrl Pts',(2.47242168530314,-3.15393371952908,0.2));
#10142=CARTESIAN_POINT('Ctrl Pts',(2.46358306188925,-3.17526095654363,0.2));
#10143=CARTESIAN_POINT('',(2.24416938110749,-2.87871372527327,0.2));
#10144=CARTESIAN_POINT('',(2.46358306188925,-3.17526095654363,0.2));
#10145=CARTESIAN_POINT('',(2.13107491856677,-2.87871372527327,0.2));
#10146=CARTESIAN_POINT('',(2.24416938110749,-2.87871372527327,0.2));
#10147=CARTESIAN_POINT('',(2.40312703583062,-3.25135216175535,0.2));
#10148=CARTESIAN_POINT('',(2.13107491856677,-2.87871372527327,0.2));
#10149=CARTESIAN_POINT('',(2.10970684039088,-3.66255737348174,0.2));
#10150=CARTESIAN_POINT('',(2.40312703583062,-3.25135216175535,0.2));
#10151=CARTESIAN_POINT('',(2.23635179153094,-3.66255737348174,0.2));
#10152=CARTESIAN_POINT('',(2.10970684039088,-3.66255737348174,0.2));
#10153=CARTESIAN_POINT('',(2.4672312703583,-3.33526095654363,0.2));
#10154=CARTESIAN_POINT('',(2.23635179153094,-3.66255737348174,0.2));
#10155=CARTESIAN_POINT('Ctrl Pts',(2.4672312703583,-3.33526095654363,0.2));
#10156=CARTESIAN_POINT('Ctrl Pts',(2.49448583325841,-3.3784012618628,0.2));
#10157=CARTESIAN_POINT('Ctrl Pts',(2.52517053809227,-3.41663722818795,0.2));
#10158=CARTESIAN_POINT('Ctrl Pts',(2.61047193630132,-3.53464284487727,0.2));
#10159=CARTESIAN_POINT('Ctrl Pts',(2.6623588501476,-3.60613030501657,0.2));
#10160=CARTESIAN_POINT('Ctrl Pts',(2.70332247557003,-3.66255737348174,0.2));
#10161=CARTESIAN_POINT('Origin',(2.70332247557003,-3.66255737348174,0.1));
#10162=CARTESIAN_POINT('',(2.70332247557003,-3.66255737348174,0.1));
#10163=CARTESIAN_POINT('',(2.70332247557003,-3.66255737348174,0.1));
#10164=CARTESIAN_POINT('',(2.82788273615635,-3.66255737348174,0.1));
#10165=CARTESIAN_POINT('',(2.70332247557003,-3.66255737348174,0.1));
#10166=CARTESIAN_POINT('',(2.82788273615635,-3.66255737348174,0.1));
#10167=CARTESIAN_POINT('Origin',(2.82788273615635,-3.66255737348174,0.1));
#10168=CARTESIAN_POINT('',(2.52456026058632,-3.25552154286285,0.1));
#10169=CARTESIAN_POINT('',(2.82788273615635,-3.66255737348174,0.1));
#10170=CARTESIAN_POINT('',(2.52456026058632,-3.25552154286285,0.1));
#10171=CARTESIAN_POINT('Origin',(2.52456026058632,-3.25552154286285,0.1));
#10172=CARTESIAN_POINT('',(2.79192182410423,-2.87871372527327,0.1));
#10173=CARTESIAN_POINT('',(2.52456026058632,-3.25552154286285,0.1));
#10174=CARTESIAN_POINT('',(2.79192182410423,-2.87871372527327,0.1));
#10175=CARTESIAN_POINT('Origin',(2.79192182410423,-2.87871372527327,0.1));
#10176=CARTESIAN_POINT('',(2.66892508143322,-2.87871372527327,0.1));
#10177=CARTESIAN_POINT('',(2.79192182410423,-2.87871372527327,0.1));
#10178=CARTESIAN_POINT('',(2.66892508143322,-2.87871372527327,0.1));
#10179=CARTESIAN_POINT('Ctrl Pts',(2.66892508143322,-2.87871372527327,0.1));
#10180=CARTESIAN_POINT('Ctrl Pts',(2.66892508143322,-2.87871372527327,0.22));
#10181=CARTESIAN_POINT('Ctrl Pts',(2.63857613406395,-2.92118717896071,0.1));
#10182=CARTESIAN_POINT('Ctrl Pts',(2.63857613406395,-2.92118717896071,0.22));
#10183=CARTESIAN_POINT('Ctrl Pts',(2.59081332754709,-2.988091220099,0.1));
#10184=CARTESIAN_POINT('Ctrl Pts',(2.59081332754709,-2.988091220099,0.22));
#10185=CARTESIAN_POINT('Ctrl Pts',(2.52611795576343,-3.0786183455381,0.1));
#10186=CARTESIAN_POINT('Ctrl Pts',(2.52611795576343,-3.0786183455381,0.22));
#10187=CARTESIAN_POINT('Ctrl Pts',(2.47242168530314,-3.15393371952908,0.1));
#10188=CARTESIAN_POINT('Ctrl Pts',(2.47242168530314,-3.15393371952908,0.22));
#10189=CARTESIAN_POINT('Ctrl Pts',(2.46358306188925,-3.17526095654363,0.1));
#10190=CARTESIAN_POINT('Ctrl Pts',(2.46358306188925,-3.17526095654363,0.22));
#10191=CARTESIAN_POINT('',(2.46358306188925,-3.17526095654363,0.1));
#10192=CARTESIAN_POINT('Ctrl Pts',(2.66892508143322,-2.87871372527327,0.1));
#10193=CARTESIAN_POINT('Ctrl Pts',(2.63857613406395,-2.92118717896071,0.1));
#10194=CARTESIAN_POINT('Ctrl Pts',(2.59081332754709,-2.988091220099,0.1));
#10195=CARTESIAN_POINT('Ctrl Pts',(2.52611795576343,-3.0786183455381,0.1));
#10196=CARTESIAN_POINT('Ctrl Pts',(2.47242168530314,-3.15393371952908,0.1));
#10197=CARTESIAN_POINT('Ctrl Pts',(2.46358306188925,-3.17526095654363,0.1));
#10198=CARTESIAN_POINT('',(2.46358306188925,-3.17526095654363,0.1));
#10199=CARTESIAN_POINT('Origin',(2.35387622149837,-3.02698734090845,0.1));
#10200=CARTESIAN_POINT('',(2.24416938110749,-2.87871372527327,0.1));
#10201=CARTESIAN_POINT('',(2.46358306188925,-3.17526095654363,0.1));
#10202=CARTESIAN_POINT('',(2.24416938110749,-2.87871372527327,0.1));
#10203=CARTESIAN_POINT('Origin',(2.24416938110749,-2.87871372527327,0.1));
#10204=CARTESIAN_POINT('',(2.13107491856677,-2.87871372527327,0.1));
#10205=CARTESIAN_POINT('',(2.24416938110749,-2.87871372527327,0.1));
#10206=CARTESIAN_POINT('',(2.13107491856677,-2.87871372527327,0.1));
#10207=CARTESIAN_POINT('Origin',(2.13107491856677,-2.87871372527327,0.1));
#10208=CARTESIAN_POINT('',(2.40312703583062,-3.25135216175535,0.1));
#10209=CARTESIAN_POINT('',(2.13107491856677,-2.87871372527327,0.1));
#10210=CARTESIAN_POINT('',(2.40312703583062,-3.25135216175535,0.1));
#10211=CARTESIAN_POINT('Origin',(2.40312703583062,-3.25135216175535,0.1));
#10212=CARTESIAN_POINT('',(2.10970684039088,-3.66255737348174,0.1));
#10213=CARTESIAN_POINT('',(2.40312703583062,-3.25135216175535,0.1));
#10214=CARTESIAN_POINT('',(2.10970684039088,-3.66255737348174,0.1));
#10215=CARTESIAN_POINT('Origin',(2.10970684039088,-3.66255737348174,0.1));
#10216=CARTESIAN_POINT('',(2.23635179153094,-3.66255737348174,0.1));
#10217=CARTESIAN_POINT('',(2.10970684039088,-3.66255737348174,0.1));
#10218=CARTESIAN_POINT('',(2.23635179153094,-3.66255737348174,0.1));
#10219=CARTESIAN_POINT('Origin',(2.35179153094462,-3.49890916501268,0.1));
#10220=CARTESIAN_POINT('',(2.4672312703583,-3.33526095654363,0.1));
#10221=CARTESIAN_POINT('',(2.23635179153094,-3.66255737348174,0.1));
#10222=CARTESIAN_POINT('',(2.4672312703583,-3.33526095654363,0.1));
#10223=CARTESIAN_POINT('Ctrl Pts',(2.4672312703583,-3.33526095654363,0.1));
#10224=CARTESIAN_POINT('Ctrl Pts',(2.4672312703583,-3.33526095654363,0.22));
#10225=CARTESIAN_POINT('Ctrl Pts',(2.49448583325841,-3.3784012618628,0.1));
#10226=CARTESIAN_POINT('Ctrl Pts',(2.49448583325841,-3.3784012618628,0.22));
#10227=CARTESIAN_POINT('Ctrl Pts',(2.52517053809227,-3.41663722818795,0.1));
#10228=CARTESIAN_POINT('Ctrl Pts',(2.52517053809227,-3.41663722818795,0.22));
#10229=CARTESIAN_POINT('Ctrl Pts',(2.61047193630132,-3.53464284487727,0.1));
#10230=CARTESIAN_POINT('Ctrl Pts',(2.61047193630132,-3.53464284487727,0.22));
#10231=CARTESIAN_POINT('Ctrl Pts',(2.6623588501476,-3.60613030501657,0.1));
#10232=CARTESIAN_POINT('Ctrl Pts',(2.6623588501476,-3.60613030501657,0.22));
#10233=CARTESIAN_POINT('Ctrl Pts',(2.70332247557003,-3.66255737348174,0.1));
#10234=CARTESIAN_POINT('Ctrl Pts',(2.70332247557003,-3.66255737348174,0.22));
#10235=CARTESIAN_POINT('Ctrl Pts',(2.4672312703583,-3.33526095654363,0.1));
#10236=CARTESIAN_POINT('Ctrl Pts',(2.49448583325841,-3.3784012618628,0.1));
#10237=CARTESIAN_POINT('Ctrl Pts',(2.52517053809227,-3.41663722818795,0.1));
#10238=CARTESIAN_POINT('Ctrl Pts',(2.61047193630132,-3.53464284487727,0.1));
#10239=CARTESIAN_POINT('Ctrl Pts',(2.6623588501476,-3.60613030501657,0.1));
#10240=CARTESIAN_POINT('Ctrl Pts',(2.70332247557003,-3.66255737348174,0.1));
#10241=CARTESIAN_POINT('Origin',(2.56404917549925,-3.02553999358083,0.1));
#10242=CARTESIAN_POINT('Origin',(1.7157003257329,-3.66255737348174,0.1));
#10243=CARTESIAN_POINT('',(1.7157003257329,-3.66255737348174,0.1));
#10244=CARTESIAN_POINT('',(1.7157003257329,-3.66255737348174,0.1));
#10245=CARTESIAN_POINT('',(1.81941368078176,-3.66255737348174,0.1));
#10246=CARTESIAN_POINT('',(1.7157003257329,-3.66255737348174,0.1));
#10247=CARTESIAN_POINT('',(1.81941368078176,-3.66255737348174,0.1));
#10248=CARTESIAN_POINT('Origin',(1.81941368078176,-3.66255737348174,0.1));
#10249=CARTESIAN_POINT('',(1.81941368078176,-2.97096128227653,0.1));
#10250=CARTESIAN_POINT('',(1.81941368078176,-3.66255737348174,0.1));
#10251=CARTESIAN_POINT('',(1.81941368078176,-2.97096128227653,0.1));
#10252=CARTESIAN_POINT('Origin',(1.81941368078176,-2.97096128227653,0.1));
#10253=CARTESIAN_POINT('',(2.07739413680781,-2.97096128227653,0.1));
#10254=CARTESIAN_POINT('',(1.81941368078176,-2.97096128227653,0.1));
#10255=CARTESIAN_POINT('',(2.07739413680781,-2.97096128227653,0.1));
#10256=CARTESIAN_POINT('Origin',(2.07739413680781,-2.97096128227653,0.1));
#10257=CARTESIAN_POINT('',(2.07739413680781,-2.87871372527327,0.1));
#10258=CARTESIAN_POINT('',(2.07739413680781,-2.97096128227653,0.1));
#10259=CARTESIAN_POINT('',(2.07739413680781,-2.87871372527327,0.1));
#10260=CARTESIAN_POINT('Origin',(2.07739413680781,-2.87871372527327,0.1));
#10261=CARTESIAN_POINT('',(1.45771986970684,-2.87871372527327,0.1));
#10262=CARTESIAN_POINT('',(2.07739413680781,-2.87871372527327,0.1));
#10263=CARTESIAN_POINT('',(1.45771986970684,-2.87871372527327,0.1));
#10264=CARTESIAN_POINT('Origin',(1.45771986970684,-2.87871372527327,0.1));
#10265=CARTESIAN_POINT('',(1.45771986970684,-2.97096128227653,0.1));
#10266=CARTESIAN_POINT('',(1.45771986970684,-2.87871372527327,0.1));
#10267=CARTESIAN_POINT('',(1.45771986970684,-2.97096128227653,0.1));
#10268=CARTESIAN_POINT('Origin',(1.45771986970684,-2.97096128227653,0.1));
#10269=CARTESIAN_POINT('',(1.7157003257329,-2.97096128227653,0.1));
#10270=CARTESIAN_POINT('',(1.45771986970684,-2.97096128227653,0.1));
#10271=CARTESIAN_POINT('',(1.7157003257329,-2.97096128227653,0.1));
#10272=CARTESIAN_POINT('Origin',(1.7157003257329,-2.97096128227653,0.1));
#10273=CARTESIAN_POINT('',(1.7157003257329,-2.97096128227653,0.1));
#10274=CARTESIAN_POINT('Origin',(1.76755700325733,-3.66255737348174,0.1));
#10275=CARTESIAN_POINT('Ctrl Pts',(1.02097719869707,-3.23728050051757,0.1));
#10276=CARTESIAN_POINT('Ctrl Pts',(1.02097719869707,-3.23728050051757,0.22));
#10277=CARTESIAN_POINT('Ctrl Pts',(0.925350260032373,-3.2588482716737,0.1));
#10278=CARTESIAN_POINT('Ctrl Pts',(0.925350260032373,-3.2588482716737,0.22));
#10279=CARTESIAN_POINT('Ctrl Pts',(0.854015835158629,-3.3699583072018,0.1));
#10280=CARTESIAN_POINT('Ctrl Pts',(0.854015835158629,-3.3699583072018,0.22));
#10281=CARTESIAN_POINT('Ctrl Pts',(0.895700764493866,-3.56876288991997,
0.1));
#10282=CARTESIAN_POINT('Ctrl Pts',(0.895700764493866,-3.56876288991997,
0.22));
#10283=CARTESIAN_POINT('Ctrl Pts',(1.02702937380446,-3.67601519103874,0.1));
#10284=CARTESIAN_POINT('Ctrl Pts',(1.02702937380446,-3.67601519103874,0.22));
#10285=CARTESIAN_POINT('Ctrl Pts',(1.26212365918645,-3.68966984206938,0.1));
#10286=CARTESIAN_POINT('Ctrl Pts',(1.26212365918645,-3.68966984206938,0.22));
#10287=CARTESIAN_POINT('Ctrl Pts',(1.38097316873466,-3.56182216518259,0.1));
#10288=CARTESIAN_POINT('Ctrl Pts',(1.38097316873466,-3.56182216518259,0.22));
#10289=CARTESIAN_POINT('Ctrl Pts',(1.38840390879479,-3.45513066338402,0.1));
#10290=CARTESIAN_POINT('Ctrl Pts',(1.38840390879479,-3.45513066338402,0.22));
#10291=CARTESIAN_POINT('',(1.02097719869707,-3.23728050051757,0.1));
#10292=CARTESIAN_POINT('',(1.02097719869707,-3.23728050051757,0.1));
#10293=CARTESIAN_POINT('',(1.38840390879479,-3.45513066338402,0.1));
#10294=CARTESIAN_POINT('Ctrl Pts',(1.02097719869707,-3.23728050051757,0.1));
#10295=CARTESIAN_POINT('Ctrl Pts',(0.925350260032373,-3.2588482716737,0.1));
#10296=CARTESIAN_POINT('Ctrl Pts',(0.854015835158629,-3.3699583072018,0.1));
#10297=CARTESIAN_POINT('Ctrl Pts',(0.895700764493866,-3.56876288991997,
0.1));
#10298=CARTESIAN_POINT('Ctrl Pts',(1.02702937380446,-3.67601519103874,0.1));
#10299=CARTESIAN_POINT('Ctrl Pts',(1.26212365918645,-3.68966984206938,0.1));
#10300=CARTESIAN_POINT('Ctrl Pts',(1.38097316873466,-3.56182216518259,0.1));
#10301=CARTESIAN_POINT('Ctrl Pts',(1.38840390879479,-3.45513066338402,0.1));
#10302=CARTESIAN_POINT('',(1.38840390879479,-3.45513066338402,0.1));
#10303=CARTESIAN_POINT('Origin',(1.38840390879479,-3.45513066338402,0.1));
#10304=CARTESIAN_POINT('',(1.29250814332247,-3.44262252006154,0.1));
#10305=CARTESIAN_POINT('',(1.38840390879479,-3.45513066338402,0.1));
#10306=CARTESIAN_POINT('',(1.29250814332247,-3.44262252006154,0.1));
#10307=CARTESIAN_POINT('Ctrl Pts',(1.29250814332247,-3.44262252006154,0.1));
#10308=CARTESIAN_POINT('Ctrl Pts',(1.29250814332247,-3.44262252006154,0.22));
#10309=CARTESIAN_POINT('Ctrl Pts',(1.2812444109006,-3.53388176668377,0.1));
#10310=CARTESIAN_POINT('Ctrl Pts',(1.2812444109006,-3.53388176668377,0.22));
#10311=CARTESIAN_POINT('Ctrl Pts',(1.18734840564434,-3.62762875674959,0.1));
#10312=CARTESIAN_POINT('Ctrl Pts',(1.18734840564434,-3.62762875674959,0.22));
#10313=CARTESIAN_POINT('Ctrl Pts',(1.00498950147092,-3.56191371254264,0.1));
#10314=CARTESIAN_POINT('Ctrl Pts',(1.00498950147092,-3.56191371254264,0.22));
#10315=CARTESIAN_POINT('Ctrl Pts',(0.962180909441334,-3.43149204608385,
0.1));
#10316=CARTESIAN_POINT('Ctrl Pts',(0.962180909441334,-3.43149204608385,
0.22));
#10317=CARTESIAN_POINT('Ctrl Pts',(1.02085436901477,-3.2898846618427,0.1));
#10318=CARTESIAN_POINT('Ctrl Pts',(1.02085436901477,-3.2898846618427,0.22));
#10319=CARTESIAN_POINT('Ctrl Pts',(1.11341595724695,-3.26933314605514,0.1));
#10320=CARTESIAN_POINT('Ctrl Pts',(1.11341595724695,-3.26933314605514,0.22));
#10321=CARTESIAN_POINT('Ctrl Pts',(1.19869706840391,-3.29096128227653,0.1));
#10322=CARTESIAN_POINT('Ctrl Pts',(1.19869706840391,-3.29096128227653,0.22));
#10323=CARTESIAN_POINT('',(1.19869706840391,-3.29096128227653,0.1));
#10324=CARTESIAN_POINT('Ctrl Pts',(1.29250814332247,-3.44262252006154,0.1));
#10325=CARTESIAN_POINT('Ctrl Pts',(1.2812444109006,-3.53388176668377,0.1));
#10326=CARTESIAN_POINT('Ctrl Pts',(1.18734840564434,-3.62762875674959,0.1));
#10327=CARTESIAN_POINT('Ctrl Pts',(1.00498950147092,-3.56191371254264,0.1));
#10328=CARTESIAN_POINT('Ctrl Pts',(0.962180909441334,-3.43149204608385,
0.1));
#10329=CARTESIAN_POINT('Ctrl Pts',(1.02085436901477,-3.2898846618427,0.1));
#10330=CARTESIAN_POINT('Ctrl Pts',(1.11341595724695,-3.26933314605514,0.1));
#10331=CARTESIAN_POINT('Ctrl Pts',(1.19869706840391,-3.29096128227653,0.1));
#10332=CARTESIAN_POINT('',(1.19869706840391,-3.29096128227653,0.1));
#10333=CARTESIAN_POINT('Origin',(1.19869706840391,-3.29096128227653,0.1));
#10334=CARTESIAN_POINT('',(1.18827361563518,-3.20653131484982,0.1));
#10335=CARTESIAN_POINT('',(1.19869706840391,-3.29096128227653,0.1));
#10336=CARTESIAN_POINT('',(1.18827361563518,-3.20653131484982,0.1));
#10337=CARTESIAN_POINT('Ctrl Pts',(1.18827361563518,-3.20653131484982,0.1));
#10338=CARTESIAN_POINT('Ctrl Pts',(1.18827361563518,-3.20653131484982,0.22));
#10339=CARTESIAN_POINT('Ctrl Pts',(1.12947377837707,-3.20818004514082,0.1));
#10340=CARTESIAN_POINT('Ctrl Pts',(1.12947377837707,-3.20818004514082,0.22));
#10341=CARTESIAN_POINT('Ctrl Pts',(1.03737040849922,-3.18746349319011,0.1));
#10342=CARTESIAN_POINT('Ctrl Pts',(1.03737040849922,-3.18746349319011,0.22));
#10343=CARTESIAN_POINT('Ctrl Pts',(0.999939845328395,-3.06760851975203,
0.1));
#10344=CARTESIAN_POINT('Ctrl Pts',(0.999939845328395,-3.06760851975203,
0.22));
#10345=CARTESIAN_POINT('Ctrl Pts',(1.04782114139183,-2.96300221320861,0.1));
#10346=CARTESIAN_POINT('Ctrl Pts',(1.04782114139183,-2.96300221320861,0.22));
#10347=CARTESIAN_POINT('Ctrl Pts',(1.19436504925748,-2.93844468584101,0.1));
#10348=CARTESIAN_POINT('Ctrl Pts',(1.19436504925748,-2.93844468584101,0.22));
#10349=CARTESIAN_POINT('Ctrl Pts',(1.27177494731214,-3.00967881058733,0.1));
#10350=CARTESIAN_POINT('Ctrl Pts',(1.27177494731214,-3.00967881058733,0.22));
#10351=CARTESIAN_POINT('Ctrl Pts',(1.28208469055374,-3.09500037022441,0.1));
#10352=CARTESIAN_POINT('Ctrl Pts',(1.28208469055374,-3.09500037022441,0.22));
#10353=CARTESIAN_POINT('',(1.28208469055374,-3.09500037022441,0.1));
#10354=CARTESIAN_POINT('Ctrl Pts',(1.18827361563518,-3.20653131484982,0.1));
#10355=CARTESIAN_POINT('Ctrl Pts',(1.12947377837707,-3.20818004514082,0.1));
#10356=CARTESIAN_POINT('Ctrl Pts',(1.03737040849922,-3.18746349319011,0.1));
#10357=CARTESIAN_POINT('Ctrl Pts',(0.999939845328395,-3.06760851975203,
0.1));
#10358=CARTESIAN_POINT('Ctrl Pts',(1.04782114139183,-2.96300221320861,0.1));
#10359=CARTESIAN_POINT('Ctrl Pts',(1.19436504925748,-2.93844468584101,0.1));
#10360=CARTESIAN_POINT('Ctrl Pts',(1.27177494731214,-3.00967881058733,0.1));
#10361=CARTESIAN_POINT('Ctrl Pts',(1.28208469055374,-3.09500037022441,0.1));
#10362=CARTESIAN_POINT('',(1.28208469055374,-3.09500037022441,0.1));
#10363=CARTESIAN_POINT('Origin',(1.28208469055374,-3.09500037022441,0.1));
#10364=CARTESIAN_POINT('',(1.37798045602606,-3.07832284579444,0.1));
#10365=CARTESIAN_POINT('',(1.28208469055374,-3.09500037022441,0.1));
#10366=CARTESIAN_POINT('',(1.37798045602606,-3.07832284579444,0.1));
#10367=CARTESIAN_POINT('Ctrl Pts',(1.37798045602606,-3.07832284579444,0.1));
#10368=CARTESIAN_POINT('Ctrl Pts',(1.37798045602606,-3.07832284579444,0.22));
#10369=CARTESIAN_POINT('Ctrl Pts',(1.36120763353887,-2.98236222769021,0.1));
#10370=CARTESIAN_POINT('Ctrl Pts',(1.36120763353887,-2.98236222769021,0.22));
#10371=CARTESIAN_POINT('Ctrl Pts',(1.27444040507908,-2.87493085058651,0.1));
#10372=CARTESIAN_POINT('Ctrl Pts',(1.27444040507908,-2.87493085058651,0.22));
#10373=CARTESIAN_POINT('Ctrl Pts',(1.06789483818147,-2.87169082650799,0.1));
#10374=CARTESIAN_POINT('Ctrl Pts',(1.06789483818147,-2.87169082650799,0.22));
#10375=CARTESIAN_POINT('Ctrl Pts',(0.951238948954167,-2.94091369319719,
0.1));
#10376=CARTESIAN_POINT('Ctrl Pts',(0.951238948954167,-2.94091369319719,
0.22));
#10377=CARTESIAN_POINT('Ctrl Pts',(0.887591267981942,-3.09838126735176,
0.1));
#10378=CARTESIAN_POINT('Ctrl Pts',(0.887591267981942,-3.09838126735176,
0.22));
#10379=CARTESIAN_POINT('Ctrl Pts',(0.947312748331597,-3.21022611519582,
0.1));
#10380=CARTESIAN_POINT('Ctrl Pts',(0.947312748331597,-3.21022611519582,
0.22));
#10381=CARTESIAN_POINT('Ctrl Pts',(1.02097719869707,-3.23728050051757,0.1));
#10382=CARTESIAN_POINT('Ctrl Pts',(1.02097719869707,-3.23728050051757,0.22));
#10383=CARTESIAN_POINT('Ctrl Pts',(1.37798045602606,-3.07832284579444,0.1));
#10384=CARTESIAN_POINT('Ctrl Pts',(1.36120763353887,-2.98236222769021,0.1));
#10385=CARTESIAN_POINT('Ctrl Pts',(1.27444040507908,-2.87493085058651,0.1));
#10386=CARTESIAN_POINT('Ctrl Pts',(1.06789483818147,-2.87169082650799,0.1));
#10387=CARTESIAN_POINT('Ctrl Pts',(0.951238948954167,-2.94091369319719,
0.1));
#10388=CARTESIAN_POINT('Ctrl Pts',(0.887591267981942,-3.09838126735176,
0.1));
#10389=CARTESIAN_POINT('Ctrl Pts',(0.947312748331597,-3.21022611519582,
0.1));
#10390=CARTESIAN_POINT('Ctrl Pts',(1.02097719869707,-3.23728050051757,0.1));
#10391=CARTESIAN_POINT('Origin',(0.994674905178543,-3.63910795389593,0.1));
#10392=CARTESIAN_POINT('Ctrl Pts',(0.68117263843648,-3.27636844840031,0.1));
#10393=CARTESIAN_POINT('Ctrl Pts',(0.68117263843648,-3.27636844840031,0.22));
#10394=CARTESIAN_POINT('Ctrl Pts',(0.68117263843648,-3.40561926273255,0.1));
#10395=CARTESIAN_POINT('Ctrl Pts',(0.68117263843648,-3.40561926273255,0.22));
#10396=CARTESIAN_POINT('Ctrl Pts',(0.666058631921821,-3.49109157543614,
0.1));
#10397=CARTESIAN_POINT('Ctrl Pts',(0.666058631921821,-3.49109157543614,
0.22));
#10398=CARTESIAN_POINT('Ctrl Pts',(0.635830618892505,-3.53330655914949,
0.1));
#10399=CARTESIAN_POINT('Ctrl Pts',(0.635830618892505,-3.53330655914949,
0.22));
#10400=CARTESIAN_POINT('Ctrl Pts',(0.605532556059696,-3.57561937103669,
0.1));
#10401=CARTESIAN_POINT('Ctrl Pts',(0.605532556059696,-3.57561937103669,
0.22));
#10402=CARTESIAN_POINT('Ctrl Pts',(0.568599348534199,-3.59688962103874,
0.1));
#10403=CARTESIAN_POINT('Ctrl Pts',(0.568599348534199,-3.59688962103874,
0.22));
#10404=CARTESIAN_POINT('Ctrl Pts',(0.480521172638434,-3.59688962103874,
0.1));
#10405=CARTESIAN_POINT('Ctrl Pts',(0.480521172638434,-3.59688962103874,
0.22));
#10406=CARTESIAN_POINT('Ctrl Pts',(0.443517915309444,-3.57604271550128,
0.1));
#10407=CARTESIAN_POINT('Ctrl Pts',(0.443517915309444,-3.57604271550128,
0.22));
#10408=CARTESIAN_POINT('Ctrl Pts',(0.383061889250811,-3.4905704027977,0.1));
#10409=CARTESIAN_POINT('Ctrl Pts',(0.383061889250811,-3.4905704027977,0.22));
#10410=CARTESIAN_POINT('Ctrl Pts',(0.367947882736154,-3.40509809009412,
0.1));
#10411=CARTESIAN_POINT('Ctrl Pts',(0.367947882736154,-3.40509809009412,
0.22));
#10412=CARTESIAN_POINT('Ctrl Pts',(0.367947882736154,-3.14711763406806,
0.1));
#10413=CARTESIAN_POINT('Ctrl Pts',(0.367947882736154,-3.14711763406806,
0.22));
#10414=CARTESIAN_POINT('Ctrl Pts',(0.383061889250811,-3.06164532136447,
0.1));
#10415=CARTESIAN_POINT('Ctrl Pts',(0.383061889250811,-3.06164532136447,
0.22));
#10416=CARTESIAN_POINT('Ctrl Pts',(0.413289902280128,-3.01890916501268,
0.1));
#10417=CARTESIAN_POINT('Ctrl Pts',(0.413289902280128,-3.01890916501268,
0.22));
#10418=CARTESIAN_POINT('Ctrl Pts',(0.443098414732114,-2.97676609568401,
0.1));
#10419=CARTESIAN_POINT('Ctrl Pts',(0.443098414732114,-2.97676609568401,
0.22));
#10420=CARTESIAN_POINT('Ctrl Pts',(0.480521172638434,-2.95532610312343,
0.1));
#10421=CARTESIAN_POINT('Ctrl Pts',(0.480521172638434,-2.95532610312343,
0.22));
#10422=CARTESIAN_POINT('Ctrl Pts',(0.569641693811072,-2.95532610312343,
0.1));
#10423=CARTESIAN_POINT('Ctrl Pts',(0.569641693811072,-2.95532610312343,
0.22));
#10424=CARTESIAN_POINT('Ctrl Pts',(0.605081433224753,-2.97408831810715,
0.1));
#10425=CARTESIAN_POINT('Ctrl Pts',(0.605081433224753,-2.97408831810715,
0.22));
#10426=CARTESIAN_POINT('Ctrl Pts',(0.631661237785013,-3.01161274807457,
0.1));
#10427=CARTESIAN_POINT('Ctrl Pts',(0.631661237785013,-3.01161274807457,
0.22));
#10428=CARTESIAN_POINT('Ctrl Pts',(0.66524704863399,-3.0590280104496,0.1));
#10429=CARTESIAN_POINT('Ctrl Pts',(0.66524704863399,-3.0590280104496,0.22));
#10430=CARTESIAN_POINT('Ctrl Pts',(0.68117263843648,-3.14763880670649,0.1));
#10431=CARTESIAN_POINT('Ctrl Pts',(0.68117263843648,-3.14763880670649,0.22));
#10432=CARTESIAN_POINT('Ctrl Pts',(0.68117263843648,-3.27636844840031,0.1));
#10433=CARTESIAN_POINT('Ctrl Pts',(0.68117263843648,-3.27636844840031,0.22));
#10434=CARTESIAN_POINT('',(0.68117263843648,-3.27636844840031,0.2));
#10435=CARTESIAN_POINT('Ctrl Pts',(0.68117263843648,-3.27636844840031,0.2));
#10436=CARTESIAN_POINT('Ctrl Pts',(0.68117263843648,-3.40561926273255,0.2));
#10437=CARTESIAN_POINT('Ctrl Pts',(0.666058631921821,-3.49109157543614,
0.2));
#10438=CARTESIAN_POINT('Ctrl Pts',(0.635830618892505,-3.53330655914949,
0.2));
#10439=CARTESIAN_POINT('Ctrl Pts',(0.605532556059696,-3.57561937103669,
0.2));
#10440=CARTESIAN_POINT('Ctrl Pts',(0.568599348534199,-3.59688962103874,
0.2));
#10441=CARTESIAN_POINT('Ctrl Pts',(0.480521172638434,-3.59688962103874,
0.2));
#10442=CARTESIAN_POINT('Ctrl Pts',(0.443517915309444,-3.57604271550128,
0.2));
#10443=CARTESIAN_POINT('Ctrl Pts',(0.383061889250811,-3.4905704027977,0.2));
#10444=CARTESIAN_POINT('Ctrl Pts',(0.367947882736154,-3.40509809009412,
0.2));
#10445=CARTESIAN_POINT('Ctrl Pts',(0.367947882736154,-3.14711763406806,
0.2));
#10446=CARTESIAN_POINT('Ctrl Pts',(0.383061889250811,-3.06164532136447,
0.2));
#10447=CARTESIAN_POINT('Ctrl Pts',(0.413289902280128,-3.01890916501268,
0.2));
#10448=CARTESIAN_POINT('Ctrl Pts',(0.443098414732114,-2.97676609568401,
0.2));
#10449=CARTESIAN_POINT('Ctrl Pts',(0.480521172638434,-2.95532610312343,
0.2));
#10450=CARTESIAN_POINT('Ctrl Pts',(0.569641693811072,-2.95532610312343,
0.2));
#10451=CARTESIAN_POINT('Ctrl Pts',(0.605081433224753,-2.97408831810715,
0.2));
#10452=CARTESIAN_POINT('Ctrl Pts',(0.631661237785013,-3.01161274807457,
0.2));
#10453=CARTESIAN_POINT('Ctrl Pts',(0.66524704863399,-3.0590280104496,0.2));
#10454=CARTESIAN_POINT('Ctrl Pts',(0.68117263843648,-3.14763880670649,0.2));
#10455=CARTESIAN_POINT('Ctrl Pts',(0.68117263843648,-3.27636844840031,0.2));
#10456=CARTESIAN_POINT('',(0.68117263843648,-3.27636844840031,0.1));
#10457=CARTESIAN_POINT('',(0.68117263843648,-3.27636844840031,0.1));
#10458=CARTESIAN_POINT('Ctrl Pts',(0.68117263843648,-3.27636844840031,0.1));
#10459=CARTESIAN_POINT('Ctrl Pts',(0.68117263843648,-3.40561926273255,0.1));
#10460=CARTESIAN_POINT('Ctrl Pts',(0.666058631921821,-3.49109157543614,
0.1));
#10461=CARTESIAN_POINT('Ctrl Pts',(0.635830618892505,-3.53330655914949,
0.1));
#10462=CARTESIAN_POINT('Ctrl Pts',(0.605532556059696,-3.57561937103669,
0.1));
#10463=CARTESIAN_POINT('Ctrl Pts',(0.568599348534199,-3.59688962103874,
0.1));
#10464=CARTESIAN_POINT('Ctrl Pts',(0.480521172638434,-3.59688962103874,
0.1));
#10465=CARTESIAN_POINT('Ctrl Pts',(0.443517915309444,-3.57604271550128,
0.1));
#10466=CARTESIAN_POINT('Ctrl Pts',(0.383061889250811,-3.4905704027977,0.1));
#10467=CARTESIAN_POINT('Ctrl Pts',(0.367947882736154,-3.40509809009412,
0.1));
#10468=CARTESIAN_POINT('Ctrl Pts',(0.367947882736154,-3.14711763406806,
0.1));
#10469=CARTESIAN_POINT('Ctrl Pts',(0.383061889250811,-3.06164532136447,
0.1));
#10470=CARTESIAN_POINT('Ctrl Pts',(0.413289902280128,-3.01890916501268,
0.1));
#10471=CARTESIAN_POINT('Ctrl Pts',(0.443098414732114,-2.97676609568401,
0.1));
#10472=CARTESIAN_POINT('Ctrl Pts',(0.480521172638434,-2.95532610312343,
0.1));
#10473=CARTESIAN_POINT('Ctrl Pts',(0.569641693811072,-2.95532610312343,
0.1));
#10474=CARTESIAN_POINT('Ctrl Pts',(0.605081433224753,-2.97408831810715,
0.1));
#10475=CARTESIAN_POINT('Ctrl Pts',(0.631661237785013,-3.01161274807457,
0.1));
#10476=CARTESIAN_POINT('Ctrl Pts',(0.66524704863399,-3.0590280104496,0.1));
#10477=CARTESIAN_POINT('Ctrl Pts',(0.68117263843648,-3.14763880670649,0.1));
#10478=CARTESIAN_POINT('Ctrl Pts',(0.68117263843648,-3.27636844840031,0.1));
#10479=CARTESIAN_POINT('Ctrl Pts',(0.780195439739411,-3.27584727576187,
0.1));
#10480=CARTESIAN_POINT('Ctrl Pts',(0.780195439739411,-3.27584727576187,
0.22));
#10481=CARTESIAN_POINT('Ctrl Pts',(0.780195439739411,-3.18359971875861,
0.1));
#10482=CARTESIAN_POINT('Ctrl Pts',(0.780195439739411,-3.18359971875861,
0.22));
#10483=CARTESIAN_POINT('Ctrl Pts',(0.770814332247554,-3.10855085882376,
0.1));
#10484=CARTESIAN_POINT('Ctrl Pts',(0.770814332247554,-3.10855085882376,
0.22));
#10485=CARTESIAN_POINT('Ctrl Pts',(0.751530944625404,-3.05174304123418,
0.1));
#10486=CARTESIAN_POINT('Ctrl Pts',(0.751530944625404,-3.05174304123418,
0.22));
#10487=CARTESIAN_POINT('Ctrl Pts',(0.732406190154259,-2.9954025483327,0.1));
#10488=CARTESIAN_POINT('Ctrl Pts',(0.732406190154259,-2.9954025483327,0.22));
#10489=CARTESIAN_POINT('Ctrl Pts',(0.704104234527684,-2.95167789465438,
0.1));
#10490=CARTESIAN_POINT('Ctrl Pts',(0.704104234527684,-2.95167789465438,
0.22));
#10491=CARTESIAN_POINT('Ctrl Pts',(0.666579804560257,-2.92144988162506,
0.1));
#10492=CARTESIAN_POINT('Ctrl Pts',(0.666579804560257,-2.92144988162506,
0.22));
#10493=CARTESIAN_POINT('Ctrl Pts',(0.628800763345976,-2.89101676509133,
0.1));
#10494=CARTESIAN_POINT('Ctrl Pts',(0.628800763345976,-2.89101676509133,
0.22));
#10495=CARTESIAN_POINT('Ctrl Pts',(0.581628664495111,-2.87558668944265,
0.1));
#10496=CARTESIAN_POINT('Ctrl Pts',(0.581628664495111,-2.87558668944265,
0.22));
#10497=CARTESIAN_POINT('Ctrl Pts',(0.48260586319218,-2.87558668944265,0.1));
#10498=CARTESIAN_POINT('Ctrl Pts',(0.48260586319218,-2.87558668944265,0.22));
#10499=CARTESIAN_POINT('Ctrl Pts',(0.445602605863189,-2.88392545165763,
0.1));
#10500=CARTESIAN_POINT('Ctrl Pts',(0.445602605863189,-2.88392545165763,
0.22));
#10501=CARTESIAN_POINT('Ctrl Pts',(0.413811074918564,-2.90112414872604,
0.1));
#10502=CARTESIAN_POINT('Ctrl Pts',(0.413811074918564,-2.90112414872604,
0.22));
#10503=CARTESIAN_POINT('Ctrl Pts',(0.381834478928938,-2.91842296294993,
0.1));
#10504=CARTESIAN_POINT('Ctrl Pts',(0.381834478928938,-2.91842296294993,
0.22));
#10505=CARTESIAN_POINT('Ctrl Pts',(0.355439739413678,-2.94229678716252,
0.1));
#10506=CARTESIAN_POINT('Ctrl Pts',(0.355439739413678,-2.94229678716252,
0.22));
#10507=CARTESIAN_POINT('Ctrl Pts',(0.335114006514655,-2.97408831810715,
0.1));
#10508=CARTESIAN_POINT('Ctrl Pts',(0.335114006514655,-2.97408831810715,
0.22));
#10509=CARTESIAN_POINT('Ctrl Pts',(0.314551747536495,-3.00624980009863,
0.1));
#10510=CARTESIAN_POINT('Ctrl Pts',(0.314551747536495,-3.00624980009863,
0.22));
#10511=CARTESIAN_POINT('Ctrl Pts',(0.298631921824102,-3.04496779693451,
0.1));
#10512=CARTESIAN_POINT('Ctrl Pts',(0.298631921824102,-3.04496779693451,
0.22));
#10513=CARTESIAN_POINT('Ctrl Pts',(0.286644951140062,-3.09083098911692,
0.1));
#10514=CARTESIAN_POINT('Ctrl Pts',(0.286644951140062,-3.09083098911692,
0.22));
#10515=CARTESIAN_POINT('Ctrl Pts',(0.274691305770387,-3.13656667574872,
0.1));
#10516=CARTESIAN_POINT('Ctrl Pts',(0.274691305770387,-3.13656667574872,
0.22));
#10517=CARTESIAN_POINT('Ctrl Pts',(0.268925081433222,-3.19819255263483,
0.1));
#10518=CARTESIAN_POINT('Ctrl Pts',(0.268925081433222,-3.19819255263483,
0.22));
#10519=CARTESIAN_POINT('Ctrl Pts',(0.268925081433222,-3.36809483276513,
0.1));
#10520=CARTESIAN_POINT('Ctrl Pts',(0.268925081433222,-3.36809483276513,
0.22));
#10521=CARTESIAN_POINT('Ctrl Pts',(0.278306188925078,-3.44210134742311,
0.1));
#10522=CARTESIAN_POINT('Ctrl Pts',(0.278306188925078,-3.44210134742311,
0.22));
#10523=CARTESIAN_POINT('Ctrl Pts',(0.297589576547228,-3.49890916501268,
0.1));
#10524=CARTESIAN_POINT('Ctrl Pts',(0.297589576547228,-3.49890916501268,
0.22));
#10525=CARTESIAN_POINT('Ctrl Pts',(0.316819116219037,-3.55555834945126,
0.1));
#10526=CARTESIAN_POINT('Ctrl Pts',(0.316819116219037,-3.55555834945126,
0.22));
#10527=CARTESIAN_POINT('Ctrl Pts',(0.344495114006512,-3.59949548423092,
0.1));
#10528=CARTESIAN_POINT('Ctrl Pts',(0.344495114006512,-3.59949548423092,
0.22));
#10529=CARTESIAN_POINT('Ctrl Pts',(0.382019543973939,-3.62972349726024,
0.1));
#10530=CARTESIAN_POINT('Ctrl Pts',(0.382019543973939,-3.62972349726024,
0.22));
#10531=CARTESIAN_POINT('Ctrl Pts',(0.419798585188219,-3.66015661379397,
0.1));
#10532=CARTESIAN_POINT('Ctrl Pts',(0.419798585188219,-3.66015661379397,
0.22));
#10533=CARTESIAN_POINT('Ctrl Pts',(0.467491856677521,-3.67558668944265,
0.1));
#10534=CARTESIAN_POINT('Ctrl Pts',(0.467491856677521,-3.67558668944265,
0.22));
#10535=CARTESIAN_POINT('Ctrl Pts',(0.600390879478824,-3.67558668944265,
0.1));
#10536=CARTESIAN_POINT('Ctrl Pts',(0.600390879478824,-3.67558668944265,
0.22));
#10537=CARTESIAN_POINT('Ctrl Pts',(0.659283387622147,-3.64900688488239,
0.1));
#10538=CARTESIAN_POINT('Ctrl Pts',(0.659283387622147,-3.64900688488239,
0.22));
#10539=CARTESIAN_POINT('Ctrl Pts',(0.702540716612375,-3.59532610312343,
0.1));
#10540=CARTESIAN_POINT('Ctrl Pts',(0.702540716612375,-3.59532610312343,
0.22));
#10541=CARTESIAN_POINT('Ctrl Pts',(0.754937509842909,-3.53030357658434,
0.1));
#10542=CARTESIAN_POINT('Ctrl Pts',(0.754937509842909,-3.53030357658434,
0.22));
#10543=CARTESIAN_POINT('Ctrl Pts',(0.780195439739411,-3.42333913243939,
0.1));
#10544=CARTESIAN_POINT('Ctrl Pts',(0.780195439739411,-3.42333913243939,
0.22));
#10545=CARTESIAN_POINT('Ctrl Pts',(0.780195439739411,-3.27584727576187,
0.1));
#10546=CARTESIAN_POINT('Ctrl Pts',(0.780195439739411,-3.27584727576187,
0.22));
#10547=CARTESIAN_POINT('',(0.780195439739411,-3.27584727576187,0.1));
#10548=CARTESIAN_POINT('',(0.780195439739411,-3.27584727576187,0.1));
#10549=CARTESIAN_POINT('Ctrl Pts',(0.780195439739411,-3.27584727576187,
0.1));
#10550=CARTESIAN_POINT('Ctrl Pts',(0.780195439739411,-3.18359971875861,
0.1));
#10551=CARTESIAN_POINT('Ctrl Pts',(0.770814332247554,-3.10855085882376,
0.1));
#10552=CARTESIAN_POINT('Ctrl Pts',(0.751530944625404,-3.05174304123418,
0.1));
#10553=CARTESIAN_POINT('Ctrl Pts',(0.732406190154259,-2.9954025483327,0.1));
#10554=CARTESIAN_POINT('Ctrl Pts',(0.704104234527684,-2.95167789465438,
0.1));
#10555=CARTESIAN_POINT('Ctrl Pts',(0.666579804560257,-2.92144988162506,
0.1));
#10556=CARTESIAN_POINT('Ctrl Pts',(0.628800763345976,-2.89101676509133,
0.1));
#10557=CARTESIAN_POINT('Ctrl Pts',(0.581628664495111,-2.87558668944265,
0.1));
#10558=CARTESIAN_POINT('Ctrl Pts',(0.48260586319218,-2.87558668944265,0.1));
#10559=CARTESIAN_POINT('Ctrl Pts',(0.445602605863189,-2.88392545165763,
0.1));
#10560=CARTESIAN_POINT('Ctrl Pts',(0.413811074918564,-2.90112414872604,
0.1));
#10561=CARTESIAN_POINT('Ctrl Pts',(0.381834478928938,-2.91842296294993,
0.1));
#10562=CARTESIAN_POINT('Ctrl Pts',(0.355439739413678,-2.94229678716252,
0.1));
#10563=CARTESIAN_POINT('Ctrl Pts',(0.335114006514655,-2.97408831810715,
0.1));
#10564=CARTESIAN_POINT('Ctrl Pts',(0.314551747536495,-3.00624980009863,
0.1));
#10565=CARTESIAN_POINT('Ctrl Pts',(0.298631921824102,-3.04496779693451,
0.1));
#10566=CARTESIAN_POINT('Ctrl Pts',(0.286644951140062,-3.09083098911692,
0.1));
#10567=CARTESIAN_POINT('Ctrl Pts',(0.274691305770387,-3.13656667574872,
0.1));
#10568=CARTESIAN_POINT('Ctrl Pts',(0.268925081433222,-3.19819255263483,
0.1));
#10569=CARTESIAN_POINT('Ctrl Pts',(0.268925081433222,-3.36809483276513,
0.1));
#10570=CARTESIAN_POINT('Ctrl Pts',(0.278306188925078,-3.44210134742311,
0.1));
#10571=CARTESIAN_POINT('Ctrl Pts',(0.297589576547228,-3.49890916501268,
0.1));
#10572=CARTESIAN_POINT('Ctrl Pts',(0.316819116219037,-3.55555834945126,
0.1));
#10573=CARTESIAN_POINT('Ctrl Pts',(0.344495114006512,-3.59949548423092,
0.1));
#10574=CARTESIAN_POINT('Ctrl Pts',(0.382019543973939,-3.62972349726024,
0.1));
#10575=CARTESIAN_POINT('Ctrl Pts',(0.419798585188219,-3.66015661379397,
0.1));
#10576=CARTESIAN_POINT('Ctrl Pts',(0.467491856677521,-3.67558668944265,
0.1));
#10577=CARTESIAN_POINT('Ctrl Pts',(0.600390879478824,-3.67558668944265,
0.1));
#10578=CARTESIAN_POINT('Ctrl Pts',(0.659283387622147,-3.64900688488239,
0.1));
#10579=CARTESIAN_POINT('Ctrl Pts',(0.702540716612375,-3.59532610312343,
0.1));
#10580=CARTESIAN_POINT('Ctrl Pts',(0.754937509842909,-3.53030357658434,
0.1));
#10581=CARTESIAN_POINT('Ctrl Pts',(0.780195439739411,-3.42333913243939,
0.1));
#10582=CARTESIAN_POINT('Ctrl Pts',(0.780195439739411,-3.27584727576187,
0.1));
#10583=CARTESIAN_POINT('Origin',(0.268926996520298,-3.27340172151961,0.1));
#10584=CARTESIAN_POINT('Origin',(4.55,-3.35,0.2));
#10585=CARTESIAN_POINT('Origin',(0.0281433224755669,-3.66255737348174,0.1));
#10586=CARTESIAN_POINT('',(0.0281433224755669,-3.66255737348174,0.1));
#10587=CARTESIAN_POINT('',(0.0281433224755669,-3.66255737348174,0.1));
#10588=CARTESIAN_POINT('',(0.131856677524427,-3.66255737348174,0.1));
#10589=CARTESIAN_POINT('',(0.0281433224755669,-3.66255737348174,0.1));
#10590=CARTESIAN_POINT('',(0.131856677524427,-3.66255737348174,0.1));
#10591=CARTESIAN_POINT('Origin',(0.131856677524427,-3.66255737348174,0.1));
#10592=CARTESIAN_POINT('',(0.131856677524427,-2.87871372527327,0.1));
#10593=CARTESIAN_POINT('',(0.131856677524427,-3.66255737348174,0.1));
#10594=CARTESIAN_POINT('',(0.131856677524427,-2.87871372527327,0.1));
#10595=CARTESIAN_POINT('Ctrl Pts',(0.131856677524427,-2.87871372527327,
0.1));
#10596=CARTESIAN_POINT('Ctrl Pts',(0.131856677524427,-2.87871372527327,
0.22));
#10597=CARTESIAN_POINT('Ctrl Pts',(0.0763932131714114,-2.87870673206539,
0.1));
#10598=CARTESIAN_POINT('Ctrl Pts',(0.0763932131714114,-2.87870673206539,
0.22));
#10599=CARTESIAN_POINT('Ctrl Pts',(-0.0125037935815068,-2.87872771168903,
0.1));
#10600=CARTESIAN_POINT('Ctrl Pts',(-0.0125037935815068,-2.87872771168903,
0.22));
#10601=CARTESIAN_POINT('Ctrl Pts',(-0.119629515471946,-2.87869274564963,
0.1));
#10602=CARTESIAN_POINT('Ctrl Pts',(-0.119629515471946,-2.87869274564963,
0.22));
#10603=CARTESIAN_POINT('Ctrl Pts',(-0.222781047783341,-2.87879239886192,
0.1));
#10604=CARTESIAN_POINT('Ctrl Pts',(-0.222781047783341,-2.87879239886192,
0.22));
#10605=CARTESIAN_POINT('Ctrl Pts',(-0.298838900694117,-2.8856976037665,
0.1));
#10606=CARTESIAN_POINT('Ctrl Pts',(-0.298838900694117,-2.8856976037665,
0.22));
#10607=CARTESIAN_POINT('Ctrl Pts',(-0.416138002940283,-2.92912990341686,
0.1));
#10608=CARTESIAN_POINT('Ctrl Pts',(-0.416138002940283,-2.92912990341686,
0.22));
#10609=CARTESIAN_POINT('Ctrl Pts',(-0.473994203758132,-3.05494342296094,
0.1));
#10610=CARTESIAN_POINT('Ctrl Pts',(-0.473994203758132,-3.05494342296094,
0.22));
#10611=CARTESIAN_POINT('Ctrl Pts',(-0.463541780188741,-3.19526866002335,
0.1));
#10612=CARTESIAN_POINT('Ctrl Pts',(-0.463541780188741,-3.19526866002335,
0.22));
#10613=CARTESIAN_POINT('Ctrl Pts',(-0.392924448385281,-3.29563083164543,
0.1));
#10614=CARTESIAN_POINT('Ctrl Pts',(-0.392924448385281,-3.29563083164543,
0.22));
#10615=CARTESIAN_POINT('Ctrl Pts',(-0.312727362802138,-3.33260652020809,
0.1));
#10616=CARTESIAN_POINT('Ctrl Pts',(-0.312727362802138,-3.33260652020809,
0.22));
#10617=CARTESIAN_POINT('Ctrl Pts',(-0.130677760076516,-3.34793357587949,
0.1));
#10618=CARTESIAN_POINT('Ctrl Pts',(-0.130677760076516,-3.34793357587949,
0.22));
#10619=CARTESIAN_POINT('Ctrl Pts',(-0.0419266642914213,-3.34211986510758,
0.1));
#10620=CARTESIAN_POINT('Ctrl Pts',(-0.0419266642914213,-3.34211986510758,
0.22));
#10621=CARTESIAN_POINT('Ctrl Pts',(0.0281433224755669,-3.34359971875861,
0.1));
#10622=CARTESIAN_POINT('Ctrl Pts',(0.0281433224755669,-3.34359971875861,
0.22));
#10623=CARTESIAN_POINT('',(0.0281433224755669,-3.34359971875861,0.1));
#10624=CARTESIAN_POINT('Ctrl Pts',(0.131856677524427,-2.87871372527327,
0.1));
#10625=CARTESIAN_POINT('Ctrl Pts',(0.0763932131714114,-2.87870673206539,
0.1));
#10626=CARTESIAN_POINT('Ctrl Pts',(-0.0125037935815068,-2.87872771168903,
0.1));
#10627=CARTESIAN_POINT('Ctrl Pts',(-0.119629515471946,-2.87869274564963,
0.1));
#10628=CARTESIAN_POINT('Ctrl Pts',(-0.222781047783341,-2.87879239886192,
0.1));
#10629=CARTESIAN_POINT('Ctrl Pts',(-0.298838900694117,-2.8856976037665,
0.1));
#10630=CARTESIAN_POINT('Ctrl Pts',(-0.416138002940283,-2.92912990341686,
0.1));
#10631=CARTESIAN_POINT('Ctrl Pts',(-0.473994203758132,-3.05494342296094,
0.1));
#10632=CARTESIAN_POINT('Ctrl Pts',(-0.463541780188741,-3.19526866002335,
0.1));
#10633=CARTESIAN_POINT('Ctrl Pts',(-0.392924448385281,-3.29563083164543,
0.1));
#10634=CARTESIAN_POINT('Ctrl Pts',(-0.312727362802138,-3.33260652020809,
0.1));
#10635=CARTESIAN_POINT('Ctrl Pts',(-0.130677760076516,-3.34793357587949,
0.1));
#10636=CARTESIAN_POINT('Ctrl Pts',(-0.0419266642914213,-3.34211986510758,
0.1));
#10637=CARTESIAN_POINT('Ctrl Pts',(0.0281433224755669,-3.34359971875861,
0.1));
#10638=CARTESIAN_POINT('',(0.0281433224755669,-3.34359971875861,0.1));
#10639=CARTESIAN_POINT('Ctrl Pts',(0.0281433224755669,-3.25135216175535,
0.1));
#10640=CARTESIAN_POINT('Ctrl Pts',(0.0281433224755669,-3.25135216175535,
0.22));
#10641=CARTESIAN_POINT('Ctrl Pts',(-0.0095848296625723,-3.25135270610964,
0.1));
#10642=CARTESIAN_POINT('Ctrl Pts',(-0.0095848296625723,-3.25135270610964,
0.22));
#10643=CARTESIAN_POINT('Ctrl Pts',(-0.0723838643710573,-3.25135107304679,
0.1));
#10644=CARTESIAN_POINT('Ctrl Pts',(-0.0723838643710573,-3.25135107304679,
0.22));
#10645=CARTESIAN_POINT('Ctrl Pts',(-0.149645500419437,-3.25135402163248,
0.1));
#10646=CARTESIAN_POINT('Ctrl Pts',(-0.149645500419437,-3.25135402163248,
0.22));
#10647=CARTESIAN_POINT('Ctrl Pts',(-0.259584063036139,-3.251341501484,0.1));
#10648=CARTESIAN_POINT('Ctrl Pts',(-0.259584063036139,-3.251341501484,0.22));
#10649=CARTESIAN_POINT('Ctrl Pts',(-0.342573511469053,-3.20714265585254,
0.1));
#10650=CARTESIAN_POINT('Ctrl Pts',(-0.342573511469053,-3.20714265585254,
0.22));
#10651=CARTESIAN_POINT('Ctrl Pts',(-0.367593677676225,-3.11045096053473,
0.1));
#10652=CARTESIAN_POINT('Ctrl Pts',(-0.367593677676225,-3.11045096053473,
0.22));
#10653=CARTESIAN_POINT('Ctrl Pts',(-0.344599921464544,-3.01594879061488,
0.1));
#10654=CARTESIAN_POINT('Ctrl Pts',(-0.344599921464544,-3.01594879061488,
0.22));
#10655=CARTESIAN_POINT('Ctrl Pts',(-0.268958285272051,-2.97331942197431,
0.1));
#10656=CARTESIAN_POINT('Ctrl Pts',(-0.268958285272051,-2.97331942197431,
0.22));
#10657=CARTESIAN_POINT('Ctrl Pts',(-0.222927879526833,-2.97229592851526,
0.1));
#10658=CARTESIAN_POINT('Ctrl Pts',(-0.222927879526833,-2.97229592851526,
0.22));
#10659=CARTESIAN_POINT('Ctrl Pts',(-0.143460161074598,-2.97039379199368,
0.1));
#10660=CARTESIAN_POINT('Ctrl Pts',(-0.143460161074598,-2.97039379199368,
0.22));
#10661=CARTESIAN_POINT('Ctrl Pts',(-0.0725499684366928,-2.97075621528136,
0.1));
#10662=CARTESIAN_POINT('Ctrl Pts',(-0.0725499684366928,-2.97075621528136,
0.22));
#10663=CARTESIAN_POINT('Ctrl Pts',(-0.00950314548700085,-2.97087489153065,
0.1));
#10664=CARTESIAN_POINT('Ctrl Pts',(-0.00950314548700085,-2.97087489153065,
0.22));
#10665=CARTESIAN_POINT('Ctrl Pts',(0.0281433224755668,-2.97096128227653,
0.1));
#10666=CARTESIAN_POINT('Ctrl Pts',(0.0281433224755668,-2.97096128227653,
0.22));
#10667=CARTESIAN_POINT('',(0.028143322475567,-3.25135216175535,0.2));
#10668=CARTESIAN_POINT('',(0.0281433224755668,-2.97096128227653,0.2));
#10669=CARTESIAN_POINT('Ctrl Pts',(0.0281433224755669,-3.25135216175535,
0.2));
#10670=CARTESIAN_POINT('Ctrl Pts',(-0.0095848296625723,-3.25135270610964,
0.2));
#10671=CARTESIAN_POINT('Ctrl Pts',(-0.0723838643710573,-3.25135107304679,
0.2));
#10672=CARTESIAN_POINT('Ctrl Pts',(-0.149645500419437,-3.25135402163248,
0.2));
#10673=CARTESIAN_POINT('Ctrl Pts',(-0.259584063036139,-3.251341501484,0.2));
#10674=CARTESIAN_POINT('Ctrl Pts',(-0.342573511469053,-3.20714265585254,
0.2));
#10675=CARTESIAN_POINT('Ctrl Pts',(-0.367593677676225,-3.11045096053473,
0.2));
#10676=CARTESIAN_POINT('Ctrl Pts',(-0.344599921464544,-3.01594879061488,
0.2));
#10677=CARTESIAN_POINT('Ctrl Pts',(-0.268958285272051,-2.97331942197431,
0.2));
#10678=CARTESIAN_POINT('Ctrl Pts',(-0.222927879526833,-2.97229592851526,
0.2));
#10679=CARTESIAN_POINT('Ctrl Pts',(-0.143460161074598,-2.97039379199368,
0.2));
#10680=CARTESIAN_POINT('Ctrl Pts',(-0.0725499684366928,-2.97075621528136,
0.2));
#10681=CARTESIAN_POINT('Ctrl Pts',(-0.00950314548700084,-2.97087489153065,
0.2));
#10682=CARTESIAN_POINT('Ctrl Pts',(0.0281433224755668,-2.97096128227653,
0.2));
#10683=CARTESIAN_POINT('',(0.0281433224755669,-3.25135216175535,0.1));
#10684=CARTESIAN_POINT('',(0.0281433224755669,-3.25135216175535,0.1));
#10685=CARTESIAN_POINT('',(0.0281433224755668,-2.97096128227653,0.1));
#10686=CARTESIAN_POINT('Ctrl Pts',(0.0281433224755669,-3.25135216175535,
0.1));
#10687=CARTESIAN_POINT('Ctrl Pts',(-0.0095848296625723,-3.25135270610964,
0.1));
#10688=CARTESIAN_POINT('Ctrl Pts',(-0.0723838643710573,-3.25135107304679,
0.1));
#10689=CARTESIAN_POINT('Ctrl Pts',(-0.149645500419437,-3.25135402163248,
0.1));
#10690=CARTESIAN_POINT('Ctrl Pts',(-0.259584063036139,-3.251341501484,0.1));
#10691=CARTESIAN_POINT('Ctrl Pts',(-0.342573511469053,-3.20714265585254,
0.1));
#10692=CARTESIAN_POINT('Ctrl Pts',(-0.367593677676225,-3.11045096053473,
0.1));
#10693=CARTESIAN_POINT('Ctrl Pts',(-0.344599921464544,-3.01594879061488,
0.1));
#10694=CARTESIAN_POINT('Ctrl Pts',(-0.268958285272051,-2.97331942197431,
0.1));
#10695=CARTESIAN_POINT('Ctrl Pts',(-0.222927879526833,-2.97229592851526,
0.1));
#10696=CARTESIAN_POINT('Ctrl Pts',(-0.143460161074598,-2.97039379199368,
0.1));
#10697=CARTESIAN_POINT('Ctrl Pts',(-0.0725499684366928,-2.97075621528136,
0.1));
#10698=CARTESIAN_POINT('Ctrl Pts',(-0.00950314548700084,-2.97087489153065,
0.1));
#10699=CARTESIAN_POINT('Ctrl Pts',(0.0281433224755668,-2.97096128227653,
0.1));
#10700=CARTESIAN_POINT('',(0.0281433224755668,-2.97096128227653,0.1));
#10701=CARTESIAN_POINT('Origin',(0.0281433224755668,-2.97096128227653,0.1));
#10702=CARTESIAN_POINT('',(0.0281433224755668,-2.97096128227653,0.2));
#10703=CARTESIAN_POINT('',(0.0281433224755668,-2.97096128227653,0.1));
#10704=CARTESIAN_POINT('Origin',(0.0281433224755669,-3.34359971875861,0.1));
#10705=CARTESIAN_POINT('',(0.0281433224755669,-3.34359971875861,0.1));
#10706=CARTESIAN_POINT('Origin',(-0.461796235117554,-3.05753480108921,0.1));
#10707=CARTESIAN_POINT('Origin',(4.55,-3.35,0.2));
#10708=CARTESIAN_POINT('Origin',(-0.841172638436485,-3.66255737348174,0.1));
#10709=CARTESIAN_POINT('',(-0.841172638436485,-3.66255737348174,0.1));
#10710=CARTESIAN_POINT('',(-0.841172638436485,-3.66255737348174,0.1));
#10711=CARTESIAN_POINT('',(-0.732768729641697,-3.66255737348174,0.1));
#10712=CARTESIAN_POINT('',(-0.841172638436485,-3.66255737348174,0.1));
#10713=CARTESIAN_POINT('',(-0.732768729641697,-3.66255737348174,0.1));
#10714=CARTESIAN_POINT('Origin',(-0.732768729641697,-3.66255737348174,0.1));
#10715=CARTESIAN_POINT('',(-0.526905537459287,-2.87871372527327,0.1));
#10716=CARTESIAN_POINT('',(-0.732768729641697,-3.66255737348174,0.1));
#10717=CARTESIAN_POINT('',(-0.526905537459287,-2.87871372527327,0.1));
#10718=CARTESIAN_POINT('Origin',(-0.526905537459287,-2.87871372527327,0.1));
#10719=CARTESIAN_POINT('',(-0.633745928338765,-2.87871372527327,0.1));
#10720=CARTESIAN_POINT('',(-0.526905537459287,-2.87871372527327,0.1));
#10721=CARTESIAN_POINT('',(-0.633745928338765,-2.87871372527327,0.1));
#10722=CARTESIAN_POINT('Origin',(-0.709576547231273,-3.21565183602246,0.1));
#10723=CARTESIAN_POINT('',(-0.785407166123781,-3.55258994677164,0.1));
#10724=CARTESIAN_POINT('',(-0.633745928338765,-2.87871372527327,0.1));
#10725=CARTESIAN_POINT('',(-0.785407166123781,-3.55258994677164,0.1));
#10726=CARTESIAN_POINT('Ctrl Pts',(-0.785407166123781,-3.55258994677164,
0.1));
#10727=CARTESIAN_POINT('Ctrl Pts',(-0.785407166123781,-3.55258994677164,
0.22));
#10728=CARTESIAN_POINT('Ctrl Pts',(-0.797599546821022,-3.50268750170661,
0.1));
#10729=CARTESIAN_POINT('Ctrl Pts',(-0.797599546821022,-3.50268750170661,
0.22));
#10730=CARTESIAN_POINT('Ctrl Pts',(-0.80955147997393,-3.45366424914108,
0.1));
#10731=CARTESIAN_POINT('Ctrl Pts',(-0.80955147997393,-3.45366424914108,
0.22));
#10732=CARTESIAN_POINT('Ctrl Pts',(-0.819473636534471,-3.41470501892846,
0.1));
#10733=CARTESIAN_POINT('Ctrl Pts',(-0.819473636534471,-3.41470501892846,
0.22));
#10734=CARTESIAN_POINT('Ctrl Pts',(-0.820874082570049,-3.40940609591523,
0.1));
#10735=CARTESIAN_POINT('Ctrl Pts',(-0.820874082570049,-3.40940609591523,
0.22));
#10736=CARTESIAN_POINT('Ctrl Pts',(-0.831730753379268,-3.37073958113935,
0.1));
#10737=CARTESIAN_POINT('Ctrl Pts',(-0.831730753379268,-3.37073958113935,
0.22));
#10738=CARTESIAN_POINT('Ctrl Pts',(-0.841507246376646,-3.33580701260362,
0.1));
#10739=CARTESIAN_POINT('Ctrl Pts',(-0.841507246376646,-3.33580701260362,
0.22));
#10740=CARTESIAN_POINT('Ctrl Pts',(-0.860133781055419,-3.26943331963051,
0.1));
#10741=CARTESIAN_POINT('Ctrl Pts',(-0.860133781055419,-3.26943331963051,
0.22));
#10742=CARTESIAN_POINT('Ctrl Pts',(-0.901969636785661,-3.12039742803543,
0.1));
#10743=CARTESIAN_POINT('Ctrl Pts',(-0.901969636785661,-3.12039742803543,
0.22));
#10744=CARTESIAN_POINT('Ctrl Pts',(-0.941785631207864,-2.97887136642792,
0.1));
#10745=CARTESIAN_POINT('Ctrl Pts',(-0.941785631207864,-2.97887136642792,
0.22));
#10746=CARTESIAN_POINT('Ctrl Pts',(-0.969902280130296,-2.87871372527327,
0.1));
#10747=CARTESIAN_POINT('Ctrl Pts',(-0.969902280130296,-2.87871372527327,
0.22));
#10748=CARTESIAN_POINT('',(-0.969902280130296,-2.87871372527327,0.1));
#10749=CARTESIAN_POINT('Ctrl Pts',(-0.785407166123781,-3.55258994677164,
0.1));
#10750=CARTESIAN_POINT('Ctrl Pts',(-0.797599546821022,-3.50268750170661,
0.1));
#10751=CARTESIAN_POINT('Ctrl Pts',(-0.80955147997393,-3.45366424914108,
0.1));
#10752=CARTESIAN_POINT('Ctrl Pts',(-0.819473636534471,-3.41470501892846,
0.1));
#10753=CARTESIAN_POINT('Ctrl Pts',(-0.820874082570049,-3.40940609591523,
0.1));
#10754=CARTESIAN_POINT('Ctrl Pts',(-0.831730753379268,-3.37073958113935,
0.1));
#10755=CARTESIAN_POINT('Ctrl Pts',(-0.841507246376646,-3.33580701260362,
0.1));
#10756=CARTESIAN_POINT('Ctrl Pts',(-0.860133781055419,-3.26943331963051,
0.1));
#10757=CARTESIAN_POINT('Ctrl Pts',(-0.901969636785661,-3.12039742803543,
0.1));
#10758=CARTESIAN_POINT('Ctrl Pts',(-0.941785631207864,-2.97887136642792,
0.1));
#10759=CARTESIAN_POINT('Ctrl Pts',(-0.969902280130296,-2.87871372527327,
0.1));
#10760=CARTESIAN_POINT('',(-0.969902280130296,-2.87871372527327,0.1));
#10761=CARTESIAN_POINT('Origin',(-0.969902280130296,-2.87871372527327,0.1));
#10762=CARTESIAN_POINT('',(-1.09446254071662,-2.87871372527327,0.1));
#10763=CARTESIAN_POINT('',(-0.969902280130296,-2.87871372527327,0.1));
#10764=CARTESIAN_POINT('',(-1.09446254071662,-2.87871372527327,0.1));
#10765=CARTESIAN_POINT('Ctrl Pts',(-1.09446254071662,-2.87871372527327,
0.1));
#10766=CARTESIAN_POINT('Ctrl Pts',(-1.09446254071662,-2.87871372527327,
0.22));
#10767=CARTESIAN_POINT('Ctrl Pts',(-1.12664671058874,-2.99281639381875,
0.1));
#10768=CARTESIAN_POINT('Ctrl Pts',(-1.12664671058874,-2.99281639381875,
0.22));
#10769=CARTESIAN_POINT('Ctrl Pts',(-1.18782223434992,-3.20637376998987,
0.1));
#10770=CARTESIAN_POINT('Ctrl Pts',(-1.18782223434992,-3.20637376998987,
0.22));
#10771=CARTESIAN_POINT('Ctrl Pts',(-1.25538339007724,-3.44922706800066,
0.1));
#10772=CARTESIAN_POINT('Ctrl Pts',(-1.25538339007724,-3.44922706800066,
0.22));
#10773=CARTESIAN_POINT('Ctrl Pts',(-1.26801302931596,-3.55258994677164,
0.1));
#10774=CARTESIAN_POINT('Ctrl Pts',(-1.26801302931596,-3.55258994677164,
0.22));
#10775=CARTESIAN_POINT('',(-1.26801302931596,-3.55258994677164,0.1));
#10776=CARTESIAN_POINT('Ctrl Pts',(-1.09446254071662,-2.87871372527327,
0.1));
#10777=CARTESIAN_POINT('Ctrl Pts',(-1.12664671058874,-2.99281639381875,
0.1));
#10778=CARTESIAN_POINT('Ctrl Pts',(-1.18782223434992,-3.20637376998987,
0.1));
#10779=CARTESIAN_POINT('Ctrl Pts',(-1.25538339007724,-3.44922706800066,
0.1));
#10780=CARTESIAN_POINT('Ctrl Pts',(-1.26801302931596,-3.55258994677164,
0.1));
#10781=CARTESIAN_POINT('',(-1.26801302931596,-3.55258994677164,0.1));
#10782=CARTESIAN_POINT('Ctrl Pts',(-1.26801302931596,-3.55258994677164,
0.1));
#10783=CARTESIAN_POINT('Ctrl Pts',(-1.26801302931596,-3.55258994677164,
0.22));
#10784=CARTESIAN_POINT('Ctrl Pts',(-1.27882206017914,-3.50019184195712,
0.1));
#10785=CARTESIAN_POINT('Ctrl Pts',(-1.27882206017914,-3.50019184195712,
0.22));
#10786=CARTESIAN_POINT('Ctrl Pts',(-1.31185078790862,-3.36751619180727,
0.1));
#10787=CARTESIAN_POINT('Ctrl Pts',(-1.31185078790862,-3.36751619180727,
0.22));
#10788=CARTESIAN_POINT('Ctrl Pts',(-1.3640794577561,-3.15513548198318,0.1));
#10789=CARTESIAN_POINT('Ctrl Pts',(-1.3640794577561,-3.15513548198318,0.22));
#10790=CARTESIAN_POINT('Ctrl Pts',(-1.40348652277385,-2.98830804008946,
0.1));
#10791=CARTESIAN_POINT('Ctrl Pts',(-1.40348652277385,-2.98830804008946,
0.22));
#10792=CARTESIAN_POINT('Ctrl Pts',(-1.43009771986971,-2.87871372527327,
0.1));
#10793=CARTESIAN_POINT('Ctrl Pts',(-1.43009771986971,-2.87871372527327,
0.22));
#10794=CARTESIAN_POINT('',(-1.43009771986971,-2.87871372527327,0.1));
#10795=CARTESIAN_POINT('Ctrl Pts',(-1.26801302931596,-3.55258994677164,
0.1));
#10796=CARTESIAN_POINT('Ctrl Pts',(-1.27882206017914,-3.50019184195712,
0.1));
#10797=CARTESIAN_POINT('Ctrl Pts',(-1.31185078790862,-3.36751619180727,
0.1));
#10798=CARTESIAN_POINT('Ctrl Pts',(-1.3640794577561,-3.15513548198318,0.1));
#10799=CARTESIAN_POINT('Ctrl Pts',(-1.40348652277385,-2.98830804008946,
0.1));
#10800=CARTESIAN_POINT('Ctrl Pts',(-1.43009771986971,-2.87871372527327,
0.1));
#10801=CARTESIAN_POINT('',(-1.43009771986971,-2.87871372527327,0.1));
#10802=CARTESIAN_POINT('Origin',(-1.43009771986971,-2.87871372527327,0.1));
#10803=CARTESIAN_POINT('',(-1.53433224755701,-2.87871372527327,0.1));
#10804=CARTESIAN_POINT('',(-1.43009771986971,-2.87871372527327,0.1));
#10805=CARTESIAN_POINT('',(-1.53433224755701,-2.87871372527327,0.1));
#10806=CARTESIAN_POINT('Origin',(-1.53433224755701,-2.87871372527327,0.1));
#10807=CARTESIAN_POINT('',(-1.32065146579805,-3.66255737348174,0.1));
#10808=CARTESIAN_POINT('',(-1.53433224755701,-2.87871372527327,0.1));
#10809=CARTESIAN_POINT('',(-1.32065146579805,-3.66255737348174,0.1));
#10810=CARTESIAN_POINT('Origin',(-1.32065146579805,-3.66255737348174,0.1));
#10811=CARTESIAN_POINT('',(-1.2185016286645,-3.66255737348174,0.1));
#10812=CARTESIAN_POINT('',(-1.32065146579805,-3.66255737348174,0.1));
#10813=CARTESIAN_POINT('',(-1.2185016286645,-3.66255737348174,0.1));
#10814=CARTESIAN_POINT('Origin',(-1.12390879478828,-3.31806225947523,0.1));
#10815=CARTESIAN_POINT('',(-1.02931596091206,-2.97356714546871,0.1));
#10816=CARTESIAN_POINT('',(-1.2185016286645,-3.66255737348174,0.1));
#10817=CARTESIAN_POINT('',(-1.02931596091206,-2.97356714546871,0.1));
#10818=CARTESIAN_POINT('Origin',(-0.935244299674271,-3.31806225947523,0.1));
#10819=CARTESIAN_POINT('',(-1.02931596091206,-2.97356714546871,0.1));
#10820=CARTESIAN_POINT('Origin',(-0.710834575594526,-3.21537963165131,0.1));
#10821=CARTESIAN_POINT('Origin',(-1.87882736156352,-3.42698734090845,0.1));
#10822=CARTESIAN_POINT('',(-1.87882736156352,-3.42698734090845,0.1));
#10823=CARTESIAN_POINT('',(-1.87882736156352,-3.42698734090845,0.1));
#10824=CARTESIAN_POINT('',(-1.58071661237785,-3.42698734090845,0.1));
#10825=CARTESIAN_POINT('',(-1.87882736156352,-3.42698734090845,0.1));
#10826=CARTESIAN_POINT('',(-1.58071661237785,-3.42698734090845,0.1));
#10827=CARTESIAN_POINT('Origin',(-1.58071661237785,-3.42698734090845,0.1));
#10828=CARTESIAN_POINT('',(-1.58071661237785,-3.33004923015926,0.1));
#10829=CARTESIAN_POINT('',(-1.58071661237785,-3.42698734090845,0.1));
#10830=CARTESIAN_POINT('',(-1.58071661237785,-3.33004923015926,0.1));
#10831=CARTESIAN_POINT('Origin',(-1.58071661237785,-3.33004923015926,0.1));
#10832=CARTESIAN_POINT('',(-1.87882736156352,-3.33004923015926,0.1));
#10833=CARTESIAN_POINT('',(-1.58071661237785,-3.33004923015926,0.1));
#10834=CARTESIAN_POINT('',(-1.87882736156352,-3.33004923015926,0.1));
#10835=CARTESIAN_POINT('Origin',(-1.87882736156352,-3.33004923015926,0.1));
#10836=CARTESIAN_POINT('',(-1.87882736156352,-3.33004923015926,0.1));
#10837=CARTESIAN_POINT('Origin',(-1.72977198697069,-3.42698734090845,0.1));
#10838=CARTESIAN_POINT('Origin',(-2.09302931596092,-3.66255737348174,0.1));
#10839=CARTESIAN_POINT('',(-2.09302931596092,-3.66255737348174,0.1));
#10840=CARTESIAN_POINT('',(-2.09302931596092,-3.66255737348174,0.1));
#10841=CARTESIAN_POINT('',(-1.99244299674267,-3.66255737348174,0.1));
#10842=CARTESIAN_POINT('',(-2.09302931596092,-3.66255737348174,0.1));
#10843=CARTESIAN_POINT('',(-1.99244299674267,-3.66255737348174,0.1));
#10844=CARTESIAN_POINT('Origin',(-1.99244299674267,-3.66255737348174,0.1));
#10845=CARTESIAN_POINT('',(-1.99244299674267,-2.87871372527327,0.1));
#10846=CARTESIAN_POINT('',(-1.99244299674267,-3.66255737348174,0.1));
#10847=CARTESIAN_POINT('',(-1.99244299674267,-2.87871372527327,0.1));
#10848=CARTESIAN_POINT('Origin',(-1.99244299674267,-2.87871372527327,0.1));
#10849=CARTESIAN_POINT('',(-2.14879478827362,-2.87871372527327,0.1));
#10850=CARTESIAN_POINT('',(-1.99244299674267,-2.87871372527327,0.1));
#10851=CARTESIAN_POINT('',(-2.14879478827362,-2.87871372527327,0.1));
#10852=CARTESIAN_POINT('Ctrl Pts',(-2.14879478827362,-2.87871372527327,
0.1));
#10853=CARTESIAN_POINT('Ctrl Pts',(-2.14879478827362,-2.87871372527327,
0.22));
#10854=CARTESIAN_POINT('Ctrl Pts',(-2.18785862013928,-2.99578831447287,
0.1));
#10855=CARTESIAN_POINT('Ctrl Pts',(-2.18785862013928,-2.99578831447287,
0.22));
#10856=CARTESIAN_POINT('Ctrl Pts',(-2.23459770183278,-3.13459486541219,
0.1));
#10857=CARTESIAN_POINT('Ctrl Pts',(-2.23459770183278,-3.13459486541219,
0.22));
#10858=CARTESIAN_POINT('Ctrl Pts',(-2.30116703995255,-3.33466686103422,
0.1));
#10859=CARTESIAN_POINT('Ctrl Pts',(-2.30116703995255,-3.33466686103422,
0.22));
#10860=CARTESIAN_POINT('Ctrl Pts',(-2.33240206027133,-3.42685179718819,
0.1));
#10861=CARTESIAN_POINT('Ctrl Pts',(-2.33240206027133,-3.42685179718819,
0.22));
#10862=CARTESIAN_POINT('Ctrl Pts',(-2.36749679579805,-3.53397716765062,
0.1));
#10863=CARTESIAN_POINT('Ctrl Pts',(-2.36749679579805,-3.53397716765062,
0.22));
#10864=CARTESIAN_POINT('Ctrl Pts',(-2.371335504886,-3.54946291094102,0.1));
#10865=CARTESIAN_POINT('Ctrl Pts',(-2.371335504886,-3.54946291094102,0.22));
#10866=CARTESIAN_POINT('',(-2.371335504886,-3.54946291094102,0.1));
#10867=CARTESIAN_POINT('Ctrl Pts',(-2.14879478827362,-2.87871372527327,
0.1));
#10868=CARTESIAN_POINT('Ctrl Pts',(-2.18785862013928,-2.99578831447287,
0.1));
#10869=CARTESIAN_POINT('Ctrl Pts',(-2.23459770183278,-3.13459486541219,
0.1));
#10870=CARTESIAN_POINT('Ctrl Pts',(-2.30116703995255,-3.33466686103422,
0.1));
#10871=CARTESIAN_POINT('Ctrl Pts',(-2.33240206027133,-3.42685179718819,
0.1));
#10872=CARTESIAN_POINT('Ctrl Pts',(-2.36749679579805,-3.53397716765062,
0.1));
#10873=CARTESIAN_POINT('Ctrl Pts',(-2.371335504886,-3.54946291094102,0.1));
#10874=CARTESIAN_POINT('',(-2.371335504886,-3.54946291094102,0.1));
#10875=CARTESIAN_POINT('Ctrl Pts',(-2.371335504886,-3.54946291094102,0.1));
#10876=CARTESIAN_POINT('Ctrl Pts',(-2.371335504886,-3.54946291094102,0.22));
#10877=CARTESIAN_POINT('Ctrl Pts',(-2.37776960326308,-3.52886720317472,
0.1));
#10878=CARTESIAN_POINT('Ctrl Pts',(-2.37776960326308,-3.52886720317472,
0.22));
#10879=CARTESIAN_POINT('Ctrl Pts',(-2.38863913797777,-3.49561228794085,
0.1));
#10880=CARTESIAN_POINT('Ctrl Pts',(-2.38863913797777,-3.49561228794085,
0.22));
#10881=CARTESIAN_POINT('Ctrl Pts',(-2.41686154682971,-3.41428199014914,
0.1));
#10882=CARTESIAN_POINT('Ctrl Pts',(-2.41686154682971,-3.41428199014914,
0.22));
#10883=CARTESIAN_POINT('Ctrl Pts',(-2.43370036837304,-3.36612243069065,
0.1));
#10884=CARTESIAN_POINT('Ctrl Pts',(-2.43370036837304,-3.36612243069065,
0.22));
#10885=CARTESIAN_POINT('Ctrl Pts',(-2.4627492278688,-3.28223593575354,0.1));
#10886=CARTESIAN_POINT('Ctrl Pts',(-2.4627492278688,-3.28223593575354,0.22));
#10887=CARTESIAN_POINT('Ctrl Pts',(-2.5175136887878,-3.12356646077469,0.1));
#10888=CARTESIAN_POINT('Ctrl Pts',(-2.5175136887878,-3.12356646077469,0.22));
#10889=CARTESIAN_POINT('Ctrl Pts',(-2.56699265321795,-2.97922878349856,
0.1));
#10890=CARTESIAN_POINT('Ctrl Pts',(-2.56699265321795,-2.97922878349856,
0.22));
#10891=CARTESIAN_POINT('Ctrl Pts',(-2.60169381107492,-2.87871372527327,
0.1));
#10892=CARTESIAN_POINT('Ctrl Pts',(-2.60169381107492,-2.87871372527327,
0.22));
#10893=CARTESIAN_POINT('',(-2.60169381107492,-2.87871372527327,0.1));
#10894=CARTESIAN_POINT('Ctrl Pts',(-2.371335504886,-3.54946291094102,0.1));
#10895=CARTESIAN_POINT('Ctrl Pts',(-2.37776960326308,-3.52886720317472,
0.1));
#10896=CARTESIAN_POINT('Ctrl Pts',(-2.38863913797777,-3.49561228794085,
0.1));
#10897=CARTESIAN_POINT('Ctrl Pts',(-2.41686154682971,-3.41428199014914,
0.1));
#10898=CARTESIAN_POINT('Ctrl Pts',(-2.43370036837304,-3.36612243069065,
0.1));
#10899=CARTESIAN_POINT('Ctrl Pts',(-2.4627492278688,-3.28223593575354,0.1));
#10900=CARTESIAN_POINT('Ctrl Pts',(-2.5175136887878,-3.12356646077469,0.1));
#10901=CARTESIAN_POINT('Ctrl Pts',(-2.56699265321795,-2.97922878349856,
0.1));
#10902=CARTESIAN_POINT('Ctrl Pts',(-2.60169381107492,-2.87871372527327,
0.1));
#10903=CARTESIAN_POINT('',(-2.60169381107492,-2.87871372527327,0.1));
#10904=CARTESIAN_POINT('Origin',(-2.60169381107492,-2.87871372527327,0.1));
#10905=CARTESIAN_POINT('',(-2.7413680781759,-2.87871372527327,0.1));
#10906=CARTESIAN_POINT('',(-2.60169381107492,-2.87871372527327,0.1));
#10907=CARTESIAN_POINT('',(-2.7413680781759,-2.87871372527327,0.1));
#10908=CARTESIAN_POINT('Origin',(-2.7413680781759,-2.87871372527327,0.1));
#10909=CARTESIAN_POINT('',(-2.7413680781759,-3.66255737348174,0.1));
#10910=CARTESIAN_POINT('',(-2.7413680781759,-2.87871372527327,0.1));
#10911=CARTESIAN_POINT('',(-2.7413680781759,-3.66255737348174,0.1));
#10912=CARTESIAN_POINT('Origin',(-2.7413680781759,-3.66255737348174,0.1));
#10913=CARTESIAN_POINT('',(-2.64130293159609,-3.66255737348174,0.1));
#10914=CARTESIAN_POINT('',(-2.7413680781759,-3.66255737348174,0.1));
#10915=CARTESIAN_POINT('',(-2.64130293159609,-3.66255737348174,0.1));
#10916=CARTESIAN_POINT('Origin',(-2.64130293159609,-3.66255737348174,0.1));
#10917=CARTESIAN_POINT('',(-2.64130293159609,-3.00587984905177,0.1));
#10918=CARTESIAN_POINT('',(-2.64130293159609,-3.66255737348174,0.1));
#10919=CARTESIAN_POINT('',(-2.64130293159609,-3.00587984905177,0.1));
#10920=CARTESIAN_POINT('Origin',(-2.64130293159609,-3.00587984905177,0.1));
#10921=CARTESIAN_POINT('',(-2.41250814332248,-3.66255737348174,0.1));
#10922=CARTESIAN_POINT('',(-2.64130293159609,-3.00587984905177,0.1));
#10923=CARTESIAN_POINT('',(-2.41250814332248,-3.66255737348174,0.1));
#10924=CARTESIAN_POINT('Origin',(-2.41250814332248,-3.66255737348174,0.1));
#10925=CARTESIAN_POINT('',(-2.31921824104235,-3.66255737348174,0.1));
#10926=CARTESIAN_POINT('',(-2.41250814332248,-3.66255737348174,0.1));
#10927=CARTESIAN_POINT('',(-2.31921824104235,-3.66255737348174,0.1));
#10928=CARTESIAN_POINT('Origin',(-2.31921824104235,-3.66255737348174,0.1));
#10929=CARTESIAN_POINT('',(-2.09302931596092,-2.9949352236446,0.1));
#10930=CARTESIAN_POINT('',(-2.31921824104235,-3.66255737348174,0.1));
#10931=CARTESIAN_POINT('',(-2.09302931596092,-2.9949352236446,0.1));
#10932=CARTESIAN_POINT('Origin',(-2.09302931596092,-2.9949352236446,0.1));
#10933=CARTESIAN_POINT('',(-2.09302931596092,-2.9949352236446,0.1));
#10934=CARTESIAN_POINT('Origin',(-2.2609145114184,-3.21381312253743,0.1));
#10935=CARTESIAN_POINT('Origin',(2.98638613861386,-2.0086955200097,0.1));
#10936=CARTESIAN_POINT('',(2.98638613861386,-2.0086955200097,0.1));
#10937=CARTESIAN_POINT('',(2.98638613861386,-2.0086955200097,0.1));
#10938=CARTESIAN_POINT('',(2.98638613861386,-2.22651730218792,0.1));
#10939=CARTESIAN_POINT('',(2.98638613861386,-2.0086955200097,0.1));
#10940=CARTESIAN_POINT('',(2.98638613861386,-2.22651730218792,0.1));
#10941=CARTESIAN_POINT('Origin',(2.98638613861386,-2.22651730218792,0.1));
#10942=CARTESIAN_POINT('',(4.43440594059406,-2.22651730218792,0.1));
#10943=CARTESIAN_POINT('',(2.98638613861386,-2.22651730218792,0.1));
#10944=CARTESIAN_POINT('',(4.43440594059406,-2.22651730218792,0.1));
#10945=CARTESIAN_POINT('Origin',(4.43440594059406,-2.22651730218792,0.1));
#10946=CARTESIAN_POINT('',(4.43440594059406,-2.0086955200097,0.1));
#10947=CARTESIAN_POINT('',(4.43440594059406,-2.22651730218792,0.1));
#10948=CARTESIAN_POINT('',(4.43440594059406,-2.0086955200097,0.1));
#10949=CARTESIAN_POINT('Origin',(4.43440594059406,-2.0086955200097,0.1));
#10950=CARTESIAN_POINT('',(4.43440594059406,-2.0086955200097,0.1));
#10951=CARTESIAN_POINT('Origin',(2.98638613861386,-2.11760641109881,0.1));
#10952=CARTESIAN_POINT('Origin',(-4.01856435643565,-2.01364601505921,0.1));
#10953=CARTESIAN_POINT('',(-4.01856435643565,-2.01364601505921,0.1));
#10954=CARTESIAN_POINT('',(-4.01856435643565,-2.01364601505921,0.1));
#10955=CARTESIAN_POINT('',(-4.01856435643565,-2.21661631208891,0.1));
#10956=CARTESIAN_POINT('',(-4.01856435643565,-2.01364601505921,0.1));
#10957=CARTESIAN_POINT('',(-4.01856435643565,-2.21661631208891,0.1));
#10958=CARTESIAN_POINT('Origin',(-4.01856435643565,-2.21661631208891,0.1));
#10959=CARTESIAN_POINT('',(-3.41460396039604,-2.21661631208891,0.1));
#10960=CARTESIAN_POINT('',(-4.01856435643565,-2.21661631208891,0.1));
#10961=CARTESIAN_POINT('',(-3.41460396039604,-2.21661631208891,0.1));
#10962=CARTESIAN_POINT('Origin',(-3.41460396039604,-2.21661631208891,0.1));
#10963=CARTESIAN_POINT('',(-3.41460396039604,-2.8626559160493,0.1));
#10964=CARTESIAN_POINT('',(-3.41460396039604,-2.21661631208891,0.1));
#10965=CARTESIAN_POINT('',(-3.41460396039604,-2.8626559160493,0.1));
#10966=CARTESIAN_POINT('Origin',(-3.41460396039604,-2.8626559160493,0.1));
#10967=CARTESIAN_POINT('',(-3.21163366336634,-2.8626559160493,0.1));
#10968=CARTESIAN_POINT('',(-3.41460396039604,-2.8626559160493,0.1));
#10969=CARTESIAN_POINT('',(-3.21163366336634,-2.8626559160493,0.1));
#10970=CARTESIAN_POINT('Origin',(-3.21163366336634,-2.8626559160493,0.1));
#10971=CARTESIAN_POINT('',(-3.21163366336634,-2.21661631208891,0.1));
#10972=CARTESIAN_POINT('',(-3.21163366336634,-2.8626559160493,0.1));
#10973=CARTESIAN_POINT('',(-3.21163366336634,-2.21661631208891,0.1));
#10974=CARTESIAN_POINT('Origin',(-3.21163366336634,-2.21661631208891,0.1));
#10975=CARTESIAN_POINT('',(-2.59777227722772,-2.21661631208891,0.1));
#10976=CARTESIAN_POINT('',(-3.21163366336634,-2.21661631208891,0.1));
#10977=CARTESIAN_POINT('',(-2.59777227722772,-2.21661631208891,0.1));
#10978=CARTESIAN_POINT('Origin',(-2.59777227722772,-2.21661631208891,0.1));
#10979=CARTESIAN_POINT('',(-2.59777227722772,-2.01364601505921,0.1));
#10980=CARTESIAN_POINT('',(-2.59777227722772,-2.21661631208891,0.1));
#10981=CARTESIAN_POINT('',(-2.59777227722772,-2.01364601505921,0.1));
#10982=CARTESIAN_POINT('Origin',(-2.59777227722772,-2.01364601505921,0.1));
#10983=CARTESIAN_POINT('',(-3.21163366336634,-2.01364601505921,0.1));
#10984=CARTESIAN_POINT('',(-2.59777227722772,-2.01364601505921,0.1));
#10985=CARTESIAN_POINT('',(-3.21163366336634,-2.01364601505921,0.1));
#10986=CARTESIAN_POINT('Origin',(-3.21163366336634,-2.01364601505921,0.1));
#10987=CARTESIAN_POINT('',(-3.21163366336634,-1.3626559160493,0.1));
#10988=CARTESIAN_POINT('',(-3.21163366336634,-2.01364601505921,0.1));
#10989=CARTESIAN_POINT('',(-3.21163366336634,-1.3626559160493,0.1));
#10990=CARTESIAN_POINT('Origin',(-3.21163366336634,-1.3626559160493,0.1));
#10991=CARTESIAN_POINT('',(-3.41460396039604,-1.3626559160493,0.1));
#10992=CARTESIAN_POINT('',(-3.21163366336634,-1.3626559160493,0.1));
#10993=CARTESIAN_POINT('',(-3.41460396039604,-1.3626559160493,0.1));
#10994=CARTESIAN_POINT('Origin',(-3.41460396039604,-1.3626559160493,0.1));
#10995=CARTESIAN_POINT('',(-3.41460396039604,-2.01364601505921,0.1));
#10996=CARTESIAN_POINT('',(-3.41460396039604,-1.3626559160493,0.1));
#10997=CARTESIAN_POINT('',(-3.41460396039604,-2.01364601505921,0.1));
#10998=CARTESIAN_POINT('Origin',(-3.41460396039604,-2.01364601505921,0.1));
#10999=CARTESIAN_POINT('',(-3.41460396039604,-2.01364601505921,0.1));
#11000=CARTESIAN_POINT('Origin',(-4.01856435643565,-2.11513116357406,0.1));
#11001=CARTESIAN_POINT('',(0.,0.,0.));
#11002=CARTESIAN_POINT('Origin',(5.49999999999999,1.4,-1.8375));
#11003=CARTESIAN_POINT('',(5.82499999999999,1.4,-1.9));
#11004=CARTESIAN_POINT('Origin',(5.49999999999999,1.4,-1.9));
#11005=CARTESIAN_POINT('',(5.94999999999999,1.4,-1.775));
#11006=CARTESIAN_POINT('',(5.88749999999999,1.4,-1.8375));
#11007=CARTESIAN_POINT('Origin',(5.49999999999999,1.4,-1.775));
#11008=CARTESIAN_POINT('Origin',(5.49999999999999,1.4,-3.35));
#11009=CARTESIAN_POINT('',(5.04999999999999,1.4,3.63));
#11010=CARTESIAN_POINT('',(5.94999999999999,1.4,3.63));
#11011=CARTESIAN_POINT('Origin',(5.49999999999999,1.4,3.63));
#11012=CARTESIAN_POINT('',(5.94999999999999,1.4,-3.35));
#11013=CARTESIAN_POINT('Origin',(5.49999999999999,1.4,3.63));
#11014=CARTESIAN_POINT('Origin',(-5.5,1.4,-1.9));
#11015=CARTESIAN_POINT('Origin',(5.49999999999999,1.4,3.65));
#11016=CARTESIAN_POINT('',(5.06999999999999,1.4,3.65));
#11017=CARTESIAN_POINT('Origin',(5.49999999999999,1.4,3.65));
#11018=CARTESIAN_POINT('Origin',(5.49999999999999,1.4,3.65));
#11019=CARTESIAN_POINT('',(5.06999999999999,1.4,3.65));
#11020=CARTESIAN_POINT('Origin',(-5.5,1.4,-1.8375));
#11021=CARTESIAN_POINT('',(-5.175,1.4,-1.9));
#11022=CARTESIAN_POINT('Origin',(-5.5,1.4,-1.9));
#11023=CARTESIAN_POINT('',(-5.05,1.4,-1.775));
#11024=CARTESIAN_POINT('',(-5.1125,1.4,-1.8375));
#11025=CARTESIAN_POINT('Origin',(-5.5,1.4,-1.775));
#11026=CARTESIAN_POINT('Origin',(-5.5,1.4,-3.35));
#11027=CARTESIAN_POINT('',(-5.95,1.4,3.63));
#11028=CARTESIAN_POINT('',(-5.05,1.4,3.63));
#11029=CARTESIAN_POINT('Origin',(-5.5,1.4,3.63));
#11030=CARTESIAN_POINT('',(-5.05,1.4,-3.35));
#11031=CARTESIAN_POINT('Origin',(-5.5,1.4,3.63));
#11032=CARTESIAN_POINT('Origin',(-5.5,1.4,-1.9));
#11033=CARTESIAN_POINT('Origin',(-5.5,1.4,3.65));
#11034=CARTESIAN_POINT('',(-5.07,1.4,3.65));
#11035=CARTESIAN_POINT('',(-5.93,1.4,3.65));
#11036=CARTESIAN_POINT('Origin',(-5.5,1.4,3.65));
#11037=CARTESIAN_POINT('Origin',(-5.5,1.4,3.65));
#11038=CARTESIAN_POINT('Origin',(-5.5,1.4,3.63));
#11039=CARTESIAN_POINT('',(-5.95,1.4,3.63));
#11040=CARTESIAN_POINT('',(0.,0.,0.));
#11041=CARTESIAN_POINT('Origin',(1.71450551880629E-16,-2.5,2.6));
#11042=CARTESIAN_POINT('',(1.86453494580939,-2.5,3.30617573230926));
#11043=CARTESIAN_POINT('',(2.49999999999999,-2.5,2.67071067811865));
#11044=CARTESIAN_POINT('',(2.49999999999999,-2.5,2.67071067811865));
#11045=CARTESIAN_POINT('',(3.1354650541906,-2.5,3.30617573230927));
#11046=CARTESIAN_POINT('',(2.49999999999999,-2.5,2.67071067811865));
#11047=CARTESIAN_POINT('Origin',(2.5,-2.5,2.6));
#11048=CARTESIAN_POINT('Origin',(2.49999999999999,4.,2.67071067811865));
#11049=CARTESIAN_POINT('',(1.86453494580943,3.5,3.3061757323093));
#11050=CARTESIAN_POINT('',(1.86453494580939,4.,3.30617573230926));
#11051=CARTESIAN_POINT('',(2.21912757304237,4.,2.95158310507607));
#11052=CARTESIAN_POINT('Ctrl Pts',(1.86453494580938,3.50000000000001,3.30617573230926));
#11053=CARTESIAN_POINT('Ctrl Pts',(1.86453494580938,3.56170502948841,3.30617573230926));
#11054=CARTESIAN_POINT('Ctrl Pts',(1.87476349366254,3.63432437246278,3.29594718445611));
#11055=CARTESIAN_POINT('Ctrl Pts',(1.90820899665417,3.74835725450948,3.26250168146447));
#11056=CARTESIAN_POINT('Ctrl Pts',(1.93735429163268,3.80993318038724,3.23335638648596));
#11057=CARTESIAN_POINT('Ctrl Pts',(1.99916578239566,3.89717843972665,3.17154489572298));
#11058=CARTESIAN_POINT('Ctrl Pts',(2.04276780303502,3.93828119999057,3.12794287508361));
#11059=CARTESIAN_POINT('Ctrl Pts',(2.12365042674262,3.98556399458814,3.04706025137602));
#11060=CARTESIAN_POINT('Ctrl Pts',(2.17527453675175,4.,2.99543614136689));
#11061=CARTESIAN_POINT('Ctrl Pts',(2.21912757304249,4.,2.95158310507615));
#11062=CARTESIAN_POINT('',(2.49999999999999,4.,2.67071067811865));
#11063=CARTESIAN_POINT('',(2.49999999999999,4.,2.67071067811865));
#11064=CARTESIAN_POINT('',(2.49999999999999,4.,2.67071067811865));
#11065=CARTESIAN_POINT('Origin',(2.49999999999999,4.,2.67071067811865));
#11066=CARTESIAN_POINT('',(2.78087242695748,4.,2.95158310507618));
#11067=CARTESIAN_POINT('',(2.49999999999999,4.,2.67071067811865));
#11068=CARTESIAN_POINT('',(3.13546505419066,3.5,3.30617573230922));
#11069=CARTESIAN_POINT('Ctrl Pts',(2.78087242695751,4.,2.95158310507617));
#11070=CARTESIAN_POINT('Ctrl Pts',(2.79256263847833,4.,2.963273316597));
#11071=CARTESIAN_POINT('Ctrl Pts',(2.80415557121593,3.99919210913585,2.9748662486485));
#11072=CARTESIAN_POINT('Ctrl Pts',(2.81565426376646,3.9976016387578,2.98636494172381));
#11073=CARTESIAN_POINT('Ctrl Pts',(2.82715295631699,3.99601116837976,2.99786363479912));
#11074=CARTESIAN_POINT('Ctrl Pts',(2.83855740619351,3.99363801248051,3.00926808570635));
#11075=CARTESIAN_POINT('Ctrl Pts',(2.84986799519507,3.99048538782862,3.02057867406091));
#11076=CARTESIAN_POINT('Ctrl Pts',(2.86117858419662,3.98733276317674,3.03188926241547));
#11077=CARTESIAN_POINT('Ctrl Pts',(2.87239532305393,3.98340075787671,3.04310600117259));
#11078=CARTESIAN_POINT('Ctrl Pts',(2.88351595585945,3.97867062299968,3.05422663397811));
#11079=CARTESIAN_POINT('Ctrl Pts',(2.8890762722622,3.97630555556116,3.05978695038086));
#11080=CARTESIAN_POINT('Ctrl Pts',(2.8946185143117,3.97373757590038,3.06532919243036));
#11081=CARTESIAN_POINT('Ctrl Pts',(2.90012341458196,3.97097153581744,3.07083409270062));
#11082=CARTESIAN_POINT('Ctrl Pts',(2.90562831485223,3.9682054957345,3.07633899297089));
#11083=CARTESIAN_POINT('Ctrl Pts',(2.91106217928299,3.96525881195342,3.08177286713511));
#11084=CARTESIAN_POINT('Ctrl Pts',(2.91642649791084,3.96213509907688,3.08713718264963));
#11085=CARTESIAN_POINT('Ctrl Pts',(2.92715513516655,3.95588767332382,3.09786581367867));
#11086=CARTESIAN_POINT('Ctrl Pts',(2.93760592002051,3.94893344723338,3.10831659812462));
#11087=CARTESIAN_POINT('Ctrl Pts',(2.94778407500167,3.9412856307486,3.11849475347798));
#11088=CARTESIAN_POINT('Ctrl Pts',(2.95796222998282,3.93363781426381,3.12867290883134));
#11089=CARTESIAN_POINT('Ctrl Pts',(2.9678677421355,3.92529638321645,3.13857842025417));
#11090=CARTESIAN_POINT('Ctrl Pts',(2.97749798054237,3.91625464674642,3.14820865866104));
#11091=CARTESIAN_POINT('Ctrl Pts',(2.98231309974581,3.9117337785114,3.15302377786447));
#11092=CARTESIAN_POINT('Ctrl Pts',(2.9870592799684,3.90703752733483,3.15776995808044));
#11093=CARTESIAN_POINT('Ctrl Pts',(2.99173543665547,3.90216313106686,3.16244611536268));
#11094=CARTESIAN_POINT('Ctrl Pts',(2.994073514999,3.89972593293287,3.1647841940038));
#11095=CARTESIAN_POINT('Ctrl Pts',(2.99639407812219,3.89724417976656,3.16710475624085));
#11096=CARTESIAN_POINT('Ctrl Pts',(2.99869694112317,3.8947173936843,3.16940761924183));
#11097=CARTESIAN_POINT('Ctrl Pts',(3.00099980412415,3.89219060760204,3.17171048224281));
#11098=CARTESIAN_POINT('Ctrl Pts',(3.00328812295938,3.88961509439699,3.17399880107804));
#11099=CARTESIAN_POINT('Ctrl Pts',(3.00554954663134,3.88700444347458,3.17626022475));
#11100=CARTESIAN_POINT('Ctrl Pts',(3.01459524131919,3.87656183978497,3.18530591943785));
#11101=CARTESIAN_POINT('Ctrl Pts',(3.02320352520451,3.86557152606707,3.19391419901057));
#11102=CARTESIAN_POINT('Ctrl Pts',(3.0313885013482,3.85405118721772,3.20209917816499));
#11103=CARTESIAN_POINT('Ctrl Pts',(3.0395734774919,3.84253084836837,3.21028415731941));
#11104=CARTESIAN_POINT('Ctrl Pts',(3.04733508424185,3.83048038047569,3.21804576598563));
#11105=CARTESIAN_POINT('Ctrl Pts',(3.05467490276844,3.81790177611194,3.22538558271178));
#11106=CARTESIAN_POINT('Ctrl Pts',(3.06201472129503,3.80532317174819,3.23272539943794));
#11107=CARTESIAN_POINT('Ctrl Pts',(3.06893279464199,3.79221648466757,3.23964347276065));
#11108=CARTESIAN_POINT('Ctrl Pts',(3.07541839671741,3.77856828083338,3.24612907483607));
#11109=CARTESIAN_POINT('Ctrl Pts',(3.07703979723626,3.77515622987483,3.24775047535492));
#11110=CARTESIAN_POINT('Ctrl Pts',(3.07863410537388,3.77171025540087,3.24934478349254));
#11111=CARTESIAN_POINT('Ctrl Pts',(3.08020102342638,3.76822998464387,3.25091170154504));
#11112=CARTESIAN_POINT('Ctrl Pts',(3.08176794147888,3.76474971388688,3.25247861959754));
#11113=CARTESIAN_POINT('Ctrl Pts',(3.08330870329692,3.76123200522438,3.25401938141558));
#11114=CARTESIAN_POINT('Ctrl Pts',(3.08481366284401,3.75769896537515,3.25552434096267));
#11115=CARTESIAN_POINT('Ctrl Pts',(3.08782358193819,3.75063288567668,3.25853426005685));
#11116=CARTESIAN_POINT('Ctrl Pts',(3.09069814771192,3.7434888846003,3.26140884245815));
#11117=CARTESIAN_POINT('Ctrl Pts',(3.09343999840172,3.73626839850227,3.26415068757602));
#11118=CARTESIAN_POINT('Ctrl Pts',(3.09892369978133,3.72182742630623,3.26963437781177));
#11119=CARTESIAN_POINT('Ctrl Pts',(3.10387736925646,3.70708121707171,3.27458804668355));
#11120=CARTESIAN_POINT('Ctrl Pts',(3.10830976024342,3.69203477461416,3.27902043801509));
#11121=CARTESIAN_POINT('Ctrl Pts',(3.11274215123038,3.67698833215662,3.28345282934664));
#11122=CARTESIAN_POINT('Ctrl Pts',(3.11665325184167,3.66164165427324,3.28736392996033));
#11123=CARTESIAN_POINT('Ctrl Pts',(3.1200366493054,3.64599104820678,3.29074732742406));
#11124=CARTESIAN_POINT('Ctrl Pts',(3.12172834803726,3.63816574517355,3.29243902615592));
#11125=CARTESIAN_POINT('Ctrl Pts',(3.12328788687379,3.63026432521835,3.29399856499246));
#11126=CARTESIAN_POINT('Ctrl Pts',(3.12471298759238,3.62228547620869,3.29542366571105));
#11127=CARTESIAN_POINT('Ctrl Pts',(3.12613808831098,3.61430662719904,3.29684876642964));
#11128=CARTESIAN_POINT('Ctrl Pts',(3.12743098706621,3.60623225237605,3.29814166518487));
#11129=CARTESIAN_POINT('Ctrl Pts',(3.12857772072498,3.59814232298386,3.29928839884364));
#11130=CARTESIAN_POINT('Ctrl Pts',(3.13087118804253,3.58196246419949,3.30158186616119));
#11131=CARTESIAN_POINT('Ctrl Pts',(3.13258881390965,3.56569353592667,3.30329949292578));
#11132=CARTESIAN_POINT('Ctrl Pts',(3.13373727643462,3.54933657064707,3.30444795500228));
#11133=CARTESIAN_POINT('Ctrl Pts',(3.13488573895959,3.53297960536748,3.30559641707878));
#11134=CARTESIAN_POINT('Ctrl Pts',(3.13546505419061,3.51653460625963,3.30617573230926));
#11135=CARTESIAN_POINT('Ctrl Pts',(3.1354650541906,3.5,3.30617573230927));
#11136=CARTESIAN_POINT('',(3.1354650541906,4.,3.30617573230927));
#11137=CARTESIAN_POINT('Origin',(2.5,4.,2.6));
#11138=CARTESIAN_POINT('Origin',(2.5,3.5,2.6));
#11139=CARTESIAN_POINT('Origin',(2.5,4.,2.6));
#11140=CARTESIAN_POINT('Origin',(2.5,4.,2.6));
#11141=CARTESIAN_POINT('Ctrl Pts',(2.80100976251138,4.,2.93450429425171));
#11142=CARTESIAN_POINT('Ctrl Pts',(2.50000000000001,4.00000000000001,3.20537339424287));
#11143=CARTESIAN_POINT('Ctrl Pts',(2.19899023748863,4.,2.93450429425174));
#11144=CARTESIAN_POINT('Ctrl Pts',(3.13546505419067,4.00000000000001,3.30617573230922));
#11145=CARTESIAN_POINT('Ctrl Pts',(2.50000000000004,4.00000000000003,3.8780104989572));
#11146=CARTESIAN_POINT('Ctrl Pts',(1.86453494580936,4.,3.30617573230926));
#11147=CARTESIAN_POINT('Ctrl Pts',(3.13546505419066,3.49999999999999,3.30617573230922));
#11148=CARTESIAN_POINT('Ctrl Pts',(2.50000000000004,3.50000000000001,3.87801049895718));
#11149=CARTESIAN_POINT('Ctrl Pts',(1.86453494580938,3.49999999999999,3.30617573230926));
#11150=CARTESIAN_POINT('Origin',(-2.5,-6.6,2.6));
#11151=CARTESIAN_POINT('',(-1.65,-6.6,2.6));
#11152=CARTESIAN_POINT('',(-2.5,-6.6,1.75));
#11153=CARTESIAN_POINT('Origin',(-2.5,-6.6,2.6));
#11154=CARTESIAN_POINT('',(-2.5,-6.5,1.65));
#11155=CARTESIAN_POINT('Origin',(-2.5,-6.6,1.65));
#11156=CARTESIAN_POINT('',(-1.55,-6.5,2.6));
#11157=CARTESIAN_POINT('Origin',(-2.5,-6.5,2.6));
#11158=CARTESIAN_POINT('',(-2.5,-6.5,3.55));
#11159=CARTESIAN_POINT('Origin',(-2.5,-6.5,2.6));
#11160=CARTESIAN_POINT('Origin',(-2.5,-6.5,2.6));
#11161=CARTESIAN_POINT('Origin',(-2.5,-6.6,2.6));
#11162=CARTESIAN_POINT('Origin',(-2.5,-6.4,2.6));
#11163=CARTESIAN_POINT('',(-2.5,-6.4,3.65));
#11164=CARTESIAN_POINT('Origin',(-2.5,-6.4,3.55));
#11165=CARTESIAN_POINT('',(-1.45,-6.4,2.6));
#11166=CARTESIAN_POINT('Origin',(-2.5,-6.4,2.6));
#11167=CARTESIAN_POINT('Origin',(-2.5,-6.4,2.6));
#11168=CARTESIAN_POINT('Origin',(-2.5,-6.5,2.6));
#11169=CARTESIAN_POINT('',(-1.45,-4.5,2.6));
#11170=CARTESIAN_POINT('',(-1.45,-6.5,2.6));
#11171=CARTESIAN_POINT('Origin',(-2.5,-4.5,2.6));
#11172=CARTESIAN_POINT('Origin',(-2.5,-8.6,0.0531754163448151));
#11173=CARTESIAN_POINT('',(-3.3125,-8.6,0.101587708172408));
#11174=CARTESIAN_POINT('',(-1.6875,-8.6,0.101587708172408));
#11175=CARTESIAN_POINT('Origin',(-2.5,-8.6,0.101587708172408));
#11176=CARTESIAN_POINT('Origin',(-2.5,-8.6,0.101587708172408));
#11177=CARTESIAN_POINT('',(-3.275,-8.6,0.0531754163448152));
#11178=CARTESIAN_POINT('Origin',(-3.325,-8.6,0.0531754163448151));
#11179=CARTESIAN_POINT('',(-1.725,-8.6,0.0531754163448152));
#11180=CARTESIAN_POINT('Origin',(-2.5,-8.6,0.0531754163448152));
#11181=CARTESIAN_POINT('Origin',(-2.5,-8.6,0.0531754163448152));
#11182=CARTESIAN_POINT('Origin',(-2.5,-8.6,0.600000000000001));
#11183=CARTESIAN_POINT('',(-3.275,-8.6,-1.725));
#11184=CARTESIAN_POINT('',(-1.725,-8.6,-1.725));
#11185=CARTESIAN_POINT('Origin',(-2.5,-8.6,-1.725));
#11186=CARTESIAN_POINT('Origin',(-2.5,-8.6,-1.725));
#11187=CARTESIAN_POINT('',(-1.725,-8.6,0.600000000000001));
#11188=CARTESIAN_POINT('Origin',(-2.5,-8.6,0.150000000000001));
#11189=CARTESIAN_POINT('',(-1.65,-8.6,0.150000000000001));
#11190=CARTESIAN_POINT('Origin',(-1.7,-8.6,0.150000000000001));
#11191=CARTESIAN_POINT('',(-3.35,-8.6,0.150000000000001));
#11192=CARTESIAN_POINT('Origin',(-2.5,-8.6,0.150000000000001));
#11193=CARTESIAN_POINT('Origin',(-2.5,-8.6,0.150000000000001));
#11194=CARTESIAN_POINT('Origin',(-2.5,-8.6,0.600000000000001));
#11195=CARTESIAN_POINT('',(-1.65,-8.6,0.600000000000001));
#11196=CARTESIAN_POINT('',(-1.65,-8.6,0.600000000000001));
#11197=CARTESIAN_POINT('',(-3.35,-8.6,0.600000000000001));
#11198=CARTESIAN_POINT('Origin',(-2.5,-8.6,0.600000000000001));
#11199=CARTESIAN_POINT('',(-2.5,-7.75,0.600000000000001));
#11200=CARTESIAN_POINT('Origin',(-2.5,-8.6,0.600000000000001));
#11201=CARTESIAN_POINT('Origin',(-2.5,-8.6,0.600000000000001));
#11202=CARTESIAN_POINT('Origin',(-2.5,-6.6,0.600000000000001));
#11203=CARTESIAN_POINT('Origin',(-2.5,-6.6,0.600000000000001));
#11204=CARTESIAN_POINT('Origin',(4.163799117101E-16,-4.5,2.6));
#11205=CARTESIAN_POINT('Origin',(-2.5,-8.6,-1.9));
#11206=CARTESIAN_POINT('',(-3.1,-8.6,-1.9));
#11207=CARTESIAN_POINT('Origin',(-2.5,-8.6,-1.9));
#11208=CARTESIAN_POINT('Origin',(-2.5,-8.6,-1.8125));
#11209=CARTESIAN_POINT('',(-3.1875,-8.6,-1.8125));
#11210=CARTESIAN_POINT('Origin',(2.5,-6.6,2.6));
#11211=CARTESIAN_POINT('',(1.65,-6.6,2.6));
#11212=CARTESIAN_POINT('',(2.5,-6.6,1.75));
#11213=CARTESIAN_POINT('Origin',(2.5,-6.6,2.6));
#11214=CARTESIAN_POINT('Origin',(2.5,-6.6,2.6));
#11215=CARTESIAN_POINT('',(2.5,-6.5,1.65));
#11216=CARTESIAN_POINT('Origin',(2.5,-6.6,1.65));
#11217=CARTESIAN_POINT('',(2.5,-6.5,3.55));
#11218=CARTESIAN_POINT('Origin',(2.5,-6.5,2.6));
#11219=CARTESIAN_POINT('',(1.55,-6.5,2.6));
#11220=CARTESIAN_POINT('Origin',(2.5,-6.5,2.6));
#11221=CARTESIAN_POINT('Origin',(2.5,-6.5,2.6));
#11222=CARTESIAN_POINT('Origin',(2.5,-6.4,2.6));
#11223=CARTESIAN_POINT('',(2.5,-6.4,3.65));
#11224=CARTESIAN_POINT('Origin',(2.5,-6.4,3.55));
#11225=CARTESIAN_POINT('',(1.45,-6.4,2.6));
#11226=CARTESIAN_POINT('Origin',(2.5,-6.4,2.6));
#11227=CARTESIAN_POINT('Origin',(2.5,-6.4,2.6));
#11228=CARTESIAN_POINT('Origin',(2.5,-6.5,2.6));
#11229=CARTESIAN_POINT('',(1.45,-4.5,2.6));
#11230=CARTESIAN_POINT('',(1.45,-6.5,2.6));
#11231=CARTESIAN_POINT('Origin',(2.5,-4.5,2.6));
#11232=CARTESIAN_POINT('Origin',(2.5,-8.6,0.0531754163448151));
#11233=CARTESIAN_POINT('',(3.3125,-8.6,0.101587708172408));
#11234=CARTESIAN_POINT('',(1.6875,-8.6,0.101587708172408));
#11235=CARTESIAN_POINT('Origin',(2.5,-8.6,0.101587708172408));
#11236=CARTESIAN_POINT('Origin',(2.5,-8.6,0.101587708172408));
#11237=CARTESIAN_POINT('',(3.275,-8.6,0.0531754163448152));
#11238=CARTESIAN_POINT('Origin',(3.325,-8.6,0.0531754163448151));
#11239=CARTESIAN_POINT('',(1.725,-8.6,0.0531754163448152));
#11240=CARTESIAN_POINT('Origin',(2.5,-8.6,0.0531754163448152));
#11241=CARTESIAN_POINT('Origin',(2.5,-8.6,0.0531754163448152));
#11242=CARTESIAN_POINT('Origin',(2.5,-8.6,0.600000000000001));
#11243=CARTESIAN_POINT('',(3.275,-8.6,-1.725));
#11244=CARTESIAN_POINT('',(1.725,-8.6,-1.725));
#11245=CARTESIAN_POINT('Origin',(2.5,-8.6,-1.725));
#11246=CARTESIAN_POINT('Origin',(2.5,-8.6,-1.725));
#11247=CARTESIAN_POINT('',(1.725,-8.6,0.600000000000001));
#11248=CARTESIAN_POINT('Origin',(2.5,-8.6,0.150000000000001));
#11249=CARTESIAN_POINT('',(3.35,-8.6,0.150000000000001));
#11250=CARTESIAN_POINT('',(1.65,-8.6,0.150000000000001));
#11251=CARTESIAN_POINT('Origin',(2.5,-8.6,0.150000000000001));
#11252=CARTESIAN_POINT('Origin',(1.7,-8.6,0.150000000000001));
#11253=CARTESIAN_POINT('Origin',(2.5,-8.6,0.150000000000001));
#11254=CARTESIAN_POINT('Origin',(2.5,-8.6,0.600000000000001));
#11255=CARTESIAN_POINT('',(1.65,-8.6,0.600000000000001));
#11256=CARTESIAN_POINT('',(1.65,-8.6,0.600000000000001));
#11257=CARTESIAN_POINT('',(2.5,-7.75,0.600000000000001));
#11258=CARTESIAN_POINT('Origin',(2.5,-8.6,0.600000000000001));
#11259=CARTESIAN_POINT('Origin',(2.5,-8.6,0.600000000000001));
#11260=CARTESIAN_POINT('Origin',(2.5,-6.6,0.600000000000001));
#11261=CARTESIAN_POINT('Origin',(2.5,-6.6,0.600000000000001));
#11262=CARTESIAN_POINT('Origin',(4.163799117101E-16,-4.5,2.6));
#11263=CARTESIAN_POINT('Origin',(2.5,-8.6,-1.8125));
#11264=CARTESIAN_POINT('',(3.1,-8.6,-1.9));
#11265=CARTESIAN_POINT('',(3.1875,-8.6,-1.8125));
#11266=CARTESIAN_POINT('Origin',(2.5,-8.6,-1.9));
#11267=CARTESIAN_POINT('Origin',(2.5,-8.6,-1.9));
#11268=CARTESIAN_POINT('Ctrl Pts',(-1.79382426769073,3.5,3.23546505419061));
#11269=CARTESIAN_POINT('Ctrl Pts',(-1.22198950104285,3.49999999999997,2.6));
#11270=CARTESIAN_POINT('Ctrl Pts',(-1.79382426769073,3.5,1.96453494580939));
#11271=CARTESIAN_POINT('Ctrl Pts',(-1.79382426769072,4.00000000000001,3.23546505419061));
#11272=CARTESIAN_POINT('Ctrl Pts',(-1.22198950104284,3.99999999999999,2.6));
#11273=CARTESIAN_POINT('Ctrl Pts',(-1.79382426769072,4.00000000000001,1.9645349458094));
#11274=CARTESIAN_POINT('Ctrl Pts',(-2.16549570574824,4.,2.90100976251134));
#11275=CARTESIAN_POINT('Ctrl Pts',(-1.89462660575714,3.99999999999999,2.6));
#11276=CARTESIAN_POINT('Ctrl Pts',(-2.16549570574824,4.,2.29899023748867));
#11277=CARTESIAN_POINT('',(-1.79382426769072,3.5,3.2354650541906));
#11278=CARTESIAN_POINT('',(-2.14841689492385,4.,2.88087242695754));
#11279=CARTESIAN_POINT('Ctrl Pts',(-1.79382426769073,3.49999999999999,3.23546505419061));
#11280=CARTESIAN_POINT('Ctrl Pts',(-1.79382426769073,3.56165924274299,3.23546505419061));
#11281=CARTESIAN_POINT('Ctrl Pts',(-1.80403782291751,3.63422678486604,3.22525149896383));
#11282=CARTESIAN_POINT('Ctrl Pts',(-1.83743524947561,3.74818861374619,3.19185407240573));
#11283=CARTESIAN_POINT('Ctrl Pts',(-1.86654004884077,3.80973660149792,3.16274927304057));
#11284=CARTESIAN_POINT('Ctrl Pts',(-1.9283158613957,3.89703214746004,3.10097346048564));
#11285=CARTESIAN_POINT('Ctrl Pts',(-1.97193758146227,3.93819201773054,3.05735174041907));
#11286=CARTESIAN_POINT('Ctrl Pts',(-2.05287046467355,3.98554282797076,2.97641885720779));
#11287=CARTESIAN_POINT('Ctrl Pts',(-2.10453136363637,4.,2.92475795824496));
#11288=CARTESIAN_POINT('Ctrl Pts',(-2.14841689492382,4.,2.88087242695752));
#11289=CARTESIAN_POINT('',(-1.79382426769066,3.5,1.96453494580947));
#11290=CARTESIAN_POINT('Origin',(-2.5,3.5,2.6));
#11291=CARTESIAN_POINT('',(-2.14841689492386,4.,2.31912757304246));
#11292=CARTESIAN_POINT('Ctrl Pts',(-2.14841689492383,4.,2.31912757304249));
#11293=CARTESIAN_POINT('Ctrl Pts',(-2.136726683403,4.,2.30743736152166));
#11294=CARTESIAN_POINT('Ctrl Pts',(-2.1251337513515,3.99919210913585,2.29584442878406));
#11295=CARTESIAN_POINT('Ctrl Pts',(-2.11363505827619,3.99760163875781,2.28434573623353));
#11296=CARTESIAN_POINT('Ctrl Pts',(-2.10213636520088,3.99601116837976,2.272847043683));
#11297=CARTESIAN_POINT('Ctrl Pts',(-2.09073191429365,3.99363801248051,2.26144259380649));
#11298=CARTESIAN_POINT('Ctrl Pts',(-2.07942132593909,3.99048538782863,2.25013200480493));
#11299=CARTESIAN_POINT('Ctrl Pts',(-2.06811073758452,3.98733276317674,2.23882141580337));
#11300=CARTESIAN_POINT('Ctrl Pts',(-2.0568939988274,3.98340075787672,2.22760467694607));
#11301=CARTESIAN_POINT('Ctrl Pts',(-2.04577336602189,3.97867062299968,2.21648404414056));
#11302=CARTESIAN_POINT('Ctrl Pts',(-2.04021304961914,3.97630555556117,2.2109237277378));
#11303=CARTESIAN_POINT('Ctrl Pts',(-2.03467080756964,3.97373757590039,2.2053814856883));
#11304=CARTESIAN_POINT('Ctrl Pts',(-2.02916590729937,3.97097153581745,2.19987658541803));
#11305=CARTESIAN_POINT('Ctrl Pts',(-2.02366100702911,3.96820549573451,2.19437168514777));
#11306=CARTESIAN_POINT('Ctrl Pts',(-2.01822713284181,3.96525881194464,2.18893782069638));
#11307=CARTESIAN_POINT('Ctrl Pts',(-2.01286281724121,3.96213509899126,2.18357350189776));
#11308=CARTESIAN_POINT('Ctrl Pts',(-2.00213418604002,3.95588767308449,2.17284486430053));
#11309=CARTESIAN_POINT('Ctrl Pts',(-1.99168340174,3.94893344685438,2.16239407901774));
#11310=CARTESIAN_POINT('Ctrl Pts',(-1.98150524671689,3.94128563062104,2.15221592440636));
#11311=CARTESIAN_POINT('Ctrl Pts',(-1.97132709169378,3.9336378143877,2.14203776979498));
#11312=CARTESIAN_POINT('Ctrl Pts',(-1.96142157974584,3.92529638321646,2.13213225786449));
#11313=CARTESIAN_POINT('Ctrl Pts',(-1.95179134133897,3.91625464674642,2.12250201945762));
#11314=CARTESIAN_POINT('Ctrl Pts',(-1.94697622213553,3.91173377851141,2.11768690025419));
#11315=CARTESIAN_POINT('Ctrl Pts',(-1.94223004191956,3.90703752733483,2.1129407200316));
#11316=CARTESIAN_POINT('Ctrl Pts',(-1.93755388463732,3.90216313106686,2.10826456334452));
#11317=CARTESIAN_POINT('Ctrl Pts',(-1.9352158059962,3.89972593293288,2.10592648500099));
#11318=CARTESIAN_POINT('Ctrl Pts',(-1.93289524375915,3.89724417976657,2.10360592187781));
#11319=CARTESIAN_POINT('Ctrl Pts',(-1.93059238075817,3.8947173936843,2.10130305887683));
#11320=CARTESIAN_POINT('Ctrl Pts',(-1.92828951775719,3.89219060760204,2.09900019587585));
#11321=CARTESIAN_POINT('Ctrl Pts',(-1.92600119892196,3.88961509439699,2.09671187704062));
#11322=CARTESIAN_POINT('Ctrl Pts',(-1.92373977524999,3.88700444347458,2.09445045336866));
#11323=CARTESIAN_POINT('Ctrl Pts',(-1.91469408056214,3.87656183978497,2.08540475868081));
#11324=CARTESIAN_POINT('Ctrl Pts',(-1.90608580098943,3.86557152606708,2.07679647479549));
#11325=CARTESIAN_POINT('Ctrl Pts',(-1.89790082183501,3.85405118721772,2.06861149865179));
#11326=CARTESIAN_POINT('Ctrl Pts',(-1.88971584268059,3.84253084836836,2.06042652250809));
#11327=CARTESIAN_POINT('Ctrl Pts',(-1.88195423401437,3.83048038047568,2.05266491575814));
#11328=CARTESIAN_POINT('Ctrl Pts',(-1.87461441728821,3.81790177611193,2.04532509723155));
#11329=CARTESIAN_POINT('Ctrl Pts',(-1.86727460056206,3.80532317174818,2.03798527870496));
#11330=CARTESIAN_POINT('Ctrl Pts',(-1.86035652723935,3.79221648466757,2.03106720535801));
#11331=CARTESIAN_POINT('Ctrl Pts',(-1.85387092516393,3.77856828083338,2.02458160328258));
#11332=CARTESIAN_POINT('Ctrl Pts',(-1.85224952464508,3.77515622987483,2.02296020276373));
#11333=CARTESIAN_POINT('Ctrl Pts',(-1.85065521650746,3.77171025540088,2.02136589462612));
#11334=CARTESIAN_POINT('Ctrl Pts',(-1.84908829845496,3.76822998464388,2.01979897657362));
#11335=CARTESIAN_POINT('Ctrl Pts',(-1.84752138040246,3.76474971388688,2.01823205852112));
#11336=CARTESIAN_POINT('Ctrl Pts',(-1.84598061858442,3.76123200522438,2.01669129670308));
#11337=CARTESIAN_POINT('Ctrl Pts',(-1.84447565903732,3.75769896537515,2.01518633715599));
#11338=CARTESIAN_POINT('Ctrl Pts',(-1.84146573994314,3.75063288567667,2.01217641806181));
#11339=CARTESIAN_POINT('Ctrl Pts',(-1.83859115754184,3.74348888460029,2.00930185228808));
#11340=CARTESIAN_POINT('Ctrl Pts',(-1.83584931242397,3.73626839850227,2.00656000159827));
#11341=CARTESIAN_POINT('Ctrl Pts',(-1.83036562218822,3.72182742630623,2.00107630021867));
#11342=CARTESIAN_POINT('Ctrl Pts',(-1.82541195331645,3.7070812170717,1.99612263074354));
#11343=CARTESIAN_POINT('Ctrl Pts',(-1.8209795619849,3.69203477461416,1.99169023975657));
#11344=CARTESIAN_POINT('Ctrl Pts',(-1.81654717065336,3.67698833215661,1.98725784876961));
#11345=CARTESIAN_POINT('Ctrl Pts',(-1.81263607003966,3.66164165427324,1.98334674815832));
#11346=CARTESIAN_POINT('Ctrl Pts',(-1.80925267257594,3.64599104820678,1.97996335069459));
#11347=CARTESIAN_POINT('Ctrl Pts',(-1.80756097384408,3.63816574517355,1.97827165196273));
#11348=CARTESIAN_POINT('Ctrl Pts',(-1.80600143500754,3.63026432521835,1.97671211312621));
#11349=CARTESIAN_POINT('Ctrl Pts',(-1.80457633428895,3.62228547620869,1.97528701240761));
#11350=CARTESIAN_POINT('Ctrl Pts',(-1.80315123357036,3.61430662719904,1.97386191168902));
#11351=CARTESIAN_POINT('Ctrl Pts',(-1.80185833481513,3.60623225237605,1.97256901293379));
#11352=CARTESIAN_POINT('Ctrl Pts',(-1.80071160115635,3.59814232298387,1.97142227927501));
#11353=CARTESIAN_POINT('Ctrl Pts',(-1.79841813383881,3.58196246419949,1.96912881195747));
#11354=CARTESIAN_POINT('Ctrl Pts',(-1.79670050707421,3.56569353592667,1.96741118609035));
#11355=CARTESIAN_POINT('Ctrl Pts',(-1.79555204499771,3.54933657064708,1.96626272356538));
#11356=CARTESIAN_POINT('Ctrl Pts',(-1.79440358292121,3.53297960536748,1.96511426104042));
#11357=CARTESIAN_POINT('Ctrl Pts',(-1.79382426769073,3.51653460625963,1.96453494580939));
#11358=CARTESIAN_POINT('Ctrl Pts',(-1.79382426769073,3.5,1.96453494580939));
#11359=CARTESIAN_POINT('Origin',(-2.5,4.,2.6));
#11360=CARTESIAN_POINT('Origin',(-2.5,4.,2.6));
#11361=CARTESIAN_POINT('',(-2.42928932188134,4.,2.6));
#11362=CARTESIAN_POINT('',(-2.42928932188134,4.,2.6));
#11363=CARTESIAN_POINT('',(-1.79382426769073,4.,1.96453494580939));
#11364=CARTESIAN_POINT('Origin',(-2.42928932188134,4.,2.6));
#11365=CARTESIAN_POINT('',(-1.79382426769073,-2.5,3.23546505419061));
#11366=CARTESIAN_POINT('',(-1.79382426769073,4.,3.23546505419061));
#11367=CARTESIAN_POINT('',(-2.42928932188134,-2.5,2.6));
#11368=CARTESIAN_POINT('',(-2.42928932188134,4.,2.6));
#11369=CARTESIAN_POINT('',(-2.42928932188134,-2.5,2.6));
#11370=CARTESIAN_POINT('Origin',(-1.79382426769073,4.,1.96453494580939));
#11371=CARTESIAN_POINT('',(-1.79382426769073,-2.5,1.96453494580939));
#11372=CARTESIAN_POINT('',(-1.79382426769073,4.,1.96453494580939));
#11373=CARTESIAN_POINT('',(-1.79382426769073,-2.5,1.96453494580939));
#11374=CARTESIAN_POINT('Origin',(-2.5,4.,2.6));
#11375=CARTESIAN_POINT('Origin',(-2.5,-2.5,2.6));
#11376=CARTESIAN_POINT('Origin',(1.71450551880629E-16,-2.5,2.6));
#11377=CARTESIAN_POINT('Origin',(1.71450551880629E-16,-2.5,2.6));
#11378=CARTESIAN_POINT('',(-3.20617573230926,-2.5,1.96453494580939));
#11379=CARTESIAN_POINT('',(-2.57071067811865,-2.5,2.6));
#11380=CARTESIAN_POINT('',(-3.20617573230926,-2.5,1.96453494580939));
#11381=CARTESIAN_POINT('',(-3.20617573230926,-2.5,3.23546505419061));
#11382=CARTESIAN_POINT('',(-2.57071067811865,-2.5,2.6));
#11383=CARTESIAN_POINT('Origin',(-2.5,-2.5,2.6));
#11384=CARTESIAN_POINT('Origin',(-3.20617573230926,4.,1.96453494580939));
#11385=CARTESIAN_POINT('',(-3.20617573230927,3.5,1.96453494580941));
#11386=CARTESIAN_POINT('',(-3.20617573230926,4.,1.96453494580939));
#11387=CARTESIAN_POINT('',(-2.85158310507612,4.,2.31912757304244));
#11388=CARTESIAN_POINT('Ctrl Pts',(-3.20617573230928,3.5,1.96453494580937));
#11389=CARTESIAN_POINT('Ctrl Pts',(-3.20617573230928,3.561659242743,1.96453494580937));
#11390=CARTESIAN_POINT('Ctrl Pts',(-3.19596217708249,3.63422678486605,1.97474850103615));
#11391=CARTESIAN_POINT('Ctrl Pts',(-3.16256475052439,3.7481886137462,2.00814592759426));
#11392=CARTESIAN_POINT('Ctrl Pts',(-3.13345995115923,3.80973660149793,2.03725072695942));
#11393=CARTESIAN_POINT('Ctrl Pts',(-3.0716841386043,3.89703214746004,2.09902653951435));
#11394=CARTESIAN_POINT('Ctrl Pts',(-3.02806241853773,3.93819201773054,2.14264825958092));
#11395=CARTESIAN_POINT('Ctrl Pts',(-2.94712953532645,3.98554282797076,2.2235811427922));
#11396=CARTESIAN_POINT('Ctrl Pts',(-2.89546863636362,4.,2.27524204175503));
#11397=CARTESIAN_POINT('Ctrl Pts',(-2.85158310507618,3.99999999999999,2.31912757304247));
#11398=CARTESIAN_POINT('',(-2.57071067811865,4.,2.6));
#11399=CARTESIAN_POINT('',(-3.20617573230926,4.,1.96453494580939));
#11400=CARTESIAN_POINT('',(-2.57071067811865,4.,2.6));
#11401=CARTESIAN_POINT('Origin',(-2.57071067811865,4.,2.6));
#11402=CARTESIAN_POINT('',(-2.85158310507622,4.,2.88087242695744));
#11403=CARTESIAN_POINT('',(-2.57071067811865,4.,2.6));
#11404=CARTESIAN_POINT('',(-3.2061757323091,3.5,3.23546505419078));
#11405=CARTESIAN_POINT('Ctrl Pts',(-2.85158310507616,4.,2.88087242695751));
#11406=CARTESIAN_POINT('Ctrl Pts',(-2.86327331659699,4.,2.89256263847834));
#11407=CARTESIAN_POINT('Ctrl Pts',(-2.87486624864849,3.99919210913585,2.90415557121594));
#11408=CARTESIAN_POINT('Ctrl Pts',(-2.8863649417238,3.9976016387578,2.91565426376647));
#11409=CARTESIAN_POINT('Ctrl Pts',(-2.89786363479911,3.99601116837976,2.927152956317));
#11410=CARTESIAN_POINT('Ctrl Pts',(-2.90926808570634,3.99363801248051,2.93855740619352));
#11411=CARTESIAN_POINT('Ctrl Pts',(-2.9205786740609,3.99048538782862,2.94986799519507));
#11412=CARTESIAN_POINT('Ctrl Pts',(-2.93188926241546,3.98733276317673,2.96117858419663));
#11413=CARTESIAN_POINT('Ctrl Pts',(-2.94310600117258,3.98340075787671,2.97239532305394));
#11414=CARTESIAN_POINT('Ctrl Pts',(-2.9542266339781,3.97867062299967,2.98351595585945));
#11415=CARTESIAN_POINT('Ctrl Pts',(-2.95978695038086,3.97630555556116,2.98907627226221));
#11416=CARTESIAN_POINT('Ctrl Pts',(-2.96532919243036,3.97373757590037,2.99461851431171));
#11417=CARTESIAN_POINT('Ctrl Pts',(-2.97083409270062,3.97097153581744,3.00012341458197));
#11418=CARTESIAN_POINT('Ctrl Pts',(-2.97633899297088,3.9682054957345,3.00562831485223));
#11419=CARTESIAN_POINT('Ctrl Pts',(-2.98177286715818,3.96525881194464,3.01106217930362));
#11420=CARTESIAN_POINT('Ctrl Pts',(-2.98713718275878,3.96213509899125,3.01642649810224));
#11421=CARTESIAN_POINT('Ctrl Pts',(-2.99786581395997,3.95588767308448,3.02715513569948));
#11422=CARTESIAN_POINT('Ctrl Pts',(-3.00831659825999,3.94893344685438,3.03760592098226));
#11423=CARTESIAN_POINT('Ctrl Pts',(-3.0184947532831,3.94128563062104,3.04778407559364));
#11424=CARTESIAN_POINT('Ctrl Pts',(-3.02867290830621,3.9336378143877,3.05796223020502));
#11425=CARTESIAN_POINT('Ctrl Pts',(-3.03857842025416,3.92529638321644,3.06786774213551));
#11426=CARTESIAN_POINT('Ctrl Pts',(-3.04820865866103,3.91625464674641,3.07749798054237));
#11427=CARTESIAN_POINT('Ctrl Pts',(-3.05302377786447,3.91173377851139,3.08231309974581));
#11428=CARTESIAN_POINT('Ctrl Pts',(-3.05776995808044,3.90703752733482,3.08705927996841));
#11429=CARTESIAN_POINT('Ctrl Pts',(-3.06244611536268,3.90216313106685,3.09173543665547));
#11430=CARTESIAN_POINT('Ctrl Pts',(-3.0647841940038,3.89972593293286,3.09407351499901));
#11431=CARTESIAN_POINT('Ctrl Pts',(-3.06710475624084,3.89724417976656,3.0963940781222));
#11432=CARTESIAN_POINT('Ctrl Pts',(-3.06940761924182,3.8947173936843,3.09869694112317));
#11433=CARTESIAN_POINT('Ctrl Pts',(-3.0717104822428,3.89219060760203,3.10099980412415));
#11434=CARTESIAN_POINT('Ctrl Pts',(-3.07399880107803,3.88961509439698,3.10328812295938));
#11435=CARTESIAN_POINT('Ctrl Pts',(-3.07626022474999,3.88700444347458,3.10554954663134));
#11436=CARTESIAN_POINT('Ctrl Pts',(-3.08530591943784,3.87656183978496,3.1145952413192));
#11437=CARTESIAN_POINT('Ctrl Pts',(-3.09391419901056,3.86557152606706,3.12320352520452));
#11438=CARTESIAN_POINT('Ctrl Pts',(-3.10209917816498,3.85405118721771,3.13138850134821));
#11439=CARTESIAN_POINT('Ctrl Pts',(-3.11028415731939,3.84253084836836,3.13957347749191));
#11440=CARTESIAN_POINT('Ctrl Pts',(-3.11804576598562,3.83048038047569,3.14733508424186));
#11441=CARTESIAN_POINT('Ctrl Pts',(-3.12538558271177,3.81790177611193,3.15467490276844));
#11442=CARTESIAN_POINT('Ctrl Pts',(-3.13272539943792,3.80532317174818,3.16201472129503));
#11443=CARTESIAN_POINT('Ctrl Pts',(-3.13964347276064,3.79221648466756,3.168932794642));
#11444=CARTESIAN_POINT('Ctrl Pts',(-3.14612907483606,3.77856828083337,3.17541839671741));
#11445=CARTESIAN_POINT('Ctrl Pts',(-3.14775047535491,3.77515622987482,3.17703979723626));
#11446=CARTESIAN_POINT('Ctrl Pts',(-3.14934478349253,3.77171025540087,3.17863410537388));
#11447=CARTESIAN_POINT('Ctrl Pts',(-3.15091170154503,3.76822998464387,3.18020102342638));
#11448=CARTESIAN_POINT('Ctrl Pts',(-3.15247861959753,3.76474971388688,3.18176794147888));
#11449=CARTESIAN_POINT('Ctrl Pts',(-3.15401938141556,3.76123200522438,3.18330870329693));
#11450=CARTESIAN_POINT('Ctrl Pts',(-3.15552434096266,3.75769896537514,3.18481366284402));
#11451=CARTESIAN_POINT('Ctrl Pts',(-3.15853426005684,3.75063288567667,3.1878235819382));
#11452=CARTESIAN_POINT('Ctrl Pts',(-3.16140884245814,3.74348888460028,3.19069814771192));
#11453=CARTESIAN_POINT('Ctrl Pts',(-3.16415068757601,3.73626839850226,3.19343999840173));
#11454=CARTESIAN_POINT('Ctrl Pts',(-3.16963437781176,3.72182742630623,3.19892369978133));
#11455=CARTESIAN_POINT('Ctrl Pts',(-3.17458804668353,3.70708121707171,3.20387736925646));
#11456=CARTESIAN_POINT('Ctrl Pts',(-3.17902043801508,3.69203477461416,3.20830976024342));
#11457=CARTESIAN_POINT('Ctrl Pts',(-3.18345282934662,3.67698833215662,3.21274215123038));
#11458=CARTESIAN_POINT('Ctrl Pts',(-3.18736392996032,3.66164165427324,3.21665325184167));
#11459=CARTESIAN_POINT('Ctrl Pts',(-3.19074732742405,3.64599104820678,3.2200366493054));
#11460=CARTESIAN_POINT('Ctrl Pts',(-3.19243902615591,3.63816574517355,3.22172834803726));
#11461=CARTESIAN_POINT('Ctrl Pts',(-3.19399856499244,3.63026432521835,3.22328788687379));
#11462=CARTESIAN_POINT('Ctrl Pts',(-3.19542366571103,3.62228547620869,3.22471298759238));
#11463=CARTESIAN_POINT('Ctrl Pts',(-3.19684876642963,3.61430662719904,3.22613808831098));
#11464=CARTESIAN_POINT('Ctrl Pts',(-3.19814166518486,3.60623225237605,3.22743098706621));
#11465=CARTESIAN_POINT('Ctrl Pts',(-3.19928839884363,3.59814232298386,3.22857772072498));
#11466=CARTESIAN_POINT('Ctrl Pts',(-3.20158186616117,3.58196246419949,3.23087118804253));
#11467=CARTESIAN_POINT('Ctrl Pts',(-3.20329949292577,3.56569353592667,3.23258881390965));
#11468=CARTESIAN_POINT('Ctrl Pts',(-3.20444795500228,3.54933657064707,3.23373727643461));
#11469=CARTESIAN_POINT('Ctrl Pts',(-3.20559641707878,3.53297960536748,3.23488573895958));
#11470=CARTESIAN_POINT('Ctrl Pts',(-3.20617573230925,3.51653460625963,3.23546505419061));
#11471=CARTESIAN_POINT('Ctrl Pts',(-3.20617573230925,3.5,3.23546505419061));
#11472=CARTESIAN_POINT('',(-3.20617573230926,4.,3.23546505419061));
#11473=CARTESIAN_POINT('Origin',(-2.5,4.,2.6));
#11474=CARTESIAN_POINT('Origin',(-2.5,3.5,2.6));
#11475=CARTESIAN_POINT('Origin',(-2.5,4.,2.6));
#11476=CARTESIAN_POINT('Origin',(-2.5,4.,2.6));
#11477=CARTESIAN_POINT('Ctrl Pts',(-2.83450429425164,4.,2.90100976251141));
#11478=CARTESIAN_POINT('Ctrl Pts',(-3.10537339424289,4.,2.59999999999997));
#11479=CARTESIAN_POINT('Ctrl Pts',(-2.83450429425173,3.99999999999999,2.29899023748862));
#11480=CARTESIAN_POINT('Ctrl Pts',(-3.2061757323091,4.00000000000003,3.23546505419079));
#11481=CARTESIAN_POINT('Ctrl Pts',(-3.77801049895728,4.00000000000004,2.59999999999997));
#11482=CARTESIAN_POINT('Ctrl Pts',(-3.20617573230928,4.00000000000002,1.96453494580935));
#11483=CARTESIAN_POINT('Ctrl Pts',(-3.2061757323091,3.5,3.23546505419078));
#11484=CARTESIAN_POINT('Ctrl Pts',(-3.77801049895727,3.50000000000001,2.59999999999997));
#11485=CARTESIAN_POINT('Ctrl Pts',(-3.20617573230928,3.49999999999999,1.96453494580937));
#11486=CARTESIAN_POINT('Origin',(1.71450551880629E-16,-2.5,2.6));
#11487=CARTESIAN_POINT('',(-3.1354650541906,-2.5,1.89382426769074));
#11488=CARTESIAN_POINT('',(-1.86453494580939,-2.5,1.89382426769074));
#11489=CARTESIAN_POINT('Origin',(-2.5,-2.5,2.6));
#11490=CARTESIAN_POINT('',(-2.49999999999999,-2.5,2.52928932188135));
#11491=CARTESIAN_POINT('',(-1.86453494580939,-2.5,1.89382426769074));
#11492=CARTESIAN_POINT('',(-3.1354650541906,-2.5,1.89382426769074));
#11493=CARTESIAN_POINT('Origin',(-2.5,4.,2.6));
#11494=CARTESIAN_POINT('',(-3.13546505419059,3.5,1.89382426769072));
#11495=CARTESIAN_POINT('',(-3.1354650541906,4.,1.89382426769074));
#11496=CARTESIAN_POINT('',(-1.86453494580942,3.5,1.8938242676907));
#11497=CARTESIAN_POINT('Origin',(-2.5,3.5,2.6));
#11498=CARTESIAN_POINT('',(-1.86453494580939,4.,1.89382426769074));
#11499=CARTESIAN_POINT('Origin',(-1.86453494580939,4.,1.89382426769074));
#11500=CARTESIAN_POINT('',(-2.21912757304238,4.,2.24841689492392));
#11501=CARTESIAN_POINT('Ctrl Pts',(-1.86453494580939,3.49999999999999,1.89382426769074));
#11502=CARTESIAN_POINT('Ctrl Pts',(-1.86453494580939,3.56165924274299,1.89382426769074));
#11503=CARTESIAN_POINT('Ctrl Pts',(-1.87474850103618,3.63422678486604,1.90403782291753));
#11504=CARTESIAN_POINT('Ctrl Pts',(-1.90814592759427,3.74818861374619,1.93743524947563));
#11505=CARTESIAN_POINT('Ctrl Pts',(-1.93725072695944,3.80973660149792,1.96654004884079));
#11506=CARTESIAN_POINT('Ctrl Pts',(-1.99902653951436,3.89703214746004,2.02831586139571));
#11507=CARTESIAN_POINT('Ctrl Pts',(-2.04264825958093,3.93819201773054,2.07193758146228));
#11508=CARTESIAN_POINT('Ctrl Pts',(-2.12358114279221,3.98554282797076,2.15287046467356));
#11509=CARTESIAN_POINT('Ctrl Pts',(-2.17524204175503,4.,2.20453136363638));
#11510=CARTESIAN_POINT('Ctrl Pts',(-2.21912757304248,4.,2.24841689492382));
#11511=CARTESIAN_POINT('',(-2.49999999999999,4.,2.52928932188135));
#11512=CARTESIAN_POINT('',(-1.86453494580939,4.,1.89382426769074));
#11513=CARTESIAN_POINT('',(-2.49999999999999,4.,2.52928932188135));
#11514=CARTESIAN_POINT('Origin',(-3.1354650541906,4.,1.89382426769074));
#11515=CARTESIAN_POINT('',(-2.78087242695751,4.,2.24841689492384));
#11516=CARTESIAN_POINT('',(-3.1354650541906,4.,1.89382426769074));
#11517=CARTESIAN_POINT('Ctrl Pts',(-2.78087242695751,4.,2.24841689492383));
#11518=CARTESIAN_POINT('Ctrl Pts',(-2.79256263847833,4.,2.236726683403));
#11519=CARTESIAN_POINT('Ctrl Pts',(-2.80415557121594,3.99919210913585,2.2251337513515));
#11520=CARTESIAN_POINT('Ctrl Pts',(-2.81565426376646,3.99760163875781,2.21363505827619));
#11521=CARTESIAN_POINT('Ctrl Pts',(-2.82715295631699,3.99601116837976,2.20213636520088));
#11522=CARTESIAN_POINT('Ctrl Pts',(-2.83855740619351,3.99363801248051,2.19073191429365));
#11523=CARTESIAN_POINT('Ctrl Pts',(-2.84986799519507,3.99048538782863,2.17942132593909));
#11524=CARTESIAN_POINT('Ctrl Pts',(-2.86117858419662,3.98733276317674,2.16811073758453));
#11525=CARTESIAN_POINT('Ctrl Pts',(-2.87239532305393,3.98340075787672,2.15689399882741));
#11526=CARTESIAN_POINT('Ctrl Pts',(-2.88351595585944,3.97867062299968,2.1457733660219));
#11527=CARTESIAN_POINT('Ctrl Pts',(-2.8890762722622,3.97630555556116,2.14021304961914));
#11528=CARTESIAN_POINT('Ctrl Pts',(-2.8946185143117,3.97373757590038,2.13467080756964));
#11529=CARTESIAN_POINT('Ctrl Pts',(-2.90012341458196,3.97097153581745,2.12916590729938));
#11530=CARTESIAN_POINT('Ctrl Pts',(-2.90562831485223,3.96820549573451,2.12366100702911));
#11531=CARTESIAN_POINT('Ctrl Pts',(-2.91106217928299,3.96525881195342,2.11822713286489));
#11532=CARTESIAN_POINT('Ctrl Pts',(-2.91642649791084,3.96213509907689,2.11286281735037));
#11533=CARTESIAN_POINT('Ctrl Pts',(-2.92715513516655,3.95588767332382,2.10213418632133));
#11534=CARTESIAN_POINT('Ctrl Pts',(-2.93760592002052,3.94893344723338,2.09168340187538));
#11535=CARTESIAN_POINT('Ctrl Pts',(-2.94778407500168,3.9412856307486,2.08150524652202));
#11536=CARTESIAN_POINT('Ctrl Pts',(-2.95796222998283,3.93363781426381,2.07132709116866));
#11537=CARTESIAN_POINT('Ctrl Pts',(-2.96786774213551,3.92529638321645,2.06142157974584));
#11538=CARTESIAN_POINT('Ctrl Pts',(-2.97749798054238,3.91625464674642,2.05179134133897));
#11539=CARTESIAN_POINT('Ctrl Pts',(-2.98231309974581,3.91173377851141,2.04697622213554));
#11540=CARTESIAN_POINT('Ctrl Pts',(-2.9870592799684,3.90703752733483,2.04223004191956));
#11541=CARTESIAN_POINT('Ctrl Pts',(-2.99173543665547,3.90216313106686,2.03755388463732));
#11542=CARTESIAN_POINT('Ctrl Pts',(-2.994073514999,3.89972593293288,2.0352158059962));
#11543=CARTESIAN_POINT('Ctrl Pts',(-2.99639407812219,3.89724417976657,2.03289524375915));
#11544=CARTESIAN_POINT('Ctrl Pts',(-2.99869694112317,3.8947173936843,2.03059238075817));
#11545=CARTESIAN_POINT('Ctrl Pts',(-3.00099980412415,3.89219060760204,2.02828951775719));
#11546=CARTESIAN_POINT('Ctrl Pts',(-3.00328812295938,3.88961509439699,2.02600119892196));
#11547=CARTESIAN_POINT('Ctrl Pts',(-3.00554954663134,3.88700444347458,2.02373977525));
#11548=CARTESIAN_POINT('Ctrl Pts',(-3.01459524131919,3.87656183978497,2.01469408056215));
#11549=CARTESIAN_POINT('Ctrl Pts',(-3.02320352520451,3.86557152606707,2.00608580098943));
#11550=CARTESIAN_POINT('Ctrl Pts',(-3.03138850134821,3.85405118721772,1.99790082183501));
#11551=CARTESIAN_POINT('Ctrl Pts',(-3.0395734774919,3.84253084836837,1.98971584268059));
#11552=CARTESIAN_POINT('Ctrl Pts',(-3.04733508424185,3.83048038047569,1.98195423401437));
#11553=CARTESIAN_POINT('Ctrl Pts',(-3.05467490276844,3.81790177611194,1.97461441728821));
#11554=CARTESIAN_POINT('Ctrl Pts',(-3.06201472129503,3.80532317174819,1.96727460056206));
#11555=CARTESIAN_POINT('Ctrl Pts',(-3.06893279464199,3.79221648466757,1.96035652723935));
#11556=CARTESIAN_POINT('Ctrl Pts',(-3.07541839671741,3.77856828083338,1.95387092516393));
#11557=CARTESIAN_POINT('Ctrl Pts',(-3.07703979723626,3.77515622987483,1.95224952464508));
#11558=CARTESIAN_POINT('Ctrl Pts',(-3.07863410537388,3.77171025540087,1.95065521650746));
#11559=CARTESIAN_POINT('Ctrl Pts',(-3.08020102342638,3.76822998464388,1.94908829845496));
#11560=CARTESIAN_POINT('Ctrl Pts',(-3.08176794147888,3.76474971388688,1.94752138040246));
#11561=CARTESIAN_POINT('Ctrl Pts',(-3.08330870329692,3.76123200522438,1.94598061858442));
#11562=CARTESIAN_POINT('Ctrl Pts',(-3.08481366284401,3.75769896537514,1.94447565903733));
#11563=CARTESIAN_POINT('Ctrl Pts',(-3.08782358193819,3.75063288567667,1.94146573994314));
#11564=CARTESIAN_POINT('Ctrl Pts',(-3.09069814771192,3.74348888460029,1.93859115754185));
#11565=CARTESIAN_POINT('Ctrl Pts',(-3.09343999840173,3.73626839850227,1.93584931242398));
#11566=CARTESIAN_POINT('Ctrl Pts',(-3.09892369978133,3.72182742630623,1.93036562218823));
#11567=CARTESIAN_POINT('Ctrl Pts',(-3.10387736925646,3.70708121707171,1.92541195331645));
#11568=CARTESIAN_POINT('Ctrl Pts',(-3.10830976024342,3.69203477461417,1.92097956198491));
#11569=CARTESIAN_POINT('Ctrl Pts',(-3.11274215123038,3.67698833215662,1.91654717065336));
#11570=CARTESIAN_POINT('Ctrl Pts',(-3.11665325184168,3.66164165427324,1.91263607003967));
#11571=CARTESIAN_POINT('Ctrl Pts',(-3.12003664930541,3.64599104820678,1.90925267257595));
#11572=CARTESIAN_POINT('Ctrl Pts',(-3.12172834803727,3.63816574517355,1.90756097384408));
#11573=CARTESIAN_POINT('Ctrl Pts',(-3.12328788687379,3.63026432521835,1.90600143500754));
#11574=CARTESIAN_POINT('Ctrl Pts',(-3.12471298759239,3.6222854762087,1.90457633428896));
#11575=CARTESIAN_POINT('Ctrl Pts',(-3.12613808831098,3.61430662719904,1.90315123357037));
#11576=CARTESIAN_POINT('Ctrl Pts',(-3.12743098706621,3.60623225237605,1.90185833481513));
#11577=CARTESIAN_POINT('Ctrl Pts',(-3.12857772072498,3.59814232298386,1.90071160115636));
#11578=CARTESIAN_POINT('Ctrl Pts',(-3.13087118804253,3.58196246419949,1.89841813383881));
#11579=CARTESIAN_POINT('Ctrl Pts',(-3.13258881439809,3.56569353565411,1.89670050748271));
#11580=CARTESIAN_POINT('Ctrl Pts',(-3.13373727689869,3.54933657077052,1.89555204543167));
#11581=CARTESIAN_POINT('Ctrl Pts',(-3.13488573939928,3.53297960588693,1.89440358338063));
#11582=CARTESIAN_POINT('Ctrl Pts',(-3.1354650541906,3.51653460625963,1.89382426769073));
#11583=CARTESIAN_POINT('Ctrl Pts',(-3.1354650541906,3.5,1.89382426769073));
#11584=CARTESIAN_POINT('Origin',(-2.5,4.,2.6));
#11585=CARTESIAN_POINT('Origin',(-2.5,4.,2.6));
#11586=CARTESIAN_POINT('Ctrl Pts',(-2.80100976251131,4.,2.26549570574823));
#11587=CARTESIAN_POINT('Ctrl Pts',(-2.50000000000001,3.99999999999999,1.99462660575715));
#11588=CARTESIAN_POINT('Ctrl Pts',(-2.19899023748869,4.00000000000001,2.26549570574824));
#11589=CARTESIAN_POINT('Ctrl Pts',(-3.13546505419059,4.00000000000001,1.89382426769071));
#11590=CARTESIAN_POINT('Ctrl Pts',(-2.50000000000001,3.99999999999998,1.32198950104282));
#11591=CARTESIAN_POINT('Ctrl Pts',(-1.8645349458094,4.00000000000002,1.89382426769073));
#11592=CARTESIAN_POINT('Ctrl Pts',(-3.1354650541906,3.49999999999999,1.89382426769073));
#11593=CARTESIAN_POINT('Ctrl Pts',(-2.5,3.49999999999996,1.32198950104283));
#11594=CARTESIAN_POINT('Ctrl Pts',(-1.86453494580939,3.5,1.89382426769075));
#11595=CARTESIAN_POINT('Origin',(1.71450551880629E-16,-2.5,2.6));
#11596=CARTESIAN_POINT('',(-1.86453494580938,-2.5,3.30617573230926));
#11597=CARTESIAN_POINT('',(-2.49999999999999,-2.5,2.67071067811865));
#11598=CARTESIAN_POINT('',(-2.49999999999999,-2.5,2.67071067811865));
#11599=CARTESIAN_POINT('',(-3.1354650541906,-2.5,3.30617573230927));
#11600=CARTESIAN_POINT('Origin',(-2.5,-2.5,2.6));
#11601=CARTESIAN_POINT('',(-2.49999999999999,-2.5,2.67071067811865));
#11602=CARTESIAN_POINT('Origin',(-2.49999999999999,4.,2.67071067811865));
#11603=CARTESIAN_POINT('',(-2.2191275730425,4.,2.95158310507618));
#11604=CARTESIAN_POINT('',(-2.49999999999999,4.,2.67071067811865));
#11605=CARTESIAN_POINT('',(-2.49999999999999,4.,2.67071067811865));
#11606=CARTESIAN_POINT('',(-1.86453494580935,3.5,3.30617573230923));
#11607=CARTESIAN_POINT('Ctrl Pts',(-2.21912757304248,4.,2.95158310507616));
#11608=CARTESIAN_POINT('Ctrl Pts',(-2.20743736152165,4.,2.96327331659699));
#11609=CARTESIAN_POINT('Ctrl Pts',(-2.19584442878405,3.99919210913585,2.9748662486485));
#11610=CARTESIAN_POINT('Ctrl Pts',(-2.18434573623353,3.9976016387578,2.98636494172381));
#11611=CARTESIAN_POINT('Ctrl Pts',(-2.172847043683,3.99601116837975,2.99786363479912));
#11612=CARTESIAN_POINT('Ctrl Pts',(-2.16144259380648,3.9936380124805,3.00926808570635));
#11613=CARTESIAN_POINT('Ctrl Pts',(-2.15013200480493,3.99048538782862,3.02057867406091));
#11614=CARTESIAN_POINT('Ctrl Pts',(-2.13882141580337,3.98733276317673,3.03188926241547));
#11615=CARTESIAN_POINT('Ctrl Pts',(-2.12760467694606,3.98340075787671,3.04310600117259));
#11616=CARTESIAN_POINT('Ctrl Pts',(-2.11648404414055,3.97867062299968,3.0542266339781));
#11617=CARTESIAN_POINT('Ctrl Pts',(-2.11092372773779,3.97630555556116,3.05978695038086));
#11618=CARTESIAN_POINT('Ctrl Pts',(-2.10538148568829,3.97373757590038,3.06532919243036));
#11619=CARTESIAN_POINT('Ctrl Pts',(-2.09987658541803,3.97097153581744,3.07083409270062));
#11620=CARTESIAN_POINT('Ctrl Pts',(-2.09437168514776,3.9682054957345,3.07633899297088));
#11621=CARTESIAN_POINT('Ctrl Pts',(-2.08893782069637,3.96525881194464,3.08177286715818));
#11622=CARTESIAN_POINT('Ctrl Pts',(-2.08357350189775,3.96213509899125,3.08713718275878));
#11623=CARTESIAN_POINT('Ctrl Pts',(-2.07284486430052,3.95588767308448,3.09786581395998));
#11624=CARTESIAN_POINT('Ctrl Pts',(-2.06239407901773,3.94893344685437,3.10831659826));
#11625=CARTESIAN_POINT('Ctrl Pts',(-2.05221592440635,3.94128563062104,3.1184947532831));
#11626=CARTESIAN_POINT('Ctrl Pts',(-2.04203776979497,3.9336378143877,3.12867290830621));
#11627=CARTESIAN_POINT('Ctrl Pts',(-2.03213225786449,3.92529638321645,3.13857842025416));
#11628=CARTESIAN_POINT('Ctrl Pts',(-2.02250201945762,3.91625464674642,3.14820865866103));
#11629=CARTESIAN_POINT('Ctrl Pts',(-2.01768690025418,3.9117337785114,3.15302377786446));
#11630=CARTESIAN_POINT('Ctrl Pts',(-2.01294072003159,3.90703752733483,3.15776995808044));
#11631=CARTESIAN_POINT('Ctrl Pts',(-2.00826456334452,3.90216313106686,3.16244611536268));
#11632=CARTESIAN_POINT('Ctrl Pts',(-2.00592648500099,3.89972593293287,3.1647841940038));
#11633=CARTESIAN_POINT('Ctrl Pts',(-2.0036059218778,3.89724417976656,3.16710475624085));
#11634=CARTESIAN_POINT('Ctrl Pts',(-2.00130305887682,3.89471739368429,3.16940761924183));
#11635=CARTESIAN_POINT('Ctrl Pts',(-1.99900019587584,3.89219060760203,3.17171048224281));
#11636=CARTESIAN_POINT('Ctrl Pts',(-1.99671187704061,3.88961509439699,3.17399880107803));
#11637=CARTESIAN_POINT('Ctrl Pts',(-1.99445045336865,3.88700444347458,3.17626022474999));
#11638=CARTESIAN_POINT('Ctrl Pts',(-1.9854047586808,3.87656183978497,3.18530591943785));
#11639=CARTESIAN_POINT('Ctrl Pts',(-1.97679647456226,3.86557152576556,3.19391419926146));
#11640=CARTESIAN_POINT('Ctrl Pts',(-1.9686114977622,3.85405118661434,3.2020991781869));
#11641=CARTESIAN_POINT('Ctrl Pts',(-1.96042652096213,3.84253084746312,3.21028415711234));
#11642=CARTESIAN_POINT('Ctrl Pts',(-1.95266491407983,3.83048038078573,3.218045764057));
#11643=CARTESIAN_POINT('Ctrl Pts',(-1.94532509634429,3.81790177749151,3.22538558040585));
#11644=CARTESIAN_POINT('Ctrl Pts',(-1.93798527860874,3.80532317419729,3.2327253967547));
#11645=CARTESIAN_POINT('Ctrl Pts',(-1.931067205358,3.79221648466758,3.23964347276064));
#11646=CARTESIAN_POINT('Ctrl Pts',(-1.92458160328258,3.77856828083338,3.24612907483606));
#11647=CARTESIAN_POINT('Ctrl Pts',(-1.92296020276373,3.77515622987483,3.24775047535492));
#11648=CARTESIAN_POINT('Ctrl Pts',(-1.92136589462611,3.77171025540087,3.24934478349254));
#11649=CARTESIAN_POINT('Ctrl Pts',(-1.91979897657361,3.76822998464388,3.25091170154504));
#11650=CARTESIAN_POINT('Ctrl Pts',(-1.91823205852111,3.76474971388688,3.25247861959753));
#11651=CARTESIAN_POINT('Ctrl Pts',(-1.91669129670307,3.76123200522438,3.25401938141558));
#11652=CARTESIAN_POINT('Ctrl Pts',(-1.91518633715598,3.75769896537514,3.25552434096267));
#11653=CARTESIAN_POINT('Ctrl Pts',(-1.9121764180618,3.75063288567667,3.25853426005685));
#11654=CARTESIAN_POINT('Ctrl Pts',(-1.90930185228807,3.74348888460029,3.26140884245815));
#11655=CARTESIAN_POINT('Ctrl Pts',(-1.90656000159827,3.73626839850227,3.26415068757602));
#11656=CARTESIAN_POINT('Ctrl Pts',(-1.90107630021866,3.72182742630623,3.26963437781176));
#11657=CARTESIAN_POINT('Ctrl Pts',(-1.89612263074353,3.7070812170717,3.27458804668354));
#11658=CARTESIAN_POINT('Ctrl Pts',(-1.89169023975657,3.69203477461416,3.27902043801509));
#11659=CARTESIAN_POINT('Ctrl Pts',(-1.88725784876961,3.67698833215662,3.28345282934663));
#11660=CARTESIAN_POINT('Ctrl Pts',(-1.88334674815832,3.66164165427323,3.28736392996033));
#11661=CARTESIAN_POINT('Ctrl Pts',(-1.87996335069459,3.64599104820678,3.29074732742406));
#11662=CARTESIAN_POINT('Ctrl Pts',(-1.87827165196273,3.63816574517355,3.29243902615592));
#11663=CARTESIAN_POINT('Ctrl Pts',(-1.8767121131262,3.63026432521835,3.29399856499245));
#11664=CARTESIAN_POINT('Ctrl Pts',(-1.87528701240761,3.6222854762087,3.29542366571104));
#11665=CARTESIAN_POINT('Ctrl Pts',(-1.87386191168902,3.61430662719904,3.29684876642963));
#11666=CARTESIAN_POINT('Ctrl Pts',(-1.87256901293378,3.60623225237606,3.29814166518486));
#11667=CARTESIAN_POINT('Ctrl Pts',(-1.871422279275,3.59814232298387,3.29928839884364));
#11668=CARTESIAN_POINT('Ctrl Pts',(-1.86912881195746,3.58196246419949,3.30158186616118));
#11669=CARTESIAN_POINT('Ctrl Pts',(-1.86741118560191,3.5656935356541,3.30329949251729));
#11670=CARTESIAN_POINT('Ctrl Pts',(-1.86626272310131,3.54933657077051,3.30444795456834));
#11671=CARTESIAN_POINT('Ctrl Pts',(-1.86511426060071,3.53297960588692,3.30559641661938));
#11672=CARTESIAN_POINT('Ctrl Pts',(-1.86453494580939,3.51653460625963,3.30617573230927));
#11673=CARTESIAN_POINT('Ctrl Pts',(-1.86453494580939,3.5,3.30617573230927));
#11674=CARTESIAN_POINT('',(-1.86453494580938,4.,3.30617573230926));
#11675=CARTESIAN_POINT('',(-2.49999999999999,4.,2.67071067811865));
#11676=CARTESIAN_POINT('Origin',(-2.49999999999999,4.,2.67071067811865));
#11677=CARTESIAN_POINT('',(-3.13546505419068,3.5,3.3061757323092));
#11678=CARTESIAN_POINT('',(-3.1354650541906,4.,3.30617573230927));
#11679=CARTESIAN_POINT('',(-2.7808724269573,4.,2.95158310507633));
#11680=CARTESIAN_POINT('Ctrl Pts',(-3.13546505419061,3.50000000000002,3.30617573230927));
#11681=CARTESIAN_POINT('Ctrl Pts',(-3.13546505419061,3.56165924274302,3.30617573230927));
#11682=CARTESIAN_POINT('Ctrl Pts',(-3.12525149896382,3.63422678486607,3.29596217708248));
#11683=CARTESIAN_POINT('Ctrl Pts',(-3.09185407240571,3.74818861374622,3.26256475052437));
#11684=CARTESIAN_POINT('Ctrl Pts',(-3.06274927304055,3.80973660149794,3.23345995115921));
#11685=CARTESIAN_POINT('Ctrl Pts',(-3.00097346048562,3.89703214746006,3.17168413860428));
#11686=CARTESIAN_POINT('Ctrl Pts',(-2.95735174041905,3.93819201773055,3.12806241853771));
#11687=CARTESIAN_POINT('Ctrl Pts',(-2.87641885720776,3.98554282797076,3.04712953532642));
#11688=CARTESIAN_POINT('Ctrl Pts',(-2.82475795824494,4.,2.9954686363636));
#11689=CARTESIAN_POINT('Ctrl Pts',(-2.78087242695749,4.,2.95158310507615));
#11690=CARTESIAN_POINT('',(-2.49999999999999,4.,2.67071067811865));
#11691=CARTESIAN_POINT('Origin',(-2.5,4.,2.6));
#11692=CARTESIAN_POINT('Origin',(-2.5,3.5,2.6));
#11693=CARTESIAN_POINT('Origin',(-2.5,4.,2.6));
#11694=CARTESIAN_POINT('Origin',(-2.5,4.,2.6));
#11695=CARTESIAN_POINT('Ctrl Pts',(-3.13546505419068,3.49999999999999,3.3061757323092));
#11696=CARTESIAN_POINT('Ctrl Pts',(-2.5,3.50000000000002,3.87801049895724));
#11697=CARTESIAN_POINT('Ctrl Pts',(-1.86453494580935,3.49999999999999,3.30617573230923));
#11698=CARTESIAN_POINT('Ctrl Pts',(-3.1354650541907,4.00000000000003,3.3061757323092));
#11699=CARTESIAN_POINT('Ctrl Pts',(-2.5,4.00000000000006,3.87801049895725));
#11700=CARTESIAN_POINT('Ctrl Pts',(-1.86453494580933,4.00000000000003,3.30617573230923));
#11701=CARTESIAN_POINT('Ctrl Pts',(-2.80100976251137,4.,2.93450429425169));
#11702=CARTESIAN_POINT('Ctrl Pts',(-2.5,4.00000000000001,3.20537339424286));
#11703=CARTESIAN_POINT('Ctrl Pts',(-2.19899023748864,3.99999999999999,2.9345042942517));
#11704=CARTESIAN_POINT('Origin',(1.71450551880629E-16,-2.5,2.6));
#11705=CARTESIAN_POINT('',(1.79382426769073,-2.5,3.23546505419061));
#11706=CARTESIAN_POINT('',(1.79382426769073,-2.5,1.96453494580939));
#11707=CARTESIAN_POINT('Origin',(2.5,-2.5,2.6));
#11708=CARTESIAN_POINT('',(2.42928932188134,-2.5,2.6));
#11709=CARTESIAN_POINT('',(1.79382426769073,-2.5,1.96453494580939));
#11710=CARTESIAN_POINT('',(2.42928932188134,-2.5,2.6));
#11711=CARTESIAN_POINT('Origin',(2.5,4.,2.6));
#11712=CARTESIAN_POINT('',(1.79382426769065,3.5,3.23546505419052));
#11713=CARTESIAN_POINT('',(1.79382426769073,4.,3.23546505419061));
#11714=CARTESIAN_POINT('',(1.79382426769072,3.5,1.9645349458094));
#11715=CARTESIAN_POINT('Origin',(2.5,3.5,2.6));
#11716=CARTESIAN_POINT('',(1.79382426769073,4.,1.96453494580939));
#11717=CARTESIAN_POINT('Origin',(1.79382426769073,4.,1.96453494580939));
#11718=CARTESIAN_POINT('',(2.14841689492384,4.,2.31912757304247));
#11719=CARTESIAN_POINT('Ctrl Pts',(1.79382426769073,3.5,1.96453494580939));
#11720=CARTESIAN_POINT('Ctrl Pts',(1.79382426769073,3.561659242743,1.96453494580939));
#11721=CARTESIAN_POINT('Ctrl Pts',(1.80403782291752,3.63422678486605,1.97474850103618));
#11722=CARTESIAN_POINT('Ctrl Pts',(1.83743524947562,3.7481886137462,2.00814592759428));
#11723=CARTESIAN_POINT('Ctrl Pts',(1.86654004884078,3.80973660149793,2.03725072695944));
#11724=CARTESIAN_POINT('Ctrl Pts',(1.9283158613957,3.89703214746005,2.09902653951436));
#11725=CARTESIAN_POINT('Ctrl Pts',(1.97193758146228,3.93819201773054,2.14264825958094));
#11726=CARTESIAN_POINT('Ctrl Pts',(2.05287046467356,3.98554282797076,2.22358114279222));
#11727=CARTESIAN_POINT('Ctrl Pts',(2.10453136363639,4.,2.27524204175505));
#11728=CARTESIAN_POINT('Ctrl Pts',(2.14841689492383,4.,2.31912757304249));
#11729=CARTESIAN_POINT('',(2.42928932188134,4.,2.6));
#11730=CARTESIAN_POINT('',(1.79382426769073,4.,1.96453494580939));
#11731=CARTESIAN_POINT('',(2.42928932188134,4.,2.6));
#11732=CARTESIAN_POINT('Origin',(2.42928932188134,4.,2.6));
#11733=CARTESIAN_POINT('',(2.14841689492386,4.,2.88087242695755));
#11734=CARTESIAN_POINT('',(2.42928932188134,4.,2.6));
#11735=CARTESIAN_POINT('Ctrl Pts',(2.14841689492383,4.,2.88087242695751));
#11736=CARTESIAN_POINT('Ctrl Pts',(2.136726683403,4.,2.89256263847834));
#11737=CARTESIAN_POINT('Ctrl Pts',(2.1251337513515,3.99919210913585,2.90415557121594));
#11738=CARTESIAN_POINT('Ctrl Pts',(2.11363505827619,3.9976016387578,2.91565426376647));
#11739=CARTESIAN_POINT('Ctrl Pts',(2.10213636520088,3.99601116837976,2.927152956317));
#11740=CARTESIAN_POINT('Ctrl Pts',(2.09073191429365,3.99363801248051,2.93855740619351));
#11741=CARTESIAN_POINT('Ctrl Pts',(2.07942132593909,3.99048538782862,2.94986799519507));
#11742=CARTESIAN_POINT('Ctrl Pts',(2.06811073758452,3.98733276317674,2.96117858419663));
#11743=CARTESIAN_POINT('Ctrl Pts',(2.0568939988274,3.98340075787671,2.97239532305393));
#11744=CARTESIAN_POINT('Ctrl Pts',(2.04577336602189,3.97867062299968,2.98351595585944));
#11745=CARTESIAN_POINT('Ctrl Pts',(2.04021304961913,3.97630555556116,2.9890762722622));
#11746=CARTESIAN_POINT('Ctrl Pts',(2.03467080756963,3.97373757590038,2.9946185143117));
#11747=CARTESIAN_POINT('Ctrl Pts',(2.02916590729937,3.97097153581744,3.00012341458197));
#11748=CARTESIAN_POINT('Ctrl Pts',(2.02366100702911,3.96820549573451,3.00562831485223));
#11749=CARTESIAN_POINT('Ctrl Pts',(2.01822713286489,3.96525881195342,3.01106217928299));
#11750=CARTESIAN_POINT('Ctrl Pts',(2.01286281735037,3.96213509907689,3.01642649791084));
#11751=CARTESIAN_POINT('Ctrl Pts',(2.00213418632132,3.95588767332382,3.02715513516655));
#11752=CARTESIAN_POINT('Ctrl Pts',(1.99168340187538,3.94893344723338,3.03760592002051));
#11753=CARTESIAN_POINT('Ctrl Pts',(1.98150524652202,3.9412856307486,3.04778407500167));
#11754=CARTESIAN_POINT('Ctrl Pts',(1.97132709116865,3.93363781426381,3.05796222998283));
#11755=CARTESIAN_POINT('Ctrl Pts',(1.96142157974583,3.92529638321645,3.06786774213551));
#11756=CARTESIAN_POINT('Ctrl Pts',(1.95179134133896,3.91625464674642,3.07749798054238));
#11757=CARTESIAN_POINT('Ctrl Pts',(1.94697622213552,3.9117337785114,3.08231309974581));
#11758=CARTESIAN_POINT('Ctrl Pts',(1.94223004191955,3.90703752733482,3.0870592799684));
#11759=CARTESIAN_POINT('Ctrl Pts',(1.93755388463731,3.90216313106685,3.09173543665547));
#11760=CARTESIAN_POINT('Ctrl Pts',(1.93521580599619,3.89972593293287,3.09407351499901));
#11761=CARTESIAN_POINT('Ctrl Pts',(1.93289524375914,3.89724417976656,3.09639407812219));
#11762=CARTESIAN_POINT('Ctrl Pts',(1.93059238075816,3.8947173936843,3.09869694112317));
#11763=CARTESIAN_POINT('Ctrl Pts',(1.92828951775719,3.89219060760204,3.10099980412415));
#11764=CARTESIAN_POINT('Ctrl Pts',(1.92600119892196,3.88961509439699,3.10328812295938));
#11765=CARTESIAN_POINT('Ctrl Pts',(1.92373977525,3.88700444347459,3.10554954663134));
#11766=CARTESIAN_POINT('Ctrl Pts',(1.91469408056214,3.87656183978497,3.11459524131919));
#11767=CARTESIAN_POINT('Ctrl Pts',(1.90608580098943,3.86557152606707,3.12320352520452));
#11768=CARTESIAN_POINT('Ctrl Pts',(1.89790082183501,3.85405118721772,3.13138850134822));
#11769=CARTESIAN_POINT('Ctrl Pts',(1.88971584268059,3.84253084836836,3.13957347749191));
#11770=CARTESIAN_POINT('Ctrl Pts',(1.88195423401437,3.83048038047569,3.14733508424185));
#11771=CARTESIAN_POINT('Ctrl Pts',(1.87461441728821,3.81790177611194,3.15467490276845));
#11772=CARTESIAN_POINT('Ctrl Pts',(1.86727460056206,3.80532317174818,3.16201472129504));
#11773=CARTESIAN_POINT('Ctrl Pts',(1.86035652723935,3.79221648466757,3.16893279464199));
#11774=CARTESIAN_POINT('Ctrl Pts',(1.85387092516392,3.77856828083338,3.17541839671741));
#11775=CARTESIAN_POINT('Ctrl Pts',(1.85224952464507,3.77515622987483,3.17703979723626));
#11776=CARTESIAN_POINT('Ctrl Pts',(1.85065521650745,3.77171025540087,3.17863410537388));
#11777=CARTESIAN_POINT('Ctrl Pts',(1.84908829845495,3.76822998464388,3.18020102342638));
#11778=CARTESIAN_POINT('Ctrl Pts',(1.84752138040246,3.76474971388688,3.18176794147888));
#11779=CARTESIAN_POINT('Ctrl Pts',(1.84598061858442,3.76123200522438,3.18330870329692));
#11780=CARTESIAN_POINT('Ctrl Pts',(1.84447565903732,3.75769896537515,3.18481366284401));
#11781=CARTESIAN_POINT('Ctrl Pts',(1.84146573994314,3.75063288567667,3.18782358193819));
#11782=CARTESIAN_POINT('Ctrl Pts',(1.83859115754185,3.74348888460029,3.19069814771192));
#11783=CARTESIAN_POINT('Ctrl Pts',(1.83584931242397,3.73626839850227,3.19343999840173));
#11784=CARTESIAN_POINT('Ctrl Pts',(1.83036562218823,3.72182742630623,3.19892369978133));
#11785=CARTESIAN_POINT('Ctrl Pts',(1.82541195331645,3.7070812170717,3.20387736925646));
#11786=CARTESIAN_POINT('Ctrl Pts',(1.8209795619849,3.69203477461416,3.20830976024342));
#11787=CARTESIAN_POINT('Ctrl Pts',(1.81654717065336,3.67698833215662,3.21274215123038));
#11788=CARTESIAN_POINT('Ctrl Pts',(1.81263607003967,3.66164165427324,3.21665325184168));
#11789=CARTESIAN_POINT('Ctrl Pts',(1.80925267257594,3.64599104820678,3.22003664930541));
#11790=CARTESIAN_POINT('Ctrl Pts',(1.80756097384408,3.63816574517355,3.22172834803727));
#11791=CARTESIAN_POINT('Ctrl Pts',(1.80600143500754,3.63026432521835,3.22328788687379));
#11792=CARTESIAN_POINT('Ctrl Pts',(1.80457633428895,3.6222854762087,3.22471298759239));
#11793=CARTESIAN_POINT('Ctrl Pts',(1.80315123357036,3.61430662719904,3.22613808831098));
#11794=CARTESIAN_POINT('Ctrl Pts',(1.80185833481513,3.60623225237605,3.22743098706622));
#11795=CARTESIAN_POINT('Ctrl Pts',(1.80071160115635,3.59814232298386,3.22857772072499));
#11796=CARTESIAN_POINT('Ctrl Pts',(1.79841813383881,3.58196246419949,3.23087118804253));
#11797=CARTESIAN_POINT('Ctrl Pts',(1.79670050707421,3.56569353592667,3.23258881390965));
#11798=CARTESIAN_POINT('Ctrl Pts',(1.79555204499771,3.54933657064708,3.23373727643462));
#11799=CARTESIAN_POINT('Ctrl Pts',(1.79440358292121,3.53297960536748,3.23488573895959));
#11800=CARTESIAN_POINT('Ctrl Pts',(1.79382426769073,3.51653460625963,3.23546505419061));
#11801=CARTESIAN_POINT('Ctrl Pts',(1.79382426769073,3.5,3.23546505419061));
#11802=CARTESIAN_POINT('Origin',(2.5,4.,2.6));
#11803=CARTESIAN_POINT('Origin',(2.5,4.,2.6));
#11804=CARTESIAN_POINT('Ctrl Pts',(2.16549570574825,4.,2.90100976251134));
#11805=CARTESIAN_POINT('Ctrl Pts',(1.89462660575714,4.,2.6));
#11806=CARTESIAN_POINT('Ctrl Pts',(2.16549570574825,4.,2.29899023748865));
#11807=CARTESIAN_POINT('Ctrl Pts',(1.79382426769073,4.,3.23546505419061));
#11808=CARTESIAN_POINT('Ctrl Pts',(1.22198950104285,4.,2.6));
#11809=CARTESIAN_POINT('Ctrl Pts',(1.79382426769073,4.,1.96453494580939));
#11810=CARTESIAN_POINT('Ctrl Pts',(1.79382426769073,3.5,3.23546505419061));
#11811=CARTESIAN_POINT('Ctrl Pts',(1.22198950104285,3.5,2.6));
#11812=CARTESIAN_POINT('Ctrl Pts',(1.79382426769073,3.5,1.96453494580939));
#11813=CARTESIAN_POINT('Origin',(1.71450551880629E-16,-2.5,2.6));
#11814=CARTESIAN_POINT('',(3.20617573230926,-2.5,1.96453494580939));
#11815=CARTESIAN_POINT('',(2.57071067811865,-2.5,2.6));
#11816=CARTESIAN_POINT('',(3.20617573230926,-2.5,1.96453494580939));
#11817=CARTESIAN_POINT('',(3.20617573230926,-2.5,3.23546505419061));
#11818=CARTESIAN_POINT('Origin',(2.5,-2.5,2.6));
#11819=CARTESIAN_POINT('',(2.57071067811865,-2.5,2.6));
#11820=CARTESIAN_POINT('Origin',(3.20617573230926,4.,1.96453494580939));
#11821=CARTESIAN_POINT('',(2.85158310507615,4.,2.31912757304248));
#11822=CARTESIAN_POINT('',(2.57071067811865,4.,2.6));
#11823=CARTESIAN_POINT('',(3.20617573230926,4.,1.96453494580939));
#11824=CARTESIAN_POINT('',(3.20617573230928,3.5,1.96453494580941));
#11825=CARTESIAN_POINT('Ctrl Pts',(2.85158310507616,3.99999999999999,2.31912757304249));
#11826=CARTESIAN_POINT('Ctrl Pts',(2.86327331659699,3.99999999999999,2.30743736152166));
#11827=CARTESIAN_POINT('Ctrl Pts',(2.87486624864849,3.99919210913584,2.29584442878406));
#11828=CARTESIAN_POINT('Ctrl Pts',(2.8863649417238,3.9976016387578,2.28434573623353));
#11829=CARTESIAN_POINT('Ctrl Pts',(2.89786363479911,3.99601116837975,2.272847043683));
#11830=CARTESIAN_POINT('Ctrl Pts',(2.90926808570634,3.99363801248051,2.26144259380648));
#11831=CARTESIAN_POINT('Ctrl Pts',(2.9205786740609,3.99048538782862,2.25013200480493));
#11832=CARTESIAN_POINT('Ctrl Pts',(2.93188926241546,3.98733276317674,2.23882141580337));
#11833=CARTESIAN_POINT('Ctrl Pts',(2.94310600117258,3.98340075787671,2.22760467694606));
#11834=CARTESIAN_POINT('Ctrl Pts',(2.9542266339781,3.97867062299968,2.21648404414055));
#11835=CARTESIAN_POINT('Ctrl Pts',(2.95978695038086,3.97630555556116,2.21092372773779));
#11836=CARTESIAN_POINT('Ctrl Pts',(2.96532919243035,3.97373757590038,2.20538148568829));
#11837=CARTESIAN_POINT('Ctrl Pts',(2.97083409270061,3.97097153581744,2.19987658541803));
#11838=CARTESIAN_POINT('Ctrl Pts',(2.97633899297088,3.96820549573451,2.19437168514777));
#11839=CARTESIAN_POINT('Ctrl Pts',(2.9817728671351,3.96525881195342,2.18893782071701));
#11840=CARTESIAN_POINT('Ctrl Pts',(2.98713718264962,3.96213509907689,2.18357350208915));
#11841=CARTESIAN_POINT('Ctrl Pts',(2.99786581367866,3.95588767332382,2.17284486483344));
#11842=CARTESIAN_POINT('Ctrl Pts',(3.00831659812461,3.94893344723338,2.16239407997948));
#11843=CARTESIAN_POINT('Ctrl Pts',(3.01849475347797,3.9412856307486,2.15221592499833));
#11844=CARTESIAN_POINT('Ctrl Pts',(3.02867290883134,3.93363781426381,2.14203777001717));
#11845=CARTESIAN_POINT('Ctrl Pts',(3.03857842025416,3.92529638321645,2.13213225786449));
#11846=CARTESIAN_POINT('Ctrl Pts',(3.04820865866104,3.91625464674642,2.12250201945762));
#11847=CARTESIAN_POINT('Ctrl Pts',(3.05302377786447,3.9117337785114,2.11768690025419));
#11848=CARTESIAN_POINT('Ctrl Pts',(3.05776995808044,3.90703752733483,2.1129407200316));
#11849=CARTESIAN_POINT('Ctrl Pts',(3.06244611536268,3.90216313106686,2.10826456334452));
#11850=CARTESIAN_POINT('Ctrl Pts',(3.0647841940038,3.89972593293287,2.10592648500099));
#11851=CARTESIAN_POINT('Ctrl Pts',(3.06710475624084,3.89724417976657,2.1036059218778));
#11852=CARTESIAN_POINT('Ctrl Pts',(3.06940761924182,3.8947173936843,2.10130305887682));
#11853=CARTESIAN_POINT('Ctrl Pts',(3.0717104822428,3.89219060760204,2.09900019587584));
#11854=CARTESIAN_POINT('Ctrl Pts',(3.07399880107803,3.88961509439699,2.09671187704061));
#11855=CARTESIAN_POINT('Ctrl Pts',(3.07626022475,3.88700444347458,2.09445045336865));
#11856=CARTESIAN_POINT('Ctrl Pts',(3.08530591943784,3.87656183978498,2.0854047586808));
#11857=CARTESIAN_POINT('Ctrl Pts',(3.09391419901056,3.86557152606707,2.07679647479548));
#11858=CARTESIAN_POINT('Ctrl Pts',(3.10209917816498,3.85405118721772,2.06861149865178));
#11859=CARTESIAN_POINT('Ctrl Pts',(3.1102841573194,3.84253084836837,2.06042652250809));
#11860=CARTESIAN_POINT('Ctrl Pts',(3.11804576598562,3.83048038047569,2.05266491575814));
#11861=CARTESIAN_POINT('Ctrl Pts',(3.12538558271178,3.81790177611194,2.04532509723155));
#11862=CARTESIAN_POINT('Ctrl Pts',(3.13272539943793,3.80532317174819,2.03798527870496));
#11863=CARTESIAN_POINT('Ctrl Pts',(3.13964347276065,3.79221648466757,2.031067205358));
#11864=CARTESIAN_POINT('Ctrl Pts',(3.14612907483607,3.77856828083338,2.02458160328258));
#11865=CARTESIAN_POINT('Ctrl Pts',(3.14775047535493,3.77515622987483,2.02296020276373));
#11866=CARTESIAN_POINT('Ctrl Pts',(3.14934478349254,3.77171025540087,2.02136589462611));
#11867=CARTESIAN_POINT('Ctrl Pts',(3.15091170154504,3.76822998464388,2.01979897657361));
#11868=CARTESIAN_POINT('Ctrl Pts',(3.15247861959754,3.76474971388689,2.01823205852112));
#11869=CARTESIAN_POINT('Ctrl Pts',(3.15401938141557,3.76123200522438,2.01669129670307));
#11870=CARTESIAN_POINT('Ctrl Pts',(3.15552434096267,3.75769896537515,2.01518633715598));
#11871=CARTESIAN_POINT('Ctrl Pts',(3.15853426005685,3.75063288567667,2.0121764180618));
#11872=CARTESIAN_POINT('Ctrl Pts',(3.16140884245815,3.74348888460029,2.00930185228807));
#11873=CARTESIAN_POINT('Ctrl Pts',(3.16415068757602,3.73626839850227,2.00656000159826));
#11874=CARTESIAN_POINT('Ctrl Pts',(3.16963437781177,3.72182742630623,2.00107630021866));
#11875=CARTESIAN_POINT('Ctrl Pts',(3.17458804668354,3.70708121707171,1.99612263074353));
#11876=CARTESIAN_POINT('Ctrl Pts',(3.17902043801509,3.69203477461417,1.99169023975657));
#11877=CARTESIAN_POINT('Ctrl Pts',(3.18345282934663,3.67698833215662,1.98725784876961));
#11878=CARTESIAN_POINT('Ctrl Pts',(3.18736392996033,3.66164165427324,1.98334674815832));
#11879=CARTESIAN_POINT('Ctrl Pts',(3.19074732742406,3.64599104820678,1.97996335069459));
#11880=CARTESIAN_POINT('Ctrl Pts',(3.19243902615592,3.63816574517355,1.97827165196273));
#11881=CARTESIAN_POINT('Ctrl Pts',(3.19399856499246,3.63026432521835,1.97671211312619));
#11882=CARTESIAN_POINT('Ctrl Pts',(3.19542366571105,3.6222854762087,1.9752870124076));
#11883=CARTESIAN_POINT('Ctrl Pts',(3.19684876642964,3.61430662719904,1.97386191168901));
#11884=CARTESIAN_POINT('Ctrl Pts',(3.19814166518487,3.60623225237605,1.97256901293377));
#11885=CARTESIAN_POINT('Ctrl Pts',(3.19928839884364,3.59814232298386,1.971422279275));
#11886=CARTESIAN_POINT('Ctrl Pts',(3.20158186616119,3.58196246419949,1.96912881195745));
#11887=CARTESIAN_POINT('Ctrl Pts',(3.20329949292579,3.56569353592667,1.96741118609034));
#11888=CARTESIAN_POINT('Ctrl Pts',(3.20444795500229,3.54933657064707,1.96626272356537));
#11889=CARTESIAN_POINT('Ctrl Pts',(3.20559641707879,3.53297960536747,1.96511426104041));
#11890=CARTESIAN_POINT('Ctrl Pts',(3.20617573230927,3.51653460625963,1.96453494580938));
#11891=CARTESIAN_POINT('Ctrl Pts',(3.20617573230927,3.5,1.96453494580938));
#11892=CARTESIAN_POINT('',(3.20617573230926,4.,1.96453494580939));
#11893=CARTESIAN_POINT('',(2.57071067811865,4.,2.6));
#11894=CARTESIAN_POINT('Origin',(2.57071067811865,4.,2.6));
#11895=CARTESIAN_POINT('',(3.20617573230924,3.5,3.23546505419063));
#11896=CARTESIAN_POINT('',(3.20617573230926,4.,3.23546505419061));
#11897=CARTESIAN_POINT('',(2.85158310507621,4.,2.88087242695746));
#11898=CARTESIAN_POINT('Ctrl Pts',(3.20617573230926,3.50000000000002,3.23546505419061));
#11899=CARTESIAN_POINT('Ctrl Pts',(3.20617573230926,3.56165924274302,3.23546505419061));
#11900=CARTESIAN_POINT('Ctrl Pts',(3.19596217708247,3.63422678486607,3.22525149896382));
#11901=CARTESIAN_POINT('Ctrl Pts',(3.16256475052437,3.74818861374622,3.19185407240572));
#11902=CARTESIAN_POINT('Ctrl Pts',(3.1334599511592,3.80973660149794,3.16274927304055));
#11903=CARTESIAN_POINT('Ctrl Pts',(3.07168413860428,3.89703214746005,3.10097346048563));
#11904=CARTESIAN_POINT('Ctrl Pts',(3.0280624185377,3.93819201773055,3.05735174041905));
#11905=CARTESIAN_POINT('Ctrl Pts',(2.94712953532642,3.98554282797076,2.97641885720777));
#11906=CARTESIAN_POINT('Ctrl Pts',(2.89546863636359,4.,2.92475795824494));
#11907=CARTESIAN_POINT('Ctrl Pts',(2.85158310507615,4.,2.8808724269575));
#11908=CARTESIAN_POINT('',(2.57071067811865,4.,2.6));
#11909=CARTESIAN_POINT('Origin',(2.5,4.,2.6));
#11910=CARTESIAN_POINT('Origin',(2.5,3.5,2.6));
#11911=CARTESIAN_POINT('Origin',(2.5,4.,2.6));
#11912=CARTESIAN_POINT('Origin',(2.5,4.,2.6));
#11913=CARTESIAN_POINT('Ctrl Pts',(3.20617573230924,3.49999999999999,3.23546505419063));
#11914=CARTESIAN_POINT('Ctrl Pts',(3.77801049895715,3.50000000000001,2.59999999999999));
#11915=CARTESIAN_POINT('Ctrl Pts',(3.20617573230927,3.49999999999998,1.96453494580938));
#11916=CARTESIAN_POINT('Ctrl Pts',(3.20617573230924,4.00000000000001,3.23546505419064));
#11917=CARTESIAN_POINT('Ctrl Pts',(3.77801049895716,4.00000000000003,2.59999999999999));
#11918=CARTESIAN_POINT('Ctrl Pts',(3.20617573230927,4.00000000000001,1.96453494580936));
#11919=CARTESIAN_POINT('Ctrl Pts',(2.83450429425172,4.,2.90100976251136));
#11920=CARTESIAN_POINT('Ctrl Pts',(3.10537339424285,4.00000000000001,2.59999999999999));
#11921=CARTESIAN_POINT('Ctrl Pts',(2.83450429425173,3.99999999999999,2.29899023748863));
#11922=CARTESIAN_POINT('Origin',(1.71450551880629E-16,-2.5,2.6));
#11923=CARTESIAN_POINT('',(3.1354650541906,-2.5,1.89382426769074));
#11924=CARTESIAN_POINT('',(1.86453494580939,-2.5,1.89382426769074));
#11925=CARTESIAN_POINT('Origin',(2.5,-2.5,2.6));
#11926=CARTESIAN_POINT('',(2.49999999999999,-2.5,2.52928932188135));
#11927=CARTESIAN_POINT('',(3.1354650541906,-2.5,1.89382426769074));
#11928=CARTESIAN_POINT('',(1.86453494580939,-2.5,1.89382426769074));
#11929=CARTESIAN_POINT('Origin',(2.5,4.,2.6));
#11930=CARTESIAN_POINT('',(1.86453494580936,3.5,1.89382426769076));
#11931=CARTESIAN_POINT('',(1.86453494580939,4.,1.89382426769074));
#11932=CARTESIAN_POINT('',(3.13546505419064,3.5,1.89382426769077));
#11933=CARTESIAN_POINT('Origin',(2.5,3.5,2.6));
#11934=CARTESIAN_POINT('',(3.1354650541906,4.,1.89382426769074));
#11935=CARTESIAN_POINT('Origin',(1.86453494580939,4.,1.89382426769074));
#11936=CARTESIAN_POINT('',(2.2191275730425,4.,2.24841689492383));
#11937=CARTESIAN_POINT('',(2.49999999999999,4.,2.52928932188135));
#11938=CARTESIAN_POINT('',(1.86453494580939,4.,1.89382426769074));
#11939=CARTESIAN_POINT('Ctrl Pts',(2.21912757304248,4.,2.24841689492384));
#11940=CARTESIAN_POINT('Ctrl Pts',(2.20743736152165,4.,2.23672668340301));
#11941=CARTESIAN_POINT('Ctrl Pts',(2.19584442878405,3.99919210913584,2.22513375135151));
#11942=CARTESIAN_POINT('Ctrl Pts',(2.18434573623353,3.9976016387578,2.2136350582762));
#11943=CARTESIAN_POINT('Ctrl Pts',(2.172847043683,3.99601116837975,2.20213636520088));
#11944=CARTESIAN_POINT('Ctrl Pts',(2.16144259380648,3.9936380124805,2.19073191429365));
#11945=CARTESIAN_POINT('Ctrl Pts',(2.15013200480493,3.99048538782862,2.17942132593909));
#11946=CARTESIAN_POINT('Ctrl Pts',(2.13882141580337,3.98733276317673,2.16811073758453));
#11947=CARTESIAN_POINT('Ctrl Pts',(2.12760467694606,3.98340075787671,2.15689399882741));
#11948=CARTESIAN_POINT('Ctrl Pts',(2.11648404414055,3.97867062299967,2.1457733660219));
#11949=CARTESIAN_POINT('Ctrl Pts',(2.11092372773779,3.97630555556116,2.14021304961914));
#11950=CARTESIAN_POINT('Ctrl Pts',(2.10538148568829,3.97373757590038,2.13467080756964));
#11951=CARTESIAN_POINT('Ctrl Pts',(2.09987658541803,3.97097153581744,2.12916590729938));
#11952=CARTESIAN_POINT('Ctrl Pts',(2.09437168514776,3.9682054957345,2.12366100702911));
#11953=CARTESIAN_POINT('Ctrl Pts',(2.08893782069637,3.96525881194463,2.11822713284181));
#11954=CARTESIAN_POINT('Ctrl Pts',(2.08357350189775,3.96213509899125,2.11286281724122));
#11955=CARTESIAN_POINT('Ctrl Pts',(2.07284486430051,3.95588767308447,2.10213418604002));
#11956=CARTESIAN_POINT('Ctrl Pts',(2.06239407901773,3.94893344685437,2.09168340174));
#11957=CARTESIAN_POINT('Ctrl Pts',(2.05221592440635,3.94128563062103,2.0815052467169));
#11958=CARTESIAN_POINT('Ctrl Pts',(2.04203776979497,3.9336378143877,2.07132709169379));
#11959=CARTESIAN_POINT('Ctrl Pts',(2.03213225786448,3.92529638321644,2.06142157974584));
#11960=CARTESIAN_POINT('Ctrl Pts',(2.02250201945762,3.91625464674642,2.05179134133897));
#11961=CARTESIAN_POINT('Ctrl Pts',(2.01768690025419,3.9117337785114,2.04697622213554));
#11962=CARTESIAN_POINT('Ctrl Pts',(2.01294072003159,3.90703752733482,2.04223004191956));
#11963=CARTESIAN_POINT('Ctrl Pts',(2.00826456334452,3.90216313106685,2.03755388463732));
#11964=CARTESIAN_POINT('Ctrl Pts',(2.00592648500098,3.89972593293287,2.0352158059962));
#11965=CARTESIAN_POINT('Ctrl Pts',(2.0036059218778,3.89724417976656,2.03289524375915));
#11966=CARTESIAN_POINT('Ctrl Pts',(2.00130305887682,3.89471739368429,2.03059238075818));
#11967=CARTESIAN_POINT('Ctrl Pts',(1.99900019587584,3.89219060760203,2.0282895177572));
#11968=CARTESIAN_POINT('Ctrl Pts',(1.99671187704061,3.88961509439698,2.02600119892197));
#11969=CARTESIAN_POINT('Ctrl Pts',(1.99445045336865,3.88700444347458,2.02373977525001));
#11970=CARTESIAN_POINT('Ctrl Pts',(1.9854047586808,3.87656183978497,2.01469408056215));
#11971=CARTESIAN_POINT('Ctrl Pts',(1.97679647479548,3.86557152606707,2.00608580098943));
#11972=CARTESIAN_POINT('Ctrl Pts',(1.96861149865179,3.85405118721771,1.99790082183501));
#11973=CARTESIAN_POINT('Ctrl Pts',(1.96042652250809,3.84253084836836,1.98971584268059));
#11974=CARTESIAN_POINT('Ctrl Pts',(1.95266491575814,3.83048038047568,1.98195423401437));
#11975=CARTESIAN_POINT('Ctrl Pts',(1.94532509723155,3.81790177611193,1.97461441728822));
#11976=CARTESIAN_POINT('Ctrl Pts',(1.93798527870496,3.80532317174818,1.96727460056207));
#11977=CARTESIAN_POINT('Ctrl Pts',(1.931067205358,3.79221648466757,1.96035652723935));
#11978=CARTESIAN_POINT('Ctrl Pts',(1.92458160328259,3.77856828083338,1.95387092516395));
#11979=CARTESIAN_POINT('Ctrl Pts',(1.92296020276373,3.77515622987484,1.95224952464509));
#11980=CARTESIAN_POINT('Ctrl Pts',(1.92136589462611,3.77171025540087,1.95065521650746));
#11981=CARTESIAN_POINT('Ctrl Pts',(1.91979897657361,3.76822998464387,1.94908829845497));
#11982=CARTESIAN_POINT('Ctrl Pts',(1.91823205852111,3.76474971388688,1.94752138040247));
#11983=CARTESIAN_POINT('Ctrl Pts',(1.91669129670307,3.76123200522438,1.94598061858443));
#11984=CARTESIAN_POINT('Ctrl Pts',(1.91518633715598,3.75769896537514,1.94447565903734));
#11985=CARTESIAN_POINT('Ctrl Pts',(1.9121764180618,3.75063288567667,1.94146573994315));
#11986=CARTESIAN_POINT('Ctrl Pts',(1.90930185228807,3.74348888460029,1.93859115754185));
#11987=CARTESIAN_POINT('Ctrl Pts',(1.90656000159827,3.73626839850227,1.93584931242398));
#11988=CARTESIAN_POINT('Ctrl Pts',(1.90107630021866,3.72182742630623,1.93036562218824));
#11989=CARTESIAN_POINT('Ctrl Pts',(1.89612263074353,3.70708121707171,1.92541195331646));
#11990=CARTESIAN_POINT('Ctrl Pts',(1.89169023975657,3.69203477461416,1.92097956198492));
#11991=CARTESIAN_POINT('Ctrl Pts',(1.88725784876961,3.67698833215662,1.91654717065337));
#11992=CARTESIAN_POINT('Ctrl Pts',(1.88334674815832,3.66164165427323,1.91263607003967));
#11993=CARTESIAN_POINT('Ctrl Pts',(1.87996335069459,3.64599104820677,1.90925267257595));
#11994=CARTESIAN_POINT('Ctrl Pts',(1.87827165196273,3.63816574517355,1.90756097384408));
#11995=CARTESIAN_POINT('Ctrl Pts',(1.8767121131262,3.63026432521835,1.90600143500755));
#11996=CARTESIAN_POINT('Ctrl Pts',(1.87528701240761,3.62228547620869,1.90457633428896));
#11997=CARTESIAN_POINT('Ctrl Pts',(1.87386191168902,3.61430662719904,1.90315123357037));
#11998=CARTESIAN_POINT('Ctrl Pts',(1.87256901293378,3.60623225237605,1.90185833481513));
#11999=CARTESIAN_POINT('Ctrl Pts',(1.87142227927501,3.59814232298386,1.90071160115636));
#12000=CARTESIAN_POINT('Ctrl Pts',(1.86912881195746,3.58196246419949,1.89841813383882));
#12001=CARTESIAN_POINT('Ctrl Pts',(1.86741118609035,3.56569353592667,1.89670050707422));
#12002=CARTESIAN_POINT('Ctrl Pts',(1.86626272356538,3.54933657064707,1.89555204499772));
#12003=CARTESIAN_POINT('Ctrl Pts',(1.86511426104041,3.53297960536747,1.89440358292122));
#12004=CARTESIAN_POINT('Ctrl Pts',(1.86453494580938,3.51653460625963,1.89382426769074));
#12005=CARTESIAN_POINT('Ctrl Pts',(1.86453494580939,3.5,1.89382426769074));
#12006=CARTESIAN_POINT('',(2.49999999999999,4.,2.52928932188135));
#12007=CARTESIAN_POINT('Origin',(3.1354650541906,4.,1.89382426769074));
#12008=CARTESIAN_POINT('',(2.7808724269574,4.,2.24841689492375));
#12009=CARTESIAN_POINT('Ctrl Pts',(3.1354650541906,3.50000000000004,1.89382426769074));
#12010=CARTESIAN_POINT('Ctrl Pts',(3.1354650541906,3.56170502948844,1.89382426769074));
#12011=CARTESIAN_POINT('Ctrl Pts',(3.12523650633744,3.6343243724628,1.9040528155439));
#12012=CARTESIAN_POINT('Ctrl Pts',(3.0917910033458,3.7483572545095,1.93749831853554));
#12013=CARTESIAN_POINT('Ctrl Pts',(3.06264570836729,3.80993318038726,1.96664361351405));
#12014=CARTESIAN_POINT('Ctrl Pts',(3.00083421760431,3.89717843972666,2.02845510427703));
#12015=CARTESIAN_POINT('Ctrl Pts',(2.95723219696494,3.93828119999058,2.0720571249164));
#12016=CARTESIAN_POINT('Ctrl Pts',(2.87634957325734,3.98556399458814,2.152939748624));
#12017=CARTESIAN_POINT('Ctrl Pts',(2.82472546324822,4.,2.20456385863312));
#12018=CARTESIAN_POINT('Ctrl Pts',(2.78087242695748,4.,2.24841689492386));
#12019=CARTESIAN_POINT('',(3.1354650541906,4.,1.89382426769074));
#12020=CARTESIAN_POINT('Origin',(2.5,4.,2.6));
#12021=CARTESIAN_POINT('Origin',(2.5,4.,2.6));
#12022=CARTESIAN_POINT('Ctrl Pts',(3.13546505419064,3.49999999999998,1.89382426769077));
#12023=CARTESIAN_POINT('Ctrl Pts',(2.5,3.50000000000003,1.32198950104278));
#12024=CARTESIAN_POINT('Ctrl Pts',(1.86453494580936,3.49999999999997,1.89382426769076));
#12025=CARTESIAN_POINT('Ctrl Pts',(3.13546505419067,4.00000000000001,1.89382426769078));
#12026=CARTESIAN_POINT('Ctrl Pts',(2.5,4.00000000000006,1.32198950104275));
#12027=CARTESIAN_POINT('Ctrl Pts',(1.86453494580932,4.,1.89382426769077));
#12028=CARTESIAN_POINT('Ctrl Pts',(2.80100976251136,4.,2.26549570574828));
#12029=CARTESIAN_POINT('Ctrl Pts',(2.5,4.00000000000002,1.99462660575712));
#12030=CARTESIAN_POINT('Ctrl Pts',(2.19899023748863,3.99999999999999,2.26549570574828));
#12031=CARTESIAN_POINT('',(0.,0.,0.));
#12032=CARTESIAN_POINT('',(0.,0.,0.));
#12033=CARTESIAN_POINT('',(0.,0.,0.));
#12034=UNCERTAINTY_MEASURE_WITH_UNIT(LENGTH_MEASURE(0.01),#12044,
'DISTANCE_ACCURACY_VALUE',
'Maximum model space distance between geometric entities at asserted c
onnectivities');
#12035=UNCERTAINTY_MEASURE_WITH_UNIT(LENGTH_MEASURE(0.01),#12044,
'DISTANCE_ACCURACY_VALUE',
'Maximum model space distance between geometric entities at asserted c
onnectivities');
#12036=UNCERTAINTY_MEASURE_WITH_UNIT(LENGTH_MEASURE(0.01),#12044,
'DISTANCE_ACCURACY_VALUE',
'Maximum model space distance between geometric entities at asserted c
onnectivities');
#12037=UNCERTAINTY_MEASURE_WITH_UNIT(LENGTH_MEASURE(0.01),#12044,
'DISTANCE_ACCURACY_VALUE',
'Maximum model space distance between geometric entities at asserted c
onnectivities');
#12038=UNCERTAINTY_MEASURE_WITH_UNIT(LENGTH_MEASURE(0.01),#12044,
'DISTANCE_ACCURACY_VALUE',
'Maximum model space distance between geometric entities at asserted c
onnectivities');
#12039=(
GEOMETRIC_REPRESENTATION_CONTEXT(3)
GLOBAL_UNCERTAINTY_ASSIGNED_CONTEXT((#12034))
GLOBAL_UNIT_ASSIGNED_CONTEXT((#12044,#12046,#12047))
REPRESENTATION_CONTEXT('','3D')
);
#12040=(
GEOMETRIC_REPRESENTATION_CONTEXT(3)
GLOBAL_UNCERTAINTY_ASSIGNED_CONTEXT((#12035))
GLOBAL_UNIT_ASSIGNED_CONTEXT((#12044,#12046,#12047))
REPRESENTATION_CONTEXT('','3D')
);
#12041=(
GEOMETRIC_REPRESENTATION_CONTEXT(3)
GLOBAL_UNCERTAINTY_ASSIGNED_CONTEXT((#12036))
GLOBAL_UNIT_ASSIGNED_CONTEXT((#12044,#12046,#12047))
REPRESENTATION_CONTEXT('','3D')
);
#12042=(
GEOMETRIC_REPRESENTATION_CONTEXT(3)
GLOBAL_UNCERTAINTY_ASSIGNED_CONTEXT((#12037))
GLOBAL_UNIT_ASSIGNED_CONTEXT((#12044,#12046,#12047))
REPRESENTATION_CONTEXT('','3D')
);
#12043=(
GEOMETRIC_REPRESENTATION_CONTEXT(3)
GLOBAL_UNCERTAINTY_ASSIGNED_CONTEXT((#12038))
GLOBAL_UNIT_ASSIGNED_CONTEXT((#12044,#12046,#12047))
REPRESENTATION_CONTEXT('','3D')
);
#12044=(
LENGTH_UNIT()
NAMED_UNIT(*)
SI_UNIT(.MILLI.,.METRE.)
);
#12045=(
LENGTH_UNIT()
NAMED_UNIT(*)
SI_UNIT(.CENTI.,.METRE.)
);
#12046=(
NAMED_UNIT(*)
PLANE_ANGLE_UNIT()
SI_UNIT($,.RADIAN.)
);
#12047=(
NAMED_UNIT(*)
SI_UNIT($,.STERADIAN.)
SOLID_ANGLE_UNIT()
);
#12048=SHAPE_DEFINITION_REPRESENTATION(#12052,#12059);
#12049=SHAPE_DEFINITION_REPRESENTATION(#12053,#12060);
#12050=SHAPE_DEFINITION_REPRESENTATION(#12054,#12061);
#12051=SHAPE_DEFINITION_REPRESENTATION(#12055,#12062);
#12052=PRODUCT_DEFINITION_SHAPE('',$,#12064);
#12053=PRODUCT_DEFINITION_SHAPE('',$,#12065);
#12054=PRODUCT_DEFINITION_SHAPE('',$,#12066);
#12055=PRODUCT_DEFINITION_SHAPE('',$,#12067);
#12056=PRODUCT_DEFINITION_SHAPE($,$,#20);
#12057=PRODUCT_DEFINITION_SHAPE($,$,#21);
#12058=PRODUCT_DEFINITION_SHAPE($,$,#22);
#12059=SHAPE_REPRESENTATION('',(#6008,#6457,#6458,#6459),#12039);
#12060=SHAPE_REPRESENTATION('',(#6009),#12040);
#12061=SHAPE_REPRESENTATION('',(#6299),#12041);
#12062=SHAPE_REPRESENTATION('',(#6321),#12042);
#12063=PRODUCT_DEFINITION_CONTEXT('part definition',#12077,'design');
#12064=PRODUCT_DEFINITION('XT30PW-M','XT30PW-M',#12068,#12063);
#12065=PRODUCT_DEFINITION('Package','Package',#12069,#12063);
#12066=PRODUCT_DEFINITION('MNT','MNT',#12070,#12063);
#12067=PRODUCT_DEFINITION('Teminals','Teminals',#12071,#12063);
#12068=PRODUCT_DEFINITION_FORMATION('',$,#12079);
#12069=PRODUCT_DEFINITION_FORMATION('',$,#12080);
#12070=PRODUCT_DEFINITION_FORMATION('',$,#12081);
#12071=PRODUCT_DEFINITION_FORMATION('',$,#12082);
#12072=PRODUCT_RELATED_PRODUCT_CATEGORY('XT30PW-M','XT30PW-M',(#12079));
#12073=PRODUCT_RELATED_PRODUCT_CATEGORY('Package','Package',(#12080));
#12074=PRODUCT_RELATED_PRODUCT_CATEGORY('MNT','MNT',(#12081));
#12075=PRODUCT_RELATED_PRODUCT_CATEGORY('Teminals','Teminals',(#12082));
#12076=APPLICATION_PROTOCOL_DEFINITION('international standard',
'automotive_design',2009,#12077);
#12077=APPLICATION_CONTEXT(
'Core Data for Automotive Mechanical Design Process');
#12078=PRODUCT_CONTEXT('part definition',#12077,'mechanical');
#12079=PRODUCT('XT30PW-M','XT30PW-M',$,(#12078));
#12080=PRODUCT('Package','Package',$,(#12078));
#12081=PRODUCT('MNT','MNT',$,(#12078));
#12082=PRODUCT('Teminals','Teminals',$,(#12078));
ENDSEC;
END-ISO-10303-21;
